  0
SECTION
  2
HEADER
  9
$ACADVER
  1
AC1024
  9
$ACADMAINTVER
 70
   226
  9
$DWGCODEPAGE
  3
ANSI_949
  9
$LASTSAVEDBY
  1
junkibeom
  9
$INSBASE
 10
0.0
 20
0.0
 30
0.0
  9
$EXTMIN
 10
9.446897809655904
 20
9.727153759862737
 30
0.0
  9
$EXTMAX
 10
296.8468978096557
 20
116.4421202964572
 30
0.0
  9
$LIMMIN
 10
0.0
 20
0.0
  9
$LIMMAX
 10
12.0
 20
9.0
  9
$ORTHOMODE
 70
     0
  9
$REGENMODE
 70
     1
  9
$FILLMODE
 70
     1
  9
$QTEXTMODE
 70
     0
  9
$MIRRTEXT
 70
     0
  9
$LTSCALE
 40
1.0
  9
$ATTMODE
 70
     1
  9
$TEXTSIZE
 40
0.2
  9
$TRACEWID
 40
0.05
  9
$TEXTSTYLE
  7
STANDARD
  9
$CLAYER
  8
0
  9
$CELTYPE
  6
Continuous
  9
$CECOLOR
 62
   256
  9
$CELTSCALE
 40
1.0
  9
$DISPSILH
 70
     0
  9
$DIMSCALE
 40
1.0
  9
$DIMASZ
 40
0.18
  9
$DIMEXO
 40
0.0625
  9
$DIMDLI
 40
0.38
  9
$DIMRND
 40
0.0
  9
$DIMDLE
 40
0.0
  9
$DIMEXE
 40
0.18
  9
$DIMTP
 40
0.0
  9
$DIMTM
 40
0.0
  9
$DIMTXT
 40
0.18
  9
$DIMCEN
 40
0.09
  9
$DIMTSZ
 40
0.0
  9
$DIMTOL
 70
     0
  9
$DIMLIM
 70
     0
  9
$DIMTIH
 70
     1
  9
$DIMTOH
 70
     1
  9
$DIMSE1
 70
     0
  9
$DIMSE2
 70
     0
  9
$DIMTAD
 70
     0
  9
$DIMZIN
 70
     0
  9
$DIMBLK
  1

  9
$DIMASO
 70
     1
  9
$DIMSHO
 70
     1
  9
$DIMPOST
  1

  9
$DIMAPOST
  1

  9
$DIMALT
 70
     0
  9
$DIMALTD
 70
     2
  9
$DIMALTF
 40
25.4
  9
$DIMLFAC
 40
1.0
  9
$DIMTOFL
 70
     0
  9
$DIMTVP
 40
0.0
  9
$DIMTIX
 70
     0
  9
$DIMSOXD
 70
     0
  9
$DIMSAH
 70
     0
  9
$DIMBLK1
  1

  9
$DIMBLK2
  1

  9
$DIMSTYLE
  2
Standard
  9
$DIMCLRD
 70
     0
  9
$DIMCLRE
 70
     0
  9
$DIMCLRT
 70
     0
  9
$DIMTFAC
 40
1.0
  9
$DIMGAP
 40
0.09
  9
$DIMJUST
 70
     0
  9
$DIMSD1
 70
     0
  9
$DIMSD2
 70
     0
  9
$DIMTOLJ
 70
     1
  9
$DIMTZIN
 70
     0
  9
$DIMALTZ
 70
     0
  9
$DIMALTTZ
 70
     0
  9
$DIMUPT
 70
     0
  9
$DIMDEC
 70
     4
  9
$DIMTDEC
 70
     4
  9
$DIMALTU
 70
     2
  9
$DIMALTTD
 70
     2
  9
$DIMTXSTY
  7
STANDARD
  9
$DIMAUNIT
 70
     0
  9
$DIMADEC
 70
     0
  9
$DIMALTRND
 40
0.0
  9
$DIMAZIN
 70
     0
  9
$DIMDSEP
 70
    46
  9
$DIMATFIT
 70
     3
  9
$DIMFRAC
 70
     0
  9
$DIMLDRBLK
  1

  9
$DIMLUNIT
 70
     2
  9
$DIMLWD
 70
    -2
  9
$DIMLWE
 70
    -2
  9
$DIMTMOVE
 70
     0
  9
$DIMFXL
 40
1.0
  9
$DIMFXLON
 70
     0
  9
$DIMJOGANG
 40
0.7853981633974483
  9
$DIMTFILL
 70
     0
  9
$DIMTFILLCLR
 70
     0
  9
$DIMARCSYM
 70
     0
  9
$DIMLTYPE
  6

  9
$DIMLTEX1
  6

  9
$DIMLTEX2
  6

  9
$DIMTXTDIRECTION
 70
     0
  9
$LUNITS
 70
     2
  9
$LUPREC
 70
     4
  9
$SKETCHINC
 40
0.1
  9
$FILLETRAD
 40
0.0
  9
$AUNITS
 70
     0
  9
$AUPREC
 70
     0
  9
$MENU
  1
.
  9
$ELEVATION
 40
0.0
  9
$PELEVATION
 40
0.0
  9
$THICKNESS
 40
0.0
  9
$LIMCHECK
 70
     0
  9
$CHAMFERA
 40
0.0
  9
$CHAMFERB
 40
0.0
  9
$CHAMFERC
 40
0.0
  9
$CHAMFERD
 40
0.0
  9
$SKPOLY
 70
     0
  9
$TDCREATE
 40
2461248.985775463
  9
$TDUCREATE
 40
2461248.610775463
  9
$TDUPDATE
 40
2461248.993888889
  9
$TDUUPDATE
 40
2461248.618888889
  9
$TDINDWG
 40
0.0081134259
  9
$TDUSRTIMER
 40
0.0081134259
  9
$USRTIMER
 70
     1
  9
$ANGBASE
 50
0.0
  9
$ANGDIR
 70
     0
  9
$PDMODE
 70
     0
  9
$PDSIZE
 40
0.0
  9
$PLINEWID
 40
0.0
  9
$SPLFRAME
 70
     0
  9
$SPLINETYPE
 70
     6
  9
$SPLINESEGS
 70
     8
  9
$HANDSEED
  5
101F4
  9
$SURFTAB1
 70
     6
  9
$SURFTAB2
 70
     6
  9
$SURFTYPE
 70
     6
  9
$SURFU
 70
     6
  9
$SURFV
 70
     6
  9
$UCSBASE
  2

  9
$UCSNAME
  2

  9
$UCSORG
 10
0.0
 20
0.0
 30
0.0
  9
$UCSXDIR
 10
1.0
 20
0.0
 30
0.0
  9
$UCSYDIR
 10
0.0
 20
1.0
 30
0.0
  9
$UCSORTHOREF
  2

  9
$UCSORTHOVIEW
 70
     0
  9
$UCSORGTOP
 10
0.0
 20
0.0
 30
0.0
  9
$UCSORGBOTTOM
 10
0.0
 20
0.0
 30
0.0
  9
$UCSORGLEFT
 10
0.0
 20
0.0
 30
0.0
  9
$UCSORGRIGHT
 10
0.0
 20
0.0
 30
0.0
  9
$UCSORGFRONT
 10
0.0
 20
0.0
 30
0.0
  9
$UCSORGBACK
 10
0.0
 20
0.0
 30
0.0
  9
$PUCSBASE
  2

  9
$PUCSNAME
  2

  9
$PUCSORG
 10
0.0
 20
0.0
 30
0.0
  9
$PUCSXDIR
 10
1.0
 20
0.0
 30
0.0
  9
$PUCSYDIR
 10
0.0
 20
1.0
 30
0.0
  9
$PUCSORTHOREF
  2

  9
$PUCSORTHOVIEW
 70
     0
  9
$PUCSORGTOP
 10
0.0
 20
0.0
 30
0.0
  9
$PUCSORGBOTTOM
 10
0.0
 20
0.0
 30
0.0
  9
$PUCSORGLEFT
 10
0.0
 20
0.0
 30
0.0
  9
$PUCSORGRIGHT
 10
0.0
 20
0.0
 30
0.0
  9
$PUCSORGFRONT
 10
0.0
 20
0.0
 30
0.0
  9
$PUCSORGBACK
 10
0.0
 20
0.0
 30
0.0
  9
$USERI1
 70
     0
  9
$USERI2
 70
     0
  9
$USERI3
 70
     0
  9
$USERI4
 70
     0
  9
$USERI5
 70
     0
  9
$USERR1
 40
0.0
  9
$USERR2
 40
0.0
  9
$USERR3
 40
0.0
  9
$USERR4
 40
0.0
  9
$USERR5
 40
0.0
  9
$WORLDVIEW
 70
     1
  9
$SHADEDGE
 70
     3
  9
$SHADEDIF
 70
    70
  9
$TILEMODE
 70
     1
  9
$MAXACTVP
 70
    64
  9
$PINSBASE
 10
0.0
 20
0.0
 30
0.0
  9
$PLIMCHECK
 70
     0
  9
$PEXTMIN
 10
1.000000000000000E+20
 20
1.000000000000000E+20
 30
1.000000000000000E+20
  9
$PEXTMAX
 10
-1.000000000000000E+20
 20
-1.000000000000000E+20
 30
-1.000000000000000E+20
  9
$PLIMMIN
 10
0.0
 20
0.0
  9
$PLIMMAX
 10
12.0
 20
9.0
  9
$UNITMODE
 70
     0
  9
$VISRETAIN
 70
     1
  9
$PLINEGEN
 70
     0
  9
$PSLTSCALE
 70
     1
  9
$TREEDEPTH
 70
  3020
  9
$CMLSTYLE
  2
Standard
  9
$CMLJUST
 70
     0
  9
$CMLSCALE
 40
1.0
  9
$PROXYGRAPHICS
 70
     1
  9
$MEASUREMENT
 70
     0
  9
$CELWEIGHT
370
    -1
  9
$ENDCAPS
280
     0
  9
$JOINSTYLE
280
     0
  9
$LWDISPLAY
290
     0
  9
$INSUNITS
 70
     4
  9
$HYPERLINKBASE
  1

  9
$STYLESHEET
  1

  9
$XEDIT
290
     1
  9
$CEPSNTYPE
380
     0
  9
$PSTYLEMODE
290
     1
  9
$FINGERPRINTGUID
  2
{18B4F17A-51D5-E840-B75E-19B799AEDB6D}
  9
$VERSIONGUID
  2
{9A86A7FC-78F9-2D41-89BB-30C76A88326D}
  9
$EXTNAMES
290
     1
  9
$PSVPSCALE
 40
0.0
  9
$OLESTARTUP
290
     0
  9
$SORTENTS
280
   127
  9
$INDEXCTL
280
     0
  9
$HIDETEXT
280
     0
  9
$XCLIPFRAME
280
     2
  9
$HALOGAP
280
     0
  9
$OBSCOLOR
 70
   257
  9
$OBSLTYPE
280
     0
  9
$INTERSECTIONDISPLAY
280
     0
  9
$INTERSECTIONCOLOR
 70
   257
  9
$DIMASSOC
280
     1
  9
$PROJECTNAME
  1

  9
$CAMERADISPLAY
290
     0
  9
$LENSLENGTH
 40
50.0
  9
$CAMERAHEIGHT
 40
0.0
  9
$STEPSPERSEC
 40
2.0
  9
$STEPSIZE
 40
6.0
  9
$3DDWFPREC
 40
2.0
  9
$PSOLWIDTH
 40
0.25
  9
$PSOLHEIGHT
 40
4.0
  9
$LOFTANG1
 40
1.570796326794896
  9
$LOFTANG2
 40
1.570796326794896
  9
$LOFTMAG1
 40
0.0
  9
$LOFTMAG2
 40
0.0
  9
$LOFTPARAM
 70
     7
  9
$LOFTNORMALS
280
     1
  9
$LATITUDE
 40
37.795
  9
$LONGITUDE
 40
-122.394
  9
$NORTHDIRECTION
 40
0.0
  9
$TIMEZONE
 70
 -8000
  9
$LIGHTGLYPHDISPLAY
280
     1
  9
$TILEMODELIGHTSYNCH
280
     1
  9
$CMATERIAL
347
10005
  9
$SOLIDHIST
280
     0
  9
$SHOWHIST
280
     1
  9
$DWFFRAME
280
     2
  9
$DGNFRAME
280
     0
  9
$REALWORLDSCALE
290
     1
  9
$INTERFERECOLOR
 62
     1
  9
$INTERFEREOBJVS
345
10027
  9
$INTERFEREVPVS
346
10024
  9
$CSHADOW
280
     0
  9
$SHADOWPLANELOCATION
 40
0.0
  0
ENDSEC
  0
SECTION
  2
CLASSES
  0
CLASS
  1
ACDBDICTIONARYWDFLT
  2
AcDbDictionaryWithDefault
  3
ObjectDBX Classes
 90
        0
 91
        1
280
     0
281
     0
  0
CLASS
  1
MATERIAL
  2
AcDbMaterial
  3
ObjectDBX Classes
 90
     1153
 91
        3
280
     0
281
     0
  0
CLASS
  1
VISUALSTYLE
  2
AcDbVisualStyle
  3
ObjectDBX Classes
 90
     4095
 91
       24
280
     0
281
     0
  0
CLASS
  1
TABLESTYLE
  2
AcDbTableStyle
  3
ObjectDBX Classes
 90
     4095
 91
        1
280
     0
281
     0
  0
CLASS
  1
SCALE
  2
AcDbScale
  3
ObjectDBX Classes
 90
     1153
 91
       17
280
     0
281
     0
  0
CLASS
  1
MLEADERSTYLE
  2
AcDbMLeaderStyle
  3
ACDB_MLEADERSTYLE_CLASS
 90
     4095
 91
        1
280
     0
281
     0
  0
CLASS
  1
ACDBSECTIONVIEWSTYLE
  2
AcDbSectionViewStyle
  3
ObjectDBX Classes
 90
     1025
 91
        1
280
     0
281
     0
  0
CLASS
  1
ACDBDETAILVIEWSTYLE
  2
AcDbDetailViewStyle
  3
ObjectDBX Classes
 90
     1025
 91
        1
280
     0
281
     0
  0
CLASS
  1
SOLID_BACKGROUND
  2
AcDbSolidBackground
  3
SCENEOE
 90
     4095
 91
        1
280
     0
281
     0
  0
CLASS
  1
NPOCOLLECTION
  2
AcDbImpNonPersistentObjectsCollection
  3
ObjectDBX Classes
 90
     1153
 91
        1
280
     0
281
     0
  0
CLASS
  1
DICTIONARYVAR
  2
AcDbDictionaryVar
  3
ObjectDBX Classes
 90
        0
 91
        9
280
     0
281
     0
  0
CLASS
  1
CELLSTYLEMAP
  2
AcDbCellStyleMap
  3
ObjectDBX Classes
 90
     1152
 91
        4
280
     0
281
     0
  0
ENDSEC
  0
SECTION
  2
TABLES
  0
TABLE
  2
VPORT
  5
8
330
0
100
AcDbSymbolTable
 70
     1
  0
VPORT
  5
10059
330
8
100
AcDbSymbolTableRecord
100
AcDbViewportTableRecord
  2
*Active
 70
     0
 10
0.0
 20
0.0
 11
1.0
 21
1.0
 12
0.0
 22
0.0
 13
0.0
 23
0.0
 14
1.0
 24
1.0
 15
0.0
 25
0.0
 16
-0.0000000000001421
 26
0.0
 36
653.0924182975775
 17
153.1468954086304
 27
63.08463859558106
 37
0.0
 40
306.5727357940433
 41
1.42328618063112
 42
50.0
 43
0.0
 44
0.0
 50
0.0
 51
0.0
 71
     0
 72
  1000
 73
     1
 74
     3
 75
     0
 76
     0
 77
     0
 78
     0
281
     0
 65
     1
110
0.0
120
0.0
130
0.0
111
1.0
121
0.0
131
0.0
112
0.0
122
1.0
132
0.0
 79
     0
146
0.0
348
10023
 60
     3
 61
     5
292
     1
282
     1
141
0.0
142
0.0
 63
   250
421
  3355443
1001
ACAD_NAV_VCDISPLAY
1070
     3
  0
ENDTAB
  0
TABLE
  2
LTYPE
  5
5
330
0
100
AcDbSymbolTable
 70
     3
  0
LTYPE
  5
14
330
5
100
AcDbSymbolTableRecord
100
AcDbLinetypeTableRecord
  2
BYBLOCK
 70
     0
  3

 72
    65
 73
     0
 40
0.0
  0
LTYPE
  5
15
330
5
100
AcDbSymbolTableRecord
100
AcDbLinetypeTableRecord
  2
BYLAYER
 70
     0
  3

 72
    65
 73
     0
 40
0.0
  0
LTYPE
  5
10001
330
5
100
AcDbSymbolTableRecord
100
AcDbLinetypeTableRecord
  2
Continuous
 70
     0
  3
Solid line
 72
    65
 73
     0
 40
0.0
  0
LTYPE
  5
16
330
5
100
AcDbSymbolTableRecord
100
AcDbLinetypeTableRecord
  2
DASHED
 70
     0
  3
Dashed __ __ __ __ __ __ __ __ __ __ __ __ __ _
 72
    65
 73
     2
 40
0.75
 49
0.5
 74
     0
 49
-0.25
 74
     0
  0
LTYPE
  5
10141
330
5
100
AcDbSymbolTableRecord
100
AcDbLinetypeTableRecord
  2
CENTER2
 70
     0
  3
Center (.5x) ___ _ ___ _ ___ _ ___ _ ___ _ ___
 72
    65
 73
     4
 40
28.575
 49
19.05
 74
     0
 49
-3.174999999999999
 74
     0
 49
3.174999999999999
 74
     0
 49
-3.174999999999999
 74
     0
  0
ENDTAB
  0
TABLE
  2
LAYER
  5
2
102
{ACAD_XDICTIONARY
360
10064
102
}
330
0
100
AcDbSymbolTable
 70
     3
  0
LAYER
  5
50
102
{ACAD_XDICTIONARY
360
1005F
102
}
330
2
100
AcDbSymbolTableRecord
100
AcDbLayerTableRecord
  2
0
 70
     0
 62
     7
  6
Continuous
370
    -3
390
10003
347
10015
  0
LAYER
  5
10142
330
2
100
AcDbSymbolTableRecord
100
AcDbLayerTableRecord
  2
Visible
 70
     0
 62
     7
  6
Continuous
370
    50
390
10003
347
10015
  0
LAYER
  5
10143
330
2
100
AcDbSymbolTableRecord
100
AcDbLayerTableRecord
  2
Smart Centers
 70
     0
 62
     7
  6
CENTER2
370
    25
390
10003
347
10015
  0
ENDTAB
  0
TABLE
  2
STYLE
  5
3
330
0
100
AcDbSymbolTable
 70
     1
  0
STYLE
  5
11
330
3
100
AcDbSymbolTableRecord
100
AcDbTextStyleTableRecord
  2
STANDARD
 70
     0
 40
0.0
 41
1.0
 50
0.0
 71
     0
 42
0.2
  3

  4

  0
ENDTAB
  0
TABLE
  2
VIEW
  5
6
330
0
100
AcDbSymbolTable
 70
     4
  0
ENDTAB
  0
TABLE
  2
UCS
  5
7
330
0
100
AcDbSymbolTable
 70
     0
  0
ENDTAB
  0
TABLE
  2
APPID
  5
9
330
0
100
AcDbSymbolTable
 70
     2
  0
APPID
  5
12
330
9
100
AcDbSymbolTableRecord
100
AcDbRegAppTableRecord
  2
ACAD
 70
     0
  0
APPID
  5
10058
330
9
100
AcDbSymbolTableRecord
100
AcDbRegAppTableRecord
  2
ACAD_NAV_VCDISPLAY
 70
     0
  0
ENDTAB
  0
TABLE
  2
DIMSTYLE
  5
A
330
0
100
AcDbSymbolTable
 70
     1
100
AcDbDimStyleTable
 71
     0
  0
DIMSTYLE
105
10053
330
A
100
AcDbSymbolTableRecord
100
AcDbDimStyleTableRecord
  2
Standard
 70
     0
340
11
  0
ENDTAB
  0
TABLE
  2
BLOCK_RECORD
  5
1
330
0
100
AcDbSymbolTable
 70
     9
  0
BLOCK_RECORD
  5
1F
330
1
100
AcDbSymbolTableRecord
100
AcDbBlockTableRecord
  2
*MODEL_SPACE
340
10055
 70
     0
280
     1
281
     0
  0
BLOCK_RECORD
  5
1B
330
1
100
AcDbSymbolTableRecord
100
AcDbBlockTableRecord
  2
*PAPER_SPACE
340
10056
 70
     0
280
     1
281
     0
  0
BLOCK_RECORD
  5
100F9
330
1
100
AcDbSymbolTableRecord
100
AcDbBlockTableRecord
  2
*U0
340
0
102
{BLKREFS
331
10158
102
}
 70
     0
280
     1
281
     0
  0
BLOCK_RECORD
  5
10102
330
1
100
AcDbSymbolTableRecord
100
AcDbBlockTableRecord
  2
*U1
340
0
102
{BLKREFS
331
1015A
102
}
 70
     0
280
     1
281
     0
  0
BLOCK_RECORD
  5
1010B
330
1
100
AcDbSymbolTableRecord
100
AcDbBlockTableRecord
  2
*U2
340
0
102
{BLKREFS
331
1015C
102
}
 70
     0
280
     1
281
     0
  0
BLOCK_RECORD
  5
10114
330
1
100
AcDbSymbolTableRecord
100
AcDbBlockTableRecord
  2
*U3
340
0
102
{BLKREFS
331
1015E
102
}
 70
     0
280
     1
281
     0
  0
BLOCK_RECORD
  5
1011D
330
1
100
AcDbSymbolTableRecord
100
AcDbBlockTableRecord
  2
*U4
340
0
102
{BLKREFS
331
10160
102
}
 70
     0
280
     1
281
     0
  0
BLOCK_RECORD
  5
10126
330
1
100
AcDbSymbolTableRecord
100
AcDbBlockTableRecord
  2
*U5
340
0
102
{BLKREFS
331
10162
102
}
 70
     0
280
     1
281
     0
  0
BLOCK_RECORD
  5
1012F
330
1
100
AcDbSymbolTableRecord
100
AcDbBlockTableRecord
  2
*U6
340
0
102
{BLKREFS
331
10164
102
}
 70
     0
280
     1
281
     0
  0
BLOCK_RECORD
  5
10138
330
1
100
AcDbSymbolTableRecord
100
AcDbBlockTableRecord
  2
*U7
340
0
102
{BLKREFS
331
10166
102
}
 70
     0
280
     1
281
     0
  0
ENDTAB
  0
ENDSEC
  0
SECTION
  2
BLOCKS
  0
BLOCK
  5
20
330
1F
100
AcDbEntity
  8
0
100
AcDbBlockBegin
  2
*MODEL_SPACE
 70
     0
 10
0.0
 20
0.0
 30
0.0
  3
*MODEL_SPACE
  1

  0
ENDBLK
  5
21
330
1F
100
AcDbEntity
  8
0
100
AcDbBlockEnd
  0
BLOCK
  5
1C
330
1B
100
AcDbEntity
 67
     1
  8
0
100
AcDbBlockBegin
  2
*PAPER_SPACE
 70
     0
 10
0.0
 20
0.0
 30
0.0
  3
*PAPER_SPACE
  1

  0
ENDBLK
  5
1D
330
1B
100
AcDbEntity
 67
     1
  8
0
100
AcDbBlockEnd
  0
BLOCK
  5
100FA
330
100F9
100
AcDbEntity
  8
0
100
AcDbBlockBegin
  2
*U0
 70
     1
 10
0.0
 20
0.0
 30
0.0
  3
*U0
  1

  0
LINE
  5
100FB
330
100F9
100
AcDbEntity
  8
Smart Centers
  6
Continuous
 62
     0
440
 16777216
 48
0.75
100
AcDbLine
 10
-0.89296875
 20
0.0
 30
0.0
 11
0.89296875
 21
0.0
 31
0.0
  0
LINE
  5
100FC
330
100F9
100
AcDbEntity
  8
Smart Centers
  6
Continuous
 62
     0
440
 16777216
 48
0.75
100
AcDbLine
 10
0.0
 20
-0.89296875
 30
0.0
 11
0.0
 21
0.89296875
 31
0.0
  0
LINE
  5
100FD
330
100F9
100
AcDbEntity
  8
Smart Centers
 62
     0
440
 16777216
 48
0.75
100
AcDbLine
 10
-4.7
 20
0.0
 30
0.0
 11
-2.678906249999999
 21
0.0
 31
0.0
  0
LINE
  5
100FE
330
100F9
100
AcDbEntity
  8
Smart Centers
 62
     0
440
 16777216
 48
0.75
100
AcDbLine
 10
2.678906249999999
 20
0.0
 30
0.0
 11
4.7
 21
0.0
 31
0.0
  0
LINE
  5
100FF
330
100F9
100
AcDbEntity
  8
Smart Centers
 62
     0
440
 16777216
 48
0.75
100
AcDbLine
 10
0.0
 20
-4.7
 30
0.0
 11
0.0
 21
-2.678906249999999
 31
0.0
  0
LINE
  5
10100
330
100F9
100
AcDbEntity
  8
Smart Centers
 62
     0
440
 16777216
 48
0.75
100
AcDbLine
 10
0.0
 20
2.678906249999999
 30
0.0
 11
0.0
 21
4.7
 31
0.0
  0
ENDBLK
  5
10101
330
100F9
100
AcDbEntity
  8
0
100
AcDbBlockEnd
  0
BLOCK
  5
10103
330
10102
100
AcDbEntity
  8
0
100
AcDbBlockBegin
  2
*U1
 70
     1
 10
0.0
 20
0.0
 30
0.0
  3
*U1
  1

  0
LINE
  5
10104
330
10102
100
AcDbEntity
  8
Smart Centers
  6
Continuous
 62
     0
440
 16777216
 48
0.75
100
AcDbLine
 10
-0.89296875
 20
0.0
 30
0.0
 11
0.89296875
 21
0.0
 31
0.0
  0
LINE
  5
10105
330
10102
100
AcDbEntity
  8
Smart Centers
  6
Continuous
 62
     0
440
 16777216
 48
0.75
100
AcDbLine
 10
0.0
 20
-0.89296875
 30
0.0
 11
0.0
 21
0.89296875
 31
0.0
  0
LINE
  5
10106
330
10102
100
AcDbEntity
  8
Smart Centers
 62
     0
440
 16777216
 48
0.75
100
AcDbLine
 10
-4.7
 20
0.0
 30
0.0
 11
-2.678906249999999
 21
0.0
 31
0.0
  0
LINE
  5
10107
330
10102
100
AcDbEntity
  8
Smart Centers
 62
     0
440
 16777216
 48
0.75
100
AcDbLine
 10
2.678906249999999
 20
0.0
 30
0.0
 11
4.7
 21
0.0
 31
0.0
  0
LINE
  5
10108
330
10102
100
AcDbEntity
  8
Smart Centers
 62
     0
440
 16777216
 48
0.75
100
AcDbLine
 10
0.0
 20
-4.7
 30
0.0
 11
0.0
 21
-2.678906249999999
 31
0.0
  0
LINE
  5
10109
330
10102
100
AcDbEntity
  8
Smart Centers
 62
     0
440
 16777216
 48
0.75
100
AcDbLine
 10
0.0
 20
2.678906249999999
 30
0.0
 11
0.0
 21
4.7
 31
0.0
  0
ENDBLK
  5
1010A
330
10102
100
AcDbEntity
  8
0
100
AcDbBlockEnd
  0
BLOCK
  5
1010C
330
1010B
100
AcDbEntity
  8
0
100
AcDbBlockBegin
  2
*U2
 70
     1
 10
0.0
 20
0.0
 30
0.0
  3
*U2
  1

  0
LINE
  5
1010D
330
1010B
100
AcDbEntity
  8
Smart Centers
  6
Continuous
 62
     0
440
 16777216
 48
0.75
100
AcDbLine
 10
-0.89296875
 20
0.0
 30
0.0
 11
0.89296875
 21
0.0
 31
0.0
  0
LINE
  5
1010E
330
1010B
100
AcDbEntity
  8
Smart Centers
  6
Continuous
 62
     0
440
 16777216
 48
0.75
100
AcDbLine
 10
0.0
 20
-0.89296875
 30
0.0
 11
0.0
 21
0.89296875
 31
0.0
  0
LINE
  5
1010F
330
1010B
100
AcDbEntity
  8
Smart Centers
 62
     0
440
 16777216
 48
0.75
100
AcDbLine
 10
-4.7
 20
0.0
 30
0.0
 11
-2.678906249999999
 21
0.0
 31
0.0
  0
LINE
  5
10110
330
1010B
100
AcDbEntity
  8
Smart Centers
 62
     0
440
 16777216
 48
0.75
100
AcDbLine
 10
2.678906249999999
 20
0.0
 30
0.0
 11
4.7
 21
0.0
 31
0.0
  0
LINE
  5
10111
330
1010B
100
AcDbEntity
  8
Smart Centers
 62
     0
440
 16777216
 48
0.75
100
AcDbLine
 10
0.0
 20
-4.7
 30
0.0
 11
0.0
 21
-2.678906249999999
 31
0.0
  0
LINE
  5
10112
330
1010B
100
AcDbEntity
  8
Smart Centers
 62
     0
440
 16777216
 48
0.75
100
AcDbLine
 10
0.0
 20
2.678906249999999
 30
0.0
 11
0.0
 21
4.7
 31
0.0
  0
ENDBLK
  5
10113
330
1010B
100
AcDbEntity
  8
0
100
AcDbBlockEnd
  0
BLOCK
  5
10115
330
10114
100
AcDbEntity
  8
0
100
AcDbBlockBegin
  2
*U3
 70
     1
 10
0.0
 20
0.0
 30
0.0
  3
*U3
  1

  0
LINE
  5
10116
330
10114
100
AcDbEntity
  8
Smart Centers
  6
Continuous
 62
     0
440
 16777216
 48
0.75
100
AcDbLine
 10
-0.89296875
 20
0.0
 30
0.0
 11
0.89296875
 21
0.0
 31
0.0
  0
LINE
  5
10117
330
10114
100
AcDbEntity
  8
Smart Centers
  6
Continuous
 62
     0
440
 16777216
 48
0.75
100
AcDbLine
 10
0.0
 20
-0.89296875
 30
0.0
 11
0.0
 21
0.89296875
 31
0.0
  0
LINE
  5
10118
330
10114
100
AcDbEntity
  8
Smart Centers
 62
     0
440
 16777216
 48
0.75
100
AcDbLine
 10
-4.7
 20
0.0
 30
0.0
 11
-2.678906249999999
 21
0.0
 31
0.0
  0
LINE
  5
10119
330
10114
100
AcDbEntity
  8
Smart Centers
 62
     0
440
 16777216
 48
0.75
100
AcDbLine
 10
2.678906249999999
 20
0.0
 30
0.0
 11
4.7
 21
0.0
 31
0.0
  0
LINE
  5
1011A
330
10114
100
AcDbEntity
  8
Smart Centers
 62
     0
440
 16777216
 48
0.75
100
AcDbLine
 10
0.0
 20
-4.7
 30
0.0
 11
0.0
 21
-2.678906249999999
 31
0.0
  0
LINE
  5
1011B
330
10114
100
AcDbEntity
  8
Smart Centers
 62
     0
440
 16777216
 48
0.75
100
AcDbLine
 10
0.0
 20
2.678906249999999
 30
0.0
 11
0.0
 21
4.7
 31
0.0
  0
ENDBLK
  5
1011C
330
10114
100
AcDbEntity
  8
0
100
AcDbBlockEnd
  0
BLOCK
  5
1011E
330
1011D
100
AcDbEntity
  8
0
100
AcDbBlockBegin
  2
*U4
 70
     1
 10
0.0
 20
0.0
 30
0.0
  3
*U4
  1

  0
LINE
  5
1011F
330
1011D
100
AcDbEntity
  8
Smart Centers
  6
Continuous
 62
     0
440
 16777216
 48
0.75
100
AcDbLine
 10
-0.89296875
 20
0.0
 30
0.0
 11
0.89296875
 21
0.0
 31
0.0
  0
LINE
  5
10120
330
1011D
100
AcDbEntity
  8
Smart Centers
  6
Continuous
 62
     0
440
 16777216
 48
0.75
100
AcDbLine
 10
0.0
 20
-0.89296875
 30
0.0
 11
0.0
 21
0.89296875
 31
0.0
  0
LINE
  5
10121
330
1011D
100
AcDbEntity
  8
Smart Centers
 62
     0
440
 16777216
 48
0.75
100
AcDbLine
 10
-4.7
 20
0.0
 30
0.0
 11
-2.678906249999999
 21
0.0
 31
0.0
  0
LINE
  5
10122
330
1011D
100
AcDbEntity
  8
Smart Centers
 62
     0
440
 16777216
 48
0.75
100
AcDbLine
 10
2.678906249999999
 20
0.0
 30
0.0
 11
4.7
 21
0.0
 31
0.0
  0
LINE
  5
10123
330
1011D
100
AcDbEntity
  8
Smart Centers
 62
     0
440
 16777216
 48
0.75
100
AcDbLine
 10
0.0
 20
-4.7
 30
0.0
 11
0.0
 21
-2.678906249999999
 31
0.0
  0
LINE
  5
10124
330
1011D
100
AcDbEntity
  8
Smart Centers
 62
     0
440
 16777216
 48
0.75
100
AcDbLine
 10
0.0
 20
2.678906249999999
 30
0.0
 11
0.0
 21
4.7
 31
0.0
  0
ENDBLK
  5
10125
330
1011D
100
AcDbEntity
  8
0
100
AcDbBlockEnd
  0
BLOCK
  5
10127
330
10126
100
AcDbEntity
  8
0
100
AcDbBlockBegin
  2
*U5
 70
     1
 10
0.0
 20
0.0
 30
0.0
  3
*U5
  1

  0
LINE
  5
10128
330
10126
100
AcDbEntity
  8
Smart Centers
  6
Continuous
 62
     0
440
 16777216
 48
0.75
100
AcDbLine
 10
-0.89296875
 20
0.0
 30
0.0
 11
0.89296875
 21
0.0
 31
0.0
  0
LINE
  5
10129
330
10126
100
AcDbEntity
  8
Smart Centers
  6
Continuous
 62
     0
440
 16777216
 48
0.75
100
AcDbLine
 10
0.0
 20
-0.89296875
 30
0.0
 11
0.0
 21
0.89296875
 31
0.0
  0
LINE
  5
1012A
330
10126
100
AcDbEntity
  8
Smart Centers
 62
     0
440
 16777216
 48
0.75
100
AcDbLine
 10
-4.7
 20
0.0
 30
0.0
 11
-2.678906249999999
 21
0.0
 31
0.0
  0
LINE
  5
1012B
330
10126
100
AcDbEntity
  8
Smart Centers
 62
     0
440
 16777216
 48
0.75
100
AcDbLine
 10
2.678906249999999
 20
0.0
 30
0.0
 11
4.7
 21
0.0
 31
0.0
  0
LINE
  5
1012C
330
10126
100
AcDbEntity
  8
Smart Centers
 62
     0
440
 16777216
 48
0.75
100
AcDbLine
 10
0.0
 20
-4.7
 30
0.0
 11
0.0
 21
-2.678906249999999
 31
0.0
  0
LINE
  5
1012D
330
10126
100
AcDbEntity
  8
Smart Centers
 62
     0
440
 16777216
 48
0.75
100
AcDbLine
 10
0.0
 20
2.678906249999999
 30
0.0
 11
0.0
 21
4.7
 31
0.0
  0
ENDBLK
  5
1012E
330
10126
100
AcDbEntity
  8
0
100
AcDbBlockEnd
  0
BLOCK
  5
10130
330
1012F
100
AcDbEntity
  8
0
100
AcDbBlockBegin
  2
*U6
 70
     1
 10
0.0
 20
0.0
 30
0.0
  3
*U6
  1

  0
LINE
  5
10131
330
1012F
100
AcDbEntity
  8
Smart Centers
  6
Continuous
 62
     0
440
 16777216
 48
0.75
100
AcDbLine
 10
-0.89296875
 20
0.0
 30
0.0
 11
0.89296875
 21
0.0
 31
0.0
  0
LINE
  5
10132
330
1012F
100
AcDbEntity
  8
Smart Centers
  6
Continuous
 62
     0
440
 16777216
 48
0.75
100
AcDbLine
 10
0.0
 20
-0.89296875
 30
0.0
 11
0.0
 21
0.89296875
 31
0.0
  0
LINE
  5
10133
330
1012F
100
AcDbEntity
  8
Smart Centers
 62
     0
440
 16777216
 48
0.75
100
AcDbLine
 10
-4.7
 20
0.0
 30
0.0
 11
-2.678906249999999
 21
0.0
 31
0.0
  0
LINE
  5
10134
330
1012F
100
AcDbEntity
  8
Smart Centers
 62
     0
440
 16777216
 48
0.75
100
AcDbLine
 10
2.678906249999999
 20
0.0
 30
0.0
 11
4.7
 21
0.0
 31
0.0
  0
LINE
  5
10135
330
1012F
100
AcDbEntity
  8
Smart Centers
 62
     0
440
 16777216
 48
0.75
100
AcDbLine
 10
0.0
 20
-4.7
 30
0.0
 11
0.0
 21
-2.678906249999999
 31
0.0
  0
LINE
  5
10136
330
1012F
100
AcDbEntity
  8
Smart Centers
 62
     0
440
 16777216
 48
0.75
100
AcDbLine
 10
0.0
 20
2.678906249999999
 30
0.0
 11
0.0
 21
4.7
 31
0.0
  0
ENDBLK
  5
10137
330
1012F
100
AcDbEntity
  8
0
100
AcDbBlockEnd
  0
BLOCK
  5
10139
330
10138
100
AcDbEntity
  8
0
100
AcDbBlockBegin
  2
*U7
 70
     1
 10
0.0
 20
0.0
 30
0.0
  3
*U7
  1

  0
LINE
  5
1013A
330
10138
100
AcDbEntity
  8
Smart Centers
  6
Continuous
 62
     0
440
 16777216
 48
0.75
100
AcDbLine
 10
-0.89296875
 20
0.0
 30
0.0
 11
0.89296875
 21
0.0
 31
0.0
  0
LINE
  5
1013B
330
10138
100
AcDbEntity
  8
Smart Centers
  6
Continuous
 62
     0
440
 16777216
 48
0.75
100
AcDbLine
 10
0.0
 20
-0.89296875
 30
0.0
 11
0.0
 21
0.89296875
 31
0.0
  0
LINE
  5
1013C
330
10138
100
AcDbEntity
  8
Smart Centers
 62
     0
440
 16777216
 48
0.75
100
AcDbLine
 10
-4.7
 20
0.0
 30
0.0
 11
-2.678906249999999
 21
0.0
 31
0.0
  0
LINE
  5
1013D
330
10138
100
AcDbEntity
  8
Smart Centers
 62
     0
440
 16777216
 48
0.75
100
AcDbLine
 10
2.678906249999999
 20
0.0
 30
0.0
 11
4.7
 21
0.0
 31
0.0
  0
LINE
  5
1013E
330
10138
100
AcDbEntity
  8
Smart Centers
 62
     0
440
 16777216
 48
0.75
100
AcDbLine
 10
0.0
 20
-4.7
 30
0.0
 11
0.0
 21
-2.678906249999999
 31
0.0
  0
LINE
  5
1013F
330
10138
100
AcDbEntity
  8
Smart Centers
 62
     0
440
 16777216
 48
0.75
100
AcDbLine
 10
0.0
 20
2.678906249999999
 30
0.0
 11
0.0
 21
4.7
 31
0.0
  0
ENDBLK
  5
10140
330
10138
100
AcDbEntity
  8
0
100
AcDbBlockEnd
  0
ENDSEC
  0
SECTION
  2
ENTITIES
  0
LWPOLYLINE
  5
100
330
1F
100
AcDbEntity
  8
0
100
AcDbPolyline
 90
      174
 70
     1
 43
0.0
 10
10.79637566010593
 20
72.67042346578257
 10
10.79637566010593
 20
31.99885059052878
 42
-0.1989123673796597
 10
10.50348244129249
 20
31.29174380934222
 10
10.08926887891931
 20
30.87753024696908
 42
0.1989123673796509
 10
9.796375660105866
 20
30.17042346578254
 10
9.796375660105866
 20
18.90562769733756
 42
0.1989123673796581
 10
10.38216209773276
 20
17.49141413496448
 10
12.21058922247894
 20
15.66298701021824
 42
0.1989123673796725
 10
13.62480278485204
 20
15.07720057259135
 10
14.59226322877469
 20
15.07720057259436
 42
-0.1989123673804358
 10
15.29937000996336
 20
14.78430735377878
 10
20.06358234994503
 20
10.02009501379376
 42
0.1989123673786514
 10
20.77068913113213
 20
9.727201794986257
 10
21.01825066010372
 20
9.727201794991742
 42
0.4142135623730951
 10
21.51825066010374
 20
10.22720179498475
 10
21.51825066010403
 20
11.82720055913677
 42
-0.9999999999999998
 10
23.71825066010403
 20
11.82720055913677
 10
23.71825066010383
 20
10.22720179498475
 42
0.4142135623730925
 10
24.21825066010373
 20
9.72720179498475
 10
24.46581218906683
 20
9.727201794991742
 42
0.1989123673784634
 10
25.17291897025007
 20
10.02009501379641
 10
29.83713131023488
 20
14.68430735377788
 42
-0.1989123673805059
 10
30.54423809142374
 20
14.97720057259363
 10
74.50784017374272
 20
14.9772005725936
 42
-0.1989123673802847
 10
75.21494695493098
 20
14.68430735377848
 10
79.87920733003503
 20
10.02004697867275
 42
0.1989123673787283
 10
80.58631411122204
 20
9.727153759864819
 10
80.83387564019373
 20
9.727153759869736
 42
0.4142135623730587
 10
81.33387564019372
 20
10.22715375986271
 10
81.33387564019404
 20
11.82715252401524
 42
-0.9999999999999998
 10
83.53387564019403
 20
11.82715252401524
 10
83.53387564019383
 20
10.22715375986274
 42
0.414213562373069
 10
84.03387564019372
 20
9.727153759862744
 10
84.28143716915682
 20
9.727153759869736
 42
0.1989123673785128
 10
84.98854395034028
 20
10.02004697867517
 10
91.41058922247754
 20
16.44209225081195
 42
0.1989123673796754
 10
91.99637566010579
 20
17.85630581318364
 10
91.99637566010583
 20
33.48463702815565
 42
-0.4142135623730951
 10
92.49637566010582
 20
33.98463702815563
 10
98.49637566010585
 20
33.98463702815564
 42
-0.4142135623730951
 10
98.99637566010582
 20
33.48463702815565
 10
98.99637566010582
 20
17.89885059052804
 42
0.1989123673796631
 10
99.28926887891933
 20
17.19174380934143
 10
100.4105892224789
 20
16.07042346578183
 42
0.1989123673796747
 10
101.824802784852
 20
15.48463702815493
 10
105.3115149039259
 20
15.48463702815493
 42
0.1539147210598077
 10
105.8850913402769
 20
15.66548498386595
 10
108.0505980126332
 20
17.18178907989329
 42
-0.1539147210598334
 10
108.6241744489843
 20
17.36263703560434
 10
136.5868248012068
 20
17.36263703560439
 42
-0.198912367379658
 10
137.1171548870967
 20
17.14296712149425
 10
138.1765917467248
 20
16.08353026186674
 42
0.1989123673795555
 10
138.8836985279108
 20
15.79063704305324
 10
166.4028027923018
 20
15.79063704305324
 42
0.1989123673795405
 10
167.1099095734881
 20
16.08353026186651
 10
168.1693464331159
 20
17.14296712149439
 42
-0.1989123673796841
 10
168.6996765190058
 20
17.36263703560453
 10
196.6685768712278
 20
17.36263703560451
 42
-0.1539147210598177
 10
197.2421533075788
 20
17.18178907989354
 10
199.4076599799348
 20
15.66548498386632
 42
0.153914721059823
 10
199.9812364162858
 20
15.48463702815533
 10
203.8821620977329
 20
15.4846370281553
 42
0.198912367379683
 10
204.5892688789197
 20
15.77753024696903
 10
206.0034824412928
 20
17.19174380934186
 42
0.1989123673795704
 10
206.2963756601059
 20
17.89885059052841
 10
206.2963756601059
 20
33.48463702815564
 42
-0.4142135623730951
 10
206.7963756601058
 20
33.98463702815561
 10
212.7963756601058
 20
33.98463702815564
 42
-0.4142135623730951
 10
213.2963756601059
 20
33.48463702815564
 10
213.2963756601059
 20
12.85630578238104
 42
0.1989123673796279
 10
213.8821620977326
 20
11.4420922200081
 10
215.3042073300349
 20
10.02004698770372
 42
0.1989123673786781
 10
216.0113141112218
 20
9.727153768896101
 10
216.2588756401938
 20
9.727153768901729
 42
0.4142135623730951
 10
216.7588756401939
 20
10.22715376889371
 10
216.7588756401939
 20
11.82715253304661
 42
-0.9999999999999998
 10
218.9588756401938
 20
11.82715253304661
 10
218.9588756401938
 20
10.22715376889371
 42
0.4142135623730847
 10
219.4588756401939
 20
9.727153768893714
 10
219.7064371691569
 20
9.727153768901729
 42
0.1989123673785051
 10
220.4135439503402
 20
10.02004698770642
 10
225.0778043164157
 20
14.6843073537785
 42
-0.1989123673802325
 10
225.7849110976038
 20
14.97720057259352
 10
274.4984651737458
 20
14.97720057259332
 42
-0.1989123673790933
 10
275.2055719549308
 20
14.68430735378138
 10
279.8698323300358
 20
10.02004697867275
 42
0.1989123673792374
 10
280.5769391112258
 20
9.727153759864819
 10
280.8245006401958
 20
9.727153759869707
 42
0.4142135623730847
 10
281.3245006401959
 20
10.22715375986274
 10
281.3245006401959
 20
11.82715252401522
 42
-0.9999999999999998
 10
283.5245006401958
 20
11.82715252401522
 10
283.5245006401958
 20
10.22715375986274
 42
0.4142135623730847
 10
284.0245006401958
 20
9.727153759862744
 10
284.2720621691558
 20
9.727153759869707
 42
0.1989123673793011
 10
284.9791689503413
 20
10.02004697867718
 10
289.643429325446
 20
14.68430735377643
 42
-0.1989123673809312
 10
290.3505361066359
 20
14.97720057259332
 10
291.6679485353599
 20
14.97720057258851
 42
0.1989123673796689
 10
293.082162097733
 20
15.56298701021762
 10
294.9105892224789
 20
17.39141413496392
 42
0.1989123673796669
 10
295.4963756601058
 20
18.80562769733703
 10
295.4963756601058
 20
51.03681292805332
 42
0.1826758136816103
 10
295.2463756601058
 20
51.6982507558193
 42
-0.1826758136815899
 10
294.9963756601059
 20
52.35968858358543
 10
294.9963756601059
 20
86.17042346578262
 42
-0.1826758136815893
 10
295.2463756601058
 20
86.83186129354874
 42
0.1826758136815667
 10
295.4963756601058
 20
87.49329912131493
 10
295.4963756601058
 20
107.3562098899438
 42
0.1989123673796669
 10
294.9105892224789
 20
108.770423452317
 10
293.0821620977329
 20
110.5988505770631
 42
0.1989123673796432
 10
291.6679485353599
 20
111.18463701469
 10
284.4048476154958
 20
111.1846370146935
 42
-0.1989123673808058
 10
283.6977408343062
 20
111.4775302335101
 10
279.0260439901758
 20
116.1492270776375
 42
0.1989123673808879
 10
278.3189372089859
 20
116.4421202964543
 10
278.0713756800158
 20
116.4421202964492
 42
0.4142135623730775
 10
277.5713756800157
 20
115.9421202964572
 10
277.5713756800159
 20
114.3421215322947
 42
-0.9999999999999998
 10
275.3713756800159
 20
114.3421215322947
 10
275.3713756800158
 20
115.9421202964572
 42
0.4142135623730255
 10
274.8713756800158
 20
116.4421202964572
 10
274.6238141510559
 20
116.4421202964492
 42
0.1989123673809201
 10
273.9167073698659
 20
116.1492270776374
 10
269.2450105257356
 20
111.4775302335101
 42
-0.1989123673808071
 10
268.5379037445458
 20
111.1846370146935
 10
217.7223898075138
 20
111.1846370146935
 42
-0.1989123673800095
 10
217.0152830263263
 20
111.4775302335079
 10
212.3510439702648
 20
116.1417692895705
 42
0.1989123673803357
 10
211.6439371890779
 20
116.4346625083872
 10
211.3963756601048
 20
116.4346625083821
 42
0.4142135623730249
 10
210.8963756601049
 20
115.9346625083802
 10
210.8963756601049
 20
114.3346637442276
 42
-0.9999999999999998
 10
208.6963756601049
 20
114.3346637442276
 10
208.6963756601048
 20
115.9346625083802
 42
0.4142135623730242
 10
208.1963756601058
 20
116.4346625083803
 10
207.9488141311428
 20
116.4346625083821
 42
0.1989123673801609
 10
207.2417073499549
 20
116.1417692895724
 10
202.5774682938944
 20
111.4775302335079
 42
-0.1989123673800353
 10
201.8703615127068
 20
111.1846370146934
 10
122.4723898075148
 20
111.1846370146934
 42
-0.1989123673803101
 10
121.7652830263265
 20
111.4775302335086
 10
117.1010439702638
 20
116.141769289571
 42
0.1989123673801682
 10
116.3939371890778
 20
116.4346625083877
 10
116.1463756601048
 20
116.4346625083826
 42
0.4142135623730744
 10
115.6463756601048
 20
115.9346625083807
 10
115.6463756601048
 20
114.3346637442281
 42
-0.9999999999999998
 10
113.4463756601048
 20
114.3346637442281
 10
113.4463756601048
 20
115.9346625083807
 42
0.4142135623730744
 10
112.9463756601058
 20
116.4346625083807
 10
112.6988141311428
 20
116.4346625083826
 42
0.1989123673803385
 10
111.9917073499544
 20
116.1417692895724
 10
107.3274682938943
 20
111.4775302335086
 42
-0.198912367380311
 10
106.620361512706
 20
111.1846370146934
 10
27.22236309143484
 20
111.1846370146932
 42
-0.1989123673800751
 10
26.51525631024716
 20
111.4775302335079
 10
21.85104397026494
 20
116.1417425734915
 42
0.1989123673803448
 10
21.14393718907794
 20
116.4346357923083
 10
20.89637566010514
 20
116.4346357923031
 42
0.4142135623730925
 10
20.39637566010514
 20
115.9346357923012
 10
20.39637566010599
 20
114.3346370281486
 42
-0.9999999999999998
 10
18.19637566010599
 20
114.3346370281486
 10
18.19637566010471
 20
115.9346357923012
 42
0.4142135623730958
 10
17.69637566010574
 20
116.4346357923013
 10
17.44881413114286
 20
116.4346357923031
 42
0.1989123673801888
 10
16.74170734995487
 20
116.1417425734934
 10
10.38216209773395
 20
109.7821973212633
 42
0.1989123673796576
 10
9.796375660105876
 20
108.3679837588914
 10
9.796375660105873
 20
90.99885059052896
 42
0.1989123673796686
 10
10.08926887891935
 20
90.29174380934238
 10
11.76598244129245
 20
88.61503024696924
 42
-0.198912367379667
 10
12.05887566010593
 20
87.90792346578266
 10
12.05887566010592
 20
74.76135059052876
 42
-0.1989123673796695
 10
11.76598244129243
 20
74.05424380934218
 10
11.08926887891937
 20
73.37753024696906
 42
0.1989123673796455
  0
LWPOLYLINE
  5
101
330
1F
100
AcDbEntity
  8
0
100
AcDbPolyline
 90
        8
 70
     1
 43
0.0
 10
149.3713756601058
 20
75.13463702815565
 10
136.8713756601058
 20
75.13463702815565
 42
-0.4142135623730951
 10
136.1213756601058
 20
75.88463702815565
 10
136.1213756601058
 20
88.38463702815564
 42
-0.4142135623730951
 10
136.8713756601058
 20
89.13463702815565
 10
149.3713756601058
 20
89.13463702815564
 42
-0.4142135623730951
 10
150.1213756601058
 20
88.38463702815564
 10
150.1213756601058
 20
75.88463702815565
 42
-0.4142135623730951
  0
LWPOLYLINE
  5
102
330
1F
100
AcDbEntity
  8
0
100
AcDbPolyline
 90
        7
 70
     1
 43
0.0
 10
132.1088756601058
 20
51.03463702815564
 10
144.6088756601058
 20
51.03463702815564
 42
-0.4142135623730951
 10
145.3588756601058
 20
50.28463702815564
 10
145.3588756601058
 20
37.78463702815565
 42
-0.4142135623730951
 10
144.6088756601058
 20
37.03463702815565
 10
131.3588756601058
 20
37.03463702815565
 10
131.3588756601058
 20
50.28463702815564
 42
-0.4142135623730951
  0
LWPOLYLINE
  5
103
330
1F
100
AcDbEntity
  8
0
100
AcDbPolyline
 90
        8
 70
     1
 43
0.0
 10
135.0838756601058
 20
56.08463702815564
 42
0.4142135623730951
 10
135.8338756601058
 20
56.83463702815564
 10
135.8338756601058
 20
69.33463702815565
 42
0.4142135623730951
 10
135.0838756601058
 20
70.08463702815565
 10
122.5838756601058
 20
70.08463702815565
 42
0.4142135623730951
 10
121.8338756601058
 20
69.33463702815565
 10
121.8338756601058
 20
56.83463702815564
 42
0.4142135623730951
 10
122.5838756601058
 20
56.08463702815564
  0
LWPOLYLINE
  5
104
330
1F
100
AcDbEntity
  8
0
100
AcDbPolyline
 90
        8
 70
     1
 43
0.0
 10
141.6338756601058
 20
70.08463702815565
 42
0.4142135623730951
 10
140.8838756601058
 20
69.33463702815565
 10
140.8838756601058
 20
56.83463702815564
 42
0.4142135623730951
 10
141.6338756601058
 20
56.08463702815564
 10
154.1338756601058
 20
56.08463702815564
 42
0.4142135623730951
 10
154.8838756601058
 20
56.83463702815563
 10
154.8838756601058
 20
69.33463702815564
 42
0.4142135623730951
 10
154.1338756601058
 20
70.08463702815565
  0
LWPOLYLINE
  5
105
330
1F
100
AcDbEntity
  8
0
100
AcDbPolyline
 90
        8
 70
     1
 43
0.0
 10
221.5725975776317
 20
13.27220432920595
 42
0.6839252201127147
 10
214.1451537027561
 20
13.27220432920589
 42
0.5275836352835512
 10
214.5179275363989
 20
12.72715375543041
 10
214.5554687894128
 20
12.72715375543231
 42
0.3082072082642964
 10
214.9276836458397
 20
12.98067474446088
 42
-0.6811146429268646
 10
220.7900676345483
 20
12.98067474446048
 42
0.3082072082639914
 10
221.1622824909749
 20
12.72715375543041
 10
221.1998237439888
 20
12.72715375543225
 42
0.5275836352835645
  0
LWPOLYLINE
  5
106
330
1F
100
AcDbEntity
  8
0
100
AcDbPolyline
 90
        8
 70
     1
 43
0.0
 10
286.1382225776329
 20
13.27220432017654
 42
0.6839252201126455
 10
278.7107787027576
 20
13.27220432017316
 42
0.5275836352836447
 10
279.0835525363959
 20
12.72715374639901
 10
279.1210937894159
 20
12.72715374640134
 42
0.3082072082562446
 10
279.4933086458384
 20
12.98067473541894
 42
-0.6811146429278662
 10
285.3556926345486
 20
12.98067473543099
 42
0.3082072082651157
 10
285.7279074909759
 20
12.72715374639901
 10
285.7654487439859
 20
12.72715374640114
 42
0.5275836352836386
  0
LWPOLYLINE
  5
107
330
1F
100
AcDbEntity
  8
0
100
AcDbPolyline
 90
        8
 70
     1
 43
0.0
 10
86.14759757763179
 20
13.27220432017461
 42
0.6839252201127101
 10
78.72015370275625
 20
13.27220432017449
 42
0.5275836352833238
 10
79.09292753639903
 20
12.72715374639901
 10
79.13046878941284
 20
12.72715374640134
 42
0.3082072082638889
 10
79.5026836458398
 20
12.98067473542923
 42
-0.681114642926889
 10
85.36506763454832
 20
12.98067473542914
 42
0.3082072082637318
 10
85.73728249097484
 20
12.72715374639901
 10
85.77482374398895
 20
12.72715374640117
 42
0.5275836352833801
  0
LWPOLYLINE
  5
108
330
1F
100
AcDbEntity
  8
0
100
AcDbPolyline
 90
        8
 70
     1
 43
0.0
 10
26.33197259754186
 20
13.27225235529633
 42
0.6839252201126987
 10
18.9045287226661
 20
13.27225235529605
 42
0.5275836352835145
 10
19.27730255630904
 20
12.72720178152062
 10
19.31484380932289
 20
12.72720178152255
 42
0.3082072082640023
 10
19.68705866574984
 20
12.98072277055061
 42
-0.681114642926892
 10
25.54944265445818
 20
12.98072277055072
 42
0.3082072082639926
 10
25.92165751088483
 20
12.72720178152062
 10
25.95919876389903
 20
12.72720178152235
 42
0.5275836352837588
  0
LWPOLYLINE
  5
109
330
1F
100
AcDbEntity
  8
0
100
AcDbPolyline
 90
       24
 70
     1
 43
0.0
 10
260.8896256601068
 20
51.53463702815563
 42
0.4142135623730744
 10
261.3896256601068
 20
51.03463702815567
 10
275.8276256601068
 20
51.03463702815592
 42
-0.4142135623723979
 10
276.3276256601059
 20
50.53463702815601
 10
276.3276256601068
 20
37.53463702815603
 42
-0.4142135623731523
 10
275.8276256601068
 20
37.03463702815604
 10
261.3896256601068
 20
37.03463702815564
 42
0.4142135623730744
 10
260.8896256601068
 20
36.53463702815564
 10
260.889625660107
 20
35.53463702815604
 42
-0.4142135623730847
 10
260.3896256601069
 20
35.03463702815601
 10
254.3896256601069
 20
35.03463702815605
 42
-0.4142135623730639
 10
253.8896256601068
 20
35.53463702815604
 10
253.8896256601069
 20
36.53463702815564
 42
0.4142135623730222
 10
253.3896256601068
 20
37.03463702815565
 10
253.3026256601059
 20
37.03463702815564
 42
-0.4142135623731367
 10
252.8026256601058
 20
37.53463702815564
 10
252.8026256601059
 20
50.53463702815562
 42
-0.4142135623731055
 10
253.3026256601059
 20
51.03463702815563
 10
253.3896256601068
 20
51.03463702815563
 42
0.4142135623730222
 10
253.8896256601068
 20
51.53463702815563
 10
253.8896256601069
 20
52.53463702815592
 42
-0.4142135623731523
 10
254.3896256601069
 20
53.03463702815599
 10
260.3896256601069
 20
53.03463702815597
 42
-0.4142135623731211
 10
260.8896256601068
 20
52.53463702815603
  0
LWPOLYLINE
  5
110
330
1F
100
AcDbEntity
  8
0
100
AcDbPolyline
 90
       16
 70
     1
 43
0.0
 10
285.2656256601068
 20
37.03463702815564
 42
0.4142135623730222
 10
284.7656256601068
 20
36.53463702815564
 10
284.7656256601069
 20
35.53463702815604
 42
-0.4142135623730847
 10
284.2656256601068
 20
35.03463702815601
 10
278.2656256601069
 20
35.03463702815592
 42
-0.4142135623731055
 10
277.7656256601067
 20
35.53463702815604
 10
277.7656256601069
 20
52.53463702815591
 42
-0.4142135623731523
 10
278.2656256601068
 20
53.03463702815598
 10
284.2656256601068
 20
53.03463702815596
 42
-0.4142135623731211
 10
284.7656256601068
 20
52.53463702815602
 10
284.7656256601068
 20
51.53463702815562
 42
0.4142135623730222
 10
285.2656256601068
 20
51.0346370281556
 10
292.4963756601059
 20
51.03463702815562
 42
-0.4142135623731315
 10
292.9963756601059
 20
50.53463702815562
 10
292.996375660106
 20
37.53463702815564
 42
-0.4142135623730744
 10
292.4963756601059
 20
37.03463702815564
  0
LWPOLYLINE
  5
111
330
1F
100
AcDbEntity
  8
0
100
AcDbPolyline
 90
       13
 70
     1
 43
0.0
 10
202.3434754783389
 20
23.87096489508295
 42
0.1799479535612775
 10
202.022823029965
 20
23.73418319487951
 42
-0.3788863343445423
 10
199.3738546549967
 20
23.64158966724585
 42
0.1830837698821544
 10
199.0383651703928
 20
23.75547330519077
 10
167.0423496105178
 20
22.63814782116972
 42
-0.3095821597965194
 10
166.0882709937778
 20
23.24369890249761
 42
0.2678388338171556
 10
163.5274523623798
 20
25.16070273732876
 42
-0.3797147489867587
 10
162.6463756601058
 20
26.15360618140474
 10
162.6463756601058
 20
30.44910671436514
 42
-0.4244748162097462
 10
163.6812751568088
 20
31.44849754138423
 10
202.3312751568088
 20
30.09880980052828
 42
-0.4040262258350124
 10
203.2963756601058
 20
29.09941897350924
 10
203.2963756601057
 20
24.86985508280242
 42
-0.4004796141673608
  0
LWPOLYLINE
  5
112
330
1F
100
AcDbEntity
  8
0
100
AcDbPolyline
 90
        8
 70
     1
 43
0.0
 10
15.42851045795593
 20
70.08463165472065
 10
32.69064042875584
 20
70.08463165472065
 42
-0.4142135623730951
 10
33.44064042875583
 20
69.33463165472065
 10
33.44064042875583
 20
56.83359673085266
 42
-0.4142135623730951
 10
32.69064042875583
 20
56.08359673085265
 10
15.42851045795593
 20
56.08359673085265
 42
-0.4142135623730955
 10
14.67851045795593
 20
56.83359673085266
 10
14.67851045795592
 20
69.33463165472065
 42
-0.4142135623730986
  0
LWPOLYLINE
  5
113
330
1F
100
AcDbEntity
  8
0
100
AcDbPolyline
 90
       16
 70
     1
 43
0.0
 10
270.4213756601058
 20
80.48512366279565
 42
0.4142135623730951
 10
269.9213756601058
 20
79.98512366279564
 10
269.9213756601058
 20
76.88463702815574
 42
-0.4142135623730622
 10
269.1713756601058
 20
76.13463702815572
 10
267.1713756601058
 20
76.13463702815569
 42
-0.4142135623730986
 10
266.4213756601058
 20
76.88463702815574
 10
266.4213756601059
 20
87.38463702815563
 42
-0.4142135623731107
 10
267.1713756601058
 20
88.13463702815564
 10
269.1713756601058
 20
88.13463702815562
 42
-0.4142135623730934
 10
269.9213756601058
 20
87.38463702815563
 10
269.9213756601058
 20
84.98512366279564
 42
0.4142135623730951
 10
270.4213756601058
 20
84.48512366279558
 10
272.4468501033558
 20
84.48512366279567
 42
-0.4142135623731002
 10
273.1968501033559
 20
83.73512366279564
 10
273.1968501033558
 20
81.23512366279564
 42
-0.4142135623730744
 10
272.4468501033558
 20
80.48512366279563
  0
LWPOLYLINE
  5
114
330
1F
100
AcDbEntity
  8
0
100
AcDbPolyline
 90
        8
 70
     1
 43
0.0
 10
12.29637566010586
 20
94.93463702815565
 10
12.29637566010587
 20
107.4346370281557
 42
-0.4142135623730949
 10
13.04637566010587
 20
108.1846370281557
 10
25.54637566010584
 20
108.1846370281557
 42
-0.4142135623730951
 10
26.29637566010584
 20
107.4346370281557
 10
26.29637566010584
 20
94.93463702815565
 42
-0.4142135623730951
 10
25.54637566010584
 20
94.18463702815566
 10
13.04637566010586
 20
94.18463702815566
 42
-0.4142135623730951
  0
LWPOLYLINE
  5
115
330
1F
100
AcDbEntity
  8
0
100
AcDbPolyline
 90
        8
 70
     1
 43
0.0
 10
89.99637566010591
 20
26.73463702815565
 10
89.99637566010582
 20
23.23463702815565
 42
-0.4142135623730951
 10
89.24637566010583
 20
22.48463702815568
 10
81.43387566010579
 20
22.48463702815568
 42
-0.4142135623730951
 10
80.6838756601058
 20
23.23463702815565
 10
80.68387566010585
 20
26.73463702815565
 42
-0.4142135623730951
 10
81.43387566010579
 20
27.48463702815565
 10
89.24637566010583
 20
27.48463702815576
 42
-0.4142135623730951
  0
LWPOLYLINE
  5
116
330
1F
100
AcDbEntity
  8
0
100
AcDbPolyline
 90
        8
 70
     1
 43
0.0
 10
216.0463756601058
 20
27.48463702815562
 10
223.8588756601058
 20
27.48463702815562
 42
-0.4142135623730951
 10
224.6088756601058
 20
26.73463702815565
 10
224.6088756601058
 20
23.23463702815565
 42
-0.4142135623730951
 10
223.8588756601058
 20
22.48463702815564
 10
216.0463756601058
 20
22.48463702815564
 42
-0.4142135623730951
 10
215.2963756601059
 20
23.23463702815565
 10
215.2963756601059
 20
26.73463702815565
 42
-0.4142135623730951
  0
LWPOLYLINE
  5
117
330
1F
100
AcDbEntity
  8
0
100
AcDbPolyline
 90
        8
 70
     1
 43
0.0
 10
243.8906512089758
 20
19.73463704720564
 10
243.8906512089758
 20
30.23463704720563
 42
-0.4142135623730951
 10
244.6406512089759
 20
30.98463704720563
 10
246.6406512089759
 20
30.98463704720566
 42
-0.4142135623730951
 10
247.3906512089759
 20
30.23463704720563
 10
247.3906512089758
 20
19.73463704720564
 42
-0.4142135623730951
 10
246.6406512089759
 20
18.98463704720561
 10
244.6406512089759
 20
18.98463704720561
 42
-0.4142135623730951
  0
LWPOLYLINE
  5
118
330
1F
100
AcDbEntity
  8
0
100
AcDbPolyline
 90
        8
 70
     1
 43
0.0
 10
101.9963756601058
 20
24.86985508280216
 10
101.9963756601058
 20
29.09941897350907
 42
-0.4040262258351365
 10
102.9614761634033
 20
30.09880980052814
 10
141.6114761634038
 20
31.44849754138418
 42
-0.4244748162094528
 10
142.6463756601058
 20
30.44910671436507
 10
142.6463756601058
 20
23.52016734194615
 42
-0.4244748162097253
 10
141.6114761634028
 20
22.52077651492712
 10
102.9614761634033
 20
23.87046425578308
 42
-0.404026225835151
  0
LWPOLYLINE
  5
119
330
1F
100
AcDbEntity
  8
0
100
AcDbPolyline
 90
        8
 70
     1
 43
0.0
 10
107.2588756601058
 20
50.28463702815564
 10
107.2588756601059
 20
37.78463702815565
 42
-0.4142135623730951
 10
106.5088756601059
 20
37.03463702815565
 10
94.00887566010581
 20
37.03463702815565
 42
-0.4142135623730951
 10
93.25887566010583
 20
37.78463702815565
 10
93.25887566010582
 20
50.28463702815565
 42
-0.4142135623730951
 10
94.00887566010581
 20
51.03463702815565
 10
106.5088756601059
 20
51.03463702815556
 42
-0.4142135623730951
  0
LWPOLYLINE
  5
120
330
1F
100
AcDbEntity
  8
0
100
AcDbPolyline
 90
        8
 70
     1
 43
0.0
 10
88.20887566010583
 20
50.28463702815565
 10
88.20887566010583
 20
37.78463702815565
 42
-0.4142135623730951
 10
87.45887566010583
 20
37.03463702815565
 10
74.95887566010583
 20
37.03463702815565
 42
-0.4142135623730951
 10
74.20887566010583
 20
37.78463702815565
 10
74.20887566010583
 20
50.28463702815565
 42
-0.4142135623730951
 10
74.95887566010583
 20
51.03463702815565
 10
87.45887566010583
 20
51.03463702815565
 42
-0.4142135623730951
  0
LWPOLYLINE
  5
121
330
1F
100
AcDbEntity
  8
0
100
AcDbPolyline
 90
        8
 70
     1
 43
0.0
 10
69.15887566010583
 20
50.28463702815565
 10
69.15887566010583
 20
37.78463702815565
 42
-0.4142135623730951
 10
68.40887566010583
 20
37.03463702815565
 10
55.90887566010583
 20
37.03463702815567
 42
-0.4142135623730951
 10
55.15887566010583
 20
37.78463702815566
 10
55.15887566010583
 20
50.28463702815565
 42
-0.4142135623730951
 10
55.90887566010583
 20
51.03463702815565
 10
68.40887566010583
 20
51.03463702815565
 42
-0.4142135623730951
  0
LWPOLYLINE
  5
122
330
1F
100
AcDbEntity
  8
0
100
AcDbPolyline
 90
        8
 70
     1
 43
0.0
 10
53.15887566010585
 20
49.28463702815576
 42
0.4142135623730951
 10
52.40887566010584
 20
50.03463702815576
 10
50.40887566010583
 20
50.03463702815576
 42
0.4142135623730604
 10
49.65887566010583
 20
49.28463702815576
 10
49.65887566010593
 20
38.78463702815576
 42
0.4142135623730604
 10
50.40887566010583
 20
38.03463702815577
 10
52.40887566010584
 20
38.03463702815573
 42
0.4142135623730951
 10
53.15887566010584
 20
38.78463702815576
  0
LWPOLYLINE
  5
123
330
1F
100
AcDbEntity
  8
0
100
AcDbPolyline
 90
        8
 70
     1
 43
0.0
 10
46.64062566010584
 20
52.53463702815565
 10
46.64062566010583
 20
35.53463702815566
 42
-0.4142135623730951
 10
46.14062566010583
 20
35.03463702815567
 10
40.14062566010582
 20
35.03463702815567
 42
-0.4142135623730951
 10
39.64062566010582
 20
35.53463702815566
 10
39.64062566010584
 20
52.53463702815565
 42
-0.4142135623730951
 10
40.14062566010583
 20
53.03463702815565
 10
46.14062566010583
 20
53.03463702815566
 42
-0.4142135623730951
  0
LWPOLYLINE
  5
124
330
1F
100
AcDbEntity
  8
0
100
AcDbPolyline
 90
        8
 70
     1
 43
0.0
 10
22.76462566010583
 20
52.53463702815565
 10
22.76462566010583
 20
35.53463702815566
 42
-0.4142135623730951
 10
22.26462566010583
 20
35.03463702815567
 10
16.26462566010586
 20
35.03463702815567
 42
-0.4142135623730937
 10
15.76462566010586
 20
35.53463702815566
 10
15.76462566010586
 20
52.53463702815565
 42
-0.414213562373101
 10
16.26462566010587
 20
53.03463702815566
 10
22.26462566010583
 20
53.03463702815566
 42
-0.4142135623730951
  0
LWPOLYLINE
  5
125
330
1F
100
AcDbEntity
  8
0
100
AcDbPolyline
 90
        8
 70
     1
 43
0.0
 10
112.3088756601058
 20
37.78463702815565
 10
112.3088756601058
 20
50.28463702815564
 42
-0.4142135623730951
 10
113.0588756601058
 20
51.03463702815564
 10
125.5588756601058
 20
51.03463702815564
 42
-0.4142135623730951
 10
126.3088756601058
 20
50.28463702815564
 10
126.3088756601058
 20
37.78463702815565
 42
-0.4142135623730951
 10
125.5588756601058
 20
37.03463702815565
 10
113.0588756601058
 20
37.03463702815565
 42
-0.4142135623730951
  0
LWPOLYLINE
  5
126
330
1F
100
AcDbEntity
  8
0
100
AcDbPolyline
 90
        8
 70
     1
 43
0.0
 10
145.6463756601058
 20
18.48463702815567
 10
145.6463756601058
 20
31.48463702815564
 42
-0.4142135623731055
 10
146.1463756601058
 20
31.98463702815564
 10
159.1463756601058
 20
31.98463702815567
 42
-0.4142135623731002
 10
159.6463756601058
 20
31.48463702815564
 10
159.6463756601058
 20
18.48463702815567
 42
-0.4142135623730951
 10
159.1463756601058
 20
17.9846370281557
 10
146.1463756601058
 20
17.98463702815567
 42
-0.4142135623730534
  0
LWPOLYLINE
  5
127
330
1F
100
AcDbEntity
  8
0
100
AcDbPolyline
 90
        8
 70
     1
 43
0.0
 10
226.6088756601059
 20
18.48463702815564
 10
226.6088756601059
 20
31.48463702815563
 42
-0.4142135623730222
 10
227.1088756601058
 20
31.98463702815562
 10
240.1088756601058
 20
31.98463702815564
 42
-0.4142135623731367
 10
240.6088756601059
 20
31.48463702815563
 10
240.6088756601059
 20
18.48463702815564
 42
-0.4142135623731159
 10
240.1088756601058
 20
17.98463702815567
 10
227.1088756601058
 20
17.98463702815567
 42
-0.4142135623730951
  0
LWPOLYLINE
  5
128
330
1F
100
AcDbEntity
  8
0
100
AcDbPolyline
 90
        8
 70
     1
 43
0.0
 10
250.4213756601058
 20
18.48463702815564
 10
250.4213756601059
 20
31.48463702815563
 42
-0.4142135623730222
 10
250.9213756601059
 20
31.98463702815562
 10
263.9213756601058
 20
31.98463702815564
 42
-0.4142135623731367
 10
264.4213756601059
 20
31.48463702815563
 10
264.4213756601059
 20
18.48463702815564
 42
-0.4142135623731159
 10
263.9213756601058
 20
17.98463702815567
 10
250.9213756601059
 20
17.98463702815564
 42
-0.4142135623730847
  0
LWPOLYLINE
  5
129
330
1F
100
AcDbEntity
  8
0
100
AcDbPolyline
 90
        8
 70
     1
 43
0.0
 10
274.2338756601058
 20
18.48463702815564
 10
274.2338756601058
 20
31.48463702815563
 42
-0.4142135623730744
 10
274.7338756601058
 20
31.98463702815562
 10
287.7338756601058
 20
31.98463702815561
 42
-0.4142135623731002
 10
288.2338756601058
 20
31.48463702815563
 10
288.2338756601058
 20
18.48463702815564
 42
-0.4142135623730951
 10
287.7338756601058
 20
17.98463702815567
 10
274.7338756601058
 20
17.98463702815564
 42
-0.4142135623730951
  0
LWPOLYLINE
  5
130
330
1F
100
AcDbEntity
  8
0
100
AcDbPolyline
 90
        8
 70
     1
 43
0.0
 10
289.5281256601058
 20
71.58463702815564
 10
289.5281256601058
 20
54.58463702815562
 42
-0.4142135623731367
 10
289.0281256601058
 20
54.08463702815562
 10
283.0281256601058
 20
54.08463702815563
 42
-0.4142135623731211
 10
282.5281256601058
 20
54.58463702815562
 10
282.5281256601058
 20
71.58463702815564
 42
-0.4142135623730976
 10
283.0281256601058
 20
72.08463702815564
 10
289.0281256601058
 20
72.08463702815564
 42
-0.4142135623730951
  0
LWPOLYLINE
  5
131
330
1F
100
AcDbEntity
  8
0
100
AcDbPolyline
 90
        8
 70
     1
 43
0.0
 10
265.6521256601059
 20
71.58463702815564
 10
265.6521256601059
 20
54.58463702815563
 42
-0.4142135623731367
 10
265.1521256601059
 20
54.08463702815563
 10
259.1521256601059
 20
54.08463702815563
 42
-0.4142135623731315
 10
258.6521256601059
 20
54.58463702815563
 10
258.6521256601059
 20
71.58463702815564
 42
-0.4142135623730976
 10
259.1521256601059
 20
72.08463702815564
 10
265.1521256601059
 20
72.08463702815564
 42
-0.4142135623730951
  0
LWPOLYLINE
  5
132
330
1F
100
AcDbEntity
  8
0
100
AcDbPolyline
 90
        8
 70
     1
 43
0.0
 10
267.0901256601059
 20
56.58463702815563
 10
267.0901256601059
 20
69.58463702815564
 42
-0.4142135623731055
 10
267.5901256601059
 20
70.08463702815562
 10
280.5901256601059
 20
70.08463702815558
 42
-0.4142135623731211
 10
281.0901256601058
 20
69.58463702815563
 10
281.0901256601058
 20
56.58463702815562
 42
-0.4142135623730744
 10
280.5901256601059
 20
56.08463702815562
 10
267.5901256601059
 20
56.08463702815562
 42
-0.4142135623731367
  0
LWPOLYLINE
  5
133
330
1F
100
AcDbEntity
  8
0
100
AcDbPolyline
 90
        8
 70
     1
 43
0.0
 10
24.20262566010583
 20
37.53463702815567
 10
24.20262566010585
 20
50.53463702815566
 42
-0.4142135623730951
 10
24.70262566010583
 20
51.03463702815566
 10
37.70262566010583
 20
51.03463702815566
 42
-0.4142135623730951
 10
38.20262566010583
 20
50.53463702815566
 10
38.20262566010582
 20
37.53463702815567
 42
-0.4142135623730976
 10
37.70262566010583
 20
37.03463702815567
 10
24.70262566010583
 20
37.03463702815568
 42
-0.4142135623730976
  0
LWPOLYLINE
  5
134
330
1F
100
AcDbEntity
  8
0
100
AcDbPolyline
 90
        8
 70
     1
 43
0.0
 10
254.1463756601058
 20
94.18463702815563
 10
241.6463756601058
 20
94.18463702815563
 42
-0.4142135623730951
 10
240.8963756601058
 20
94.93463702815564
 10
240.8963756601058
 20
107.4346370281556
 42
-0.4142135623730949
 10
241.6463756601058
 20
108.1846370281556
 10
254.1463756601058
 20
108.1846370281556
 42
-0.4142135623730951
 10
254.8963756601058
 20
107.4346370281556
 10
254.8963756601058
 20
94.93463702815564
 42
-0.4142135623730951
  0
LWPOLYLINE
  5
135
330
1F
100
AcDbEntity
  8
0
100
AcDbPolyline
 90
        8
 70
     1
 43
0.0
 10
211.2838756601058
 20
56.08463702815563
 10
198.7838756601058
 20
56.08463702815563
 42
-0.4142135623730951
 10
198.0338756601058
 20
56.83463702815563
 10
198.0338756601058
 20
69.33463702815564
 42
-0.4142135623730951
 10
198.7838756601058
 20
70.08463702815564
 10
211.2838756601058
 20
70.08463702815564
 42
-0.4142135623730951
 10
212.0338756601058
 20
69.33463702815564
 10
212.0338756601058
 20
56.83463702815563
 42
-0.4142135623730951
  0
LWPOLYLINE
  5
136
330
1F
100
AcDbEntity
  8
0
100
AcDbPolyline
 90
        8
 70
     1
 43
0.0
 10
145.6463756601058
 20
94.93463702815565
 10
145.6463756601058
 20
107.4346370281557
 42
-0.4142135623730952
 10
146.3963756601058
 20
108.1846370281557
 10
158.8963756601058
 20
108.1846370281557
 42
-0.4142135623730951
 10
159.6463756601058
 20
107.4346370281557
 10
159.6463756601058
 20
94.93463702815565
 42
-0.4142135623730951
 10
158.8963756601058
 20
94.18463702815564
 10
146.3963756601058
 20
94.18463702815563
 42
-0.4142135623730951
  0
LWPOLYLINE
  5
137
330
1F
100
AcDbEntity
  8
0
100
AcDbPolyline
 90
        8
 70
     1
 43
0.0
 10
169.1713756601058
 20
88.38463702815564
 10
169.1713756601058
 20
75.88463702815563
 42
-0.4142135623730951
 10
168.4213756601058
 20
75.13463702815563
 10
155.9213756601058
 20
75.13463702815565
 42
-0.4142135623730951
 10
155.1713756601058
 20
75.88463702815563
 10
155.1713756601058
 20
88.38463702815564
 42
-0.4142135623730951
 10
155.9213756601058
 20
89.13463702815565
 10
168.4213756601058
 20
89.13463702815564
 42
-0.4142135623730951
  0
LWPOLYLINE
  5
138
330
1F
100
AcDbEntity
  8
0
100
AcDbPolyline
 90
        8
 70
     1
 43
0.0
 10
32.09637566010584
 20
108.1846370281557
 10
44.59637566010584
 20
108.1846370281557
 42
-0.4142135623730951
 10
45.34637566010585
 20
107.4346370281557
 10
45.34637566010585
 20
94.93463702815565
 42
-0.4142135623730951
 10
44.59637566010584
 20
94.18463702815566
 10
32.09637566010584
 20
94.18463702815566
 42
-0.4142135623730951
 10
31.34637566010583
 20
94.93463702815565
 10
31.34637566010583
 20
107.4346370281557
 42
-0.4142135623730949
  0
LWPOLYLINE
  5
139
330
1F
100
AcDbEntity
  8
0
100
AcDbPolyline
 90
        8
 70
     1
 43
0.0
 10
139.8463756601058
 20
94.18463702815564
 10
127.3463756601058
 20
94.18463702815564
 42
-0.4142135623730951
 10
126.5963756601058
 20
94.93463702815565
 10
126.5963756601058
 20
107.4346370281557
 42
-0.4142135623730952
 10
127.3463756601058
 20
108.1846370281557
 10
139.8463756601058
 20
108.1846370281557
 42
-0.4142135623730951
 10
140.5963756601058
 20
107.4346370281557
 10
140.5963756601058
 20
94.93463702815565
 42
-0.4142135623730951
  0
LWPOLYLINE
  5
140
330
1F
100
AcDbEntity
  8
0
100
AcDbPolyline
 90
        8
 70
     1
 43
0.0
 10
193.2713756601058
 20
75.88463702815563
 10
193.2713756601058
 20
88.38463702815564
 42
-0.4142135623730951
 10
194.0213756601058
 20
89.13463702815565
 10
206.5213756601058
 20
89.13463702815562
 42
-0.4142135623730951
 10
207.2713756601058
 20
88.38463702815564
 10
207.2713756601058
 20
75.88463702815563
 42
-0.4142135623730951
 10
206.5213756601058
 20
75.13463702815563
 10
194.0213756601058
 20
75.13463702815565
 42
-0.4142135623730951
  0
LWPOLYLINE
  5
141
330
1F
100
AcDbEntity
  8
0
100
AcDbPolyline
 90
        8
 70
     1
 43
0.0
 10
187.4713756601058
 20
75.13463702815563
 10
174.9713756601058
 20
75.13463702815565
 42
-0.4142135623730951
 10
174.2213756601058
 20
75.88463702815563
 10
174.2213756601058
 20
88.38463702815564
 42
-0.4142135623730951
 10
174.9713756601058
 20
89.13463702815565
 10
187.4713756601058
 20
89.13463702815564
 42
-0.4142135623730951
 10
188.2213756601058
 20
88.38463702815564
 10
188.2213756601058
 20
75.88463702815563
 42
-0.4142135623730951
  0
LWPOLYLINE
  5
142
330
1F
100
AcDbEntity
  8
0
100
AcDbPolyline
 90
        8
 70
     1
 43
0.0
 10
101.746375660106
 20
94.18463702815564
 10
89.24637566010583
 20
94.18463702815564
 42
-0.4142135623730951
 10
88.49637566010583
 20
94.93463702815565
 10
88.49637566010583
 20
107.4346370281557
 42
-0.4142135623730949
 10
89.24637566010583
 20
108.1846370281557
 10
101.746375660106
 20
108.1846370281557
 42
-0.4142135623730951
 10
102.4963756601059
 20
107.4346370281557
 10
102.4963756601059
 20
94.93463702815565
 42
-0.4142135623730951
  0
LWPOLYLINE
  5
143
330
1F
100
AcDbEntity
  8
0
100
AcDbPolyline
 90
        8
 70
     1
 43
0.0
 10
70.19637566010584
 20
108.1846370281557
 10
82.69637566010587
 20
108.1846370281557
 42
-0.4142135623730951
 10
83.44637566010588
 20
107.4346370281557
 10
83.44637566010588
 20
94.93463702815565
 42
-0.4142135623730951
 10
82.69637566010587
 20
94.18463702815564
 10
70.19637566010584
 20
94.18463702815566
 42
-0.4142135623730951
 10
69.44637566010584
 20
94.93463702815565
 10
69.44637566010584
 20
107.4346370281557
 42
-0.4142135623730949
  0
LWPOLYLINE
  5
144
330
1F
100
AcDbEntity
  8
0
100
AcDbPolyline
 90
        8
 70
     1
 43
0.0
 10
54.12137566010584
 20
75.13463702815565
 10
41.62137566010584
 20
75.13463702815565
 42
-0.4142135623730951
 10
40.87137566010584
 20
75.88463702815565
 10
40.87137566010584
 20
88.38463702815566
 42
-0.4142135623730951
 10
41.62137566010584
 20
89.13463702815567
 10
54.12137566010585
 20
89.13463702815565
 42
-0.4142135623730951
 10
54.87137566010584
 20
88.38463702815564
 10
54.87137566010582
 20
75.88463702815565
 42
-0.4142135623730951
  0
LWPOLYLINE
  5
145
330
1F
100
AcDbEntity
  8
0
100
AcDbPolyline
 90
        8
 70
     1
 43
0.0
 10
216.0463756601058
 20
94.18463702815563
 10
203.5463756601058
 20
94.18463702815563
 42
-0.4142135623730951
 10
202.7963756601059
 20
94.93463702815565
 10
202.7963756601059
 20
107.4346370281556
 42
-0.4142135623730949
 10
203.5463756601058
 20
108.1846370281556
 10
216.0463756601058
 20
108.1846370281557
 42
-0.4142135623730951
 10
216.7963756601058
 20
107.4346370281556
 10
216.7963756601058
 20
94.93463702815564
 42
-0.4142135623730951
  0
LWPOLYLINE
  5
146
330
1F
100
AcDbEntity
  8
0
100
AcDbPolyline
 90
        8
 70
     1
 43
0.0
 10
51.14637566010584
 20
108.1846370281557
 10
63.64637566010584
 20
108.1846370281557
 42
-0.4142135623730951
 10
64.39637566010583
 20
107.4346370281557
 10
64.39637566010583
 20
94.93463702815565
 42
-0.4142135623730951
 10
63.64637566010584
 20
94.18463702815566
 10
51.14637566010584
 20
94.18463702815566
 42
-0.4142135623730951
 10
50.39637566010584
 20
94.93463702815565
 10
50.39637566010583
 20
107.4346370281557
 42
-0.4142135623730949
  0
LWPOLYLINE
  5
147
330
1F
100
AcDbEntity
  8
0
100
AcDbPolyline
 90
        8
 70
     1
 43
0.0
 10
177.9463756601058
 20
94.18463702815563
 10
165.4463756601058
 20
94.18463702815564
 42
-0.4142135623730951
 10
164.6963756601058
 20
94.93463702815565
 10
164.6963756601058
 20
107.4346370281556
 42
-0.4142135623730949
 10
165.4463756601058
 20
108.1846370281557
 10
177.9463756601058
 20
108.1846370281557
 42
-0.4142135623730951
 10
178.6963756601058
 20
107.4346370281557
 10
178.6963756601058
 20
94.93463702815565
 42
-0.4142135623730951
  0
LWPOLYLINE
  5
148
330
1F
100
AcDbEntity
  8
0
100
AcDbPolyline
 90
        8
 70
     1
 43
0.0
 10
59.92137566010584
 20
75.88463702815565
 10
59.92137566010583
 20
88.38463702815564
 42
-0.4142135623730951
 10
60.67137566010583
 20
89.13463702815565
 10
73.17137566010595
 20
89.13463702815565
 42
-0.4142135623730951
 10
73.92137566010595
 20
88.38463702815564
 10
73.92137566010595
 20
75.88463702815565
 42
-0.4142135623730951
 10
73.17137566010593
 20
75.13463702815565
 10
60.67137566010583
 20
75.13463702815565
 42
-0.4142135623730951
  0
LWPOLYLINE
  5
149
330
1F
100
AcDbEntity
  8
0
100
AcDbPolyline
 90
        8
 70
     1
 43
0.0
 10
98.02137566010586
 20
75.88463702815565
 10
98.02137566010584
 20
88.38463702815564
 42
-0.4142135623730951
 10
98.77137566010583
 20
89.13463702815565
 10
111.2713756601058
 20
89.13463702815565
 42
-0.4142135623730951
 10
112.0213756601058
 20
88.38463702815564
 10
112.0213756601058
 20
75.88463702815565
 42
-0.4142135623730951
 10
111.2713756601058
 20
75.13463702815565
 10
98.77137566010583
 20
75.13463702815565
 42
-0.4142135623730951
  0
LWPOLYLINE
  5
150
330
1F
100
AcDbEntity
  8
0
100
AcDbPolyline
 90
        8
 70
     1
 43
0.0
 10
197.7463756601058
 20
107.4346370281556
 10
197.7463756601058
 20
94.93463702815565
 42
-0.4142135623730951
 10
196.9963756601058
 20
94.18463702815563
 10
184.4963756601058
 20
94.18463702815564
 42
-0.4142135623730951
 10
183.7463756601058
 20
94.93463702815565
 10
183.7463756601058
 20
107.4346370281556
 42
-0.4142135623730949
 10
184.4963756601058
 20
108.1846370281557
 10
196.9963756601058
 20
108.1846370281557
 42
-0.4142135623730951
  0
LWPOLYLINE
  5
151
330
1F
100
AcDbEntity
  8
0
100
AcDbPolyline
 90
        8
 70
     1
 43
0.0
 10
212.3213756601058
 20
75.88463702815563
 10
212.3213756601058
 20
88.38463702815564
 42
-0.4142135623730951
 10
213.0713756601058
 20
89.13463702815564
 10
225.5713756601058
 20
89.13463702815562
 42
-0.4142135623730951
 10
226.3213756601059
 20
88.38463702815564
 10
226.3213756601059
 20
75.88463702815563
 42
-0.4142135623730951
 10
225.5713756601058
 20
75.13463702815562
 10
213.0713756601058
 20
75.13463702815563
 42
-0.4142135623730951
  0
LWPOLYLINE
  5
152
330
1F
100
AcDbEntity
  8
0
100
AcDbPolyline
 90
        8
 70
     1
 43
0.0
 10
221.8463756601058
 20
94.93463702815564
 10
221.8463756601058
 20
107.4346370281556
 42
-0.4142135623730952
 10
222.5963756601058
 20
108.1846370281557
 10
235.0963756601058
 20
108.1846370281556
 42
-0.4142135623730951
 10
235.8463756601058
 20
107.4346370281556
 10
235.8463756601058
 20
94.93463702815564
 42
-0.4142135623730951
 10
235.0963756601058
 20
94.18463702815563
 10
222.5963756601058
 20
94.18463702815563
 42
-0.4142135623730951
  0
LWPOLYLINE
  5
153
330
1F
100
AcDbEntity
  8
0
100
AcDbPolyline
 90
        8
 70
     1
 43
0.0
 10
84.48387566010584
 20
70.08463702815567
 10
96.98387566010584
 20
70.08463702815564
 42
-0.4142135623730951
 10
97.73387566010583
 20
69.33463702815565
 10
97.73387566010583
 20
56.83463702815564
 42
-0.4142135623730951
 10
96.98387566010584
 20
56.08463702815564
 10
84.48387566010584
 20
56.08463702815565
 42
-0.4142135623730951
 10
83.73387566010583
 20
56.83463702815565
 10
83.73387566010583
 20
69.33463702815567
 42
-0.4142135623730951
  0
LWPOLYLINE
  5
154
330
1F
100
AcDbEntity
  8
0
100
AcDbPolyline
 90
        8
 70
     1
 43
0.0
 10
201.7588756601059
 20
37.03463702815564
 10
189.2588756601058
 20
37.03463702815564
 42
-0.4142135623730951
 10
188.5088756601058
 20
37.78463702815564
 10
188.5088756601058
 20
50.28463702815564
 42
-0.4142135623730951
 10
189.2588756601058
 20
51.03463702815563
 10
201.7588756601059
 20
51.03463702815563
 42
-0.4142135623730951
 10
202.5088756601058
 20
50.28463702815564
 10
202.5088756601058
 20
37.78463702815564
 42
-0.4142135623730951
  0
LWPOLYLINE
  5
155
330
1F
100
AcDbEntity
  8
0
100
AcDbPolyline
 90
        8
 70
     1
 43
0.0
 10
64.68387566010584
 20
56.83463702815565
 10
64.68387566010583
 20
69.33463702815567
 42
-0.4142135623730951
 10
65.43387566010583
 20
70.08463702815567
 10
77.93387566010583
 20
70.08463702815567
 42
-0.4142135623730951
 10
78.68387566010586
 20
69.33463702815567
 10
78.68387566010586
 20
56.83463702815565
 42
-0.4142135623730951
 10
77.93387566010583
 20
56.08463702815565
 10
65.43387566010583
 20
56.08463702815565
 42
-0.4142135623730951
  0
LWPOLYLINE
  5
156
330
1F
100
AcDbEntity
  8
0
100
AcDbPolyline
 90
        8
 70
     1
 43
0.0
 10
232.1213756601058
 20
89.13463702815564
 10
244.6213756601058
 20
89.13463702815562
 42
-0.4142135623730951
 10
245.3713756601058
 20
88.38463702815564
 10
245.3713756601058
 20
75.88463702815563
 42
-0.4142135623730951
 10
244.6213756601058
 20
75.13463702815562
 10
232.1213756601058
 20
75.13463702815563
 42
-0.4142135623730951
 10
231.3713756601058
 20
75.88463702815563
 10
231.3713756601058
 20
88.38463702815564
 42
-0.4142135623730951
  0
LWPOLYLINE
  5
157
330
1F
100
AcDbEntity
  8
0
100
AcDbPolyline
 90
        8
 70
     1
 43
0.0
 10
58.88387566010583
 20
56.08463702815565
 10
46.38387566010583
 20
56.08463702815565
 42
-0.4142135623730951
 10
45.63387566010582
 20
56.83463702815565
 10
45.63387566010582
 20
69.33463702815567
 42
-0.4142135623730951
 10
46.38387566010583
 20
70.08463702815567
 10
58.88387566010583
 20
70.08463702815567
 42
-0.4142135623730951
 10
59.63387566010583
 20
69.33463702815567
 10
59.63387566010583
 20
56.83463702815565
 42
-0.4142135623730951
  0
LWPOLYLINE
  5
158
330
1F
100
AcDbEntity
  8
0
100
AcDbPolyline
 90
        8
 70
     1
 43
0.0
 10
78.97137566010584
 20
75.88463702815565
 10
78.97137566010584
 20
88.38463702815564
 42
-0.4142135623730951
 10
79.72137566010585
 20
89.13463702815565
 10
92.22137566010585
 20
89.13463702815565
 42
-0.4142135623730951
 10
92.97137566010585
 20
88.38463702815564
 10
92.97137566010585
 20
75.88463702815565
 42
-0.4142135623730951
 10
92.22137566010585
 20
75.13463702815565
 10
79.72137566010585
 20
75.13463702815565
 42
-0.4142135623730951
  0
LWPOLYLINE
  5
159
330
1F
100
AcDbEntity
  8
0
100
AcDbPolyline
 90
        8
 70
     1
 43
0.0
 10
107.5463756601058
 20
94.93463702815565
 10
107.5463756601058
 20
107.4346370281557
 42
-0.4142135623730949
 10
108.2963756601058
 20
108.1846370281557
 10
120.7963756601058
 20
108.1846370281557
 42
-0.4142135623730951
 10
121.5463756601058
 20
107.4346370281557
 10
121.5463756601058
 20
94.93463702815565
 42
-0.4142135623730951
 10
120.7963756601058
 20
94.18463702815564
 10
108.2963756601058
 20
94.18463702815566
 42
-0.4142135623730951
  0
LWPOLYLINE
  5
160
330
1F
100
AcDbEntity
  8
0
100
AcDbPolyline
 90
        8
 70
     1
 43
0.0
 10
240.6088756601059
 20
50.28463702815563
 10
240.6088756601059
 20
37.78463702815564
 42
-0.4142135623730951
 10
239.8588756601059
 20
37.03463702815564
 10
227.3588756601059
 20
37.03463702815564
 42
-0.4142135623730951
 10
226.6088756601059
 20
37.78463702815564
 10
226.6088756601059
 20
50.28463702815563
 42
-0.4142135623730951
 10
227.3588756601059
 20
51.03463702815563
 10
239.8588756601059
 20
51.03463702815563
 42
-0.4142135623730951
  0
LWPOLYLINE
  5
161
330
1F
100
AcDbEntity
  8
0
100
AcDbPolyline
 90
        8
 70
     1
 43
0.0
 10
217.8338756601059
 20
70.08463702815564
 10
230.3338756601059
 20
70.08463702815564
 42
-0.4142135623730951
 10
231.0838756601058
 20
69.33463702815564
 10
231.0838756601058
 20
56.83463702815562
 42
-0.4142135623730951
 10
230.3338756601059
 20
56.08463702815562
 10
217.8338756601059
 20
56.08463702815562
 42
-0.4142135623730951
 10
217.0838756601058
 20
56.83463702815562
 10
217.0838756601058
 20
69.33463702815564
 42
-0.4142135623730951
  0
LWPOLYLINE
  5
162
330
1F
100
AcDbEntity
  8
0
100
AcDbPolyline
 90
        8
 70
     1
 43
0.0
 10
179.7338756601058
 20
70.08463702815564
 10
192.2338756601058
 20
70.08463702815564
 42
-0.4142135623730951
 10
192.9838756601058
 20
69.33463702815564
 10
192.9838756601058
 20
56.83463702815563
 42
-0.4142135623730951
 10
192.2338756601058
 20
56.08463702815563
 10
179.7338756601058
 20
56.08463702815563
 42
-0.4142135623730951
 10
178.9838756601058
 20
56.83463702815563
 10
178.9838756601058
 20
69.33463702815564
 42
-0.4142135623730951
  0
LWPOLYLINE
  5
163
330
1F
100
AcDbEntity
  8
0
100
AcDbPolyline
 90
        8
 70
     1
 43
0.0
 10
249.3838756601059
 20
56.08463702815562
 10
236.8838756601059
 20
56.08463702815562
 42
-0.4142135623730951
 10
236.1338756601059
 20
56.83463702815562
 10
236.1338756601059
 20
69.33463702815564
 42
-0.4142135623730951
 10
236.8838756601059
 20
70.08463702815564
 10
249.3838756601059
 20
70.08463702815564
 42
-0.4142135623730951
 10
250.1338756601058
 20
69.33463702815564
 10
250.1338756601058
 20
56.83463702815562
 42
-0.4142135623730951
  0
LWPOLYLINE
  5
164
330
1F
100
AcDbEntity
  8
0
100
AcDbPolyline
 90
        8
 70
     1
 43
0.0
 10
220.8088756601058
 20
37.03463702815564
 10
208.3088756601058
 20
37.03463702815564
 42
-0.4142135623730951
 10
207.5588756601058
 20
37.78463702815564
 10
207.5588756601058
 20
50.28463702815564
 42
-0.4142135623730951
 10
208.3088756601058
 20
51.03463702815563
 10
220.8088756601058
 20
51.03463702815563
 42
-0.4142135623730951
 10
221.5588756601058
 20
50.28463702815563
 10
221.5588756601058
 20
37.78463702815564
 42
-0.4142135623730951
  0
LWPOLYLINE
  5
165
330
1F
100
AcDbEntity
  8
0
100
AcDbPolyline
 90
        8
 70
     1
 43
0.0
 10
150.4088756601058
 20
37.78463702815565
 10
150.4088756601058
 20
50.28463702815564
 42
-0.4142135623730951
 10
151.1588756601058
 20
51.03463702815564
 10
163.6588756601058
 20
51.03463702815563
 42
-0.4142135623730951
 10
164.4088756601058
 20
50.28463702815564
 10
164.4088756601059
 20
37.78463702815565
 42
-0.4142135623730951
 10
163.6588756601058
 20
37.03463702815565
 10
151.1588756601058
 20
37.03463702815564
 42
-0.4142135623730951
  0
LWPOLYLINE
  5
166
330
1F
100
AcDbEntity
  8
0
100
AcDbPolyline
 90
        8
 70
     1
 43
0.0
 10
31.05887566010584
 20
88.38463702815566
 10
31.05887566010584
 20
75.88463702815565
 42
-0.4142135623730951
 10
30.30887566010584
 20
75.13463702815565
 10
17.80887566010587
 20
75.13463702815565
 42
-0.4142135623730946
 10
17.05887566010587
 20
75.88463702815565
 10
17.05887566010587
 20
88.38463702815566
 42
-0.4142135623730951
 10
17.80887566010587
 20
89.13463702815567
 10
30.30887566010584
 20
89.13463702815565
 42
-0.4142135623730951
  0
LWPOLYLINE
  5
167
330
1F
100
AcDbEntity
  8
0
100
AcDbPolyline
 90
        8
 70
     1
 43
0.0
 10
103.5338756601058
 20
70.08463702815565
 10
116.0338756601058
 20
70.08463702815564
 42
-0.4142135623730951
 10
116.7838756601058
 20
69.33463702815565
 10
116.7838756601058
 20
56.83463702815564
 42
-0.4142135623730951
 10
116.0338756601058
 20
56.08463702815564
 10
103.5338756601058
 20
56.08463702815564
 42
-0.4142135623730951
 10
102.7838756601058
 20
56.83463702815564
 10
102.7838756601058
 20
69.33463702815565
 42
-0.4142135623730951
  0
LWPOLYLINE
  5
168
330
1F
100
AcDbEntity
  8
0
100
AcDbPolyline
 90
        8
 70
     1
 43
0.0
 10
182.7088756601058
 20
37.03463702815565
 10
170.2088756601058
 20
37.03463702815565
 42
-0.4142135623730951
 10
169.4588756601058
 20
37.78463702815565
 10
169.4588756601058
 20
50.28463702815564
 42
-0.4142135623730951
 10
170.2088756601058
 20
51.03463702815563
 10
182.7088756601058
 20
51.03463702815563
 42
-0.4142135623730951
 10
183.4588756601058
 20
50.28463702815564
 10
183.4588756601058
 20
37.78463702815565
 42
-0.4142135623730951
  0
LWPOLYLINE
  5
169
330
1F
100
AcDbEntity
  8
0
100
AcDbPolyline
 90
        8
 70
     1
 43
0.0
 10
160.6838756601058
 20
70.08463702815564
 10
173.1838756601058
 20
70.08463702815564
 42
-0.4142135623730951
 10
173.9338756601058
 20
69.33463702815564
 10
173.9338756601058
 20
56.83463702815563
 42
-0.4142135623730951
 10
173.1838756601058
 20
56.08463702815563
 10
160.6838756601058
 20
56.08463702815563
 42
-0.4142135623730951
 10
159.9338756601059
 20
56.83463702815563
 10
159.9338756601058
 20
69.33463702815564
 42
-0.4142135623730951
  0
LWPOLYLINE
  5
170
330
1F
100
AcDbEntity
  8
0
100
AcDbPolyline
 90
        8
 70
     1
 43
0.0
 10
263.6713756601058
 20
75.13463702815562
 10
251.1713756601058
 20
75.13463702815563
 42
-0.4142135623730951
 10
250.4213756601058
 20
75.88463702815563
 10
250.4213756601058
 20
88.38463702815564
 42
-0.4142135623730951
 10
251.1713756601058
 20
89.13463702815564
 10
263.6713756601058
 20
89.13463702815562
 42
-0.4142135623730951
 10
264.4213756601058
 20
88.38463702815564
 10
264.4213756601058
 20
75.88463702815563
 42
-0.4142135623730951
  0
LWPOLYLINE
  5
171
330
1F
100
AcDbEntity
  8
0
100
AcDbPolyline
 90
        8
 70
     1
 43
0.0
 10
130.3213756601058
 20
75.13463702815565
 10
117.8213756601058
 20
75.13463702815565
 42
-0.4142135623730951
 10
117.0713756601058
 20
75.88463702815565
 10
117.0713756601058
 20
88.38463702815564
 42
-0.4142135623730951
 10
117.8213756601058
 20
89.13463702815565
 10
130.3213756601058
 20
89.13463702815564
 42
-0.4142135623730951
 10
131.0713756601058
 20
88.38463702815564
 10
131.0713756601058
 20
75.88463702815565
 42
-0.4142135623730951
  0
LWPOLYLINE
  5
172
330
1F
100
AcDbEntity
  8
0
100
AcDbPolyline
 90
        8
 70
     1
 43
0.0
 10
288.2329800291559
 20
88.38463703291564
 10
288.2329800291559
 20
75.88500167909564
 42
-0.4142135623730951
 10
287.4829800291559
 20
75.13500167909562
 10
274.9833392923558
 20
75.13500167909564
 42
-0.4142135623730951
 10
274.2333392923559
 20
75.88500167909564
 10
274.2333392923559
 20
88.38463703291564
 42
-0.4142135623730951
 10
274.9833392923558
 20
89.13463703291563
 10
287.4829800291559
 20
89.13463703291562
 42
-0.4142135623730951
  0
LWPOLYLINE
  5
173
330
1F
100
AcDbEntity
  8
0
100
AcDbPolyline
 90
        8
 70
     1
 43
0.0
 10
57.90210011123583
 20
19.73463704720566
 10
57.90210011123583
 20
30.23463704720563
 42
-0.4142135623731055
 10
58.65210011123583
 20
30.98463704720566
 10
60.65210011123583
 20
30.98463704720569
 42
-0.4142135623731055
 10
61.40210011123586
 20
30.23463704720566
 10
61.40210011123585
 20
19.73463704720566
 42
-0.4142135623730881
 10
60.65210011123582
 20
18.98463704720564
 10
58.65210011123583
 20
18.98463704720569
 42
-0.4142135623730881
  0
LWPOLYLINE
  5
174
330
1F
100
AcDbEntity
  8
0
100
AcDbPolyline
 90
       16
 70
     1
 43
0.0
 10
35.37137566010591
 20
79.98371870979565
 42
0.4142135623730951
 10
34.87137566010594
 20
80.48371870979563
 10
33.09670410155584
 20
80.4837187097957
 42
-0.4142135623730899
 10
32.34670410155589
 20
81.23371870979566
 10
32.34670410155583
 20
83.73371870979566
 42
-0.4142135623730951
 10
33.09670410155584
 20
84.48371870979567
 10
34.87137566010594
 20
84.48371870979567
 42
0.4142135623730951
 10
35.37137566010593
 20
84.98371870979566
 10
35.37137566010584
 20
87.38463702815566
 42
-0.4142135623730934
 10
36.12137566010584
 20
88.13463702815566
 10
38.12137566010584
 20
88.13463702815568
 42
-0.4142135623730951
 10
38.87137566010586
 20
87.38463702815566
 10
38.87137566010586
 20
76.88463702815576
 42
-0.4142135623730951
 10
38.12137566010584
 20
76.13463702815575
 10
36.12137566010584
 20
76.13463702815575
 42
-0.4142135623730951
 10
35.37137566010583
 20
76.88463702815576
  0
LWPOLYLINE
  5
175
330
1F
100
AcDbEntity
  8
0
100
AcDbPolyline
 90
        8
 70
     1
 43
0.0
 10
255.6338756601059
 20
68.33463702815572
 10
255.6338756601059
 20
57.83463702815573
 42
-0.4142135623730604
 10
254.8838756601059
 20
57.08463702815571
 10
252.8838756601059
 20
57.08463702815573
 42
-0.414213562373109
 10
252.1338756601058
 20
57.83463702815573
 10
252.1338756601058
 20
68.33463702815564
 42
-0.4142135623730604
 10
252.8838756601059
 20
69.08463702815564
 10
254.8838756601059
 20
69.08463702815564
 42
-0.4142135623730362
  0
LWPOLYLINE
  5
176
330
1F
100
AcDbEntity
  8
0
100
AcDbPolyline
 90
        8
 70
     1
 43
0.0
 10
248.6088756601059
 20
49.28463702815573
 10
248.6088756601059
 20
38.78463702815574
 42
-0.4142135623730604
 10
247.8588756601059
 20
38.03463702815571
 10
245.8588756601058
 20
38.03463702815573
 42
-0.414213562373109
 10
245.1088756601059
 20
38.78463702815574
 10
245.1088756601059
 20
49.28463702815573
 42
-0.4142135623730673
 10
245.8588756601058
 20
50.03463702815574
 10
247.8588756601059
 20
50.03463702815572
 42
-0.4142135623730951
  0
LWPOLYLINE
  5
177
330
1F
100
AcDbEntity
  8
0
100
AcDbPolyline
 90
        8
 70
     1
 43
0.0
 10
40.13387566010583
 20
57.83463702815574
 10
40.13387566010583
 20
68.33463702815575
 42
-0.4142135623730951
 10
40.88387566010584
 20
69.08463702815577
 10
42.88387566010583
 20
69.08463702815577
 42
-0.4142135623730951
 10
43.63387566010584
 20
68.33463702815575
 10
43.63387566010584
 20
57.83463702815574
 42
-0.4142135623730951
 10
42.88387566010583
 20
57.08463702815573
 10
40.88387566010583
 20
57.08463702815574
 42
-0.4142135623730951
  0
LWPOLYLINE
  5
178
330
1F
100
AcDbEntity
  8
0
100
AcDbPolyline
 90
        8
 70
     1
 43
0.0
 10
64.68387566010583
 20
18.48463702815567
 10
64.68387566010584
 20
31.48463702815565
 42
-0.4142135623730951
 10
65.18387566010584
 20
31.98463702815566
 10
78.18387566010582
 20
31.98463702815564
 42
-0.4142135623730951
 10
78.68387566010582
 20
31.48463702815564
 10
78.68387566010579
 20
18.48463702815567
 42
-0.4142135623731002
 10
78.18387566010582
 20
17.9846370281557
 10
65.18387566010583
 20
17.98463702815567
 42
-0.4142135623731002
  0
LWPOLYLINE
  5
179
330
1F
100
AcDbEntity
  8
0
100
AcDbPolyline
 90
        8
 70
     1
 43
0.0
 10
40.87137566010582
 20
18.48463702815567
 10
40.87137566010582
 20
31.48463702815565
 42
-0.4142135623730976
 10
41.37137566010582
 20
31.98463702815566
 10
54.37137566010584
 20
31.98463702815568
 42
-0.4142135623731107
 10
54.87137566010584
 20
31.48463702815565
 10
54.87137566010581
 20
18.48463702815567
 42
-0.4142135623731002
 10
54.37137566010583
 20
17.9846370281557
 10
41.37137566010582
 20
17.98463702815567
 42
-0.4142135623731002
  0
LWPOLYLINE
  5
180
330
1F
100
AcDbEntity
  8
0
100
AcDbPolyline
 90
        8
 70
     1
 43
0.0
 10
17.05887566010586
 20
18.48463702815567
 10
17.05887566010586
 20
31.48463702815565
 42
-0.4142135623730958
 10
17.55887566010586
 20
31.98463702815566
 10
30.55887566010583
 20
31.98463702815566
 42
-0.4142135623730976
 10
31.05887566010583
 20
31.48463702815565
 10
31.05887566010581
 20
18.48463702815567
 42
-0.4142135623730976
 10
30.55887566010583
 20
17.9846370281557
 10
17.55887566010586
 20
17.98463702815567
 42
-0.4142135623730744
  0
CIRCLE
  5
181
330
1F
100
AcDbEntity
  8
0
100
AcDbCircle
 10
292.1468978096559
 20
88.58341171628564
 30
0.0
 40
2.2
  0
CIRCLE
  5
182
330
1F
100
AcDbEntity
  8
0
100
AcDbCircle
 10
34.77489780965584
 20
24.98341171628567
 30
0.0
 40
2.2
  0
CIRCLE
  5
183
330
1F
100
AcDbEntity
  8
0
100
AcDbCircle
 10
209.8468978096558
 20
73.08341171628564
 30
0.0
 40
2.2
  0
CIRCLE
  5
184
330
1F
100
AcDbEntity
  8
0
100
AcDbCircle
 10
76.44689780965584
 20
73.08341171628566
 30
0.0
 40
2.2
  0
CIRCLE
  5
185
330
1F
100
AcDbEntity
  8
0
100
AcDbCircle
 10
14.14689780965581
 20
91.08341171628566
 30
0.0
 40
2.2
  0
CIRCLE
  5
186
330
1F
100
AcDbEntity
  8
0
100
AcDbCircle
 10
143.1468978096558
 20
92.08341171628566
 30
0.0
 40
2.2
  0
CIRCLE
  5
187
330
1F
100
AcDbEntity
  8
0
100
AcDbCircle
 10
163.1468978096558
 20
21.98341171628576
 30
0.0
 40
2.2
  0
CIRCLE
  5
188
330
1F
100
AcDbEntity
  8
0
100
AcDbCircle
 10
270.5168978096559
 20
24.98341171628565
 30
0.0
 40
2.2
  0
LWPOLYLINE
  5
189
330
1F
100
AcDbEntity
  8
0
100
AcDbPolyline
 90
       24
 70
     1
 43
0.0
 10
292.4093756601059
 20
94.18463702815563
 42
0.4142135623730755
 10
291.9093756601059
 20
93.68463702815564
 10
291.9093756601059
 20
92.68463702815564
 42
-0.4142135623731328
 10
291.4093756601058
 20
92.18463702815562
 10
285.4093756601059
 20
92.18463702815565
 42
-0.4142135623731223
 10
284.9093756601059
 20
92.68463702815564
 10
284.9093756601059
 20
93.68463702815564
 42
0.4142135623730236
 10
284.4093756601058
 20
94.18463702815566
 10
268.5333756601058
 20
94.18463702815563
 42
0.4142135623730755
 10
268.0333756601058
 20
93.68463702815564
 10
268.0333756601059
 20
92.68463702815564
 42
-0.4142135623731223
 10
267.5333756601059
 20
92.18463702815562
 10
261.5333756601058
 20
92.18463702815565
 42
-0.4142135623731223
 10
261.0333756601058
 20
92.68463702815564
 10
261.0333756601058
 20
93.68463702815564
 42
0.4142135623730236
 10
260.5333756601059
 20
94.18463702815566
 10
260.4463756601059
 20
94.18463702815563
 42
-0.4142135623731237
 10
259.9463756601058
 20
94.68463702815563
 10
259.9463756601058
 20
107.6846370281556
 42
-0.4142135623731013
 10
260.4463756601059
 20
108.1846370281556
 10
292.4963756601059
 20
108.1846370281556
 42
-0.4142135623731332
 10
292.9963756601059
 20
107.6846370281556
 10
292.9963756601059
 20
94.68463702815563
 42
-0.4142135623730951
 10
292.4963756601059
 20
94.18463702815563
  0
LWPOLYLINE
  5
190
330
1F
100
AcDbEntity
  8
0
100
AcDbPolyline
 90
        8
 70
     1
 43
0.0
 10
272.7576537425798
 20
112.8970697361314
 42
0.6839252201119069
 10
280.1850976174519
 20
112.8970697361315
 42
0.5275836352850659
 10
279.8123237838058
 20
113.4421203099106
 10
279.7747825307959
 20
113.4421203099088
 42
0.3082072082627592
 10
279.4025676743698
 20
113.1885993208823
 42
-0.6811146429276178
 10
273.5401836856605
 20
113.1885993208857
 42
0.3082072082602576
 10
273.1679688292359
 20
113.4421203099106
 10
273.1304275762158
 20
113.4421203099085
 42
0.5275836352880733
  0
LWPOLYLINE
  5
191
330
1F
100
AcDbEntity
  8
0
100
AcDbPolyline
 90
        8
 70
     1
 43
0.0
 10
206.0826537226694
 20
112.889611948063
 42
0.6839252201116976
 10
213.5100975975404
 20
112.8896119480635
 42
0.5275836352873786
 10
213.1373237638999
 20
113.4346625218436
 10
213.0997825108868
 20
113.4346625218418
 42
0.3082072082617593
 10
212.7275676544605
 20
113.181141532817
 42
-0.6811146429276878
 10
206.8651836657493
 20
113.1811415328166
 42
0.3082072082617802
 10
206.4929688093238
 20
113.4346625218436
 10
206.4554275563098
 20
113.4346625218415
 42
0.5275836352877806
  0
LWPOLYLINE
  5
192
330
1F
100
AcDbEntity
  8
0
100
AcDbPolyline
 90
        8
 70
     1
 43
0.0
 10
110.8326537226694
 20
112.8896119480635
 42
0.6839252201116507
 10
118.2600975975403
 20
112.8896119480635
 42
0.5275836352877854
 10
117.8873237638998
 20
113.4346625218441
 10
117.8497825108868
 20
113.4346625218423
 42
0.308207208261754
 10
117.4775676544605
 20
113.1811415328175
 42
-0.6811146429276941
 10
111.6151836657493
 20
113.1811415328171
 42
0.3082072082617555
 10
111.2429688093238
 20
113.4346625218441
 10
111.2054275563098
 20
113.434662521842
 42
0.5275836352878042
  0
LWPOLYLINE
  5
193
330
1F
100
AcDbEntity
  8
0
100
AcDbPolyline
 90
        8
 70
     1
 43
0.0
 10
15.58265372267052
 20
112.8895852319841
 42
0.6839252201116494
 10
23.01009759754143
 20
112.889585231984
 42
0.5275836352878168
 10
22.63732376390094
 20
113.4346358057646
 10
22.59978251088714
 20
113.4346358057628
 42
0.3082072082618006
 10
22.22756765446263
 20
113.1811148167372
 42
-0.6811146429276958
 10
16.36518366574919
 20
113.1811148167376
 42
0.3082072082617957
 10
15.99296880932372
 20
113.4346358057646
 10
15.95542755631102
 20
113.4346358057625
 42
0.5275836352877477
  0
INSERT
  5
10158
330
1F
100
AcDbEntity
  8
Smart Centers
 48
0.75
100
AcDbBlockReference
  2
*U0
 10
14.1468978096559
 20
91.08341171628564
 30
0.0
  0
CIRCLE
  5
10159
330
1F
100
AcDbEntity
  8
Visible
100
AcDbCircle
 10
-14.1468978096559
 20
91.08341171628564
 30
0.0
 40
1.199999999999999
210
0.0
220
0.0
230
-1.0
  0
INSERT
  5
1015A
330
1F
100
AcDbEntity
  8
Smart Centers
 48
0.75
100
AcDbBlockReference
  2
*U1
 10
76.44689780965586
 20
73.08341171628564
 30
0.0
  0
CIRCLE
  5
1015B
330
1F
100
AcDbEntity
  8
Visible
100
AcDbCircle
 10
-76.44689780965586
 20
73.08341171628564
 30
0.0
 40
1.199999999999999
210
0.0
220
0.0
230
-1.0
  0
INSERT
  5
1015C
330
1F
100
AcDbEntity
  8
Smart Centers
 48
0.75
100
AcDbBlockReference
  2
*U2
 10
34.77489780965584
 20
24.98341171628567
 30
0.0
  0
CIRCLE
  5
1015D
330
1F
100
AcDbEntity
  8
Visible
100
AcDbCircle
 10
-34.77489780965584
 20
24.98341171628567
 30
0.0
 40
1.199999999999999
210
0.0
220
0.0
230
-1.0
  0
INSERT
  5
1015E
330
1F
100
AcDbEntity
  8
Smart Centers
 48
0.75
100
AcDbBlockReference
  2
*U3
 10
163.1468978096556
 20
21.98341171628562
 30
0.0
  0
CIRCLE
  5
1015F
330
1F
100
AcDbEntity
  8
Visible
100
AcDbCircle
 10
-163.1468978096556
 20
21.98341171628562
 30
0.0
 40
1.199999999999999
210
0.0
220
0.0
230
-1.0
  0
INSERT
  5
10160
330
1F
100
AcDbEntity
  8
Smart Centers
 48
0.75
100
AcDbBlockReference
  2
*U4
 10
209.8468978096557
 20
73.08341171628564
 30
0.0
  0
CIRCLE
  5
10161
330
1F
100
AcDbEntity
  8
Visible
100
AcDbCircle
 10
-209.8468978096557
 20
73.08341171628564
 30
0.0
 40
1.199999999999999
210
0.0
220
0.0
230
-1.0
  0
INSERT
  5
10162
330
1F
100
AcDbEntity
  8
Smart Centers
 48
0.75
100
AcDbBlockReference
  2
*U5
 10
143.1468978096559
 20
92.08341171628559
 30
0.0
  0
CIRCLE
  5
10163
330
1F
100
AcDbEntity
  8
Visible
100
AcDbCircle
 10
-143.1468978096559
 20
92.08341171628559
 30
0.0
 40
1.199999999999999
210
0.0
220
0.0
230
-1.0
  0
INSERT
  5
10164
330
1F
100
AcDbEntity
  8
Smart Centers
 48
0.75
100
AcDbBlockReference
  2
*U6
 10
292.1468978096557
 20
88.58341171628557
 30
0.0
  0
CIRCLE
  5
10165
330
1F
100
AcDbEntity
  8
Visible
100
AcDbCircle
 10
-292.1468978096557
 20
88.58341171628557
 30
0.0
 40
1.199999999999999
210
0.0
220
0.0
230
-1.0
  0
INSERT
  5
10166
330
1F
100
AcDbEntity
  8
Smart Centers
 48
0.75
100
AcDbBlockReference
  2
*U7
 10
270.516897809656
 20
24.98341171628562
 30
0.0
  0
CIRCLE
  5
10167
330
1F
100
AcDbEntity
  8
Visible
100
AcDbCircle
 10
-270.516897809656
 20
24.98341171628562
 30
0.0
 40
1.199999999999999
210
0.0
220
0.0
230
-1.0
  0
ENDSEC
  0
SECTION
  2
OBJECTS
  0
DICTIONARY
  5
C
330
0
100
AcDbDictionary
281
     1
  3
ACAD_BACKGROUND
350
1005B
  3
ACAD_CIP_PREVIOUS_PRODUCT_INFO
350
1005A
  3
ACAD_COLOR
350
10036
  3
ACAD_DETAILVIEWSTYLE
350
10051
  3
ACAD_GROUP
350
D
  3
ACAD_LAST_SAVED_VERSION_INFO
350
1005E
  3
ACAD_LAYOUT
350
10037
  3
ACAD_MATERIAL
350
10004
  3
ACAD_MLEADERSTYLE
350
1004D
  3
ACAD_MLINESTYLE
350
17
  3
ACAD_PLOTSETTINGS
350
10054
  3
ACAD_PLOTSTYLENAME
350
10002
  3
ACAD_SCALELIST
350
1003B
  3
ACAD_SECTIONVIEWSTYLE
350
1004F
  3
ACAD_TABLESTYLE
350
10038
  3
ACAD_VISUALSTYLE
350
1001D
  3
ACDB_RECOMPOSE_DATA
350
101B7
  3
AcDbVariableDictionary
350
1006A
  3
AcDsDecomposeData
350
101BD
  0
DICTIONARY
  5
10064
330
2
100
AcDbDictionary
280
     1
281
     1
  3
ACAD_LAYERSTATES
360
10065
  0
DICTIONARY
  5
1005F
330
50
100
AcDbDictionary
280
     1
281
     1
  3
ADSK_XREC_LAYER_RECONCILED
360
10060
  0
DICTIONARY
  5
1005B
102
{ACAD_REACTORS
330
C
102
}
330
C
100
AcDbDictionary
281
     1
  0
XRECORD
  5
1005A
102
{ACAD_REACTORS
330
C
102
}
330
C
100
AcDbXrecord
280
     1
300
ACDMAC
300
2025
300

  0
DICTIONARY
  5
10036
102
{ACAD_REACTORS
330
C
102
}
330
C
100
AcDbDictionary
281
     1
  0
DICTIONARY
  5
10051
102
{ACAD_REACTORS
330
C
102
}
330
C
100
AcDbDictionary
281
     1
  3
Imperial24
350
10052
  0
DICTIONARY
  5
D
330
C
100
AcDbDictionary
281
     1
  0
XRECORD
  5
1005E
102
{ACAD_REACTORS
330
C
102
}
330
C
100
AcDbXrecord
280
     1
300
{9A86A7FC-78F9-2D41-89BB-30C76A88326D}
301
{53BB00E0-0B4E-F14D-92F0-BAE156CBD021}
302
{9A86A7FC-78F9-2D41-89BB-30C76A88326D}
303
/Users/junkibeom/Downloads/60 3.0Venom60专用定位板-7U-碳纤维.dxf
  0
DICTIONARY
  5
10037
102
{ACAD_REACTORS
330
C
102
}
330
C
100
AcDbDictionary
281
     1
  3
Model
350
10055
  3
배치1
350
10056
  0
DICTIONARY
  5
10004
102
{ACAD_REACTORS
330
C
102
}
330
C
100
AcDbDictionary
281
     1
  3
ByBlock
350
1000D
  3
ByLayer
350
10005
  3
Global
350
10015
  0
DICTIONARY
  5
1004D
102
{ACAD_REACTORS
330
C
102
}
330
C
100
AcDbDictionary
281
     1
  3
Standard
350
1004E
  0
DICTIONARY
  5
17
330
C
100
AcDbDictionary
281
     1
  3
Standard
350
1003A
  0
DICTIONARY
  5
10054
102
{ACAD_REACTORS
330
C
102
}
330
C
100
AcDbDictionary
281
     1
  0
ACDBDICTIONARYWDFLT
  5
10002
102
{ACAD_REACTORS
330
C
102
}
330
C
100
AcDbDictionary
281
     1
  3
Normal
350
10003
100
AcDbDictionaryWithDefault
340
10003
  0
DICTIONARY
  5
1003B
102
{ACAD_REACTORS
330
C
102
}
330
C
100
AcDbDictionary
281
     1
  3
A0
350
1003C
  3
A1
350
1003D
  3
A2
350
1003E
  3
A3
350
1003F
  3
A4
350
10040
  3
A5
350
10041
  3
A6
350
10042
  3
A7
350
10043
  3
A8
350
10044
  3
A9
350
10045
  3
B0
350
10046
  3
B1
350
10047
  3
B2
350
10048
  3
B3
350
10049
  3
B4
350
1004A
  3
B5
350
1004B
  3
B6
350
1004C
  0
DICTIONARY
  5
1004F
102
{ACAD_REACTORS
330
C
102
}
330
C
100
AcDbDictionary
281
     1
  3
Imperial24
350
10050
  0
DICTIONARY
  5
10038
102
{ACAD_REACTORS
330
C
102
}
330
C
100
AcDbDictionary
281
     1
  3
Standard
350
10039
  0
DICTIONARY
  5
1001D
102
{ACAD_REACTORS
330
C
102
}
330
C
100
AcDbDictionary
281
     1
  3
2dWireframe
350
10023
  3
Basic
350
10022
  3
Brighten
350
10029
  3
ColorChange
350
1002D
  3
Conceptual
350
10026
  3
Dim
350
10028
  3
EdgeColorOff
350
10035
  3
Facepattern
350
1002C
  3
Flat
350
1001E
  3
FlatWithEdges
350
1001F
  3
Gouraud
350
10020
  3
GouraudWithEdges
350
10021
  3
Hidden
350
10025
  3
JitterOff
350
10033
  3
Linepattern
350
1002B
  3
OverhangOff
350
10034
  3
Realistic
350
10027
  3
Shaded
350
10032
  3
Shaded with edges
350
10031
  3
Shades of Gray
350
1002E
  3
Sketchy
350
1002F
  3
Thicken
350
1002A
  3
Wireframe
350
10024
  3
X-Ray
350
10030
  0
XRECORD
  5
101B7
102
{ACAD_REACTORS
330
C
102
}
330
C
100
AcDbXrecord
280
     1
 90
        1
330
10039
  0
DICTIONARY
  5
1006A
102
{ACAD_REACTORS
330
C
102
}
330
C
100
AcDbDictionary
281
     1
  3
CANNOSCALE
350
10070
  3
CMLEADERSTYLE
350
1006C
  3
CTABLESTYLE
350
1006B
  3
CVIEWDETAILSTYLE
350
1006D
  3
CVIEWSECTIONSTYLE
350
1006E
  3
LAYEREVAL
350
10072
  3
LAYERNOTIFY
350
10073
  3
LIGHTINGUNITS
350
10071
  3
MSLTSCALE
350
1006F
  0
DICTIONARY
  5
101BD
102
{ACAD_REACTORS
330
C
102
}
330
C
100
AcDbDictionary
281
     1
  3
AcDsRecords
350
101BF
  3
AcDsSchemas
350
101BE
1001
ACAD
1070
     2
  0
DICTIONARY
  5
10065
102
{ACAD_REACTORS
330
10064
102
}
330
10064
100
AcDbDictionary
281
     1
  0
XRECORD
  5
10060
102
{ACAD_REACTORS
330
1005F
102
}
330
1005F
100
AcDbXrecord
280
     1
290
     1
  0
ACDBDETAILVIEWSTYLE
  5
10052
102
{ACAD_XDICTIONARY
360
101F2
102
}
102
{ACAD_REACTORS
330
10051
102
}
330
10051
100
AcDbModelDocViewStyle
 70
     0
  3
Imperial24
290
     0
100
AcDbDetailViewStyle
 70
     0
 71
     0
 90
        3
 71
     1
340
11
 62
   256
 40
0.24
340
0
 62
   256
 40
0.24
300

 40
0.36
280
     3
 71
     2
340
10001
 90
       25
 62
   256
 71
     3
340
11
 62
   256
 40
0.24
 90
        1
 40
0.75
 90
        1
300
%<\AcVar ViewType \f "%tc1">% %<\AcVar ViewDetailId>%\PSCALE %<\AcVar ViewScale \f "%sn">%
 71
     4
340
10001
 90
       25
 62
   256
340
10001
 90
       25
 62
   256
280
     0
  0
LAYOUT
  5
10055
102
{ACAD_REACTORS
330
10037
102
}
330
10037
100
AcDbPlotSettings
  1

  2

  4

  6

 40
0.0
 41
0.0
 42
0.0
 43
0.0
 44
0.0
 45
0.0
 46
0.0
 47
0.0
 48
0.0
 49
0.0
140
0.0
141
0.0
142
1.0
143
1.0
 70
  1712
 72
     0
 73
     0
 74
     0
  7

 75
     0
147
1.0
 76
     0
 77
     2
 78
   300
148
0.0
149
0.0
100
AcDbLayout
  1
Model
 70
     1
 71
     0
 10
0.0
 20
0.0
 11
12.0
 21
9.0
 12
0.0
 22
0.0
 32
0.0
 14
0.0
 24
0.0
 34
0.0
 15
0.0
 25
0.0
 35
0.0
146
0.0
 13
0.0
 23
0.0
 33
0.0
 16
1.0
 26
0.0
 36
0.0
 17
0.0
 27
1.0
 37
0.0
 76
     0
330
1F
331
10059
  0
LAYOUT
  5
10056
102
{ACAD_REACTORS
330
10037
102
}
330
10037
100
AcDbPlotSettings
  1

  2

  4

  6

 40
0.0
 41
0.0
 42
0.0
 43
0.0
 44
0.0
 45
0.0
 46
0.0
 47
0.0
 48
0.0
 49
0.0
140
0.0
141
0.0
142
1.0
143
1.0
 70
   688
 72
     0
 73
     0
 74
     5
  7

 75
    16
147
1.0
 76
     0
 77
     2
 78
   300
148
0.0
149
0.0
100
AcDbLayout
  1
배치1
 70
     1
 71
     1
 10
0.0
 20
0.0
 11
12.0
 21
9.0
 12
0.0
 22
0.0
 32
0.0
 14
1.000000000000000E+20
 24
1.000000000000000E+20
 34
1.000000000000000E+20
 15
-1.000000000000000E+20
 25
-1.000000000000000E+20
 35
-1.000000000000000E+20
146
0.0
 13
0.0
 23
0.0
 33
0.0
 16
1.0
 26
0.0
 36
0.0
 17
0.0
 27
1.0
 37
0.0
 76
     0
330
1B
  0
MATERIAL
  5
1000D
102
{ACAD_XDICTIONARY
360
1000E
102
}
102
{ACAD_REACTORS
330
10004
102
}
330
10004
100
AcDbMaterial
  1
ByBlock
 72
     0
 43
0.0008202099737533
 43
0.0
 43
0.0
 43
0.0
 43
0.0
 43
0.0008202099737533
 43
0.0
 43
0.0
 43
0.0
 43
0.0
 43
1.0
 43
0.0
 43
0.0
 43
0.0
 43
0.0
 43
1.0
 77
     0
 47
0.0008202099737533
 47
0.0
 47
0.0
 47
0.0
 47
0.0
 47
0.0008202099737533
 47
0.0
 47
0.0
 47
0.0
 47
0.0
 47
1.0
 47
0.0
 47
0.0
 47
0.0
 47
0.0
 47
1.0
171
     0
 49
0.0008202099737533
 49
0.0
 49
0.0
 49
0.0
 49
0.0
 49
0.0008202099737533
 49
0.0
 49
0.0
 49
0.0
 49
0.0
 49
1.0
 49
0.0
 49
0.0
 49
0.0
 49
0.0
 49
1.0
175
     0
142
0.0008202099737533
142
0.0
142
0.0
142
0.0
142
0.0
142
0.0008202099737533
142
0.0
142
0.0
142
0.0
142
0.0
142
1.0
142
0.0
142
0.0
142
0.0
142
0.0
142
1.0
179
     0
144
0.0008202099737533
144
0.0
144
0.0
144
0.0
144
0.0
144
0.0008202099737533
144
0.0
144
0.0
144
0.0
144
0.0
144
1.0
144
0.0
144
0.0
144
0.0
144
0.0
144
1.0
147
0.0008202099737533
147
0.0
147
0.0
147
0.0
147
0.0
147
0.0008202099737533
147
0.0
147
0.0
147
0.0
147
0.0
147
1.0
147
0.0
147
0.0
147
0.0
147
0.0
147
1.0
  0
MATERIAL
  5
10005
102
{ACAD_XDICTIONARY
360
10006
102
}
102
{ACAD_REACTORS
330
10004
102
}
330
10004
100
AcDbMaterial
  1
ByLayer
 72
     0
 43
0.0008202099737533
 43
0.0
 43
0.0
 43
0.0
 43
0.0
 43
0.0008202099737533
 43
0.0
 43
0.0
 43
0.0
 43
0.0
 43
1.0
 43
0.0
 43
0.0
 43
0.0
 43
0.0
 43
1.0
 77
     0
 47
0.0008202099737533
 47
0.0
 47
0.0
 47
0.0
 47
0.0
 47
0.0008202099737533
 47
0.0
 47
0.0
 47
0.0
 47
0.0
 47
1.0
 47
0.0
 47
0.0
 47
0.0
 47
0.0
 47
1.0
171
     0
 49
0.0008202099737533
 49
0.0
 49
0.0
 49
0.0
 49
0.0
 49
0.0008202099737533
 49
0.0
 49
0.0
 49
0.0
 49
0.0
 49
1.0
 49
0.0
 49
0.0
 49
0.0
 49
0.0
 49
1.0
175
     0
142
0.0008202099737533
142
0.0
142
0.0
142
0.0
142
0.0
142
0.0008202099737533
142
0.0
142
0.0
142
0.0
142
0.0
142
1.0
142
0.0
142
0.0
142
0.0
142
0.0
142
1.0
179
     0
144
0.0008202099737533
144
0.0
144
0.0
144
0.0
144
0.0
144
0.0008202099737533
144
0.0
144
0.0
144
0.0
144
0.0
144
1.0
144
0.0
144
0.0
144
0.0
144
0.0
144
1.0
147
0.0008202099737533
147
0.0
147
0.0
147
0.0
147
0.0
147
0.0008202099737533
147
0.0
147
0.0
147
0.0
147
0.0
147
1.0
147
0.0
147
0.0
147
0.0
147
0.0
147
1.0
  0
MATERIAL
  5
10015
102
{ACAD_XDICTIONARY
360
10016
102
}
102
{ACAD_REACTORS
330
10004
102
}
330
10004
100
AcDbMaterial
  1
Global
 72
     0
 43
0.0008202099737533
 43
0.0
 43
0.0
 43
0.0
 43
0.0
 43
0.0008202099737533
 43
0.0
 43
0.0
 43
0.0
 43
0.0
 43
1.0
 43
0.0
 43
0.0
 43
0.0
 43
0.0
 43
1.0
 77
     0
 47
0.0008202099737533
 47
0.0
 47
0.0
 47
0.0
 47
0.0
 47
0.0008202099737533
 47
0.0
 47
0.0
 47
0.0
 47
0.0
 47
1.0
 47
0.0
 47
0.0
 47
0.0
 47
0.0
 47
1.0
171
     0
 49
0.0008202099737533
 49
0.0
 49
0.0
 49
0.0
 49
0.0
 49
0.0008202099737533
 49
0.0
 49
0.0
 49
0.0
 49
0.0
 49
1.0
 49
0.0
 49
0.0
 49
0.0
 49
0.0
 49
1.0
175
     0
142
0.0008202099737533
142
0.0
142
0.0
142
0.0
142
0.0
142
0.0008202099737533
142
0.0
142
0.0
142
0.0
142
0.0
142
1.0
142
0.0
142
0.0
142
0.0
142
0.0
142
1.0
179
     0
144
0.0008202099737533
144
0.0
144
0.0
144
0.0
144
0.0
144
0.0008202099737533
144
0.0
144
0.0
144
0.0
144
0.0
144
1.0
144
0.0
144
0.0
144
0.0
144
0.0
144
1.0
147
0.0008202099737533
147
0.0
147
0.0
147
0.0
147
0.0
147
0.0008202099737533
147
0.0
147
0.0
147
0.0
147
0.0
147
1.0
147
0.0
147
0.0
147
0.0
147
0.0
147
1.0
  0
MLEADERSTYLE
  5
1004E
102
{ACAD_REACTORS
330
1004D
102
}
330
1004D
100
AcDbMLeaderStyle
179
     2
170
     2
171
     1
172
     0
 90
        2
 40
0.0
 41
0.0
173
     1
 91
-1056964608
340
14
 92
       -2
290
     1
 42
0.09
291
     1
 43
0.36
  3
Standard
 44
0.18
300

342
11
174
     1
178
     6
175
     1
176
     0
 93
-1056964608
 45
0.18
292
     0
297
     0
 46
0.18
 94
-1056964608
 47
1.0
 49
1.0
140
1.0
293
     1
141
0.0
294
     1
177
     0
142
1.0
295
     0
296
     0
143
0.125
271
     0
272
     9
273
     9
  0
MLINESTYLE
  5
1003A
102
{ACAD_REACTORS
330
17
102
}
330
17
100
AcDbMlineStyle
  2
STANDARD
 70
     0
  3

 62
   256
 51
90.0
 52
90.0
 71
     2
 49
0.5
 62
   256
  6
BYLAYER
 49
-0.5
 62
   256
  6
BYLAYER
  0
ACDBPLACEHOLDER
  5
10003
102
{ACAD_REACTORS
330
10002
102
}
330
10002
  0
SCALE
  5
1003C
102
{ACAD_REACTORS
330
1003B
102
}
330
1003B
100
AcDbScale
 70
     0
300
1:1
140
1.0
141
1.0
290
     1
  0
SCALE
  5
1003D
102
{ACAD_REACTORS
330
1003B
102
}
330
1003B
100
AcDbScale
 70
     0
300
1/128" = 1'-0"
140
0.0078125
141
12.0
290
     0
  0
SCALE
  5
1003E
102
{ACAD_REACTORS
330
1003B
102
}
330
1003B
100
AcDbScale
 70
     0
300
1/64" = 1'-0"
140
0.015625
141
12.0
290
     0
  0
SCALE
  5
1003F
102
{ACAD_REACTORS
330
1003B
102
}
330
1003B
100
AcDbScale
 70
     0
300
1/32" = 1'-0"
140
0.03125
141
12.0
290
     0
  0
SCALE
  5
10040
102
{ACAD_REACTORS
330
1003B
102
}
330
1003B
100
AcDbScale
 70
     0
300
1/16" = 1'-0"
140
0.0625
141
12.0
290
     0
  0
SCALE
  5
10041
102
{ACAD_REACTORS
330
1003B
102
}
330
1003B
100
AcDbScale
 70
     0
300
3/32" = 1'-0"
140
0.09375
141
12.0
290
     0
  0
SCALE
  5
10042
102
{ACAD_REACTORS
330
1003B
102
}
330
1003B
100
AcDbScale
 70
     0
300
1/8" = 1'-0"
140
0.125
141
12.0
290
     0
  0
SCALE
  5
10043
102
{ACAD_REACTORS
330
1003B
102
}
330
1003B
100
AcDbScale
 70
     0
300
3/16" = 1'-0"
140
0.1875
141
12.0
290
     0
  0
SCALE
  5
10044
102
{ACAD_REACTORS
330
1003B
102
}
330
1003B
100
AcDbScale
 70
     0
300
1/4" = 1'-0"
140
0.25
141
12.0
290
     0
  0
SCALE
  5
10045
102
{ACAD_REACTORS
330
1003B
102
}
330
1003B
100
AcDbScale
 70
     0
300
3/8" = 1'-0"
140
0.375
141
12.0
290
     0
  0
SCALE
  5
10046
102
{ACAD_REACTORS
330
1003B
102
}
330
1003B
100
AcDbScale
 70
     0
300
1/2" = 1'-0"
140
0.5
141
12.0
290
     0
  0
SCALE
  5
10047
102
{ACAD_REACTORS
330
1003B
102
}
330
1003B
100
AcDbScale
 70
     0
300
3/4" = 1'-0"
140
0.75
141
12.0
290
     0
  0
SCALE
  5
10048
102
{ACAD_REACTORS
330
1003B
102
}
330
1003B
100
AcDbScale
 70
     0
300
1" = 1'-0"
140
1.0
141
12.0
290
     0
  0
SCALE
  5
10049
102
{ACAD_REACTORS
330
1003B
102
}
330
1003B
100
AcDbScale
 70
     0
300
1-1/2" = 1'-0"
140
1.5
141
12.0
290
     0
  0
SCALE
  5
1004A
102
{ACAD_REACTORS
330
1003B
102
}
330
1003B
100
AcDbScale
 70
     0
300
3" = 1'-0"
140
3.0
141
12.0
290
     0
  0
SCALE
  5
1004B
102
{ACAD_REACTORS
330
1003B
102
}
330
1003B
100
AcDbScale
 70
     0
300
6" = 1'-0"
140
6.0
141
12.0
290
     0
  0
SCALE
  5
1004C
102
{ACAD_REACTORS
330
1003B
102
}
330
1003B
100
AcDbScale
 70
     0
300
1'-0" = 1'-0"
140
12.0
141
12.0
290
     0
  0
ACDBSECTIONVIEWSTYLE
  5
10050
102
{ACAD_XDICTIONARY
360
101F0
102
}
102
{ACAD_REACTORS
330
1004F
102
}
330
1004F
100
AcDbModelDocViewStyle
 70
     0
  3
Imperial24
290
     0
100
AcDbSectionViewStyle
 70
     0
 71
     0
 90
       78
 71
     1
340
11
 62
   256
 40
0.24
340
0
340
0
 62
   256
 40
0.24
300
I, O, Q, S, X, Z
 40
0.48
 90
        3
 40
0.18
 90
        1
 71
     2
340
10001
 90
       25
 62
   256
340
10001
 90
       50
 62
   256
 40
0.24
 40
0.0
 40
0.24
 71
     3
340
11
 62
   256
 40
0.24
 90
        1
 40
0.75
 90
        1
300
%<\AcVar ViewType \f "%tc1">% %<\AcVar ViewSectionStartId>%-%<\AcVar ViewSectionEndId>%\PSCALE %<\AcVar ViewScale \f "%sn">%
 71
     4
 62
   256
 62
   257
300
ANSI31
 40
1.0
 90
        0
290
     0
290
     0
 90
        6
 40
0.0
 40
1.570796326794896
 40
0.2617993877991494
 40
1.308996938995747
 40
-0.2617993877991494
 40
1.832595714594046
  0
TABLESTYLE
  5
10039
102
{ACAD_XDICTIONARY
360
101B5
102
}
102
{ACAD_REACTORS
330
10038
102
}
330
10038
100
AcDbTableStyle
280
     0
  3
Standard
 70
     0
 71
     0
 40
0.06
 41
0.06
280
     0
281
     0
  7
STANDARD
140
0.18
170
     2
 62
     0
 63
     7
283
     0
 90
      512
 91
        0
  1

274
    -2
284
     1
 64
     0
275
    -2
285
     1
 65
     0
276
    -2
286
     1
 66
     0
277
    -2
287
     1
 67
     0
278
    -2
288
     1
 68
     0
279
    -2
289
     1
 69
     0
  7
STANDARD
140
0.25
170
     5
 62
     0
 63
     7
283
     0
 90
      512
 91
        0
  1

274
    -2
284
     1
 64
     0
275
    -2
285
     1
 65
     0
276
    -2
286
     1
 66
     0
277
    -2
287
     1
 67
     0
278
    -2
288
     1
 68
     0
279
    -2
289
     1
 69
     0
  7
STANDARD
140
0.18
170
     5
 62
     0
 63
     7
283
     0
 90
      512
 91
        0
  1

274
    -2
284
     1
 64
     0
275
    -2
285
     1
 65
     0
276
    -2
286
     1
 66
     0
277
    -2
287
     1
 67
     0
278
    -2
288
     1
 68
     0
279
    -2
289
     1
 69
     0
  0
VISUALSTYLE
  5
10023
102
{ACAD_XDICTIONARY
360
101CA
102
}
102
{ACAD_REACTORS
330
1001D
102
}
330
1001D
100
AcDbVisualStyle
  2
2dWireframe
 70
     4
177
     2
291
     0
 71
     0
176
     1
 72
     2
176
     1
 73
     0
176
     1
 90
        0
176
     1
 40
0.6
176
     1
 41
30.0
176
     1
 63
     7
421
 16777215
176
     1
 74
     1
176
     1
 91
        4
176
     1
 64
     7
176
     1
 65
   257
176
     1
 75
     1
176
     1
175
     1
176
     1
 42
1.0
176
     1
 92
        0
176
     1
 66
   257
176
     1
 43
1.0
176
     1
 76
     1
176
     1
 77
     6
176
     1
 78
     2
176
     1
 67
     7
176
     1
 79
     5
176
     1
170
     0
176
     1
171
     0
176
     1
290
     0
176
     1
 93
        1
176
     1
 44
0.0
176
     1
173
     0
176
     1
1001
ACAD
1000
AcDbSavedByObjectVersion
1070
     0
  0
VISUALSTYLE
  5
10022
102
{ACAD_XDICTIONARY
360
101C8
102
}
102
{ACAD_REACTORS
330
1001D
102
}
330
1001D
100
AcDbVisualStyle
  2
Basic
 70
     7
177
     2
291
     1
 71
     1
176
     1
 72
     0
176
     1
 73
     1
176
     1
 90
        0
176
     1
 40
0.6
176
     1
 41
30.0
176
     1
 63
     7
421
 16777215
176
     1
 74
     0
176
     1
 91
        4
176
     1
 64
     7
176
     1
 65
   257
176
     1
 75
     1
176
     1
175
     1
176
     1
 42
1.0
176
     1
 92
        8
176
     1
 66
     7
176
     1
 43
1.0
176
     1
 76
     1
176
     1
 77
     6
176
     1
 78
     2
176
     1
 67
     7
176
     1
 79
     5
176
     1
170
     0
176
     1
171
     0
176
     1
290
     0
176
     1
 93
        1
176
     1
 44
0.0
176
     1
173
     0
176
     1
1001
ACAD
1000
AcDbSavedByObjectVersion
1070
     0
  0
VISUALSTYLE
  5
10029
102
{ACAD_XDICTIONARY
360
101D6
102
}
102
{ACAD_REACTORS
330
1001D
102
}
330
1001D
100
AcDbVisualStyle
  2
Brighten
 70
    12
177
     2
291
     1
 71
     2
176
     1
 72
     2
176
     1
 73
     0
176
     1
 90
        0
176
     1
 40
0.6
176
     1
 41
30.0
176
     1
 63
     7
421
 16777215
176
     1
 74
     1
176
     1
 91
        4
176
     1
 64
     7
176
     1
 65
   257
176
     1
 75
     1
176
     1
175
     1
176
     1
 42
1.0
176
     1
 92
        8
176
     1
 66
     7
176
     1
 43
1.0
176
     1
 76
     1
176
     1
 77
     6
176
     1
 78
     2
176
     1
 67
     7
176
     1
 79
     5
176
     1
170
     0
176
     1
171
     0
176
     1
290
     0
176
     1
 93
        1
176
     1
 44
50.0
176
     1
173
     0
176
     1
1001
ACAD
1000
AcDbSavedByObjectVersion
1070
     0
  0
VISUALSTYLE
  5
1002D
102
{ACAD_XDICTIONARY
360
101DE
102
}
102
{ACAD_REACTORS
330
1001D
102
}
330
1001D
100
AcDbVisualStyle
  2
ColorChange
 70
    16
177
     2
291
     1
 71
     2
176
     1
 72
     2
176
     1
 73
     3
176
     1
 90
        0
176
     1
 40
0.6
176
     1
 41
30.0
176
     1
 63
     8
421
  8421504
176
     1
 74
     1
176
     1
 91
        4
176
     1
 64
     7
176
     1
 65
   257
176
     1
 75
     1
176
     1
175
     1
176
     1
 42
1.0
176
     1
 92
        8
176
     1
 66
     8
424
  8421504
176
     1
 43
1.0
176
     1
 76
     1
176
     1
 77
     6
176
     1
 78
     2
176
     1
 67
     7
176
     1
 79
     5
176
     1
170
     0
176
     1
171
     0
176
     1
290
     0
176
     1
 93
        1
176
     1
 44
0.0
176
     1
173
     0
176
     1
1001
ACAD
1000
AcDbSavedByObjectVersion
1070
     0
  0
VISUALSTYLE
  5
10026
102
{ACAD_XDICTIONARY
360
101D0
102
}
102
{ACAD_REACTORS
330
1001D
102
}
330
1001D
100
AcDbVisualStyle
  2
Conceptual
 70
     9
177
     2
291
     0
 71
     3
176
     1
 72
     2
176
     1
 73
     0
176
     1
 90
        0
176
     1
 40
0.6
176
     1
 41
30.0
176
     1
 63
     7
421
 16777215
176
     1
 74
     2
176
     1
 91
        2
176
     1
 64
     7
176
     1
 65
   257
176
     1
 75
     1
176
     1
175
     1
176
     1
 42
179.0
176
     1
 92
        8
176
     1
 66
     7
176
     1
 43
1.0
176
     1
 76
     1
176
     1
 77
     6
176
     1
 78
     2
176
     1
 67
     7
176
     1
 79
     3
176
     1
170
     0
176
     1
171
     0
176
     1
290
     0
176
     1
 93
        1
176
     1
 44
0.0
176
     1
173
     0
176
     1
1001
ACAD
1000
AcDbSavedByObjectVersion
1070
     0
  0
VISUALSTYLE
  5
10028
102
{ACAD_XDICTIONARY
360
101D4
102
}
102
{ACAD_REACTORS
330
1001D
102
}
330
1001D
100
AcDbVisualStyle
  2
Dim
 70
    11
177
     2
291
     1
 71
     2
176
     1
 72
     2
176
     1
 73
     0
176
     1
 90
        0
176
     1
 40
0.6
176
     1
 41
30.0
176
     1
 63
     7
421
 16777215
176
     1
 74
     1
176
     1
 91
        4
176
     1
 64
     7
176
     1
 65
   257
176
     1
 75
     1
176
     1
175
     1
176
     1
 42
1.0
176
     1
 92
        8
176
     1
 66
     7
176
     1
 43
1.0
176
     1
 76
     1
176
     1
 77
     6
176
     1
 78
     2
176
     1
 67
     7
176
     1
 79
     5
176
     1
170
     0
176
     1
171
     0
176
     1
290
     0
176
     1
 93
        1
176
     1
 44
-50.0
176
     1
173
     0
176
     1
1001
ACAD
1000
AcDbSavedByObjectVersion
1070
     0
  0
VISUALSTYLE
  5
10035
102
{ACAD_XDICTIONARY
360
101EE
102
}
102
{ACAD_REACTORS
330
1001D
102
}
330
1001D
100
AcDbVisualStyle
  2
EdgeColorOff
 70
    22
177
     2
291
     1
 71
     2
176
     0
 72
     2
176
     0
 73
     0
176
     0
 90
        0
176
     0
 40
0.6
176
     0
 41
30.0
176
     0
 63
     7
421
 16777215
176
     0
 74
     1
176
     0
 91
        4
176
     0
 64
     7
176
     0
 65
   257
176
     0
 75
     1
176
     0
175
     1
176
     0
 42
1.0
176
     0
 92
        8
176
     2
 66
     7
176
     0
 43
1.0
176
     0
 76
     1
176
     0
 77
     6
176
     0
 78
     2
176
     0
 67
     7
176
     0
 79
     5
176
     0
170
     0
176
     0
171
     0
176
     0
290
     0
176
     0
 93
        1
176
     0
 44
0.0
176
     0
173
     0
176
     0
1001
ACAD
1000
AcDbSavedByObjectVersion
1070
     0
  0
VISUALSTYLE
  5
1002C
102
{ACAD_XDICTIONARY
360
101DC
102
}
102
{ACAD_REACTORS
330
1001D
102
}
330
1001D
100
AcDbVisualStyle
  2
Facepattern
 70
    15
177
     2
291
     1
 71
     2
176
     1
 72
     2
176
     1
 73
     0
176
     1
 90
        0
176
     1
 40
0.6
176
     1
 41
30.0
176
     1
 63
     7
421
 16777215
176
     1
 74
     1
176
     1
 91
        4
176
     1
 64
     7
176
     1
 65
   257
176
     1
 75
     1
176
     1
175
     1
176
     1
 42
1.0
176
     1
 92
        8
176
     1
 66
     7
176
     1
 43
1.0
176
     1
 76
     1
176
     1
 77
     6
176
     1
 78
     2
176
     1
 67
     7
176
     1
 79
     5
176
     1
170
     0
176
     1
171
     0
176
     1
290
     0
176
     1
 93
        1
176
     1
 44
0.0
176
     1
173
     0
176
     1
1001
ACAD
1000
AcDbSavedByObjectVersion
1070
     0
  0
VISUALSTYLE
  5
1001E
102
{ACAD_XDICTIONARY
360
101C0
102
}
102
{ACAD_REACTORS
330
1001D
102
}
330
1001D
100
AcDbVisualStyle
  2
Flat
 70
     0
177
     2
291
     1
 71
     2
176
     1
 72
     1
176
     1
 73
     1
176
     1
 90
        2
176
     1
 40
0.6
176
     1
 41
30.0
176
     1
 63
     7
421
 16777215
176
     1
 74
     0
176
     1
 91
        0
176
     1
 64
     7
176
     1
 65
   257
176
     1
 75
     1
176
     1
175
     1
176
     1
 42
1.0
176
     1
 92
        8
176
     1
 66
     7
176
     1
 43
1.0
176
     1
 76
     1
176
     1
 77
     6
176
     1
 78
     2
176
     1
 67
     7
176
     1
 79
     5
176
     1
170
     0
176
     1
171
     0
176
     1
290
     0
176
     1
 93
       13
176
     1
 44
0.0
176
     1
173
     0
176
     1
1001
ACAD
1000
AcDbSavedByObjectVersion
1070
     0
  0
VISUALSTYLE
  5
1001F
102
{ACAD_XDICTIONARY
360
101C2
102
}
102
{ACAD_REACTORS
330
1001D
102
}
330
1001D
100
AcDbVisualStyle
  2
FlatWithEdges
 70
     1
177
     2
291
     1
 71
     2
176
     1
 72
     1
176
     1
 73
     1
176
     1
 90
        2
176
     1
 40
0.6
176
     1
 41
30.0
176
     1
 63
     7
421
 16777215
176
     1
 74
     1
176
     1
 91
        0
176
     1
 64
     7
176
     1
 65
   257
176
     1
 75
     1
176
     1
175
     1
176
     1
 42
1.0
176
     1
 92
        0
176
     1
 66
   257
176
     1
 43
1.0
176
     1
 76
     1
176
     1
 77
     6
176
     1
 78
     2
176
     1
 67
     7
176
     1
 79
     5
176
     1
170
     0
176
     1
171
     0
176
     1
290
     0
176
     1
 93
       13
176
     1
 44
0.0
176
     1
173
     0
176
     1
1001
ACAD
1000
AcDbSavedByObjectVersion
1070
     0
  0
VISUALSTYLE
  5
10020
102
{ACAD_XDICTIONARY
360
101C4
102
}
102
{ACAD_REACTORS
330
1001D
102
}
330
1001D
100
AcDbVisualStyle
  2
Gouraud
 70
     2
177
     2
291
     1
 71
     2
176
     1
 72
     2
176
     1
 73
     1
176
     1
 90
        2
176
     1
 40
0.6
176
     1
 41
30.0
176
     1
 63
     7
421
 16777215
176
     1
 74
     0
176
     1
 91
        0
176
     1
 64
     7
176
     1
 65
   257
176
     1
 75
     1
176
     1
175
     1
176
     1
 42
1.0
176
     1
 92
        0
176
     1
 66
     7
176
     1
 43
1.0
176
     1
 76
     1
176
     1
 77
     6
176
     1
 78
     2
176
     1
 67
     7
176
     1
 79
     5
176
     1
170
     0
176
     1
171
     0
176
     1
290
     0
176
     1
 93
       13
176
     1
 44
0.0
176
     1
173
     0
176
     1
1001
ACAD
1000
AcDbSavedByObjectVersion
1070
     0
  0
VISUALSTYLE
  5
10021
102
{ACAD_XDICTIONARY
360
101C6
102
}
102
{ACAD_REACTORS
330
1001D
102
}
330
1001D
100
AcDbVisualStyle
  2
GouraudWithEdges
 70
     3
177
     2
291
     1
 71
     2
176
     1
 72
     2
176
     1
 73
     1
176
     1
 90
        2
176
     1
 40
0.6
176
     1
 41
30.0
176
     1
 63
     7
421
 16777215
176
     1
 74
     1
176
     1
 91
        0
176
     1
 64
     7
176
     1
 65
   257
176
     1
 75
     1
176
     1
175
     1
176
     1
 42
1.0
176
     1
 92
        0
176
     1
 66
   257
176
     1
 43
1.0
176
     1
 76
     1
176
     1
 77
     6
176
     1
 78
     2
176
     1
 67
     7
176
     1
 79
     5
176
     1
170
     0
176
     1
171
     0
176
     1
290
     0
176
     1
 93
       13
176
     1
 44
0.0
176
     1
173
     0
176
     1
1001
ACAD
1000
AcDbSavedByObjectVersion
1070
     0
  0
VISUALSTYLE
  5
10025
102
{ACAD_XDICTIONARY
360
101CE
102
}
102
{ACAD_REACTORS
330
1001D
102
}
330
1001D
100
AcDbVisualStyle
  2
Hidden
 70
     6
177
     2
291
     0
 71
     1
176
     1
 72
     2
176
     1
 73
     2
176
     1
 90
        0
176
     1
 40
0.6
176
     1
 41
30.0
176
     1
 63
     7
421
 16777215
176
     1
 74
     2
176
     1
 91
        2
176
     1
 64
     7
176
     1
 65
   257
176
     1
 75
     2
176
     1
175
     1
176
     1
 42
40.0
176
     1
 92
        0
176
     1
 66
   257
176
     1
 43
1.0
176
     1
 76
     1
176
     1
 77
     6
176
     1
 78
     2
176
     1
 67
     7
176
     1
 79
     3
176
     1
170
     0
176
     1
171
     0
176
     1
290
     0
176
     1
 93
        1
176
     1
 44
0.0
176
     1
173
     0
176
     1
1001
ACAD
1000
AcDbSavedByObjectVersion
1070
     0
  0
VISUALSTYLE
  5
10033
102
{ACAD_XDICTIONARY
360
101EA
102
}
102
{ACAD_REACTORS
330
1001D
102
}
330
1001D
100
AcDbVisualStyle
  2
JitterOff
 70
    20
177
     2
291
     1
 71
     2
176
     0
 72
     2
176
     0
 73
     0
176
     0
 90
        0
176
     0
 40
0.6
176
     0
 41
30.0
176
     0
 63
     7
421
 16777215
176
     0
 74
     1
176
     0
 91
        4
176
     0
 64
     7
176
     0
 65
   257
176
     0
 75
     1
176
     0
175
     1
176
     0
 42
1.0
176
     0
 92
       10
176
     2
 66
     7
176
     0
 43
1.0
176
     0
 76
     1
176
     0
 77
     6
176
     0
 78
     2
176
     0
 67
     7
176
     0
 79
     5
176
     0
170
     0
176
     0
171
     0
176
     0
290
     0
176
     0
 93
        1
176
     0
 44
0.0
176
     0
173
     0
176
     0
1001
ACAD
1000
AcDbSavedByObjectVersion
1070
     0
  0
VISUALSTYLE
  5
1002B
102
{ACAD_XDICTIONARY
360
101DA
102
}
102
{ACAD_REACTORS
330
1001D
102
}
330
1001D
100
AcDbVisualStyle
  2
Linepattern
 70
    14
177
     2
291
     1
 71
     2
176
     1
 72
     2
176
     1
 73
     0
176
     1
 90
        0
176
     1
 40
0.6
176
     1
 41
30.0
176
     1
 63
     7
421
 16777215
176
     1
 74
     1
176
     1
 91
        4
176
     1
 64
     7
176
     1
 65
   257
176
     1
 75
     7
176
     1
175
     7
176
     1
 42
1.0
176
     1
 92
        8
176
     1
 66
     7
176
     1
 43
1.0
176
     1
 76
     1
176
     1
 77
     6
176
     1
 78
     2
176
     1
 67
     7
176
     1
 79
     5
176
     1
170
     0
176
     1
171
     0
176
     1
290
     0
176
     1
 93
        1
176
     1
 44
0.0
176
     1
173
     0
176
     1
1001
ACAD
1000
AcDbSavedByObjectVersion
1070
     0
  0
VISUALSTYLE
  5
10034
102
{ACAD_XDICTIONARY
360
101EC
102
}
102
{ACAD_REACTORS
330
1001D
102
}
330
1001D
100
AcDbVisualStyle
  2
OverhangOff
 70
    21
177
     2
291
     1
 71
     2
176
     0
 72
     2
176
     0
 73
     0
176
     0
 90
        0
176
     0
 40
0.6
176
     0
 41
30.0
176
     0
 63
     7
421
 16777215
176
     0
 74
     1
176
     0
 91
        4
176
     0
 64
     7
176
     0
 65
   257
176
     0
 75
     1
176
     0
175
     1
176
     0
 42
1.0
176
     0
 92
        9
176
     2
 66
     7
176
     0
 43
1.0
176
     0
 76
     1
176
     0
 77
     6
176
     0
 78
     2
176
     0
 67
     7
176
     0
 79
     5
176
     0
170
     0
176
     0
171
     0
176
     0
290
     0
176
     0
 93
        1
176
     0
 44
0.0
176
     0
173
     0
176
     0
1001
ACAD
1000
AcDbSavedByObjectVersion
1070
     0
  0
VISUALSTYLE
  5
10027
102
{ACAD_XDICTIONARY
360
101D2
102
}
102
{ACAD_REACTORS
330
1001D
102
}
330
1001D
100
AcDbVisualStyle
  2
Realistic
 70
     8
177
     2
291
     0
 71
     2
176
     1
 72
     3
176
     1
 73
     0
176
     1
 90
        2
176
     1
 40
0.6
176
     1
 41
30.0
176
     1
 63
     7
421
 16777215
176
     1
 74
     0
176
     1
 91
        0
176
     1
 64
     7
176
     1
 65
   257
176
     1
 75
     1
176
     1
175
     1
176
     1
 42
1.0
176
     1
 92
        8
176
     1
 66
   257
176
     1
 43
1.0
176
     1
 76
     1
176
     1
 77
     6
176
     1
 78
     2
176
     1
 67
     7
176
     1
 79
     3
176
     1
170
     0
176
     1
171
     0
176
     1
290
     0
176
     1
 93
       13
176
     1
 44
0.0
176
     1
173
     0
176
     1
1001
ACAD
1000
AcDbSavedByObjectVersion
1070
     0
  0
VISUALSTYLE
  5
10032
102
{ACAD_XDICTIONARY
360
101E8
102
}
102
{ACAD_REACTORS
330
1001D
102
}
330
1001D
100
AcDbVisualStyle
  2
Shaded
 70
    27
177
     2
291
     0
 71
     2
176
     1
 72
     2
176
     1
 73
     1
176
     1
 90
        2
176
     1
 40
0.6
176
     1
 41
30.0
176
     1
 63
     7
421
 16777215
176
     1
 74
     0
176
     1
 91
        4
176
     1
 64
     7
176
     1
 65
   257
176
     1
 75
     1
176
     1
175
     1
176
     1
 42
1.0
176
     1
 92
        8
176
     1
 66
   257
176
     1
 43
1.0
176
     1
 76
     1
176
     1
 77
     6
176
     1
 78
     2
176
     1
 67
     8
425
  7895160
176
     1
 79
     3
176
     1
170
     0
176
     1
171
     0
176
     1
290
     0
176
     1
 93
        5
176
     1
 44
0.0
176
     1
173
     0
176
     1
1001
ACAD
1000
AcDbSavedByObjectVersion
1070
     0
  0
VISUALSTYLE
  5
10031
102
{ACAD_XDICTIONARY
360
101E6
102
}
102
{ACAD_REACTORS
330
1001D
102
}
330
1001D
100
AcDbVisualStyle
  2
Shaded with edges
 70
    26
177
     2
291
     0
 71
     2
176
     1
 72
     2
176
     1
 73
     1
176
     1
 90
        2
176
     1
 40
0.6
176
     1
 41
30.0
176
     1
 63
     7
421
 16777215
176
     1
 74
     1
176
     1
 91
        2
176
     1
 64
     7
176
     1
 65
   257
176
     1
 75
     2
176
     1
175
     1
176
     1
 42
1.0
176
     1
 92
        8
176
     1
 66
   257
176
     1
 43
1.0
176
     1
 76
     1
176
     1
 77
     6
176
     1
 78
     2
176
     1
 67
     7
176
     1
 79
     3
176
     1
170
     0
176
     1
171
     0
176
     1
290
     0
176
     1
 93
        5
176
     1
 44
0.0
176
     1
173
     0
176
     1
1001
ACAD
1000
AcDbSavedByObjectVersion
1070
     0
  0
VISUALSTYLE
  5
1002E
102
{ACAD_XDICTIONARY
360
101E0
102
}
102
{ACAD_REACTORS
330
1001D
102
}
330
1001D
100
AcDbVisualStyle
  2
Shades of Gray
 70
    23
177
     2
291
     0
 71
     2
176
     1
 72
     2
176
     1
 73
     3
176
     1
 90
        0
176
     1
 40
0.6
176
     1
 41
30.0
176
     1
 63
     7
421
 16777215
176
     1
 74
     2
176
     1
 91
        2
176
     1
 64
     7
176
     1
 65
     7
176
     1
 75
     1
176
     1
175
     1
176
     1
 42
40.0
176
     1
 92
        8
176
     1
 66
     7
176
     1
 43
1.0
176
     1
 76
     1
176
     1
 77
     6
176
     1
 78
     2
176
     1
 67
     7
176
     1
 79
     3
176
     1
170
     0
176
     1
171
     0
176
     1
290
     0
176
     1
 93
        1
176
     1
 44
0.0
176
     1
173
     0
176
     1
1001
ACAD
1000
AcDbSavedByObjectVersion
1070
     0
  0
VISUALSTYLE
  5
1002F
102
{ACAD_XDICTIONARY
360
101E2
102
}
102
{ACAD_REACTORS
330
1001D
102
}
330
1001D
100
AcDbVisualStyle
  2
Sketchy
 70
    24
177
     2
291
     0
 71
     1
176
     1
 72
     2
176
     1
 73
     2
176
     1
 90
        0
176
     1
 40
0.6
176
     1
 41
30.0
176
     1
 63
     7
421
 16777215
176
     1
 74
     2
176
     1
 91
        2
176
     1
 64
     7
176
     1
 65
     7
176
     1
 75
     1
176
     1
175
     1
176
     1
 42
40.0
176
     1
 92
       11
176
     1
 66
     7
176
     1
 43
1.0
176
     1
 76
     1
176
     1
 77
     6
176
     1
 78
     2
176
     1
 67
     7
176
     1
 79
     6
176
     1
170
     0
176
     1
171
     0
176
     1
290
     0
176
     1
 93
        1
176
     1
 44
0.0
176
     1
173
     0
176
     1
1001
ACAD
1000
AcDbSavedByObjectVersion
1070
     0
  0
VISUALSTYLE
  5
1002A
102
{ACAD_XDICTIONARY
360
101D8
102
}
102
{ACAD_REACTORS
330
1001D
102
}
330
1001D
100
AcDbVisualStyle
  2
Thicken
 70
    13
177
     2
291
     1
 71
     2
176
     1
 72
     2
176
     1
 73
     0
176
     1
 90
        0
176
     1
 40
0.6
176
     1
 41
30.0
176
     1
 63
     7
421
 16777215
176
     1
 74
     1
176
     1
 91
        4
176
     1
 64
     7
176
     1
 65
   257
176
     1
 75
     1
176
     1
175
     1
176
     1
 42
1.0
176
     1
 92
       12
176
     1
 66
     7
176
     1
 43
1.0
176
     1
 76
     1
176
     1
 77
     6
176
     1
 78
     2
176
     1
 67
     7
176
     1
 79
     5
176
     1
170
     0
176
     1
171
     0
176
     1
290
     0
176
     1
 93
        1
176
     1
 44
0.0
176
     1
173
     0
176
     1
1001
ACAD
1000
AcDbSavedByObjectVersion
1070
     0
  0
VISUALSTYLE
  5
10024
102
{ACAD_XDICTIONARY
360
101CC
102
}
102
{ACAD_REACTORS
330
1001D
102
}
330
1001D
100
AcDbVisualStyle
  2
Wireframe
 70
     5
177
     2
291
     0
 71
     0
176
     1
 72
     2
176
     1
 73
     0
176
     1
 90
        0
176
     1
 40
0.6
176
     1
 41
30.0
176
     1
 63
     7
421
 16777215
176
     1
 74
     1
176
     1
 91
        4
176
     1
 64
     7
176
     1
 65
   257
176
     1
 75
     1
176
     1
175
     1
176
     1
 42
1.0
176
     1
 92
        0
176
     1
 66
   257
176
     1
 43
1.0
176
     1
 76
     1
176
     1
 77
     6
176
     1
 78
     2
176
     1
 67
     7
176
     1
 79
     3
176
     1
170
     0
176
     1
171
     0
176
     1
290
     0
176
     1
 93
        1
176
     1
 44
0.0
176
     1
173
     0
176
     1
1001
ACAD
1000
AcDbSavedByObjectVersion
1070
     0
  0
VISUALSTYLE
  5
10030
102
{ACAD_XDICTIONARY
360
101E4
102
}
102
{ACAD_REACTORS
330
1001D
102
}
330
1001D
100
AcDbVisualStyle
  2
X-Ray
 70
    25
177
     2
291
     0
 71
     2
176
     1
 72
     2
176
     1
 73
     1
176
     1
 90
        1
176
     1
 40
0.5
176
     1
 41
30.0
176
     1
 63
     7
421
 16777215
176
     1
 74
     1
176
     1
 91
        0
176
     1
 64
     7
176
     1
 65
   257
176
     1
 75
     1
176
     1
175
     1
176
     1
 42
1.0
176
     1
 92
        8
176
     1
 66
     7
176
     1
 43
1.0
176
     1
 76
     1
176
     1
 77
     6
176
     1
 78
     2
176
     1
 67
     7
176
     1
 79
     3
176
     1
170
     0
176
     1
171
     0
176
     1
290
     0
176
     1
 93
       13
176
     1
 44
0.0
176
     1
173
     0
176
     1
1001
ACAD
1000
AcDbSavedByObjectVersion
1070
     0
  0
DICTIONARYVAR
  5
10070
102
{ACAD_REACTORS
330
1006A
102
}
330
1006A
100
DictionaryVariables
280
     0
  1
1:1
  0
DICTIONARYVAR
  5
1006C
102
{ACAD_REACTORS
330
1006A
102
}
330
1006A
100
DictionaryVariables
280
     0
  1
STANDARD
  0
DICTIONARYVAR
  5
1006B
102
{ACAD_REACTORS
330
1006A
102
}
330
1006A
100
DictionaryVariables
280
     0
  1
STANDARD
  0
DICTIONARYVAR
  5
1006D
102
{ACAD_REACTORS
330
1006A
102
}
330
1006A
100
DictionaryVariables
280
     0
  1
Imperial24
  0
DICTIONARYVAR
  5
1006E
102
{ACAD_REACTORS
330
1006A
102
}
330
1006A
100
DictionaryVariables
280
     0
  1
Imperial24
  0
DICTIONARYVAR
  5
10072
102
{ACAD_REACTORS
330
1006A
102
}
330
1006A
100
DictionaryVariables
280
     0
  1
1
  0
DICTIONARYVAR
  5
10073
102
{ACAD_REACTORS
330
1006A
102
}
330
1006A
100
DictionaryVariables
280
     0
  1
15
  0
DICTIONARYVAR
  5
10071
102
{ACAD_REACTORS
330
1006A
102
}
330
1006A
100
DictionaryVariables
280
     0
  1
0
  0
DICTIONARYVAR
  5
1006F
102
{ACAD_REACTORS
330
1006A
102
}
330
1006A
100
DictionaryVariables
280
     0
  1
0
  0
DICTIONARY
  5
101BF
102
{ACAD_REACTORS
330
101BD
102
}
330
101BD
100
AcDbDictionary
281
     1
  0
DICTIONARY
  5
101BE
102
{ACAD_REACTORS
330
101BD
102
}
330
101BD
100
AcDbDictionary
281
     1
  3
26393858816
350
101B8
  3
26393858832
350
101B9
  3
26393858848
350
101BA
  3
26393858864
350
101BB
  3
26393858880
350
101BC
  0
DICTIONARY
  5
101F2
330
10052
100
AcDbDictionary
280
     1
281
     1
  3
ACAD_XREC_ROUNDTRIP
360
101F3
  0
DICTIONARY
  5
1000E
330
1000D
100
AcDbDictionary
280
     1
281
     1
  3
BUMPTILE
360
10010
  3
DIFFUSETILE
360
1000F
  3
OPACITYTILE
360
10013
  3
REFLECTIONTILE
360
10012
  3
REFRACTIONTILE
360
10014
  3
SPECULARTILE
360
10011
  0
DICTIONARY
  5
10006
330
10005
100
AcDbDictionary
280
     1
281
     1
  3
BUMPTILE
360
10008
  3
DIFFUSETILE
360
10007
  3
OPACITYTILE
360
1000B
  3
REFLECTIONTILE
360
1000A
  3
REFRACTIONTILE
360
1000C
  3
SPECULARTILE
360
10009
  0
DICTIONARY
  5
10016
330
10015
100
AcDbDictionary
280
     1
281
     1
  3
BUMPTILE
360
10018
  3
DIFFUSETILE
360
10017
  3
OPACITYTILE
360
1001B
  3
REFLECTIONTILE
360
1001A
  3
REFRACTIONTILE
360
1001C
  3
SPECULARTILE
360
10019
  0
DICTIONARY
  5
101F0
330
10050
100
AcDbDictionary
280
     1
281
     1
  3
ACAD_XREC_ROUNDTRIP
360
101F1
  0
DICTIONARY
  5
101B5
330
10039
100
AcDbDictionary
280
     1
281
     1
  3
ACAD_ROUNDTRIP_2008_TABLESTYLE_CELLSTYLEMAP
360
101B6
  0
DICTIONARY
  5
101CA
330
10023
100
AcDbDictionary
280
     1
281
     1
  3
ACAD_XREC_ROUNDTRIP
360
101CB
  0
DICTIONARY
  5
101C8
330
10022
100
AcDbDictionary
280
     1
281
     1
  3
ACAD_XREC_ROUNDTRIP
360
101C9
  0
DICTIONARY
  5
101D6
330
10029
100
AcDbDictionary
280
     1
281
     1
  3
ACAD_XREC_ROUNDTRIP
360
101D7
  0
DICTIONARY
  5
101DE
330
1002D
100
AcDbDictionary
280
     1
281
     1
  3
ACAD_XREC_ROUNDTRIP
360
101DF
  0
DICTIONARY
  5
101D0
330
10026
100
AcDbDictionary
280
     1
281
     1
  3
ACAD_XREC_ROUNDTRIP
360
101D1
  0
DICTIONARY
  5
101D4
330
10028
100
AcDbDictionary
280
     1
281
     1
  3
ACAD_XREC_ROUNDTRIP
360
101D5
  0
DICTIONARY
  5
101EE
330
10035
100
AcDbDictionary
280
     1
281
     1
  3
ACAD_XREC_ROUNDTRIP
360
101EF
  0
DICTIONARY
  5
101DC
330
1002C
100
AcDbDictionary
280
     1
281
     1
  3
ACAD_XREC_ROUNDTRIP
360
101DD
  0
DICTIONARY
  5
101C0
330
1001E
100
AcDbDictionary
280
     1
281
     1
  3
ACAD_XREC_ROUNDTRIP
360
101C1
  0
DICTIONARY
  5
101C2
330
1001F
100
AcDbDictionary
280
     1
281
     1
  3
ACAD_XREC_ROUNDTRIP
360
101C3
  0
DICTIONARY
  5
101C4
330
10020
100
AcDbDictionary
280
     1
281
     1
  3
ACAD_XREC_ROUNDTRIP
360
101C5
  0
DICTIONARY
  5
101C6
330
10021
100
AcDbDictionary
280
     1
281
     1
  3
ACAD_XREC_ROUNDTRIP
360
101C7
  0
DICTIONARY
  5
101CE
330
10025
100
AcDbDictionary
280
     1
281
     1
  3
ACAD_XREC_ROUNDTRIP
360
101CF
  0
DICTIONARY
  5
101EA
330
10033
100
AcDbDictionary
280
     1
281
     1
  3
ACAD_XREC_ROUNDTRIP
360
101EB
  0
DICTIONARY
  5
101DA
330
1002B
100
AcDbDictionary
280
     1
281
     1
  3
ACAD_XREC_ROUNDTRIP
360
101DB
  0
DICTIONARY
  5
101EC
330
10034
100
AcDbDictionary
280
     1
281
     1
  3
ACAD_XREC_ROUNDTRIP
360
101ED
  0
DICTIONARY
  5
101D2
330
10027
100
AcDbDictionary
280
     1
281
     1
  3
ACAD_XREC_ROUNDTRIP
360
101D3
  0
DICTIONARY
  5
101E8
330
10032
100
AcDbDictionary
280
     1
281
     1
  3
ACAD_XREC_ROUNDTRIP
360
101E9
  0
DICTIONARY
  5
101E6
330
10031
100
AcDbDictionary
280
     1
281
     1
  3
ACAD_XREC_ROUNDTRIP
360
101E7
  0
DICTIONARY
  5
101E0
330
1002E
100
AcDbDictionary
280
     1
281
     1
  3
ACAD_XREC_ROUNDTRIP
360
101E1
  0
DICTIONARY
  5
101E2
330
1002F
100
AcDbDictionary
280
     1
281
     1
  3
ACAD_XREC_ROUNDTRIP
360
101E3
  0
DICTIONARY
  5
101D8
330
1002A
100
AcDbDictionary
280
     1
281
     1
  3
ACAD_XREC_ROUNDTRIP
360
101D9
  0
DICTIONARY
  5
101CC
330
10024
100
AcDbDictionary
280
     1
281
     1
  3
ACAD_XREC_ROUNDTRIP
360
101CD
  0
DICTIONARY
  5
101E4
330
10030
100
AcDbDictionary
280
     1
281
     1
  3
ACAD_XREC_ROUNDTRIP
360
101E5
  0
XRECORD
  5
101B8
102
{ACAD_REACTORS
330
101BE
102
}
330
101BE
100
AcDbXrecord
280
     1
  1
AcDb_Thumbnail_Schema
102
{ATTRRECORD
341
101B9
  2
AcDbDs::TreatedAsObjectData
280
     1
291
     1
102
ATTRRECORD}
102
{ATTRRECORD
341
101BA
  2
AcDbDs::Legacy
280
     1
291
     1
102
ATTRRECORD}
  2
AcDbDs::ID
280
    10
 91
        8
102
{ATTRRECORD
341
101BB
  2
AcDs:Indexable
280
     1
291
     1
102
ATTRRECORD}
102
{ATTRRECORD
341
101BC
  2
AcDbDs::HandleAttribute
280
     7
282
     1
102
ATTRRECORD}
  2
Thumbnail_Data
280
    15
 91
        0
  0
XRECORD
  5
101B9
102
{ACAD_REACTORS
330
101BE
102
}
330
101BE
100
AcDbXrecord
280
     1
  1
AcDbDs::TreatedAsObjectDataSchema
  2
AcDbDs::TreatedAsObjectData
280
     1
 91
        0
  0
XRECORD
  5
101BA
102
{ACAD_REACTORS
330
101BE
102
}
330
101BE
100
AcDbXrecord
280
     1
  1
AcDbDs::LegacySchema
  2
AcDbDs::Legacy
280
     1
 91
        0
  0
XRECORD
  5
101BB
102
{ACAD_REACTORS
330
101BE
102
}
330
101BE
100
AcDbXrecord
280
     1
  1
AcDbDs::IndexedPropertySchema
  2
AcDs:Indexable
280
     1
 91
        0
  0
XRECORD
  5
101BC
102
{ACAD_REACTORS
330
101BE
102
}
330
101BE
100
AcDbXrecord
280
     1
  1
AcDbDs::HandleAttributeSchema
  2
AcDbDs::HandleAttribute
280
     7
 91
        1
284
     1
  0
XRECORD
  5
101F3
102
{ACAD_REACTORS
330
101F2
102
}
330
101F2
100
AcDbXrecord
280
     1
102
DISPLAYNAME
  1
Imperial24
102
FLAGS
 90
        0
  0
XRECORD
  5
10010
102
{ACAD_REACTORS
330
1000E
102
}
330
1000E
100
AcDbXrecord
280
     1
270
     1
271
     1
  0
XRECORD
  5
1000F
102
{ACAD_REACTORS
330
1000E
102
}
330
1000E
100
AcDbXrecord
280
     1
270
     1
271
     1
  0
XRECORD
  5
10013
102
{ACAD_REACTORS
330
1000E
102
}
330
1000E
100
AcDbXrecord
280
     1
270
     1
271
     1
  0
XRECORD
  5
10012
102
{ACAD_REACTORS
330
1000E
102
}
330
1000E
100
AcDbXrecord
280
     1
270
     1
271
     1
  0
XRECORD
  5
10014
102
{ACAD_REACTORS
330
1000E
102
}
330
1000E
100
AcDbXrecord
280
     1
270
     1
271
     1
  0
XRECORD
  5
10011
102
{ACAD_REACTORS
330
1000E
102
}
330
1000E
100
AcDbXrecord
280
     1
270
     1
271
     1
  0
XRECORD
  5
10008
102
{ACAD_REACTORS
330
10006
102
}
330
10006
100
AcDbXrecord
280
     1
270
     1
271
     1
  0
XRECORD
  5
10007
102
{ACAD_REACTORS
330
10006
102
}
330
10006
100
AcDbXrecord
280
     1
270
     1
271
     1
  0
XRECORD
  5
1000B
102
{ACAD_REACTORS
330
10006
102
}
330
10006
100
AcDbXrecord
280
     1
270
     1
271
     1
  0
XRECORD
  5
1000A
102
{ACAD_REACTORS
330
10006
102
}
330
10006
100
AcDbXrecord
280
     1
270
     1
271
     1
  0
XRECORD
  5
1000C
102
{ACAD_REACTORS
330
10006
102
}
330
10006
100
AcDbXrecord
280
     1
270
     1
271
     1
  0
XRECORD
  5
10009
102
{ACAD_REACTORS
330
10006
102
}
330
10006
100
AcDbXrecord
280
     1
270
     1
271
     1
  0
XRECORD
  5
10018
102
{ACAD_REACTORS
330
10016
102
}
330
10016
100
AcDbXrecord
280
     1
270
     1
271
     1
  0
XRECORD
  5
10017
102
{ACAD_REACTORS
330
10016
102
}
330
10016
100
AcDbXrecord
280
     1
270
     1
271
     1
  0
XRECORD
  5
1001B
102
{ACAD_REACTORS
330
10016
102
}
330
10016
100
AcDbXrecord
280
     1
270
     1
271
     1
  0
XRECORD
  5
1001A
102
{ACAD_REACTORS
330
10016
102
}
330
10016
100
AcDbXrecord
280
     1
270
     1
271
     1
  0
XRECORD
  5
1001C
102
{ACAD_REACTORS
330
10016
102
}
330
10016
100
AcDbXrecord
280
     1
270
     1
271
     1
  0
XRECORD
  5
10019
102
{ACAD_REACTORS
330
10016
102
}
330
10016
100
AcDbXrecord
280
     1
270
     1
271
     1
  0
XRECORD
  5
101F1
102
{ACAD_REACTORS
330
101F0
102
}
330
101F0
100
AcDbXrecord
280
     1
102
DISPLAYNAME
  1
Imperial24
102
FLAGS
 90
        0
  0
CELLSTYLEMAP
  5
101B6
102
{ACAD_REACTORS
330
101B5
102
}
330
101B5
100
AcDbCellStyleMap
 90
        3
300
CELLSTYLE
  1
TABLEFORMAT_BEGIN
 90
        5
170
     1
 91
        0
 92
    32768
 62
   257
 93
        1
300
CONTENTFORMAT
  1
CONTENTFORMAT_BEGIN
 90
        0
 91
        0
 92
      512
 93
        0
300

 40
0.0
140
1.0
 94
        5
 62
     0
340
11
144
0.25
309
CONTENTFORMAT_END
171
     0
 94
        0
309
TABLEFORMAT_END
  1
CELLSTYLE_BEGIN
 90
        1
 91
        1
300
_TITLE
309
CELLSTYLE_END
300
CELLSTYLE
  1
TABLEFORMAT_BEGIN
 90
        5
170
     1
 91
        0
 92
        0
 62
   257
 93
        1
300
CONTENTFORMAT
  1
CONTENTFORMAT_BEGIN
 90
        0
 91
        0
 92
      512
 93
        0
300

 40
0.0
140
1.0
 94
        5
 62
     0
340
11
144
0.18
309
CONTENTFORMAT_END
171
     0
 94
        0
309
TABLEFORMAT_END
  1
CELLSTYLE_BEGIN
 90
        2
 91
        1
300
_HEADER
309
CELLSTYLE_END
300
CELLSTYLE
  1
TABLEFORMAT_BEGIN
 90
        5
170
     1
 91
        0
 92
        0
 62
   257
 93
        1
300
CONTENTFORMAT
  1
CONTENTFORMAT_BEGIN
 90
        0
 91
        0
 92
      512
 93
        0
300

 40
0.0
140
1.0
 94
        2
 62
     0
340
11
144
0.18
309
CONTENTFORMAT_END
171
     0
 94
        0
309
TABLEFORMAT_END
  1
CELLSTYLE_BEGIN
 90
        3
 91
        2
300
_DATA
309
CELLSTYLE_END
  0
XRECORD
  5
101CB
102
{ACAD_REACTORS
330
101CA
102
}
330
101CA
100
AcDbXrecord
280
     1
102
RTVSPost2010Prop28
280
     1
102
RTVSPost2010PropOp28
 70
     1
102
RTVSPost2010Prop29
280
     1
102
RTVSPost2010PropOp29
 70
     1
102
RTVSPost2010Prop30
280
     0
102
RTVSPost2010PropOp30
 70
     1
102
RTVSPost2010Prop31
280
     0
102
RTVSPost2010PropOp31
 70
     1
102
RTVSPost2010Prop32
280
     0
102
RTVSPost2010PropOp32
 70
     1
102
RTVSPost2010Prop33
280
     0
102
RTVSPost2010PropOp33
 70
     1
102
RTVSPost2010Prop34
280
     0
102
RTVSPost2010PropOp34
 70
     1
102
RTVSPost2010Prop35
280
     0
102
RTVSPost2010PropOp35
 70
     1
102
RTVSPost2010Prop36
280
     0
102
RTVSPost2010PropOp36
 70
     1
102
RTVSPost2010Prop37
 90
       50
102
RTVSPost2010PropOp37
 70
     1
102
RTVSPost2010Prop38
140
0.0
102
RTVSPost2010PropOp38
 70
     1
102
RTVSPost2010Prop39
140
1.0
102
RTVSPost2010PropOp39
 70
     1
102
RTVSPost2010Prop40
 90
        0
102
RTVSPost2010PropOp40
 70
     1
102
RTVSPost2010Prop41ColorIndex
 90
       18
102
RTVSPost2010Prop41ColorRGB
 90
        0
102
RTVSPost2010PropOp41
 70
     1
102
RTVSPost2010Prop42
 90
       50
102
RTVSPost2010PropOp42
 70
     1
102
RTVSPost2010Prop43
 90
        3
102
RTVSPost2010PropOp43
 70
     1
102
RTVSPost2010Prop44ColorIndex
 90
        5
102
RTVSPost2010Prop44ColorRGB
 90
      255
102
RTVSPost2010PropOp44
 70
     1
102
RTVSPost2010Prop45
280
     0
102
RTVSPost2010PropOp45
 70
     1
102
RTVSPost2010Prop46
 90
       50
102
RTVSPost2010PropOp46
 70
     1
102
RTVSPost2010Prop47
 90
       50
102
RTVSPost2010PropOp47
 70
     1
102
RTVSPost2010Prop48
 90
       50
102
RTVSPost2010PropOp48
 70
     1
102
RTVSPost2010Prop49
280
     0
102
RTVSPost2010PropOp49
 70
     1
102
RTVSPost2010Prop50
 90
       50
102
RTVSPost2010PropOp50
 70
     1
102
RTVSPost2010Prop51ColorIndex
 90
      256
102
RTVSPost2010Prop51ColorRGB
 90
-16777216
102
RTVSPost2010PropOp51
 70
     0
102
RTVSPost2010Prop52
140
1.0
102
RTVSPost2010PropOp52
 70
     0
102
RTVSPost2010Prop53
 90
        2
102
RTVSPost2010PropOp53
 70
     1
102
RTVSPost2010Prop54
  1
strokes_ogs.tif
102
RTVSPost2010PropOp54
 70
     1
102
RTVSPost2010Prop55
280
     0
102
RTVSPost2010PropOp55
 70
     1
102
RTVSPost2010Prop56
140
1.0
102
RTVSPost2010PropOp56
 70
     1
102
RTVSPost2010Prop57
140
1.0
102
RTVSPost2010PropOp57
 70
     1
  0
XRECORD
  5
101C9
102
{ACAD_REACTORS
330
101C8
102
}
330
101C8
100
AcDbXrecord
280
     1
102
RTVSPost2010Prop28
280
     0
102
RTVSPost2010PropOp28
 70
     1
102
RTVSPost2010Prop29
280
     1
102
RTVSPost2010PropOp29
 70
     1
102
RTVSPost2010Prop30
280
     1
102
RTVSPost2010PropOp30
 70
     1
102
RTVSPost2010Prop31
280
     0
102
RTVSPost2010PropOp31
 70
     1
102
RTVSPost2010Prop32
280
     0
102
RTVSPost2010PropOp32
 70
     1
102
RTVSPost2010Prop33
280
     0
102
RTVSPost2010PropOp33
 70
     1
102
RTVSPost2010Prop34
280
     0
102
RTVSPost2010PropOp34
 70
     1
102
RTVSPost2010Prop35
280
     0
102
RTVSPost2010PropOp35
 70
     1
102
RTVSPost2010Prop36
280
     0
102
RTVSPost2010PropOp36
 70
     1
102
RTVSPost2010Prop37
 90
       50
102
RTVSPost2010PropOp37
 70
     1
102
RTVSPost2010Prop38
140
0.0
102
RTVSPost2010PropOp38
 70
     1
102
RTVSPost2010Prop39
140
1.0
102
RTVSPost2010PropOp39
 70
     1
102
RTVSPost2010Prop40
 90
        0
102
RTVSPost2010PropOp40
 70
     1
102
RTVSPost2010Prop41ColorIndex
 90
       18
102
RTVSPost2010Prop41ColorRGB
 90
        0
102
RTVSPost2010PropOp41
 70
     1
102
RTVSPost2010Prop42
 90
       50
102
RTVSPost2010PropOp42
 70
     1
102
RTVSPost2010Prop43
 90
        3
102
RTVSPost2010PropOp43
 70
     1
102
RTVSPost2010Prop44ColorIndex
 90
        5
102
RTVSPost2010Prop44ColorRGB
 90
      255
102
RTVSPost2010PropOp44
 70
     1
102
RTVSPost2010Prop45
280
     0
102
RTVSPost2010PropOp45
 70
     1
102
RTVSPost2010Prop46
 90
       50
102
RTVSPost2010PropOp46
 70
     1
102
RTVSPost2010Prop47
 90
       50
102
RTVSPost2010PropOp47
 70
     1
102
RTVSPost2010Prop48
 90
       50
102
RTVSPost2010PropOp48
 70
     1
102
RTVSPost2010Prop49
280
     0
102
RTVSPost2010PropOp49
 70
     1
102
RTVSPost2010Prop50
 90
       50
102
RTVSPost2010PropOp50
 70
     1
102
RTVSPost2010Prop51ColorIndex
 90
      256
102
RTVSPost2010Prop51ColorRGB
 90
-16777216
102
RTVSPost2010PropOp51
 70
     0
102
RTVSPost2010Prop52
140
1.0
102
RTVSPost2010PropOp52
 70
     0
102
RTVSPost2010Prop53
 90
        2
102
RTVSPost2010PropOp53
 70
     1
102
RTVSPost2010Prop54
  1
strokes_ogs.tif
102
RTVSPost2010PropOp54
 70
     1
102
RTVSPost2010Prop55
280
     0
102
RTVSPost2010PropOp55
 70
     1
102
RTVSPost2010Prop56
140
1.0
102
RTVSPost2010PropOp56
 70
     1
102
RTVSPost2010Prop57
140
1.0
102
RTVSPost2010PropOp57
 70
     1
  0
XRECORD
  5
101D7
102
{ACAD_REACTORS
330
101D6
102
}
330
101D6
100
AcDbXrecord
280
     1
102
RTVSPost2010Prop28
280
     0
102
RTVSPost2010PropOp28
 70
     1
102
RTVSPost2010Prop29
280
     1
102
RTVSPost2010PropOp29
 70
     1
102
RTVSPost2010Prop30
280
     1
102
RTVSPost2010PropOp30
 70
     1
102
RTVSPost2010Prop31
280
     0
102
RTVSPost2010PropOp31
 70
     1
102
RTVSPost2010Prop32
280
     0
102
RTVSPost2010PropOp32
 70
     1
102
RTVSPost2010Prop33
280
     0
102
RTVSPost2010PropOp33
 70
     1
102
RTVSPost2010Prop34
280
     0
102
RTVSPost2010PropOp34
 70
     1
102
RTVSPost2010Prop35
280
     0
102
RTVSPost2010PropOp35
 70
     1
102
RTVSPost2010Prop36
280
     0
102
RTVSPost2010PropOp36
 70
     1
102
RTVSPost2010Prop37
 90
       50
102
RTVSPost2010PropOp37
 70
     1
102
RTVSPost2010Prop38
140
0.0
102
RTVSPost2010PropOp38
 70
     1
102
RTVSPost2010Prop39
140
1.0
102
RTVSPost2010PropOp39
 70
     1
102
RTVSPost2010Prop40
 90
        0
102
RTVSPost2010PropOp40
 70
     1
102
RTVSPost2010Prop41ColorIndex
 90
       18
102
RTVSPost2010Prop41ColorRGB
 90
        0
102
RTVSPost2010PropOp41
 70
     1
102
RTVSPost2010Prop42
 90
       50
102
RTVSPost2010PropOp42
 70
     1
102
RTVSPost2010Prop43
 90
        3
102
RTVSPost2010PropOp43
 70
     1
102
RTVSPost2010Prop44ColorIndex
 90
        5
102
RTVSPost2010Prop44ColorRGB
 90
      255
102
RTVSPost2010PropOp44
 70
     1
102
RTVSPost2010Prop45
280
     0
102
RTVSPost2010PropOp45
 70
     1
102
RTVSPost2010Prop46
 90
       50
102
RTVSPost2010PropOp46
 70
     1
102
RTVSPost2010Prop47
 90
       50
102
RTVSPost2010PropOp47
 70
     1
102
RTVSPost2010Prop48
 90
       50
102
RTVSPost2010PropOp48
 70
     1
102
RTVSPost2010Prop49
280
     0
102
RTVSPost2010PropOp49
 70
     1
102
RTVSPost2010Prop50
 90
       50
102
RTVSPost2010PropOp50
 70
     1
102
RTVSPost2010Prop51ColorIndex
 90
      256
102
RTVSPost2010Prop51ColorRGB
 90
-16777216
102
RTVSPost2010PropOp51
 70
     0
102
RTVSPost2010Prop52
140
1.0
102
RTVSPost2010PropOp52
 70
     0
102
RTVSPost2010Prop53
 90
        2
102
RTVSPost2010PropOp53
 70
     1
102
RTVSPost2010Prop54
  1
strokes_ogs.tif
102
RTVSPost2010PropOp54
 70
     1
102
RTVSPost2010Prop55
280
     0
102
RTVSPost2010PropOp55
 70
     1
102
RTVSPost2010Prop56
140
1.0
102
RTVSPost2010PropOp56
 70
     1
102
RTVSPost2010Prop57
140
1.0
102
RTVSPost2010PropOp57
 70
     1
  0
XRECORD
  5
101DF
102
{ACAD_REACTORS
330
101DE
102
}
330
101DE
100
AcDbXrecord
280
     1
102
RTVSPost2010Prop28
280
     0
102
RTVSPost2010PropOp28
 70
     1
102
RTVSPost2010Prop29
280
     1
102
RTVSPost2010PropOp29
 70
     1
102
RTVSPost2010Prop30
280
     1
102
RTVSPost2010PropOp30
 70
     1
102
RTVSPost2010Prop31
280
     0
102
RTVSPost2010PropOp31
 70
     1
102
RTVSPost2010Prop32
280
     0
102
RTVSPost2010PropOp32
 70
     1
102
RTVSPost2010Prop33
280
     0
102
RTVSPost2010PropOp33
 70
     1
102
RTVSPost2010Prop34
280
     0
102
RTVSPost2010PropOp34
 70
     1
102
RTVSPost2010Prop35
280
     0
102
RTVSPost2010PropOp35
 70
     1
102
RTVSPost2010Prop36
280
     0
102
RTVSPost2010PropOp36
 70
     1
102
RTVSPost2010Prop37
 90
       50
102
RTVSPost2010PropOp37
 70
     1
102
RTVSPost2010Prop38
140
0.0
102
RTVSPost2010PropOp38
 70
     1
102
RTVSPost2010Prop39
140
1.0
102
RTVSPost2010PropOp39
 70
     1
102
RTVSPost2010Prop40
 90
        0
102
RTVSPost2010PropOp40
 70
     1
102
RTVSPost2010Prop41ColorIndex
 90
       18
102
RTVSPost2010Prop41ColorRGB
 90
        0
102
RTVSPost2010PropOp41
 70
     1
102
RTVSPost2010Prop42
 90
       50
102
RTVSPost2010PropOp42
 70
     1
102
RTVSPost2010Prop43
 90
        3
102
RTVSPost2010PropOp43
 70
     1
102
RTVSPost2010Prop44ColorIndex
 90
        5
102
RTVSPost2010Prop44ColorRGB
 90
      255
102
RTVSPost2010PropOp44
 70
     1
102
RTVSPost2010Prop45
280
     0
102
RTVSPost2010PropOp45
 70
     1
102
RTVSPost2010Prop46
 90
       50
102
RTVSPost2010PropOp46
 70
     1
102
RTVSPost2010Prop47
 90
       50
102
RTVSPost2010PropOp47
 70
     1
102
RTVSPost2010Prop48
 90
       50
102
RTVSPost2010PropOp48
 70
     1
102
RTVSPost2010Prop49
280
     0
102
RTVSPost2010PropOp49
 70
     1
102
RTVSPost2010Prop50
 90
       50
102
RTVSPost2010PropOp50
 70
     1
102
RTVSPost2010Prop51ColorIndex
 90
      256
102
RTVSPost2010Prop51ColorRGB
 90
-16777216
102
RTVSPost2010PropOp51
 70
     0
102
RTVSPost2010Prop52
140
1.0
102
RTVSPost2010PropOp52
 70
     0
102
RTVSPost2010Prop53
 90
        2
102
RTVSPost2010PropOp53
 70
     1
102
RTVSPost2010Prop54
  1
strokes_ogs.tif
102
RTVSPost2010PropOp54
 70
     1
102
RTVSPost2010Prop55
280
     0
102
RTVSPost2010PropOp55
 70
     1
102
RTVSPost2010Prop56
140
1.0
102
RTVSPost2010PropOp56
 70
     1
102
RTVSPost2010Prop57
140
1.0
102
RTVSPost2010PropOp57
 70
     1
  0
XRECORD
  5
101D1
102
{ACAD_REACTORS
330
101D0
102
}
330
101D0
100
AcDbXrecord
280
     1
102
RTVSPost2010Prop28
280
     0
102
RTVSPost2010PropOp28
 70
     1
102
RTVSPost2010Prop29
280
     1
102
RTVSPost2010PropOp29
 70
     1
102
RTVSPost2010Prop30
280
     1
102
RTVSPost2010PropOp30
 70
     1
102
RTVSPost2010Prop31
280
     0
102
RTVSPost2010PropOp31
 70
     1
102
RTVSPost2010Prop32
280
     0
102
RTVSPost2010PropOp32
 70
     1
102
RTVSPost2010Prop33
280
     0
102
RTVSPost2010PropOp33
 70
     1
102
RTVSPost2010Prop34
280
     0
102
RTVSPost2010PropOp34
 70
     1
102
RTVSPost2010Prop35
280
     0
102
RTVSPost2010PropOp35
 70
     1
102
RTVSPost2010Prop36
280
     0
102
RTVSPost2010PropOp36
 70
     1
102
RTVSPost2010Prop37
 90
       50
102
RTVSPost2010PropOp37
 70
     1
102
RTVSPost2010Prop38
140
0.0
102
RTVSPost2010PropOp38
 70
     1
102
RTVSPost2010Prop39
140
1.0
102
RTVSPost2010PropOp39
 70
     1
102
RTVSPost2010Prop40
 90
        0
102
RTVSPost2010PropOp40
 70
     1
102
RTVSPost2010Prop41ColorIndex
 90
       18
102
RTVSPost2010Prop41ColorRGB
 90
        0
102
RTVSPost2010PropOp41
 70
     1
102
RTVSPost2010Prop42
 90
       50
102
RTVSPost2010PropOp42
 70
     1
102
RTVSPost2010Prop43
 90
        3
102
RTVSPost2010PropOp43
 70
     1
102
RTVSPost2010Prop44ColorIndex
 90
        5
102
RTVSPost2010Prop44ColorRGB
 90
      255
102
RTVSPost2010PropOp44
 70
     1
102
RTVSPost2010Prop45
280
     0
102
RTVSPost2010PropOp45
 70
     1
102
RTVSPost2010Prop46
 90
       50
102
RTVSPost2010PropOp46
 70
     1
102
RTVSPost2010Prop47
 90
       50
102
RTVSPost2010PropOp47
 70
     1
102
RTVSPost2010Prop48
 90
       50
102
RTVSPost2010PropOp48
 70
     1
102
RTVSPost2010Prop49
280
     0
102
RTVSPost2010PropOp49
 70
     1
102
RTVSPost2010Prop50
 90
       50
102
RTVSPost2010PropOp50
 70
     1
102
RTVSPost2010Prop51ColorIndex
 90
      256
102
RTVSPost2010Prop51ColorRGB
 90
-16777216
102
RTVSPost2010PropOp51
 70
     0
102
RTVSPost2010Prop52
140
1.0
102
RTVSPost2010PropOp52
 70
     0
102
RTVSPost2010Prop53
 90
        2
102
RTVSPost2010PropOp53
 70
     1
102
RTVSPost2010Prop54
  1
strokes_ogs.tif
102
RTVSPost2010PropOp54
 70
     1
102
RTVSPost2010Prop55
280
     0
102
RTVSPost2010PropOp55
 70
     1
102
RTVSPost2010Prop56
140
1.0
102
RTVSPost2010PropOp56
 70
     1
102
RTVSPost2010Prop57
140
1.0
102
RTVSPost2010PropOp57
 70
     1
  0
XRECORD
  5
101D5
102
{ACAD_REACTORS
330
101D4
102
}
330
101D4
100
AcDbXrecord
280
     1
102
RTVSPost2010Prop28
280
     0
102
RTVSPost2010PropOp28
 70
     1
102
RTVSPost2010Prop29
280
     1
102
RTVSPost2010PropOp29
 70
     1
102
RTVSPost2010Prop30
280
     1
102
RTVSPost2010PropOp30
 70
     1
102
RTVSPost2010Prop31
280
     0
102
RTVSPost2010PropOp31
 70
     1
102
RTVSPost2010Prop32
280
     0
102
RTVSPost2010PropOp32
 70
     1
102
RTVSPost2010Prop33
280
     0
102
RTVSPost2010PropOp33
 70
     1
102
RTVSPost2010Prop34
280
     0
102
RTVSPost2010PropOp34
 70
     1
102
RTVSPost2010Prop35
280
     0
102
RTVSPost2010PropOp35
 70
     1
102
RTVSPost2010Prop36
280
     0
102
RTVSPost2010PropOp36
 70
     1
102
RTVSPost2010Prop37
 90
       50
102
RTVSPost2010PropOp37
 70
     1
102
RTVSPost2010Prop38
140
0.0
102
RTVSPost2010PropOp38
 70
     1
102
RTVSPost2010Prop39
140
1.0
102
RTVSPost2010PropOp39
 70
     1
102
RTVSPost2010Prop40
 90
        0
102
RTVSPost2010PropOp40
 70
     1
102
RTVSPost2010Prop41ColorIndex
 90
       18
102
RTVSPost2010Prop41ColorRGB
 90
        0
102
RTVSPost2010PropOp41
 70
     1
102
RTVSPost2010Prop42
 90
       50
102
RTVSPost2010PropOp42
 70
     1
102
RTVSPost2010Prop43
 90
        3
102
RTVSPost2010PropOp43
 70
     1
102
RTVSPost2010Prop44ColorIndex
 90
        5
102
RTVSPost2010Prop44ColorRGB
 90
      255
102
RTVSPost2010PropOp44
 70
     1
102
RTVSPost2010Prop45
280
     0
102
RTVSPost2010PropOp45
 70
     1
102
RTVSPost2010Prop46
 90
       50
102
RTVSPost2010PropOp46
 70
     1
102
RTVSPost2010Prop47
 90
       50
102
RTVSPost2010PropOp47
 70
     1
102
RTVSPost2010Prop48
 90
       50
102
RTVSPost2010PropOp48
 70
     1
102
RTVSPost2010Prop49
280
     0
102
RTVSPost2010PropOp49
 70
     1
102
RTVSPost2010Prop50
 90
       50
102
RTVSPost2010PropOp50
 70
     1
102
RTVSPost2010Prop51ColorIndex
 90
      256
102
RTVSPost2010Prop51ColorRGB
 90
-16777216
102
RTVSPost2010PropOp51
 70
     0
102
RTVSPost2010Prop52
140
1.0
102
RTVSPost2010PropOp52
 70
     0
102
RTVSPost2010Prop53
 90
        2
102
RTVSPost2010PropOp53
 70
     1
102
RTVSPost2010Prop54
  1
strokes_ogs.tif
102
RTVSPost2010PropOp54
 70
     1
102
RTVSPost2010Prop55
280
     0
102
RTVSPost2010PropOp55
 70
     1
102
RTVSPost2010Prop56
140
1.0
102
RTVSPost2010PropOp56
 70
     1
102
RTVSPost2010Prop57
140
1.0
102
RTVSPost2010PropOp57
 70
     1
  0
XRECORD
  5
101EF
102
{ACAD_REACTORS
330
101EE
102
}
330
101EE
100
AcDbXrecord
280
     1
102
RTVSPost2010Prop28
280
     0
102
RTVSPost2010PropOp28
 70
     1
102
RTVSPost2010Prop29
280
     1
102
RTVSPost2010PropOp29
 70
     1
102
RTVSPost2010Prop30
280
     1
102
RTVSPost2010PropOp30
 70
     1
102
RTVSPost2010Prop31
280
     0
102
RTVSPost2010PropOp31
 70
     1
102
RTVSPost2010Prop32
280
     0
102
RTVSPost2010PropOp32
 70
     1
102
RTVSPost2010Prop33
280
     0
102
RTVSPost2010PropOp33
 70
     1
102
RTVSPost2010Prop34
280
     0
102
RTVSPost2010PropOp34
 70
     1
102
RTVSPost2010Prop35
280
     0
102
RTVSPost2010PropOp35
 70
     1
102
RTVSPost2010Prop36
280
     0
102
RTVSPost2010PropOp36
 70
     1
102
RTVSPost2010Prop37
 90
       50
102
RTVSPost2010PropOp37
 70
     0
102
RTVSPost2010Prop38
140
0.0
102
RTVSPost2010PropOp38
 70
     0
102
RTVSPost2010Prop39
140
1.0
102
RTVSPost2010PropOp39
 70
     0
102
RTVSPost2010Prop40
 90
        0
102
RTVSPost2010PropOp40
 70
     0
102
RTVSPost2010Prop41ColorIndex
 90
       18
102
RTVSPost2010Prop41ColorRGB
 90
        0
102
RTVSPost2010PropOp41
 70
     0
102
RTVSPost2010Prop42
 90
       50
102
RTVSPost2010PropOp42
 70
     0
102
RTVSPost2010Prop43
 90
        3
102
RTVSPost2010PropOp43
 70
     0
102
RTVSPost2010Prop44ColorIndex
 90
        5
102
RTVSPost2010Prop44ColorRGB
 90
      255
102
RTVSPost2010PropOp44
 70
     0
102
RTVSPost2010Prop45
280
     0
102
RTVSPost2010PropOp45
 70
     1
102
RTVSPost2010Prop46
 90
       50
102
RTVSPost2010PropOp46
 70
     0
102
RTVSPost2010Prop47
 90
       50
102
RTVSPost2010PropOp47
 70
     0
102
RTVSPost2010Prop48
 90
       50
102
RTVSPost2010PropOp48
 70
     0
102
RTVSPost2010Prop49
280
     0
102
RTVSPost2010PropOp49
 70
     1
102
RTVSPost2010Prop50
 90
       50
102
RTVSPost2010PropOp50
 70
     0
102
RTVSPost2010Prop51ColorIndex
 90
      256
102
RTVSPost2010Prop51ColorRGB
 90
-16777216
102
RTVSPost2010PropOp51
 70
     0
102
RTVSPost2010Prop52
140
1.0
102
RTVSPost2010PropOp52
 70
     0
102
RTVSPost2010Prop53
 90
        2
102
RTVSPost2010PropOp53
 70
     0
102
RTVSPost2010Prop54
  1
strokes_ogs.tif
102
RTVSPost2010PropOp54
 70
     0
102
RTVSPost2010Prop55
280
     0
102
RTVSPost2010PropOp55
 70
     1
102
RTVSPost2010Prop56
140
1.0
102
RTVSPost2010PropOp56
 70
     0
102
RTVSPost2010Prop57
140
1.0
102
RTVSPost2010PropOp57
 70
     0
  0
XRECORD
  5
101DD
102
{ACAD_REACTORS
330
101DC
102
}
330
101DC
100
AcDbXrecord
280
     1
102
RTVSPost2010Prop28
280
     0
102
RTVSPost2010PropOp28
 70
     1
102
RTVSPost2010Prop29
280
     1
102
RTVSPost2010PropOp29
 70
     1
102
RTVSPost2010Prop30
280
     1
102
RTVSPost2010PropOp30
 70
     1
102
RTVSPost2010Prop31
280
     0
102
RTVSPost2010PropOp31
 70
     1
102
RTVSPost2010Prop32
280
     0
102
RTVSPost2010PropOp32
 70
     1
102
RTVSPost2010Prop33
280
     0
102
RTVSPost2010PropOp33
 70
     1
102
RTVSPost2010Prop34
280
     0
102
RTVSPost2010PropOp34
 70
     1
102
RTVSPost2010Prop35
280
     0
102
RTVSPost2010PropOp35
 70
     1
102
RTVSPost2010Prop36
280
     0
102
RTVSPost2010PropOp36
 70
     1
102
RTVSPost2010Prop37
 90
       50
102
RTVSPost2010PropOp37
 70
     1
102
RTVSPost2010Prop38
140
0.0
102
RTVSPost2010PropOp38
 70
     1
102
RTVSPost2010Prop39
140
1.0
102
RTVSPost2010PropOp39
 70
     1
102
RTVSPost2010Prop40
 90
        0
102
RTVSPost2010PropOp40
 70
     1
102
RTVSPost2010Prop41ColorIndex
 90
       18
102
RTVSPost2010Prop41ColorRGB
 90
        0
102
RTVSPost2010PropOp41
 70
     1
102
RTVSPost2010Prop42
 90
       50
102
RTVSPost2010PropOp42
 70
     1
102
RTVSPost2010Prop43
 90
        3
102
RTVSPost2010PropOp43
 70
     1
102
RTVSPost2010Prop44ColorIndex
 90
        5
102
RTVSPost2010Prop44ColorRGB
 90
      255
102
RTVSPost2010PropOp44
 70
     1
102
RTVSPost2010Prop45
280
     0
102
RTVSPost2010PropOp45
 70
     1
102
RTVSPost2010Prop46
 90
       50
102
RTVSPost2010PropOp46
 70
     1
102
RTVSPost2010Prop47
 90
       50
102
RTVSPost2010PropOp47
 70
     1
102
RTVSPost2010Prop48
 90
       50
102
RTVSPost2010PropOp48
 70
     1
102
RTVSPost2010Prop49
280
     0
102
RTVSPost2010PropOp49
 70
     1
102
RTVSPost2010Prop50
 90
       50
102
RTVSPost2010PropOp50
 70
     1
102
RTVSPost2010Prop51ColorIndex
 90
      256
102
RTVSPost2010Prop51ColorRGB
 90
-16777216
102
RTVSPost2010PropOp51
 70
     0
102
RTVSPost2010Prop52
140
1.0
102
RTVSPost2010PropOp52
 70
     0
102
RTVSPost2010Prop53
 90
        2
102
RTVSPost2010PropOp53
 70
     1
102
RTVSPost2010Prop54
  1
strokes_ogs.tif
102
RTVSPost2010PropOp54
 70
     1
102
RTVSPost2010Prop55
280
     0
102
RTVSPost2010PropOp55
 70
     1
102
RTVSPost2010Prop56
140
1.0
102
RTVSPost2010PropOp56
 70
     1
102
RTVSPost2010Prop57
140
1.0
102
RTVSPost2010PropOp57
 70
     1
  0
XRECORD
  5
101C1
102
{ACAD_REACTORS
330
101C0
102
}
330
101C0
100
AcDbXrecord
280
     1
102
RTVSPost2010Prop28
280
     0
102
RTVSPost2010PropOp28
 70
     1
102
RTVSPost2010Prop29
280
     1
102
RTVSPost2010PropOp29
 70
     1
102
RTVSPost2010Prop30
280
     1
102
RTVSPost2010PropOp30
 70
     1
102
RTVSPost2010Prop31
280
     0
102
RTVSPost2010PropOp31
 70
     1
102
RTVSPost2010Prop32
280
     0
102
RTVSPost2010PropOp32
 70
     1
102
RTVSPost2010Prop33
280
     0
102
RTVSPost2010PropOp33
 70
     1
102
RTVSPost2010Prop34
280
     0
102
RTVSPost2010PropOp34
 70
     1
102
RTVSPost2010Prop35
280
     0
102
RTVSPost2010PropOp35
 70
     1
102
RTVSPost2010Prop36
280
     0
102
RTVSPost2010PropOp36
 70
     1
102
RTVSPost2010Prop37
 90
       50
102
RTVSPost2010PropOp37
 70
     1
102
RTVSPost2010Prop38
140
0.0
102
RTVSPost2010PropOp38
 70
     1
102
RTVSPost2010Prop39
140
1.0
102
RTVSPost2010PropOp39
 70
     1
102
RTVSPost2010Prop40
 90
        0
102
RTVSPost2010PropOp40
 70
     1
102
RTVSPost2010Prop41ColorIndex
 90
       18
102
RTVSPost2010Prop41ColorRGB
 90
        0
102
RTVSPost2010PropOp41
 70
     1
102
RTVSPost2010Prop42
 90
       50
102
RTVSPost2010PropOp42
 70
     1
102
RTVSPost2010Prop43
 90
        3
102
RTVSPost2010PropOp43
 70
     1
102
RTVSPost2010Prop44ColorIndex
 90
        5
102
RTVSPost2010Prop44ColorRGB
 90
      255
102
RTVSPost2010PropOp44
 70
     1
102
RTVSPost2010Prop45
280
     0
102
RTVSPost2010PropOp45
 70
     1
102
RTVSPost2010Prop46
 90
       50
102
RTVSPost2010PropOp46
 70
     1
102
RTVSPost2010Prop47
 90
       50
102
RTVSPost2010PropOp47
 70
     1
102
RTVSPost2010Prop48
 90
       50
102
RTVSPost2010PropOp48
 70
     1
102
RTVSPost2010Prop49
280
     0
102
RTVSPost2010PropOp49
 70
     1
102
RTVSPost2010Prop50
 90
       50
102
RTVSPost2010PropOp50
 70
     1
102
RTVSPost2010Prop51ColorIndex
 90
      256
102
RTVSPost2010Prop51ColorRGB
 90
-16777216
102
RTVSPost2010PropOp51
 70
     0
102
RTVSPost2010Prop52
140
1.0
102
RTVSPost2010PropOp52
 70
     0
102
RTVSPost2010Prop53
 90
        2
102
RTVSPost2010PropOp53
 70
     1
102
RTVSPost2010Prop54
  1
strokes_ogs.tif
102
RTVSPost2010PropOp54
 70
     1
102
RTVSPost2010Prop55
280
     0
102
RTVSPost2010PropOp55
 70
     1
102
RTVSPost2010Prop56
140
1.0
102
RTVSPost2010PropOp56
 70
     1
102
RTVSPost2010Prop57
140
1.0
102
RTVSPost2010PropOp57
 70
     1
  0
XRECORD
  5
101C3
102
{ACAD_REACTORS
330
101C2
102
}
330
101C2
100
AcDbXrecord
280
     1
102
RTVSPost2010Prop28
280
     0
102
RTVSPost2010PropOp28
 70
     1
102
RTVSPost2010Prop29
280
     1
102
RTVSPost2010PropOp29
 70
     1
102
RTVSPost2010Prop30
280
     1
102
RTVSPost2010PropOp30
 70
     1
102
RTVSPost2010Prop31
280
     0
102
RTVSPost2010PropOp31
 70
     1
102
RTVSPost2010Prop32
280
     0
102
RTVSPost2010PropOp32
 70
     1
102
RTVSPost2010Prop33
280
     0
102
RTVSPost2010PropOp33
 70
     1
102
RTVSPost2010Prop34
280
     0
102
RTVSPost2010PropOp34
 70
     1
102
RTVSPost2010Prop35
280
     0
102
RTVSPost2010PropOp35
 70
     1
102
RTVSPost2010Prop36
280
     0
102
RTVSPost2010PropOp36
 70
     1
102
RTVSPost2010Prop37
 90
       50
102
RTVSPost2010PropOp37
 70
     1
102
RTVSPost2010Prop38
140
0.0
102
RTVSPost2010PropOp38
 70
     1
102
RTVSPost2010Prop39
140
1.0
102
RTVSPost2010PropOp39
 70
     1
102
RTVSPost2010Prop40
 90
        0
102
RTVSPost2010PropOp40
 70
     1
102
RTVSPost2010Prop41ColorIndex
 90
       18
102
RTVSPost2010Prop41ColorRGB
 90
        0
102
RTVSPost2010PropOp41
 70
     1
102
RTVSPost2010Prop42
 90
       50
102
RTVSPost2010PropOp42
 70
     1
102
RTVSPost2010Prop43
 90
        3
102
RTVSPost2010PropOp43
 70
     1
102
RTVSPost2010Prop44ColorIndex
 90
        5
102
RTVSPost2010Prop44ColorRGB
 90
      255
102
RTVSPost2010PropOp44
 70
     1
102
RTVSPost2010Prop45
280
     0
102
RTVSPost2010PropOp45
 70
     1
102
RTVSPost2010Prop46
 90
       50
102
RTVSPost2010PropOp46
 70
     1
102
RTVSPost2010Prop47
 90
       50
102
RTVSPost2010PropOp47
 70
     1
102
RTVSPost2010Prop48
 90
       50
102
RTVSPost2010PropOp48
 70
     1
102
RTVSPost2010Prop49
280
     0
102
RTVSPost2010PropOp49
 70
     1
102
RTVSPost2010Prop50
 90
       50
102
RTVSPost2010PropOp50
 70
     1
102
RTVSPost2010Prop51ColorIndex
 90
      256
102
RTVSPost2010Prop51ColorRGB
 90
-16777216
102
RTVSPost2010PropOp51
 70
     0
102
RTVSPost2010Prop52
140
1.0
102
RTVSPost2010PropOp52
 70
     0
102
RTVSPost2010Prop53
 90
        2
102
RTVSPost2010PropOp53
 70
     1
102
RTVSPost2010Prop54
  1
strokes_ogs.tif
102
RTVSPost2010PropOp54
 70
     1
102
RTVSPost2010Prop55
280
     0
102
RTVSPost2010PropOp55
 70
     1
102
RTVSPost2010Prop56
140
1.0
102
RTVSPost2010PropOp56
 70
     1
102
RTVSPost2010Prop57
140
1.0
102
RTVSPost2010PropOp57
 70
     1
  0
XRECORD
  5
101C5
102
{ACAD_REACTORS
330
101C4
102
}
330
101C4
100
AcDbXrecord
280
     1
102
RTVSPost2010Prop28
280
     0
102
RTVSPost2010PropOp28
 70
     1
102
RTVSPost2010Prop29
280
     1
102
RTVSPost2010PropOp29
 70
     1
102
RTVSPost2010Prop30
280
     1
102
RTVSPost2010PropOp30
 70
     1
102
RTVSPost2010Prop31
280
     0
102
RTVSPost2010PropOp31
 70
     1
102
RTVSPost2010Prop32
280
     0
102
RTVSPost2010PropOp32
 70
     1
102
RTVSPost2010Prop33
280
     0
102
RTVSPost2010PropOp33
 70
     1
102
RTVSPost2010Prop34
280
     0
102
RTVSPost2010PropOp34
 70
     1
102
RTVSPost2010Prop35
280
     0
102
RTVSPost2010PropOp35
 70
     1
102
RTVSPost2010Prop36
280
     0
102
RTVSPost2010PropOp36
 70
     1
102
RTVSPost2010Prop37
 90
       50
102
RTVSPost2010PropOp37
 70
     1
102
RTVSPost2010Prop38
140
0.0
102
RTVSPost2010PropOp38
 70
     1
102
RTVSPost2010Prop39
140
1.0
102
RTVSPost2010PropOp39
 70
     1
102
RTVSPost2010Prop40
 90
        0
102
RTVSPost2010PropOp40
 70
     1
102
RTVSPost2010Prop41ColorIndex
 90
       18
102
RTVSPost2010Prop41ColorRGB
 90
        0
102
RTVSPost2010PropOp41
 70
     1
102
RTVSPost2010Prop42
 90
       50
102
RTVSPost2010PropOp42
 70
     1
102
RTVSPost2010Prop43
 90
        3
102
RTVSPost2010PropOp43
 70
     1
102
RTVSPost2010Prop44ColorIndex
 90
        5
102
RTVSPost2010Prop44ColorRGB
 90
      255
102
RTVSPost2010PropOp44
 70
     1
102
RTVSPost2010Prop45
280
     0
102
RTVSPost2010PropOp45
 70
     1
102
RTVSPost2010Prop46
 90
       50
102
RTVSPost2010PropOp46
 70
     1
102
RTVSPost2010Prop47
 90
       50
102
RTVSPost2010PropOp47
 70
     1
102
RTVSPost2010Prop48
 90
       50
102
RTVSPost2010PropOp48
 70
     1
102
RTVSPost2010Prop49
280
     0
102
RTVSPost2010PropOp49
 70
     1
102
RTVSPost2010Prop50
 90
       50
102
RTVSPost2010PropOp50
 70
     1
102
RTVSPost2010Prop51ColorIndex
 90
      256
102
RTVSPost2010Prop51ColorRGB
 90
-16777216
102
RTVSPost2010PropOp51
 70
     0
102
RTVSPost2010Prop52
140
1.0
102
RTVSPost2010PropOp52
 70
     0
102
RTVSPost2010Prop53
 90
        2
102
RTVSPost2010PropOp53
 70
     1
102
RTVSPost2010Prop54
  1
strokes_ogs.tif
102
RTVSPost2010PropOp54
 70
     1
102
RTVSPost2010Prop55
280
     0
102
RTVSPost2010PropOp55
 70
     1
102
RTVSPost2010Prop56
140
1.0
102
RTVSPost2010PropOp56
 70
     1
102
RTVSPost2010Prop57
140
1.0
102
RTVSPost2010PropOp57
 70
     1
  0
XRECORD
  5
101C7
102
{ACAD_REACTORS
330
101C6
102
}
330
101C6
100
AcDbXrecord
280
     1
102
RTVSPost2010Prop28
280
     0
102
RTVSPost2010PropOp28
 70
     1
102
RTVSPost2010Prop29
280
     1
102
RTVSPost2010PropOp29
 70
     1
102
RTVSPost2010Prop30
280
     1
102
RTVSPost2010PropOp30
 70
     1
102
RTVSPost2010Prop31
280
     0
102
RTVSPost2010PropOp31
 70
     1
102
RTVSPost2010Prop32
280
     0
102
RTVSPost2010PropOp32
 70
     1
102
RTVSPost2010Prop33
280
     0
102
RTVSPost2010PropOp33
 70
     1
102
RTVSPost2010Prop34
280
     0
102
RTVSPost2010PropOp34
 70
     1
102
RTVSPost2010Prop35
280
     0
102
RTVSPost2010PropOp35
 70
     1
102
RTVSPost2010Prop36
280
     0
102
RTVSPost2010PropOp36
 70
     1
102
RTVSPost2010Prop37
 90
       50
102
RTVSPost2010PropOp37
 70
     1
102
RTVSPost2010Prop38
140
0.0
102
RTVSPost2010PropOp38
 70
     1
102
RTVSPost2010Prop39
140
1.0
102
RTVSPost2010PropOp39
 70
     1
102
RTVSPost2010Prop40
 90
        0
102
RTVSPost2010PropOp40
 70
     1
102
RTVSPost2010Prop41ColorIndex
 90
       18
102
RTVSPost2010Prop41ColorRGB
 90
        0
102
RTVSPost2010PropOp41
 70
     1
102
RTVSPost2010Prop42
 90
       50
102
RTVSPost2010PropOp42
 70
     1
102
RTVSPost2010Prop43
 90
        3
102
RTVSPost2010PropOp43
 70
     1
102
RTVSPost2010Prop44ColorIndex
 90
        5
102
RTVSPost2010Prop44ColorRGB
 90
      255
102
RTVSPost2010PropOp44
 70
     1
102
RTVSPost2010Prop45
280
     0
102
RTVSPost2010PropOp45
 70
     1
102
RTVSPost2010Prop46
 90
       50
102
RTVSPost2010PropOp46
 70
     1
102
RTVSPost2010Prop47
 90
       50
102
RTVSPost2010PropOp47
 70
     1
102
RTVSPost2010Prop48
 90
       50
102
RTVSPost2010PropOp48
 70
     1
102
RTVSPost2010Prop49
280
     0
102
RTVSPost2010PropOp49
 70
     1
102
RTVSPost2010Prop50
 90
       50
102
RTVSPost2010PropOp50
 70
     1
102
RTVSPost2010Prop51ColorIndex
 90
      256
102
RTVSPost2010Prop51ColorRGB
 90
-16777216
102
RTVSPost2010PropOp51
 70
     0
102
RTVSPost2010Prop52
140
1.0
102
RTVSPost2010PropOp52
 70
     0
102
RTVSPost2010Prop53
 90
        2
102
RTVSPost2010PropOp53
 70
     1
102
RTVSPost2010Prop54
  1
strokes_ogs.tif
102
RTVSPost2010PropOp54
 70
     1
102
RTVSPost2010Prop55
280
     0
102
RTVSPost2010PropOp55
 70
     1
102
RTVSPost2010Prop56
140
1.0
102
RTVSPost2010PropOp56
 70
     1
102
RTVSPost2010Prop57
140
1.0
102
RTVSPost2010PropOp57
 70
     1
  0
XRECORD
  5
101CF
102
{ACAD_REACTORS
330
101CE
102
}
330
101CE
100
AcDbXrecord
280
     1
102
RTVSPost2010Prop28
280
     0
102
RTVSPost2010PropOp28
 70
     1
102
RTVSPost2010Prop29
280
     1
102
RTVSPost2010PropOp29
 70
     1
102
RTVSPost2010Prop30
280
     1
102
RTVSPost2010PropOp30
 70
     1
102
RTVSPost2010Prop31
280
     0
102
RTVSPost2010PropOp31
 70
     1
102
RTVSPost2010Prop32
280
     0
102
RTVSPost2010PropOp32
 70
     1
102
RTVSPost2010Prop33
280
     0
102
RTVSPost2010PropOp33
 70
     1
102
RTVSPost2010Prop34
280
     0
102
RTVSPost2010PropOp34
 70
     1
102
RTVSPost2010Prop35
280
     0
102
RTVSPost2010PropOp35
 70
     1
102
RTVSPost2010Prop36
280
     0
102
RTVSPost2010PropOp36
 70
     1
102
RTVSPost2010Prop37
 90
       50
102
RTVSPost2010PropOp37
 70
     1
102
RTVSPost2010Prop38
140
0.0
102
RTVSPost2010PropOp38
 70
     1
102
RTVSPost2010Prop39
140
1.0
102
RTVSPost2010PropOp39
 70
     1
102
RTVSPost2010Prop40
 90
        0
102
RTVSPost2010PropOp40
 70
     1
102
RTVSPost2010Prop41ColorIndex
 90
       18
102
RTVSPost2010Prop41ColorRGB
 90
        0
102
RTVSPost2010PropOp41
 70
     1
102
RTVSPost2010Prop42
 90
       50
102
RTVSPost2010PropOp42
 70
     1
102
RTVSPost2010Prop43
 90
        3
102
RTVSPost2010PropOp43
 70
     1
102
RTVSPost2010Prop44ColorIndex
 90
        5
102
RTVSPost2010Prop44ColorRGB
 90
      255
102
RTVSPost2010PropOp44
 70
     1
102
RTVSPost2010Prop45
280
     0
102
RTVSPost2010PropOp45
 70
     1
102
RTVSPost2010Prop46
 90
       50
102
RTVSPost2010PropOp46
 70
     1
102
RTVSPost2010Prop47
 90
       50
102
RTVSPost2010PropOp47
 70
     1
102
RTVSPost2010Prop48
 90
       50
102
RTVSPost2010PropOp48
 70
     1
102
RTVSPost2010Prop49
280
     0
102
RTVSPost2010PropOp49
 70
     1
102
RTVSPost2010Prop50
 90
       50
102
RTVSPost2010PropOp50
 70
     1
102
RTVSPost2010Prop51ColorIndex
 90
      256
102
RTVSPost2010Prop51ColorRGB
 90
-16777216
102
RTVSPost2010PropOp51
 70
     0
102
RTVSPost2010Prop52
140
1.0
102
RTVSPost2010PropOp52
 70
     0
102
RTVSPost2010Prop53
 90
        2
102
RTVSPost2010PropOp53
 70
     1
102
RTVSPost2010Prop54
  1
strokes_ogs.tif
102
RTVSPost2010PropOp54
 70
     1
102
RTVSPost2010Prop55
280
     0
102
RTVSPost2010PropOp55
 70
     1
102
RTVSPost2010Prop56
140
1.0
102
RTVSPost2010PropOp56
 70
     1
102
RTVSPost2010Prop57
140
1.0
102
RTVSPost2010PropOp57
 70
     1
  0
XRECORD
  5
101EB
102
{ACAD_REACTORS
330
101EA
102
}
330
101EA
100
AcDbXrecord
280
     1
102
RTVSPost2010Prop28
280
     0
102
RTVSPost2010PropOp28
 70
     1
102
RTVSPost2010Prop29
280
     1
102
RTVSPost2010PropOp29
 70
     1
102
RTVSPost2010Prop30
280
     1
102
RTVSPost2010PropOp30
 70
     1
102
RTVSPost2010Prop31
280
     0
102
RTVSPost2010PropOp31
 70
     1
102
RTVSPost2010Prop32
280
     0
102
RTVSPost2010PropOp32
 70
     1
102
RTVSPost2010Prop33
280
     0
102
RTVSPost2010PropOp33
 70
     1
102
RTVSPost2010Prop34
280
     0
102
RTVSPost2010PropOp34
 70
     1
102
RTVSPost2010Prop35
280
     0
102
RTVSPost2010PropOp35
 70
     1
102
RTVSPost2010Prop36
280
     0
102
RTVSPost2010PropOp36
 70
     1
102
RTVSPost2010Prop37
 90
       50
102
RTVSPost2010PropOp37
 70
     0
102
RTVSPost2010Prop38
140
0.0
102
RTVSPost2010PropOp38
 70
     0
102
RTVSPost2010Prop39
140
1.0
102
RTVSPost2010PropOp39
 70
     0
102
RTVSPost2010Prop40
 90
        0
102
RTVSPost2010PropOp40
 70
     0
102
RTVSPost2010Prop41ColorIndex
 90
       18
102
RTVSPost2010Prop41ColorRGB
 90
        0
102
RTVSPost2010PropOp41
 70
     0
102
RTVSPost2010Prop42
 90
       50
102
RTVSPost2010PropOp42
 70
     0
102
RTVSPost2010Prop43
 90
        3
102
RTVSPost2010PropOp43
 70
     0
102
RTVSPost2010Prop44ColorIndex
 90
        5
102
RTVSPost2010Prop44ColorRGB
 90
      255
102
RTVSPost2010PropOp44
 70
     0
102
RTVSPost2010Prop45
280
     0
102
RTVSPost2010PropOp45
 70
     1
102
RTVSPost2010Prop46
 90
       50
102
RTVSPost2010PropOp46
 70
     0
102
RTVSPost2010Prop47
 90
       50
102
RTVSPost2010PropOp47
 70
     0
102
RTVSPost2010Prop48
 90
       50
102
RTVSPost2010PropOp48
 70
     0
102
RTVSPost2010Prop49
280
     0
102
RTVSPost2010PropOp49
 70
     1
102
RTVSPost2010Prop50
 90
       50
102
RTVSPost2010PropOp50
 70
     0
102
RTVSPost2010Prop51ColorIndex
 90
      256
102
RTVSPost2010Prop51ColorRGB
 90
-16777216
102
RTVSPost2010PropOp51
 70
     0
102
RTVSPost2010Prop52
140
1.0
102
RTVSPost2010PropOp52
 70
     0
102
RTVSPost2010Prop53
 90
        2
102
RTVSPost2010PropOp53
 70
     0
102
RTVSPost2010Prop54
  1
strokes_ogs.tif
102
RTVSPost2010PropOp54
 70
     0
102
RTVSPost2010Prop55
280
     0
102
RTVSPost2010PropOp55
 70
     1
102
RTVSPost2010Prop56
140
1.0
102
RTVSPost2010PropOp56
 70
     0
102
RTVSPost2010Prop57
140
1.0
102
RTVSPost2010PropOp57
 70
     0
  0
XRECORD
  5
101DB
102
{ACAD_REACTORS
330
101DA
102
}
330
101DA
100
AcDbXrecord
280
     1
102
RTVSPost2010Prop28
280
     0
102
RTVSPost2010PropOp28
 70
     1
102
RTVSPost2010Prop29
280
     1
102
RTVSPost2010PropOp29
 70
     1
102
RTVSPost2010Prop30
280
     1
102
RTVSPost2010PropOp30
 70
     1
102
RTVSPost2010Prop31
280
     0
102
RTVSPost2010PropOp31
 70
     1
102
RTVSPost2010Prop32
280
     0
102
RTVSPost2010PropOp32
 70
     1
102
RTVSPost2010Prop33
280
     0
102
RTVSPost2010PropOp33
 70
     1
102
RTVSPost2010Prop34
280
     0
102
RTVSPost2010PropOp34
 70
     1
102
RTVSPost2010Prop35
280
     0
102
RTVSPost2010PropOp35
 70
     1
102
RTVSPost2010Prop36
280
     0
102
RTVSPost2010PropOp36
 70
     1
102
RTVSPost2010Prop37
 90
       50
102
RTVSPost2010PropOp37
 70
     1
102
RTVSPost2010Prop38
140
0.0
102
RTVSPost2010PropOp38
 70
     1
102
RTVSPost2010Prop39
140
1.0
102
RTVSPost2010PropOp39
 70
     1
102
RTVSPost2010Prop40
 90
        0
102
RTVSPost2010PropOp40
 70
     1
102
RTVSPost2010Prop41ColorIndex
 90
       18
102
RTVSPost2010Prop41ColorRGB
 90
        0
102
RTVSPost2010PropOp41
 70
     1
102
RTVSPost2010Prop42
 90
       50
102
RTVSPost2010PropOp42
 70
     1
102
RTVSPost2010Prop43
 90
        3
102
RTVSPost2010PropOp43
 70
     1
102
RTVSPost2010Prop44ColorIndex
 90
        5
102
RTVSPost2010Prop44ColorRGB
 90
      255
102
RTVSPost2010PropOp44
 70
     1
102
RTVSPost2010Prop45
280
     0
102
RTVSPost2010PropOp45
 70
     1
102
RTVSPost2010Prop46
 90
       50
102
RTVSPost2010PropOp46
 70
     1
102
RTVSPost2010Prop47
 90
       50
102
RTVSPost2010PropOp47
 70
     1
102
RTVSPost2010Prop48
 90
       50
102
RTVSPost2010PropOp48
 70
     1
102
RTVSPost2010Prop49
280
     0
102
RTVSPost2010PropOp49
 70
     1
102
RTVSPost2010Prop50
 90
       50
102
RTVSPost2010PropOp50
 70
     1
102
RTVSPost2010Prop51ColorIndex
 90
      256
102
RTVSPost2010Prop51ColorRGB
 90
-16777216
102
RTVSPost2010PropOp51
 70
     0
102
RTVSPost2010Prop52
140
1.0
102
RTVSPost2010PropOp52
 70
     0
102
RTVSPost2010Prop53
 90
        2
102
RTVSPost2010PropOp53
 70
     1
102
RTVSPost2010Prop54
  1
strokes_ogs.tif
102
RTVSPost2010PropOp54
 70
     1
102
RTVSPost2010Prop55
280
     0
102
RTVSPost2010PropOp55
 70
     1
102
RTVSPost2010Prop56
140
1.0
102
RTVSPost2010PropOp56
 70
     1
102
RTVSPost2010Prop57
140
1.0
102
RTVSPost2010PropOp57
 70
     1
  0
XRECORD
  5
101ED
102
{ACAD_REACTORS
330
101EC
102
}
330
101EC
100
AcDbXrecord
280
     1
102
RTVSPost2010Prop28
280
     0
102
RTVSPost2010PropOp28
 70
     1
102
RTVSPost2010Prop29
280
     1
102
RTVSPost2010PropOp29
 70
     1
102
RTVSPost2010Prop30
280
     1
102
RTVSPost2010PropOp30
 70
     1
102
RTVSPost2010Prop31
280
     0
102
RTVSPost2010PropOp31
 70
     1
102
RTVSPost2010Prop32
280
     0
102
RTVSPost2010PropOp32
 70
     1
102
RTVSPost2010Prop33
280
     0
102
RTVSPost2010PropOp33
 70
     1
102
RTVSPost2010Prop34
280
     0
102
RTVSPost2010PropOp34
 70
     1
102
RTVSPost2010Prop35
280
     0
102
RTVSPost2010PropOp35
 70
     1
102
RTVSPost2010Prop36
280
     0
102
RTVSPost2010PropOp36
 70
     1
102
RTVSPost2010Prop37
 90
       50
102
RTVSPost2010PropOp37
 70
     0
102
RTVSPost2010Prop38
140
0.0
102
RTVSPost2010PropOp38
 70
     0
102
RTVSPost2010Prop39
140
1.0
102
RTVSPost2010PropOp39
 70
     0
102
RTVSPost2010Prop40
 90
        0
102
RTVSPost2010PropOp40
 70
     0
102
RTVSPost2010Prop41ColorIndex
 90
       18
102
RTVSPost2010Prop41ColorRGB
 90
        0
102
RTVSPost2010PropOp41
 70
     0
102
RTVSPost2010Prop42
 90
       50
102
RTVSPost2010PropOp42
 70
     0
102
RTVSPost2010Prop43
 90
        3
102
RTVSPost2010PropOp43
 70
     0
102
RTVSPost2010Prop44ColorIndex
 90
        5
102
RTVSPost2010Prop44ColorRGB
 90
      255
102
RTVSPost2010PropOp44
 70
     0
102
RTVSPost2010Prop45
280
     0
102
RTVSPost2010PropOp45
 70
     1
102
RTVSPost2010Prop46
 90
       50
102
RTVSPost2010PropOp46
 70
     0
102
RTVSPost2010Prop47
 90
       50
102
RTVSPost2010PropOp47
 70
     0
102
RTVSPost2010Prop48
 90
       50
102
RTVSPost2010PropOp48
 70
     0
102
RTVSPost2010Prop49
280
     0
102
RTVSPost2010PropOp49
 70
     1
102
RTVSPost2010Prop50
 90
       50
102
RTVSPost2010PropOp50
 70
     0
102
RTVSPost2010Prop51ColorIndex
 90
      256
102
RTVSPost2010Prop51ColorRGB
 90
-16777216
102
RTVSPost2010PropOp51
 70
     0
102
RTVSPost2010Prop52
140
1.0
102
RTVSPost2010PropOp52
 70
     0
102
RTVSPost2010Prop53
 90
        2
102
RTVSPost2010PropOp53
 70
     0
102
RTVSPost2010Prop54
  1
strokes_ogs.tif
102
RTVSPost2010PropOp54
 70
     0
102
RTVSPost2010Prop55
280
     0
102
RTVSPost2010PropOp55
 70
     1
102
RTVSPost2010Prop56
140
1.0
102
RTVSPost2010PropOp56
 70
     0
102
RTVSPost2010Prop57
140
1.0
102
RTVSPost2010PropOp57
 70
     0
  0
XRECORD
  5
101D3
102
{ACAD_REACTORS
330
101D2
102
}
330
101D2
100
AcDbXrecord
280
     1
102
RTVSPost2010Prop28
280
     0
102
RTVSPost2010PropOp28
 70
     1
102
RTVSPost2010Prop29
280
     1
102
RTVSPost2010PropOp29
 70
     1
102
RTVSPost2010Prop30
280
     1
102
RTVSPost2010PropOp30
 70
     1
102
RTVSPost2010Prop31
280
     0
102
RTVSPost2010PropOp31
 70
     1
102
RTVSPost2010Prop32
280
     0
102
RTVSPost2010PropOp32
 70
     1
102
RTVSPost2010Prop33
280
     0
102
RTVSPost2010PropOp33
 70
     1
102
RTVSPost2010Prop34
280
     0
102
RTVSPost2010PropOp34
 70
     1
102
RTVSPost2010Prop35
280
     0
102
RTVSPost2010PropOp35
 70
     1
102
RTVSPost2010Prop36
280
     0
102
RTVSPost2010PropOp36
 70
     1
102
RTVSPost2010Prop37
 90
       50
102
RTVSPost2010PropOp37
 70
     1
102
RTVSPost2010Prop38
140
0.0
102
RTVSPost2010PropOp38
 70
     1
102
RTVSPost2010Prop39
140
1.0
102
RTVSPost2010PropOp39
 70
     1
102
RTVSPost2010Prop40
 90
        0
102
RTVSPost2010PropOp40
 70
     1
102
RTVSPost2010Prop41ColorIndex
 90
       18
102
RTVSPost2010Prop41ColorRGB
 90
        0
102
RTVSPost2010PropOp41
 70
     1
102
RTVSPost2010Prop42
 90
       50
102
RTVSPost2010PropOp42
 70
     1
102
RTVSPost2010Prop43
 90
        3
102
RTVSPost2010PropOp43
 70
     1
102
RTVSPost2010Prop44ColorIndex
 90
        5
102
RTVSPost2010Prop44ColorRGB
 90
      255
102
RTVSPost2010PropOp44
 70
     1
102
RTVSPost2010Prop45
280
     0
102
RTVSPost2010PropOp45
 70
     1
102
RTVSPost2010Prop46
 90
       50
102
RTVSPost2010PropOp46
 70
     1
102
RTVSPost2010Prop47
 90
       50
102
RTVSPost2010PropOp47
 70
     1
102
RTVSPost2010Prop48
 90
       50
102
RTVSPost2010PropOp48
 70
     1
102
RTVSPost2010Prop49
280
     0
102
RTVSPost2010PropOp49
 70
     1
102
RTVSPost2010Prop50
 90
       50
102
RTVSPost2010PropOp50
 70
     1
102
RTVSPost2010Prop51ColorIndex
 90
      256
102
RTVSPost2010Prop51ColorRGB
 90
-16777216
102
RTVSPost2010PropOp51
 70
     0
102
RTVSPost2010Prop52
140
1.0
102
RTVSPost2010PropOp52
 70
     0
102
RTVSPost2010Prop53
 90
        2
102
RTVSPost2010PropOp53
 70
     1
102
RTVSPost2010Prop54
  1
strokes_ogs.tif
102
RTVSPost2010PropOp54
 70
     1
102
RTVSPost2010Prop55
280
     0
102
RTVSPost2010PropOp55
 70
     1
102
RTVSPost2010Prop56
140
1.0
102
RTVSPost2010PropOp56
 70
     1
102
RTVSPost2010Prop57
140
1.0
102
RTVSPost2010PropOp57
 70
     1
  0
XRECORD
  5
101E9
102
{ACAD_REACTORS
330
101E8
102
}
330
101E8
100
AcDbXrecord
280
     1
102
RTVSPost2010Prop28
280
     0
102
RTVSPost2010PropOp28
 70
     1
102
RTVSPost2010Prop29
280
     1
102
RTVSPost2010PropOp29
 70
     1
102
RTVSPost2010Prop30
280
     1
102
RTVSPost2010PropOp30
 70
     1
102
RTVSPost2010Prop31
280
     0
102
RTVSPost2010PropOp31
 70
     1
102
RTVSPost2010Prop32
280
     0
102
RTVSPost2010PropOp32
 70
     1
102
RTVSPost2010Prop33
280
     0
102
RTVSPost2010PropOp33
 70
     1
102
RTVSPost2010Prop34
280
     0
102
RTVSPost2010PropOp34
 70
     1
102
RTVSPost2010Prop35
280
     0
102
RTVSPost2010PropOp35
 70
     1
102
RTVSPost2010Prop36
280
     0
102
RTVSPost2010PropOp36
 70
     1
102
RTVSPost2010Prop37
 90
       50
102
RTVSPost2010PropOp37
 70
     1
102
RTVSPost2010Prop38
140
0.0
102
RTVSPost2010PropOp38
 70
     1
102
RTVSPost2010Prop39
140
1.0
102
RTVSPost2010PropOp39
 70
     1
102
RTVSPost2010Prop40
 90
        0
102
RTVSPost2010PropOp40
 70
     1
102
RTVSPost2010Prop41ColorIndex
 90
       18
102
RTVSPost2010Prop41ColorRGB
 90
        0
102
RTVSPost2010PropOp41
 70
     1
102
RTVSPost2010Prop42
 90
       50
102
RTVSPost2010PropOp42
 70
     1
102
RTVSPost2010Prop43
 90
        3
102
RTVSPost2010PropOp43
 70
     1
102
RTVSPost2010Prop44ColorIndex
 90
        5
102
RTVSPost2010Prop44ColorRGB
 90
      255
102
RTVSPost2010PropOp44
 70
     1
102
RTVSPost2010Prop45
280
     0
102
RTVSPost2010PropOp45
 70
     1
102
RTVSPost2010Prop46
 90
       50
102
RTVSPost2010PropOp46
 70
     1
102
RTVSPost2010Prop47
 90
       50
102
RTVSPost2010PropOp47
 70
     1
102
RTVSPost2010Prop48
 90
       50
102
RTVSPost2010PropOp48
 70
     1
102
RTVSPost2010Prop49
280
     0
102
RTVSPost2010PropOp49
 70
     1
102
RTVSPost2010Prop50
 90
       50
102
RTVSPost2010PropOp50
 70
     1
102
RTVSPost2010Prop51ColorIndex
 90
      256
102
RTVSPost2010Prop51ColorRGB
 90
-16777216
102
RTVSPost2010PropOp51
 70
     0
102
RTVSPost2010Prop52
140
1.0
102
RTVSPost2010PropOp52
 70
     0
102
RTVSPost2010Prop53
 90
        2
102
RTVSPost2010PropOp53
 70
     1
102
RTVSPost2010Prop54
  1
strokes_ogs.tif
102
RTVSPost2010PropOp54
 70
     1
102
RTVSPost2010Prop55
280
     0
102
RTVSPost2010PropOp55
 70
     1
102
RTVSPost2010Prop56
140
1.0
102
RTVSPost2010PropOp56
 70
     1
102
RTVSPost2010Prop57
140
1.0
102
RTVSPost2010PropOp57
 70
     1
  0
XRECORD
  5
101E7
102
{ACAD_REACTORS
330
101E6
102
}
330
101E6
100
AcDbXrecord
280
     1
102
RTVSPost2010Prop28
280
     0
102
RTVSPost2010PropOp28
 70
     1
102
RTVSPost2010Prop29
280
     1
102
RTVSPost2010PropOp29
 70
     1
102
RTVSPost2010Prop30
280
     1
102
RTVSPost2010PropOp30
 70
     1
102
RTVSPost2010Prop31
280
     0
102
RTVSPost2010PropOp31
 70
     1
102
RTVSPost2010Prop32
280
     0
102
RTVSPost2010PropOp32
 70
     1
102
RTVSPost2010Prop33
280
     0
102
RTVSPost2010PropOp33
 70
     1
102
RTVSPost2010Prop34
280
     0
102
RTVSPost2010PropOp34
 70
     1
102
RTVSPost2010Prop35
280
     0
102
RTVSPost2010PropOp35
 70
     1
102
RTVSPost2010Prop36
280
     0
102
RTVSPost2010PropOp36
 70
     1
102
RTVSPost2010Prop37
 90
       50
102
RTVSPost2010PropOp37
 70
     1
102
RTVSPost2010Prop38
140
0.0
102
RTVSPost2010PropOp38
 70
     1
102
RTVSPost2010Prop39
140
1.0
102
RTVSPost2010PropOp39
 70
     1
102
RTVSPost2010Prop40
 90
        0
102
RTVSPost2010PropOp40
 70
     1
102
RTVSPost2010Prop41ColorIndex
 90
       18
102
RTVSPost2010Prop41ColorRGB
 90
        0
102
RTVSPost2010PropOp41
 70
     1
102
RTVSPost2010Prop42
 90
       50
102
RTVSPost2010PropOp42
 70
     1
102
RTVSPost2010Prop43
 90
        3
102
RTVSPost2010PropOp43
 70
     1
102
RTVSPost2010Prop44ColorIndex
 90
        5
102
RTVSPost2010Prop44ColorRGB
 90
      255
102
RTVSPost2010PropOp44
 70
     1
102
RTVSPost2010Prop45
280
     0
102
RTVSPost2010PropOp45
 70
     1
102
RTVSPost2010Prop46
 90
       50
102
RTVSPost2010PropOp46
 70
     1
102
RTVSPost2010Prop47
 90
       50
102
RTVSPost2010PropOp47
 70
     1
102
RTVSPost2010Prop48
 90
       50
102
RTVSPost2010PropOp48
 70
     1
102
RTVSPost2010Prop49
280
     0
102
RTVSPost2010PropOp49
 70
     1
102
RTVSPost2010Prop50
 90
       50
102
RTVSPost2010PropOp50
 70
     1
102
RTVSPost2010Prop51ColorIndex
 90
      256
102
RTVSPost2010Prop51ColorRGB
 90
-16777216
102
RTVSPost2010PropOp51
 70
     0
102
RTVSPost2010Prop52
140
1.0
102
RTVSPost2010PropOp52
 70
     0
102
RTVSPost2010Prop53
 90
        2
102
RTVSPost2010PropOp53
 70
     1
102
RTVSPost2010Prop54
  1
strokes_ogs.tif
102
RTVSPost2010PropOp54
 70
     1
102
RTVSPost2010Prop55
280
     0
102
RTVSPost2010PropOp55
 70
     1
102
RTVSPost2010Prop56
140
1.0
102
RTVSPost2010PropOp56
 70
     1
102
RTVSPost2010Prop57
140
1.0
102
RTVSPost2010PropOp57
 70
     1
  0
XRECORD
  5
101E1
102
{ACAD_REACTORS
330
101E0
102
}
330
101E0
100
AcDbXrecord
280
     1
102
RTVSPost2010Prop28
280
     0
102
RTVSPost2010PropOp28
 70
     1
102
RTVSPost2010Prop29
280
     1
102
RTVSPost2010PropOp29
 70
     1
102
RTVSPost2010Prop30
280
     1
102
RTVSPost2010PropOp30
 70
     1
102
RTVSPost2010Prop31
280
     0
102
RTVSPost2010PropOp31
 70
     1
102
RTVSPost2010Prop32
280
     0
102
RTVSPost2010PropOp32
 70
     1
102
RTVSPost2010Prop33
280
     0
102
RTVSPost2010PropOp33
 70
     1
102
RTVSPost2010Prop34
280
     0
102
RTVSPost2010PropOp34
 70
     1
102
RTVSPost2010Prop35
280
     0
102
RTVSPost2010PropOp35
 70
     1
102
RTVSPost2010Prop36
280
     0
102
RTVSPost2010PropOp36
 70
     1
102
RTVSPost2010Prop37
 90
       50
102
RTVSPost2010PropOp37
 70
     1
102
RTVSPost2010Prop38
140
0.0
102
RTVSPost2010PropOp38
 70
     1
102
RTVSPost2010Prop39
140
1.0
102
RTVSPost2010PropOp39
 70
     1
102
RTVSPost2010Prop40
 90
        0
102
RTVSPost2010PropOp40
 70
     1
102
RTVSPost2010Prop41ColorIndex
 90
       18
102
RTVSPost2010Prop41ColorRGB
 90
        0
102
RTVSPost2010PropOp41
 70
     1
102
RTVSPost2010Prop42
 90
       50
102
RTVSPost2010PropOp42
 70
     1
102
RTVSPost2010Prop43
 90
        3
102
RTVSPost2010PropOp43
 70
     1
102
RTVSPost2010Prop44ColorIndex
 90
        5
102
RTVSPost2010Prop44ColorRGB
 90
      255
102
RTVSPost2010PropOp44
 70
     1
102
RTVSPost2010Prop45
280
     0
102
RTVSPost2010PropOp45
 70
     1
102
RTVSPost2010Prop46
 90
       50
102
RTVSPost2010PropOp46
 70
     1
102
RTVSPost2010Prop47
 90
       50
102
RTVSPost2010PropOp47
 70
     1
102
RTVSPost2010Prop48
 90
       50
102
RTVSPost2010PropOp48
 70
     1
102
RTVSPost2010Prop49
280
     0
102
RTVSPost2010PropOp49
 70
     1
102
RTVSPost2010Prop50
 90
       50
102
RTVSPost2010PropOp50
 70
     1
102
RTVSPost2010Prop51ColorIndex
 90
      256
102
RTVSPost2010Prop51ColorRGB
 90
-16777216
102
RTVSPost2010PropOp51
 70
     0
102
RTVSPost2010Prop52
140
1.0
102
RTVSPost2010PropOp52
 70
     0
102
RTVSPost2010Prop53
 90
        2
102
RTVSPost2010PropOp53
 70
     1
102
RTVSPost2010Prop54
  1
strokes_ogs.tif
102
RTVSPost2010PropOp54
 70
     1
102
RTVSPost2010Prop55
280
     0
102
RTVSPost2010PropOp55
 70
     1
102
RTVSPost2010Prop56
140
1.0
102
RTVSPost2010PropOp56
 70
     1
102
RTVSPost2010Prop57
140
1.0
102
RTVSPost2010PropOp57
 70
     1
  0
XRECORD
  5
101E3
102
{ACAD_REACTORS
330
101E2
102
}
330
101E2
100
AcDbXrecord
280
     1
102
RTVSPost2010Prop28
280
     0
102
RTVSPost2010PropOp28
 70
     1
102
RTVSPost2010Prop29
280
     1
102
RTVSPost2010PropOp29
 70
     1
102
RTVSPost2010Prop30
280
     1
102
RTVSPost2010PropOp30
 70
     1
102
RTVSPost2010Prop31
280
     0
102
RTVSPost2010PropOp31
 70
     1
102
RTVSPost2010Prop32
280
     0
102
RTVSPost2010PropOp32
 70
     1
102
RTVSPost2010Prop33
280
     0
102
RTVSPost2010PropOp33
 70
     1
102
RTVSPost2010Prop34
280
     0
102
RTVSPost2010PropOp34
 70
     1
102
RTVSPost2010Prop35
280
     0
102
RTVSPost2010PropOp35
 70
     1
102
RTVSPost2010Prop36
280
     0
102
RTVSPost2010PropOp36
 70
     1
102
RTVSPost2010Prop37
 90
       50
102
RTVSPost2010PropOp37
 70
     1
102
RTVSPost2010Prop38
140
0.0
102
RTVSPost2010PropOp38
 70
     1
102
RTVSPost2010Prop39
140
1.0
102
RTVSPost2010PropOp39
 70
     1
102
RTVSPost2010Prop40
 90
        0
102
RTVSPost2010PropOp40
 70
     1
102
RTVSPost2010Prop41ColorIndex
 90
       18
102
RTVSPost2010Prop41ColorRGB
 90
        0
102
RTVSPost2010PropOp41
 70
     1
102
RTVSPost2010Prop42
 90
       50
102
RTVSPost2010PropOp42
 70
     1
102
RTVSPost2010Prop43
 90
        3
102
RTVSPost2010PropOp43
 70
     1
102
RTVSPost2010Prop44ColorIndex
 90
        5
102
RTVSPost2010Prop44ColorRGB
 90
      255
102
RTVSPost2010PropOp44
 70
     1
102
RTVSPost2010Prop45
280
     0
102
RTVSPost2010PropOp45
 70
     1
102
RTVSPost2010Prop46
 90
       50
102
RTVSPost2010PropOp46
 70
     1
102
RTVSPost2010Prop47
 90
       50
102
RTVSPost2010PropOp47
 70
     1
102
RTVSPost2010Prop48
 90
       50
102
RTVSPost2010PropOp48
 70
     1
102
RTVSPost2010Prop49
280
     0
102
RTVSPost2010PropOp49
 70
     1
102
RTVSPost2010Prop50
 90
       50
102
RTVSPost2010PropOp50
 70
     1
102
RTVSPost2010Prop51ColorIndex
 90
      256
102
RTVSPost2010Prop51ColorRGB
 90
-16777216
102
RTVSPost2010PropOp51
 70
     0
102
RTVSPost2010Prop52
140
1.0
102
RTVSPost2010PropOp52
 70
     0
102
RTVSPost2010Prop53
 90
        2
102
RTVSPost2010PropOp53
 70
     1
102
RTVSPost2010Prop54
  1
strokes_ogs.tif
102
RTVSPost2010PropOp54
 70
     1
102
RTVSPost2010Prop55
280
     0
102
RTVSPost2010PropOp55
 70
     1
102
RTVSPost2010Prop56
140
1.0
102
RTVSPost2010PropOp56
 70
     1
102
RTVSPost2010Prop57
140
1.0
102
RTVSPost2010PropOp57
 70
     1
  0
XRECORD
  5
101D9
102
{ACAD_REACTORS
330
101D8
102
}
330
101D8
100
AcDbXrecord
280
     1
102
RTVSPost2010Prop28
280
     0
102
RTVSPost2010PropOp28
 70
     1
102
RTVSPost2010Prop29
280
     1
102
RTVSPost2010PropOp29
 70
     1
102
RTVSPost2010Prop30
280
     1
102
RTVSPost2010PropOp30
 70
     1
102
RTVSPost2010Prop31
280
     0
102
RTVSPost2010PropOp31
 70
     1
102
RTVSPost2010Prop32
280
     0
102
RTVSPost2010PropOp32
 70
     1
102
RTVSPost2010Prop33
280
     0
102
RTVSPost2010PropOp33
 70
     1
102
RTVSPost2010Prop34
280
     0
102
RTVSPost2010PropOp34
 70
     1
102
RTVSPost2010Prop35
280
     0
102
RTVSPost2010PropOp35
 70
     1
102
RTVSPost2010Prop36
280
     0
102
RTVSPost2010PropOp36
 70
     1
102
RTVSPost2010Prop37
 90
       50
102
RTVSPost2010PropOp37
 70
     1
102
RTVSPost2010Prop38
140
0.0
102
RTVSPost2010PropOp38
 70
     1
102
RTVSPost2010Prop39
140
1.0
102
RTVSPost2010PropOp39
 70
     1
102
RTVSPost2010Prop40
 90
        0
102
RTVSPost2010PropOp40
 70
     1
102
RTVSPost2010Prop41ColorIndex
 90
       18
102
RTVSPost2010Prop41ColorRGB
 90
        0
102
RTVSPost2010PropOp41
 70
     1
102
RTVSPost2010Prop42
 90
       50
102
RTVSPost2010PropOp42
 70
     1
102
RTVSPost2010Prop43
 90
        3
102
RTVSPost2010PropOp43
 70
     1
102
RTVSPost2010Prop44ColorIndex
 90
        5
102
RTVSPost2010Prop44ColorRGB
 90
      255
102
RTVSPost2010PropOp44
 70
     1
102
RTVSPost2010Prop45
280
     0
102
RTVSPost2010PropOp45
 70
     1
102
RTVSPost2010Prop46
 90
       50
102
RTVSPost2010PropOp46
 70
     1
102
RTVSPost2010Prop47
 90
       50
102
RTVSPost2010PropOp47
 70
     1
102
RTVSPost2010Prop48
 90
       50
102
RTVSPost2010PropOp48
 70
     1
102
RTVSPost2010Prop49
280
     0
102
RTVSPost2010PropOp49
 70
     1
102
RTVSPost2010Prop50
 90
       50
102
RTVSPost2010PropOp50
 70
     1
102
RTVSPost2010Prop51ColorIndex
 90
      256
102
RTVSPost2010Prop51ColorRGB
 90
-16777216
102
RTVSPost2010PropOp51
 70
     0
102
RTVSPost2010Prop52
140
1.0
102
RTVSPost2010PropOp52
 70
     0
102
RTVSPost2010Prop53
 90
        2
102
RTVSPost2010PropOp53
 70
     1
102
RTVSPost2010Prop54
  1
strokes_ogs.tif
102
RTVSPost2010PropOp54
 70
     1
102
RTVSPost2010Prop55
280
     0
102
RTVSPost2010PropOp55
 70
     1
102
RTVSPost2010Prop56
140
1.0
102
RTVSPost2010PropOp56
 70
     1
102
RTVSPost2010Prop57
140
1.0
102
RTVSPost2010PropOp57
 70
     1
  0
XRECORD
  5
101CD
102
{ACAD_REACTORS
330
101CC
102
}
330
101CC
100
AcDbXrecord
280
     1
102
RTVSPost2010Prop28
280
     0
102
RTVSPost2010PropOp28
 70
     1
102
RTVSPost2010Prop29
280
     1
102
RTVSPost2010PropOp29
 70
     1
102
RTVSPost2010Prop30
280
     1
102
RTVSPost2010PropOp30
 70
     1
102
RTVSPost2010Prop31
280
     0
102
RTVSPost2010PropOp31
 70
     1
102
RTVSPost2010Prop32
280
     0
102
RTVSPost2010PropOp32
 70
     1
102
RTVSPost2010Prop33
280
     0
102
RTVSPost2010PropOp33
 70
     1
102
RTVSPost2010Prop34
280
     0
102
RTVSPost2010PropOp34
 70
     1
102
RTVSPost2010Prop35
280
     0
102
RTVSPost2010PropOp35
 70
     1
102
RTVSPost2010Prop36
280
     0
102
RTVSPost2010PropOp36
 70
     1
102
RTVSPost2010Prop37
 90
       50
102
RTVSPost2010PropOp37
 70
     1
102
RTVSPost2010Prop38
140
0.0
102
RTVSPost2010PropOp38
 70
     1
102
RTVSPost2010Prop39
140
1.0
102
RTVSPost2010PropOp39
 70
     1
102
RTVSPost2010Prop40
 90
        0
102
RTVSPost2010PropOp40
 70
     1
102
RTVSPost2010Prop41ColorIndex
 90
       18
102
RTVSPost2010Prop41ColorRGB
 90
        0
102
RTVSPost2010PropOp41
 70
     1
102
RTVSPost2010Prop42
 90
       50
102
RTVSPost2010PropOp42
 70
     1
102
RTVSPost2010Prop43
 90
        3
102
RTVSPost2010PropOp43
 70
     1
102
RTVSPost2010Prop44ColorIndex
 90
        5
102
RTVSPost2010Prop44ColorRGB
 90
      255
102
RTVSPost2010PropOp44
 70
     1
102
RTVSPost2010Prop45
280
     0
102
RTVSPost2010PropOp45
 70
     1
102
RTVSPost2010Prop46
 90
       50
102
RTVSPost2010PropOp46
 70
     1
102
RTVSPost2010Prop47
 90
       50
102
RTVSPost2010PropOp47
 70
     1
102
RTVSPost2010Prop48
 90
       50
102
RTVSPost2010PropOp48
 70
     1
102
RTVSPost2010Prop49
280
     0
102
RTVSPost2010PropOp49
 70
     1
102
RTVSPost2010Prop50
 90
       50
102
RTVSPost2010PropOp50
 70
     1
102
RTVSPost2010Prop51ColorIndex
 90
      256
102
RTVSPost2010Prop51ColorRGB
 90
-16777216
102
RTVSPost2010PropOp51
 70
     0
102
RTVSPost2010Prop52
140
1.0
102
RTVSPost2010PropOp52
 70
     0
102
RTVSPost2010Prop53
 90
        2
102
RTVSPost2010PropOp53
 70
     1
102
RTVSPost2010Prop54
  1
strokes_ogs.tif
102
RTVSPost2010PropOp54
 70
     1
102
RTVSPost2010Prop55
280
     0
102
RTVSPost2010PropOp55
 70
     1
102
RTVSPost2010Prop56
140
1.0
102
RTVSPost2010PropOp56
 70
     1
102
RTVSPost2010Prop57
140
1.0
102
RTVSPost2010PropOp57
 70
     1
  0
XRECORD
  5
101E5
102
{ACAD_REACTORS
330
101E4
102
}
330
101E4
100
AcDbXrecord
280
     1
102
RTVSPost2010Prop28
280
     0
102
RTVSPost2010PropOp28
 70
     1
102
RTVSPost2010Prop29
280
     1
102
RTVSPost2010PropOp29
 70
     1
102
RTVSPost2010Prop30
280
     1
102
RTVSPost2010PropOp30
 70
     1
102
RTVSPost2010Prop31
280
     0
102
RTVSPost2010PropOp31
 70
     1
102
RTVSPost2010Prop32
280
     0
102
RTVSPost2010PropOp32
 70
     1
102
RTVSPost2010Prop33
280
     0
102
RTVSPost2010PropOp33
 70
     1
102
RTVSPost2010Prop34
280
     0
102
RTVSPost2010PropOp34
 70
     1
102
RTVSPost2010Prop35
280
     0
102
RTVSPost2010PropOp35
 70
     1
102
RTVSPost2010Prop36
280
     0
102
RTVSPost2010PropOp36
 70
     1
102
RTVSPost2010Prop37
 90
       50
102
RTVSPost2010PropOp37
 70
     1
102
RTVSPost2010Prop38
140
0.0
102
RTVSPost2010PropOp38
 70
     1
102
RTVSPost2010Prop39
140
1.0
102
RTVSPost2010PropOp39
 70
     1
102
RTVSPost2010Prop40
 90
        0
102
RTVSPost2010PropOp40
 70
     1
102
RTVSPost2010Prop41ColorIndex
 90
       18
102
RTVSPost2010Prop41ColorRGB
 90
        0
102
RTVSPost2010PropOp41
 70
     1
102
RTVSPost2010Prop42
 90
       50
102
RTVSPost2010PropOp42
 70
     1
102
RTVSPost2010Prop43
 90
        3
102
RTVSPost2010PropOp43
 70
     1
102
RTVSPost2010Prop44ColorIndex
 90
        5
102
RTVSPost2010Prop44ColorRGB
 90
      255
102
RTVSPost2010PropOp44
 70
     1
102
RTVSPost2010Prop45
280
     0
102
RTVSPost2010PropOp45
 70
     1
102
RTVSPost2010Prop46
 90
       50
102
RTVSPost2010PropOp46
 70
     1
102
RTVSPost2010Prop47
 90
       50
102
RTVSPost2010PropOp47
 70
     1
102
RTVSPost2010Prop48
 90
       50
102
RTVSPost2010PropOp48
 70
     1
102
RTVSPost2010Prop49
280
     0
102
RTVSPost2010PropOp49
 70
     1
102
RTVSPost2010Prop50
 90
       50
102
RTVSPost2010PropOp50
 70
     1
102
RTVSPost2010Prop51ColorIndex
 90
      256
102
RTVSPost2010Prop51ColorRGB
 90
-16777216
102
RTVSPost2010PropOp51
 70
     0
102
RTVSPost2010Prop52
140
1.0
102
RTVSPost2010PropOp52
 70
     0
102
RTVSPost2010Prop53
 90
        2
102
RTVSPost2010PropOp53
 70
     1
102
RTVSPost2010Prop54
  1
strokes_ogs.tif
102
RTVSPost2010PropOp54
 70
     1
102
RTVSPost2010Prop55
280
     0
102
RTVSPost2010PropOp55
 70
     1
102
RTVSPost2010Prop56
140
1.0
102
RTVSPost2010PropOp56
 70
     1
102
RTVSPost2010Prop57
140
1.0
102
RTVSPost2010PropOp57
 70
     1
  0
ENDSEC
  0
EOF
