  0
SECTION
  2
HEADER
  9
$ACADVER
  1
AC1024
  9
$ACADMAINTVER
 70
   226
  9
$DWGCODEPAGE
  3
ANSI_949
  9
$LASTSAVEDBY
  1
junkibeom
  9
$INSBASE
 10
0.0
 20
0.0
 30
0.0
  9
$EXTMIN
 10
37.13217375471827
 20
43.65130878062347
 30
0.0
  9
$EXTMAX
 10
324.532173754718
 20
150.3662753172178
 30
0.0
  9
$LIMMIN
 10
0.0
 20
0.0
  9
$LIMMAX
 10
12.0
 20
9.0
  9
$ORTHOMODE
 70
     0
  9
$REGENMODE
 70
     1
  9
$FILLMODE
 70
     1
  9
$QTEXTMODE
 70
     0
  9
$MIRRTEXT
 70
     0
  9
$LTSCALE
 40
1.0
  9
$ATTMODE
 70
     1
  9
$TEXTSIZE
 40
0.2
  9
$TRACEWID
 40
0.05
  9
$TEXTSTYLE
  7
STANDARD
  9
$CLAYER
  8
0
  9
$CELTYPE
  6
Continuous
  9
$CECOLOR
 62
   256
  9
$CELTSCALE
 40
1.0
  9
$DISPSILH
 70
     0
  9
$DIMSCALE
 40
1.0
  9
$DIMASZ
 40
0.18
  9
$DIMEXO
 40
0.0625
  9
$DIMDLI
 40
0.38
  9
$DIMRND
 40
0.0
  9
$DIMDLE
 40
0.0
  9
$DIMEXE
 40
0.18
  9
$DIMTP
 40
0.0
  9
$DIMTM
 40
0.0
  9
$DIMTXT
 40
0.18
  9
$DIMCEN
 40
0.09
  9
$DIMTSZ
 40
0.0
  9
$DIMTOL
 70
     0
  9
$DIMLIM
 70
     0
  9
$DIMTIH
 70
     1
  9
$DIMTOH
 70
     1
  9
$DIMSE1
 70
     0
  9
$DIMSE2
 70
     0
  9
$DIMTAD
 70
     0
  9
$DIMZIN
 70
     0
  9
$DIMBLK
  1

  9
$DIMASO
 70
     1
  9
$DIMSHO
 70
     1
  9
$DIMPOST
  1

  9
$DIMAPOST
  1

  9
$DIMALT
 70
     0
  9
$DIMALTD
 70
     2
  9
$DIMALTF
 40
25.4
  9
$DIMLFAC
 40
1.0
  9
$DIMTOFL
 70
     0
  9
$DIMTVP
 40
0.0
  9
$DIMTIX
 70
     0
  9
$DIMSOXD
 70
     0
  9
$DIMSAH
 70
     0
  9
$DIMBLK1
  1

  9
$DIMBLK2
  1

  9
$DIMSTYLE
  2
Standard
  9
$DIMCLRD
 70
     0
  9
$DIMCLRE
 70
     0
  9
$DIMCLRT
 70
     0
  9
$DIMTFAC
 40
1.0
  9
$DIMGAP
 40
0.09
  9
$DIMJUST
 70
     0
  9
$DIMSD1
 70
     0
  9
$DIMSD2
 70
     0
  9
$DIMTOLJ
 70
     1
  9
$DIMTZIN
 70
     0
  9
$DIMALTZ
 70
     0
  9
$DIMALTTZ
 70
     0
  9
$DIMUPT
 70
     0
  9
$DIMDEC
 70
     4
  9
$DIMTDEC
 70
     4
  9
$DIMALTU
 70
     2
  9
$DIMALTTD
 70
     2
  9
$DIMTXSTY
  7
STANDARD
  9
$DIMAUNIT
 70
     0
  9
$DIMADEC
 70
     0
  9
$DIMALTRND
 40
0.0
  9
$DIMAZIN
 70
     0
  9
$DIMDSEP
 70
    46
  9
$DIMATFIT
 70
     3
  9
$DIMFRAC
 70
     0
  9
$DIMLDRBLK
  1

  9
$DIMLUNIT
 70
     2
  9
$DIMLWD
 70
    -2
  9
$DIMLWE
 70
    -2
  9
$DIMTMOVE
 70
     0
  9
$DIMFXL
 40
1.0
  9
$DIMFXLON
 70
     0
  9
$DIMJOGANG
 40
0.7853981633974483
  9
$DIMTFILL
 70
     0
  9
$DIMTFILLCLR
 70
     0
  9
$DIMARCSYM
 70
     0
  9
$DIMLTYPE
  6

  9
$DIMLTEX1
  6

  9
$DIMLTEX2
  6

  9
$DIMTXTDIRECTION
 70
     0
  9
$LUNITS
 70
     2
  9
$LUPREC
 70
     4
  9
$SKETCHINC
 40
0.1
  9
$FILLETRAD
 40
0.0
  9
$AUNITS
 70
     0
  9
$AUPREC
 70
     0
  9
$MENU
  1
.
  9
$ELEVATION
 40
0.0
  9
$PELEVATION
 40
0.0
  9
$THICKNESS
 40
0.0
  9
$LIMCHECK
 70
     0
  9
$CHAMFERA
 40
0.0
  9
$CHAMFERB
 40
0.0
  9
$CHAMFERC
 40
0.0
  9
$CHAMFERD
 40
0.0
  9
$SKPOLY
 70
     0
  9
$TDCREATE
 40
2461248.985775463
  9
$TDUCREATE
 40
2461248.610775463
  9
$TDUPDATE
 40
2461248.993807870
  9
$TDUUPDATE
 40
2461248.618807871
  9
$TDINDWG
 40
0.0080324074
  9
$TDUSRTIMER
 40
0.0080324074
  9
$USRTIMER
 70
     1
  9
$ANGBASE
 50
0.0
  9
$ANGDIR
 70
     0
  9
$PDMODE
 70
     0
  9
$PDSIZE
 40
0.0
  9
$PLINEWID
 40
0.0
  9
$SPLFRAME
 70
     0
  9
$SPLINETYPE
 70
     6
  9
$SPLINESEGS
 70
     8
  9
$HANDSEED
  5
10237
  9
$SURFTAB1
 70
     6
  9
$SURFTAB2
 70
     6
  9
$SURFTYPE
 70
     6
  9
$SURFU
 70
     6
  9
$SURFV
 70
     6
  9
$UCSBASE
  2

  9
$UCSNAME
  2

  9
$UCSORG
 10
0.0
 20
0.0
 30
0.0
  9
$UCSXDIR
 10
1.0
 20
0.0
 30
0.0
  9
$UCSYDIR
 10
0.0
 20
1.0
 30
0.0
  9
$UCSORTHOREF
  2

  9
$UCSORTHOVIEW
 70
     0
  9
$UCSORGTOP
 10
0.0
 20
0.0
 30
0.0
  9
$UCSORGBOTTOM
 10
0.0
 20
0.0
 30
0.0
  9
$UCSORGLEFT
 10
0.0
 20
0.0
 30
0.0
  9
$UCSORGRIGHT
 10
0.0
 20
0.0
 30
0.0
  9
$UCSORGFRONT
 10
0.0
 20
0.0
 30
0.0
  9
$UCSORGBACK
 10
0.0
 20
0.0
 30
0.0
  9
$PUCSBASE
  2

  9
$PUCSNAME
  2

  9
$PUCSORG
 10
0.0
 20
0.0
 30
0.0
  9
$PUCSXDIR
 10
1.0
 20
0.0
 30
0.0
  9
$PUCSYDIR
 10
0.0
 20
1.0
 30
0.0
  9
$PUCSORTHOREF
  2

  9
$PUCSORTHOVIEW
 70
     0
  9
$PUCSORGTOP
 10
0.0
 20
0.0
 30
0.0
  9
$PUCSORGBOTTOM
 10
0.0
 20
0.0
 30
0.0
  9
$PUCSORGLEFT
 10
0.0
 20
0.0
 30
0.0
  9
$PUCSORGRIGHT
 10
0.0
 20
0.0
 30
0.0
  9
$PUCSORGFRONT
 10
0.0
 20
0.0
 30
0.0
  9
$PUCSORGBACK
 10
0.0
 20
0.0
 30
0.0
  9
$USERI1
 70
     0
  9
$USERI2
 70
     0
  9
$USERI3
 70
     0
  9
$USERI4
 70
     0
  9
$USERI5
 70
     0
  9
$USERR1
 40
0.0
  9
$USERR2
 40
0.0
  9
$USERR3
 40
0.0
  9
$USERR4
 40
0.0
  9
$USERR5
 40
0.0
  9
$WORLDVIEW
 70
     1
  9
$SHADEDGE
 70
     3
  9
$SHADEDIF
 70
    70
  9
$TILEMODE
 70
     1
  9
$MAXACTVP
 70
    64
  9
$PINSBASE
 10
0.0
 20
0.0
 30
0.0
  9
$PLIMCHECK
 70
     0
  9
$PEXTMIN
 10
1.000000000000000E+20
 20
1.000000000000000E+20
 30
1.000000000000000E+20
  9
$PEXTMAX
 10
-1.000000000000000E+20
 20
-1.000000000000000E+20
 30
-1.000000000000000E+20
  9
$PLIMMIN
 10
0.0
 20
0.0
  9
$PLIMMAX
 10
12.0
 20
9.0
  9
$UNITMODE
 70
     0
  9
$VISRETAIN
 70
     1
  9
$PLINEGEN
 70
     0
  9
$PSLTSCALE
 70
     1
  9
$TREEDEPTH
 70
  3020
  9
$CMLSTYLE
  2
Standard
  9
$CMLJUST
 70
     0
  9
$CMLSCALE
 40
1.0
  9
$PROXYGRAPHICS
 70
     1
  9
$MEASUREMENT
 70
     0
  9
$CELWEIGHT
370
    -1
  9
$ENDCAPS
280
     0
  9
$JOINSTYLE
280
     0
  9
$LWDISPLAY
290
     0
  9
$INSUNITS
 70
     4
  9
$HYPERLINKBASE
  1

  9
$STYLESHEET
  1

  9
$XEDIT
290
     1
  9
$CEPSNTYPE
380
     0
  9
$PSTYLEMODE
290
     1
  9
$FINGERPRINTGUID
  2
{30883172-4586-DF44-9243-E70036CAD858}
  9
$VERSIONGUID
  2
{71D03DA6-A352-3B42-9612-CEB4793FE361}
  9
$EXTNAMES
290
     1
  9
$PSVPSCALE
 40
0.0
  9
$OLESTARTUP
290
     0
  9
$SORTENTS
280
   127
  9
$INDEXCTL
280
     0
  9
$HIDETEXT
280
     0
  9
$XCLIPFRAME
280
     2
  9
$HALOGAP
280
     0
  9
$OBSCOLOR
 70
   257
  9
$OBSLTYPE
280
     0
  9
$INTERSECTIONDISPLAY
280
     0
  9
$INTERSECTIONCOLOR
 70
   257
  9
$DIMASSOC
280
     1
  9
$PROJECTNAME
  1

  9
$CAMERADISPLAY
290
     0
  9
$LENSLENGTH
 40
50.0
  9
$CAMERAHEIGHT
 40
0.0
  9
$STEPSPERSEC
 40
2.0
  9
$STEPSIZE
 40
6.0
  9
$3DDWFPREC
 40
2.0
  9
$PSOLWIDTH
 40
0.25
  9
$PSOLHEIGHT
 40
4.0
  9
$LOFTANG1
 40
1.570796326794896
  9
$LOFTANG2
 40
1.570796326794896
  9
$LOFTMAG1
 40
0.0
  9
$LOFTMAG2
 40
0.0
  9
$LOFTPARAM
 70
     7
  9
$LOFTNORMALS
280
     1
  9
$LATITUDE
 40
37.795
  9
$LONGITUDE
 40
-122.394
  9
$NORTHDIRECTION
 40
0.0
  9
$TIMEZONE
 70
 -8000
  9
$LIGHTGLYPHDISPLAY
280
     1
  9
$TILEMODELIGHTSYNCH
280
     1
  9
$CMATERIAL
347
10005
  9
$SOLIDHIST
280
     0
  9
$SHOWHIST
280
     1
  9
$DWFFRAME
280
     2
  9
$DGNFRAME
280
     0
  9
$REALWORLDSCALE
290
     1
  9
$INTERFERECOLOR
 62
     1
  9
$INTERFEREOBJVS
345
10027
  9
$INTERFEREVPVS
346
10024
  9
$CSHADOW
280
     0
  9
$SHADOWPLANELOCATION
 40
0.0
  0
ENDSEC
  0
SECTION
  2
CLASSES
  0
CLASS
  1
ACDBDICTIONARYWDFLT
  2
AcDbDictionaryWithDefault
  3
ObjectDBX Classes
 90
        0
 91
        1
280
     0
281
     0
  0
CLASS
  1
MATERIAL
  2
AcDbMaterial
  3
ObjectDBX Classes
 90
     1153
 91
        3
280
     0
281
     0
  0
CLASS
  1
VISUALSTYLE
  2
AcDbVisualStyle
  3
ObjectDBX Classes
 90
     4095
 91
       24
280
     0
281
     0
  0
CLASS
  1
TABLESTYLE
  2
AcDbTableStyle
  3
ObjectDBX Classes
 90
     4095
 91
        1
280
     0
281
     0
  0
CLASS
  1
SCALE
  2
AcDbScale
  3
ObjectDBX Classes
 90
     1153
 91
       17
280
     0
281
     0
  0
CLASS
  1
MLEADERSTYLE
  2
AcDbMLeaderStyle
  3
ACDB_MLEADERSTYLE_CLASS
 90
     4095
 91
        1
280
     0
281
     0
  0
CLASS
  1
ACDBSECTIONVIEWSTYLE
  2
AcDbSectionViewStyle
  3
ObjectDBX Classes
 90
     1025
 91
        2
280
     0
281
     0
  0
CLASS
  1
ACDBDETAILVIEWSTYLE
  2
AcDbDetailViewStyle
  3
ObjectDBX Classes
 90
     1025
 91
        2
280
     0
281
     0
  0
CLASS
  1
SOLID_BACKGROUND
  2
AcDbSolidBackground
  3
SCENEOE
 90
     4095
 91
        1
280
     0
281
     0
  0
CLASS
  1
NPOCOLLECTION
  2
AcDbImpNonPersistentObjectsCollection
  3
ObjectDBX Classes
 90
     1153
 91
        1
280
     0
281
     0
  0
CLASS
  1
DICTIONARYVAR
  2
AcDbDictionaryVar
  3
ObjectDBX Classes
 90
        0
 91
        9
280
     0
281
     0
  0
CLASS
  1
CELLSTYLEMAP
  2
AcDbCellStyleMap
  3
ObjectDBX Classes
 90
     1152
 91
        4
280
     0
281
     0
  0
CLASS
  1
SORTENTSTABLE
  2
AcDbSortentsTable
  3
ObjectDBX Classes
 90
        0
 91
        8
280
     0
281
     0
  0
ENDSEC
  0
SECTION
  2
TABLES
  0
TABLE
  2
VPORT
  5
8
330
0
100
AcDbSymbolTable
 70
     1
  0
VPORT
  5
10059
330
8
100
AcDbSymbolTableRecord
100
AcDbViewportTableRecord
  2
*Active
 70
     0
 10
0.0
 20
0.0
 11
1.0
 21
1.0
 12
0.0
 22
0.0
 13
0.0
 23
0.0
 14
1.0
 24
1.0
 15
0.0
 25
0.0
 16
-0.0000000000001421
 26
0.0
 36
653.0924012127442
 17
180.8321704864502
 27
97.00879096984863
 37
0.0
 40
306.5727277741307
 41
1.42328618063112
 42
50.0
 43
0.0
 44
0.0
 50
0.0
 51
0.0
 71
     0
 72
  1000
 73
     1
 74
     3
 75
     0
 76
     0
 77
     0
 78
     0
281
     0
 65
     1
110
0.0
120
0.0
130
0.0
111
1.0
121
0.0
131
0.0
112
0.0
122
1.0
132
0.0
 79
     0
146
0.0
348
10023
 60
     3
 61
     5
292
     1
282
     1
141
0.0
142
0.0
 63
   250
421
  3355443
1001
ACAD_NAV_VCDISPLAY
1070
     3
  0
ENDTAB
  0
TABLE
  2
LTYPE
  5
5
330
0
100
AcDbSymbolTable
 70
     4
  0
LTYPE
  5
14
330
5
100
AcDbSymbolTableRecord
100
AcDbLinetypeTableRecord
  2
BYBLOCK
 70
     0
  3

 72
    65
 73
     0
 40
0.0
  0
LTYPE
  5
15
330
5
100
AcDbSymbolTableRecord
100
AcDbLinetypeTableRecord
  2
BYLAYER
 70
     0
  3

 72
    65
 73
     0
 40
0.0
  0
LTYPE
  5
10001
330
5
100
AcDbSymbolTableRecord
100
AcDbLinetypeTableRecord
  2
Continuous
 70
     0
  3
Solid line
 72
    65
 73
     0
 40
0.0
  0
LTYPE
  5
16
330
5
100
AcDbSymbolTableRecord
100
AcDbLinetypeTableRecord
  2
DASHED
 70
     0
  3
Dashed __ __ __ __ __ __ __ __ __ __ __ __ __ _
 72
    65
 73
     2
 40
0.75
 49
0.5
 74
     0
 49
-0.25
 74
     0
  0
LTYPE
  5
10109
330
5
100
AcDbSymbolTableRecord
100
AcDbLinetypeTableRecord
  2
CENTER2
 70
     0
  3
Center (.5x) ___ _ ___ _ ___ _ ___ _ ___ _ ___
 72
    65
 73
     4
 40
28.575
 49
19.05
 74
     0
 49
-3.174999999999999
 74
     0
 49
3.174999999999999
 74
     0
 49
-3.174999999999999
 74
     0
  0
ENDTAB
  0
TABLE
  2
LAYER
  5
2
102
{ACAD_XDICTIONARY
360
1006B
102
}
330
0
100
AcDbSymbolTable
 70
     3
  0
LAYER
  5
50
102
{ACAD_XDICTIONARY
360
10066
102
}
330
2
100
AcDbSymbolTableRecord
100
AcDbLayerTableRecord
  2
0
 70
     0
 62
     7
  6
Continuous
370
    -3
390
10003
347
10015
  0
LAYER
  5
1010A
330
2
100
AcDbSymbolTableRecord
100
AcDbLayerTableRecord
  2
Visible
 70
     0
 62
     7
  6
Continuous
370
    50
390
10003
347
10015
  0
LAYER
  5
1010B
330
2
100
AcDbSymbolTableRecord
100
AcDbLayerTableRecord
  2
Smart Centers
 70
     0
 62
     7
  6
CENTER2
370
    25
390
10003
347
10015
  0
ENDTAB
  0
TABLE
  2
STYLE
  5
3
330
0
100
AcDbSymbolTable
 70
     1
  0
STYLE
  5
11
330
3
100
AcDbSymbolTableRecord
100
AcDbTextStyleTableRecord
  2
STANDARD
 70
     0
 40
0.0
 41
1.0
 50
0.0
 71
     0
 42
0.2
  3

  4

  0
ENDTAB
  0
TABLE
  2
VIEW
  5
6
330
0
100
AcDbSymbolTable
 70
     4
  0
ENDTAB
  0
TABLE
  2
UCS
  5
7
330
0
100
AcDbSymbolTable
 70
     0
  0
ENDTAB
  0
TABLE
  2
APPID
  5
9
330
0
100
AcDbSymbolTable
 70
     8
  0
APPID
  5
12
330
9
100
AcDbSymbolTableRecord
100
AcDbRegAppTableRecord
  2
ACAD
 70
     0
  0
APPID
  5
10058
330
9
100
AcDbSymbolTableRecord
100
AcDbRegAppTableRecord
  2
ACAD_NAV_VCDISPLAY
 70
     0
  0
APPID
  5
1005E
330
9
100
AcDbSymbolTableRecord
100
AcDbRegAppTableRecord
  2
ACAD_EXEMPT_FROM_CAD_STANDARDS
 70
     0
  0
APPID
  5
1010D
330
9
100
AcDbSymbolTableRecord
100
AcDbRegAppTableRecord
  2
ACAD_PSEXT
 70
     0
  0
APPID
  5
1010E
330
9
100
AcDbSymbolTableRecord
100
AcDbRegAppTableRecord
  2
ACAD_DSTYLE_DIMJAG
 70
     0
  0
APPID
  5
1010F
330
9
100
AcDbSymbolTableRecord
100
AcDbRegAppTableRecord
  2
ACAD_DSTYLE_DIMTALN
 70
     0
  0
APPID
  5
10110
330
9
100
AcDbSymbolTableRecord
100
AcDbRegAppTableRecord
  2
AcAecLayerStandard
 70
     0
  0
APPID
  5
10111
330
9
100
AcDbSymbolTableRecord
100
AcDbRegAppTableRecord
  2
ACAD_DSTYLE_DIMBREAK
 70
     0
  0
ENDTAB
  0
TABLE
  2
DIMSTYLE
  5
A
330
0
100
AcDbSymbolTable
 70
     3
100
AcDbDimStyleTable
 71
     0
  0
DIMSTYLE
105
10053
330
A
100
AcDbSymbolTableRecord
100
AcDbDimStyleTableRecord
  2
Standard
 70
     0
340
11
  0
DIMSTYLE
105
1010C
330
A
100
AcDbSymbolTableRecord
100
AcDbDimStyleTableRecord
  2
Dim-ISO-25
 70
     0
 41
3.5
 42
2.1
 43
10.5
 44
2.1
 47
0.1
 48
0.1000000001
 73
     0
 74
     0
 77
     1
 78
     8
 79
     2
140
3.5
141
0.0
143
0.0393700787401575
146
0.7142857142857144
147
1.399999999999999
172
     1
179
     2
271
     2
272
     2
283
     0
284
     8
285
    12
286
    12
340
11
1001
ACAD_DSTYLE_DIMJAG
1070
   388
1040
1.5
1001
ACAD_DSTYLE_DIMTALN
1070
   392
1070
     1
1001
ACAD_DSTYLE_DIMBREAK
1070
   391
1040
3.5
  0
ENDTAB
  0
TABLE
  2
BLOCK_RECORD
  5
1
330
0
100
AcDbSymbolTable
 70
    17
  0
BLOCK_RECORD
  5
1F
330
1
100
AcDbSymbolTableRecord
100
AcDbBlockTableRecord
  2
*MODEL_SPACE
340
10055
 70
     0
280
     1
281
     0
  0
BLOCK_RECORD
  5
1B
330
1
100
AcDbSymbolTableRecord
100
AcDbBlockTableRecord
  2
*PAPER_SPACE
340
10056
 70
     0
280
     1
281
     0
  0
BLOCK_RECORD
  5
10100
330
1
100
AcDbSymbolTableRecord
100
AcDbBlockTableRecord
  2
*U1
340
0
102
{BLKREFS
331
1011C
102
}
 70
     0
280
     1
281
     0
  0
BLOCK_RECORD
  5
1011E
330
1
100
AcDbSymbolTableRecord
100
AcDbBlockTableRecord
  2
*U3
340
0
102
{BLKREFS
331
1012F
102
}
 70
     0
280
     1
281
     0
  0
BLOCK_RECORD
  5
10131
330
1
100
AcDbSymbolTableRecord
100
AcDbBlockTableRecord
  2
*U5
340
0
102
{BLKREFS
331
10142
102
}
 70
     0
280
     1
281
     0
  0
BLOCK_RECORD
  5
10144
330
1
100
AcDbSymbolTableRecord
100
AcDbBlockTableRecord
  2
*U7
340
0
102
{BLKREFS
331
10155
102
}
 70
     0
280
     1
281
     0
  0
BLOCK_RECORD
  5
10157
330
1
100
AcDbSymbolTableRecord
100
AcDbBlockTableRecord
  2
*U9
340
0
102
{BLKREFS
331
10168
102
}
 70
     0
280
     1
281
     0
  0
BLOCK_RECORD
  5
1016A
330
1
100
AcDbSymbolTableRecord
100
AcDbBlockTableRecord
  2
*U11
340
0
102
{BLKREFS
331
1017B
102
}
 70
     0
280
     1
281
     0
  0
BLOCK_RECORD
  5
1017D
330
1
100
AcDbSymbolTableRecord
100
AcDbBlockTableRecord
  2
*U13
340
0
102
{BLKREFS
331
1018E
102
}
 70
     0
280
     1
281
     0
  0
BLOCK_RECORD
  5
10190
330
1
100
AcDbSymbolTableRecord
100
AcDbBlockTableRecord
  2
*U15
340
0
102
{BLKREFS
331
101A1
102
}
 70
     0
280
     1
281
     0
  0
ENDTAB
  0
ENDSEC
  0
SECTION
  2
BLOCKS
  0
BLOCK
  5
20
330
1F
100
AcDbEntity
  8
0
100
AcDbBlockBegin
  2
*MODEL_SPACE
 70
     0
 10
0.0
 20
0.0
 30
0.0
  3
*MODEL_SPACE
  1

  0
ENDBLK
  5
21
330
1F
100
AcDbEntity
  8
0
100
AcDbBlockEnd
  0
BLOCK
  5
1C
330
1B
100
AcDbEntity
 67
     1
  8
0
100
AcDbBlockBegin
  2
*PAPER_SPACE
 70
     0
 10
0.0
 20
0.0
 30
0.0
  3
*PAPER_SPACE
  1

  0
ENDBLK
  5
1D
330
1B
100
AcDbEntity
 67
     1
  8
0
100
AcDbBlockEnd
  0
BLOCK
  5
10101
330
10100
100
AcDbEntity
  8
0
100
AcDbBlockBegin
  2
*U1
 70
     1
 10
0.0
 20
0.0
 30
0.0
  3
*U1
  1

  0
LINE
  5
10102
330
10100
100
AcDbEntity
  8
Smart Centers
  6
Continuous
 62
     0
440
 16777216
 48
0.75
100
AcDbLine
 10
-0.89296875
 20
0.0
 30
0.0
 11
0.89296875
 21
0.0
 31
0.0
  0
LINE
  5
10103
330
10100
100
AcDbEntity
  8
Smart Centers
  6
Continuous
 62
     0
440
 16777216
 48
0.75
100
AcDbLine
 10
0.0
 20
-0.89296875
 30
0.0
 11
0.0
 21
0.89296875
 31
0.0
  0
LINE
  5
10104
330
10100
100
AcDbEntity
  8
Smart Centers
 62
     0
440
 16777216
 48
0.75
100
AcDbLine
 10
-4.7
 20
0.0
 30
0.0
 11
-2.678906249999999
 21
0.0
 31
0.0
  0
LINE
  5
10105
330
10100
100
AcDbEntity
  8
Smart Centers
 62
     0
440
 16777216
 48
0.75
100
AcDbLine
 10
2.678906249999999
 20
0.0
 30
0.0
 11
4.7
 21
0.0
 31
0.0
  0
LINE
  5
10106
330
10100
100
AcDbEntity
  8
Smart Centers
 62
     0
440
 16777216
 48
0.75
100
AcDbLine
 10
0.0
 20
-4.7
 30
0.0
 11
0.0
 21
-2.678906249999999
 31
0.0
  0
LINE
  5
10107
330
10100
100
AcDbEntity
  8
Smart Centers
 62
     0
440
 16777216
 48
0.75
100
AcDbLine
 10
0.0
 20
2.678906249999999
 30
0.0
 11
0.0
 21
4.7
 31
0.0
  0
ENDBLK
  5
10108
330
10100
100
AcDbEntity
  8
0
100
AcDbBlockEnd
  0
BLOCK
  5
1011F
330
1011E
100
AcDbEntity
  8
0
100
AcDbBlockBegin
  2
*U3
 70
     1
 10
0.0
 20
0.0
 30
0.0
  3
*U3
  1

  0
LINE
  5
10120
330
1011E
100
AcDbEntity
  8
Smart Centers
  6
Continuous
 62
     0
440
 16777216
 48
0.75
100
AcDbLine
 10
-0.89296875
 20
0.0
 30
0.0
 11
0.89296875
 21
0.0
 31
0.0
  0
LINE
  5
10121
330
1011E
100
AcDbEntity
  8
Smart Centers
  6
Continuous
 62
     0
440
 16777216
 48
0.75
100
AcDbLine
 10
0.0
 20
-0.89296875
 30
0.0
 11
0.0
 21
0.89296875
 31
0.0
  0
LINE
  5
10122
330
1011E
100
AcDbEntity
  8
Smart Centers
 62
     0
440
 16777216
 48
0.75
100
AcDbLine
 10
-4.7
 20
0.0
 30
0.0
 11
-2.678906249999999
 21
0.0
 31
0.0
  0
LINE
  5
10123
330
1011E
100
AcDbEntity
  8
Smart Centers
 62
     0
440
 16777216
 48
0.75
100
AcDbLine
 10
2.678906249999999
 20
0.0
 30
0.0
 11
4.7
 21
0.0
 31
0.0
  0
LINE
  5
10124
330
1011E
100
AcDbEntity
  8
Smart Centers
 62
     0
440
 16777216
 48
0.75
100
AcDbLine
 10
0.0
 20
-4.7
 30
0.0
 11
0.0
 21
-2.678906249999999
 31
0.0
  0
LINE
  5
10125
330
1011E
100
AcDbEntity
  8
Smart Centers
 62
     0
440
 16777216
 48
0.75
100
AcDbLine
 10
0.0
 20
2.678906249999999
 30
0.0
 11
0.0
 21
4.7
 31
0.0
  0
ENDBLK
  5
10126
330
1011E
100
AcDbEntity
  8
0
100
AcDbBlockEnd
  0
BLOCK
  5
10132
330
10131
100
AcDbEntity
  8
0
100
AcDbBlockBegin
  2
*U5
 70
     1
 10
0.0
 20
0.0
 30
0.0
  3
*U5
  1

  0
LINE
  5
10133
330
10131
100
AcDbEntity
  8
Smart Centers
  6
Continuous
 62
     0
440
 16777216
 48
0.75
100
AcDbLine
 10
-0.89296875
 20
0.0
 30
0.0
 11
0.89296875
 21
0.0
 31
0.0
  0
LINE
  5
10134
330
10131
100
AcDbEntity
  8
Smart Centers
  6
Continuous
 62
     0
440
 16777216
 48
0.75
100
AcDbLine
 10
0.0
 20
-0.89296875
 30
0.0
 11
0.0
 21
0.89296875
 31
0.0
  0
LINE
  5
10135
330
10131
100
AcDbEntity
  8
Smart Centers
 62
     0
440
 16777216
 48
0.75
100
AcDbLine
 10
-4.7
 20
0.0
 30
0.0
 11
-2.678906249999999
 21
0.0
 31
0.0
  0
LINE
  5
10136
330
10131
100
AcDbEntity
  8
Smart Centers
 62
     0
440
 16777216
 48
0.75
100
AcDbLine
 10
2.678906249999999
 20
0.0
 30
0.0
 11
4.7
 21
0.0
 31
0.0
  0
LINE
  5
10137
330
10131
100
AcDbEntity
  8
Smart Centers
 62
     0
440
 16777216
 48
0.75
100
AcDbLine
 10
0.0
 20
-4.7
 30
0.0
 11
0.0
 21
-2.678906249999999
 31
0.0
  0
LINE
  5
10138
330
10131
100
AcDbEntity
  8
Smart Centers
 62
     0
440
 16777216
 48
0.75
100
AcDbLine
 10
0.0
 20
2.678906249999999
 30
0.0
 11
0.0
 21
4.7
 31
0.0
  0
ENDBLK
  5
10139
330
10131
100
AcDbEntity
  8
0
100
AcDbBlockEnd
  0
BLOCK
  5
10145
330
10144
100
AcDbEntity
  8
0
100
AcDbBlockBegin
  2
*U7
 70
     1
 10
0.0
 20
0.0
 30
0.0
  3
*U7
  1

  0
LINE
  5
10146
330
10144
100
AcDbEntity
  8
Smart Centers
  6
Continuous
 62
     0
440
 16777216
 48
0.75
100
AcDbLine
 10
-0.89296875
 20
0.0
 30
0.0
 11
0.89296875
 21
0.0
 31
0.0
  0
LINE
  5
10147
330
10144
100
AcDbEntity
  8
Smart Centers
  6
Continuous
 62
     0
440
 16777216
 48
0.75
100
AcDbLine
 10
0.0
 20
-0.89296875
 30
0.0
 11
0.0
 21
0.89296875
 31
0.0
  0
LINE
  5
10148
330
10144
100
AcDbEntity
  8
Smart Centers
 62
     0
440
 16777216
 48
0.75
100
AcDbLine
 10
-4.7
 20
0.0
 30
0.0
 11
-2.678906249999999
 21
0.0
 31
0.0
  0
LINE
  5
10149
330
10144
100
AcDbEntity
  8
Smart Centers
 62
     0
440
 16777216
 48
0.75
100
AcDbLine
 10
2.678906249999999
 20
0.0
 30
0.0
 11
4.7
 21
0.0
 31
0.0
  0
LINE
  5
1014A
330
10144
100
AcDbEntity
  8
Smart Centers
 62
     0
440
 16777216
 48
0.75
100
AcDbLine
 10
0.0
 20
-4.7
 30
0.0
 11
0.0
 21
-2.678906249999999
 31
0.0
  0
LINE
  5
1014B
330
10144
100
AcDbEntity
  8
Smart Centers
 62
     0
440
 16777216
 48
0.75
100
AcDbLine
 10
0.0
 20
2.678906249999999
 30
0.0
 11
0.0
 21
4.7
 31
0.0
  0
ENDBLK
  5
1014C
330
10144
100
AcDbEntity
  8
0
100
AcDbBlockEnd
  0
BLOCK
  5
10158
330
10157
100
AcDbEntity
  8
0
100
AcDbBlockBegin
  2
*U9
 70
     1
 10
0.0
 20
0.0
 30
0.0
  3
*U9
  1

  0
LINE
  5
10159
330
10157
100
AcDbEntity
  8
Smart Centers
  6
Continuous
 62
     0
440
 16777216
 48
0.75
100
AcDbLine
 10
-0.89296875
 20
0.0
 30
0.0
 11
0.89296875
 21
0.0
 31
0.0
  0
LINE
  5
1015A
330
10157
100
AcDbEntity
  8
Smart Centers
  6
Continuous
 62
     0
440
 16777216
 48
0.75
100
AcDbLine
 10
0.0
 20
-0.89296875
 30
0.0
 11
0.0
 21
0.89296875
 31
0.0
  0
LINE
  5
1015B
330
10157
100
AcDbEntity
  8
Smart Centers
 62
     0
440
 16777216
 48
0.75
100
AcDbLine
 10
-4.7
 20
0.0
 30
0.0
 11
-2.678906249999999
 21
0.0
 31
0.0
  0
LINE
  5
1015C
330
10157
100
AcDbEntity
  8
Smart Centers
 62
     0
440
 16777216
 48
0.75
100
AcDbLine
 10
2.678906249999999
 20
0.0
 30
0.0
 11
4.7
 21
0.0
 31
0.0
  0
LINE
  5
1015D
330
10157
100
AcDbEntity
  8
Smart Centers
 62
     0
440
 16777216
 48
0.75
100
AcDbLine
 10
0.0
 20
-4.7
 30
0.0
 11
0.0
 21
-2.678906249999999
 31
0.0
  0
LINE
  5
1015E
330
10157
100
AcDbEntity
  8
Smart Centers
 62
     0
440
 16777216
 48
0.75
100
AcDbLine
 10
0.0
 20
2.678906249999999
 30
0.0
 11
0.0
 21
4.7
 31
0.0
  0
ENDBLK
  5
1015F
330
10157
100
AcDbEntity
  8
0
100
AcDbBlockEnd
  0
BLOCK
  5
1016B
330
1016A
100
AcDbEntity
  8
0
100
AcDbBlockBegin
  2
*U11
 70
     1
 10
0.0
 20
0.0
 30
0.0
  3
*U11
  1

  0
LINE
  5
1016C
330
1016A
100
AcDbEntity
  8
Smart Centers
  6
Continuous
 62
     0
440
 16777216
 48
0.75
100
AcDbLine
 10
-0.89296875
 20
0.0
 30
0.0
 11
0.89296875
 21
0.0
 31
0.0
  0
LINE
  5
1016D
330
1016A
100
AcDbEntity
  8
Smart Centers
  6
Continuous
 62
     0
440
 16777216
 48
0.75
100
AcDbLine
 10
0.0
 20
-0.89296875
 30
0.0
 11
0.0
 21
0.89296875
 31
0.0
  0
LINE
  5
1016E
330
1016A
100
AcDbEntity
  8
Smart Centers
 62
     0
440
 16777216
 48
0.75
100
AcDbLine
 10
-4.7
 20
0.0
 30
0.0
 11
-2.678906249999999
 21
0.0
 31
0.0
  0
LINE
  5
1016F
330
1016A
100
AcDbEntity
  8
Smart Centers
 62
     0
440
 16777216
 48
0.75
100
AcDbLine
 10
2.678906249999999
 20
0.0
 30
0.0
 11
4.7
 21
0.0
 31
0.0
  0
LINE
  5
10170
330
1016A
100
AcDbEntity
  8
Smart Centers
 62
     0
440
 16777216
 48
0.75
100
AcDbLine
 10
0.0
 20
-4.7
 30
0.0
 11
0.0
 21
-2.678906249999999
 31
0.0
  0
LINE
  5
10171
330
1016A
100
AcDbEntity
  8
Smart Centers
 62
     0
440
 16777216
 48
0.75
100
AcDbLine
 10
0.0
 20
2.678906249999999
 30
0.0
 11
0.0
 21
4.7
 31
0.0
  0
ENDBLK
  5
10172
330
1016A
100
AcDbEntity
  8
0
100
AcDbBlockEnd
  0
BLOCK
  5
1017E
330
1017D
100
AcDbEntity
  8
0
100
AcDbBlockBegin
  2
*U13
 70
     1
 10
0.0
 20
0.0
 30
0.0
  3
*U13
  1

  0
LINE
  5
1017F
330
1017D
100
AcDbEntity
  8
Smart Centers
  6
Continuous
 62
     0
440
 16777216
 48
0.75
100
AcDbLine
 10
-0.89296875
 20
0.0
 30
0.0
 11
0.89296875
 21
0.0
 31
0.0
  0
LINE
  5
10180
330
1017D
100
AcDbEntity
  8
Smart Centers
  6
Continuous
 62
     0
440
 16777216
 48
0.75
100
AcDbLine
 10
0.0
 20
-0.89296875
 30
0.0
 11
0.0
 21
0.89296875
 31
0.0
  0
LINE
  5
10181
330
1017D
100
AcDbEntity
  8
Smart Centers
 62
     0
440
 16777216
 48
0.75
100
AcDbLine
 10
-4.7
 20
0.0
 30
0.0
 11
-2.678906249999999
 21
0.0
 31
0.0
  0
LINE
  5
10182
330
1017D
100
AcDbEntity
  8
Smart Centers
 62
     0
440
 16777216
 48
0.75
100
AcDbLine
 10
2.678906249999999
 20
0.0
 30
0.0
 11
4.7
 21
0.0
 31
0.0
  0
LINE
  5
10183
330
1017D
100
AcDbEntity
  8
Smart Centers
 62
     0
440
 16777216
 48
0.75
100
AcDbLine
 10
0.0
 20
-4.7
 30
0.0
 11
0.0
 21
-2.678906249999999
 31
0.0
  0
LINE
  5
10184
330
1017D
100
AcDbEntity
  8
Smart Centers
 62
     0
440
 16777216
 48
0.75
100
AcDbLine
 10
0.0
 20
2.678906249999999
 30
0.0
 11
0.0
 21
4.7
 31
0.0
  0
ENDBLK
  5
10185
330
1017D
100
AcDbEntity
  8
0
100
AcDbBlockEnd
  0
BLOCK
  5
10191
330
10190
100
AcDbEntity
  8
0
100
AcDbBlockBegin
  2
*U15
 70
     1
 10
0.0
 20
0.0
 30
0.0
  3
*U15
  1

  0
LINE
  5
10192
330
10190
100
AcDbEntity
  8
Smart Centers
  6
Continuous
 62
     0
440
 16777216
 48
0.75
100
AcDbLine
 10
-0.89296875
 20
0.0
 30
0.0
 11
0.89296875
 21
0.0
 31
0.0
  0
LINE
  5
10193
330
10190
100
AcDbEntity
  8
Smart Centers
  6
Continuous
 62
     0
440
 16777216
 48
0.75
100
AcDbLine
 10
0.0
 20
-0.89296875
 30
0.0
 11
0.0
 21
0.89296875
 31
0.0
  0
LINE
  5
10194
330
10190
100
AcDbEntity
  8
Smart Centers
 62
     0
440
 16777216
 48
0.75
100
AcDbLine
 10
-4.7
 20
0.0
 30
0.0
 11
-2.678906249999999
 21
0.0
 31
0.0
  0
LINE
  5
10195
330
10190
100
AcDbEntity
  8
Smart Centers
 62
     0
440
 16777216
 48
0.75
100
AcDbLine
 10
2.678906249999999
 20
0.0
 30
0.0
 11
4.7
 21
0.0
 31
0.0
  0
LINE
  5
10196
330
10190
100
AcDbEntity
  8
Smart Centers
 62
     0
440
 16777216
 48
0.75
100
AcDbLine
 10
0.0
 20
-4.7
 30
0.0
 11
0.0
 21
-2.678906249999999
 31
0.0
  0
LINE
  5
10197
330
10190
100
AcDbEntity
  8
Smart Centers
 62
     0
440
 16777216
 48
0.75
100
AcDbLine
 10
0.0
 20
2.678906249999999
 30
0.0
 11
0.0
 21
4.7
 31
0.0
  0
ENDBLK
  5
10198
330
10190
100
AcDbEntity
  8
0
100
AcDbBlockEnd
  0
ENDSEC
  0
SECTION
  2
ENTITIES
  0
LWPOLYLINE
  5
100
330
1F
100
AcDbEntity
  8
0
100
AcDbPolyline
 90
      180
 70
     1
 43
0.0
 10
322.6816516051681
 20
86.28384360434599
 10
322.6816516051681
 20
120.0945784865433
 42
-0.1826758136816271
 10
322.9316516051681
 20
120.7560163143095
 42
0.1826758136813418
 10
323.1816516051681
 20
121.4174541420756
 10
323.1816516051681
 20
141.2803649107045
 42
0.1989123673796763
 10
322.5958651675414
 20
142.6945784730776
 10
320.7674380427948
 20
144.5230055978238
 42
0.1989123673796156
 10
319.3532244804221
 20
145.1087920354507
 10
312.0901235605582
 20
145.1087920354543
 42
-0.1989123673807744
 10
311.3830167793685
 20
145.4016852542707
 10
306.7113199352382
 20
150.0733820983982
 42
0.1989123673808443
 10
306.0042131540481
 20
150.3662753172151
 10
305.7566516250786
 20
150.36627531721
 42
0.4142135623729702
 10
305.2566516250781
 20
149.8662753172179
 10
305.2566516250788
 20
148.2662765530554
 42
-0.9999999999999998
 10
303.0566516250781
 20
148.2662765530554
 10
303.0566516250781
 20
149.8662753172179
 42
0.4142135623729702
 10
302.5566516250781
 20
150.3662753172178
 10
302.3090900961181
 20
150.36627531721
 42
0.1989123673810029
 10
301.6019833149282
 20
150.0733820983983
 10
296.9302864707977
 20
145.4016852542709
 42
-0.1989123673808267
 10
296.2231796896083
 20
145.1087920354543
 10
245.4076657525764
 20
145.1087920354542
 42
-0.1989123673800268
 10
244.7005589713886
 20
145.4016852542687
 10
240.0363199153276
 20
150.0659243103312
 42
0.1989123673803957
 10
239.32921313414
 20
150.358817529148
 10
239.0816516051671
 20
150.3588175291429
 42
0.4142135623728037
 10
238.5816516051675
 20
149.858817529141
 10
238.5816516051675
 20
148.2588187649883
 42
-0.9999999999999998
 10
236.3816516051672
 20
148.2588187649883
 10
236.3816516051672
 20
149.858817529141
 42
0.4142135623729702
 10
235.8816516051681
 20
150.3588175291409
 10
235.6340900762052
 20
150.3588175291429
 42
0.1989123673803065
 10
234.9269832950174
 20
150.0659243103332
 10
230.2627442389569
 20
145.4016852542685
 42
-0.1989123673800138
 10
229.5556374577695
 20
145.1087920354541
 10
150.1576657525775
 20
145.1087920354541
 42
-0.1989123673803371
 10
149.4505589713887
 20
145.4016852542694
 10
144.7863199153262
 20
150.0659243103317
 42
0.1989123673803227
 10
144.0792131341406
 20
150.3588175291484
 10
143.8316516051675
 20
150.3588175291433
 42
0.4142135623729702
 10
143.331651605167
 20
149.8588175291414
 10
143.3316516051675
 20
148.2588187649888
 42
-0.9999999999999998
 10
141.131651605167
 20
148.2588187649888
 10
141.131651605167
 20
149.8588175291414
 42
0.4142135623729702
 10
140.6316516051681
 20
150.3588175291413
 10
140.3840900762052
 20
150.3588175291433
 42
0.1989123673805055
 10
139.6769832950167
 20
150.0659243103331
 10
135.0127442389566
 20
145.4016852542693
 42
-0.1989123673803109
 10
134.3056374577684
 20
145.1087920354541
 10
54.9076390364969
 20
145.108792035454
 42
-0.1989123673800857
 10
54.20053225530955
 20
145.4016852542686
 10
49.53631991532756
 20
150.0658975942523
 42
0.1989123673802045
 10
48.82921313414022
 20
150.358790813069
 10
48.58165160516751
 20
150.3587908130639
 42
0.414213562372939
 10
48.0816516051675
 20
149.8587908130619
 10
48.08165160516842
 20
148.2587920489093
 42
-0.9999999999999998
 10
45.8816516051686
 20
148.2587920489093
 10
45.88165160516701
 20
149.8587908130619
 42
0.414213562372939
 10
45.38165160516814
 20
150.358790813062
 10
45.13409007620521
 20
150.3587908130639
 42
0.1989123673801738
 10
44.42698329501718
 20
150.0658975942541
 10
38.06743804279631
 20
143.7063523420241
 42
0.1989123673795285
 10
37.48165160516828
 20
142.2921387796521
 10
37.48165160516828
 20
124.9230056112897
 42
0.1989123673796749
 10
37.77454482398161
 20
124.2158988301031
 10
39.45125838635476
 20
122.5391852677299
 42
-0.1989123673796612
 10
39.7441516051681
 20
121.8320784865433
 10
39.7441516051681
 20
108.6855056112895
 42
-0.1989123673796515
 10
39.45125838635476
 20
107.9783988301029
 10
38.77454482398162
 20
107.3016852677298
 42
0.1989123673796743
 10
38.48165160516828
 20
106.5945784865433
 10
38.48165160516828
 20
65.92300561128951
 42
-0.1989123673797134
 10
38.18875838635495
 20
65.21589883010292
 10
37.77454482398161
 20
64.80168526772977
 42
0.1989123673797999
 10
37.48165160516828
 20
64.0945784865433
 10
37.48165160516828
 20
52.82978271809816
 42
0.1989123673795407
 10
38.06743804279495
 20
51.41556915572508
 10
39.89586516754116
 20
49.58714203097898
 42
0.1989123673796798
 10
41.31007872991472
 20
49.00135559335211
 10
42.27753917383711
 20
49.00135559335507
 42
-0.1989123673804545
 10
42.9846459550256
 20
48.70846237453946
 10
47.74885829500749
 20
43.9442500345545
 42
0.1989123673785895
 10
48.45596507619439
 20
43.65135681574708
 10
48.70352660516596
 20
43.65135681575248
 42
0.4142135623730327
 10
49.20352660516619
 20
44.15135681574549
 10
49.20352660516641
 20
45.75135557989748
 42
-0.9999999999999998
 10
51.40352660516668
 20
45.75135557989748
 10
51.40352660516623
 20
44.15135681574551
 42
0.4142135623729702
 10
51.90352660516601
 20
43.65135681574549
 10
52.15108813412917
 20
43.6513568157525
 42
0.1989123673785132
 10
52.85819491531242
 20
43.9442500345572
 10
57.52240725529737
 20
48.60846237453862
 42
-0.1989123673805002
 10
58.2295140364863
 20
48.90135559335437
 10
102.1931161188051
 20
48.90135559335428
 42
-0.1989123673802586
 10
102.9002228999932
 20
48.60846237453921
 10
107.5644832750974
 20
43.94420199943346
 42
0.1989123673787636
 10
108.2715900562843
 20
43.65130878062555
 10
108.5191515852562
 20
43.65130878063047
 42
0.414213562372991
 10
109.0191515852561
 20
44.15130878062345
 10
109.0191515852561
 20
45.75130754477592
 42
-0.9999999999999998
 10
111.2191515852567
 20
45.75130754477592
 10
111.2191515852562
 20
44.15130878062345
 42
0.414213562372991
 10
111.719151585256
 20
43.65130878062351
 10
111.9667131142191
 20
43.65130878063044
 42
0.1989123673785415
 10
112.6738198954028
 20
43.94420199943602
 10
114.3333651675398
 20
45.60374727157264
 42
0.1989123673797259
 10
114.9191516051678
 20
47.01796083394436
 10
114.9191516051678
 20
67.40879204891635
 42
-0.4142135623730951
 10
115.4191516051683
 20
67.90879204891635
 10
121.4191516051682
 20
67.90879204891647
 42
-0.4142135623732617
 10
121.9191516051683
 20
67.40879204891635
 10
121.9191516051683
 20
51.82300561128875
 42
0.1989123673795205
 10
122.2120448239816
 20
51.11589883010208
 10
123.6262583863547
 20
49.70168526773031
 42
0.1989123673797343
 10
124.3333651675407
 20
49.40879204891678
 10
129.184290848988
 20
49.40879204891692
 42
0.1539147210600784
 10
129.7578672853392
 20
49.58964000462782
 10
131.9233739576948
 20
51.10594410065496
 42
-0.1539147210598309
 10
132.4969503940462
 20
51.28679205636595
 10
152.3721007462682
 20
51.28679205636626
 42
-0.1989123673794202
 10
152.9024308321582
 20
51.06712214225615
 10
153.9618676917855
 20
50.00768528262833
 42
0.1989123673799449
 10
154.6689744729719
 20
49.71479206381488
 10
182.1818287373646
 20
49.71479206381392
 42
0.1989123673793797
 10
182.8889355185501
 20
50.00768528262722
 10
183.9483723781782
 20
51.06712214225504
 42
-0.1989123673797015
 10
184.4787024640684
 20
51.28679205636527
 10
204.3538528162903
 20
51.28679205636515
 42
-0.1539147210598152
 10
204.9274292526411
 20
51.10594410065417
 10
207.0929359249974
 20
49.58964000462692
 42
0.1539147210599013
 10
207.6665123613484
 20
49.40879204891601
 10
212.5174380427952
 20
49.40879204891595
 42
0.1989123673797363
 10
213.2245448239816
 20
49.7016852677296
 10
214.638758386355
 20
51.11589883010248
 42
0.1989123673800021
 10
214.9316516051681
 20
51.82300561128906
 10
214.9316516051681
 20
67.40879204891635
 42
-0.4142135623730951
 10
215.4316516051681
 20
67.90879204891635
 10
221.4316516051681
 20
67.90879204891647
 42
-0.4142135623730951
 10
221.9316516051681
 20
67.40879204891635
 10
221.9316516051681
 20
51.82300561128911
 42
0.1989123673799631
 10
222.2245448239823
 20
51.11589883010231
 10
223.638758386355
 20
49.70168526772946
 42
0.1989123673795601
 10
224.3458651675412
 20
49.40879204891615
 10
231.9417850692903
 20
49.40879204891601
 10
233.2949489507773
 20
48.90135559334902
 10
237.6181161278364
 20
48.90135559335428
 42
-0.198912367380448
 10
238.3252229090251
 20
48.60846237453865
 10
242.9894832750974
 20
43.94420200846446
 42
0.1989123673785787
 10
243.6965900562843
 20
43.65130878965675
 10
243.9441515852564
 20
43.65130878966247
 42
0.414213562372991
 10
244.4441515852564
 20
44.15130878965444
 10
244.4441515852561
 20
45.75130755380732
 42
-0.9999999999999998
 10
246.6441515852564
 20
45.75130755380732
 10
246.6441515852562
 20
44.15130878965444
 42
0.414213562372991
 10
247.1441515852561
 20
43.65130878965451
 10
247.3917131142189
 20
43.65130878966247
 42
0.1989123673783959
 10
248.0988198954026
 20
43.94420200846712
 10
252.7630802614783
 20
48.60846237453919
 42
-0.1989123673802586
 10
253.4701870426661
 20
48.90135559335428
 10
302.1837411188083
 20
48.90135559335405
 42
-0.1989123673790965
 10
302.8908478999933
 20
48.60846237454214
 10
307.5551082750983
 20
43.94420199943346
 42
0.1989123673793054
 10
308.2622150562881
 20
43.6513087806255
 10
308.5097765852581
 20
43.65130878063047
 42
0.414213562372991
 10
309.0097765852586
 20
44.15130878062345
 10
309.0097765852577
 20
45.75130754477592
 42
-0.9999999999999998
 10
311.2097765852582
 20
45.7513075447759
 10
311.2097765852582
 20
44.15130878062342
 42
0.414213562372991
 10
311.7097765852582
 20
43.65130878062347
 10
311.9573381142182
 20
43.65130878063041
 42
0.198912367379425
 10
312.6644448954037
 20
43.94420199943797
 10
317.3287052705082
 20
48.60846237453706
 42
-0.1989123673809508
 10
318.0358120516983
 20
48.90135559335402
 10
319.3532244804223
 20
48.90135559334919
 42
0.1989123673795874
 10
320.7674380427952
 20
49.48714203097847
 10
322.5958651675414
 20
51.3155691557246
 42
0.1989123673797161
 10
323.1816516051681
 20
52.72978271809762
 10
323.1816516051681
 20
84.9609679488139
 42
0.1826758136816744
 10
322.9316516051681
 20
85.62240577657988
 42
-0.1826758136816029
  0
LWPOLYLINE
  5
101
330
1F
100
AcDbEntity
  8
0
100
AcDbPolyline
 90
        8
 70
     1
 43
0.0
 10
169.3191516051681
 20
104.0087920489163
 42
0.4142135623730951
 10
168.5691516051686
 20
103.2587920489163
 10
168.5691516051686
 20
90.75879204891634
 42
0.4142135623730951
 10
169.3191516051681
 20
90.00879204891635
 10
181.8191516051681
 20
90.00879204891635
 42
0.4142135623730951
 10
182.5691516051681
 20
90.75879204891634
 10
182.5691516051681
 20
103.2587920489163
 42
0.4142135623730951
 10
181.8191516051681
 20
104.0087920489163
  0
LWPOLYLINE
  5
102
330
1F
100
AcDbEntity
  8
0
100
AcDbPolyline
 90
        8
 70
     1
 43
0.0
 10
177.0566516051681
 20
109.0587920489163
 10
164.5566516051681
 20
109.0587920489165
 42
-0.4142135623730951
 10
163.8066516051681
 20
109.8087920489163
 10
163.8066516051681
 20
122.3087920489163
 42
-0.4142135623730881
 10
164.5566516051681
 20
123.0587920489163
 10
177.0566516051681
 20
123.0587920489162
 42
-0.4142135623730951
 10
177.8066516051681
 20
122.3087920489163
 10
177.8066516051687
 20
109.8087920489163
 42
-0.4142135623730813
  0
LWPOLYLINE
  5
103
330
1F
100
AcDbEntity
  8
0
100
AcDbPolyline
 90
        8
 70
     1
 43
0.0
 10
162.7691516051682
 20
90.00879204891635
 42
0.4142135623730951
 10
163.5191516051682
 20
90.75879204891634
 10
163.5191516051682
 20
103.2587920489163
 42
0.4142135623730951
 10
162.7691516051682
 20
104.0087920489163
 10
150.2691516051682
 20
104.0087920489163
 42
0.4142135623730951
 10
149.5191516051682
 20
103.2587920489163
 10
149.5191516051682
 20
90.75879204891634
 42
0.4142135623730951
 10
150.2691516051682
 20
90.00879204891635
  0
LWPOLYLINE
  5
104
330
1F
100
AcDbEntity
  8
0
100
AcDbPolyline
 90
        7
 70
     1
 43
0.0
 10
159.7941516051682
 20
84.95879204891634
 10
172.2941516051682
 20
84.95879204891627
 42
-0.4142135623730951
 10
173.0441516051678
 20
84.20879204891633
 10
173.0441516051678
 20
71.70879204891647
 42
-0.4142135623730951
 10
172.2941516051682
 20
70.95879204891651
 10
159.0441516051683
 20
70.95879204891634
 10
159.0441516051683
 20
84.20879204891633
 42
-0.4142135623730951
  0
LWPOLYLINE
  5
105
330
1F
100
AcDbEntity
  8
0
100
AcDbPolyline
 90
        8
 70
     1
 43
0.0
 10
113.4600996890515
 20
46.65130876716185
 42
0.5275836352833544
 10
113.8328735226932
 20
47.19635934093495
 42
0.6839252201127107
 10
106.4054296478193
 20
47.19635934093489
 42
0.527583635283328
 10
106.7782034814613
 20
46.65130876715972
 10
106.8157447344751
 20
46.65130876716207
 42
0.3082072082639377
 10
107.187959590902
 20
46.90482975619002
 42
-0.6811146429268779
 10
113.0503435796108
 20
46.90482975618988
 42
0.3082072082637207
 10
113.4225584360372
 20
46.65130876715972
  0
LWPOLYLINE
  5
106
330
1F
100
AcDbEntity
  8
0
100
AcDbPolyline
 90
       24
 70
     1
 43
0.0
 10
281.5749016051684
 20
70.45879204891699
 42
0.4142135623729702
 10
281.0749016051682
 20
70.95879204891684
 10
280.9879016051675
 20
70.95879204891699
 42
-0.4142135623739483
 10
280.4879016051664
 20
71.45879204891707
 10
280.4879016051664
 20
84.45879204891687
 42
-0.4142135623736153
 10
280.9879016051675
 20
84.95879204891688
 10
281.074901605168
 20
84.95879204891688
 42
0.4142135623731575
 10
281.5749016051684
 20
85.45879204891685
 10
281.5749016051682
 20
86.45879204891633
 42
-0.4142135623730951
 10
282.0749016051682
 20
86.95879204891634
 10
288.0749016051682
 20
86.95879204891658
 42
-0.4142135623730951
 10
288.5749016051682
 20
86.45879204891651
 10
288.5749016051682
 20
85.45879204891647
 42
0.4142135623729702
 10
289.0749016051682
 20
84.95879204891659
 10
303.5129016051683
 20
84.95879204891654
 42
-0.4142135623727829
 10
304.0129016051683
 20
84.45879204891634
 10
304.0129016051683
 20
71.45879204891651
 42
-0.4142135623729702
 10
303.5129016051683
 20
70.95879204891651
 10
289.0749016051682
 20
70.95879204891699
 42
0.414213562372991
 10
288.574901605168
 20
70.45879204891633
 10
288.5749016051682
 20
69.45879204891634
 42
-0.4142135623729494
 10
288.0749016051682
 20
68.95879204891634
 10
282.0749016051682
 20
68.95879204891651
 42
-0.4142135623729494
 10
281.5749016051682
 20
69.45879204891634
  0
LWPOLYLINE
  5
107
330
1F
100
AcDbEntity
  8
0
100
AcDbPolyline
 90
       16
 70
     1
 43
0.0
 10
312.9509016051684
 20
70.95879204891696
 42
0.4142135623729702
 10
312.4509016051681
 20
70.45879204891696
 10
312.4509016051684
 20
69.45879204891631
 42
-0.4142135623729702
 10
311.9509016051684
 20
68.95879204891631
 10
305.9509016051684
 20
68.95879204891619
 42
-0.4142135623729494
 10
305.4509016051675
 20
69.45879204891634
 10
305.4509016051675
 20
86.45879204891633
 42
-0.4142135623730951
 10
305.9509016051682
 20
86.95879204891634
 10
311.9509016051682
 20
86.95879204891657
 42
-0.4142135623732617
 10
312.4509016051684
 20
86.45879204891647
 10
312.4509016051681
 20
85.45879204891681
 42
0.414213562372991
 10
312.9509016051684
 20
84.95879204891684
 10
320.1816516051676
 20
84.95879204891691
 42
-0.4142135623730744
 10
320.681651605167
 20
84.45879204891685
 10
320.681651605167
 20
71.45879204891696
 42
-0.4142135623732617
 10
320.1816516051672
 20
70.95879204891691
  0
CIRCLE
  5
108
330
1F
100
AcDbEntity
  8
0
100
AcDbCircle
 10
298.2021737547184
 20
58.90756673704635
 30
0.0
 40
2.2
  0
CIRCLE
  5
109
330
1F
100
AcDbEntity
  8
0
100
AcDbCircle
 10
190.832173754718
 20
55.90756673704635
 30
0.0
 40
2.2
  0
CIRCLE
  5
110
330
1F
100
AcDbEntity
  8
0
100
AcDbCircle
 10
170.8321737547182
 20
126.0075667370463
 30
0.0
 40
2.2
  0
CIRCLE
  5
111
330
1F
100
AcDbEntity
  8
0
100
AcDbCircle
 10
41.83217375471826
 20
125.0075667370463
 30
0.0
 40
2.2
  0
CIRCLE
  5
112
330
1F
100
AcDbEntity
  8
0
100
AcDbCircle
 10
104.1321737547182
 20
107.0075667370463
 30
0.0
 40
2.2
  0
CIRCLE
  5
113
330
1F
100
AcDbEntity
  8
0
100
AcDbCircle
 10
237.5321737547181
 20
107.0075667370463
 30
0.0
 40
2.2
  0
CIRCLE
  5
114
330
1F
100
AcDbEntity
  8
0
100
AcDbCircle
 10
62.4601737547182
 20
58.90756673704638
 30
0.0
 40
2.2
  0
CIRCLE
  5
115
330
1F
100
AcDbEntity
  8
0
100
AcDbCircle
 10
319.8321737547181
 20
122.5075667370463
 30
0.0
 40
2.2
  0
LWPOLYLINE
  5
116
330
1F
100
AcDbEntity
  8
0
100
AcDbPolyline
 90
        8
 70
     1
 43
0.0
 10
67.81915160516814
 20
91.75879204891646
 10
67.81915160516814
 20
102.2587920489165
 42
-0.4142135623730951
 10
68.56915160516814
 20
103.0087920489165
 10
70.56915160516814
 20
103.0087920489164
 42
-0.4142135623731784
 10
71.31915160516815
 20
102.2587920489165
 10
71.3191516051686
 20
91.75879204891646
 42
-0.4142135623731784
 10
70.56915160516814
 20
91.00879204891645
 10
68.56915160516814
 20
91.00879204891645
 42
-0.4142135623730951
  0
LWPOLYLINE
  5
117
330
1F
100
AcDbEntity
  8
0
100
AcDbPolyline
 90
        8
 70
     1
 43
0.0
 10
283.3191516051686
 20
102.2587920489164
 10
283.3191516051686
 20
91.75879204891643
 42
-0.4142135623729007
 10
282.5691516051686
 20
91.00879204891644
 10
280.5691516051686
 20
91.00879204891644
 42
-0.4142135623734835
 10
279.8191516051686
 20
91.75879204891643
 10
279.8191516051686
 20
102.2587920489164
 42
-0.4142135623731367
 10
280.5691516051681
 20
103.0087920489165
 10
282.5691516051686
 20
103.0087920489165
 42
-0.4142135623729285
  0
LWPOLYLINE
  5
118
330
1F
100
AcDbEntity
  8
0
100
AcDbPolyline
 90
        8
 70
     1
 43
0.0
 10
83.08737605629834
 20
53.65879206796634
 10
83.08737605629834
 20
64.15879206796635
 42
-0.4142135623731229
 10
83.83737605629836
 20
64.90879206796634
 10
85.83737605629835
 20
64.90879206796629
 42
-0.4142135623731229
 10
86.58737605629836
 20
64.15879206796635
 10
86.58737605629836
 20
53.65879206796634
 42
-0.4142135623731229
 10
85.83737605629835
 20
52.90879206796635
 10
83.83737605629836
 20
52.90879206796606
 42
-0.4142135623731229
  0
LWPOLYLINE
  5
119
330
1F
100
AcDbEntity
  8
0
100
AcDbPolyline
 90
        8
 70
     1
 43
0.0
 10
315.9182559742178
 20
122.3087920536763
 10
315.9182559742178
 20
109.8091566998563
 42
-0.4142135623730951
 10
315.1682559742182
 20
109.0591566998563
 10
302.6686152374186
 20
109.0591566998564
 42
-0.4142135623732062
 10
301.9186152374182
 20
109.8091566998563
 10
301.9186152374182
 20
122.3087920536763
 42
-0.4142135623730951
 10
302.6686152374182
 20
123.0587920536764
 10
315.1682559742178
 20
123.0587920536762
 42
-0.4142135623732062
  0
LWPOLYLINE
  5
120
330
1F
100
AcDbEntity
  8
0
100
AcDbPolyline
 90
        8
 70
     1
 43
0.0
 10
40.73165160516828
 20
142.1087920489164
 10
53.23165160516828
 20
142.1087920489164
 42
-0.4142135623730951
 10
53.98165160516828
 20
141.3587920489164
 10
53.98165160516828
 20
128.8587920489164
 42
-0.4142135623730951
 10
53.23165160516828
 20
128.1087920489164
 10
40.73165160516828
 20
128.1087920489163
 42
-0.4142135623730951
 10
39.98165160516828
 20
128.8587920489164
 10
39.98165160516828
 20
141.3587920489164
 42
-0.4142135623730951
  0
LWPOLYLINE
  5
121
330
1F
100
AcDbEntity
  8
0
100
AcDbPolyline
 90
        8
 70
     1
 43
0.0
 10
158.0066516051686
 20
109.0587920489163
 10
145.5066516051686
 20
109.0587920489165
 42
-0.4142135623730951
 10
144.7566516051686
 20
109.8087920489163
 10
144.7566516051686
 20
122.3087920489163
 42
-0.4142135623730881
 10
145.5066516051686
 20
123.0587920489163
 10
158.0066516051686
 20
123.0587920489162
 42
-0.4142135623730951
 10
158.7566516051681
 20
122.3087920489163
 10
158.7566516051681
 20
109.8087920489163
 42
-0.4142135623730813
  0
LWPOLYLINE
  5
122
330
1F
100
AcDbEntity
  8
0
100
AcDbPolyline
 90
        8
 70
     1
 43
0.0
 10
291.3566516051683
 20
109.0587920489163
 10
278.8566516051683
 20
109.0587920489165
 42
-0.4142135623730951
 10
278.1066516051683
 20
109.8087920489163
 10
278.1066516051683
 20
122.3087920489163
 42
-0.4142135623730881
 10
278.8566516051683
 20
123.0587920489163
 10
291.3566516051683
 20
123.0587920489162
 42
-0.4142135623730951
 10
292.1066516051676
 20
122.3087920489163
 10
292.1066516051676
 20
109.8087920489163
 42
-0.4142135623730813
  0
LWPOLYLINE
  5
123
330
1F
100
AcDbEntity
  8
0
100
AcDbPolyline
 90
        8
 70
     1
 43
0.0
 10
188.3691516051681
 20
104.0087920489163
 10
200.8691516051681
 20
104.0087920489162
 42
-0.4142135623730951
 10
201.6191516051681
 20
103.2587920489163
 10
201.6191516051681
 20
90.75879204891634
 42
-0.4142135623730951
 10
200.8691516051681
 20
90.00879204891635
 10
188.3691516051681
 20
90.00879204891649
 42
-0.4142135623730951
 10
187.6191516051681
 20
90.75879204891634
 10
187.6191516051681
 20
103.2587920489163
 42
-0.4142135623730951
  0
LWPOLYLINE
  5
124
330
1F
100
AcDbEntity
  8
0
100
AcDbPolyline
 90
        8
 70
     1
 43
0.0
 10
210.3941516051682
 20
70.95879204891634
 10
197.8941516051682
 20
70.95879204891659
 42
-0.4142135623730951
 10
197.1441516051682
 20
71.70879204891647
 10
197.1441516051682
 20
84.20879204891633
 42
-0.4142135623730951
 10
197.8941516051682
 20
84.95879204891634
 10
210.3941516051682
 20
84.95879204891627
 42
-0.4142135623730951
 10
211.144151605168
 20
84.20879204891633
 10
211.1441516051682
 20
71.70879204891647
 42
-0.4142135623730951
  0
LWPOLYLINE
  5
125
330
1F
100
AcDbEntity
  8
0
100
AcDbPolyline
 90
        8
 70
     1
 43
0.0
 10
131.2191516051682
 20
104.0087920489163
 10
143.7191516051682
 20
104.0087920489162
 42
-0.4142135623730951
 10
144.4691516051678
 20
103.2587920489163
 10
144.4691516051678
 20
90.75879204891634
 42
-0.4142135623730951
 10
143.7191516051682
 20
90.00879204891635
 10
131.2191516051682
 20
90.00879204891649
 42
-0.4142135623730951
 10
130.4691516051682
 20
90.75879204891634
 10
130.4691516051682
 20
103.2587920489163
 42
-0.4142135623730951
  0
LWPOLYLINE
  5
126
330
1F
100
AcDbEntity
  8
0
100
AcDbPolyline
 90
        8
 70
     1
 43
0.0
 10
58.7441516051681
 20
122.3087920489164
 10
58.7441516051681
 20
109.8087920489163
 42
-0.4142135623730813
 10
57.9941516051681
 20
109.0587920489164
 10
45.4941516051681
 20
109.0587920489163
 42
-0.4142135623730395
 10
44.7441516051681
 20
109.8087920489164
 10
44.7441516051681
 20
122.3087920489164
 42
-0.4142135623730881
 10
45.4941516051681
 20
123.0587920489164
 10
57.9941516051681
 20
123.0587920489164
 42
-0.4142135623730395
  0
LWPOLYLINE
  5
127
330
1F
100
AcDbEntity
  8
0
100
AcDbPolyline
 90
        8
 70
     1
 43
0.0
 10
178.0941516051682
 20
71.70879204891647
 10
178.0941516051682
 20
84.20879204891633
 42
-0.4142135623730951
 10
178.8441516051678
 20
84.95879204891634
 10
191.3441516051678
 20
84.95879204891627
 42
-0.4142135623730951
 10
192.0941516051678
 20
84.20879204891633
 10
192.0941516051678
 20
71.70879204891647
 42
-0.4142135623730951
 10
191.3441516051678
 20
70.95879204891651
 10
178.8441516051678
 20
70.95879204891659
 42
-0.4142135623730951
  0
LWPOLYLINE
  5
128
330
1F
100
AcDbEntity
  8
0
100
AcDbPolyline
 90
        8
 70
     1
 43
0.0
 10
248.4941516051681
 20
70.95879204891634
 10
235.9941516051681
 20
70.95879204891659
 42
-0.4142135623730951
 10
235.2441516051681
 20
71.70879204891647
 10
235.2441516051681
 20
84.20879204891633
 42
-0.4142135623730951
 10
235.9941516051681
 20
84.95879204891634
 10
248.4941516051681
 20
84.95879204891627
 42
-0.4142135623730951
 10
249.2441516051681
 20
84.20879204891633
 10
249.2441516051681
 20
71.70879204891647
 42
-0.4142135623730951
  0
LWPOLYLINE
  5
129
330
1F
100
AcDbEntity
  8
0
100
AcDbPolyline
 90
        8
 70
     1
 43
0.0
 10
277.0691516051686
 20
90.00879204891635
 10
264.5691516051686
 20
90.00879204891649
 42
-0.4142135623730951
 10
263.8191516051686
 20
90.75879204891634
 10
263.8191516051686
 20
103.2587920489163
 42
-0.4142135623730951
 10
264.5691516051686
 20
104.0087920489163
 10
277.0691516051686
 20
104.0087920489162
 42
-0.4142135623730951
 10
277.8191516051681
 20
103.2587920489163
 10
277.8191516051681
 20
90.75879204891634
 42
-0.4142135623730951
  0
LWPOLYLINE
  5
130
330
1F
100
AcDbEntity
  8
0
100
AcDbPolyline
 90
        8
 70
     1
 43
0.0
 10
207.4191516051683
 20
104.0087920489163
 10
219.9191516051683
 20
104.0087920489162
 42
-0.4142135623730951
 10
220.6691516051683
 20
103.2587920489163
 10
220.6691516051683
 20
90.75879204891634
 42
-0.4142135623730951
 10
219.9191516051683
 20
90.00879204891635
 10
207.4191516051683
 20
90.00879204891649
 42
-0.4142135623730951
 10
206.6691516051683
 20
90.75879204891634
 10
206.6691516051683
 20
103.2587920489163
 42
-0.4142135623730951
  0
LWPOLYLINE
  5
131
330
1F
100
AcDbEntity
  8
0
100
AcDbPolyline
 90
        8
 70
     1
 43
0.0
 10
245.5191516051682
 20
104.0087920489163
 10
258.0191516051682
 20
104.0087920489162
 42
-0.4142135623730951
 10
258.7691516051682
 20
103.2587920489163
 10
258.7691516051682
 20
90.75879204891634
 42
-0.4142135623730951
 10
258.0191516051682
 20
90.00879204891635
 10
245.5191516051682
 20
90.00879204891649
 42
-0.4142135623730951
 10
244.7691516051684
 20
90.75879204891634
 10
244.7691516051684
 20
103.2587920489163
 42
-0.4142135623730951
  0
LWPOLYLINE
  5
132
330
1F
100
AcDbEntity
  8
0
100
AcDbPolyline
 90
        8
 70
     1
 43
0.0
 10
135.2316516051683
 20
128.8587920489163
 10
135.2316516051683
 20
141.3587920489164
 42
-0.4142135623730951
 10
135.9816516051683
 20
142.1087920489164
 10
148.4816516051683
 20
142.1087920489163
 42
-0.4142135623730951
 10
149.2316516051683
 20
141.3587920489164
 10
149.2316516051683
 20
128.8587920489163
 42
-0.4142135623730951
 10
148.4816516051683
 20
128.1087920489163
 10
135.9816516051683
 20
128.1087920489165
 42
-0.4142135623730951
  0
LWPOLYLINE
  5
133
330
1F
100
AcDbEntity
  8
0
100
AcDbPolyline
 90
        8
 70
     1
 43
0.0
 10
106.6566516051677
 20
109.8087920489163
 10
106.6566516051687
 20
122.3087920489163
 42
-0.4142135623730881
 10
107.4066516051682
 20
123.0587920489163
 10
119.9066516051682
 20
123.0587920489162
 42
-0.4142135623730951
 10
120.6566516051678
 20
122.3087920489163
 10
120.6566516051678
 20
109.8087920489163
 42
-0.4142135623730813
 10
119.9066516051682
 20
109.0587920489163
 10
107.4066516051682
 20
109.0587920489162
 42
-0.4142135623730951
  0
LWPOLYLINE
  5
134
330
1F
100
AcDbEntity
  8
0
100
AcDbPolyline
 90
        8
 70
     1
 43
0.0
 10
86.56915160516815
 20
90.00879204891635
 10
74.06915160516814
 20
90.00879204891637
 42
-0.4142135623730951
 10
73.31915160516814
 20
90.75879204891638
 10
73.31915160516814
 20
103.2587920489164
 42
-0.4142135623730951
 10
74.06915160516814
 20
104.0087920489163
 10
86.56915160516815
 20
104.0087920489162
 42
-0.4142135623730951
 10
87.31915160516768
 20
103.2587920489163
 10
87.31915160516768
 20
90.75879204891634
 42
-0.4142135623730951
  0
LWPOLYLINE
  5
135
330
1F
100
AcDbEntity
  8
0
100
AcDbPolyline
 90
        8
 70
     1
 43
0.0
 10
259.8066516051681
 20
123.0587920489163
 10
272.3066516051681
 20
123.0587920489162
 42
-0.4142135623730951
 10
273.0566516051681
 20
122.3087920489163
 10
273.0566516051681
 20
109.8087920489163
 42
-0.4142135623730813
 10
272.3066516051681
 20
109.0587920489163
 10
259.8066516051681
 20
109.0587920489165
 42
-0.4142135623730951
 10
259.0566516051688
 20
109.8087920489163
 10
259.0566516051688
 20
122.3087920489163
 42
-0.4142135623730881
  0
LWPOLYLINE
  5
136
330
1F
100
AcDbEntity
  8
0
100
AcDbPolyline
 90
        8
 70
     1
 43
0.0
 10
92.3691516051681
 20
90.75879204891634
 10
92.3691516051681
 20
103.2587920489163
 42
-0.4142135623730951
 10
93.11915160516809
 20
104.0087920489163
 10
105.6191516051681
 20
104.0087920489162
 42
-0.4142135623730951
 10
106.3691516051681
 20
103.2587920489163
 10
106.3691516051681
 20
90.75879204891634
 42
-0.4142135623730951
 10
105.6191516051681
 20
90.00879204891635
 10
93.11915160516809
 20
90.00879204891649
 42
-0.4142135623730951
  0
LWPOLYLINE
  5
137
330
1F
100
AcDbEntity
  8
0
100
AcDbPolyline
 90
        8
 70
     1
 43
0.0
 10
229.4441516051681
 20
70.95879204891634
 10
216.9441516051681
 20
70.95879204891659
 42
-0.4142135623730951
 10
216.1941516051681
 20
71.70879204891647
 10
216.1941516051681
 20
84.20879204891633
 42
-0.4142135623730951
 10
216.9441516051681
 20
84.95879204891634
 10
229.4441516051681
 20
84.95879204891627
 42
-0.4142135623730951
 10
230.1941516051677
 20
84.20879204891633
 10
230.1941516051686
 20
71.70879204891647
 42
-0.4142135623730951
  0
LWPOLYLINE
  5
138
330
1F
100
AcDbEntity
  8
0
100
AcDbPolyline
 90
        8
 70
     1
 43
0.0
 10
112.1691516051683
 20
104.0087920489163
 10
124.6691516051683
 20
104.0087920489162
 42
-0.4142135623730951
 10
125.4191516051682
 20
103.2587920489163
 10
125.4191516051682
 20
90.75879204891634
 42
-0.4142135623730951
 10
124.6691516051683
 20
90.00879204891635
 10
112.1691516051683
 20
90.00879204891649
 42
-0.4142135623730951
 10
111.4191516051683
 20
90.75879204891634
 10
111.4191516051683
 20
103.2587920489163
 42
-0.4142135623730951
  0
LWPOLYLINE
  5
139
330
1F
100
AcDbEntity
  8
0
100
AcDbPolyline
 90
        8
 70
     1
 43
0.0
 10
249.5316516051683
 20
128.8587920489163
 10
249.5316516051683
 20
141.3587920489164
 42
-0.4142135623730951
 10
250.2816516051682
 20
142.1087920489164
 10
262.7816516051682
 20
142.1087920489163
 42
-0.4142135623730951
 10
263.5316516051678
 20
141.3587920489164
 10
263.5316516051678
 20
128.8587920489163
 42
-0.4142135623730951
 10
262.7816516051682
 20
128.1087920489163
 10
250.2816516051682
 20
128.1087920489165
 42
-0.4142135623730951
  0
LWPOLYLINE
  5
140
330
1F
100
AcDbEntity
  8
0
100
AcDbPolyline
 90
        8
 70
     1
 43
0.0
 10
240.0066516051682
 20
109.8087920489163
 10
240.0066516051686
 20
122.3087920489163
 42
-0.4142135623730881
 10
240.7566516051686
 20
123.0587920489163
 10
253.2566516051686
 20
123.0587920489162
 42
-0.4142135623730951
 10
254.0066516051681
 20
122.3087920489163
 10
254.0066516051681
 20
109.8087920489163
 42
-0.4142135623730813
 10
253.2566516051686
 20
109.0587920489163
 10
240.7566516051686
 20
109.0587920489162
 42
-0.4142135623730951
  0
LWPOLYLINE
  5
141
330
1F
100
AcDbEntity
  8
0
100
AcDbPolyline
 90
        8
 70
     1
 43
0.0
 10
225.4316516051681
 20
141.3587920489164
 10
225.4316516051681
 20
128.8587920489163
 42
-0.4142135623730951
 10
224.6816516051681
 20
128.1087920489163
 10
212.1816516051681
 20
128.1087920489165
 42
-0.4142135623730951
 10
211.4316516051681
 20
128.8587920489163
 10
211.4316516051681
 20
141.3587920489164
 42
-0.4142135623730951
 10
212.1816516051681
 20
142.1087920489164
 10
224.6816516051681
 20
142.1087920489165
 42
-0.4142135623730951
  0
LWPOLYLINE
  5
142
330
1F
100
AcDbEntity
  8
0
100
AcDbPolyline
 90
        8
 70
     1
 43
0.0
 10
125.7066516051682
 20
109.8087920489163
 10
125.7066516051684
 20
122.3087920489163
 42
-0.4142135623730881
 10
126.4566516051682
 20
123.0587920489163
 10
138.9566516051682
 20
123.0587920489162
 42
-0.4142135623730951
 10
139.7066516051682
 20
122.3087920489163
 10
139.7066516051682
 20
109.8087920489163
 42
-0.4142135623730813
 10
138.9566516051682
 20
109.0587920489163
 10
126.4566516051682
 20
109.0587920489162
 42
-0.4142135623730951
  0
LWPOLYLINE
  5
143
330
1F
100
AcDbEntity
  8
0
100
AcDbPolyline
 90
        8
 70
     1
 43
0.0
 10
87.60665160516827
 20
109.8087920489163
 10
87.60665160516827
 20
122.3087920489163
 42
-0.4142135623730881
 10
88.35665160516828
 20
123.0587920489163
 10
100.8566516051683
 20
123.0587920489162
 42
-0.4142135623730951
 10
101.6066516051683
 20
122.3087920489163
 10
101.6066516051683
 20
109.8087920489163
 42
-0.4142135623730813
 10
100.8566516051683
 20
109.0587920489163
 10
88.35665160516828
 20
109.0587920489162
 42
-0.4142135623730951
  0
LWPOLYLINE
  5
144
330
1F
100
AcDbEntity
  8
0
100
AcDbPolyline
 90
        8
 70
     1
 43
0.0
 10
205.6316516051682
 20
128.1087920489163
 10
193.1316516051681
 20
128.1087920489165
 42
-0.4142135623730951
 10
192.3816516051686
 20
128.8587920489163
 10
192.3816516051686
 20
141.3587920489164
 42
-0.4142135623730951
 10
193.1316516051681
 20
142.1087920489164
 10
205.6316516051682
 20
142.1087920489163
 42
-0.4142135623730951
 10
206.3816516051677
 20
141.3587920489164
 10
206.3816516051677
 20
128.8587920489163
 42
-0.4142135623730951
  0
LWPOLYLINE
  5
145
330
1F
100
AcDbEntity
  8
0
100
AcDbPolyline
 90
        8
 70
     1
 43
0.0
 10
78.83165160516819
 20
142.1087920489164
 10
91.33165160516819
 20
142.1087920489163
 42
-0.4142135623730951
 10
92.08165160516797
 20
141.3587920489164
 10
92.08165160516797
 20
128.8587920489163
 42
-0.4142135623730951
 10
91.33165160516819
 20
128.1087920489163
 10
78.83165160516819
 20
128.1087920489163
 42
-0.4142135623730395
 10
78.08165160516819
 20
128.8587920489164
 10
78.08165160516819
 20
141.3587920489164
 42
-0.4142135623730951
  0
LWPOLYLINE
  5
146
330
1F
100
AcDbEntity
  8
0
100
AcDbPolyline
 90
        8
 70
     1
 43
0.0
 10
243.7316516051683
 20
128.1087920489163
 10
231.2316516051683
 20
128.1087920489165
 42
-0.4142135623730951
 10
230.4816516051683
 20
128.8587920489163
 10
230.4816516051683
 20
141.3587920489164
 42
-0.4142135623730951
 10
231.2316516051683
 20
142.1087920489164
 10
243.7316516051683
 20
142.1087920489163
 42
-0.4142135623730951
 10
244.4816516051683
 20
141.3587920489164
 10
244.4816516051683
 20
128.8587920489163
 42
-0.4142135623730951
  0
LWPOLYLINE
  5
147
330
1F
100
AcDbEntity
  8
0
100
AcDbPolyline
 90
        8
 70
     1
 43
0.0
 10
81.80665160516809
 20
109.0587920489163
 10
69.30665160516809
 20
109.0587920489163
 42
-0.4142135623730951
 10
68.5566516051681
 20
109.8087920489164
 10
68.5566516051681
 20
122.3087920489164
 42
-0.4142135623730881
 10
69.30665160516809
 20
123.0587920489164
 10
81.80665160516809
 20
123.0587920489162
 42
-0.4142135623730951
 10
82.5566516051681
 20
122.3087920489163
 10
82.5566516051681
 20
109.8087920489163
 42
-0.4142135623730813
  0
LWPOLYLINE
  5
148
330
1F
100
AcDbEntity
  8
0
100
AcDbPolyline
 90
        8
 70
     1
 43
0.0
 10
97.88165160516815
 20
142.1087920489164
 10
110.3816516051681
 20
142.1087920489163
 42
-0.4142135623730951
 10
111.1316516051677
 20
141.3587920489164
 10
111.1316516051677
 20
128.8587920489163
 42
-0.4142135623730951
 10
110.3816516051681
 20
128.1087920489163
 10
97.88165160516815
 20
128.1087920489165
 42
-0.4142135623730951
 10
97.13165160516815
 20
128.8587920489163
 10
97.13165160516815
 20
141.3587920489164
 42
-0.4142135623730951
  0
LWPOLYLINE
  5
149
330
1F
100
AcDbEntity
  8
0
100
AcDbPolyline
 90
        8
 70
     1
 43
0.0
 10
129.4316516051681
 20
128.1087920489163
 10
116.9316516051681
 20
128.1087920489165
 42
-0.4142135623732062
 10
116.1816516051681
 20
128.8587920489163
 10
116.1816516051681
 20
141.3587920489164
 42
-0.4142135623730951
 10
116.9316516051681
 20
142.1087920489164
 10
129.4316516051681
 20
142.1087920489163
 42
-0.4142135623732062
 10
130.1816516051681
 20
141.3587920489164
 10
130.1816516051681
 20
128.8587920489163
 42
-0.4142135623730951
  0
LWPOLYLINE
  5
150
330
1F
100
AcDbEntity
  8
0
100
AcDbPolyline
 90
        8
 70
     1
 43
0.0
 10
215.1566516051683
 20
109.0587920489163
 10
202.6566516051683
 20
109.0587920489165
 42
-0.4142135623730951
 10
201.9066516051687
 20
109.8087920489163
 10
201.9066516051687
 20
122.3087920489163
 42
-0.4142135623730881
 10
202.6566516051683
 20
123.0587920489163
 10
215.1566516051683
 20
123.0587920489162
 42
-0.4142135623730951
 10
215.9066516051682
 20
122.3087920489163
 10
215.9066516051687
 20
109.8087920489163
 42
-0.4142135623730813
  0
LWPOLYLINE
  5
151
330
1F
100
AcDbEntity
  8
0
100
AcDbPolyline
 90
        8
 70
     1
 43
0.0
 10
220.9566516051682
 20
109.8087920489163
 10
220.9566516051684
 20
122.3087920489163
 42
-0.4142135623730881
 10
221.7066516051682
 20
123.0587920489163
 10
234.2066516051682
 20
123.0587920489162
 42
-0.4142135623730951
 10
234.9566516051682
 20
122.3087920489163
 10
234.9566516051682
 20
109.8087920489163
 42
-0.4142135623730813
 10
234.2066516051682
 20
109.0587920489163
 10
221.7066516051682
 20
109.0587920489162
 42
-0.4142135623730951
  0
LWPOLYLINE
  5
152
330
1F
100
AcDbEntity
  8
0
100
AcDbPolyline
 90
        8
 70
     1
 43
0.0
 10
167.5316516051678
 20
128.1087920489163
 10
155.0316516051678
 20
128.1087920489165
 42
-0.4142135623730951
 10
154.2816516051682
 20
128.8587920489163
 10
154.2816516051682
 20
141.3587920489164
 42
-0.4142135623730951
 10
155.0316516051678
 20
142.1087920489164
 10
167.5316516051678
 20
142.1087920489163
 42
-0.4142135623730951
 10
168.2816516051678
 20
141.3587920489164
 10
168.2816516051678
 20
128.8587920489163
 42
-0.4142135623730951
  0
LWPOLYLINE
  5
153
330
1F
100
AcDbEntity
  8
0
100
AcDbPolyline
 90
        8
 70
     1
 43
0.0
 10
59.78165160516823
 20
142.1087920489164
 10
72.28165160516823
 20
142.1087920489164
 42
-0.4142135623730951
 10
73.03165160516823
 20
141.3587920489164
 10
73.03165160516823
 20
128.8587920489164
 42
-0.4142135623730951
 10
72.28165160516823
 20
128.1087920489164
 10
59.78165160516823
 20
128.1087920489163
 42
-0.4142135623730951
 10
59.03165160516824
 20
128.8587920489164
 10
59.03165160516824
 20
141.3587920489164
 42
-0.4142135623730951
  0
LWPOLYLINE
  5
154
330
1F
100
AcDbEntity
  8
0
100
AcDbPolyline
 90
        8
 70
     1
 43
0.0
 10
196.8566516051683
 20
122.3087920489163
 10
196.8566516051683
 20
109.8087920489163
 42
-0.4142135623730813
 10
196.1066516051683
 20
109.0587920489163
 10
183.6066516051683
 20
109.0587920489165
 42
-0.4142135623730951
 10
182.8566516051683
 20
109.8087920489163
 10
182.8566516051683
 20
122.3087920489163
 42
-0.4142135623730881
 10
183.6066516051683
 20
123.0587920489163
 10
196.1066516051683
 20
123.0587920489162
 42
-0.4142135623730951
  0
LWPOLYLINE
  5
155
330
1F
100
AcDbEntity
  8
0
100
AcDbPolyline
 90
        8
 70
     1
 43
0.0
 10
173.3316516051682
 20
128.8587920489163
 10
173.3316516051682
 20
141.3587920489164
 42
-0.4142135623730951
 10
174.0816516051682
 20
142.1087920489164
 10
186.5816516051682
 20
142.1087920489163
 42
-0.4142135623730951
 10
187.3316516051679
 20
141.3587920489164
 10
187.3316516051679
 20
128.8587920489163
 42
-0.4142135623730951
 10
186.5816516051682
 20
128.1087920489163
 10
174.0816516051682
 20
128.1087920489165
 42
-0.4142135623730951
  0
LWPOLYLINE
  5
156
330
1F
100
AcDbEntity
  8
0
100
AcDbPolyline
 90
        8
 70
     1
 43
0.0
 10
238.9691516051682
 20
90.00879204891635
 10
226.4691516051682
 20
90.00879204891649
 42
-0.4142135623730951
 10
225.7191516051687
 20
90.75879204891634
 10
225.7191516051687
 20
103.2587920489163
 42
-0.4142135623730951
 10
226.4691516051682
 20
104.0087920489163
 10
238.9691516051682
 20
104.0087920489162
 42
-0.4142135623730951
 10
239.7191516051678
 20
103.2587920489163
 10
239.7191516051678
 20
90.75879204891634
 42
-0.4142135623730951
  0
LWPOLYLINE
  5
157
330
1F
100
AcDbEntity
  8
0
100
AcDbPolyline
 90
        8
 70
     1
 43
0.0
 10
281.8316516051682
 20
128.1087920489163
 10
269.3316516051682
 20
128.1087920489165
 42
-0.4142135623730951
 10
268.5816516051682
 20
128.8587920489163
 10
268.5816516051682
 20
141.3587920489164
 42
-0.4142135623730951
 10
269.3316516051682
 20
142.1087920489164
 10
281.8316516051682
 20
142.1087920489163
 42
-0.4142135623730951
 10
282.5816516051682
 20
141.3587920489164
 10
282.5816516051682
 20
128.8587920489163
 42
-0.4142135623730951
  0
LWPOLYLINE
  5
158
330
1F
100
AcDbEntity
  8
0
100
AcDbPolyline
 90
        8
 70
     1
 43
0.0
 10
51.88790160516828
 20
71.45879204891636
 10
51.88790160516828
 20
84.45879204891637
 42
-0.4142135623730951
 10
52.38790160516828
 20
84.95879204891636
 10
65.38790160516828
 20
84.95879204891636
 42
-0.4142135623729494
 10
65.88790160516828
 20
84.45879204891637
 10
65.88790160516828
 20
71.45879204891636
 42
-0.4142135623729285
 10
65.38790160516828
 20
70.95879204891637
 10
52.38790160516828
 20
70.9587920489162
 42
-0.4142135623729702
  0
LWPOLYLINE
  5
159
330
1F
100
AcDbEntity
  8
0
100
AcDbPolyline
 90
        8
 70
     1
 43
0.0
 10
294.7754016051681
 20
90.50879204891634
 10
294.7754016051681
 20
103.5087920489164
 42
-0.414213562372991
 10
295.2754016051681
 20
104.0087920489163
 10
308.2754016051688
 20
104.0087920489163
 42
-0.4142135623728245
 10
308.7754016051681
 20
103.5087920489163
 10
308.7754016051681
 20
90.50879204891634
 42
-0.414213562372991
 10
308.2754016051681
 20
90.00879204891644
 10
295.2754016051681
 20
90.00879204891644
 42
-0.4142135623728245
  0
LWPOLYLINE
  5
160
330
1F
100
AcDbEntity
  8
0
100
AcDbPolyline
 90
        8
 70
     1
 43
0.0
 10
293.3374016051682
 20
105.5087920489164
 10
293.3374016051682
 20
88.50879204891635
 42
-0.4142135623730118
 10
292.837401605168
 20
88.00879204891634
 10
286.8374016051682
 20
88.00879204891643
 42
-0.414213562372991
 10
286.337401605168
 20
88.50879204891635
 10
286.337401605168
 20
105.5087920489163
 42
-0.4142135623731159
 10
286.8374016051682
 20
106.0087920489164
 10
292.837401605168
 20
106.0087920489165
 42
-0.4142135623730951
  0
LWPOLYLINE
  5
161
330
1F
100
AcDbEntity
  8
0
100
AcDbPolyline
 90
        8
 70
     1
 43
0.0
 10
317.2134016051682
 20
105.5087920489163
 10
317.2134016051684
 20
88.50879204891631
 42
-0.4142135623730118
 10
316.7134016051682
 20
88.00879204891632
 10
310.7134016051684
 20
88.00879204891643
 42
-0.4142135623731575
 10
310.213401605168
 20
88.50879204891635
 10
310.213401605168
 20
105.5087920489163
 42
-0.4142135623731159
 10
310.7134016051682
 20
106.0087920489164
 10
316.713401605168
 20
106.0087920489162
 42
-0.4142135623732617
  0
LWPOLYLINE
  5
162
330
1F
100
AcDbEntity
  8
0
100
AcDbPolyline
 90
        8
 70
     1
 43
0.0
 10
139.9941516051681
 20
71.70879204891647
 10
139.9941516051685
 20
84.20879204891633
 42
-0.4142135623730951
 10
140.7441516051681
 20
84.95879204891634
 10
153.2441516051681
 20
84.95879204891627
 42
-0.4142135623730951
 10
153.9941516051681
 20
84.20879204891633
 10
153.9941516051681
 20
71.70879204891647
 42
-0.4142135623730951
 10
153.2441516051681
 20
70.95879204891651
 10
140.7441516051681
 20
70.95879204891628
 42
-0.4142135623730951
  0
LWPOLYLINE
  5
163
330
1F
100
AcDbEntity
  8
0
100
AcDbPolyline
 90
        8
 70
     1
 43
0.0
 10
50.44990160516817
 20
86.45879204891636
 10
50.44990160516817
 20
69.45879204891636
 42
-0.4142135623729494
 10
49.94990160516818
 20
68.95879204891636
 10
43.94990160516818
 20
68.95879204891636
 42
-0.4142135623729494
 10
43.44990160516817
 20
69.45879204891636
 10
43.44990160516817
 20
86.45879204891636
 42
-0.4142135623730951
 10
43.94990160516818
 20
86.95879204891637
 10
49.94990160516818
 20
86.95879204891637
 42
-0.4142135623730951
  0
LWPOLYLINE
  5
164
330
1F
100
AcDbEntity
  8
0
100
AcDbPolyline
 90
        8
 70
     1
 43
0.0
 10
74.32590160516816
 20
86.45879204891636
 10
74.32590160516816
 20
69.45879204891636
 42
-0.414213562372991
 10
73.82590160516816
 20
68.95879204891636
 10
67.82590160516838
 20
68.95879204891636
 42
-0.4142135623730327
 10
67.32590160516815
 20
69.45879204891636
 10
67.32590160516815
 20
86.45879204891636
 42
-0.4142135623730951
 10
67.82590160516815
 20
86.95879204891637
 10
73.82590160516816
 20
86.95879204891637
 42
-0.4142135623731784
  0
LWPOLYLINE
  5
165
330
1F
100
AcDbEntity
  8
0
100
AcDbPolyline
 90
        8
 70
     1
 43
0.0
 10
80.84415160516824
 20
83.20879204891651
 42
0.4142135623729702
 10
80.09415160516823
 20
83.95879204891651
 10
78.09415160516824
 20
83.95879204891645
 42
0.4142135623730258
 10
77.34415160516824
 20
83.20879204891637
 10
77.34415160516824
 20
72.70879204891656
 42
0.4142135623729702
 10
78.09415160516824
 20
71.95879204891653
 10
80.09415160516823
 20
71.95879204891648
 42
0.4142135623730951
 10
80.84415160516824
 20
72.70879204891651
  0
LWPOLYLINE
  5
166
330
1F
100
AcDbEntity
  8
0
100
AcDbPolyline
 90
        8
 70
     1
 43
0.0
 10
96.84415160516824
 20
84.20879204891633
 10
96.84415160516824
 20
71.70879204891647
 42
-0.4142135623730951
 10
96.09415160516824
 20
70.95879204891651
 10
83.59415160516823
 20
70.95879204891659
 42
-0.4142135623730951
 10
82.8441516051687
 20
71.70879204891647
 10
82.8441516051687
 20
84.20879204891633
 42
-0.4142135623730951
 10
83.59415160516823
 20
84.95879204891634
 10
96.09415160516824
 20
84.95879204891627
 42
-0.4142135623730951
  0
LWPOLYLINE
  5
167
330
1F
100
AcDbEntity
  8
0
100
AcDbPolyline
 90
        8
 70
     1
 43
0.0
 10
115.8941516051682
 20
84.20879204891633
 10
115.8941516051682
 20
71.70879204891647
 42
-0.4142135623730951
 10
115.1441516051682
 20
70.95879204891651
 10
102.6441516051682
 20
70.95879204891659
 42
-0.4142135623730951
 10
101.8941516051684
 20
71.70879204891647
 10
101.8941516051684
 20
84.20879204891633
 42
-0.4142135623730951
 10
102.6441516051682
 20
84.95879204891634
 10
115.1441516051682
 20
84.95879204891627
 42
-0.4142135623730951
  0
LWPOLYLINE
  5
168
330
1F
100
AcDbEntity
  8
0
100
AcDbPolyline
 90
        8
 70
     1
 43
0.0
 10
134.9441516051681
 20
84.20879204891633
 10
134.9441516051681
 20
71.70879204891647
 42
-0.4142135623730951
 10
134.1941516051686
 20
70.95879204891651
 10
121.6941516051686
 20
70.95879204891659
 42
-0.4142135623730951
 10
120.9441516051686
 20
71.70879204891647
 10
120.9441516051686
 20
84.20879204891633
 42
-0.4142135623730951
 10
121.6941516051686
 20
84.95879204891634
 10
134.1941516051686
 20
84.95879204891627
 42
-0.4142135623730951
  0
LWPOLYLINE
  5
169
330
1F
100
AcDbEntity
  8
0
100
AcDbPolyline
 90
        8
 70
     1
 43
0.0
 10
274.075927154038
 20
53.65879206796634
 10
274.0759271540387
 20
64.15879206796635
 42
-0.4142135623730951
 10
274.825927154038
 20
64.90879206796634
 10
276.825927154038
 20
64.90879206796626
 42
-0.4142135623730951
 10
277.575927154038
 20
64.15879206796635
 10
277.575927154038
 20
53.65879206796634
 42
-0.4142135623730951
 10
276.825927154038
 20
52.90879206796635
 10
274.825927154038
 20
52.90879206796617
 42
-0.4142135623730951
  0
LWPOLYLINE
  5
170
330
1F
100
AcDbEntity
  8
0
100
AcDbPolyline
 90
        8
 70
     1
 43
0.0
 10
106.3566516051682
 20
61.40879204891636
 10
112.1691516051683
 20
61.40879204891627
 42
-0.4142135623730951
 10
112.9191516051682
 20
60.65879204891635
 10
112.9191516051682
 20
57.15879204891635
 42
-0.4142135623730951
 10
112.1691516051683
 20
56.40879204891636
 10
106.3566516051682
 20
56.40879204891646
 42
-0.4142135623730951
 10
105.6066516051683
 20
57.15879204891635
 10
105.6066516051683
 20
60.65879204891635
 42
-0.4142135623730951
  0
LWPOLYLINE
  5
171
330
1F
100
AcDbEntity
  8
0
100
AcDbPolyline
 90
        8
 70
     1
 43
0.0
 10
224.6816516051681
 20
61.40879204891636
 10
230.4941516051681
 20
61.40879204891627
 42
-0.4142135623730951
 10
231.2441516051681
 20
60.65879204891635
 10
231.2441516051681
 20
57.15879204891635
 42
-0.4142135623730951
 10
230.4941516051681
 20
56.40879204891636
 10
224.6816516051681
 20
56.40879204891646
 42
-0.4142135623730951
 10
223.9316516051681
 20
57.15879204891635
 10
223.9316516051681
 20
60.65879204891635
 42
-0.4142135623730951
  0
LWPOLYLINE
  5
172
330
1F
100
AcDbEntity
  8
0
100
AcDbPolyline
 90
        8
 70
     1
 43
0.0
 10
42.36290160516818
 20
52.40879204891638
 10
42.36290160516841
 20
65.40879204891638
 42
-0.4142135623731991
 10
42.86290160516819
 20
65.90879204891638
 10
55.86290160516819
 20
65.9087920489163
 42
-0.4142135623733865
 10
56.36290160516819
 20
65.40879204891638
 10
56.36290160516819
 20
52.40879204891638
 42
-0.4142135623730744
 10
55.86290160516819
 20
51.90879204891638
 10
42.86290160516819
 20
51.90879204891652
 42
-0.4142135623730327
  0
LWPOLYLINE
  5
173
330
1F
100
AcDbEntity
  8
0
100
AcDbPolyline
 90
        8
 70
     1
 43
0.0
 10
256.6754016051682
 20
52.40879204891647
 10
256.6754016051682
 20
65.40879204891635
 42
-0.4142135623729702
 10
257.1754016051682
 20
65.90879204891635
 10
270.1754016051684
 20
65.90879204891627
 42
-0.4142135623727829
 10
270.6754016051682
 20
65.40879204891635
 10
270.6754016051682
 20
52.40879204891647
 42
-0.4142135623729494
 10
270.1754016051682
 20
51.9087920489165
 10
257.175401605168
 20
51.90879204891658
 42
-0.4142135623727829
  0
LWPOLYLINE
  5
174
330
1F
100
AcDbEntity
  8
0
100
AcDbPolyline
 90
        8
 70
     1
 43
0.0
 10
304.3004016051682
 20
52.40879204891647
 10
304.3004016051682
 20
65.40879204891635
 42
-0.4142135623729702
 10
304.8004016051682
 20
65.90879204891635
 10
317.8004016051682
 20
65.90879204891653
 42
-0.4142135623727829
 10
318.3004016051684
 20
65.40879204891632
 10
318.3004016051684
 20
52.40879204891644
 42
-0.4142135623729494
 10
317.8004016051682
 20
51.90879204891647
 10
304.8004016051682
 20
51.90879204891658
 42
-0.4142135623729494
  0
LWPOLYLINE
  5
175
330
1F
100
AcDbEntity
  8
0
100
AcDbPolyline
 90
        8
 70
     1
 43
0.0
 10
66.17540160516819
 20
52.40879204891638
 10
66.17540160516842
 20
65.40879204891638
 42
-0.4142135623731991
 10
66.67540160516819
 20
65.90879204891638
 10
79.67540160516796
 20
65.90879204891627
 42
-0.4142135623733865
 10
80.17540160516819
 20
65.40879204891635
 10
80.17540160516819
 20
52.40879204891635
 42
-0.4142135623730744
 10
79.67540160516819
 20
51.90879204891635
 10
66.67540160516819
 20
51.90879204891629
 42
-0.4142135623731575
  0
LWPOLYLINE
  5
176
330
1F
100
AcDbEntity
  8
0
100
AcDbPolyline
 90
        8
 70
     1
 43
0.0
 10
232.8629016051682
 20
52.40879204891647
 10
232.862901605168
 20
65.40879204891635
 42
-0.4142135623729702
 10
233.3629016051682
 20
65.90879204891635
 10
246.3629016051682
 20
65.90879204891627
 42
-0.4142135623729702
 10
246.8629016051682
 20
65.40879204891635
 10
246.8629016051682
 20
52.40879204891647
 42
-0.4142135623729494
 10
246.3629016051682
 20
51.9087920489165
 10
233.3629016051682
 20
51.90879204891683
 42
-0.4142135623729702
  0
LWPOLYLINE
  5
177
330
1F
100
AcDbEntity
  8
0
100
AcDbPolyline
 90
        8
 70
     1
 43
0.0
 10
280.4879016051682
 20
52.40879204891647
 10
280.4879016051682
 20
65.40879204891635
 42
-0.4142135623729702
 10
280.9879016051682
 20
65.90879204891635
 10
293.9879016051684
 20
65.90879204891627
 42
-0.4142135623727829
 10
294.4879016051682
 20
65.40879204891635
 10
294.4879016051682
 20
52.40879204891647
 42
-0.4142135623729494
 10
293.9879016051682
 20
51.9087920489165
 10
280.9879016051679
 20
51.90879204891658
 42
-0.4142135623727829
  0
LWPOLYLINE
  5
178
330
1F
100
AcDbEntity
  8
0
100
AcDbPolyline
 90
        8
 70
     1
 43
0.0
 10
89.98790160516819
 20
52.40879204891635
 10
89.98790160516819
 20
65.40879204891635
 42
-0.414213562372991
 10
90.48790160516842
 20
65.90879204891635
 10
103.4879016051686
 20
65.90879204891632
 42
-0.4142135623727621
 10
103.9879016051684
 20
65.40879204891647
 10
103.9879016051684
 20
52.40879204891635
 42
-0.4142135623729494
 10
103.4879016051682
 20
51.90879204891635
 10
90.48790160516819
 20
51.90879204891643
 42
-0.4142135623728245
  0
LWPOLYLINE
  5
179
330
1F
100
AcDbEntity
  8
0
100
AcDbPolyline
 90
        8
 70
     1
 43
0.0
 10
161.4254016051682
 20
52.40879204891635
 10
161.4254016051682
 20
65.40879204891635
 42
-0.414213562372991
 10
161.9254016051682
 20
65.90879204891635
 10
174.9254016051684
 20
65.90879204891632
 42
-0.4142135623728245
 10
175.4254016051682
 20
65.40879204891635
 10
175.4254016051682
 20
52.40879204891635
 42
-0.4142135623729494
 10
174.9254016051682
 20
51.90879204891635
 10
161.9254016051679
 20
51.90879204891635
 42
-0.4142135623728453
  0
LWPOLYLINE
  5
180
330
1F
100
AcDbEntity
  8
0
100
AcDbPolyline
 90
        8
 70
     1
 43
0.0
 10
157.3905021084651
 20
56.44493153568774
 10
125.7395821706973
 20
57.57937758715247
 42
-0.4037585568518012
 10
124.7754016051681
 20
58.57873586530615
 10
124.7754016051681
 20
63.32962523018915
 42
-0.4045917547879724
 10
125.7424452796106
 20
64.32908202295502
 10
157.3905021084663
 20
65.37265256214488
 42
-0.4244748162096396
 10
158.4254016051679
 20
64.37326173512587
 10
158.4254016051682
 20
57.44432236270691
 42
-0.4244748162098999
  0
LWPOLYLINE
  5
181
330
1F
100
AcDbEntity
  8
0
100
AcDbPolyline
 90
       12
 70
     1
 43
0.0
 10
212.0754016051683
 20
63.24902314560936
 10
212.0754016051683
 20
58.5144594529182
 42
-0.4043484442598732
 10
211.1091938736643
 20
57.51503057471319
 10
194.5336697046182
 20
56.9545859293813
 42
-0.2809769758681884
 10
193.6266146548355
 20
57.46676526698161
 42
0.6101218920691381
 10
187.9387973688151
 20
57.27445118333228
 42
-0.2809769758680931
 10
187.0684095167159
 20
56.70217369459155
 10
179.460301101871
 20
56.44493153568808
 42
-0.42447481620961
 10
178.4254016051679
 20
57.44432236270696
 10
178.4254016051679
 20
64.37326173512587
 42
-0.4244748162099115
 10
179.460301101871
 20
65.37265256214491
 10
211.1109001780801
 20
64.24839287264799
 42
-0.4038519114286621
  0
LWPOLYLINE
  5
182
330
1F
100
AcDbEntity
  8
0
100
AcDbPolyline
 90
        8
 70
     1
 43
0.0
 10
250.263427154038
 20
53.6587920679664
 10
250.263427154038
 20
64.1587920679664
 42
-0.414213562373109
 10
251.013427154038
 20
64.90879206796648
 10
253.0134271540378
 20
64.90879206796634
 42
-0.4142135623732062
 10
253.763427154038
 20
64.15879206796645
 10
253.7634271540387
 20
53.65879206796646
 42
-0.414213562373109
 10
253.013427154038
 20
52.9087920679664
 10
251.0134271540387
 20
52.90879206796657
 42
-0.4142135623732062
  0
LWPOLYLINE
  5
183
330
1F
100
AcDbEntity
  8
0
100
AcDbPolyline
 90
        8
 70
     1
 43
0.0
 10
268.2941516051683
 20
84.20879204891633
 10
268.2941516051683
 20
71.70879204891647
 42
-0.4142135623730951
 10
267.5441516051683
 20
70.95879204891651
 10
255.0441516051683
 20
70.95879204891659
 42
-0.4142135623730951
 10
254.2941516051683
 20
71.70879204891647
 10
254.2941516051683
 20
84.20879204891633
 42
-0.4142135623730951
 10
255.0441516051683
 20
84.95879204891634
 10
267.5441516051683
 20
84.95879204891654
 42
-0.4142135623730951
  0
LWPOLYLINE
  5
184
330
1F
100
AcDbEntity
  8
0
100
AcDbPolyline
 90
        8
 70
     1
 43
0.0
 10
273.5441516051683
 20
83.95879204891651
 10
275.5441516051676
 20
83.95879204891651
 42
-0.4142135623732477
 10
276.2941516051683
 20
83.20879204891651
 10
276.2941516051683
 20
72.70879204891651
 42
-0.4142135623731367
 10
275.5441516051683
 20
71.95879204891648
 10
273.5441516051683
 20
71.95879204891642
 42
-0.4142135623733865
 10
272.7941516051683
 20
72.70879204891651
 10
272.7941516051683
 20
83.20879204891634
 42
-0.4142135623729148
  0
LWPOLYLINE
  5
185
330
1F
100
AcDbEntity
  8
0
100
AcDbPolyline
 90
       16
 70
     1
 43
0.0
 10
298.1066516051683
 20
114.4092786835563
 42
0.4142135623730951
 10
297.6066516051683
 20
113.9092786835562
 10
297.6066516051683
 20
110.8087920489164
 42
-0.4142135623729007
 10
296.8566516051683
 20
110.0587920489164
 10
294.8566516051683
 20
110.0587920489164
 42
-0.4142135623733726
 10
294.1066516051683
 20
110.8087920489164
 10
294.1066516051683
 20
121.3087920489163
 42
-0.4142135623729148
 10
294.8566516051683
 20
122.0587920489163
 10
296.8566516051683
 20
122.0587920489163
 42
-0.4142135623729217
 10
297.6066516051683
 20
121.3087920489163
 10
297.6066516051683
 20
118.9092786835562
 42
0.414213562373043
 10
298.1066516051683
 20
118.4092786835563
 10
300.1321260484183
 20
118.4092786835563
 42
-0.4142135623733933
 10
300.8821260484183
 20
117.6592786835563
 10
300.8821260484183
 20
115.1592786835562
 42
-0.4142135623731437
 10
300.1321260484183
 20
114.4092786835562
  0
LWPOLYLINE
  5
186
330
1F
100
AcDbEntity
  8
0
100
AcDbPolyline
 90
       16
 70
     1
 43
0.0
 10
62.5566516051681
 20
118.4078737305563
 42
0.4142135623731472
 10
63.05665160516809
 20
118.9078737305564
 10
63.05665160516809
 20
121.3087920489164
 42
-0.414213562373102
 10
63.8066516051681
 20
122.0587920489164
 10
65.8066516051681
 20
122.0587920489164
 42
-0.4142135623730465
 10
66.5566516051681
 20
121.3087920489164
 10
66.5566516051681
 20
110.8087920489165
 42
-0.4142135623730951
 10
65.8066516051681
 20
110.0587920489165
 10
63.8066516051681
 20
110.0587920489165
 42
-0.4142135623730395
 10
63.05665160516809
 20
110.8087920489165
 10
63.05665160516809
 20
113.9078737305564
 42
0.4142135623730951
 10
62.5566516051681
 20
114.4078737305563
 10
60.78198004661818
 20
114.4078737305564
 42
-0.4142135623731921
 10
60.0319800466184
 20
115.1578737305564
 10
60.03198004661817
 20
117.6578737305564
 42
-0.4142135623729702
 10
60.78198004661818
 20
118.4078737305563
  0
LWPOLYLINE
  5
187
330
1F
100
AcDbEntity
  8
0
100
AcDbPolyline
 90
        8
 70
     1
 43
0.0
 10
43.11378640301813
 20
104.0087866754814
 10
60.37591637381797
 20
104.0087866754814
 42
-0.4142135623731506
 10
61.1259163738182
 20
103.2587866754814
 10
61.1259163738182
 20
90.75775175161339
 42
-0.414213562373109
 10
60.3759163738182
 20
90.00775175161336
 10
43.11378640301836
 20
90.00775175161335
 42
-0.4142135623731506
 10
42.36378640301814
 20
90.75775175161338
 10
42.36378640301814
 20
103.2587866754813
 42
-0.414213562373109
  0
LWPOLYLINE
  5
188
330
1F
100
AcDbEntity
  8
0
100
AcDbPolyline
 90
       24
 70
     1
 43
0.0
 10
320.0946516051681
 20
128.1087920489169
 42
0.4142135623729494
 10
319.5946516051681
 20
127.6087920489169
 10
319.5946516051681
 20
126.6087920489164
 42
-0.4142135623729702
 10
319.0946516051681
 20
126.1087920489164
 10
313.0946516051681
 20
126.1087920489162
 42
-0.4142135623727933
 10
312.5946516051681
 20
126.6087920489164
 10
312.5946516051681
 20
127.6087920489163
 42
0.4142135623729494
 10
312.0946516051681
 20
128.1087920489161
 10
296.2186516051677
 20
128.1087920489169
 42
0.4142135623727829
 10
295.7186516051677
 20
127.6087920489163
 10
295.7186516051686
 20
126.6087920489164
 42
-0.4142135623729702
 10
295.2186516051686
 20
126.1087920489164
 10
289.2186516051686
 20
126.1087920489163
 42
-0.4142135623729598
 10
288.7186516051677
 20
126.6087920489164
 10
288.7186516051686
 20
127.6087920489169
 42
0.4142135623729494
 10
288.2186516051681
 20
128.1087920489168
 10
288.1316516051672
 20
128.1087920489169
 42
-0.4142135623729702
 10
287.6316516051673
 20
128.6087920489168
 10
287.631651605167
 20
141.6087920489169
 42
-0.4142135623729494
 10
288.1316516051672
 20
142.1087920489169
 10
320.1816516051676
 20
142.108792048917
 42
-0.4142135623724915
 10
320.681651605166
 20
141.6087920489167
 10
320.681651605167
 20
128.6087920489168
 42
-0.4142135623731887
 10
320.1816516051672
 20
128.1087920489168
  0
LWPOLYLINE
  5
189
330
1F
100
AcDbEntity
  8
0
100
AcDbPolyline
 90
        8
 70
     1
 43
0.0
 10
43.26792966773291
 20
146.8137402527448
 42
0.6839252201116491
 10
50.69537354260365
 20
146.8137402527447
 42
0.5275836352878562
 10
50.32259970896348
 20
147.3587908265253
 10
50.28505845594941
 20
147.3587908265235
 42
0.3082072082617959
 10
49.91284359952487
 20
147.1052698374979
 42
-0.6811146429276935
 10
44.05045961081145
 20
147.1052698374984
 42
0.3082072082617971
 10
43.67824475438578
 20
147.3587908265253
 10
43.64070350137353
 20
147.3587908265232
 42
0.527583635287721
  0
LWPOLYLINE
  5
190
330
1F
100
AcDbEntity
  8
0
100
AcDbPolyline
 90
        8
 70
     1
 43
0.0
 10
138.5179296677317
 20
146.8137669688242
 42
0.6839252201116524
 10
145.9453735426027
 20
146.8137669688242
 42
0.5275836352877475
 10
145.5725997089621
 20
147.3588175426048
 10
145.5350584559492
 20
147.358817542603
 42
0.3082072082617138
 10
145.1628435995235
 20
147.1052965535782
 42
-0.681114642927713
 10
139.3004596108114
 20
147.1052965535779
 42
0.3082072082614992
 10
138.9282447543867
 20
147.3588175426048
 10
138.8907035013722
 20
147.3588175426026
 42
0.5275836352878002
  0
LWPOLYLINE
  5
191
330
1F
100
AcDbEntity
  8
0
100
AcDbPolyline
 90
        8
 70
     1
 43
0.0
 10
233.7679296677318
 20
146.8137669688237
 42
0.6839252201116902
 10
241.1953735426025
 20
146.8137669688241
 42
0.5275836352874697
 10
240.8225997089624
 20
147.3588175426043
 10
240.7850584559492
 20
147.3588175426025
 42
0.3082072082617138
 10
240.4128435995233
 20
147.1052965535777
 42
-0.6811146429277092
 10
234.5504596108114
 20
147.1052965535774
 42
0.3082072082619107
 10
234.178244754386
 20
147.3588175426043
 10
234.1407035013722
 20
147.3588175426021
 42
0.5275836352878033
  0
LWPOLYLINE
  5
192
330
1F
100
AcDbEntity
  8
0
100
AcDbPolyline
 90
        8
 70
     1
 43
0.0
 10
300.4429296876426
 20
146.8212247568921
 42
0.6839252201119029
 10
307.870373562514
 20
146.8212247568923
 42
0.5275836352850057
 10
307.4975997288682
 20
147.3662753306713
 10
307.4600584758582
 20
147.3662753306695
 42
0.3082072082627751
 10
307.0878436194321
 20
147.112754341643
 42
-0.6811146429276084
 10
301.225459630723
 20
147.1127543416464
 42
0.3082072082603068
 10
300.8532447742982
 20
147.3662753306713
 10
300.815703521278
 20
147.3662753306691
 42
0.5275836352881552
  0
LWPOLYLINE
  5
193
330
1F
100
AcDbEntity
  8
0
100
AcDbPolyline
 90
        8
 70
     1
 43
0.0
 10
313.823498522695
 20
47.19635934093727
 42
0.6839252201126357
 10
306.3960546478202
 20
47.19635934093386
 42
0.5275836352837137
 10
306.7688284814581
 20
46.65130876715972
 10
306.8063697344783
 20
46.65130876716207
 42
0.3082072082562042
 10
307.1785845909005
 20
46.90482975617962
 42
-0.6811146429278622
 10
313.0409685796105
 20
46.90482975619175
 42
0.3082072082653506
 10
313.4131834360385
 20
46.65130876715969
 10
313.4507246890482
 20
46.65130876716182
 42
0.5275836352837004
  0
LWPOLYLINE
  5
194
330
1F
100
AcDbEntity
  8
0
100
AcDbPolyline
 90
        8
 70
     1
 43
0.0
 10
249.2578735226941
 20
47.19635934996668
 42
0.6839252201127094
 10
241.8304296478184
 20
47.19635934996668
 42
0.5275836352835572
 10
242.2032034814615
 20
46.65130877619128
 10
242.2407447344749
 20
46.65130877619318
 42
0.3082072082642511
 10
242.6129595909022
 20
46.90482976522154
 42
-0.6811146429268508
 10
248.4753435796104
 20
46.90482976522128
 42
0.3082072082639729
 10
248.8475584360374
 20
46.65130877619128
 10
248.8850996890512
 20
46.65130877619299
 42
0.5275836352835572
  0
LWPOLYLINE
  5
195
330
1F
100
AcDbEntity
  8
0
100
AcDbPolyline
 90
        8
 70
     1
 43
0.0
 10
54.01724854260419
 20
47.19640737605703
 42
0.6839252201127083
 10
46.58980466772868
 20
47.19640737605672
 42
0.5275836352834896
 10
46.96257850137158
 20
46.65135680228141
 10
47.0001197543852
 20
46.65135680228331
 42
0.3082072082640571
 10
47.37233461081223
 20
46.90487779131141
 42
-0.6811146429268761
 10
53.23471859952042
 20
46.90487779131146
 42
0.3082072082639661
 10
53.606933455947
 20
46.65135680228141
 10
53.6444747089613
 20
46.65135680228309
 42
0.5275836352837424
  0
INSERT
  5
1011C
330
1F
100
AcDbEntity
  8
Smart Centers
 48
0.75
100
AcDbBlockReference
  2
*U1
 10
41.83217375471826
 20
125.0075667370463
 30
0.0
  0
CIRCLE
  5
1011D
330
1F
100
AcDbEntity
  8
Visible
100
AcDbCircle
 10
-41.83217375471826
 20
125.0075667370463
 30
0.0
 40
1.199999999999999
210
0.0
220
0.0
230
-1.0
  0
INSERT
  5
1012F
330
1F
100
AcDbEntity
  8
Smart Centers
 48
0.75
100
AcDbBlockReference
  2
*U3
 10
104.1321737547182
 20
107.0075667370463
 30
0.0
  0
CIRCLE
  5
10130
330
1F
100
AcDbEntity
  8
Visible
100
AcDbCircle
 10
-104.1321737547182
 20
107.0075667370463
 30
0.0
 40
1.199999999999999
210
0.0
220
0.0
230
-1.0
  0
INSERT
  5
10142
330
1F
100
AcDbEntity
  8
Smart Centers
 48
0.75
100
AcDbBlockReference
  2
*U5
 10
62.4601737547182
 20
58.90756673704638
 30
0.0
  0
CIRCLE
  5
10143
330
1F
100
AcDbEntity
  8
Visible
100
AcDbCircle
 10
-62.4601737547182
 20
58.90756673704638
 30
0.0
 40
1.199999999999999
210
0.0
220
0.0
230
-1.0
  0
INSERT
  5
10155
330
1F
100
AcDbEntity
  8
Smart Centers
 48
0.75
100
AcDbBlockReference
  2
*U7
 10
190.832173754718
 20
55.90756673704635
 30
0.0
  0
CIRCLE
  5
10156
330
1F
100
AcDbEntity
  8
Visible
100
AcDbCircle
 10
-190.832173754718
 20
55.90756673704635
 30
0.0
 40
1.199999999999999
210
0.0
220
0.0
230
-1.0
  0
INSERT
  5
10168
330
1F
100
AcDbEntity
  8
Smart Centers
 48
0.75
100
AcDbBlockReference
  2
*U9
 10
237.5321737547181
 20
107.0075667370463
 30
0.0
  0
CIRCLE
  5
10169
330
1F
100
AcDbEntity
  8
Visible
100
AcDbCircle
 10
-237.5321737547181
 20
107.0075667370463
 30
0.0
 40
1.199999999999999
210
0.0
220
0.0
230
-1.0
  0
INSERT
  5
1017B
330
1F
100
AcDbEntity
  8
Smart Centers
 48
0.75
100
AcDbBlockReference
  2
*U11
 10
170.8321737547182
 20
126.0075667370463
 30
0.0
  0
CIRCLE
  5
1017C
330
1F
100
AcDbEntity
  8
Visible
100
AcDbCircle
 10
-170.8321737547182
 20
126.0075667370463
 30
0.0
 40
1.199999999999999
210
0.0
220
0.0
230
-1.0
  0
INSERT
  5
1018E
330
1F
100
AcDbEntity
  8
Smart Centers
 48
0.75
100
AcDbBlockReference
  2
*U13
 10
319.8321737547181
 20
122.5075667370463
 30
0.0
  0
CIRCLE
  5
1018F
330
1F
100
AcDbEntity
  8
Visible
100
AcDbCircle
 10
-319.8321737547181
 20
122.5075667370463
 30
0.0
 40
1.199999999999999
210
0.0
220
0.0
230
-1.0
  0
INSERT
  5
101A1
330
1F
100
AcDbEntity
  8
Smart Centers
 48
0.75
100
AcDbBlockReference
  2
*U15
 10
298.2021737547184
 20
58.90756673704635
 30
0.0
  0
CIRCLE
  5
101A2
330
1F
100
AcDbEntity
  8
Visible
100
AcDbCircle
 10
-298.2021737547184
 20
58.90756673704635
 30
0.0
 40
1.199999999999999
210
0.0
220
0.0
230
-1.0
  0
ENDSEC
  0
SECTION
  2
OBJECTS
  0
DICTIONARY
  5
C
330
0
100
AcDbDictionary
281
     1
  3
ACAD_BACKGROUND
350
1005B
  3
ACAD_CIP_PREVIOUS_PRODUCT_INFO
350
1005A
  3
ACAD_COLOR
350
10036
  3
ACAD_DETAILVIEWSTYLE
350
10051
  3
ACAD_GROUP
350
D
  3
ACAD_LAST_SAVED_VERSION_INFO
350
10065
  3
ACAD_LAYOUT
350
10037
  3
ACAD_MATERIAL
350
10004
  3
ACAD_MLEADERSTYLE
350
1004D
  3
ACAD_MLINESTYLE
350
17
  3
ACAD_PLOTSETTINGS
350
10054
  3
ACAD_PLOTSTYLENAME
350
10002
  3
ACAD_SCALELIST
350
1003B
  3
ACAD_SECTIONVIEWSTYLE
350
1004F
  3
ACAD_TABLESTYLE
350
10038
  3
ACAD_VISUALSTYLE
350
1001D
  3
ACDB_RECOMPOSE_DATA
350
101F6
  3
AcDbVariableDictionary
350
10071
  3
AcDsDecomposeData
350
101FC
  0
DICTIONARY
  5
1006B
330
2
100
AcDbDictionary
280
     1
281
     1
  3
ACAD_LAYERSTATES
360
1006C
  0
DICTIONARY
  5
10066
330
50
100
AcDbDictionary
280
     1
281
     1
  3
ADSK_XREC_LAYER_RECONCILED
360
10067
  0
DICTIONARY
  5
1005B
102
{ACAD_REACTORS
330
C
102
}
330
C
100
AcDbDictionary
281
     1
  0
XRECORD
  5
1005A
102
{ACAD_REACTORS
330
C
102
}
330
C
100
AcDbXrecord
280
     1
300
ACDMAC
300
2025
300

  0
DICTIONARY
  5
10036
102
{ACAD_REACTORS
330
C
102
}
330
C
100
AcDbDictionary
281
     1
  0
DICTIONARY
  5
10051
102
{ACAD_REACTORS
330
C
102
}
330
C
100
AcDbDictionary
281
     1
  3
Imperial24
350
10052
  3
Metric50
350
10113
  0
DICTIONARY
  5
D
330
C
100
AcDbDictionary
281
     1
  0
XRECORD
  5
10065
102
{ACAD_REACTORS
330
C
102
}
330
C
100
AcDbXrecord
280
     1
300
{71D03DA6-A352-3B42-9612-CEB4793FE361}
301
{53BB00E0-0B4E-F14D-92F0-BAE156CBD021}
302
{71D03DA6-A352-3B42-9612-CEB4793FE361}
303
/Users/junkibeom/Downloads/60 3.0Venom60专用定位板-6.25U-碳纤维.dxf
  0
DICTIONARY
  5
10037
102
{ACAD_REACTORS
330
C
102
}
330
C
100
AcDbDictionary
281
     1
  3
Model
350
10055
  3
배치1
350
10056
  0
DICTIONARY
  5
10004
102
{ACAD_REACTORS
330
C
102
}
330
C
100
AcDbDictionary
281
     1
  3
ByBlock
350
1000D
  3
ByLayer
350
10005
  3
Global
350
10015
  0
DICTIONARY
  5
1004D
102
{ACAD_REACTORS
330
C
102
}
330
C
100
AcDbDictionary
281
     1
  3
Standard
350
1004E
  0
DICTIONARY
  5
17
330
C
100
AcDbDictionary
281
     1
  3
Standard
350
1003A
  0
DICTIONARY
  5
10054
102
{ACAD_REACTORS
330
C
102
}
330
C
100
AcDbDictionary
281
     1
  0
ACDBDICTIONARYWDFLT
  5
10002
102
{ACAD_REACTORS
330
C
102
}
330
C
100
AcDbDictionary
281
     1
  3
Normal
350
10003
100
AcDbDictionaryWithDefault
340
10003
  0
DICTIONARY
  5
1003B
102
{ACAD_REACTORS
330
C
102
}
330
C
100
AcDbDictionary
281
     1
  3
A0
350
1003C
  3
A1
350
1003D
  3
A2
350
1003E
  3
A3
350
1003F
  3
A4
350
10040
  3
A5
350
10041
  3
A6
350
10042
  3
A7
350
10043
  3
A8
350
10044
  3
A9
350
10045
  3
B0
350
10046
  3
B1
350
10047
  3
B2
350
10048
  3
B3
350
10049
  3
B4
350
1004A
  3
B5
350
1004B
  3
B6
350
1004C
  0
DICTIONARY
  5
1004F
102
{ACAD_REACTORS
330
C
102
}
330
C
100
AcDbDictionary
281
     1
  3
Imperial24
350
10050
  3
Metric50
350
10112
  0
DICTIONARY
  5
10038
102
{ACAD_REACTORS
330
C
102
}
330
C
100
AcDbDictionary
281
     1
  3
Standard
350
10039
  0
DICTIONARY
  5
1001D
102
{ACAD_REACTORS
330
C
102
}
330
C
100
AcDbDictionary
281
     1
  3
2dWireframe
350
10023
  3
Basic
350
10022
  3
Brighten
350
10029
  3
ColorChange
350
1002D
  3
Conceptual
350
10026
  3
Dim
350
10028
  3
EdgeColorOff
350
10035
  3
Facepattern
350
1002C
  3
Flat
350
1001E
  3
FlatWithEdges
350
1001F
  3
Gouraud
350
10020
  3
GouraudWithEdges
350
10021
  3
Hidden
350
10025
  3
JitterOff
350
10033
  3
Linepattern
350
1002B
  3
OverhangOff
350
10034
  3
Realistic
350
10027
  3
Shaded
350
10032
  3
Shaded with edges
350
10031
  3
Shades of Gray
350
1002E
  3
Sketchy
350
1002F
  3
Thicken
350
1002A
  3
Wireframe
350
10024
  3
X-Ray
350
10030
  0
XRECORD
  5
101F6
102
{ACAD_REACTORS
330
C
102
}
330
C
100
AcDbXrecord
280
     1
 90
        1
330
10039
  0
DICTIONARY
  5
10071
102
{ACAD_REACTORS
330
C
102
}
330
C
100
AcDbDictionary
281
     1
  3
CANNOSCALE
350
10077
  3
CMLEADERSTYLE
350
10073
  3
CTABLESTYLE
350
10072
  3
CVIEWDETAILSTYLE
350
10074
  3
CVIEWSECTIONSTYLE
350
10075
  3
LAYEREVAL
350
10079
  3
LAYERNOTIFY
350
1007A
  3
LIGHTINGUNITS
350
10078
  3
MSLTSCALE
350
10076
  0
DICTIONARY
  5
101FC
102
{ACAD_REACTORS
330
C
102
}
330
C
100
AcDbDictionary
281
     1
  3
AcDsRecords
350
101FE
  3
AcDsSchemas
350
101FD
1001
ACAD
1070
     2
  0
DICTIONARY
  5
1006C
102
{ACAD_REACTORS
330
1006B
102
}
330
1006B
100
AcDbDictionary
281
     1
  0
XRECORD
  5
10067
102
{ACAD_REACTORS
330
10066
102
}
330
10066
100
AcDbXrecord
280
     1
290
     1
  0
ACDBDETAILVIEWSTYLE
  5
10052
102
{ACAD_XDICTIONARY
360
10231
102
}
102
{ACAD_REACTORS
330
10051
102
}
330
10051
100
AcDbModelDocViewStyle
 70
     0
  3
Imperial24
290
     0
100
AcDbDetailViewStyle
 70
     0
 71
     0
 90
        3
 71
     1
340
11
 62
   256
 40
0.24
340
0
 62
   256
 40
0.24
300

 40
0.36
280
     3
 71
     2
340
10001
 90
       25
 62
   256
 71
     3
340
11
 62
   256
 40
0.24
 90
        1
 40
0.75
 90
        1
300
%<\AcVar ViewType \f "%tc1">% %<\AcVar ViewDetailId>%\PSCALE %<\AcVar ViewScale \f "%sn">%
 71
     4
340
10001
 90
       25
 62
   256
340
10001
 90
       25
 62
   256
280
     0
  0
ACDBDETAILVIEWSTYLE
  5
10113
102
{ACAD_XDICTIONARY
360
10235
102
}
102
{ACAD_REACTORS
330
10051
102
}
330
10051
100
AcDbModelDocViewStyle
 70
     0
  3
Metric50
290
     0
100
AcDbDetailViewStyle
 70
     0
 71
     0
 90
        3
 71
     1
340
11
 62
   256
 40
5.0
340
0
 62
   256
 40
5.0
300

 40
0.0
280
     1
 71
     2
340
10001
 90
       25
 62
   256
 71
     3
340
11
 62
   256
 40
5.0
 90
        0
 40
15.0
 90
        1
300
%<\AcVar ViewDetailId>% (%<\AcVar ViewScale \f "%sn">%)
 71
     4
340
10001
 90
       25
 62
   256
340
10001
 90
       25
 62
   256
280
     0
  0
LAYOUT
  5
10055
102
{ACAD_REACTORS
330
10037
102
}
330
10037
100
AcDbPlotSettings
  1

  2

  4

  6

 40
0.0
 41
0.0
 42
0.0
 43
0.0
 44
0.0
 45
0.0
 46
0.0
 47
0.0
 48
0.0
 49
0.0
140
0.0
141
0.0
142
1.0
143
1.0
 70
  1712
 72
     0
 73
     0
 74
     0
  7

 75
     0
147
1.0
 76
     0
 77
     2
 78
   300
148
0.0
149
0.0
100
AcDbLayout
  1
Model
 70
     1
 71
     0
 10
0.0
 20
0.0
 11
12.0
 21
9.0
 12
0.0
 22
0.0
 32
0.0
 14
0.0
 24
0.0
 34
0.0
 15
0.0
 25
0.0
 35
0.0
146
0.0
 13
0.0
 23
0.0
 33
0.0
 16
1.0
 26
0.0
 36
0.0
 17
0.0
 27
1.0
 37
0.0
 76
     0
330
1F
331
10059
  0
LAYOUT
  5
10056
102
{ACAD_REACTORS
330
10037
102
}
330
10037
100
AcDbPlotSettings
  1

  2

  4

  6

 40
0.0
 41
0.0
 42
0.0
 43
0.0
 44
0.0
 45
0.0
 46
0.0
 47
0.0
 48
0.0
 49
0.0
140
0.0
141
0.0
142
1.0
143
1.0
 70
   688
 72
     0
 73
     0
 74
     5
  7

 75
    16
147
1.0
 76
     0
 77
     2
 78
   300
148
0.0
149
0.0
100
AcDbLayout
  1
배치1
 70
     1
 71
     1
 10
0.0
 20
0.0
 11
12.0
 21
9.0
 12
0.0
 22
0.0
 32
0.0
 14
1.000000000000000E+20
 24
1.000000000000000E+20
 34
1.000000000000000E+20
 15
-1.000000000000000E+20
 25
-1.000000000000000E+20
 35
-1.000000000000000E+20
146
0.0
 13
0.0
 23
0.0
 33
0.0
 16
1.0
 26
0.0
 36
0.0
 17
0.0
 27
1.0
 37
0.0
 76
     0
330
1B
  0
MATERIAL
  5
1000D
102
{ACAD_XDICTIONARY
360
1000E
102
}
102
{ACAD_REACTORS
330
10004
102
}
330
10004
100
AcDbMaterial
  1
ByBlock
 72
     0
 43
0.0008202099737533
 43
0.0
 43
0.0
 43
0.0
 43
0.0
 43
0.0008202099737533
 43
0.0
 43
0.0
 43
0.0
 43
0.0
 43
1.0
 43
0.0
 43
0.0
 43
0.0
 43
0.0
 43
1.0
 77
     0
 47
0.0008202099737533
 47
0.0
 47
0.0
 47
0.0
 47
0.0
 47
0.0008202099737533
 47
0.0
 47
0.0
 47
0.0
 47
0.0
 47
1.0
 47
0.0
 47
0.0
 47
0.0
 47
0.0
 47
1.0
171
     0
 49
0.0008202099737533
 49
0.0
 49
0.0
 49
0.0
 49
0.0
 49
0.0008202099737533
 49
0.0
 49
0.0
 49
0.0
 49
0.0
 49
1.0
 49
0.0
 49
0.0
 49
0.0
 49
0.0
 49
1.0
175
     0
142
0.0008202099737533
142
0.0
142
0.0
142
0.0
142
0.0
142
0.0008202099737533
142
0.0
142
0.0
142
0.0
142
0.0
142
1.0
142
0.0
142
0.0
142
0.0
142
0.0
142
1.0
179
     0
144
0.0008202099737533
144
0.0
144
0.0
144
0.0
144
0.0
144
0.0008202099737533
144
0.0
144
0.0
144
0.0
144
0.0
144
1.0
144
0.0
144
0.0
144
0.0
144
0.0
144
1.0
147
0.0008202099737533
147
0.0
147
0.0
147
0.0
147
0.0
147
0.0008202099737533
147
0.0
147
0.0
147
0.0
147
0.0
147
1.0
147
0.0
147
0.0
147
0.0
147
0.0
147
1.0
  0
MATERIAL
  5
10005
102
{ACAD_XDICTIONARY
360
10006
102
}
102
{ACAD_REACTORS
330
10004
102
}
330
10004
100
AcDbMaterial
  1
ByLayer
 72
     0
 43
0.0008202099737533
 43
0.0
 43
0.0
 43
0.0
 43
0.0
 43
0.0008202099737533
 43
0.0
 43
0.0
 43
0.0
 43
0.0
 43
1.0
 43
0.0
 43
0.0
 43
0.0
 43
0.0
 43
1.0
 77
     0
 47
0.0008202099737533
 47
0.0
 47
0.0
 47
0.0
 47
0.0
 47
0.0008202099737533
 47
0.0
 47
0.0
 47
0.0
 47
0.0
 47
1.0
 47
0.0
 47
0.0
 47
0.0
 47
0.0
 47
1.0
171
     0
 49
0.0008202099737533
 49
0.0
 49
0.0
 49
0.0
 49
0.0
 49
0.0008202099737533
 49
0.0
 49
0.0
 49
0.0
 49
0.0
 49
1.0
 49
0.0
 49
0.0
 49
0.0
 49
0.0
 49
1.0
175
     0
142
0.0008202099737533
142
0.0
142
0.0
142
0.0
142
0.0
142
0.0008202099737533
142
0.0
142
0.0
142
0.0
142
0.0
142
1.0
142
0.0
142
0.0
142
0.0
142
0.0
142
1.0
179
     0
144
0.0008202099737533
144
0.0
144
0.0
144
0.0
144
0.0
144
0.0008202099737533
144
0.0
144
0.0
144
0.0
144
0.0
144
1.0
144
0.0
144
0.0
144
0.0
144
0.0
144
1.0
147
0.0008202099737533
147
0.0
147
0.0
147
0.0
147
0.0
147
0.0008202099737533
147
0.0
147
0.0
147
0.0
147
0.0
147
1.0
147
0.0
147
0.0
147
0.0
147
0.0
147
1.0
  0
MATERIAL
  5
10015
102
{ACAD_XDICTIONARY
360
10016
102
}
102
{ACAD_REACTORS
330
10004
102
}
330
10004
100
AcDbMaterial
  1
Global
 72
     0
 43
0.0008202099737533
 43
0.0
 43
0.0
 43
0.0
 43
0.0
 43
0.0008202099737533
 43
0.0
 43
0.0
 43
0.0
 43
0.0
 43
1.0
 43
0.0
 43
0.0
 43
0.0
 43
0.0
 43
1.0
 77
     0
 47
0.0008202099737533
 47
0.0
 47
0.0
 47
0.0
 47
0.0
 47
0.0008202099737533
 47
0.0
 47
0.0
 47
0.0
 47
0.0
 47
1.0
 47
0.0
 47
0.0
 47
0.0
 47
0.0
 47
1.0
171
     0
 49
0.0008202099737533
 49
0.0
 49
0.0
 49
0.0
 49
0.0
 49
0.0008202099737533
 49
0.0
 49
0.0
 49
0.0
 49
0.0
 49
1.0
 49
0.0
 49
0.0
 49
0.0
 49
0.0
 49
1.0
175
     0
142
0.0008202099737533
142
0.0
142
0.0
142
0.0
142
0.0
142
0.0008202099737533
142
0.0
142
0.0
142
0.0
142
0.0
142
1.0
142
0.0
142
0.0
142
0.0
142
0.0
142
1.0
179
     0
144
0.0008202099737533
144
0.0
144
0.0
144
0.0
144
0.0
144
0.0008202099737533
144
0.0
144
0.0
144
0.0
144
0.0
144
1.0
144
0.0
144
0.0
144
0.0
144
0.0
144
1.0
147
0.0008202099737533
147
0.0
147
0.0
147
0.0
147
0.0
147
0.0008202099737533
147
0.0
147
0.0
147
0.0
147
0.0
147
1.0
147
0.0
147
0.0
147
0.0
147
0.0
147
1.0
  0
MLEADERSTYLE
  5
1004E
102
{ACAD_REACTORS
330
1004D
102
}
330
1004D
100
AcDbMLeaderStyle
179
     2
170
     2
171
     1
172
     0
 90
        2
 40
0.0
 41
0.0
173
     1
 91
-1056964608
340
14
 92
       -2
290
     1
 42
0.09
291
     1
 43
0.36
  3
Standard
 44
0.18
300

342
11
174
     1
178
     6
175
     1
176
     0
 93
-1056964608
 45
0.18
292
     0
297
     0
 46
0.18
 94
-1056964608
 47
1.0
 49
1.0
140
1.0
293
     1
141
0.0
294
     1
177
     0
142
1.0
295
     0
296
     0
143
0.125
271
     0
272
     9
273
     9
  0
MLINESTYLE
  5
1003A
102
{ACAD_REACTORS
330
17
102
}
330
17
100
AcDbMlineStyle
  2
STANDARD
 70
     0
  3

 62
   256
 51
90.0
 52
90.0
 71
     2
 49
0.5
 62
   256
  6
BYLAYER
 49
-0.5
 62
   256
  6
BYLAYER
  0
ACDBPLACEHOLDER
  5
10003
102
{ACAD_REACTORS
330
10002
102
}
330
10002
  0
SCALE
  5
1003C
102
{ACAD_REACTORS
330
1003B
102
}
330
1003B
100
AcDbScale
 70
     0
300
1:1
140
1.0
141
1.0
290
     1
  0
SCALE
  5
1003D
102
{ACAD_REACTORS
330
1003B
102
}
330
1003B
100
AcDbScale
 70
     0
300
1/128" = 1'-0"
140
0.0078125
141
12.0
290
     0
  0
SCALE
  5
1003E
102
{ACAD_REACTORS
330
1003B
102
}
330
1003B
100
AcDbScale
 70
     0
300
1/64" = 1'-0"
140
0.015625
141
12.0
290
     0
  0
SCALE
  5
1003F
102
{ACAD_REACTORS
330
1003B
102
}
330
1003B
100
AcDbScale
 70
     0
300
1/32" = 1'-0"
140
0.03125
141
12.0
290
     0
  0
SCALE
  5
10040
102
{ACAD_REACTORS
330
1003B
102
}
330
1003B
100
AcDbScale
 70
     0
300
1/16" = 1'-0"
140
0.0625
141
12.0
290
     0
  0
SCALE
  5
10041
102
{ACAD_REACTORS
330
1003B
102
}
330
1003B
100
AcDbScale
 70
     0
300
3/32" = 1'-0"
140
0.09375
141
12.0
290
     0
  0
SCALE
  5
10042
102
{ACAD_REACTORS
330
1003B
102
}
330
1003B
100
AcDbScale
 70
     0
300
1/8" = 1'-0"
140
0.125
141
12.0
290
     0
  0
SCALE
  5
10043
102
{ACAD_REACTORS
330
1003B
102
}
330
1003B
100
AcDbScale
 70
     0
300
3/16" = 1'-0"
140
0.1875
141
12.0
290
     0
  0
SCALE
  5
10044
102
{ACAD_REACTORS
330
1003B
102
}
330
1003B
100
AcDbScale
 70
     0
300
1/4" = 1'-0"
140
0.25
141
12.0
290
     0
  0
SCALE
  5
10045
102
{ACAD_REACTORS
330
1003B
102
}
330
1003B
100
AcDbScale
 70
     0
300
3/8" = 1'-0"
140
0.375
141
12.0
290
     0
  0
SCALE
  5
10046
102
{ACAD_REACTORS
330
1003B
102
}
330
1003B
100
AcDbScale
 70
     0
300
1/2" = 1'-0"
140
0.5
141
12.0
290
     0
  0
SCALE
  5
10047
102
{ACAD_REACTORS
330
1003B
102
}
330
1003B
100
AcDbScale
 70
     0
300
3/4" = 1'-0"
140
0.75
141
12.0
290
     0
  0
SCALE
  5
10048
102
{ACAD_REACTORS
330
1003B
102
}
330
1003B
100
AcDbScale
 70
     0
300
1" = 1'-0"
140
1.0
141
12.0
290
     0
  0
SCALE
  5
10049
102
{ACAD_REACTORS
330
1003B
102
}
330
1003B
100
AcDbScale
 70
     0
300
1-1/2" = 1'-0"
140
1.5
141
12.0
290
     0
  0
SCALE
  5
1004A
102
{ACAD_REACTORS
330
1003B
102
}
330
1003B
100
AcDbScale
 70
     0
300
3" = 1'-0"
140
3.0
141
12.0
290
     0
  0
SCALE
  5
1004B
102
{ACAD_REACTORS
330
1003B
102
}
330
1003B
100
AcDbScale
 70
     0
300
6" = 1'-0"
140
6.0
141
12.0
290
     0
  0
SCALE
  5
1004C
102
{ACAD_REACTORS
330
1003B
102
}
330
1003B
100
AcDbScale
 70
     0
300
1'-0" = 1'-0"
140
12.0
141
12.0
290
     0
  0
ACDBSECTIONVIEWSTYLE
  5
10050
102
{ACAD_XDICTIONARY
360
1022F
102
}
102
{ACAD_REACTORS
330
1004F
102
}
330
1004F
100
AcDbModelDocViewStyle
 70
     0
  3
Imperial24
290
     0
100
AcDbSectionViewStyle
 70
     0
 71
     0
 90
       78
 71
     1
340
11
 62
   256
 40
0.24
340
0
340
0
 62
   256
 40
0.24
300
I, O, Q, S, X, Z
 40
0.48
 90
        3
 40
0.18
 90
        1
 71
     2
340
10001
 90
       25
 62
   256
340
10001
 90
       50
 62
   256
 40
0.24
 40
0.0
 40
0.24
 71
     3
340
11
 62
   256
 40
0.24
 90
        1
 40
0.75
 90
        1
300
%<\AcVar ViewType \f "%tc1">% %<\AcVar ViewSectionStartId>%-%<\AcVar ViewSectionEndId>%\PSCALE %<\AcVar ViewScale \f "%sn">%
 71
     4
 62
   256
 62
   257
300
ANSI31
 40
1.0
 90
        0
290
     0
290
     0
 90
        6
 40
0.0
 40
1.570796326794896
 40
0.2617993877991494
 40
1.308996938995747
 40
-0.2617993877991494
 40
1.832595714594046
  0
ACDBSECTIONVIEWSTYLE
  5
10112
102
{ACAD_XDICTIONARY
360
10233
102
}
102
{ACAD_REACTORS
330
1004F
102
}
330
1004F
100
AcDbModelDocViewStyle
 70
     0
  3
Metric50
290
     0
100
AcDbSectionViewStyle
 70
     0
 71
     0
 90
      102
 71
     1
340
11
 62
   256
 40
5.0
340
0
340
0
 62
   256
 40
5.0
300
I, O, Q, S, X, Z
 40
10.0
 90
        0
 40
2.5
 90
        0
 71
     2
340
10001
 90
       25
 62
   256
340
10001
 90
       50
 62
   256
 40
5.0
 40
2.5
 40
5.0
 71
     3
340
11
 62
   256
 40
5.0
 90
        0
 40
15.0
 90
        1
300
%<\AcVar ViewSectionStartId>%-%<\AcVar ViewSectionEndId>% (%<\AcVar ViewScale \f "%sn">%)
 71
     4
 62
   256
 62
   257
300
ANSI31
 40
1.0
 90
        0
290
     0
290
     0
 90
        6
 40
0.0
 40
1.570796326794896
 40
0.2617993877991494
 40
1.308996938995747
 40
-0.2617993877991494
 40
1.832595714594046
  0
TABLESTYLE
  5
10039
102
{ACAD_XDICTIONARY
360
101F4
102
}
102
{ACAD_REACTORS
330
10038
102
}
330
10038
100
AcDbTableStyle
280
     0
  3
Standard
 70
     0
 71
     0
 40
0.06
 41
0.06
280
     0
281
     0
  7
STANDARD
140
0.18
170
     2
 62
     0
 63
     7
283
     0
 90
      512
 91
        0
  1

274
    -2
284
     1
 64
     0
275
    -2
285
     1
 65
     0
276
    -2
286
     1
 66
     0
277
    -2
287
     1
 67
     0
278
    -2
288
     1
 68
     0
279
    -2
289
     1
 69
     0
  7
STANDARD
140
0.25
170
     5
 62
     0
 63
     7
283
     0
 90
      512
 91
        0
  1

274
    -2
284
     1
 64
     0
275
    -2
285
     1
 65
     0
276
    -2
286
     1
 66
     0
277
    -2
287
     1
 67
     0
278
    -2
288
     1
 68
     0
279
    -2
289
     1
 69
     0
  7
STANDARD
140
0.18
170
     5
 62
     0
 63
     7
283
     0
 90
      512
 91
        0
  1

274
    -2
284
     1
 64
     0
275
    -2
285
     1
 65
     0
276
    -2
286
     1
 66
     0
277
    -2
287
     1
 67
     0
278
    -2
288
     1
 68
     0
279
    -2
289
     1
 69
     0
  0
VISUALSTYLE
  5
10023
102
{ACAD_XDICTIONARY
360
10209
102
}
102
{ACAD_REACTORS
330
1001D
102
}
330
1001D
100
AcDbVisualStyle
  2
2dWireframe
 70
     4
177
     2
291
     0
 71
     0
176
     1
 72
     2
176
     1
 73
     0
176
     1
 90
        0
176
     1
 40
0.6
176
     1
 41
30.0
176
     1
 63
     7
421
 16777215
176
     1
 74
     1
176
     1
 91
        4
176
     1
 64
     7
176
     1
 65
   257
176
     1
 75
     1
176
     1
175
     1
176
     1
 42
1.0
176
     1
 92
        0
176
     1
 66
   257
176
     1
 43
1.0
176
     1
 76
     1
176
     1
 77
     6
176
     1
 78
     2
176
     1
 67
     7
176
     1
 79
     5
176
     1
170
     0
176
     1
171
     0
176
     1
290
     0
176
     1
 93
        1
176
     1
 44
0.0
176
     1
173
     0
176
     1
1001
ACAD
1000
AcDbSavedByObjectVersion
1070
     0
  0
VISUALSTYLE
  5
10022
102
{ACAD_XDICTIONARY
360
10207
102
}
102
{ACAD_REACTORS
330
1001D
102
}
330
1001D
100
AcDbVisualStyle
  2
Basic
 70
     7
177
     2
291
     1
 71
     1
176
     1
 72
     0
176
     1
 73
     1
176
     1
 90
        0
176
     1
 40
0.6
176
     1
 41
30.0
176
     1
 63
     7
421
 16777215
176
     1
 74
     0
176
     1
 91
        4
176
     1
 64
     7
176
     1
 65
   257
176
     1
 75
     1
176
     1
175
     1
176
     1
 42
1.0
176
     1
 92
        8
176
     1
 66
     7
176
     1
 43
1.0
176
     1
 76
     1
176
     1
 77
     6
176
     1
 78
     2
176
     1
 67
     7
176
     1
 79
     5
176
     1
170
     0
176
     1
171
     0
176
     1
290
     0
176
     1
 93
        1
176
     1
 44
0.0
176
     1
173
     0
176
     1
1001
ACAD
1000
AcDbSavedByObjectVersion
1070
     0
  0
VISUALSTYLE
  5
10029
102
{ACAD_XDICTIONARY
360
10215
102
}
102
{ACAD_REACTORS
330
1001D
102
}
330
1001D
100
AcDbVisualStyle
  2
Brighten
 70
    12
177
     2
291
     1
 71
     2
176
     1
 72
     2
176
     1
 73
     0
176
     1
 90
        0
176
     1
 40
0.6
176
     1
 41
30.0
176
     1
 63
     7
421
 16777215
176
     1
 74
     1
176
     1
 91
        4
176
     1
 64
     7
176
     1
 65
   257
176
     1
 75
     1
176
     1
175
     1
176
     1
 42
1.0
176
     1
 92
        8
176
     1
 66
     7
176
     1
 43
1.0
176
     1
 76
     1
176
     1
 77
     6
176
     1
 78
     2
176
     1
 67
     7
176
     1
 79
     5
176
     1
170
     0
176
     1
171
     0
176
     1
290
     0
176
     1
 93
        1
176
     1
 44
50.0
176
     1
173
     0
176
     1
1001
ACAD
1000
AcDbSavedByObjectVersion
1070
     0
  0
VISUALSTYLE
  5
1002D
102
{ACAD_XDICTIONARY
360
1021D
102
}
102
{ACAD_REACTORS
330
1001D
102
}
330
1001D
100
AcDbVisualStyle
  2
ColorChange
 70
    16
177
     2
291
     1
 71
     2
176
     1
 72
     2
176
     1
 73
     3
176
     1
 90
        0
176
     1
 40
0.6
176
     1
 41
30.0
176
     1
 63
     8
421
  8421504
176
     1
 74
     1
176
     1
 91
        4
176
     1
 64
     7
176
     1
 65
   257
176
     1
 75
     1
176
     1
175
     1
176
     1
 42
1.0
176
     1
 92
        8
176
     1
 66
     8
424
  8421504
176
     1
 43
1.0
176
     1
 76
     1
176
     1
 77
     6
176
     1
 78
     2
176
     1
 67
     7
176
     1
 79
     5
176
     1
170
     0
176
     1
171
     0
176
     1
290
     0
176
     1
 93
        1
176
     1
 44
0.0
176
     1
173
     0
176
     1
1001
ACAD
1000
AcDbSavedByObjectVersion
1070
     0
  0
VISUALSTYLE
  5
10026
102
{ACAD_XDICTIONARY
360
1020F
102
}
102
{ACAD_REACTORS
330
1001D
102
}
330
1001D
100
AcDbVisualStyle
  2
Conceptual
 70
     9
177
     2
291
     0
 71
     3
176
     1
 72
     2
176
     1
 73
     0
176
     1
 90
        0
176
     1
 40
0.6
176
     1
 41
30.0
176
     1
 63
     7
421
 16777215
176
     1
 74
     2
176
     1
 91
        2
176
     1
 64
     7
176
     1
 65
   257
176
     1
 75
     1
176
     1
175
     1
176
     1
 42
179.0
176
     1
 92
        8
176
     1
 66
     7
176
     1
 43
1.0
176
     1
 76
     1
176
     1
 77
     6
176
     1
 78
     2
176
     1
 67
     7
176
     1
 79
     3
176
     1
170
     0
176
     1
171
     0
176
     1
290
     0
176
     1
 93
        1
176
     1
 44
0.0
176
     1
173
     0
176
     1
1001
ACAD
1000
AcDbSavedByObjectVersion
1070
     0
  0
VISUALSTYLE
  5
10028
102
{ACAD_XDICTIONARY
360
10213
102
}
102
{ACAD_REACTORS
330
1001D
102
}
330
1001D
100
AcDbVisualStyle
  2
Dim
 70
    11
177
     2
291
     1
 71
     2
176
     1
 72
     2
176
     1
 73
     0
176
     1
 90
        0
176
     1
 40
0.6
176
     1
 41
30.0
176
     1
 63
     7
421
 16777215
176
     1
 74
     1
176
     1
 91
        4
176
     1
 64
     7
176
     1
 65
   257
176
     1
 75
     1
176
     1
175
     1
176
     1
 42
1.0
176
     1
 92
        8
176
     1
 66
     7
176
     1
 43
1.0
176
     1
 76
     1
176
     1
 77
     6
176
     1
 78
     2
176
     1
 67
     7
176
     1
 79
     5
176
     1
170
     0
176
     1
171
     0
176
     1
290
     0
176
     1
 93
        1
176
     1
 44
-50.0
176
     1
173
     0
176
     1
1001
ACAD
1000
AcDbSavedByObjectVersion
1070
     0
  0
VISUALSTYLE
  5
10035
102
{ACAD_XDICTIONARY
360
1022D
102
}
102
{ACAD_REACTORS
330
1001D
102
}
330
1001D
100
AcDbVisualStyle
  2
EdgeColorOff
 70
    22
177
     2
291
     1
 71
     2
176
     0
 72
     2
176
     0
 73
     0
176
     0
 90
        0
176
     0
 40
0.6
176
     0
 41
30.0
176
     0
 63
     7
421
 16777215
176
     0
 74
     1
176
     0
 91
        4
176
     0
 64
     7
176
     0
 65
   257
176
     0
 75
     1
176
     0
175
     1
176
     0
 42
1.0
176
     0
 92
        8
176
     2
 66
     7
176
     0
 43
1.0
176
     0
 76
     1
176
     0
 77
     6
176
     0
 78
     2
176
     0
 67
     7
176
     0
 79
     5
176
     0
170
     0
176
     0
171
     0
176
     0
290
     0
176
     0
 93
        1
176
     0
 44
0.0
176
     0
173
     0
176
     0
1001
ACAD
1000
AcDbSavedByObjectVersion
1070
     0
  0
VISUALSTYLE
  5
1002C
102
{ACAD_XDICTIONARY
360
1021B
102
}
102
{ACAD_REACTORS
330
1001D
102
}
330
1001D
100
AcDbVisualStyle
  2
Facepattern
 70
    15
177
     2
291
     1
 71
     2
176
     1
 72
     2
176
     1
 73
     0
176
     1
 90
        0
176
     1
 40
0.6
176
     1
 41
30.0
176
     1
 63
     7
421
 16777215
176
     1
 74
     1
176
     1
 91
        4
176
     1
 64
     7
176
     1
 65
   257
176
     1
 75
     1
176
     1
175
     1
176
     1
 42
1.0
176
     1
 92
        8
176
     1
 66
     7
176
     1
 43
1.0
176
     1
 76
     1
176
     1
 77
     6
176
     1
 78
     2
176
     1
 67
     7
176
     1
 79
     5
176
     1
170
     0
176
     1
171
     0
176
     1
290
     0
176
     1
 93
        1
176
     1
 44
0.0
176
     1
173
     0
176
     1
1001
ACAD
1000
AcDbSavedByObjectVersion
1070
     0
  0
VISUALSTYLE
  5
1001E
102
{ACAD_XDICTIONARY
360
101FF
102
}
102
{ACAD_REACTORS
330
1001D
102
}
330
1001D
100
AcDbVisualStyle
  2
Flat
 70
     0
177
     2
291
     1
 71
     2
176
     1
 72
     1
176
     1
 73
     1
176
     1
 90
        2
176
     1
 40
0.6
176
     1
 41
30.0
176
     1
 63
     7
421
 16777215
176
     1
 74
     0
176
     1
 91
        0
176
     1
 64
     7
176
     1
 65
   257
176
     1
 75
     1
176
     1
175
     1
176
     1
 42
1.0
176
     1
 92
        8
176
     1
 66
     7
176
     1
 43
1.0
176
     1
 76
     1
176
     1
 77
     6
176
     1
 78
     2
176
     1
 67
     7
176
     1
 79
     5
176
     1
170
     0
176
     1
171
     0
176
     1
290
     0
176
     1
 93
       13
176
     1
 44
0.0
176
     1
173
     0
176
     1
1001
ACAD
1000
AcDbSavedByObjectVersion
1070
     0
  0
VISUALSTYLE
  5
1001F
102
{ACAD_XDICTIONARY
360
10201
102
}
102
{ACAD_REACTORS
330
1001D
102
}
330
1001D
100
AcDbVisualStyle
  2
FlatWithEdges
 70
     1
177
     2
291
     1
 71
     2
176
     1
 72
     1
176
     1
 73
     1
176
     1
 90
        2
176
     1
 40
0.6
176
     1
 41
30.0
176
     1
 63
     7
421
 16777215
176
     1
 74
     1
176
     1
 91
        0
176
     1
 64
     7
176
     1
 65
   257
176
     1
 75
     1
176
     1
175
     1
176
     1
 42
1.0
176
     1
 92
        0
176
     1
 66
   257
176
     1
 43
1.0
176
     1
 76
     1
176
     1
 77
     6
176
     1
 78
     2
176
     1
 67
     7
176
     1
 79
     5
176
     1
170
     0
176
     1
171
     0
176
     1
290
     0
176
     1
 93
       13
176
     1
 44
0.0
176
     1
173
     0
176
     1
1001
ACAD
1000
AcDbSavedByObjectVersion
1070
     0
  0
VISUALSTYLE
  5
10020
102
{ACAD_XDICTIONARY
360
10203
102
}
102
{ACAD_REACTORS
330
1001D
102
}
330
1001D
100
AcDbVisualStyle
  2
Gouraud
 70
     2
177
     2
291
     1
 71
     2
176
     1
 72
     2
176
     1
 73
     1
176
     1
 90
        2
176
     1
 40
0.6
176
     1
 41
30.0
176
     1
 63
     7
421
 16777215
176
     1
 74
     0
176
     1
 91
        0
176
     1
 64
     7
176
     1
 65
   257
176
     1
 75
     1
176
     1
175
     1
176
     1
 42
1.0
176
     1
 92
        0
176
     1
 66
     7
176
     1
 43
1.0
176
     1
 76
     1
176
     1
 77
     6
176
     1
 78
     2
176
     1
 67
     7
176
     1
 79
     5
176
     1
170
     0
176
     1
171
     0
176
     1
290
     0
176
     1
 93
       13
176
     1
 44
0.0
176
     1
173
     0
176
     1
1001
ACAD
1000
AcDbSavedByObjectVersion
1070
     0
  0
VISUALSTYLE
  5
10021
102
{ACAD_XDICTIONARY
360
10205
102
}
102
{ACAD_REACTORS
330
1001D
102
}
330
1001D
100
AcDbVisualStyle
  2
GouraudWithEdges
 70
     3
177
     2
291
     1
 71
     2
176
     1
 72
     2
176
     1
 73
     1
176
     1
 90
        2
176
     1
 40
0.6
176
     1
 41
30.0
176
     1
 63
     7
421
 16777215
176
     1
 74
     1
176
     1
 91
        0
176
     1
 64
     7
176
     1
 65
   257
176
     1
 75
     1
176
     1
175
     1
176
     1
 42
1.0
176
     1
 92
        0
176
     1
 66
   257
176
     1
 43
1.0
176
     1
 76
     1
176
     1
 77
     6
176
     1
 78
     2
176
     1
 67
     7
176
     1
 79
     5
176
     1
170
     0
176
     1
171
     0
176
     1
290
     0
176
     1
 93
       13
176
     1
 44
0.0
176
     1
173
     0
176
     1
1001
ACAD
1000
AcDbSavedByObjectVersion
1070
     0
  0
VISUALSTYLE
  5
10025
102
{ACAD_XDICTIONARY
360
1020D
102
}
102
{ACAD_REACTORS
330
1001D
102
}
330
1001D
100
AcDbVisualStyle
  2
Hidden
 70
     6
177
     2
291
     0
 71
     1
176
     1
 72
     2
176
     1
 73
     2
176
     1
 90
        0
176
     1
 40
0.6
176
     1
 41
30.0
176
     1
 63
     7
421
 16777215
176
     1
 74
     2
176
     1
 91
        2
176
     1
 64
     7
176
     1
 65
   257
176
     1
 75
     2
176
     1
175
     1
176
     1
 42
40.0
176
     1
 92
        0
176
     1
 66
   257
176
     1
 43
1.0
176
     1
 76
     1
176
     1
 77
     6
176
     1
 78
     2
176
     1
 67
     7
176
     1
 79
     3
176
     1
170
     0
176
     1
171
     0
176
     1
290
     0
176
     1
 93
        1
176
     1
 44
0.0
176
     1
173
     0
176
     1
1001
ACAD
1000
AcDbSavedByObjectVersion
1070
     0
  0
VISUALSTYLE
  5
10033
102
{ACAD_XDICTIONARY
360
10229
102
}
102
{ACAD_REACTORS
330
1001D
102
}
330
1001D
100
AcDbVisualStyle
  2
JitterOff
 70
    20
177
     2
291
     1
 71
     2
176
     0
 72
     2
176
     0
 73
     0
176
     0
 90
        0
176
     0
 40
0.6
176
     0
 41
30.0
176
     0
 63
     7
421
 16777215
176
     0
 74
     1
176
     0
 91
        4
176
     0
 64
     7
176
     0
 65
   257
176
     0
 75
     1
176
     0
175
     1
176
     0
 42
1.0
176
     0
 92
       10
176
     2
 66
     7
176
     0
 43
1.0
176
     0
 76
     1
176
     0
 77
     6
176
     0
 78
     2
176
     0
 67
     7
176
     0
 79
     5
176
     0
170
     0
176
     0
171
     0
176
     0
290
     0
176
     0
 93
        1
176
     0
 44
0.0
176
     0
173
     0
176
     0
1001
ACAD
1000
AcDbSavedByObjectVersion
1070
     0
  0
VISUALSTYLE
  5
1002B
102
{ACAD_XDICTIONARY
360
10219
102
}
102
{ACAD_REACTORS
330
1001D
102
}
330
1001D
100
AcDbVisualStyle
  2
Linepattern
 70
    14
177
     2
291
     1
 71
     2
176
     1
 72
     2
176
     1
 73
     0
176
     1
 90
        0
176
     1
 40
0.6
176
     1
 41
30.0
176
     1
 63
     7
421
 16777215
176
     1
 74
     1
176
     1
 91
        4
176
     1
 64
     7
176
     1
 65
   257
176
     1
 75
     7
176
     1
175
     7
176
     1
 42
1.0
176
     1
 92
        8
176
     1
 66
     7
176
     1
 43
1.0
176
     1
 76
     1
176
     1
 77
     6
176
     1
 78
     2
176
     1
 67
     7
176
     1
 79
     5
176
     1
170
     0
176
     1
171
     0
176
     1
290
     0
176
     1
 93
        1
176
     1
 44
0.0
176
     1
173
     0
176
     1
1001
ACAD
1000
AcDbSavedByObjectVersion
1070
     0
  0
VISUALSTYLE
  5
10034
102
{ACAD_XDICTIONARY
360
1022B
102
}
102
{ACAD_REACTORS
330
1001D
102
}
330
1001D
100
AcDbVisualStyle
  2
OverhangOff
 70
    21
177
     2
291
     1
 71
     2
176
     0
 72
     2
176
     0
 73
     0
176
     0
 90
        0
176
     0
 40
0.6
176
     0
 41
30.0
176
     0
 63
     7
421
 16777215
176
     0
 74
     1
176
     0
 91
        4
176
     0
 64
     7
176
     0
 65
   257
176
     0
 75
     1
176
     0
175
     1
176
     0
 42
1.0
176
     0
 92
        9
176
     2
 66
     7
176
     0
 43
1.0
176
     0
 76
     1
176
     0
 77
     6
176
     0
 78
     2
176
     0
 67
     7
176
     0
 79
     5
176
     0
170
     0
176
     0
171
     0
176
     0
290
     0
176
     0
 93
        1
176
     0
 44
0.0
176
     0
173
     0
176
     0
1001
ACAD
1000
AcDbSavedByObjectVersion
1070
     0
  0
VISUALSTYLE
  5
10027
102
{ACAD_XDICTIONARY
360
10211
102
}
102
{ACAD_REACTORS
330
1001D
102
}
330
1001D
100
AcDbVisualStyle
  2
Realistic
 70
     8
177
     2
291
     0
 71
     2
176
     1
 72
     3
176
     1
 73
     0
176
     1
 90
        2
176
     1
 40
0.6
176
     1
 41
30.0
176
     1
 63
     7
421
 16777215
176
     1
 74
     0
176
     1
 91
        0
176
     1
 64
     7
176
     1
 65
   257
176
     1
 75
     1
176
     1
175
     1
176
     1
 42
1.0
176
     1
 92
        8
176
     1
 66
   257
176
     1
 43
1.0
176
     1
 76
     1
176
     1
 77
     6
176
     1
 78
     2
176
     1
 67
     7
176
     1
 79
     3
176
     1
170
     0
176
     1
171
     0
176
     1
290
     0
176
     1
 93
       13
176
     1
 44
0.0
176
     1
173
     0
176
     1
1001
ACAD
1000
AcDbSavedByObjectVersion
1070
     0
  0
VISUALSTYLE
  5
10032
102
{ACAD_XDICTIONARY
360
10227
102
}
102
{ACAD_REACTORS
330
1001D
102
}
330
1001D
100
AcDbVisualStyle
  2
Shaded
 70
    27
177
     2
291
     0
 71
     2
176
     1
 72
     2
176
     1
 73
     1
176
     1
 90
        2
176
     1
 40
0.6
176
     1
 41
30.0
176
     1
 63
     7
421
 16777215
176
     1
 74
     0
176
     1
 91
        4
176
     1
 64
     7
176
     1
 65
   257
176
     1
 75
     1
176
     1
175
     1
176
     1
 42
1.0
176
     1
 92
        8
176
     1
 66
   257
176
     1
 43
1.0
176
     1
 76
     1
176
     1
 77
     6
176
     1
 78
     2
176
     1
 67
     8
425
  7895160
176
     1
 79
     3
176
     1
170
     0
176
     1
171
     0
176
     1
290
     0
176
     1
 93
        5
176
     1
 44
0.0
176
     1
173
     0
176
     1
1001
ACAD
1000
AcDbSavedByObjectVersion
1070
     0
  0
VISUALSTYLE
  5
10031
102
{ACAD_XDICTIONARY
360
10225
102
}
102
{ACAD_REACTORS
330
1001D
102
}
330
1001D
100
AcDbVisualStyle
  2
Shaded with edges
 70
    26
177
     2
291
     0
 71
     2
176
     1
 72
     2
176
     1
 73
     1
176
     1
 90
        2
176
     1
 40
0.6
176
     1
 41
30.0
176
     1
 63
     7
421
 16777215
176
     1
 74
     1
176
     1
 91
        2
176
     1
 64
     7
176
     1
 65
   257
176
     1
 75
     2
176
     1
175
     1
176
     1
 42
1.0
176
     1
 92
        8
176
     1
 66
   257
176
     1
 43
1.0
176
     1
 76
     1
176
     1
 77
     6
176
     1
 78
     2
176
     1
 67
     7
176
     1
 79
     3
176
     1
170
     0
176
     1
171
     0
176
     1
290
     0
176
     1
 93
        5
176
     1
 44
0.0
176
     1
173
     0
176
     1
1001
ACAD
1000
AcDbSavedByObjectVersion
1070
     0
  0
VISUALSTYLE
  5
1002E
102
{ACAD_XDICTIONARY
360
1021F
102
}
102
{ACAD_REACTORS
330
1001D
102
}
330
1001D
100
AcDbVisualStyle
  2
Shades of Gray
 70
    23
177
     2
291
     0
 71
     2
176
     1
 72
     2
176
     1
 73
     3
176
     1
 90
        0
176
     1
 40
0.6
176
     1
 41
30.0
176
     1
 63
     7
421
 16777215
176
     1
 74
     2
176
     1
 91
        2
176
     1
 64
     7
176
     1
 65
     7
176
     1
 75
     1
176
     1
175
     1
176
     1
 42
40.0
176
     1
 92
        8
176
     1
 66
     7
176
     1
 43
1.0
176
     1
 76
     1
176
     1
 77
     6
176
     1
 78
     2
176
     1
 67
     7
176
     1
 79
     3
176
     1
170
     0
176
     1
171
     0
176
     1
290
     0
176
     1
 93
        1
176
     1
 44
0.0
176
     1
173
     0
176
     1
1001
ACAD
1000
AcDbSavedByObjectVersion
1070
     0
  0
VISUALSTYLE
  5
1002F
102
{ACAD_XDICTIONARY
360
10221
102
}
102
{ACAD_REACTORS
330
1001D
102
}
330
1001D
100
AcDbVisualStyle
  2
Sketchy
 70
    24
177
     2
291
     0
 71
     1
176
     1
 72
     2
176
     1
 73
     2
176
     1
 90
        0
176
     1
 40
0.6
176
     1
 41
30.0
176
     1
 63
     7
421
 16777215
176
     1
 74
     2
176
     1
 91
        2
176
     1
 64
     7
176
     1
 65
     7
176
     1
 75
     1
176
     1
175
     1
176
     1
 42
40.0
176
     1
 92
       11
176
     1
 66
     7
176
     1
 43
1.0
176
     1
 76
     1
176
     1
 77
     6
176
     1
 78
     2
176
     1
 67
     7
176
     1
 79
     6
176
     1
170
     0
176
     1
171
     0
176
     1
290
     0
176
     1
 93
        1
176
     1
 44
0.0
176
     1
173
     0
176
     1
1001
ACAD
1000
AcDbSavedByObjectVersion
1070
     0
  0
VISUALSTYLE
  5
1002A
102
{ACAD_XDICTIONARY
360
10217
102
}
102
{ACAD_REACTORS
330
1001D
102
}
330
1001D
100
AcDbVisualStyle
  2
Thicken
 70
    13
177
     2
291
     1
 71
     2
176
     1
 72
     2
176
     1
 73
     0
176
     1
 90
        0
176
     1
 40
0.6
176
     1
 41
30.0
176
     1
 63
     7
421
 16777215
176
     1
 74
     1
176
     1
 91
        4
176
     1
 64
     7
176
     1
 65
   257
176
     1
 75
     1
176
     1
175
     1
176
     1
 42
1.0
176
     1
 92
       12
176
     1
 66
     7
176
     1
 43
1.0
176
     1
 76
     1
176
     1
 77
     6
176
     1
 78
     2
176
     1
 67
     7
176
     1
 79
     5
176
     1
170
     0
176
     1
171
     0
176
     1
290
     0
176
     1
 93
        1
176
     1
 44
0.0
176
     1
173
     0
176
     1
1001
ACAD
1000
AcDbSavedByObjectVersion
1070
     0
  0
VISUALSTYLE
  5
10024
102
{ACAD_XDICTIONARY
360
1020B
102
}
102
{ACAD_REACTORS
330
1001D
102
}
330
1001D
100
AcDbVisualStyle
  2
Wireframe
 70
     5
177
     2
291
     0
 71
     0
176
     1
 72
     2
176
     1
 73
     0
176
     1
 90
        0
176
     1
 40
0.6
176
     1
 41
30.0
176
     1
 63
     7
421
 16777215
176
     1
 74
     1
176
     1
 91
        4
176
     1
 64
     7
176
     1
 65
   257
176
     1
 75
     1
176
     1
175
     1
176
     1
 42
1.0
176
     1
 92
        0
176
     1
 66
   257
176
     1
 43
1.0
176
     1
 76
     1
176
     1
 77
     6
176
     1
 78
     2
176
     1
 67
     7
176
     1
 79
     3
176
     1
170
     0
176
     1
171
     0
176
     1
290
     0
176
     1
 93
        1
176
     1
 44
0.0
176
     1
173
     0
176
     1
1001
ACAD
1000
AcDbSavedByObjectVersion
1070
     0
  0
VISUALSTYLE
  5
10030
102
{ACAD_XDICTIONARY
360
10223
102
}
102
{ACAD_REACTORS
330
1001D
102
}
330
1001D
100
AcDbVisualStyle
  2
X-Ray
 70
    25
177
     2
291
     0
 71
     2
176
     1
 72
     2
176
     1
 73
     1
176
     1
 90
        1
176
     1
 40
0.5
176
     1
 41
30.0
176
     1
 63
     7
421
 16777215
176
     1
 74
     1
176
     1
 91
        0
176
     1
 64
     7
176
     1
 65
   257
176
     1
 75
     1
176
     1
175
     1
176
     1
 42
1.0
176
     1
 92
        8
176
     1
 66
     7
176
     1
 43
1.0
176
     1
 76
     1
176
     1
 77
     6
176
     1
 78
     2
176
     1
 67
     7
176
     1
 79
     3
176
     1
170
     0
176
     1
171
     0
176
     1
290
     0
176
     1
 93
       13
176
     1
 44
0.0
176
     1
173
     0
176
     1
1001
ACAD
1000
AcDbSavedByObjectVersion
1070
     0
  0
DICTIONARYVAR
  5
10077
102
{ACAD_REACTORS
330
10071
102
}
330
10071
100
DictionaryVariables
280
     0
  1
1:1
  0
DICTIONARYVAR
  5
10073
102
{ACAD_REACTORS
330
10071
102
}
330
10071
100
DictionaryVariables
280
     0
  1
STANDARD
  0
DICTIONARYVAR
  5
10072
102
{ACAD_REACTORS
330
10071
102
}
330
10071
100
DictionaryVariables
280
     0
  1
STANDARD
  0
DICTIONARYVAR
  5
10074
102
{ACAD_REACTORS
330
10071
102
}
330
10071
100
DictionaryVariables
280
     0
  1
Imperial24
  0
DICTIONARYVAR
  5
10075
102
{ACAD_REACTORS
330
10071
102
}
330
10071
100
DictionaryVariables
280
     0
  1
Imperial24
  0
DICTIONARYVAR
  5
10079
102
{ACAD_REACTORS
330
10071
102
}
330
10071
100
DictionaryVariables
280
     0
  1
1
  0
DICTIONARYVAR
  5
1007A
102
{ACAD_REACTORS
330
10071
102
}
330
10071
100
DictionaryVariables
280
     0
  1
15
  0
DICTIONARYVAR
  5
10078
102
{ACAD_REACTORS
330
10071
102
}
330
10071
100
DictionaryVariables
280
     0
  1
0
  0
DICTIONARYVAR
  5
10076
102
{ACAD_REACTORS
330
10071
102
}
330
10071
100
DictionaryVariables
280
     0
  1
0
  0
DICTIONARY
  5
101FE
102
{ACAD_REACTORS
330
101FC
102
}
330
101FC
100
AcDbDictionary
281
     1
  0
DICTIONARY
  5
101FD
102
{ACAD_REACTORS
330
101FC
102
}
330
101FC
100
AcDbDictionary
281
     1
  3
27372549872
350
101F7
  3
27372549888
350
101F8
  3
27372549904
350
101F9
  3
27372549920
350
101FA
  3
27372549936
350
101FB
  0
DICTIONARY
  5
10231
330
10052
100
AcDbDictionary
280
     1
281
     1
  3
ACAD_XREC_ROUNDTRIP
360
10232
  0
DICTIONARY
  5
10235
330
10113
100
AcDbDictionary
280
     1
281
     1
  3
ACAD_XREC_ROUNDTRIP
360
10236
  0
DICTIONARY
  5
1000E
330
1000D
100
AcDbDictionary
280
     1
281
     1
  3
BUMPTILE
360
10010
  3
DIFFUSETILE
360
1000F
  3
OPACITYTILE
360
10013
  3
REFLECTIONTILE
360
10012
  3
REFRACTIONTILE
360
10014
  3
SPECULARTILE
360
10011
  0
DICTIONARY
  5
10006
330
10005
100
AcDbDictionary
280
     1
281
     1
  3
BUMPTILE
360
10008
  3
DIFFUSETILE
360
10007
  3
OPACITYTILE
360
1000B
  3
REFLECTIONTILE
360
1000A
  3
REFRACTIONTILE
360
1000C
  3
SPECULARTILE
360
10009
  0
DICTIONARY
  5
10016
330
10015
100
AcDbDictionary
280
     1
281
     1
  3
BUMPTILE
360
10018
  3
DIFFUSETILE
360
10017
  3
OPACITYTILE
360
1001B
  3
REFLECTIONTILE
360
1001A
  3
REFRACTIONTILE
360
1001C
  3
SPECULARTILE
360
10019
  0
DICTIONARY
  5
1022F
330
10050
100
AcDbDictionary
280
     1
281
     1
  3
ACAD_XREC_ROUNDTRIP
360
10230
  0
DICTIONARY
  5
10233
330
10112
100
AcDbDictionary
280
     1
281
     1
  3
ACAD_XREC_ROUNDTRIP
360
10234
  0
DICTIONARY
  5
101F4
330
10039
100
AcDbDictionary
280
     1
281
     1
  3
ACAD_ROUNDTRIP_2008_TABLESTYLE_CELLSTYLEMAP
360
101F5
  0
DICTIONARY
  5
10209
330
10023
100
AcDbDictionary
280
     1
281
     1
  3
ACAD_XREC_ROUNDTRIP
360
1020A
  0
DICTIONARY
  5
10207
330
10022
100
AcDbDictionary
280
     1
281
     1
  3
ACAD_XREC_ROUNDTRIP
360
10208
  0
DICTIONARY
  5
10215
330
10029
100
AcDbDictionary
280
     1
281
     1
  3
ACAD_XREC_ROUNDTRIP
360
10216
  0
DICTIONARY
  5
1021D
330
1002D
100
AcDbDictionary
280
     1
281
     1
  3
ACAD_XREC_ROUNDTRIP
360
1021E
  0
DICTIONARY
  5
1020F
330
10026
100
AcDbDictionary
280
     1
281
     1
  3
ACAD_XREC_ROUNDTRIP
360
10210
  0
DICTIONARY
  5
10213
330
10028
100
AcDbDictionary
280
     1
281
     1
  3
ACAD_XREC_ROUNDTRIP
360
10214
  0
DICTIONARY
  5
1022D
330
10035
100
AcDbDictionary
280
     1
281
     1
  3
ACAD_XREC_ROUNDTRIP
360
1022E
  0
DICTIONARY
  5
1021B
330
1002C
100
AcDbDictionary
280
     1
281
     1
  3
ACAD_XREC_ROUNDTRIP
360
1021C
  0
DICTIONARY
  5
101FF
330
1001E
100
AcDbDictionary
280
     1
281
     1
  3
ACAD_XREC_ROUNDTRIP
360
10200
  0
DICTIONARY
  5
10201
330
1001F
100
AcDbDictionary
280
     1
281
     1
  3
ACAD_XREC_ROUNDTRIP
360
10202
  0
DICTIONARY
  5
10203
330
10020
100
AcDbDictionary
280
     1
281
     1
  3
ACAD_XREC_ROUNDTRIP
360
10204
  0
DICTIONARY
  5
10205
330
10021
100
AcDbDictionary
280
     1
281
     1
  3
ACAD_XREC_ROUNDTRIP
360
10206
  0
DICTIONARY
  5
1020D
330
10025
100
AcDbDictionary
280
     1
281
     1
  3
ACAD_XREC_ROUNDTRIP
360
1020E
  0
DICTIONARY
  5
10229
330
10033
100
AcDbDictionary
280
     1
281
     1
  3
ACAD_XREC_ROUNDTRIP
360
1022A
  0
DICTIONARY
  5
10219
330
1002B
100
AcDbDictionary
280
     1
281
     1
  3
ACAD_XREC_ROUNDTRIP
360
1021A
  0
DICTIONARY
  5
1022B
330
10034
100
AcDbDictionary
280
     1
281
     1
  3
ACAD_XREC_ROUNDTRIP
360
1022C
  0
DICTIONARY
  5
10211
330
10027
100
AcDbDictionary
280
     1
281
     1
  3
ACAD_XREC_ROUNDTRIP
360
10212
  0
DICTIONARY
  5
10227
330
10032
100
AcDbDictionary
280
     1
281
     1
  3
ACAD_XREC_ROUNDTRIP
360
10228
  0
DICTIONARY
  5
10225
330
10031
100
AcDbDictionary
280
     1
281
     1
  3
ACAD_XREC_ROUNDTRIP
360
10226
  0
DICTIONARY
  5
1021F
330
1002E
100
AcDbDictionary
280
     1
281
     1
  3
ACAD_XREC_ROUNDTRIP
360
10220
  0
DICTIONARY
  5
10221
330
1002F
100
AcDbDictionary
280
     1
281
     1
  3
ACAD_XREC_ROUNDTRIP
360
10222
  0
DICTIONARY
  5
10217
330
1002A
100
AcDbDictionary
280
     1
281
     1
  3
ACAD_XREC_ROUNDTRIP
360
10218
  0
DICTIONARY
  5
1020B
330
10024
100
AcDbDictionary
280
     1
281
     1
  3
ACAD_XREC_ROUNDTRIP
360
1020C
  0
DICTIONARY
  5
10223
330
10030
100
AcDbDictionary
280
     1
281
     1
  3
ACAD_XREC_ROUNDTRIP
360
10224
  0
XRECORD
  5
101F7
102
{ACAD_REACTORS
330
101FD
102
}
330
101FD
100
AcDbXrecord
280
     1
  1
AcDb_Thumbnail_Schema
102
{ATTRRECORD
341
101F8
  2
AcDbDs::TreatedAsObjectData
280
     1
291
     1
102
ATTRRECORD}
102
{ATTRRECORD
341
101F9
  2
AcDbDs::Legacy
280
     1
291
     1
102
ATTRRECORD}
  2
AcDbDs::ID
280
    10
 91
        8
102
{ATTRRECORD
341
101FA
  2
AcDs:Indexable
280
     1
291
     1
102
ATTRRECORD}
102
{ATTRRECORD
341
101FB
  2
AcDbDs::HandleAttribute
280
     7
282
     1
102
ATTRRECORD}
  2
Thumbnail_Data
280
    15
 91
        0
  0
XRECORD
  5
101F8
102
{ACAD_REACTORS
330
101FD
102
}
330
101FD
100
AcDbXrecord
280
     1
  1
AcDbDs::TreatedAsObjectDataSchema
  2
AcDbDs::TreatedAsObjectData
280
     1
 91
        0
  0
XRECORD
  5
101F9
102
{ACAD_REACTORS
330
101FD
102
}
330
101FD
100
AcDbXrecord
280
     1
  1
AcDbDs::LegacySchema
  2
AcDbDs::Legacy
280
     1
 91
        0
  0
XRECORD
  5
101FA
102
{ACAD_REACTORS
330
101FD
102
}
330
101FD
100
AcDbXrecord
280
     1
  1
AcDbDs::IndexedPropertySchema
  2
AcDs:Indexable
280
     1
 91
        0
  0
XRECORD
  5
101FB
102
{ACAD_REACTORS
330
101FD
102
}
330
101FD
100
AcDbXrecord
280
     1
  1
AcDbDs::HandleAttributeSchema
  2
AcDbDs::HandleAttribute
280
     7
 91
        1
284
     1
  0
XRECORD
  5
10232
102
{ACAD_REACTORS
330
10231
102
}
330
10231
100
AcDbXrecord
280
     1
102
DISPLAYNAME
  1
Imperial24
102
FLAGS
 90
        0
  0
XRECORD
  5
10236
102
{ACAD_REACTORS
330
10235
102
}
330
10235
100
AcDbXrecord
280
     1
102
DISPLAYNAME
  1
Metric50
102
FLAGS
 90
        0
  0
XRECORD
  5
10010
102
{ACAD_REACTORS
330
1000E
102
}
330
1000E
100
AcDbXrecord
280
     1
270
     1
271
     1
  0
XRECORD
  5
1000F
102
{ACAD_REACTORS
330
1000E
102
}
330
1000E
100
AcDbXrecord
280
     1
270
     1
271
     1
  0
XRECORD
  5
10013
102
{ACAD_REACTORS
330
1000E
102
}
330
1000E
100
AcDbXrecord
280
     1
270
     1
271
     1
  0
XRECORD
  5
10012
102
{ACAD_REACTORS
330
1000E
102
}
330
1000E
100
AcDbXrecord
280
     1
270
     1
271
     1
  0
XRECORD
  5
10014
102
{ACAD_REACTORS
330
1000E
102
}
330
1000E
100
AcDbXrecord
280
     1
270
     1
271
     1
  0
XRECORD
  5
10011
102
{ACAD_REACTORS
330
1000E
102
}
330
1000E
100
AcDbXrecord
280
     1
270
     1
271
     1
  0
XRECORD
  5
10008
102
{ACAD_REACTORS
330
10006
102
}
330
10006
100
AcDbXrecord
280
     1
270
     1
271
     1
  0
XRECORD
  5
10007
102
{ACAD_REACTORS
330
10006
102
}
330
10006
100
AcDbXrecord
280
     1
270
     1
271
     1
  0
XRECORD
  5
1000B
102
{ACAD_REACTORS
330
10006
102
}
330
10006
100
AcDbXrecord
280
     1
270
     1
271
     1
  0
XRECORD
  5
1000A
102
{ACAD_REACTORS
330
10006
102
}
330
10006
100
AcDbXrecord
280
     1
270
     1
271
     1
  0
XRECORD
  5
1000C
102
{ACAD_REACTORS
330
10006
102
}
330
10006
100
AcDbXrecord
280
     1
270
     1
271
     1
  0
XRECORD
  5
10009
102
{ACAD_REACTORS
330
10006
102
}
330
10006
100
AcDbXrecord
280
     1
270
     1
271
     1
  0
XRECORD
  5
10018
102
{ACAD_REACTORS
330
10016
102
}
330
10016
100
AcDbXrecord
280
     1
270
     1
271
     1
  0
XRECORD
  5
10017
102
{ACAD_REACTORS
330
10016
102
}
330
10016
100
AcDbXrecord
280
     1
270
     1
271
     1
  0
XRECORD
  5
1001B
102
{ACAD_REACTORS
330
10016
102
}
330
10016
100
AcDbXrecord
280
     1
270
     1
271
     1
  0
XRECORD
  5
1001A
102
{ACAD_REACTORS
330
10016
102
}
330
10016
100
AcDbXrecord
280
     1
270
     1
271
     1
  0
XRECORD
  5
1001C
102
{ACAD_REACTORS
330
10016
102
}
330
10016
100
AcDbXrecord
280
     1
270
     1
271
     1
  0
XRECORD
  5
10019
102
{ACAD_REACTORS
330
10016
102
}
330
10016
100
AcDbXrecord
280
     1
270
     1
271
     1
  0
XRECORD
  5
10230
102
{ACAD_REACTORS
330
1022F
102
}
330
1022F
100
AcDbXrecord
280
     1
102
DISPLAYNAME
  1
Imperial24
102
FLAGS
 90
        0
  0
XRECORD
  5
10234
102
{ACAD_REACTORS
330
10233
102
}
330
10233
100
AcDbXrecord
280
     1
102
DISPLAYNAME
  1
Metric50
102
FLAGS
 90
        0
  0
CELLSTYLEMAP
  5
101F5
102
{ACAD_REACTORS
330
101F4
102
}
330
101F4
100
AcDbCellStyleMap
 90
        3
300
CELLSTYLE
  1
TABLEFORMAT_BEGIN
 90
        5
170
     1
 91
        0
 92
    32768
 62
   257
 93
        1
300
CONTENTFORMAT
  1
CONTENTFORMAT_BEGIN
 90
        0
 91
        0
 92
      512
 93
        0
300

 40
0.0
140
1.0
 94
        5
 62
     0
340
11
144
0.25
309
CONTENTFORMAT_END
171
     0
 94
        0
309
TABLEFORMAT_END
  1
CELLSTYLE_BEGIN
 90
        1
 91
        1
300
_TITLE
309
CELLSTYLE_END
300
CELLSTYLE
  1
TABLEFORMAT_BEGIN
 90
        5
170
     1
 91
        0
 92
        0
 62
   257
 93
        1
300
CONTENTFORMAT
  1
CONTENTFORMAT_BEGIN
 90
        0
 91
        0
 92
      512
 93
        0
300

 40
0.0
140
1.0
 94
        5
 62
     0
340
11
144
0.18
309
CONTENTFORMAT_END
171
     0
 94
        0
309
TABLEFORMAT_END
  1
CELLSTYLE_BEGIN
 90
        2
 91
        1
300
_HEADER
309
CELLSTYLE_END
300
CELLSTYLE
  1
TABLEFORMAT_BEGIN
 90
        5
170
     1
 91
        0
 92
        0
 62
   257
 93
        1
300
CONTENTFORMAT
  1
CONTENTFORMAT_BEGIN
 90
        0
 91
        0
 92
      512
 93
        0
300

 40
0.0
140
1.0
 94
        2
 62
     0
340
11
144
0.18
309
CONTENTFORMAT_END
171
     0
 94
        0
309
TABLEFORMAT_END
  1
CELLSTYLE_BEGIN
 90
        3
 91
        2
300
_DATA
309
CELLSTYLE_END
  0
XRECORD
  5
1020A
102
{ACAD_REACTORS
330
10209
102
}
330
10209
100
AcDbXrecord
280
     1
102
RTVSPost2010Prop28
280
     1
102
RTVSPost2010PropOp28
 70
     1
102
RTVSPost2010Prop29
280
     1
102
RTVSPost2010PropOp29
 70
     1
102
RTVSPost2010Prop30
280
     0
102
RTVSPost2010PropOp30
 70
     1
102
RTVSPost2010Prop31
280
     0
102
RTVSPost2010PropOp31
 70
     1
102
RTVSPost2010Prop32
280
     0
102
RTVSPost2010PropOp32
 70
     1
102
RTVSPost2010Prop33
280
     0
102
RTVSPost2010PropOp33
 70
     1
102
RTVSPost2010Prop34
280
     0
102
RTVSPost2010PropOp34
 70
     1
102
RTVSPost2010Prop35
280
     0
102
RTVSPost2010PropOp35
 70
     1
102
RTVSPost2010Prop36
280
     0
102
RTVSPost2010PropOp36
 70
     1
102
RTVSPost2010Prop37
 90
       50
102
RTVSPost2010PropOp37
 70
     1
102
RTVSPost2010Prop38
140
0.0
102
RTVSPost2010PropOp38
 70
     1
102
RTVSPost2010Prop39
140
1.0
102
RTVSPost2010PropOp39
 70
     1
102
RTVSPost2010Prop40
 90
        0
102
RTVSPost2010PropOp40
 70
     1
102
RTVSPost2010Prop41ColorIndex
 90
       18
102
RTVSPost2010Prop41ColorRGB
 90
        0
102
RTVSPost2010PropOp41
 70
     1
102
RTVSPost2010Prop42
 90
       50
102
RTVSPost2010PropOp42
 70
     1
102
RTVSPost2010Prop43
 90
        3
102
RTVSPost2010PropOp43
 70
     1
102
RTVSPost2010Prop44ColorIndex
 90
        5
102
RTVSPost2010Prop44ColorRGB
 90
      255
102
RTVSPost2010PropOp44
 70
     1
102
RTVSPost2010Prop45
280
     0
102
RTVSPost2010PropOp45
 70
     1
102
RTVSPost2010Prop46
 90
       50
102
RTVSPost2010PropOp46
 70
     1
102
RTVSPost2010Prop47
 90
       50
102
RTVSPost2010PropOp47
 70
     1
102
RTVSPost2010Prop48
 90
       50
102
RTVSPost2010PropOp48
 70
     1
102
RTVSPost2010Prop49
280
     0
102
RTVSPost2010PropOp49
 70
     1
102
RTVSPost2010Prop50
 90
       50
102
RTVSPost2010PropOp50
 70
     1
102
RTVSPost2010Prop51ColorIndex
 90
      256
102
RTVSPost2010Prop51ColorRGB
 90
-16777216
102
RTVSPost2010PropOp51
 70
     0
102
RTVSPost2010Prop52
140
1.0
102
RTVSPost2010PropOp52
 70
     0
102
RTVSPost2010Prop53
 90
        2
102
RTVSPost2010PropOp53
 70
     1
102
RTVSPost2010Prop54
  1
strokes_ogs.tif
102
RTVSPost2010PropOp54
 70
     1
102
RTVSPost2010Prop55
280
     0
102
RTVSPost2010PropOp55
 70
     1
102
RTVSPost2010Prop56
140
1.0
102
RTVSPost2010PropOp56
 70
     1
102
RTVSPost2010Prop57
140
1.0
102
RTVSPost2010PropOp57
 70
     1
  0
XRECORD
  5
10208
102
{ACAD_REACTORS
330
10207
102
}
330
10207
100
AcDbXrecord
280
     1
102
RTVSPost2010Prop28
280
     0
102
RTVSPost2010PropOp28
 70
     1
102
RTVSPost2010Prop29
280
     1
102
RTVSPost2010PropOp29
 70
     1
102
RTVSPost2010Prop30
280
     1
102
RTVSPost2010PropOp30
 70
     1
102
RTVSPost2010Prop31
280
     0
102
RTVSPost2010PropOp31
 70
     1
102
RTVSPost2010Prop32
280
     0
102
RTVSPost2010PropOp32
 70
     1
102
RTVSPost2010Prop33
280
     0
102
RTVSPost2010PropOp33
 70
     1
102
RTVSPost2010Prop34
280
     0
102
RTVSPost2010PropOp34
 70
     1
102
RTVSPost2010Prop35
280
     0
102
RTVSPost2010PropOp35
 70
     1
102
RTVSPost2010Prop36
280
     0
102
RTVSPost2010PropOp36
 70
     1
102
RTVSPost2010Prop37
 90
       50
102
RTVSPost2010PropOp37
 70
     1
102
RTVSPost2010Prop38
140
0.0
102
RTVSPost2010PropOp38
 70
     1
102
RTVSPost2010Prop39
140
1.0
102
RTVSPost2010PropOp39
 70
     1
102
RTVSPost2010Prop40
 90
        0
102
RTVSPost2010PropOp40
 70
     1
102
RTVSPost2010Prop41ColorIndex
 90
       18
102
RTVSPost2010Prop41ColorRGB
 90
        0
102
RTVSPost2010PropOp41
 70
     1
102
RTVSPost2010Prop42
 90
       50
102
RTVSPost2010PropOp42
 70
     1
102
RTVSPost2010Prop43
 90
        3
102
RTVSPost2010PropOp43
 70
     1
102
RTVSPost2010Prop44ColorIndex
 90
        5
102
RTVSPost2010Prop44ColorRGB
 90
      255
102
RTVSPost2010PropOp44
 70
     1
102
RTVSPost2010Prop45
280
     0
102
RTVSPost2010PropOp45
 70
     1
102
RTVSPost2010Prop46
 90
       50
102
RTVSPost2010PropOp46
 70
     1
102
RTVSPost2010Prop47
 90
       50
102
RTVSPost2010PropOp47
 70
     1
102
RTVSPost2010Prop48
 90
       50
102
RTVSPost2010PropOp48
 70
     1
102
RTVSPost2010Prop49
280
     0
102
RTVSPost2010PropOp49
 70
     1
102
RTVSPost2010Prop50
 90
       50
102
RTVSPost2010PropOp50
 70
     1
102
RTVSPost2010Prop51ColorIndex
 90
      256
102
RTVSPost2010Prop51ColorRGB
 90
-16777216
102
RTVSPost2010PropOp51
 70
     0
102
RTVSPost2010Prop52
140
1.0
102
RTVSPost2010PropOp52
 70
     0
102
RTVSPost2010Prop53
 90
        2
102
RTVSPost2010PropOp53
 70
     1
102
RTVSPost2010Prop54
  1
strokes_ogs.tif
102
RTVSPost2010PropOp54
 70
     1
102
RTVSPost2010Prop55
280
     0
102
RTVSPost2010PropOp55
 70
     1
102
RTVSPost2010Prop56
140
1.0
102
RTVSPost2010PropOp56
 70
     1
102
RTVSPost2010Prop57
140
1.0
102
RTVSPost2010PropOp57
 70
     1
  0
XRECORD
  5
10216
102
{ACAD_REACTORS
330
10215
102
}
330
10215
100
AcDbXrecord
280
     1
102
RTVSPost2010Prop28
280
     0
102
RTVSPost2010PropOp28
 70
     1
102
RTVSPost2010Prop29
280
     1
102
RTVSPost2010PropOp29
 70
     1
102
RTVSPost2010Prop30
280
     1
102
RTVSPost2010PropOp30
 70
     1
102
RTVSPost2010Prop31
280
     0
102
RTVSPost2010PropOp31
 70
     1
102
RTVSPost2010Prop32
280
     0
102
RTVSPost2010PropOp32
 70
     1
102
RTVSPost2010Prop33
280
     0
102
RTVSPost2010PropOp33
 70
     1
102
RTVSPost2010Prop34
280
     0
102
RTVSPost2010PropOp34
 70
     1
102
RTVSPost2010Prop35
280
     0
102
RTVSPost2010PropOp35
 70
     1
102
RTVSPost2010Prop36
280
     0
102
RTVSPost2010PropOp36
 70
     1
102
RTVSPost2010Prop37
 90
       50
102
RTVSPost2010PropOp37
 70
     1
102
RTVSPost2010Prop38
140
0.0
102
RTVSPost2010PropOp38
 70
     1
102
RTVSPost2010Prop39
140
1.0
102
RTVSPost2010PropOp39
 70
     1
102
RTVSPost2010Prop40
 90
        0
102
RTVSPost2010PropOp40
 70
     1
102
RTVSPost2010Prop41ColorIndex
 90
       18
102
RTVSPost2010Prop41ColorRGB
 90
        0
102
RTVSPost2010PropOp41
 70
     1
102
RTVSPost2010Prop42
 90
       50
102
RTVSPost2010PropOp42
 70
     1
102
RTVSPost2010Prop43
 90
        3
102
RTVSPost2010PropOp43
 70
     1
102
RTVSPost2010Prop44ColorIndex
 90
        5
102
RTVSPost2010Prop44ColorRGB
 90
      255
102
RTVSPost2010PropOp44
 70
     1
102
RTVSPost2010Prop45
280
     0
102
RTVSPost2010PropOp45
 70
     1
102
RTVSPost2010Prop46
 90
       50
102
RTVSPost2010PropOp46
 70
     1
102
RTVSPost2010Prop47
 90
       50
102
RTVSPost2010PropOp47
 70
     1
102
RTVSPost2010Prop48
 90
       50
102
RTVSPost2010PropOp48
 70
     1
102
RTVSPost2010Prop49
280
     0
102
RTVSPost2010PropOp49
 70
     1
102
RTVSPost2010Prop50
 90
       50
102
RTVSPost2010PropOp50
 70
     1
102
RTVSPost2010Prop51ColorIndex
 90
      256
102
RTVSPost2010Prop51ColorRGB
 90
-16777216
102
RTVSPost2010PropOp51
 70
     0
102
RTVSPost2010Prop52
140
1.0
102
RTVSPost2010PropOp52
 70
     0
102
RTVSPost2010Prop53
 90
        2
102
RTVSPost2010PropOp53
 70
     1
102
RTVSPost2010Prop54
  1
strokes_ogs.tif
102
RTVSPost2010PropOp54
 70
     1
102
RTVSPost2010Prop55
280
     0
102
RTVSPost2010PropOp55
 70
     1
102
RTVSPost2010Prop56
140
1.0
102
RTVSPost2010PropOp56
 70
     1
102
RTVSPost2010Prop57
140
1.0
102
RTVSPost2010PropOp57
 70
     1
  0
XRECORD
  5
1021E
102
{ACAD_REACTORS
330
1021D
102
}
330
1021D
100
AcDbXrecord
280
     1
102
RTVSPost2010Prop28
280
     0
102
RTVSPost2010PropOp28
 70
     1
102
RTVSPost2010Prop29
280
     1
102
RTVSPost2010PropOp29
 70
     1
102
RTVSPost2010Prop30
280
     1
102
RTVSPost2010PropOp30
 70
     1
102
RTVSPost2010Prop31
280
     0
102
RTVSPost2010PropOp31
 70
     1
102
RTVSPost2010Prop32
280
     0
102
RTVSPost2010PropOp32
 70
     1
102
RTVSPost2010Prop33
280
     0
102
RTVSPost2010PropOp33
 70
     1
102
RTVSPost2010Prop34
280
     0
102
RTVSPost2010PropOp34
 70
     1
102
RTVSPost2010Prop35
280
     0
102
RTVSPost2010PropOp35
 70
     1
102
RTVSPost2010Prop36
280
     0
102
RTVSPost2010PropOp36
 70
     1
102
RTVSPost2010Prop37
 90
       50
102
RTVSPost2010PropOp37
 70
     1
102
RTVSPost2010Prop38
140
0.0
102
RTVSPost2010PropOp38
 70
     1
102
RTVSPost2010Prop39
140
1.0
102
RTVSPost2010PropOp39
 70
     1
102
RTVSPost2010Prop40
 90
        0
102
RTVSPost2010PropOp40
 70
     1
102
RTVSPost2010Prop41ColorIndex
 90
       18
102
RTVSPost2010Prop41ColorRGB
 90
        0
102
RTVSPost2010PropOp41
 70
     1
102
RTVSPost2010Prop42
 90
       50
102
RTVSPost2010PropOp42
 70
     1
102
RTVSPost2010Prop43
 90
        3
102
RTVSPost2010PropOp43
 70
     1
102
RTVSPost2010Prop44ColorIndex
 90
        5
102
RTVSPost2010Prop44ColorRGB
 90
      255
102
RTVSPost2010PropOp44
 70
     1
102
RTVSPost2010Prop45
280
     0
102
RTVSPost2010PropOp45
 70
     1
102
RTVSPost2010Prop46
 90
       50
102
RTVSPost2010PropOp46
 70
     1
102
RTVSPost2010Prop47
 90
       50
102
RTVSPost2010PropOp47
 70
     1
102
RTVSPost2010Prop48
 90
       50
102
RTVSPost2010PropOp48
 70
     1
102
RTVSPost2010Prop49
280
     0
102
RTVSPost2010PropOp49
 70
     1
102
RTVSPost2010Prop50
 90
       50
102
RTVSPost2010PropOp50
 70
     1
102
RTVSPost2010Prop51ColorIndex
 90
      256
102
RTVSPost2010Prop51ColorRGB
 90
-16777216
102
RTVSPost2010PropOp51
 70
     0
102
RTVSPost2010Prop52
140
1.0
102
RTVSPost2010PropOp52
 70
     0
102
RTVSPost2010Prop53
 90
        2
102
RTVSPost2010PropOp53
 70
     1
102
RTVSPost2010Prop54
  1
strokes_ogs.tif
102
RTVSPost2010PropOp54
 70
     1
102
RTVSPost2010Prop55
280
     0
102
RTVSPost2010PropOp55
 70
     1
102
RTVSPost2010Prop56
140
1.0
102
RTVSPost2010PropOp56
 70
     1
102
RTVSPost2010Prop57
140
1.0
102
RTVSPost2010PropOp57
 70
     1
  0
XRECORD
  5
10210
102
{ACAD_REACTORS
330
1020F
102
}
330
1020F
100
AcDbXrecord
280
     1
102
RTVSPost2010Prop28
280
     0
102
RTVSPost2010PropOp28
 70
     1
102
RTVSPost2010Prop29
280
     1
102
RTVSPost2010PropOp29
 70
     1
102
RTVSPost2010Prop30
280
     1
102
RTVSPost2010PropOp30
 70
     1
102
RTVSPost2010Prop31
280
     0
102
RTVSPost2010PropOp31
 70
     1
102
RTVSPost2010Prop32
280
     0
102
RTVSPost2010PropOp32
 70
     1
102
RTVSPost2010Prop33
280
     0
102
RTVSPost2010PropOp33
 70
     1
102
RTVSPost2010Prop34
280
     0
102
RTVSPost2010PropOp34
 70
     1
102
RTVSPost2010Prop35
280
     0
102
RTVSPost2010PropOp35
 70
     1
102
RTVSPost2010Prop36
280
     0
102
RTVSPost2010PropOp36
 70
     1
102
RTVSPost2010Prop37
 90
       50
102
RTVSPost2010PropOp37
 70
     1
102
RTVSPost2010Prop38
140
0.0
102
RTVSPost2010PropOp38
 70
     1
102
RTVSPost2010Prop39
140
1.0
102
RTVSPost2010PropOp39
 70
     1
102
RTVSPost2010Prop40
 90
        0
102
RTVSPost2010PropOp40
 70
     1
102
RTVSPost2010Prop41ColorIndex
 90
       18
102
RTVSPost2010Prop41ColorRGB
 90
        0
102
RTVSPost2010PropOp41
 70
     1
102
RTVSPost2010Prop42
 90
       50
102
RTVSPost2010PropOp42
 70
     1
102
RTVSPost2010Prop43
 90
        3
102
RTVSPost2010PropOp43
 70
     1
102
RTVSPost2010Prop44ColorIndex
 90
        5
102
RTVSPost2010Prop44ColorRGB
 90
      255
102
RTVSPost2010PropOp44
 70
     1
102
RTVSPost2010Prop45
280
     0
102
RTVSPost2010PropOp45
 70
     1
102
RTVSPost2010Prop46
 90
       50
102
RTVSPost2010PropOp46
 70
     1
102
RTVSPost2010Prop47
 90
       50
102
RTVSPost2010PropOp47
 70
     1
102
RTVSPost2010Prop48
 90
       50
102
RTVSPost2010PropOp48
 70
     1
102
RTVSPost2010Prop49
280
     0
102
RTVSPost2010PropOp49
 70
     1
102
RTVSPost2010Prop50
 90
       50
102
RTVSPost2010PropOp50
 70
     1
102
RTVSPost2010Prop51ColorIndex
 90
      256
102
RTVSPost2010Prop51ColorRGB
 90
-16777216
102
RTVSPost2010PropOp51
 70
     0
102
RTVSPost2010Prop52
140
1.0
102
RTVSPost2010PropOp52
 70
     0
102
RTVSPost2010Prop53
 90
        2
102
RTVSPost2010PropOp53
 70
     1
102
RTVSPost2010Prop54
  1
strokes_ogs.tif
102
RTVSPost2010PropOp54
 70
     1
102
RTVSPost2010Prop55
280
     0
102
RTVSPost2010PropOp55
 70
     1
102
RTVSPost2010Prop56
140
1.0
102
RTVSPost2010PropOp56
 70
     1
102
RTVSPost2010Prop57
140
1.0
102
RTVSPost2010PropOp57
 70
     1
  0
XRECORD
  5
10214
102
{ACAD_REACTORS
330
10213
102
}
330
10213
100
AcDbXrecord
280
     1
102
RTVSPost2010Prop28
280
     0
102
RTVSPost2010PropOp28
 70
     1
102
RTVSPost2010Prop29
280
     1
102
RTVSPost2010PropOp29
 70
     1
102
RTVSPost2010Prop30
280
     1
102
RTVSPost2010PropOp30
 70
     1
102
RTVSPost2010Prop31
280
     0
102
RTVSPost2010PropOp31
 70
     1
102
RTVSPost2010Prop32
280
     0
102
RTVSPost2010PropOp32
 70
     1
102
RTVSPost2010Prop33
280
     0
102
RTVSPost2010PropOp33
 70
     1
102
RTVSPost2010Prop34
280
     0
102
RTVSPost2010PropOp34
 70
     1
102
RTVSPost2010Prop35
280
     0
102
RTVSPost2010PropOp35
 70
     1
102
RTVSPost2010Prop36
280
     0
102
RTVSPost2010PropOp36
 70
     1
102
RTVSPost2010Prop37
 90
       50
102
RTVSPost2010PropOp37
 70
     1
102
RTVSPost2010Prop38
140
0.0
102
RTVSPost2010PropOp38
 70
     1
102
RTVSPost2010Prop39
140
1.0
102
RTVSPost2010PropOp39
 70
     1
102
RTVSPost2010Prop40
 90
        0
102
RTVSPost2010PropOp40
 70
     1
102
RTVSPost2010Prop41ColorIndex
 90
       18
102
RTVSPost2010Prop41ColorRGB
 90
        0
102
RTVSPost2010PropOp41
 70
     1
102
RTVSPost2010Prop42
 90
       50
102
RTVSPost2010PropOp42
 70
     1
102
RTVSPost2010Prop43
 90
        3
102
RTVSPost2010PropOp43
 70
     1
102
RTVSPost2010Prop44ColorIndex
 90
        5
102
RTVSPost2010Prop44ColorRGB
 90
      255
102
RTVSPost2010PropOp44
 70
     1
102
RTVSPost2010Prop45
280
     0
102
RTVSPost2010PropOp45
 70
     1
102
RTVSPost2010Prop46
 90
       50
102
RTVSPost2010PropOp46
 70
     1
102
RTVSPost2010Prop47
 90
       50
102
RTVSPost2010PropOp47
 70
     1
102
RTVSPost2010Prop48
 90
       50
102
RTVSPost2010PropOp48
 70
     1
102
RTVSPost2010Prop49
280
     0
102
RTVSPost2010PropOp49
 70
     1
102
RTVSPost2010Prop50
 90
       50
102
RTVSPost2010PropOp50
 70
     1
102
RTVSPost2010Prop51ColorIndex
 90
      256
102
RTVSPost2010Prop51ColorRGB
 90
-16777216
102
RTVSPost2010PropOp51
 70
     0
102
RTVSPost2010Prop52
140
1.0
102
RTVSPost2010PropOp52
 70
     0
102
RTVSPost2010Prop53
 90
        2
102
RTVSPost2010PropOp53
 70
     1
102
RTVSPost2010Prop54
  1
strokes_ogs.tif
102
RTVSPost2010PropOp54
 70
     1
102
RTVSPost2010Prop55
280
     0
102
RTVSPost2010PropOp55
 70
     1
102
RTVSPost2010Prop56
140
1.0
102
RTVSPost2010PropOp56
 70
     1
102
RTVSPost2010Prop57
140
1.0
102
RTVSPost2010PropOp57
 70
     1
  0
XRECORD
  5
1022E
102
{ACAD_REACTORS
330
1022D
102
}
330
1022D
100
AcDbXrecord
280
     1
102
RTVSPost2010Prop28
280
     0
102
RTVSPost2010PropOp28
 70
     1
102
RTVSPost2010Prop29
280
     1
102
RTVSPost2010PropOp29
 70
     1
102
RTVSPost2010Prop30
280
     1
102
RTVSPost2010PropOp30
 70
     1
102
RTVSPost2010Prop31
280
     0
102
RTVSPost2010PropOp31
 70
     1
102
RTVSPost2010Prop32
280
     0
102
RTVSPost2010PropOp32
 70
     1
102
RTVSPost2010Prop33
280
     0
102
RTVSPost2010PropOp33
 70
     1
102
RTVSPost2010Prop34
280
     0
102
RTVSPost2010PropOp34
 70
     1
102
RTVSPost2010Prop35
280
     0
102
RTVSPost2010PropOp35
 70
     1
102
RTVSPost2010Prop36
280
     0
102
RTVSPost2010PropOp36
 70
     1
102
RTVSPost2010Prop37
 90
       50
102
RTVSPost2010PropOp37
 70
     0
102
RTVSPost2010Prop38
140
0.0
102
RTVSPost2010PropOp38
 70
     0
102
RTVSPost2010Prop39
140
1.0
102
RTVSPost2010PropOp39
 70
     0
102
RTVSPost2010Prop40
 90
        0
102
RTVSPost2010PropOp40
 70
     0
102
RTVSPost2010Prop41ColorIndex
 90
       18
102
RTVSPost2010Prop41ColorRGB
 90
        0
102
RTVSPost2010PropOp41
 70
     0
102
RTVSPost2010Prop42
 90
       50
102
RTVSPost2010PropOp42
 70
     0
102
RTVSPost2010Prop43
 90
        3
102
RTVSPost2010PropOp43
 70
     0
102
RTVSPost2010Prop44ColorIndex
 90
        5
102
RTVSPost2010Prop44ColorRGB
 90
      255
102
RTVSPost2010PropOp44
 70
     0
102
RTVSPost2010Prop45
280
     0
102
RTVSPost2010PropOp45
 70
     1
102
RTVSPost2010Prop46
 90
       50
102
RTVSPost2010PropOp46
 70
     0
102
RTVSPost2010Prop47
 90
       50
102
RTVSPost2010PropOp47
 70
     0
102
RTVSPost2010Prop48
 90
       50
102
RTVSPost2010PropOp48
 70
     0
102
RTVSPost2010Prop49
280
     0
102
RTVSPost2010PropOp49
 70
     1
102
RTVSPost2010Prop50
 90
       50
102
RTVSPost2010PropOp50
 70
     0
102
RTVSPost2010Prop51ColorIndex
 90
      256
102
RTVSPost2010Prop51ColorRGB
 90
-16777216
102
RTVSPost2010PropOp51
 70
     0
102
RTVSPost2010Prop52
140
1.0
102
RTVSPost2010PropOp52
 70
     0
102
RTVSPost2010Prop53
 90
        2
102
RTVSPost2010PropOp53
 70
     0
102
RTVSPost2010Prop54
  1
strokes_ogs.tif
102
RTVSPost2010PropOp54
 70
     0
102
RTVSPost2010Prop55
280
     0
102
RTVSPost2010PropOp55
 70
     1
102
RTVSPost2010Prop56
140
1.0
102
RTVSPost2010PropOp56
 70
     0
102
RTVSPost2010Prop57
140
1.0
102
RTVSPost2010PropOp57
 70
     0
  0
XRECORD
  5
1021C
102
{ACAD_REACTORS
330
1021B
102
}
330
1021B
100
AcDbXrecord
280
     1
102
RTVSPost2010Prop28
280
     0
102
RTVSPost2010PropOp28
 70
     1
102
RTVSPost2010Prop29
280
     1
102
RTVSPost2010PropOp29
 70
     1
102
RTVSPost2010Prop30
280
     1
102
RTVSPost2010PropOp30
 70
     1
102
RTVSPost2010Prop31
280
     0
102
RTVSPost2010PropOp31
 70
     1
102
RTVSPost2010Prop32
280
     0
102
RTVSPost2010PropOp32
 70
     1
102
RTVSPost2010Prop33
280
     0
102
RTVSPost2010PropOp33
 70
     1
102
RTVSPost2010Prop34
280
     0
102
RTVSPost2010PropOp34
 70
     1
102
RTVSPost2010Prop35
280
     0
102
RTVSPost2010PropOp35
 70
     1
102
RTVSPost2010Prop36
280
     0
102
RTVSPost2010PropOp36
 70
     1
102
RTVSPost2010Prop37
 90
       50
102
RTVSPost2010PropOp37
 70
     1
102
RTVSPost2010Prop38
140
0.0
102
RTVSPost2010PropOp38
 70
     1
102
RTVSPost2010Prop39
140
1.0
102
RTVSPost2010PropOp39
 70
     1
102
RTVSPost2010Prop40
 90
        0
102
RTVSPost2010PropOp40
 70
     1
102
RTVSPost2010Prop41ColorIndex
 90
       18
102
RTVSPost2010Prop41ColorRGB
 90
        0
102
RTVSPost2010PropOp41
 70
     1
102
RTVSPost2010Prop42
 90
       50
102
RTVSPost2010PropOp42
 70
     1
102
RTVSPost2010Prop43
 90
        3
102
RTVSPost2010PropOp43
 70
     1
102
RTVSPost2010Prop44ColorIndex
 90
        5
102
RTVSPost2010Prop44ColorRGB
 90
      255
102
RTVSPost2010PropOp44
 70
     1
102
RTVSPost2010Prop45
280
     0
102
RTVSPost2010PropOp45
 70
     1
102
RTVSPost2010Prop46
 90
       50
102
RTVSPost2010PropOp46
 70
     1
102
RTVSPost2010Prop47
 90
       50
102
RTVSPost2010PropOp47
 70
     1
102
RTVSPost2010Prop48
 90
       50
102
RTVSPost2010PropOp48
 70
     1
102
RTVSPost2010Prop49
280
     0
102
RTVSPost2010PropOp49
 70
     1
102
RTVSPost2010Prop50
 90
       50
102
RTVSPost2010PropOp50
 70
     1
102
RTVSPost2010Prop51ColorIndex
 90
      256
102
RTVSPost2010Prop51ColorRGB
 90
-16777216
102
RTVSPost2010PropOp51
 70
     0
102
RTVSPost2010Prop52
140
1.0
102
RTVSPost2010PropOp52
 70
     0
102
RTVSPost2010Prop53
 90
        2
102
RTVSPost2010PropOp53
 70
     1
102
RTVSPost2010Prop54
  1
strokes_ogs.tif
102
RTVSPost2010PropOp54
 70
     1
102
RTVSPost2010Prop55
280
     0
102
RTVSPost2010PropOp55
 70
     1
102
RTVSPost2010Prop56
140
1.0
102
RTVSPost2010PropOp56
 70
     1
102
RTVSPost2010Prop57
140
1.0
102
RTVSPost2010PropOp57
 70
     1
  0
XRECORD
  5
10200
102
{ACAD_REACTORS
330
101FF
102
}
330
101FF
100
AcDbXrecord
280
     1
102
RTVSPost2010Prop28
280
     0
102
RTVSPost2010PropOp28
 70
     1
102
RTVSPost2010Prop29
280
     1
102
RTVSPost2010PropOp29
 70
     1
102
RTVSPost2010Prop30
280
     1
102
RTVSPost2010PropOp30
 70
     1
102
RTVSPost2010Prop31
280
     0
102
RTVSPost2010PropOp31
 70
     1
102
RTVSPost2010Prop32
280
     0
102
RTVSPost2010PropOp32
 70
     1
102
RTVSPost2010Prop33
280
     0
102
RTVSPost2010PropOp33
 70
     1
102
RTVSPost2010Prop34
280
     0
102
RTVSPost2010PropOp34
 70
     1
102
RTVSPost2010Prop35
280
     0
102
RTVSPost2010PropOp35
 70
     1
102
RTVSPost2010Prop36
280
     0
102
RTVSPost2010PropOp36
 70
     1
102
RTVSPost2010Prop37
 90
       50
102
RTVSPost2010PropOp37
 70
     1
102
RTVSPost2010Prop38
140
0.0
102
RTVSPost2010PropOp38
 70
     1
102
RTVSPost2010Prop39
140
1.0
102
RTVSPost2010PropOp39
 70
     1
102
RTVSPost2010Prop40
 90
        0
102
RTVSPost2010PropOp40
 70
     1
102
RTVSPost2010Prop41ColorIndex
 90
       18
102
RTVSPost2010Prop41ColorRGB
 90
        0
102
RTVSPost2010PropOp41
 70
     1
102
RTVSPost2010Prop42
 90
       50
102
RTVSPost2010PropOp42
 70
     1
102
RTVSPost2010Prop43
 90
        3
102
RTVSPost2010PropOp43
 70
     1
102
RTVSPost2010Prop44ColorIndex
 90
        5
102
RTVSPost2010Prop44ColorRGB
 90
      255
102
RTVSPost2010PropOp44
 70
     1
102
RTVSPost2010Prop45
280
     0
102
RTVSPost2010PropOp45
 70
     1
102
RTVSPost2010Prop46
 90
       50
102
RTVSPost2010PropOp46
 70
     1
102
RTVSPost2010Prop47
 90
       50
102
RTVSPost2010PropOp47
 70
     1
102
RTVSPost2010Prop48
 90
       50
102
RTVSPost2010PropOp48
 70
     1
102
RTVSPost2010Prop49
280
     0
102
RTVSPost2010PropOp49
 70
     1
102
RTVSPost2010Prop50
 90
       50
102
RTVSPost2010PropOp50
 70
     1
102
RTVSPost2010Prop51ColorIndex
 90
      256
102
RTVSPost2010Prop51ColorRGB
 90
-16777216
102
RTVSPost2010PropOp51
 70
     0
102
RTVSPost2010Prop52
140
1.0
102
RTVSPost2010PropOp52
 70
     0
102
RTVSPost2010Prop53
 90
        2
102
RTVSPost2010PropOp53
 70
     1
102
RTVSPost2010Prop54
  1
strokes_ogs.tif
102
RTVSPost2010PropOp54
 70
     1
102
RTVSPost2010Prop55
280
     0
102
RTVSPost2010PropOp55
 70
     1
102
RTVSPost2010Prop56
140
1.0
102
RTVSPost2010PropOp56
 70
     1
102
RTVSPost2010Prop57
140
1.0
102
RTVSPost2010PropOp57
 70
     1
  0
XRECORD
  5
10202
102
{ACAD_REACTORS
330
10201
102
}
330
10201
100
AcDbXrecord
280
     1
102
RTVSPost2010Prop28
280
     0
102
RTVSPost2010PropOp28
 70
     1
102
RTVSPost2010Prop29
280
     1
102
RTVSPost2010PropOp29
 70
     1
102
RTVSPost2010Prop30
280
     1
102
RTVSPost2010PropOp30
 70
     1
102
RTVSPost2010Prop31
280
     0
102
RTVSPost2010PropOp31
 70
     1
102
RTVSPost2010Prop32
280
     0
102
RTVSPost2010PropOp32
 70
     1
102
RTVSPost2010Prop33
280
     0
102
RTVSPost2010PropOp33
 70
     1
102
RTVSPost2010Prop34
280
     0
102
RTVSPost2010PropOp34
 70
     1
102
RTVSPost2010Prop35
280
     0
102
RTVSPost2010PropOp35
 70
     1
102
RTVSPost2010Prop36
280
     0
102
RTVSPost2010PropOp36
 70
     1
102
RTVSPost2010Prop37
 90
       50
102
RTVSPost2010PropOp37
 70
     1
102
RTVSPost2010Prop38
140
0.0
102
RTVSPost2010PropOp38
 70
     1
102
RTVSPost2010Prop39
140
1.0
102
RTVSPost2010PropOp39
 70
     1
102
RTVSPost2010Prop40
 90
        0
102
RTVSPost2010PropOp40
 70
     1
102
RTVSPost2010Prop41ColorIndex
 90
       18
102
RTVSPost2010Prop41ColorRGB
 90
        0
102
RTVSPost2010PropOp41
 70
     1
102
RTVSPost2010Prop42
 90
       50
102
RTVSPost2010PropOp42
 70
     1
102
RTVSPost2010Prop43
 90
        3
102
RTVSPost2010PropOp43
 70
     1
102
RTVSPost2010Prop44ColorIndex
 90
        5
102
RTVSPost2010Prop44ColorRGB
 90
      255
102
RTVSPost2010PropOp44
 70
     1
102
RTVSPost2010Prop45
280
     0
102
RTVSPost2010PropOp45
 70
     1
102
RTVSPost2010Prop46
 90
       50
102
RTVSPost2010PropOp46
 70
     1
102
RTVSPost2010Prop47
 90
       50
102
RTVSPost2010PropOp47
 70
     1
102
RTVSPost2010Prop48
 90
       50
102
RTVSPost2010PropOp48
 70
     1
102
RTVSPost2010Prop49
280
     0
102
RTVSPost2010PropOp49
 70
     1
102
RTVSPost2010Prop50
 90
       50
102
RTVSPost2010PropOp50
 70
     1
102
RTVSPost2010Prop51ColorIndex
 90
      256
102
RTVSPost2010Prop51ColorRGB
 90
-16777216
102
RTVSPost2010PropOp51
 70
     0
102
RTVSPost2010Prop52
140
1.0
102
RTVSPost2010PropOp52
 70
     0
102
RTVSPost2010Prop53
 90
        2
102
RTVSPost2010PropOp53
 70
     1
102
RTVSPost2010Prop54
  1
strokes_ogs.tif
102
RTVSPost2010PropOp54
 70
     1
102
RTVSPost2010Prop55
280
     0
102
RTVSPost2010PropOp55
 70
     1
102
RTVSPost2010Prop56
140
1.0
102
RTVSPost2010PropOp56
 70
     1
102
RTVSPost2010Prop57
140
1.0
102
RTVSPost2010PropOp57
 70
     1
  0
XRECORD
  5
10204
102
{ACAD_REACTORS
330
10203
102
}
330
10203
100
AcDbXrecord
280
     1
102
RTVSPost2010Prop28
280
     0
102
RTVSPost2010PropOp28
 70
     1
102
RTVSPost2010Prop29
280
     1
102
RTVSPost2010PropOp29
 70
     1
102
RTVSPost2010Prop30
280
     1
102
RTVSPost2010PropOp30
 70
     1
102
RTVSPost2010Prop31
280
     0
102
RTVSPost2010PropOp31
 70
     1
102
RTVSPost2010Prop32
280
     0
102
RTVSPost2010PropOp32
 70
     1
102
RTVSPost2010Prop33
280
     0
102
RTVSPost2010PropOp33
 70
     1
102
RTVSPost2010Prop34
280
     0
102
RTVSPost2010PropOp34
 70
     1
102
RTVSPost2010Prop35
280
     0
102
RTVSPost2010PropOp35
 70
     1
102
RTVSPost2010Prop36
280
     0
102
RTVSPost2010PropOp36
 70
     1
102
RTVSPost2010Prop37
 90
       50
102
RTVSPost2010PropOp37
 70
     1
102
RTVSPost2010Prop38
140
0.0
102
RTVSPost2010PropOp38
 70
     1
102
RTVSPost2010Prop39
140
1.0
102
RTVSPost2010PropOp39
 70
     1
102
RTVSPost2010Prop40
 90
        0
102
RTVSPost2010PropOp40
 70
     1
102
RTVSPost2010Prop41ColorIndex
 90
       18
102
RTVSPost2010Prop41ColorRGB
 90
        0
102
RTVSPost2010PropOp41
 70
     1
102
RTVSPost2010Prop42
 90
       50
102
RTVSPost2010PropOp42
 70
     1
102
RTVSPost2010Prop43
 90
        3
102
RTVSPost2010PropOp43
 70
     1
102
RTVSPost2010Prop44ColorIndex
 90
        5
102
RTVSPost2010Prop44ColorRGB
 90
      255
102
RTVSPost2010PropOp44
 70
     1
102
RTVSPost2010Prop45
280
     0
102
RTVSPost2010PropOp45
 70
     1
102
RTVSPost2010Prop46
 90
       50
102
RTVSPost2010PropOp46
 70
     1
102
RTVSPost2010Prop47
 90
       50
102
RTVSPost2010PropOp47
 70
     1
102
RTVSPost2010Prop48
 90
       50
102
RTVSPost2010PropOp48
 70
     1
102
RTVSPost2010Prop49
280
     0
102
RTVSPost2010PropOp49
 70
     1
102
RTVSPost2010Prop50
 90
       50
102
RTVSPost2010PropOp50
 70
     1
102
RTVSPost2010Prop51ColorIndex
 90
      256
102
RTVSPost2010Prop51ColorRGB
 90
-16777216
102
RTVSPost2010PropOp51
 70
     0
102
RTVSPost2010Prop52
140
1.0
102
RTVSPost2010PropOp52
 70
     0
102
RTVSPost2010Prop53
 90
        2
102
RTVSPost2010PropOp53
 70
     1
102
RTVSPost2010Prop54
  1
strokes_ogs.tif
102
RTVSPost2010PropOp54
 70
     1
102
RTVSPost2010Prop55
280
     0
102
RTVSPost2010PropOp55
 70
     1
102
RTVSPost2010Prop56
140
1.0
102
RTVSPost2010PropOp56
 70
     1
102
RTVSPost2010Prop57
140
1.0
102
RTVSPost2010PropOp57
 70
     1
  0
XRECORD
  5
10206
102
{ACAD_REACTORS
330
10205
102
}
330
10205
100
AcDbXrecord
280
     1
102
RTVSPost2010Prop28
280
     0
102
RTVSPost2010PropOp28
 70
     1
102
RTVSPost2010Prop29
280
     1
102
RTVSPost2010PropOp29
 70
     1
102
RTVSPost2010Prop30
280
     1
102
RTVSPost2010PropOp30
 70
     1
102
RTVSPost2010Prop31
280
     0
102
RTVSPost2010PropOp31
 70
     1
102
RTVSPost2010Prop32
280
     0
102
RTVSPost2010PropOp32
 70
     1
102
RTVSPost2010Prop33
280
     0
102
RTVSPost2010PropOp33
 70
     1
102
RTVSPost2010Prop34
280
     0
102
RTVSPost2010PropOp34
 70
     1
102
RTVSPost2010Prop35
280
     0
102
RTVSPost2010PropOp35
 70
     1
102
RTVSPost2010Prop36
280
     0
102
RTVSPost2010PropOp36
 70
     1
102
RTVSPost2010Prop37
 90
       50
102
RTVSPost2010PropOp37
 70
     1
102
RTVSPost2010Prop38
140
0.0
102
RTVSPost2010PropOp38
 70
     1
102
RTVSPost2010Prop39
140
1.0
102
RTVSPost2010PropOp39
 70
     1
102
RTVSPost2010Prop40
 90
        0
102
RTVSPost2010PropOp40
 70
     1
102
RTVSPost2010Prop41ColorIndex
 90
       18
102
RTVSPost2010Prop41ColorRGB
 90
        0
102
RTVSPost2010PropOp41
 70
     1
102
RTVSPost2010Prop42
 90
       50
102
RTVSPost2010PropOp42
 70
     1
102
RTVSPost2010Prop43
 90
        3
102
RTVSPost2010PropOp43
 70
     1
102
RTVSPost2010Prop44ColorIndex
 90
        5
102
RTVSPost2010Prop44ColorRGB
 90
      255
102
RTVSPost2010PropOp44
 70
     1
102
RTVSPost2010Prop45
280
     0
102
RTVSPost2010PropOp45
 70
     1
102
RTVSPost2010Prop46
 90
       50
102
RTVSPost2010PropOp46
 70
     1
102
RTVSPost2010Prop47
 90
       50
102
RTVSPost2010PropOp47
 70
     1
102
RTVSPost2010Prop48
 90
       50
102
RTVSPost2010PropOp48
 70
     1
102
RTVSPost2010Prop49
280
     0
102
RTVSPost2010PropOp49
 70
     1
102
RTVSPost2010Prop50
 90
       50
102
RTVSPost2010PropOp50
 70
     1
102
RTVSPost2010Prop51ColorIndex
 90
      256
102
RTVSPost2010Prop51ColorRGB
 90
-16777216
102
RTVSPost2010PropOp51
 70
     0
102
RTVSPost2010Prop52
140
1.0
102
RTVSPost2010PropOp52
 70
     0
102
RTVSPost2010Prop53
 90
        2
102
RTVSPost2010PropOp53
 70
     1
102
RTVSPost2010Prop54
  1
strokes_ogs.tif
102
RTVSPost2010PropOp54
 70
     1
102
RTVSPost2010Prop55
280
     0
102
RTVSPost2010PropOp55
 70
     1
102
RTVSPost2010Prop56
140
1.0
102
RTVSPost2010PropOp56
 70
     1
102
RTVSPost2010Prop57
140
1.0
102
RTVSPost2010PropOp57
 70
     1
  0
XRECORD
  5
1020E
102
{ACAD_REACTORS
330
1020D
102
}
330
1020D
100
AcDbXrecord
280
     1
102
RTVSPost2010Prop28
280
     0
102
RTVSPost2010PropOp28
 70
     1
102
RTVSPost2010Prop29
280
     1
102
RTVSPost2010PropOp29
 70
     1
102
RTVSPost2010Prop30
280
     1
102
RTVSPost2010PropOp30
 70
     1
102
RTVSPost2010Prop31
280
     0
102
RTVSPost2010PropOp31
 70
     1
102
RTVSPost2010Prop32
280
     0
102
RTVSPost2010PropOp32
 70
     1
102
RTVSPost2010Prop33
280
     0
102
RTVSPost2010PropOp33
 70
     1
102
RTVSPost2010Prop34
280
     0
102
RTVSPost2010PropOp34
 70
     1
102
RTVSPost2010Prop35
280
     0
102
RTVSPost2010PropOp35
 70
     1
102
RTVSPost2010Prop36
280
     0
102
RTVSPost2010PropOp36
 70
     1
102
RTVSPost2010Prop37
 90
       50
102
RTVSPost2010PropOp37
 70
     1
102
RTVSPost2010Prop38
140
0.0
102
RTVSPost2010PropOp38
 70
     1
102
RTVSPost2010Prop39
140
1.0
102
RTVSPost2010PropOp39
 70
     1
102
RTVSPost2010Prop40
 90
        0
102
RTVSPost2010PropOp40
 70
     1
102
RTVSPost2010Prop41ColorIndex
 90
       18
102
RTVSPost2010Prop41ColorRGB
 90
        0
102
RTVSPost2010PropOp41
 70
     1
102
RTVSPost2010Prop42
 90
       50
102
RTVSPost2010PropOp42
 70
     1
102
RTVSPost2010Prop43
 90
        3
102
RTVSPost2010PropOp43
 70
     1
102
RTVSPost2010Prop44ColorIndex
 90
        5
102
RTVSPost2010Prop44ColorRGB
 90
      255
102
RTVSPost2010PropOp44
 70
     1
102
RTVSPost2010Prop45
280
     0
102
RTVSPost2010PropOp45
 70
     1
102
RTVSPost2010Prop46
 90
       50
102
RTVSPost2010PropOp46
 70
     1
102
RTVSPost2010Prop47
 90
       50
102
RTVSPost2010PropOp47
 70
     1
102
RTVSPost2010Prop48
 90
       50
102
RTVSPost2010PropOp48
 70
     1
102
RTVSPost2010Prop49
280
     0
102
RTVSPost2010PropOp49
 70
     1
102
RTVSPost2010Prop50
 90
       50
102
RTVSPost2010PropOp50
 70
     1
102
RTVSPost2010Prop51ColorIndex
 90
      256
102
RTVSPost2010Prop51ColorRGB
 90
-16777216
102
RTVSPost2010PropOp51
 70
     0
102
RTVSPost2010Prop52
140
1.0
102
RTVSPost2010PropOp52
 70
     0
102
RTVSPost2010Prop53
 90
        2
102
RTVSPost2010PropOp53
 70
     1
102
RTVSPost2010Prop54
  1
strokes_ogs.tif
102
RTVSPost2010PropOp54
 70
     1
102
RTVSPost2010Prop55
280
     0
102
RTVSPost2010PropOp55
 70
     1
102
RTVSPost2010Prop56
140
1.0
102
RTVSPost2010PropOp56
 70
     1
102
RTVSPost2010Prop57
140
1.0
102
RTVSPost2010PropOp57
 70
     1
  0
XRECORD
  5
1022A
102
{ACAD_REACTORS
330
10229
102
}
330
10229
100
AcDbXrecord
280
     1
102
RTVSPost2010Prop28
280
     0
102
RTVSPost2010PropOp28
 70
     1
102
RTVSPost2010Prop29
280
     1
102
RTVSPost2010PropOp29
 70
     1
102
RTVSPost2010Prop30
280
     1
102
RTVSPost2010PropOp30
 70
     1
102
RTVSPost2010Prop31
280
     0
102
RTVSPost2010PropOp31
 70
     1
102
RTVSPost2010Prop32
280
     0
102
RTVSPost2010PropOp32
 70
     1
102
RTVSPost2010Prop33
280
     0
102
RTVSPost2010PropOp33
 70
     1
102
RTVSPost2010Prop34
280
     0
102
RTVSPost2010PropOp34
 70
     1
102
RTVSPost2010Prop35
280
     0
102
RTVSPost2010PropOp35
 70
     1
102
RTVSPost2010Prop36
280
     0
102
RTVSPost2010PropOp36
 70
     1
102
RTVSPost2010Prop37
 90
       50
102
RTVSPost2010PropOp37
 70
     0
102
RTVSPost2010Prop38
140
0.0
102
RTVSPost2010PropOp38
 70
     0
102
RTVSPost2010Prop39
140
1.0
102
RTVSPost2010PropOp39
 70
     0
102
RTVSPost2010Prop40
 90
        0
102
RTVSPost2010PropOp40
 70
     0
102
RTVSPost2010Prop41ColorIndex
 90
       18
102
RTVSPost2010Prop41ColorRGB
 90
        0
102
RTVSPost2010PropOp41
 70
     0
102
RTVSPost2010Prop42
 90
       50
102
RTVSPost2010PropOp42
 70
     0
102
RTVSPost2010Prop43
 90
        3
102
RTVSPost2010PropOp43
 70
     0
102
RTVSPost2010Prop44ColorIndex
 90
        5
102
RTVSPost2010Prop44ColorRGB
 90
      255
102
RTVSPost2010PropOp44
 70
     0
102
RTVSPost2010Prop45
280
     0
102
RTVSPost2010PropOp45
 70
     1
102
RTVSPost2010Prop46
 90
       50
102
RTVSPost2010PropOp46
 70
     0
102
RTVSPost2010Prop47
 90
       50
102
RTVSPost2010PropOp47
 70
     0
102
RTVSPost2010Prop48
 90
       50
102
RTVSPost2010PropOp48
 70
     0
102
RTVSPost2010Prop49
280
     0
102
RTVSPost2010PropOp49
 70
     1
102
RTVSPost2010Prop50
 90
       50
102
RTVSPost2010PropOp50
 70
     0
102
RTVSPost2010Prop51ColorIndex
 90
      256
102
RTVSPost2010Prop51ColorRGB
 90
-16777216
102
RTVSPost2010PropOp51
 70
     0
102
RTVSPost2010Prop52
140
1.0
102
RTVSPost2010PropOp52
 70
     0
102
RTVSPost2010Prop53
 90
        2
102
RTVSPost2010PropOp53
 70
     0
102
RTVSPost2010Prop54
  1
strokes_ogs.tif
102
RTVSPost2010PropOp54
 70
     0
102
RTVSPost2010Prop55
280
     0
102
RTVSPost2010PropOp55
 70
     1
102
RTVSPost2010Prop56
140
1.0
102
RTVSPost2010PropOp56
 70
     0
102
RTVSPost2010Prop57
140
1.0
102
RTVSPost2010PropOp57
 70
     0
  0
XRECORD
  5
1021A
102
{ACAD_REACTORS
330
10219
102
}
330
10219
100
AcDbXrecord
280
     1
102
RTVSPost2010Prop28
280
     0
102
RTVSPost2010PropOp28
 70
     1
102
RTVSPost2010Prop29
280
     1
102
RTVSPost2010PropOp29
 70
     1
102
RTVSPost2010Prop30
280
     1
102
RTVSPost2010PropOp30
 70
     1
102
RTVSPost2010Prop31
280
     0
102
RTVSPost2010PropOp31
 70
     1
102
RTVSPost2010Prop32
280
     0
102
RTVSPost2010PropOp32
 70
     1
102
RTVSPost2010Prop33
280
     0
102
RTVSPost2010PropOp33
 70
     1
102
RTVSPost2010Prop34
280
     0
102
RTVSPost2010PropOp34
 70
     1
102
RTVSPost2010Prop35
280
     0
102
RTVSPost2010PropOp35
 70
     1
102
RTVSPost2010Prop36
280
     0
102
RTVSPost2010PropOp36
 70
     1
102
RTVSPost2010Prop37
 90
       50
102
RTVSPost2010PropOp37
 70
     1
102
RTVSPost2010Prop38
140
0.0
102
RTVSPost2010PropOp38
 70
     1
102
RTVSPost2010Prop39
140
1.0
102
RTVSPost2010PropOp39
 70
     1
102
RTVSPost2010Prop40
 90
        0
102
RTVSPost2010PropOp40
 70
     1
102
RTVSPost2010Prop41ColorIndex
 90
       18
102
RTVSPost2010Prop41ColorRGB
 90
        0
102
RTVSPost2010PropOp41
 70
     1
102
RTVSPost2010Prop42
 90
       50
102
RTVSPost2010PropOp42
 70
     1
102
RTVSPost2010Prop43
 90
        3
102
RTVSPost2010PropOp43
 70
     1
102
RTVSPost2010Prop44ColorIndex
 90
        5
102
RTVSPost2010Prop44ColorRGB
 90
      255
102
RTVSPost2010PropOp44
 70
     1
102
RTVSPost2010Prop45
280
     0
102
RTVSPost2010PropOp45
 70
     1
102
RTVSPost2010Prop46
 90
       50
102
RTVSPost2010PropOp46
 70
     1
102
RTVSPost2010Prop47
 90
       50
102
RTVSPost2010PropOp47
 70
     1
102
RTVSPost2010Prop48
 90
       50
102
RTVSPost2010PropOp48
 70
     1
102
RTVSPost2010Prop49
280
     0
102
RTVSPost2010PropOp49
 70
     1
102
RTVSPost2010Prop50
 90
       50
102
RTVSPost2010PropOp50
 70
     1
102
RTVSPost2010Prop51ColorIndex
 90
      256
102
RTVSPost2010Prop51ColorRGB
 90
-16777216
102
RTVSPost2010PropOp51
 70
     0
102
RTVSPost2010Prop52
140
1.0
102
RTVSPost2010PropOp52
 70
     0
102
RTVSPost2010Prop53
 90
        2
102
RTVSPost2010PropOp53
 70
     1
102
RTVSPost2010Prop54
  1
strokes_ogs.tif
102
RTVSPost2010PropOp54
 70
     1
102
RTVSPost2010Prop55
280
     0
102
RTVSPost2010PropOp55
 70
     1
102
RTVSPost2010Prop56
140
1.0
102
RTVSPost2010PropOp56
 70
     1
102
RTVSPost2010Prop57
140
1.0
102
RTVSPost2010PropOp57
 70
     1
  0
XRECORD
  5
1022C
102
{ACAD_REACTORS
330
1022B
102
}
330
1022B
100
AcDbXrecord
280
     1
102
RTVSPost2010Prop28
280
     0
102
RTVSPost2010PropOp28
 70
     1
102
RTVSPost2010Prop29
280
     1
102
RTVSPost2010PropOp29
 70
     1
102
RTVSPost2010Prop30
280
     1
102
RTVSPost2010PropOp30
 70
     1
102
RTVSPost2010Prop31
280
     0
102
RTVSPost2010PropOp31
 70
     1
102
RTVSPost2010Prop32
280
     0
102
RTVSPost2010PropOp32
 70
     1
102
RTVSPost2010Prop33
280
     0
102
RTVSPost2010PropOp33
 70
     1
102
RTVSPost2010Prop34
280
     0
102
RTVSPost2010PropOp34
 70
     1
102
RTVSPost2010Prop35
280
     0
102
RTVSPost2010PropOp35
 70
     1
102
RTVSPost2010Prop36
280
     0
102
RTVSPost2010PropOp36
 70
     1
102
RTVSPost2010Prop37
 90
       50
102
RTVSPost2010PropOp37
 70
     0
102
RTVSPost2010Prop38
140
0.0
102
RTVSPost2010PropOp38
 70
     0
102
RTVSPost2010Prop39
140
1.0
102
RTVSPost2010PropOp39
 70
     0
102
RTVSPost2010Prop40
 90
        0
102
RTVSPost2010PropOp40
 70
     0
102
RTVSPost2010Prop41ColorIndex
 90
       18
102
RTVSPost2010Prop41ColorRGB
 90
        0
102
RTVSPost2010PropOp41
 70
     0
102
RTVSPost2010Prop42
 90
       50
102
RTVSPost2010PropOp42
 70
     0
102
RTVSPost2010Prop43
 90
        3
102
RTVSPost2010PropOp43
 70
     0
102
RTVSPost2010Prop44ColorIndex
 90
        5
102
RTVSPost2010Prop44ColorRGB
 90
      255
102
RTVSPost2010PropOp44
 70
     0
102
RTVSPost2010Prop45
280
     0
102
RTVSPost2010PropOp45
 70
     1
102
RTVSPost2010Prop46
 90
       50
102
RTVSPost2010PropOp46
 70
     0
102
RTVSPost2010Prop47
 90
       50
102
RTVSPost2010PropOp47
 70
     0
102
RTVSPost2010Prop48
 90
       50
102
RTVSPost2010PropOp48
 70
     0
102
RTVSPost2010Prop49
280
     0
102
RTVSPost2010PropOp49
 70
     1
102
RTVSPost2010Prop50
 90
       50
102
RTVSPost2010PropOp50
 70
     0
102
RTVSPost2010Prop51ColorIndex
 90
      256
102
RTVSPost2010Prop51ColorRGB
 90
-16777216
102
RTVSPost2010PropOp51
 70
     0
102
RTVSPost2010Prop52
140
1.0
102
RTVSPost2010PropOp52
 70
     0
102
RTVSPost2010Prop53
 90
        2
102
RTVSPost2010PropOp53
 70
     0
102
RTVSPost2010Prop54
  1
strokes_ogs.tif
102
RTVSPost2010PropOp54
 70
     0
102
RTVSPost2010Prop55
280
     0
102
RTVSPost2010PropOp55
 70
     1
102
RTVSPost2010Prop56
140
1.0
102
RTVSPost2010PropOp56
 70
     0
102
RTVSPost2010Prop57
140
1.0
102
RTVSPost2010PropOp57
 70
     0
  0
XRECORD
  5
10212
102
{ACAD_REACTORS
330
10211
102
}
330
10211
100
AcDbXrecord
280
     1
102
RTVSPost2010Prop28
280
     0
102
RTVSPost2010PropOp28
 70
     1
102
RTVSPost2010Prop29
280
     1
102
RTVSPost2010PropOp29
 70
     1
102
RTVSPost2010Prop30
280
     1
102
RTVSPost2010PropOp30
 70
     1
102
RTVSPost2010Prop31
280
     0
102
RTVSPost2010PropOp31
 70
     1
102
RTVSPost2010Prop32
280
     0
102
RTVSPost2010PropOp32
 70
     1
102
RTVSPost2010Prop33
280
     0
102
RTVSPost2010PropOp33
 70
     1
102
RTVSPost2010Prop34
280
     0
102
RTVSPost2010PropOp34
 70
     1
102
RTVSPost2010Prop35
280
     0
102
RTVSPost2010PropOp35
 70
     1
102
RTVSPost2010Prop36
280
     0
102
RTVSPost2010PropOp36
 70
     1
102
RTVSPost2010Prop37
 90
       50
102
RTVSPost2010PropOp37
 70
     1
102
RTVSPost2010Prop38
140
0.0
102
RTVSPost2010PropOp38
 70
     1
102
RTVSPost2010Prop39
140
1.0
102
RTVSPost2010PropOp39
 70
     1
102
RTVSPost2010Prop40
 90
        0
102
RTVSPost2010PropOp40
 70
     1
102
RTVSPost2010Prop41ColorIndex
 90
       18
102
RTVSPost2010Prop41ColorRGB
 90
        0
102
RTVSPost2010PropOp41
 70
     1
102
RTVSPost2010Prop42
 90
       50
102
RTVSPost2010PropOp42
 70
     1
102
RTVSPost2010Prop43
 90
        3
102
RTVSPost2010PropOp43
 70
     1
102
RTVSPost2010Prop44ColorIndex
 90
        5
102
RTVSPost2010Prop44ColorRGB
 90
      255
102
RTVSPost2010PropOp44
 70
     1
102
RTVSPost2010Prop45
280
     0
102
RTVSPost2010PropOp45
 70
     1
102
RTVSPost2010Prop46
 90
       50
102
RTVSPost2010PropOp46
 70
     1
102
RTVSPost2010Prop47
 90
       50
102
RTVSPost2010PropOp47
 70
     1
102
RTVSPost2010Prop48
 90
       50
102
RTVSPost2010PropOp48
 70
     1
102
RTVSPost2010Prop49
280
     0
102
RTVSPost2010PropOp49
 70
     1
102
RTVSPost2010Prop50
 90
       50
102
RTVSPost2010PropOp50
 70
     1
102
RTVSPost2010Prop51ColorIndex
 90
      256
102
RTVSPost2010Prop51ColorRGB
 90
-16777216
102
RTVSPost2010PropOp51
 70
     0
102
RTVSPost2010Prop52
140
1.0
102
RTVSPost2010PropOp52
 70
     0
102
RTVSPost2010Prop53
 90
        2
102
RTVSPost2010PropOp53
 70
     1
102
RTVSPost2010Prop54
  1
strokes_ogs.tif
102
RTVSPost2010PropOp54
 70
     1
102
RTVSPost2010Prop55
280
     0
102
RTVSPost2010PropOp55
 70
     1
102
RTVSPost2010Prop56
140
1.0
102
RTVSPost2010PropOp56
 70
     1
102
RTVSPost2010Prop57
140
1.0
102
RTVSPost2010PropOp57
 70
     1
  0
XRECORD
  5
10228
102
{ACAD_REACTORS
330
10227
102
}
330
10227
100
AcDbXrecord
280
     1
102
RTVSPost2010Prop28
280
     0
102
RTVSPost2010PropOp28
 70
     1
102
RTVSPost2010Prop29
280
     1
102
RTVSPost2010PropOp29
 70
     1
102
RTVSPost2010Prop30
280
     1
102
RTVSPost2010PropOp30
 70
     1
102
RTVSPost2010Prop31
280
     0
102
RTVSPost2010PropOp31
 70
     1
102
RTVSPost2010Prop32
280
     0
102
RTVSPost2010PropOp32
 70
     1
102
RTVSPost2010Prop33
280
     0
102
RTVSPost2010PropOp33
 70
     1
102
RTVSPost2010Prop34
280
     0
102
RTVSPost2010PropOp34
 70
     1
102
RTVSPost2010Prop35
280
     0
102
RTVSPost2010PropOp35
 70
     1
102
RTVSPost2010Prop36
280
     0
102
RTVSPost2010PropOp36
 70
     1
102
RTVSPost2010Prop37
 90
       50
102
RTVSPost2010PropOp37
 70
     1
102
RTVSPost2010Prop38
140
0.0
102
RTVSPost2010PropOp38
 70
     1
102
RTVSPost2010Prop39
140
1.0
102
RTVSPost2010PropOp39
 70
     1
102
RTVSPost2010Prop40
 90
        0
102
RTVSPost2010PropOp40
 70
     1
102
RTVSPost2010Prop41ColorIndex
 90
       18
102
RTVSPost2010Prop41ColorRGB
 90
        0
102
RTVSPost2010PropOp41
 70
     1
102
RTVSPost2010Prop42
 90
       50
102
RTVSPost2010PropOp42
 70
     1
102
RTVSPost2010Prop43
 90
        3
102
RTVSPost2010PropOp43
 70
     1
102
RTVSPost2010Prop44ColorIndex
 90
        5
102
RTVSPost2010Prop44ColorRGB
 90
      255
102
RTVSPost2010PropOp44
 70
     1
102
RTVSPost2010Prop45
280
     0
102
RTVSPost2010PropOp45
 70
     1
102
RTVSPost2010Prop46
 90
       50
102
RTVSPost2010PropOp46
 70
     1
102
RTVSPost2010Prop47
 90
       50
102
RTVSPost2010PropOp47
 70
     1
102
RTVSPost2010Prop48
 90
       50
102
RTVSPost2010PropOp48
 70
     1
102
RTVSPost2010Prop49
280
     0
102
RTVSPost2010PropOp49
 70
     1
102
RTVSPost2010Prop50
 90
       50
102
RTVSPost2010PropOp50
 70
     1
102
RTVSPost2010Prop51ColorIndex
 90
      256
102
RTVSPost2010Prop51ColorRGB
 90
-16777216
102
RTVSPost2010PropOp51
 70
     0
102
RTVSPost2010Prop52
140
1.0
102
RTVSPost2010PropOp52
 70
     0
102
RTVSPost2010Prop53
 90
        2
102
RTVSPost2010PropOp53
 70
     1
102
RTVSPost2010Prop54
  1
strokes_ogs.tif
102
RTVSPost2010PropOp54
 70
     1
102
RTVSPost2010Prop55
280
     0
102
RTVSPost2010PropOp55
 70
     1
102
RTVSPost2010Prop56
140
1.0
102
RTVSPost2010PropOp56
 70
     1
102
RTVSPost2010Prop57
140
1.0
102
RTVSPost2010PropOp57
 70
     1
  0
XRECORD
  5
10226
102
{ACAD_REACTORS
330
10225
102
}
330
10225
100
AcDbXrecord
280
     1
102
RTVSPost2010Prop28
280
     0
102
RTVSPost2010PropOp28
 70
     1
102
RTVSPost2010Prop29
280
     1
102
RTVSPost2010PropOp29
 70
     1
102
RTVSPost2010Prop30
280
     1
102
RTVSPost2010PropOp30
 70
     1
102
RTVSPost2010Prop31
280
     0
102
RTVSPost2010PropOp31
 70
     1
102
RTVSPost2010Prop32
280
     0
102
RTVSPost2010PropOp32
 70
     1
102
RTVSPost2010Prop33
280
     0
102
RTVSPost2010PropOp33
 70
     1
102
RTVSPost2010Prop34
280
     0
102
RTVSPost2010PropOp34
 70
     1
102
RTVSPost2010Prop35
280
     0
102
RTVSPost2010PropOp35
 70
     1
102
RTVSPost2010Prop36
280
     0
102
RTVSPost2010PropOp36
 70
     1
102
RTVSPost2010Prop37
 90
       50
102
RTVSPost2010PropOp37
 70
     1
102
RTVSPost2010Prop38
140
0.0
102
RTVSPost2010PropOp38
 70
     1
102
RTVSPost2010Prop39
140
1.0
102
RTVSPost2010PropOp39
 70
     1
102
RTVSPost2010Prop40
 90
        0
102
RTVSPost2010PropOp40
 70
     1
102
RTVSPost2010Prop41ColorIndex
 90
       18
102
RTVSPost2010Prop41ColorRGB
 90
        0
102
RTVSPost2010PropOp41
 70
     1
102
RTVSPost2010Prop42
 90
       50
102
RTVSPost2010PropOp42
 70
     1
102
RTVSPost2010Prop43
 90
        3
102
RTVSPost2010PropOp43
 70
     1
102
RTVSPost2010Prop44ColorIndex
 90
        5
102
RTVSPost2010Prop44ColorRGB
 90
      255
102
RTVSPost2010PropOp44
 70
     1
102
RTVSPost2010Prop45
280
     0
102
RTVSPost2010PropOp45
 70
     1
102
RTVSPost2010Prop46
 90
       50
102
RTVSPost2010PropOp46
 70
     1
102
RTVSPost2010Prop47
 90
       50
102
RTVSPost2010PropOp47
 70
     1
102
RTVSPost2010Prop48
 90
       50
102
RTVSPost2010PropOp48
 70
     1
102
RTVSPost2010Prop49
280
     0
102
RTVSPost2010PropOp49
 70
     1
102
RTVSPost2010Prop50
 90
       50
102
RTVSPost2010PropOp50
 70
     1
102
RTVSPost2010Prop51ColorIndex
 90
      256
102
RTVSPost2010Prop51ColorRGB
 90
-16777216
102
RTVSPost2010PropOp51
 70
     0
102
RTVSPost2010Prop52
140
1.0
102
RTVSPost2010PropOp52
 70
     0
102
RTVSPost2010Prop53
 90
        2
102
RTVSPost2010PropOp53
 70
     1
102
RTVSPost2010Prop54
  1
strokes_ogs.tif
102
RTVSPost2010PropOp54
 70
     1
102
RTVSPost2010Prop55
280
     0
102
RTVSPost2010PropOp55
 70
     1
102
RTVSPost2010Prop56
140
1.0
102
RTVSPost2010PropOp56
 70
     1
102
RTVSPost2010Prop57
140
1.0
102
RTVSPost2010PropOp57
 70
     1
  0
XRECORD
  5
10220
102
{ACAD_REACTORS
330
1021F
102
}
330
1021F
100
AcDbXrecord
280
     1
102
RTVSPost2010Prop28
280
     0
102
RTVSPost2010PropOp28
 70
     1
102
RTVSPost2010Prop29
280
     1
102
RTVSPost2010PropOp29
 70
     1
102
RTVSPost2010Prop30
280
     1
102
RTVSPost2010PropOp30
 70
     1
102
RTVSPost2010Prop31
280
     0
102
RTVSPost2010PropOp31
 70
     1
102
RTVSPost2010Prop32
280
     0
102
RTVSPost2010PropOp32
 70
     1
102
RTVSPost2010Prop33
280
     0
102
RTVSPost2010PropOp33
 70
     1
102
RTVSPost2010Prop34
280
     0
102
RTVSPost2010PropOp34
 70
     1
102
RTVSPost2010Prop35
280
     0
102
RTVSPost2010PropOp35
 70
     1
102
RTVSPost2010Prop36
280
     0
102
RTVSPost2010PropOp36
 70
     1
102
RTVSPost2010Prop37
 90
       50
102
RTVSPost2010PropOp37
 70
     1
102
RTVSPost2010Prop38
140
0.0
102
RTVSPost2010PropOp38
 70
     1
102
RTVSPost2010Prop39
140
1.0
102
RTVSPost2010PropOp39
 70
     1
102
RTVSPost2010Prop40
 90
        0
102
RTVSPost2010PropOp40
 70
     1
102
RTVSPost2010Prop41ColorIndex
 90
       18
102
RTVSPost2010Prop41ColorRGB
 90
        0
102
RTVSPost2010PropOp41
 70
     1
102
RTVSPost2010Prop42
 90
       50
102
RTVSPost2010PropOp42
 70
     1
102
RTVSPost2010Prop43
 90
        3
102
RTVSPost2010PropOp43
 70
     1
102
RTVSPost2010Prop44ColorIndex
 90
        5
102
RTVSPost2010Prop44ColorRGB
 90
      255
102
RTVSPost2010PropOp44
 70
     1
102
RTVSPost2010Prop45
280
     0
102
RTVSPost2010PropOp45
 70
     1
102
RTVSPost2010Prop46
 90
       50
102
RTVSPost2010PropOp46
 70
     1
102
RTVSPost2010Prop47
 90
       50
102
RTVSPost2010PropOp47
 70
     1
102
RTVSPost2010Prop48
 90
       50
102
RTVSPost2010PropOp48
 70
     1
102
RTVSPost2010Prop49
280
     0
102
RTVSPost2010PropOp49
 70
     1
102
RTVSPost2010Prop50
 90
       50
102
RTVSPost2010PropOp50
 70
     1
102
RTVSPost2010Prop51ColorIndex
 90
      256
102
RTVSPost2010Prop51ColorRGB
 90
-16777216
102
RTVSPost2010PropOp51
 70
     0
102
RTVSPost2010Prop52
140
1.0
102
RTVSPost2010PropOp52
 70
     0
102
RTVSPost2010Prop53
 90
        2
102
RTVSPost2010PropOp53
 70
     1
102
RTVSPost2010Prop54
  1
strokes_ogs.tif
102
RTVSPost2010PropOp54
 70
     1
102
RTVSPost2010Prop55
280
     0
102
RTVSPost2010PropOp55
 70
     1
102
RTVSPost2010Prop56
140
1.0
102
RTVSPost2010PropOp56
 70
     1
102
RTVSPost2010Prop57
140
1.0
102
RTVSPost2010PropOp57
 70
     1
  0
XRECORD
  5
10222
102
{ACAD_REACTORS
330
10221
102
}
330
10221
100
AcDbXrecord
280
     1
102
RTVSPost2010Prop28
280
     0
102
RTVSPost2010PropOp28
 70
     1
102
RTVSPost2010Prop29
280
     1
102
RTVSPost2010PropOp29
 70
     1
102
RTVSPost2010Prop30
280
     1
102
RTVSPost2010PropOp30
 70
     1
102
RTVSPost2010Prop31
280
     0
102
RTVSPost2010PropOp31
 70
     1
102
RTVSPost2010Prop32
280
     0
102
RTVSPost2010PropOp32
 70
     1
102
RTVSPost2010Prop33
280
     0
102
RTVSPost2010PropOp33
 70
     1
102
RTVSPost2010Prop34
280
     0
102
RTVSPost2010PropOp34
 70
     1
102
RTVSPost2010Prop35
280
     0
102
RTVSPost2010PropOp35
 70
     1
102
RTVSPost2010Prop36
280
     0
102
RTVSPost2010PropOp36
 70
     1
102
RTVSPost2010Prop37
 90
       50
102
RTVSPost2010PropOp37
 70
     1
102
RTVSPost2010Prop38
140
0.0
102
RTVSPost2010PropOp38
 70
     1
102
RTVSPost2010Prop39
140
1.0
102
RTVSPost2010PropOp39
 70
     1
102
RTVSPost2010Prop40
 90
        0
102
RTVSPost2010PropOp40
 70
     1
102
RTVSPost2010Prop41ColorIndex
 90
       18
102
RTVSPost2010Prop41ColorRGB
 90
        0
102
RTVSPost2010PropOp41
 70
     1
102
RTVSPost2010Prop42
 90
       50
102
RTVSPost2010PropOp42
 70
     1
102
RTVSPost2010Prop43
 90
        3
102
RTVSPost2010PropOp43
 70
     1
102
RTVSPost2010Prop44ColorIndex
 90
        5
102
RTVSPost2010Prop44ColorRGB
 90
      255
102
RTVSPost2010PropOp44
 70
     1
102
RTVSPost2010Prop45
280
     0
102
RTVSPost2010PropOp45
 70
     1
102
RTVSPost2010Prop46
 90
       50
102
RTVSPost2010PropOp46
 70
     1
102
RTVSPost2010Prop47
 90
       50
102
RTVSPost2010PropOp47
 70
     1
102
RTVSPost2010Prop48
 90
       50
102
RTVSPost2010PropOp48
 70
     1
102
RTVSPost2010Prop49
280
     0
102
RTVSPost2010PropOp49
 70
     1
102
RTVSPost2010Prop50
 90
       50
102
RTVSPost2010PropOp50
 70
     1
102
RTVSPost2010Prop51ColorIndex
 90
      256
102
RTVSPost2010Prop51ColorRGB
 90
-16777216
102
RTVSPost2010PropOp51
 70
     0
102
RTVSPost2010Prop52
140
1.0
102
RTVSPost2010PropOp52
 70
     0
102
RTVSPost2010Prop53
 90
        2
102
RTVSPost2010PropOp53
 70
     1
102
RTVSPost2010Prop54
  1
strokes_ogs.tif
102
RTVSPost2010PropOp54
 70
     1
102
RTVSPost2010Prop55
280
     0
102
RTVSPost2010PropOp55
 70
     1
102
RTVSPost2010Prop56
140
1.0
102
RTVSPost2010PropOp56
 70
     1
102
RTVSPost2010Prop57
140
1.0
102
RTVSPost2010PropOp57
 70
     1
  0
XRECORD
  5
10218
102
{ACAD_REACTORS
330
10217
102
}
330
10217
100
AcDbXrecord
280
     1
102
RTVSPost2010Prop28
280
     0
102
RTVSPost2010PropOp28
 70
     1
102
RTVSPost2010Prop29
280
     1
102
RTVSPost2010PropOp29
 70
     1
102
RTVSPost2010Prop30
280
     1
102
RTVSPost2010PropOp30
 70
     1
102
RTVSPost2010Prop31
280
     0
102
RTVSPost2010PropOp31
 70
     1
102
RTVSPost2010Prop32
280
     0
102
RTVSPost2010PropOp32
 70
     1
102
RTVSPost2010Prop33
280
     0
102
RTVSPost2010PropOp33
 70
     1
102
RTVSPost2010Prop34
280
     0
102
RTVSPost2010PropOp34
 70
     1
102
RTVSPost2010Prop35
280
     0
102
RTVSPost2010PropOp35
 70
     1
102
RTVSPost2010Prop36
280
     0
102
RTVSPost2010PropOp36
 70
     1
102
RTVSPost2010Prop37
 90
       50
102
RTVSPost2010PropOp37
 70
     1
102
RTVSPost2010Prop38
140
0.0
102
RTVSPost2010PropOp38
 70
     1
102
RTVSPost2010Prop39
140
1.0
102
RTVSPost2010PropOp39
 70
     1
102
RTVSPost2010Prop40
 90
        0
102
RTVSPost2010PropOp40
 70
     1
102
RTVSPost2010Prop41ColorIndex
 90
       18
102
RTVSPost2010Prop41ColorRGB
 90
        0
102
RTVSPost2010PropOp41
 70
     1
102
RTVSPost2010Prop42
 90
       50
102
RTVSPost2010PropOp42
 70
     1
102
RTVSPost2010Prop43
 90
        3
102
RTVSPost2010PropOp43
 70
     1
102
RTVSPost2010Prop44ColorIndex
 90
        5
102
RTVSPost2010Prop44ColorRGB
 90
      255
102
RTVSPost2010PropOp44
 70
     1
102
RTVSPost2010Prop45
280
     0
102
RTVSPost2010PropOp45
 70
     1
102
RTVSPost2010Prop46
 90
       50
102
RTVSPost2010PropOp46
 70
     1
102
RTVSPost2010Prop47
 90
       50
102
RTVSPost2010PropOp47
 70
     1
102
RTVSPost2010Prop48
 90
       50
102
RTVSPost2010PropOp48
 70
     1
102
RTVSPost2010Prop49
280
     0
102
RTVSPost2010PropOp49
 70
     1
102
RTVSPost2010Prop50
 90
       50
102
RTVSPost2010PropOp50
 70
     1
102
RTVSPost2010Prop51ColorIndex
 90
      256
102
RTVSPost2010Prop51ColorRGB
 90
-16777216
102
RTVSPost2010PropOp51
 70
     0
102
RTVSPost2010Prop52
140
1.0
102
RTVSPost2010PropOp52
 70
     0
102
RTVSPost2010Prop53
 90
        2
102
RTVSPost2010PropOp53
 70
     1
102
RTVSPost2010Prop54
  1
strokes_ogs.tif
102
RTVSPost2010PropOp54
 70
     1
102
RTVSPost2010Prop55
280
     0
102
RTVSPost2010PropOp55
 70
     1
102
RTVSPost2010Prop56
140
1.0
102
RTVSPost2010PropOp56
 70
     1
102
RTVSPost2010Prop57
140
1.0
102
RTVSPost2010PropOp57
 70
     1
  0
XRECORD
  5
1020C
102
{ACAD_REACTORS
330
1020B
102
}
330
1020B
100
AcDbXrecord
280
     1
102
RTVSPost2010Prop28
280
     0
102
RTVSPost2010PropOp28
 70
     1
102
RTVSPost2010Prop29
280
     1
102
RTVSPost2010PropOp29
 70
     1
102
RTVSPost2010Prop30
280
     1
102
RTVSPost2010PropOp30
 70
     1
102
RTVSPost2010Prop31
280
     0
102
RTVSPost2010PropOp31
 70
     1
102
RTVSPost2010Prop32
280
     0
102
RTVSPost2010PropOp32
 70
     1
102
RTVSPost2010Prop33
280
     0
102
RTVSPost2010PropOp33
 70
     1
102
RTVSPost2010Prop34
280
     0
102
RTVSPost2010PropOp34
 70
     1
102
RTVSPost2010Prop35
280
     0
102
RTVSPost2010PropOp35
 70
     1
102
RTVSPost2010Prop36
280
     0
102
RTVSPost2010PropOp36
 70
     1
102
RTVSPost2010Prop37
 90
       50
102
RTVSPost2010PropOp37
 70
     1
102
RTVSPost2010Prop38
140
0.0
102
RTVSPost2010PropOp38
 70
     1
102
RTVSPost2010Prop39
140
1.0
102
RTVSPost2010PropOp39
 70
     1
102
RTVSPost2010Prop40
 90
        0
102
RTVSPost2010PropOp40
 70
     1
102
RTVSPost2010Prop41ColorIndex
 90
       18
102
RTVSPost2010Prop41ColorRGB
 90
        0
102
RTVSPost2010PropOp41
 70
     1
102
RTVSPost2010Prop42
 90
       50
102
RTVSPost2010PropOp42
 70
     1
102
RTVSPost2010Prop43
 90
        3
102
RTVSPost2010PropOp43
 70
     1
102
RTVSPost2010Prop44ColorIndex
 90
        5
102
RTVSPost2010Prop44ColorRGB
 90
      255
102
RTVSPost2010PropOp44
 70
     1
102
RTVSPost2010Prop45
280
     0
102
RTVSPost2010PropOp45
 70
     1
102
RTVSPost2010Prop46
 90
       50
102
RTVSPost2010PropOp46
 70
     1
102
RTVSPost2010Prop47
 90
       50
102
RTVSPost2010PropOp47
 70
     1
102
RTVSPost2010Prop48
 90
       50
102
RTVSPost2010PropOp48
 70
     1
102
RTVSPost2010Prop49
280
     0
102
RTVSPost2010PropOp49
 70
     1
102
RTVSPost2010Prop50
 90
       50
102
RTVSPost2010PropOp50
 70
     1
102
RTVSPost2010Prop51ColorIndex
 90
      256
102
RTVSPost2010Prop51ColorRGB
 90
-16777216
102
RTVSPost2010PropOp51
 70
     0
102
RTVSPost2010Prop52
140
1.0
102
RTVSPost2010PropOp52
 70
     0
102
RTVSPost2010Prop53
 90
        2
102
RTVSPost2010PropOp53
 70
     1
102
RTVSPost2010Prop54
  1
strokes_ogs.tif
102
RTVSPost2010PropOp54
 70
     1
102
RTVSPost2010Prop55
280
     0
102
RTVSPost2010PropOp55
 70
     1
102
RTVSPost2010Prop56
140
1.0
102
RTVSPost2010PropOp56
 70
     1
102
RTVSPost2010Prop57
140
1.0
102
RTVSPost2010PropOp57
 70
     1
  0
XRECORD
  5
10224
102
{ACAD_REACTORS
330
10223
102
}
330
10223
100
AcDbXrecord
280
     1
102
RTVSPost2010Prop28
280
     0
102
RTVSPost2010PropOp28
 70
     1
102
RTVSPost2010Prop29
280
     1
102
RTVSPost2010PropOp29
 70
     1
102
RTVSPost2010Prop30
280
     1
102
RTVSPost2010PropOp30
 70
     1
102
RTVSPost2010Prop31
280
     0
102
RTVSPost2010PropOp31
 70
     1
102
RTVSPost2010Prop32
280
     0
102
RTVSPost2010PropOp32
 70
     1
102
RTVSPost2010Prop33
280
     0
102
RTVSPost2010PropOp33
 70
     1
102
RTVSPost2010Prop34
280
     0
102
RTVSPost2010PropOp34
 70
     1
102
RTVSPost2010Prop35
280
     0
102
RTVSPost2010PropOp35
 70
     1
102
RTVSPost2010Prop36
280
     0
102
RTVSPost2010PropOp36
 70
     1
102
RTVSPost2010Prop37
 90
       50
102
RTVSPost2010PropOp37
 70
     1
102
RTVSPost2010Prop38
140
0.0
102
RTVSPost2010PropOp38
 70
     1
102
RTVSPost2010Prop39
140
1.0
102
RTVSPost2010PropOp39
 70
     1
102
RTVSPost2010Prop40
 90
        0
102
RTVSPost2010PropOp40
 70
     1
102
RTVSPost2010Prop41ColorIndex
 90
       18
102
RTVSPost2010Prop41ColorRGB
 90
        0
102
RTVSPost2010PropOp41
 70
     1
102
RTVSPost2010Prop42
 90
       50
102
RTVSPost2010PropOp42
 70
     1
102
RTVSPost2010Prop43
 90
        3
102
RTVSPost2010PropOp43
 70
     1
102
RTVSPost2010Prop44ColorIndex
 90
        5
102
RTVSPost2010Prop44ColorRGB
 90
      255
102
RTVSPost2010PropOp44
 70
     1
102
RTVSPost2010Prop45
280
     0
102
RTVSPost2010PropOp45
 70
     1
102
RTVSPost2010Prop46
 90
       50
102
RTVSPost2010PropOp46
 70
     1
102
RTVSPost2010Prop47
 90
       50
102
RTVSPost2010PropOp47
 70
     1
102
RTVSPost2010Prop48
 90
       50
102
RTVSPost2010PropOp48
 70
     1
102
RTVSPost2010Prop49
280
     0
102
RTVSPost2010PropOp49
 70
     1
102
RTVSPost2010Prop50
 90
       50
102
RTVSPost2010PropOp50
 70
     1
102
RTVSPost2010Prop51ColorIndex
 90
      256
102
RTVSPost2010Prop51ColorRGB
 90
-16777216
102
RTVSPost2010PropOp51
 70
     0
102
RTVSPost2010Prop52
140
1.0
102
RTVSPost2010PropOp52
 70
     0
102
RTVSPost2010Prop53
 90
        2
102
RTVSPost2010PropOp53
 70
     1
102
RTVSPost2010Prop54
  1
strokes_ogs.tif
102
RTVSPost2010PropOp54
 70
     1
102
RTVSPost2010Prop55
280
     0
102
RTVSPost2010PropOp55
 70
     1
102
RTVSPost2010Prop56
140
1.0
102
RTVSPost2010PropOp56
 70
     1
102
RTVSPost2010Prop57
140
1.0
102
RTVSPost2010PropOp57
 70
     1
  0
ENDSEC
  0
EOF
