  0
SECTION
  2
HEADER
  9
$ACADVER
  1
AC1024
  9
$ACADMAINTVER
 70
   226
  9
$DWGCODEPAGE
  3
ANSI_949
  9
$LASTSAVEDBY
  1
junkibeom
  9
$INSBASE
 10
0.0
 20
0.0
 30
0.0
  9
$EXTMIN
 10
308.3821069946949
 20
-278.0571740064003
 30
0.0
  9
$EXTMAX
 10
594.1321069999999
 20
-171.342145944944
 30
0.0
  9
$LIMMIN
 10
0.0
 20
0.0
  9
$LIMMAX
 10
12.0
 20
9.0
  9
$ORTHOMODE
 70
     0
  9
$REGENMODE
 70
     1
  9
$FILLMODE
 70
     1
  9
$QTEXTMODE
 70
     0
  9
$MIRRTEXT
 70
     0
  9
$LTSCALE
 40
1.0
  9
$ATTMODE
 70
     1
  9
$TEXTSIZE
 40
0.2
  9
$TRACEWID
 40
0.05
  9
$TEXTSTYLE
  7
Standard
  9
$CLAYER
  8
0
  9
$CELTYPE
  6
CONTINUOUS
  9
$CECOLOR
 62
   256
  9
$CELTSCALE
 40
1.0
  9
$DISPSILH
 70
     0
  9
$DIMSCALE
 40
1.0
  9
$DIMASZ
 40
0.18
  9
$DIMEXO
 40
0.0625
  9
$DIMDLI
 40
0.38
  9
$DIMRND
 40
0.0
  9
$DIMDLE
 40
0.0
  9
$DIMEXE
 40
0.18
  9
$DIMTP
 40
0.0
  9
$DIMTM
 40
0.0
  9
$DIMTXT
 40
0.18
  9
$DIMCEN
 40
0.09
  9
$DIMTSZ
 40
0.0
  9
$DIMTOL
 70
     0
  9
$DIMLIM
 70
     0
  9
$DIMTIH
 70
     1
  9
$DIMTOH
 70
     1
  9
$DIMSE1
 70
     0
  9
$DIMSE2
 70
     0
  9
$DIMTAD
 70
     0
  9
$DIMZIN
 70
     0
  9
$DIMBLK
  1

  9
$DIMASO
 70
     1
  9
$DIMSHO
 70
     1
  9
$DIMPOST
  1

  9
$DIMAPOST
  1

  9
$DIMALT
 70
     0
  9
$DIMALTD
 70
     2
  9
$DIMALTF
 40
25.4
  9
$DIMLFAC
 40
1.0
  9
$DIMTOFL
 70
     0
  9
$DIMTVP
 40
0.0
  9
$DIMTIX
 70
     0
  9
$DIMSOXD
 70
     0
  9
$DIMSAH
 70
     0
  9
$DIMBLK1
  1

  9
$DIMBLK2
  1

  9
$DIMSTYLE
  2
Standard
  9
$DIMCLRD
 70
     0
  9
$DIMCLRE
 70
     0
  9
$DIMCLRT
 70
     0
  9
$DIMTFAC
 40
1.0
  9
$DIMGAP
 40
0.09
  9
$DIMJUST
 70
     0
  9
$DIMSD1
 70
     0
  9
$DIMSD2
 70
     0
  9
$DIMTOLJ
 70
     1
  9
$DIMTZIN
 70
     0
  9
$DIMALTZ
 70
     0
  9
$DIMALTTZ
 70
     0
  9
$DIMUPT
 70
     0
  9
$DIMDEC
 70
     4
  9
$DIMTDEC
 70
     4
  9
$DIMALTU
 70
     2
  9
$DIMALTTD
 70
     2
  9
$DIMTXSTY
  7
Standard
  9
$DIMAUNIT
 70
     0
  9
$DIMADEC
 70
     0
  9
$DIMALTRND
 40
0.0
  9
$DIMAZIN
 70
     0
  9
$DIMDSEP
 70
    46
  9
$DIMATFIT
 70
     3
  9
$DIMFRAC
 70
     0
  9
$DIMLDRBLK
  1

  9
$DIMLUNIT
 70
     2
  9
$DIMLWD
 70
    -2
  9
$DIMLWE
 70
    -2
  9
$DIMTMOVE
 70
     0
  9
$DIMFXL
 40
1.0
  9
$DIMFXLON
 70
     0
  9
$DIMJOGANG
 40
0.7853981633974483
  9
$DIMTFILL
 70
     0
  9
$DIMTFILLCLR
 70
     0
  9
$DIMARCSYM
 70
     0
  9
$DIMLTYPE
  6

  9
$DIMLTEX1
  6

  9
$DIMLTEX2
  6

  9
$DIMTXTDIRECTION
 70
     0
  9
$LUNITS
 70
     2
  9
$LUPREC
 70
     4
  9
$SKETCHINC
 40
0.1
  9
$FILLETRAD
 40
0.0
  9
$AUNITS
 70
     0
  9
$AUPREC
 70
     0
  9
$MENU
  1
.
  9
$ELEVATION
 40
0.0
  9
$PELEVATION
 40
0.0
  9
$THICKNESS
 40
0.0
  9
$LIMCHECK
 70
     0
  9
$CHAMFERA
 40
0.0
  9
$CHAMFERB
 40
0.0
  9
$CHAMFERC
 40
0.0
  9
$CHAMFERD
 40
0.0
  9
$SKPOLY
 70
     0
  9
$TDCREATE
 40
2461248.959988426
  9
$TDUCREATE
 40
2461248.584988426
  9
$TDUPDATE
 40
2461248.960011574
  9
$TDUUPDATE
 40
2461248.585011574
  9
$TDINDWG
 40
0.0000231481
  9
$TDUSRTIMER
 40
0.0000231481
  9
$USRTIMER
 70
     1
  9
$ANGBASE
 50
0.0
  9
$ANGDIR
 70
     1
  9
$PDMODE
 70
     0
  9
$PDSIZE
 40
0.0
  9
$PLINEWID
 40
0.0
  9
$SPLFRAME
 70
     0
  9
$SPLINETYPE
 70
     6
  9
$SPLINESEGS
 70
     8
  9
$HANDSEED
  5
3CD
  9
$SURFTAB1
 70
     6
  9
$SURFTAB2
 70
     6
  9
$SURFTYPE
 70
     6
  9
$SURFU
 70
     6
  9
$SURFV
 70
     6
  9
$UCSBASE
  2

  9
$UCSNAME
  2

  9
$UCSORG
 10
0.0
 20
0.0
 30
0.0
  9
$UCSXDIR
 10
1.0
 20
0.0
 30
0.0
  9
$UCSYDIR
 10
0.0
 20
1.0
 30
0.0
  9
$UCSORTHOREF
  2

  9
$UCSORTHOVIEW
 70
     0
  9
$UCSORGTOP
 10
0.0
 20
0.0
 30
0.0
  9
$UCSORGBOTTOM
 10
0.0
 20
0.0
 30
0.0
  9
$UCSORGLEFT
 10
0.0
 20
0.0
 30
0.0
  9
$UCSORGRIGHT
 10
0.0
 20
0.0
 30
0.0
  9
$UCSORGFRONT
 10
0.0
 20
0.0
 30
0.0
  9
$UCSORGBACK
 10
0.0
 20
0.0
 30
0.0
  9
$PUCSBASE
  2

  9
$PUCSNAME
  2

  9
$PUCSORG
 10
0.0
 20
0.0
 30
0.0
  9
$PUCSXDIR
 10
1.0
 20
0.0
 30
0.0
  9
$PUCSYDIR
 10
0.0
 20
1.0
 30
0.0
  9
$PUCSORTHOREF
  2

  9
$PUCSORTHOVIEW
 70
     0
  9
$PUCSORGTOP
 10
0.0
 20
0.0
 30
0.0
  9
$PUCSORGBOTTOM
 10
0.0
 20
0.0
 30
0.0
  9
$PUCSORGLEFT
 10
0.0
 20
0.0
 30
0.0
  9
$PUCSORGRIGHT
 10
0.0
 20
0.0
 30
0.0
  9
$PUCSORGFRONT
 10
0.0
 20
0.0
 30
0.0
  9
$PUCSORGBACK
 10
0.0
 20
0.0
 30
0.0
  9
$USERI1
 70
     0
  9
$USERI2
 70
     0
  9
$USERI3
 70
     0
  9
$USERI4
 70
     0
  9
$USERI5
 70
     0
  9
$USERR1
 40
0.0
  9
$USERR2
 40
0.0
  9
$USERR3
 40
0.0
  9
$USERR4
 40
0.0
  9
$USERR5
 40
0.0
  9
$WORLDVIEW
 70
     1
  9
$SHADEDGE
 70
     3
  9
$SHADEDIF
 70
    70
  9
$TILEMODE
 70
     1
  9
$MAXACTVP
 70
    64
  9
$PINSBASE
 10
0.0
 20
0.0
 30
0.0
  9
$PLIMCHECK
 70
     0
  9
$PEXTMIN
 10
1.000000000000000E+20
 20
1.000000000000000E+20
 30
1.000000000000000E+20
  9
$PEXTMAX
 10
-1.000000000000000E+20
 20
-1.000000000000000E+20
 30
-1.000000000000000E+20
  9
$PLIMMIN
 10
0.0
 20
0.0
  9
$PLIMMAX
 10
12.0
 20
9.0
  9
$UNITMODE
 70
     0
  9
$VISRETAIN
 70
     1
  9
$PLINEGEN
 70
     0
  9
$PSLTSCALE
 70
     1
  9
$TREEDEPTH
 70
  3020
  9
$CMLSTYLE
  2
Standard
  9
$CMLJUST
 70
     0
  9
$CMLSCALE
 40
1.0
  9
$PROXYGRAPHICS
 70
     1
  9
$MEASUREMENT
 70
     1
  9
$CELWEIGHT
370
    -1
  9
$ENDCAPS
280
     0
  9
$JOINSTYLE
280
     0
  9
$LWDISPLAY
290
     0
  9
$INSUNITS
 70
     0
  9
$HYPERLINKBASE
  1

  9
$STYLESHEET
  1

  9
$XEDIT
290
     1
  9
$CEPSNTYPE
380
     0
  9
$PSTYLEMODE
290
     1
  9
$FINGERPRINTGUID
  2
{B9866A12-3CDA-BF4D-8279-712EC91C4510}
  9
$VERSIONGUID
  2
{DCECCB59-BCD7-1142-9500-E0512349A062}
  9
$EXTNAMES
290
     1
  9
$PSVPSCALE
 40
0.0
  9
$OLESTARTUP
290
     0
  9
$SORTENTS
280
   127
  9
$INDEXCTL
280
     0
  9
$HIDETEXT
280
     0
  9
$XCLIPFRAME
280
     2
  9
$HALOGAP
280
     0
  9
$OBSCOLOR
 70
   257
  9
$OBSLTYPE
280
     0
  9
$INTERSECTIONDISPLAY
280
     0
  9
$INTERSECTIONCOLOR
 70
   257
  9
$DIMASSOC
280
     1
  9
$PROJECTNAME
  1

  9
$CAMERADISPLAY
290
     0
  9
$LENSLENGTH
 40
50.0
  9
$CAMERAHEIGHT
 40
0.0
  9
$STEPSPERSEC
 40
2.0
  9
$STEPSIZE
 40
6.0
  9
$3DDWFPREC
 40
2.0
  9
$PSOLWIDTH
 40
0.25
  9
$PSOLHEIGHT
 40
4.0
  9
$LOFTANG1
 40
1.570796326794896
  9
$LOFTANG2
 40
1.570796326794896
  9
$LOFTMAG1
 40
0.0
  9
$LOFTMAG2
 40
0.0
  9
$LOFTPARAM
 70
     7
  9
$LOFTNORMALS
280
     1
  9
$LATITUDE
 40
37.795
  9
$LONGITUDE
 40
-122.394
  9
$NORTHDIRECTION
 40
0.0
  9
$TIMEZONE
 70
 -8000
  9
$LIGHTGLYPHDISPLAY
280
     1
  9
$TILEMODELIGHTSYNCH
280
     1
  9
$CMATERIAL
347
11
  9
$SOLIDHIST
280
     0
  9
$SHOWHIST
280
     1
  9
$DWFFRAME
280
     2
  9
$DGNFRAME
280
     0
  9
$REALWORLDSCALE
290
     1
  9
$INTERFERECOLOR
 62
     1
  9
$INTERFEREOBJVS
345
33
  9
$INTERFEREVPVS
346
30
  9
$CSHADOW
280
     0
  9
$SHADOWPLANELOCATION
 40
0.0
  0
ENDSEC
  0
SECTION
  2
CLASSES
  0
CLASS
  1
ACDBDICTIONARYWDFLT
  2
AcDbDictionaryWithDefault
  3
ObjectDBX Classes
 90
        0
 91
        1
280
     0
281
     0
  0
CLASS
  1
MATERIAL
  2
AcDbMaterial
  3
ObjectDBX Classes
 90
     1153
 91
        3
280
     0
281
     0
  0
CLASS
  1
VISUALSTYLE
  2
AcDbVisualStyle
  3
ObjectDBX Classes
 90
     4095
 91
       24
280
     0
281
     0
  0
CLASS
  1
SCALE
  2
AcDbScale
  3
ObjectDBX Classes
 90
     1153
 91
       17
280
     0
281
     0
  0
CLASS
  1
TABLESTYLE
  2
AcDbTableStyle
  3
ObjectDBX Classes
 90
     4095
 91
        1
280
     0
281
     0
  0
CLASS
  1
MLEADERSTYLE
  2
AcDbMLeaderStyle
  3
ACDB_MLEADERSTYLE_CLASS
 90
     4095
 91
        1
280
     0
281
     0
  0
CLASS
  1
ACDBSECTIONVIEWSTYLE
  2
AcDbSectionViewStyle
  3
ObjectDBX Classes
 90
     1025
 91
        2
280
     0
281
     0
  0
CLASS
  1
ACDBDETAILVIEWSTYLE
  2
AcDbDetailViewStyle
  3
ObjectDBX Classes
 90
     1025
 91
        2
280
     0
281
     0
  0
CLASS
  1
SOLID_BACKGROUND
  2
AcDbSolidBackground
  3
SCENEOE
 90
     4095
 91
        1
280
     0
281
     0
  0
CLASS
  1
NPOCOLLECTION
  2
AcDbImpNonPersistentObjectsCollection
  3
ObjectDBX Classes
 90
     1153
 91
        1
280
     0
281
     0
  0
CLASS
  1
DICTIONARYVAR
  2
AcDbDictionaryVar
  3
ObjectDBX Classes
 90
        0
 91
        9
280
     0
281
     0
  0
CLASS
  1
CELLSTYLEMAP
  2
AcDbCellStyleMap
  3
ObjectDBX Classes
 90
     1152
 91
        1
280
     0
281
     0
  0
ENDSEC
  0
SECTION
  2
TABLES
  0
TABLE
  2
VPORT
  5
8
330
0
100
AcDbSymbolTable
 70
     1
  0
VPORT
  5
7D
330
8
100
AcDbSymbolTableRecord
100
AcDbViewportTableRecord
  2
*Active
 70
     0
 10
0.0
 20
0.0
 11
1.0
 21
1.0
 12
0.0
 22
0.0
 13
0.0
 23
0.0
 14
1.0
 24
1.0
 15
0.0
 25
0.0
 16
-0.0000000000001705
 26
0.0
 36
649.7983754820085
 17
451.2570953369141
 27
-224.6996536254883
 37
0.0
 40
305.0264558350382
 41
1.42328618063112
 42
50.0
 43
0.0
 44
0.0
 50
0.0
 51
0.0
 71
     0
 72
   100
 73
     1
 74
     1
 75
     0
 76
     0
 77
     0
 78
     0
281
     0
 65
     1
110
0.0
120
0.0
130
0.0
111
1.0
121
0.0
131
0.0
112
0.0
122
1.0
132
0.0
 79
     0
146
0.0
348
2F
 60
     3
 61
     5
292
     1
282
     1
141
0.0
142
0.0
 63
   250
421
  3355443
1001
ACAD_NAV_VCDISPLAY
1070
     3
  0
ENDTAB
  0
TABLE
  2
LTYPE
  5
5
330
0
100
AcDbSymbolTable
 70
     4
  0
LTYPE
  5
5A
330
5
100
AcDbSymbolTableRecord
100
AcDbLinetypeTableRecord
  2
ByBlock
 70
     0
  3

 72
    65
 73
     0
 40
0.0
  0
LTYPE
  5
5B
330
5
100
AcDbSymbolTableRecord
100
AcDbLinetypeTableRecord
  2
ByLayer
 70
     0
  3

 72
    65
 73
     0
 40
0.0
  0
LTYPE
  5
5C
330
5
100
AcDbSymbolTableRecord
100
AcDbLinetypeTableRecord
  2
CONTINUOUS
 70
     0
  3
Solid line
 72
    65
 73
     0
 40
0.0
  0
LTYPE
  5
73
330
5
100
AcDbSymbolTableRecord
100
AcDbLinetypeTableRecord
  2
DASHDOT
 70
     0
  3
Dash Dot ____ _ ____ _
 72
    65
 73
     4
 40
2.0
 49
1.25
 74
     0
 49
-0.25
 74
     0
 49
0.25
 74
     0
 49
-0.25
 74
     0
  0
LTYPE
  5
74
330
5
100
AcDbSymbolTableRecord
100
AcDbLinetypeTableRecord
  2
DASHED
 70
     0
  3
Dashed __ __ __ __ __
 72
    65
 73
     2
 40
0.75
 49
0.5
 74
     0
 49
-0.25
 74
     0
  0
LTYPE
  5
75
330
5
100
AcDbSymbolTableRecord
100
AcDbLinetypeTableRecord
  2
DOTTED
 70
     0
  3
Dotted .  .  .  .
 72
    65
 73
     2
 40
0.2
 49
0.0
 74
     0
 49
-0.2
 74
     0
  0
ENDTAB
  0
TABLE
  2
LAYER
  5
2
102
{ACAD_XDICTIONARY
360
379
102
}
330
0
100
AcDbSymbolTable
 70
     2
  0
LAYER
  5
54
102
{ACAD_XDICTIONARY
360
372
102
}
330
2
100
AcDbSymbolTableRecord
100
AcDbLayerTableRecord
  2
0
 70
     0
 62
     7
  6
CONTINUOUS
370
    -3
390
F
347
21
  0
LAYER
  5
7A
102
{ACAD_XDICTIONARY
360
374
102
}
330
2
100
AcDbSymbolTableRecord
100
AcDbLayerTableRecord
  2
BLACK
 70
     0
 62
     7
  6
CONTINUOUS
370
    -3
390
F
347
21
  0
ENDTAB
  0
TABLE
  2
STYLE
  5
3
330
0
100
AcDbSymbolTable
 70
     6
  0
STYLE
  5
55
330
3
100
AcDbSymbolTableRecord
100
AcDbTextStyleTableRecord
  2
Standard
 70
     0
 40
0.0
 41
1.0
 50
0.0
 71
     0
 42
0.2
  3
txt
  4

  0
STYLE
  5
59
330
3
100
AcDbSymbolTableRecord
100
AcDbTextStyleTableRecord
  2
Annotative
 70
     0
 40
0.0
 41
1.0
 50
0.0
 71
     0
 42
0.2
  3
txt
  4

1001
AcadAnnotative
1000
AnnotativeData
1002
{
1070
     1
1070
     1
1002
}
  0
STYLE
  5
76
330
3
100
AcDbSymbolTableRecord
100
AcDbTextStyleTableRecord
  2
KICAD
 70
     0
 40
0.0
 41
1.0
 50
0.0
 71
     0
 42
1.0
  3
isocp.shx
  4

  0
STYLE
  5
77
330
3
100
AcDbSymbolTableRecord
100
AcDbTextStyleTableRecord
  2
KICADB
 70
     0
 40
0.0
 41
1.0
 50
0.0
 71
     0
 42
1.0
  3
isocp.shx
  4

  0
STYLE
  5
78
330
3
100
AcDbSymbolTableRecord
100
AcDbTextStyleTableRecord
  2
KICADI
 70
     0
 40
0.0
 41
1.0
 50
15.0
 71
     0
 42
1.0
  3
isocp.shx
  4

  0
STYLE
  5
79
330
3
100
AcDbSymbolTableRecord
100
AcDbTextStyleTableRecord
  2
KICADBI
 70
     0
 40
0.0
 41
1.0
 50
15.0
 71
     0
 42
1.0
  3
isocp.shx
  4

  0
ENDTAB
  0
TABLE
  2
VIEW
  5
6
330
0
100
AcDbSymbolTable
 70
     1
  0
ENDTAB
  0
TABLE
  2
UCS
  5
7
330
0
100
AcDbSymbolTable
 70
     0
  0
ENDTAB
  0
TABLE
  2
APPID
  5
9
330
0
100
AcDbSymbolTable
 70
     3
  0
APPID
  5
56
330
9
100
AcDbSymbolTableRecord
100
AcDbRegAppTableRecord
  2
ACAD
 70
     0
  0
APPID
  5
5D
330
9
100
AcDbSymbolTableRecord
100
AcDbRegAppTableRecord
  2
AcadAnnotative
 70
     0
  0
APPID
  5
389
330
9
100
AcDbSymbolTableRecord
100
AcDbRegAppTableRecord
  2
ACAD_NAV_VCDISPLAY
 70
     0
  0
ENDTAB
  0
TABLE
  2
DIMSTYLE
  5
A
330
0
100
AcDbSymbolTable
 70
     2
100
AcDbDimStyleTable
 71
     0
  0
DIMSTYLE
105
57
330
A
100
AcDbSymbolTableRecord
100
AcDbDimStyleTableRecord
  2
Standard
 70
     0
340
55
  0
DIMSTYLE
105
58
330
A
100
AcDbSymbolTableRecord
100
AcDbDimStyleTableRecord
  2
Annotative
 70
     0
340
55
1001
AcadAnnotative
1000
AnnotativeData
1002
{
1070
     1
1070
     1
1002
}
  0
ENDTAB
  0
TABLE
  2
BLOCK_RECORD
  5
1
330
0
100
AcDbSymbolTable
 70
     0
  0
BLOCK_RECORD
  5
6F
330
1
100
AcDbSymbolTableRecord
100
AcDbBlockTableRecord
  2
*Model_Space
340
72
 70
     0
280
     1
281
     0
  0
BLOCK_RECORD
  5
6B
330
1
100
AcDbSymbolTableRecord
100
AcDbBlockTableRecord
  2
*Paper_Space
340
6E
 70
     0
280
     1
281
     0
  0
ENDTAB
  0
ENDSEC
  0
SECTION
  2
BLOCKS
  0
BLOCK
  5
70
330
6F
100
AcDbEntity
  8
0
100
AcDbBlockBegin
  2
*Model_Space
 70
     0
 10
0.0
 20
0.0
 30
0.0
  3
*Model_Space
  1

  0
ENDBLK
  5
71
330
6F
100
AcDbEntity
  8
0
100
AcDbBlockEnd
  0
BLOCK
  5
6C
330
6B
100
AcDbEntity
 67
     1
  8
0
100
AcDbBlockBegin
  2
*Paper_Space
 70
     0
 10
0.0
 20
0.0
 30
0.0
  3
*Paper_Space
  1

  0
ENDBLK
  5
6D
330
6B
100
AcDbEntity
 67
     1
  8
0
100
AcDbBlockEnd
  0
ENDSEC
  0
SECTION
  2
ENTITIES
  0
LINE
  5
7E
330
6F
100
AcDbEntity
  8
BLACK
  6
Continuous
100
AcDbLine
 10
339.132149
 20
-257.8245089999999
 30
0.0
 11
339.132149
 21
-267.77451
 31
0.0
  0
LINE
  5
7F
330
6F
100
AcDbEntity
  8
BLACK
  6
Continuous
100
AcDbLine
 10
548.6821489999999
 20
-257.8245089999999
 30
0.0
 11
548.6821489999999
 21
-267.77451
 31
0.0
  0
ARC
  5
80
330
6F
100
AcDbEntity
  8
BLACK
100
AcDbCircle
 10
526.9446489999999
 20
-257.8245089999999
 30
0.0
 40
2.074999999999999
100
AcDbArc
 50
90.00002761000002
 51
180.0
  0
ARC
  5
81
330
6F
100
AcDbEntity
  8
BLACK
100
AcDbCircle
 10
526.9446489999999
 20
-267.774509
 30
0.0
 40
2.074999999999999
100
AcDbArc
 50
180.00002761
 51
270.0
  0
LINE
  5
82
330
6F
100
AcDbEntity
  8
BLACK
  6
Continuous
100
AcDbLine
 10
572.4946489999999
 20
-257.8245089999999
 30
0.0
 11
572.4946489999999
 21
-267.77451
 31
0.0
  0
ARC
  5
83
330
6F
100
AcDbEntity
  8
BLACK
100
AcDbCircle
 10
550.757149
 20
-257.8245089999999
 30
0.0
 40
2.074999999999999
100
AcDbArc
 50
90.00002761000002
 51
180.0
  0
LINE
  5
84
330
6F
100
AcDbEntity
  8
BLACK
  6
Continuous
100
AcDbLine
 10
443.9071489999999
 20
-257.8245089999999
 30
0.0
 11
443.9071489999999
 21
-267.77451
 31
0.0
  0
LINE
  5
85
330
6F
100
AcDbEntity
  8
BLACK
  6
Continuous
100
AcDbLine
 10
327.944649
 20
-255.749509
 30
0.0
 11
317.3946479999999
 21
-255.749509
 31
0.0
  0
ARC
  5
86
330
6F
100
AcDbEntity
  8
BLACK
100
AcDbCircle
 10
399.832149
 20
-256.924509
 30
0.0
 40
1.074999999999999
100
AcDbArc
 50
0.0
 51
90.0
  0
LINE
  5
87
330
6F
100
AcDbEntity
  8
BLACK
  6
Continuous
100
AcDbLine
 10
456.532149
 20
-255.749509
 30
0.0
 11
445.982148
 21
-255.749509
 31
0.0
  0
LINE
  5
88
330
6F
100
AcDbEntity
  8
BLACK
  6
Continuous
100
AcDbLine
 10
327.944649
 20
-269.849509
 30
0.0
 11
317.394649
 21
-269.849509
 31
0.0
  0
ARC
  5
89
330
6F
100
AcDbEntity
  8
BLACK
100
AcDbCircle
 10
537.494649
 20
-267.774509
 30
0.0
 40
2.074999999999999
100
AcDbArc
 50
270.0
 51
0.0
  0
ARC
  5
8A
330
6F
100
AcDbEntity
  8
BLACK
100
AcDbCircle
 10
537.494649
 20
-257.8245089999999
 30
0.0
 40
2.074999999999999
100
AcDbArc
 50
0.0
 51
90.0
  0
LINE
  5
8B
330
6F
100
AcDbEntity
  8
BLACK
  6
Continuous
100
AcDbLine
 10
456.532149
 20
-269.849509
 30
0.0
 11
445.982149
 21
-269.849509
 31
0.0
  0
LINE
  5
8C
330
6F
100
AcDbEntity
  8
BLACK
  6
Continuous
100
AcDbLine
 10
537.494649
 20
-269.849509
 30
0.0
 11
526.9446489999999
 21
-269.849509
 31
0.0
  0
LINE
  5
8D
330
6F
100
AcDbEntity
  8
BLACK
  6
Continuous
100
AcDbLine
 10
351.757149
 20
-269.849509
 30
0.0
 11
341.207149
 21
-269.849509
 31
0.0
  0
ARC
  5
8E
330
6F
100
AcDbEntity
  8
BLACK
100
AcDbCircle
 10
351.757149
 20
-267.774509
 30
0.0
 40
2.074999999999999
100
AcDbArc
 50
270.0
 51
0.0
  0
ARC
  5
8F
330
6F
100
AcDbEntity
  8
BLACK
100
AcDbCircle
 10
341.207149
 20
-257.8245089999999
 30
0.0
 40
2.074999999999999
100
AcDbArc
 50
90.00002761000002
 51
180.0
  0
ARC
  5
90
330
6F
100
AcDbEntity
  8
BLACK
100
AcDbCircle
 10
585.1196489999999
 20
-267.774509
 30
0.0
 40
2.074999999999999
100
AcDbArc
 50
270.0
 51
0.0
  0
LINE
  5
91
330
6F
100
AcDbEntity
  8
BLACK
  6
Continuous
100
AcDbLine
 10
375.569649
 20
-255.749509
 30
0.0
 11
365.019648
 21
-255.749509
 31
0.0
  0
LINE
  5
92
330
6F
100
AcDbEntity
  8
BLACK
  6
Continuous
100
AcDbLine
 10
375.569649
 20
-269.849509
 30
0.0
 11
365.0196489999999
 21
-269.849509
 31
0.0
  0
LINE
  5
93
330
6F
100
AcDbEntity
  8
BLACK
  6
Continuous
100
AcDbLine
 10
458.607149
 20
-257.8245089999999
 30
0.0
 11
458.607149
 21
-267.774509
 31
0.0
  0
ARC
  5
94
330
6F
100
AcDbEntity
  8
BLACK
100
AcDbCircle
 10
327.944649
 20
-267.774509
 30
0.0
 40
2.074999999999999
100
AcDbArc
 50
270.0
 51
0.0
  0
ARC
  5
95
330
6F
100
AcDbEntity
  8
BLACK
100
AcDbCircle
 10
550.757149
 20
-267.774509
 30
0.0
 40
2.074999999999999
100
AcDbArc
 50
180.00002761
 51
270.0
  0
LINE
  5
96
330
6F
100
AcDbEntity
  8
BLACK
  6
Continuous
100
AcDbLine
 10
388.382149
 20
-255.849509
 30
0.0
 11
399.832149
 21
-255.849509
 31
0.0
  0
ARC
  5
97
330
6F
100
AcDbEntity
  8
BLACK
100
AcDbCircle
 10
388.382149
 20
-256.924509
 30
0.0
 40
1.074999999999999
100
AcDbArc
 50
90.0
 51
180.0
  0
LINE
  5
98
330
6F
100
AcDbEntity
  8
BLACK
  6
Continuous
100
AcDbLine
 10
399.832149
 20
-269.749509
 30
0.0
 11
388.382149
 21
-269.749509
 31
0.0
  0
ARC
  5
99
330
6F
100
AcDbEntity
  8
BLACK
100
AcDbCircle
 10
327.944649
 20
-257.8245089999999
 30
0.0
 40
2.074999999999999
100
AcDbArc
 50
0.0
 51
90.0
  0
LINE
  5
9A
330
6F
100
AcDbEntity
  8
BLACK
  6
Continuous
100
AcDbLine
 10
387.307149
 20
-268.674509
 30
0.0
 11
387.307149
 21
-256.924509
 31
0.0
  0
ARC
  5
9B
330
6F
100
AcDbEntity
  8
BLACK
100
AcDbCircle
 10
558.0502489999999
 20
-220.349109
 30
0.0
 40
1.424990000561407
100
AcDbArc
 50
89.99959794
 51
179.99839169
  0
ARC
  5
9C
330
6F
100
AcDbEntity
  8
BLACK
100
AcDbCircle
 10
585.1196489999999
 20
-200.674509
 30
0.0
 40
2.074999999999999
100
AcDbArc
 50
0.0
 51
90.0
  0
ARC
  5
9D
330
6F
100
AcDbEntity
  8
BLACK
100
AcDbCircle
 10
553.1384489999999
 20
-238.774509
 30
0.0
 40
2.07505
100
AcDbArc
 50
90.00140822999998
 51
180.0
  0
LINE
  5
9E
330
6F
100
AcDbEntity
  8
BLACK
  6
Continuous
100
AcDbLine
 10
589.882149
 20
-250.799509
 30
0.0
 11
579.3321489999998
 21
-250.799509
 31
0.0
  0
ARC
  5
9F
330
6F
100
AcDbEntity
  8
BLACK
100
AcDbCircle
 10
585.1196489999999
 20
-210.624509
 30
0.0
 40
2.074999999999999
100
AcDbArc
 50
270.0
 51
0.0
  0
LINE
  5
A0
330
6F
100
AcDbEntity
  8
BLACK
  6
Continuous
100
AcDbLine
 10
558.050259
 20
-218.924069
 30
0.0
 11
558.9158689999999
 21
-218.924069
 31
0.0
  0
LINE
  5
A1
330
6F
100
AcDbEntity
  8
BLACK
  6
Continuous
100
AcDbLine
 10
565.7633989999999
 20
-238.774509
 30
0.0
 11
565.7633989999999
 21
-248.724509
 31
0.0
  0
ARC
  5
A2
330
6F
100
AcDbEntity
  8
BLACK
100
AcDbCircle
 10
388.382149
 20
-268.674509
 30
0.0
 40
1.074999999999999
100
AcDbArc
 50
180.0
 51
270.0
  0
LINE
  5
A3
330
6F
100
AcDbEntity
  8
BLACK
  6
Continuous
100
AcDbLine
 10
577.257149
 20
-238.774509
 30
0.0
 11
577.257149
 21
-248.72451
 31
0.0
  0
ARC
  5
A4
330
6F
100
AcDbEntity
  8
BLACK
100
AcDbCircle
 10
399.832149
 20
-268.674509
 30
0.0
 40
1.074999999999999
100
AcDbArc
 50
270.0
 51
0.0
  0
ARC
  5
A5
330
6F
100
AcDbEntity
  8
BLACK
100
AcDbCircle
 10
514.132149
 20
-256.924509
 30
0.0
 40
1.074999999999999
100
AcDbArc
 50
0.0
 51
90.0
  0
LINE
  5
A6
330
6F
100
AcDbEntity
  8
BLACK
  6
Continuous
100
AcDbLine
 10
501.6071489999999
 20
-268.674509
 30
0.0
 11
501.6071489999999
 21
-256.924509
 31
0.0
  0
ARC
  5
A7
330
6F
100
AcDbEntity
  8
BLACK
100
AcDbCircle
 10
553.1384489999999
 20
-248.724509
 30
0.0
 40
2.075000000602409
100
AcDbArc
 50
180.00002761
 51
269.99861938
  0
LINE
  5
A8
330
6F
100
AcDbEntity
  8
BLACK
  6
Continuous
100
AcDbLine
 10
563.688399
 20
-236.699509
 30
0.0
 11
553.1383979999999
 21
-236.699509
 31
0.0
  0
ARC
  5
A9
330
6F
100
AcDbEntity
  8
BLACK
100
AcDbCircle
 10
558.9158489999999
 20
-217.995709
 30
0.0
 40
0.9284109879250676
100
AcDbArc
 50
270.00123434
 51
337.98062142
  0
ARC
  5
AA
330
6F
100
AcDbEntity
  8
BLACK
100
AcDbCircle
 10
579.3321489999998
 20
-238.774509
 30
0.0
 40
2.074999999999999
100
AcDbArc
 50
90.00002761000002
 51
180.0
  0
LINE
  5
AB
330
6F
100
AcDbEntity
  8
BLACK
  6
Continuous
100
AcDbLine
 10
551.063399
 20
-238.774509
 30
0.0
 11
551.063399
 21
-248.72451
 31
0.0
  0
ARC
  5
AC
330
6F
100
AcDbEntity
  8
BLACK
100
AcDbCircle
 10
560.7731489999999
 20
-218.746909
 30
0.0
 40
1.075052197104866
100
AcDbArc
 50
90.00373086999999
 51
157.97709994
  0
LINE
  5
AD
330
6F
100
AcDbEntity
  8
BLACK
  6
Continuous
100
AcDbLine
 10
558.454299
 20
-229.374949
 30
0.0
 11
558.050259
 21
-229.374949
 31
0.0
  0
LINE
  5
AE
330
6F
100
AcDbEntity
  8
BLACK
  6
Continuous
100
AcDbLine
 10
572.4946489999999
 20
-200.674509
 30
0.0
 11
572.4946489999999
 21
-210.62451
 31
0.0
  0
ARC
  5
AF
330
6F
100
AcDbEntity
  8
BLACK
100
AcDbCircle
 10
502.6821489999999
 20
-256.924509
 30
0.0
 40
1.074999999999999
100
AcDbArc
 50
90.0
 51
180.0
  0
LINE
  5
B0
330
6F
100
AcDbEntity
  8
BLACK
  6
Continuous
100
AcDbLine
 10
586.4855289999999
 20
-218.924069
 30
0.0
 11
587.3511389999999
 21
-218.924069
 31
0.0
  0
LINE
  5
B1
330
6F
100
AcDbEntity
  8
BLACK
  6
Continuous
100
AcDbLine
 10
587.194649
 20
-200.674509
 30
0.0
 11
587.194649
 21
-210.624509
 31
0.0
  0
ARC
  5
B2
330
6F
100
AcDbEntity
  8
BLACK
100
AcDbCircle
 10
514.132149
 20
-268.674509
 30
0.0
 40
1.074999999999999
100
AcDbArc
 50
270.0
 51
0.0
  0
LINE
  5
B3
330
6F
100
AcDbEntity
  8
BLACK
  6
Continuous
100
AcDbLine
 10
560.7730789999999
 20
-217.671909
 30
0.0
 11
584.6283189999999
 21
-217.671909
 31
0.0
  0
LINE
  5
B4
330
6F
100
AcDbEntity
  8
BLACK
  6
Continuous
100
AcDbLine
 10
588.7761389999999
 20
-220.349069
 30
0.0
 11
588.7761389999999
 21
-227.949949
 31
0.0
  0
ARC
  5
B5
330
6F
100
AcDbEntity
  8
BLACK
100
AcDbCircle
 10
558.4543489999999
 20
-231.099909
 30
0.0
 40
1.724960000724654
100
AcDbArc
 50
20.54738724
 51
90.00166079000001
  0
ARC
  5
B6
330
6F
100
AcDbEntity
  8
BLACK
100
AcDbCircle
 10
563.6884489999999
 20
-238.774509
 30
0.0
 40
2.075000000602409
100
AcDbArc
 50
0.0
 51
90.00138062000001
  0
LINE
  5
B7
330
6F
100
AcDbEntity
  8
BLACK
  6
Continuous
100
AcDbLine
 10
583.5761989999999
 20
-231.7114189999999
 30
0.0
 11
561.825199
 21
-231.7114189999999
 31
0.0
  0
ARC
  5
B8
330
6F
100
AcDbEntity
  8
BLACK
100
AcDbCircle
 10
574.569649
 20
-200.674509
 30
0.0
 40
2.074999999999999
100
AcDbArc
 50
90.00002761000002
 51
180.0
  0
ARC
  5
B9
330
6F
100
AcDbEntity
  8
BLACK
100
AcDbCircle
 10
558.0502489999999
 20
-227.949909
 30
0.0
 40
1.425040000035086
100
AcDbArc
 50
180.00160831
 51
270.00040206
  0
ARC
  5
BA
330
6F
100
AcDbEntity
  8
BLACK
100
AcDbCircle
 10
563.6884489999999
 20
-248.724509
 30
0.0
 40
2.074949999999999
100
AcDbArc
 50
269.99861938
 51
0.0
  0
ARC
  5
BB
330
6F
100
AcDbEntity
  8
BLACK
100
AcDbCircle
 10
583.576149
 20
-229.836509
 30
0.0
 40
1.874989852665875
100
AcDbArc
 50
270.00152793
 51
339.45547122
  0
ARC
  5
BC
330
6F
100
AcDbEntity
  8
BLACK
100
AcDbCircle
 10
579.3321489999998
 20
-248.724509
 30
0.0
 40
2.074999999999999
100
AcDbArc
 50
180.00002761
 51
270.0
  0
ARC
  5
BD
330
6F
100
AcDbEntity
  8
BLACK
100
AcDbCircle
 10
587.3511489999999
 20
-220.349109
 30
0.0
 40
1.425040000035086
100
AcDbArc
 50
0.00160831
 51
90.00040206000001
  0
LINE
  5
BE
330
6F
100
AcDbEntity
  8
BLACK
  6
Continuous
100
AcDbLine
 10
591.9571489999998
 20
-238.774509
 30
0.0
 11
591.9571489999998
 21
-248.724509
 31
0.0
  0
ARC
  5
BF
330
6F
100
AcDbEntity
  8
BLACK
100
AcDbCircle
 10
317.885599
 20
-237.796909
 30
0.0
 40
1.075005845565502
100
AcDbArc
 50
90.00106596
 51
157.97610066
  0
ARC
  5
C0
330
6F
100
AcDbEntity
  8
BLACK
100
AcDbCircle
 10
341.740749
 20
-237.796909
 30
0.0
 40
1.075000002279069
100
AcDbArc
 50
22.02290117
 51
89.99626911
  0
ARC
  5
C1
330
6F
100
AcDbEntity
  8
BLACK
100
AcDbCircle
 10
318.93771
 20
-248.886467
 30
0.0
 40
1.874952000032267
100
AcDbArc
 50
200.5459735
 51
269.99966386
  0
LINE
  5
C2
330
6F
100
AcDbEntity
  8
BLACK
  6
Continuous
100
AcDbLine
 10
585.1196489999999
 20
-255.749509
 30
0.0
 11
574.569648
 21
-255.749509
 31
0.0
  0
LINE
  5
C3
330
6F
100
AcDbEntity
  8
BLACK
  6
Continuous
100
AcDbLine
 10
539.569649
 20
-257.8245089999999
 30
0.0
 11
539.569649
 21
-267.774509
 31
0.0
  0
ARC
  5
C4
330
6F
100
AcDbEntity
  8
BLACK
100
AcDbCircle
 10
315.16276
 20
-246.999948
 30
0.0
 40
1.42500100000035
100
AcDbArc
 50
180.00004021
 51
269.99995979
  0
ARC
  5
C5
330
6F
100
AcDbEntity
  8
BLACK
100
AcDbCircle
 10
526.9446489999999
 20
-248.724509
 30
0.0
 40
2.074999999999999
100
AcDbArc
 50
180.0
 51
270.0
  0
LINE
  5
C6
330
6F
100
AcDbEntity
  8
BLACK
  6
Continuous
100
AcDbLine
 10
539.569649
 20
-238.774509
 30
0.0
 11
539.569649
 21
-248.724509
 31
0.0
  0
ARC
  5
C7
330
6F
100
AcDbEntity
  8
BLACK
100
AcDbCircle
 10
330.325899
 20
-219.724509
 30
0.0
 40
2.074999999999999
100
AcDbArc
 50
0.0
 51
90.0
  0
LINE
  5
C8
330
6F
100
AcDbEntity
  8
BLACK
  6
Continuous
100
AcDbLine
 10
345.888639
 20
-239.399069
 30
0.0
 11
345.888639
 21
-246.999949
 31
0.0
  0
LINE
  5
C9
330
6F
100
AcDbEntity
  8
BLACK
  6
Continuous
100
AcDbLine
 10
518.444649
 20
-250.799509
 30
0.0
 11
507.8946489999998
 21
-250.799509
 31
0.0
  0
LINE
  5
CA
330
6F
100
AcDbEntity
  8
BLACK
  6
Continuous
100
AcDbLine
 10
317.885579
 20
-236.721909
 30
0.0
 11
341.740819
 21
-236.721909
 31
0.0
  0
ARC
  5
CB
330
6F
100
AcDbEntity
  8
BLACK
100
AcDbCircle
 10
518.444649
 20
-238.774509
 30
0.0
 40
2.074999999999999
100
AcDbArc
 50
0.0
 51
90.0
  0
ARC
  5
CC
330
6F
100
AcDbEntity
  8
BLACK
100
AcDbCircle
 10
344.059549
 20
-250.1499089999999
 30
0.0
 40
1.724891586622185
100
AcDbArc
 50
89.99833919
 51
159.45281887
  0
ARC
  5
CD
330
6F
100
AcDbEntity
  8
BLACK
100
AcDbCircle
 10
343.597949
 20
-237.045609
 30
0.0
 40
0.9284600034465674
100
AcDbArc
 50
202.02742278
 51
270.00493684
  0
ARC
  5
CE
330
6F
100
AcDbEntity
  8
BLACK
100
AcDbCircle
 10
570.8321489999998
 20
-181.624509
 30
0.0
 40
2.074999999999999
100
AcDbArc
 50
0.0
 51
90.0
  0
LINE
  5
CF
330
6F
100
AcDbEntity
  8
BLACK
  6
Continuous
100
AcDbLine
 10
537.494649
 20
-250.799509
 30
0.0
 11
526.9446489999999
 21
-250.799509
 31
0.0
  0
LINE
  5
D0
330
6F
100
AcDbEntity
  8
BLACK
  6
Continuous
100
AcDbLine
 10
340.688699
 20
-250.761419
 30
0.0
 11
318.937699
 21
-250.761419
 31
0.0
  0
LINE
  5
D1
330
6F
100
AcDbEntity
  8
BLACK
  6
Continuous
100
AcDbLine
 10
317.700899
 20
-219.724509
 30
0.0
 11
317.700899
 21
-229.67451
 31
0.0
  0
ARC
  5
D2
330
6F
100
AcDbEntity
  8
BLACK
100
AcDbCircle
 10
507.8946489999998
 20
-248.724509
 30
0.0
 40
2.074999999999999
100
AcDbArc
 50
180.0
 51
270.0
  0
LINE
  5
D3
330
6F
100
AcDbEntity
  8
BLACK
  6
Continuous
100
AcDbLine
 10
518.444649
 20
-236.699509
 30
0.0
 11
507.8946489999998
 21
-236.699509
 31
0.0
  0
ARC
  5
D4
330
6F
100
AcDbEntity
  8
BLACK
100
AcDbCircle
 10
585.1196489999999
 20
-257.8245089999999
 30
0.0
 40
2.074999999999999
100
AcDbArc
 50
0.0
 51
90.0
  0
ARC
  5
D5
330
6F
100
AcDbEntity
  8
BLACK
100
AcDbCircle
 10
579.3321489999998
 20
-191.5745089999999
 30
0.0
 40
2.074999999999999
100
AcDbArc
 50
180.00002761
 51
270.0
  0
ARC
  5
D6
330
6F
100
AcDbEntity
  8
BLACK
100
AcDbCircle
 10
537.494649
 20
-248.724509
 30
0.0
 40
2.074999999999999
100
AcDbArc
 50
270.0
 51
0.0
  0
LINE
  5
D7
330
6F
100
AcDbEntity
  8
BLACK
  6
Continuous
100
AcDbLine
 10
330.325899
 20
-231.749509
 30
0.0
 11
319.775899
 21
-231.749509
 31
0.0
  0
LINE
  5
D8
330
6F
100
AcDbEntity
  8
BLACK
  6
Continuous
100
AcDbLine
 10
330.325899
 20
-217.649509
 30
0.0
 11
319.775898
 21
-217.649509
 31
0.0
  0
LINE
  5
D9
330
6F
100
AcDbEntity
  8
BLACK
  6
Continuous
100
AcDbLine
 10
505.819649
 20
-238.774509
 30
0.0
 11
505.819649
 21
-248.724509
 31
0.0
  0
ARC
  5
DA
330
6F
100
AcDbEntity
  8
BLACK
100
AcDbCircle
 10
365.0196489999999
 20
-257.8245089999999
 30
0.0
 40
2.074999999999999
100
AcDbArc
 50
90.00002761000002
 51
180.0
  0
LINE
  5
DB
330
6F
100
AcDbEntity
  8
BLACK
  6
Continuous
100
AcDbLine
 10
570.8321489999998
 20
-193.649509
 30
0.0
 11
560.282149
 21
-193.649509
 31
0.0
  0
LINE
  5
DC
330
6F
100
AcDbEntity
  8
BLACK
  6
Continuous
100
AcDbLine
 10
572.9071489999999
 20
-181.624509
 30
0.0
 11
572.9071489999999
 21
-191.5745089999999
 31
0.0
  0
LINE
  5
DD
330
6F
100
AcDbEntity
  8
BLACK
  6
Continuous
100
AcDbLine
 10
556.625259
 20
-227.949949
 30
0.0
 11
556.625259
 21
-220.349069
 31
0.0
  0
LINE
  5
DE
330
6F
100
AcDbEntity
  8
BLACK
  6
Continuous
100
AcDbLine
 10
589.882149
 20
-236.699509
 30
0.0
 11
579.3321479999999
 21
-236.699509
 31
0.0
  0
LINE
  5
DF
330
6F
100
AcDbEntity
  8
BLACK
  6
Continuous
100
AcDbLine
 10
591.9571489999998
 20
-181.624509
 30
0.0
 11
591.9571489999998
 21
-191.5745089999999
 31
0.0
  0
ARC
  5
E0
330
6F
100
AcDbEntity
  8
BLACK
100
AcDbCircle
 10
589.882149
 20
-191.5745089999999
 30
0.0
 40
2.074999999999999
100
AcDbArc
 50
270.0
 51
0.0
  0
ARC
  5
E1
330
6F
100
AcDbEntity
  8
BLACK
100
AcDbCircle
 10
518.444649
 20
-248.724509
 30
0.0
 40
2.074999999999999
100
AcDbArc
 50
270.0
 51
0.0
  0
ARC
  5
E2
330
6F
100
AcDbEntity
  8
BLACK
100
AcDbCircle
 10
507.8946489999998
 20
-238.774509
 30
0.0
 40
2.074999999999999
100
AcDbArc
 50
90.0
 51
180.0
  0
ARC
  5
E3
330
6F
100
AcDbEntity
  8
BLACK
100
AcDbCircle
 10
579.3321489999998
 20
-181.624509
 30
0.0
 40
2.074999999999999
100
AcDbArc
 50
90.00002761000002
 51
180.0
  0
LINE
  5
E4
330
6F
100
AcDbEntity
  8
BLACK
  6
Continuous
100
AcDbLine
 10
577.257149
 20
-181.624509
 30
0.0
 11
577.257149
 21
-191.57451
 31
0.0
  0
ARC
  5
E5
330
6F
100
AcDbEntity
  8
BLACK
100
AcDbCircle
 10
319.775903
 20
-219.724513
 30
0.0
 40
2.075004000003854
100
AcDbArc
 50
90.00013806
 51
179.99988955
  0
LINE
  5
E6
330
6F
100
AcDbEntity
  8
BLACK
  6
Continuous
100
AcDbLine
 10
589.882149
 20
-179.549509
 30
0.0
 11
579.3321479999999
 21
-179.549509
 31
0.0
  0
ARC
  5
E7
330
6F
100
AcDbEntity
  8
BLACK
100
AcDbCircle
 10
315.16276
 20
-239.39907
 30
0.0
 40
1.42500100000035
100
AcDbArc
 50
90.00004021
 51
179.99995979
  0
ARC
  5
E8
330
6F
100
AcDbEntity
  8
BLACK
100
AcDbCircle
 10
330.325899
 20
-229.674509
 30
0.0
 40
2.074999999999999
100
AcDbArc
 50
270.0
 51
0.0
  0
LINE
  5
E9
330
6F
100
AcDbEntity
  8
BLACK
  6
Continuous
100
AcDbLine
 10
315.162759
 20
-237.974069
 30
0.0
 11
316.028369
 21
-237.974069
 31
0.0
  0
ARC
  5
EA
330
6F
100
AcDbEntity
  8
BLACK
100
AcDbCircle
 10
316.02837
 20
-237.04566
 30
0.0
 40
0.9284098923438936
100
AcDbArc
 50
269.9999382900001
 51
337.97733212
  0
LINE
  5
EB
330
6F
100
AcDbEntity
  8
BLACK
  6
Continuous
100
AcDbLine
 10
537.494649
 20
-236.699509
 30
0.0
 11
526.9446489999999
 21
-236.699509
 31
0.0
  0
LINE
  5
EC
330
6F
100
AcDbEntity
  8
BLACK
  6
Continuous
100
AcDbLine
 10
315.566799
 20
-248.424949
 30
0.0
 11
315.162759
 21
-248.424949
 31
0.0
  0
ARC
  5
ED
330
6F
100
AcDbEntity
  8
BLACK
100
AcDbCircle
 10
526.9446489999999
 20
-238.774509
 30
0.0
 40
2.074999999999999
100
AcDbArc
 50
90.0
 51
180.0
  0
ARC
  5
EE
330
6F
100
AcDbEntity
  8
BLACK
100
AcDbCircle
 10
319.775901
 20
-229.674507
 30
0.0
 40
2.075002000000963
100
AcDbArc
 50
180.00008284
 51
269.99994478
  0
ARC
  5
EF
330
6F
100
AcDbEntity
  8
BLACK
100
AcDbCircle
 10
537.494649
 20
-238.774509
 30
0.0
 40
2.074999999999999
100
AcDbArc
 50
0.0
 51
90.0
  0
ARC
  5
F0
330
6F
100
AcDbEntity
  8
BLACK
100
AcDbCircle
 10
480.3446489999999
 20
-238.774509
 30
0.0
 40
2.074999999999999
100
AcDbArc
 50
0.0
 51
90.0
  0
LINE
  5
F1
330
6F
100
AcDbEntity
  8
BLACK
  6
Continuous
100
AcDbLine
 10
343.598029
 20
-237.974069
 30
0.0
 11
344.463639
 21
-237.974069
 31
0.0
  0
ARC
  5
F2
330
6F
100
AcDbEntity
  8
BLACK
100
AcDbCircle
 10
469.7946489999999
 20
-248.724509
 30
0.0
 40
2.074999999999999
100
AcDbArc
 50
180.0
 51
270.0
  0
LINE
  5
F3
330
6F
100
AcDbEntity
  8
BLACK
  6
Continuous
100
AcDbLine
 10
570.8321489999998
 20
-179.549509
 30
0.0
 11
560.282148
 21
-179.549509
 31
0.0
  0
LINE
  5
F4
330
6F
100
AcDbEntity
  8
BLACK
  6
Continuous
100
AcDbLine
 10
482.419649
 20
-238.774509
 30
0.0
 11
482.419649
 21
-248.724509
 31
0.0
  0
LINE
  5
F5
330
6F
100
AcDbEntity
  8
BLACK
  6
Continuous
100
AcDbLine
 10
448.6696489999999
 20
-238.774509
 30
0.0
 11
448.6696489999999
 21
-248.724509
 31
0.0
  0
ARC
  5
F6
330
6F
100
AcDbEntity
  8
BLACK
100
AcDbCircle
 10
450.7446489999999
 20
-238.774509
 30
0.0
 40
2.074999999999999
100
AcDbArc
 50
90.0
 51
180.0
  0
LINE
  5
F7
330
6F
100
AcDbEntity
  8
BLACK
  6
Continuous
100
AcDbLine
 10
486.7696489999999
 20
-238.774509
 30
0.0
 11
486.7696489999999
 21
-248.724509
 31
0.0
  0
ARC
  5
F8
330
6F
100
AcDbEntity
  8
BLACK
100
AcDbCircle
 10
461.2946489999999
 20
-238.774509
 30
0.0
 40
2.074999999999999
100
AcDbArc
 50
0.0
 51
90.0
  0
ARC
  5
F9
330
6F
100
AcDbEntity
  8
BLACK
100
AcDbCircle
 10
431.694649
 20
-248.724509
 30
0.0
 40
2.074999999999999
100
AcDbArc
 50
180.0
 51
270.0
  0
ARC
  5
FA
330
6F
100
AcDbEntity
  8
BLACK
100
AcDbCircle
 10
374.544649
 20
-248.724509
 30
0.0
 40
2.074999999999999
100
AcDbArc
 50
180.0
 51
270.0
  0
LINE
  5
FB
330
6F
100
AcDbEntity
  8
BLACK
  6
Continuous
100
AcDbLine
 10
425.2696489999999
 20
-238.774509
 30
0.0
 11
425.2696489999999
 21
-248.724509
 31
0.0
  0
ARC
  5
FC
330
6F
100
AcDbEntity
  8
BLACK
100
AcDbCircle
 10
450.7446489999999
 20
-248.724509
 30
0.0
 40
2.074999999999999
100
AcDbArc
 50
180.0
 51
270.0
  0
ARC
  5
FD
330
6F
100
AcDbEntity
  8
BLACK
100
AcDbCircle
 10
442.2446489999999
 20
-248.724509
 30
0.0
 40
2.074999999999999
100
AcDbArc
 50
270.0
 51
0.0
  0
ARC
  5
FE
330
6F
100
AcDbEntity
  8
BLACK
100
AcDbCircle
 10
393.594649
 20
-238.774509
 30
0.0
 40
2.074999999999999
100
AcDbArc
 50
90.0
 51
180.0
  0
LINE
  5
FF
330
6F
100
AcDbEntity
  8
BLACK
  6
Continuous
100
AcDbLine
 10
372.469649
 20
-238.774509
 30
0.0
 11
372.469649
 21
-248.724509
 31
0.0
  0
LINE
  5
100
330
6F
100
AcDbEntity
  8
BLACK
  6
Continuous
100
AcDbLine
 10
463.369649
 20
-238.774509
 30
0.0
 11
463.369649
 21
-248.724509
 31
0.0
  0
ARC
  5
101
330
6F
100
AcDbEntity
  8
BLACK
100
AcDbCircle
 10
431.694649
 20
-238.774509
 30
0.0
 40
2.074999999999999
100
AcDbArc
 50
90.0
 51
180.0
  0
LINE
  5
102
330
6F
100
AcDbEntity
  8
BLACK
  6
Continuous
100
AcDbLine
 10
444.319649
 20
-238.774509
 30
0.0
 11
444.319649
 21
-248.724509
 31
0.0
  0
LINE
  5
103
330
6F
100
AcDbEntity
  8
BLACK
  6
Continuous
100
AcDbLine
 10
410.569649
 20
-238.774509
 30
0.0
 11
410.569649
 21
-248.724509
 31
0.0
  0
LINE
  5
104
330
6F
100
AcDbEntity
  8
BLACK
  6
Continuous
100
AcDbLine
 10
406.2196489999999
 20
-238.774509
 30
0.0
 11
406.2196489999999
 21
-248.724509
 31
0.0
  0
ARC
  5
105
330
6F
100
AcDbEntity
  8
BLACK
100
AcDbCircle
 10
423.194649
 20
-238.774509
 30
0.0
 40
2.074999999999999
100
AcDbArc
 50
0.0
 51
90.0
  0
LINE
  5
106
330
6F
100
AcDbEntity
  8
BLACK
  6
Continuous
100
AcDbLine
 10
387.169649
 20
-238.774509
 30
0.0
 11
387.169649
 21
-248.724509
 31
0.0
  0
ARC
  5
107
330
6F
100
AcDbEntity
  8
BLACK
100
AcDbCircle
 10
355.494649
 20
-248.724509
 30
0.0
 40
2.074999999999999
100
AcDbArc
 50
180.0
 51
270.0
  0
LINE
  5
108
330
6F
100
AcDbEntity
  8
BLACK
  6
Continuous
100
AcDbLine
 10
385.094649
 20
-236.699509
 30
0.0
 11
374.544649
 21
-236.699509
 31
0.0
  0
ARC
  5
109
330
6F
100
AcDbEntity
  8
BLACK
100
AcDbCircle
 10
404.1446489999999
 20
-238.774509
 30
0.0
 40
2.074999999999999
100
AcDbArc
 50
0.0
 51
90.0
  0
ARC
  5
10A
330
6F
100
AcDbEntity
  8
BLACK
100
AcDbCircle
 10
423.194649
 20
-248.724509
 30
0.0
 40
2.074999999999999
100
AcDbArc
 50
270.0
 51
0.0
  0
LINE
  5
10B
330
6F
100
AcDbEntity
  8
BLACK
  6
Continuous
100
AcDbLine
 10
423.194649
 20
-250.799509
 30
0.0
 11
412.6446489999999
 21
-250.799509
 31
0.0
  0
ARC
  5
10C
330
6F
100
AcDbEntity
  8
BLACK
100
AcDbCircle
 10
412.6446489999999
 20
-238.774509
 30
0.0
 40
2.074999999999999
100
AcDbArc
 50
90.0
 51
180.0
  0
LINE
  5
10D
330
6F
100
AcDbEntity
  8
BLACK
  6
Continuous
100
AcDbLine
 10
461.2946489999999
 20
-236.699509
 30
0.0
 11
450.7446489999999
 21
-236.699509
 31
0.0
  0
LINE
  5
10E
330
6F
100
AcDbEntity
  8
BLACK
  6
Continuous
100
AcDbLine
 10
404.1446489999999
 20
-236.699509
 30
0.0
 11
393.594649
 21
-236.699509
 31
0.0
  0
ARC
  5
10F
330
6F
100
AcDbEntity
  8
BLACK
100
AcDbCircle
 10
488.8446489999999
 20
-248.724509
 30
0.0
 40
2.074999999999999
100
AcDbArc
 50
180.0
 51
270.0
  0
ARC
  5
110
330
6F
100
AcDbEntity
  8
BLACK
100
AcDbCircle
 10
574.569649
 20
-267.774509
 30
0.0
 40
2.074999999999999
100
AcDbArc
 50
180.00002761
 51
270.0
  0
LINE
  5
111
330
6F
100
AcDbEntity
  8
BLACK
  6
Continuous
100
AcDbLine
 10
442.2446489999999
 20
-236.699509
 30
0.0
 11
431.694649
 21
-236.699509
 31
0.0
  0
LINE
  5
112
330
6F
100
AcDbEntity
  8
BLACK
  6
Continuous
100
AcDbLine
 10
404.1446489999999
 20
-250.799509
 30
0.0
 11
393.594649
 21
-250.799509
 31
0.0
  0
ARC
  5
113
330
6F
100
AcDbEntity
  8
BLACK
100
AcDbCircle
 10
480.3446489999999
 20
-248.724509
 30
0.0
 40
2.074999999999999
100
AcDbArc
 50
270.0
 51
0.0
  0
ARC
  5
114
330
6F
100
AcDbEntity
  8
BLACK
100
AcDbCircle
 10
586.4854489999999
 20
-217.995609
 30
0.0
 40
0.9284600034465674
100
AcDbArc
 50
202.02742278
 51
270.00493684
  0
ARC
  5
115
330
6F
100
AcDbEntity
  8
BLACK
100
AcDbCircle
 10
355.494649
 20
-238.774509
 30
0.0
 40
2.074999999999999
100
AcDbArc
 50
90.0
 51
180.0
  0
LINE
  5
116
330
6F
100
AcDbEntity
  8
BLACK
  6
Continuous
100
AcDbLine
 10
480.3446489999999
 20
-236.699509
 30
0.0
 11
469.7946489999999
 21
-236.699509
 31
0.0
  0
ARC
  5
117
330
6F
100
AcDbEntity
  8
BLACK
100
AcDbCircle
 10
345.969649
 20
-219.724509
 30
0.0
 40
2.074999999999999
100
AcDbArc
 50
90.0
 51
180.0
  0
LINE
  5
118
330
6F
100
AcDbEntity
  8
BLACK
  6
Continuous
100
AcDbLine
 10
358.594649
 20
-219.724509
 30
0.0
 11
358.594649
 21
-229.674509
 31
0.0
  0
LINE
  5
119
330
6F
100
AcDbEntity
  8
BLACK
  6
Continuous
100
AcDbLine
 10
368.119649
 20
-238.774509
 30
0.0
 11
368.119649
 21
-248.724509
 31
0.0
  0
LINE
  5
11A
330
6F
100
AcDbEntity
  8
BLACK
  6
Continuous
100
AcDbLine
 10
413.669649
 20
-231.749509
 30
0.0
 11
403.119649
 21
-231.749509
 31
0.0
  0
ARC
  5
11B
330
6F
100
AcDbEntity
  8
BLACK
100
AcDbCircle
 10
442.2446489999999
 20
-238.774509
 30
0.0
 40
2.074999999999999
100
AcDbArc
 50
0.0
 51
90.0
  0
LINE
  5
11C
330
6F
100
AcDbEntity
  8
BLACK
  6
Continuous
100
AcDbLine
 10
451.7696489999999
 20
-217.649509
 30
0.0
 11
441.219649
 21
-217.649509
 31
0.0
  0
ARC
  5
11D
330
6F
100
AcDbEntity
  8
BLACK
100
AcDbCircle
 10
441.219649
 20
-229.674509
 30
0.0
 40
2.074999999999999
100
AcDbArc
 50
180.0
 51
270.0
  0
LINE
  5
11E
330
6F
100
AcDbEntity
  8
BLACK
  6
Continuous
100
AcDbLine
 10
429.6196489999999
 20
-238.774509
 30
0.0
 11
429.6196489999999
 21
-248.724509
 31
0.0
  0
LINE
  5
11F
330
6F
100
AcDbEntity
  8
BLACK
  6
Continuous
100
AcDbLine
 10
439.1446489999999
 20
-219.724509
 30
0.0
 11
439.1446489999999
 21
-229.674509
 31
0.0
  0
LINE
  5
120
330
6F
100
AcDbEntity
  8
BLACK
  6
Continuous
100
AcDbLine
 10
470.819649
 20
-231.749509
 30
0.0
 11
460.2696489999999
 21
-231.749509
 31
0.0
  0
ARC
  5
121
330
6F
100
AcDbEntity
  8
BLACK
100
AcDbCircle
 10
413.669649
 20
-219.724509
 30
0.0
 40
2.074999999999999
100
AcDbArc
 50
0.0
 51
90.0
  0
LINE
  5
122
330
6F
100
AcDbEntity
  8
BLACK
  6
Continuous
100
AcDbLine
 10
396.694649
 20
-219.724509
 30
0.0
 11
396.694649
 21
-229.674509
 31
0.0
  0
LINE
  5
123
330
6F
100
AcDbEntity
  8
BLACK
  6
Continuous
100
AcDbLine
 10
489.8696489999999
 20
-231.749509
 30
0.0
 11
479.319649
 21
-231.749509
 31
0.0
  0
LINE
  5
124
330
6F
100
AcDbEntity
  8
BLACK
  6
Continuous
100
AcDbLine
 10
391.5196489999999
 20
-238.774509
 30
0.0
 11
391.5196489999999
 21
-248.724509
 31
0.0
  0
LINE
  5
125
330
6F
100
AcDbEntity
  8
BLACK
  6
Continuous
100
AcDbLine
 10
362.944649
 20
-219.724509
 30
0.0
 11
362.944649
 21
-229.674509
 31
0.0
  0
ARC
  5
126
330
6F
100
AcDbEntity
  8
BLACK
100
AcDbCircle
 10
489.8696489999999
 20
-219.724509
 30
0.0
 40
2.074999999999999
100
AcDbArc
 50
0.0
 51
90.0
  0
ARC
  5
127
330
6F
100
AcDbEntity
  8
BLACK
100
AcDbCircle
 10
384.069649
 20
-229.674509
 30
0.0
 40
2.074999999999999
100
AcDbArc
 50
180.0
 51
270.0
  0
LINE
  5
128
330
6F
100
AcDbEntity
  8
BLACK
  6
Continuous
100
AcDbLine
 10
394.619649
 20
-217.649509
 30
0.0
 11
384.069649
 21
-217.649509
 31
0.0
  0
ARC
  5
129
330
6F
100
AcDbEntity
  8
BLACK
100
AcDbCircle
 10
460.2696489999999
 20
-229.674509
 30
0.0
 40
2.074999999999999
100
AcDbArc
 50
180.0
 51
270.0
  0
ARC
  5
12A
330
6F
100
AcDbEntity
  8
BLACK
100
AcDbCircle
 10
365.0196489999999
 20
-219.724509
 30
0.0
 40
2.074999999999999
100
AcDbArc
 50
90.0
 51
180.0
  0
ARC
  5
12B
330
6F
100
AcDbEntity
  8
BLACK
100
AcDbCircle
 10
451.7696489999999
 20
-219.724509
 30
0.0
 40
2.074999999999999
100
AcDbArc
 50
0.0
 51
90.0
  0
LINE
  5
12C
330
6F
100
AcDbEntity
  8
BLACK
  6
Continuous
100
AcDbLine
 10
491.944649
 20
-219.724509
 30
0.0
 11
491.944649
 21
-229.674509
 31
0.0
  0
LINE
  5
12D
330
6F
100
AcDbEntity
  8
BLACK
  6
Continuous
100
AcDbLine
 10
447.007149
 20
-212.699509
 30
0.0
 11
436.4571489999999
 21
-212.699509
 31
0.0
  0
ARC
  5
12E
330
6F
100
AcDbEntity
  8
BLACK
100
AcDbCircle
 10
408.907149
 20
-200.674509
 30
0.0
 40
2.074999999999999
100
AcDbArc
 50
0.0
 51
90.0
  0
LINE
  5
12F
330
6F
100
AcDbEntity
  8
BLACK
  6
Continuous
100
AcDbLine
 10
413.669649
 20
-217.649509
 30
0.0
 11
403.119649
 21
-217.649509
 31
0.0
  0
LINE
  5
130
330
6F
100
AcDbEntity
  8
BLACK
  6
Continuous
100
AcDbLine
 10
401.0446489999999
 20
-219.724509
 30
0.0
 11
401.0446489999999
 21
-229.674509
 31
0.0
  0
ARC
  5
131
330
6F
100
AcDbEntity
  8
BLACK
100
AcDbCircle
 10
422.169649
 20
-229.674509
 30
0.0
 40
2.074999999999999
100
AcDbArc
 50
180.0
 51
270.0
  0
LINE
  5
132
330
6F
100
AcDbEntity
  8
BLACK
  6
Continuous
100
AcDbLine
 10
434.7946489999999
 20
-219.724509
 30
0.0
 11
434.7946489999999
 21
-229.674509
 31
0.0
  0
LINE
  5
133
330
6F
100
AcDbEntity
  8
BLACK
  6
Continuous
100
AcDbLine
 10
410.9821489999999
 20
-200.674509
 30
0.0
 11
410.9821489999999
 21
-210.624509
 31
0.0
  0
ARC
  5
134
330
6F
100
AcDbEntity
  8
BLACK
100
AcDbCircle
 10
389.857149
 20
-200.674509
 30
0.0
 40
2.074999999999999
100
AcDbArc
 50
0.0
 51
90.0
  0
LINE
  5
135
330
6F
100
AcDbEntity
  8
BLACK
  6
Continuous
100
AcDbLine
 10
370.807149
 20
-212.699509
 30
0.0
 11
360.257149
 21
-212.699509
 31
0.0
  0
LINE
  5
136
330
6F
100
AcDbEntity
  8
BLACK
  6
Continuous
100
AcDbLine
 10
356.519649
 20
-231.749509
 30
0.0
 11
345.969649
 21
-231.749509
 31
0.0
  0
LINE
  5
137
330
6F
100
AcDbEntity
  8
BLACK
  6
Continuous
100
AcDbLine
 10
472.8946489999999
 20
-219.724509
 30
0.0
 11
472.8946489999999
 21
-229.674509
 31
0.0
  0
ARC
  5
138
330
6F
100
AcDbEntity
  8
BLACK
100
AcDbCircle
 10
360.257149
 20
-200.674509
 30
0.0
 40
2.074999999999999
100
AcDbArc
 50
90.0
 51
180.0
  0
LINE
  5
139
330
6F
100
AcDbEntity
  8
BLACK
  6
Continuous
100
AcDbLine
 10
344.463639
 20
-248.424949
 30
0.0
 11
344.059599
 21
-248.424949
 31
0.0
  0
LINE
  5
13A
330
6F
100
AcDbEntity
  8
BLACK
  6
Continuous
100
AcDbLine
 10
351.757149
 20
-212.699509
 30
0.0
 11
341.207149
 21
-212.699509
 31
0.0
  0
LINE
  5
13B
330
6F
100
AcDbEntity
  8
BLACK
  6
Continuous
100
AcDbLine
 10
480.3446489999999
 20
-250.799509
 30
0.0
 11
469.7946489999999
 21
-250.799509
 31
0.0
  0
LINE
  5
13C
330
6F
100
AcDbEntity
  8
BLACK
  6
Continuous
100
AcDbLine
 10
423.194649
 20
-236.699509
 30
0.0
 11
412.6446489999999
 21
-236.699509
 31
0.0
  0
ARC
  5
13D
330
6F
100
AcDbEntity
  8
BLACK
100
AcDbCircle
 10
587.351049
 20
-227.949909
 30
0.0
 40
1.425090000561367
100
AcDbArc
 50
270.00361858
 51
359.9983918
  0
LINE
  5
13E
330
6F
100
AcDbEntity
  8
BLACK
  6
Continuous
100
AcDbLine
 10
327.944649
 20
-198.599509
 30
0.0
 11
317.394649
 21
-198.599509
 31
0.0
  0
LINE
  5
13F
330
6F
100
AcDbEntity
  8
BLACK
  6
Continuous
100
AcDbLine
 10
385.094649
 20
-250.799509
 30
0.0
 11
374.544649
 21
-250.799509
 31
0.0
  0
ARC
  5
140
330
6F
100
AcDbEntity
  8
BLACK
100
AcDbCircle
 10
551.782149
 20
-181.624509
 30
0.0
 40
2.074999999999999
100
AcDbArc
 50
0.0
 51
90.0
  0
LINE
  5
141
330
6F
100
AcDbEntity
  8
BLACK
  6
Continuous
100
AcDbLine
 10
327.944649
 20
-212.699509
 30
0.0
 11
317.394649
 21
-212.699509
 31
0.0
  0
ARC
  5
142
330
6F
100
AcDbEntity
  8
BLACK
100
AcDbCircle
 10
317.394649
 20
-210.62451
 30
0.0
 40
2.074999
100
AcDbArc
 50
180.0
 51
270.0
  0
LINE
  5
143
330
6F
100
AcDbEntity
  8
BLACK
  6
Continuous
100
AcDbLine
 10
551.782149
 20
-193.649509
 30
0.0
 11
541.2321489999999
 21
-193.649509
 31
0.0
  0
LINE
  5
144
330
6F
100
AcDbEntity
  8
BLACK
  6
Continuous
100
AcDbLine
 10
377.232149
 20
-200.674509
 30
0.0
 11
377.232149
 21
-210.624509
 31
0.0
  0
LINE
  5
145
330
6F
100
AcDbEntity
  8
BLACK
  6
Continuous
100
AcDbLine
 10
351.757149
 20
-198.599509
 30
0.0
 11
341.207149
 21
-198.599509
 31
0.0
  0
LINE
  5
146
330
6F
100
AcDbEntity
  8
BLACK
  6
Continuous
100
AcDbLine
 10
339.132149
 20
-200.674509
 30
0.0
 11
339.132149
 21
-210.624509
 31
0.0
  0
LINE
  5
147
330
6F
100
AcDbEntity
  8
BLACK
  6
Continuous
100
AcDbLine
 10
496.294649
 20
-219.724509
 30
0.0
 11
496.294649
 21
-229.674509
 31
0.0
  0
LINE
  5
148
330
6F
100
AcDbEntity
  8
BLACK
  6
Continuous
100
AcDbLine
 10
553.8571489999999
 20
-181.624509
 30
0.0
 11
553.8571489999999
 21
-191.5745089999999
 31
0.0
  0
ARC
  5
149
330
6F
100
AcDbEntity
  8
BLACK
100
AcDbCircle
 10
317.394649
 20
-200.674508
 30
0.0
 40
2.074999
100
AcDbArc
 50
90.0
 51
180.0
  0
ARC
  5
14A
330
6F
100
AcDbEntity
  8
BLACK
100
AcDbCircle
 10
360.257149
 20
-210.624509
 30
0.0
 40
2.074999999999999
100
AcDbArc
 50
180.0
 51
270.0
  0
ARC
  5
14B
330
6F
100
AcDbEntity
  8
BLACK
100
AcDbCircle
 10
327.944649
 20
-200.674509
 30
0.0
 40
2.074999999999999
100
AcDbArc
 50
0.0
 51
90.0
  0
LINE
  5
14C
330
6F
100
AcDbEntity
  8
BLACK
  6
Continuous
100
AcDbLine
 10
447.007149
 20
-198.599509
 30
0.0
 11
436.4571489999999
 21
-198.599509
 31
0.0
  0
ARC
  5
14D
330
6F
100
AcDbEntity
  8
BLACK
100
AcDbCircle
 10
317.394651
 20
-267.774507
 30
0.0
 40
2.075002000000963
100
AcDbArc
 50
180.00008284
 51
269.99994478
  0
ARC
  5
14E
330
6F
100
AcDbEntity
  8
BLACK
100
AcDbCircle
 10
436.4571489999999
 20
-200.674509
 30
0.0
 40
2.074999999999999
100
AcDbArc
 50
90.0
 51
180.0
  0
LINE
  5
14F
330
6F
100
AcDbEntity
  8
BLACK
  6
Continuous
100
AcDbLine
 10
389.857149
 20
-198.599509
 30
0.0
 11
379.307149
 21
-198.599509
 31
0.0
  0
ARC
  5
150
330
6F
100
AcDbEntity
  8
BLACK
100
AcDbCircle
 10
447.007149
 20
-200.674509
 30
0.0
 40
2.074999999999999
100
AcDbArc
 50
0.0
 51
90.0
  0
LINE
  5
151
330
6F
100
AcDbEntity
  8
BLACK
  6
Continuous
100
AcDbLine
 10
449.082149
 20
-200.674509
 30
0.0
 11
449.082149
 21
-210.624509
 31
0.0
  0
LINE
  5
152
330
6F
100
AcDbEntity
  8
BLACK
  6
Continuous
100
AcDbLine
 10
330.01965
 20
-200.674509
 30
0.0
 11
330.01965
 21
-210.624509
 31
0.0
  0
ARC
  5
153
330
6F
100
AcDbEntity
  8
BLACK
100
AcDbCircle
 10
341.207149
 20
-200.674509
 30
0.0
 40
2.074999999999999
100
AcDbArc
 50
90.0
 51
180.0
  0
LINE
  5
154
330
6F
100
AcDbEntity
  8
BLACK
  6
Continuous
100
AcDbLine
 10
372.882149
 20
-200.674509
 30
0.0
 11
372.882149
 21
-210.624509
 31
0.0
  0
LINE
  5
155
330
6F
100
AcDbEntity
  8
BLACK
  6
Continuous
100
AcDbLine
 10
427.9571489999999
 20
-198.599509
 30
0.0
 11
417.407149
 21
-198.599509
 31
0.0
  0
ARC
  5
156
330
6F
100
AcDbEntity
  8
BLACK
100
AcDbCircle
 10
551.782149
 20
-191.5745089999999
 30
0.0
 40
2.074999999999999
100
AcDbArc
 50
270.0
 51
0.0
  0
LINE
  5
157
330
6F
100
AcDbEntity
  8
BLACK
  6
Continuous
100
AcDbLine
 10
415.3321489999999
 20
-200.674509
 30
0.0
 11
415.3321489999999
 21
-210.624509
 31
0.0
  0
LINE
  5
158
330
6F
100
AcDbEntity
  8
BLACK
  6
Continuous
100
AcDbLine
 10
353.832149
 20
-200.674509
 30
0.0
 11
353.832149
 21
-210.624509
 31
0.0
  0
LINE
  5
159
330
6F
100
AcDbEntity
  8
BLACK
  6
Continuous
100
AcDbLine
 10
427.9571489999999
 20
-212.699509
 30
0.0
 11
417.407149
 21
-212.699509
 31
0.0
  0
ARC
  5
15A
330
6F
100
AcDbEntity
  8
BLACK
100
AcDbCircle
 10
379.307149
 20
-200.674509
 30
0.0
 40
2.074999999999999
100
AcDbArc
 50
90.0
 51
180.0
  0
ARC
  5
15B
330
6F
100
AcDbEntity
  8
BLACK
100
AcDbCircle
 10
417.407149
 20
-210.624509
 30
0.0
 40
2.074999999999999
100
AcDbArc
 50
180.0
 51
270.0
  0
LINE
  5
15C
330
6F
100
AcDbEntity
  8
BLACK
  6
Continuous
100
AcDbLine
 10
551.782149
 20
-179.549509
 30
0.0
 11
541.2321489999999
 21
-179.549509
 31
0.0
  0
ARC
  5
15D
330
6F
100
AcDbEntity
  8
BLACK
100
AcDbCircle
 10
589.882149
 20
-248.724509
 30
0.0
 40
2.074999999999999
100
AcDbArc
 50
270.0
 51
0.0
  0
ARC
  5
15E
330
6F
100
AcDbEntity
  8
BLACK
100
AcDbCircle
 10
379.307149
 20
-210.624509
 30
0.0
 40
2.074999999999999
100
AcDbArc
 50
180.0
 51
270.0
  0
ARC
  5
15F
330
6F
100
AcDbEntity
  8
BLACK
100
AcDbCircle
 10
370.807149
 20
-200.674509
 30
0.0
 40
2.074999999999999
100
AcDbArc
 50
0.0
 51
90.0
  0
LINE
  5
160
330
6F
100
AcDbEntity
  8
BLACK
  6
Continuous
100
AcDbLine
 10
532.7321489999999
 20
-193.649509
 30
0.0
 11
522.1821489999999
 21
-193.649509
 31
0.0
  0
ARC
  5
161
330
6F
100
AcDbEntity
  8
BLACK
100
AcDbCircle
 10
586.947049
 20
-231.099909
 30
0.0
 40
1.724891586622185
100
AcDbArc
 50
89.99833919
 51
159.45281887
  0
LINE
  5
162
330
6F
100
AcDbEntity
  8
BLACK
  6
Continuous
100
AcDbLine
 10
475.5821489999998
 20
-193.649509
 30
0.0
 11
465.032149
 21
-193.649509
 31
0.0
  0
ARC
  5
163
330
6F
100
AcDbEntity
  8
BLACK
100
AcDbCircle
 10
541.2321489999999
 20
-191.5745089999999
 30
0.0
 40
2.074999999999999
100
AcDbArc
 50
180.0
 51
270.0
  0
LINE
  5
164
330
6F
100
AcDbEntity
  8
BLACK
  6
Continuous
100
AcDbLine
 10
462.9571489999999
 20
-181.624509
 30
0.0
 11
462.9571489999999
 21
-191.5745089999999
 31
0.0
  0
ARC
  5
165
330
6F
100
AcDbEntity
  8
BLACK
100
AcDbCircle
 10
465.032149
 20
-191.5745089999999
 30
0.0
 40
2.074999999999999
100
AcDbArc
 50
180.0
 51
270.0
  0
ARC
  5
166
330
6F
100
AcDbEntity
  8
BLACK
100
AcDbCircle
 10
427.9571489999999
 20
-200.674509
 30
0.0
 40
2.074999999999999
100
AcDbArc
 50
0.0
 51
90.0
  0
LINE
  5
167
330
6F
100
AcDbEntity
  8
BLACK
  6
Continuous
100
AcDbLine
 10
456.532149
 20
-193.649509
 30
0.0
 11
445.982149
 21
-193.649509
 31
0.0
  0
LINE
  5
168
330
6F
100
AcDbEntity
  8
BLACK
  6
Continuous
100
AcDbLine
 10
389.857149
 20
-212.699509
 30
0.0
 11
379.307149
 21
-212.699509
 31
0.0
  0
LINE
  5
169
330
6F
100
AcDbEntity
  8
BLACK
  6
Continuous
100
AcDbLine
 10
443.9071489999999
 20
-181.624509
 30
0.0
 11
443.9071489999999
 21
-191.5745089999999
 31
0.0
  0
ARC
  5
16A
330
6F
100
AcDbEntity
  8
BLACK
100
AcDbCircle
 10
475.5821489999998
 20
-191.5745089999999
 30
0.0
 40
2.074999999999999
100
AcDbArc
 50
270.0
 51
0.0
  0
ARC
  5
16B
330
6F
100
AcDbEntity
  8
BLACK
100
AcDbCircle
 10
399.382149
 20
-191.5745089999999
 30
0.0
 40
2.074999999999999
100
AcDbArc
 50
270.0
 51
0.0
  0
ARC
  5
16C
330
6F
100
AcDbEntity
  8
BLACK
100
AcDbCircle
 10
541.2321489999999
 20
-181.624509
 30
0.0
 40
2.074999999999999
100
AcDbArc
 50
90.0
 51
180.0
  0
LINE
  5
16D
330
6F
100
AcDbEntity
  8
BLACK
  6
Continuous
100
AcDbLine
 10
439.557149
 20
-181.624509
 30
0.0
 11
439.557149
 21
-191.5745089999999
 31
0.0
  0
LINE
  5
16E
330
6F
100
AcDbEntity
  8
BLACK
  6
Continuous
100
AcDbLine
 10
358.182149
 20
-200.674509
 30
0.0
 11
358.182149
 21
-210.624509
 31
0.0
  0
ARC
  5
16F
330
6F
100
AcDbEntity
  8
BLACK
100
AcDbCircle
 10
426.932149
 20
-181.624509
 30
0.0
 40
2.074999999999999
100
AcDbArc
 50
90.0
 51
180.0
  0
ARC
  5
170
330
6F
100
AcDbEntity
  8
BLACK
100
AcDbCircle
 10
407.882149
 20
-191.5745089999999
 30
0.0
 40
2.074999999999999
100
AcDbArc
 50
180.0
 51
270.0
  0
ARC
  5
171
330
6F
100
AcDbEntity
  8
BLACK
100
AcDbCircle
 10
437.482149
 20
-191.5745089999999
 30
0.0
 40
2.074999999999999
100
AcDbArc
 50
270.0
 51
0.0
  0
LINE
  5
172
330
6F
100
AcDbEntity
  8
BLACK
  6
Continuous
100
AcDbLine
 10
399.382149
 20
-179.549509
 30
0.0
 11
388.832149
 21
-179.549509
 31
0.0
  0
LINE
  5
173
330
6F
100
AcDbEntity
  8
BLACK
  6
Continuous
100
AcDbLine
 10
513.6821489999999
 20
-179.549509
 30
0.0
 11
503.132149
 21
-179.549509
 31
0.0
  0
ARC
  5
174
330
6F
100
AcDbEntity
  8
BLACK
100
AcDbCircle
 10
465.032149
 20
-181.624509
 30
0.0
 40
2.074999999999999
100
AcDbArc
 50
90.0
 51
180.0
  0
ARC
  5
175
330
6F
100
AcDbEntity
  8
BLACK
100
AcDbCircle
 10
560.282149
 20
-181.624509
 30
0.0
 40
2.074999999999999
100
AcDbArc
 50
90.00002761000002
 51
180.0
  0
LINE
  5
176
330
6F
100
AcDbEntity
  8
BLACK
  6
Continuous
100
AcDbLine
 10
418.432149
 20
-193.649509
 30
0.0
 11
407.882149
 21
-193.649509
 31
0.0
  0
ARC
  5
177
330
6F
100
AcDbEntity
  8
BLACK
100
AcDbCircle
 10
445.982149
 20
-191.5745089999999
 30
0.0
 40
2.074999999999999
100
AcDbArc
 50
180.0
 51
270.0
  0
LINE
  5
178
330
6F
100
AcDbEntity
  8
BLACK
  6
Continuous
100
AcDbLine
 10
315.31965
 20
-200.674508
 30
0.0
 11
315.31965
 21
-210.62451
 31
0.0
  0
ARC
  5
179
330
6F
100
AcDbEntity
  8
BLACK
100
AcDbCircle
 10
456.532149
 20
-191.5745089999999
 30
0.0
 40
2.074999999999999
100
AcDbArc
 50
270.0
 51
0.0
  0
ARC
  5
17A
330
6F
100
AcDbEntity
  8
BLACK
100
AcDbCircle
 10
456.532149
 20
-181.624509
 30
0.0
 40
2.074999999999999
100
AcDbArc
 50
0.0
 51
90.0
  0
ARC
  5
17B
330
6F
100
AcDbEntity
  8
BLACK
100
AcDbCircle
 10
418.432149
 20
-191.5745089999999
 30
0.0
 40
2.074999999999999
100
AcDbArc
 50
270.0
 51
0.0
  0
ARC
  5
17C
330
6F
100
AcDbEntity
  8
BLACK
100
AcDbCircle
 10
522.1821489999999
 20
-181.624509
 30
0.0
 40
2.074999999999999
100
AcDbArc
 50
90.0
 51
180.0
  0
ARC
  5
17D
330
6F
100
AcDbEntity
  8
BLACK
100
AcDbCircle
 10
532.7321489999999
 20
-181.624509
 30
0.0
 40
2.074999999999999
100
AcDbArc
 50
0.0
 51
90.0
  0
ARC
  5
17E
330
6F
100
AcDbEntity
  8
BLACK
100
AcDbCircle
 10
484.0821489999998
 20
-181.624509
 30
0.0
 40
2.074999999999999
100
AcDbArc
 50
90.0
 51
180.0
  0
ARC
  5
17F
330
6F
100
AcDbEntity
  8
BLACK
100
AcDbCircle
 10
532.7321489999999
 20
-191.5745089999999
 30
0.0
 40
2.074999999999999
100
AcDbArc
 50
270.0
 51
0.0
  0
LINE
  5
180
330
6F
100
AcDbEntity
  8
BLACK
  6
Continuous
100
AcDbLine
 10
477.657149
 20
-181.624509
 30
0.0
 11
477.657149
 21
-191.5745089999999
 31
0.0
  0
ARC
  5
181
330
6F
100
AcDbEntity
  8
BLACK
100
AcDbCircle
 10
388.832149
 20
-181.624509
 30
0.0
 40
2.074999999999999
100
AcDbArc
 50
90.0
 51
180.0
  0
LINE
  5
182
330
6F
100
AcDbEntity
  8
BLACK
  6
Continuous
100
AcDbLine
 10
391.932149
 20
-200.674509
 30
0.0
 11
391.932149
 21
-210.624509
 31
0.0
  0
ARC
  5
183
330
6F
100
AcDbEntity
  8
BLACK
100
AcDbCircle
 10
513.6821489999999
 20
-181.624509
 30
0.0
 40
2.074999999999999
100
AcDbArc
 50
0.0
 51
90.0
  0
LINE
  5
184
330
6F
100
AcDbEntity
  8
BLACK
  6
Continuous
100
AcDbLine
 10
375.569649
 20
-231.749509
 30
0.0
 11
365.0196489999999
 21
-231.749509
 31
0.0
  0
ARC
  5
185
330
6F
100
AcDbEntity
  8
BLACK
100
AcDbCircle
 10
503.132149
 20
-191.5745089999999
 30
0.0
 40
2.074999999999999
100
AcDbArc
 50
180.0
 51
270.0
  0
ARC
  5
186
330
6F
100
AcDbEntity
  8
BLACK
100
AcDbCircle
 10
389.857149
 20
-210.624509
 30
0.0
 40
2.074999999999999
100
AcDbArc
 50
270.0
 51
0.0
  0
LINE
  5
187
330
6F
100
AcDbEntity
  8
BLACK
  6
Continuous
100
AcDbLine
 10
494.632149
 20
-179.549509
 30
0.0
 11
484.0821489999998
 21
-179.549509
 31
0.0
  0
ARC
  5
188
330
6F
100
AcDbEntity
  8
BLACK
100
AcDbCircle
 10
388.832149
 20
-191.5745089999999
 30
0.0
 40
2.074999999999999
100
AcDbArc
 50
180.0
 51
270.0
  0
ARC
  5
189
330
6F
100
AcDbEntity
  8
BLACK
100
AcDbCircle
 10
494.632149
 20
-181.624509
 30
0.0
 40
2.074999999999999
100
AcDbArc
 50
0.0
 51
90.0
  0
LINE
  5
18A
330
6F
100
AcDbEntity
  8
BLACK
  6
Continuous
100
AcDbLine
 10
494.632149
 20
-193.649509
 30
0.0
 11
484.0821489999998
 21
-193.649509
 31
0.0
  0
ARC
  5
18B
330
6F
100
AcDbEntity
  8
BLACK
100
AcDbCircle
 10
426.932149
 20
-191.5745089999999
 30
0.0
 40
2.074999999999999
100
AcDbArc
 50
180.0
 51
270.0
  0
ARC
  5
18C
330
6F
100
AcDbEntity
  8
BLACK
100
AcDbCircle
 10
399.382149
 20
-181.624509
 30
0.0
 40
2.074999999999999
100
AcDbArc
 50
0.0
 51
90.0
  0
ARC
  5
18D
330
6F
100
AcDbEntity
  8
BLACK
100
AcDbCircle
 10
437.482149
 20
-181.624509
 30
0.0
 40
2.074999999999999
100
AcDbArc
 50
0.0
 51
90.0
  0
ARC
  5
18E
330
6F
100
AcDbEntity
  8
BLACK
100
AcDbCircle
 10
407.882149
 20
-181.624509
 30
0.0
 40
2.074999999999999
100
AcDbArc
 50
90.0
 51
180.0
  0
ARC
  5
18F
330
6F
100
AcDbEntity
  8
BLACK
100
AcDbCircle
 10
315.56681
 20
-250.149878
 30
0.0
 40
1.724929000035073
100
AcDbArc
 50
20.54596837
 51
90.00036538000001
  0
ARC
  5
190
330
6F
100
AcDbEntity
  8
BLACK
100
AcDbCircle
 10
561.8252489999999
 20
-229.836509
 30
0.0
 40
1.874910000666698
100
AcDbArc
 50
200.54435343
 51
269.99847204
  0
ARC
  5
191
330
6F
100
AcDbEntity
  8
BLACK
100
AcDbCircle
 10
418.432149
 20
-181.624509
 30
0.0
 40
2.074999999999999
100
AcDbArc
 50
0.0
 51
90.0
  0
ARC
  5
192
330
6F
100
AcDbEntity
  8
BLACK
100
AcDbCircle
 10
445.982149
 20
-181.624509
 30
0.0
 40
2.074999999999999
100
AcDbArc
 50
90.0
 51
180.0
  0
ARC
  5
193
330
6F
100
AcDbEntity
  8
BLACK
100
AcDbCircle
 10
489.8696489999999
 20
-229.674509
 30
0.0
 40
2.074999999999999
100
AcDbArc
 50
270.0
 51
0.0
  0
LINE
  5
194
330
6F
100
AcDbEntity
  8
BLACK
  6
Continuous
100
AcDbLine
 10
367.7071489999999
 20
-181.624509
 30
0.0
 11
367.7071489999999
 21
-191.5745089999999
 31
0.0
  0
ARC
  5
195
330
6F
100
AcDbEntity
  8
BLACK
100
AcDbCircle
 10
375.569649
 20
-219.724509
 30
0.0
 40
2.074999999999999
100
AcDbArc
 50
0.0
 51
90.0
  0
LINE
  5
196
330
6F
100
AcDbEntity
  8
BLACK
  6
Continuous
100
AcDbLine
 10
489.8696489999999
 20
-217.649509
 30
0.0
 11
479.319649
 21
-217.649509
 31
0.0
  0
LINE
  5
197
330
6F
100
AcDbEntity
  8
BLACK
  6
Continuous
100
AcDbLine
 10
342.232149
 20
-179.549509
 30
0.0
 11
331.682149
 21
-179.549509
 31
0.0
  0
LINE
  5
198
330
6F
100
AcDbEntity
  8
BLACK
  6
Continuous
100
AcDbLine
 10
470.819649
 20
-217.649509
 30
0.0
 11
460.2696489999999
 21
-217.649509
 31
0.0
  0
LINE
  5
199
330
6F
100
AcDbEntity
  8
BLACK
  6
Continuous
100
AcDbLine
 10
477.244649
 20
-219.724509
 30
0.0
 11
477.244649
 21
-229.674509
 31
0.0
  0
ARC
  5
19A
330
6F
100
AcDbEntity
  8
BLACK
100
AcDbCircle
 10
494.632149
 20
-191.5745089999999
 30
0.0
 40
2.074999999999999
100
AcDbArc
 50
270.0
 51
0.0
  0
ARC
  5
19B
330
6F
100
AcDbEntity
  8
BLACK
100
AcDbCircle
 10
323.182149
 20
-181.624509
 30
0.0
 40
2.074999999999999
100
AcDbArc
 50
0.0
 51
90.0
  0
LINE
  5
19C
330
6F
100
AcDbEntity
  8
BLACK
  6
Continuous
100
AcDbLine
 10
361.282149
 20
-193.649509
 30
0.0
 11
350.732149
 21
-193.649509
 31
0.0
  0
LINE
  5
19D
330
6F
100
AcDbEntity
  8
BLACK
  6
Continuous
100
AcDbLine
 10
418.432149
 20
-179.549509
 30
0.0
 11
407.882149
 21
-179.549509
 31
0.0
  0
LINE
  5
19E
330
6F
100
AcDbEntity
  8
BLACK
  6
Continuous
100
AcDbLine
 10
361.282149
 20
-179.549509
 30
0.0
 11
350.732149
 21
-179.549509
 31
0.0
  0
LINE
  5
19F
330
6F
100
AcDbEntity
  8
BLACK
  6
Continuous
100
AcDbLine
 10
348.657149
 20
-181.624509
 30
0.0
 11
348.657149
 21
-191.5745089999999
 31
0.0
  0
LINE
  5
1A0
330
6F
100
AcDbEntity
  8
BLACK
  6
Continuous
100
AcDbLine
 10
394.619649
 20
-231.749509
 30
0.0
 11
384.069649
 21
-231.749509
 31
0.0
  0
LINE
  5
1A1
330
6F
100
AcDbEntity
  8
BLACK
  6
Continuous
100
AcDbLine
 10
377.644649
 20
-219.724509
 30
0.0
 11
377.644649
 21
-229.674509
 31
0.0
  0
ARC
  5
1A2
330
6F
100
AcDbEntity
  8
BLACK
100
AcDbCircle
 10
350.732149
 20
-181.624509
 30
0.0
 40
2.074999999999999
100
AcDbArc
 50
90.0
 51
180.0
  0
ARC
  5
1A3
330
6F
100
AcDbEntity
  8
BLACK
100
AcDbCircle
 10
350.732149
 20
-191.5745089999999
 30
0.0
 40
2.074999999999999
100
AcDbArc
 50
180.0
 51
270.0
  0
LINE
  5
1A4
330
6F
100
AcDbEntity
  8
BLACK
  6
Continuous
100
AcDbLine
 10
458.1946489999999
 20
-219.724509
 30
0.0
 11
458.1946489999999
 21
-229.674509
 31
0.0
  0
ARC
  5
1A5
330
6F
100
AcDbEntity
  8
BLACK
100
AcDbCircle
 10
361.282149
 20
-191.5745089999999
 30
0.0
 40
2.074999999999999
100
AcDbArc
 50
270.0
 51
0.0
  0
LINE
  5
1A6
330
6F
100
AcDbEntity
  8
BLACK
  6
Continuous
100
AcDbLine
 10
323.182149
 20
-193.649509
 30
0.0
 11
312.632149
 21
-193.649509
 31
0.0
  0
ARC
  5
1A7
330
6F
100
AcDbEntity
  8
BLACK
100
AcDbCircle
 10
312.632148
 20
-191.57451
 30
0.0
 40
2.07499900000024
100
AcDbArc
 50
179.99997239
 51
270.0000276099999
  0
ARC
  5
1A8
330
6F
100
AcDbEntity
  8
BLACK
100
AcDbCircle
 10
361.282149
 20
-181.624509
 30
0.0
 40
2.074999999999999
100
AcDbArc
 50
0.0
 51
90.0
  0
ARC
  5
1A9
330
6F
100
AcDbEntity
  8
BLACK
100
AcDbCircle
 10
356.519649
 20
-219.724509
 30
0.0
 40
2.074999999999999
100
AcDbArc
 50
0.0
 51
90.0
  0
LINE
  5
1AA
330
6F
100
AcDbEntity
  8
BLACK
  6
Continuous
100
AcDbLine
 10
342.232149
 20
-193.649509
 30
0.0
 11
331.682149
 21
-193.649509
 31
0.0
  0
LINE
  5
1AB
330
6F
100
AcDbEntity
  8
BLACK
  6
Continuous
100
AcDbLine
 10
323.182149
 20
-179.549509
 30
0.0
 11
312.632149
 21
-179.549509
 31
0.0
  0
ARC
  5
1AC
330
6F
100
AcDbEntity
  8
BLACK
100
AcDbCircle
 10
312.632148
 20
-181.624508
 30
0.0
 40
2.07499900000024
100
AcDbArc
 50
89.99997238999997
 51
180.00002761
  0
ARC
  5
1AD
330
6F
100
AcDbEntity
  8
BLACK
100
AcDbCircle
 10
412.6446489999999
 20
-248.724509
 30
0.0
 40
2.074999999999999
100
AcDbArc
 50
180.0
 51
270.0
  0
LINE
  5
1AE
330
6F
100
AcDbEntity
  8
BLACK
  6
Continuous
100
AcDbLine
 10
527.969649
 20
-217.649509
 30
0.0
 11
517.4196489999999
 21
-217.649509
 31
0.0
  0
LINE
  5
1AF
330
6F
100
AcDbEntity
  8
BLACK
  6
Continuous
100
AcDbLine
 10
515.344649
 20
-219.724509
 30
0.0
 11
515.344649
 21
-229.674509
 31
0.0
  0
LINE
  5
1B0
330
6F
100
AcDbEntity
  8
BLACK
  6
Continuous
100
AcDbLine
 10
400.907149
 20
-256.924509
 30
0.0
 11
400.907149
 21
-268.674509
 31
0.0
  0
LINE
  5
1B1
330
6F
100
AcDbEntity
  8
BLACK
  6
Continuous
100
AcDbLine
 10
382.407149
 20
-181.624509
 30
0.0
 11
382.407149
 21
-191.5745089999999
 31
0.0
  0
ARC
  5
1B2
330
6F
100
AcDbEntity
  8
BLACK
100
AcDbCircle
 10
517.4196489999999
 20
-219.724509
 30
0.0
 40
2.074999999999999
100
AcDbArc
 50
90.0
 51
180.0
  0
LINE
  5
1B3
330
6F
100
AcDbEntity
  8
BLACK
  6
Continuous
100
AcDbLine
 10
585.1196489999999
 20
-269.849509
 30
0.0
 11
574.569649
 21
-269.849509
 31
0.0
  0
ARC
  5
1B4
330
6F
100
AcDbEntity
  8
BLACK
100
AcDbCircle
 10
470.819649
 20
-219.724509
 30
0.0
 40
2.074999999999999
100
AcDbArc
 50
0.0
 51
90.0
  0
LINE
  5
1B5
330
6F
100
AcDbEntity
  8
BLACK
  6
Continuous
100
AcDbLine
 10
351.757149
 20
-255.749509
 30
0.0
 11
341.2071479999999
 21
-255.749509
 31
0.0
  0
LINE
  5
1B6
330
6F
100
AcDbEntity
  8
BLACK
  6
Continuous
100
AcDbLine
 10
353.832149
 20
-257.8245089999999
 30
0.0
 11
353.832149
 21
-267.774509
 31
0.0
  0
LINE
  5
1B7
330
6F
100
AcDbEntity
  8
BLACK
  6
Continuous
100
AcDbLine
 10
530.0446489999999
 20
-219.724509
 30
0.0
 11
530.0446489999999
 21
-229.674509
 31
0.0
  0
ARC
  5
1B8
330
6F
100
AcDbEntity
  8
BLACK
100
AcDbCircle
 10
531.7071489999998
 20
-200.674509
 30
0.0
 40
2.074999999999999
100
AcDbArc
 50
90.0
 51
180.0
  0
LINE
  5
1B9
330
6F
100
AcDbEntity
  8
BLACK
  6
Continuous
100
AcDbLine
 10
424.8571489999999
 20
-181.624509
 30
0.0
 11
424.8571489999999
 21
-191.5745089999999
 31
0.0
  0
LINE
  5
1BA
330
6F
100
AcDbEntity
  8
BLACK
  6
Continuous
100
AcDbLine
 10
420.5071489999999
 20
-181.624509
 30
0.0
 11
420.5071489999999
 21
-191.5745089999999
 31
0.0
  0
ARC
  5
1BB
330
6F
100
AcDbEntity
  8
BLACK
100
AcDbCircle
 10
542.257149
 20
-200.674509
 30
0.0
 40
2.074999999999999
100
AcDbArc
 50
0.0
 51
90.0
  0
LINE
  5
1BC
330
6F
100
AcDbEntity
  8
BLACK
  6
Continuous
100
AcDbLine
 10
468.132149
 20
-200.674509
 30
0.0
 11
468.132149
 21
-210.624509
 31
0.0
  0
LINE
  5
1BD
330
6F
100
AcDbEntity
  8
BLACK
  6
Continuous
100
AcDbLine
 10
510.5821489999999
 20
-200.674509
 30
0.0
 11
510.5821489999999
 21
-210.624509
 31
0.0
  0
LINE
  5
1BE
330
6F
100
AcDbEntity
  8
BLACK
  6
Continuous
100
AcDbLine
 10
496.7071489999999
 20
-181.624509
 30
0.0
 11
496.7071489999999
 21
-191.5745089999999
 31
0.0
  0
ARC
  5
1BF
330
6F
100
AcDbEntity
  8
BLACK
100
AcDbCircle
 10
455.507149
 20
-200.674509
 30
0.0
 40
2.074999999999999
100
AcDbArc
 50
90.0
 51
180.0
  0
ARC
  5
1C0
330
6F
100
AcDbEntity
  8
BLACK
100
AcDbCircle
 10
531.7071489999998
 20
-210.624509
 30
0.0
 40
2.074999999999999
100
AcDbArc
 50
180.0
 51
270.0
  0
LINE
  5
1C1
330
6F
100
AcDbEntity
  8
BLACK
  6
Continuous
100
AcDbLine
 10
525.282149
 20
-200.674509
 30
0.0
 11
525.282149
 21
-210.624509
 31
0.0
  0
LINE
  5
1C2
330
6F
100
AcDbEntity
  8
BLACK
  6
Continuous
100
AcDbLine
 10
534.3946489999998
 20
-219.724509
 30
0.0
 11
534.3946489999998
 21
-229.674509
 31
0.0
  0
ARC
  5
1C3
330
6F
100
AcDbEntity
  8
BLACK
100
AcDbCircle
 10
365.0196489999999
 20
-267.774509
 30
0.0
 40
2.074999999999999
100
AcDbArc
 50
180.00002761
 51
270.0
  0
ARC
  5
1C4
330
6F
100
AcDbEntity
  8
BLACK
100
AcDbCircle
 10
331.682149
 20
-181.624509
 30
0.0
 40
2.074999999999999
100
AcDbArc
 50
90.0
 51
180.0
  0
ARC
  5
1C5
330
6F
100
AcDbEntity
  8
BLACK
100
AcDbCircle
 10
536.469649
 20
-219.724509
 30
0.0
 40
2.074999999999999
100
AcDbArc
 50
90.0
 51
180.0
  0
ARC
  5
1C6
330
6F
100
AcDbEntity
  8
BLACK
100
AcDbCircle
 10
366.044649
 20
-238.774509
 30
0.0
 40
2.074999999999999
100
AcDbArc
 50
0.0
 51
90.0
  0
ARC
  5
1C7
330
6F
100
AcDbEntity
  8
BLACK
100
AcDbCircle
 10
456.532149
 20
-257.8245089999999
 30
0.0
 40
2.074999999999999
100
AcDbArc
 50
0.0
 51
90.0
  0
LINE
  5
1C8
330
6F
100
AcDbEntity
  8
BLACK
  6
Continuous
100
AcDbLine
 10
549.0946489999999
 20
-219.724509
 30
0.0
 11
549.0946489999999
 21
-229.674509
 31
0.0
  0
ARC
  5
1C9
330
6F
100
AcDbEntity
  8
BLACK
100
AcDbCircle
 10
317.394653
 20
-257.8245129999999
 30
0.0
 40
2.075004000003854
100
AcDbArc
 50
90.00013806
 51
179.99988955
  0
ARC
  5
1CA
330
6F
100
AcDbEntity
  8
BLACK
100
AcDbCircle
 10
561.307149
 20
-267.774509
 30
0.0
 40
2.074999999999999
100
AcDbArc
 50
270.0
 51
0.0
  0
ARC
  5
1CB
330
6F
100
AcDbEntity
  8
BLACK
100
AcDbCircle
 10
550.757149
 20
-200.674509
 30
0.0
 40
2.074999999999999
100
AcDbArc
 50
90.0
 51
180.0
  0
LINE
  5
1CC
330
6F
100
AcDbEntity
  8
BLACK
  6
Continuous
100
AcDbLine
 10
587.3511389999999
 20
-229.374949
 30
0.0
 11
586.9470989999999
 21
-229.374949
 31
0.0
  0
LINE
  5
1CD
330
6F
100
AcDbEntity
  8
BLACK
  6
Continuous
100
AcDbLine
 10
381.994649
 20
-219.724509
 30
0.0
 11
381.994649
 21
-229.674509
 31
0.0
  0
LINE
  5
1CE
330
6F
100
AcDbEntity
  8
BLACK
  6
Continuous
100
AcDbLine
 10
461.2946489999999
 20
-250.799509
 30
0.0
 11
450.7446489999999
 21
-250.799509
 31
0.0
  0
LINE
  5
1CF
330
6F
100
AcDbEntity
  8
BLACK
  6
Continuous
100
AcDbLine
 10
544.3321489999998
 20
-200.674509
 30
0.0
 11
544.3321489999998
 21
-210.624509
 31
0.0
  0
LINE
  5
1D0
330
6F
100
AcDbEntity
  8
BLACK
  6
Continuous
100
AcDbLine
 10
504.1571489999999
 20
-212.699509
 30
0.0
 11
493.6071489999999
 21
-212.699509
 31
0.0
  0
LINE
  5
1D1
330
6F
100
AcDbEntity
  8
BLACK
  6
Continuous
100
AcDbLine
 10
558.2071489999998
 20
-181.624509
 30
0.0
 11
558.2071489999998
 21
-191.57451
 31
0.0
  0
LINE
  5
1D2
330
6F
100
AcDbEntity
  8
BLACK
  6
Continuous
100
AcDbLine
 10
561.307149
 20
-212.699509
 30
0.0
 11
550.757149
 21
-212.699509
 31
0.0
  0
LINE
  5
1D3
330
6F
100
AcDbEntity
  8
BLACK
  6
Continuous
100
AcDbLine
 10
315.319649
 20
-257.8245089999999
 30
0.0
 11
315.319649
 21
-267.77451
 31
0.0
  0
ARC
  5
1D4
330
6F
100
AcDbEntity
  8
BLACK
100
AcDbCircle
 10
523.2071489999998
 20
-200.674509
 30
0.0
 40
2.074999999999999
100
AcDbArc
 50
0.0
 51
90.0
  0
LINE
  5
1D5
330
6F
100
AcDbEntity
  8
BLACK
  6
Continuous
100
AcDbLine
 10
506.232149
 20
-200.674509
 30
0.0
 11
506.232149
 21
-210.624509
 31
0.0
  0
ARC
  5
1D6
330
6F
100
AcDbEntity
  8
BLACK
100
AcDbCircle
 10
341.207149
 20
-267.774509
 30
0.0
 40
2.074999999999999
100
AcDbArc
 50
180.00002761
 51
270.0
  0
LINE
  5
1D7
330
6F
100
AcDbEntity
  8
BLACK
  6
Continuous
100
AcDbLine
 10
548.6821489999999
 20
-200.674509
 30
0.0
 11
548.6821489999999
 21
-210.624509
 31
0.0
  0
ARC
  5
1D8
330
6F
100
AcDbEntity
  8
BLACK
100
AcDbCircle
 10
499.3946489999999
 20
-238.774509
 30
0.0
 40
2.074999999999999
100
AcDbArc
 50
0.0
 51
90.0
  0
LINE
  5
1D9
330
6F
100
AcDbEntity
  8
BLACK
  6
Continuous
100
AcDbLine
 10
453.4321489999999
 20
-200.674509
 30
0.0
 11
453.4321489999999
 21
-210.624509
 31
0.0
  0
LINE
  5
1DA
330
6F
100
AcDbEntity
  8
BLACK
  6
Continuous
100
AcDbLine
 10
561.307149
 20
-198.599509
 30
0.0
 11
550.757149
 21
-198.599509
 31
0.0
  0
LINE
  5
1DB
330
6F
100
AcDbEntity
  8
BLACK
  6
Continuous
100
AcDbLine
 10
523.2071489999998
 20
-212.699509
 30
0.0
 11
512.6571489999999
 21
-212.699509
 31
0.0
  0
ARC
  5
1DC
330
6F
100
AcDbEntity
  8
BLACK
100
AcDbCircle
 10
398.357149
 20
-200.674509
 30
0.0
 40
2.074999999999999
100
AcDbArc
 50
90.0
 51
180.0
  0
LINE
  5
1DD
330
6F
100
AcDbEntity
  8
BLACK
  6
Continuous
100
AcDbLine
 10
542.257149
 20
-212.699509
 30
0.0
 11
531.7071489999998
 21
-212.699509
 31
0.0
  0
ARC
  5
1DE
330
6F
100
AcDbEntity
  8
BLACK
100
AcDbCircle
 10
474.5571489999999
 20
-210.624509
 30
0.0
 40
2.074999999999999
100
AcDbArc
 50
180.0
 51
270.0
  0
ARC
  5
1DF
330
6F
100
AcDbEntity
  8
BLACK
100
AcDbCircle
 10
417.407149
 20
-200.674509
 30
0.0
 40
2.074999999999999
100
AcDbArc
 50
90.0
 51
180.0
  0
ARC
  5
1E0
330
6F
100
AcDbEntity
  8
BLACK
100
AcDbCircle
 10
493.6071489999999
 20
-200.674509
 30
0.0
 40
2.074999999999999
100
AcDbArc
 50
90.0
 51
180.0
  0
LINE
  5
1E1
330
6F
100
AcDbEntity
  8
BLACK
  6
Continuous
100
AcDbLine
 10
523.2071489999998
 20
-198.599509
 30
0.0
 11
512.6571489999999
 21
-198.599509
 31
0.0
  0
LINE
  5
1E2
330
6F
100
AcDbEntity
  8
BLACK
  6
Continuous
100
AcDbLine
 10
434.382149
 20
-200.674509
 30
0.0
 11
434.382149
 21
-210.624509
 31
0.0
  0
ARC
  5
1E3
330
6F
100
AcDbEntity
  8
BLACK
100
AcDbCircle
 10
517.4196489999999
 20
-229.674509
 30
0.0
 40
2.074999999999999
100
AcDbArc
 50
180.0
 51
270.0
  0
LINE
  5
1E4
330
6F
100
AcDbEntity
  8
BLACK
  6
Continuous
100
AcDbLine
 10
547.0196489999998
 20
-231.749509
 30
0.0
 11
536.469649
 21
-231.749509
 31
0.0
  0
ARC
  5
1E5
330
6F
100
AcDbEntity
  8
BLACK
100
AcDbCircle
 10
375.569649
 20
-267.774509
 30
0.0
 40
2.074999999999999
100
AcDbArc
 50
270.0
 51
0.0
  0
LINE
  5
1E6
330
6F
100
AcDbEntity
  8
BLACK
  6
Continuous
100
AcDbLine
 10
466.0571489999999
 20
-212.699509
 30
0.0
 11
455.507149
 21
-212.699509
 31
0.0
  0
LINE
  5
1E7
330
6F
100
AcDbEntity
  8
BLACK
  6
Continuous
100
AcDbLine
 10
547.0196489999998
 20
-217.649509
 30
0.0
 11
536.469649
 21
-217.649509
 31
0.0
  0
ARC
  5
1E8
330
6F
100
AcDbEntity
  8
BLACK
100
AcDbCircle
 10
445.982149
 20
-267.774509
 30
0.0
 40
2.074999999999999
100
AcDbArc
 50
180.00002761
 51
270.0
  0
ARC
  5
1E9
330
6F
100
AcDbEntity
  8
BLACK
100
AcDbCircle
 10
485.1071489999999
 20
-200.674509
 30
0.0
 40
2.074999999999999
100
AcDbArc
 50
0.0
 51
90.0
  0
LINE
  5
1EA
330
6F
100
AcDbEntity
  8
BLACK
  6
Continuous
100
AcDbLine
 10
529.632149
 20
-200.674509
 30
0.0
 11
529.632149
 21
-210.624509
 31
0.0
  0
ARC
  5
1EB
330
6F
100
AcDbEntity
  8
BLACK
100
AcDbCircle
 10
466.0571489999999
 20
-200.674509
 30
0.0
 40
2.074999999999999
100
AcDbArc
 50
0.0
 51
90.0
  0
ARC
  5
1EC
330
6F
100
AcDbEntity
  8
BLACK
100
AcDbCircle
 10
504.1571489999999
 20
-210.624509
 30
0.0
 40
2.074999999999999
100
AcDbArc
 50
270.0
 51
0.0
  0
ARC
  5
1ED
330
6F
100
AcDbEntity
  8
BLACK
100
AcDbCircle
 10
516.3332339999999
 20
-175.599501
 30
0.0
 40
1.000136006383631
100
AcDbArc
 50
225.00093166
 51
269.99352646
  0
LINE
  5
1EE
330
6F
100
AcDbEntity
  8
BLACK
  6
Continuous
100
AcDbLine
 10
437.482149
 20
-179.549509
 30
0.0
 11
426.932149
 21
-179.549509
 31
0.0
  0
ARC
  5
1EF
330
6F
100
AcDbEntity
  8
BLACK
100
AcDbCircle
 10
577.6140339999999
 20
-274.657101
 30
0.0
 40
0.4000200135193239
100
AcDbArc
 50
159.20257705
 51
269.98510384
  0
ARC
  5
1F0
330
6F
100
AcDbEntity
  8
BLACK
100
AcDbCircle
 10
570.8321489999998
 20
-191.5745089999999
 30
0.0
 40
2.074999999999999
100
AcDbArc
 50
270.0
 51
0.0
  0
LINE
  5
1F1
330
6F
100
AcDbEntity
  8
BLACK
  6
Continuous
100
AcDbLine
 10
589.882149
 20
-193.649509
 30
0.0
 11
579.3321489999998
 21
-193.649509
 31
0.0
  0
LINE
  5
1F2
330
6F
100
AcDbEntity
  8
BLACK
  6
Continuous
100
AcDbLine
 10
520.5196489999998
 20
-238.774509
 30
0.0
 11
520.5196489999998
 21
-248.724509
 31
0.0
  0
LINE
  5
1F3
330
6F
100
AcDbEntity
  8
BLACK
  6
Continuous
100
AcDbLine
 10
593.132107
 20
-176.599637
 30
0.0
 11
583.015579
 21
-176.599637
 31
0.0
  0
LINE
  5
1F4
330
6F
100
AcDbEntity
  8
BLACK
  6
Continuous
100
AcDbLine
 10
502.6821489999999
 20
-255.849509
 30
0.0
 11
514.132149
 21
-255.849509
 31
0.0
  0
ARC
  5
1F5
330
6F
100
AcDbEntity
  8
BLACK
100
AcDbCircle
 10
382.64454
 20
-277.557188
 30
0.0
 40
0.4999330044896015
100
AcDbArc
 50
179.99232134
 51
270.00767866
  0
ARC
  5
1F6
330
6F
100
AcDbEntity
  8
BLACK
100
AcDbCircle
 10
309.382004
 20
-271.707177
 30
0.0
 40
0.9998970053050463
100
AcDbArc
 50
179.99409793
 51
270.00590207
  0
ARC
  5
1F7
330
6F
100
AcDbEntity
  8
BLACK
100
AcDbCircle
 10
584.4565339999999
 20
-274.657101
 30
0.0
 40
0.3999920629462539
100
AcDbArc
 50
269.9998567699999
 51
20.80276328
  0
LINE
  5
1F8
330
6F
100
AcDbEntity
  8
BLACK
  6
Continuous
100
AcDbLine
 10
573.234545
 20
-171.342154
 30
0.0
 11
573.4821069999999
 21
-171.342154
 31
0.0
  0
ARC
  5
1F9
330
6F
100
AcDbEntity
  8
BLACK
100
AcDbCircle
 10
582.882834
 20
-277.057301
 30
0.0
 40
0.9998440436813131
100
AcDbArc
 50
269.99765045
 51
315.00563236
  0
LINE
  5
1FA
330
6F
100
AcDbEntity
  8
BLACK
  6
Continuous
100
AcDbLine
 10
319.628982
 20
-278.057073
 30
0.0
 11
319.38142
 21
-278.057073
 31
0.0
  0
LINE
  5
1FB
330
6F
100
AcDbEntity
  8
BLACK
  6
Continuous
100
AcDbLine
 10
567.148635
 20
-176.599637
 30
0.0
 11
516.3331209999999
 21
-176.599637
 31
0.0
  0
LINE
  5
1FC
330
6F
100
AcDbEntity
  8
BLACK
  6
Continuous
100
AcDbLine
 10
511.6297799999999
 20
-174.349612
 30
0.0
 11
511.828408
 21
-174.349612
 31
0.0
  0
ARC
  5
1FD
330
6F
100
AcDbEntity
  8
BLACK
100
AcDbCircle
 10
317.907106
 20
-173.449635
 30
0.0
 40
4.059961545715057
100
AcDbArc
 50
200.80546073
 51
339.19454429
  0
ARC
  5
1FE
330
6F
100
AcDbEntity
  8
BLACK
100
AcDbCircle
 10
327.944649
 20
-210.624509
 30
0.0
 40
2.075000999999999
100
AcDbArc
 50
270.0
 51
0.0
  0
ARC
  5
1FF
330
6F
100
AcDbEntity
  8
BLACK
100
AcDbCircle
 10
577.812634
 20
-274.657201
 30
0.0
 40
0.3999001975493385
100
AcDbArc
 50
269.98925489
 51
338.03789286
  0
ARC
  5
200
330
6F
100
AcDbEntity
  8
BLACK
100
AcDbCircle
 10
447.007149
 20
-210.624509
 30
0.0
 40
2.074999999999999
100
AcDbArc
 50
270.0
 51
0.0
  0
ARC
  5
201
330
6F
100
AcDbEntity
  8
BLACK
100
AcDbCircle
 10
470.819649
 20
-229.674509
 30
0.0
 40
2.074999999999999
100
AcDbArc
 50
270.0
 51
0.0
  0
ARC
  5
202
330
6F
100
AcDbEntity
  8
BLACK
100
AcDbCircle
 10
427.9571489999999
 20
-210.624509
 30
0.0
 40
2.074999999999999
100
AcDbArc
 50
270.0
 51
0.0
  0
ARC
  5
203
330
6F
100
AcDbEntity
  8
BLACK
100
AcDbCircle
 10
506.807034
 20
-171.849701
 30
0.0
 40
0.5000890053280516
100
AcDbArc
 50
0.01019716
 51
89.99163629999999
  0
ARC
  5
204
330
6F
100
AcDbEntity
  8
BLACK
100
AcDbCircle
 10
445.982149
 20
-257.8245089999999
 30
0.0
 40
2.074999999999999
100
AcDbArc
 50
90.00002761000002
 51
180.0
  0
LINE
  5
205
330
6F
100
AcDbEntity
  8
BLACK
  6
Continuous
100
AcDbLine
 10
577.812559
 20
-275.057121
 30
0.0
 11
577.6139299999999
 21
-275.057121
 31
0.0
  0
LINE
  5
206
330
6F
100
AcDbEntity
  8
BLACK
  6
Continuous
100
AcDbLine
 10
563.382149
 20
-200.674509
 30
0.0
 11
563.382149
 21
-210.624509
 31
0.0
  0
LINE
  5
207
330
6F
100
AcDbEntity
  8
BLACK
  6
Continuous
100
AcDbLine
 10
588.9612669999999
 20
-272.807074
 30
0.0
 11
593.132107
 21
-272.807074
 31
0.0
  0
ARC
  5
208
330
6F
100
AcDbEntity
  8
BLACK
100
AcDbCircle
 10
469.7946489999999
 20
-238.774509
 30
0.0
 40
2.074999999999999
100
AcDbArc
 50
90.0
 51
180.0
  0
LINE
  5
209
330
6F
100
AcDbEntity
  8
BLACK
  6
Continuous
100
AcDbLine
 10
409.735805
 20
-174.349612
 30
0.0
 11
409.934434
 21
-174.349612
 31
0.0
  0
LINE
  5
20A
330
6F
100
AcDbEntity
  8
BLACK
  6
Continuous
100
AcDbLine
 10
532.7321489999999
 20
-179.549509
 30
0.0
 11
522.1821489999999
 21
-179.549509
 31
0.0
  0
ARC
  5
20B
330
6F
100
AcDbEntity
  8
BLACK
100
AcDbCircle
 10
411.309549
 20
-172.349622
 30
0.0
 40
1.000010208952888
100
AcDbArc
 50
90.00022918000002
 51
134.99975692
  0
LINE
  5
20C
330
6F
100
AcDbEntity
  8
BLACK
  6
Continuous
100
AcDbLine
 10
571.6608049999999
 20
-174.342154
 30
0.0
 11
571.859434
 21
-174.342154
 31
0.0
  0
LINE
  5
20D
330
6F
100
AcDbEntity
  8
BLACK
  6
Continuous
100
AcDbLine
 10
594.1321069999999
 20
-271.807074
 30
0.0
 11
594.1321069999999
 21
-177.599637
 31
0.0
  0
ARC
  5
20E
330
6F
100
AcDbEntity
  8
BLACK
100
AcDbCircle
 10
398.357149
 20
-210.624509
 30
0.0
 40
2.074999999999999
100
AcDbArc
 50
180.0
 51
270.0
  0
ARC
  5
20F
330
6F
100
AcDbEntity
  8
BLACK
100
AcDbCircle
 10
527.969649
 20
-229.674509
 30
0.0
 40
2.074999999999999
100
AcDbArc
 50
270.0
 51
0.0
  0
ARC
  5
210
330
6F
100
AcDbEntity
  8
BLACK
100
AcDbCircle
 10
523.2071489999998
 20
-210.624509
 30
0.0
 40
2.074999999999999
100
AcDbArc
 50
270.0
 51
0.0
  0
ARC
  5
211
330
6F
100
AcDbEntity
  8
BLACK
100
AcDbCircle
 10
314.485819
 20
-174.749649
 30
0.0
 40
0.4000096366151696
100
AcDbArc
 50
90.0020053
 51
200.80333921
  0
ARC
  5
212
330
6F
100
AcDbEntity
  8
BLACK
100
AcDbCircle
 10
466.0571489999999
 20
-210.624509
 30
0.0
 40
2.074999999999999
100
AcDbArc
 50
270.0
 51
0.0
  0
ARC
  5
213
330
6F
100
AcDbEntity
  8
BLACK
100
AcDbCircle
 10
519.890934
 20
-274.657201
 30
0.0
 40
0.4000042210339786
100
AcDbArc
 50
269.99627503
 51
20.81742507
  0
ARC
  5
214
330
6F
100
AcDbEntity
  8
BLACK
100
AcDbCircle
 10
514.8696339999999
 20
-277.557201
 30
0.0
 40
0.4999730064003457
100
AcDbArc
 50
269.99690553
 51
0.00916782
  0
ARC
  5
215
330
6F
100
AcDbEntity
  8
BLACK
100
AcDbCircle
 10
547.0196489999998
 20
-219.724509
 30
0.0
 40
2.074999999999999
100
AcDbArc
 50
0.0
 51
90.0
  0
ARC
  5
216
330
6F
100
AcDbEntity
  8
BLACK
100
AcDbCircle
 10
593.132034
 20
-271.807001
 30
0.0
 40
1.000073002664305
100
AcDbArc
 50
270.00418229
 51
359.99581771
  0
ARC
  5
217
330
6F
100
AcDbEntity
  8
BLACK
100
AcDbCircle
 10
513.0482339999999
 20
-274.657201
 30
0.0
 40
0.3999200063025105
100
AcDbArc
 50
159.18028394
 51
270.01017204
  0
LINE
  5
218
330
6F
100
AcDbEntity
  8
BLACK
  6
Continuous
100
AcDbLine
 10
485.1071489999999
 20
-198.599509
 30
0.0
 11
474.5571489999999
 21
-198.599509
 31
0.0
  0
LINE
  5
219
330
6F
100
AcDbEntity
  8
BLACK
  6
Continuous
100
AcDbLine
 10
578.3047799999998
 20
-174.342154
 30
0.0
 11
578.5034079999999
 21
-174.342154
 31
0.0
  0
ARC
  5
21A
330
6F
100
AcDbEntity
  8
BLACK
100
AcDbCircle
 10
414.7571899999999
 20
-171.849695
 30
0.0
 40
0.5000830068878566
100
AcDbArc
 50
90.00950952
 51
179.99049048
  0
LINE
  5
21B
330
6F
100
AcDbEntity
  8
BLACK
  6
Continuous
100
AcDbLine
 10
375.569649
 20
-217.649509
 30
0.0
 11
365.0196489999999
 21
-217.649509
 31
0.0
  0
ARC
  5
21C
330
6F
100
AcDbEntity
  8
BLACK
100
AcDbCircle
 10
441.219649
 20
-219.724509
 30
0.0
 40
2.074999999999999
100
AcDbArc
 50
90.0
 51
180.0
  0
LINE
  5
21D
330
6F
100
AcDbEntity
  8
BLACK
  6
Continuous
100
AcDbLine
 10
500.4810929999999
 20
-176.599637
 30
0.0
 11
421.083121
 21
-176.599637
 31
0.0
  0
ARC
  5
21E
330
6F
100
AcDbEntity
  8
BLACK
100
AcDbCircle
 10
321.228982
 20
-275.9570739999999
 30
0.0
 40
1.1
100
AcDbArc
 50
0.0
 51
180.0
  0
ARC
  5
21F
330
6F
100
AcDbEntity
  8
BLACK
100
AcDbCircle
 10
493.6071489999999
 20
-210.624509
 30
0.0
 40
2.074999999999999
100
AcDbArc
 50
180.0
 51
270.0
  0
ARC
  5
220
330
6F
100
AcDbEntity
  8
BLACK
100
AcDbCircle
 10
500.4811339999999
 20
-175.599801
 30
0.0
 40
0.9998546491735686
100
AcDbArc
 50
269.99765049
 51
315.00494346
  0
LINE
  5
221
330
6F
100
AcDbEntity
  8
BLACK
  6
Continuous
100
AcDbLine
 10
410.602438
 20
-171.642505
 30
0.0
 11
405.938199
 21
-176.306744
 31
0.0
  0
ARC
  5
222
330
6F
100
AcDbEntity
  8
BLACK
100
AcDbCircle
 10
342.232149
 20
-191.5745089999999
 30
0.0
 40
2.074999999999999
100
AcDbArc
 50
270.0
 51
0.0
  0
CIRCLE
  5
223
330
6F
100
AcDbEntity
  8
BLACK
100
AcDbCircle
 10
569.1214
 20
-262.800054
 30
0.0
 40
1.0
  0
ARC
  5
224
330
6F
100
AcDbEntity
  8
BLACK
100
AcDbCircle
 10
379.197084
 20
-277.057025
 30
0.0
 40
1.000096000760426
100
AcDbArc
 50
225.00230909
 51
269.99776568
  0
ARC
  5
225
330
6F
100
AcDbEntity
  8
BLACK
100
AcDbCircle
 10
394.619649
 20
-219.724509
 30
0.0
 40
2.074999999999999
100
AcDbArc
 50
0.0
 51
90.0
  0
ARC
  5
226
330
6F
100
AcDbEntity
  8
BLACK
100
AcDbCircle
 10
584.257834
 20
-274.657201
 30
0.0
 40
0.3999200063025105
100
AcDbArc
 50
201.9618928
 51
270.01017204
  0
ARC
  5
227
330
6F
100
AcDbEntity
  8
BLACK
100
AcDbCircle
 10
369.782149
 20
-191.5745089999999
 30
0.0
 40
2.074999999999999
100
AcDbArc
 50
180.0
 51
270.0
  0
LINE
  5
228
330
6F
100
AcDbEntity
  8
BLACK
  6
Continuous
100
AcDbLine
 10
379.444607
 20
-278.057121
 30
0.0
 11
379.197045
 21
-278.057121
 31
0.0
  0
LINE
  5
229
330
6F
100
AcDbEntity
  8
BLACK
  6
Continuous
100
AcDbLine
 10
332.400899
 20
-219.724509
 30
0.0
 11
332.400899
 21
-229.674509
 31
0.0
  0
LINE
  5
22A
330
6F
100
AcDbEntity
  8
BLACK
  6
Continuous
100
AcDbLine
 10
508.9196489999999
 20
-231.749509
 30
0.0
 11
498.3696489999999
 21
-231.749509
 31
0.0
  0
ARC
  5
22B
330
6F
100
AcDbEntity
  8
BLACK
100
AcDbCircle
 10
475.5821489999998
 20
-181.624509
 30
0.0
 40
2.074999999999999
100
AcDbArc
 50
0.0
 51
90.0
  0
LINE
  5
22C
330
6F
100
AcDbEntity
  8
BLACK
  6
Continuous
100
AcDbLine
 10
318.006309
 20
-275.057073
 30
0.0
 11
317.80768
 21
-275.057073
 31
0.0
  0
ARC
  5
22D
330
6F
100
AcDbEntity
  8
BLACK
100
AcDbCircle
 10
455.507149
 20
-210.624509
 30
0.0
 40
2.074999999999999
100
AcDbArc
 50
180.0
 51
270.0
  0
ARC
  5
22E
330
6F
100
AcDbEntity
  8
BLACK
100
AcDbCircle
 10
316.059524
 20
-172.3495879999999
 30
0.0
 40
0.9999493979857179
100
AcDbArc
 50
89.99879673
 51
135.00121549
  0
CIRCLE
  5
22F
330
6F
100
AcDbEntity
  8
BLACK
100
AcDbCircle
 10
313.504674
 20
-251.050527
 30
0.0
 40
1.0
  0
LINE
  5
230
330
6F
100
AcDbEntity
  8
BLACK
  6
Continuous
100
AcDbLine
 10
514.132149
 20
-269.749509
 30
0.0
 11
502.6821489999999
 21
-269.749509
 31
0.0
  0
CIRCLE
  5
231
330
6F
100
AcDbEntity
  8
BLACK
100
AcDbCircle
 10
575.0819349999999
 20
-186.59964
 30
0.0
 40
1.0
  0
ARC
  5
232
330
6F
100
AcDbEntity
  8
BLACK
100
AcDbCircle
 10
561.307149
 20
-210.624509
 30
0.0
 40
2.074999999999999
100
AcDbArc
 50
270.0
 51
0.0
  0
ARC
  5
233
330
6F
100
AcDbEntity
  8
BLACK
100
AcDbCircle
 10
474.5571489999999
 20
-200.674509
 30
0.0
 40
2.074999999999999
100
AcDbArc
 50
90.0
 51
180.0
  0
ARC
  5
234
330
6F
100
AcDbEntity
  8
BLACK
100
AcDbCircle
 10
340.688699
 20
-248.886509
 30
0.0
 40
1.874943032761262
100
AcDbArc
 50
270.0
 51
339.4549350100001
  0
ARC
  5
235
330
6F
100
AcDbEntity
  8
BLACK
100
AcDbCircle
 10
479.319649
 20
-219.724509
 30
0.0
 40
2.074999999999999
100
AcDbArc
 50
90.0
 51
180.0
  0
ARC
  5
236
330
6F
100
AcDbEntity
  8
BLACK
100
AcDbCircle
 10
510.2546339999999
 20
-172.349601
 30
0.0
 40
0.9999890005780065
100
AcDbArc
 50
44.99817689
 51
89.99805192
  0
ARC
  5
237
330
6F
100
AcDbEntity
  8
BLACK
100
AcDbCircle
 10
375.569649
 20
-229.674509
 30
0.0
 40
2.074999999999999
100
AcDbArc
 50
270.0
 51
0.0
  0
CIRCLE
  5
238
330
6F
100
AcDbEntity
  8
BLACK
100
AcDbCircle
 10
408.3867029999999
 20
-243.749755
 30
0.0
 40
1.0
  0
ARC
  5
239
330
6F
100
AcDbEntity
  8
BLACK
100
AcDbCircle
 10
510.0072339999999
 20
-171.849701
 30
0.0
 40
0.5001270079189885
100
AcDbArc
 50
90.01455053999999
 51
179.98980394
  0
ARC
  5
23A
330
6F
100
AcDbEntity
  8
BLACK
100
AcDbCircle
 10
593.132034
 20
-177.599701
 30
0.0
 40
1.000064002664329
100
AcDbArc
 50
0.00366666
 51
89.99581768
  0
LINE
  5
23B
330
6F
100
AcDbEntity
  8
BLACK
  6
Continuous
100
AcDbLine
 10
585.1196489999999
 20
-198.599509
 30
0.0
 11
574.569648
 21
-198.599509
 31
0.0
  0
LINE
  5
23C
330
6F
100
AcDbEntity
  8
BLACK
  6
Continuous
100
AcDbLine
 10
380.332149
 20
-193.649509
 30
0.0
 11
369.782149
 21
-193.649509
 31
0.0
  0
LINE
  5
23D
330
6F
100
AcDbEntity
  8
BLACK
  6
Continuous
100
AcDbLine
 10
396.282149
 20
-200.674509
 30
0.0
 11
396.282149
 21
-210.624509
 31
0.0
  0
LINE
  5
23E
330
6F
100
AcDbEntity
  8
BLACK
  6
Continuous
100
AcDbLine
 10
518.3171679999999
 20
-278.057121
 30
0.0
 11
518.069607
 21
-278.057121
 31
0.0
  0
ARC
  5
23F
330
6F
100
AcDbEntity
  8
BLACK
100
AcDbCircle
 10
321.129807
 20
-174.749678
 30
0.0
 40
0.4000396814367296
100
AcDbArc
 50
90.00386709
 51
158.02741673
  0
LINE
  5
240
330
6F
100
AcDbEntity
  8
BLACK
  6
Continuous
100
AcDbLine
 10
501.469649
 20
-238.774509
 30
0.0
 11
501.469649
 21
-248.724509
 31
0.0
  0
ARC
  5
241
330
6F
100
AcDbEntity
  8
BLACK
100
AcDbCircle
 10
511.6298339999999
 20
-174.749701
 30
0.0
 40
0.4000830557796718
100
AcDbArc
 50
90.00773321
 51
158.02235593
  0
ARC
  5
242
330
6F
100
AcDbEntity
  8
BLACK
100
AcDbCircle
 10
413.1571069999999
 20
-173.449611
 30
0.0
 40
1.1
100
AcDbArc
 50
180.0
 51
0.0
  0
LINE
  5
243
330
6F
100
AcDbEntity
  8
BLACK
  6
Continuous
100
AcDbLine
 10
585.1196489999999
 20
-212.699509
 30
0.0
 11
574.569649
 21
-212.699509
 31
0.0
  0
LINE
  5
244
330
6F
100
AcDbEntity
  8
BLACK
  6
Continuous
100
AcDbLine
 10
515.2071489999998
 20
-256.924509
 30
0.0
 11
515.2071489999998
 21
-268.674509
 31
0.0
  0
ARC
  5
245
330
6F
100
AcDbEntity
  8
BLACK
100
AcDbCircle
 10
411.557048
 20
-171.849671
 30
0.0
 40
0.5000590034805893
100
AcDbArc
 50
0.0067601
 51
89.9932399
  0
ARC
  5
246
330
6F
100
AcDbEntity
  8
BLACK
100
AcDbCircle
 10
377.821931
 20
-274.657118
 30
0.0
 40
0.4000035815002161
100
AcDbArc
 50
270.00042972
 51
338.03104532
  0
LINE
  5
247
330
6F
100
AcDbEntity
  8
BLACK
  6
Continuous
100
AcDbLine
 10
430.0321489999999
 20
-200.674509
 30
0.0
 11
430.0321489999999
 21
-210.624509
 31
0.0
  0
ARC
  5
248
330
6F
100
AcDbEntity
  8
BLACK
100
AcDbCircle
 10
524.395534
 20
-273.806901
 30
0.0
 40
0.999801613499898
100
AcDbArc
 50
89.99381099
 51
135.00263395
  0
LINE
  5
249
330
6F
100
AcDbEntity
  8
BLACK
  6
Continuous
100
AcDbLine
 10
420.0946489999999
 20
-219.724509
 30
0.0
 11
420.0946489999999
 21
-229.674509
 31
0.0
  0
ARC
  5
24A
330
6F
100
AcDbEntity
  8
BLACK
100
AcDbCircle
 10
512.6571489999999
 20
-210.624509
 30
0.0
 40
2.074999999999999
100
AcDbArc
 50
180.0
 51
270.0
  0
ARC
  5
24B
330
6F
100
AcDbEntity
  8
BLACK
100
AcDbCircle
 10
394.700771
 20
-274.41595
 30
0.0
 40
2.000455117362046
100
AcDbArc
 50
90.00231995
 51
110.55363833
  0
ARC
  5
24C
330
6F
100
AcDbEntity
  8
BLACK
100
AcDbCircle
 10
460.2696489999999
 20
-219.724509
 30
0.0
 40
2.074999999999999
100
AcDbArc
 50
90.0
 51
180.0
  0
ARC
  5
24D
330
6F
100
AcDbEntity
  8
BLACK
100
AcDbCircle
 10
381.044607
 20
-275.957122
 30
0.0
 40
3.075000159649589
100
AcDbArc
 50
21.96876739
 51
158.03123261
  0
ARC
  5
24E
330
6F
100
AcDbEntity
  8
BLACK
100
AcDbCircle
 10
319.507144
 20
-171.849676
 30
0.0
 40
0.5000370013688987
100
AcDbArc
 50
90.00423957
 51
179.99576043
  0
ARC
  5
24F
330
6F
100
AcDbEntity
  8
BLACK
100
AcDbCircle
 10
561.307149
 20
-257.8245089999999
 30
0.0
 40
2.074999999999999
100
AcDbArc
 50
0.0
 51
90.0
  0
ARC
  5
250
330
6F
100
AcDbEntity
  8
BLACK
100
AcDbCircle
 10
319.628941
 20
-277.557032
 30
0.0
 40
0.5000410016808622
100
AcDbArc
 50
270.00469787
 51
359.99530213
  0
ARC
  5
251
330
6F
100
AcDbEntity
  8
BLACK
100
AcDbCircle
 10
432.719649
 20
-229.674509
 30
0.0
 40
2.074999999999999
100
AcDbArc
 50
270.0
 51
0.0
  0
ARC
  5
252
330
6F
100
AcDbEntity
  8
BLACK
100
AcDbCircle
 10
351.757149
 20
-210.624509
 30
0.0
 40
2.074999999999999
100
AcDbArc
 50
270.0
 51
0.0
  0
ARC
  5
253
330
6F
100
AcDbEntity
  8
BLACK
100
AcDbCircle
 10
344.463639
 20
-239.399069
 30
0.0
 40
1.425
100
AcDbArc
 50
0.0
 51
90.0
  0
ARC
  5
254
330
6F
100
AcDbEntity
  8
BLACK
100
AcDbCircle
 10
309.3821459999999
 20
-177.699676
 30
0.0
 40
1.00003900076047
100
AcDbArc
 50
90.00223445000001
 51
179.99776555
  0
LINE
  5
255
330
6F
100
AcDbEntity
  8
BLACK
  6
Continuous
100
AcDbLine
 10
414.757107
 20
-171.349612
 30
0.0
 11
415.0046679999999
 21
-171.349612
 31
0.0
  0
CIRCLE
  5
256
330
6F
100
AcDbEntity
  8
BLACK
100
AcDbCircle
 10
545.308852
 20
-243.749755
 30
0.0
 40
1.0
  0
CIRCLE
  5
257
330
6F
100
AcDbEntity
  8
BLACK
100
AcDbCircle
 10
355.999098
 20
-262.799793
 30
0.0
 40
1.0
  0
ARC
  5
258
330
6F
100
AcDbEntity
  8
BLACK
100
AcDbCircle
 10
351.757149
 20
-257.8245089999999
 30
0.0
 40
2.074999999999999
100
AcDbArc
 50
0.0
 51
90.0
  0
LINE
  5
259
330
6F
100
AcDbEntity
  8
BLACK
  6
Continuous
100
AcDbLine
 10
330.019649
 20
-200.674509
 30
0.0
 11
330.01965
 21
-200.674509
 31
0.0
  0
LINE
  5
25A
330
6F
100
AcDbEntity
  8
BLACK
  6
Continuous
100
AcDbLine
 10
573.9821069999999
 20
-173.442153
 30
0.0
 11
573.9821069999999
 21
-171.842154
 31
0.0
  0
ARC
  5
25B
330
6F
100
AcDbEntity
  8
BLACK
100
AcDbCircle
 10
573.2345339999999
 20
-172.342101
 30
0.0
 40
0.9999550550559758
100
AcDbArc
 50
89.99936971
 51
135.00170167
  0
ARC
  5
25C
330
6F
100
AcDbEntity
  8
BLACK
100
AcDbCircle
 10
385.094649
 20
-238.774509
 30
0.0
 40
2.074999999999999
100
AcDbArc
 50
0.0
 51
90.0
  0
ARC
  5
25D
330
6F
100
AcDbEntity
  8
BLACK
100
AcDbCircle
 10
380.332149
 20
-181.624509
 30
0.0
 40
2.074999999999999
100
AcDbArc
 50
0.0
 51
90.0
  0
ARC
  5
25E
330
6F
100
AcDbEntity
  8
BLACK
100
AcDbCircle
 10
516.4696069999999
 20
-275.957122
 30
0.0
 40
1.1
100
AcDbArc
 50
0.0
 51
180.0
  0
ARC
  5
25F
330
6F
100
AcDbEntity
  8
BLACK
100
AcDbCircle
 10
409.9344989999999
 20
-174.749514
 30
0.0
 40
0.3999020052825442
100
AcDbArc
 50
21.95917951
 51
90.00931285000001
  0
LINE
  5
260
330
6F
100
AcDbEntity
  8
BLACK
  6
Continuous
100
AcDbLine
 10
509.507107
 20
-171.849612
 30
0.0
 11
509.507107
 21
-173.449611
 31
0.0
  0
ARC
  5
261
330
6F
100
AcDbEntity
  8
BLACK
100
AcDbCircle
 10
381.044607
 20
-275.957122
 30
0.0
 40
4.059960480128101
100
AcDbArc
 50
20.80542115
 51
159.19458386
  0
LINE
  5
262
330
6F
100
AcDbEntity
  8
BLACK
  6
Continuous
100
AcDbLine
 10
366.044649
 20
-236.699509
 30
0.0
 11
355.494649
 21
-236.699509
 31
0.0
  0
CIRCLE
  5
263
330
6F
100
AcDbEntity
  8
BLACK
100
AcDbCircle
 10
532.211951
 20
-224.699722
 30
0.0
 40
1.0
  0
LINE
  5
264
330
6F
100
AcDbEntity
  8
BLACK
  6
Continuous
100
AcDbLine
 10
506.5595449999999
 20
-171.349612
 30
0.0
 11
506.807107
 21
-171.349612
 31
0.0
  0
ARC
  5
265
330
6F
100
AcDbEntity
  8
BLACK
100
AcDbCircle
 10
365.0196489999999
 20
-229.674509
 30
0.0
 40
2.074999999999999
100
AcDbArc
 50
180.0
 51
270.0
  0
CIRCLE
  5
266
330
6F
100
AcDbEntity
  8
BLACK
100
AcDbCircle
 10
484.5868559999998
 20
-243.750019
 30
0.0
 40
1.0
  0
LINE
  5
267
330
6F
100
AcDbEntity
  8
BLACK
  6
Continuous
100
AcDbLine
 10
524.3956419999999
 20
-272.807074
 30
0.0
 11
573.1091959999999
 21
-272.807074
 31
0.0
  0
LINE
  5
268
330
6F
100
AcDbEntity
  8
BLACK
  6
Continuous
100
AcDbLine
 10
315.352438
 20
-171.642532
 30
0.0
 11
310.588226
 21
-176.406744
 31
0.0
  0
ARC
  5
269
330
6F
100
AcDbEntity
  8
BLACK
100
AcDbCircle
 10
573.1091339999998
 20
-273.807301
 30
0.0
 40
1.000227001921563
100
AcDbArc
 50
45.00668347999999
 51
89.99644847
  0
ARC
  5
26A
330
6F
100
AcDbEntity
  8
BLACK
100
AcDbCircle
 10
513.246934
 20
-274.657101
 30
0.0
 40
0.4000071594671775
100
AcDbArc
 50
270.0
 51
338.02862635
  0
LINE
  5
26B
330
6F
100
AcDbEntity
  8
BLACK
  6
Continuous
100
AcDbLine
 10
420.3760139999999
 20
-176.306744
 30
0.0
 11
415.711775
 21
-171.642505
 31
0.0
  0
LINE
  5
26C
330
6F
100
AcDbEntity
  8
BLACK
  6
Continuous
100
AcDbLine
 10
517.5696069999999
 20
-275.957122
 30
0.0
 11
517.5696069999999
 21
-277.557121
 31
0.0
  0
LINE
  5
26D
330
6F
100
AcDbEntity
  8
BLACK
  6
Continuous
100
AcDbLine
 10
412.0571069999999
 20
-173.449611
 30
0.0
 11
412.0571069999999
 21
-171.849612
 31
0.0
  0
ARC
  5
26E
330
6F
100
AcDbEntity
  8
BLACK
100
AcDbCircle
 10
379.444674
 20
-277.557188
 30
0.0
 40
0.4999330044896015
100
AcDbArc
 50
269.99232134
 51
0.00767866
  0
LINE
  5
26F
330
6F
100
AcDbEntity
  8
BLACK
  6
Continuous
100
AcDbLine
 10
509.2506779999999
 20
-273.099967
 30
0.0
 11
513.914938
 21
-277.764228
 31
0.0
  0
ARC
  5
270
330
6F
100
AcDbEntity
  8
BLACK
100
AcDbCircle
 10
323.076481
 20
-277.056924
 30
0.0
 40
1.000148803721726
100
AcDbArc
 50
270.00355181
 51
314.99651629
  0
LINE
  5
271
330
6F
100
AcDbEntity
  8
BLACK
  6
Continuous
100
AcDbLine
 10
356.519649
 20
-217.649509
 30
0.0
 11
345.969649
 21
-217.649509
 31
0.0
  0
LINE
  5
272
330
6F
100
AcDbEntity
  8
BLACK
  6
Continuous
100
AcDbLine
 10
314.485805
 20
-174.349639
 30
0.0
 11
314.684434
 21
-174.349639
 31
0.0
  0
ARC
  5
273
330
6F
100
AcDbEntity
  8
BLACK
100
AcDbCircle
 10
403.119649
 20
-219.724509
 30
0.0
 40
2.074999999999999
100
AcDbArc
 50
90.0
 51
180.0
  0
LINE
  5
274
330
6F
100
AcDbEntity
  8
BLACK
  6
Continuous
100
AcDbLine
 10
539.157149
 20
-181.624509
 30
0.0
 11
539.157149
 21
-191.5745089999999
 31
0.0
  0
ARC
  5
275
330
6F
100
AcDbEntity
  8
BLACK
100
AcDbCircle
 10
575.0821059999999
 20
-173.442153
 30
0.0
 40
4.059960480128101
100
AcDbArc
 50
200.80542115
 51
339.19458386
  0
ARC
  5
276
330
6F
100
AcDbEntity
  8
BLACK
100
AcDbCircle
 10
422.169649
 20
-219.724509
 30
0.0
 40
2.074999999999999
100
AcDbArc
 50
90.0
 51
180.0
  0
LINE
  5
277
330
6F
100
AcDbEntity
  8
BLACK
  6
Continuous
100
AcDbLine
 10
504.2204039999999
 20
-272.807074
 30
0.0
 11
503.51577
 21
-272.5428359999999
 31
0.0
  0
ARC
  5
278
330
6F
100
AcDbEntity
  8
BLACK
100
AcDbCircle
 10
384.069649
 20
-219.724509
 30
0.0
 40
2.074999999999999
100
AcDbArc
 50
90.0
 51
180.0
  0
CIRCLE
  5
279
330
6F
100
AcDbEntity
  8
BLACK
100
AcDbCircle
 10
405.7320599999999
 20
-262.79964
 30
0.0
 40
1.0
  0
ARC
  5
27A
330
6F
100
AcDbEntity
  8
BLACK
100
AcDbCircle
 10
413.1571059999999
 20
-173.449611
 30
0.0
 40
4.059960480128101
100
AcDbArc
 50
200.80542115
 51
339.19458386
  0
LINE
  5
27B
330
6F
100
AcDbEntity
  8
BLACK
  6
Continuous
100
AcDbLine
 10
329.154969
 20
-272.807074
 30
0.0
 11
373.118571
 21
-272.807074
 31
0.0
  0
LINE
  5
27C
330
6F
100
AcDbEntity
  8
BLACK
  6
Continuous
100
AcDbLine
 10
491.532149
 20
-200.674509
 30
0.0
 11
491.532149
 21
-210.624509
 31
0.0
  0
ARC
  5
27D
330
6F
100
AcDbEntity
  8
BLACK
100
AcDbCircle
 10
561.307149
 20
-200.674509
 30
0.0
 40
2.074999999999999
100
AcDbArc
 50
0.0
 51
90.0
  0
LINE
  5
27E
330
6F
100
AcDbEntity
  8
BLACK
  6
Continuous
100
AcDbLine
 10
383.599275
 20
-277.764228
 30
0.0
 11
388.263535
 21
-273.099967
 31
0.0
  0
LINE
  5
27F
330
6F
100
AcDbEntity
  8
BLACK
  6
Continuous
100
AcDbLine
 10
487.182149
 20
-200.674509
 30
0.0
 11
487.182149
 21
-210.624509
 31
0.0
  0
ARC
  5
280
330
6F
100
AcDbEntity
  8
BLACK
100
AcDbCircle
 10
578.503334
 20
-174.742201
 30
0.0
 40
0.4000470068441958
100
AcDbArc
 50
339.20466646
 51
89.98940152999999
  0
LINE
  5
281
330
6F
100
AcDbEntity
  8
BLACK
  6
Continuous
100
AcDbLine
 10
451.7696489999999
 20
-231.749509
 30
0.0
 11
441.219649
 21
-231.749509
 31
0.0
  0
ARC
  5
282
330
6F
100
AcDbEntity
  8
BLACK
100
AcDbCircle
 10
321.328334
 20
-174.7496899999999
 30
0.0
 40
0.4000510068441274
100
AcDbArc
 50
339.20520203
 51
89.98940163
  0
LINE
  5
283
330
6F
100
AcDbEntity
  8
BLACK
  6
Continuous
100
AcDbLine
 10
515.757149
 20
-181.624509
 30
0.0
 11
515.757149
 21
-191.5745089999999
 31
0.0
  0
LINE
  5
284
330
6F
100
AcDbEntity
  8
BLACK
  6
Continuous
100
AcDbLine
 10
520.1071489999999
 20
-181.624509
 30
0.0
 11
520.1071489999999
 21
-191.5745089999999
 31
0.0
  0
LINE
  5
285
330
6F
100
AcDbEntity
  8
BLACK
  6
Continuous
100
AcDbLine
 10
475.5821489999998
 20
-179.549509
 30
0.0
 11
465.032149
 21
-179.549509
 31
0.0
  0
ARC
  5
286
330
6F
100
AcDbEntity
  8
BLACK
100
AcDbCircle
 10
542.257149
 20
-210.624509
 30
0.0
 40
2.074999999999999
100
AcDbArc
 50
270.0
 51
0.0
  0
LINE
  5
287
330
6F
100
AcDbEntity
  8
BLACK
  6
Continuous
100
AcDbLine
 10
324.650283
 20
-275.057073
 30
0.0
 11
324.451655
 21
-275.057073
 31
0.0
  0
CIRCLE
  5
288
330
6F
100
AcDbEntity
  8
BLACK
100
AcDbCircle
 10
546.5407269999999
 20
-262.800054
 30
0.0
 40
1.0
  0
LINE
  5
289
330
6F
100
AcDbEntity
  8
BLACK
  6
Continuous
100
AcDbLine
 10
432.719649
 20
-231.749509
 30
0.0
 11
422.169649
 21
-231.749509
 31
0.0
  0
LINE
  5
28A
330
6F
100
AcDbEntity
  8
BLACK
  6
Continuous
100
AcDbLine
 10
408.907149
 20
-198.599509
 30
0.0
 11
398.357149
 21
-198.599509
 31
0.0
  0
ARC
  5
28B
330
6F
100
AcDbEntity
  8
BLACK
100
AcDbCircle
 10
345.969649
 20
-229.674509
 30
0.0
 40
2.074999999999999
100
AcDbArc
 50
180.0
 51
270.0
  0
ARC
  5
28C
330
6F
100
AcDbEntity
  8
BLACK
100
AcDbCircle
 10
370.807149
 20
-210.624509
 30
0.0
 40
2.074999999999999
100
AcDbArc
 50
270.0
 51
0.0
  0
ARC
  5
28D
330
6F
100
AcDbEntity
  8
BLACK
100
AcDbCircle
 10
342.232149
 20
-181.624509
 30
0.0
 40
2.074999999999999
100
AcDbArc
 50
0.0
 51
90.0
  0
ARC
  5
28E
330
6F
100
AcDbEntity
  8
BLACK
100
AcDbCircle
 10
571.660834
 20
-174.742101
 30
0.0
 40
0.4000460374469418
100
AcDbArc
 50
90.00415449
 51
200.81101099
  0
LINE
  5
28F
330
6F
100
AcDbEntity
  8
BLACK
  6
Continuous
100
AcDbLine
 10
309.382107
 20
-272.7070739999999
 30
0.0
 11
313.202994
 21
-272.7070739999999
 31
0.0
  0
ARC
  5
290
330
6F
100
AcDbEntity
  8
BLACK
100
AcDbCircle
 10
404.1446489999999
 20
-248.724509
 30
0.0
 40
2.074999999999999
100
AcDbArc
 50
270.0
 51
0.0
  0
LINE
  5
291
330
6F
100
AcDbEntity
  8
BLACK
  6
Continuous
100
AcDbLine
 10
513.6821489999999
 20
-193.649509
 30
0.0
 11
503.132149
 21
-193.649509
 31
0.0
  0
LINE
  5
292
330
6F
100
AcDbEntity
  8
BLACK
  6
Continuous
100
AcDbLine
 10
582.1352319999999
 20
-275.957122
 30
0.0
 11
582.1352319999999
 21
-277.557121
 31
0.0
  0
LINE
  5
293
330
6F
100
AcDbEntity
  8
BLACK
  6
Continuous
100
AcDbLine
 10
456.532149
 20
-179.549509
 30
0.0
 11
445.982149
 21
-179.549509
 31
0.0
  0
CIRCLE
  5
294
330
6F
100
AcDbEntity
  8
BLACK
100
AcDbCircle
 10
575.0822849999998
 20
-243.74974
 30
0.0
 40
1.0
  0
ARC
  5
295
330
6F
100
AcDbEntity
  8
BLACK
100
AcDbCircle
 10
508.407107
 20
-173.449611
 30
0.0
 40
3.075000159649589
100
AcDbArc
 50
201.96876739
 51
338.03123261
  0
LINE
  5
296
330
6F
100
AcDbEntity
  8
BLACK
  6
Continuous
100
AcDbLine
 10
388.970642
 20
-272.807074
 30
0.0
 11
393.293809
 21
-272.807074
 31
0.0
  0
LINE
  5
297
330
6F
100
AcDbEntity
  8
BLACK
  6
Continuous
100
AcDbLine
 10
308.3821069999999
 20
-177.699637
 30
0.0
 11
308.3821069999999
 21
-271.7070739999999
 31
0.0
  0
LINE
  5
298
330
6F
100
AcDbEntity
  8
BLACK
  6
Continuous
100
AcDbLine
 10
519.024275
 20
-277.764228
 30
0.0
 11
523.688535
 21
-273.099967
 31
0.0
  0
ARC
  5
299
330
6F
100
AcDbEntity
  8
BLACK
100
AcDbCircle
 10
413.669649
 20
-229.674509
 30
0.0
 40
2.074999999999999
100
AcDbArc
 50
270.0
 51
0.0
  0
LINE
  5
29A
330
6F
100
AcDbEntity
  8
BLACK
  6
Continuous
100
AcDbLine
 10
379.944607
 20
-277.557121
 30
0.0
 11
379.944607
 21
-275.957122
 31
0.0
  0
ARC
  5
29B
330
6F
100
AcDbEntity
  8
BLACK
100
AcDbCircle
 10
518.0695339999999
 20
-277.557201
 30
0.0
 40
0.4999200053298527
100
AcDbArc
 50
179.99083134
 51
270.00836652
  0
ARC
  5
29C
330
6F
100
AcDbEntity
  8
BLACK
100
AcDbCircle
 10
567.148634
 20
-175.599501
 30
0.0
 40
1.000097187633782
100
AcDbArc
 50
270.00005729
 51
314.99453111
  0
ARC
  5
29D
330
6F
100
AcDbEntity
  8
BLACK
100
AcDbCircle
 10
323.182149
 20
-191.5745089999999
 30
0.0
 40
2.074999999999999
100
AcDbArc
 50
270.0
 51
0.0
  0
LINE
  5
29E
330
6F
100
AcDbEntity
  8
BLACK
  6
Continuous
100
AcDbLine
 10
572.527438
 20
-171.635047
 30
0.0
 11
567.8557419999999
 21
-176.306744
 31
0.0
  0
ARC
  5
29F
330
6F
100
AcDbEntity
  8
BLACK
100
AcDbCircle
 10
324.650231
 20
-274.657037
 30
0.0
 40
0.400035926792832
100
AcDbArc
 50
270.00744778
 51
20.79792509
  0
LINE
  5
2A0
330
6F
100
AcDbEntity
  8
BLACK
  6
Continuous
100
AcDbLine
 10
501.057149
 20
-181.624509
 30
0.0
 11
501.057149
 21
-191.5745089999999
 31
0.0
  0
ARC
  5
2A1
330
6F
100
AcDbEntity
  8
BLACK
100
AcDbCircle
 10
508.407107
 20
-173.449611
 30
0.0
 40
1.1
100
AcDbArc
 50
180.0
 51
0.0
  0
LINE
  5
2A2
330
6F
100
AcDbEntity
  8
BLACK
  6
Continuous
100
AcDbLine
 10
362.944649
 20
-257.8245089999999
 30
0.0
 11
362.944649
 21
-267.77451
 31
0.0
  0
ARC
  5
2A3
330
6F
100
AcDbEntity
  8
BLACK
100
AcDbCircle
 10
318.00632
 20
-274.65709
 30
0.0
 40
0.3999831162249226
100
AcDbArc
 50
269.9984242999999
 51
338.03295195
  0
ARC
  5
2A4
330
6F
100
AcDbEntity
  8
BLACK
100
AcDbCircle
 10
393.594649
 20
-248.724509
 30
0.0
 40
2.074999999999999
100
AcDbArc
 50
180.0
 51
270.0
  0
ARC
  5
2A5
330
6F
100
AcDbEntity
  8
BLACK
100
AcDbCircle
 10
374.544649
 20
-238.774509
 30
0.0
 40
2.074999999999999
100
AcDbArc
 50
90.0
 51
180.0
  0
LINE
  5
2A6
330
6F
100
AcDbEntity
  8
BLACK
  6
Continuous
100
AcDbLine
 10
405.8071489999999
 20
-181.624509
 30
0.0
 11
405.8071489999999
 21
-191.5745089999999
 31
0.0
  0
ARC
  5
2A7
330
6F
100
AcDbEntity
  8
BLACK
100
AcDbCircle
 10
503.132149
 20
-181.624509
 30
0.0
 40
2.074999999999999
100
AcDbArc
 50
90.0
 51
180.0
  0
LINE
  5
2A8
330
6F
100
AcDbEntity
  8
BLACK
  6
Continuous
100
AcDbLine
 10
437.482149
 20
-193.649509
 30
0.0
 11
426.932149
 21
-193.649509
 31
0.0
  0
ARC
  5
2A9
330
6F
100
AcDbEntity
  8
BLACK
100
AcDbCircle
 10
309.881056
 20
-175.699483
 30
0.0
 40
1.000153753690401
100
AcDbArc
 50
270.00360908
 51
314.99631377
  0
ARC
  5
2AA
330
6F
100
AcDbEntity
  8
BLACK
100
AcDbCircle
 10
511.8283339999999
 20
-174.749601
 30
0.0
 40
0.3999890068451882
100
AcDbArc
 50
339.19690122
 51
89.98939998999999
  0
ARC
  5
2AB
330
6F
100
AcDbEntity
  8
BLACK
100
AcDbCircle
 10
579.1876339999999
 20
-277.057101
 30
0.0
 40
1.000020000647986
100
AcDbArc
 50
225.00226882
 51
270.00206261
  0
CIRCLE
  5
2AC
330
6F
100
AcDbEntity
  8
BLACK
100
AcDbCircle
 10
403.6151939999999
 20
-186.59964
 30
0.0
 40
1.0
  0
LINE
  5
2AD
330
6F
100
AcDbEntity
  8
BLACK
  6
Continuous
100
AcDbLine
 10
366.044649
 20
-250.799509
 30
0.0
 11
355.494649
 21
-250.799509
 31
0.0
  0
ARC
  5
2AE
330
6F
100
AcDbEntity
  8
BLACK
100
AcDbCircle
 10
576.6821339999999
 20
-171.842201
 30
0.0
 40
0.5000270022088808
100
AcDbArc
 50
90.00309368000001
 51
179.99461449
  0
ARC
  5
2AF
330
6F
100
AcDbEntity
  8
BLACK
100
AcDbCircle
 10
384.267254
 20
-274.657161
 30
0.0
 40
0.3999600008450845
100
AcDbArc
 50
201.96479623
 51
270.0037246
  0
ARC
  5
2B0
330
6F
100
AcDbEntity
  8
BLACK
100
AcDbCircle
 10
461.2946489999999
 20
-248.724509
 30
0.0
 40
2.074999999999999
100
AcDbArc
 50
270.0
 51
0.0
  0
ARC
  5
2B1
330
6F
100
AcDbEntity
  8
BLACK
100
AcDbCircle
 10
582.6353339999999
 20
-277.557101
 30
0.0
 40
0.5000200104035838
100
AcDbArc
 50
180.00229136
 51
269.98831213
  0
LINE
  5
2B2
330
6F
100
AcDbEntity
  8
BLACK
  6
Continuous
100
AcDbLine
 10
513.246934
 20
-275.057121
 30
0.0
 11
513.048305
 21
-275.057121
 31
0.0
  0
LINE
  5
2B3
330
6F
100
AcDbEntity
  8
BLACK
  6
Continuous
100
AcDbLine
 10
524.8696489999999
 20
-238.774509
 30
0.0
 11
524.8696489999999
 21
-248.724509
 31
0.0
  0
ARC
  5
2B4
330
6F
100
AcDbEntity
  8
BLACK
100
AcDbCircle
 10
319.381485
 20
-277.056916
 30
0.0
 40
1.000157002112168
100
AcDbArc
 50
225.00368622
 51
269.99627636
  0
LINE
  5
2B5
330
6F
100
AcDbEntity
  8
BLACK
  6
Continuous
100
AcDbLine
 10
386.757149
 20
-181.624509
 30
0.0
 11
386.757149
 21
-191.5745089999999
 31
0.0
  0
ARC
  5
2B6
330
6F
100
AcDbEntity
  8
BLACK
100
AcDbCircle
 10
377.623251
 20
-274.657158
 30
0.0
 40
0.3999630036453372
100
AcDbArc
 50
159.18690717
 51
270.00773565
  0
ARC
  5
2B7
330
6F
100
AcDbEntity
  8
BLACK
100
AcDbCircle
 10
581.0352319999999
 20
-275.957122
 30
0.0
 40
4.059960480128101
100
AcDbArc
 50
20.80542115
 51
159.19458386
  0
ARC
  5
2B8
330
6F
100
AcDbEntity
  8
BLACK
100
AcDbCircle
 10
488.8446489999999
 20
-238.774509
 30
0.0
 40
2.074999999999999
100
AcDbArc
 50
90.0
 51
180.0
  0
ARC
  5
2B9
330
6F
100
AcDbEntity
  8
BLACK
100
AcDbCircle
 10
484.0821489999998
 20
-191.5745089999999
 30
0.0
 40
2.074999999999999
100
AcDbArc
 50
180.0
 51
270.0
  0
ARC
  5
2BA
330
6F
100
AcDbEntity
  8
BLACK
100
AcDbCircle
 10
325.833033
 20
-175.599783
 30
0.0
 40
0.9998540018607716
100
AcDbArc
 50
224.99655579
 51
270.00349555
  0
ARC
  5
2BB
330
6F
100
AcDbEntity
  8
BLACK
100
AcDbCircle
 10
508.407107
 20
-173.449611
 30
0.0
 40
4.059959545336011
100
AcDbArc
 50
200.80541614
 51
339.19457885
  0
ARC
  5
2BC
330
6F
100
AcDbEntity
  8
BLACK
100
AcDbCircle
 10
499.3946489999999
 20
-248.724509
 30
0.0
 40
2.074999999999999
100
AcDbArc
 50
270.0
 51
0.0
  0
LINE
  5
2BD
330
6F
100
AcDbEntity
  8
BLACK
  6
Continuous
100
AcDbLine
 10
515.3696069999999
 20
-277.557121
 30
0.0
 11
515.3696069999999
 21
-275.957122
 31
0.0
  0
ARC
  5
2BE
330
6F
100
AcDbEntity
  8
BLACK
100
AcDbCircle
 10
413.1571069999999
 20
-173.449611
 30
0.0
 40
3.075000159649589
100
AcDbArc
 50
201.96876739
 51
338.03123261
  0
ARC
  5
2BF
330
6F
100
AcDbEntity
  8
BLACK
100
AcDbCircle
 10
384.4659529999999
 20
-274.657152
 30
0.0
 40
0.3999690491338048
100
AcDbArc
 50
269.99355373
 51
20.81183132
  0
ARC
  5
2C0
330
6F
100
AcDbEntity
  8
BLACK
100
AcDbCircle
 10
574.569649
 20
-210.624509
 30
0.0
 40
2.074999999999999
100
AcDbArc
 50
180.00002761
 51
270.0
  0
LINE
  5
2C1
330
6F
100
AcDbEntity
  8
BLACK
  6
Continuous
100
AcDbLine
 10
319.007107
 20
-171.849639
 30
0.0
 11
319.007107
 21
-173.449637
 31
0.0
  0
LINE
  5
2C2
330
6F
100
AcDbEntity
  8
BLACK
  6
Continuous
100
AcDbLine
 10
510.007107
 20
-171.349612
 30
0.0
 11
510.2546679999999
 21
-171.349612
 31
0.0
  0
ARC
  5
2C3
330
6F
100
AcDbEntity
  8
BLACK
100
AcDbCircle
 10
356.519649
 20
-229.674509
 30
0.0
 40
2.074999999999999
100
AcDbArc
 50
270.0
 51
0.0
  0
LINE
  5
2C4
330
6F
100
AcDbEntity
  8
BLACK
  6
Continuous
100
AcDbLine
 10
432.719649
 20
-217.649509
 30
0.0
 11
422.169649
 21
-217.649509
 31
0.0
  0
ARC
  5
2C5
330
6F
100
AcDbEntity
  8
BLACK
100
AcDbCircle
 10
504.1571489999999
 20
-200.674509
 30
0.0
 40
2.074999999999999
100
AcDbArc
 50
0.0
 51
90.0
  0
LINE
  5
2C6
330
6F
100
AcDbEntity
  8
BLACK
  6
Continuous
100
AcDbLine
 10
363.357149
 20
-181.624509
 30
0.0
 11
363.357149
 21
-191.5745089999999
 31
0.0
  0
ARC
  5
2C7
330
6F
100
AcDbEntity
  8
BLACK
100
AcDbCircle
 10
550.757149
 20
-210.624509
 30
0.0
 40
2.074999999999999
100
AcDbArc
 50
180.0
 51
270.0
  0
LINE
  5
2C8
330
6F
100
AcDbEntity
  8
BLACK
  6
Continuous
100
AcDbLine
 10
579.9352319999999
 20
-277.557121
 30
0.0
 11
579.9352319999999
 21
-275.957122
 31
0.0
  0
ARC
  5
2C9
330
6F
100
AcDbEntity
  8
BLACK
100
AcDbCircle
 10
502.8136339999999
 20
-274.415101
 30
0.0
 40
1.999606003025595
100
AcDbArc
 50
69.44297215999999
 51
90.00315189
  0
ARC
  5
2CA
330
6F
100
AcDbEntity
  8
BLACK
100
AcDbCircle
 10
408.907149
 20
-210.624509
 30
0.0
 40
2.074999999999999
100
AcDbArc
 50
270.0
 51
0.0
  0
ARC
  5
2CB
330
6F
100
AcDbEntity
  8
BLACK
100
AcDbCircle
 10
485.1071489999999
 20
-210.624509
 30
0.0
 40
2.074999999999999
100
AcDbArc
 50
270.0
 51
0.0
  0
LINE
  5
2CC
330
6F
100
AcDbEntity
  8
BLACK
  6
Continuous
100
AcDbLine
 10
527.969649
 20
-231.749509
 30
0.0
 11
517.4196489999999
 21
-231.749509
 31
0.0
  0
LINE
  5
2CD
330
6F
100
AcDbEntity
  8
BLACK
  6
Continuous
100
AcDbLine
 10
382.144607
 20
-275.957122
 30
0.0
 11
382.144607
 21
-277.557121
 31
0.0
  0
LINE
  5
2CE
330
6F
100
AcDbEntity
  8
BLACK
  6
Continuous
100
AcDbLine
 10
542.257149
 20
-198.599509
 30
0.0
 11
531.7071489999998
 21
-198.599509
 31
0.0
  0
LINE
  5
2CF
330
6F
100
AcDbEntity
  8
BLACK
  6
Continuous
100
AcDbLine
 10
382.892168
 20
-278.057121
 30
0.0
 11
382.644607
 21
-278.057121
 31
0.0
  0
ARC
  5
2D0
330
6F
100
AcDbEntity
  8
BLACK
100
AcDbCircle
 10
588.961234
 20
-273.807001
 30
0.0
 40
0.9999253565301762
100
AcDbArc
 50
89.99810909999998
 51
135.00162069
  0
LINE
  5
2D1
330
6F
100
AcDbEntity
  8
BLACK
  6
Continuous
100
AcDbLine
 10
505.8524379999998
 20
-171.642505
 30
0.0
 11
501.188199
 21
-176.306744
 31
0.0
  0
ARC
  5
2D2
330
6F
100
AcDbEntity
  8
BLACK
100
AcDbCircle
 10
344.463549
 20
-246.999909
 30
0.0
 40
1.425090000561367
100
AcDbArc
 50
270.00361858
 51
359.9983918
  0
ARC
  5
2D3
330
6F
100
AcDbEntity
  8
BLACK
100
AcDbCircle
 10
512.6571489999999
 20
-200.674509
 30
0.0
 40
2.074999999999999
100
AcDbArc
 50
90.0
 51
180.0
  0
ARC
  5
2D4
330
6F
100
AcDbEntity
  8
BLACK
100
AcDbCircle
 10
547.0196489999998
 20
-229.674509
 30
0.0
 40
2.074999999999999
100
AcDbArc
 50
270.0
 51
0.0
  0
LINE
  5
2D5
330
6F
100
AcDbEntity
  8
BLACK
  6
Continuous
100
AcDbLine
 10
377.821934
 20
-275.057121
 30
0.0
 11
377.623305
 21
-275.057121
 31
0.0
  0
ARC
  5
2D6
330
6F
100
AcDbEntity
  8
BLACK
100
AcDbCircle
 10
583.015534
 20
-175.5997009999999
 30
0.0
 40
0.9999360010125647
100
AcDbArc
 50
224.99923017
 51
270.00257848
  0
LINE
  5
2D7
330
6F
100
AcDbEntity
  8
BLACK
  6
Continuous
100
AcDbLine
 10
316.807107
 20
-173.449637
 30
0.0
 11
316.807107
 21
-171.849639
 31
0.0
  0
LINE
  5
2D8
330
6F
100
AcDbEntity
  8
BLACK
  6
Continuous
100
AcDbLine
 10
499.3946489999999
 20
-236.699509
 30
0.0
 11
488.8446489999999
 21
-236.699509
 31
0.0
  0
LINE
  5
2D9
330
6F
100
AcDbEntity
  8
BLACK
  6
Continuous
100
AcDbLine
 10
502.813524
 20
-272.4154949999999
 30
0.0
 11
394.70069
 21
-272.4154949999999
 31
0.0
  0
ARC
  5
2DA
330
6F
100
AcDbEntity
  8
BLACK
100
AcDbCircle
 10
416.5783559999999
 20
-174.749648
 30
0.0
 40
0.4000360033796958
100
AcDbArc
 50
339.20207491
 51
89.99255222
  0
ARC
  5
2DB
330
6F
100
AcDbEntity
  8
BLACK
100
AcDbCircle
 10
508.543534
 20
-273.807201
 30
0.0
 40
1.000127000684413
100
AcDbArc
 50
45.00364585999999
 51
89.99788032999999
  0
ARC
  5
2DC
330
6F
100
AcDbEntity
  8
BLACK
100
AcDbCircle
 10
518.3172339999999
 20
-277.0572009999999
 30
0.0
 40
0.9998970719079039
100
AcDbArc
 50
269.99621818
 51
315.00056726
  0
LINE
  5
2DD
330
6F
100
AcDbEntity
  8
BLACK
  6
Continuous
100
AcDbLine
 10
537.494649
 20
-255.749509
 30
0.0
 11
526.944648
 21
-255.749509
 31
0.0
  0
ARC
  5
2DE
330
6F
100
AcDbEntity
  8
BLACK
100
AcDbCircle
 10
516.4696069999999
 20
-275.957122
 30
0.0
 40
3.075000159649589
100
AcDbArc
 50
21.96876739
 51
158.03123261
  0
ARC
  5
2DF
330
6F
100
AcDbEntity
  8
BLACK
100
AcDbCircle
 10
589.882149
 20
-181.624509
 30
0.0
 40
2.074999999999999
100
AcDbArc
 50
0.0
 51
90.0
  0
ARC
  5
2E0
330
6F
100
AcDbEntity
  8
BLACK
100
AcDbCircle
 10
331.682149
 20
-191.5745089999999
 30
0.0
 40
2.074999999999999
100
AcDbArc
 50
180.0
 51
270.0
  0
LINE
  5
2E1
330
6F
100
AcDbEntity
  8
BLACK
  6
Continuous
100
AcDbLine
 10
499.3946489999999
 20
-250.799509
 30
0.0
 11
488.8446489999999
 21
-250.799509
 31
0.0
  0
ARC
  5
2E2
330
6F
100
AcDbEntity
  8
BLACK
100
AcDbCircle
 10
560.282149
 20
-191.5745089999999
 30
0.0
 40
2.074999999999999
100
AcDbArc
 50
180.00002761
 51
270.0
  0
LINE
  5
2E3
330
6F
100
AcDbEntity
  8
BLACK
  6
Continuous
100
AcDbLine
 10
405.2310929999999
 20
-176.599637
 30
0.0
 11
325.8330939999999
 21
-176.599637
 31
0.0
  0
ARC
  5
2E4
330
6F
100
AcDbEntity
  8
BLACK
100
AcDbCircle
 10
576.9296339999999
 20
-172.342201
 30
0.0
 40
1.000047000577972
100
AcDbArc
 50
45.00052665
 51
89.99805204000001
  0
LINE
  5
2E5
330
6F
100
AcDbEntity
  8
BLACK
  6
Continuous
100
AcDbLine
 10
472.482149
 20
-200.674509
 30
0.0
 11
472.482149
 21
-210.624509
 31
0.0
  0
CIRCLE
  5
2E6
330
6F
100
AcDbEntity
  8
BLACK
100
AcDbCircle
 10
360.761608
 20
-224.699717
 30
0.0
 40
1.0
  0
LINE
  5
2E7
330
6F
100
AcDbEntity
  8
BLACK
  6
Continuous
100
AcDbLine
 10
330.019649
 20
-257.8245089999999
 30
0.0
 11
330.019649
 21
-267.774509
 31
0.0
  0
LINE
  5
2E8
330
6F
100
AcDbEntity
  8
BLACK
  6
Continuous
100
AcDbLine
 10
380.332149
 20
-179.549509
 30
0.0
 11
369.782149
 21
-179.549509
 31
0.0
  0
LINE
  5
2E9
330
6F
100
AcDbEntity
  8
BLACK
  6
Continuous
100
AcDbLine
 10
583.5898999999999
 20
-277.764228
 30
0.0
 11
588.2541599999998
 21
-273.099967
 31
0.0
  0
CIRCLE
  5
2EA
330
6F
100
AcDbEntity
  8
BLACK
100
AcDbCircle
 10
498.874384
 20
-186.59964
 30
0.0
 40
1.0
  0
ARC
  5
2EB
330
6F
100
AcDbEntity
  8
BLACK
100
AcDbCircle
 10
581.0352319999999
 20
-275.957122
 30
0.0
 40
1.1
100
AcDbArc
 50
0.0
 51
180.0
  0
LINE
  5
2EC
330
6F
100
AcDbEntity
  8
BLACK
  6
Continuous
100
AcDbLine
 10
573.8163029999998
 20
-273.099967
 30
0.0
 11
578.480563
 21
-277.764228
 31
0.0
  0
ARC
  5
2ED
330
6F
100
AcDbEntity
  8
BLACK
100
AcDbCircle
 10
409.735866
 20
-174.749654
 30
0.0
 40
0.4000422099978951
100
AcDbArc
 50
90.00873668999995
 51
200.79666405
  0
CIRCLE
  5
2EE
330
6F
100
AcDbEntity
  8
BLACK
100
AcDbCircle
 10
451.2492889999999
 20
-205.649678
 30
0.0
 40
1.0
  0
LINE
  5
2EF
330
6F
100
AcDbEntity
  8
BLACK
  6
Continuous
100
AcDbLine
 10
519.8909079999999
 20
-275.057121
 30
0.0
 11
519.69228
 21
-275.057121
 31
0.0
  0
LINE
  5
2F0
330
6F
100
AcDbEntity
  8
BLACK
  6
Continuous
100
AcDbLine
 10
411.3095449999999
 20
-171.349612
 30
0.0
 11
411.5571069999999
 21
-171.349612
 31
0.0
  0
ARC
  5
2F1
330
6F
100
AcDbEntity
  8
BLACK
100
AcDbCircle
 10
317.907107
 20
-173.449637
 30
0.0
 40
3.075000159649589
100
AcDbArc
 50
201.96876739
 51
338.03123261
  0
LINE
  5
2F2
330
6F
100
AcDbEntity
  8
BLACK
  6
Continuous
100
AcDbLine
 10
579.4352319999999
 20
-278.057121
 30
0.0
 11
579.18767
 21
-278.057121
 31
0.0
  0
ARC
  5
2F3
330
6F
100
AcDbEntity
  8
BLACK
100
AcDbCircle
 10
506.5595339999999
 20
-172.349601
 30
0.0
 40
0.9999847530997659
100
AcDbArc
 50
89.99936974
 51
135.0
  0
LINE
  5
2F4
330
6F
100
AcDbEntity
  8
BLACK
  6
Continuous
100
AcDbLine
 10
353.419649
 20
-238.774509
 30
0.0
 11
353.419649
 21
-248.724509
 31
0.0
  0
LINE
  5
2F5
330
6F
100
AcDbEntity
  8
BLACK
  6
Continuous
100
AcDbLine
 10
563.382149
 20
-257.8245089999999
 30
0.0
 11
563.382149
 21
-267.774509
 31
0.0
  0
CIRCLE
  5
2F6
330
6F
100
AcDbEntity
  8
BLACK
100
AcDbCircle
 10
590.933317
 20
-217.219706
 30
0.0
 40
1.0
  0
LINE
  5
2F7
330
6F
100
AcDbEntity
  8
BLACK
  6
Continuous
100
AcDbLine
 10
587.194649
 20
-257.8245089999999
 30
0.0
 11
587.194649
 21
-267.774509
 31
0.0
  0
ARC
  5
2F8
330
6F
100
AcDbEntity
  8
BLACK
100
AcDbCircle
 10
527.969649
 20
-219.724509
 30
0.0
 40
2.074999999999999
100
AcDbArc
 50
0.0
 51
90.0
  0
LINE
  5
2F9
330
6F
100
AcDbEntity
  8
BLACK
  6
Continuous
100
AcDbLine
 10
325.125987
 20
-176.306744
 30
0.0
 11
320.461775
 21
-171.642532
 31
0.0
  0
LINE
  5
2FA
330
6F
100
AcDbEntity
  8
BLACK
  6
Continuous
100
AcDbLine
 10
582.882793
 20
-278.057121
 30
0.0
 11
582.6352319999999
 21
-278.057121
 31
0.0
  0
LINE
  5
2FB
330
6F
100
AcDbEntity
  8
BLACK
  6
Continuous
100
AcDbLine
 10
313.737759
 20
-246.999949
 30
0.0
 11
313.737759
 21
-239.399069
 31
0.0
  0
ARC
  5
2FC
330
6F
100
AcDbEntity
  8
BLACK
100
AcDbCircle
 10
502.6821489999999
 20
-268.674509
 30
0.0
 40
1.074999999999999
100
AcDbArc
 50
180.0
 51
270.0
  0
ARC
  5
2FD
330
6F
100
AcDbEntity
  8
BLACK
100
AcDbCircle
 10
522.1821489999999
 20
-191.5745089999999
 30
0.0
 40
2.074999999999999
100
AcDbArc
 50
180.0
 51
270.0
  0
LINE
  5
2FE
330
6F
100
AcDbEntity
  8
BLACK
  6
Continuous
100
AcDbLine
 10
313.910101
 20
-272.999967
 30
0.0
 11
318.674313
 21
-277.764179
 31
0.0
  0
ARC
  5
2FF
330
6F
100
AcDbEntity
  8
BLACK
100
AcDbCircle
 10
421.083196
 20
-175.599455
 30
0.0
 40
1.000182002811988
100
AcDbArc
 50
225.00433423
 51
269.9957036
  0
ARC
  5
300
330
6F
100
AcDbEntity
  8
BLACK
100
AcDbCircle
 10
319.7546529999999
 20
-172.349676
 30
0.0
 40
1.000037000112496
100
AcDbArc
 50
45.00089127999999
 51
89.9991406
  0
ARC
  5
301
330
6F
100
AcDbEntity
  8
BLACK
100
AcDbCircle
 10
584.628249
 20
-218.746909
 30
0.0
 40
1.075000002279069
100
AcDbArc
 50
22.02290117
 51
89.99626911
  0
ARC
  5
302
330
6F
100
AcDbEntity
  8
BLACK
100
AcDbCircle
 10
479.319649
 20
-229.674509
 30
0.0
 40
2.074999999999999
100
AcDbArc
 50
180.0
 51
270.0
  0
LINE
  5
303
330
6F
100
AcDbEntity
  8
BLACK
  6
Continuous
100
AcDbLine
 10
384.4659079999999
 20
-275.057121
 30
0.0
 11
384.26728
 21
-275.057121
 31
0.0
  0
LINE
  5
304
330
6F
100
AcDbEntity
  8
BLACK
  6
Continuous
100
AcDbLine
 10
482.007149
 20
-181.624509
 30
0.0
 11
482.007149
 21
-191.5745089999999
 31
0.0
  0
ARC
  5
305
330
6F
100
AcDbEntity
  8
BLACK
100
AcDbCircle
 10
573.4820339999999
 20
-171.842201
 30
0.0
 40
0.5000470053284989
100
AcDbArc
 50
0.00538502
 51
89.99163559999999
  0
ARC
  5
306
330
6F
100
AcDbEntity
  8
BLACK
100
AcDbCircle
 10
314.684482
 20
-174.749568
 30
0.0
 40
0.3999290028805113
100
AcDbArc
 50
21.96198916
 51
90.00687670999999
  0
LINE
  5
307
330
6F
100
AcDbEntity
  8
BLACK
  6
Continuous
100
AcDbLine
 10
563.688399
 20
-250.799509
 30
0.0
 11
553.1383989999999
 21
-250.799509
 31
0.0
  0
LINE
  5
308
330
6F
100
AcDbEntity
  8
BLACK
  6
Continuous
100
AcDbLine
 10
508.9196489999999
 20
-217.649509
 30
0.0
 11
498.3696489999999
 21
-217.649509
 31
0.0
  0
ARC
  5
309
330
6F
100
AcDbEntity
  8
BLACK
100
AcDbCircle
 10
513.6821489999999
 20
-191.5745089999999
 30
0.0
 40
2.074999999999999
100
AcDbArc
 50
270.0
 51
0.0
  0
ARC
  5
30A
330
6F
100
AcDbEntity
  8
BLACK
100
AcDbCircle
 10
380.332149
 20
-191.5745089999999
 30
0.0
 40
2.074999999999999
100
AcDbArc
 50
270.0
 51
0.0
  0
CIRCLE
  5
30B
330
6F
100
AcDbEntity
  8
BLACK
100
AcDbCircle
 10
446.527778
 20
-243.750019
 30
0.0
 40
1.0
  0
ARC
  5
30C
330
6F
100
AcDbEntity
  8
BLACK
100
AcDbCircle
 10
575.0821069999999
 20
-173.442153
 30
0.0
 40
1.1
100
AcDbArc
 50
180.0
 51
0.0
  0
ARC
  5
30D
330
6F
100
AcDbEntity
  8
BLACK
100
AcDbCircle
 10
589.882149
 20
-238.774509
 30
0.0
 40
2.074999999999999
100
AcDbArc
 50
0.0
 51
90.0
  0
LINE
  5
30E
330
6F
100
AcDbEntity
  8
BLACK
  6
Continuous
100
AcDbLine
 10
458.607149
 20
-181.624509
 30
0.0
 11
458.607149
 21
-191.5745089999999
 31
0.0
  0
LINE
  5
30F
330
6F
100
AcDbEntity
  8
BLACK
  6
Continuous
100
AcDbLine
 10
322.328982
 20
-275.9570739999999
 30
0.0
 11
322.328982
 21
-277.557073
 31
0.0
  0
LINE
  5
310
330
6F
100
AcDbEntity
  8
BLACK
  6
Continuous
100
AcDbLine
 10
399.382149
 20
-193.649509
 30
0.0
 11
388.832149
 21
-193.649509
 31
0.0
  0
LINE
  5
311
330
6F
100
AcDbEntity
  8
BLACK
  6
Continuous
100
AcDbLine
 10
309.881119
 20
-176.699637
 30
0.0
 11
309.382107
 21
-176.699637
 31
0.0
  0
LINE
  5
312
330
6F
100
AcDbEntity
  8
BLACK
  6
Continuous
100
AcDbLine
 10
576.1821069999999
 20
-171.842154
 30
0.0
 11
576.1821069999999
 21
-173.442153
 31
0.0
  0
ARC
  5
313
330
6F
100
AcDbEntity
  8
BLACK
100
AcDbCircle
 10
578.304834
 20
-174.742201
 30
0.0
 40
0.4000673393942575
100
AcDbArc
 50
90.00773402000001
 51
158.02793386
  0
ARC
  5
314
330
6F
100
AcDbEntity
  8
BLACK
100
AcDbCircle
 10
516.4696069999999
 20
-275.957122
 30
0.0
 40
4.059960480128101
100
AcDbArc
 50
20.80542115
 51
159.19458386
  0
ARC
  5
315
330
6F
100
AcDbEntity
  8
BLACK
100
AcDbCircle
 10
416.3798459999999
 20
-174.749709
 30
0.0
 40
0.4000971777081163
100
AcDbArc
 50
90.00945151000001
 51
158.02193667
  0
LINE
  5
316
330
6F
100
AcDbEntity
  8
BLACK
  6
Continuous
100
AcDbLine
 10
534.8071489999999
 20
-181.624509
 30
0.0
 11
534.8071489999999
 21
-191.5745089999999
 31
0.0
  0
LINE
  5
317
330
6F
100
AcDbEntity
  8
BLACK
  6
Continuous
100
AcDbLine
 10
316.059545
 20
-171.349639
 30
0.0
 11
316.307107
 21
-171.349639
 31
0.0
  0
ARC
  5
318
330
6F
100
AcDbEntity
  8
BLACK
100
AcDbCircle
 10
351.757149
 20
-200.674509
 30
0.0
 40
2.074999999999999
100
AcDbArc
 50
0.0
 51
90.0
  0
ARC
  5
319
330
6F
100
AcDbEntity
  8
BLACK
100
AcDbCircle
 10
317.907107
 20
-173.449637
 30
0.0
 40
1.1
100
AcDbArc
 50
180.0
 51
0.0
  0
ARC
  5
31A
330
6F
100
AcDbEntity
  8
BLACK
100
AcDbCircle
 10
581.0352319999999
 20
-275.957122
 30
0.0
 40
3.075000159649589
100
AcDbArc
 50
21.96876739
 51
158.03123261
  0
ARC
  5
31B
330
6F
100
AcDbEntity
  8
BLACK
100
AcDbCircle
 10
579.4352339999999
 20
-277.557101
 30
0.0
 40
0.4999980004000017
100
AcDbArc
 50
269.99977083
 51
359.99770816
  0
LINE
  5
31C
330
6F
100
AcDbEntity
  8
BLACK
  6
Continuous
100
AcDbLine
 10
401.4571489999999
 20
-181.624509
 30
0.0
 11
401.4571489999999
 21
-191.5745089999999
 31
0.0
  0
LINE
  5
31D
330
6F
100
AcDbEntity
  8
BLACK
  6
Continuous
100
AcDbLine
 10
310.557149
 20
-181.624509
 30
0.0
 11
310.557149
 21
-191.5745089999999
 31
0.0
  0
ARC
  5
31E
330
6F
100
AcDbEntity
  8
BLACK
100
AcDbCircle
 10
313.202913
 20
-273.707272
 30
0.0
 40
1.00019800327985
100
AcDbArc
 50
45.00473923
 51
89.99535996
  0
ARC
  5
31F
330
6F
100
AcDbEntity
  8
BLACK
100
AcDbCircle
 10
373.118536
 20
-273.807159
 30
0.0
 40
1.000085000612447
100
AcDbArc
 50
45.00202554
 51
89.99799482
  0
LINE
  5
320
330
6F
100
AcDbEntity
  8
BLACK
  6
Continuous
100
AcDbLine
 10
485.1071489999999
 20
-212.699509
 30
0.0
 11
474.5571489999999
 21
-212.699509
 31
0.0
  0
ARC
  5
321
330
6F
100
AcDbEntity
  8
BLACK
100
AcDbCircle
 10
415.004664
 20
-172.349622
 30
0.0
 40
1.000010000008
100
AcDbArc
 50
45.00024307999999
 51
89.99977081999999
  0
ARC
  5
322
330
6F
100
AcDbEntity
  8
BLACK
100
AcDbCircle
 10
574.569649
 20
-257.8245089999999
 30
0.0
 40
2.074999999999999
100
AcDbArc
 50
90.00002761000002
 51
180.0
  0
LINE
  5
323
330
6F
100
AcDbEntity
  8
BLACK
  6
Continuous
100
AcDbLine
 10
504.985805
 20
-174.349612
 30
0.0
 11
505.1844339999998
 21
-174.349612
 31
0.0
  0
LINE
  5
324
330
6F
100
AcDbEntity
  8
BLACK
  6
Continuous
100
AcDbLine
 10
416.37978
 20
-174.349612
 30
0.0
 11
416.5784079999999
 21
-174.349612
 31
0.0
  0
LINE
  5
325
330
6F
100
AcDbEntity
  8
BLACK
  6
Continuous
100
AcDbLine
 10
370.807149
 20
-198.599509
 30
0.0
 11
360.257149
 21
-198.599509
 31
0.0
  0
ARC
  5
326
330
6F
100
AcDbEntity
  8
BLACK
100
AcDbCircle
 10
394.619649
 20
-229.674509
 30
0.0
 40
2.074999999999999
100
AcDbArc
 50
270.0
 51
0.0
  0
LINE
  5
327
330
6F
100
AcDbEntity
  8
BLACK
  6
Continuous
100
AcDbLine
 10
325.257149
 20
-181.624509
 30
0.0
 11
325.257149
 21
-191.5745089999999
 31
0.0
  0
ARC
  5
328
330
6F
100
AcDbEntity
  8
BLACK
100
AcDbCircle
 10
381.044607
 20
-275.957122
 30
0.0
 40
1.1
100
AcDbArc
 50
0.0
 51
180.0
  0
CIRCLE
  5
329
330
6F
100
AcDbEntity
  8
BLACK
100
AcDbCircle
 10
333.377178
 20
-262.799793
 30
0.0
 40
1.0
  0
CIRCLE
  5
32A
330
6F
100
AcDbEntity
  8
BLACK
100
AcDbCircle
 10
327.424041
 20
-186.59964
 30
0.0
 40
1.0
  0
LINE
  5
32B
330
6F
100
AcDbEntity
  8
BLACK
  6
Continuous
100
AcDbLine
 10
415.7446489999999
 20
-219.724509
 30
0.0
 11
415.7446489999999
 21
-229.674509
 31
0.0
  0
ARC
  5
32C
330
6F
100
AcDbEntity
  8
BLACK
100
AcDbCircle
 10
432.719649
 20
-219.724509
 30
0.0
 40
2.074999999999999
100
AcDbArc
 50
0.0
 51
90.0
  0
ARC
  5
32D
330
6F
100
AcDbEntity
  8
BLACK
100
AcDbCircle
 10
322.8289219999999
 20
-277.557133
 30
0.0
 40
0.499940003600432
100
AcDbArc
 50
179.99312368
 51
270.00687632
  0
ARC
  5
32E
330
6F
100
AcDbEntity
  8
BLACK
100
AcDbCircle
 10
369.782149
 20
-181.624509
 30
0.0
 40
2.074999999999999
100
AcDbArc
 50
90.0
 51
180.0
  0
LINE
  5
32F
330
6F
100
AcDbEntity
  8
BLACK
  6
Continuous
100
AcDbLine
 10
323.076543
 20
-278.057073
 30
0.0
 11
322.828982
 21
-278.057073
 31
0.0
  0
LINE
  5
330
330
6F
100
AcDbEntity
  8
BLACK
  6
Continuous
100
AcDbLine
 10
582.3084719999999
 20
-176.306744
 30
0.0
 11
577.6367749999999
 21
-171.635047
 31
0.0
  0
LINE
  5
331
330
6F
100
AcDbEntity
  8
BLACK
  6
Continuous
100
AcDbLine
 10
561.307149
 20
-255.749509
 30
0.0
 11
550.757148
 21
-255.749509
 31
0.0
  0
ARC
  5
332
330
6F
100
AcDbEntity
  8
BLACK
100
AcDbCircle
 10
329.154946
 20
-273.807019
 30
0.0
 40
0.9999451553760335
100
AcDbArc
 50
89.99868212
 51
135.00129653
  0
ARC
  5
333
330
6F
100
AcDbEntity
  8
BLACK
100
AcDbCircle
 10
405.23115
 20
-175.599775
 30
0.0
 40
0.9998617181200607
100
AcDbArc
 50
269.99673369
 51
315.00324159
  0
LINE
  5
334
330
6F
100
AcDbEntity
  8
BLACK
  6
Continuous
100
AcDbLine
 10
414.257107
 20
-171.849612
 30
0.0
 11
414.257107
 21
-173.449611
 31
0.0
  0
ARC
  5
335
330
6F
100
AcDbEntity
  8
BLACK
100
AcDbCircle
 10
382.892205
 20
-277.05721
 30
0.0
 40
0.9999112146705826
100
AcDbArc
 50
269.99787987
 51
315.00210693
  0
ARC
  5
336
330
6F
100
AcDbEntity
  8
BLACK
100
AcDbCircle
 10
456.532149
 20
-267.774509
 30
0.0
 40
2.074999999999999
100
AcDbArc
 50
270.0
 51
0.0
  0
LINE
  5
337
330
6F
100
AcDbEntity
  8
BLACK
  6
Continuous
100
AcDbLine
 10
524.8696489999999
 20
-257.8245089999999
 30
0.0
 11
524.8696489999999
 21
-267.77451
 31
0.0
  0
ARC
  5
338
330
6F
100
AcDbEntity
  8
BLACK
100
AcDbCircle
 10
321.228982
 20
-275.9570739999999
 30
0.0
 40
3.075000159649589
100
AcDbArc
 50
21.96876739
 51
158.03123261
  0
ARC
  5
339
330
6F
100
AcDbEntity
  8
BLACK
100
AcDbCircle
 10
505.1845339999999
 20
-174.7495009999999
 30
0.0
 40
0.3998890125034695
100
AcDbArc
 50
21.95932728
 51
90.01432792000001
  0
ARC
  5
33A
330
6F
100
AcDbEntity
  8
BLACK
100
AcDbCircle
 10
514.6221339999999
 20
-277.057001
 30
0.0
 40
1.000120003960024
100
AcDbArc
 50
225.00125576
 51
269.99490129
  0
ARC
  5
33B
330
6F
100
AcDbEntity
  8
BLACK
100
AcDbCircle
 10
451.7696489999999
 20
-229.674509
 30
0.0
 40
2.074999999999999
100
AcDbArc
 50
270.0
 51
0.0
  0
LINE
  5
33C
330
6F
100
AcDbEntity
  8
BLACK
  6
Continuous
100
AcDbLine
 10
584.4565329999999
 20
-275.057121
 30
0.0
 11
584.2579049999998
 21
-275.057121
 31
0.0
  0
LINE
  5
33D
330
6F
100
AcDbEntity
  8
BLACK
  6
Continuous
100
AcDbLine
 10
393.998443
 20
-272.5428359999999
 30
0.0
 11
393.293809
 21
-272.807074
 31
0.0
  0
ARC
  5
33E
330
6F
100
AcDbEntity
  8
BLACK
100
AcDbCircle
 10
403.119649
 20
-229.674509
 30
0.0
 40
2.074999999999999
100
AcDbArc
 50
180.0
 51
270.0
  0
LINE
  5
33F
330
6F
100
AcDbEntity
  8
BLACK
  6
Continuous
100
AcDbLine
 10
504.2204039999999
 20
-272.807074
 30
0.0
 11
508.5435709999999
 21
-272.807074
 31
0.0
  0
ARC
  5
340
330
6F
100
AcDbEntity
  8
BLACK
100
AcDbCircle
 10
536.469649
 20
-229.674509
 30
0.0
 40
2.074999999999999
100
AcDbArc
 50
180.0
 51
270.0
  0
LINE
  5
341
330
6F
100
AcDbEntity
  8
BLACK
  6
Continuous
100
AcDbLine
 10
504.1571489999999
 20
-198.599509
 30
0.0
 11
493.6071489999999
 21
-198.599509
 31
0.0
  0
LINE
  5
342
330
6F
100
AcDbEntity
  8
BLACK
  6
Continuous
100
AcDbLine
 10
515.6260139999999
 20
-176.306744
 30
0.0
 11
510.9617749999999
 21
-171.642505
 31
0.0
  0
ARC
  5
343
330
6F
100
AcDbEntity
  8
BLACK
100
AcDbCircle
 10
388.970575
 20
-273.806913
 30
0.0
 40
0.9998390913121967
100
AcDbArc
 50
89.99616056
 51
135.00380895
  0
ARC
  5
344
330
6F
100
AcDbEntity
  8
BLACK
100
AcDbCircle
 10
519.6922339999999
 20
-274.657201
 30
0.0
 40
0.3999200026455291
100
AcDbArc
 50
201.9605533
 51
270.00659033
  0
LINE
  5
345
330
6F
100
AcDbEntity
  8
BLACK
  6
Continuous
100
AcDbLine
 10
467.719649
 20
-238.774509
 30
0.0
 11
467.719649
 21
-248.724509
 31
0.0
  0
ARC
  5
346
330
6F
100
AcDbEntity
  8
BLACK
100
AcDbCircle
 10
504.9858339999999
 20
-174.749701
 30
0.0
 40
0.3999956087721464
100
AcDbArc
 50
90.00415302
 51
200.79199781
  0
ARC
  5
347
330
6F
100
AcDbEntity
  8
BLACK
100
AcDbCircle
 10
436.4571489999999
 20
-210.624509
 30
0.0
 40
2.074999999999999
100
AcDbArc
 50
180.0
 51
270.0
  0
ARC
  5
348
330
6F
100
AcDbEntity
  8
BLACK
100
AcDbCircle
 10
341.207149
 20
-210.624509
 30
0.0
 40
2.074999999999999
100
AcDbArc
 50
180.0
 51
270.0
  0
ARC
  5
349
330
6F
100
AcDbEntity
  8
BLACK
100
AcDbCircle
 10
575.0821069999999
 20
-173.442153
 30
0.0
 40
3.075000159649589
100
AcDbArc
 50
201.96876739
 51
338.03123261
  0
ARC
  5
34A
330
6F
100
AcDbEntity
  8
BLACK
100
AcDbCircle
 10
317.807623
 20
-274.657112
 30
0.0
 40
0.399961004061646
100
AcDbArc
 50
159.18648665
 51
270.00816544
  0
ARC
  5
34B
330
6F
100
AcDbEntity
  8
BLACK
100
AcDbCircle
 10
366.044649
 20
-248.724509
 30
0.0
 40
2.074999999999999
100
AcDbArc
 50
270.0
 51
0.0
  0
LINE
  5
34C
330
6F
100
AcDbEntity
  8
BLACK
  6
Continuous
100
AcDbLine
 10
453.844649
 20
-219.724509
 30
0.0
 11
453.844649
 21
-229.674509
 31
0.0
  0
LINE
  5
34D
330
6F
100
AcDbEntity
  8
BLACK
  6
Continuous
100
AcDbLine
 10
514.8696069999999
 20
-278.057121
 30
0.0
 11
514.6220449999998
 21
-278.057121
 31
0.0
  0
ARC
  5
34E
330
6F
100
AcDbEntity
  8
BLACK
100
AcDbCircle
 10
385.094649
 20
-248.724509
 30
0.0
 40
2.074999999999999
100
AcDbArc
 50
270.0
 51
0.0
  0
ARC
  5
34F
330
6F
100
AcDbEntity
  8
BLACK
100
AcDbCircle
 10
571.859434
 20
-174.742101
 30
0.0
 40
0.399947
100
AcDbArc
 50
21.96167613
 51
90.0
  0
LINE
  5
350
330
6F
100
AcDbEntity
  8
BLACK
  6
Continuous
100
AcDbLine
 10
320.128982
 20
-277.557073
 30
0.0
 11
320.128982
 21
-275.9570739999999
 31
0.0
  0
LINE
  5
351
330
6F
100
AcDbEntity
  8
BLACK
  6
Continuous
100
AcDbLine
 10
329.607149
 20
-181.624509
 30
0.0
 11
329.607149
 21
-191.5745089999999
 31
0.0
  0
LINE
  5
352
330
6F
100
AcDbEntity
  8
BLACK
  6
Continuous
100
AcDbLine
 10
576.6821069999999
 20
-171.342154
 30
0.0
 11
576.929668
 21
-171.342154
 31
0.0
  0
ARC
  5
353
330
6F
100
AcDbEntity
  8
BLACK
100
AcDbCircle
 10
316.307029
 20
-171.849717
 30
0.0
 40
0.5000780060830511
100
AcDbArc
 50
0.00893675
 51
89.99106324999999
  0
LINE
  5
354
330
6F
100
AcDbEntity
  8
BLACK
  6
Continuous
100
AcDbLine
 10
319.507107
 20
-171.349639
 30
0.0
 11
319.754668
 21
-171.349639
 31
0.0
  0
LINE
  5
355
330
6F
100
AcDbEntity
  8
BLACK
  6
Continuous
100
AcDbLine
 10
507.307107
 20
-173.449611
 30
0.0
 11
507.307107
 21
-171.849612
 31
0.0
  0
LINE
  5
356
330
6F
100
AcDbEntity
  8
BLACK
  6
Continuous
100
AcDbLine
 10
442.2446489999999
 20
-250.799509
 30
0.0
 11
431.694649
 21
-250.799509
 31
0.0
  0
LINE
  5
357
330
6F
100
AcDbEntity
  8
BLACK
  6
Continuous
100
AcDbLine
 10
344.307149
 20
-181.624509
 30
0.0
 11
344.307149
 21
-191.5745089999999
 31
0.0
  0
ARC
  5
358
330
6F
100
AcDbEntity
  8
BLACK
100
AcDbCircle
 10
324.451646
 20
-274.657087
 30
0.0
 40
0.3999860001012536
100
AcDbArc
 50
201.96733941
 51
270.0012892
  0
ARC
  5
359
330
6F
100
AcDbEntity
  8
BLACK
100
AcDbCircle
 10
498.3696489999999
 20
-229.674509
 30
0.0
 40
2.074999999999999
100
AcDbArc
 50
180.0
 51
270.0
  0
LINE
  5
35A
330
6F
100
AcDbEntity
  8
BLACK
  6
Continuous
100
AcDbLine
 10
510.9946489999999
 20
-219.724509
 30
0.0
 11
510.9946489999999
 21
-229.674509
 31
0.0
  0
LINE
  5
35B
330
6F
100
AcDbEntity
  8
BLACK
  6
Continuous
100
AcDbLine
 10
373.825678
 20
-273.099967
 30
0.0
 11
378.489938
 21
-277.764228
 31
0.0
  0
ARC
  5
35C
330
6F
100
AcDbEntity
  8
BLACK
100
AcDbCircle
 10
508.9196489999999
 20
-229.674509
 30
0.0
 40
2.074999999999999
100
AcDbArc
 50
270.0
 51
0.0
  0
ARC
  5
35D
330
6F
100
AcDbEntity
  8
BLACK
100
AcDbCircle
 10
508.9196489999999
 20
-219.724509
 30
0.0
 40
2.074999999999999
100
AcDbArc
 50
0.0
 51
90.0
  0
LINE
  5
35E
330
6F
100
AcDbEntity
  8
BLACK
  6
Continuous
100
AcDbLine
 10
321.12978
 20
-174.349639
 30
0.0
 11
321.328408
 21
-174.349639
 31
0.0
  0
LINE
  5
35F
330
6F
100
AcDbEntity
  8
BLACK
  6
Continuous
100
AcDbLine
 10
466.0571489999999
 20
-198.599509
 30
0.0
 11
455.507149
 21
-198.599509
 31
0.0
  0
CIRCLE
  5
360
330
6F
100
AcDbEntity
  8
BLACK
100
AcDbCircle
 10
311.916094
 20
-217.275652
 30
0.0
 40
1.0
  0
CIRCLE
  5
361
330
6F
100
AcDbEntity
  8
BLACK
100
AcDbCircle
 10
477.724841
 20
-262.799793
 30
0.0
 40
1.0
  0
LINE
  5
362
330
6F
100
AcDbEntity
  8
BLACK
  6
Continuous
100
AcDbLine
 10
343.894649
 20
-219.724509
 30
0.0
 11
343.894649
 21
-229.674509
 31
0.0
  0
ARC
  5
363
330
6F
100
AcDbEntity
  8
BLACK
100
AcDbCircle
 10
375.569649
 20
-257.8245089999999
 30
0.0
 40
2.074999999999999
100
AcDbArc
 50
0.0
 51
90.0
  0
LINE
  5
364
330
6F
100
AcDbEntity
  8
BLACK
  6
Continuous
100
AcDbLine
 10
561.307149
 20
-269.849509
 30
0.0
 11
550.757149
 21
-269.849509
 31
0.0
  0
LINE
  5
365
330
6F
100
AcDbEntity
  8
BLACK
  6
Continuous
100
AcDbLine
 10
408.907149
 20
-212.699509
 30
0.0
 11
398.357149
 21
-212.699509
 31
0.0
  0
ARC
  5
366
330
6F
100
AcDbEntity
  8
BLACK
100
AcDbCircle
 10
321.228981
 20
-275.9570739999999
 30
0.0
 40
4.059959545336011
100
AcDbArc
 50
20.80541614
 51
159.19457885
  0
LINE
  5
367
330
6F
100
AcDbEntity
  8
BLACK
  6
Continuous
100
AcDbLine
 10
377.644649
 20
-257.8245089999999
 30
0.0
 11
377.644649
 21
-267.774509
 31
0.0
  0
LINE
  5
368
330
6F
100
AcDbEntity
  8
BLACK
  6
Continuous
100
AcDbLine
 10
323.7836499999999
 20
-277.764179
 30
0.0
 11
328.447862
 21
-273.099967
 31
0.0
  0
ARC
  5
369
330
6F
100
AcDbEntity
  8
BLACK
100
AcDbCircle
 10
498.3696489999999
 20
-219.724509
 30
0.0
 40
2.074999999999999
100
AcDbArc
 50
90.0
 51
180.0
  0
ENDSEC
  0
SECTION
  2
OBJECTS
  0
DICTIONARY
  5
C
330
0
100
AcDbDictionary
281
     1
  3
ACAD_BACKGROUND
350
36E
  3
ACAD_CIP_PREVIOUS_PRODUCT_INFO
350
36D
  3
ACAD_COLOR
350
62
  3
ACAD_DETAILVIEWSTYLE
350
69
  3
ACAD_GROUP
350
D
  3
ACAD_LAST_SAVED_VERSION_INFO
350
371
  3
ACAD_LAYOUT
350
61
  3
ACAD_MATERIAL
350
10
  3
ACAD_MLEADERSTYLE
350
65
  3
ACAD_MLINESTYLE
350
5E
  3
ACAD_PLOTSETTINGS
350
60
  3
ACAD_PLOTSTYLENAME
350
E
  3
ACAD_SCALELIST
350
42
  3
ACAD_SECTIONVIEWSTYLE
350
67
  3
ACAD_TABLESTYLE
350
63
  3
ACAD_VISUALSTYLE
350
29
  3
ACDB_RECOMPOSE_DATA
350
38C
  3
AcDbVariableDictionary
350
37F
  3
AcDsDecomposeData
350
392
  0
DICTIONARY
  5
379
330
2
100
AcDbDictionary
280
     1
281
     1
  3
ACAD_LAYERSTATES
360
37A
  0
DICTIONARY
  5
372
330
54
100
AcDbDictionary
280
     1
281
     1
  3
ADSK_XREC_LAYER_RECONCILED
360
373
  0
DICTIONARY
  5
374
330
7A
100
AcDbDictionary
280
     1
281
     1
  3
ADSK_XREC_LAYER_RECONCILED
360
375
  0
DICTIONARY
  5
36E
102
{ACAD_REACTORS
330
C
102
}
330
C
100
AcDbDictionary
281
     1
  0
XRECORD
  5
36D
102
{ACAD_REACTORS
330
C
102
}
330
C
100
AcDbXrecord
280
     1
300
ACDMAC
300
2025
300

  0
DICTIONARY
  5
62
102
{ACAD_REACTORS
330
C
102
}
330
C
100
AcDbDictionary
281
     1
  0
DICTIONARY
  5
69
102
{ACAD_REACTORS
330
C
102
}
330
C
100
AcDbDictionary
281
     1
  3
Imperial24
350
6A
  3
Metric50
350
36B
  0
DICTIONARY
  5
D
102
{ACAD_REACTORS
330
C
102
}
330
C
100
AcDbDictionary
281
     1
  0
XRECORD
  5
371
102
{ACAD_REACTORS
330
C
102
}
330
C
100
AcDbXrecord
280
     1
300
{DCECCB59-BCD7-1142-9500-E0512349A062}
301
{53BB00E0-0B4E-F14D-92F0-BAE156CBD021}
302
{DCECCB59-BCD7-1142-9500-E0512349A062}
303
/Users/junkibeom/Downloads/tofu3.0_em60_dynacap.dxf
  0
DICTIONARY
  5
61
102
{ACAD_REACTORS
330
C
102
}
330
C
100
AcDbDictionary
281
     1
  3
Model
350
72
  3
배치1
350
6E
  0
DICTIONARY
  5
10
102
{ACAD_REACTORS
330
C
102
}
330
C
100
AcDbDictionary
281
     1
  3
ByBlock
350
19
  3
ByLayer
350
11
  3
Global
350
21
  0
DICTIONARY
  5
65
102
{ACAD_REACTORS
330
C
102
}
330
C
100
AcDbDictionary
281
     1
  3
Standard
350
66
  0
DICTIONARY
  5
5E
102
{ACAD_REACTORS
330
C
102
}
330
C
100
AcDbDictionary
281
     1
  3
Standard
350
5F
  0
DICTIONARY
  5
60
102
{ACAD_REACTORS
330
C
102
}
330
C
100
AcDbDictionary
281
     1
  0
ACDBDICTIONARYWDFLT
  5
E
102
{ACAD_REACTORS
330
C
102
}
330
C
100
AcDbDictionary
281
     1
  3
Normal
350
F
100
AcDbDictionaryWithDefault
340
F
  0
DICTIONARY
  5
42
102
{ACAD_REACTORS
330
C
102
}
330
C
100
AcDbDictionary
281
     1
  3
A0
350
43
  3
A1
350
44
  3
A2
350
45
  3
A3
350
46
  3
A4
350
47
  3
A5
350
48
  3
A6
350
49
  3
A7
350
4A
  3
A8
350
4B
  3
A9
350
4C
  3
B0
350
4D
  3
B1
350
4E
  3
B2
350
4F
  3
B3
350
50
  3
B4
350
51
  3
B5
350
52
  3
B6
350
53
  0
DICTIONARY
  5
67
102
{ACAD_REACTORS
330
C
102
}
330
C
100
AcDbDictionary
281
     1
  3
Imperial24
350
68
  3
Metric50
350
36A
  0
DICTIONARY
  5
63
102
{ACAD_REACTORS
330
C
102
}
330
C
100
AcDbDictionary
281
     1
  3
Standard
350
64
  0
DICTIONARY
  5
29
102
{ACAD_REACTORS
330
C
102
}
330
C
100
AcDbDictionary
281
     1
  3
2dWireframe
350
2F
  3
Basic
350
2E
  3
Brighten
350
35
  3
ColorChange
350
39
  3
Conceptual
350
32
  3
Dim
350
34
  3
EdgeColorOff
350
41
  3
Facepattern
350
38
  3
Flat
350
2A
  3
FlatWithEdges
350
2B
  3
Gouraud
350
2C
  3
GouraudWithEdges
350
2D
  3
Hidden
350
31
  3
JitterOff
350
3F
  3
Linepattern
350
37
  3
OverhangOff
350
40
  3
Realistic
350
33
  3
Shaded
350
3E
  3
Shaded with edges
350
3D
  3
Shades of Gray
350
3A
  3
Sketchy
350
3B
  3
Thicken
350
36
  3
Wireframe
350
30
  3
X-Ray
350
3C
  0
XRECORD
  5
38C
102
{ACAD_REACTORS
330
C
102
}
330
C
100
AcDbXrecord
280
     1
 90
        1
330
64
  0
DICTIONARY
  5
37F
102
{ACAD_REACTORS
330
C
102
}
330
C
100
AcDbDictionary
281
     1
  3
CANNOSCALE
350
385
  3
CMLEADERSTYLE
350
381
  3
CTABLESTYLE
350
380
  3
CVIEWDETAILSTYLE
350
382
  3
CVIEWSECTIONSTYLE
350
383
  3
LAYEREVAL
350
387
  3
LAYERNOTIFY
350
388
  3
LIGHTINGUNITS
350
386
  3
MSLTSCALE
350
384
  0
DICTIONARY
  5
392
102
{ACAD_REACTORS
330
C
102
}
330
C
100
AcDbDictionary
281
     1
  3
AcDsRecords
350
394
  3
AcDsSchemas
350
393
1001
ACAD
1070
     2
  0
DICTIONARY
  5
37A
102
{ACAD_REACTORS
330
379
102
}
330
379
100
AcDbDictionary
281
     1
  0
XRECORD
  5
373
102
{ACAD_REACTORS
330
372
102
}
330
372
100
AcDbXrecord
280
     1
290
     1
  0
XRECORD
  5
375
102
{ACAD_REACTORS
330
374
102
}
330
374
100
AcDbXrecord
280
     1
290
     1
  0
ACDBDETAILVIEWSTYLE
  5
6A
102
{ACAD_XDICTIONARY
360
3C7
102
}
102
{ACAD_REACTORS
330
69
102
}
330
69
100
AcDbModelDocViewStyle
 70
     0
  3
Imperial24
290
     0
100
AcDbDetailViewStyle
 70
     0
 71
     0
 90
        3
 71
     1
340
55
 62
   256
 40
0.24
340
0
 62
   256
 40
0.24
300

 40
0.36
280
     3
 71
     2
340
5C
 90
       25
 62
   256
 71
     3
340
55
 62
   256
 40
0.24
 90
        1
 40
0.75
 90
        1
300
%<\AcVar ViewType \f "%tc1">% %<\AcVar ViewDetailId>%\PSCALE %<\AcVar ViewScale \f "%sn">%
 71
     4
340
5C
 90
       25
 62
   256
340
5C
 90
       25
 62
   256
280
     0
  0
ACDBDETAILVIEWSTYLE
  5
36B
102
{ACAD_XDICTIONARY
360
3CB
102
}
102
{ACAD_REACTORS
330
69
102
}
330
69
100
AcDbModelDocViewStyle
 70
     0
  3
Metric50
290
     0
100
AcDbDetailViewStyle
 70
     0
 71
     0
 90
        3
 71
     1
340
55
 62
   256
 40
5.0
340
0
 62
   256
 40
5.0
300

 40
0.0
280
     1
 71
     2
340
5C
 90
       25
 62
   256
 71
     3
340
55
 62
   256
 40
5.0
 90
        0
 40
15.0
 90
        1
300
%<\AcVar ViewDetailId>% (%<\AcVar ViewScale \f "%sn">%)
 71
     4
340
5C
 90
       25
 62
   256
340
5C
 90
       25
 62
   256
280
     0
  0
LAYOUT
  5
72
102
{ACAD_REACTORS
330
61
102
}
330
61
100
AcDbPlotSettings
  1

  2

  4

  6

 40
0.0
 41
0.0
 42
0.0
 43
0.0
 44
0.0
 45
0.0
 46
0.0
 47
0.0
 48
0.0
 49
0.0
140
0.0
141
0.0
142
1.0
143
1.0
 70
  1712
 72
     0
 73
     0
 74
     0
  7

 75
     0
147
1.0
 76
     0
 77
     2
 78
   300
148
0.0
149
0.0
100
AcDbLayout
  1
Model
 70
     1
 71
     0
 10
0.0
 20
0.0
 11
12.0
 21
9.0
 12
0.0
 22
0.0
 32
0.0
 14
0.0
 24
0.0
 34
0.0
 15
0.0
 25
0.0
 35
0.0
146
0.0
 13
0.0
 23
0.0
 33
0.0
 16
1.0
 26
0.0
 36
0.0
 17
0.0
 27
1.0
 37
0.0
 76
     0
330
6F
331
7D
  0
LAYOUT
  5
6E
102
{ACAD_REACTORS
330
61
102
}
330
61
100
AcDbPlotSettings
  1

  2

  4

  6

 40
0.0
 41
0.0
 42
0.0
 43
0.0
 44
0.0
 45
0.0
 46
0.0
 47
0.0
 48
0.0
 49
0.0
140
0.0
141
0.0
142
1.0
143
1.0
 70
   688
 72
     0
 73
     0
 74
     5
  7

 75
    16
147
1.0
 76
     0
 77
     2
 78
   300
148
0.0
149
0.0
100
AcDbLayout
  1
배치1
 70
     1
 71
     1
 10
0.0
 20
0.0
 11
12.0
 21
9.0
 12
0.0
 22
0.0
 32
0.0
 14
1.000000000000000E+20
 24
1.000000000000000E+20
 34
1.000000000000000E+20
 15
-1.000000000000000E+20
 25
-1.000000000000000E+20
 35
-1.000000000000000E+20
146
0.0
 13
0.0
 23
0.0
 33
0.0
 16
1.0
 26
0.0
 36
0.0
 17
0.0
 27
1.0
 37
0.0
 76
     0
330
6B
  0
MATERIAL
  5
19
102
{ACAD_XDICTIONARY
360
1A
102
}
102
{ACAD_REACTORS
330
10
102
}
330
10
100
AcDbMaterial
  1
ByBlock
 72
     0
 43
0.0208333333333333
 43
0.0
 43
0.0
 43
0.0
 43
0.0
 43
0.0208333333333333
 43
0.0
 43
0.0
 43
0.0
 43
0.0
 43
1.0
 43
0.0
 43
0.0
 43
0.0
 43
0.0
 43
1.0
 77
     0
 47
0.0208333333333333
 47
0.0
 47
0.0
 47
0.0
 47
0.0
 47
0.0208333333333333
 47
0.0
 47
0.0
 47
0.0
 47
0.0
 47
1.0
 47
0.0
 47
0.0
 47
0.0
 47
0.0
 47
1.0
171
     0
 49
0.0208333333333333
 49
0.0
 49
0.0
 49
0.0
 49
0.0
 49
0.0208333333333333
 49
0.0
 49
0.0
 49
0.0
 49
0.0
 49
1.0
 49
0.0
 49
0.0
 49
0.0
 49
0.0
 49
1.0
175
     0
142
0.0208333333333333
142
0.0
142
0.0
142
0.0
142
0.0
142
0.0208333333333333
142
0.0
142
0.0
142
0.0
142
0.0
142
1.0
142
0.0
142
0.0
142
0.0
142
0.0
142
1.0
179
     0
144
0.0208333333333333
144
0.0
144
0.0
144
0.0
144
0.0
144
0.0208333333333333
144
0.0
144
0.0
144
0.0
144
0.0
144
1.0
144
0.0
144
0.0
144
0.0
144
0.0
144
1.0
147
0.0208333333333333
147
0.0
147
0.0
147
0.0
147
0.0
147
0.0208333333333333
147
0.0
147
0.0
147
0.0
147
0.0
147
1.0
147
0.0
147
0.0
147
0.0
147
0.0
147
1.0
  0
MATERIAL
  5
11
102
{ACAD_XDICTIONARY
360
12
102
}
102
{ACAD_REACTORS
330
10
102
}
330
10
100
AcDbMaterial
  1
ByLayer
 72
     0
 43
0.0208333333333333
 43
0.0
 43
0.0
 43
0.0
 43
0.0
 43
0.0208333333333333
 43
0.0
 43
0.0
 43
0.0
 43
0.0
 43
1.0
 43
0.0
 43
0.0
 43
0.0
 43
0.0
 43
1.0
 77
     0
 47
0.0208333333333333
 47
0.0
 47
0.0
 47
0.0
 47
0.0
 47
0.0208333333333333
 47
0.0
 47
0.0
 47
0.0
 47
0.0
 47
1.0
 47
0.0
 47
0.0
 47
0.0
 47
0.0
 47
1.0
171
     0
 49
0.0208333333333333
 49
0.0
 49
0.0
 49
0.0
 49
0.0
 49
0.0208333333333333
 49
0.0
 49
0.0
 49
0.0
 49
0.0
 49
1.0
 49
0.0
 49
0.0
 49
0.0
 49
0.0
 49
1.0
175
     0
142
0.0208333333333333
142
0.0
142
0.0
142
0.0
142
0.0
142
0.0208333333333333
142
0.0
142
0.0
142
0.0
142
0.0
142
1.0
142
0.0
142
0.0
142
0.0
142
0.0
142
1.0
179
     0
144
0.0208333333333333
144
0.0
144
0.0
144
0.0
144
0.0
144
0.0208333333333333
144
0.0
144
0.0
144
0.0
144
0.0
144
1.0
144
0.0
144
0.0
144
0.0
144
0.0
144
1.0
147
0.0208333333333333
147
0.0
147
0.0
147
0.0
147
0.0
147
0.0208333333333333
147
0.0
147
0.0
147
0.0
147
0.0
147
1.0
147
0.0
147
0.0
147
0.0
147
0.0
147
1.0
  0
MATERIAL
  5
21
102
{ACAD_XDICTIONARY
360
22
102
}
102
{ACAD_REACTORS
330
10
102
}
330
10
100
AcDbMaterial
  1
Global
 72
     0
 43
0.0208333333333333
 43
0.0
 43
0.0
 43
0.0
 43
0.0
 43
0.0208333333333333
 43
0.0
 43
0.0
 43
0.0
 43
0.0
 43
1.0
 43
0.0
 43
0.0
 43
0.0
 43
0.0
 43
1.0
 77
     0
 47
0.0208333333333333
 47
0.0
 47
0.0
 47
0.0
 47
0.0
 47
0.0208333333333333
 47
0.0
 47
0.0
 47
0.0
 47
0.0
 47
1.0
 47
0.0
 47
0.0
 47
0.0
 47
0.0
 47
1.0
171
     0
 49
0.0208333333333333
 49
0.0
 49
0.0
 49
0.0
 49
0.0
 49
0.0208333333333333
 49
0.0
 49
0.0
 49
0.0
 49
0.0
 49
1.0
 49
0.0
 49
0.0
 49
0.0
 49
0.0
 49
1.0
175
     0
142
0.0208333333333333
142
0.0
142
0.0
142
0.0
142
0.0
142
0.0208333333333333
142
0.0
142
0.0
142
0.0
142
0.0
142
1.0
142
0.0
142
0.0
142
0.0
142
0.0
142
1.0
179
     0
144
0.0208333333333333
144
0.0
144
0.0
144
0.0
144
0.0
144
0.0208333333333333
144
0.0
144
0.0
144
0.0
144
0.0
144
1.0
144
0.0
144
0.0
144
0.0
144
0.0
144
1.0
147
0.0208333333333333
147
0.0
147
0.0
147
0.0
147
0.0
147
0.0208333333333333
147
0.0
147
0.0
147
0.0
147
0.0
147
1.0
147
0.0
147
0.0
147
0.0
147
0.0
147
1.0
  0
MLEADERSTYLE
  5
66
102
{ACAD_REACTORS
330
65
102
}
330
65
100
AcDbMLeaderStyle
179
     2
170
     2
171
     1
172
     0
 90
        2
 40
0.0
 41
0.0
173
     1
 91
-1056964608
340
5A
 92
       -2
290
     1
 42
0.09
291
     1
 43
0.36
  3
Standard
 44
0.18
300

342
55
174
     1
178
     6
175
     1
176
     0
 93
-1056964608
 45
0.18
292
     0
297
     0
 46
0.18
 94
-1056964608
 47
1.0
 49
1.0
140
1.0
293
     1
141
0.0
294
     1
177
     0
142
1.0
295
     0
296
     0
143
0.125
271
     0
272
     9
273
     9
  0
MLINESTYLE
  5
5F
102
{ACAD_REACTORS
330
5E
102
}
330
5E
100
AcDbMlineStyle
  2
STANDARD
 70
     0
  3

 62
   256
 51
90.0
 52
90.0
 71
     2
 49
0.5
 62
   256
  6
BYLAYER
 49
-0.5
 62
   256
  6
BYLAYER
  0
ACDBPLACEHOLDER
  5
F
102
{ACAD_REACTORS
330
E
102
}
330
E
  0
SCALE
  5
43
102
{ACAD_REACTORS
330
42
102
}
330
42
100
AcDbScale
 70
     0
300
1:1
140
1.0
141
1.0
290
     1
  0
SCALE
  5
44
102
{ACAD_REACTORS
330
42
102
}
330
42
100
AcDbScale
 70
     0
300
1/128" = 1'-0"
140
0.0078125
141
12.0
290
     0
  0
SCALE
  5
45
102
{ACAD_REACTORS
330
42
102
}
330
42
100
AcDbScale
 70
     0
300
1/64" = 1'-0"
140
0.015625
141
12.0
290
     0
  0
SCALE
  5
46
102
{ACAD_REACTORS
330
42
102
}
330
42
100
AcDbScale
 70
     0
300
1/32" = 1'-0"
140
0.03125
141
12.0
290
     0
  0
SCALE
  5
47
102
{ACAD_REACTORS
330
42
102
}
330
42
100
AcDbScale
 70
     0
300
1/16" = 1'-0"
140
0.0625
141
12.0
290
     0
  0
SCALE
  5
48
102
{ACAD_REACTORS
330
42
102
}
330
42
100
AcDbScale
 70
     0
300
3/32" = 1'-0"
140
0.09375
141
12.0
290
     0
  0
SCALE
  5
49
102
{ACAD_REACTORS
330
42
102
}
330
42
100
AcDbScale
 70
     0
300
1/8" = 1'-0"
140
0.125
141
12.0
290
     0
  0
SCALE
  5
4A
102
{ACAD_REACTORS
330
42
102
}
330
42
100
AcDbScale
 70
     0
300
3/16" = 1'-0"
140
0.1875
141
12.0
290
     0
  0
SCALE
  5
4B
102
{ACAD_REACTORS
330
42
102
}
330
42
100
AcDbScale
 70
     0
300
1/4" = 1'-0"
140
0.25
141
12.0
290
     0
  0
SCALE
  5
4C
102
{ACAD_REACTORS
330
42
102
}
330
42
100
AcDbScale
 70
     0
300
3/8" = 1'-0"
140
0.375
141
12.0
290
     0
  0
SCALE
  5
4D
102
{ACAD_REACTORS
330
42
102
}
330
42
100
AcDbScale
 70
     0
300
1/2" = 1'-0"
140
0.5
141
12.0
290
     0
  0
SCALE
  5
4E
102
{ACAD_REACTORS
330
42
102
}
330
42
100
AcDbScale
 70
     0
300
3/4" = 1'-0"
140
0.75
141
12.0
290
     0
  0
SCALE
  5
4F
102
{ACAD_REACTORS
330
42
102
}
330
42
100
AcDbScale
 70
     0
300
1" = 1'-0"
140
1.0
141
12.0
290
     0
  0
SCALE
  5
50
102
{ACAD_REACTORS
330
42
102
}
330
42
100
AcDbScale
 70
     0
300
1-1/2" = 1'-0"
140
1.5
141
12.0
290
     0
  0
SCALE
  5
51
102
{ACAD_REACTORS
330
42
102
}
330
42
100
AcDbScale
 70
     0
300
3" = 1'-0"
140
3.0
141
12.0
290
     0
  0
SCALE
  5
52
102
{ACAD_REACTORS
330
42
102
}
330
42
100
AcDbScale
 70
     0
300
6" = 1'-0"
140
6.0
141
12.0
290
     0
  0
SCALE
  5
53
102
{ACAD_REACTORS
330
42
102
}
330
42
100
AcDbScale
 70
     0
300
1'-0" = 1'-0"
140
12.0
141
12.0
290
     0
  0
ACDBSECTIONVIEWSTYLE
  5
68
102
{ACAD_XDICTIONARY
360
3C5
102
}
102
{ACAD_REACTORS
330
67
102
}
330
67
100
AcDbModelDocViewStyle
 70
     0
  3
Imperial24
290
     0
100
AcDbSectionViewStyle
 70
     0
 71
     0
 90
       78
 71
     1
340
55
 62
   256
 40
0.24
340
0
340
0
 62
   256
 40
0.24
300
I, O, Q, S, X, Z
 40
0.48
 90
        3
 40
0.18
 90
        1
 71
     2
340
5C
 90
       25
 62
   256
340
5C
 90
       50
 62
   256
 40
0.24
 40
0.0
 40
0.24
 71
     3
340
55
 62
   256
 40
0.24
 90
        1
 40
0.75
 90
        1
300
%<\AcVar ViewType \f "%tc1">% %<\AcVar ViewSectionStartId>%-%<\AcVar ViewSectionEndId>%\PSCALE %<\AcVar ViewScale \f "%sn">%
 71
     4
 62
   256
 62
   257
300
ANSI31
 40
1.0
 90
        0
290
     0
290
     0
 90
        6
 40
0.0
 40
1.570796326794896
 40
0.2617993877991494
 40
1.308996938995747
 40
-0.2617993877991494
 40
1.832595714594046
  0
ACDBSECTIONVIEWSTYLE
  5
36A
102
{ACAD_XDICTIONARY
360
3C9
102
}
102
{ACAD_REACTORS
330
67
102
}
330
67
100
AcDbModelDocViewStyle
 70
     0
  3
Metric50
290
     0
100
AcDbSectionViewStyle
 70
     0
 71
     0
 90
      102
 71
     1
340
55
 62
   256
 40
5.0
340
0
340
0
 62
   256
 40
5.0
300
I, O, Q, S, X, Z
 40
10.0
 90
        0
 40
2.5
 90
        0
 71
     2
340
5C
 90
       25
 62
   256
340
5C
 90
       50
 62
   256
 40
5.0
 40
2.5
 40
5.0
 71
     3
340
55
 62
   256
 40
5.0
 90
        0
 40
15.0
 90
        1
300
%<\AcVar ViewSectionStartId>%-%<\AcVar ViewSectionEndId>% (%<\AcVar ViewScale \f "%sn">%)
 71
     4
 62
   256
 62
   257
300
ANSI31
 40
1.0
 90
        0
290
     0
290
     0
 90
        6
 40
0.0
 40
1.570796326794896
 40
0.2617993877991494
 40
1.308996938995747
 40
-0.2617993877991494
 40
1.832595714594046
  0
TABLESTYLE
  5
64
102
{ACAD_XDICTIONARY
360
38A
102
}
102
{ACAD_REACTORS
330
63
102
}
330
63
100
AcDbTableStyle
280
     0
  3
Standard
 70
     0
 71
     0
 40
0.06
 41
0.06
280
     0
281
     0
  7
Standard
140
0.18
170
     2
 62
     0
 63
     7
283
     0
 90
      512
 91
        0
  1

274
    -2
284
     1
 64
     0
275
    -2
285
     1
 65
     0
276
    -2
286
     1
 66
     0
277
    -2
287
     1
 67
     0
278
    -2
288
     1
 68
     0
279
    -2
289
     1
 69
     0
  7
Standard
140
0.25
170
     5
 62
     0
 63
     7
283
     0
 90
      512
 91
        0
  1

274
    -2
284
     1
 64
     0
275
    -2
285
     1
 65
     0
276
    -2
286
     1
 66
     0
277
    -2
287
     1
 67
     0
278
    -2
288
     1
 68
     0
279
    -2
289
     1
 69
     0
  7
Standard
140
0.18
170
     5
 62
     0
 63
     7
283
     0
 90
      512
 91
        0
  1

274
    -2
284
     1
 64
     0
275
    -2
285
     1
 65
     0
276
    -2
286
     1
 66
     0
277
    -2
287
     1
 67
     0
278
    -2
288
     1
 68
     0
279
    -2
289
     1
 69
     0
  0
VISUALSTYLE
  5
2F
102
{ACAD_XDICTIONARY
360
39F
102
}
102
{ACAD_REACTORS
330
29
102
}
330
29
100
AcDbVisualStyle
  2
2dWireframe
 70
     4
177
     2
291
     0
 71
     0
176
     1
 72
     2
176
     1
 73
     0
176
     1
 90
        0
176
     1
 40
0.6
176
     1
 41
30.0
176
     1
 63
     7
421
 16777215
176
     1
 74
     1
176
     1
 91
        4
176
     1
 64
     7
176
     1
 65
   257
176
     1
 75
     1
176
     1
175
     1
176
     1
 42
1.0
176
     1
 92
        0
176
     1
 66
   257
176
     1
 43
1.0
176
     1
 76
     1
176
     1
 77
     6
176
     1
 78
     2
176
     1
 67
     7
176
     1
 79
     5
176
     1
170
     0
176
     1
171
     0
176
     1
290
     0
176
     1
 93
        1
176
     1
 44
0.0
176
     1
173
     0
176
     1
1001
ACAD
1000
AcDbSavedByObjectVersion
1070
     0
  0
VISUALSTYLE
  5
2E
102
{ACAD_XDICTIONARY
360
39D
102
}
102
{ACAD_REACTORS
330
29
102
}
330
29
100
AcDbVisualStyle
  2
Basic
 70
     7
177
     2
291
     1
 71
     1
176
     1
 72
     0
176
     1
 73
     1
176
     1
 90
        0
176
     1
 40
0.6
176
     1
 41
30.0
176
     1
 63
     7
421
 16777215
176
     1
 74
     0
176
     1
 91
        4
176
     1
 64
     7
176
     1
 65
   257
176
     1
 75
     1
176
     1
175
     1
176
     1
 42
1.0
176
     1
 92
        8
176
     1
 66
     7
176
     1
 43
1.0
176
     1
 76
     1
176
     1
 77
     6
176
     1
 78
     2
176
     1
 67
     7
176
     1
 79
     5
176
     1
170
     0
176
     1
171
     0
176
     1
290
     0
176
     1
 93
        1
176
     1
 44
0.0
176
     1
173
     0
176
     1
1001
ACAD
1000
AcDbSavedByObjectVersion
1070
     0
  0
VISUALSTYLE
  5
35
102
{ACAD_XDICTIONARY
360
3AB
102
}
102
{ACAD_REACTORS
330
29
102
}
330
29
100
AcDbVisualStyle
  2
Brighten
 70
    12
177
     2
291
     1
 71
     2
176
     1
 72
     2
176
     1
 73
     0
176
     1
 90
        0
176
     1
 40
0.6
176
     1
 41
30.0
176
     1
 63
     7
421
 16777215
176
     1
 74
     1
176
     1
 91
        4
176
     1
 64
     7
176
     1
 65
   257
176
     1
 75
     1
176
     1
175
     1
176
     1
 42
1.0
176
     1
 92
        8
176
     1
 66
     7
176
     1
 43
1.0
176
     1
 76
     1
176
     1
 77
     6
176
     1
 78
     2
176
     1
 67
     7
176
     1
 79
     5
176
     1
170
     0
176
     1
171
     0
176
     1
290
     0
176
     1
 93
        1
176
     1
 44
50.0
176
     1
173
     0
176
     1
1001
ACAD
1000
AcDbSavedByObjectVersion
1070
     0
  0
VISUALSTYLE
  5
39
102
{ACAD_XDICTIONARY
360
3B3
102
}
102
{ACAD_REACTORS
330
29
102
}
330
29
100
AcDbVisualStyle
  2
ColorChange
 70
    16
177
     2
291
     1
 71
     2
176
     1
 72
     2
176
     1
 73
     3
176
     1
 90
        0
176
     1
 40
0.6
176
     1
 41
30.0
176
     1
 63
     8
421
  8421504
176
     1
 74
     1
176
     1
 91
        4
176
     1
 64
     7
176
     1
 65
   257
176
     1
 75
     1
176
     1
175
     1
176
     1
 42
1.0
176
     1
 92
        8
176
     1
 66
     8
424
  8421504
176
     1
 43
1.0
176
     1
 76
     1
176
     1
 77
     6
176
     1
 78
     2
176
     1
 67
     7
176
     1
 79
     5
176
     1
170
     0
176
     1
171
     0
176
     1
290
     0
176
     1
 93
        1
176
     1
 44
0.0
176
     1
173
     0
176
     1
1001
ACAD
1000
AcDbSavedByObjectVersion
1070
     0
  0
VISUALSTYLE
  5
32
102
{ACAD_XDICTIONARY
360
3A5
102
}
102
{ACAD_REACTORS
330
29
102
}
330
29
100
AcDbVisualStyle
  2
Conceptual
 70
     9
177
     2
291
     0
 71
     3
176
     1
 72
     2
176
     1
 73
     0
176
     1
 90
        0
176
     1
 40
0.6
176
     1
 41
30.0
176
     1
 63
     7
421
 16777215
176
     1
 74
     2
176
     1
 91
        2
176
     1
 64
     7
176
     1
 65
   257
176
     1
 75
     1
176
     1
175
     1
176
     1
 42
179.0
176
     1
 92
        8
176
     1
 66
     7
176
     1
 43
1.0
176
     1
 76
     1
176
     1
 77
     6
176
     1
 78
     2
176
     1
 67
     7
176
     1
 79
     3
176
     1
170
     0
176
     1
171
     0
176
     1
290
     0
176
     1
 93
        1
176
     1
 44
0.0
176
     1
173
     0
176
     1
1001
ACAD
1000
AcDbSavedByObjectVersion
1070
     0
  0
VISUALSTYLE
  5
34
102
{ACAD_XDICTIONARY
360
3A9
102
}
102
{ACAD_REACTORS
330
29
102
}
330
29
100
AcDbVisualStyle
  2
Dim
 70
    11
177
     2
291
     1
 71
     2
176
     1
 72
     2
176
     1
 73
     0
176
     1
 90
        0
176
     1
 40
0.6
176
     1
 41
30.0
176
     1
 63
     7
421
 16777215
176
     1
 74
     1
176
     1
 91
        4
176
     1
 64
     7
176
     1
 65
   257
176
     1
 75
     1
176
     1
175
     1
176
     1
 42
1.0
176
     1
 92
        8
176
     1
 66
     7
176
     1
 43
1.0
176
     1
 76
     1
176
     1
 77
     6
176
     1
 78
     2
176
     1
 67
     7
176
     1
 79
     5
176
     1
170
     0
176
     1
171
     0
176
     1
290
     0
176
     1
 93
        1
176
     1
 44
-50.0
176
     1
173
     0
176
     1
1001
ACAD
1000
AcDbSavedByObjectVersion
1070
     0
  0
VISUALSTYLE
  5
41
102
{ACAD_XDICTIONARY
360
3C3
102
}
102
{ACAD_REACTORS
330
29
102
}
330
29
100
AcDbVisualStyle
  2
EdgeColorOff
 70
    22
177
     2
291
     1
 71
     2
176
     0
 72
     2
176
     0
 73
     0
176
     0
 90
        0
176
     0
 40
0.6
176
     0
 41
30.0
176
     0
 63
     7
421
 16777215
176
     0
 74
     1
176
     0
 91
        4
176
     0
 64
     7
176
     0
 65
   257
176
     0
 75
     1
176
     0
175
     1
176
     0
 42
1.0
176
     0
 92
        8
176
     2
 66
     7
176
     0
 43
1.0
176
     0
 76
     1
176
     0
 77
     6
176
     0
 78
     2
176
     0
 67
     7
176
     0
 79
     5
176
     0
170
     0
176
     0
171
     0
176
     0
290
     0
176
     0
 93
        1
176
     0
 44
0.0
176
     0
173
     0
176
     0
1001
ACAD
1000
AcDbSavedByObjectVersion
1070
     0
  0
VISUALSTYLE
  5
38
102
{ACAD_XDICTIONARY
360
3B1
102
}
102
{ACAD_REACTORS
330
29
102
}
330
29
100
AcDbVisualStyle
  2
Facepattern
 70
    15
177
     2
291
     1
 71
     2
176
     1
 72
     2
176
     1
 73
     0
176
     1
 90
        0
176
     1
 40
0.6
176
     1
 41
30.0
176
     1
 63
     7
421
 16777215
176
     1
 74
     1
176
     1
 91
        4
176
     1
 64
     7
176
     1
 65
   257
176
     1
 75
     1
176
     1
175
     1
176
     1
 42
1.0
176
     1
 92
        8
176
     1
 66
     7
176
     1
 43
1.0
176
     1
 76
     1
176
     1
 77
     6
176
     1
 78
     2
176
     1
 67
     7
176
     1
 79
     5
176
     1
170
     0
176
     1
171
     0
176
     1
290
     0
176
     1
 93
        1
176
     1
 44
0.0
176
     1
173
     0
176
     1
1001
ACAD
1000
AcDbSavedByObjectVersion
1070
     0
  0
VISUALSTYLE
  5
2A
102
{ACAD_XDICTIONARY
360
395
102
}
102
{ACAD_REACTORS
330
29
102
}
330
29
100
AcDbVisualStyle
  2
Flat
 70
     0
177
     2
291
     1
 71
     2
176
     1
 72
     1
176
     1
 73
     1
176
     1
 90
        2
176
     1
 40
0.6
176
     1
 41
30.0
176
     1
 63
     7
421
 16777215
176
     1
 74
     0
176
     1
 91
        0
176
     1
 64
     7
176
     1
 65
   257
176
     1
 75
     1
176
     1
175
     1
176
     1
 42
1.0
176
     1
 92
        8
176
     1
 66
     7
176
     1
 43
1.0
176
     1
 76
     1
176
     1
 77
     6
176
     1
 78
     2
176
     1
 67
     7
176
     1
 79
     5
176
     1
170
     0
176
     1
171
     0
176
     1
290
     0
176
     1
 93
       13
176
     1
 44
0.0
176
     1
173
     0
176
     1
1001
ACAD
1000
AcDbSavedByObjectVersion
1070
     0
  0
VISUALSTYLE
  5
2B
102
{ACAD_XDICTIONARY
360
397
102
}
102
{ACAD_REACTORS
330
29
102
}
330
29
100
AcDbVisualStyle
  2
FlatWithEdges
 70
     1
177
     2
291
     1
 71
     2
176
     1
 72
     1
176
     1
 73
     1
176
     1
 90
        2
176
     1
 40
0.6
176
     1
 41
30.0
176
     1
 63
     7
421
 16777215
176
     1
 74
     1
176
     1
 91
        0
176
     1
 64
     7
176
     1
 65
   257
176
     1
 75
     1
176
     1
175
     1
176
     1
 42
1.0
176
     1
 92
        0
176
     1
 66
   257
176
     1
 43
1.0
176
     1
 76
     1
176
     1
 77
     6
176
     1
 78
     2
176
     1
 67
     7
176
     1
 79
     5
176
     1
170
     0
176
     1
171
     0
176
     1
290
     0
176
     1
 93
       13
176
     1
 44
0.0
176
     1
173
     0
176
     1
1001
ACAD
1000
AcDbSavedByObjectVersion
1070
     0
  0
VISUALSTYLE
  5
2C
102
{ACAD_XDICTIONARY
360
399
102
}
102
{ACAD_REACTORS
330
29
102
}
330
29
100
AcDbVisualStyle
  2
Gouraud
 70
     2
177
     2
291
     1
 71
     2
176
     1
 72
     2
176
     1
 73
     1
176
     1
 90
        2
176
     1
 40
0.6
176
     1
 41
30.0
176
     1
 63
     7
421
 16777215
176
     1
 74
     0
176
     1
 91
        0
176
     1
 64
     7
176
     1
 65
   257
176
     1
 75
     1
176
     1
175
     1
176
     1
 42
1.0
176
     1
 92
        0
176
     1
 66
     7
176
     1
 43
1.0
176
     1
 76
     1
176
     1
 77
     6
176
     1
 78
     2
176
     1
 67
     7
176
     1
 79
     5
176
     1
170
     0
176
     1
171
     0
176
     1
290
     0
176
     1
 93
       13
176
     1
 44
0.0
176
     1
173
     0
176
     1
1001
ACAD
1000
AcDbSavedByObjectVersion
1070
     0
  0
VISUALSTYLE
  5
2D
102
{ACAD_XDICTIONARY
360
39B
102
}
102
{ACAD_REACTORS
330
29
102
}
330
29
100
AcDbVisualStyle
  2
GouraudWithEdges
 70
     3
177
     2
291
     1
 71
     2
176
     1
 72
     2
176
     1
 73
     1
176
     1
 90
        2
176
     1
 40
0.6
176
     1
 41
30.0
176
     1
 63
     7
421
 16777215
176
     1
 74
     1
176
     1
 91
        0
176
     1
 64
     7
176
     1
 65
   257
176
     1
 75
     1
176
     1
175
     1
176
     1
 42
1.0
176
     1
 92
        0
176
     1
 66
   257
176
     1
 43
1.0
176
     1
 76
     1
176
     1
 77
     6
176
     1
 78
     2
176
     1
 67
     7
176
     1
 79
     5
176
     1
170
     0
176
     1
171
     0
176
     1
290
     0
176
     1
 93
       13
176
     1
 44
0.0
176
     1
173
     0
176
     1
1001
ACAD
1000
AcDbSavedByObjectVersion
1070
     0
  0
VISUALSTYLE
  5
31
102
{ACAD_XDICTIONARY
360
3A3
102
}
102
{ACAD_REACTORS
330
29
102
}
330
29
100
AcDbVisualStyle
  2
Hidden
 70
     6
177
     2
291
     0
 71
     1
176
     1
 72
     2
176
     1
 73
     2
176
     1
 90
        0
176
     1
 40
0.6
176
     1
 41
30.0
176
     1
 63
     7
421
 16777215
176
     1
 74
     2
176
     1
 91
        2
176
     1
 64
     7
176
     1
 65
   257
176
     1
 75
     2
176
     1
175
     1
176
     1
 42
40.0
176
     1
 92
        0
176
     1
 66
   257
176
     1
 43
1.0
176
     1
 76
     1
176
     1
 77
     6
176
     1
 78
     2
176
     1
 67
     7
176
     1
 79
     3
176
     1
170
     0
176
     1
171
     0
176
     1
290
     0
176
     1
 93
        1
176
     1
 44
0.0
176
     1
173
     0
176
     1
1001
ACAD
1000
AcDbSavedByObjectVersion
1070
     0
  0
VISUALSTYLE
  5
3F
102
{ACAD_XDICTIONARY
360
3BF
102
}
102
{ACAD_REACTORS
330
29
102
}
330
29
100
AcDbVisualStyle
  2
JitterOff
 70
    20
177
     2
291
     1
 71
     2
176
     0
 72
     2
176
     0
 73
     0
176
     0
 90
        0
176
     0
 40
0.6
176
     0
 41
30.0
176
     0
 63
     7
421
 16777215
176
     0
 74
     1
176
     0
 91
        4
176
     0
 64
     7
176
     0
 65
   257
176
     0
 75
     1
176
     0
175
     1
176
     0
 42
1.0
176
     0
 92
       10
176
     2
 66
     7
176
     0
 43
1.0
176
     0
 76
     1
176
     0
 77
     6
176
     0
 78
     2
176
     0
 67
     7
176
     0
 79
     5
176
     0
170
     0
176
     0
171
     0
176
     0
290
     0
176
     0
 93
        1
176
     0
 44
0.0
176
     0
173
     0
176
     0
1001
ACAD
1000
AcDbSavedByObjectVersion
1070
     0
  0
VISUALSTYLE
  5
37
102
{ACAD_XDICTIONARY
360
3AF
102
}
102
{ACAD_REACTORS
330
29
102
}
330
29
100
AcDbVisualStyle
  2
Linepattern
 70
    14
177
     2
291
     1
 71
     2
176
     1
 72
     2
176
     1
 73
     0
176
     1
 90
        0
176
     1
 40
0.6
176
     1
 41
30.0
176
     1
 63
     7
421
 16777215
176
     1
 74
     1
176
     1
 91
        4
176
     1
 64
     7
176
     1
 65
   257
176
     1
 75
     7
176
     1
175
     7
176
     1
 42
1.0
176
     1
 92
        8
176
     1
 66
     7
176
     1
 43
1.0
176
     1
 76
     1
176
     1
 77
     6
176
     1
 78
     2
176
     1
 67
     7
176
     1
 79
     5
176
     1
170
     0
176
     1
171
     0
176
     1
290
     0
176
     1
 93
        1
176
     1
 44
0.0
176
     1
173
     0
176
     1
1001
ACAD
1000
AcDbSavedByObjectVersion
1070
     0
  0
VISUALSTYLE
  5
40
102
{ACAD_XDICTIONARY
360
3C1
102
}
102
{ACAD_REACTORS
330
29
102
}
330
29
100
AcDbVisualStyle
  2
OverhangOff
 70
    21
177
     2
291
     1
 71
     2
176
     0
 72
     2
176
     0
 73
     0
176
     0
 90
        0
176
     0
 40
0.6
176
     0
 41
30.0
176
     0
 63
     7
421
 16777215
176
     0
 74
     1
176
     0
 91
        4
176
     0
 64
     7
176
     0
 65
   257
176
     0
 75
     1
176
     0
175
     1
176
     0
 42
1.0
176
     0
 92
        9
176
     2
 66
     7
176
     0
 43
1.0
176
     0
 76
     1
176
     0
 77
     6
176
     0
 78
     2
176
     0
 67
     7
176
     0
 79
     5
176
     0
170
     0
176
     0
171
     0
176
     0
290
     0
176
     0
 93
        1
176
     0
 44
0.0
176
     0
173
     0
176
     0
1001
ACAD
1000
AcDbSavedByObjectVersion
1070
     0
  0
VISUALSTYLE
  5
33
102
{ACAD_XDICTIONARY
360
3A7
102
}
102
{ACAD_REACTORS
330
29
102
}
330
29
100
AcDbVisualStyle
  2
Realistic
 70
     8
177
     2
291
     0
 71
     2
176
     1
 72
     3
176
     1
 73
     0
176
     1
 90
        2
176
     1
 40
0.6
176
     1
 41
30.0
176
     1
 63
     7
421
 16777215
176
     1
 74
     0
176
     1
 91
        0
176
     1
 64
     7
176
     1
 65
   257
176
     1
 75
     1
176
     1
175
     1
176
     1
 42
1.0
176
     1
 92
        8
176
     1
 66
   257
176
     1
 43
1.0
176
     1
 76
     1
176
     1
 77
     6
176
     1
 78
     2
176
     1
 67
     7
176
     1
 79
     3
176
     1
170
     0
176
     1
171
     0
176
     1
290
     0
176
     1
 93
       13
176
     1
 44
0.0
176
     1
173
     0
176
     1
1001
ACAD
1000
AcDbSavedByObjectVersion
1070
     0
  0
VISUALSTYLE
  5
3E
102
{ACAD_XDICTIONARY
360
3BD
102
}
102
{ACAD_REACTORS
330
29
102
}
330
29
100
AcDbVisualStyle
  2
Shaded
 70
    27
177
     2
291
     0
 71
     2
176
     1
 72
     2
176
     1
 73
     1
176
     1
 90
        2
176
     1
 40
0.6
176
     1
 41
30.0
176
     1
 63
     7
421
 16777215
176
     1
 74
     0
176
     1
 91
        4
176
     1
 64
     7
176
     1
 65
   257
176
     1
 75
     1
176
     1
175
     1
176
     1
 42
1.0
176
     1
 92
        8
176
     1
 66
   257
176
     1
 43
1.0
176
     1
 76
     1
176
     1
 77
     6
176
     1
 78
     2
176
     1
 67
     8
425
  7895160
176
     1
 79
     3
176
     1
170
     0
176
     1
171
     0
176
     1
290
     0
176
     1
 93
        5
176
     1
 44
0.0
176
     1
173
     0
176
     1
1001
ACAD
1000
AcDbSavedByObjectVersion
1070
     0
  0
VISUALSTYLE
  5
3D
102
{ACAD_XDICTIONARY
360
3BB
102
}
102
{ACAD_REACTORS
330
29
102
}
330
29
100
AcDbVisualStyle
  2
Shaded with edges
 70
    26
177
     2
291
     0
 71
     2
176
     1
 72
     2
176
     1
 73
     1
176
     1
 90
        2
176
     1
 40
0.6
176
     1
 41
30.0
176
     1
 63
     7
421
 16777215
176
     1
 74
     1
176
     1
 91
        2
176
     1
 64
     7
176
     1
 65
   257
176
     1
 75
     2
176
     1
175
     1
176
     1
 42
1.0
176
     1
 92
        8
176
     1
 66
   257
176
     1
 43
1.0
176
     1
 76
     1
176
     1
 77
     6
176
     1
 78
     2
176
     1
 67
     7
176
     1
 79
     3
176
     1
170
     0
176
     1
171
     0
176
     1
290
     0
176
     1
 93
        5
176
     1
 44
0.0
176
     1
173
     0
176
     1
1001
ACAD
1000
AcDbSavedByObjectVersion
1070
     0
  0
VISUALSTYLE
  5
3A
102
{ACAD_XDICTIONARY
360
3B5
102
}
102
{ACAD_REACTORS
330
29
102
}
330
29
100
AcDbVisualStyle
  2
Shades of Gray
 70
    23
177
     2
291
     0
 71
     2
176
     1
 72
     2
176
     1
 73
     3
176
     1
 90
        0
176
     1
 40
0.6
176
     1
 41
30.0
176
     1
 63
     7
421
 16777215
176
     1
 74
     2
176
     1
 91
        2
176
     1
 64
     7
176
     1
 65
     7
176
     1
 75
     1
176
     1
175
     1
176
     1
 42
40.0
176
     1
 92
        8
176
     1
 66
     7
176
     1
 43
1.0
176
     1
 76
     1
176
     1
 77
     6
176
     1
 78
     2
176
     1
 67
     7
176
     1
 79
     3
176
     1
170
     0
176
     1
171
     0
176
     1
290
     0
176
     1
 93
        1
176
     1
 44
0.0
176
     1
173
     0
176
     1
1001
ACAD
1000
AcDbSavedByObjectVersion
1070
     0
  0
VISUALSTYLE
  5
3B
102
{ACAD_XDICTIONARY
360
3B7
102
}
102
{ACAD_REACTORS
330
29
102
}
330
29
100
AcDbVisualStyle
  2
Sketchy
 70
    24
177
     2
291
     0
 71
     1
176
     1
 72
     2
176
     1
 73
     2
176
     1
 90
        0
176
     1
 40
0.6
176
     1
 41
30.0
176
     1
 63
     7
421
 16777215
176
     1
 74
     2
176
     1
 91
        2
176
     1
 64
     7
176
     1
 65
     7
176
     1
 75
     1
176
     1
175
     1
176
     1
 42
40.0
176
     1
 92
       11
176
     1
 66
     7
176
     1
 43
1.0
176
     1
 76
     1
176
     1
 77
     6
176
     1
 78
     2
176
     1
 67
     7
176
     1
 79
     6
176
     1
170
     0
176
     1
171
     0
176
     1
290
     0
176
     1
 93
        1
176
     1
 44
0.0
176
     1
173
     0
176
     1
1001
ACAD
1000
AcDbSavedByObjectVersion
1070
     0
  0
VISUALSTYLE
  5
36
102
{ACAD_XDICTIONARY
360
3AD
102
}
102
{ACAD_REACTORS
330
29
102
}
330
29
100
AcDbVisualStyle
  2
Thicken
 70
    13
177
     2
291
     1
 71
     2
176
     1
 72
     2
176
     1
 73
     0
176
     1
 90
        0
176
     1
 40
0.6
176
     1
 41
30.0
176
     1
 63
     7
421
 16777215
176
     1
 74
     1
176
     1
 91
        4
176
     1
 64
     7
176
     1
 65
   257
176
     1
 75
     1
176
     1
175
     1
176
     1
 42
1.0
176
     1
 92
       12
176
     1
 66
     7
176
     1
 43
1.0
176
     1
 76
     1
176
     1
 77
     6
176
     1
 78
     2
176
     1
 67
     7
176
     1
 79
     5
176
     1
170
     0
176
     1
171
     0
176
     1
290
     0
176
     1
 93
        1
176
     1
 44
0.0
176
     1
173
     0
176
     1
1001
ACAD
1000
AcDbSavedByObjectVersion
1070
     0
  0
VISUALSTYLE
  5
30
102
{ACAD_XDICTIONARY
360
3A1
102
}
102
{ACAD_REACTORS
330
29
102
}
330
29
100
AcDbVisualStyle
  2
Wireframe
 70
     5
177
     2
291
     0
 71
     0
176
     1
 72
     2
176
     1
 73
     0
176
     1
 90
        0
176
     1
 40
0.6
176
     1
 41
30.0
176
     1
 63
     7
421
 16777215
176
     1
 74
     1
176
     1
 91
        4
176
     1
 64
     7
176
     1
 65
   257
176
     1
 75
     1
176
     1
175
     1
176
     1
 42
1.0
176
     1
 92
        0
176
     1
 66
   257
176
     1
 43
1.0
176
     1
 76
     1
176
     1
 77
     6
176
     1
 78
     2
176
     1
 67
     7
176
     1
 79
     3
176
     1
170
     0
176
     1
171
     0
176
     1
290
     0
176
     1
 93
        1
176
     1
 44
0.0
176
     1
173
     0
176
     1
1001
ACAD
1000
AcDbSavedByObjectVersion
1070
     0
  0
VISUALSTYLE
  5
3C
102
{ACAD_XDICTIONARY
360
3B9
102
}
102
{ACAD_REACTORS
330
29
102
}
330
29
100
AcDbVisualStyle
  2
X-Ray
 70
    25
177
     2
291
     0
 71
     2
176
     1
 72
     2
176
     1
 73
     1
176
     1
 90
        1
176
     1
 40
0.5
176
     1
 41
30.0
176
     1
 63
     7
421
 16777215
176
     1
 74
     1
176
     1
 91
        0
176
     1
 64
     7
176
     1
 65
   257
176
     1
 75
     1
176
     1
175
     1
176
     1
 42
1.0
176
     1
 92
        8
176
     1
 66
     7
176
     1
 43
1.0
176
     1
 76
     1
176
     1
 77
     6
176
     1
 78
     2
176
     1
 67
     7
176
     1
 79
     3
176
     1
170
     0
176
     1
171
     0
176
     1
290
     0
176
     1
 93
       13
176
     1
 44
0.0
176
     1
173
     0
176
     1
1001
ACAD
1000
AcDbSavedByObjectVersion
1070
     0
  0
DICTIONARYVAR
  5
385
102
{ACAD_REACTORS
330
37F
102
}
330
37F
100
DictionaryVariables
280
     0
  1
1:1
  0
DICTIONARYVAR
  5
381
102
{ACAD_REACTORS
330
37F
102
}
330
37F
100
DictionaryVariables
280
     0
  1
STANDARD
  0
DICTIONARYVAR
  5
380
102
{ACAD_REACTORS
330
37F
102
}
330
37F
100
DictionaryVariables
280
     0
  1
STANDARD
  0
DICTIONARYVAR
  5
382
102
{ACAD_REACTORS
330
37F
102
}
330
37F
100
DictionaryVariables
280
     0
  1
Imperial24
  0
DICTIONARYVAR
  5
383
102
{ACAD_REACTORS
330
37F
102
}
330
37F
100
DictionaryVariables
280
     0
  1
Imperial24
  0
DICTIONARYVAR
  5
387
102
{ACAD_REACTORS
330
37F
102
}
330
37F
100
DictionaryVariables
280
     0
  1
1
  0
DICTIONARYVAR
  5
388
102
{ACAD_REACTORS
330
37F
102
}
330
37F
100
DictionaryVariables
280
     0
  1
15
  0
DICTIONARYVAR
  5
386
102
{ACAD_REACTORS
330
37F
102
}
330
37F
100
DictionaryVariables
280
     0
  1
0
  0
DICTIONARYVAR
  5
384
102
{ACAD_REACTORS
330
37F
102
}
330
37F
100
DictionaryVariables
280
     0
  1
0
  0
DICTIONARY
  5
394
102
{ACAD_REACTORS
330
392
102
}
330
392
100
AcDbDictionary
281
     1
  0
DICTIONARY
  5
393
102
{ACAD_REACTORS
330
392
102
}
330
392
100
AcDbDictionary
281
     1
  3
5334279248
350
38D
  3
5334279264
350
38E
  3
5334279280
350
38F
  3
5334279296
350
390
  3
5334279312
350
391
  0
DICTIONARY
  5
3C7
330
6A
100
AcDbDictionary
280
     1
281
     1
  3
ACAD_XREC_ROUNDTRIP
360
3C8
  0
DICTIONARY
  5
3CB
330
36B
100
AcDbDictionary
280
     1
281
     1
  3
ACAD_XREC_ROUNDTRIP
360
3CC
  0
DICTIONARY
  5
1A
330
19
100
AcDbDictionary
280
     1
281
     1
  3
BUMPTILE
360
1C
  3
DIFFUSETILE
360
1B
  3
OPACITYTILE
360
1F
  3
REFLECTIONTILE
360
1E
  3
REFRACTIONTILE
360
20
  3
SPECULARTILE
360
1D
  0
DICTIONARY
  5
12
330
11
100
AcDbDictionary
280
     1
281
     1
  3
BUMPTILE
360
14
  3
DIFFUSETILE
360
13
  3
OPACITYTILE
360
17
  3
REFLECTIONTILE
360
16
  3
REFRACTIONTILE
360
18
  3
SPECULARTILE
360
15
  0
DICTIONARY
  5
22
330
21
100
AcDbDictionary
280
     1
281
     1
  3
BUMPTILE
360
24
  3
DIFFUSETILE
360
23
  3
OPACITYTILE
360
27
  3
REFLECTIONTILE
360
26
  3
REFRACTIONTILE
360
28
  3
SPECULARTILE
360
25
  0
DICTIONARY
  5
3C5
330
68
100
AcDbDictionary
280
     1
281
     1
  3
ACAD_XREC_ROUNDTRIP
360
3C6
  0
DICTIONARY
  5
3C9
330
36A
100
AcDbDictionary
280
     1
281
     1
  3
ACAD_XREC_ROUNDTRIP
360
3CA
  0
DICTIONARY
  5
38A
330
64
100
AcDbDictionary
280
     1
281
     1
  3
ACAD_ROUNDTRIP_2008_TABLESTYLE_CELLSTYLEMAP
360
38B
  0
DICTIONARY
  5
39F
330
2F
100
AcDbDictionary
280
     1
281
     1
  3
ACAD_XREC_ROUNDTRIP
360
3A0
  0
DICTIONARY
  5
39D
330
2E
100
AcDbDictionary
280
     1
281
     1
  3
ACAD_XREC_ROUNDTRIP
360
39E
  0
DICTIONARY
  5
3AB
330
35
100
AcDbDictionary
280
     1
281
     1
  3
ACAD_XREC_ROUNDTRIP
360
3AC
  0
DICTIONARY
  5
3B3
330
39
100
AcDbDictionary
280
     1
281
     1
  3
ACAD_XREC_ROUNDTRIP
360
3B4
  0
DICTIONARY
  5
3A5
330
32
100
AcDbDictionary
280
     1
281
     1
  3
ACAD_XREC_ROUNDTRIP
360
3A6
  0
DICTIONARY
  5
3A9
330
34
100
AcDbDictionary
280
     1
281
     1
  3
ACAD_XREC_ROUNDTRIP
360
3AA
  0
DICTIONARY
  5
3C3
330
41
100
AcDbDictionary
280
     1
281
     1
  3
ACAD_XREC_ROUNDTRIP
360
3C4
  0
DICTIONARY
  5
3B1
330
38
100
AcDbDictionary
280
     1
281
     1
  3
ACAD_XREC_ROUNDTRIP
360
3B2
  0
DICTIONARY
  5
395
330
2A
100
AcDbDictionary
280
     1
281
     1
  3
ACAD_XREC_ROUNDTRIP
360
396
  0
DICTIONARY
  5
397
330
2B
100
AcDbDictionary
280
     1
281
     1
  3
ACAD_XREC_ROUNDTRIP
360
398
  0
DICTIONARY
  5
399
330
2C
100
AcDbDictionary
280
     1
281
     1
  3
ACAD_XREC_ROUNDTRIP
360
39A
  0
DICTIONARY
  5
39B
330
2D
100
AcDbDictionary
280
     1
281
     1
  3
ACAD_XREC_ROUNDTRIP
360
39C
  0
DICTIONARY
  5
3A3
330
31
100
AcDbDictionary
280
     1
281
     1
  3
ACAD_XREC_ROUNDTRIP
360
3A4
  0
DICTIONARY
  5
3BF
330
3F
100
AcDbDictionary
280
     1
281
     1
  3
ACAD_XREC_ROUNDTRIP
360
3C0
  0
DICTIONARY
  5
3AF
330
37
100
AcDbDictionary
280
     1
281
     1
  3
ACAD_XREC_ROUNDTRIP
360
3B0
  0
DICTIONARY
  5
3C1
330
40
100
AcDbDictionary
280
     1
281
     1
  3
ACAD_XREC_ROUNDTRIP
360
3C2
  0
DICTIONARY
  5
3A7
330
33
100
AcDbDictionary
280
     1
281
     1
  3
ACAD_XREC_ROUNDTRIP
360
3A8
  0
DICTIONARY
  5
3BD
330
3E
100
AcDbDictionary
280
     1
281
     1
  3
ACAD_XREC_ROUNDTRIP
360
3BE
  0
DICTIONARY
  5
3BB
330
3D
100
AcDbDictionary
280
     1
281
     1
  3
ACAD_XREC_ROUNDTRIP
360
3BC
  0
DICTIONARY
  5
3B5
330
3A
100
AcDbDictionary
280
     1
281
     1
  3
ACAD_XREC_ROUNDTRIP
360
3B6
  0
DICTIONARY
  5
3B7
330
3B
100
AcDbDictionary
280
     1
281
     1
  3
ACAD_XREC_ROUNDTRIP
360
3B8
  0
DICTIONARY
  5
3AD
330
36
100
AcDbDictionary
280
     1
281
     1
  3
ACAD_XREC_ROUNDTRIP
360
3AE
  0
DICTIONARY
  5
3A1
330
30
100
AcDbDictionary
280
     1
281
     1
  3
ACAD_XREC_ROUNDTRIP
360
3A2
  0
DICTIONARY
  5
3B9
330
3C
100
AcDbDictionary
280
     1
281
     1
  3
ACAD_XREC_ROUNDTRIP
360
3BA
  0
XRECORD
  5
38D
102
{ACAD_REACTORS
330
393
102
}
330
393
100
AcDbXrecord
280
     1
  1
AcDb_Thumbnail_Schema
102
{ATTRRECORD
341
38E
  2
AcDbDs::TreatedAsObjectData
280
     1
291
     1
102
ATTRRECORD}
102
{ATTRRECORD
341
38F
  2
AcDbDs::Legacy
280
     1
291
     1
102
ATTRRECORD}
  2
AcDbDs::ID
280
    10
 91
        8
102
{ATTRRECORD
341
390
  2
AcDs:Indexable
280
     1
291
     1
102
ATTRRECORD}
102
{ATTRRECORD
341
391
  2
AcDbDs::HandleAttribute
280
     7
282
     1
102
ATTRRECORD}
  2
Thumbnail_Data
280
    15
 91
        0
  0
XRECORD
  5
38E
102
{ACAD_REACTORS
330
393
102
}
330
393
100
AcDbXrecord
280
     1
  1
AcDbDs::TreatedAsObjectDataSchema
  2
AcDbDs::TreatedAsObjectData
280
     1
 91
        0
  0
XRECORD
  5
38F
102
{ACAD_REACTORS
330
393
102
}
330
393
100
AcDbXrecord
280
     1
  1
AcDbDs::LegacySchema
  2
AcDbDs::Legacy
280
     1
 91
        0
  0
XRECORD
  5
390
102
{ACAD_REACTORS
330
393
102
}
330
393
100
AcDbXrecord
280
     1
  1
AcDbDs::IndexedPropertySchema
  2
AcDs:Indexable
280
     1
 91
        0
  0
XRECORD
  5
391
102
{ACAD_REACTORS
330
393
102
}
330
393
100
AcDbXrecord
280
     1
  1
AcDbDs::HandleAttributeSchema
  2
AcDbDs::HandleAttribute
280
     7
 91
        1
284
     1
  0
XRECORD
  5
3C8
102
{ACAD_REACTORS
330
3C7
102
}
330
3C7
100
AcDbXrecord
280
     1
102
DISPLAYNAME
  1
Imperial24
102
FLAGS
 90
        0
  0
XRECORD
  5
3CC
102
{ACAD_REACTORS
330
3CB
102
}
330
3CB
100
AcDbXrecord
280
     1
102
DISPLAYNAME
  1
Metric50
102
FLAGS
 90
        0
  0
XRECORD
  5
1C
102
{ACAD_REACTORS
330
1A
102
}
330
1A
100
AcDbXrecord
280
     1
270
     1
271
     1
  0
XRECORD
  5
1B
102
{ACAD_REACTORS
330
1A
102
}
330
1A
100
AcDbXrecord
280
     1
270
     1
271
     1
  0
XRECORD
  5
1F
102
{ACAD_REACTORS
330
1A
102
}
330
1A
100
AcDbXrecord
280
     1
270
     1
271
     1
  0
XRECORD
  5
1E
102
{ACAD_REACTORS
330
1A
102
}
330
1A
100
AcDbXrecord
280
     1
270
     1
271
     1
  0
XRECORD
  5
20
102
{ACAD_REACTORS
330
1A
102
}
330
1A
100
AcDbXrecord
280
     1
270
     1
271
     1
  0
XRECORD
  5
1D
102
{ACAD_REACTORS
330
1A
102
}
330
1A
100
AcDbXrecord
280
     1
270
     1
271
     1
  0
XRECORD
  5
14
102
{ACAD_REACTORS
330
12
102
}
330
12
100
AcDbXrecord
280
     1
270
     1
271
     1
  0
XRECORD
  5
13
102
{ACAD_REACTORS
330
12
102
}
330
12
100
AcDbXrecord
280
     1
270
     1
271
     1
  0
XRECORD
  5
17
102
{ACAD_REACTORS
330
12
102
}
330
12
100
AcDbXrecord
280
     1
270
     1
271
     1
  0
XRECORD
  5
16
102
{ACAD_REACTORS
330
12
102
}
330
12
100
AcDbXrecord
280
     1
270
     1
271
     1
  0
XRECORD
  5
18
102
{ACAD_REACTORS
330
12
102
}
330
12
100
AcDbXrecord
280
     1
270
     1
271
     1
  0
XRECORD
  5
15
102
{ACAD_REACTORS
330
12
102
}
330
12
100
AcDbXrecord
280
     1
270
     1
271
     1
  0
XRECORD
  5
24
102
{ACAD_REACTORS
330
22
102
}
330
22
100
AcDbXrecord
280
     1
270
     1
271
     1
  0
XRECORD
  5
23
102
{ACAD_REACTORS
330
22
102
}
330
22
100
AcDbXrecord
280
     1
270
     1
271
     1
  0
XRECORD
  5
27
102
{ACAD_REACTORS
330
22
102
}
330
22
100
AcDbXrecord
280
     1
270
     1
271
     1
  0
XRECORD
  5
26
102
{ACAD_REACTORS
330
22
102
}
330
22
100
AcDbXrecord
280
     1
270
     1
271
     1
  0
XRECORD
  5
28
102
{ACAD_REACTORS
330
22
102
}
330
22
100
AcDbXrecord
280
     1
270
     1
271
     1
  0
XRECORD
  5
25
102
{ACAD_REACTORS
330
22
102
}
330
22
100
AcDbXrecord
280
     1
270
     1
271
     1
  0
XRECORD
  5
3C6
102
{ACAD_REACTORS
330
3C5
102
}
330
3C5
100
AcDbXrecord
280
     1
102
DISPLAYNAME
  1
Imperial24
102
FLAGS
 90
        0
  0
XRECORD
  5
3CA
102
{ACAD_REACTORS
330
3C9
102
}
330
3C9
100
AcDbXrecord
280
     1
102
DISPLAYNAME
  1
Metric50
102
FLAGS
 90
        0
  0
CELLSTYLEMAP
  5
38B
102
{ACAD_REACTORS
330
38A
102
}
330
38A
100
AcDbCellStyleMap
 90
        3
300
CELLSTYLE
  1
TABLEFORMAT_BEGIN
 90
        5
170
     1
 91
        0
 92
    32768
 62
   257
 93
        1
300
CONTENTFORMAT
  1
CONTENTFORMAT_BEGIN
 90
        0
 91
        0
 92
      512
 93
        0
300

 40
0.0
140
1.0
 94
        5
 62
     0
340
55
144
0.25
309
CONTENTFORMAT_END
171
     0
 94
        0
309
TABLEFORMAT_END
  1
CELLSTYLE_BEGIN
 90
        1
 91
        1
300
_TITLE
309
CELLSTYLE_END
300
CELLSTYLE
  1
TABLEFORMAT_BEGIN
 90
        5
170
     1
 91
        0
 92
        0
 62
   257
 93
        1
300
CONTENTFORMAT
  1
CONTENTFORMAT_BEGIN
 90
        0
 91
        0
 92
      512
 93
        0
300

 40
0.0
140
1.0
 94
        5
 62
     0
340
55
144
0.18
309
CONTENTFORMAT_END
171
     0
 94
        0
309
TABLEFORMAT_END
  1
CELLSTYLE_BEGIN
 90
        2
 91
        1
300
_HEADER
309
CELLSTYLE_END
300
CELLSTYLE
  1
TABLEFORMAT_BEGIN
 90
        5
170
     1
 91
        0
 92
        0
 62
   257
 93
        1
300
CONTENTFORMAT
  1
CONTENTFORMAT_BEGIN
 90
        0
 91
        0
 92
      512
 93
        0
300

 40
0.0
140
1.0
 94
        2
 62
     0
340
55
144
0.18
309
CONTENTFORMAT_END
171
     0
 94
        0
309
TABLEFORMAT_END
  1
CELLSTYLE_BEGIN
 90
        3
 91
        2
300
_DATA
309
CELLSTYLE_END
  0
XRECORD
  5
3A0
102
{ACAD_REACTORS
330
39F
102
}
330
39F
100
AcDbXrecord
280
     1
102
RTVSPost2010Prop28
280
     1
102
RTVSPost2010PropOp28
 70
     1
102
RTVSPost2010Prop29
280
     1
102
RTVSPost2010PropOp29
 70
     1
102
RTVSPost2010Prop30
280
     0
102
RTVSPost2010PropOp30
 70
     1
102
RTVSPost2010Prop31
280
     0
102
RTVSPost2010PropOp31
 70
     1
102
RTVSPost2010Prop32
280
     0
102
RTVSPost2010PropOp32
 70
     1
102
RTVSPost2010Prop33
280
     0
102
RTVSPost2010PropOp33
 70
     1
102
RTVSPost2010Prop34
280
     0
102
RTVSPost2010PropOp34
 70
     1
102
RTVSPost2010Prop35
280
     0
102
RTVSPost2010PropOp35
 70
     1
102
RTVSPost2010Prop36
280
     0
102
RTVSPost2010PropOp36
 70
     1
102
RTVSPost2010Prop37
 90
       50
102
RTVSPost2010PropOp37
 70
     1
102
RTVSPost2010Prop38
140
0.0
102
RTVSPost2010PropOp38
 70
     1
102
RTVSPost2010Prop39
140
1.0
102
RTVSPost2010PropOp39
 70
     1
102
RTVSPost2010Prop40
 90
        0
102
RTVSPost2010PropOp40
 70
     1
102
RTVSPost2010Prop41ColorIndex
 90
       18
102
RTVSPost2010Prop41ColorRGB
 90
        0
102
RTVSPost2010PropOp41
 70
     1
102
RTVSPost2010Prop42
 90
       50
102
RTVSPost2010PropOp42
 70
     1
102
RTVSPost2010Prop43
 90
        3
102
RTVSPost2010PropOp43
 70
     1
102
RTVSPost2010Prop44ColorIndex
 90
        5
102
RTVSPost2010Prop44ColorRGB
 90
      255
102
RTVSPost2010PropOp44
 70
     1
102
RTVSPost2010Prop45
280
     0
102
RTVSPost2010PropOp45
 70
     1
102
RTVSPost2010Prop46
 90
       50
102
RTVSPost2010PropOp46
 70
     1
102
RTVSPost2010Prop47
 90
       50
102
RTVSPost2010PropOp47
 70
     1
102
RTVSPost2010Prop48
 90
       50
102
RTVSPost2010PropOp48
 70
     1
102
RTVSPost2010Prop49
280
     0
102
RTVSPost2010PropOp49
 70
     1
102
RTVSPost2010Prop50
 90
       50
102
RTVSPost2010PropOp50
 70
     1
102
RTVSPost2010Prop51ColorIndex
 90
      256
102
RTVSPost2010Prop51ColorRGB
 90
-16777216
102
RTVSPost2010PropOp51
 70
     0
102
RTVSPost2010Prop52
140
1.0
102
RTVSPost2010PropOp52
 70
     0
102
RTVSPost2010Prop53
 90
        2
102
RTVSPost2010PropOp53
 70
     1
102
RTVSPost2010Prop54
  1
strokes_ogs.tif
102
RTVSPost2010PropOp54
 70
     1
102
RTVSPost2010Prop55
280
     0
102
RTVSPost2010PropOp55
 70
     1
102
RTVSPost2010Prop56
140
1.0
102
RTVSPost2010PropOp56
 70
     1
102
RTVSPost2010Prop57
140
1.0
102
RTVSPost2010PropOp57
 70
     1
  0
XRECORD
  5
39E
102
{ACAD_REACTORS
330
39D
102
}
330
39D
100
AcDbXrecord
280
     1
102
RTVSPost2010Prop28
280
     0
102
RTVSPost2010PropOp28
 70
     1
102
RTVSPost2010Prop29
280
     1
102
RTVSPost2010PropOp29
 70
     1
102
RTVSPost2010Prop30
280
     1
102
RTVSPost2010PropOp30
 70
     1
102
RTVSPost2010Prop31
280
     0
102
RTVSPost2010PropOp31
 70
     1
102
RTVSPost2010Prop32
280
     0
102
RTVSPost2010PropOp32
 70
     1
102
RTVSPost2010Prop33
280
     0
102
RTVSPost2010PropOp33
 70
     1
102
RTVSPost2010Prop34
280
     0
102
RTVSPost2010PropOp34
 70
     1
102
RTVSPost2010Prop35
280
     0
102
RTVSPost2010PropOp35
 70
     1
102
RTVSPost2010Prop36
280
     0
102
RTVSPost2010PropOp36
 70
     1
102
RTVSPost2010Prop37
 90
       50
102
RTVSPost2010PropOp37
 70
     1
102
RTVSPost2010Prop38
140
0.0
102
RTVSPost2010PropOp38
 70
     1
102
RTVSPost2010Prop39
140
1.0
102
RTVSPost2010PropOp39
 70
     1
102
RTVSPost2010Prop40
 90
        0
102
RTVSPost2010PropOp40
 70
     1
102
RTVSPost2010Prop41ColorIndex
 90
       18
102
RTVSPost2010Prop41ColorRGB
 90
        0
102
RTVSPost2010PropOp41
 70
     1
102
RTVSPost2010Prop42
 90
       50
102
RTVSPost2010PropOp42
 70
     1
102
RTVSPost2010Prop43
 90
        3
102
RTVSPost2010PropOp43
 70
     1
102
RTVSPost2010Prop44ColorIndex
 90
        5
102
RTVSPost2010Prop44ColorRGB
 90
      255
102
RTVSPost2010PropOp44
 70
     1
102
RTVSPost2010Prop45
280
     0
102
RTVSPost2010PropOp45
 70
     1
102
RTVSPost2010Prop46
 90
       50
102
RTVSPost2010PropOp46
 70
     1
102
RTVSPost2010Prop47
 90
       50
102
RTVSPost2010PropOp47
 70
     1
102
RTVSPost2010Prop48
 90
       50
102
RTVSPost2010PropOp48
 70
     1
102
RTVSPost2010Prop49
280
     0
102
RTVSPost2010PropOp49
 70
     1
102
RTVSPost2010Prop50
 90
       50
102
RTVSPost2010PropOp50
 70
     1
102
RTVSPost2010Prop51ColorIndex
 90
      256
102
RTVSPost2010Prop51ColorRGB
 90
-16777216
102
RTVSPost2010PropOp51
 70
     0
102
RTVSPost2010Prop52
140
1.0
102
RTVSPost2010PropOp52
 70
     0
102
RTVSPost2010Prop53
 90
        2
102
RTVSPost2010PropOp53
 70
     1
102
RTVSPost2010Prop54
  1
strokes_ogs.tif
102
RTVSPost2010PropOp54
 70
     1
102
RTVSPost2010Prop55
280
     0
102
RTVSPost2010PropOp55
 70
     1
102
RTVSPost2010Prop56
140
1.0
102
RTVSPost2010PropOp56
 70
     1
102
RTVSPost2010Prop57
140
1.0
102
RTVSPost2010PropOp57
 70
     1
  0
XRECORD
  5
3AC
102
{ACAD_REACTORS
330
3AB
102
}
330
3AB
100
AcDbXrecord
280
     1
102
RTVSPost2010Prop28
280
     0
102
RTVSPost2010PropOp28
 70
     1
102
RTVSPost2010Prop29
280
     1
102
RTVSPost2010PropOp29
 70
     1
102
RTVSPost2010Prop30
280
     1
102
RTVSPost2010PropOp30
 70
     1
102
RTVSPost2010Prop31
280
     0
102
RTVSPost2010PropOp31
 70
     1
102
RTVSPost2010Prop32
280
     0
102
RTVSPost2010PropOp32
 70
     1
102
RTVSPost2010Prop33
280
     0
102
RTVSPost2010PropOp33
 70
     1
102
RTVSPost2010Prop34
280
     0
102
RTVSPost2010PropOp34
 70
     1
102
RTVSPost2010Prop35
280
     0
102
RTVSPost2010PropOp35
 70
     1
102
RTVSPost2010Prop36
280
     0
102
RTVSPost2010PropOp36
 70
     1
102
RTVSPost2010Prop37
 90
       50
102
RTVSPost2010PropOp37
 70
     1
102
RTVSPost2010Prop38
140
0.0
102
RTVSPost2010PropOp38
 70
     1
102
RTVSPost2010Prop39
140
1.0
102
RTVSPost2010PropOp39
 70
     1
102
RTVSPost2010Prop40
 90
        0
102
RTVSPost2010PropOp40
 70
     1
102
RTVSPost2010Prop41ColorIndex
 90
       18
102
RTVSPost2010Prop41ColorRGB
 90
        0
102
RTVSPost2010PropOp41
 70
     1
102
RTVSPost2010Prop42
 90
       50
102
RTVSPost2010PropOp42
 70
     1
102
RTVSPost2010Prop43
 90
        3
102
RTVSPost2010PropOp43
 70
     1
102
RTVSPost2010Prop44ColorIndex
 90
        5
102
RTVSPost2010Prop44ColorRGB
 90
      255
102
RTVSPost2010PropOp44
 70
     1
102
RTVSPost2010Prop45
280
     0
102
RTVSPost2010PropOp45
 70
     1
102
RTVSPost2010Prop46
 90
       50
102
RTVSPost2010PropOp46
 70
     1
102
RTVSPost2010Prop47
 90
       50
102
RTVSPost2010PropOp47
 70
     1
102
RTVSPost2010Prop48
 90
       50
102
RTVSPost2010PropOp48
 70
     1
102
RTVSPost2010Prop49
280
     0
102
RTVSPost2010PropOp49
 70
     1
102
RTVSPost2010Prop50
 90
       50
102
RTVSPost2010PropOp50
 70
     1
102
RTVSPost2010Prop51ColorIndex
 90
      256
102
RTVSPost2010Prop51ColorRGB
 90
-16777216
102
RTVSPost2010PropOp51
 70
     0
102
RTVSPost2010Prop52
140
1.0
102
RTVSPost2010PropOp52
 70
     0
102
RTVSPost2010Prop53
 90
        2
102
RTVSPost2010PropOp53
 70
     1
102
RTVSPost2010Prop54
  1
strokes_ogs.tif
102
RTVSPost2010PropOp54
 70
     1
102
RTVSPost2010Prop55
280
     0
102
RTVSPost2010PropOp55
 70
     1
102
RTVSPost2010Prop56
140
1.0
102
RTVSPost2010PropOp56
 70
     1
102
RTVSPost2010Prop57
140
1.0
102
RTVSPost2010PropOp57
 70
     1
  0
XRECORD
  5
3B4
102
{ACAD_REACTORS
330
3B3
102
}
330
3B3
100
AcDbXrecord
280
     1
102
RTVSPost2010Prop28
280
     0
102
RTVSPost2010PropOp28
 70
     1
102
RTVSPost2010Prop29
280
     1
102
RTVSPost2010PropOp29
 70
     1
102
RTVSPost2010Prop30
280
     1
102
RTVSPost2010PropOp30
 70
     1
102
RTVSPost2010Prop31
280
     0
102
RTVSPost2010PropOp31
 70
     1
102
RTVSPost2010Prop32
280
     0
102
RTVSPost2010PropOp32
 70
     1
102
RTVSPost2010Prop33
280
     0
102
RTVSPost2010PropOp33
 70
     1
102
RTVSPost2010Prop34
280
     0
102
RTVSPost2010PropOp34
 70
     1
102
RTVSPost2010Prop35
280
     0
102
RTVSPost2010PropOp35
 70
     1
102
RTVSPost2010Prop36
280
     0
102
RTVSPost2010PropOp36
 70
     1
102
RTVSPost2010Prop37
 90
       50
102
RTVSPost2010PropOp37
 70
     1
102
RTVSPost2010Prop38
140
0.0
102
RTVSPost2010PropOp38
 70
     1
102
RTVSPost2010Prop39
140
1.0
102
RTVSPost2010PropOp39
 70
     1
102
RTVSPost2010Prop40
 90
        0
102
RTVSPost2010PropOp40
 70
     1
102
RTVSPost2010Prop41ColorIndex
 90
       18
102
RTVSPost2010Prop41ColorRGB
 90
        0
102
RTVSPost2010PropOp41
 70
     1
102
RTVSPost2010Prop42
 90
       50
102
RTVSPost2010PropOp42
 70
     1
102
RTVSPost2010Prop43
 90
        3
102
RTVSPost2010PropOp43
 70
     1
102
RTVSPost2010Prop44ColorIndex
 90
        5
102
RTVSPost2010Prop44ColorRGB
 90
      255
102
RTVSPost2010PropOp44
 70
     1
102
RTVSPost2010Prop45
280
     0
102
RTVSPost2010PropOp45
 70
     1
102
RTVSPost2010Prop46
 90
       50
102
RTVSPost2010PropOp46
 70
     1
102
RTVSPost2010Prop47
 90
       50
102
RTVSPost2010PropOp47
 70
     1
102
RTVSPost2010Prop48
 90
       50
102
RTVSPost2010PropOp48
 70
     1
102
RTVSPost2010Prop49
280
     0
102
RTVSPost2010PropOp49
 70
     1
102
RTVSPost2010Prop50
 90
       50
102
RTVSPost2010PropOp50
 70
     1
102
RTVSPost2010Prop51ColorIndex
 90
      256
102
RTVSPost2010Prop51ColorRGB
 90
-16777216
102
RTVSPost2010PropOp51
 70
     0
102
RTVSPost2010Prop52
140
1.0
102
RTVSPost2010PropOp52
 70
     0
102
RTVSPost2010Prop53
 90
        2
102
RTVSPost2010PropOp53
 70
     1
102
RTVSPost2010Prop54
  1
strokes_ogs.tif
102
RTVSPost2010PropOp54
 70
     1
102
RTVSPost2010Prop55
280
     0
102
RTVSPost2010PropOp55
 70
     1
102
RTVSPost2010Prop56
140
1.0
102
RTVSPost2010PropOp56
 70
     1
102
RTVSPost2010Prop57
140
1.0
102
RTVSPost2010PropOp57
 70
     1
  0
XRECORD
  5
3A6
102
{ACAD_REACTORS
330
3A5
102
}
330
3A5
100
AcDbXrecord
280
     1
102
RTVSPost2010Prop28
280
     0
102
RTVSPost2010PropOp28
 70
     1
102
RTVSPost2010Prop29
280
     1
102
RTVSPost2010PropOp29
 70
     1
102
RTVSPost2010Prop30
280
     1
102
RTVSPost2010PropOp30
 70
     1
102
RTVSPost2010Prop31
280
     0
102
RTVSPost2010PropOp31
 70
     1
102
RTVSPost2010Prop32
280
     0
102
RTVSPost2010PropOp32
 70
     1
102
RTVSPost2010Prop33
280
     0
102
RTVSPost2010PropOp33
 70
     1
102
RTVSPost2010Prop34
280
     0
102
RTVSPost2010PropOp34
 70
     1
102
RTVSPost2010Prop35
280
     0
102
RTVSPost2010PropOp35
 70
     1
102
RTVSPost2010Prop36
280
     0
102
RTVSPost2010PropOp36
 70
     1
102
RTVSPost2010Prop37
 90
       50
102
RTVSPost2010PropOp37
 70
     1
102
RTVSPost2010Prop38
140
0.0
102
RTVSPost2010PropOp38
 70
     1
102
RTVSPost2010Prop39
140
1.0
102
RTVSPost2010PropOp39
 70
     1
102
RTVSPost2010Prop40
 90
        0
102
RTVSPost2010PropOp40
 70
     1
102
RTVSPost2010Prop41ColorIndex
 90
       18
102
RTVSPost2010Prop41ColorRGB
 90
        0
102
RTVSPost2010PropOp41
 70
     1
102
RTVSPost2010Prop42
 90
       50
102
RTVSPost2010PropOp42
 70
     1
102
RTVSPost2010Prop43
 90
        3
102
RTVSPost2010PropOp43
 70
     1
102
RTVSPost2010Prop44ColorIndex
 90
        5
102
RTVSPost2010Prop44ColorRGB
 90
      255
102
RTVSPost2010PropOp44
 70
     1
102
RTVSPost2010Prop45
280
     0
102
RTVSPost2010PropOp45
 70
     1
102
RTVSPost2010Prop46
 90
       50
102
RTVSPost2010PropOp46
 70
     1
102
RTVSPost2010Prop47
 90
       50
102
RTVSPost2010PropOp47
 70
     1
102
RTVSPost2010Prop48
 90
       50
102
RTVSPost2010PropOp48
 70
     1
102
RTVSPost2010Prop49
280
     0
102
RTVSPost2010PropOp49
 70
     1
102
RTVSPost2010Prop50
 90
       50
102
RTVSPost2010PropOp50
 70
     1
102
RTVSPost2010Prop51ColorIndex
 90
      256
102
RTVSPost2010Prop51ColorRGB
 90
-16777216
102
RTVSPost2010PropOp51
 70
     0
102
RTVSPost2010Prop52
140
1.0
102
RTVSPost2010PropOp52
 70
     0
102
RTVSPost2010Prop53
 90
        2
102
RTVSPost2010PropOp53
 70
     1
102
RTVSPost2010Prop54
  1
strokes_ogs.tif
102
RTVSPost2010PropOp54
 70
     1
102
RTVSPost2010Prop55
280
     0
102
RTVSPost2010PropOp55
 70
     1
102
RTVSPost2010Prop56
140
1.0
102
RTVSPost2010PropOp56
 70
     1
102
RTVSPost2010Prop57
140
1.0
102
RTVSPost2010PropOp57
 70
     1
  0
XRECORD
  5
3AA
102
{ACAD_REACTORS
330
3A9
102
}
330
3A9
100
AcDbXrecord
280
     1
102
RTVSPost2010Prop28
280
     0
102
RTVSPost2010PropOp28
 70
     1
102
RTVSPost2010Prop29
280
     1
102
RTVSPost2010PropOp29
 70
     1
102
RTVSPost2010Prop30
280
     1
102
RTVSPost2010PropOp30
 70
     1
102
RTVSPost2010Prop31
280
     0
102
RTVSPost2010PropOp31
 70
     1
102
RTVSPost2010Prop32
280
     0
102
RTVSPost2010PropOp32
 70
     1
102
RTVSPost2010Prop33
280
     0
102
RTVSPost2010PropOp33
 70
     1
102
RTVSPost2010Prop34
280
     0
102
RTVSPost2010PropOp34
 70
     1
102
RTVSPost2010Prop35
280
     0
102
RTVSPost2010PropOp35
 70
     1
102
RTVSPost2010Prop36
280
     0
102
RTVSPost2010PropOp36
 70
     1
102
RTVSPost2010Prop37
 90
       50
102
RTVSPost2010PropOp37
 70
     1
102
RTVSPost2010Prop38
140
0.0
102
RTVSPost2010PropOp38
 70
     1
102
RTVSPost2010Prop39
140
1.0
102
RTVSPost2010PropOp39
 70
     1
102
RTVSPost2010Prop40
 90
        0
102
RTVSPost2010PropOp40
 70
     1
102
RTVSPost2010Prop41ColorIndex
 90
       18
102
RTVSPost2010Prop41ColorRGB
 90
        0
102
RTVSPost2010PropOp41
 70
     1
102
RTVSPost2010Prop42
 90
       50
102
RTVSPost2010PropOp42
 70
     1
102
RTVSPost2010Prop43
 90
        3
102
RTVSPost2010PropOp43
 70
     1
102
RTVSPost2010Prop44ColorIndex
 90
        5
102
RTVSPost2010Prop44ColorRGB
 90
      255
102
RTVSPost2010PropOp44
 70
     1
102
RTVSPost2010Prop45
280
     0
102
RTVSPost2010PropOp45
 70
     1
102
RTVSPost2010Prop46
 90
       50
102
RTVSPost2010PropOp46
 70
     1
102
RTVSPost2010Prop47
 90
       50
102
RTVSPost2010PropOp47
 70
     1
102
RTVSPost2010Prop48
 90
       50
102
RTVSPost2010PropOp48
 70
     1
102
RTVSPost2010Prop49
280
     0
102
RTVSPost2010PropOp49
 70
     1
102
RTVSPost2010Prop50
 90
       50
102
RTVSPost2010PropOp50
 70
     1
102
RTVSPost2010Prop51ColorIndex
 90
      256
102
RTVSPost2010Prop51ColorRGB
 90
-16777216
102
RTVSPost2010PropOp51
 70
     0
102
RTVSPost2010Prop52
140
1.0
102
RTVSPost2010PropOp52
 70
     0
102
RTVSPost2010Prop53
 90
        2
102
RTVSPost2010PropOp53
 70
     1
102
RTVSPost2010Prop54
  1
strokes_ogs.tif
102
RTVSPost2010PropOp54
 70
     1
102
RTVSPost2010Prop55
280
     0
102
RTVSPost2010PropOp55
 70
     1
102
RTVSPost2010Prop56
140
1.0
102
RTVSPost2010PropOp56
 70
     1
102
RTVSPost2010Prop57
140
1.0
102
RTVSPost2010PropOp57
 70
     1
  0
XRECORD
  5
3C4
102
{ACAD_REACTORS
330
3C3
102
}
330
3C3
100
AcDbXrecord
280
     1
102
RTVSPost2010Prop28
280
     0
102
RTVSPost2010PropOp28
 70
     1
102
RTVSPost2010Prop29
280
     1
102
RTVSPost2010PropOp29
 70
     1
102
RTVSPost2010Prop30
280
     1
102
RTVSPost2010PropOp30
 70
     1
102
RTVSPost2010Prop31
280
     0
102
RTVSPost2010PropOp31
 70
     1
102
RTVSPost2010Prop32
280
     0
102
RTVSPost2010PropOp32
 70
     1
102
RTVSPost2010Prop33
280
     0
102
RTVSPost2010PropOp33
 70
     1
102
RTVSPost2010Prop34
280
     0
102
RTVSPost2010PropOp34
 70
     1
102
RTVSPost2010Prop35
280
     0
102
RTVSPost2010PropOp35
 70
     1
102
RTVSPost2010Prop36
280
     0
102
RTVSPost2010PropOp36
 70
     1
102
RTVSPost2010Prop37
 90
       50
102
RTVSPost2010PropOp37
 70
     0
102
RTVSPost2010Prop38
140
0.0
102
RTVSPost2010PropOp38
 70
     0
102
RTVSPost2010Prop39
140
1.0
102
RTVSPost2010PropOp39
 70
     0
102
RTVSPost2010Prop40
 90
        0
102
RTVSPost2010PropOp40
 70
     0
102
RTVSPost2010Prop41ColorIndex
 90
       18
102
RTVSPost2010Prop41ColorRGB
 90
        0
102
RTVSPost2010PropOp41
 70
     0
102
RTVSPost2010Prop42
 90
       50
102
RTVSPost2010PropOp42
 70
     0
102
RTVSPost2010Prop43
 90
        3
102
RTVSPost2010PropOp43
 70
     0
102
RTVSPost2010Prop44ColorIndex
 90
        5
102
RTVSPost2010Prop44ColorRGB
 90
      255
102
RTVSPost2010PropOp44
 70
     0
102
RTVSPost2010Prop45
280
     0
102
RTVSPost2010PropOp45
 70
     1
102
RTVSPost2010Prop46
 90
       50
102
RTVSPost2010PropOp46
 70
     0
102
RTVSPost2010Prop47
 90
       50
102
RTVSPost2010PropOp47
 70
     0
102
RTVSPost2010Prop48
 90
       50
102
RTVSPost2010PropOp48
 70
     0
102
RTVSPost2010Prop49
280
     0
102
RTVSPost2010PropOp49
 70
     1
102
RTVSPost2010Prop50
 90
       50
102
RTVSPost2010PropOp50
 70
     0
102
RTVSPost2010Prop51ColorIndex
 90
      256
102
RTVSPost2010Prop51ColorRGB
 90
-16777216
102
RTVSPost2010PropOp51
 70
     0
102
RTVSPost2010Prop52
140
1.0
102
RTVSPost2010PropOp52
 70
     0
102
RTVSPost2010Prop53
 90
        2
102
RTVSPost2010PropOp53
 70
     0
102
RTVSPost2010Prop54
  1
strokes_ogs.tif
102
RTVSPost2010PropOp54
 70
     0
102
RTVSPost2010Prop55
280
     0
102
RTVSPost2010PropOp55
 70
     1
102
RTVSPost2010Prop56
140
1.0
102
RTVSPost2010PropOp56
 70
     0
102
RTVSPost2010Prop57
140
1.0
102
RTVSPost2010PropOp57
 70
     0
  0
XRECORD
  5
3B2
102
{ACAD_REACTORS
330
3B1
102
}
330
3B1
100
AcDbXrecord
280
     1
102
RTVSPost2010Prop28
280
     0
102
RTVSPost2010PropOp28
 70
     1
102
RTVSPost2010Prop29
280
     1
102
RTVSPost2010PropOp29
 70
     1
102
RTVSPost2010Prop30
280
     1
102
RTVSPost2010PropOp30
 70
     1
102
RTVSPost2010Prop31
280
     0
102
RTVSPost2010PropOp31
 70
     1
102
RTVSPost2010Prop32
280
     0
102
RTVSPost2010PropOp32
 70
     1
102
RTVSPost2010Prop33
280
     0
102
RTVSPost2010PropOp33
 70
     1
102
RTVSPost2010Prop34
280
     0
102
RTVSPost2010PropOp34
 70
     1
102
RTVSPost2010Prop35
280
     0
102
RTVSPost2010PropOp35
 70
     1
102
RTVSPost2010Prop36
280
     0
102
RTVSPost2010PropOp36
 70
     1
102
RTVSPost2010Prop37
 90
       50
102
RTVSPost2010PropOp37
 70
     1
102
RTVSPost2010Prop38
140
0.0
102
RTVSPost2010PropOp38
 70
     1
102
RTVSPost2010Prop39
140
1.0
102
RTVSPost2010PropOp39
 70
     1
102
RTVSPost2010Prop40
 90
        0
102
RTVSPost2010PropOp40
 70
     1
102
RTVSPost2010Prop41ColorIndex
 90
       18
102
RTVSPost2010Prop41ColorRGB
 90
        0
102
RTVSPost2010PropOp41
 70
     1
102
RTVSPost2010Prop42
 90
       50
102
RTVSPost2010PropOp42
 70
     1
102
RTVSPost2010Prop43
 90
        3
102
RTVSPost2010PropOp43
 70
     1
102
RTVSPost2010Prop44ColorIndex
 90
        5
102
RTVSPost2010Prop44ColorRGB
 90
      255
102
RTVSPost2010PropOp44
 70
     1
102
RTVSPost2010Prop45
280
     0
102
RTVSPost2010PropOp45
 70
     1
102
RTVSPost2010Prop46
 90
       50
102
RTVSPost2010PropOp46
 70
     1
102
RTVSPost2010Prop47
 90
       50
102
RTVSPost2010PropOp47
 70
     1
102
RTVSPost2010Prop48
 90
       50
102
RTVSPost2010PropOp48
 70
     1
102
RTVSPost2010Prop49
280
     0
102
RTVSPost2010PropOp49
 70
     1
102
RTVSPost2010Prop50
 90
       50
102
RTVSPost2010PropOp50
 70
     1
102
RTVSPost2010Prop51ColorIndex
 90
      256
102
RTVSPost2010Prop51ColorRGB
 90
-16777216
102
RTVSPost2010PropOp51
 70
     0
102
RTVSPost2010Prop52
140
1.0
102
RTVSPost2010PropOp52
 70
     0
102
RTVSPost2010Prop53
 90
        2
102
RTVSPost2010PropOp53
 70
     1
102
RTVSPost2010Prop54
  1
strokes_ogs.tif
102
RTVSPost2010PropOp54
 70
     1
102
RTVSPost2010Prop55
280
     0
102
RTVSPost2010PropOp55
 70
     1
102
RTVSPost2010Prop56
140
1.0
102
RTVSPost2010PropOp56
 70
     1
102
RTVSPost2010Prop57
140
1.0
102
RTVSPost2010PropOp57
 70
     1
  0
XRECORD
  5
396
102
{ACAD_REACTORS
330
395
102
}
330
395
100
AcDbXrecord
280
     1
102
RTVSPost2010Prop28
280
     0
102
RTVSPost2010PropOp28
 70
     1
102
RTVSPost2010Prop29
280
     1
102
RTVSPost2010PropOp29
 70
     1
102
RTVSPost2010Prop30
280
     1
102
RTVSPost2010PropOp30
 70
     1
102
RTVSPost2010Prop31
280
     0
102
RTVSPost2010PropOp31
 70
     1
102
RTVSPost2010Prop32
280
     0
102
RTVSPost2010PropOp32
 70
     1
102
RTVSPost2010Prop33
280
     0
102
RTVSPost2010PropOp33
 70
     1
102
RTVSPost2010Prop34
280
     0
102
RTVSPost2010PropOp34
 70
     1
102
RTVSPost2010Prop35
280
     0
102
RTVSPost2010PropOp35
 70
     1
102
RTVSPost2010Prop36
280
     0
102
RTVSPost2010PropOp36
 70
     1
102
RTVSPost2010Prop37
 90
       50
102
RTVSPost2010PropOp37
 70
     1
102
RTVSPost2010Prop38
140
0.0
102
RTVSPost2010PropOp38
 70
     1
102
RTVSPost2010Prop39
140
1.0
102
RTVSPost2010PropOp39
 70
     1
102
RTVSPost2010Prop40
 90
        0
102
RTVSPost2010PropOp40
 70
     1
102
RTVSPost2010Prop41ColorIndex
 90
       18
102
RTVSPost2010Prop41ColorRGB
 90
        0
102
RTVSPost2010PropOp41
 70
     1
102
RTVSPost2010Prop42
 90
       50
102
RTVSPost2010PropOp42
 70
     1
102
RTVSPost2010Prop43
 90
        3
102
RTVSPost2010PropOp43
 70
     1
102
RTVSPost2010Prop44ColorIndex
 90
        5
102
RTVSPost2010Prop44ColorRGB
 90
      255
102
RTVSPost2010PropOp44
 70
     1
102
RTVSPost2010Prop45
280
     0
102
RTVSPost2010PropOp45
 70
     1
102
RTVSPost2010Prop46
 90
       50
102
RTVSPost2010PropOp46
 70
     1
102
RTVSPost2010Prop47
 90
       50
102
RTVSPost2010PropOp47
 70
     1
102
RTVSPost2010Prop48
 90
       50
102
RTVSPost2010PropOp48
 70
     1
102
RTVSPost2010Prop49
280
     0
102
RTVSPost2010PropOp49
 70
     1
102
RTVSPost2010Prop50
 90
       50
102
RTVSPost2010PropOp50
 70
     1
102
RTVSPost2010Prop51ColorIndex
 90
      256
102
RTVSPost2010Prop51ColorRGB
 90
-16777216
102
RTVSPost2010PropOp51
 70
     0
102
RTVSPost2010Prop52
140
1.0
102
RTVSPost2010PropOp52
 70
     0
102
RTVSPost2010Prop53
 90
        2
102
RTVSPost2010PropOp53
 70
     1
102
RTVSPost2010Prop54
  1
strokes_ogs.tif
102
RTVSPost2010PropOp54
 70
     1
102
RTVSPost2010Prop55
280
     0
102
RTVSPost2010PropOp55
 70
     1
102
RTVSPost2010Prop56
140
1.0
102
RTVSPost2010PropOp56
 70
     1
102
RTVSPost2010Prop57
140
1.0
102
RTVSPost2010PropOp57
 70
     1
  0
XRECORD
  5
398
102
{ACAD_REACTORS
330
397
102
}
330
397
100
AcDbXrecord
280
     1
102
RTVSPost2010Prop28
280
     0
102
RTVSPost2010PropOp28
 70
     1
102
RTVSPost2010Prop29
280
     1
102
RTVSPost2010PropOp29
 70
     1
102
RTVSPost2010Prop30
280
     1
102
RTVSPost2010PropOp30
 70
     1
102
RTVSPost2010Prop31
280
     0
102
RTVSPost2010PropOp31
 70
     1
102
RTVSPost2010Prop32
280
     0
102
RTVSPost2010PropOp32
 70
     1
102
RTVSPost2010Prop33
280
     0
102
RTVSPost2010PropOp33
 70
     1
102
RTVSPost2010Prop34
280
     0
102
RTVSPost2010PropOp34
 70
     1
102
RTVSPost2010Prop35
280
     0
102
RTVSPost2010PropOp35
 70
     1
102
RTVSPost2010Prop36
280
     0
102
RTVSPost2010PropOp36
 70
     1
102
RTVSPost2010Prop37
 90
       50
102
RTVSPost2010PropOp37
 70
     1
102
RTVSPost2010Prop38
140
0.0
102
RTVSPost2010PropOp38
 70
     1
102
RTVSPost2010Prop39
140
1.0
102
RTVSPost2010PropOp39
 70
     1
102
RTVSPost2010Prop40
 90
        0
102
RTVSPost2010PropOp40
 70
     1
102
RTVSPost2010Prop41ColorIndex
 90
       18
102
RTVSPost2010Prop41ColorRGB
 90
        0
102
RTVSPost2010PropOp41
 70
     1
102
RTVSPost2010Prop42
 90
       50
102
RTVSPost2010PropOp42
 70
     1
102
RTVSPost2010Prop43
 90
        3
102
RTVSPost2010PropOp43
 70
     1
102
RTVSPost2010Prop44ColorIndex
 90
        5
102
RTVSPost2010Prop44ColorRGB
 90
      255
102
RTVSPost2010PropOp44
 70
     1
102
RTVSPost2010Prop45
280
     0
102
RTVSPost2010PropOp45
 70
     1
102
RTVSPost2010Prop46
 90
       50
102
RTVSPost2010PropOp46
 70
     1
102
RTVSPost2010Prop47
 90
       50
102
RTVSPost2010PropOp47
 70
     1
102
RTVSPost2010Prop48
 90
       50
102
RTVSPost2010PropOp48
 70
     1
102
RTVSPost2010Prop49
280
     0
102
RTVSPost2010PropOp49
 70
     1
102
RTVSPost2010Prop50
 90
       50
102
RTVSPost2010PropOp50
 70
     1
102
RTVSPost2010Prop51ColorIndex
 90
      256
102
RTVSPost2010Prop51ColorRGB
 90
-16777216
102
RTVSPost2010PropOp51
 70
     0
102
RTVSPost2010Prop52
140
1.0
102
RTVSPost2010PropOp52
 70
     0
102
RTVSPost2010Prop53
 90
        2
102
RTVSPost2010PropOp53
 70
     1
102
RTVSPost2010Prop54
  1
strokes_ogs.tif
102
RTVSPost2010PropOp54
 70
     1
102
RTVSPost2010Prop55
280
     0
102
RTVSPost2010PropOp55
 70
     1
102
RTVSPost2010Prop56
140
1.0
102
RTVSPost2010PropOp56
 70
     1
102
RTVSPost2010Prop57
140
1.0
102
RTVSPost2010PropOp57
 70
     1
  0
XRECORD
  5
39A
102
{ACAD_REACTORS
330
399
102
}
330
399
100
AcDbXrecord
280
     1
102
RTVSPost2010Prop28
280
     0
102
RTVSPost2010PropOp28
 70
     1
102
RTVSPost2010Prop29
280
     1
102
RTVSPost2010PropOp29
 70
     1
102
RTVSPost2010Prop30
280
     1
102
RTVSPost2010PropOp30
 70
     1
102
RTVSPost2010Prop31
280
     0
102
RTVSPost2010PropOp31
 70
     1
102
RTVSPost2010Prop32
280
     0
102
RTVSPost2010PropOp32
 70
     1
102
RTVSPost2010Prop33
280
     0
102
RTVSPost2010PropOp33
 70
     1
102
RTVSPost2010Prop34
280
     0
102
RTVSPost2010PropOp34
 70
     1
102
RTVSPost2010Prop35
280
     0
102
RTVSPost2010PropOp35
 70
     1
102
RTVSPost2010Prop36
280
     0
102
RTVSPost2010PropOp36
 70
     1
102
RTVSPost2010Prop37
 90
       50
102
RTVSPost2010PropOp37
 70
     1
102
RTVSPost2010Prop38
140
0.0
102
RTVSPost2010PropOp38
 70
     1
102
RTVSPost2010Prop39
140
1.0
102
RTVSPost2010PropOp39
 70
     1
102
RTVSPost2010Prop40
 90
        0
102
RTVSPost2010PropOp40
 70
     1
102
RTVSPost2010Prop41ColorIndex
 90
       18
102
RTVSPost2010Prop41ColorRGB
 90
        0
102
RTVSPost2010PropOp41
 70
     1
102
RTVSPost2010Prop42
 90
       50
102
RTVSPost2010PropOp42
 70
     1
102
RTVSPost2010Prop43
 90
        3
102
RTVSPost2010PropOp43
 70
     1
102
RTVSPost2010Prop44ColorIndex
 90
        5
102
RTVSPost2010Prop44ColorRGB
 90
      255
102
RTVSPost2010PropOp44
 70
     1
102
RTVSPost2010Prop45
280
     0
102
RTVSPost2010PropOp45
 70
     1
102
RTVSPost2010Prop46
 90
       50
102
RTVSPost2010PropOp46
 70
     1
102
RTVSPost2010Prop47
 90
       50
102
RTVSPost2010PropOp47
 70
     1
102
RTVSPost2010Prop48
 90
       50
102
RTVSPost2010PropOp48
 70
     1
102
RTVSPost2010Prop49
280
     0
102
RTVSPost2010PropOp49
 70
     1
102
RTVSPost2010Prop50
 90
       50
102
RTVSPost2010PropOp50
 70
     1
102
RTVSPost2010Prop51ColorIndex
 90
      256
102
RTVSPost2010Prop51ColorRGB
 90
-16777216
102
RTVSPost2010PropOp51
 70
     0
102
RTVSPost2010Prop52
140
1.0
102
RTVSPost2010PropOp52
 70
     0
102
RTVSPost2010Prop53
 90
        2
102
RTVSPost2010PropOp53
 70
     1
102
RTVSPost2010Prop54
  1
strokes_ogs.tif
102
RTVSPost2010PropOp54
 70
     1
102
RTVSPost2010Prop55
280
     0
102
RTVSPost2010PropOp55
 70
     1
102
RTVSPost2010Prop56
140
1.0
102
RTVSPost2010PropOp56
 70
     1
102
RTVSPost2010Prop57
140
1.0
102
RTVSPost2010PropOp57
 70
     1
  0
XRECORD
  5
39C
102
{ACAD_REACTORS
330
39B
102
}
330
39B
100
AcDbXrecord
280
     1
102
RTVSPost2010Prop28
280
     0
102
RTVSPost2010PropOp28
 70
     1
102
RTVSPost2010Prop29
280
     1
102
RTVSPost2010PropOp29
 70
     1
102
RTVSPost2010Prop30
280
     1
102
RTVSPost2010PropOp30
 70
     1
102
RTVSPost2010Prop31
280
     0
102
RTVSPost2010PropOp31
 70
     1
102
RTVSPost2010Prop32
280
     0
102
RTVSPost2010PropOp32
 70
     1
102
RTVSPost2010Prop33
280
     0
102
RTVSPost2010PropOp33
 70
     1
102
RTVSPost2010Prop34
280
     0
102
RTVSPost2010PropOp34
 70
     1
102
RTVSPost2010Prop35
280
     0
102
RTVSPost2010PropOp35
 70
     1
102
RTVSPost2010Prop36
280
     0
102
RTVSPost2010PropOp36
 70
     1
102
RTVSPost2010Prop37
 90
       50
102
RTVSPost2010PropOp37
 70
     1
102
RTVSPost2010Prop38
140
0.0
102
RTVSPost2010PropOp38
 70
     1
102
RTVSPost2010Prop39
140
1.0
102
RTVSPost2010PropOp39
 70
     1
102
RTVSPost2010Prop40
 90
        0
102
RTVSPost2010PropOp40
 70
     1
102
RTVSPost2010Prop41ColorIndex
 90
       18
102
RTVSPost2010Prop41ColorRGB
 90
        0
102
RTVSPost2010PropOp41
 70
     1
102
RTVSPost2010Prop42
 90
       50
102
RTVSPost2010PropOp42
 70
     1
102
RTVSPost2010Prop43
 90
        3
102
RTVSPost2010PropOp43
 70
     1
102
RTVSPost2010Prop44ColorIndex
 90
        5
102
RTVSPost2010Prop44ColorRGB
 90
      255
102
RTVSPost2010PropOp44
 70
     1
102
RTVSPost2010Prop45
280
     0
102
RTVSPost2010PropOp45
 70
     1
102
RTVSPost2010Prop46
 90
       50
102
RTVSPost2010PropOp46
 70
     1
102
RTVSPost2010Prop47
 90
       50
102
RTVSPost2010PropOp47
 70
     1
102
RTVSPost2010Prop48
 90
       50
102
RTVSPost2010PropOp48
 70
     1
102
RTVSPost2010Prop49
280
     0
102
RTVSPost2010PropOp49
 70
     1
102
RTVSPost2010Prop50
 90
       50
102
RTVSPost2010PropOp50
 70
     1
102
RTVSPost2010Prop51ColorIndex
 90
      256
102
RTVSPost2010Prop51ColorRGB
 90
-16777216
102
RTVSPost2010PropOp51
 70
     0
102
RTVSPost2010Prop52
140
1.0
102
RTVSPost2010PropOp52
 70
     0
102
RTVSPost2010Prop53
 90
        2
102
RTVSPost2010PropOp53
 70
     1
102
RTVSPost2010Prop54
  1
strokes_ogs.tif
102
RTVSPost2010PropOp54
 70
     1
102
RTVSPost2010Prop55
280
     0
102
RTVSPost2010PropOp55
 70
     1
102
RTVSPost2010Prop56
140
1.0
102
RTVSPost2010PropOp56
 70
     1
102
RTVSPost2010Prop57
140
1.0
102
RTVSPost2010PropOp57
 70
     1
  0
XRECORD
  5
3A4
102
{ACAD_REACTORS
330
3A3
102
}
330
3A3
100
AcDbXrecord
280
     1
102
RTVSPost2010Prop28
280
     0
102
RTVSPost2010PropOp28
 70
     1
102
RTVSPost2010Prop29
280
     1
102
RTVSPost2010PropOp29
 70
     1
102
RTVSPost2010Prop30
280
     1
102
RTVSPost2010PropOp30
 70
     1
102
RTVSPost2010Prop31
280
     0
102
RTVSPost2010PropOp31
 70
     1
102
RTVSPost2010Prop32
280
     0
102
RTVSPost2010PropOp32
 70
     1
102
RTVSPost2010Prop33
280
     0
102
RTVSPost2010PropOp33
 70
     1
102
RTVSPost2010Prop34
280
     0
102
RTVSPost2010PropOp34
 70
     1
102
RTVSPost2010Prop35
280
     0
102
RTVSPost2010PropOp35
 70
     1
102
RTVSPost2010Prop36
280
     0
102
RTVSPost2010PropOp36
 70
     1
102
RTVSPost2010Prop37
 90
       50
102
RTVSPost2010PropOp37
 70
     1
102
RTVSPost2010Prop38
140
0.0
102
RTVSPost2010PropOp38
 70
     1
102
RTVSPost2010Prop39
140
1.0
102
RTVSPost2010PropOp39
 70
     1
102
RTVSPost2010Prop40
 90
        0
102
RTVSPost2010PropOp40
 70
     1
102
RTVSPost2010Prop41ColorIndex
 90
       18
102
RTVSPost2010Prop41ColorRGB
 90
        0
102
RTVSPost2010PropOp41
 70
     1
102
RTVSPost2010Prop42
 90
       50
102
RTVSPost2010PropOp42
 70
     1
102
RTVSPost2010Prop43
 90
        3
102
RTVSPost2010PropOp43
 70
     1
102
RTVSPost2010Prop44ColorIndex
 90
        5
102
RTVSPost2010Prop44ColorRGB
 90
      255
102
RTVSPost2010PropOp44
 70
     1
102
RTVSPost2010Prop45
280
     0
102
RTVSPost2010PropOp45
 70
     1
102
RTVSPost2010Prop46
 90
       50
102
RTVSPost2010PropOp46
 70
     1
102
RTVSPost2010Prop47
 90
       50
102
RTVSPost2010PropOp47
 70
     1
102
RTVSPost2010Prop48
 90
       50
102
RTVSPost2010PropOp48
 70
     1
102
RTVSPost2010Prop49
280
     0
102
RTVSPost2010PropOp49
 70
     1
102
RTVSPost2010Prop50
 90
       50
102
RTVSPost2010PropOp50
 70
     1
102
RTVSPost2010Prop51ColorIndex
 90
      256
102
RTVSPost2010Prop51ColorRGB
 90
-16777216
102
RTVSPost2010PropOp51
 70
     0
102
RTVSPost2010Prop52
140
1.0
102
RTVSPost2010PropOp52
 70
     0
102
RTVSPost2010Prop53
 90
        2
102
RTVSPost2010PropOp53
 70
     1
102
RTVSPost2010Prop54
  1
strokes_ogs.tif
102
RTVSPost2010PropOp54
 70
     1
102
RTVSPost2010Prop55
280
     0
102
RTVSPost2010PropOp55
 70
     1
102
RTVSPost2010Prop56
140
1.0
102
RTVSPost2010PropOp56
 70
     1
102
RTVSPost2010Prop57
140
1.0
102
RTVSPost2010PropOp57
 70
     1
  0
XRECORD
  5
3C0
102
{ACAD_REACTORS
330
3BF
102
}
330
3BF
100
AcDbXrecord
280
     1
102
RTVSPost2010Prop28
280
     0
102
RTVSPost2010PropOp28
 70
     1
102
RTVSPost2010Prop29
280
     1
102
RTVSPost2010PropOp29
 70
     1
102
RTVSPost2010Prop30
280
     1
102
RTVSPost2010PropOp30
 70
     1
102
RTVSPost2010Prop31
280
     0
102
RTVSPost2010PropOp31
 70
     1
102
RTVSPost2010Prop32
280
     0
102
RTVSPost2010PropOp32
 70
     1
102
RTVSPost2010Prop33
280
     0
102
RTVSPost2010PropOp33
 70
     1
102
RTVSPost2010Prop34
280
     0
102
RTVSPost2010PropOp34
 70
     1
102
RTVSPost2010Prop35
280
     0
102
RTVSPost2010PropOp35
 70
     1
102
RTVSPost2010Prop36
280
     0
102
RTVSPost2010PropOp36
 70
     1
102
RTVSPost2010Prop37
 90
       50
102
RTVSPost2010PropOp37
 70
     0
102
RTVSPost2010Prop38
140
0.0
102
RTVSPost2010PropOp38
 70
     0
102
RTVSPost2010Prop39
140
1.0
102
RTVSPost2010PropOp39
 70
     0
102
RTVSPost2010Prop40
 90
        0
102
RTVSPost2010PropOp40
 70
     0
102
RTVSPost2010Prop41ColorIndex
 90
       18
102
RTVSPost2010Prop41ColorRGB
 90
        0
102
RTVSPost2010PropOp41
 70
     0
102
RTVSPost2010Prop42
 90
       50
102
RTVSPost2010PropOp42
 70
     0
102
RTVSPost2010Prop43
 90
        3
102
RTVSPost2010PropOp43
 70
     0
102
RTVSPost2010Prop44ColorIndex
 90
        5
102
RTVSPost2010Prop44ColorRGB
 90
      255
102
RTVSPost2010PropOp44
 70
     0
102
RTVSPost2010Prop45
280
     0
102
RTVSPost2010PropOp45
 70
     1
102
RTVSPost2010Prop46
 90
       50
102
RTVSPost2010PropOp46
 70
     0
102
RTVSPost2010Prop47
 90
       50
102
RTVSPost2010PropOp47
 70
     0
102
RTVSPost2010Prop48
 90
       50
102
RTVSPost2010PropOp48
 70
     0
102
RTVSPost2010Prop49
280
     0
102
RTVSPost2010PropOp49
 70
     1
102
RTVSPost2010Prop50
 90
       50
102
RTVSPost2010PropOp50
 70
     0
102
RTVSPost2010Prop51ColorIndex
 90
      256
102
RTVSPost2010Prop51ColorRGB
 90
-16777216
102
RTVSPost2010PropOp51
 70
     0
102
RTVSPost2010Prop52
140
1.0
102
RTVSPost2010PropOp52
 70
     0
102
RTVSPost2010Prop53
 90
        2
102
RTVSPost2010PropOp53
 70
     0
102
RTVSPost2010Prop54
  1
strokes_ogs.tif
102
RTVSPost2010PropOp54
 70
     0
102
RTVSPost2010Prop55
280
     0
102
RTVSPost2010PropOp55
 70
     1
102
RTVSPost2010Prop56
140
1.0
102
RTVSPost2010PropOp56
 70
     0
102
RTVSPost2010Prop57
140
1.0
102
RTVSPost2010PropOp57
 70
     0
  0
XRECORD
  5
3B0
102
{ACAD_REACTORS
330
3AF
102
}
330
3AF
100
AcDbXrecord
280
     1
102
RTVSPost2010Prop28
280
     0
102
RTVSPost2010PropOp28
 70
     1
102
RTVSPost2010Prop29
280
     1
102
RTVSPost2010PropOp29
 70
     1
102
RTVSPost2010Prop30
280
     1
102
RTVSPost2010PropOp30
 70
     1
102
RTVSPost2010Prop31
280
     0
102
RTVSPost2010PropOp31
 70
     1
102
RTVSPost2010Prop32
280
     0
102
RTVSPost2010PropOp32
 70
     1
102
RTVSPost2010Prop33
280
     0
102
RTVSPost2010PropOp33
 70
     1
102
RTVSPost2010Prop34
280
     0
102
RTVSPost2010PropOp34
 70
     1
102
RTVSPost2010Prop35
280
     0
102
RTVSPost2010PropOp35
 70
     1
102
RTVSPost2010Prop36
280
     0
102
RTVSPost2010PropOp36
 70
     1
102
RTVSPost2010Prop37
 90
       50
102
RTVSPost2010PropOp37
 70
     1
102
RTVSPost2010Prop38
140
0.0
102
RTVSPost2010PropOp38
 70
     1
102
RTVSPost2010Prop39
140
1.0
102
RTVSPost2010PropOp39
 70
     1
102
RTVSPost2010Prop40
 90
        0
102
RTVSPost2010PropOp40
 70
     1
102
RTVSPost2010Prop41ColorIndex
 90
       18
102
RTVSPost2010Prop41ColorRGB
 90
        0
102
RTVSPost2010PropOp41
 70
     1
102
RTVSPost2010Prop42
 90
       50
102
RTVSPost2010PropOp42
 70
     1
102
RTVSPost2010Prop43
 90
        3
102
RTVSPost2010PropOp43
 70
     1
102
RTVSPost2010Prop44ColorIndex
 90
        5
102
RTVSPost2010Prop44ColorRGB
 90
      255
102
RTVSPost2010PropOp44
 70
     1
102
RTVSPost2010Prop45
280
     0
102
RTVSPost2010PropOp45
 70
     1
102
RTVSPost2010Prop46
 90
       50
102
RTVSPost2010PropOp46
 70
     1
102
RTVSPost2010Prop47
 90
       50
102
RTVSPost2010PropOp47
 70
     1
102
RTVSPost2010Prop48
 90
       50
102
RTVSPost2010PropOp48
 70
     1
102
RTVSPost2010Prop49
280
     0
102
RTVSPost2010PropOp49
 70
     1
102
RTVSPost2010Prop50
 90
       50
102
RTVSPost2010PropOp50
 70
     1
102
RTVSPost2010Prop51ColorIndex
 90
      256
102
RTVSPost2010Prop51ColorRGB
 90
-16777216
102
RTVSPost2010PropOp51
 70
     0
102
RTVSPost2010Prop52
140
1.0
102
RTVSPost2010PropOp52
 70
     0
102
RTVSPost2010Prop53
 90
        2
102
RTVSPost2010PropOp53
 70
     1
102
RTVSPost2010Prop54
  1
strokes_ogs.tif
102
RTVSPost2010PropOp54
 70
     1
102
RTVSPost2010Prop55
280
     0
102
RTVSPost2010PropOp55
 70
     1
102
RTVSPost2010Prop56
140
1.0
102
RTVSPost2010PropOp56
 70
     1
102
RTVSPost2010Prop57
140
1.0
102
RTVSPost2010PropOp57
 70
     1
  0
XRECORD
  5
3C2
102
{ACAD_REACTORS
330
3C1
102
}
330
3C1
100
AcDbXrecord
280
     1
102
RTVSPost2010Prop28
280
     0
102
RTVSPost2010PropOp28
 70
     1
102
RTVSPost2010Prop29
280
     1
102
RTVSPost2010PropOp29
 70
     1
102
RTVSPost2010Prop30
280
     1
102
RTVSPost2010PropOp30
 70
     1
102
RTVSPost2010Prop31
280
     0
102
RTVSPost2010PropOp31
 70
     1
102
RTVSPost2010Prop32
280
     0
102
RTVSPost2010PropOp32
 70
     1
102
RTVSPost2010Prop33
280
     0
102
RTVSPost2010PropOp33
 70
     1
102
RTVSPost2010Prop34
280
     0
102
RTVSPost2010PropOp34
 70
     1
102
RTVSPost2010Prop35
280
     0
102
RTVSPost2010PropOp35
 70
     1
102
RTVSPost2010Prop36
280
     0
102
RTVSPost2010PropOp36
 70
     1
102
RTVSPost2010Prop37
 90
       50
102
RTVSPost2010PropOp37
 70
     0
102
RTVSPost2010Prop38
140
0.0
102
RTVSPost2010PropOp38
 70
     0
102
RTVSPost2010Prop39
140
1.0
102
RTVSPost2010PropOp39
 70
     0
102
RTVSPost2010Prop40
 90
        0
102
RTVSPost2010PropOp40
 70
     0
102
RTVSPost2010Prop41ColorIndex
 90
       18
102
RTVSPost2010Prop41ColorRGB
 90
        0
102
RTVSPost2010PropOp41
 70
     0
102
RTVSPost2010Prop42
 90
       50
102
RTVSPost2010PropOp42
 70
     0
102
RTVSPost2010Prop43
 90
        3
102
RTVSPost2010PropOp43
 70
     0
102
RTVSPost2010Prop44ColorIndex
 90
        5
102
RTVSPost2010Prop44ColorRGB
 90
      255
102
RTVSPost2010PropOp44
 70
     0
102
RTVSPost2010Prop45
280
     0
102
RTVSPost2010PropOp45
 70
     1
102
RTVSPost2010Prop46
 90
       50
102
RTVSPost2010PropOp46
 70
     0
102
RTVSPost2010Prop47
 90
       50
102
RTVSPost2010PropOp47
 70
     0
102
RTVSPost2010Prop48
 90
       50
102
RTVSPost2010PropOp48
 70
     0
102
RTVSPost2010Prop49
280
     0
102
RTVSPost2010PropOp49
 70
     1
102
RTVSPost2010Prop50
 90
       50
102
RTVSPost2010PropOp50
 70
     0
102
RTVSPost2010Prop51ColorIndex
 90
      256
102
RTVSPost2010Prop51ColorRGB
 90
-16777216
102
RTVSPost2010PropOp51
 70
     0
102
RTVSPost2010Prop52
140
1.0
102
RTVSPost2010PropOp52
 70
     0
102
RTVSPost2010Prop53
 90
        2
102
RTVSPost2010PropOp53
 70
     0
102
RTVSPost2010Prop54
  1
strokes_ogs.tif
102
RTVSPost2010PropOp54
 70
     0
102
RTVSPost2010Prop55
280
     0
102
RTVSPost2010PropOp55
 70
     1
102
RTVSPost2010Prop56
140
1.0
102
RTVSPost2010PropOp56
 70
     0
102
RTVSPost2010Prop57
140
1.0
102
RTVSPost2010PropOp57
 70
     0
  0
XRECORD
  5
3A8
102
{ACAD_REACTORS
330
3A7
102
}
330
3A7
100
AcDbXrecord
280
     1
102
RTVSPost2010Prop28
280
     0
102
RTVSPost2010PropOp28
 70
     1
102
RTVSPost2010Prop29
280
     1
102
RTVSPost2010PropOp29
 70
     1
102
RTVSPost2010Prop30
280
     1
102
RTVSPost2010PropOp30
 70
     1
102
RTVSPost2010Prop31
280
     0
102
RTVSPost2010PropOp31
 70
     1
102
RTVSPost2010Prop32
280
     0
102
RTVSPost2010PropOp32
 70
     1
102
RTVSPost2010Prop33
280
     0
102
RTVSPost2010PropOp33
 70
     1
102
RTVSPost2010Prop34
280
     0
102
RTVSPost2010PropOp34
 70
     1
102
RTVSPost2010Prop35
280
     0
102
RTVSPost2010PropOp35
 70
     1
102
RTVSPost2010Prop36
280
     0
102
RTVSPost2010PropOp36
 70
     1
102
RTVSPost2010Prop37
 90
       50
102
RTVSPost2010PropOp37
 70
     1
102
RTVSPost2010Prop38
140
0.0
102
RTVSPost2010PropOp38
 70
     1
102
RTVSPost2010Prop39
140
1.0
102
RTVSPost2010PropOp39
 70
     1
102
RTVSPost2010Prop40
 90
        0
102
RTVSPost2010PropOp40
 70
     1
102
RTVSPost2010Prop41ColorIndex
 90
       18
102
RTVSPost2010Prop41ColorRGB
 90
        0
102
RTVSPost2010PropOp41
 70
     1
102
RTVSPost2010Prop42
 90
       50
102
RTVSPost2010PropOp42
 70
     1
102
RTVSPost2010Prop43
 90
        3
102
RTVSPost2010PropOp43
 70
     1
102
RTVSPost2010Prop44ColorIndex
 90
        5
102
RTVSPost2010Prop44ColorRGB
 90
      255
102
RTVSPost2010PropOp44
 70
     1
102
RTVSPost2010Prop45
280
     0
102
RTVSPost2010PropOp45
 70
     1
102
RTVSPost2010Prop46
 90
       50
102
RTVSPost2010PropOp46
 70
     1
102
RTVSPost2010Prop47
 90
       50
102
RTVSPost2010PropOp47
 70
     1
102
RTVSPost2010Prop48
 90
       50
102
RTVSPost2010PropOp48
 70
     1
102
RTVSPost2010Prop49
280
     0
102
RTVSPost2010PropOp49
 70
     1
102
RTVSPost2010Prop50
 90
       50
102
RTVSPost2010PropOp50
 70
     1
102
RTVSPost2010Prop51ColorIndex
 90
      256
102
RTVSPost2010Prop51ColorRGB
 90
-16777216
102
RTVSPost2010PropOp51
 70
     0
102
RTVSPost2010Prop52
140
1.0
102
RTVSPost2010PropOp52
 70
     0
102
RTVSPost2010Prop53
 90
        2
102
RTVSPost2010PropOp53
 70
     1
102
RTVSPost2010Prop54
  1
strokes_ogs.tif
102
RTVSPost2010PropOp54
 70
     1
102
RTVSPost2010Prop55
280
     0
102
RTVSPost2010PropOp55
 70
     1
102
RTVSPost2010Prop56
140
1.0
102
RTVSPost2010PropOp56
 70
     1
102
RTVSPost2010Prop57
140
1.0
102
RTVSPost2010PropOp57
 70
     1
  0
XRECORD
  5
3BE
102
{ACAD_REACTORS
330
3BD
102
}
330
3BD
100
AcDbXrecord
280
     1
102
RTVSPost2010Prop28
280
     0
102
RTVSPost2010PropOp28
 70
     1
102
RTVSPost2010Prop29
280
     1
102
RTVSPost2010PropOp29
 70
     1
102
RTVSPost2010Prop30
280
     1
102
RTVSPost2010PropOp30
 70
     1
102
RTVSPost2010Prop31
280
     0
102
RTVSPost2010PropOp31
 70
     1
102
RTVSPost2010Prop32
280
     0
102
RTVSPost2010PropOp32
 70
     1
102
RTVSPost2010Prop33
280
     0
102
RTVSPost2010PropOp33
 70
     1
102
RTVSPost2010Prop34
280
     0
102
RTVSPost2010PropOp34
 70
     1
102
RTVSPost2010Prop35
280
     0
102
RTVSPost2010PropOp35
 70
     1
102
RTVSPost2010Prop36
280
     0
102
RTVSPost2010PropOp36
 70
     1
102
RTVSPost2010Prop37
 90
       50
102
RTVSPost2010PropOp37
 70
     1
102
RTVSPost2010Prop38
140
0.0
102
RTVSPost2010PropOp38
 70
     1
102
RTVSPost2010Prop39
140
1.0
102
RTVSPost2010PropOp39
 70
     1
102
RTVSPost2010Prop40
 90
        0
102
RTVSPost2010PropOp40
 70
     1
102
RTVSPost2010Prop41ColorIndex
 90
       18
102
RTVSPost2010Prop41ColorRGB
 90
        0
102
RTVSPost2010PropOp41
 70
     1
102
RTVSPost2010Prop42
 90
       50
102
RTVSPost2010PropOp42
 70
     1
102
RTVSPost2010Prop43
 90
        3
102
RTVSPost2010PropOp43
 70
     1
102
RTVSPost2010Prop44ColorIndex
 90
        5
102
RTVSPost2010Prop44ColorRGB
 90
      255
102
RTVSPost2010PropOp44
 70
     1
102
RTVSPost2010Prop45
280
     0
102
RTVSPost2010PropOp45
 70
     1
102
RTVSPost2010Prop46
 90
       50
102
RTVSPost2010PropOp46
 70
     1
102
RTVSPost2010Prop47
 90
       50
102
RTVSPost2010PropOp47
 70
     1
102
RTVSPost2010Prop48
 90
       50
102
RTVSPost2010PropOp48
 70
     1
102
RTVSPost2010Prop49
280
     0
102
RTVSPost2010PropOp49
 70
     1
102
RTVSPost2010Prop50
 90
       50
102
RTVSPost2010PropOp50
 70
     1
102
RTVSPost2010Prop51ColorIndex
 90
      256
102
RTVSPost2010Prop51ColorRGB
 90
-16777216
102
RTVSPost2010PropOp51
 70
     0
102
RTVSPost2010Prop52
140
1.0
102
RTVSPost2010PropOp52
 70
     0
102
RTVSPost2010Prop53
 90
        2
102
RTVSPost2010PropOp53
 70
     1
102
RTVSPost2010Prop54
  1
strokes_ogs.tif
102
RTVSPost2010PropOp54
 70
     1
102
RTVSPost2010Prop55
280
     0
102
RTVSPost2010PropOp55
 70
     1
102
RTVSPost2010Prop56
140
1.0
102
RTVSPost2010PropOp56
 70
     1
102
RTVSPost2010Prop57
140
1.0
102
RTVSPost2010PropOp57
 70
     1
  0
XRECORD
  5
3BC
102
{ACAD_REACTORS
330
3BB
102
}
330
3BB
100
AcDbXrecord
280
     1
102
RTVSPost2010Prop28
280
     0
102
RTVSPost2010PropOp28
 70
     1
102
RTVSPost2010Prop29
280
     1
102
RTVSPost2010PropOp29
 70
     1
102
RTVSPost2010Prop30
280
     1
102
RTVSPost2010PropOp30
 70
     1
102
RTVSPost2010Prop31
280
     0
102
RTVSPost2010PropOp31
 70
     1
102
RTVSPost2010Prop32
280
     0
102
RTVSPost2010PropOp32
 70
     1
102
RTVSPost2010Prop33
280
     0
102
RTVSPost2010PropOp33
 70
     1
102
RTVSPost2010Prop34
280
     0
102
RTVSPost2010PropOp34
 70
     1
102
RTVSPost2010Prop35
280
     0
102
RTVSPost2010PropOp35
 70
     1
102
RTVSPost2010Prop36
280
     0
102
RTVSPost2010PropOp36
 70
     1
102
RTVSPost2010Prop37
 90
       50
102
RTVSPost2010PropOp37
 70
     1
102
RTVSPost2010Prop38
140
0.0
102
RTVSPost2010PropOp38
 70
     1
102
RTVSPost2010Prop39
140
1.0
102
RTVSPost2010PropOp39
 70
     1
102
RTVSPost2010Prop40
 90
        0
102
RTVSPost2010PropOp40
 70
     1
102
RTVSPost2010Prop41ColorIndex
 90
       18
102
RTVSPost2010Prop41ColorRGB
 90
        0
102
RTVSPost2010PropOp41
 70
     1
102
RTVSPost2010Prop42
 90
       50
102
RTVSPost2010PropOp42
 70
     1
102
RTVSPost2010Prop43
 90
        3
102
RTVSPost2010PropOp43
 70
     1
102
RTVSPost2010Prop44ColorIndex
 90
        5
102
RTVSPost2010Prop44ColorRGB
 90
      255
102
RTVSPost2010PropOp44
 70
     1
102
RTVSPost2010Prop45
280
     0
102
RTVSPost2010PropOp45
 70
     1
102
RTVSPost2010Prop46
 90
       50
102
RTVSPost2010PropOp46
 70
     1
102
RTVSPost2010Prop47
 90
       50
102
RTVSPost2010PropOp47
 70
     1
102
RTVSPost2010Prop48
 90
       50
102
RTVSPost2010PropOp48
 70
     1
102
RTVSPost2010Prop49
280
     0
102
RTVSPost2010PropOp49
 70
     1
102
RTVSPost2010Prop50
 90
       50
102
RTVSPost2010PropOp50
 70
     1
102
RTVSPost2010Prop51ColorIndex
 90
      256
102
RTVSPost2010Prop51ColorRGB
 90
-16777216
102
RTVSPost2010PropOp51
 70
     0
102
RTVSPost2010Prop52
140
1.0
102
RTVSPost2010PropOp52
 70
     0
102
RTVSPost2010Prop53
 90
        2
102
RTVSPost2010PropOp53
 70
     1
102
RTVSPost2010Prop54
  1
strokes_ogs.tif
102
RTVSPost2010PropOp54
 70
     1
102
RTVSPost2010Prop55
280
     0
102
RTVSPost2010PropOp55
 70
     1
102
RTVSPost2010Prop56
140
1.0
102
RTVSPost2010PropOp56
 70
     1
102
RTVSPost2010Prop57
140
1.0
102
RTVSPost2010PropOp57
 70
     1
  0
XRECORD
  5
3B6
102
{ACAD_REACTORS
330
3B5
102
}
330
3B5
100
AcDbXrecord
280
     1
102
RTVSPost2010Prop28
280
     0
102
RTVSPost2010PropOp28
 70
     1
102
RTVSPost2010Prop29
280
     1
102
RTVSPost2010PropOp29
 70
     1
102
RTVSPost2010Prop30
280
     1
102
RTVSPost2010PropOp30
 70
     1
102
RTVSPost2010Prop31
280
     0
102
RTVSPost2010PropOp31
 70
     1
102
RTVSPost2010Prop32
280
     0
102
RTVSPost2010PropOp32
 70
     1
102
RTVSPost2010Prop33
280
     0
102
RTVSPost2010PropOp33
 70
     1
102
RTVSPost2010Prop34
280
     0
102
RTVSPost2010PropOp34
 70
     1
102
RTVSPost2010Prop35
280
     0
102
RTVSPost2010PropOp35
 70
     1
102
RTVSPost2010Prop36
280
     0
102
RTVSPost2010PropOp36
 70
     1
102
RTVSPost2010Prop37
 90
       50
102
RTVSPost2010PropOp37
 70
     1
102
RTVSPost2010Prop38
140
0.0
102
RTVSPost2010PropOp38
 70
     1
102
RTVSPost2010Prop39
140
1.0
102
RTVSPost2010PropOp39
 70
     1
102
RTVSPost2010Prop40
 90
        0
102
RTVSPost2010PropOp40
 70
     1
102
RTVSPost2010Prop41ColorIndex
 90
       18
102
RTVSPost2010Prop41ColorRGB
 90
        0
102
RTVSPost2010PropOp41
 70
     1
102
RTVSPost2010Prop42
 90
       50
102
RTVSPost2010PropOp42
 70
     1
102
RTVSPost2010Prop43
 90
        3
102
RTVSPost2010PropOp43
 70
     1
102
RTVSPost2010Prop44ColorIndex
 90
        5
102
RTVSPost2010Prop44ColorRGB
 90
      255
102
RTVSPost2010PropOp44
 70
     1
102
RTVSPost2010Prop45
280
     0
102
RTVSPost2010PropOp45
 70
     1
102
RTVSPost2010Prop46
 90
       50
102
RTVSPost2010PropOp46
 70
     1
102
RTVSPost2010Prop47
 90
       50
102
RTVSPost2010PropOp47
 70
     1
102
RTVSPost2010Prop48
 90
       50
102
RTVSPost2010PropOp48
 70
     1
102
RTVSPost2010Prop49
280
     0
102
RTVSPost2010PropOp49
 70
     1
102
RTVSPost2010Prop50
 90
       50
102
RTVSPost2010PropOp50
 70
     1
102
RTVSPost2010Prop51ColorIndex
 90
      256
102
RTVSPost2010Prop51ColorRGB
 90
-16777216
102
RTVSPost2010PropOp51
 70
     0
102
RTVSPost2010Prop52
140
1.0
102
RTVSPost2010PropOp52
 70
     0
102
RTVSPost2010Prop53
 90
        2
102
RTVSPost2010PropOp53
 70
     1
102
RTVSPost2010Prop54
  1
strokes_ogs.tif
102
RTVSPost2010PropOp54
 70
     1
102
RTVSPost2010Prop55
280
     0
102
RTVSPost2010PropOp55
 70
     1
102
RTVSPost2010Prop56
140
1.0
102
RTVSPost2010PropOp56
 70
     1
102
RTVSPost2010Prop57
140
1.0
102
RTVSPost2010PropOp57
 70
     1
  0
XRECORD
  5
3B8
102
{ACAD_REACTORS
330
3B7
102
}
330
3B7
100
AcDbXrecord
280
     1
102
RTVSPost2010Prop28
280
     0
102
RTVSPost2010PropOp28
 70
     1
102
RTVSPost2010Prop29
280
     1
102
RTVSPost2010PropOp29
 70
     1
102
RTVSPost2010Prop30
280
     1
102
RTVSPost2010PropOp30
 70
     1
102
RTVSPost2010Prop31
280
     0
102
RTVSPost2010PropOp31
 70
     1
102
RTVSPost2010Prop32
280
     0
102
RTVSPost2010PropOp32
 70
     1
102
RTVSPost2010Prop33
280
     0
102
RTVSPost2010PropOp33
 70
     1
102
RTVSPost2010Prop34
280
     0
102
RTVSPost2010PropOp34
 70
     1
102
RTVSPost2010Prop35
280
     0
102
RTVSPost2010PropOp35
 70
     1
102
RTVSPost2010Prop36
280
     0
102
RTVSPost2010PropOp36
 70
     1
102
RTVSPost2010Prop37
 90
       50
102
RTVSPost2010PropOp37
 70
     1
102
RTVSPost2010Prop38
140
0.0
102
RTVSPost2010PropOp38
 70
     1
102
RTVSPost2010Prop39
140
1.0
102
RTVSPost2010PropOp39
 70
     1
102
RTVSPost2010Prop40
 90
        0
102
RTVSPost2010PropOp40
 70
     1
102
RTVSPost2010Prop41ColorIndex
 90
       18
102
RTVSPost2010Prop41ColorRGB
 90
        0
102
RTVSPost2010PropOp41
 70
     1
102
RTVSPost2010Prop42
 90
       50
102
RTVSPost2010PropOp42
 70
     1
102
RTVSPost2010Prop43
 90
        3
102
RTVSPost2010PropOp43
 70
     1
102
RTVSPost2010Prop44ColorIndex
 90
        5
102
RTVSPost2010Prop44ColorRGB
 90
      255
102
RTVSPost2010PropOp44
 70
     1
102
RTVSPost2010Prop45
280
     0
102
RTVSPost2010PropOp45
 70
     1
102
RTVSPost2010Prop46
 90
       50
102
RTVSPost2010PropOp46
 70
     1
102
RTVSPost2010Prop47
 90
       50
102
RTVSPost2010PropOp47
 70
     1
102
RTVSPost2010Prop48
 90
       50
102
RTVSPost2010PropOp48
 70
     1
102
RTVSPost2010Prop49
280
     0
102
RTVSPost2010PropOp49
 70
     1
102
RTVSPost2010Prop50
 90
       50
102
RTVSPost2010PropOp50
 70
     1
102
RTVSPost2010Prop51ColorIndex
 90
      256
102
RTVSPost2010Prop51ColorRGB
 90
-16777216
102
RTVSPost2010PropOp51
 70
     0
102
RTVSPost2010Prop52
140
1.0
102
RTVSPost2010PropOp52
 70
     0
102
RTVSPost2010Prop53
 90
        2
102
RTVSPost2010PropOp53
 70
     1
102
RTVSPost2010Prop54
  1
strokes_ogs.tif
102
RTVSPost2010PropOp54
 70
     1
102
RTVSPost2010Prop55
280
     0
102
RTVSPost2010PropOp55
 70
     1
102
RTVSPost2010Prop56
140
1.0
102
RTVSPost2010PropOp56
 70
     1
102
RTVSPost2010Prop57
140
1.0
102
RTVSPost2010PropOp57
 70
     1
  0
XRECORD
  5
3AE
102
{ACAD_REACTORS
330
3AD
102
}
330
3AD
100
AcDbXrecord
280
     1
102
RTVSPost2010Prop28
280
     0
102
RTVSPost2010PropOp28
 70
     1
102
RTVSPost2010Prop29
280
     1
102
RTVSPost2010PropOp29
 70
     1
102
RTVSPost2010Prop30
280
     1
102
RTVSPost2010PropOp30
 70
     1
102
RTVSPost2010Prop31
280
     0
102
RTVSPost2010PropOp31
 70
     1
102
RTVSPost2010Prop32
280
     0
102
RTVSPost2010PropOp32
 70
     1
102
RTVSPost2010Prop33
280
     0
102
RTVSPost2010PropOp33
 70
     1
102
RTVSPost2010Prop34
280
     0
102
RTVSPost2010PropOp34
 70
     1
102
RTVSPost2010Prop35
280
     0
102
RTVSPost2010PropOp35
 70
     1
102
RTVSPost2010Prop36
280
     0
102
RTVSPost2010PropOp36
 70
     1
102
RTVSPost2010Prop37
 90
       50
102
RTVSPost2010PropOp37
 70
     1
102
RTVSPost2010Prop38
140
0.0
102
RTVSPost2010PropOp38
 70
     1
102
RTVSPost2010Prop39
140
1.0
102
RTVSPost2010PropOp39
 70
     1
102
RTVSPost2010Prop40
 90
        0
102
RTVSPost2010PropOp40
 70
     1
102
RTVSPost2010Prop41ColorIndex
 90
       18
102
RTVSPost2010Prop41ColorRGB
 90
        0
102
RTVSPost2010PropOp41
 70
     1
102
RTVSPost2010Prop42
 90
       50
102
RTVSPost2010PropOp42
 70
     1
102
RTVSPost2010Prop43
 90
        3
102
RTVSPost2010PropOp43
 70
     1
102
RTVSPost2010Prop44ColorIndex
 90
        5
102
RTVSPost2010Prop44ColorRGB
 90
      255
102
RTVSPost2010PropOp44
 70
     1
102
RTVSPost2010Prop45
280
     0
102
RTVSPost2010PropOp45
 70
     1
102
RTVSPost2010Prop46
 90
       50
102
RTVSPost2010PropOp46
 70
     1
102
RTVSPost2010Prop47
 90
       50
102
RTVSPost2010PropOp47
 70
     1
102
RTVSPost2010Prop48
 90
       50
102
RTVSPost2010PropOp48
 70
     1
102
RTVSPost2010Prop49
280
     0
102
RTVSPost2010PropOp49
 70
     1
102
RTVSPost2010Prop50
 90
       50
102
RTVSPost2010PropOp50
 70
     1
102
RTVSPost2010Prop51ColorIndex
 90
      256
102
RTVSPost2010Prop51ColorRGB
 90
-16777216
102
RTVSPost2010PropOp51
 70
     0
102
RTVSPost2010Prop52
140
1.0
102
RTVSPost2010PropOp52
 70
     0
102
RTVSPost2010Prop53
 90
        2
102
RTVSPost2010PropOp53
 70
     1
102
RTVSPost2010Prop54
  1
strokes_ogs.tif
102
RTVSPost2010PropOp54
 70
     1
102
RTVSPost2010Prop55
280
     0
102
RTVSPost2010PropOp55
 70
     1
102
RTVSPost2010Prop56
140
1.0
102
RTVSPost2010PropOp56
 70
     1
102
RTVSPost2010Prop57
140
1.0
102
RTVSPost2010PropOp57
 70
     1
  0
XRECORD
  5
3A2
102
{ACAD_REACTORS
330
3A1
102
}
330
3A1
100
AcDbXrecord
280
     1
102
RTVSPost2010Prop28
280
     0
102
RTVSPost2010PropOp28
 70
     1
102
RTVSPost2010Prop29
280
     1
102
RTVSPost2010PropOp29
 70
     1
102
RTVSPost2010Prop30
280
     1
102
RTVSPost2010PropOp30
 70
     1
102
RTVSPost2010Prop31
280
     0
102
RTVSPost2010PropOp31
 70
     1
102
RTVSPost2010Prop32
280
     0
102
RTVSPost2010PropOp32
 70
     1
102
RTVSPost2010Prop33
280
     0
102
RTVSPost2010PropOp33
 70
     1
102
RTVSPost2010Prop34
280
     0
102
RTVSPost2010PropOp34
 70
     1
102
RTVSPost2010Prop35
280
     0
102
RTVSPost2010PropOp35
 70
     1
102
RTVSPost2010Prop36
280
     0
102
RTVSPost2010PropOp36
 70
     1
102
RTVSPost2010Prop37
 90
       50
102
RTVSPost2010PropOp37
 70
     1
102
RTVSPost2010Prop38
140
0.0
102
RTVSPost2010PropOp38
 70
     1
102
RTVSPost2010Prop39
140
1.0
102
RTVSPost2010PropOp39
 70
     1
102
RTVSPost2010Prop40
 90
        0
102
RTVSPost2010PropOp40
 70
     1
102
RTVSPost2010Prop41ColorIndex
 90
       18
102
RTVSPost2010Prop41ColorRGB
 90
        0
102
RTVSPost2010PropOp41
 70
     1
102
RTVSPost2010Prop42
 90
       50
102
RTVSPost2010PropOp42
 70
     1
102
RTVSPost2010Prop43
 90
        3
102
RTVSPost2010PropOp43
 70
     1
102
RTVSPost2010Prop44ColorIndex
 90
        5
102
RTVSPost2010Prop44ColorRGB
 90
      255
102
RTVSPost2010PropOp44
 70
     1
102
RTVSPost2010Prop45
280
     0
102
RTVSPost2010PropOp45
 70
     1
102
RTVSPost2010Prop46
 90
       50
102
RTVSPost2010PropOp46
 70
     1
102
RTVSPost2010Prop47
 90
       50
102
RTVSPost2010PropOp47
 70
     1
102
RTVSPost2010Prop48
 90
       50
102
RTVSPost2010PropOp48
 70
     1
102
RTVSPost2010Prop49
280
     0
102
RTVSPost2010PropOp49
 70
     1
102
RTVSPost2010Prop50
 90
       50
102
RTVSPost2010PropOp50
 70
     1
102
RTVSPost2010Prop51ColorIndex
 90
      256
102
RTVSPost2010Prop51ColorRGB
 90
-16777216
102
RTVSPost2010PropOp51
 70
     0
102
RTVSPost2010Prop52
140
1.0
102
RTVSPost2010PropOp52
 70
     0
102
RTVSPost2010Prop53
 90
        2
102
RTVSPost2010PropOp53
 70
     1
102
RTVSPost2010Prop54
  1
strokes_ogs.tif
102
RTVSPost2010PropOp54
 70
     1
102
RTVSPost2010Prop55
280
     0
102
RTVSPost2010PropOp55
 70
     1
102
RTVSPost2010Prop56
140
1.0
102
RTVSPost2010PropOp56
 70
     1
102
RTVSPost2010Prop57
140
1.0
102
RTVSPost2010PropOp57
 70
     1
  0
XRECORD
  5
3BA
102
{ACAD_REACTORS
330
3B9
102
}
330
3B9
100
AcDbXrecord
280
     1
102
RTVSPost2010Prop28
280
     0
102
RTVSPost2010PropOp28
 70
     1
102
RTVSPost2010Prop29
280
     1
102
RTVSPost2010PropOp29
 70
     1
102
RTVSPost2010Prop30
280
     1
102
RTVSPost2010PropOp30
 70
     1
102
RTVSPost2010Prop31
280
     0
102
RTVSPost2010PropOp31
 70
     1
102
RTVSPost2010Prop32
280
     0
102
RTVSPost2010PropOp32
 70
     1
102
RTVSPost2010Prop33
280
     0
102
RTVSPost2010PropOp33
 70
     1
102
RTVSPost2010Prop34
280
     0
102
RTVSPost2010PropOp34
 70
     1
102
RTVSPost2010Prop35
280
     0
102
RTVSPost2010PropOp35
 70
     1
102
RTVSPost2010Prop36
280
     0
102
RTVSPost2010PropOp36
 70
     1
102
RTVSPost2010Prop37
 90
       50
102
RTVSPost2010PropOp37
 70
     1
102
RTVSPost2010Prop38
140
0.0
102
RTVSPost2010PropOp38
 70
     1
102
RTVSPost2010Prop39
140
1.0
102
RTVSPost2010PropOp39
 70
     1
102
RTVSPost2010Prop40
 90
        0
102
RTVSPost2010PropOp40
 70
     1
102
RTVSPost2010Prop41ColorIndex
 90
       18
102
RTVSPost2010Prop41ColorRGB
 90
        0
102
RTVSPost2010PropOp41
 70
     1
102
RTVSPost2010Prop42
 90
       50
102
RTVSPost2010PropOp42
 70
     1
102
RTVSPost2010Prop43
 90
        3
102
RTVSPost2010PropOp43
 70
     1
102
RTVSPost2010Prop44ColorIndex
 90
        5
102
RTVSPost2010Prop44ColorRGB
 90
      255
102
RTVSPost2010PropOp44
 70
     1
102
RTVSPost2010Prop45
280
     0
102
RTVSPost2010PropOp45
 70
     1
102
RTVSPost2010Prop46
 90
       50
102
RTVSPost2010PropOp46
 70
     1
102
RTVSPost2010Prop47
 90
       50
102
RTVSPost2010PropOp47
 70
     1
102
RTVSPost2010Prop48
 90
       50
102
RTVSPost2010PropOp48
 70
     1
102
RTVSPost2010Prop49
280
     0
102
RTVSPost2010PropOp49
 70
     1
102
RTVSPost2010Prop50
 90
       50
102
RTVSPost2010PropOp50
 70
     1
102
RTVSPost2010Prop51ColorIndex
 90
      256
102
RTVSPost2010Prop51ColorRGB
 90
-16777216
102
RTVSPost2010PropOp51
 70
     0
102
RTVSPost2010Prop52
140
1.0
102
RTVSPost2010PropOp52
 70
     0
102
RTVSPost2010Prop53
 90
        2
102
RTVSPost2010PropOp53
 70
     1
102
RTVSPost2010Prop54
  1
strokes_ogs.tif
102
RTVSPost2010PropOp54
 70
     1
102
RTVSPost2010Prop55
280
     0
102
RTVSPost2010PropOp55
 70
     1
102
RTVSPost2010Prop56
140
1.0
102
RTVSPost2010PropOp56
 70
     1
102
RTVSPost2010Prop57
140
1.0
102
RTVSPost2010PropOp57
 70
     1
  0
ENDSEC
  0
EOF
