  0
SECTION
  2
HEADER
  9
$ACADVER
  1
AC1024
  9
$ACADMAINTVER
 70
   226
  9
$DWGCODEPAGE
  3
ANSI_949
  9
$LASTSAVEDBY
  1
junkibeom
  9
$INSBASE
 10
0.0
 20
0.0
 30
0.0
  9
$EXTMIN
 10
307.7938809946949
 20
-154.9575228245968
 30
0.0
  9
$EXTMAX
 10
593.5439369957997
 20
-48.24244800261347
 30
0.0
  9
$LIMMIN
 10
0.0
 20
0.0
  9
$LIMMAX
 10
12.0
 20
9.0
  9
$ORTHOMODE
 70
     0
  9
$REGENMODE
 70
     1
  9
$FILLMODE
 70
     1
  9
$QTEXTMODE
 70
     0
  9
$MIRRTEXT
 70
     0
  9
$LTSCALE
 40
1.0
  9
$ATTMODE
 70
     1
  9
$TEXTSIZE
 40
0.2
  9
$TRACEWID
 40
0.05
  9
$TEXTSTYLE
  7
Standard
  9
$CLAYER
  8
0
  9
$CELTYPE
  6
CONTINUOUS
  9
$CECOLOR
 62
   256
  9
$CELTSCALE
 40
1.0
  9
$DISPSILH
 70
     0
  9
$DIMSCALE
 40
1.0
  9
$DIMASZ
 40
0.18
  9
$DIMEXO
 40
0.0625
  9
$DIMDLI
 40
0.38
  9
$DIMRND
 40
0.0
  9
$DIMDLE
 40
0.0
  9
$DIMEXE
 40
0.18
  9
$DIMTP
 40
0.0
  9
$DIMTM
 40
0.0
  9
$DIMTXT
 40
0.18
  9
$DIMCEN
 40
0.09
  9
$DIMTSZ
 40
0.0
  9
$DIMTOL
 70
     0
  9
$DIMLIM
 70
     0
  9
$DIMTIH
 70
     1
  9
$DIMTOH
 70
     1
  9
$DIMSE1
 70
     0
  9
$DIMSE2
 70
     0
  9
$DIMTAD
 70
     0
  9
$DIMZIN
 70
     0
  9
$DIMBLK
  1

  9
$DIMASO
 70
     1
  9
$DIMSHO
 70
     1
  9
$DIMPOST
  1

  9
$DIMAPOST
  1

  9
$DIMALT
 70
     0
  9
$DIMALTD
 70
     2
  9
$DIMALTF
 40
25.4
  9
$DIMLFAC
 40
1.0
  9
$DIMTOFL
 70
     0
  9
$DIMTVP
 40
0.0
  9
$DIMTIX
 70
     0
  9
$DIMSOXD
 70
     0
  9
$DIMSAH
 70
     0
  9
$DIMBLK1
  1

  9
$DIMBLK2
  1

  9
$DIMSTYLE
  2
Standard
  9
$DIMCLRD
 70
     0
  9
$DIMCLRE
 70
     0
  9
$DIMCLRT
 70
     0
  9
$DIMTFAC
 40
1.0
  9
$DIMGAP
 40
0.09
  9
$DIMJUST
 70
     0
  9
$DIMSD1
 70
     0
  9
$DIMSD2
 70
     0
  9
$DIMTOLJ
 70
     1
  9
$DIMTZIN
 70
     0
  9
$DIMALTZ
 70
     0
  9
$DIMALTTZ
 70
     0
  9
$DIMUPT
 70
     0
  9
$DIMDEC
 70
     4
  9
$DIMTDEC
 70
     4
  9
$DIMALTU
 70
     2
  9
$DIMALTTD
 70
     2
  9
$DIMTXSTY
  7
Standard
  9
$DIMAUNIT
 70
     0
  9
$DIMADEC
 70
     0
  9
$DIMALTRND
 40
0.0
  9
$DIMAZIN
 70
     0
  9
$DIMDSEP
 70
    46
  9
$DIMATFIT
 70
     3
  9
$DIMFRAC
 70
     0
  9
$DIMLDRBLK
  1

  9
$DIMLUNIT
 70
     2
  9
$DIMLWD
 70
    -2
  9
$DIMLWE
 70
    -2
  9
$DIMTMOVE
 70
     0
  9
$DIMFXL
 40
1.0
  9
$DIMFXLON
 70
     0
  9
$DIMJOGANG
 40
0.7853981633974483
  9
$DIMTFILL
 70
     0
  9
$DIMTFILLCLR
 70
     0
  9
$DIMARCSYM
 70
     0
  9
$DIMLTYPE
  6

  9
$DIMLTEX1
  6

  9
$DIMLTEX2
  6

  9
$DIMTXTDIRECTION
 70
     0
  9
$LUNITS
 70
     2
  9
$LUPREC
 70
     4
  9
$SKETCHINC
 40
0.1
  9
$FILLETRAD
 40
0.0
  9
$AUNITS
 70
     0
  9
$AUPREC
 70
     0
  9
$MENU
  1
.
  9
$ELEVATION
 40
0.0
  9
$PELEVATION
 40
0.0
  9
$THICKNESS
 40
0.0
  9
$LIMCHECK
 70
     0
  9
$CHAMFERA
 40
0.0
  9
$CHAMFERB
 40
0.0
  9
$CHAMFERC
 40
0.0
  9
$CHAMFERD
 40
0.0
  9
$SKPOLY
 70
     0
  9
$TDCREATE
 40
2461248.959409722
  9
$TDUCREATE
 40
2461248.584409722
  9
$TDUPDATE
 40
2461248.959513889
  9
$TDUUPDATE
 40
2461248.584513889
  9
$TDINDWG
 40
0.0001041667
  9
$TDUSRTIMER
 40
0.0001041667
  9
$USRTIMER
 70
     1
  9
$ANGBASE
 50
0.0
  9
$ANGDIR
 70
     1
  9
$PDMODE
 70
     0
  9
$PDSIZE
 40
0.0
  9
$PLINEWID
 40
0.0
  9
$SPLFRAME
 70
     0
  9
$SPLINETYPE
 70
     6
  9
$SPLINESEGS
 70
     8
  9
$HANDSEED
  5
3D4
  9
$SURFTAB1
 70
     6
  9
$SURFTAB2
 70
     6
  9
$SURFTYPE
 70
     6
  9
$SURFU
 70
     6
  9
$SURFV
 70
     6
  9
$UCSBASE
  2

  9
$UCSNAME
  2

  9
$UCSORG
 10
0.0
 20
0.0
 30
0.0
  9
$UCSXDIR
 10
1.0
 20
0.0
 30
0.0
  9
$UCSYDIR
 10
0.0
 20
1.0
 30
0.0
  9
$UCSORTHOREF
  2

  9
$UCSORTHOVIEW
 70
     0
  9
$UCSORGTOP
 10
0.0
 20
0.0
 30
0.0
  9
$UCSORGBOTTOM
 10
0.0
 20
0.0
 30
0.0
  9
$UCSORGLEFT
 10
0.0
 20
0.0
 30
0.0
  9
$UCSORGRIGHT
 10
0.0
 20
0.0
 30
0.0
  9
$UCSORGFRONT
 10
0.0
 20
0.0
 30
0.0
  9
$UCSORGBACK
 10
0.0
 20
0.0
 30
0.0
  9
$PUCSBASE
  2

  9
$PUCSNAME
  2

  9
$PUCSORG
 10
0.0
 20
0.0
 30
0.0
  9
$PUCSXDIR
 10
1.0
 20
0.0
 30
0.0
  9
$PUCSYDIR
 10
0.0
 20
1.0
 30
0.0
  9
$PUCSORTHOREF
  2

  9
$PUCSORTHOVIEW
 70
     0
  9
$PUCSORGTOP
 10
0.0
 20
0.0
 30
0.0
  9
$PUCSORGBOTTOM
 10
0.0
 20
0.0
 30
0.0
  9
$PUCSORGLEFT
 10
0.0
 20
0.0
 30
0.0
  9
$PUCSORGRIGHT
 10
0.0
 20
0.0
 30
0.0
  9
$PUCSORGFRONT
 10
0.0
 20
0.0
 30
0.0
  9
$PUCSORGBACK
 10
0.0
 20
0.0
 30
0.0
  9
$USERI1
 70
     0
  9
$USERI2
 70
     0
  9
$USERI3
 70
     0
  9
$USERI4
 70
     0
  9
$USERI5
 70
     0
  9
$USERR1
 40
0.0
  9
$USERR2
 40
0.0
  9
$USERR3
 40
0.0
  9
$USERR4
 40
0.0
  9
$USERR5
 40
0.0
  9
$WORLDVIEW
 70
     1
  9
$SHADEDGE
 70
     3
  9
$SHADEDIF
 70
    70
  9
$TILEMODE
 70
     1
  9
$MAXACTVP
 70
    64
  9
$PINSBASE
 10
0.0
 20
0.0
 30
0.0
  9
$PLIMCHECK
 70
     0
  9
$PEXTMIN
 10
1.000000000000000E+20
 20
1.000000000000000E+20
 30
1.000000000000000E+20
  9
$PEXTMAX
 10
-1.000000000000000E+20
 20
-1.000000000000000E+20
 30
-1.000000000000000E+20
  9
$PLIMMIN
 10
0.0
 20
0.0
  9
$PLIMMAX
 10
12.0
 20
9.0
  9
$UNITMODE
 70
     0
  9
$VISRETAIN
 70
     1
  9
$PLINEGEN
 70
     0
  9
$PSLTSCALE
 70
     1
  9
$TREEDEPTH
 70
  3020
  9
$CMLSTYLE
  2
Standard
  9
$CMLJUST
 70
     0
  9
$CMLSCALE
 40
1.0
  9
$PROXYGRAPHICS
 70
     1
  9
$MEASUREMENT
 70
     1
  9
$CELWEIGHT
370
    -1
  9
$ENDCAPS
280
     0
  9
$JOINSTYLE
280
     0
  9
$LWDISPLAY
290
     0
  9
$INSUNITS
 70
     0
  9
$HYPERLINKBASE
  1

  9
$STYLESHEET
  1

  9
$XEDIT
290
     1
  9
$CEPSNTYPE
380
     0
  9
$PSTYLEMODE
290
     1
  9
$FINGERPRINTGUID
  2
{76B150FD-0989-BA4F-8937-36779849B59E}
  9
$VERSIONGUID
  2
{378C7EA7-3B1C-6443-A743-998617E0D53C}
  9
$EXTNAMES
290
     1
  9
$PSVPSCALE
 40
0.0
  9
$OLESTARTUP
290
     0
  9
$SORTENTS
280
   127
  9
$INDEXCTL
280
     0
  9
$HIDETEXT
280
     0
  9
$XCLIPFRAME
280
     2
  9
$HALOGAP
280
     0
  9
$OBSCOLOR
 70
   257
  9
$OBSLTYPE
280
     0
  9
$INTERSECTIONDISPLAY
280
     0
  9
$INTERSECTIONCOLOR
 70
   257
  9
$DIMASSOC
280
     1
  9
$PROJECTNAME
  1

  9
$CAMERADISPLAY
290
     0
  9
$LENSLENGTH
 40
50.0
  9
$CAMERAHEIGHT
 40
0.0
  9
$STEPSPERSEC
 40
2.0
  9
$STEPSIZE
 40
6.0
  9
$3DDWFPREC
 40
2.0
  9
$PSOLWIDTH
 40
0.25
  9
$PSOLHEIGHT
 40
4.0
  9
$LOFTANG1
 40
1.570796326794896
  9
$LOFTANG2
 40
1.570796326794896
  9
$LOFTMAG1
 40
0.0
  9
$LOFTMAG2
 40
0.0
  9
$LOFTPARAM
 70
     7
  9
$LOFTNORMALS
280
     1
  9
$LATITUDE
 40
37.795
  9
$LONGITUDE
 40
-122.394
  9
$NORTHDIRECTION
 40
0.0
  9
$TIMEZONE
 70
 -8000
  9
$LIGHTGLYPHDISPLAY
280
     1
  9
$TILEMODELIGHTSYNCH
280
     1
  9
$CMATERIAL
347
11
  9
$SOLIDHIST
280
     0
  9
$SHOWHIST
280
     1
  9
$DWFFRAME
280
     2
  9
$DGNFRAME
280
     0
  9
$REALWORLDSCALE
290
     1
  9
$INTERFERECOLOR
 62
     1
  9
$INTERFEREOBJVS
345
33
  9
$INTERFEREVPVS
346
30
  9
$CSHADOW
280
     0
  9
$SHADOWPLANELOCATION
 40
0.0
  0
ENDSEC
  0
SECTION
  2
CLASSES
  0
CLASS
  1
ACDBDICTIONARYWDFLT
  2
AcDbDictionaryWithDefault
  3
ObjectDBX Classes
 90
        0
 91
        1
280
     0
281
     0
  0
CLASS
  1
MATERIAL
  2
AcDbMaterial
  3
ObjectDBX Classes
 90
     1153
 91
        3
280
     0
281
     0
  0
CLASS
  1
VISUALSTYLE
  2
AcDbVisualStyle
  3
ObjectDBX Classes
 90
     4095
 91
       24
280
     0
281
     0
  0
CLASS
  1
SCALE
  2
AcDbScale
  3
ObjectDBX Classes
 90
     1153
 91
       17
280
     0
281
     0
  0
CLASS
  1
TABLESTYLE
  2
AcDbTableStyle
  3
ObjectDBX Classes
 90
     4095
 91
        1
280
     0
281
     0
  0
CLASS
  1
MLEADERSTYLE
  2
AcDbMLeaderStyle
  3
ACDB_MLEADERSTYLE_CLASS
 90
     4095
 91
        1
280
     0
281
     0
  0
CLASS
  1
ACDBSECTIONVIEWSTYLE
  2
AcDbSectionViewStyle
  3
ObjectDBX Classes
 90
     1025
 91
        2
280
     0
281
     0
  0
CLASS
  1
ACDBDETAILVIEWSTYLE
  2
AcDbDetailViewStyle
  3
ObjectDBX Classes
 90
     1025
 91
        2
280
     0
281
     0
  0
CLASS
  1
SOLID_BACKGROUND
  2
AcDbSolidBackground
  3
SCENEOE
 90
     4095
 91
        1
280
     0
281
     0
  0
CLASS
  1
NPOCOLLECTION
  2
AcDbImpNonPersistentObjectsCollection
  3
ObjectDBX Classes
 90
     1153
 91
        1
280
     0
281
     0
  0
CLASS
  1
GROUND_PLANE_BACKGROUND
  2
AcDbGroundPlaneBackground
  3
SCENEOE
 90
     4095
 91
        1
280
     0
281
     0
  0
CLASS
  1
DICTIONARYVAR
  2
AcDbDictionaryVar
  3
ObjectDBX Classes
 90
        0
 91
        9
280
     0
281
     0
  0
CLASS
  1
CELLSTYLEMAP
  2
AcDbCellStyleMap
  3
ObjectDBX Classes
 90
     1152
 91
        1
280
     0
281
     0
  0
ENDSEC
  0
SECTION
  2
TABLES
  0
TABLE
  2
VPORT
  5
8
330
0
100
AcDbSymbolTable
 70
     1
  0
VPORT
  5
7D
330
8
100
AcDbSymbolTableRecord
100
AcDbViewportTableRecord
  2
*Active
 70
     0
 10
0.0
 20
0.0
 11
1.0
 21
1.0
 12
0.0
 22
0.0
 13
0.0
 23
0.0
 14
1.0
 24
1.0
 15
0.0
 25
0.0
 16
-0.0000000000001705
 26
0.0
 36
649.7986036807978
 17
450.6689147949218
 27
-101.599983215332
 37
0.0
 40
305.0265629554474
 41
1.42328618063112
 42
50.0
 43
0.0
 44
0.0
 50
0.0
 51
0.0
 71
     0
 72
   100
 73
     1
 74
     1
 75
     0
 76
     0
 77
     0
 78
     0
281
     0
 65
     1
110
0.0
120
0.0
130
0.0
111
1.0
121
0.0
131
0.0
112
0.0
122
1.0
132
0.0
 79
     0
146
0.0
348
2F
 60
     3
 61
     5
292
     1
282
     1
141
0.0
142
0.0
 63
   250
421
  3355443
1001
ACAD_NAV_VCDISPLAY
1070
     3
  0
ENDTAB
  0
TABLE
  2
LTYPE
  5
5
330
0
100
AcDbSymbolTable
 70
     4
  0
LTYPE
  5
5A
330
5
100
AcDbSymbolTableRecord
100
AcDbLinetypeTableRecord
  2
ByBlock
 70
     0
  3

 72
    65
 73
     0
 40
0.0
  0
LTYPE
  5
5B
330
5
100
AcDbSymbolTableRecord
100
AcDbLinetypeTableRecord
  2
ByLayer
 70
     0
  3

 72
    65
 73
     0
 40
0.0
  0
LTYPE
  5
5C
330
5
100
AcDbSymbolTableRecord
100
AcDbLinetypeTableRecord
  2
CONTINUOUS
 70
     0
  3
Solid line
 72
    65
 73
     0
 40
0.0
  0
LTYPE
  5
73
330
5
100
AcDbSymbolTableRecord
100
AcDbLinetypeTableRecord
  2
DASHDOT
 70
     0
  3
Dash Dot ____ _ ____ _
 72
    65
 73
     4
 40
2.0
 49
1.25
 74
     0
 49
-0.25
 74
     0
 49
0.25
 74
     0
 49
-0.25
 74
     0
  0
LTYPE
  5
74
330
5
100
AcDbSymbolTableRecord
100
AcDbLinetypeTableRecord
  2
DASHED
 70
     0
  3
Dashed __ __ __ __ __
 72
    65
 73
     2
 40
0.75
 49
0.5
 74
     0
 49
-0.25
 74
     0
  0
LTYPE
  5
75
330
5
100
AcDbSymbolTableRecord
100
AcDbLinetypeTableRecord
  2
DOTTED
 70
     0
  3
Dotted .  .  .  .
 72
    65
 73
     2
 40
0.2
 49
0.0
 74
     0
 49
-0.2
 74
     0
  0
ENDTAB
  0
TABLE
  2
LAYER
  5
2
102
{ACAD_XDICTIONARY
360
380
102
}
330
0
100
AcDbSymbolTable
 70
     2
  0
LAYER
  5
54
102
{ACAD_XDICTIONARY
360
379
102
}
330
2
100
AcDbSymbolTableRecord
100
AcDbLayerTableRecord
  2
0
 70
     0
 62
     7
  6
CONTINUOUS
370
    -3
390
F
347
21
  0
LAYER
  5
7A
102
{ACAD_XDICTIONARY
360
37B
102
}
330
2
100
AcDbSymbolTableRecord
100
AcDbLayerTableRecord
  2
BLACK
 70
     0
 62
     7
  6
CONTINUOUS
370
    -3
390
F
347
21
  0
ENDTAB
  0
TABLE
  2
STYLE
  5
3
330
0
100
AcDbSymbolTable
 70
     6
  0
STYLE
  5
55
330
3
100
AcDbSymbolTableRecord
100
AcDbTextStyleTableRecord
  2
Standard
 70
     0
 40
0.0
 41
1.0
 50
0.0
 71
     0
 42
0.2
  3
txt
  4

  0
STYLE
  5
59
330
3
100
AcDbSymbolTableRecord
100
AcDbTextStyleTableRecord
  2
Annotative
 70
     0
 40
0.0
 41
1.0
 50
0.0
 71
     0
 42
0.2
  3
txt
  4

1001
AcadAnnotative
1000
AnnotativeData
1002
{
1070
     1
1070
     1
1002
}
  0
STYLE
  5
76
330
3
100
AcDbSymbolTableRecord
100
AcDbTextStyleTableRecord
  2
KICAD
 70
     0
 40
0.0
 41
1.0
 50
0.0
 71
     0
 42
1.0
  3
isocp.shx
  4

  0
STYLE
  5
77
330
3
100
AcDbSymbolTableRecord
100
AcDbTextStyleTableRecord
  2
KICADB
 70
     0
 40
0.0
 41
1.0
 50
0.0
 71
     0
 42
1.0
  3
isocp.shx
  4

  0
STYLE
  5
78
330
3
100
AcDbSymbolTableRecord
100
AcDbTextStyleTableRecord
  2
KICADI
 70
     0
 40
0.0
 41
1.0
 50
15.0
 71
     0
 42
1.0
  3
isocp.shx
  4

  0
STYLE
  5
79
330
3
100
AcDbSymbolTableRecord
100
AcDbTextStyleTableRecord
  2
KICADBI
 70
     0
 40
0.0
 41
1.0
 50
15.0
 71
     0
 42
1.0
  3
isocp.shx
  4

  0
ENDTAB
  0
TABLE
  2
VIEW
  5
6
330
0
100
AcDbSymbolTable
 70
     1
  0
ENDTAB
  0
TABLE
  2
UCS
  5
7
330
0
100
AcDbSymbolTable
 70
     0
  0
ENDTAB
  0
TABLE
  2
APPID
  5
9
330
0
100
AcDbSymbolTable
 70
     3
  0
APPID
  5
56
330
9
100
AcDbSymbolTableRecord
100
AcDbRegAppTableRecord
  2
ACAD
 70
     0
  0
APPID
  5
5D
330
9
100
AcDbSymbolTableRecord
100
AcDbRegAppTableRecord
  2
AcadAnnotative
 70
     0
  0
APPID
  5
390
330
9
100
AcDbSymbolTableRecord
100
AcDbRegAppTableRecord
  2
ACAD_NAV_VCDISPLAY
 70
     0
  0
ENDTAB
  0
TABLE
  2
DIMSTYLE
  5
A
330
0
100
AcDbSymbolTable
 70
     2
100
AcDbDimStyleTable
 71
     0
  0
DIMSTYLE
105
57
330
A
100
AcDbSymbolTableRecord
100
AcDbDimStyleTableRecord
  2
Standard
 70
     0
340
55
  0
DIMSTYLE
105
58
330
A
100
AcDbSymbolTableRecord
100
AcDbDimStyleTableRecord
  2
Annotative
 70
     0
340
55
1001
AcadAnnotative
1000
AnnotativeData
1002
{
1070
     1
1070
     1
1002
}
  0
ENDTAB
  0
TABLE
  2
BLOCK_RECORD
  5
1
330
0
100
AcDbSymbolTable
 70
     0
  0
BLOCK_RECORD
  5
6F
330
1
100
AcDbSymbolTableRecord
100
AcDbBlockTableRecord
  2
*Model_Space
340
72
 70
     0
280
     1
281
     0
  0
BLOCK_RECORD
  5
6B
330
1
100
AcDbSymbolTableRecord
100
AcDbBlockTableRecord
  2
*Paper_Space
340
6E
 70
     0
280
     1
281
     0
  0
ENDTAB
  0
ENDSEC
  0
SECTION
  2
BLOCKS
  0
BLOCK
  5
70
330
6F
100
AcDbEntity
  8
0
100
AcDbBlockBegin
  2
*Model_Space
 70
     0
 10
0.0
 20
0.0
 30
0.0
  3
*Model_Space
  1

  0
ENDBLK
  5
71
330
6F
100
AcDbEntity
  8
0
100
AcDbBlockEnd
  0
BLOCK
  5
6C
330
6B
100
AcDbEntity
 67
     1
  8
0
100
AcDbBlockBegin
  2
*Paper_Space
 70
     0
 10
0.0
 20
0.0
 30
0.0
  3
*Paper_Space
  1

  0
ENDBLK
  5
6D
330
6B
100
AcDbEntity
 67
     1
  8
0
100
AcDbBlockEnd
  0
ENDSEC
  0
SECTION
  2
ENTITIES
  0
ARC
  5
7E
330
6F
100
AcDbEntity
  8
BLACK
100
AcDbCircle
 10
584.531334
 20
-77.575001
 30
0.0
 40
2.074999999999999
100
AcDbArc
 50
0.0
 51
90.0
  0
LINE
  5
7F
330
6F
100
AcDbEntity
  8
BLACK
  6
Continuous
100
AcDbLine
 10
557.865984
 20
-106.275441
 30
0.0
 11
557.461944
 21
-106.275441
 31
0.0
  0
ARC
  5
80
330
6F
100
AcDbEntity
  8
BLACK
100
AcDbCircle
 10
586.358734
 20
-108.000401
 30
0.0
 40
1.724891586622185
100
AcDbArc
 50
89.99833919
 51
159.45281887
  0
LINE
  5
81
330
6F
100
AcDbEntity
  8
BLACK
  6
Continuous
100
AcDbLine
 10
514.7563339999999
 20
-96.625001
 30
0.0
 11
514.7563339999999
 21
-106.575001
 31
0.0
  0
CIRCLE
  5
82
330
6F
100
AcDbEntity
  8
BLACK
100
AcDbCircle
 10
345.625084
 20
-127.850001
 30
0.0
 40
1.0
  0
CIRCLE
  5
83
330
6F
100
AcDbEntity
  8
BLACK
100
AcDbCircle
 10
588.781334
 20
-82.550001
 30
0.0
 40
1.0
  0
ARC
  5
84
330
6F
100
AcDbEntity
  8
BLACK
100
AcDbCircle
 10
499.892934
 20
-52.500101
 30
0.0
 40
0.999879394495656
100
AcDbArc
 50
269.99616079
 51
315.00141817
  0
LINE
  5
85
330
6F
100
AcDbEntity
  8
BLACK
  6
Continuous
100
AcDbLine
 10
584.531334
 20
-75.500001
 30
0.0
 11
573.9813329999999
 21
-75.500001
 31
0.0
  0
LINE
  5
86
330
6F
100
AcDbEntity
  8
BLACK
  6
Continuous
100
AcDbLine
 10
343.0097139999999
 20
-114.874561
 30
0.0
 11
343.8753239999999
 21
-114.874561
 31
0.0
  0
ARC
  5
87
330
6F
100
AcDbEntity
  8
BLACK
100
AcDbCircle
 10
584.039934
 20
-95.64740099999999
 30
0.0
 40
1.075000002279069
100
AcDbArc
 50
22.02290117
 51
89.99626911
  0
LINE
  5
88
330
6F
100
AcDbEntity
  8
BLACK
  6
Continuous
100
AcDbLine
 10
586.762824
 20
-106.275441
 30
0.0
 11
586.358784
 21
-106.275441
 31
0.0
  0
ARC
  5
89
330
6F
100
AcDbEntity
  8
BLACK
100
AcDbCircle
 10
505.9713339999999
 20
-49.250001
 30
0.0
 40
1.000030715082791
100
AcDbArc
 50
90.00085941
 51
134.99947333
  0
ARC
  5
8A
330
6F
100
AcDbEntity
  8
BLACK
100
AcDbCircle
 10
557.4619339999999
 20
-97.249601
 30
0.0
 40
1.424990000561407
100
AcDbArc
 50
89.99959794
 51
179.99839169
  0
ARC
  5
8B
330
6F
100
AcDbEntity
  8
BLACK
100
AcDbCircle
 10
502.0938339999998
 20
-145.575001
 30
0.0
 40
1.074999999999999
100
AcDbArc
 50
180.0
 51
270.0
  0
ARC
  5
8C
330
6F
100
AcDbEntity
  8
BLACK
100
AcDbCircle
 10
387.793834
 20
-133.825001
 30
0.0
 40
1.074999999999999
100
AcDbArc
 50
90.0
 51
180.0
  0
ARC
  5
8D
330
6F
100
AcDbEntity
  8
BLACK
100
AcDbCircle
 10
586.762734
 20
-104.850401
 30
0.0
 40
1.425090000561367
100
AcDbArc
 50
270.00361858
 51
359.9983918
  0
LINE
  5
8E
330
6F
100
AcDbEntity
  8
BLACK
  6
Continuous
100
AcDbLine
 10
588.1878239999999
 20
-97.24956100000001
 30
0.0
 11
588.1878239999999
 21
-104.850441
 31
0.0
  0
LINE
  5
8F
330
6F
100
AcDbEntity
  8
BLACK
  6
Continuous
100
AcDbLine
 10
576.0938809999999
 20
-48.24251499999999
 30
0.0
 11
576.341442
 21
-48.24251499999999
 31
0.0
  0
ARC
  5
90
330
6F
100
AcDbEntity
  8
BLACK
100
AcDbCircle
 10
431.106334
 20
-125.625001
 30
0.0
 40
2.074999999999999
100
AcDbArc
 50
180.0
 51
270.0
  0
LINE
  5
91
330
6F
100
AcDbEntity
  8
BLACK
  6
Continuous
100
AcDbLine
 10
502.0938339999998
 20
-132.750001
 30
0.0
 11
513.5438339999999
 21
-132.750001
 31
0.0
  0
ARC
  5
92
330
6F
100
AcDbEntity
  8
BLACK
100
AcDbCircle
 10
502.2253339999999
 20
-151.315401
 30
0.0
 40
1.999545000324073
100
AcDbArc
 50
69.44037301
 51
90.00103155999999
  0
LINE
  5
93
330
6F
100
AcDbEntity
  8
BLACK
  6
Continuous
100
AcDbLine
 10
387.793834
 20
-132.750001
 30
0.0
 11
399.243834
 21
-132.750001
 31
0.0
  0
ARC
  5
94
330
6F
100
AcDbEntity
  8
BLACK
100
AcDbCircle
 10
573.9813339999999
 20
-144.675001
 30
0.0
 40
2.074999999999999
100
AcDbArc
 50
180.00002761
 51
270.0
  0
CIRCLE
  5
95
330
6F
100
AcDbEntity
  8
BLACK
100
AcDbCircle
 10
555.712584
 20
-108.800001
 30
0.0
 40
1.0
  0
ARC
  5
96
330
6F
100
AcDbEntity
  8
BLACK
100
AcDbCircle
 10
513.5438339999999
 20
-145.575001
 30
0.0
 40
1.074999999999999
100
AcDbArc
 50
270.0
 51
0.0
  0
ARC
  5
97
330
6F
100
AcDbEntity
  8
BLACK
100
AcDbCircle
 10
573.9813339999999
 20
-134.725001
 30
0.0
 40
2.074999999999999
100
AcDbArc
 50
90.00002761000002
 51
180.0
  0
ARC
  5
98
330
6F
100
AcDbEntity
  8
BLACK
100
AcDbCircle
 10
574.4938809999999
 20
-50.34251399999999
 30
0.0
 40
4.059959545336011
100
AcDbArc
 50
200.80541614
 51
339.19457885
  0
LINE
  5
99
330
6F
100
AcDbEntity
  8
BLACK
  6
Continuous
100
AcDbLine
 10
563.1000839999999
 20
-127.700001
 30
0.0
 11
552.5500839999999
 21
-127.700001
 31
0.0
  0
ARC
  5
9A
330
6F
100
AcDbEntity
  8
BLACK
100
AcDbCircle
 10
557.4619339999999
 20
-104.850401
 30
0.0
 40
1.425040000035086
100
AcDbArc
 50
180.00160831
 51
270.00040206
  0
ARC
  5
9B
330
6F
100
AcDbEntity
  8
BLACK
100
AcDbCircle
 10
582.987834
 20
-106.737001
 30
0.0
 40
1.874989852665875
100
AcDbArc
 50
270.00152793
 51
339.45547122
  0
LINE
  5
9C
330
6F
100
AcDbEntity
  8
BLACK
  6
Continuous
100
AcDbLine
 10
556.0369439999999
 20
-104.850441
 30
0.0
 11
556.0369439999999
 21
-97.24956100000001
 31
0.0
  0
LINE
  5
9D
330
6F
100
AcDbEntity
  8
BLACK
  6
Continuous
100
AcDbLine
 10
565.175084
 20
-115.675001
 30
0.0
 11
565.175084
 21
-125.625001
 31
0.0
  0
LINE
  5
9E
330
6F
100
AcDbEntity
  8
BLACK
  6
Continuous
100
AcDbLine
 10
572.6463189999999
 20
-48.24251499999999
 30
0.0
 11
572.8938809999999
 21
-48.24251499999999
 31
0.0
  0
ARC
  5
9F
330
6F
100
AcDbEntity
  8
BLACK
100
AcDbCircle
 10
351.168834
 20
-87.52500099999998
 30
0.0
 40
2.074999999999999
100
AcDbArc
 50
270.0
 51
0.0
  0
LINE
  5
A0
330
6F
100
AcDbEntity
  8
BLACK
  6
Continuous
100
AcDbLine
 10
462.368834
 20
-58.525001
 30
0.0
 11
462.368834
 21
-68.47500099999999
 31
0.0
  0
LINE
  5
A1
330
6F
100
AcDbEntity
  8
BLACK
  6
Continuous
100
AcDbLine
 10
432.1313339999999
 20
-108.650001
 30
0.0
 11
421.581334
 21
-108.650001
 31
0.0
  0
LINE
  5
A2
330
6F
100
AcDbEntity
  8
BLACK
  6
Continuous
100
AcDbLine
 10
513.5438339999999
 20
-146.650001
 30
0.0
 11
502.0938339999998
 21
-146.650001
 31
0.0
  0
LINE
  5
A3
330
6F
100
AcDbEntity
  8
BLACK
  6
Continuous
100
AcDbLine
 10
570.2438339999999
 20
-70.55000099999998
 30
0.0
 11
559.6938339999999
 21
-70.55000099999998
 31
0.0
  0
LINE
  5
A4
330
6F
100
AcDbEntity
  8
BLACK
  6
Continuous
100
AcDbLine
 10
571.9063339999999
 20
-134.725001
 30
0.0
 11
571.9063339999999
 21
-144.675002
 31
0.0
  0
CIRCLE
  5
A5
330
6F
100
AcDbEntity
  8
BLACK
100
AcDbCircle
 10
412.5688339999999
 20
-82.550001
 30
0.0
 40
1.0
  0
LINE
  5
A6
330
6F
100
AcDbEntity
  8
BLACK
  6
Continuous
100
AcDbLine
 10
583.0016739999999
 20
-154.664589
 30
0.0
 11
587.6659339999999
 21
-150.000328
 31
0.0
  0
LINE
  5
A7
330
6F
100
AcDbEntity
  8
BLACK
  6
Continuous
100
AcDbLine
 10
563.1000839999999
 20
-113.600001
 30
0.0
 11
552.5500829999999
 21
-113.600001
 31
0.0
  0
LINE
  5
A8
330
6F
100
AcDbEntity
  8
BLACK
  6
Continuous
100
AcDbLine
 10
519.9313339999999
 20
-115.675001
 30
0.0
 11
519.9313339999999
 21
-125.625001
 31
0.0
  0
LINE
  5
A9
330
6F
100
AcDbEntity
  8
BLACK
  6
Continuous
100
AcDbLine
 10
476.6563339999999
 20
-96.625001
 30
0.0
 11
476.6563339999999
 21
-106.575001
 31
0.0
  0
ARC
  5
AA
330
6F
100
AcDbEntity
  8
BLACK
100
AcDbCircle
 10
552.5501339999998
 20
-115.675001
 30
0.0
 40
2.07505
100
AcDbArc
 50
90.00140822999998
 51
180.0
  0
LINE
  5
AB
330
6F
100
AcDbEntity
  8
BLACK
  6
Continuous
100
AcDbLine
 10
374.981334
 20
-94.55000099999999
 30
0.0
 11
364.431334
 21
-94.55000099999999
 31
0.0
  0
ARC
  5
AC
330
6F
100
AcDbEntity
  8
BLACK
100
AcDbCircle
 10
589.2938339999999
 20
-125.625001
 30
0.0
 40
2.074999999999999
100
AcDbArc
 50
270.0
 51
0.0
  0
LINE
  5
AD
330
6F
100
AcDbEntity
  8
BLACK
  6
Continuous
100
AcDbLine
 10
571.9063339999999
 20
-77.575001
 30
0.0
 11
571.9063339999999
 21
-87.525002
 31
0.0
  0
ARC
  5
AE
330
6F
100
AcDbEntity
  8
BLACK
100
AcDbCircle
 10
387.793834
 20
-145.575001
 30
0.0
 40
1.074999999999999
100
AcDbArc
 50
180.0
 51
270.0
  0
LINE
  5
AF
330
6F
100
AcDbEntity
  8
BLACK
  6
Continuous
100
AcDbLine
 10
395.693834
 20
-77.575001
 30
0.0
 11
395.693834
 21
-87.52500099999998
 31
0.0
  0
ARC
  5
B0
330
6F
100
AcDbEntity
  8
BLACK
100
AcDbCircle
 10
557.8660339999999
 20
-108.000401
 30
0.0
 40
1.724960000724654
100
AcDbArc
 50
20.54738724
 51
90.00166079000001
  0
ARC
  5
B1
330
6F
100
AcDbEntity
  8
BLACK
100
AcDbCircle
 10
389.268834
 20
-77.575001
 30
0.0
 40
2.074999999999999
100
AcDbArc
 50
0.0
 51
90.0
  0
LINE
  5
B2
330
6F
100
AcDbEntity
  8
BLACK
  6
Continuous
100
AcDbLine
 10
515.1688339999999
 20
-58.525001
 30
0.0
 11
515.1688339999999
 21
-68.47500099999999
 31
0.0
  0
ARC
  5
B3
330
6F
100
AcDbEntity
  8
BLACK
100
AcDbCircle
 10
584.531334
 20
-134.725001
 30
0.0
 40
2.074999999999999
100
AcDbArc
 50
0.0
 51
90.0
  0
LINE
  5
B4
330
6F
100
AcDbEntity
  8
BLACK
  6
Continuous
100
AcDbLine
 10
582.987884
 20
-108.611911
 30
0.0
 11
561.2368839999999
 21
-108.611911
 31
0.0
  0
ARC
  5
B5
330
6F
100
AcDbEntity
  8
BLACK
100
AcDbCircle
 10
373.956334
 20
-125.625001
 30
0.0
 40
2.074999999999999
100
AcDbArc
 50
180.0
 51
270.0
  0
ARC
  5
B6
330
6F
100
AcDbEntity
  8
BLACK
100
AcDbCircle
 10
585.8971339999999
 20
-94.896101
 30
0.0
 40
0.9284600034465674
100
AcDbArc
 50
202.02742278
 51
270.00493684
  0
ARC
  5
B7
330
6F
100
AcDbEntity
  8
BLACK
100
AcDbCircle
 10
497.7813339999999
 20
-106.575001
 30
0.0
 40
2.074999999999999
100
AcDbArc
 50
180.0
 51
270.0
  0
ARC
  5
B8
330
6F
100
AcDbEntity
  8
BLACK
100
AcDbCircle
 10
410.9688219999999
 20
-48.750032
 30
0.0
 40
0.5000590034805893
100
AcDbArc
 50
0.0067601
 51
89.9932399
  0
ARC
  5
B9
330
6F
100
AcDbEntity
  8
BLACK
100
AcDbCircle
 10
507.8188799999999
 20
-50.349972
 30
0.0
 40
4.059960480128101
100
AcDbArc
 50
200.80542115
 51
339.19458386
  0
LINE
  5
BA
330
6F
100
AcDbEntity
  8
BLACK
  6
Continuous
100
AcDbLine
 10
586.6063339999999
 20
-77.575001
 30
0.0
 11
586.6063339999999
 21
-87.52500099999998
 31
0.0
  0
LINE
  5
BB
330
6F
100
AcDbEntity
  8
BLACK
  6
Continuous
100
AcDbLine
 10
546.431334
 20
-108.650001
 30
0.0
 11
535.8813339999999
 21
-108.650001
 31
0.0
  0
LINE
  5
BC
330
6F
100
AcDbEntity
  8
BLACK
  6
Continuous
100
AcDbLine
 10
494.043834
 20
-56.450001
 30
0.0
 11
483.4938339999999
 21
-56.450001
 31
0.0
  0
ARC
  5
BD
330
6F
100
AcDbEntity
  8
BLACK
100
AcDbCircle
 10
509.666434
 20
-49.250001
 30
0.0
 40
1.000028000031998
100
AcDbArc
 50
45.00081025999999
 51
89.99954165
  0
LINE
  5
BE
330
6F
100
AcDbEntity
  8
BLACK
  6
Continuous
100
AcDbLine
 10
586.6063339999999
 20
-134.725001
 30
0.0
 11
586.6063339999999
 21
-144.675001
 31
0.0
  0
ARC
  5
BF
330
6F
100
AcDbEntity
  8
BLACK
100
AcDbCircle
 10
583.6696339999999
 20
-151.557601
 30
0.0
 40
0.3998810025320033
100
AcDbArc
 50
201.9553176
 51
270.00644769
  0
ARC
  5
C0
330
6F
100
AcDbEntity
  8
BLACK
100
AcDbCircle
 10
312.043833
 20
-58.525
 30
0.0
 40
2.07499900000024
100
AcDbArc
 50
89.99997238999997
 51
180.00002761
  0
ARC
  5
C1
330
6F
100
AcDbEntity
  8
BLACK
100
AcDbCircle
 10
566.560334
 20
-52.49990099999999
 30
0.0
 40
1.000121931936301
100
AcDbArc
 50
270.00429677
 51
314.9991088000001
  0
ARC
  5
C2
330
6F
100
AcDbEntity
  8
BLACK
100
AcDbCircle
 10
560.184834
 20
-95.64740099999999
 30
0.0
 40
1.075052197104866
100
AcDbArc
 50
90.00373086999999
 51
157.97709994
  0
ARC
  5
C3
330
6F
100
AcDbEntity
  8
BLACK
100
AcDbCircle
 10
412.5688809999999
 20
-50.349972
 30
0.0
 40
1.1
100
AcDbArc
 50
180.0
 51
0.0
  0
ARC
  5
C4
330
6F
100
AcDbEntity
  8
BLACK
100
AcDbCircle
 10
323.86342
 20
-151.557448
 30
0.0
 40
0.3999860001012536
100
AcDbArc
 50
201.96733941
 51
270.0012892
  0
ARC
  5
C5
330
6F
100
AcDbEntity
  8
BLACK
100
AcDbCircle
 10
584.531334
 20
-87.52500099999998
 30
0.0
 40
2.074999999999999
100
AcDbArc
 50
270.0
 51
0.0
  0
ARC
  5
C6
330
6F
100
AcDbEntity
  8
BLACK
100
AcDbCircle
 10
583.868334
 20
-151.557501
 30
0.0
 40
0.3999816114635771
100
AcDbArc
 50
269.9961323500001
 51
20.80930841
  0
ARC
  5
C7
330
6F
100
AcDbEntity
  8
BLACK
100
AcDbCircle
 10
454.9188339999999
 20
-77.575001
 30
0.0
 40
2.074999999999999
100
AcDbArc
 50
90.0
 51
180.0
  0
LINE
  5
C8
330
6F
100
AcDbEntity
  8
BLACK
  6
Continuous
100
AcDbLine
 10
376.643834
 20
-77.575001
 30
0.0
 11
376.643834
 21
-87.52500099999998
 31
0.0
  0
LINE
  5
C9
330
6F
100
AcDbEntity
  8
BLACK
  6
Continuous
100
AcDbLine
 10
584.531334
 20
-132.650001
 30
0.0
 11
573.9813329999999
 21
-132.650001
 31
0.0
  0
ARC
  5
CA
330
6F
100
AcDbEntity
  8
BLACK
100
AcDbCircle
 10
584.531334
 20
-144.675001
 30
0.0
 40
2.074999999999999
100
AcDbArc
 50
270.0
 51
0.0
  0
ARC
  5
CB
330
6F
100
AcDbEntity
  8
BLACK
100
AcDbCircle
 10
589.2938339999999
 20
-115.675001
 30
0.0
 40
2.074999999999999
100
AcDbArc
 50
0.0
 51
90.0
  0
ARC
  5
CC
330
6F
100
AcDbEntity
  8
BLACK
100
AcDbCircle
 10
561.2369339999999
 20
-106.737001
 30
0.0
 40
1.874910000666698
100
AcDbArc
 50
200.54435343
 51
269.99847204
  0
ARC
  5
CD
330
6F
100
AcDbEntity
  8
BLACK
100
AcDbCircle
 10
327.356334
 20
-87.52500099999998
 30
0.0
 40
2.075000999999999
100
AcDbArc
 50
270.0
 51
0.0
  0
LINE
  5
CE
330
6F
100
AcDbEntity
  8
BLACK
  6
Continuous
100
AcDbLine
 10
550.4750839999998
 20
-115.675001
 30
0.0
 11
550.4750839999998
 21
-125.625002
 31
0.0
  0
LINE
  5
CF
330
6F
100
AcDbEntity
  8
BLACK
  6
Continuous
100
AcDbLine
 10
501.018834
 20
-145.575001
 30
0.0
 11
501.018834
 21
-133.825001
 31
0.0
  0
ARC
  5
D0
330
6F
100
AcDbEntity
  8
BLACK
100
AcDbCircle
 10
479.7563339999999
 20
-125.625001
 30
0.0
 40
2.074999999999999
100
AcDbArc
 50
270.0
 51
0.0
  0
ARC
  5
D1
330
6F
100
AcDbEntity
  8
BLACK
100
AcDbCircle
 10
319.0407149999999
 20
-154.457393
 30
0.0
 40
0.5000410016808622
100
AcDbArc
 50
270.00469787
 51
359.99530213
  0
LINE
  5
D2
330
6F
100
AcDbEntity
  8
BLACK
  6
Continuous
100
AcDbLine
 10
582.294567
 20
-154.957482
 30
0.0
 11
582.0470059999999
 21
-154.957482
 31
0.0
  0
LINE
  5
D3
330
6F
100
AcDbEntity
  8
BLACK
  6
Continuous
100
AcDbLine
 10
514.618834
 20
-133.825001
 30
0.0
 11
514.618834
 21
-145.575001
 31
0.0
  0
LINE
  5
D4
330
6F
100
AcDbEntity
  8
BLACK
  6
Continuous
100
AcDbLine
 10
541.6688339999999
 20
-89.600001
 30
0.0
 11
531.118834
 21
-89.600001
 31
0.0
  0
ARC
  5
D5
330
6F
100
AcDbEntity
  8
BLACK
100
AcDbCircle
 10
582.2946339999999
 20
-153.957701
 30
0.0
 40
0.9997980826866992
100
AcDbArc
 50
269.99616034
 51
315.00615941
  0
ARC
  5
D6
330
6F
100
AcDbEntity
  8
BLACK
100
AcDbCircle
 10
558.327534
 20
-94.89620100000001
 30
0.0
 40
0.9284109879250676
100
AcDbArc
 50
270.00123434
 51
337.98062142
  0
ARC
  5
D7
330
6F
100
AcDbEntity
  8
BLACK
100
AcDbCircle
 10
573.9813339999999
 20
-87.52500099999998
 30
0.0
 40
2.074999999999999
100
AcDbArc
 50
180.00002761
 51
270.0
  0
LINE
  5
D8
330
6F
100
AcDbEntity
  8
BLACK
  6
Continuous
100
AcDbLine
 10
577.224333
 20
-151.957482
 30
0.0
 11
577.025704
 21
-151.957482
 31
0.0
  0
LINE
  5
D9
330
6F
100
AcDbEntity
  8
BLACK
  6
Continuous
100
AcDbLine
 10
417.8438339999999
 20
-70.55000099999998
 30
0.0
 11
407.293834
 21
-70.55000099999998
 31
0.0
  0
LINE
  5
DA
330
6F
100
AcDbEntity
  8
BLACK
  6
Continuous
100
AcDbLine
 10
560.1847639999999
 20
-94.57240100000001
 30
0.0
 11
584.0400039999999
 21
-94.57240100000001
 31
0.0
  0
LINE
  5
DB
330
6F
100
AcDbEntity
  8
BLACK
  6
Continuous
100
AcDbLine
 10
329.018834
 20
-58.525001
 30
0.0
 11
329.018834
 21
-68.47500099999999
 31
0.0
  0
ARC
  5
DC
330
6F
100
AcDbEntity
  8
BLACK
100
AcDbCircle
 10
513.5438339999999
 20
-133.825001
 30
0.0
 40
1.074999999999999
100
AcDbArc
 50
0.0
 51
90.0
  0
LINE
  5
DD
330
6F
100
AcDbEntity
  8
BLACK
  6
Continuous
100
AcDbLine
 10
386.718834
 20
-145.575001
 30
0.0
 11
386.718834
 21
-133.825001
 31
0.0
  0
LINE
  5
DE
330
6F
100
AcDbEntity
  8
BLACK
  6
Continuous
100
AcDbLine
 10
399.243834
 20
-146.650001
 30
0.0
 11
387.793834
 21
-146.650001
 31
0.0
  0
ARC
  5
DF
330
6F
100
AcDbEntity
  8
BLACK
100
AcDbCircle
 10
563.100134
 20
-115.675001
 30
0.0
 40
2.075000000602409
100
AcDbArc
 50
0.0
 51
90.00138062000001
  0
ARC
  5
E0
330
6F
100
AcDbEntity
  8
BLACK
100
AcDbCircle
 10
507.306334
 20
-125.625001
 30
0.0
 40
2.074999999999999
100
AcDbArc
 50
180.0
 51
270.0
  0
LINE
  5
E1
330
6F
100
AcDbEntity
  8
BLACK
  6
Continuous
100
AcDbLine
 10
581.5470059999999
 20
-152.857483
 30
0.0
 11
581.5470059999999
 21
-154.457482
 31
0.0
  0
ARC
  5
E2
330
6F
100
AcDbEntity
  8
BLACK
100
AcDbCircle
 10
536.906334
 20
-144.675001
 30
0.0
 40
2.074999999999999
100
AcDbArc
 50
270.0
 51
0.0
  0
ARC
  5
E3
330
6F
100
AcDbEntity
  8
BLACK
100
AcDbCircle
 10
399.243834
 20
-133.825001
 30
0.0
 40
1.074999999999999
100
AcDbArc
 50
0.0
 51
90.0
  0
CIRCLE
  5
E4
330
6F
100
AcDbEntity
  8
BLACK
100
AcDbCircle
 10
333.367584
 20
-82.200001
 30
0.0
 40
1.0
  0
CIRCLE
  5
E5
330
6F
100
AcDbEntity
  8
BLACK
100
AcDbCircle
 10
310.175084
 20
-101.600001
 30
0.0
 40
1.0
  0
ARC
  5
E6
330
6F
100
AcDbEntity
  8
BLACK
100
AcDbCircle
 10
552.5501339999998
 20
-125.625001
 30
0.0
 40
2.075000000602409
100
AcDbArc
 50
180.00002761
 51
269.99861938
  0
ARC
  5
E7
330
6F
100
AcDbEntity
  8
BLACK
100
AcDbCircle
 10
478.7313339999999
 20
-96.625001
 30
0.0
 40
2.074999999999999
100
AcDbArc
 50
90.0
 51
180.0
  0
ARC
  5
E8
330
6F
100
AcDbEntity
  8
BLACK
100
AcDbCircle
 10
502.0938339999998
 20
-133.825001
 30
0.0
 40
1.074999999999999
100
AcDbArc
 50
90.0
 51
180.0
  0
LINE
  5
E9
330
6F
100
AcDbEntity
  8
BLACK
  6
Continuous
100
AcDbLine
 10
529.4563339999999
 20
-96.625001
 30
0.0
 11
529.4563339999999
 21
-106.575001
 31
0.0
  0
LINE
  5
EA
330
6F
100
AcDbEntity
  8
BLACK
  6
Continuous
100
AcDbLine
 10
584.531334
 20
-89.600001
 30
0.0
 11
573.9813339999999
 21
-89.600001
 31
0.0
  0
ARC
  5
EB
330
6F
100
AcDbEntity
  8
BLACK
100
AcDbCircle
 10
514.281434
 20
-154.4575009999999
 30
0.0
 40
0.4999470003610382
100
AcDbArc
 50
269.99392642
 51
0.00217747
  0
ARC
  5
EC
330
6F
100
AcDbEntity
  8
BLACK
100
AcDbCircle
 10
586.762834
 20
-97.249601
 30
0.0
 40
1.425040000035086
100
AcDbArc
 50
0.00160831
 51
90.00040206000001
  0
LINE
  5
ED
330
6F
100
AcDbEntity
  8
BLACK
  6
Continuous
100
AcDbLine
 10
400.3188339999999
 20
-133.825001
 30
0.0
 11
400.3188339999999
 21
-145.575001
 31
0.0
  0
ARC
  5
EE
330
6F
100
AcDbEntity
  8
BLACK
100
AcDbCircle
 10
320.640756
 20
-152.8574349999999
 30
0.0
 40
4.059960480128101
100
AcDbArc
 50
20.80542115
 51
159.19458386
  0
CIRCLE
  5
EF
330
6F
100
AcDbEntity
  8
BLACK
100
AcDbCircle
 10
503.0563339999999
 20
-120.650001
 30
0.0
 40
1.0
  0
LINE
  5
F0
330
6F
100
AcDbEntity
  8
BLACK
  6
Continuous
100
AcDbLine
 10
557.461944
 20
-95.82456099999999
 30
0.0
 11
558.3275539999999
 21
-95.82456099999999
 31
0.0
  0
LINE
  5
F1
330
6F
100
AcDbEntity
  8
BLACK
  6
Continuous
100
AcDbLine
 10
360.693834
 20
-56.450001
 30
0.0
 11
350.143834
 21
-56.450001
 31
0.0
  0
LINE
  5
F2
330
6F
100
AcDbEntity
  8
BLACK
  6
Continuous
100
AcDbLine
 10
585.8972139999999
 20
-95.82456099999999
 30
0.0
 11
586.762824
 21
-95.82456099999999
 31
0.0
  0
ARC
  5
F3
330
6F
100
AcDbEntity
  8
BLACK
100
AcDbCircle
 10
497.7813339999999
 20
-96.625001
 30
0.0
 40
2.074999999999999
100
AcDbArc
 50
90.0
 51
180.0
  0
ARC
  5
F4
330
6F
100
AcDbEntity
  8
BLACK
100
AcDbCircle
 10
522.618834
 20
-77.575001
 30
0.0
 40
2.074999999999999
100
AcDbArc
 50
0.0
 51
90.0
  0
LINE
  5
F5
330
6F
100
AcDbEntity
  8
BLACK
  6
Continuous
100
AcDbLine
 10
522.618834
 20
-89.600001
 30
0.0
 11
512.0688339999999
 21
-89.600001
 31
0.0
  0
ARC
  5
F6
330
6F
100
AcDbEntity
  8
BLACK
100
AcDbCircle
 10
573.9813339999999
 20
-77.575001
 30
0.0
 40
2.074999999999999
100
AcDbArc
 50
90.00002761000002
 51
180.0
  0
LINE
  5
F7
330
6F
100
AcDbEntity
  8
BLACK
  6
Continuous
100
AcDbLine
 10
314.731335
 20
-77.575
 30
0.0
 11
314.731335
 21
-87.525002
 31
0.0
  0
CIRCLE
  5
F8
330
6F
100
AcDbEntity
  8
BLACK
100
AcDbCircle
 10
488.768834
 20
-82.550001
 30
0.0
 40
1.0
  0
ARC
  5
F9
330
6F
100
AcDbEntity
  8
BLACK
100
AcDbCircle
 10
563.100134
 20
-125.625001
 30
0.0
 40
2.074949999999999
100
AcDbArc
 50
269.99861938
 51
0.0
  0
ARC
  5
FA
330
6F
100
AcDbEntity
  8
BLACK
100
AcDbCircle
 10
550.1688339999999
 20
-77.575001
 30
0.0
 40
2.074999999999999
100
AcDbArc
 50
90.0
 51
180.0
  0
ARC
  5
FB
330
6F
100
AcDbEntity
  8
BLACK
100
AcDbCircle
 10
455.9438339999999
 20
-134.725001
 30
0.0
 40
2.074999999999999
100
AcDbArc
 50
0.0
 51
90.0
  0
ARC
  5
FC
330
6F
100
AcDbEntity
  8
BLACK
100
AcDbCircle
 10
399.243834
 20
-145.575001
 30
0.0
 40
1.074999999999999
100
AcDbArc
 50
270.0
 51
0.0
  0
ARC
  5
FD
330
6F
100
AcDbEntity
  8
BLACK
100
AcDbCircle
 10
507.8188809999999
 20
-50.349972
 30
0.0
 40
3.075000159649589
100
AcDbArc
 50
201.96876739
 51
338.03123261
  0
LINE
  5
FE
330
6F
100
AcDbEntity
  8
BLACK
  6
Continuous
100
AcDbLine
 10
343.718834
 20
-58.525001
 30
0.0
 11
343.718834
 21
-68.47500099999999
 31
0.0
  0
LINE
  5
FF
330
6F
100
AcDbEntity
  8
BLACK
  6
Continuous
100
AcDbLine
 10
584.531334
 20
-146.750001
 30
0.0
 11
573.9813339999999
 21
-146.750001
 31
0.0
  0
ARC
  5
100
330
6F
100
AcDbEntity
  8
BLACK
100
AcDbCircle
 10
489.2813339999999
 20
-96.625001
 30
0.0
 40
2.074999999999999
100
AcDbArc
 50
0.0
 51
90.0
  0
LINE
  5
101
330
6F
100
AcDbEntity
  8
BLACK
  6
Continuous
100
AcDbLine
 10
351.168834
 20
-146.750001
 30
0.0
 11
340.618834
 21
-146.750001
 31
0.0
  0
ARC
  5
102
330
6F
100
AcDbEntity
  8
BLACK
100
AcDbCircle
 10
417.8438339999999
 20
-68.47500099999999
 30
0.0
 40
2.074999999999999
100
AcDbArc
 50
270.0
 51
0.0
  0
LINE
  5
103
330
6F
100
AcDbEntity
  8
BLACK
  6
Continuous
100
AcDbLine
 10
538.9813339999999
 20
-134.725001
 30
0.0
 11
538.9813339999999
 21
-144.675001
 31
0.0
  0
LINE
  5
104
330
6F
100
AcDbEntity
  8
BLACK
  6
Continuous
100
AcDbLine
 10
560.718834
 20
-132.650001
 30
0.0
 11
550.1688329999999
 21
-132.650001
 31
0.0
  0
ARC
  5
105
330
6F
100
AcDbEntity
  8
BLACK
100
AcDbCircle
 10
592.5438339999999
 20
-54.500101
 30
0.0
 40
1.000103001104386
100
AcDbArc
 50
0.00590119
 51
89.99730738
  0
ARC
  5
106
330
6F
100
AcDbEntity
  8
BLACK
100
AcDbCircle
 10
550.1688339999999
 20
-134.725001
 30
0.0
 40
2.074999999999999
100
AcDbArc
 50
90.00002761000002
 51
180.0
  0
ARC
  5
107
330
6F
100
AcDbEntity
  8
BLACK
100
AcDbCircle
 10
359.668834
 20
-87.52500099999998
 30
0.0
 40
2.074999999999999
100
AcDbArc
 50
180.0
 51
270.0
  0
ARC
  5
108
330
6F
100
AcDbEntity
  8
BLACK
100
AcDbCircle
 10
355.931334
 20
-106.575001
 30
0.0
 40
2.074999999999999
100
AcDbArc
 50
270.0
 51
0.0
  0
LINE
  5
109
330
6F
100
AcDbEntity
  8
BLACK
  6
Continuous
100
AcDbLine
 10
536.906334
 20
-132.650001
 30
0.0
 11
526.3563329999999
 21
-132.650001
 31
0.0
  0
ARC
  5
10A
330
6F
100
AcDbEntity
  8
BLACK
100
AcDbCircle
 10
397.768834
 20
-77.575001
 30
0.0
 40
2.074999999999999
100
AcDbArc
 50
90.0
 51
180.0
  0
LINE
  5
10B
330
6F
100
AcDbEntity
  8
BLACK
  6
Continuous
100
AcDbLine
 10
362.356334
 20
-134.725001
 30
0.0
 11
362.356334
 21
-144.675002
 31
0.0
  0
LINE
  5
10C
330
6F
100
AcDbEntity
  8
BLACK
  6
Continuous
100
AcDbLine
 10
541.6688339999999
 20
-75.500001
 30
0.0
 11
531.118834
 21
-75.500001
 31
0.0
  0
ARC
  5
10D
330
6F
100
AcDbEntity
  8
BLACK
100
AcDbCircle
 10
560.718834
 20
-77.575001
 30
0.0
 40
2.074999999999999
100
AcDbArc
 50
0.0
 51
90.0
  0
ARC
  5
10E
330
6F
100
AcDbEntity
  8
BLACK
100
AcDbCircle
 10
445.393834
 20
-134.725001
 30
0.0
 40
2.074999999999999
100
AcDbArc
 50
90.00002761000002
 51
180.0
  0
ARC
  5
10F
330
6F
100
AcDbEntity
  8
BLACK
100
AcDbCircle
 10
571.2712339999999
 20
-51.642501
 30
0.0
 40
0.3999860008450296
100
AcDbArc
 50
21.96825039
 51
90.00372436000001
  0
ARC
  5
110
330
6F
100
AcDbEntity
  8
BLACK
100
AcDbCircle
 10
577.0257339999999
 20
-151.557401
 30
0.0
 40
0.4000810011247723
100
AcDbArc
 50
159.20698175
 51
269.99570369
  0
LINE
  5
111
330
6F
100
AcDbEntity
  8
BLACK
  6
Continuous
100
AcDbLine
 10
455.9438339999999
 20
-132.650001
 30
0.0
 11
445.3938329999999
 21
-132.650001
 31
0.0
  0
LINE
  5
112
330
6F
100
AcDbEntity
  8
BLACK
  6
Continuous
100
AcDbLine
 10
384.506334
 20
-113.600001
 30
0.0
 11
373.956334
 21
-113.600001
 31
0.0
  0
ARC
  5
113
330
6F
100
AcDbEntity
  8
BLACK
100
AcDbCircle
 10
503.568834
 20
-87.52500099999998
 30
0.0
 40
2.074999999999999
100
AcDbArc
 50
270.0
 51
0.0
  0
ARC
  5
114
330
6F
100
AcDbEntity
  8
BLACK
100
AcDbCircle
 10
316.806336
 20
-144.674999
 30
0.0
 40
2.075002000000963
100
AcDbArc
 50
180.00008284
 51
269.99994478
  0
LINE
  5
115
330
6F
100
AcDbEntity
  8
BLACK
  6
Continuous
100
AcDbLine
 10
329.737584
 20
-108.650001
 30
0.0
 11
319.187584
 21
-108.650001
 31
0.0
  0
CIRCLE
  5
116
330
6F
100
AcDbEntity
  8
BLACK
100
AcDbCircle
 10
379.231334
 20
-139.700001
 30
0.0
 40
1.0
  0
LINE
  5
117
330
6F
100
AcDbEntity
  8
BLACK
  6
Continuous
100
AcDbLine
 10
338.543834
 20
-134.725001
 30
0.0
 11
338.543834
 21
-144.675002
 31
0.0
  0
ARC
  5
118
330
6F
100
AcDbEntity
  8
BLACK
100
AcDbCircle
 10
370.218834
 20
-87.52500099999998
 30
0.0
 40
2.074999999999999
100
AcDbArc
 50
270.0
 51
0.0
  0
ARC
  5
119
330
6F
100
AcDbEntity
  8
BLACK
100
AcDbCircle
 10
374.981334
 20
-144.675001
 30
0.0
 40
2.074999999999999
100
AcDbArc
 50
270.0
 51
0.0
  0
ARC
  5
11A
330
6F
100
AcDbEntity
  8
BLACK
100
AcDbCircle
 10
369.193834
 20
-58.525001
 30
0.0
 40
2.074999999999999
100
AcDbArc
 50
90.0
 51
180.0
  0
LINE
  5
11B
330
6F
100
AcDbEntity
  8
BLACK
  6
Continuous
100
AcDbLine
 10
327.356334
 20
-146.750001
 30
0.0
 11
316.806334
 21
-146.750001
 31
0.0
  0
ARC
  5
11C
330
6F
100
AcDbEntity
  8
BLACK
100
AcDbCircle
 10
364.431334
 20
-144.675001
 30
0.0
 40
2.074999999999999
100
AcDbArc
 50
180.00002761
 51
270.0
  0
ARC
  5
11D
330
6F
100
AcDbEntity
  8
BLACK
100
AcDbCircle
 10
340.618834
 20
-144.675001
 30
0.0
 40
2.074999999999999
100
AcDbArc
 50
180.00002761
 51
270.0
  0
ARC
  5
11E
330
6F
100
AcDbEntity
  8
BLACK
100
AcDbCircle
 10
526.3563339999999
 20
-134.725001
 30
0.0
 40
2.074999999999999
100
AcDbArc
 50
90.00002761000002
 51
180.0
  0
ARC
  5
11F
330
6F
100
AcDbEntity
  8
BLACK
100
AcDbCircle
 10
445.393834
 20
-144.675001
 30
0.0
 40
2.074999999999999
100
AcDbArc
 50
180.00002761
 51
270.0
  0
ARC
  5
120
330
6F
100
AcDbEntity
  8
BLACK
100
AcDbCircle
 10
536.906334
 20
-134.725001
 30
0.0
 40
2.074999999999999
100
AcDbArc
 50
0.0
 51
90.0
  0
LINE
  5
121
330
6F
100
AcDbEntity
  8
BLACK
  6
Continuous
100
AcDbLine
 10
494.043834
 20
-70.55000099999998
 30
0.0
 11
483.4938339999999
 21
-70.55000099999998
 31
0.0
  0
LINE
  5
122
330
6F
100
AcDbEntity
  8
BLACK
  6
Continuous
100
AcDbLine
 10
327.356334
 20
-132.650001
 30
0.0
 11
316.806333
 21
-132.650001
 31
0.0
  0
LINE
  5
123
330
6F
100
AcDbEntity
  8
BLACK
  6
Continuous
100
AcDbLine
 10
509.993834
 20
-77.575001
 30
0.0
 11
509.993834
 21
-87.52500099999998
 31
0.0
  0
LINE
  5
124
330
6F
100
AcDbEntity
  8
BLACK
  6
Continuous
100
AcDbLine
 10
536.906334
 20
-146.750001
 30
0.0
 11
526.3563339999999
 21
-146.750001
 31
0.0
  0
ARC
  5
125
330
6F
100
AcDbEntity
  8
BLACK
100
AcDbCircle
 10
316.806338
 20
-134.7250049999999
 30
0.0
 40
2.075004000003854
100
AcDbArc
 50
90.00013806
 51
179.99988955
  0
ARC
  5
126
330
6F
100
AcDbEntity
  8
BLACK
100
AcDbCircle
 10
526.3563339999999
 20
-144.675001
 30
0.0
 40
2.074999999999999
100
AcDbArc
 50
180.00002761
 51
270.0
  0
ARC
  5
127
330
6F
100
AcDbEntity
  8
BLACK
100
AcDbCircle
 10
364.431334
 20
-134.725001
 30
0.0
 40
2.074999999999999
100
AcDbArc
 50
90.00002761000002
 51
180.0
  0
LINE
  5
128
330
6F
100
AcDbEntity
  8
BLACK
  6
Continuous
100
AcDbLine
 10
367.118834
 20
-58.525001
 30
0.0
 11
367.118834
 21
-68.47500099999999
 31
0.0
  0
LINE
  5
129
330
6F
100
AcDbEntity
  8
BLACK
  6
Continuous
100
AcDbLine
 10
579.3470059999999
 20
-154.457482
 30
0.0
 11
579.3470059999999
 21
-152.857483
 31
0.0
  0
CIRCLE
  5
12A
330
6F
100
AcDbEntity
  8
BLACK
100
AcDbCircle
 10
568.5407089999999
 20
-139.700001
 30
0.0
 40
1.0
  0
ARC
  5
12B
330
6F
100
AcDbEntity
  8
BLACK
100
AcDbCircle
 10
412.056334
 20
-115.675001
 30
0.0
 40
2.074999999999999
100
AcDbArc
 50
90.0
 51
180.0
  0
LINE
  5
12C
330
6F
100
AcDbEntity
  8
BLACK
  6
Continuous
100
AcDbLine
 10
548.5063339999999
 20
-96.625001
 30
0.0
 11
548.5063339999999
 21
-106.575001
 31
0.0
  0
ARC
  5
12D
330
6F
100
AcDbEntity
  8
BLACK
100
AcDbCircle
 10
493.0188339999999
 20
-77.575001
 30
0.0
 40
2.074999999999999
100
AcDbArc
 50
90.0
 51
180.0
  0
CIRCLE
  5
12E
330
6F
100
AcDbEntity
  8
BLACK
100
AcDbCircle
 10
545.9188339999999
 20
-139.700001
 30
0.0
 40
1.0
  0
LINE
  5
12F
330
6F
100
AcDbEntity
  8
BLACK
  6
Continuous
100
AcDbLine
 10
560.718834
 20
-146.750001
 30
0.0
 11
550.1688339999999
 21
-146.750001
 31
0.0
  0
CIRCLE
  5
130
330
6F
100
AcDbEntity
  8
BLACK
100
AcDbCircle
 10
356.609459
 20
-139.700001
 30
0.0
 40
1.0
  0
ARC
  5
131
330
6F
100
AcDbEntity
  8
BLACK
100
AcDbCircle
 10
550.1688339999999
 20
-144.675001
 30
0.0
 40
2.074999999999999
100
AcDbArc
 50
180.00002761
 51
270.0
  0
ARC
  5
132
330
6F
100
AcDbEntity
  8
BLACK
100
AcDbCircle
 10
398.793834
 20
-68.47500099999999
 30
0.0
 40
2.074999999999999
100
AcDbArc
 50
270.0
 51
0.0
  0
ARC
  5
133
330
6F
100
AcDbEntity
  8
BLACK
100
AcDbCircle
 10
341.643834
 20
-58.525001
 30
0.0
 40
2.074999999999999
100
AcDbArc
 50
0.0
 51
90.0
  0
ARC
  5
134
330
6F
100
AcDbEntity
  8
BLACK
100
AcDbCircle
 10
576.3414339999999
 20
-49.242601
 30
0.0
 40
1.000086000031997
100
AcDbArc
 50
45.00315989999999
 51
89.99954167
  0
LINE
  5
135
330
6F
100
AcDbEntity
  8
BLACK
  6
Continuous
100
AcDbLine
 10
318.418881
 20
-48.75
 30
0.0
 11
318.418881
 21
-50.349998
 31
0.0
  0
LINE
  5
136
330
6F
100
AcDbEntity
  8
BLACK
  6
Continuous
100
AcDbLine
 10
377.056334
 20
-134.725001
 30
0.0
 11
377.056334
 21
-144.675001
 31
0.0
  0
LINE
  5
137
330
6F
100
AcDbEntity
  8
BLACK
  6
Continuous
100
AcDbLine
 10
434.206334
 20
-96.625001
 30
0.0
 11
434.206334
 21
-106.575001
 31
0.0
  0
LINE
  5
138
330
6F
100
AcDbEntity
  8
BLACK
  6
Continuous
100
AcDbLine
 10
314.731334
 20
-134.725001
 30
0.0
 11
314.731334
 21
-144.675002
 31
0.0
  0
CIRCLE
  5
139
330
6F
100
AcDbEntity
  8
BLACK
100
AcDbCircle
 10
332.796959
 20
-139.700001
 30
0.0
 40
1.0
  0
ARC
  5
13A
330
6F
100
AcDbEntity
  8
BLACK
100
AcDbCircle
 10
340.618834
 20
-134.725001
 30
0.0
 40
2.074999999999999
100
AcDbArc
 50
90.00002761000002
 51
180.0
  0
ARC
  5
13B
330
6F
100
AcDbEntity
  8
BLACK
100
AcDbCircle
 10
351.168834
 20
-134.725001
 30
0.0
 40
2.074999999999999
100
AcDbArc
 50
0.0
 51
90.0
  0
LINE
  5
13C
330
6F
100
AcDbEntity
  8
BLACK
  6
Continuous
100
AcDbLine
 10
536.906334
 20
-127.700001
 30
0.0
 11
526.3563339999999
 21
-127.700001
 31
0.0
  0
LINE
  5
13D
330
6F
100
AcDbEntity
  8
BLACK
  6
Continuous
100
AcDbLine
 10
455.9438339999999
 20
-146.750001
 30
0.0
 11
445.393834
 21
-146.750001
 31
0.0
  0
LINE
  5
13E
330
6F
100
AcDbEntity
  8
BLACK
  6
Continuous
100
AcDbLine
 10
524.281334
 20
-134.725001
 30
0.0
 11
524.281334
 21
-144.675002
 31
0.0
  0
LINE
  5
13F
330
6F
100
AcDbEntity
  8
BLACK
  6
Continuous
100
AcDbLine
 10
436.893834
 20
-56.450001
 30
0.0
 11
426.3438339999999
 21
-56.450001
 31
0.0
  0
LINE
  5
140
330
6F
100
AcDbEntity
  8
BLACK
  6
Continuous
100
AcDbLine
 10
458.018834
 20
-134.725001
 30
0.0
 11
458.018834
 21
-144.675001
 31
0.0
  0
ARC
  5
141
330
6F
100
AcDbEntity
  8
BLACK
100
AcDbCircle
 10
445.393834
 20
-68.47500099999999
 30
0.0
 40
2.074999999999999
100
AcDbArc
 50
180.0
 51
270.0
  0
CIRCLE
  5
142
330
6F
100
AcDbEntity
  8
BLACK
100
AcDbCircle
 10
422.093834
 20
-139.700001
 30
0.0
 40
1.0
  0
ARC
  5
143
330
6F
100
AcDbEntity
  8
BLACK
100
AcDbCircle
 10
351.168834
 20
-144.675001
 30
0.0
 40
2.074999999999999
100
AcDbArc
 50
270.0
 51
0.0
  0
ARC
  5
144
330
6F
100
AcDbEntity
  8
BLACK
100
AcDbCircle
 10
413.081334
 20
-96.625001
 30
0.0
 40
2.074999999999999
100
AcDbArc
 50
0.0
 51
90.0
  0
LINE
  5
145
330
6F
100
AcDbEntity
  8
BLACK
  6
Continuous
100
AcDbLine
 10
348.068834
 20
-58.525001
 30
0.0
 11
348.068834
 21
-68.47500099999999
 31
0.0
  0
LINE
  5
146
330
6F
100
AcDbEntity
  8
BLACK
  6
Continuous
100
AcDbLine
 10
443.318834
 20
-134.725001
 30
0.0
 11
443.318834
 21
-144.675002
 31
0.0
  0
LINE
  5
147
330
6F
100
AcDbEntity
  8
BLACK
  6
Continuous
100
AcDbLine
 10
470.2313339999999
 20
-108.650001
 30
0.0
 11
459.6813339999999
 21
-108.650001
 31
0.0
  0
LINE
  5
148
330
6F
100
AcDbEntity
  8
BLACK
  6
Continuous
100
AcDbLine
 10
374.981334
 20
-132.650001
 30
0.0
 11
364.431333
 21
-132.650001
 31
0.0
  0
LINE
  5
149
330
6F
100
AcDbEntity
  8
BLACK
  6
Continuous
100
AcDbLine
 10
351.168834
 20
-132.650001
 30
0.0
 11
340.618833
 21
-132.650001
 31
0.0
  0
ARC
  5
14A
330
6F
100
AcDbEntity
  8
BLACK
100
AcDbCircle
 10
422.606334
 20
-115.675001
 30
0.0
 40
2.074999999999999
100
AcDbArc
 50
0.0
 51
90.0
  0
LINE
  5
14B
330
6F
100
AcDbEntity
  8
BLACK
  6
Continuous
100
AcDbLine
 10
413.081334
 20
-94.55000099999999
 30
0.0
 11
402.5313339999999
 21
-94.55000099999999
 31
0.0
  0
LINE
  5
14C
330
6F
100
AcDbEntity
  8
BLACK
  6
Continuous
100
AcDbLine
 10
398.793834
 20
-70.55000099999998
 30
0.0
 11
388.243834
 21
-70.55000099999998
 31
0.0
  0
ARC
  5
14D
330
6F
100
AcDbEntity
  8
BLACK
100
AcDbCircle
 10
432.1313339999999
 20
-106.575001
 30
0.0
 40
2.074999999999999
100
AcDbArc
 50
270.0
 51
0.0
  0
ARC
  5
14E
330
6F
100
AcDbEntity
  8
BLACK
100
AcDbCircle
 10
383.679028
 20
-151.557522
 30
0.0
 40
0.3999600008450845
100
AcDbArc
 50
201.96479623
 51
270.0037246
  0
CIRCLE
  5
14F
330
6F
100
AcDbEntity
  8
BLACK
100
AcDbCircle
 10
460.193834
 20
-139.700001
 30
0.0
 40
1.0
  0
CIRCLE
  5
150
330
6F
100
AcDbEntity
  8
BLACK
100
AcDbCircle
 10
488.768834
 20
-139.700001
 30
0.0
 40
1.0
  0
ARC
  5
151
330
6F
100
AcDbEntity
  8
BLACK
100
AcDbCircle
 10
374.981334
 20
-134.725001
 30
0.0
 40
2.074999999999999
100
AcDbArc
 50
0.0
 51
90.0
  0
ARC
  5
152
330
6F
100
AcDbEntity
  8
BLACK
100
AcDbCircle
 10
560.718834
 20
-144.675001
 30
0.0
 40
2.074999999999999
100
AcDbArc
 50
270.0
 51
0.0
  0
LINE
  5
153
330
6F
100
AcDbEntity
  8
BLACK
  6
Continuous
100
AcDbLine
 10
353.243834
 20
-134.725001
 30
0.0
 11
353.243834
 21
-144.675001
 31
0.0
  0
LINE
  5
154
330
6F
100
AcDbEntity
  8
BLACK
  6
Continuous
100
AcDbLine
 10
313.897579
 20
-51.25
 30
0.0
 11
314.096208
 21
-51.25
 31
0.0
  0
ARC
  5
155
330
6F
100
AcDbEntity
  8
BLACK
100
AcDbCircle
 10
451.1813339999999
 20
-106.575001
 30
0.0
 40
2.074999999999999
100
AcDbArc
 50
270.0
 51
0.0
  0
LINE
  5
156
330
6F
100
AcDbEntity
  8
BLACK
  6
Continuous
100
AcDbLine
 10
562.7938339999999
 20
-134.725001
 30
0.0
 11
562.7938339999999
 21
-144.675001
 31
0.0
  0
LINE
  5
157
330
6F
100
AcDbEntity
  8
BLACK
  6
Continuous
100
AcDbLine
 10
548.093834
 20
-134.725001
 30
0.0
 11
548.093834
 21
-144.675002
 31
0.0
  0
ARC
  5
158
330
6F
100
AcDbEntity
  8
BLACK
100
AcDbCircle
 10
560.718834
 20
-134.725001
 30
0.0
 40
2.074999999999999
100
AcDbArc
 50
0.0
 51
90.0
  0
LINE
  5
159
330
6F
100
AcDbEntity
  8
BLACK
  6
Continuous
100
AcDbLine
 10
455.9438339999999
 20
-70.55000099999998
 30
0.0
 11
445.393834
 21
-70.55000099999998
 31
0.0
  0
LINE
  5
15A
330
6F
100
AcDbEntity
  8
BLACK
  6
Continuous
100
AcDbLine
 10
386.581334
 20
-115.675001
 30
0.0
 11
386.581334
 21
-125.625001
 31
0.0
  0
ARC
  5
15B
330
6F
100
AcDbEntity
  8
BLACK
100
AcDbCircle
 10
460.706334
 20
-125.625001
 30
0.0
 40
2.074999999999999
100
AcDbArc
 50
270.0
 51
0.0
  0
ARC
  5
15C
330
6F
100
AcDbEntity
  8
BLACK
100
AcDbCircle
 10
488.2563339999999
 20
-115.675001
 30
0.0
 40
2.074999999999999
100
AcDbArc
 50
90.0
 51
180.0
  0
LINE
  5
15D
330
6F
100
AcDbEntity
  8
BLACK
  6
Continuous
100
AcDbLine
 10
322.488317
 20
-154.957434
 30
0.0
 11
322.240756
 21
-154.957434
 31
0.0
  0
ARC
  5
15E
330
6F
100
AcDbEntity
  8
BLACK
100
AcDbCircle
 10
455.9438339999999
 20
-144.675001
 30
0.0
 40
2.074999999999999
100
AcDbArc
 50
270.0
 51
0.0
  0
LINE
  5
15F
330
6F
100
AcDbEntity
  8
BLACK
  6
Continuous
100
AcDbLine
 10
374.981334
 20
-146.750001
 30
0.0
 11
364.431334
 21
-146.750001
 31
0.0
  0
ARC
  5
160
330
6F
100
AcDbEntity
  8
BLACK
100
AcDbCircle
 10
327.356334
 20
-134.725001
 30
0.0
 40
2.074999999999999
100
AcDbArc
 50
0.0
 51
90.0
  0
CIRCLE
  5
161
330
6F
100
AcDbEntity
  8
BLACK
100
AcDbCircle
 10
522.1063339999999
 20
-139.700001
 30
0.0
 40
1.0
  0
ARC
  5
162
330
6F
100
AcDbEntity
  8
BLACK
100
AcDbCircle
 10
446.4188339999999
 20
-77.575001
 30
0.0
 40
2.074999999999999
100
AcDbArc
 50
0.0
 51
90.0
  0
LINE
  5
163
330
6F
100
AcDbEntity
  8
BLACK
  6
Continuous
100
AcDbLine
 10
410.393834
 20
-77.575001
 30
0.0
 11
410.393834
 21
-87.52500099999998
 31
0.0
  0
ARC
  5
164
330
6F
100
AcDbEntity
  8
BLACK
100
AcDbCircle
 10
327.356334
 20
-144.675001
 30
0.0
 40
2.074999999999999
100
AcDbArc
 50
270.0
 51
0.0
  0
LINE
  5
165
330
6F
100
AcDbEntity
  8
BLACK
  6
Continuous
100
AcDbLine
 10
329.431334
 20
-134.725001
 30
0.0
 11
329.431334
 21
-144.675001
 31
0.0
  0
ARC
  5
166
330
6F
100
AcDbEntity
  8
BLACK
100
AcDbCircle
 10
412.056334
 20
-125.625001
 30
0.0
 40
2.074999999999999
100
AcDbArc
 50
180.0
 51
270.0
  0
LINE
  5
167
330
6F
100
AcDbEntity
  8
BLACK
  6
Continuous
100
AcDbLine
 10
460.706334
 20
-127.700001
 30
0.0
 11
450.1563339999999
 21
-127.700001
 31
0.0
  0
ARC
  5
168
330
6F
100
AcDbEntity
  8
BLACK
100
AcDbCircle
 10
320.740108
 20
-51.650051
 30
0.0
 40
0.4000510068441274
100
AcDbArc
 50
339.20520203
 51
89.98940163
  0
ARC
  5
169
330
6F
100
AcDbEntity
  8
BLACK
100
AcDbCircle
 10
343.8753239999999
 20
-116.299561
 30
0.0
 40
1.425
100
AcDbArc
 50
0.0
 51
90.0
  0
ARC
  5
16A
330
6F
100
AcDbEntity
  8
BLACK
100
AcDbCircle
 10
383.877727
 20
-151.557513
 30
0.0
 40
0.3999690491338048
100
AcDbArc
 50
269.99355373
 51
20.81183132
  0
LINE
  5
16B
330
6F
100
AcDbEntity
  8
BLACK
  6
Continuous
100
AcDbLine
 10
514.781381
 20
-154.457482
 30
0.0
 11
514.781381
 21
-152.857483
 31
0.0
  0
ARC
  5
16C
330
6F
100
AcDbEntity
  8
BLACK
100
AcDbCircle
 10
317.418094
 20
-151.557451
 30
0.0
 40
0.3999831162249226
100
AcDbArc
 50
269.9984242999999
 51
338.03295195
  0
LINE
  5
16D
330
6F
100
AcDbEntity
  8
BLACK
  6
Continuous
100
AcDbLine
 10
503.6321779999998
 20
-149.707435
 30
0.0
 11
502.9275439999999
 21
-149.443197
 31
0.0
  0
ARC
  5
16E
330
6F
100
AcDbEntity
  8
BLACK
100
AcDbCircle
 10
536.906334
 20
-115.675001
 30
0.0
 40
2.074999999999999
100
AcDbArc
 50
0.0
 51
90.0
  0
ARC
  5
16F
330
6F
100
AcDbEntity
  8
BLACK
100
AcDbCircle
 10
517.8563339999999
 20
-125.625001
 30
0.0
 40
2.074999999999999
100
AcDbArc
 50
270.0
 51
0.0
  0
ARC
  5
170
330
6F
100
AcDbEntity
  8
BLACK
100
AcDbCircle
 10
313.897593
 20
-51.65001
 30
0.0
 40
0.4000096366151696
100
AcDbArc
 50
90.0020053
 51
200.80333921
  0
LINE
  5
171
330
6F
100
AcDbEntity
  8
BLACK
  6
Continuous
100
AcDbLine
 10
413.081334
 20
-108.650001
 30
0.0
 11
402.5313339999999
 21
-108.650001
 31
0.0
  0
ARC
  5
172
330
6F
100
AcDbEntity
  8
BLACK
100
AcDbCircle
 10
378.608858
 20
-153.957386
 30
0.0
 40
1.000096000760426
100
AcDbArc
 50
225.00230909
 51
269.99776568
  0
LINE
  5
173
330
6F
100
AcDbEntity
  8
BLACK
  6
Continuous
100
AcDbLine
 10
419.5063339999999
 20
-96.625001
 30
0.0
 11
419.5063339999999
 21
-106.575001
 31
0.0
  0
LINE
  5
174
330
6F
100
AcDbEntity
  8
BLACK
  6
Continuous
100
AcDbLine
 10
570.2438339999999
 20
-56.450001
 30
0.0
 11
559.6938329999999
 21
-56.450001
 31
0.0
  0
ARC
  5
175
330
6F
100
AcDbEntity
  8
BLACK
100
AcDbCircle
 10
317.219397
 20
-151.557473
 30
0.0
 40
0.399961004061646
100
AcDbArc
 50
159.18648665
 51
270.00816544
  0
LINE
  5
176
330
6F
100
AcDbEntity
  8
BLACK
  6
Continuous
100
AcDbLine
 10
352.831334
 20
-115.675001
 30
0.0
 11
352.831334
 21
-125.625001
 31
0.0
  0
ARC
  5
177
330
6F
100
AcDbEntity
  8
BLACK
100
AcDbCircle
 10
578.743834
 20
-125.625001
 30
0.0
 40
2.074999999999999
100
AcDbArc
 50
180.00002761
 51
270.0
  0
ARC
  5
178
330
6F
100
AcDbEntity
  8
BLACK
100
AcDbCircle
 10
377.233705
 20
-151.557479
 30
0.0
 40
0.4000035815002161
100
AcDbArc
 50
270.00042972
 51
338.03104532
  0
ARC
  5
179
330
6F
100
AcDbEntity
  8
BLACK
100
AcDbCircle
 10
394.031334
 20
-96.625001
 30
0.0
 40
2.074999999999999
100
AcDbArc
 50
0.0
 51
90.0
  0
ARC
  5
17A
330
6F
100
AcDbEntity
  8
BLACK
100
AcDbCircle
 10
372.53031
 20
-150.70752
 30
0.0
 40
1.000085000612447
100
AcDbArc
 50
45.00202554
 51
89.99799482
  0
ARC
  5
17B
330
6F
100
AcDbEntity
  8
BLACK
100
AcDbCircle
 10
314.574445
 20
-123.90044
 30
0.0
 40
1.42500100000035
100
AcDbArc
 50
180.00004021
 51
269.99995979
  0
LINE
  5
17C
330
6F
100
AcDbEntity
  8
BLACK
  6
Continuous
100
AcDbLine
 10
571.072579
 20
-51.24251499999999
 30
0.0
 11
571.271208
 21
-51.24251499999999
 31
0.0
  0
LINE
  5
17D
330
6F
100
AcDbEntity
  8
BLACK
  6
Continuous
100
AcDbLine
 10
566.5604089999998
 20
-53.49999799999999
 30
0.0
 11
515.7448949999999
 21
-53.49999799999999
 31
0.0
  0
ARC
  5
17E
330
6F
100
AcDbEntity
  8
BLACK
100
AcDbCircle
 10
322.240696
 20
-154.457494
 30
0.0
 40
0.499940003600432
100
AcDbArc
 50
179.99312368
 51
270.00687632
  0
LINE
  5
17F
330
6F
100
AcDbEntity
  8
BLACK
  6
Continuous
100
AcDbLine
 10
373.237452
 20
-150.000328
 30
0.0
 11
377.901712
 21
-154.664589
 31
0.0
  0
ARC
  5
180
330
6F
100
AcDbEntity
  8
BLACK
100
AcDbCircle
 10
320.541581
 20
-51.650039
 30
0.0
 40
0.4000396814367296
100
AcDbArc
 50
90.00386709
 51
158.02741673
  0
ARC
  5
181
330
6F
100
AcDbEntity
  8
BLACK
100
AcDbCircle
 10
450.1563339999999
 20
-115.675001
 30
0.0
 40
2.074999999999999
100
AcDbArc
 50
90.0
 51
180.0
  0
LINE
  5
182
330
6F
100
AcDbEntity
  8
BLACK
  6
Continuous
100
AcDbLine
 10
443.731334
 20
-115.675001
 30
0.0
 11
443.731334
 21
-125.625001
 31
0.0
  0
ARC
  5
183
330
6F
100
AcDbEntity
  8
BLACK
100
AcDbCircle
 10
383.481334
 20
-96.625001
 30
0.0
 40
2.074999999999999
100
AcDbArc
 50
90.0
 51
180.0
  0
ARC
  5
184
330
6F
100
AcDbEntity
  8
BLACK
100
AcDbCircle
 10
527.3813339999999
 20
-96.625001
 30
0.0
 40
2.074999999999999
100
AcDbArc
 50
0.0
 51
90.0
  0
ARC
  5
185
330
6F
100
AcDbEntity
  8
BLACK
100
AcDbCircle
 10
412.5688809999999
 20
-50.349972
 30
0.0
 40
4.059959545336011
100
AcDbArc
 50
200.80541614
 51
339.19457885
  0
ARC
  5
186
330
6F
100
AcDbEntity
  8
BLACK
100
AcDbCircle
 10
382.303979
 20
-153.957571
 30
0.0
 40
0.9999112146705826
100
AcDbArc
 50
269.99787987
 51
315.00210693
  0
ARC
  5
187
330
6F
100
AcDbEntity
  8
BLACK
100
AcDbCircle
 10
577.9151339999999
 20
-51.64260099999999
 30
0.0
 40
0.4000860028793811
100
AcDbArc
 50
339.20856652
 51
89.99312598000001
  0
ARC
  5
188
330
6F
100
AcDbEntity
  8
BLACK
100
AcDbCircle
 10
374.981334
 20
-106.575001
 30
0.0
 40
2.074999999999999
100
AcDbArc
 50
270.0
 51
0.0
  0
LINE
  5
189
330
6F
100
AcDbEntity
  8
BLACK
  6
Continuous
100
AcDbLine
 10
505.643834
 20
-77.575001
 30
0.0
 11
505.643834
 21
-87.52500099999998
 31
0.0
  0
LINE
  5
18A
330
6F
100
AcDbEntity
  8
BLACK
  6
Continuous
100
AcDbLine
 10
320.541554
 20
-51.25
 30
0.0
 11
320.740182
 21
-51.25
 31
0.0
  0
LINE
  5
18B
330
6F
100
AcDbEntity
  8
BLACK
  6
Continuous
100
AcDbLine
 10
321.740756
 20
-152.8574349999999
 30
0.0
 11
321.740756
 21
-154.457434
 31
0.0
  0
ARC
  5
18C
330
6F
100
AcDbEntity
  8
BLACK
100
AcDbCircle
 10
546.431334
 20
-96.625001
 30
0.0
 40
2.074999999999999
100
AcDbArc
 50
0.0
 51
90.0
  0
LINE
  5
18D
330
6F
100
AcDbEntity
  8
BLACK
  6
Continuous
100
AcDbLine
 10
415.791554
 20
-51.249973
 30
0.0
 11
415.9901819999999
 21
-51.249973
 31
0.0
  0
ARC
  5
18E
330
6F
100
AcDbEntity
  8
BLACK
100
AcDbCircle
 10
592.5438339999999
 20
-148.707401
 30
0.0
 40
1.000047000577972
100
AcDbArc
 50
270.00269281
 51
359.99805204
  0
ARC
  5
18F
330
6F
100
AcDbEntity
  8
BLACK
100
AcDbCircle
 10
432.1313339999999
 20
-96.625001
 30
0.0
 40
2.074999999999999
100
AcDbArc
 50
0.0
 51
90.0
  0
ARC
  5
190
330
6F
100
AcDbEntity
  8
BLACK
100
AcDbCircle
 10
409.3462729999999
 20
-51.64987499999999
 30
0.0
 40
0.3999020052825442
100
AcDbArc
 50
21.95917951
 51
90.00931285000001
  0
ARC
  5
191
330
6F
100
AcDbEntity
  8
BLACK
100
AcDbCircle
 10
507.955334
 20
-150.707501
 30
0.0
 40
1.000066000060495
100
AcDbArc
 50
45.00222815999999
 51
89.99936979000001
  0
LINE
  5
192
330
6F
100
AcDbEntity
  8
BLACK
  6
Continuous
100
AcDbLine
 10
411.4688809999999
 20
-50.349972
 30
0.0
 11
411.4688809999999
 21
-48.749973
 31
0.0
  0
ARC
  5
193
330
6F
100
AcDbEntity
  8
BLACK
100
AcDbCircle
 10
377.035025
 20
-151.557519
 30
0.0
 40
0.3999630036453372
100
AcDbArc
 50
159.18690717
 51
270.00773565
  0
ARC
  5
194
330
6F
100
AcDbEntity
  8
BLACK
100
AcDbCircle
 10
410.721323
 20
-49.249983
 30
0.0
 40
1.000010208952888
100
AcDbArc
 50
90.00022918000002
 51
134.99975692
  0
LINE
  5
195
330
6F
100
AcDbEntity
  8
BLACK
  6
Continuous
100
AcDbLine
 10
329.737584
 20
-94.55000099999999
 30
0.0
 11
319.1875829999999
 21
-94.55000099999999
 31
0.0
  0
ARC
  5
196
330
6F
100
AcDbEntity
  8
BLACK
100
AcDbCircle
 10
427.3688339999999
 20
-77.575001
 30
0.0
 40
2.074999999999999
100
AcDbArc
 50
0.0
 51
90.0
  0
LINE
  5
197
330
6F
100
AcDbEntity
  8
BLACK
  6
Continuous
100
AcDbLine
 10
519.5188339999999
 20
-58.525001
 30
0.0
 11
519.5188339999999
 21
-68.47500099999999
 31
0.0
  0
ARC
  5
198
330
6F
100
AcDbEntity
  8
BLACK
100
AcDbCircle
 10
523.8073339999999
 20
-150.707301
 30
0.0
 40
0.9998475750603187
100
AcDbArc
 50
89.99530112
 51
135.00210706
  0
LINE
  5
199
330
6F
100
AcDbEntity
  8
BLACK
  6
Continuous
100
AcDbLine
 10
317.418083
 20
-151.957434
 30
0.0
 11
317.219454
 21
-151.957434
 31
0.0
  0
ARC
  5
19A
330
6F
100
AcDbEntity
  8
BLACK
100
AcDbCircle
 10
502.543834
 20
-68.47500099999999
 30
0.0
 40
2.074999999999999
100
AcDbArc
 50
180.0
 51
270.0
  0
LINE
  5
19B
330
6F
100
AcDbEntity
  8
BLACK
  6
Continuous
100
AcDbLine
 10
381.556381
 20
-152.857483
 30
0.0
 11
381.556381
 21
-154.457482
 31
0.0
  0
CIRCLE
  5
19C
330
6F
100
AcDbEntity
  8
BLACK
100
AcDbCircle
 10
360.181334
 20
-101.600001
 30
0.0
 40
1.0
  0
ARC
  5
19D
330
6F
100
AcDbEntity
  8
BLACK
100
AcDbCircle
 10
380.45638
 20
-152.857483
 30
0.0
 40
4.059959545336011
100
AcDbArc
 50
20.80541614
 51
159.19457885
  0
LINE
  5
19E
330
6F
100
AcDbEntity
  8
BLACK
  6
Continuous
100
AcDbLine
 10
357.593834
 20
-77.575001
 30
0.0
 11
357.593834
 21
-87.52500099999998
 31
0.0
  0
ARC
  5
19F
330
6F
100
AcDbEntity
  8
BLACK
100
AcDbCircle
 10
504.5962339999999
 20
-51.649901
 30
0.0
 40
0.3999280008451521
100
AcDbArc
 50
21.96054473
 51
90.00372490000001
  0
LINE
  5
1A0
330
6F
100
AcDbEntity
  8
BLACK
  6
Continuous
100
AcDbLine
 10
451.1813339999999
 20
-108.650001
 30
0.0
 11
440.6313339999999
 21
-108.650001
 31
0.0
  0
ARC
  5
1A1
330
6F
100
AcDbEntity
  8
BLACK
100
AcDbCircle
 10
576.093934
 20
-48.742501
 30
0.0
 40
0.5000530001959792
100
AcDbArc
 50
90.00607351999994
 51
180.00160411
  0
LINE
  5
1A2
330
6F
100
AcDbEntity
  8
BLACK
  6
Continuous
100
AcDbLine
 10
581.7202459999999
 20
-53.207105
 30
0.0
 11
577.0485489999999
 21
-48.535408
 31
0.0
  0
LINE
  5
1A3
330
6F
100
AcDbEntity
  8
BLACK
  6
Continuous
100
AcDbLine
 10
499.892867
 20
-53.49999799999999
 30
0.0
 11
420.494895
 21
-53.49999799999999
 31
0.0
  0
LINE
  5
1A4
330
6F
100
AcDbEntity
  8
BLACK
  6
Continuous
100
AcDbLine
 10
307.793881
 20
-54.599998
 30
0.0
 11
307.793881
 21
-148.6074349999999
 31
0.0
  0
ARC
  5
1A5
330
6F
100
AcDbEntity
  8
BLACK
100
AcDbCircle
 10
517.4813339999999
 20
-154.4575009999999
 30
0.0
 40
0.499981002209084
100
AcDbArc
 50
179.99782256
 51
270.00538601
  0
ARC
  5
1A6
330
6F
100
AcDbEntity
  8
BLACK
100
AcDbCircle
 10
383.481334
 20
-106.575001
 30
0.0
 40
2.074999999999999
100
AcDbArc
 50
180.0
 51
270.0
  0
ARC
  5
1A7
330
6F
100
AcDbEntity
  8
BLACK
100
AcDbCircle
 10
414.416438
 20
-49.249983
 30
0.0
 40
1.000010000008
100
AcDbArc
 50
45.00024307999999
 51
89.99977081999999
  0
ARC
  5
1A8
330
6F
100
AcDbEntity
  8
BLACK
100
AcDbCircle
 10
515.881381
 20
-152.857483
 30
0.0
 40
1.1
100
AcDbArc
 50
0.0
 51
180.0
  0
LINE
  5
1A9
330
6F
100
AcDbEntity
  8
BLACK
  6
Continuous
100
AcDbLine
 10
394.031334
 20
-108.650001
 30
0.0
 11
383.481334
 21
-108.650001
 31
0.0
  0
ARC
  5
1AA
330
6F
100
AcDbEntity
  8
BLACK
100
AcDbCircle
 10
329.737584
 20
-96.625001
 30
0.0
 40
2.074999999999999
100
AcDbArc
 50
0.0
 51
90.0
  0
ARC
  5
1AB
330
6F
100
AcDbEntity
  8
BLACK
100
AcDbCircle
 10
517.8563339999999
 20
-115.675001
 30
0.0
 40
2.074999999999999
100
AcDbArc
 50
0.0
 51
90.0
  0
LINE
  5
1AC
330
6F
100
AcDbEntity
  8
BLACK
  6
Continuous
100
AcDbLine
 10
511.0415539999999
 20
-51.249973
 30
0.0
 11
511.240182
 21
-51.249973
 31
0.0
  0
ARC
  5
1AD
330
6F
100
AcDbEntity
  8
BLACK
100
AcDbCircle
 10
473.9688339999998
 20
-77.575001
 30
0.0
 40
2.074999999999999
100
AcDbArc
 50
90.0
 51
180.0
  0
LINE
  5
1AE
330
6F
100
AcDbEntity
  8
BLACK
  6
Continuous
100
AcDbLine
 10
536.906334
 20
-113.600001
 30
0.0
 11
526.3563339999999
 21
-113.600001
 31
0.0
  0
ARC
  5
1AF
330
6F
100
AcDbEntity
  8
BLACK
100
AcDbCircle
 10
314.978495
 20
-127.05037
 30
0.0
 40
1.724929000035073
100
AcDbArc
 50
20.54596837
 51
90.00036538000001
  0
ARC
  5
1B0
330
6F
100
AcDbEntity
  8
BLACK
100
AcDbCircle
 10
577.716534
 20
-51.642501
 30
0.0
 40
0.3999758918997494
100
AcDbArc
 50
89.99713511000001
 51
158.03207114
  0
LINE
  5
1B1
330
6F
100
AcDbEntity
  8
BLACK
  6
Continuous
100
AcDbLine
 10
504.3975789999999
 20
-51.249973
 30
0.0
 11
504.5962079999999
 21
-51.249973
 31
0.0
  0
LINE
  5
1B2
330
6F
100
AcDbEntity
  8
BLACK
  6
Continuous
100
AcDbLine
 10
308.793881
 20
-149.6074349999999
 30
0.0
 11
312.614768
 21
-149.6074349999999
 31
0.0
  0
LINE
  5
1B3
330
6F
100
AcDbEntity
  8
BLACK
  6
Continuous
100
AcDbLine
 10
319.540756
 20
-154.457434
 30
0.0
 11
319.540756
 21
-152.8574349999999
 31
0.0
  0
ARC
  5
1B4
330
6F
100
AcDbEntity
  8
BLACK
100
AcDbCircle
 10
317.31888
 20
-50.34999599999999
 30
0.0
 40
4.059961545715057
100
AcDbArc
 50
200.80546073
 51
339.19454429
  0
ARC
  5
1B5
330
6F
100
AcDbEntity
  8
BLACK
100
AcDbCircle
 10
426.3438339999999
 20
-58.525001
 30
0.0
 40
2.074999999999999
100
AcDbArc
 50
90.0
 51
180.0
  0
LINE
  5
1B6
330
6F
100
AcDbEntity
  8
BLACK
  6
Continuous
100
AcDbLine
 10
414.1688809999999
 20
-48.24997299999999
 30
0.0
 11
414.416442
 21
-48.24997299999999
 31
0.0
  0
ARC
  5
1B7
330
6F
100
AcDbEntity
  8
BLACK
100
AcDbCircle
 10
515.7449339999999
 20
-52.499801
 30
0.0
 40
1.00019700076035
100
AcDbArc
 50
225.00640018
 51
269.9977659
  0
ARC
  5
1B8
330
6F
100
AcDbEntity
  8
BLACK
100
AcDbCircle
 10
572.6462339999999
 20
-49.242401
 30
0.0
 40
0.9998595954097753
100
AcDbArc
 50
89.99512929999999
 51
135.00117508
  0
ARC
  5
1B9
330
6F
100
AcDbEntity
  8
BLACK
100
AcDbCircle
 10
572.893834
 20
-48.742601
 30
0.0
 40
0.5000860022086201
100
AcDbArc
 50
0.00985395
 51
89.99461512000001
  0
ARC
  5
1BA
330
6F
100
AcDbEntity
  8
BLACK
100
AcDbCircle
 10
308.793778
 20
-148.607538
 30
0.0
 40
0.9998970053050463
100
AcDbArc
 50
179.99409793
 51
270.00590207
  0
LINE
  5
1BB
330
6F
100
AcDbEntity
  8
BLACK
  6
Continuous
100
AcDbLine
 10
323.195424
 20
-154.66454
 30
0.0
 11
327.859636
 21
-150.000328
 31
0.0
  0
ARC
  5
1BC
330
6F
100
AcDbEntity
  8
BLACK
100
AcDbCircle
 10
512.4600339999999
 20
-151.557501
 30
0.0
 40
0.3999810025313702
100
AcDbArc
 50
159.1897755399999
 51
270.00644608
  0
ARC
  5
1BD
330
6F
100
AcDbEntity
  8
BLACK
100
AcDbCircle
 10
515.881381
 20
-152.857483
 30
0.0
 40
4.059960480128101
100
AcDbArc
 50
20.80542115
 51
159.19458386
  0
ARC
  5
1BE
330
6F
100
AcDbEntity
  8
BLACK
100
AcDbCircle
 10
389.268834
 20
-87.52500099999998
 30
0.0
 40
2.074999999999999
100
AcDbArc
 50
270.0
 51
0.0
  0
ARC
  5
1BF
330
6F
100
AcDbEntity
  8
BLACK
100
AcDbCircle
 10
309.29283
 20
-52.599844
 30
0.0
 40
1.000153753690401
100
AcDbArc
 50
270.00360908
 51
314.99631377
  0
ARC
  5
1C0
330
6F
100
AcDbEntity
  8
BLACK
100
AcDbCircle
 10
340.618834
 20
-87.52500099999998
 30
0.0
 40
2.074999999999999
100
AcDbArc
 50
180.0
 51
270.0
  0
ARC
  5
1C1
330
6F
100
AcDbEntity
  8
BLACK
100
AcDbCircle
 10
574.4938809999999
 20
-50.34251399999999
 30
0.0
 40
3.075000159649589
100
AcDbArc
 50
201.96876739
 51
338.03123261
  0
LINE
  5
1C2
330
6F
100
AcDbEntity
  8
BLACK
  6
Continuous
100
AcDbLine
 10
514.2813809999999
 20
-154.957482
 30
0.0
 11
514.033819
 21
-154.957482
 31
0.0
  0
ARC
  5
1C3
330
6F
100
AcDbEntity
  8
BLACK
100
AcDbCircle
 10
507.8188809999999
 20
-50.349972
 30
0.0
 40
1.1
100
AcDbArc
 50
180.0
 51
0.0
  0
LINE
  5
1C4
330
6F
100
AcDbEntity
  8
BLACK
  6
Continuous
100
AcDbLine
 10
455.9438339999999
 20
-56.450001
 30
0.0
 11
445.393834
 21
-56.450001
 31
0.0
  0
LINE
  5
1C5
330
6F
100
AcDbEntity
  8
BLACK
  6
Continuous
100
AcDbLine
 10
381.818834
 20
-58.525001
 30
0.0
 11
381.818834
 21
-68.47500099999999
 31
0.0
  0
LINE
  5
1C6
330
6F
100
AcDbEntity
  8
BLACK
  6
Continuous
100
AcDbLine
 10
571.939212
 20
-48.535408
 30
0.0
 11
567.2675159999999
 21
-53.207105
 31
0.0
  0
LINE
  5
1C7
330
6F
100
AcDbEntity
  8
BLACK
  6
Continuous
100
AcDbLine
 10
506.7188809999999
 20
-50.349972
 30
0.0
 11
506.7188809999999
 21
-48.749973
 31
0.0
  0
LINE
  5
1C8
330
6F
100
AcDbEntity
  8
BLACK
  6
Continuous
100
AcDbLine
 10
503.6321779999998
 20
-149.707435
 30
0.0
 11
507.955345
 21
-149.707435
 31
0.0
  0
ARC
  5
1C9
330
6F
100
AcDbEntity
  8
BLACK
100
AcDbCircle
 10
397.768834
 20
-87.52500099999998
 30
0.0
 40
2.074999999999999
100
AcDbArc
 50
180.0
 51
270.0
  0
LINE
  5
1CA
330
6F
100
AcDbEntity
  8
BLACK
  6
Continuous
100
AcDbLine
 10
383.011049
 20
-154.664589
 30
0.0
 11
387.675309
 21
-150.000328
 31
0.0
  0
ARC
  5
1CB
330
6F
100
AcDbEntity
  8
BLACK
100
AcDbCircle
 10
508.331334
 20
-106.575001
 30
0.0
 40
2.074999999999999
100
AcDbArc
 50
270.0
 51
0.0
  0
ARC
  5
1CC
330
6F
100
AcDbEntity
  8
BLACK
100
AcDbCircle
 10
504.3976339999999
 20
-51.650001
 30
0.0
 40
0.4000415719447168
100
AcDbArc
 50
90.00787761999999
 51
200.79884366
  0
ARC
  5
1CD
330
6F
100
AcDbEntity
  8
BLACK
100
AcDbCircle
 10
580.4470059999999
 20
-152.857483
 30
0.0
 40
1.1
100
AcDbArc
 50
0.0
 51
180.0
  0
LINE
  5
1CE
330
6F
100
AcDbEntity
  8
BLACK
  6
Continuous
100
AcDbLine
 10
414.7438339999999
 20
-77.575001
 30
0.0
 11
414.7438339999999
 21
-87.52500099999998
 31
0.0
  0
LINE
  5
1CF
330
6F
100
AcDbEntity
  8
BLACK
  6
Continuous
100
AcDbLine
 10
509.418881
 20
-48.24997299999999
 30
0.0
 11
509.666442
 21
-48.24997299999999
 31
0.0
  0
ARC
  5
1D0
330
6F
100
AcDbEntity
  8
BLACK
100
AcDbCircle
 10
378.718834
 20
-87.52500099999998
 30
0.0
 40
2.074999999999999
100
AcDbArc
 50
180.0
 51
270.0
  0
LINE
  5
1D1
330
6F
100
AcDbEntity
  8
BLACK
  6
Continuous
100
AcDbLine
 10
408.3188339999999
 20
-75.500001
 30
0.0
 11
397.768834
 21
-75.500001
 31
0.0
  0
ARC
  5
1D2
330
6F
100
AcDbEntity
  8
BLACK
100
AcDbCircle
 10
315.471298
 20
-49.249949
 30
0.0
 40
0.9999493979857179
100
AcDbArc
 50
89.99879673
 51
135.00121549
  0
LINE
  5
1D3
330
6F
100
AcDbEntity
  8
BLACK
  6
Continuous
100
AcDbLine
 10
413.6688809999999
 20
-48.749973
 30
0.0
 11
413.6688809999999
 21
-50.349972
 31
0.0
  0
ARC
  5
1D4
330
6F
100
AcDbEntity
  8
BLACK
100
AcDbCircle
 10
343.8752339999999
 20
-123.900401
 30
0.0
 40
1.425090000561367
100
AcDbArc
 50
270.00361858
 51
359.9983918
  0
LINE
  5
1D5
330
6F
100
AcDbEntity
  8
BLACK
  6
Continuous
100
AcDbLine
 10
379.743834
 20
-70.55000099999998
 30
0.0
 11
369.193834
 21
-70.55000099999998
 31
0.0
  0
ARC
  5
1D6
330
6F
100
AcDbEntity
  8
BLACK
100
AcDbCircle
 10
325.244807
 20
-52.500144
 30
0.0
 40
0.9998540018607716
100
AcDbArc
 50
224.99655579
 51
270.00349555
  0
ARC
  5
1D7
330
6F
100
AcDbEntity
  8
BLACK
100
AcDbCircle
 10
414.168964
 20
-48.750056
 30
0.0
 40
0.5000830068878566
100
AcDbArc
 50
90.00950952
 51
179.99049048
  0
ARC
  5
1D8
330
6F
100
AcDbEntity
  8
BLACK
100
AcDbCircle
 10
328.56672
 20
-150.70738
 30
0.0
 40
0.9999451553760335
100
AcDbArc
 50
89.99868212
 51
135.00129653
  0
LINE
  5
1D9
330
6F
100
AcDbEntity
  8
BLACK
  6
Continuous
100
AcDbLine
 10
309.968834
 20
-58.525001
 30
0.0
 11
309.968834
 21
-68.47500099999999
 31
0.0
  0
ARC
  5
1DA
330
6F
100
AcDbEntity
  8
BLACK
100
AcDbCircle
 10
519.1040339999999
 20
-151.557501
 30
0.0
 40
0.3999810005000238
100
AcDbArc
 50
201.96726462
 51
270.00286493
  0
ARC
  5
1DB
330
6F
100
AcDbEntity
  8
BLACK
100
AcDbCircle
 10
351.168834
 20
-77.575001
 30
0.0
 40
2.074999999999999
100
AcDbArc
 50
0.0
 51
90.0
  0
ARC
  5
1DC
330
6F
100
AcDbEntity
  8
BLACK
100
AcDbCircle
 10
506.2188339999998
 20
-48.750001
 30
0.0
 40
0.5000280022088763
100
AcDbArc
 50
0.00320826
 51
89.9946145
  0
ARC
  5
1DD
330
6F
100
AcDbEntity
  8
BLACK
100
AcDbCircle
 10
380.456381
 20
-152.857483
 30
0.0
 40
3.075000159649589
100
AcDbArc
 50
21.96876739
 51
158.03123261
  0
LINE
  5
1DE
330
6F
100
AcDbEntity
  8
BLACK
  6
Continuous
100
AcDbLine
 10
315.471319
 20
-48.25
 30
0.0
 11
315.718881
 21
-48.25
 31
0.0
  0
ARC
  5
1DF
330
6F
100
AcDbEntity
  8
BLACK
100
AcDbCircle
 10
580.4470049999999
 20
-152.857483
 30
0.0
 40
4.059959545336011
100
AcDbArc
 50
20.80541614
 51
159.19457885
  0
LINE
  5
1E0
330
6F
100
AcDbEntity
  8
BLACK
  6
Continuous
100
AcDbLine
 10
484.5188339999999
 20
-75.500001
 30
0.0
 11
473.9688339999998
 21
-75.500001
 31
0.0
  0
ARC
  5
1E1
330
6F
100
AcDbEntity
  8
BLACK
100
AcDbCircle
 10
319.166427
 20
-49.250037
 30
0.0
 40
1.000037000112496
100
AcDbArc
 50
45.00089127999999
 51
89.9991406
  0
ARC
  5
1E2
330
6F
100
AcDbEntity
  8
BLACK
100
AcDbCircle
 10
317.318881
 20
-50.349998
 30
0.0
 40
1.1
100
AcDbArc
 50
180.0
 51
0.0
  0
LINE
  5
1E3
330
6F
100
AcDbEntity
  8
BLACK
  6
Continuous
100
AcDbLine
 10
517.8563339999999
 20
-113.600001
 30
0.0
 11
507.306334
 21
-113.600001
 31
0.0
  0
ARC
  5
1E4
330
6F
100
AcDbEntity
  8
BLACK
100
AcDbCircle
 10
546.431334
 20
-106.575001
 30
0.0
 40
2.074999999999999
100
AcDbArc
 50
270.0
 51
0.0
  0
LINE
  5
1E5
330
6F
100
AcDbEntity
  8
BLACK
  6
Continuous
100
AcDbLine
 10
503.568834
 20
-89.600001
 30
0.0
 11
493.0188339999999
 21
-89.600001
 31
0.0
  0
ARC
  5
1E6
330
6F
100
AcDbEntity
  8
BLACK
100
AcDbCircle
 10
320.640756
 20
-152.8574349999999
 30
0.0
 40
1.1
100
AcDbArc
 50
0.0
 51
180.0
  0
ARC
  5
1E7
330
6F
100
AcDbEntity
  8
BLACK
100
AcDbCircle
 10
559.6938339999999
 20
-68.47500099999999
 30
0.0
 40
2.074999999999999
100
AcDbArc
 50
180.00002761
 51
270.0
  0
LINE
  5
1E8
330
6F
100
AcDbEntity
  8
BLACK
  6
Continuous
100
AcDbLine
 10
543.7438339999999
 20
-77.575001
 30
0.0
 11
543.7438339999999
 21
-87.52500099999998
 31
0.0
  0
LINE
  5
1E9
330
6F
100
AcDbEntity
  8
BLACK
  6
Continuous
100
AcDbLine
 10
309.292893
 20
-53.599998
 30
0.0
 11
308.793881
 21
-53.599998
 31
0.0
  0
ARC
  5
1EA
330
6F
100
AcDbEntity
  8
BLACK
100
AcDbCircle
 10
454.9188339999999
 20
-87.52500099999998
 30
0.0
 40
2.074999999999999
100
AcDbArc
 50
180.0
 51
270.0
  0
LINE
  5
1EB
330
6F
100
AcDbEntity
  8
BLACK
  6
Continuous
100
AcDbLine
 10
328.5667429999999
 20
-149.707435
 30
0.0
 11
372.530345
 21
-149.707435
 31
0.0
  0
LINE
  5
1EC
330
6F
100
AcDbEntity
  8
BLACK
  6
Continuous
100
AcDbLine
 10
460.706334
 20
-113.600001
 30
0.0
 11
450.1563339999999
 21
-113.600001
 31
0.0
  0
ARC
  5
1ED
330
6F
100
AcDbEntity
  8
BLACK
100
AcDbCircle
 10
473.9688339999998
 20
-87.52500099999998
 30
0.0
 40
2.074999999999999
100
AcDbArc
 50
180.0
 51
270.0
  0
ARC
  5
1EE
330
6F
100
AcDbEntity
  8
BLACK
100
AcDbCircle
 10
580.4470059999999
 20
-152.857483
 30
0.0
 40
3.075000159649589
100
AcDbArc
 50
21.96876739
 51
158.03123261
  0
LINE
  5
1EF
330
6F
100
AcDbEntity
  8
BLACK
  6
Continuous
100
AcDbLine
 10
370.218834
 20
-75.500001
 30
0.0
 11
359.668834
 21
-75.500001
 31
0.0
  0
ARC
  5
1F0
330
6F
100
AcDbEntity
  8
BLACK
100
AcDbCircle
 10
314.574445
 20
-116.299562
 30
0.0
 40
1.42500100000035
100
AcDbArc
 50
90.00004021
 51
179.99995979
  0
ARC
  5
1F1
330
6F
100
AcDbEntity
  8
BLACK
100
AcDbCircle
 10
582.0470339999999
 20
-154.457401
 30
0.0
 40
0.500081000783873
100
AcDbArc
 50
180.0092814
 51
269.99679196
  0
LINE
  5
1F2
330
6F
100
AcDbEntity
  8
BLACK
  6
Continuous
100
AcDbLine
 10
517.728942
 20
-154.957482
 30
0.0
 11
517.4813809999999
 21
-154.957482
 31
0.0
  0
ARC
  5
1F3
330
6F
100
AcDbEntity
  8
BLACK
100
AcDbCircle
 10
312.614687
 20
-150.607633
 30
0.0
 40
1.00019800327985
100
AcDbArc
 50
45.00473923
 51
89.99535996
  0
LINE
  5
1F4
330
6F
100
AcDbEntity
  8
BLACK
  6
Continuous
100
AcDbLine
 10
408.3188339999999
 20
-89.600001
 30
0.0
 11
397.768834
 21
-89.600001
 31
0.0
  0
ARC
  5
1F5
330
6F
100
AcDbEntity
  8
BLACK
100
AcDbCircle
 10
370.218834
 20
-77.575001
 30
0.0
 40
2.074999999999999
100
AcDbArc
 50
0.0
 51
90.0
  0
LINE
  5
1F6
330
6F
100
AcDbEntity
  8
BLACK
  6
Continuous
100
AcDbLine
 10
314.764212
 20
-48.542893
 30
0.0
 11
310.0
 21
-53.30710500000001
 31
0.0
  0
LINE
  5
1F7
330
6F
100
AcDbEntity
  8
BLACK
  6
Continuous
100
AcDbLine
 10
573.3938809999999
 20
-50.34251399999999
 30
0.0
 11
573.3938809999999
 21
-48.74251499999999
 31
0.0
  0
ARC
  5
1F8
330
6F
100
AcDbEntity
  8
BLACK
100
AcDbCircle
 10
407.293834
 20
-58.525001
 30
0.0
 40
2.074999999999999
100
AcDbArc
 50
90.0
 51
180.0
  0
ARC
  5
1F9
330
6F
100
AcDbEntity
  8
BLACK
100
AcDbCircle
 10
420.49497
 20
-52.49981599999999
 30
0.0
 40
1.000182002811988
100
AcDbArc
 50
225.00433423
 51
269.9957036
  0
LINE
  5
1FA
330
6F
100
AcDbEntity
  8
BLACK
  6
Continuous
100
AcDbLine
 10
583.8683069999998
 20
-151.957482
 30
0.0
 11
583.6696789999999
 21
-151.957482
 31
0.0
  0
ARC
  5
1FB
330
6F
100
AcDbEntity
  8
BLACK
100
AcDbCircle
 10
516.831334
 20
-106.575001
 30
0.0
 40
2.074999999999999
100
AcDbArc
 50
180.0
 51
270.0
  0
LINE
  5
1FC
330
6F
100
AcDbEntity
  8
BLACK
  6
Continuous
100
AcDbLine
 10
589.2938339999999
 20
-127.700001
 30
0.0
 11
578.743834
 21
-127.700001
 31
0.0
  0
LINE
  5
1FD
330
6F
100
AcDbEntity
  8
BLACK
  6
Continuous
100
AcDbLine
 10
410.014212
 20
-48.542866
 30
0.0
 11
405.3499729999999
 21
-53.207105
 31
0.0
  0
LINE
  5
1FE
330
6F
100
AcDbEntity
  8
BLACK
  6
Continuous
100
AcDbLine
 10
593.5438809999999
 20
-148.707435
 30
0.0
 11
593.5438809999999
 21
-54.499998
 31
0.0
  0
LINE
  5
1FF
330
6F
100
AcDbEntity
  8
BLACK
  6
Continuous
100
AcDbLine
 10
313.3218749999999
 20
-149.900328
 30
0.0
 11
318.086087
 21
-154.66454
 31
0.0
  0
LINE
  5
200
330
6F
100
AcDbEntity
  8
BLACK
  6
Continuous
100
AcDbLine
 10
378.856381
 20
-154.957482
 30
0.0
 11
378.608819
 21
-154.957482
 31
0.0
  0
LINE
  5
201
330
6F
100
AcDbEntity
  8
BLACK
  6
Continuous
100
AcDbLine
 10
502.2252979999999
 20
-149.315856
 30
0.0
 11
394.112464
 21
-149.315856
 31
0.0
  0
ARC
  5
202
330
6F
100
AcDbEntity
  8
BLACK
100
AcDbCircle
 10
509.4189339999999
 20
-48.750101
 30
0.0
 40
0.5000530163822632
100
AcDbArc
 50
90.00607180000001
 51
179.98533384
  0
LINE
  5
203
330
6F
100
AcDbEntity
  8
BLACK
  6
Continuous
100
AcDbLine
 10
453.256334
 20
-96.625001
 30
0.0
 11
453.256334
 21
-106.575001
 31
0.0
  0
ARC
  5
204
330
6F
100
AcDbEntity
  8
BLACK
100
AcDbCircle
 10
415.79162
 20
-51.65007
 30
0.0
 40
0.4000971777081163
100
AcDbArc
 50
90.00945151000001
 51
158.02193667
  0
ARC
  5
205
330
6F
100
AcDbEntity
  8
BLACK
100
AcDbCircle
 10
320.640756
 20
-152.8574349999999
 30
0.0
 40
3.075000159649589
100
AcDbArc
 50
21.96876739
 51
158.03123261
  0
LINE
  5
206
330
6F
100
AcDbEntity
  8
BLACK
  6
Continuous
100
AcDbLine
 10
324.062057
 20
-151.957434
 30
0.0
 11
323.863429
 21
-151.957434
 31
0.0
  0
LINE
  5
207
330
6F
100
AcDbEntity
  8
BLACK
  6
Continuous
100
AcDbLine
 10
393.410217
 20
-149.443197
 30
0.0
 11
392.705583
 21
-149.707435
 31
0.0
  0
ARC
  5
208
330
6F
100
AcDbEntity
  8
BLACK
100
AcDbCircle
 10
379.743834
 20
-58.525001
 30
0.0
 40
2.074999999999999
100
AcDbArc
 50
0.0
 51
90.0
  0
ARC
  5
209
330
6F
100
AcDbEntity
  8
BLACK
100
AcDbCircle
 10
382.056314
 20
-154.457549
 30
0.0
 40
0.4999330044896015
100
AcDbArc
 50
179.99232134
 51
270.00767866
  0
ARC
  5
20A
330
6F
100
AcDbEntity
  8
BLACK
100
AcDbCircle
 10
572.520934
 20
-150.707601
 30
0.0
 40
1.000166000647892
100
AcDbArc
 50
45.0052661
 51
89.99793769
  0
CIRCLE
  5
20B
330
6F
100
AcDbEntity
  8
BLACK
100
AcDbCircle
 10
312.825084
 20
-127.850001
 30
0.0
 40
1.0
  0
ARC
  5
20C
330
6F
100
AcDbEntity
  8
BLACK
100
AcDbCircle
 10
550.1688339999999
 20
-87.52500099999998
 30
0.0
 40
2.074999999999999
100
AcDbArc
 50
180.0
 51
270.0
  0
LINE
  5
20D
330
6F
100
AcDbEntity
  8
BLACK
  6
Continuous
100
AcDbLine
 10
591.368834
 20
-115.675001
 30
0.0
 11
591.368834
 21
-125.625001
 31
0.0
  0
ARC
  5
20E
330
6F
100
AcDbEntity
  8
BLACK
100
AcDbCircle
 10
404.642924
 20
-52.50013599999999
 30
0.0
 40
0.9998617181200607
100
AcDbArc
 50
269.99673369
 51
315.00324159
  0
ARC
  5
20F
330
6F
100
AcDbEntity
  8
BLACK
100
AcDbCircle
 10
315.440055
 20
-113.946152
 30
0.0
 40
0.9284098923438936
100
AcDbArc
 50
269.9999382900001
 51
337.97733212
  0
LINE
  5
210
330
6F
100
AcDbEntity
  8
BLACK
  6
Continuous
100
AcDbLine
 10
314.574444
 20
-114.874561
 30
0.0
 11
315.440054
 21
-114.874561
 31
0.0
  0
CIRCLE
  5
211
330
6F
100
AcDbEntity
  8
BLACK
100
AcDbCircle
 10
574.493834
 20
-120.650001
 30
0.0
 40
1.0
  0
ARC
  5
212
330
6F
100
AcDbEntity
  8
BLACK
100
AcDbCircle
 10
413.081334
 20
-106.575001
 30
0.0
 40
2.074999999999999
100
AcDbArc
 50
270.0
 51
0.0
  0
LINE
  5
213
330
6F
100
AcDbEntity
  8
BLACK
  6
Continuous
100
AcDbLine
 10
576.6688339999999
 20
-115.675001
 30
0.0
 11
576.6688339999999
 21
-125.625002
 31
0.0
  0
ARC
  5
214
330
6F
100
AcDbEntity
  8
BLACK
100
AcDbCircle
 10
527.3813339999999
 20
-106.575001
 30
0.0
 40
2.074999999999999
100
AcDbArc
 50
270.0
 51
0.0
  0
ARC
  5
215
330
6F
100
AcDbEntity
  8
BLACK
100
AcDbCircle
 10
318.918918
 20
-48.750037
 30
0.0
 40
0.5000370013688987
100
AcDbArc
 50
90.00423957
 51
179.99576043
  0
LINE
  5
216
330
6F
100
AcDbEntity
  8
BLACK
  6
Continuous
100
AcDbLine
 10
589.2938339999999
 20
-113.600001
 30
0.0
 11
578.7438329999999
 21
-113.600001
 31
0.0
  0
ARC
  5
217
330
6F
100
AcDbEntity
  8
BLACK
100
AcDbCircle
 10
578.743834
 20
-115.675001
 30
0.0
 40
2.074999999999999
100
AcDbArc
 50
90.00002761000002
 51
180.0
  0
LINE
  5
218
330
6F
100
AcDbEntity
  8
BLACK
  6
Continuous
100
AcDbLine
 10
489.2813339999999
 20
-108.650001
 30
0.0
 11
478.7313339999999
 21
-108.650001
 31
0.0
  0
LINE
  5
219
330
6F
100
AcDbEntity
  8
BLACK
  6
Continuous
100
AcDbLine
 10
360.693834
 20
-70.55000099999998
 30
0.0
 11
350.143834
 21
-70.55000099999998
 31
0.0
  0
LINE
  5
21A
330
6F
100
AcDbEntity
  8
BLACK
  6
Continuous
100
AcDbLine
 10
370.218834
 20
-89.600001
 30
0.0
 11
359.668834
 21
-89.600001
 31
0.0
  0
ARC
  5
21B
330
6F
100
AcDbEntity
  8
BLACK
100
AcDbCircle
 10
322.593834
 20
-68.47500099999999
 30
0.0
 40
2.074999999999999
100
AcDbArc
 50
270.0
 51
0.0
  0
LINE
  5
21C
330
6F
100
AcDbEntity
  8
BLACK
  6
Continuous
100
AcDbLine
 10
383.877682
 20
-151.957482
 30
0.0
 11
383.679054
 21
-151.957482
 31
0.0
  0
ARC
  5
21D
330
6F
100
AcDbEntity
  8
BLACK
100
AcDbCircle
 10
369.193834
 20
-68.47500099999999
 30
0.0
 40
2.074999999999999
100
AcDbArc
 50
180.0
 51
270.0
  0
CIRCLE
  5
21E
330
6F
100
AcDbEntity
  8
BLACK
100
AcDbCircle
 10
407.8063339999999
 20
-120.650001
 30
0.0
 40
1.0
  0
ARC
  5
21F
330
6F
100
AcDbEntity
  8
BLACK
100
AcDbCircle
 10
517.7289339999999
 20
-153.957601
 30
0.0
 40
0.9999218246288055
100
AcDbArc
 50
270.00045842
 51
315.00514571
  0
CIRCLE
  5
220
330
6F
100
AcDbEntity
  8
BLACK
100
AcDbCircle
 10
345.893834
 20
-63.50000099999999
 30
0.0
 40
1.0
  0
CIRCLE
  5
221
330
6F
100
AcDbEntity
  8
BLACK
100
AcDbCircle
 10
460.193834
 20
-63.50000099999999
 30
0.0
 40
1.0
  0
ARC
  5
222
330
6F
100
AcDbEntity
  8
BLACK
100
AcDbCircle
 10
398.793834
 20
-58.525001
 30
0.0
 40
2.074999999999999
100
AcDbArc
 50
0.0
 51
90.0
  0
LINE
  5
223
330
6F
100
AcDbEntity
  8
BLACK
  6
Continuous
100
AcDbLine
 10
398.793834
 20
-56.450001
 30
0.0
 11
388.243834
 21
-56.450001
 31
0.0
  0
ARC
  5
224
330
6F
100
AcDbEntity
  8
BLACK
100
AcDbCircle
 10
427.3688339999999
 20
-87.52500099999998
 30
0.0
 40
2.074999999999999
100
AcDbArc
 50
270.0
 51
0.0
  0
ARC
  5
225
330
6F
100
AcDbEntity
  8
BLACK
100
AcDbCircle
 10
465.4688339999998
 20
-87.52500099999998
 30
0.0
 40
2.074999999999999
100
AcDbArc
 50
270.0
 51
0.0
  0
ARC
  5
226
330
6F
100
AcDbEntity
  8
BLACK
100
AcDbCircle
 10
350.143834
 20
-58.525001
 30
0.0
 40
2.074999999999999
100
AcDbArc
 50
90.0
 51
180.0
  0
CIRCLE
  5
227
330
6F
100
AcDbEntity
  8
BLACK
100
AcDbCircle
 10
383.993834
 20
-63.50000099999999
 30
0.0
 40
1.0
  0
LINE
  5
228
330
6F
100
AcDbEntity
  8
BLACK
  6
Continuous
100
AcDbLine
 10
341.643834
 20
-56.450001
 30
0.0
 11
331.093834
 21
-56.450001
 31
0.0
  0
LINE
  5
229
330
6F
100
AcDbEntity
  8
BLACK
  6
Continuous
100
AcDbLine
 10
400.8688339999999
 20
-58.525001
 30
0.0
 11
400.8688339999999
 21
-68.47500099999999
 31
0.0
  0
LINE
  5
22A
330
6F
100
AcDbEntity
  8
BLACK
  6
Continuous
100
AcDbLine
 10
322.593834
 20
-70.55000099999998
 30
0.0
 11
312.043834
 21
-70.55000099999998
 31
0.0
  0
CIRCLE
  5
22B
330
6F
100
AcDbEntity
  8
BLACK
100
AcDbCircle
 10
436.381334
 20
-101.600001
 30
0.0
 40
1.0
  0
LINE
  5
22C
330
6F
100
AcDbEntity
  8
BLACK
  6
Continuous
100
AcDbLine
 10
329.431334
 20
-77.575001
 30
0.0
 11
329.431335
 21
-77.575001
 31
0.0
  0
ARC
  5
22D
330
6F
100
AcDbEntity
  8
BLACK
100
AcDbCircle
 10
312.043833
 20
-68.475002
 30
0.0
 40
2.07499900000024
100
AcDbArc
 50
179.99997239
 51
270.0000276099999
  0
ARC
  5
22E
330
6F
100
AcDbEntity
  8
BLACK
100
AcDbCircle
 10
341.643834
 20
-68.47500099999999
 30
0.0
 40
2.074999999999999
100
AcDbArc
 50
270.0
 51
0.0
  0
LINE
  5
22F
330
6F
100
AcDbEntity
  8
BLACK
  6
Continuous
100
AcDbLine
 10
405.2188339999999
 20
-58.525001
 30
0.0
 11
405.2188339999999
 21
-68.47500099999999
 31
0.0
  0
LINE
  5
230
330
6F
100
AcDbEntity
  8
BLACK
  6
Continuous
100
AcDbLine
 10
341.643834
 20
-70.55000099999998
 30
0.0
 11
331.093834
 21
-70.55000099999998
 31
0.0
  0
LINE
  5
231
330
6F
100
AcDbEntity
  8
BLACK
  6
Continuous
100
AcDbLine
 10
496.1188339999999
 20
-58.525001
 30
0.0
 11
496.1188339999999
 21
-68.47500099999999
 31
0.0
  0
ARC
  5
232
330
6F
100
AcDbEntity
  8
BLACK
100
AcDbCircle
 10
360.693834
 20
-68.47500099999999
 30
0.0
 40
2.074999999999999
100
AcDbArc
 50
270.0
 51
0.0
  0
LINE
  5
233
330
6F
100
AcDbEntity
  8
BLACK
  6
Continuous
100
AcDbLine
 10
362.768834
 20
-58.525001
 30
0.0
 11
362.768834
 21
-68.47500099999999
 31
0.0
  0
LINE
  5
234
330
6F
100
AcDbEntity
  8
BLACK
  6
Continuous
100
AcDbLine
 10
409.147579
 20
-51.249973
 30
0.0
 11
409.346208
 21
-51.249973
 31
0.0
  0
ARC
  5
235
330
6F
100
AcDbEntity
  8
BLACK
100
AcDbCircle
 10
350.143834
 20
-68.47500099999999
 30
0.0
 40
2.074999999999999
100
AcDbArc
 50
180.0
 51
270.0
  0
ARC
  5
236
330
6F
100
AcDbEntity
  8
BLACK
100
AcDbCircle
 10
343.009634
 20
-113.946101
 30
0.0
 40
0.9284600034465674
100
AcDbArc
 50
202.02742278
 51
270.00493684
  0
CIRCLE
  5
237
330
6F
100
AcDbEntity
  8
BLACK
100
AcDbCircle
 10
568.2200339999999
 20
-82.200001
 30
0.0
 40
1.0
  0
LINE
  5
238
330
6F
100
AcDbEntity
  8
BLACK
  6
Continuous
100
AcDbLine
 10
472.306334
 20
-96.625001
 30
0.0
 11
472.306334
 21
-106.575001
 31
0.0
  0
LINE
  5
239
330
6F
100
AcDbEntity
  8
BLACK
  6
Continuous
100
AcDbLine
 10
322.593834
 20
-56.450001
 30
0.0
 11
312.043834
 21
-56.450001
 31
0.0
  0
LINE
  5
23A
330
6F
100
AcDbEntity
  8
BLACK
  6
Continuous
100
AcDbLine
 10
433.793834
 20
-77.575001
 30
0.0
 11
433.793834
 21
-87.52500099999998
 31
0.0
  0
LINE
  5
23B
330
6F
100
AcDbEntity
  8
BLACK
  6
Continuous
100
AcDbLine
 10
510.4063339999998
 20
-96.625001
 30
0.0
 11
510.4063339999998
 21
-106.575001
 31
0.0
  0
ARC
  5
23C
330
6F
100
AcDbEntity
  8
BLACK
100
AcDbCircle
 10
331.093834
 20
-58.525001
 30
0.0
 40
2.074999999999999
100
AcDbArc
 50
90.0
 51
180.0
  0
ARC
  5
23D
330
6F
100
AcDbEntity
  8
BLACK
100
AcDbCircle
 10
526.3563339999999
 20
-125.625001
 30
0.0
 40
2.074999999999999
100
AcDbArc
 50
180.0
 51
270.0
  0
ARC
  5
23E
330
6F
100
AcDbEntity
  8
BLACK
100
AcDbCircle
 10
331.093834
 20
-68.47500099999999
 30
0.0
 40
2.074999999999999
100
AcDbArc
 50
180.0
 51
270.0
  0
LINE
  5
23F
330
6F
100
AcDbEntity
  8
BLACK
  6
Continuous
100
AcDbLine
 10
527.3813339999999
 20
-108.650001
 30
0.0
 11
516.831334
 21
-108.650001
 31
0.0
  0
LINE
  5
240
330
6F
100
AcDbEntity
  8
BLACK
  6
Continuous
100
AcDbLine
 10
513.093834
 20
-70.55000099999998
 30
0.0
 11
502.543834
 21
-70.55000099999998
 31
0.0
  0
ARC
  5
241
330
6F
100
AcDbEntity
  8
BLACK
100
AcDbCircle
 10
360.693834
 20
-58.525001
 30
0.0
 40
2.074999999999999
100
AcDbArc
 50
0.0
 51
90.0
  0
ARC
  5
242
330
6F
100
AcDbEntity
  8
BLACK
100
AcDbCircle
 10
483.4938339999999
 20
-58.525001
 30
0.0
 40
2.074999999999999
100
AcDbArc
 50
90.0
 51
180.0
  0
ARC
  5
243
330
6F
100
AcDbEntity
  8
BLACK
100
AcDbCircle
 10
455.9438339999999
 20
-68.47500099999999
 30
0.0
 40
2.074999999999999
100
AcDbArc
 50
270.0
 51
0.0
  0
LINE
  5
244
330
6F
100
AcDbEntity
  8
BLACK
  6
Continuous
100
AcDbLine
 10
324.668834
 20
-58.525001
 30
0.0
 11
324.668834
 21
-68.47500099999999
 31
0.0
  0
LINE
  5
245
330
6F
100
AcDbEntity
  8
BLACK
  6
Continuous
100
AcDbLine
 10
477.0688339999999
 20
-58.525001
 30
0.0
 11
477.0688339999999
 21
-68.47500099999999
 31
0.0
  0
ARC
  5
246
330
6F
100
AcDbEntity
  8
BLACK
100
AcDbCircle
 10
322.593834
 20
-58.525001
 30
0.0
 40
2.074999999999999
100
AcDbArc
 50
0.0
 51
90.0
  0
LINE
  5
247
330
6F
100
AcDbEntity
  8
BLACK
  6
Continuous
100
AcDbLine
 10
458.018834
 20
-58.525001
 30
0.0
 11
458.018834
 21
-68.47500099999999
 31
0.0
  0
ARC
  5
248
330
6F
100
AcDbEntity
  8
BLACK
100
AcDbCircle
 10
379.743834
 20
-68.47500099999999
 30
0.0
 40
2.074999999999999
100
AcDbArc
 50
270.0
 51
0.0
  0
LINE
  5
249
330
6F
100
AcDbEntity
  8
BLACK
  6
Continuous
100
AcDbLine
 10
379.743834
 20
-56.450001
 30
0.0
 11
369.193834
 21
-56.450001
 31
0.0
  0
LINE
  5
24A
330
6F
100
AcDbEntity
  8
BLACK
  6
Continuous
100
AcDbLine
 10
438.9688339999999
 20
-58.525001
 30
0.0
 11
438.9688339999999
 21
-68.47500099999999
 31
0.0
  0
ARC
  5
24B
330
6F
100
AcDbEntity
  8
BLACK
100
AcDbCircle
 10
388.243834
 20
-68.47500099999999
 30
0.0
 40
2.074999999999999
100
AcDbArc
 50
180.0
 51
270.0
  0
LINE
  5
24C
330
6F
100
AcDbEntity
  8
BLACK
  6
Continuous
100
AcDbLine
 10
362.356334
 20
-96.625001
 30
0.0
 11
362.356334
 21
-106.575001
 31
0.0
  0
ARC
  5
24D
330
6F
100
AcDbEntity
  8
BLACK
100
AcDbCircle
 10
445.393834
 20
-58.525001
 30
0.0
 40
2.074999999999999
100
AcDbArc
 50
90.0
 51
180.0
  0
ARC
  5
24E
330
6F
100
AcDbEntity
  8
BLACK
100
AcDbCircle
 10
388.243834
 20
-58.525001
 30
0.0
 40
2.074999999999999
100
AcDbArc
 50
90.0
 51
180.0
  0
LINE
  5
24F
330
6F
100
AcDbEntity
  8
BLACK
  6
Continuous
100
AcDbLine
 10
551.1938339999999
 20
-56.450001
 30
0.0
 11
540.643834
 21
-56.450001
 31
0.0
  0
LINE
  5
250
330
6F
100
AcDbEntity
  8
BLACK
  6
Continuous
100
AcDbLine
 10
316.218881
 20
-50.349998
 30
0.0
 11
316.218881
 21
-48.75
 31
0.0
  0
LINE
  5
251
330
6F
100
AcDbEntity
  8
BLACK
  6
Continuous
100
AcDbLine
 10
386.168834
 20
-58.525001
 30
0.0
 11
386.168834
 21
-68.47500099999999
 31
0.0
  0
ARC
  5
252
330
6F
100
AcDbEntity
  8
BLACK
100
AcDbCircle
 10
540.643834
 20
-68.47500099999999
 30
0.0
 40
2.074999999999999
100
AcDbArc
 50
180.0
 51
270.0
  0
ARC
  5
253
330
6F
100
AcDbEntity
  8
BLACK
100
AcDbCircle
 10
502.543834
 20
-58.525001
 30
0.0
 40
2.074999999999999
100
AcDbArc
 50
90.0
 51
180.0
  0
LINE
  5
254
330
6F
100
AcDbEntity
  8
BLACK
  6
Continuous
100
AcDbLine
 10
436.893834
 20
-70.55000099999998
 30
0.0
 11
426.3438339999999
 21
-70.55000099999998
 31
0.0
  0
ARC
  5
255
330
6F
100
AcDbEntity
  8
BLACK
100
AcDbCircle
 10
540.643834
 20
-58.525001
 30
0.0
 40
2.074999999999999
100
AcDbArc
 50
90.0
 51
180.0
  0
ARC
  5
256
330
6F
100
AcDbEntity
  8
BLACK
100
AcDbCircle
 10
494.043834
 20
-58.525001
 30
0.0
 40
2.074999999999999
100
AcDbArc
 50
0.0
 51
90.0
  0
LINE
  5
257
330
6F
100
AcDbEntity
  8
BLACK
  6
Continuous
100
AcDbLine
 10
538.5688339999999
 20
-58.525001
 30
0.0
 11
538.5688339999999
 21
-68.47500099999999
 31
0.0
  0
LINE
  5
258
330
6F
100
AcDbEntity
  8
BLACK
  6
Continuous
100
AcDbLine
 10
557.6188339999999
 20
-58.525001
 30
0.0
 11
557.6188339999999
 21
-68.475002
 31
0.0
  0
LINE
  5
259
330
6F
100
AcDbEntity
  8
BLACK
  6
Continuous
100
AcDbLine
 10
318.918881
 20
-48.25
 30
0.0
 11
319.1664419999999
 21
-48.25
 31
0.0
  0
LINE
  5
25A
330
6F
100
AcDbEntity
  8
BLACK
  6
Continuous
100
AcDbLine
 10
532.1438339999999
 20
-70.55000099999998
 30
0.0
 11
521.593834
 21
-70.55000099999998
 31
0.0
  0
ARC
  5
25B
330
6F
100
AcDbEntity
  8
BLACK
100
AcDbCircle
 10
513.093834
 20
-58.525001
 30
0.0
 40
2.074999999999999
100
AcDbArc
 50
0.0
 51
90.0
  0
LINE
  5
25C
330
6F
100
AcDbEntity
  8
BLACK
  6
Continuous
100
AcDbLine
 10
573.228077
 20
-150.000328
 30
0.0
 11
577.892337
 21
-154.664589
 31
0.0
  0
ARC
  5
25D
330
6F
100
AcDbEntity
  8
BLACK
100
AcDbCircle
 10
455.9438339999999
 20
-58.525001
 30
0.0
 40
2.074999999999999
100
AcDbArc
 50
0.0
 51
90.0
  0
ARC
  5
25E
330
6F
100
AcDbEntity
  8
BLACK
100
AcDbCircle
 10
521.593834
 20
-68.47500099999999
 30
0.0
 40
2.074999999999999
100
AcDbArc
 50
180.0
 51
270.0
  0
LINE
  5
25F
330
6F
100
AcDbEntity
  8
BLACK
  6
Continuous
100
AcDbLine
 10
465.4688339999998
 20
-89.600001
 30
0.0
 11
454.9188339999999
 21
-89.600001
 31
0.0
  0
ARC
  5
260
330
6F
100
AcDbEntity
  8
BLACK
100
AcDbCircle
 10
484.5188339999999
 20
-77.575001
 30
0.0
 40
2.074999999999999
100
AcDbArc
 50
0.0
 51
90.0
  0
LINE
  5
261
330
6F
100
AcDbEntity
  8
BLACK
  6
Continuous
100
AcDbLine
 10
532.1438339999999
 20
-56.450001
 30
0.0
 11
521.593834
 21
-56.450001
 31
0.0
  0
LINE
  5
262
330
6F
100
AcDbEntity
  8
BLACK
  6
Continuous
100
AcDbLine
 10
484.5188339999999
 20
-89.600001
 30
0.0
 11
473.9688339999998
 21
-89.600001
 31
0.0
  0
ARC
  5
263
330
6F
100
AcDbEntity
  8
BLACK
100
AcDbCircle
 10
513.093834
 20
-68.47500099999999
 30
0.0
 40
2.074999999999999
100
AcDbArc
 50
270.0
 51
0.0
  0
LINE
  5
264
330
6F
100
AcDbEntity
  8
BLACK
  6
Continuous
100
AcDbLine
 10
417.8438339999999
 20
-56.450001
 30
0.0
 11
407.293834
 21
-56.450001
 31
0.0
  0
ARC
  5
265
330
6F
100
AcDbEntity
  8
BLACK
100
AcDbCircle
 10
451.1813339999999
 20
-96.625001
 30
0.0
 40
2.074999999999999
100
AcDbArc
 50
0.0
 51
90.0
  0
ARC
  5
266
330
6F
100
AcDbEntity
  8
BLACK
100
AcDbCircle
 10
426.3438339999999
 20
-68.47500099999999
 30
0.0
 40
2.074999999999999
100
AcDbArc
 50
180.0
 51
270.0
  0
ARC
  5
267
330
6F
100
AcDbEntity
  8
BLACK
100
AcDbCircle
 10
474.9938339999999
 20
-58.525001
 30
0.0
 40
2.074999999999999
100
AcDbArc
 50
0.0
 51
90.0
  0
ARC
  5
268
330
6F
100
AcDbEntity
  8
BLACK
100
AcDbCircle
 10
474.9938339999999
 20
-68.47500099999999
 30
0.0
 40
2.074999999999999
100
AcDbArc
 50
270.0
 51
0.0
  0
ARC
  5
269
330
6F
100
AcDbEntity
  8
BLACK
100
AcDbCircle
 10
354.906334
 20
-125.625001
 30
0.0
 40
2.074999999999999
100
AcDbArc
 50
180.0
 51
270.0
  0
LINE
  5
26A
330
6F
100
AcDbEntity
  8
BLACK
  6
Continuous
100
AcDbLine
 10
419.918834
 20
-58.525001
 30
0.0
 11
419.918834
 21
-68.47500099999999
 31
0.0
  0
ARC
  5
26B
330
6F
100
AcDbEntity
  8
BLACK
100
AcDbCircle
 10
319.187588
 20
-96.625005
 30
0.0
 40
2.075004000003854
100
AcDbArc
 50
90.00013806
 51
179.99988955
  0
LINE
  5
26C
330
6F
100
AcDbEntity
  8
BLACK
  6
Continuous
100
AcDbLine
 10
481.418834
 20
-58.525001
 30
0.0
 11
481.418834
 21
-68.47500099999999
 31
0.0
  0
ARC
  5
26D
330
6F
100
AcDbEntity
  8
BLACK
100
AcDbCircle
 10
436.893834
 20
-68.47500099999999
 30
0.0
 40
2.074999999999999
100
AcDbArc
 50
270.0
 51
0.0
  0
LINE
  5
26E
330
6F
100
AcDbEntity
  8
BLACK
  6
Continuous
100
AcDbLine
 10
443.318834
 20
-58.525001
 30
0.0
 11
443.318834
 21
-68.47500099999999
 31
0.0
  0
LINE
  5
26F
330
6F
100
AcDbEntity
  8
BLACK
  6
Continuous
100
AcDbLine
 10
474.9938339999999
 20
-56.450001
 30
0.0
 11
464.4438339999999
 21
-56.450001
 31
0.0
  0
ARC
  5
270
330
6F
100
AcDbEntity
  8
BLACK
100
AcDbCircle
 10
522.618834
 20
-87.52500099999998
 30
0.0
 40
2.074999999999999
100
AcDbArc
 50
270.0
 51
0.0
  0
ARC
  5
271
330
6F
100
AcDbEntity
  8
BLACK
100
AcDbCircle
 10
464.4438339999999
 20
-68.47500099999999
 30
0.0
 40
2.074999999999999
100
AcDbArc
 50
180.0
 51
270.0
  0
ARC
  5
272
330
6F
100
AcDbEntity
  8
BLACK
100
AcDbCircle
 10
508.331334
 20
-96.625001
 30
0.0
 40
2.074999999999999
100
AcDbArc
 50
0.0
 51
90.0
  0
ARC
  5
273
330
6F
100
AcDbEntity
  8
BLACK
100
AcDbCircle
 10
483.4938339999999
 20
-68.47500099999999
 30
0.0
 40
2.074999999999999
100
AcDbArc
 50
180.0
 51
270.0
  0
ARC
  5
274
330
6F
100
AcDbEntity
  8
BLACK
100
AcDbCircle
 10
407.293834
 20
-68.47500099999999
 30
0.0
 40
2.074999999999999
100
AcDbArc
 50
180.0
 51
270.0
  0
LINE
  5
275
330
6F
100
AcDbEntity
  8
BLACK
  6
Continuous
100
AcDbLine
 10
500.4688339999999
 20
-58.525001
 30
0.0
 11
500.4688339999999
 21
-68.47500099999999
 31
0.0
  0
LINE
  5
276
330
6F
100
AcDbEntity
  8
BLACK
  6
Continuous
100
AcDbLine
 10
513.093834
 20
-56.450001
 30
0.0
 11
502.543834
 21
-56.450001
 31
0.0
  0
ARC
  5
277
330
6F
100
AcDbEntity
  8
BLACK
100
AcDbCircle
 10
571.072534
 20
-51.642501
 30
0.0
 40
0.3999630093496147
100
AcDbArc
 50
89.993554
 51
200.80955492
  0
ARC
  5
278
330
6F
100
AcDbEntity
  8
BLACK
100
AcDbCircle
 10
436.893834
 20
-58.525001
 30
0.0
 40
2.074999999999999
100
AcDbArc
 50
0.0
 51
90.0
  0
ARC
  5
279
330
6F
100
AcDbEntity
  8
BLACK
100
AcDbCircle
 10
464.4438339999999
 20
-58.525001
 30
0.0
 40
2.074999999999999
100
AcDbArc
 50
90.0
 51
180.0
  0
LINE
  5
27A
330
6F
100
AcDbEntity
  8
BLACK
  6
Continuous
100
AcDbLine
 10
505.231334
 20
-115.675001
 30
0.0
 11
505.231334
 21
-125.625001
 31
0.0
  0
ARC
  5
27B
330
6F
100
AcDbEntity
  8
BLACK
100
AcDbCircle
 10
494.043834
 20
-68.47500099999999
 30
0.0
 40
2.074999999999999
100
AcDbArc
 50
270.0
 51
0.0
  0
LINE
  5
27C
330
6F
100
AcDbEntity
  8
BLACK
  6
Continuous
100
AcDbLine
 10
457.606334
 20
-96.625001
 30
0.0
 11
457.606334
 21
-106.575001
 31
0.0
  0
ARC
  5
27D
330
6F
100
AcDbEntity
  8
BLACK
100
AcDbCircle
 10
417.8438339999999
 20
-58.525001
 30
0.0
 40
2.074999999999999
100
AcDbArc
 50
0.0
 51
90.0
  0
LINE
  5
27E
330
6F
100
AcDbEntity
  8
BLACK
  6
Continuous
100
AcDbLine
 10
424.2688339999999
 20
-58.525001
 30
0.0
 11
424.2688339999999
 21
-68.47500099999999
 31
0.0
  0
ARC
  5
27F
330
6F
100
AcDbEntity
  8
BLACK
100
AcDbCircle
 10
416.8188339999999
 20
-87.52500099999998
 30
0.0
 40
2.074999999999999
100
AcDbArc
 50
180.0
 51
270.0
  0
LINE
  5
280
330
6F
100
AcDbEntity
  8
BLACK
  6
Continuous
100
AcDbLine
 10
474.9938339999999
 20
-70.55000099999998
 30
0.0
 11
464.4438339999999
 21
-70.55000099999998
 31
0.0
  0
ARC
  5
281
330
6F
100
AcDbEntity
  8
BLACK
100
AcDbCircle
 10
416.8188339999999
 20
-77.575001
 30
0.0
 40
2.074999999999999
100
AcDbArc
 50
90.0
 51
180.0
  0
ARC
  5
282
330
6F
100
AcDbEntity
  8
BLACK
100
AcDbCircle
 10
408.3188339999999
 20
-87.52500099999998
 30
0.0
 40
2.074999999999999
100
AcDbArc
 50
270.0
 51
0.0
  0
LINE
  5
283
330
6F
100
AcDbEntity
  8
BLACK
  6
Continuous
100
AcDbLine
 10
534.2188339999999
 20
-58.525001
 30
0.0
 11
534.2188339999999
 21
-68.47500099999999
 31
0.0
  0
ARC
  5
284
330
6F
100
AcDbEntity
  8
BLACK
100
AcDbCircle
 10
532.1438339999999
 20
-58.525001
 30
0.0
 40
2.074999999999999
100
AcDbArc
 50
0.0
 51
90.0
  0
LINE
  5
285
330
6F
100
AcDbEntity
  8
BLACK
  6
Continuous
100
AcDbLine
 10
343.8753239999999
 20
-125.325441
 30
0.0
 11
343.471284
 21
-125.325441
 31
0.0
  0
LINE
  5
286
330
6F
100
AcDbEntity
  8
BLACK
  6
Continuous
100
AcDbLine
 10
432.1313339999999
 20
-94.55000099999999
 30
0.0
 11
421.581334
 21
-94.55000099999999
 31
0.0
  0
LINE
  5
287
330
6F
100
AcDbEntity
  8
BLACK
  6
Continuous
100
AcDbLine
 10
405.6313339999999
 20
-115.675001
 30
0.0
 11
405.6313339999999
 21
-125.625001
 31
0.0
  0
ARC
  5
288
330
6F
100
AcDbEntity
  8
BLACK
100
AcDbCircle
 10
532.1438339999999
 20
-68.47500099999999
 30
0.0
 40
2.074999999999999
100
AcDbArc
 50
270.0
 51
0.0
  0
ARC
  5
289
330
6F
100
AcDbEntity
  8
BLACK
100
AcDbCircle
 10
521.593834
 20
-58.525001
 30
0.0
 40
2.074999999999999
100
AcDbArc
 50
90.0
 51
180.0
  0
LINE
  5
28A
330
6F
100
AcDbEntity
  8
BLACK
  6
Continuous
100
AcDbLine
 10
553.2688339999999
 20
-58.525001
 30
0.0
 11
553.2688339999999
 21
-68.47500099999999
 31
0.0
  0
ARC
  5
28B
330
6F
100
AcDbEntity
  8
BLACK
100
AcDbCircle
 10
551.1938339999999
 20
-58.525001
 30
0.0
 40
2.074999999999999
100
AcDbArc
 50
0.0
 51
90.0
  0
LINE
  5
28C
330
6F
100
AcDbEntity
  8
BLACK
  6
Continuous
100
AcDbLine
 10
388.382416
 20
-149.707435
 30
0.0
 11
392.705583
 21
-149.707435
 31
0.0
  0
LINE
  5
28D
330
6F
100
AcDbEntity
  8
BLACK
  6
Continuous
100
AcDbLine
 10
389.268834
 20
-75.500001
 30
0.0
 11
378.718834
 21
-75.500001
 31
0.0
  0
ARC
  5
28E
330
6F
100
AcDbEntity
  8
BLACK
100
AcDbCircle
 10
551.1938339999999
 20
-68.47500099999999
 30
0.0
 40
2.074999999999999
100
AcDbArc
 50
270.0
 51
0.0
  0
ARC
  5
28F
330
6F
100
AcDbEntity
  8
BLACK
100
AcDbCircle
 10
316.806334
 20
-77.575
 30
0.0
 40
2.074999
100
AcDbArc
 50
90.0
 51
180.0
  0
LINE
  5
290
330
6F
100
AcDbEntity
  8
BLACK
  6
Continuous
100
AcDbLine
 10
389.268834
 20
-89.600001
 30
0.0
 11
378.718834
 21
-89.600001
 31
0.0
  0
LINE
  5
291
330
6F
100
AcDbEntity
  8
BLACK
  6
Continuous
100
AcDbLine
 10
446.4188339999999
 20
-89.600001
 30
0.0
 11
435.8688339999999
 21
-89.600001
 31
0.0
  0
LINE
  5
292
330
6F
100
AcDbEntity
  8
BLACK
  6
Continuous
100
AcDbLine
 10
372.293834
 20
-77.575001
 30
0.0
 11
372.293834
 21
-87.52500099999998
 31
0.0
  0
LINE
  5
293
330
6F
100
AcDbEntity
  8
BLACK
  6
Continuous
100
AcDbLine
 10
327.356334
 20
-89.600001
 30
0.0
 11
316.806334
 21
-89.600001
 31
0.0
  0
ARC
  5
294
330
6F
100
AcDbEntity
  8
BLACK
100
AcDbCircle
 10
421.581334
 20
-96.625001
 30
0.0
 40
2.074999999999999
100
AcDbArc
 50
90.0
 51
180.0
  0
LINE
  5
295
330
6F
100
AcDbEntity
  8
BLACK
  6
Continuous
100
AcDbLine
 10
429.443834
 20
-77.575001
 30
0.0
 11
429.443834
 21
-87.52500099999998
 31
0.0
  0
LINE
  5
296
330
6F
100
AcDbEntity
  8
BLACK
  6
Continuous
100
AcDbLine
 10
327.356334
 20
-75.500001
 30
0.0
 11
316.806334
 21
-75.500001
 31
0.0
  0
ARC
  5
297
330
6F
100
AcDbEntity
  8
BLACK
100
AcDbCircle
 10
327.356334
 20
-77.575001
 30
0.0
 40
2.074999999999999
100
AcDbArc
 50
0.0
 51
90.0
  0
ARC
  5
298
330
6F
100
AcDbEntity
  8
BLACK
100
AcDbCircle
 10
378.718834
 20
-77.575001
 30
0.0
 40
2.074999999999999
100
AcDbArc
 50
90.0
 51
180.0
  0
LINE
  5
299
330
6F
100
AcDbEntity
  8
BLACK
  6
Continuous
100
AcDbLine
 10
324.537761
 20
-53.207105
 30
0.0
 11
319.873549
 21
-48.542893
 31
0.0
  0
LINE
  5
29A
330
6F
100
AcDbEntity
  8
BLACK
  6
Continuous
100
AcDbLine
 10
448.493834
 20
-77.575001
 30
0.0
 11
448.493834
 21
-87.52500099999998
 31
0.0
  0
ARC
  5
29B
330
6F
100
AcDbEntity
  8
BLACK
100
AcDbCircle
 10
435.8688339999999
 20
-87.52500099999998
 30
0.0
 40
2.074999999999999
100
AcDbArc
 50
180.0
 51
270.0
  0
LINE
  5
29C
330
6F
100
AcDbEntity
  8
BLACK
  6
Continuous
100
AcDbLine
 10
391.3438339999999
 20
-77.575001
 30
0.0
 11
391.3438339999999
 21
-87.52500099999998
 31
0.0
  0
ARC
  5
29D
330
6F
100
AcDbEntity
  8
BLACK
100
AcDbCircle
 10
435.8688339999999
 20
-77.575001
 30
0.0
 40
2.074999999999999
100
AcDbArc
 50
90.0
 51
180.0
  0
LINE
  5
29E
330
6F
100
AcDbEntity
  8
BLACK
  6
Continuous
100
AcDbLine
 10
452.843834
 20
-77.575001
 30
0.0
 11
452.843834
 21
-87.52500099999998
 31
0.0
  0
LINE
  5
29F
330
6F
100
AcDbEntity
  8
BLACK
  6
Continuous
100
AcDbLine
 10
427.3688339999999
 20
-89.600001
 30
0.0
 11
416.8188339999999
 21
-89.600001
 31
0.0
  0
LINE
  5
2A0
330
6F
100
AcDbEntity
  8
BLACK
  6
Continuous
100
AcDbLine
 10
551.1938339999999
 20
-70.55000099999998
 30
0.0
 11
540.643834
 21
-70.55000099999998
 31
0.0
  0
LINE
  5
2A1
330
6F
100
AcDbEntity
  8
BLACK
  6
Continuous
100
AcDbLine
 10
329.431335
 20
-77.575001
 30
0.0
 11
329.431335
 21
-87.52500099999998
 31
0.0
  0
ARC
  5
2A2
330
6F
100
AcDbEntity
  8
BLACK
100
AcDbCircle
 10
340.618834
 20
-77.575001
 30
0.0
 40
2.074999999999999
100
AcDbArc
 50
90.0
 51
180.0
  0
ARC
  5
2A3
330
6F
100
AcDbEntity
  8
BLACK
100
AcDbCircle
 10
514.0338339999998
 20
-153.957401
 30
0.0
 40
1.00008100011249
100
AcDbArc
 50
225.00267376
 51
269.99914063
  0
LINE
  5
2A4
330
6F
100
AcDbEntity
  8
BLACK
  6
Continuous
100
AcDbLine
 10
351.168834
 20
-75.500001
 30
0.0
 11
340.618834
 21
-75.500001
 31
0.0
  0
ARC
  5
2A5
330
6F
100
AcDbEntity
  8
BLACK
100
AcDbCircle
 10
316.806334
 20
-87.525002
 30
0.0
 40
2.074999
100
AcDbArc
 50
180.0
 51
270.0
  0
ARC
  5
2A6
330
6F
100
AcDbEntity
  8
BLACK
100
AcDbCircle
 10
512.0688339999999
 20
-87.52500099999998
 30
0.0
 40
2.074999999999999
100
AcDbArc
 50
180.0
 51
270.0
  0
ARC
  5
2A7
330
6F
100
AcDbEntity
  8
BLACK
100
AcDbCircle
 10
359.668834
 20
-77.575001
 30
0.0
 40
2.074999999999999
100
AcDbArc
 50
90.0
 51
180.0
  0
LINE
  5
2A8
330
6F
100
AcDbEntity
  8
BLACK
  6
Continuous
100
AcDbLine
 10
427.3688339999999
 20
-75.500001
 30
0.0
 11
416.8188339999999
 21
-75.500001
 31
0.0
  0
LINE
  5
2A9
330
6F
100
AcDbEntity
  8
BLACK
  6
Continuous
100
AcDbLine
 10
351.168834
 20
-89.600001
 30
0.0
 11
340.618834
 21
-89.600001
 31
0.0
  0
LINE
  5
2AA
330
6F
100
AcDbEntity
  8
BLACK
  6
Continuous
100
AcDbLine
 10
479.7563339999999
 20
-127.700001
 30
0.0
 11
469.206334
 21
-127.700001
 31
0.0
  0
LINE
  5
2AB
330
6F
100
AcDbEntity
  8
BLACK
  6
Continuous
100
AcDbLine
 10
589.2938339999999
 20
-70.55000099999998
 30
0.0
 11
578.743834
 21
-70.55000099999998
 31
0.0
  0
ARC
  5
2AC
330
6F
100
AcDbEntity
  8
BLACK
100
AcDbCircle
 10
578.8470339999999
 20
-154.4575009999999
 30
0.0
 40
0.4999720003610202
100
AcDbArc
 50
269.99679131
 51
0.00217736
  0
LINE
  5
2AD
330
6F
100
AcDbEntity
  8
BLACK
  6
Continuous
100
AcDbLine
 10
419.787788
 20
-53.207105
 30
0.0
 11
415.123549
 21
-48.542866
 31
0.0
  0
LINE
  5
2AE
330
6F
100
AcDbEntity
  8
BLACK
  6
Continuous
100
AcDbLine
 10
338.543834
 20
-77.575001
 30
0.0
 11
338.543834
 21
-87.52500099999998
 31
0.0
  0
ARC
  5
2AF
330
6F
100
AcDbEntity
  8
BLACK
100
AcDbCircle
 10
531.118834
 20
-77.575001
 30
0.0
 40
2.074999999999999
100
AcDbArc
 50
90.0
 51
180.0
  0
LINE
  5
2B0
330
6F
100
AcDbEntity
  8
BLACK
  6
Continuous
100
AcDbLine
 10
353.243834
 20
-77.575001
 30
0.0
 11
353.243834
 21
-87.52500099999998
 31
0.0
  0
ARC
  5
2B1
330
6F
100
AcDbEntity
  8
BLACK
100
AcDbCircle
 10
446.4188339999999
 20
-87.52500099999998
 30
0.0
 40
2.074999999999999
100
AcDbArc
 50
270.0
 51
0.0
  0
LINE
  5
2B2
330
6F
100
AcDbEntity
  8
BLACK
  6
Continuous
100
AcDbLine
 10
562.7938339999999
 20
-77.575001
 30
0.0
 11
562.7938339999999
 21
-87.52500099999998
 31
0.0
  0
ARC
  5
2B3
330
6F
100
AcDbEntity
  8
BLACK
100
AcDbCircle
 10
503.568834
 20
-77.575001
 30
0.0
 40
2.074999999999999
100
AcDbArc
 50
0.0
 51
90.0
  0
ARC
  5
2B4
330
6F
100
AcDbEntity
  8
BLACK
100
AcDbCircle
 10
408.3188339999999
 20
-77.575001
 30
0.0
 40
2.074999999999999
100
AcDbArc
 50
0.0
 51
90.0
  0
LINE
  5
2B5
330
6F
100
AcDbEntity
  8
BLACK
  6
Continuous
100
AcDbLine
 10
446.4188339999999
 20
-75.500001
 30
0.0
 11
435.8688339999999
 21
-75.500001
 31
0.0
  0
LINE
  5
2B6
330
6F
100
AcDbEntity
  8
BLACK
  6
Continuous
100
AcDbLine
 10
467.543834
 20
-77.575001
 30
0.0
 11
467.543834
 21
-87.52500099999998
 31
0.0
  0
ARC
  5
2B7
330
6F
100
AcDbEntity
  8
BLACK
100
AcDbCircle
 10
465.4688339999998
 20
-77.575001
 30
0.0
 40
2.074999999999999
100
AcDbArc
 50
0.0
 51
90.0
  0
LINE
  5
2B8
330
6F
100
AcDbEntity
  8
BLACK
  6
Continuous
100
AcDbLine
 10
465.4688339999998
 20
-75.500001
 30
0.0
 11
454.9188339999999
 21
-75.500001
 31
0.0
  0
ARC
  5
2B9
330
6F
100
AcDbEntity
  8
BLACK
100
AcDbCircle
 10
541.6688339999999
 20
-87.52500099999998
 30
0.0
 40
2.074999999999999
100
AcDbArc
 50
270.0
 51
0.0
  0
LINE
  5
2BA
330
6F
100
AcDbEntity
  8
BLACK
  6
Continuous
100
AcDbLine
 10
527.3813339999999
 20
-94.55000099999999
 30
0.0
 11
516.831334
 21
-94.55000099999999
 31
0.0
  0
LINE
  5
2BB
330
6F
100
AcDbEntity
  8
BLACK
  6
Continuous
100
AcDbLine
 10
548.093834
 20
-77.575001
 30
0.0
 11
548.093834
 21
-87.52500099999998
 31
0.0
  0
LINE
  5
2BC
330
6F
100
AcDbEntity
  8
BLACK
  6
Continuous
100
AcDbLine
 10
524.6938339999998
 20
-77.575001
 30
0.0
 11
524.6938339999998
 21
-87.52500099999998
 31
0.0
  0
LINE
  5
2BD
330
6F
100
AcDbEntity
  8
BLACK
  6
Continuous
100
AcDbLine
 10
422.606334
 20
-127.700001
 30
0.0
 11
412.056334
 21
-127.700001
 31
0.0
  0
ARC
  5
2BE
330
6F
100
AcDbEntity
  8
BLACK
100
AcDbCircle
 10
512.0688339999999
 20
-77.575001
 30
0.0
 40
2.074999999999999
100
AcDbArc
 50
90.0
 51
180.0
  0
ARC
  5
2BF
330
6F
100
AcDbEntity
  8
BLACK
100
AcDbCircle
 10
531.118834
 20
-87.52500099999998
 30
0.0
 40
2.074999999999999
100
AcDbArc
 50
180.0
 51
270.0
  0
ARC
  5
2C0
330
6F
100
AcDbEntity
  8
BLACK
100
AcDbCircle
 10
560.718834
 20
-87.52500099999998
 30
0.0
 40
2.074999999999999
100
AcDbArc
 50
270.0
 51
0.0
  0
ARC
  5
2C1
330
6F
100
AcDbEntity
  8
BLACK
100
AcDbCircle
 10
516.831334
 20
-96.625001
 30
0.0
 40
2.074999999999999
100
AcDbArc
 50
90.0
 51
180.0
  0
LINE
  5
2C2
330
6F
100
AcDbEntity
  8
BLACK
  6
Continuous
100
AcDbLine
 10
508.331334
 20
-94.55000099999999
 30
0.0
 11
497.7813339999999
 21
-94.55000099999999
 31
0.0
  0
LINE
  5
2C3
330
6F
100
AcDbEntity
  8
BLACK
  6
Continuous
100
AcDbLine
 10
546.431334
 20
-94.55000099999999
 30
0.0
 11
535.8813339999999
 21
-94.55000099999999
 31
0.0
  0
LINE
  5
2C4
330
6F
100
AcDbEntity
  8
BLACK
  6
Continuous
100
AcDbLine
 10
471.893834
 20
-77.575001
 30
0.0
 11
471.893834
 21
-87.52500099999998
 31
0.0
  0
LINE
  5
2C5
330
6F
100
AcDbEntity
  8
BLACK
  6
Continuous
100
AcDbLine
 10
505.2642119999999
 20
-48.542866
 30
0.0
 11
500.599973
 21
-53.207105
 31
0.0
  0
ARC
  5
2C6
330
6F
100
AcDbEntity
  8
BLACK
100
AcDbCircle
 10
541.6688339999999
 20
-77.575001
 30
0.0
 40
2.074999999999999
100
AcDbArc
 50
0.0
 51
90.0
  0
LINE
  5
2C7
330
6F
100
AcDbEntity
  8
BLACK
  6
Continuous
100
AcDbLine
 10
560.718834
 20
-75.500001
 30
0.0
 11
550.1688339999999
 21
-75.500001
 31
0.0
  0
LINE
  5
2C8
330
6F
100
AcDbEntity
  8
BLACK
  6
Continuous
100
AcDbLine
 10
529.0438339999999
 20
-77.575001
 30
0.0
 11
529.0438339999999
 21
-87.52500099999998
 31
0.0
  0
LINE
  5
2C9
330
6F
100
AcDbEntity
  8
BLACK
  6
Continuous
100
AcDbLine
 10
560.718834
 20
-89.600001
 30
0.0
 11
550.1688339999999
 21
-89.600001
 31
0.0
  0
ARC
  5
2CA
330
6F
100
AcDbEntity
  8
BLACK
100
AcDbCircle
 10
535.8813339999999
 20
-106.575001
 30
0.0
 40
2.074999999999999
100
AcDbArc
 50
180.0
 51
270.0
  0
ARC
  5
2CB
330
6F
100
AcDbEntity
  8
BLACK
100
AcDbCircle
 10
535.8813339999999
 20
-96.625001
 30
0.0
 40
2.074999999999999
100
AcDbArc
 50
90.0
 51
180.0
  0
ARC
  5
2CC
330
6F
100
AcDbEntity
  8
BLACK
100
AcDbCircle
 10
511.2401339999999
 20
-51.650001
 30
0.0
 40
0.4000280028797984
100
AcDbArc
 50
339.20080033
 51
89.99312499
  0
LINE
  5
2CD
330
6F
100
AcDbEntity
  8
BLACK
  6
Continuous
100
AcDbLine
 10
533.8063339999999
 20
-96.625001
 30
0.0
 11
533.8063339999999
 21
-106.575001
 31
0.0
  0
LINE
  5
2CE
330
6F
100
AcDbEntity
  8
BLACK
  6
Continuous
100
AcDbLine
 10
490.943834
 20
-77.575001
 30
0.0
 11
490.943834
 21
-87.52500099999998
 31
0.0
  0
ARC
  5
2CF
330
6F
100
AcDbEntity
  8
BLACK
100
AcDbCircle
 10
484.5188339999999
 20
-87.52500099999998
 30
0.0
 40
2.074999999999999
100
AcDbArc
 50
270.0
 51
0.0
  0
ARC
  5
2D0
330
6F
100
AcDbEntity
  8
BLACK
100
AcDbCircle
 10
493.0188339999999
 20
-87.52500099999998
 30
0.0
 40
2.074999999999999
100
AcDbArc
 50
180.0
 51
270.0
  0
LINE
  5
2D1
330
6F
100
AcDbEntity
  8
BLACK
  6
Continuous
100
AcDbLine
 10
340.100384
 20
-127.6619109999999
 30
0.0
 11
318.349384
 21
-127.6619109999999
 31
0.0
  0
LINE
  5
2D2
330
6F
100
AcDbEntity
  8
BLACK
  6
Continuous
100
AcDbLine
 10
503.568834
 20
-75.500001
 30
0.0
 11
493.0188339999999
 21
-75.500001
 31
0.0
  0
LINE
  5
2D3
330
6F
100
AcDbEntity
  8
BLACK
  6
Continuous
100
AcDbLine
 10
522.618834
 20
-75.500001
 30
0.0
 11
512.0688339999999
 21
-75.500001
 31
0.0
  0
LINE
  5
2D4
330
6F
100
AcDbEntity
  8
BLACK
  6
Continuous
100
AcDbLine
 10
415.156334
 20
-96.625001
 30
0.0
 11
415.156334
 21
-106.575001
 31
0.0
  0
LINE
  5
2D5
330
6F
100
AcDbEntity
  8
BLACK
  6
Continuous
100
AcDbLine
 10
381.406334
 20
-96.625001
 30
0.0
 11
381.406334
 21
-106.575001
 31
0.0
  0
LINE
  5
2D6
330
6F
100
AcDbEntity
  8
BLACK
  6
Continuous
100
AcDbLine
 10
486.5938339999998
 20
-77.575001
 30
0.0
 11
486.5938339999998
 21
-87.52500099999998
 31
0.0
  0
LINE
  5
2D7
330
6F
100
AcDbEntity
  8
BLACK
  6
Continuous
100
AcDbLine
 10
495.706334
 20
-96.625001
 30
0.0
 11
495.706334
 21
-106.575001
 31
0.0
  0
ARC
  5
2D8
330
6F
100
AcDbEntity
  8
BLACK
100
AcDbCircle
 10
440.6313339999999
 20
-106.575001
 30
0.0
 40
2.074999999999999
100
AcDbArc
 50
180.0
 51
270.0
  0
LINE
  5
2D9
330
6F
100
AcDbEntity
  8
BLACK
  6
Continuous
100
AcDbLine
 10
489.2813339999999
 20
-94.55000099999999
 30
0.0
 11
478.7313339999999
 21
-94.55000099999999
 31
0.0
  0
LINE
  5
2DA
330
6F
100
AcDbEntity
  8
BLACK
  6
Continuous
100
AcDbLine
 10
343.306334
 20
-96.625001
 30
0.0
 11
343.306334
 21
-106.575001
 31
0.0
  0
ARC
  5
2DB
330
6F
100
AcDbEntity
  8
BLACK
100
AcDbCircle
 10
402.5313339999999
 20
-106.575001
 30
0.0
 40
2.074999999999999
100
AcDbArc
 50
180.0
 51
270.0
  0
ARC
  5
2DC
330
6F
100
AcDbEntity
  8
BLACK
100
AcDbCircle
 10
470.2313339999999
 20
-96.625001
 30
0.0
 40
2.074999999999999
100
AcDbArc
 50
0.0
 51
90.0
  0
ARC
  5
2DD
330
6F
100
AcDbEntity
  8
BLACK
100
AcDbCircle
 10
459.6813339999999
 20
-96.625001
 30
0.0
 40
2.074999999999999
100
AcDbArc
 50
90.0
 51
180.0
  0
LINE
  5
2DE
330
6F
100
AcDbEntity
  8
BLACK
  6
Continuous
100
AcDbLine
 10
508.331334
 20
-108.650001
 30
0.0
 11
497.7813339999999
 21
-108.650001
 31
0.0
  0
ARC
  5
2DF
330
6F
100
AcDbEntity
  8
BLACK
100
AcDbCircle
 10
478.7313339999999
 20
-106.575001
 30
0.0
 40
2.074999999999999
100
AcDbArc
 50
180.0
 51
270.0
  0
ARC
  5
2E0
330
6F
100
AcDbEntity
  8
BLACK
100
AcDbCircle
 10
364.431334
 20
-106.575001
 30
0.0
 40
2.074999999999999
100
AcDbArc
 50
180.0
 51
270.0
  0
ARC
  5
2E1
330
6F
100
AcDbEntity
  8
BLACK
100
AcDbCircle
 10
402.5313339999999
 20
-96.625001
 30
0.0
 40
2.074999999999999
100
AcDbArc
 50
90.0
 51
180.0
  0
ARC
  5
2E2
330
6F
100
AcDbEntity
  8
BLACK
100
AcDbCircle
 10
345.381334
 20
-96.625001
 30
0.0
 40
2.074999999999999
100
AcDbArc
 50
90.0
 51
180.0
  0
ARC
  5
2E3
330
6F
100
AcDbEntity
  8
BLACK
100
AcDbCircle
 10
394.031334
 20
-106.575001
 30
0.0
 40
2.074999999999999
100
AcDbArc
 50
270.0
 51
0.0
  0
LINE
  5
2E4
330
6F
100
AcDbEntity
  8
BLACK
  6
Continuous
100
AcDbLine
 10
396.106334
 20
-96.625001
 30
0.0
 11
396.106334
 21
-106.575001
 31
0.0
  0
ARC
  5
2E5
330
6F
100
AcDbEntity
  8
BLACK
100
AcDbCircle
 10
459.6813339999999
 20
-106.575001
 30
0.0
 40
2.074999999999999
100
AcDbArc
 50
180.0
 51
270.0
  0
ARC
  5
2E6
330
6F
100
AcDbEntity
  8
BLACK
100
AcDbCircle
 10
422.606334
 20
-125.625001
 30
0.0
 40
2.074999999999999
100
AcDbArc
 50
270.0
 51
0.0
  0
LINE
  5
2E7
330
6F
100
AcDbEntity
  8
BLACK
  6
Continuous
100
AcDbLine
 10
451.1813339999999
 20
-94.55000099999999
 30
0.0
 11
440.6313339999999
 21
-94.55000099999999
 31
0.0
  0
LINE
  5
2E8
330
6F
100
AcDbEntity
  8
BLACK
  6
Continuous
100
AcDbLine
 10
374.981334
 20
-108.650001
 30
0.0
 11
364.431334
 21
-108.650001
 31
0.0
  0
ARC
  5
2E9
330
6F
100
AcDbEntity
  8
BLACK
100
AcDbCircle
 10
345.381334
 20
-106.575001
 30
0.0
 40
2.074999999999999
100
AcDbArc
 50
180.0
 51
270.0
  0
ARC
  5
2EA
330
6F
100
AcDbEntity
  8
BLACK
100
AcDbCircle
 10
364.431334
 20
-96.625001
 30
0.0
 40
2.074999999999999
100
AcDbArc
 50
90.0
 51
180.0
  0
LINE
  5
2EB
330
6F
100
AcDbEntity
  8
BLACK
  6
Continuous
100
AcDbLine
 10
355.931334
 20
-94.55000099999999
 30
0.0
 11
345.381334
 21
-94.55000099999999
 31
0.0
  0
LINE
  5
2EC
330
6F
100
AcDbEntity
  8
BLACK
  6
Continuous
100
AcDbLine
 10
491.356334
 20
-96.625001
 30
0.0
 11
491.356334
 21
-106.575001
 31
0.0
  0
ARC
  5
2ED
330
6F
100
AcDbEntity
  8
BLACK
100
AcDbCircle
 10
421.581334
 20
-106.575001
 30
0.0
 40
2.074999999999999
100
AcDbArc
 50
180.0
 51
270.0
  0
LINE
  5
2EE
330
6F
100
AcDbEntity
  8
BLACK
  6
Continuous
100
AcDbLine
 10
377.056334
 20
-96.625001
 30
0.0
 11
377.056334
 21
-106.575001
 31
0.0
  0
ARC
  5
2EF
330
6F
100
AcDbEntity
  8
BLACK
100
AcDbCircle
 10
470.2313339999999
 20
-106.575001
 30
0.0
 40
2.074999999999999
100
AcDbArc
 50
270.0
 51
0.0
  0
LINE
  5
2F0
330
6F
100
AcDbEntity
  8
BLACK
  6
Continuous
100
AcDbLine
 10
400.456334
 20
-96.625001
 30
0.0
 11
400.456334
 21
-106.575001
 31
0.0
  0
LINE
  5
2F1
330
6F
100
AcDbEntity
  8
BLACK
  6
Continuous
100
AcDbLine
 10
448.081334
 20
-115.675001
 30
0.0
 11
448.081334
 21
-125.625001
 31
0.0
  0
LINE
  5
2F2
330
6F
100
AcDbEntity
  8
BLACK
  6
Continuous
100
AcDbLine
 10
470.2313339999999
 20
-94.55000099999999
 30
0.0
 11
459.6813339999999
 21
-94.55000099999999
 31
0.0
  0
ARC
  5
2F3
330
6F
100
AcDbEntity
  8
BLACK
100
AcDbCircle
 10
440.6313339999999
 20
-96.625001
 30
0.0
 40
2.074999999999999
100
AcDbArc
 50
90.0
 51
180.0
  0
LINE
  5
2F4
330
6F
100
AcDbEntity
  8
BLACK
  6
Continuous
100
AcDbLine
 10
367.531334
 20
-115.675001
 30
0.0
 11
367.531334
 21
-125.625001
 31
0.0
  0
ARC
  5
2F5
330
6F
100
AcDbEntity
  8
BLACK
100
AcDbCircle
 10
489.2813339999999
 20
-106.575001
 30
0.0
 40
2.074999999999999
100
AcDbArc
 50
270.0
 51
0.0
  0
LINE
  5
2F6
330
6F
100
AcDbEntity
  8
BLACK
  6
Continuous
100
AcDbLine
 10
365.456334
 20
-113.600001
 30
0.0
 11
354.906334
 21
-113.600001
 31
0.0
  0
LINE
  5
2F7
330
6F
100
AcDbEntity
  8
BLACK
  6
Continuous
100
AcDbLine
 10
438.556334
 20
-96.625001
 30
0.0
 11
438.556334
 21
-106.575001
 31
0.0
  0
LINE
  5
2F8
330
6F
100
AcDbEntity
  8
BLACK
  6
Continuous
100
AcDbLine
 10
394.031334
 20
-94.55000099999999
 30
0.0
 11
383.481334
 21
-94.55000099999999
 31
0.0
  0
ARC
  5
2F9
330
6F
100
AcDbEntity
  8
BLACK
100
AcDbCircle
 10
374.981334
 20
-96.625001
 30
0.0
 40
2.074999999999999
100
AcDbArc
 50
0.0
 51
90.0
  0
ARC
  5
2FA
330
6F
100
AcDbEntity
  8
BLACK
100
AcDbCircle
 10
380.456381
 20
-152.857483
 30
0.0
 40
1.1
100
AcDbArc
 50
0.0
 51
180.0
  0
LINE
  5
2FB
330
6F
100
AcDbEntity
  8
BLACK
  6
Continuous
100
AcDbLine
 10
358.006334
 20
-96.625001
 30
0.0
 11
358.006334
 21
-106.575001
 31
0.0
  0
ARC
  5
2FC
330
6F
100
AcDbEntity
  8
BLACK
100
AcDbCircle
 10
355.931334
 20
-96.625001
 30
0.0
 40
2.074999999999999
100
AcDbArc
 50
0.0
 51
90.0
  0
LINE
  5
2FD
330
6F
100
AcDbEntity
  8
BLACK
  6
Continuous
100
AcDbLine
 10
371.881334
 20
-115.675001
 30
0.0
 11
371.881334
 21
-125.625001
 31
0.0
  0
LINE
  5
2FE
330
6F
100
AcDbEntity
  8
BLACK
  6
Continuous
100
AcDbLine
 10
355.931334
 20
-108.650001
 30
0.0
 11
345.381334
 21
-108.650001
 31
0.0
  0
LINE
  5
2FF
330
6F
100
AcDbEntity
  8
BLACK
  6
Continuous
100
AcDbLine
 10
409.9813339999999
 20
-115.675001
 30
0.0
 11
409.9813339999999
 21
-125.625001
 31
0.0
  0
ARC
  5
300
330
6F
100
AcDbEntity
  8
BLACK
100
AcDbCircle
 10
393.006334
 20
-115.675001
 30
0.0
 40
2.074999999999999
100
AcDbArc
 50
90.0
 51
180.0
  0
ARC
  5
301
330
6F
100
AcDbEntity
  8
BLACK
100
AcDbCircle
 10
431.106334
 20
-115.675001
 30
0.0
 40
2.074999999999999
100
AcDbArc
 50
90.0
 51
180.0
  0
ARC
  5
302
330
6F
100
AcDbEntity
  8
BLACK
100
AcDbCircle
 10
354.906334
 20
-115.675001
 30
0.0
 40
2.074999999999999
100
AcDbArc
 50
90.0
 51
180.0
  0
ARC
  5
303
330
6F
100
AcDbEntity
  8
BLACK
100
AcDbCircle
 10
460.706334
 20
-115.675001
 30
0.0
 40
2.074999999999999
100
AcDbArc
 50
0.0
 51
90.0
  0
LINE
  5
304
330
6F
100
AcDbEntity
  8
BLACK
  6
Continuous
100
AcDbLine
 10
498.806334
 20
-113.600001
 30
0.0
 11
488.2563339999999
 21
-113.600001
 31
0.0
  0
LINE
  5
305
330
6F
100
AcDbEntity
  8
BLACK
  6
Continuous
100
AcDbLine
 10
384.506334
 20
-127.700001
 30
0.0
 11
373.956334
 21
-127.700001
 31
0.0
  0
ARC
  5
306
330
6F
100
AcDbEntity
  8
BLACK
100
AcDbCircle
 10
365.456334
 20
-115.675001
 30
0.0
 40
2.074999999999999
100
AcDbArc
 50
0.0
 51
90.0
  0
LINE
  5
307
330
6F
100
AcDbEntity
  8
BLACK
  6
Continuous
100
AcDbLine
 10
422.606334
 20
-113.600001
 30
0.0
 11
412.056334
 21
-113.600001
 31
0.0
  0
ARC
  5
308
330
6F
100
AcDbEntity
  8
BLACK
100
AcDbCircle
 10
441.6563339999999
 20
-115.675001
 30
0.0
 40
2.074999999999999
100
AcDbArc
 50
0.0
 51
90.0
  0
LINE
  5
309
330
6F
100
AcDbEntity
  8
BLACK
  6
Continuous
100
AcDbLine
 10
462.7813339999999
 20
-115.675001
 30
0.0
 11
462.7813339999999
 21
-125.625001
 31
0.0
  0
ARC
  5
30A
330
6F
100
AcDbEntity
  8
BLACK
100
AcDbCircle
 10
365.456334
 20
-125.625001
 30
0.0
 40
2.074999999999999
100
AcDbArc
 50
270.0
 51
0.0
  0
ARC
  5
30B
330
6F
100
AcDbEntity
  8
BLACK
100
AcDbCircle
 10
450.1563339999999
 20
-125.625001
 30
0.0
 40
2.074999999999999
100
AcDbArc
 50
180.0
 51
270.0
  0
ARC
  5
30C
330
6F
100
AcDbEntity
  8
BLACK
100
AcDbCircle
 10
469.206334
 20
-115.675001
 30
0.0
 40
2.074999999999999
100
AcDbArc
 50
90.0
 51
180.0
  0
LINE
  5
30D
330
6F
100
AcDbEntity
  8
BLACK
  6
Continuous
100
AcDbLine
 10
467.131334
 20
-115.675001
 30
0.0
 11
467.131334
 21
-125.625001
 31
0.0
  0
LINE
  5
30E
330
6F
100
AcDbEntity
  8
BLACK
  6
Continuous
100
AcDbLine
 10
441.6563339999999
 20
-127.700001
 30
0.0
 11
431.106334
 21
-127.700001
 31
0.0
  0
ARC
  5
30F
330
6F
100
AcDbEntity
  8
BLACK
100
AcDbCircle
 10
498.806334
 20
-125.625001
 30
0.0
 40
2.074999999999999
100
AcDbArc
 50
270.0
 51
0.0
  0
ARC
  5
310
330
6F
100
AcDbEntity
  8
BLACK
100
AcDbCircle
 10
384.506334
 20
-125.625001
 30
0.0
 40
2.074999999999999
100
AcDbArc
 50
270.0
 51
0.0
  0
ARC
  5
311
330
6F
100
AcDbEntity
  8
BLACK
100
AcDbCircle
 10
384.506334
 20
-115.675001
 30
0.0
 40
2.074999999999999
100
AcDbArc
 50
0.0
 51
90.0
  0
LINE
  5
312
330
6F
100
AcDbEntity
  8
BLACK
  6
Continuous
100
AcDbLine
 10
390.931334
 20
-115.675001
 30
0.0
 11
390.931334
 21
-125.625001
 31
0.0
  0
LINE
  5
313
330
6F
100
AcDbEntity
  8
BLACK
  6
Continuous
100
AcDbLine
 10
441.6563339999999
 20
-113.600001
 30
0.0
 11
431.106334
 21
-113.600001
 31
0.0
  0
LINE
  5
314
330
6F
100
AcDbEntity
  8
BLACK
  6
Continuous
100
AcDbLine
 10
365.456334
 20
-127.700001
 30
0.0
 11
354.906334
 21
-127.700001
 31
0.0
  0
LINE
  5
315
330
6F
100
AcDbEntity
  8
BLACK
  6
Continuous
100
AcDbLine
 10
424.681334
 20
-115.675001
 30
0.0
 11
424.681334
 21
-125.625001
 31
0.0
  0
ARC
  5
316
330
6F
100
AcDbEntity
  8
BLACK
100
AcDbCircle
 10
315.718803
 20
-48.75007799999999
 30
0.0
 40
0.5000780060830511
100
AcDbArc
 50
0.00893675
 51
89.99106324999999
  0
LINE
  5
317
330
6F
100
AcDbEntity
  8
BLACK
  6
Continuous
100
AcDbLine
 10
429.0313339999999
 20
-115.675001
 30
0.0
 11
429.0313339999999
 21
-125.625001
 31
0.0
  0
ARC
  5
318
330
6F
100
AcDbEntity
  8
BLACK
100
AcDbCircle
 10
441.6563339999999
 20
-125.625001
 30
0.0
 40
2.074999999999999
100
AcDbArc
 50
270.0
 51
0.0
  0
LINE
  5
319
330
6F
100
AcDbEntity
  8
BLACK
  6
Continuous
100
AcDbLine
 10
403.556334
 20
-127.700001
 30
0.0
 11
393.006334
 21
-127.700001
 31
0.0
  0
ARC
  5
31A
330
6F
100
AcDbEntity
  8
BLACK
100
AcDbCircle
 10
393.006334
 20
-125.625001
 30
0.0
 40
2.074999999999999
100
AcDbArc
 50
180.0
 51
270.0
  0
ARC
  5
31B
330
6F
100
AcDbEntity
  8
BLACK
100
AcDbCircle
 10
469.206334
 20
-125.625001
 30
0.0
 40
2.074999999999999
100
AcDbArc
 50
180.0
 51
270.0
  0
ARC
  5
31C
330
6F
100
AcDbEntity
  8
BLACK
100
AcDbCircle
 10
403.556334
 20
-125.625001
 30
0.0
 40
2.074999999999999
100
AcDbArc
 50
270.0
 51
0.0
  0
LINE
  5
31D
330
6F
100
AcDbEntity
  8
BLACK
  6
Continuous
100
AcDbLine
 10
403.556334
 20
-113.600001
 30
0.0
 11
393.006334
 21
-113.600001
 31
0.0
  0
ARC
  5
31E
330
6F
100
AcDbEntity
  8
BLACK
100
AcDbCircle
 10
403.556334
 20
-115.675001
 30
0.0
 40
2.074999999999999
100
AcDbArc
 50
0.0
 51
90.0
  0
LINE
  5
31F
330
6F
100
AcDbEntity
  8
BLACK
  6
Continuous
100
AcDbLine
 10
481.831334
 20
-115.675001
 30
0.0
 11
481.831334
 21
-125.625001
 31
0.0
  0
ARC
  5
320
330
6F
100
AcDbEntity
  8
BLACK
100
AcDbCircle
 10
373.956334
 20
-115.675001
 30
0.0
 40
2.074999999999999
100
AcDbArc
 50
90.0
 51
180.0
  0
ARC
  5
321
330
6F
100
AcDbEntity
  8
BLACK
100
AcDbCircle
 10
479.7563339999999
 20
-115.675001
 30
0.0
 40
2.074999999999999
100
AcDbArc
 50
0.0
 51
90.0
  0
LINE
  5
322
330
6F
100
AcDbEntity
  8
BLACK
  6
Continuous
100
AcDbLine
 10
479.7563339999999
 20
-113.600001
 30
0.0
 11
469.206334
 21
-113.600001
 31
0.0
  0
LINE
  5
323
330
6F
100
AcDbEntity
  8
BLACK
  6
Continuous
100
AcDbLine
 10
500.8813339999999
 20
-115.675001
 30
0.0
 11
500.8813339999999
 21
-125.625001
 31
0.0
  0
ARC
  5
324
330
6F
100
AcDbEntity
  8
BLACK
100
AcDbCircle
 10
488.2563339999999
 20
-125.625001
 30
0.0
 40
2.074999999999999
100
AcDbArc
 50
180.0
 51
270.0
  0
ARC
  5
325
330
6F
100
AcDbEntity
  8
BLACK
100
AcDbCircle
 10
498.806334
 20
-115.675001
 30
0.0
 40
2.074999999999999
100
AcDbArc
 50
0.0
 51
90.0
  0
LINE
  5
326
330
6F
100
AcDbEntity
  8
BLACK
  6
Continuous
100
AcDbLine
 10
486.181334
 20
-115.675001
 30
0.0
 11
486.181334
 21
-125.625001
 31
0.0
  0
ARC
  5
327
330
6F
100
AcDbEntity
  8
BLACK
100
AcDbCircle
 10
536.906334
 20
-125.625001
 30
0.0
 40
2.074999999999999
100
AcDbArc
 50
270.0
 51
0.0
  0
ARC
  5
328
330
6F
100
AcDbEntity
  8
BLACK
100
AcDbCircle
 10
570.2438339999999
 20
-68.47500099999999
 30
0.0
 40
2.074999999999999
100
AcDbArc
 50
270.0
 51
0.0
  0
LINE
  5
329
330
6F
100
AcDbEntity
  8
BLACK
  6
Continuous
100
AcDbLine
 10
317.297264
 20
-113.622401
 30
0.0
 11
341.152504
 21
-113.622401
 31
0.0
  0
ARC
  5
32A
330
6F
100
AcDbEntity
  8
BLACK
100
AcDbCircle
 10
329.737584
 20
-106.575001
 30
0.0
 40
2.074999999999999
100
AcDbArc
 50
270.0
 51
0.0
  0
ARC
  5
32B
330
6F
100
AcDbEntity
  8
BLACK
100
AcDbCircle
 10
341.152434
 20
-114.697401
 30
0.0
 40
1.075000002279069
100
AcDbArc
 50
22.02290117
 51
89.99626911
  0
ARC
  5
32C
330
6F
100
AcDbEntity
  8
BLACK
100
AcDbCircle
 10
526.3563339999999
 20
-115.675001
 30
0.0
 40
2.074999999999999
100
AcDbArc
 50
90.0
 51
180.0
  0
LINE
  5
32D
330
6F
100
AcDbEntity
  8
BLACK
  6
Continuous
100
AcDbLine
 10
524.281334
 20
-115.675001
 30
0.0
 11
524.281334
 21
-125.625001
 31
0.0
  0
LINE
  5
32E
330
6F
100
AcDbEntity
  8
BLACK
  6
Continuous
100
AcDbLine
 10
576.6688339999999
 20
-58.525001
 30
0.0
 11
576.6688339999999
 21
-68.475002
 31
0.0
  0
ARC
  5
32F
330
6F
100
AcDbEntity
  8
BLACK
100
AcDbCircle
 10
507.306334
 20
-115.675001
 30
0.0
 40
2.074999999999999
100
AcDbArc
 50
90.0
 51
180.0
  0
LINE
  5
330
330
6F
100
AcDbEntity
  8
BLACK
  6
Continuous
100
AcDbLine
 10
498.806334
 20
-127.700001
 30
0.0
 11
488.2563339999999
 21
-127.700001
 31
0.0
  0
LINE
  5
331
330
6F
100
AcDbEntity
  8
BLACK
  6
Continuous
100
AcDbLine
 10
591.368834
 20
-58.525001
 30
0.0
 11
591.368834
 21
-68.47500099999999
 31
0.0
  0
LINE
  5
332
330
6F
100
AcDbEntity
  8
BLACK
  6
Continuous
100
AcDbLine
 10
589.2938339999999
 20
-56.450001
 30
0.0
 11
578.7438329999999
 21
-56.450001
 31
0.0
  0
ARC
  5
333
330
6F
100
AcDbEntity
  8
BLACK
100
AcDbCircle
 10
317.297284
 20
-114.697401
 30
0.0
 40
1.075005845565502
100
AcDbArc
 50
90.00106596
 51
157.97610066
  0
LINE
  5
334
330
6F
100
AcDbEntity
  8
BLACK
  6
Continuous
100
AcDbLine
 10
331.812584
 20
-96.625001
 30
0.0
 11
331.812584
 21
-106.575001
 31
0.0
  0
ARC
  5
335
330
6F
100
AcDbEntity
  8
BLACK
100
AcDbCircle
 10
578.743834
 20
-68.47500099999999
 30
0.0
 40
2.074999999999999
100
AcDbArc
 50
180.00002761
 51
270.0
  0
ARC
  5
336
330
6F
100
AcDbEntity
  8
BLACK
100
AcDbCircle
 10
559.6938339999999
 20
-58.525001
 30
0.0
 40
2.074999999999999
100
AcDbArc
 50
90.00002761000002
 51
180.0
  0
LINE
  5
337
330
6F
100
AcDbEntity
  8
BLACK
  6
Continuous
100
AcDbLine
 10
572.3188339999999
 20
-58.525001
 30
0.0
 11
572.3188339999999
 21
-68.47500099999999
 31
0.0
  0
LINE
  5
338
330
6F
100
AcDbEntity
  8
BLACK
  6
Continuous
100
AcDbLine
 10
538.9813339999999
 20
-115.675001
 30
0.0
 11
538.9813339999999
 21
-125.625001
 31
0.0
  0
ARC
  5
339
330
6F
100
AcDbEntity
  8
BLACK
100
AcDbCircle
 10
570.2438339999999
 20
-58.525001
 30
0.0
 40
2.074999999999999
100
AcDbArc
 50
0.0
 51
90.0
  0
ARC
  5
33A
330
6F
100
AcDbEntity
  8
BLACK
100
AcDbCircle
 10
319.187586
 20
-106.574999
 30
0.0
 40
2.075002000000963
100
AcDbArc
 50
180.00008284
 51
269.99994478
  0
ARC
  5
33B
330
6F
100
AcDbEntity
  8
BLACK
100
AcDbCircle
 10
318.349395
 20
-125.786959
 30
0.0
 40
1.874952000032267
100
AcDbArc
 50
200.5459735
 51
269.99966386
  0
ARC
  5
33C
330
6F
100
AcDbEntity
  8
BLACK
100
AcDbCircle
 10
308.79392
 20
-54.600037
 30
0.0
 40
1.00003900076047
100
AcDbArc
 50
90.00223445000001
 51
179.99776555
  0
ARC
  5
33D
330
6F
100
AcDbEntity
  8
BLACK
100
AcDbCircle
 10
578.743834
 20
-58.525001
 30
0.0
 40
2.074999999999999
100
AcDbArc
 50
90.00002761000002
 51
180.0
  0
ARC
  5
33E
330
6F
100
AcDbEntity
  8
BLACK
100
AcDbCircle
 10
589.2938339999999
 20
-68.47500099999999
 30
0.0
 40
2.074999999999999
100
AcDbArc
 50
270.0
 51
0.0
  0
CIRCLE
  5
33F
330
6F
100
AcDbEntity
  8
BLACK
100
AcDbCircle
 10
555.4438339999999
 20
-63.50000099999999
 30
0.0
 40
1.0
  0
ARC
  5
340
330
6F
100
AcDbEntity
  8
BLACK
100
AcDbCircle
 10
589.2938339999999
 20
-58.525001
 30
0.0
 40
2.074999999999999
100
AcDbArc
 50
0.0
 51
90.0
  0
ARC
  5
341
330
6F
100
AcDbEntity
  8
BLACK
100
AcDbCircle
 10
340.100384
 20
-125.7870009999999
 30
0.0
 40
1.874943032761262
100
AcDbArc
 50
270.0
 51
339.4549350100001
  0
ARC
  5
342
330
6F
100
AcDbEntity
  8
BLACK
100
AcDbCircle
 10
343.471234
 20
-127.050401
 30
0.0
 40
1.724891586622185
100
AcDbArc
 50
89.99833919
 51
159.45281887
  0
LINE
  5
343
330
6F
100
AcDbEntity
  8
BLACK
  6
Continuous
100
AcDbLine
 10
313.149444
 20
-123.900441
 30
0.0
 11
313.149444
 21
-116.299561
 31
0.0
  0
LINE
  5
344
330
6F
100
AcDbEntity
  8
BLACK
  6
Continuous
100
AcDbLine
 10
517.8563339999999
 20
-127.700001
 30
0.0
 11
507.306334
 21
-127.700001
 31
0.0
  0
LINE
  5
345
330
6F
100
AcDbEntity
  8
BLACK
  6
Continuous
100
AcDbLine
 10
314.978484
 20
-125.325441
 30
0.0
 11
314.574444
 21
-125.325441
 31
0.0
  0
LINE
  5
346
330
6F
100
AcDbEntity
  8
BLACK
  6
Continuous
100
AcDbLine
 10
345.300324
 20
-116.299561
 30
0.0
 11
345.300324
 21
-123.900441
 31
0.0
  0
LINE
  5
347
330
6F
100
AcDbEntity
  8
BLACK
  6
Continuous
100
AcDbLine
 10
317.112584
 20
-96.625001
 30
0.0
 11
317.112584
 21
-106.575002
 31
0.0
  0
LINE
  5
348
330
6F
100
AcDbEntity
  8
BLACK
  6
Continuous
100
AcDbLine
 10
592.5438809999999
 20
-53.49999799999999
 30
0.0
 11
582.4273529999999
 21
-53.49999799999999
 31
0.0
  0
ARC
  5
349
330
6F
100
AcDbEntity
  8
BLACK
100
AcDbCircle
 10
577.224334
 20
-151.557501
 30
0.0
 40
0.3999916421089321
100
AcDbArc
 50
269.99985675
 51
338.03375347
  0
ARC
  5
34A
330
6F
100
AcDbEntity
  8
BLACK
100
AcDbCircle
 10
322.488255
 20
-153.957285
 30
0.0
 40
1.000148803721726
100
AcDbArc
 50
270.00355181
 51
314.99651629
  0
LINE
  5
34B
330
6F
100
AcDbEntity
  8
BLACK
  6
Continuous
100
AcDbLine
 10
410.721319
 20
-48.24997299999999
 30
0.0
 11
410.9688809999999
 21
-48.24997299999999
 31
0.0
  0
ARC
  5
34C
330
6F
100
AcDbEntity
  8
BLACK
100
AcDbCircle
 10
324.062005
 20
-151.557398
 30
0.0
 40
0.400035926792832
100
AcDbArc
 50
270.00744778
 51
20.79792509
  0
LINE
  5
34D
330
6F
100
AcDbEntity
  8
BLACK
  6
Continuous
100
AcDbLine
 10
508.6624519999999
 20
-150.000328
 30
0.0
 11
513.3267119999999
 21
-154.664589
 31
0.0
  0
ARC
  5
34E
330
6F
100
AcDbEntity
  8
BLACK
100
AcDbCircle
 10
314.096256
 20
-51.649929
 30
0.0
 40
0.3999290028805113
100
AcDbArc
 50
21.96198916
 51
90.00687670999999
  0
LINE
  5
34F
330
6F
100
AcDbEntity
  8
BLACK
  6
Continuous
100
AcDbLine
 10
508.918881
 20
-48.749973
 30
0.0
 11
508.918881
 21
-50.349972
 31
0.0
  0
ARC
  5
350
330
6F
100
AcDbEntity
  8
BLACK
100
AcDbCircle
 10
588.3730339999999
 20
-150.707401
 30
0.0
 40
0.9999713182531786
100
AcDbArc
 50
89.99959891999999
 51
135.00109392
  0
ARC
  5
351
330
6F
100
AcDbEntity
  8
BLACK
100
AcDbCircle
 10
378.856448
 20
-154.457549
 30
0.0
 40
0.4999330044896015
100
AcDbArc
 50
269.99232134
 51
0.00767866
  0
ARC
  5
352
330
6F
100
AcDbEntity
  8
BLACK
100
AcDbCircle
 10
415.99013
 20
-51.65000899999999
 30
0.0
 40
0.4000360033796958
100
AcDbArc
 50
339.20207491
 51
89.99255222
  0
ARC
  5
353
330
6F
100
AcDbEntity
  8
BLACK
100
AcDbCircle
 10
394.1125449999999
 20
-151.316311
 30
0.0
 40
2.000455117362046
100
AcDbArc
 50
90.00231995
 51
110.55363833
  0
LINE
  5
354
330
6F
100
AcDbEntity
  8
BLACK
  6
Continuous
100
AcDbLine
 10
588.3730409999999
 20
-149.707435
 30
0.0
 11
592.5438809999999
 21
-149.707435
 31
0.0
  0
LINE
  5
355
330
6F
100
AcDbEntity
  8
BLACK
  6
Continuous
100
AcDbLine
 10
382.303942
 20
-154.957482
 30
0.0
 11
382.056381
 21
-154.957482
 31
0.0
  0
ARC
  5
356
330
6F
100
AcDbEntity
  8
BLACK
100
AcDbCircle
 10
511.0416339999999
 20
-51.65010099999999
 30
0.0
 40
0.4001217627785322
100
AcDbArc
 50
90.01145549
 51
158.01857048
  0
ARC
  5
357
330
6F
100
AcDbEntity
  8
BLACK
100
AcDbCircle
 10
578.599434
 20
-153.957501
 30
0.0
 40
0.9999810000500007
100
AcDbArc
 50
224.99963536
 51
270.00057297
  0
LINE
  5
358
330
6F
100
AcDbEntity
  8
BLACK
  6
Continuous
100
AcDbLine
 10
518.436049
 20
-154.664589
 30
0.0
 11
523.1003089999999
 21
-150.000328
 31
0.0
  0
LINE
  5
359
330
6F
100
AcDbEntity
  8
BLACK
  6
Continuous
100
AcDbLine
 10
523.807416
 20
-149.707435
 30
0.0
 11
572.5209699999999
 21
-149.707435
 31
0.0
  0
LINE
  5
35A
330
6F
100
AcDbEntity
  8
BLACK
  6
Continuous
100
AcDbLine
 10
519.302682
 20
-151.957482
 30
0.0
 11
519.104054
 21
-151.957482
 31
0.0
  0
ARC
  5
35B
330
6F
100
AcDbEntity
  8
BLACK
100
AcDbCircle
 10
409.14764
 20
-51.650015
 30
0.0
 40
0.4000422099978951
100
AcDbArc
 50
90.00873668999995
 51
200.79666405
  0
ARC
  5
35C
330
6F
100
AcDbEntity
  8
BLACK
100
AcDbCircle
 10
317.318881
 20
-50.349998
 30
0.0
 40
3.075000159649589
100
AcDbArc
 50
201.96876739
 51
338.03123261
  0
ARC
  5
35D
330
6F
100
AcDbEntity
  8
BLACK
100
AcDbCircle
 10
512.6587339999999
 20
-151.557501
 30
0.0
 40
0.3999684571088075
100
AcDbArc
 50
269.9962756
 51
338.03241386
  0
LINE
  5
35E
330
6F
100
AcDbEntity
  8
BLACK
  6
Continuous
100
AcDbLine
 10
516.9813809999999
 20
-152.857483
 30
0.0
 11
516.9813809999999
 21
-154.457482
 31
0.0
  0
LINE
  5
35F
330
6F
100
AcDbEntity
  8
BLACK
  6
Continuous
100
AcDbLine
 10
505.971319
 20
-48.24997299999999
 30
0.0
 11
506.2188809999999
 21
-48.24997299999999
 31
0.0
  0
ARC
  5
360
330
6F
100
AcDbEntity
  8
BLACK
100
AcDbCircle
 10
318.7932589999999
 20
-153.957277
 30
0.0
 40
1.000157002112168
100
AcDbArc
 50
225.00368622
 51
269.99627636
  0
LINE
  5
361
330
6F
100
AcDbEntity
  8
BLACK
  6
Continuous
100
AcDbLine
 10
404.642867
 20
-53.49999799999999
 30
0.0
 11
325.244868
 21
-53.49999799999999
 31
0.0
  0
ARC
  5
362
330
6F
100
AcDbEntity
  8
BLACK
100
AcDbCircle
 10
388.382349
 20
-150.707274
 30
0.0
 40
0.9998390913121967
100
AcDbArc
 50
89.99616056
 51
135.00380895
  0
LINE
  5
363
330
6F
100
AcDbEntity
  8
BLACK
  6
Continuous
100
AcDbLine
 10
377.233708
 20
-151.957482
 30
0.0
 11
377.035079
 21
-151.957482
 31
0.0
  0
LINE
  5
364
330
6F
100
AcDbEntity
  8
BLACK
  6
Continuous
100
AcDbLine
 10
379.356381
 20
-154.457482
 30
0.0
 11
379.356381
 21
-152.857483
 31
0.0
  0
LINE
  5
365
330
6F
100
AcDbEntity
  8
BLACK
  6
Continuous
100
AcDbLine
 10
515.0377879999999
 20
-53.207105
 30
0.0
 11
510.373549
 21
-48.542866
 31
0.0
  0
ARC
  5
366
330
6F
100
AcDbEntity
  8
BLACK
100
AcDbCircle
 10
515.881381
 20
-152.857483
 30
0.0
 40
3.075000159649589
100
AcDbArc
 50
21.96876739
 51
158.03123261
  0
LINE
  5
367
330
6F
100
AcDbEntity
  8
BLACK
  6
Continuous
100
AcDbLine
 10
577.7165539999999
 20
-51.24251499999999
 30
0.0
 11
577.9151819999998
 21
-51.24251499999999
 31
0.0
  0
ARC
  5
368
330
6F
100
AcDbEntity
  8
BLACK
100
AcDbCircle
 10
582.4273339999999
 20
-52.500101
 30
0.0
 40
0.9998970001805183
100
AcDbArc
 50
224.99659651
 51
270.00108873
  0
ARC
  5
369
330
6F
100
AcDbEntity
  8
BLACK
100
AcDbCircle
 10
519.3027339999999
 20
-151.557501
 30
0.0
 40
0.3999582423628746
100
AcDbArc
 50
269.99255119
 51
20.81058072
  0
ARC
  5
36A
330
6F
100
AcDbEntity
  8
BLACK
100
AcDbCircle
 10
574.4938809999999
 20
-50.34251399999999
 30
0.0
 40
1.1
100
AcDbArc
 50
180.0
 51
0.0
  0
LINE
  5
36B
330
6F
100
AcDbEntity
  8
BLACK
  6
Continuous
100
AcDbLine
 10
319.040756
 20
-154.957434
 30
0.0
 11
318.793194
 21
-154.957434
 31
0.0
  0
LINE
  5
36C
330
6F
100
AcDbEntity
  8
BLACK
  6
Continuous
100
AcDbLine
 10
512.6587079999999
 20
-151.957482
 30
0.0
 11
512.4600789999999
 21
-151.957482
 31
0.0
  0
LINE
  5
36D
330
6F
100
AcDbEntity
  8
BLACK
  6
Continuous
100
AcDbLine
 10
578.8470059999999
 20
-154.957482
 30
0.0
 11
578.5994439999999
 21
-154.957482
 31
0.0
  0
LINE
  5
36E
330
6F
100
AcDbEntity
  8
BLACK
  6
Continuous
100
AcDbLine
 10
575.5938809999999
 20
-48.74251499999999
 30
0.0
 11
575.5938809999999
 21
-50.34251399999999
 31
0.0
  0
ARC
  5
36F
330
6F
100
AcDbEntity
  8
BLACK
100
AcDbCircle
 10
412.5688809999999
 20
-50.349972
 30
0.0
 40
3.075000159649589
100
AcDbArc
 50
201.96876739
 51
338.03123261
  0
ENDSEC
  0
SECTION
  2
OBJECTS
  0
DICTIONARY
  5
C
330
0
100
AcDbDictionary
281
     1
  3
ACAD_BACKGROUND
350
374
  3
ACAD_CIP_PREVIOUS_PRODUCT_INFO
350
373
  3
ACAD_COLOR
350
62
  3
ACAD_DETAILVIEWSTYLE
350
69
  3
ACAD_GROUP
350
D
  3
ACAD_LAST_SAVED_VERSION_INFO
350
378
  3
ACAD_LAYOUT
350
61
  3
ACAD_MATERIAL
350
10
  3
ACAD_MLEADERSTYLE
350
65
  3
ACAD_MLINESTYLE
350
5E
  3
ACAD_PLOTSETTINGS
350
60
  3
ACAD_PLOTSTYLENAME
350
E
  3
ACAD_SCALELIST
350
42
  3
ACAD_SECTIONVIEWSTYLE
350
67
  3
ACAD_TABLESTYLE
350
63
  3
ACAD_VISUALSTYLE
350
29
  3
ACDB_RECOMPOSE_DATA
350
393
  3
AcDbVariableDictionary
350
386
  3
AcDsDecomposeData
350
399
  0
DICTIONARY
  5
380
330
2
100
AcDbDictionary
280
     1
281
     1
  3
ACAD_LAYERSTATES
360
381
  0
DICTIONARY
  5
379
330
54
100
AcDbDictionary
280
     1
281
     1
  3
ADSK_XREC_LAYER_RECONCILED
360
37A
  0
DICTIONARY
  5
37B
330
7A
100
AcDbDictionary
280
     1
281
     1
  3
ADSK_XREC_LAYER_RECONCILED
360
37C
  0
DICTIONARY
  5
374
102
{ACAD_REACTORS
330
C
102
}
330
C
100
AcDbDictionary
281
     1
  0
XRECORD
  5
373
102
{ACAD_REACTORS
330
C
102
}
330
C
100
AcDbXrecord
280
     1
300
ACDMAC
300
2025
300

  0
DICTIONARY
  5
62
102
{ACAD_REACTORS
330
C
102
}
330
C
100
AcDbDictionary
281
     1
  0
DICTIONARY
  5
69
102
{ACAD_REACTORS
330
C
102
}
330
C
100
AcDbDictionary
281
     1
  3
Imperial24
350
6A
  3
Metric50
350
371
  0
DICTIONARY
  5
D
102
{ACAD_REACTORS
330
C
102
}
330
C
100
AcDbDictionary
281
     1
  0
XRECORD
  5
378
102
{ACAD_REACTORS
330
C
102
}
330
C
100
AcDbXrecord
280
     1
300
{378C7EA7-3B1C-6443-A743-998617E0D53C}
301
{53BB00E0-0B4E-F14D-92F0-BAE156CBD021}
302
{378C7EA7-3B1C-6443-A743-998617E0D53C}
303
/Users/junkibeom/Downloads/tofu3.0_ec60x_dynacap.dxf
  0
DICTIONARY
  5
61
102
{ACAD_REACTORS
330
C
102
}
330
C
100
AcDbDictionary
281
     1
  3
Model
350
72
  3
배치1
350
6E
  0
DICTIONARY
  5
10
102
{ACAD_REACTORS
330
C
102
}
330
C
100
AcDbDictionary
281
     1
  3
ByBlock
350
19
  3
ByLayer
350
11
  3
Global
350
21
  0
DICTIONARY
  5
65
102
{ACAD_REACTORS
330
C
102
}
330
C
100
AcDbDictionary
281
     1
  3
Standard
350
66
  0
DICTIONARY
  5
5E
102
{ACAD_REACTORS
330
C
102
}
330
C
100
AcDbDictionary
281
     1
  3
Standard
350
5F
  0
DICTIONARY
  5
60
102
{ACAD_REACTORS
330
C
102
}
330
C
100
AcDbDictionary
281
     1
  0
ACDBDICTIONARYWDFLT
  5
E
102
{ACAD_REACTORS
330
C
102
}
330
C
100
AcDbDictionary
281
     1
  3
Normal
350
F
100
AcDbDictionaryWithDefault
340
F
  0
DICTIONARY
  5
42
102
{ACAD_REACTORS
330
C
102
}
330
C
100
AcDbDictionary
281
     1
  3
A0
350
43
  3
A1
350
44
  3
A2
350
45
  3
A3
350
46
  3
A4
350
47
  3
A5
350
48
  3
A6
350
49
  3
A7
350
4A
  3
A8
350
4B
  3
A9
350
4C
  3
B0
350
4D
  3
B1
350
4E
  3
B2
350
4F
  3
B3
350
50
  3
B4
350
51
  3
B5
350
52
  3
B6
350
53
  0
DICTIONARY
  5
67
102
{ACAD_REACTORS
330
C
102
}
330
C
100
AcDbDictionary
281
     1
  3
Imperial24
350
68
  3
Metric50
350
370
  0
DICTIONARY
  5
63
102
{ACAD_REACTORS
330
C
102
}
330
C
100
AcDbDictionary
281
     1
  3
Standard
350
64
  0
DICTIONARY
  5
29
102
{ACAD_REACTORS
330
C
102
}
330
C
100
AcDbDictionary
281
     1
  3
2dWireframe
350
2F
  3
Basic
350
2E
  3
Brighten
350
35
  3
ColorChange
350
39
  3
Conceptual
350
32
  3
Dim
350
34
  3
EdgeColorOff
350
41
  3
Facepattern
350
38
  3
Flat
350
2A
  3
FlatWithEdges
350
2B
  3
Gouraud
350
2C
  3
GouraudWithEdges
350
2D
  3
Hidden
350
31
  3
JitterOff
350
3F
  3
Linepattern
350
37
  3
OverhangOff
350
40
  3
Realistic
350
33
  3
Shaded
350
3E
  3
Shaded with edges
350
3D
  3
Shades of Gray
350
3A
  3
Sketchy
350
3B
  3
Thicken
350
36
  3
Wireframe
350
30
  3
X-Ray
350
3C
  0
XRECORD
  5
393
102
{ACAD_REACTORS
330
C
102
}
330
C
100
AcDbXrecord
280
     1
 90
        1
330
64
  0
DICTIONARY
  5
386
102
{ACAD_REACTORS
330
C
102
}
330
C
100
AcDbDictionary
281
     1
  3
CANNOSCALE
350
38C
  3
CMLEADERSTYLE
350
388
  3
CTABLESTYLE
350
387
  3
CVIEWDETAILSTYLE
350
389
  3
CVIEWSECTIONSTYLE
350
38A
  3
LAYEREVAL
350
38E
  3
LAYERNOTIFY
350
38F
  3
LIGHTINGUNITS
350
38D
  3
MSLTSCALE
350
38B
  0
DICTIONARY
  5
399
102
{ACAD_REACTORS
330
C
102
}
330
C
100
AcDbDictionary
281
     1
  3
AcDsRecords
350
39B
  3
AcDsSchemas
350
39A
1001
ACAD
1070
     2
  0
DICTIONARY
  5
381
102
{ACAD_REACTORS
330
380
102
}
330
380
100
AcDbDictionary
281
     1
  0
XRECORD
  5
37A
102
{ACAD_REACTORS
330
379
102
}
330
379
100
AcDbXrecord
280
     1
290
     1
  0
XRECORD
  5
37C
102
{ACAD_REACTORS
330
37B
102
}
330
37B
100
AcDbXrecord
280
     1
290
     1
  0
ACDBDETAILVIEWSTYLE
  5
6A
102
{ACAD_XDICTIONARY
360
3CE
102
}
102
{ACAD_REACTORS
330
69
102
}
330
69
100
AcDbModelDocViewStyle
 70
     0
  3
Imperial24
290
     0
100
AcDbDetailViewStyle
 70
     0
 71
     0
 90
        3
 71
     1
340
55
 62
   256
 40
0.24
340
0
 62
   256
 40
0.24
300

 40
0.36
280
     3
 71
     2
340
5C
 90
       25
 62
   256
 71
     3
340
55
 62
   256
 40
0.24
 90
        1
 40
0.75
 90
        1
300
%<\AcVar ViewType \f "%tc1">% %<\AcVar ViewDetailId>%\PSCALE %<\AcVar ViewScale \f "%sn">%
 71
     4
340
5C
 90
       25
 62
   256
340
5C
 90
       25
 62
   256
280
     0
  0
ACDBDETAILVIEWSTYLE
  5
371
102
{ACAD_XDICTIONARY
360
3D2
102
}
102
{ACAD_REACTORS
330
69
102
}
330
69
100
AcDbModelDocViewStyle
 70
     0
  3
Metric50
290
     0
100
AcDbDetailViewStyle
 70
     0
 71
     0
 90
        3
 71
     1
340
55
 62
   256
 40
5.0
340
0
 62
   256
 40
5.0
300

 40
0.0
280
     1
 71
     2
340
5C
 90
       25
 62
   256
 71
     3
340
55
 62
   256
 40
5.0
 90
        0
 40
15.0
 90
        1
300
%<\AcVar ViewDetailId>% (%<\AcVar ViewScale \f "%sn">%)
 71
     4
340
5C
 90
       25
 62
   256
340
5C
 90
       25
 62
   256
280
     0
  0
LAYOUT
  5
72
102
{ACAD_REACTORS
330
61
102
}
330
61
100
AcDbPlotSettings
  1

  2

  4

  6

 40
0.0
 41
0.0
 42
0.0
 43
0.0
 44
0.0
 45
0.0
 46
0.0
 47
0.0
 48
0.0
 49
0.0
140
0.0
141
0.0
142
1.0
143
1.0
 70
  1712
 72
     0
 73
     0
 74
     0
  7

 75
     0
147
1.0
 76
     0
 77
     2
 78
   300
148
0.0
149
0.0
100
AcDbLayout
  1
Model
 70
     1
 71
     0
 10
0.0
 20
0.0
 11
12.0
 21
9.0
 12
0.0
 22
0.0
 32
0.0
 14
0.0
 24
0.0
 34
0.0
 15
0.0
 25
0.0
 35
0.0
146
0.0
 13
0.0
 23
0.0
 33
0.0
 16
1.0
 26
0.0
 36
0.0
 17
0.0
 27
1.0
 37
0.0
 76
     0
330
6F
331
7D
  0
LAYOUT
  5
6E
102
{ACAD_REACTORS
330
61
102
}
330
61
100
AcDbPlotSettings
  1

  2

  4

  6

 40
0.0
 41
0.0
 42
0.0
 43
0.0
 44
0.0
 45
0.0
 46
0.0
 47
0.0
 48
0.0
 49
0.0
140
0.0
141
0.0
142
1.0
143
1.0
 70
   688
 72
     0
 73
     0
 74
     5
  7

 75
    16
147
1.0
 76
     0
 77
     2
 78
   300
148
0.0
149
0.0
100
AcDbLayout
  1
배치1
 70
     1
 71
     1
 10
0.0
 20
0.0
 11
12.0
 21
9.0
 12
0.0
 22
0.0
 32
0.0
 14
1.000000000000000E+20
 24
1.000000000000000E+20
 34
1.000000000000000E+20
 15
-1.000000000000000E+20
 25
-1.000000000000000E+20
 35
-1.000000000000000E+20
146
0.0
 13
0.0
 23
0.0
 33
0.0
 16
1.0
 26
0.0
 36
0.0
 17
0.0
 27
1.0
 37
0.0
 76
     0
330
6B
  0
MATERIAL
  5
19
102
{ACAD_XDICTIONARY
360
1A
102
}
102
{ACAD_REACTORS
330
10
102
}
330
10
100
AcDbMaterial
  1
ByBlock
 72
     0
 43
0.0208333333333333
 43
0.0
 43
0.0
 43
0.0
 43
0.0
 43
0.0208333333333333
 43
0.0
 43
0.0
 43
0.0
 43
0.0
 43
1.0
 43
0.0
 43
0.0
 43
0.0
 43
0.0
 43
1.0
 77
     0
 47
0.0208333333333333
 47
0.0
 47
0.0
 47
0.0
 47
0.0
 47
0.0208333333333333
 47
0.0
 47
0.0
 47
0.0
 47
0.0
 47
1.0
 47
0.0
 47
0.0
 47
0.0
 47
0.0
 47
1.0
171
     0
 49
0.0208333333333333
 49
0.0
 49
0.0
 49
0.0
 49
0.0
 49
0.0208333333333333
 49
0.0
 49
0.0
 49
0.0
 49
0.0
 49
1.0
 49
0.0
 49
0.0
 49
0.0
 49
0.0
 49
1.0
175
     0
142
0.0208333333333333
142
0.0
142
0.0
142
0.0
142
0.0
142
0.0208333333333333
142
0.0
142
0.0
142
0.0
142
0.0
142
1.0
142
0.0
142
0.0
142
0.0
142
0.0
142
1.0
179
     0
144
0.0208333333333333
144
0.0
144
0.0
144
0.0
144
0.0
144
0.0208333333333333
144
0.0
144
0.0
144
0.0
144
0.0
144
1.0
144
0.0
144
0.0
144
0.0
144
0.0
144
1.0
147
0.0208333333333333
147
0.0
147
0.0
147
0.0
147
0.0
147
0.0208333333333333
147
0.0
147
0.0
147
0.0
147
0.0
147
1.0
147
0.0
147
0.0
147
0.0
147
0.0
147
1.0
  0
MATERIAL
  5
11
102
{ACAD_XDICTIONARY
360
12
102
}
102
{ACAD_REACTORS
330
10
102
}
330
10
100
AcDbMaterial
  1
ByLayer
 72
     0
 43
0.0208333333333333
 43
0.0
 43
0.0
 43
0.0
 43
0.0
 43
0.0208333333333333
 43
0.0
 43
0.0
 43
0.0
 43
0.0
 43
1.0
 43
0.0
 43
0.0
 43
0.0
 43
0.0
 43
1.0
 77
     0
 47
0.0208333333333333
 47
0.0
 47
0.0
 47
0.0
 47
0.0
 47
0.0208333333333333
 47
0.0
 47
0.0
 47
0.0
 47
0.0
 47
1.0
 47
0.0
 47
0.0
 47
0.0
 47
0.0
 47
1.0
171
     0
 49
0.0208333333333333
 49
0.0
 49
0.0
 49
0.0
 49
0.0
 49
0.0208333333333333
 49
0.0
 49
0.0
 49
0.0
 49
0.0
 49
1.0
 49
0.0
 49
0.0
 49
0.0
 49
0.0
 49
1.0
175
     0
142
0.0208333333333333
142
0.0
142
0.0
142
0.0
142
0.0
142
0.0208333333333333
142
0.0
142
0.0
142
0.0
142
0.0
142
1.0
142
0.0
142
0.0
142
0.0
142
0.0
142
1.0
179
     0
144
0.0208333333333333
144
0.0
144
0.0
144
0.0
144
0.0
144
0.0208333333333333
144
0.0
144
0.0
144
0.0
144
0.0
144
1.0
144
0.0
144
0.0
144
0.0
144
0.0
144
1.0
147
0.0208333333333333
147
0.0
147
0.0
147
0.0
147
0.0
147
0.0208333333333333
147
0.0
147
0.0
147
0.0
147
0.0
147
1.0
147
0.0
147
0.0
147
0.0
147
0.0
147
1.0
  0
MATERIAL
  5
21
102
{ACAD_XDICTIONARY
360
22
102
}
102
{ACAD_REACTORS
330
10
102
}
330
10
100
AcDbMaterial
  1
Global
 72
     0
 43
0.0208333333333333
 43
0.0
 43
0.0
 43
0.0
 43
0.0
 43
0.0208333333333333
 43
0.0
 43
0.0
 43
0.0
 43
0.0
 43
1.0
 43
0.0
 43
0.0
 43
0.0
 43
0.0
 43
1.0
 77
     0
 47
0.0208333333333333
 47
0.0
 47
0.0
 47
0.0
 47
0.0
 47
0.0208333333333333
 47
0.0
 47
0.0
 47
0.0
 47
0.0
 47
1.0
 47
0.0
 47
0.0
 47
0.0
 47
0.0
 47
1.0
171
     0
 49
0.0208333333333333
 49
0.0
 49
0.0
 49
0.0
 49
0.0
 49
0.0208333333333333
 49
0.0
 49
0.0
 49
0.0
 49
0.0
 49
1.0
 49
0.0
 49
0.0
 49
0.0
 49
0.0
 49
1.0
175
     0
142
0.0208333333333333
142
0.0
142
0.0
142
0.0
142
0.0
142
0.0208333333333333
142
0.0
142
0.0
142
0.0
142
0.0
142
1.0
142
0.0
142
0.0
142
0.0
142
0.0
142
1.0
179
     0
144
0.0208333333333333
144
0.0
144
0.0
144
0.0
144
0.0
144
0.0208333333333333
144
0.0
144
0.0
144
0.0
144
0.0
144
1.0
144
0.0
144
0.0
144
0.0
144
0.0
144
1.0
147
0.0208333333333333
147
0.0
147
0.0
147
0.0
147
0.0
147
0.0208333333333333
147
0.0
147
0.0
147
0.0
147
0.0
147
1.0
147
0.0
147
0.0
147
0.0
147
0.0
147
1.0
  0
MLEADERSTYLE
  5
66
102
{ACAD_REACTORS
330
65
102
}
330
65
100
AcDbMLeaderStyle
179
     2
170
     2
171
     1
172
     0
 90
        2
 40
0.0
 41
0.0
173
     1
 91
-1056964608
340
5A
 92
       -2
290
     1
 42
0.09
291
     1
 43
0.36
  3
Standard
 44
0.18
300

342
55
174
     1
178
     6
175
     1
176
     0
 93
-1056964608
 45
0.18
292
     0
297
     0
 46
0.18
 94
-1056964608
 47
1.0
 49
1.0
140
1.0
293
     1
141
0.0
294
     1
177
     0
142
1.0
295
     0
296
     0
143
0.125
271
     0
272
     9
273
     9
  0
MLINESTYLE
  5
5F
102
{ACAD_REACTORS
330
5E
102
}
330
5E
100
AcDbMlineStyle
  2
STANDARD
 70
     0
  3

 62
   256
 51
90.0
 52
90.0
 71
     2
 49
0.5
 62
   256
  6
BYLAYER
 49
-0.5
 62
   256
  6
BYLAYER
  0
ACDBPLACEHOLDER
  5
F
102
{ACAD_REACTORS
330
E
102
}
330
E
  0
SCALE
  5
43
102
{ACAD_REACTORS
330
42
102
}
330
42
100
AcDbScale
 70
     0
300
1:1
140
1.0
141
1.0
290
     1
  0
SCALE
  5
44
102
{ACAD_REACTORS
330
42
102
}
330
42
100
AcDbScale
 70
     0
300
1/128" = 1'-0"
140
0.0078125
141
12.0
290
     0
  0
SCALE
  5
45
102
{ACAD_REACTORS
330
42
102
}
330
42
100
AcDbScale
 70
     0
300
1/64" = 1'-0"
140
0.015625
141
12.0
290
     0
  0
SCALE
  5
46
102
{ACAD_REACTORS
330
42
102
}
330
42
100
AcDbScale
 70
     0
300
1/32" = 1'-0"
140
0.03125
141
12.0
290
     0
  0
SCALE
  5
47
102
{ACAD_REACTORS
330
42
102
}
330
42
100
AcDbScale
 70
     0
300
1/16" = 1'-0"
140
0.0625
141
12.0
290
     0
  0
SCALE
  5
48
102
{ACAD_REACTORS
330
42
102
}
330
42
100
AcDbScale
 70
     0
300
3/32" = 1'-0"
140
0.09375
141
12.0
290
     0
  0
SCALE
  5
49
102
{ACAD_REACTORS
330
42
102
}
330
42
100
AcDbScale
 70
     0
300
1/8" = 1'-0"
140
0.125
141
12.0
290
     0
  0
SCALE
  5
4A
102
{ACAD_REACTORS
330
42
102
}
330
42
100
AcDbScale
 70
     0
300
3/16" = 1'-0"
140
0.1875
141
12.0
290
     0
  0
SCALE
  5
4B
102
{ACAD_REACTORS
330
42
102
}
330
42
100
AcDbScale
 70
     0
300
1/4" = 1'-0"
140
0.25
141
12.0
290
     0
  0
SCALE
  5
4C
102
{ACAD_REACTORS
330
42
102
}
330
42
100
AcDbScale
 70
     0
300
3/8" = 1'-0"
140
0.375
141
12.0
290
     0
  0
SCALE
  5
4D
102
{ACAD_REACTORS
330
42
102
}
330
42
100
AcDbScale
 70
     0
300
1/2" = 1'-0"
140
0.5
141
12.0
290
     0
  0
SCALE
  5
4E
102
{ACAD_REACTORS
330
42
102
}
330
42
100
AcDbScale
 70
     0
300
3/4" = 1'-0"
140
0.75
141
12.0
290
     0
  0
SCALE
  5
4F
102
{ACAD_REACTORS
330
42
102
}
330
42
100
AcDbScale
 70
     0
300
1" = 1'-0"
140
1.0
141
12.0
290
     0
  0
SCALE
  5
50
102
{ACAD_REACTORS
330
42
102
}
330
42
100
AcDbScale
 70
     0
300
1-1/2" = 1'-0"
140
1.5
141
12.0
290
     0
  0
SCALE
  5
51
102
{ACAD_REACTORS
330
42
102
}
330
42
100
AcDbScale
 70
     0
300
3" = 1'-0"
140
3.0
141
12.0
290
     0
  0
SCALE
  5
52
102
{ACAD_REACTORS
330
42
102
}
330
42
100
AcDbScale
 70
     0
300
6" = 1'-0"
140
6.0
141
12.0
290
     0
  0
SCALE
  5
53
102
{ACAD_REACTORS
330
42
102
}
330
42
100
AcDbScale
 70
     0
300
1'-0" = 1'-0"
140
12.0
141
12.0
290
     0
  0
ACDBSECTIONVIEWSTYLE
  5
68
102
{ACAD_XDICTIONARY
360
3CC
102
}
102
{ACAD_REACTORS
330
67
102
}
330
67
100
AcDbModelDocViewStyle
 70
     0
  3
Imperial24
290
     0
100
AcDbSectionViewStyle
 70
     0
 71
     0
 90
       78
 71
     1
340
55
 62
   256
 40
0.24
340
0
340
0
 62
   256
 40
0.24
300
I, O, Q, S, X, Z
 40
0.48
 90
        3
 40
0.18
 90
        1
 71
     2
340
5C
 90
       25
 62
   256
340
5C
 90
       50
 62
   256
 40
0.24
 40
0.0
 40
0.24
 71
     3
340
55
 62
   256
 40
0.24
 90
        1
 40
0.75
 90
        1
300
%<\AcVar ViewType \f "%tc1">% %<\AcVar ViewSectionStartId>%-%<\AcVar ViewSectionEndId>%\PSCALE %<\AcVar ViewScale \f "%sn">%
 71
     4
 62
   256
 62
   257
300
ANSI31
 40
1.0
 90
        0
290
     0
290
     0
 90
        6
 40
0.0
 40
1.570796326794896
 40
0.2617993877991494
 40
1.308996938995747
 40
-0.2617993877991494
 40
1.832595714594046
  0
ACDBSECTIONVIEWSTYLE
  5
370
102
{ACAD_XDICTIONARY
360
3D0
102
}
102
{ACAD_REACTORS
330
67
102
}
330
67
100
AcDbModelDocViewStyle
 70
     0
  3
Metric50
290
     0
100
AcDbSectionViewStyle
 70
     0
 71
     0
 90
      102
 71
     1
340
55
 62
   256
 40
5.0
340
0
340
0
 62
   256
 40
5.0
300
I, O, Q, S, X, Z
 40
10.0
 90
        0
 40
2.5
 90
        0
 71
     2
340
5C
 90
       25
 62
   256
340
5C
 90
       50
 62
   256
 40
5.0
 40
2.5
 40
5.0
 71
     3
340
55
 62
   256
 40
5.0
 90
        0
 40
15.0
 90
        1
300
%<\AcVar ViewSectionStartId>%-%<\AcVar ViewSectionEndId>% (%<\AcVar ViewScale \f "%sn">%)
 71
     4
 62
   256
 62
   257
300
ANSI31
 40
1.0
 90
        0
290
     0
290
     0
 90
        6
 40
0.0
 40
1.570796326794896
 40
0.2617993877991494
 40
1.308996938995747
 40
-0.2617993877991494
 40
1.832595714594046
  0
TABLESTYLE
  5
64
102
{ACAD_XDICTIONARY
360
391
102
}
102
{ACAD_REACTORS
330
63
102
}
330
63
100
AcDbTableStyle
280
     0
  3
Standard
 70
     0
 71
     0
 40
0.06
 41
0.06
280
     0
281
     0
  7
Standard
140
0.18
170
     2
 62
     0
 63
     7
283
     0
 90
      512
 91
        0
  1

274
    -2
284
     1
 64
     0
275
    -2
285
     1
 65
     0
276
    -2
286
     1
 66
     0
277
    -2
287
     1
 67
     0
278
    -2
288
     1
 68
     0
279
    -2
289
     1
 69
     0
  7
Standard
140
0.25
170
     5
 62
     0
 63
     7
283
     0
 90
      512
 91
        0
  1

274
    -2
284
     1
 64
     0
275
    -2
285
     1
 65
     0
276
    -2
286
     1
 66
     0
277
    -2
287
     1
 67
     0
278
    -2
288
     1
 68
     0
279
    -2
289
     1
 69
     0
  7
Standard
140
0.18
170
     5
 62
     0
 63
     7
283
     0
 90
      512
 91
        0
  1

274
    -2
284
     1
 64
     0
275
    -2
285
     1
 65
     0
276
    -2
286
     1
 66
     0
277
    -2
287
     1
 67
     0
278
    -2
288
     1
 68
     0
279
    -2
289
     1
 69
     0
  0
VISUALSTYLE
  5
2F
102
{ACAD_XDICTIONARY
360
3A6
102
}
102
{ACAD_REACTORS
330
29
102
}
330
29
100
AcDbVisualStyle
  2
2dWireframe
 70
     4
177
     2
291
     0
 71
     0
176
     1
 72
     2
176
     1
 73
     0
176
     1
 90
        0
176
     1
 40
0.6
176
     1
 41
30.0
176
     1
 63
     7
421
 16777215
176
     1
 74
     1
176
     1
 91
        4
176
     1
 64
     7
176
     1
 65
   257
176
     1
 75
     1
176
     1
175
     1
176
     1
 42
1.0
176
     1
 92
        0
176
     1
 66
   257
176
     1
 43
1.0
176
     1
 76
     1
176
     1
 77
     6
176
     1
 78
     2
176
     1
 67
     7
176
     1
 79
     5
176
     1
170
     0
176
     1
171
     0
176
     1
290
     0
176
     1
 93
        1
176
     1
 44
0.0
176
     1
173
     0
176
     1
1001
ACAD
1000
AcDbSavedByObjectVersion
1070
     0
  0
VISUALSTYLE
  5
2E
102
{ACAD_XDICTIONARY
360
3A4
102
}
102
{ACAD_REACTORS
330
29
102
}
330
29
100
AcDbVisualStyle
  2
Basic
 70
     7
177
     2
291
     1
 71
     1
176
     1
 72
     0
176
     1
 73
     1
176
     1
 90
        0
176
     1
 40
0.6
176
     1
 41
30.0
176
     1
 63
     7
421
 16777215
176
     1
 74
     0
176
     1
 91
        4
176
     1
 64
     7
176
     1
 65
   257
176
     1
 75
     1
176
     1
175
     1
176
     1
 42
1.0
176
     1
 92
        8
176
     1
 66
     7
176
     1
 43
1.0
176
     1
 76
     1
176
     1
 77
     6
176
     1
 78
     2
176
     1
 67
     7
176
     1
 79
     5
176
     1
170
     0
176
     1
171
     0
176
     1
290
     0
176
     1
 93
        1
176
     1
 44
0.0
176
     1
173
     0
176
     1
1001
ACAD
1000
AcDbSavedByObjectVersion
1070
     0
  0
VISUALSTYLE
  5
35
102
{ACAD_XDICTIONARY
360
3B2
102
}
102
{ACAD_REACTORS
330
29
102
}
330
29
100
AcDbVisualStyle
  2
Brighten
 70
    12
177
     2
291
     1
 71
     2
176
     1
 72
     2
176
     1
 73
     0
176
     1
 90
        0
176
     1
 40
0.6
176
     1
 41
30.0
176
     1
 63
     7
421
 16777215
176
     1
 74
     1
176
     1
 91
        4
176
     1
 64
     7
176
     1
 65
   257
176
     1
 75
     1
176
     1
175
     1
176
     1
 42
1.0
176
     1
 92
        8
176
     1
 66
     7
176
     1
 43
1.0
176
     1
 76
     1
176
     1
 77
     6
176
     1
 78
     2
176
     1
 67
     7
176
     1
 79
     5
176
     1
170
     0
176
     1
171
     0
176
     1
290
     0
176
     1
 93
        1
176
     1
 44
50.0
176
     1
173
     0
176
     1
1001
ACAD
1000
AcDbSavedByObjectVersion
1070
     0
  0
VISUALSTYLE
  5
39
102
{ACAD_XDICTIONARY
360
3BA
102
}
102
{ACAD_REACTORS
330
29
102
}
330
29
100
AcDbVisualStyle
  2
ColorChange
 70
    16
177
     2
291
     1
 71
     2
176
     1
 72
     2
176
     1
 73
     3
176
     1
 90
        0
176
     1
 40
0.6
176
     1
 41
30.0
176
     1
 63
     8
421
  8421504
176
     1
 74
     1
176
     1
 91
        4
176
     1
 64
     7
176
     1
 65
   257
176
     1
 75
     1
176
     1
175
     1
176
     1
 42
1.0
176
     1
 92
        8
176
     1
 66
     8
424
  8421504
176
     1
 43
1.0
176
     1
 76
     1
176
     1
 77
     6
176
     1
 78
     2
176
     1
 67
     7
176
     1
 79
     5
176
     1
170
     0
176
     1
171
     0
176
     1
290
     0
176
     1
 93
        1
176
     1
 44
0.0
176
     1
173
     0
176
     1
1001
ACAD
1000
AcDbSavedByObjectVersion
1070
     0
  0
VISUALSTYLE
  5
32
102
{ACAD_XDICTIONARY
360
3AC
102
}
102
{ACAD_REACTORS
330
29
102
}
330
29
100
AcDbVisualStyle
  2
Conceptual
 70
     9
177
     2
291
     0
 71
     3
176
     1
 72
     2
176
     1
 73
     0
176
     1
 90
        0
176
     1
 40
0.6
176
     1
 41
30.0
176
     1
 63
     7
421
 16777215
176
     1
 74
     2
176
     1
 91
        2
176
     1
 64
     7
176
     1
 65
   257
176
     1
 75
     1
176
     1
175
     1
176
     1
 42
179.0
176
     1
 92
        8
176
     1
 66
     7
176
     1
 43
1.0
176
     1
 76
     1
176
     1
 77
     6
176
     1
 78
     2
176
     1
 67
     7
176
     1
 79
     3
176
     1
170
     0
176
     1
171
     0
176
     1
290
     0
176
     1
 93
        1
176
     1
 44
0.0
176
     1
173
     0
176
     1
1001
ACAD
1000
AcDbSavedByObjectVersion
1070
     0
  0
VISUALSTYLE
  5
34
102
{ACAD_XDICTIONARY
360
3B0
102
}
102
{ACAD_REACTORS
330
29
102
}
330
29
100
AcDbVisualStyle
  2
Dim
 70
    11
177
     2
291
     1
 71
     2
176
     1
 72
     2
176
     1
 73
     0
176
     1
 90
        0
176
     1
 40
0.6
176
     1
 41
30.0
176
     1
 63
     7
421
 16777215
176
     1
 74
     1
176
     1
 91
        4
176
     1
 64
     7
176
     1
 65
   257
176
     1
 75
     1
176
     1
175
     1
176
     1
 42
1.0
176
     1
 92
        8
176
     1
 66
     7
176
     1
 43
1.0
176
     1
 76
     1
176
     1
 77
     6
176
     1
 78
     2
176
     1
 67
     7
176
     1
 79
     5
176
     1
170
     0
176
     1
171
     0
176
     1
290
     0
176
     1
 93
        1
176
     1
 44
-50.0
176
     1
173
     0
176
     1
1001
ACAD
1000
AcDbSavedByObjectVersion
1070
     0
  0
VISUALSTYLE
  5
41
102
{ACAD_XDICTIONARY
360
3CA
102
}
102
{ACAD_REACTORS
330
29
102
}
330
29
100
AcDbVisualStyle
  2
EdgeColorOff
 70
    22
177
     2
291
     1
 71
     2
176
     0
 72
     2
176
     0
 73
     0
176
     0
 90
        0
176
     0
 40
0.6
176
     0
 41
30.0
176
     0
 63
     7
421
 16777215
176
     0
 74
     1
176
     0
 91
        4
176
     0
 64
     7
176
     0
 65
   257
176
     0
 75
     1
176
     0
175
     1
176
     0
 42
1.0
176
     0
 92
        8
176
     2
 66
     7
176
     0
 43
1.0
176
     0
 76
     1
176
     0
 77
     6
176
     0
 78
     2
176
     0
 67
     7
176
     0
 79
     5
176
     0
170
     0
176
     0
171
     0
176
     0
290
     0
176
     0
 93
        1
176
     0
 44
0.0
176
     0
173
     0
176
     0
1001
ACAD
1000
AcDbSavedByObjectVersion
1070
     0
  0
VISUALSTYLE
  5
38
102
{ACAD_XDICTIONARY
360
3B8
102
}
102
{ACAD_REACTORS
330
29
102
}
330
29
100
AcDbVisualStyle
  2
Facepattern
 70
    15
177
     2
291
     1
 71
     2
176
     1
 72
     2
176
     1
 73
     0
176
     1
 90
        0
176
     1
 40
0.6
176
     1
 41
30.0
176
     1
 63
     7
421
 16777215
176
     1
 74
     1
176
     1
 91
        4
176
     1
 64
     7
176
     1
 65
   257
176
     1
 75
     1
176
     1
175
     1
176
     1
 42
1.0
176
     1
 92
        8
176
     1
 66
     7
176
     1
 43
1.0
176
     1
 76
     1
176
     1
 77
     6
176
     1
 78
     2
176
     1
 67
     7
176
     1
 79
     5
176
     1
170
     0
176
     1
171
     0
176
     1
290
     0
176
     1
 93
        1
176
     1
 44
0.0
176
     1
173
     0
176
     1
1001
ACAD
1000
AcDbSavedByObjectVersion
1070
     0
  0
VISUALSTYLE
  5
2A
102
{ACAD_XDICTIONARY
360
39C
102
}
102
{ACAD_REACTORS
330
29
102
}
330
29
100
AcDbVisualStyle
  2
Flat
 70
     0
177
     2
291
     1
 71
     2
176
     1
 72
     1
176
     1
 73
     1
176
     1
 90
        2
176
     1
 40
0.6
176
     1
 41
30.0
176
     1
 63
     7
421
 16777215
176
     1
 74
     0
176
     1
 91
        0
176
     1
 64
     7
176
     1
 65
   257
176
     1
 75
     1
176
     1
175
     1
176
     1
 42
1.0
176
     1
 92
        8
176
     1
 66
     7
176
     1
 43
1.0
176
     1
 76
     1
176
     1
 77
     6
176
     1
 78
     2
176
     1
 67
     7
176
     1
 79
     5
176
     1
170
     0
176
     1
171
     0
176
     1
290
     0
176
     1
 93
       13
176
     1
 44
0.0
176
     1
173
     0
176
     1
1001
ACAD
1000
AcDbSavedByObjectVersion
1070
     0
  0
VISUALSTYLE
  5
2B
102
{ACAD_XDICTIONARY
360
39E
102
}
102
{ACAD_REACTORS
330
29
102
}
330
29
100
AcDbVisualStyle
  2
FlatWithEdges
 70
     1
177
     2
291
     1
 71
     2
176
     1
 72
     1
176
     1
 73
     1
176
     1
 90
        2
176
     1
 40
0.6
176
     1
 41
30.0
176
     1
 63
     7
421
 16777215
176
     1
 74
     1
176
     1
 91
        0
176
     1
 64
     7
176
     1
 65
   257
176
     1
 75
     1
176
     1
175
     1
176
     1
 42
1.0
176
     1
 92
        0
176
     1
 66
   257
176
     1
 43
1.0
176
     1
 76
     1
176
     1
 77
     6
176
     1
 78
     2
176
     1
 67
     7
176
     1
 79
     5
176
     1
170
     0
176
     1
171
     0
176
     1
290
     0
176
     1
 93
       13
176
     1
 44
0.0
176
     1
173
     0
176
     1
1001
ACAD
1000
AcDbSavedByObjectVersion
1070
     0
  0
VISUALSTYLE
  5
2C
102
{ACAD_XDICTIONARY
360
3A0
102
}
102
{ACAD_REACTORS
330
29
102
}
330
29
100
AcDbVisualStyle
  2
Gouraud
 70
     2
177
     2
291
     1
 71
     2
176
     1
 72
     2
176
     1
 73
     1
176
     1
 90
        2
176
     1
 40
0.6
176
     1
 41
30.0
176
     1
 63
     7
421
 16777215
176
     1
 74
     0
176
     1
 91
        0
176
     1
 64
     7
176
     1
 65
   257
176
     1
 75
     1
176
     1
175
     1
176
     1
 42
1.0
176
     1
 92
        0
176
     1
 66
     7
176
     1
 43
1.0
176
     1
 76
     1
176
     1
 77
     6
176
     1
 78
     2
176
     1
 67
     7
176
     1
 79
     5
176
     1
170
     0
176
     1
171
     0
176
     1
290
     0
176
     1
 93
       13
176
     1
 44
0.0
176
     1
173
     0
176
     1
1001
ACAD
1000
AcDbSavedByObjectVersion
1070
     0
  0
VISUALSTYLE
  5
2D
102
{ACAD_XDICTIONARY
360
3A2
102
}
102
{ACAD_REACTORS
330
29
102
}
330
29
100
AcDbVisualStyle
  2
GouraudWithEdges
 70
     3
177
     2
291
     1
 71
     2
176
     1
 72
     2
176
     1
 73
     1
176
     1
 90
        2
176
     1
 40
0.6
176
     1
 41
30.0
176
     1
 63
     7
421
 16777215
176
     1
 74
     1
176
     1
 91
        0
176
     1
 64
     7
176
     1
 65
   257
176
     1
 75
     1
176
     1
175
     1
176
     1
 42
1.0
176
     1
 92
        0
176
     1
 66
   257
176
     1
 43
1.0
176
     1
 76
     1
176
     1
 77
     6
176
     1
 78
     2
176
     1
 67
     7
176
     1
 79
     5
176
     1
170
     0
176
     1
171
     0
176
     1
290
     0
176
     1
 93
       13
176
     1
 44
0.0
176
     1
173
     0
176
     1
1001
ACAD
1000
AcDbSavedByObjectVersion
1070
     0
  0
VISUALSTYLE
  5
31
102
{ACAD_XDICTIONARY
360
3AA
102
}
102
{ACAD_REACTORS
330
29
102
}
330
29
100
AcDbVisualStyle
  2
Hidden
 70
     6
177
     2
291
     0
 71
     1
176
     1
 72
     2
176
     1
 73
     2
176
     1
 90
        0
176
     1
 40
0.6
176
     1
 41
30.0
176
     1
 63
     7
421
 16777215
176
     1
 74
     2
176
     1
 91
        2
176
     1
 64
     7
176
     1
 65
   257
176
     1
 75
     2
176
     1
175
     1
176
     1
 42
40.0
176
     1
 92
        0
176
     1
 66
   257
176
     1
 43
1.0
176
     1
 76
     1
176
     1
 77
     6
176
     1
 78
     2
176
     1
 67
     7
176
     1
 79
     3
176
     1
170
     0
176
     1
171
     0
176
     1
290
     0
176
     1
 93
        1
176
     1
 44
0.0
176
     1
173
     0
176
     1
1001
ACAD
1000
AcDbSavedByObjectVersion
1070
     0
  0
VISUALSTYLE
  5
3F
102
{ACAD_XDICTIONARY
360
3C6
102
}
102
{ACAD_REACTORS
330
29
102
}
330
29
100
AcDbVisualStyle
  2
JitterOff
 70
    20
177
     2
291
     1
 71
     2
176
     0
 72
     2
176
     0
 73
     0
176
     0
 90
        0
176
     0
 40
0.6
176
     0
 41
30.0
176
     0
 63
     7
421
 16777215
176
     0
 74
     1
176
     0
 91
        4
176
     0
 64
     7
176
     0
 65
   257
176
     0
 75
     1
176
     0
175
     1
176
     0
 42
1.0
176
     0
 92
       10
176
     2
 66
     7
176
     0
 43
1.0
176
     0
 76
     1
176
     0
 77
     6
176
     0
 78
     2
176
     0
 67
     7
176
     0
 79
     5
176
     0
170
     0
176
     0
171
     0
176
     0
290
     0
176
     0
 93
        1
176
     0
 44
0.0
176
     0
173
     0
176
     0
1001
ACAD
1000
AcDbSavedByObjectVersion
1070
     0
  0
VISUALSTYLE
  5
37
102
{ACAD_XDICTIONARY
360
3B6
102
}
102
{ACAD_REACTORS
330
29
102
}
330
29
100
AcDbVisualStyle
  2
Linepattern
 70
    14
177
     2
291
     1
 71
     2
176
     1
 72
     2
176
     1
 73
     0
176
     1
 90
        0
176
     1
 40
0.6
176
     1
 41
30.0
176
     1
 63
     7
421
 16777215
176
     1
 74
     1
176
     1
 91
        4
176
     1
 64
     7
176
     1
 65
   257
176
     1
 75
     7
176
     1
175
     7
176
     1
 42
1.0
176
     1
 92
        8
176
     1
 66
     7
176
     1
 43
1.0
176
     1
 76
     1
176
     1
 77
     6
176
     1
 78
     2
176
     1
 67
     7
176
     1
 79
     5
176
     1
170
     0
176
     1
171
     0
176
     1
290
     0
176
     1
 93
        1
176
     1
 44
0.0
176
     1
173
     0
176
     1
1001
ACAD
1000
AcDbSavedByObjectVersion
1070
     0
  0
VISUALSTYLE
  5
40
102
{ACAD_XDICTIONARY
360
3C8
102
}
102
{ACAD_REACTORS
330
29
102
}
330
29
100
AcDbVisualStyle
  2
OverhangOff
 70
    21
177
     2
291
     1
 71
     2
176
     0
 72
     2
176
     0
 73
     0
176
     0
 90
        0
176
     0
 40
0.6
176
     0
 41
30.0
176
     0
 63
     7
421
 16777215
176
     0
 74
     1
176
     0
 91
        4
176
     0
 64
     7
176
     0
 65
   257
176
     0
 75
     1
176
     0
175
     1
176
     0
 42
1.0
176
     0
 92
        9
176
     2
 66
     7
176
     0
 43
1.0
176
     0
 76
     1
176
     0
 77
     6
176
     0
 78
     2
176
     0
 67
     7
176
     0
 79
     5
176
     0
170
     0
176
     0
171
     0
176
     0
290
     0
176
     0
 93
        1
176
     0
 44
0.0
176
     0
173
     0
176
     0
1001
ACAD
1000
AcDbSavedByObjectVersion
1070
     0
  0
VISUALSTYLE
  5
33
102
{ACAD_XDICTIONARY
360
3AE
102
}
102
{ACAD_REACTORS
330
29
102
}
330
29
100
AcDbVisualStyle
  2
Realistic
 70
     8
177
     2
291
     0
 71
     2
176
     1
 72
     3
176
     1
 73
     0
176
     1
 90
        2
176
     1
 40
0.6
176
     1
 41
30.0
176
     1
 63
     7
421
 16777215
176
     1
 74
     0
176
     1
 91
        0
176
     1
 64
     7
176
     1
 65
   257
176
     1
 75
     1
176
     1
175
     1
176
     1
 42
1.0
176
     1
 92
        8
176
     1
 66
   257
176
     1
 43
1.0
176
     1
 76
     1
176
     1
 77
     6
176
     1
 78
     2
176
     1
 67
     7
176
     1
 79
     3
176
     1
170
     0
176
     1
171
     0
176
     1
290
     0
176
     1
 93
       13
176
     1
 44
0.0
176
     1
173
     0
176
     1
1001
ACAD
1000
AcDbSavedByObjectVersion
1070
     0
  0
VISUALSTYLE
  5
3E
102
{ACAD_XDICTIONARY
360
3C4
102
}
102
{ACAD_REACTORS
330
29
102
}
330
29
100
AcDbVisualStyle
  2
Shaded
 70
    27
177
     2
291
     0
 71
     2
176
     1
 72
     2
176
     1
 73
     1
176
     1
 90
        2
176
     1
 40
0.6
176
     1
 41
30.0
176
     1
 63
     7
421
 16777215
176
     1
 74
     0
176
     1
 91
        4
176
     1
 64
     7
176
     1
 65
   257
176
     1
 75
     1
176
     1
175
     1
176
     1
 42
1.0
176
     1
 92
        8
176
     1
 66
   257
176
     1
 43
1.0
176
     1
 76
     1
176
     1
 77
     6
176
     1
 78
     2
176
     1
 67
     8
425
  7895160
176
     1
 79
     3
176
     1
170
     0
176
     1
171
     0
176
     1
290
     0
176
     1
 93
        5
176
     1
 44
0.0
176
     1
173
     0
176
     1
1001
ACAD
1000
AcDbSavedByObjectVersion
1070
     0
  0
VISUALSTYLE
  5
3D
102
{ACAD_XDICTIONARY
360
3C2
102
}
102
{ACAD_REACTORS
330
29
102
}
330
29
100
AcDbVisualStyle
  2
Shaded with edges
 70
    26
177
     2
291
     0
 71
     2
176
     1
 72
     2
176
     1
 73
     1
176
     1
 90
        2
176
     1
 40
0.6
176
     1
 41
30.0
176
     1
 63
     7
421
 16777215
176
     1
 74
     1
176
     1
 91
        2
176
     1
 64
     7
176
     1
 65
   257
176
     1
 75
     2
176
     1
175
     1
176
     1
 42
1.0
176
     1
 92
        8
176
     1
 66
   257
176
     1
 43
1.0
176
     1
 76
     1
176
     1
 77
     6
176
     1
 78
     2
176
     1
 67
     7
176
     1
 79
     3
176
     1
170
     0
176
     1
171
     0
176
     1
290
     0
176
     1
 93
        5
176
     1
 44
0.0
176
     1
173
     0
176
     1
1001
ACAD
1000
AcDbSavedByObjectVersion
1070
     0
  0
VISUALSTYLE
  5
3A
102
{ACAD_XDICTIONARY
360
3BC
102
}
102
{ACAD_REACTORS
330
29
102
}
330
29
100
AcDbVisualStyle
  2
Shades of Gray
 70
    23
177
     2
291
     0
 71
     2
176
     1
 72
     2
176
     1
 73
     3
176
     1
 90
        0
176
     1
 40
0.6
176
     1
 41
30.0
176
     1
 63
     7
421
 16777215
176
     1
 74
     2
176
     1
 91
        2
176
     1
 64
     7
176
     1
 65
     7
176
     1
 75
     1
176
     1
175
     1
176
     1
 42
40.0
176
     1
 92
        8
176
     1
 66
     7
176
     1
 43
1.0
176
     1
 76
     1
176
     1
 77
     6
176
     1
 78
     2
176
     1
 67
     7
176
     1
 79
     3
176
     1
170
     0
176
     1
171
     0
176
     1
290
     0
176
     1
 93
        1
176
     1
 44
0.0
176
     1
173
     0
176
     1
1001
ACAD
1000
AcDbSavedByObjectVersion
1070
     0
  0
VISUALSTYLE
  5
3B
102
{ACAD_XDICTIONARY
360
3BE
102
}
102
{ACAD_REACTORS
330
29
102
}
330
29
100
AcDbVisualStyle
  2
Sketchy
 70
    24
177
     2
291
     0
 71
     1
176
     1
 72
     2
176
     1
 73
     2
176
     1
 90
        0
176
     1
 40
0.6
176
     1
 41
30.0
176
     1
 63
     7
421
 16777215
176
     1
 74
     2
176
     1
 91
        2
176
     1
 64
     7
176
     1
 65
     7
176
     1
 75
     1
176
     1
175
     1
176
     1
 42
40.0
176
     1
 92
       11
176
     1
 66
     7
176
     1
 43
1.0
176
     1
 76
     1
176
     1
 77
     6
176
     1
 78
     2
176
     1
 67
     7
176
     1
 79
     6
176
     1
170
     0
176
     1
171
     0
176
     1
290
     0
176
     1
 93
        1
176
     1
 44
0.0
176
     1
173
     0
176
     1
1001
ACAD
1000
AcDbSavedByObjectVersion
1070
     0
  0
VISUALSTYLE
  5
36
102
{ACAD_XDICTIONARY
360
3B4
102
}
102
{ACAD_REACTORS
330
29
102
}
330
29
100
AcDbVisualStyle
  2
Thicken
 70
    13
177
     2
291
     1
 71
     2
176
     1
 72
     2
176
     1
 73
     0
176
     1
 90
        0
176
     1
 40
0.6
176
     1
 41
30.0
176
     1
 63
     7
421
 16777215
176
     1
 74
     1
176
     1
 91
        4
176
     1
 64
     7
176
     1
 65
   257
176
     1
 75
     1
176
     1
175
     1
176
     1
 42
1.0
176
     1
 92
       12
176
     1
 66
     7
176
     1
 43
1.0
176
     1
 76
     1
176
     1
 77
     6
176
     1
 78
     2
176
     1
 67
     7
176
     1
 79
     5
176
     1
170
     0
176
     1
171
     0
176
     1
290
     0
176
     1
 93
        1
176
     1
 44
0.0
176
     1
173
     0
176
     1
1001
ACAD
1000
AcDbSavedByObjectVersion
1070
     0
  0
VISUALSTYLE
  5
30
102
{ACAD_XDICTIONARY
360
3A8
102
}
102
{ACAD_REACTORS
330
29
102
}
330
29
100
AcDbVisualStyle
  2
Wireframe
 70
     5
177
     2
291
     0
 71
     0
176
     1
 72
     2
176
     1
 73
     0
176
     1
 90
        0
176
     1
 40
0.6
176
     1
 41
30.0
176
     1
 63
     7
421
 16777215
176
     1
 74
     1
176
     1
 91
        4
176
     1
 64
     7
176
     1
 65
   257
176
     1
 75
     1
176
     1
175
     1
176
     1
 42
1.0
176
     1
 92
        0
176
     1
 66
   257
176
     1
 43
1.0
176
     1
 76
     1
176
     1
 77
     6
176
     1
 78
     2
176
     1
 67
     7
176
     1
 79
     3
176
     1
170
     0
176
     1
171
     0
176
     1
290
     0
176
     1
 93
        1
176
     1
 44
0.0
176
     1
173
     0
176
     1
1001
ACAD
1000
AcDbSavedByObjectVersion
1070
     0
  0
VISUALSTYLE
  5
3C
102
{ACAD_XDICTIONARY
360
3C0
102
}
102
{ACAD_REACTORS
330
29
102
}
330
29
100
AcDbVisualStyle
  2
X-Ray
 70
    25
177
     2
291
     0
 71
     2
176
     1
 72
     2
176
     1
 73
     1
176
     1
 90
        1
176
     1
 40
0.5
176
     1
 41
30.0
176
     1
 63
     7
421
 16777215
176
     1
 74
     1
176
     1
 91
        0
176
     1
 64
     7
176
     1
 65
   257
176
     1
 75
     1
176
     1
175
     1
176
     1
 42
1.0
176
     1
 92
        8
176
     1
 66
     7
176
     1
 43
1.0
176
     1
 76
     1
176
     1
 77
     6
176
     1
 78
     2
176
     1
 67
     7
176
     1
 79
     3
176
     1
170
     0
176
     1
171
     0
176
     1
290
     0
176
     1
 93
       13
176
     1
 44
0.0
176
     1
173
     0
176
     1
1001
ACAD
1000
AcDbSavedByObjectVersion
1070
     0
  0
DICTIONARYVAR
  5
38C
102
{ACAD_REACTORS
330
386
102
}
330
386
100
DictionaryVariables
280
     0
  1
1:1
  0
DICTIONARYVAR
  5
388
102
{ACAD_REACTORS
330
386
102
}
330
386
100
DictionaryVariables
280
     0
  1
STANDARD
  0
DICTIONARYVAR
  5
387
102
{ACAD_REACTORS
330
386
102
}
330
386
100
DictionaryVariables
280
     0
  1
STANDARD
  0
DICTIONARYVAR
  5
389
102
{ACAD_REACTORS
330
386
102
}
330
386
100
DictionaryVariables
280
     0
  1
Imperial24
  0
DICTIONARYVAR
  5
38A
102
{ACAD_REACTORS
330
386
102
}
330
386
100
DictionaryVariables
280
     0
  1
Imperial24
  0
DICTIONARYVAR
  5
38E
102
{ACAD_REACTORS
330
386
102
}
330
386
100
DictionaryVariables
280
     0
  1
1
  0
DICTIONARYVAR
  5
38F
102
{ACAD_REACTORS
330
386
102
}
330
386
100
DictionaryVariables
280
     0
  1
15
  0
DICTIONARYVAR
  5
38D
102
{ACAD_REACTORS
330
386
102
}
330
386
100
DictionaryVariables
280
     0
  1
0
  0
DICTIONARYVAR
  5
38B
102
{ACAD_REACTORS
330
386
102
}
330
386
100
DictionaryVariables
280
     0
  1
0
  0
DICTIONARY
  5
39B
102
{ACAD_REACTORS
330
399
102
}
330
399
100
AcDbDictionary
281
     1
  0
DICTIONARY
  5
39A
102
{ACAD_REACTORS
330
399
102
}
330
399
100
AcDbDictionary
281
     1
  3
5315151040
350
394
  3
5315151056
350
395
  3
5315151072
350
396
  3
5315151088
350
397
  3
5315151104
350
398
  0
DICTIONARY
  5
3CE
330
6A
100
AcDbDictionary
280
     1
281
     1
  3
ACAD_XREC_ROUNDTRIP
360
3CF
  0
DICTIONARY
  5
3D2
330
371
100
AcDbDictionary
280
     1
281
     1
  3
ACAD_XREC_ROUNDTRIP
360
3D3
  0
DICTIONARY
  5
1A
330
19
100
AcDbDictionary
280
     1
281
     1
  3
BUMPTILE
360
1C
  3
DIFFUSETILE
360
1B
  3
OPACITYTILE
360
1F
  3
REFLECTIONTILE
360
1E
  3
REFRACTIONTILE
360
20
  3
SPECULARTILE
360
1D
  0
DICTIONARY
  5
12
330
11
100
AcDbDictionary
280
     1
281
     1
  3
BUMPTILE
360
14
  3
DIFFUSETILE
360
13
  3
OPACITYTILE
360
17
  3
REFLECTIONTILE
360
16
  3
REFRACTIONTILE
360
18
  3
SPECULARTILE
360
15
  0
DICTIONARY
  5
22
330
21
100
AcDbDictionary
280
     1
281
     1
  3
BUMPTILE
360
24
  3
DIFFUSETILE
360
23
  3
OPACITYTILE
360
27
  3
REFLECTIONTILE
360
26
  3
REFRACTIONTILE
360
28
  3
SPECULARTILE
360
25
  0
DICTIONARY
  5
3CC
330
68
100
AcDbDictionary
280
     1
281
     1
  3
ACAD_XREC_ROUNDTRIP
360
3CD
  0
DICTIONARY
  5
3D0
330
370
100
AcDbDictionary
280
     1
281
     1
  3
ACAD_XREC_ROUNDTRIP
360
3D1
  0
DICTIONARY
  5
391
330
64
100
AcDbDictionary
280
     1
281
     1
  3
ACAD_ROUNDTRIP_2008_TABLESTYLE_CELLSTYLEMAP
360
392
  0
DICTIONARY
  5
3A6
330
2F
100
AcDbDictionary
280
     1
281
     1
  3
ACAD_XREC_ROUNDTRIP
360
3A7
  0
DICTIONARY
  5
3A4
330
2E
100
AcDbDictionary
280
     1
281
     1
  3
ACAD_XREC_ROUNDTRIP
360
3A5
  0
DICTIONARY
  5
3B2
330
35
100
AcDbDictionary
280
     1
281
     1
  3
ACAD_XREC_ROUNDTRIP
360
3B3
  0
DICTIONARY
  5
3BA
330
39
100
AcDbDictionary
280
     1
281
     1
  3
ACAD_XREC_ROUNDTRIP
360
3BB
  0
DICTIONARY
  5
3AC
330
32
100
AcDbDictionary
280
     1
281
     1
  3
ACAD_XREC_ROUNDTRIP
360
3AD
  0
DICTIONARY
  5
3B0
330
34
100
AcDbDictionary
280
     1
281
     1
  3
ACAD_XREC_ROUNDTRIP
360
3B1
  0
DICTIONARY
  5
3CA
330
41
100
AcDbDictionary
280
     1
281
     1
  3
ACAD_XREC_ROUNDTRIP
360
3CB
  0
DICTIONARY
  5
3B8
330
38
100
AcDbDictionary
280
     1
281
     1
  3
ACAD_XREC_ROUNDTRIP
360
3B9
  0
DICTIONARY
  5
39C
330
2A
100
AcDbDictionary
280
     1
281
     1
  3
ACAD_XREC_ROUNDTRIP
360
39D
  0
DICTIONARY
  5
39E
330
2B
100
AcDbDictionary
280
     1
281
     1
  3
ACAD_XREC_ROUNDTRIP
360
39F
  0
DICTIONARY
  5
3A0
330
2C
100
AcDbDictionary
280
     1
281
     1
  3
ACAD_XREC_ROUNDTRIP
360
3A1
  0
DICTIONARY
  5
3A2
330
2D
100
AcDbDictionary
280
     1
281
     1
  3
ACAD_XREC_ROUNDTRIP
360
3A3
  0
DICTIONARY
  5
3AA
330
31
100
AcDbDictionary
280
     1
281
     1
  3
ACAD_XREC_ROUNDTRIP
360
3AB
  0
DICTIONARY
  5
3C6
330
3F
100
AcDbDictionary
280
     1
281
     1
  3
ACAD_XREC_ROUNDTRIP
360
3C7
  0
DICTIONARY
  5
3B6
330
37
100
AcDbDictionary
280
     1
281
     1
  3
ACAD_XREC_ROUNDTRIP
360
3B7
  0
DICTIONARY
  5
3C8
330
40
100
AcDbDictionary
280
     1
281
     1
  3
ACAD_XREC_ROUNDTRIP
360
3C9
  0
DICTIONARY
  5
3AE
330
33
100
AcDbDictionary
280
     1
281
     1
  3
ACAD_XREC_ROUNDTRIP
360
3AF
  0
DICTIONARY
  5
3C4
330
3E
100
AcDbDictionary
280
     1
281
     1
  3
ACAD_XREC_ROUNDTRIP
360
3C5
  0
DICTIONARY
  5
3C2
330
3D
100
AcDbDictionary
280
     1
281
     1
  3
ACAD_XREC_ROUNDTRIP
360
3C3
  0
DICTIONARY
  5
3BC
330
3A
100
AcDbDictionary
280
     1
281
     1
  3
ACAD_XREC_ROUNDTRIP
360
3BD
  0
DICTIONARY
  5
3BE
330
3B
100
AcDbDictionary
280
     1
281
     1
  3
ACAD_XREC_ROUNDTRIP
360
3BF
  0
DICTIONARY
  5
3B4
330
36
100
AcDbDictionary
280
     1
281
     1
  3
ACAD_XREC_ROUNDTRIP
360
3B5
  0
DICTIONARY
  5
3A8
330
30
100
AcDbDictionary
280
     1
281
     1
  3
ACAD_XREC_ROUNDTRIP
360
3A9
  0
DICTIONARY
  5
3C0
330
3C
100
AcDbDictionary
280
     1
281
     1
  3
ACAD_XREC_ROUNDTRIP
360
3C1
  0
XRECORD
  5
394
102
{ACAD_REACTORS
330
39A
102
}
330
39A
100
AcDbXrecord
280
     1
  1
AcDb_Thumbnail_Schema
102
{ATTRRECORD
341
395
  2
AcDbDs::TreatedAsObjectData
280
     1
291
     1
102
ATTRRECORD}
102
{ATTRRECORD
341
396
  2
AcDbDs::Legacy
280
     1
291
     1
102
ATTRRECORD}
  2
AcDbDs::ID
280
    10
 91
        8
102
{ATTRRECORD
341
397
  2
AcDs:Indexable
280
     1
291
     1
102
ATTRRECORD}
102
{ATTRRECORD
341
398
  2
AcDbDs::HandleAttribute
280
     7
282
     1
102
ATTRRECORD}
  2
Thumbnail_Data
280
    15
 91
        0
  0
XRECORD
  5
395
102
{ACAD_REACTORS
330
39A
102
}
330
39A
100
AcDbXrecord
280
     1
  1
AcDbDs::TreatedAsObjectDataSchema
  2
AcDbDs::TreatedAsObjectData
280
     1
 91
        0
  0
XRECORD
  5
396
102
{ACAD_REACTORS
330
39A
102
}
330
39A
100
AcDbXrecord
280
     1
  1
AcDbDs::LegacySchema
  2
AcDbDs::Legacy
280
     1
 91
        0
  0
XRECORD
  5
397
102
{ACAD_REACTORS
330
39A
102
}
330
39A
100
AcDbXrecord
280
     1
  1
AcDbDs::IndexedPropertySchema
  2
AcDs:Indexable
280
     1
 91
        0
  0
XRECORD
  5
398
102
{ACAD_REACTORS
330
39A
102
}
330
39A
100
AcDbXrecord
280
     1
  1
AcDbDs::HandleAttributeSchema
  2
AcDbDs::HandleAttribute
280
     7
 91
        1
284
     1
  0
XRECORD
  5
3CF
102
{ACAD_REACTORS
330
3CE
102
}
330
3CE
100
AcDbXrecord
280
     1
102
DISPLAYNAME
  1
Imperial24
102
FLAGS
 90
        0
  0
XRECORD
  5
3D3
102
{ACAD_REACTORS
330
3D2
102
}
330
3D2
100
AcDbXrecord
280
     1
102
DISPLAYNAME
  1
Metric50
102
FLAGS
 90
        0
  0
XRECORD
  5
1C
102
{ACAD_REACTORS
330
1A
102
}
330
1A
100
AcDbXrecord
280
     1
270
     1
271
     1
  0
XRECORD
  5
1B
102
{ACAD_REACTORS
330
1A
102
}
330
1A
100
AcDbXrecord
280
     1
270
     1
271
     1
  0
XRECORD
  5
1F
102
{ACAD_REACTORS
330
1A
102
}
330
1A
100
AcDbXrecord
280
     1
270
     1
271
     1
  0
XRECORD
  5
1E
102
{ACAD_REACTORS
330
1A
102
}
330
1A
100
AcDbXrecord
280
     1
270
     1
271
     1
  0
XRECORD
  5
20
102
{ACAD_REACTORS
330
1A
102
}
330
1A
100
AcDbXrecord
280
     1
270
     1
271
     1
  0
XRECORD
  5
1D
102
{ACAD_REACTORS
330
1A
102
}
330
1A
100
AcDbXrecord
280
     1
270
     1
271
     1
  0
XRECORD
  5
14
102
{ACAD_REACTORS
330
12
102
}
330
12
100
AcDbXrecord
280
     1
270
     1
271
     1
  0
XRECORD
  5
13
102
{ACAD_REACTORS
330
12
102
}
330
12
100
AcDbXrecord
280
     1
270
     1
271
     1
  0
XRECORD
  5
17
102
{ACAD_REACTORS
330
12
102
}
330
12
100
AcDbXrecord
280
     1
270
     1
271
     1
  0
XRECORD
  5
16
102
{ACAD_REACTORS
330
12
102
}
330
12
100
AcDbXrecord
280
     1
270
     1
271
     1
  0
XRECORD
  5
18
102
{ACAD_REACTORS
330
12
102
}
330
12
100
AcDbXrecord
280
     1
270
     1
271
     1
  0
XRECORD
  5
15
102
{ACAD_REACTORS
330
12
102
}
330
12
100
AcDbXrecord
280
     1
270
     1
271
     1
  0
XRECORD
  5
24
102
{ACAD_REACTORS
330
22
102
}
330
22
100
AcDbXrecord
280
     1
270
     1
271
     1
  0
XRECORD
  5
23
102
{ACAD_REACTORS
330
22
102
}
330
22
100
AcDbXrecord
280
     1
270
     1
271
     1
  0
XRECORD
  5
27
102
{ACAD_REACTORS
330
22
102
}
330
22
100
AcDbXrecord
280
     1
270
     1
271
     1
  0
XRECORD
  5
26
102
{ACAD_REACTORS
330
22
102
}
330
22
100
AcDbXrecord
280
     1
270
     1
271
     1
  0
XRECORD
  5
28
102
{ACAD_REACTORS
330
22
102
}
330
22
100
AcDbXrecord
280
     1
270
     1
271
     1
  0
XRECORD
  5
25
102
{ACAD_REACTORS
330
22
102
}
330
22
100
AcDbXrecord
280
     1
270
     1
271
     1
  0
XRECORD
  5
3CD
102
{ACAD_REACTORS
330
3CC
102
}
330
3CC
100
AcDbXrecord
280
     1
102
DISPLAYNAME
  1
Imperial24
102
FLAGS
 90
        0
  0
XRECORD
  5
3D1
102
{ACAD_REACTORS
330
3D0
102
}
330
3D0
100
AcDbXrecord
280
     1
102
DISPLAYNAME
  1
Metric50
102
FLAGS
 90
        0
  0
CELLSTYLEMAP
  5
392
102
{ACAD_REACTORS
330
391
102
}
330
391
100
AcDbCellStyleMap
 90
        3
300
CELLSTYLE
  1
TABLEFORMAT_BEGIN
 90
        5
170
     1
 91
        0
 92
    32768
 62
   257
 93
        1
300
CONTENTFORMAT
  1
CONTENTFORMAT_BEGIN
 90
        0
 91
        0
 92
      512
 93
        0
300

 40
0.0
140
1.0
 94
        5
 62
     0
340
55
144
0.25
309
CONTENTFORMAT_END
171
     0
 94
        0
309
TABLEFORMAT_END
  1
CELLSTYLE_BEGIN
 90
        1
 91
        1
300
_TITLE
309
CELLSTYLE_END
300
CELLSTYLE
  1
TABLEFORMAT_BEGIN
 90
        5
170
     1
 91
        0
 92
        0
 62
   257
 93
        1
300
CONTENTFORMAT
  1
CONTENTFORMAT_BEGIN
 90
        0
 91
        0
 92
      512
 93
        0
300

 40
0.0
140
1.0
 94
        5
 62
     0
340
55
144
0.18
309
CONTENTFORMAT_END
171
     0
 94
        0
309
TABLEFORMAT_END
  1
CELLSTYLE_BEGIN
 90
        2
 91
        1
300
_HEADER
309
CELLSTYLE_END
300
CELLSTYLE
  1
TABLEFORMAT_BEGIN
 90
        5
170
     1
 91
        0
 92
        0
 62
   257
 93
        1
300
CONTENTFORMAT
  1
CONTENTFORMAT_BEGIN
 90
        0
 91
        0
 92
      512
 93
        0
300

 40
0.0
140
1.0
 94
        2
 62
     0
340
55
144
0.18
309
CONTENTFORMAT_END
171
     0
 94
        0
309
TABLEFORMAT_END
  1
CELLSTYLE_BEGIN
 90
        3
 91
        2
300
_DATA
309
CELLSTYLE_END
  0
XRECORD
  5
3A7
102
{ACAD_REACTORS
330
3A6
102
}
330
3A6
100
AcDbXrecord
280
     1
102
RTVSPost2010Prop28
280
     1
102
RTVSPost2010PropOp28
 70
     1
102
RTVSPost2010Prop29
280
     1
102
RTVSPost2010PropOp29
 70
     1
102
RTVSPost2010Prop30
280
     0
102
RTVSPost2010PropOp30
 70
     1
102
RTVSPost2010Prop31
280
     0
102
RTVSPost2010PropOp31
 70
     1
102
RTVSPost2010Prop32
280
     0
102
RTVSPost2010PropOp32
 70
     1
102
RTVSPost2010Prop33
280
     0
102
RTVSPost2010PropOp33
 70
     1
102
RTVSPost2010Prop34
280
     0
102
RTVSPost2010PropOp34
 70
     1
102
RTVSPost2010Prop35
280
     0
102
RTVSPost2010PropOp35
 70
     1
102
RTVSPost2010Prop36
280
     0
102
RTVSPost2010PropOp36
 70
     1
102
RTVSPost2010Prop37
 90
       50
102
RTVSPost2010PropOp37
 70
     1
102
RTVSPost2010Prop38
140
0.0
102
RTVSPost2010PropOp38
 70
     1
102
RTVSPost2010Prop39
140
1.0
102
RTVSPost2010PropOp39
 70
     1
102
RTVSPost2010Prop40
 90
        0
102
RTVSPost2010PropOp40
 70
     1
102
RTVSPost2010Prop41ColorIndex
 90
       18
102
RTVSPost2010Prop41ColorRGB
 90
        0
102
RTVSPost2010PropOp41
 70
     1
102
RTVSPost2010Prop42
 90
       50
102
RTVSPost2010PropOp42
 70
     1
102
RTVSPost2010Prop43
 90
        3
102
RTVSPost2010PropOp43
 70
     1
102
RTVSPost2010Prop44ColorIndex
 90
        5
102
RTVSPost2010Prop44ColorRGB
 90
      255
102
RTVSPost2010PropOp44
 70
     1
102
RTVSPost2010Prop45
280
     0
102
RTVSPost2010PropOp45
 70
     1
102
RTVSPost2010Prop46
 90
       50
102
RTVSPost2010PropOp46
 70
     1
102
RTVSPost2010Prop47
 90
       50
102
RTVSPost2010PropOp47
 70
     1
102
RTVSPost2010Prop48
 90
       50
102
RTVSPost2010PropOp48
 70
     1
102
RTVSPost2010Prop49
280
     0
102
RTVSPost2010PropOp49
 70
     1
102
RTVSPost2010Prop50
 90
       50
102
RTVSPost2010PropOp50
 70
     1
102
RTVSPost2010Prop51ColorIndex
 90
      256
102
RTVSPost2010Prop51ColorRGB
 90
-16777216
102
RTVSPost2010PropOp51
 70
     0
102
RTVSPost2010Prop52
140
1.0
102
RTVSPost2010PropOp52
 70
     0
102
RTVSPost2010Prop53
 90
        2
102
RTVSPost2010PropOp53
 70
     1
102
RTVSPost2010Prop54
  1
strokes_ogs.tif
102
RTVSPost2010PropOp54
 70
     1
102
RTVSPost2010Prop55
280
     0
102
RTVSPost2010PropOp55
 70
     1
102
RTVSPost2010Prop56
140
1.0
102
RTVSPost2010PropOp56
 70
     1
102
RTVSPost2010Prop57
140
1.0
102
RTVSPost2010PropOp57
 70
     1
  0
XRECORD
  5
3A5
102
{ACAD_REACTORS
330
3A4
102
}
330
3A4
100
AcDbXrecord
280
     1
102
RTVSPost2010Prop28
280
     0
102
RTVSPost2010PropOp28
 70
     1
102
RTVSPost2010Prop29
280
     1
102
RTVSPost2010PropOp29
 70
     1
102
RTVSPost2010Prop30
280
     1
102
RTVSPost2010PropOp30
 70
     1
102
RTVSPost2010Prop31
280
     0
102
RTVSPost2010PropOp31
 70
     1
102
RTVSPost2010Prop32
280
     0
102
RTVSPost2010PropOp32
 70
     1
102
RTVSPost2010Prop33
280
     0
102
RTVSPost2010PropOp33
 70
     1
102
RTVSPost2010Prop34
280
     0
102
RTVSPost2010PropOp34
 70
     1
102
RTVSPost2010Prop35
280
     0
102
RTVSPost2010PropOp35
 70
     1
102
RTVSPost2010Prop36
280
     0
102
RTVSPost2010PropOp36
 70
     1
102
RTVSPost2010Prop37
 90
       50
102
RTVSPost2010PropOp37
 70
     1
102
RTVSPost2010Prop38
140
0.0
102
RTVSPost2010PropOp38
 70
     1
102
RTVSPost2010Prop39
140
1.0
102
RTVSPost2010PropOp39
 70
     1
102
RTVSPost2010Prop40
 90
        0
102
RTVSPost2010PropOp40
 70
     1
102
RTVSPost2010Prop41ColorIndex
 90
       18
102
RTVSPost2010Prop41ColorRGB
 90
        0
102
RTVSPost2010PropOp41
 70
     1
102
RTVSPost2010Prop42
 90
       50
102
RTVSPost2010PropOp42
 70
     1
102
RTVSPost2010Prop43
 90
        3
102
RTVSPost2010PropOp43
 70
     1
102
RTVSPost2010Prop44ColorIndex
 90
        5
102
RTVSPost2010Prop44ColorRGB
 90
      255
102
RTVSPost2010PropOp44
 70
     1
102
RTVSPost2010Prop45
280
     0
102
RTVSPost2010PropOp45
 70
     1
102
RTVSPost2010Prop46
 90
       50
102
RTVSPost2010PropOp46
 70
     1
102
RTVSPost2010Prop47
 90
       50
102
RTVSPost2010PropOp47
 70
     1
102
RTVSPost2010Prop48
 90
       50
102
RTVSPost2010PropOp48
 70
     1
102
RTVSPost2010Prop49
280
     0
102
RTVSPost2010PropOp49
 70
     1
102
RTVSPost2010Prop50
 90
       50
102
RTVSPost2010PropOp50
 70
     1
102
RTVSPost2010Prop51ColorIndex
 90
      256
102
RTVSPost2010Prop51ColorRGB
 90
-16777216
102
RTVSPost2010PropOp51
 70
     0
102
RTVSPost2010Prop52
140
1.0
102
RTVSPost2010PropOp52
 70
     0
102
RTVSPost2010Prop53
 90
        2
102
RTVSPost2010PropOp53
 70
     1
102
RTVSPost2010Prop54
  1
strokes_ogs.tif
102
RTVSPost2010PropOp54
 70
     1
102
RTVSPost2010Prop55
280
     0
102
RTVSPost2010PropOp55
 70
     1
102
RTVSPost2010Prop56
140
1.0
102
RTVSPost2010PropOp56
 70
     1
102
RTVSPost2010Prop57
140
1.0
102
RTVSPost2010PropOp57
 70
     1
  0
XRECORD
  5
3B3
102
{ACAD_REACTORS
330
3B2
102
}
330
3B2
100
AcDbXrecord
280
     1
102
RTVSPost2010Prop28
280
     0
102
RTVSPost2010PropOp28
 70
     1
102
RTVSPost2010Prop29
280
     1
102
RTVSPost2010PropOp29
 70
     1
102
RTVSPost2010Prop30
280
     1
102
RTVSPost2010PropOp30
 70
     1
102
RTVSPost2010Prop31
280
     0
102
RTVSPost2010PropOp31
 70
     1
102
RTVSPost2010Prop32
280
     0
102
RTVSPost2010PropOp32
 70
     1
102
RTVSPost2010Prop33
280
     0
102
RTVSPost2010PropOp33
 70
     1
102
RTVSPost2010Prop34
280
     0
102
RTVSPost2010PropOp34
 70
     1
102
RTVSPost2010Prop35
280
     0
102
RTVSPost2010PropOp35
 70
     1
102
RTVSPost2010Prop36
280
     0
102
RTVSPost2010PropOp36
 70
     1
102
RTVSPost2010Prop37
 90
       50
102
RTVSPost2010PropOp37
 70
     1
102
RTVSPost2010Prop38
140
0.0
102
RTVSPost2010PropOp38
 70
     1
102
RTVSPost2010Prop39
140
1.0
102
RTVSPost2010PropOp39
 70
     1
102
RTVSPost2010Prop40
 90
        0
102
RTVSPost2010PropOp40
 70
     1
102
RTVSPost2010Prop41ColorIndex
 90
       18
102
RTVSPost2010Prop41ColorRGB
 90
        0
102
RTVSPost2010PropOp41
 70
     1
102
RTVSPost2010Prop42
 90
       50
102
RTVSPost2010PropOp42
 70
     1
102
RTVSPost2010Prop43
 90
        3
102
RTVSPost2010PropOp43
 70
     1
102
RTVSPost2010Prop44ColorIndex
 90
        5
102
RTVSPost2010Prop44ColorRGB
 90
      255
102
RTVSPost2010PropOp44
 70
     1
102
RTVSPost2010Prop45
280
     0
102
RTVSPost2010PropOp45
 70
     1
102
RTVSPost2010Prop46
 90
       50
102
RTVSPost2010PropOp46
 70
     1
102
RTVSPost2010Prop47
 90
       50
102
RTVSPost2010PropOp47
 70
     1
102
RTVSPost2010Prop48
 90
       50
102
RTVSPost2010PropOp48
 70
     1
102
RTVSPost2010Prop49
280
     0
102
RTVSPost2010PropOp49
 70
     1
102
RTVSPost2010Prop50
 90
       50
102
RTVSPost2010PropOp50
 70
     1
102
RTVSPost2010Prop51ColorIndex
 90
      256
102
RTVSPost2010Prop51ColorRGB
 90
-16777216
102
RTVSPost2010PropOp51
 70
     0
102
RTVSPost2010Prop52
140
1.0
102
RTVSPost2010PropOp52
 70
     0
102
RTVSPost2010Prop53
 90
        2
102
RTVSPost2010PropOp53
 70
     1
102
RTVSPost2010Prop54
  1
strokes_ogs.tif
102
RTVSPost2010PropOp54
 70
     1
102
RTVSPost2010Prop55
280
     0
102
RTVSPost2010PropOp55
 70
     1
102
RTVSPost2010Prop56
140
1.0
102
RTVSPost2010PropOp56
 70
     1
102
RTVSPost2010Prop57
140
1.0
102
RTVSPost2010PropOp57
 70
     1
  0
XRECORD
  5
3BB
102
{ACAD_REACTORS
330
3BA
102
}
330
3BA
100
AcDbXrecord
280
     1
102
RTVSPost2010Prop28
280
     0
102
RTVSPost2010PropOp28
 70
     1
102
RTVSPost2010Prop29
280
     1
102
RTVSPost2010PropOp29
 70
     1
102
RTVSPost2010Prop30
280
     1
102
RTVSPost2010PropOp30
 70
     1
102
RTVSPost2010Prop31
280
     0
102
RTVSPost2010PropOp31
 70
     1
102
RTVSPost2010Prop32
280
     0
102
RTVSPost2010PropOp32
 70
     1
102
RTVSPost2010Prop33
280
     0
102
RTVSPost2010PropOp33
 70
     1
102
RTVSPost2010Prop34
280
     0
102
RTVSPost2010PropOp34
 70
     1
102
RTVSPost2010Prop35
280
     0
102
RTVSPost2010PropOp35
 70
     1
102
RTVSPost2010Prop36
280
     0
102
RTVSPost2010PropOp36
 70
     1
102
RTVSPost2010Prop37
 90
       50
102
RTVSPost2010PropOp37
 70
     1
102
RTVSPost2010Prop38
140
0.0
102
RTVSPost2010PropOp38
 70
     1
102
RTVSPost2010Prop39
140
1.0
102
RTVSPost2010PropOp39
 70
     1
102
RTVSPost2010Prop40
 90
        0
102
RTVSPost2010PropOp40
 70
     1
102
RTVSPost2010Prop41ColorIndex
 90
       18
102
RTVSPost2010Prop41ColorRGB
 90
        0
102
RTVSPost2010PropOp41
 70
     1
102
RTVSPost2010Prop42
 90
       50
102
RTVSPost2010PropOp42
 70
     1
102
RTVSPost2010Prop43
 90
        3
102
RTVSPost2010PropOp43
 70
     1
102
RTVSPost2010Prop44ColorIndex
 90
        5
102
RTVSPost2010Prop44ColorRGB
 90
      255
102
RTVSPost2010PropOp44
 70
     1
102
RTVSPost2010Prop45
280
     0
102
RTVSPost2010PropOp45
 70
     1
102
RTVSPost2010Prop46
 90
       50
102
RTVSPost2010PropOp46
 70
     1
102
RTVSPost2010Prop47
 90
       50
102
RTVSPost2010PropOp47
 70
     1
102
RTVSPost2010Prop48
 90
       50
102
RTVSPost2010PropOp48
 70
     1
102
RTVSPost2010Prop49
280
     0
102
RTVSPost2010PropOp49
 70
     1
102
RTVSPost2010Prop50
 90
       50
102
RTVSPost2010PropOp50
 70
     1
102
RTVSPost2010Prop51ColorIndex
 90
      256
102
RTVSPost2010Prop51ColorRGB
 90
-16777216
102
RTVSPost2010PropOp51
 70
     0
102
RTVSPost2010Prop52
140
1.0
102
RTVSPost2010PropOp52
 70
     0
102
RTVSPost2010Prop53
 90
        2
102
RTVSPost2010PropOp53
 70
     1
102
RTVSPost2010Prop54
  1
strokes_ogs.tif
102
RTVSPost2010PropOp54
 70
     1
102
RTVSPost2010Prop55
280
     0
102
RTVSPost2010PropOp55
 70
     1
102
RTVSPost2010Prop56
140
1.0
102
RTVSPost2010PropOp56
 70
     1
102
RTVSPost2010Prop57
140
1.0
102
RTVSPost2010PropOp57
 70
     1
  0
XRECORD
  5
3AD
102
{ACAD_REACTORS
330
3AC
102
}
330
3AC
100
AcDbXrecord
280
     1
102
RTVSPost2010Prop28
280
     0
102
RTVSPost2010PropOp28
 70
     1
102
RTVSPost2010Prop29
280
     1
102
RTVSPost2010PropOp29
 70
     1
102
RTVSPost2010Prop30
280
     1
102
RTVSPost2010PropOp30
 70
     1
102
RTVSPost2010Prop31
280
     0
102
RTVSPost2010PropOp31
 70
     1
102
RTVSPost2010Prop32
280
     0
102
RTVSPost2010PropOp32
 70
     1
102
RTVSPost2010Prop33
280
     0
102
RTVSPost2010PropOp33
 70
     1
102
RTVSPost2010Prop34
280
     0
102
RTVSPost2010PropOp34
 70
     1
102
RTVSPost2010Prop35
280
     0
102
RTVSPost2010PropOp35
 70
     1
102
RTVSPost2010Prop36
280
     0
102
RTVSPost2010PropOp36
 70
     1
102
RTVSPost2010Prop37
 90
       50
102
RTVSPost2010PropOp37
 70
     1
102
RTVSPost2010Prop38
140
0.0
102
RTVSPost2010PropOp38
 70
     1
102
RTVSPost2010Prop39
140
1.0
102
RTVSPost2010PropOp39
 70
     1
102
RTVSPost2010Prop40
 90
        0
102
RTVSPost2010PropOp40
 70
     1
102
RTVSPost2010Prop41ColorIndex
 90
       18
102
RTVSPost2010Prop41ColorRGB
 90
        0
102
RTVSPost2010PropOp41
 70
     1
102
RTVSPost2010Prop42
 90
       50
102
RTVSPost2010PropOp42
 70
     1
102
RTVSPost2010Prop43
 90
        3
102
RTVSPost2010PropOp43
 70
     1
102
RTVSPost2010Prop44ColorIndex
 90
        5
102
RTVSPost2010Prop44ColorRGB
 90
      255
102
RTVSPost2010PropOp44
 70
     1
102
RTVSPost2010Prop45
280
     0
102
RTVSPost2010PropOp45
 70
     1
102
RTVSPost2010Prop46
 90
       50
102
RTVSPost2010PropOp46
 70
     1
102
RTVSPost2010Prop47
 90
       50
102
RTVSPost2010PropOp47
 70
     1
102
RTVSPost2010Prop48
 90
       50
102
RTVSPost2010PropOp48
 70
     1
102
RTVSPost2010Prop49
280
     0
102
RTVSPost2010PropOp49
 70
     1
102
RTVSPost2010Prop50
 90
       50
102
RTVSPost2010PropOp50
 70
     1
102
RTVSPost2010Prop51ColorIndex
 90
      256
102
RTVSPost2010Prop51ColorRGB
 90
-16777216
102
RTVSPost2010PropOp51
 70
     0
102
RTVSPost2010Prop52
140
1.0
102
RTVSPost2010PropOp52
 70
     0
102
RTVSPost2010Prop53
 90
        2
102
RTVSPost2010PropOp53
 70
     1
102
RTVSPost2010Prop54
  1
strokes_ogs.tif
102
RTVSPost2010PropOp54
 70
     1
102
RTVSPost2010Prop55
280
     0
102
RTVSPost2010PropOp55
 70
     1
102
RTVSPost2010Prop56
140
1.0
102
RTVSPost2010PropOp56
 70
     1
102
RTVSPost2010Prop57
140
1.0
102
RTVSPost2010PropOp57
 70
     1
  0
XRECORD
  5
3B1
102
{ACAD_REACTORS
330
3B0
102
}
330
3B0
100
AcDbXrecord
280
     1
102
RTVSPost2010Prop28
280
     0
102
RTVSPost2010PropOp28
 70
     1
102
RTVSPost2010Prop29
280
     1
102
RTVSPost2010PropOp29
 70
     1
102
RTVSPost2010Prop30
280
     1
102
RTVSPost2010PropOp30
 70
     1
102
RTVSPost2010Prop31
280
     0
102
RTVSPost2010PropOp31
 70
     1
102
RTVSPost2010Prop32
280
     0
102
RTVSPost2010PropOp32
 70
     1
102
RTVSPost2010Prop33
280
     0
102
RTVSPost2010PropOp33
 70
     1
102
RTVSPost2010Prop34
280
     0
102
RTVSPost2010PropOp34
 70
     1
102
RTVSPost2010Prop35
280
     0
102
RTVSPost2010PropOp35
 70
     1
102
RTVSPost2010Prop36
280
     0
102
RTVSPost2010PropOp36
 70
     1
102
RTVSPost2010Prop37
 90
       50
102
RTVSPost2010PropOp37
 70
     1
102
RTVSPost2010Prop38
140
0.0
102
RTVSPost2010PropOp38
 70
     1
102
RTVSPost2010Prop39
140
1.0
102
RTVSPost2010PropOp39
 70
     1
102
RTVSPost2010Prop40
 90
        0
102
RTVSPost2010PropOp40
 70
     1
102
RTVSPost2010Prop41ColorIndex
 90
       18
102
RTVSPost2010Prop41ColorRGB
 90
        0
102
RTVSPost2010PropOp41
 70
     1
102
RTVSPost2010Prop42
 90
       50
102
RTVSPost2010PropOp42
 70
     1
102
RTVSPost2010Prop43
 90
        3
102
RTVSPost2010PropOp43
 70
     1
102
RTVSPost2010Prop44ColorIndex
 90
        5
102
RTVSPost2010Prop44ColorRGB
 90
      255
102
RTVSPost2010PropOp44
 70
     1
102
RTVSPost2010Prop45
280
     0
102
RTVSPost2010PropOp45
 70
     1
102
RTVSPost2010Prop46
 90
       50
102
RTVSPost2010PropOp46
 70
     1
102
RTVSPost2010Prop47
 90
       50
102
RTVSPost2010PropOp47
 70
     1
102
RTVSPost2010Prop48
 90
       50
102
RTVSPost2010PropOp48
 70
     1
102
RTVSPost2010Prop49
280
     0
102
RTVSPost2010PropOp49
 70
     1
102
RTVSPost2010Prop50
 90
       50
102
RTVSPost2010PropOp50
 70
     1
102
RTVSPost2010Prop51ColorIndex
 90
      256
102
RTVSPost2010Prop51ColorRGB
 90
-16777216
102
RTVSPost2010PropOp51
 70
     0
102
RTVSPost2010Prop52
140
1.0
102
RTVSPost2010PropOp52
 70
     0
102
RTVSPost2010Prop53
 90
        2
102
RTVSPost2010PropOp53
 70
     1
102
RTVSPost2010Prop54
  1
strokes_ogs.tif
102
RTVSPost2010PropOp54
 70
     1
102
RTVSPost2010Prop55
280
     0
102
RTVSPost2010PropOp55
 70
     1
102
RTVSPost2010Prop56
140
1.0
102
RTVSPost2010PropOp56
 70
     1
102
RTVSPost2010Prop57
140
1.0
102
RTVSPost2010PropOp57
 70
     1
  0
XRECORD
  5
3CB
102
{ACAD_REACTORS
330
3CA
102
}
330
3CA
100
AcDbXrecord
280
     1
102
RTVSPost2010Prop28
280
     0
102
RTVSPost2010PropOp28
 70
     1
102
RTVSPost2010Prop29
280
     1
102
RTVSPost2010PropOp29
 70
     1
102
RTVSPost2010Prop30
280
     1
102
RTVSPost2010PropOp30
 70
     1
102
RTVSPost2010Prop31
280
     0
102
RTVSPost2010PropOp31
 70
     1
102
RTVSPost2010Prop32
280
     0
102
RTVSPost2010PropOp32
 70
     1
102
RTVSPost2010Prop33
280
     0
102
RTVSPost2010PropOp33
 70
     1
102
RTVSPost2010Prop34
280
     0
102
RTVSPost2010PropOp34
 70
     1
102
RTVSPost2010Prop35
280
     0
102
RTVSPost2010PropOp35
 70
     1
102
RTVSPost2010Prop36
280
     0
102
RTVSPost2010PropOp36
 70
     1
102
RTVSPost2010Prop37
 90
       50
102
RTVSPost2010PropOp37
 70
     0
102
RTVSPost2010Prop38
140
0.0
102
RTVSPost2010PropOp38
 70
     0
102
RTVSPost2010Prop39
140
1.0
102
RTVSPost2010PropOp39
 70
     0
102
RTVSPost2010Prop40
 90
        0
102
RTVSPost2010PropOp40
 70
     0
102
RTVSPost2010Prop41ColorIndex
 90
       18
102
RTVSPost2010Prop41ColorRGB
 90
        0
102
RTVSPost2010PropOp41
 70
     0
102
RTVSPost2010Prop42
 90
       50
102
RTVSPost2010PropOp42
 70
     0
102
RTVSPost2010Prop43
 90
        3
102
RTVSPost2010PropOp43
 70
     0
102
RTVSPost2010Prop44ColorIndex
 90
        5
102
RTVSPost2010Prop44ColorRGB
 90
      255
102
RTVSPost2010PropOp44
 70
     0
102
RTVSPost2010Prop45
280
     0
102
RTVSPost2010PropOp45
 70
     1
102
RTVSPost2010Prop46
 90
       50
102
RTVSPost2010PropOp46
 70
     0
102
RTVSPost2010Prop47
 90
       50
102
RTVSPost2010PropOp47
 70
     0
102
RTVSPost2010Prop48
 90
       50
102
RTVSPost2010PropOp48
 70
     0
102
RTVSPost2010Prop49
280
     0
102
RTVSPost2010PropOp49
 70
     1
102
RTVSPost2010Prop50
 90
       50
102
RTVSPost2010PropOp50
 70
     0
102
RTVSPost2010Prop51ColorIndex
 90
      256
102
RTVSPost2010Prop51ColorRGB
 90
-16777216
102
RTVSPost2010PropOp51
 70
     0
102
RTVSPost2010Prop52
140
1.0
102
RTVSPost2010PropOp52
 70
     0
102
RTVSPost2010Prop53
 90
        2
102
RTVSPost2010PropOp53
 70
     0
102
RTVSPost2010Prop54
  1
strokes_ogs.tif
102
RTVSPost2010PropOp54
 70
     0
102
RTVSPost2010Prop55
280
     0
102
RTVSPost2010PropOp55
 70
     1
102
RTVSPost2010Prop56
140
1.0
102
RTVSPost2010PropOp56
 70
     0
102
RTVSPost2010Prop57
140
1.0
102
RTVSPost2010PropOp57
 70
     0
  0
XRECORD
  5
3B9
102
{ACAD_REACTORS
330
3B8
102
}
330
3B8
100
AcDbXrecord
280
     1
102
RTVSPost2010Prop28
280
     0
102
RTVSPost2010PropOp28
 70
     1
102
RTVSPost2010Prop29
280
     1
102
RTVSPost2010PropOp29
 70
     1
102
RTVSPost2010Prop30
280
     1
102
RTVSPost2010PropOp30
 70
     1
102
RTVSPost2010Prop31
280
     0
102
RTVSPost2010PropOp31
 70
     1
102
RTVSPost2010Prop32
280
     0
102
RTVSPost2010PropOp32
 70
     1
102
RTVSPost2010Prop33
280
     0
102
RTVSPost2010PropOp33
 70
     1
102
RTVSPost2010Prop34
280
     0
102
RTVSPost2010PropOp34
 70
     1
102
RTVSPost2010Prop35
280
     0
102
RTVSPost2010PropOp35
 70
     1
102
RTVSPost2010Prop36
280
     0
102
RTVSPost2010PropOp36
 70
     1
102
RTVSPost2010Prop37
 90
       50
102
RTVSPost2010PropOp37
 70
     1
102
RTVSPost2010Prop38
140
0.0
102
RTVSPost2010PropOp38
 70
     1
102
RTVSPost2010Prop39
140
1.0
102
RTVSPost2010PropOp39
 70
     1
102
RTVSPost2010Prop40
 90
        0
102
RTVSPost2010PropOp40
 70
     1
102
RTVSPost2010Prop41ColorIndex
 90
       18
102
RTVSPost2010Prop41ColorRGB
 90
        0
102
RTVSPost2010PropOp41
 70
     1
102
RTVSPost2010Prop42
 90
       50
102
RTVSPost2010PropOp42
 70
     1
102
RTVSPost2010Prop43
 90
        3
102
RTVSPost2010PropOp43
 70
     1
102
RTVSPost2010Prop44ColorIndex
 90
        5
102
RTVSPost2010Prop44ColorRGB
 90
      255
102
RTVSPost2010PropOp44
 70
     1
102
RTVSPost2010Prop45
280
     0
102
RTVSPost2010PropOp45
 70
     1
102
RTVSPost2010Prop46
 90
       50
102
RTVSPost2010PropOp46
 70
     1
102
RTVSPost2010Prop47
 90
       50
102
RTVSPost2010PropOp47
 70
     1
102
RTVSPost2010Prop48
 90
       50
102
RTVSPost2010PropOp48
 70
     1
102
RTVSPost2010Prop49
280
     0
102
RTVSPost2010PropOp49
 70
     1
102
RTVSPost2010Prop50
 90
       50
102
RTVSPost2010PropOp50
 70
     1
102
RTVSPost2010Prop51ColorIndex
 90
      256
102
RTVSPost2010Prop51ColorRGB
 90
-16777216
102
RTVSPost2010PropOp51
 70
     0
102
RTVSPost2010Prop52
140
1.0
102
RTVSPost2010PropOp52
 70
     0
102
RTVSPost2010Prop53
 90
        2
102
RTVSPost2010PropOp53
 70
     1
102
RTVSPost2010Prop54
  1
strokes_ogs.tif
102
RTVSPost2010PropOp54
 70
     1
102
RTVSPost2010Prop55
280
     0
102
RTVSPost2010PropOp55
 70
     1
102
RTVSPost2010Prop56
140
1.0
102
RTVSPost2010PropOp56
 70
     1
102
RTVSPost2010Prop57
140
1.0
102
RTVSPost2010PropOp57
 70
     1
  0
XRECORD
  5
39D
102
{ACAD_REACTORS
330
39C
102
}
330
39C
100
AcDbXrecord
280
     1
102
RTVSPost2010Prop28
280
     0
102
RTVSPost2010PropOp28
 70
     1
102
RTVSPost2010Prop29
280
     1
102
RTVSPost2010PropOp29
 70
     1
102
RTVSPost2010Prop30
280
     1
102
RTVSPost2010PropOp30
 70
     1
102
RTVSPost2010Prop31
280
     0
102
RTVSPost2010PropOp31
 70
     1
102
RTVSPost2010Prop32
280
     0
102
RTVSPost2010PropOp32
 70
     1
102
RTVSPost2010Prop33
280
     0
102
RTVSPost2010PropOp33
 70
     1
102
RTVSPost2010Prop34
280
     0
102
RTVSPost2010PropOp34
 70
     1
102
RTVSPost2010Prop35
280
     0
102
RTVSPost2010PropOp35
 70
     1
102
RTVSPost2010Prop36
280
     0
102
RTVSPost2010PropOp36
 70
     1
102
RTVSPost2010Prop37
 90
       50
102
RTVSPost2010PropOp37
 70
     1
102
RTVSPost2010Prop38
140
0.0
102
RTVSPost2010PropOp38
 70
     1
102
RTVSPost2010Prop39
140
1.0
102
RTVSPost2010PropOp39
 70
     1
102
RTVSPost2010Prop40
 90
        0
102
RTVSPost2010PropOp40
 70
     1
102
RTVSPost2010Prop41ColorIndex
 90
       18
102
RTVSPost2010Prop41ColorRGB
 90
        0
102
RTVSPost2010PropOp41
 70
     1
102
RTVSPost2010Prop42
 90
       50
102
RTVSPost2010PropOp42
 70
     1
102
RTVSPost2010Prop43
 90
        3
102
RTVSPost2010PropOp43
 70
     1
102
RTVSPost2010Prop44ColorIndex
 90
        5
102
RTVSPost2010Prop44ColorRGB
 90
      255
102
RTVSPost2010PropOp44
 70
     1
102
RTVSPost2010Prop45
280
     0
102
RTVSPost2010PropOp45
 70
     1
102
RTVSPost2010Prop46
 90
       50
102
RTVSPost2010PropOp46
 70
     1
102
RTVSPost2010Prop47
 90
       50
102
RTVSPost2010PropOp47
 70
     1
102
RTVSPost2010Prop48
 90
       50
102
RTVSPost2010PropOp48
 70
     1
102
RTVSPost2010Prop49
280
     0
102
RTVSPost2010PropOp49
 70
     1
102
RTVSPost2010Prop50
 90
       50
102
RTVSPost2010PropOp50
 70
     1
102
RTVSPost2010Prop51ColorIndex
 90
      256
102
RTVSPost2010Prop51ColorRGB
 90
-16777216
102
RTVSPost2010PropOp51
 70
     0
102
RTVSPost2010Prop52
140
1.0
102
RTVSPost2010PropOp52
 70
     0
102
RTVSPost2010Prop53
 90
        2
102
RTVSPost2010PropOp53
 70
     1
102
RTVSPost2010Prop54
  1
strokes_ogs.tif
102
RTVSPost2010PropOp54
 70
     1
102
RTVSPost2010Prop55
280
     0
102
RTVSPost2010PropOp55
 70
     1
102
RTVSPost2010Prop56
140
1.0
102
RTVSPost2010PropOp56
 70
     1
102
RTVSPost2010Prop57
140
1.0
102
RTVSPost2010PropOp57
 70
     1
  0
XRECORD
  5
39F
102
{ACAD_REACTORS
330
39E
102
}
330
39E
100
AcDbXrecord
280
     1
102
RTVSPost2010Prop28
280
     0
102
RTVSPost2010PropOp28
 70
     1
102
RTVSPost2010Prop29
280
     1
102
RTVSPost2010PropOp29
 70
     1
102
RTVSPost2010Prop30
280
     1
102
RTVSPost2010PropOp30
 70
     1
102
RTVSPost2010Prop31
280
     0
102
RTVSPost2010PropOp31
 70
     1
102
RTVSPost2010Prop32
280
     0
102
RTVSPost2010PropOp32
 70
     1
102
RTVSPost2010Prop33
280
     0
102
RTVSPost2010PropOp33
 70
     1
102
RTVSPost2010Prop34
280
     0
102
RTVSPost2010PropOp34
 70
     1
102
RTVSPost2010Prop35
280
     0
102
RTVSPost2010PropOp35
 70
     1
102
RTVSPost2010Prop36
280
     0
102
RTVSPost2010PropOp36
 70
     1
102
RTVSPost2010Prop37
 90
       50
102
RTVSPost2010PropOp37
 70
     1
102
RTVSPost2010Prop38
140
0.0
102
RTVSPost2010PropOp38
 70
     1
102
RTVSPost2010Prop39
140
1.0
102
RTVSPost2010PropOp39
 70
     1
102
RTVSPost2010Prop40
 90
        0
102
RTVSPost2010PropOp40
 70
     1
102
RTVSPost2010Prop41ColorIndex
 90
       18
102
RTVSPost2010Prop41ColorRGB
 90
        0
102
RTVSPost2010PropOp41
 70
     1
102
RTVSPost2010Prop42
 90
       50
102
RTVSPost2010PropOp42
 70
     1
102
RTVSPost2010Prop43
 90
        3
102
RTVSPost2010PropOp43
 70
     1
102
RTVSPost2010Prop44ColorIndex
 90
        5
102
RTVSPost2010Prop44ColorRGB
 90
      255
102
RTVSPost2010PropOp44
 70
     1
102
RTVSPost2010Prop45
280
     0
102
RTVSPost2010PropOp45
 70
     1
102
RTVSPost2010Prop46
 90
       50
102
RTVSPost2010PropOp46
 70
     1
102
RTVSPost2010Prop47
 90
       50
102
RTVSPost2010PropOp47
 70
     1
102
RTVSPost2010Prop48
 90
       50
102
RTVSPost2010PropOp48
 70
     1
102
RTVSPost2010Prop49
280
     0
102
RTVSPost2010PropOp49
 70
     1
102
RTVSPost2010Prop50
 90
       50
102
RTVSPost2010PropOp50
 70
     1
102
RTVSPost2010Prop51ColorIndex
 90
      256
102
RTVSPost2010Prop51ColorRGB
 90
-16777216
102
RTVSPost2010PropOp51
 70
     0
102
RTVSPost2010Prop52
140
1.0
102
RTVSPost2010PropOp52
 70
     0
102
RTVSPost2010Prop53
 90
        2
102
RTVSPost2010PropOp53
 70
     1
102
RTVSPost2010Prop54
  1
strokes_ogs.tif
102
RTVSPost2010PropOp54
 70
     1
102
RTVSPost2010Prop55
280
     0
102
RTVSPost2010PropOp55
 70
     1
102
RTVSPost2010Prop56
140
1.0
102
RTVSPost2010PropOp56
 70
     1
102
RTVSPost2010Prop57
140
1.0
102
RTVSPost2010PropOp57
 70
     1
  0
XRECORD
  5
3A1
102
{ACAD_REACTORS
330
3A0
102
}
330
3A0
100
AcDbXrecord
280
     1
102
RTVSPost2010Prop28
280
     0
102
RTVSPost2010PropOp28
 70
     1
102
RTVSPost2010Prop29
280
     1
102
RTVSPost2010PropOp29
 70
     1
102
RTVSPost2010Prop30
280
     1
102
RTVSPost2010PropOp30
 70
     1
102
RTVSPost2010Prop31
280
     0
102
RTVSPost2010PropOp31
 70
     1
102
RTVSPost2010Prop32
280
     0
102
RTVSPost2010PropOp32
 70
     1
102
RTVSPost2010Prop33
280
     0
102
RTVSPost2010PropOp33
 70
     1
102
RTVSPost2010Prop34
280
     0
102
RTVSPost2010PropOp34
 70
     1
102
RTVSPost2010Prop35
280
     0
102
RTVSPost2010PropOp35
 70
     1
102
RTVSPost2010Prop36
280
     0
102
RTVSPost2010PropOp36
 70
     1
102
RTVSPost2010Prop37
 90
       50
102
RTVSPost2010PropOp37
 70
     1
102
RTVSPost2010Prop38
140
0.0
102
RTVSPost2010PropOp38
 70
     1
102
RTVSPost2010Prop39
140
1.0
102
RTVSPost2010PropOp39
 70
     1
102
RTVSPost2010Prop40
 90
        0
102
RTVSPost2010PropOp40
 70
     1
102
RTVSPost2010Prop41ColorIndex
 90
       18
102
RTVSPost2010Prop41ColorRGB
 90
        0
102
RTVSPost2010PropOp41
 70
     1
102
RTVSPost2010Prop42
 90
       50
102
RTVSPost2010PropOp42
 70
     1
102
RTVSPost2010Prop43
 90
        3
102
RTVSPost2010PropOp43
 70
     1
102
RTVSPost2010Prop44ColorIndex
 90
        5
102
RTVSPost2010Prop44ColorRGB
 90
      255
102
RTVSPost2010PropOp44
 70
     1
102
RTVSPost2010Prop45
280
     0
102
RTVSPost2010PropOp45
 70
     1
102
RTVSPost2010Prop46
 90
       50
102
RTVSPost2010PropOp46
 70
     1
102
RTVSPost2010Prop47
 90
       50
102
RTVSPost2010PropOp47
 70
     1
102
RTVSPost2010Prop48
 90
       50
102
RTVSPost2010PropOp48
 70
     1
102
RTVSPost2010Prop49
280
     0
102
RTVSPost2010PropOp49
 70
     1
102
RTVSPost2010Prop50
 90
       50
102
RTVSPost2010PropOp50
 70
     1
102
RTVSPost2010Prop51ColorIndex
 90
      256
102
RTVSPost2010Prop51ColorRGB
 90
-16777216
102
RTVSPost2010PropOp51
 70
     0
102
RTVSPost2010Prop52
140
1.0
102
RTVSPost2010PropOp52
 70
     0
102
RTVSPost2010Prop53
 90
        2
102
RTVSPost2010PropOp53
 70
     1
102
RTVSPost2010Prop54
  1
strokes_ogs.tif
102
RTVSPost2010PropOp54
 70
     1
102
RTVSPost2010Prop55
280
     0
102
RTVSPost2010PropOp55
 70
     1
102
RTVSPost2010Prop56
140
1.0
102
RTVSPost2010PropOp56
 70
     1
102
RTVSPost2010Prop57
140
1.0
102
RTVSPost2010PropOp57
 70
     1
  0
XRECORD
  5
3A3
102
{ACAD_REACTORS
330
3A2
102
}
330
3A2
100
AcDbXrecord
280
     1
102
RTVSPost2010Prop28
280
     0
102
RTVSPost2010PropOp28
 70
     1
102
RTVSPost2010Prop29
280
     1
102
RTVSPost2010PropOp29
 70
     1
102
RTVSPost2010Prop30
280
     1
102
RTVSPost2010PropOp30
 70
     1
102
RTVSPost2010Prop31
280
     0
102
RTVSPost2010PropOp31
 70
     1
102
RTVSPost2010Prop32
280
     0
102
RTVSPost2010PropOp32
 70
     1
102
RTVSPost2010Prop33
280
     0
102
RTVSPost2010PropOp33
 70
     1
102
RTVSPost2010Prop34
280
     0
102
RTVSPost2010PropOp34
 70
     1
102
RTVSPost2010Prop35
280
     0
102
RTVSPost2010PropOp35
 70
     1
102
RTVSPost2010Prop36
280
     0
102
RTVSPost2010PropOp36
 70
     1
102
RTVSPost2010Prop37
 90
       50
102
RTVSPost2010PropOp37
 70
     1
102
RTVSPost2010Prop38
140
0.0
102
RTVSPost2010PropOp38
 70
     1
102
RTVSPost2010Prop39
140
1.0
102
RTVSPost2010PropOp39
 70
     1
102
RTVSPost2010Prop40
 90
        0
102
RTVSPost2010PropOp40
 70
     1
102
RTVSPost2010Prop41ColorIndex
 90
       18
102
RTVSPost2010Prop41ColorRGB
 90
        0
102
RTVSPost2010PropOp41
 70
     1
102
RTVSPost2010Prop42
 90
       50
102
RTVSPost2010PropOp42
 70
     1
102
RTVSPost2010Prop43
 90
        3
102
RTVSPost2010PropOp43
 70
     1
102
RTVSPost2010Prop44ColorIndex
 90
        5
102
RTVSPost2010Prop44ColorRGB
 90
      255
102
RTVSPost2010PropOp44
 70
     1
102
RTVSPost2010Prop45
280
     0
102
RTVSPost2010PropOp45
 70
     1
102
RTVSPost2010Prop46
 90
       50
102
RTVSPost2010PropOp46
 70
     1
102
RTVSPost2010Prop47
 90
       50
102
RTVSPost2010PropOp47
 70
     1
102
RTVSPost2010Prop48
 90
       50
102
RTVSPost2010PropOp48
 70
     1
102
RTVSPost2010Prop49
280
     0
102
RTVSPost2010PropOp49
 70
     1
102
RTVSPost2010Prop50
 90
       50
102
RTVSPost2010PropOp50
 70
     1
102
RTVSPost2010Prop51ColorIndex
 90
      256
102
RTVSPost2010Prop51ColorRGB
 90
-16777216
102
RTVSPost2010PropOp51
 70
     0
102
RTVSPost2010Prop52
140
1.0
102
RTVSPost2010PropOp52
 70
     0
102
RTVSPost2010Prop53
 90
        2
102
RTVSPost2010PropOp53
 70
     1
102
RTVSPost2010Prop54
  1
strokes_ogs.tif
102
RTVSPost2010PropOp54
 70
     1
102
RTVSPost2010Prop55
280
     0
102
RTVSPost2010PropOp55
 70
     1
102
RTVSPost2010Prop56
140
1.0
102
RTVSPost2010PropOp56
 70
     1
102
RTVSPost2010Prop57
140
1.0
102
RTVSPost2010PropOp57
 70
     1
  0
XRECORD
  5
3AB
102
{ACAD_REACTORS
330
3AA
102
}
330
3AA
100
AcDbXrecord
280
     1
102
RTVSPost2010Prop28
280
     0
102
RTVSPost2010PropOp28
 70
     1
102
RTVSPost2010Prop29
280
     1
102
RTVSPost2010PropOp29
 70
     1
102
RTVSPost2010Prop30
280
     1
102
RTVSPost2010PropOp30
 70
     1
102
RTVSPost2010Prop31
280
     0
102
RTVSPost2010PropOp31
 70
     1
102
RTVSPost2010Prop32
280
     0
102
RTVSPost2010PropOp32
 70
     1
102
RTVSPost2010Prop33
280
     0
102
RTVSPost2010PropOp33
 70
     1
102
RTVSPost2010Prop34
280
     0
102
RTVSPost2010PropOp34
 70
     1
102
RTVSPost2010Prop35
280
     0
102
RTVSPost2010PropOp35
 70
     1
102
RTVSPost2010Prop36
280
     0
102
RTVSPost2010PropOp36
 70
     1
102
RTVSPost2010Prop37
 90
       50
102
RTVSPost2010PropOp37
 70
     1
102
RTVSPost2010Prop38
140
0.0
102
RTVSPost2010PropOp38
 70
     1
102
RTVSPost2010Prop39
140
1.0
102
RTVSPost2010PropOp39
 70
     1
102
RTVSPost2010Prop40
 90
        0
102
RTVSPost2010PropOp40
 70
     1
102
RTVSPost2010Prop41ColorIndex
 90
       18
102
RTVSPost2010Prop41ColorRGB
 90
        0
102
RTVSPost2010PropOp41
 70
     1
102
RTVSPost2010Prop42
 90
       50
102
RTVSPost2010PropOp42
 70
     1
102
RTVSPost2010Prop43
 90
        3
102
RTVSPost2010PropOp43
 70
     1
102
RTVSPost2010Prop44ColorIndex
 90
        5
102
RTVSPost2010Prop44ColorRGB
 90
      255
102
RTVSPost2010PropOp44
 70
     1
102
RTVSPost2010Prop45
280
     0
102
RTVSPost2010PropOp45
 70
     1
102
RTVSPost2010Prop46
 90
       50
102
RTVSPost2010PropOp46
 70
     1
102
RTVSPost2010Prop47
 90
       50
102
RTVSPost2010PropOp47
 70
     1
102
RTVSPost2010Prop48
 90
       50
102
RTVSPost2010PropOp48
 70
     1
102
RTVSPost2010Prop49
280
     0
102
RTVSPost2010PropOp49
 70
     1
102
RTVSPost2010Prop50
 90
       50
102
RTVSPost2010PropOp50
 70
     1
102
RTVSPost2010Prop51ColorIndex
 90
      256
102
RTVSPost2010Prop51ColorRGB
 90
-16777216
102
RTVSPost2010PropOp51
 70
     0
102
RTVSPost2010Prop52
140
1.0
102
RTVSPost2010PropOp52
 70
     0
102
RTVSPost2010Prop53
 90
        2
102
RTVSPost2010PropOp53
 70
     1
102
RTVSPost2010Prop54
  1
strokes_ogs.tif
102
RTVSPost2010PropOp54
 70
     1
102
RTVSPost2010Prop55
280
     0
102
RTVSPost2010PropOp55
 70
     1
102
RTVSPost2010Prop56
140
1.0
102
RTVSPost2010PropOp56
 70
     1
102
RTVSPost2010Prop57
140
1.0
102
RTVSPost2010PropOp57
 70
     1
  0
XRECORD
  5
3C7
102
{ACAD_REACTORS
330
3C6
102
}
330
3C6
100
AcDbXrecord
280
     1
102
RTVSPost2010Prop28
280
     0
102
RTVSPost2010PropOp28
 70
     1
102
RTVSPost2010Prop29
280
     1
102
RTVSPost2010PropOp29
 70
     1
102
RTVSPost2010Prop30
280
     1
102
RTVSPost2010PropOp30
 70
     1
102
RTVSPost2010Prop31
280
     0
102
RTVSPost2010PropOp31
 70
     1
102
RTVSPost2010Prop32
280
     0
102
RTVSPost2010PropOp32
 70
     1
102
RTVSPost2010Prop33
280
     0
102
RTVSPost2010PropOp33
 70
     1
102
RTVSPost2010Prop34
280
     0
102
RTVSPost2010PropOp34
 70
     1
102
RTVSPost2010Prop35
280
     0
102
RTVSPost2010PropOp35
 70
     1
102
RTVSPost2010Prop36
280
     0
102
RTVSPost2010PropOp36
 70
     1
102
RTVSPost2010Prop37
 90
       50
102
RTVSPost2010PropOp37
 70
     0
102
RTVSPost2010Prop38
140
0.0
102
RTVSPost2010PropOp38
 70
     0
102
RTVSPost2010Prop39
140
1.0
102
RTVSPost2010PropOp39
 70
     0
102
RTVSPost2010Prop40
 90
        0
102
RTVSPost2010PropOp40
 70
     0
102
RTVSPost2010Prop41ColorIndex
 90
       18
102
RTVSPost2010Prop41ColorRGB
 90
        0
102
RTVSPost2010PropOp41
 70
     0
102
RTVSPost2010Prop42
 90
       50
102
RTVSPost2010PropOp42
 70
     0
102
RTVSPost2010Prop43
 90
        3
102
RTVSPost2010PropOp43
 70
     0
102
RTVSPost2010Prop44ColorIndex
 90
        5
102
RTVSPost2010Prop44ColorRGB
 90
      255
102
RTVSPost2010PropOp44
 70
     0
102
RTVSPost2010Prop45
280
     0
102
RTVSPost2010PropOp45
 70
     1
102
RTVSPost2010Prop46
 90
       50
102
RTVSPost2010PropOp46
 70
     0
102
RTVSPost2010Prop47
 90
       50
102
RTVSPost2010PropOp47
 70
     0
102
RTVSPost2010Prop48
 90
       50
102
RTVSPost2010PropOp48
 70
     0
102
RTVSPost2010Prop49
280
     0
102
RTVSPost2010PropOp49
 70
     1
102
RTVSPost2010Prop50
 90
       50
102
RTVSPost2010PropOp50
 70
     0
102
RTVSPost2010Prop51ColorIndex
 90
      256
102
RTVSPost2010Prop51ColorRGB
 90
-16777216
102
RTVSPost2010PropOp51
 70
     0
102
RTVSPost2010Prop52
140
1.0
102
RTVSPost2010PropOp52
 70
     0
102
RTVSPost2010Prop53
 90
        2
102
RTVSPost2010PropOp53
 70
     0
102
RTVSPost2010Prop54
  1
strokes_ogs.tif
102
RTVSPost2010PropOp54
 70
     0
102
RTVSPost2010Prop55
280
     0
102
RTVSPost2010PropOp55
 70
     1
102
RTVSPost2010Prop56
140
1.0
102
RTVSPost2010PropOp56
 70
     0
102
RTVSPost2010Prop57
140
1.0
102
RTVSPost2010PropOp57
 70
     0
  0
XRECORD
  5
3B7
102
{ACAD_REACTORS
330
3B6
102
}
330
3B6
100
AcDbXrecord
280
     1
102
RTVSPost2010Prop28
280
     0
102
RTVSPost2010PropOp28
 70
     1
102
RTVSPost2010Prop29
280
     1
102
RTVSPost2010PropOp29
 70
     1
102
RTVSPost2010Prop30
280
     1
102
RTVSPost2010PropOp30
 70
     1
102
RTVSPost2010Prop31
280
     0
102
RTVSPost2010PropOp31
 70
     1
102
RTVSPost2010Prop32
280
     0
102
RTVSPost2010PropOp32
 70
     1
102
RTVSPost2010Prop33
280
     0
102
RTVSPost2010PropOp33
 70
     1
102
RTVSPost2010Prop34
280
     0
102
RTVSPost2010PropOp34
 70
     1
102
RTVSPost2010Prop35
280
     0
102
RTVSPost2010PropOp35
 70
     1
102
RTVSPost2010Prop36
280
     0
102
RTVSPost2010PropOp36
 70
     1
102
RTVSPost2010Prop37
 90
       50
102
RTVSPost2010PropOp37
 70
     1
102
RTVSPost2010Prop38
140
0.0
102
RTVSPost2010PropOp38
 70
     1
102
RTVSPost2010Prop39
140
1.0
102
RTVSPost2010PropOp39
 70
     1
102
RTVSPost2010Prop40
 90
        0
102
RTVSPost2010PropOp40
 70
     1
102
RTVSPost2010Prop41ColorIndex
 90
       18
102
RTVSPost2010Prop41ColorRGB
 90
        0
102
RTVSPost2010PropOp41
 70
     1
102
RTVSPost2010Prop42
 90
       50
102
RTVSPost2010PropOp42
 70
     1
102
RTVSPost2010Prop43
 90
        3
102
RTVSPost2010PropOp43
 70
     1
102
RTVSPost2010Prop44ColorIndex
 90
        5
102
RTVSPost2010Prop44ColorRGB
 90
      255
102
RTVSPost2010PropOp44
 70
     1
102
RTVSPost2010Prop45
280
     0
102
RTVSPost2010PropOp45
 70
     1
102
RTVSPost2010Prop46
 90
       50
102
RTVSPost2010PropOp46
 70
     1
102
RTVSPost2010Prop47
 90
       50
102
RTVSPost2010PropOp47
 70
     1
102
RTVSPost2010Prop48
 90
       50
102
RTVSPost2010PropOp48
 70
     1
102
RTVSPost2010Prop49
280
     0
102
RTVSPost2010PropOp49
 70
     1
102
RTVSPost2010Prop50
 90
       50
102
RTVSPost2010PropOp50
 70
     1
102
RTVSPost2010Prop51ColorIndex
 90
      256
102
RTVSPost2010Prop51ColorRGB
 90
-16777216
102
RTVSPost2010PropOp51
 70
     0
102
RTVSPost2010Prop52
140
1.0
102
RTVSPost2010PropOp52
 70
     0
102
RTVSPost2010Prop53
 90
        2
102
RTVSPost2010PropOp53
 70
     1
102
RTVSPost2010Prop54
  1
strokes_ogs.tif
102
RTVSPost2010PropOp54
 70
     1
102
RTVSPost2010Prop55
280
     0
102
RTVSPost2010PropOp55
 70
     1
102
RTVSPost2010Prop56
140
1.0
102
RTVSPost2010PropOp56
 70
     1
102
RTVSPost2010Prop57
140
1.0
102
RTVSPost2010PropOp57
 70
     1
  0
XRECORD
  5
3C9
102
{ACAD_REACTORS
330
3C8
102
}
330
3C8
100
AcDbXrecord
280
     1
102
RTVSPost2010Prop28
280
     0
102
RTVSPost2010PropOp28
 70
     1
102
RTVSPost2010Prop29
280
     1
102
RTVSPost2010PropOp29
 70
     1
102
RTVSPost2010Prop30
280
     1
102
RTVSPost2010PropOp30
 70
     1
102
RTVSPost2010Prop31
280
     0
102
RTVSPost2010PropOp31
 70
     1
102
RTVSPost2010Prop32
280
     0
102
RTVSPost2010PropOp32
 70
     1
102
RTVSPost2010Prop33
280
     0
102
RTVSPost2010PropOp33
 70
     1
102
RTVSPost2010Prop34
280
     0
102
RTVSPost2010PropOp34
 70
     1
102
RTVSPost2010Prop35
280
     0
102
RTVSPost2010PropOp35
 70
     1
102
RTVSPost2010Prop36
280
     0
102
RTVSPost2010PropOp36
 70
     1
102
RTVSPost2010Prop37
 90
       50
102
RTVSPost2010PropOp37
 70
     0
102
RTVSPost2010Prop38
140
0.0
102
RTVSPost2010PropOp38
 70
     0
102
RTVSPost2010Prop39
140
1.0
102
RTVSPost2010PropOp39
 70
     0
102
RTVSPost2010Prop40
 90
        0
102
RTVSPost2010PropOp40
 70
     0
102
RTVSPost2010Prop41ColorIndex
 90
       18
102
RTVSPost2010Prop41ColorRGB
 90
        0
102
RTVSPost2010PropOp41
 70
     0
102
RTVSPost2010Prop42
 90
       50
102
RTVSPost2010PropOp42
 70
     0
102
RTVSPost2010Prop43
 90
        3
102
RTVSPost2010PropOp43
 70
     0
102
RTVSPost2010Prop44ColorIndex
 90
        5
102
RTVSPost2010Prop44ColorRGB
 90
      255
102
RTVSPost2010PropOp44
 70
     0
102
RTVSPost2010Prop45
280
     0
102
RTVSPost2010PropOp45
 70
     1
102
RTVSPost2010Prop46
 90
       50
102
RTVSPost2010PropOp46
 70
     0
102
RTVSPost2010Prop47
 90
       50
102
RTVSPost2010PropOp47
 70
     0
102
RTVSPost2010Prop48
 90
       50
102
RTVSPost2010PropOp48
 70
     0
102
RTVSPost2010Prop49
280
     0
102
RTVSPost2010PropOp49
 70
     1
102
RTVSPost2010Prop50
 90
       50
102
RTVSPost2010PropOp50
 70
     0
102
RTVSPost2010Prop51ColorIndex
 90
      256
102
RTVSPost2010Prop51ColorRGB
 90
-16777216
102
RTVSPost2010PropOp51
 70
     0
102
RTVSPost2010Prop52
140
1.0
102
RTVSPost2010PropOp52
 70
     0
102
RTVSPost2010Prop53
 90
        2
102
RTVSPost2010PropOp53
 70
     0
102
RTVSPost2010Prop54
  1
strokes_ogs.tif
102
RTVSPost2010PropOp54
 70
     0
102
RTVSPost2010Prop55
280
     0
102
RTVSPost2010PropOp55
 70
     1
102
RTVSPost2010Prop56
140
1.0
102
RTVSPost2010PropOp56
 70
     0
102
RTVSPost2010Prop57
140
1.0
102
RTVSPost2010PropOp57
 70
     0
  0
XRECORD
  5
3AF
102
{ACAD_REACTORS
330
3AE
102
}
330
3AE
100
AcDbXrecord
280
     1
102
RTVSPost2010Prop28
280
     0
102
RTVSPost2010PropOp28
 70
     1
102
RTVSPost2010Prop29
280
     1
102
RTVSPost2010PropOp29
 70
     1
102
RTVSPost2010Prop30
280
     1
102
RTVSPost2010PropOp30
 70
     1
102
RTVSPost2010Prop31
280
     0
102
RTVSPost2010PropOp31
 70
     1
102
RTVSPost2010Prop32
280
     0
102
RTVSPost2010PropOp32
 70
     1
102
RTVSPost2010Prop33
280
     0
102
RTVSPost2010PropOp33
 70
     1
102
RTVSPost2010Prop34
280
     0
102
RTVSPost2010PropOp34
 70
     1
102
RTVSPost2010Prop35
280
     0
102
RTVSPost2010PropOp35
 70
     1
102
RTVSPost2010Prop36
280
     0
102
RTVSPost2010PropOp36
 70
     1
102
RTVSPost2010Prop37
 90
       50
102
RTVSPost2010PropOp37
 70
     1
102
RTVSPost2010Prop38
140
0.0
102
RTVSPost2010PropOp38
 70
     1
102
RTVSPost2010Prop39
140
1.0
102
RTVSPost2010PropOp39
 70
     1
102
RTVSPost2010Prop40
 90
        0
102
RTVSPost2010PropOp40
 70
     1
102
RTVSPost2010Prop41ColorIndex
 90
       18
102
RTVSPost2010Prop41ColorRGB
 90
        0
102
RTVSPost2010PropOp41
 70
     1
102
RTVSPost2010Prop42
 90
       50
102
RTVSPost2010PropOp42
 70
     1
102
RTVSPost2010Prop43
 90
        3
102
RTVSPost2010PropOp43
 70
     1
102
RTVSPost2010Prop44ColorIndex
 90
        5
102
RTVSPost2010Prop44ColorRGB
 90
      255
102
RTVSPost2010PropOp44
 70
     1
102
RTVSPost2010Prop45
280
     0
102
RTVSPost2010PropOp45
 70
     1
102
RTVSPost2010Prop46
 90
       50
102
RTVSPost2010PropOp46
 70
     1
102
RTVSPost2010Prop47
 90
       50
102
RTVSPost2010PropOp47
 70
     1
102
RTVSPost2010Prop48
 90
       50
102
RTVSPost2010PropOp48
 70
     1
102
RTVSPost2010Prop49
280
     0
102
RTVSPost2010PropOp49
 70
     1
102
RTVSPost2010Prop50
 90
       50
102
RTVSPost2010PropOp50
 70
     1
102
RTVSPost2010Prop51ColorIndex
 90
      256
102
RTVSPost2010Prop51ColorRGB
 90
-16777216
102
RTVSPost2010PropOp51
 70
     0
102
RTVSPost2010Prop52
140
1.0
102
RTVSPost2010PropOp52
 70
     0
102
RTVSPost2010Prop53
 90
        2
102
RTVSPost2010PropOp53
 70
     1
102
RTVSPost2010Prop54
  1
strokes_ogs.tif
102
RTVSPost2010PropOp54
 70
     1
102
RTVSPost2010Prop55
280
     0
102
RTVSPost2010PropOp55
 70
     1
102
RTVSPost2010Prop56
140
1.0
102
RTVSPost2010PropOp56
 70
     1
102
RTVSPost2010Prop57
140
1.0
102
RTVSPost2010PropOp57
 70
     1
  0
XRECORD
  5
3C5
102
{ACAD_REACTORS
330
3C4
102
}
330
3C4
100
AcDbXrecord
280
     1
102
RTVSPost2010Prop28
280
     0
102
RTVSPost2010PropOp28
 70
     1
102
RTVSPost2010Prop29
280
     1
102
RTVSPost2010PropOp29
 70
     1
102
RTVSPost2010Prop30
280
     1
102
RTVSPost2010PropOp30
 70
     1
102
RTVSPost2010Prop31
280
     0
102
RTVSPost2010PropOp31
 70
     1
102
RTVSPost2010Prop32
280
     0
102
RTVSPost2010PropOp32
 70
     1
102
RTVSPost2010Prop33
280
     0
102
RTVSPost2010PropOp33
 70
     1
102
RTVSPost2010Prop34
280
     0
102
RTVSPost2010PropOp34
 70
     1
102
RTVSPost2010Prop35
280
     0
102
RTVSPost2010PropOp35
 70
     1
102
RTVSPost2010Prop36
280
     0
102
RTVSPost2010PropOp36
 70
     1
102
RTVSPost2010Prop37
 90
       50
102
RTVSPost2010PropOp37
 70
     1
102
RTVSPost2010Prop38
140
0.0
102
RTVSPost2010PropOp38
 70
     1
102
RTVSPost2010Prop39
140
1.0
102
RTVSPost2010PropOp39
 70
     1
102
RTVSPost2010Prop40
 90
        0
102
RTVSPost2010PropOp40
 70
     1
102
RTVSPost2010Prop41ColorIndex
 90
       18
102
RTVSPost2010Prop41ColorRGB
 90
        0
102
RTVSPost2010PropOp41
 70
     1
102
RTVSPost2010Prop42
 90
       50
102
RTVSPost2010PropOp42
 70
     1
102
RTVSPost2010Prop43
 90
        3
102
RTVSPost2010PropOp43
 70
     1
102
RTVSPost2010Prop44ColorIndex
 90
        5
102
RTVSPost2010Prop44ColorRGB
 90
      255
102
RTVSPost2010PropOp44
 70
     1
102
RTVSPost2010Prop45
280
     0
102
RTVSPost2010PropOp45
 70
     1
102
RTVSPost2010Prop46
 90
       50
102
RTVSPost2010PropOp46
 70
     1
102
RTVSPost2010Prop47
 90
       50
102
RTVSPost2010PropOp47
 70
     1
102
RTVSPost2010Prop48
 90
       50
102
RTVSPost2010PropOp48
 70
     1
102
RTVSPost2010Prop49
280
     0
102
RTVSPost2010PropOp49
 70
     1
102
RTVSPost2010Prop50
 90
       50
102
RTVSPost2010PropOp50
 70
     1
102
RTVSPost2010Prop51ColorIndex
 90
      256
102
RTVSPost2010Prop51ColorRGB
 90
-16777216
102
RTVSPost2010PropOp51
 70
     0
102
RTVSPost2010Prop52
140
1.0
102
RTVSPost2010PropOp52
 70
     0
102
RTVSPost2010Prop53
 90
        2
102
RTVSPost2010PropOp53
 70
     1
102
RTVSPost2010Prop54
  1
strokes_ogs.tif
102
RTVSPost2010PropOp54
 70
     1
102
RTVSPost2010Prop55
280
     0
102
RTVSPost2010PropOp55
 70
     1
102
RTVSPost2010Prop56
140
1.0
102
RTVSPost2010PropOp56
 70
     1
102
RTVSPost2010Prop57
140
1.0
102
RTVSPost2010PropOp57
 70
     1
  0
XRECORD
  5
3C3
102
{ACAD_REACTORS
330
3C2
102
}
330
3C2
100
AcDbXrecord
280
     1
102
RTVSPost2010Prop28
280
     0
102
RTVSPost2010PropOp28
 70
     1
102
RTVSPost2010Prop29
280
     1
102
RTVSPost2010PropOp29
 70
     1
102
RTVSPost2010Prop30
280
     1
102
RTVSPost2010PropOp30
 70
     1
102
RTVSPost2010Prop31
280
     0
102
RTVSPost2010PropOp31
 70
     1
102
RTVSPost2010Prop32
280
     0
102
RTVSPost2010PropOp32
 70
     1
102
RTVSPost2010Prop33
280
     0
102
RTVSPost2010PropOp33
 70
     1
102
RTVSPost2010Prop34
280
     0
102
RTVSPost2010PropOp34
 70
     1
102
RTVSPost2010Prop35
280
     0
102
RTVSPost2010PropOp35
 70
     1
102
RTVSPost2010Prop36
280
     0
102
RTVSPost2010PropOp36
 70
     1
102
RTVSPost2010Prop37
 90
       50
102
RTVSPost2010PropOp37
 70
     1
102
RTVSPost2010Prop38
140
0.0
102
RTVSPost2010PropOp38
 70
     1
102
RTVSPost2010Prop39
140
1.0
102
RTVSPost2010PropOp39
 70
     1
102
RTVSPost2010Prop40
 90
        0
102
RTVSPost2010PropOp40
 70
     1
102
RTVSPost2010Prop41ColorIndex
 90
       18
102
RTVSPost2010Prop41ColorRGB
 90
        0
102
RTVSPost2010PropOp41
 70
     1
102
RTVSPost2010Prop42
 90
       50
102
RTVSPost2010PropOp42
 70
     1
102
RTVSPost2010Prop43
 90
        3
102
RTVSPost2010PropOp43
 70
     1
102
RTVSPost2010Prop44ColorIndex
 90
        5
102
RTVSPost2010Prop44ColorRGB
 90
      255
102
RTVSPost2010PropOp44
 70
     1
102
RTVSPost2010Prop45
280
     0
102
RTVSPost2010PropOp45
 70
     1
102
RTVSPost2010Prop46
 90
       50
102
RTVSPost2010PropOp46
 70
     1
102
RTVSPost2010Prop47
 90
       50
102
RTVSPost2010PropOp47
 70
     1
102
RTVSPost2010Prop48
 90
       50
102
RTVSPost2010PropOp48
 70
     1
102
RTVSPost2010Prop49
280
     0
102
RTVSPost2010PropOp49
 70
     1
102
RTVSPost2010Prop50
 90
       50
102
RTVSPost2010PropOp50
 70
     1
102
RTVSPost2010Prop51ColorIndex
 90
      256
102
RTVSPost2010Prop51ColorRGB
 90
-16777216
102
RTVSPost2010PropOp51
 70
     0
102
RTVSPost2010Prop52
140
1.0
102
RTVSPost2010PropOp52
 70
     0
102
RTVSPost2010Prop53
 90
        2
102
RTVSPost2010PropOp53
 70
     1
102
RTVSPost2010Prop54
  1
strokes_ogs.tif
102
RTVSPost2010PropOp54
 70
     1
102
RTVSPost2010Prop55
280
     0
102
RTVSPost2010PropOp55
 70
     1
102
RTVSPost2010Prop56
140
1.0
102
RTVSPost2010PropOp56
 70
     1
102
RTVSPost2010Prop57
140
1.0
102
RTVSPost2010PropOp57
 70
     1
  0
XRECORD
  5
3BD
102
{ACAD_REACTORS
330
3BC
102
}
330
3BC
100
AcDbXrecord
280
     1
102
RTVSPost2010Prop28
280
     0
102
RTVSPost2010PropOp28
 70
     1
102
RTVSPost2010Prop29
280
     1
102
RTVSPost2010PropOp29
 70
     1
102
RTVSPost2010Prop30
280
     1
102
RTVSPost2010PropOp30
 70
     1
102
RTVSPost2010Prop31
280
     0
102
RTVSPost2010PropOp31
 70
     1
102
RTVSPost2010Prop32
280
     0
102
RTVSPost2010PropOp32
 70
     1
102
RTVSPost2010Prop33
280
     0
102
RTVSPost2010PropOp33
 70
     1
102
RTVSPost2010Prop34
280
     0
102
RTVSPost2010PropOp34
 70
     1
102
RTVSPost2010Prop35
280
     0
102
RTVSPost2010PropOp35
 70
     1
102
RTVSPost2010Prop36
280
     0
102
RTVSPost2010PropOp36
 70
     1
102
RTVSPost2010Prop37
 90
       50
102
RTVSPost2010PropOp37
 70
     1
102
RTVSPost2010Prop38
140
0.0
102
RTVSPost2010PropOp38
 70
     1
102
RTVSPost2010Prop39
140
1.0
102
RTVSPost2010PropOp39
 70
     1
102
RTVSPost2010Prop40
 90
        0
102
RTVSPost2010PropOp40
 70
     1
102
RTVSPost2010Prop41ColorIndex
 90
       18
102
RTVSPost2010Prop41ColorRGB
 90
        0
102
RTVSPost2010PropOp41
 70
     1
102
RTVSPost2010Prop42
 90
       50
102
RTVSPost2010PropOp42
 70
     1
102
RTVSPost2010Prop43
 90
        3
102
RTVSPost2010PropOp43
 70
     1
102
RTVSPost2010Prop44ColorIndex
 90
        5
102
RTVSPost2010Prop44ColorRGB
 90
      255
102
RTVSPost2010PropOp44
 70
     1
102
RTVSPost2010Prop45
280
     0
102
RTVSPost2010PropOp45
 70
     1
102
RTVSPost2010Prop46
 90
       50
102
RTVSPost2010PropOp46
 70
     1
102
RTVSPost2010Prop47
 90
       50
102
RTVSPost2010PropOp47
 70
     1
102
RTVSPost2010Prop48
 90
       50
102
RTVSPost2010PropOp48
 70
     1
102
RTVSPost2010Prop49
280
     0
102
RTVSPost2010PropOp49
 70
     1
102
RTVSPost2010Prop50
 90
       50
102
RTVSPost2010PropOp50
 70
     1
102
RTVSPost2010Prop51ColorIndex
 90
      256
102
RTVSPost2010Prop51ColorRGB
 90
-16777216
102
RTVSPost2010PropOp51
 70
     0
102
RTVSPost2010Prop52
140
1.0
102
RTVSPost2010PropOp52
 70
     0
102
RTVSPost2010Prop53
 90
        2
102
RTVSPost2010PropOp53
 70
     1
102
RTVSPost2010Prop54
  1
strokes_ogs.tif
102
RTVSPost2010PropOp54
 70
     1
102
RTVSPost2010Prop55
280
     0
102
RTVSPost2010PropOp55
 70
     1
102
RTVSPost2010Prop56
140
1.0
102
RTVSPost2010PropOp56
 70
     1
102
RTVSPost2010Prop57
140
1.0
102
RTVSPost2010PropOp57
 70
     1
  0
XRECORD
  5
3BF
102
{ACAD_REACTORS
330
3BE
102
}
330
3BE
100
AcDbXrecord
280
     1
102
RTVSPost2010Prop28
280
     0
102
RTVSPost2010PropOp28
 70
     1
102
RTVSPost2010Prop29
280
     1
102
RTVSPost2010PropOp29
 70
     1
102
RTVSPost2010Prop30
280
     1
102
RTVSPost2010PropOp30
 70
     1
102
RTVSPost2010Prop31
280
     0
102
RTVSPost2010PropOp31
 70
     1
102
RTVSPost2010Prop32
280
     0
102
RTVSPost2010PropOp32
 70
     1
102
RTVSPost2010Prop33
280
     0
102
RTVSPost2010PropOp33
 70
     1
102
RTVSPost2010Prop34
280
     0
102
RTVSPost2010PropOp34
 70
     1
102
RTVSPost2010Prop35
280
     0
102
RTVSPost2010PropOp35
 70
     1
102
RTVSPost2010Prop36
280
     0
102
RTVSPost2010PropOp36
 70
     1
102
RTVSPost2010Prop37
 90
       50
102
RTVSPost2010PropOp37
 70
     1
102
RTVSPost2010Prop38
140
0.0
102
RTVSPost2010PropOp38
 70
     1
102
RTVSPost2010Prop39
140
1.0
102
RTVSPost2010PropOp39
 70
     1
102
RTVSPost2010Prop40
 90
        0
102
RTVSPost2010PropOp40
 70
     1
102
RTVSPost2010Prop41ColorIndex
 90
       18
102
RTVSPost2010Prop41ColorRGB
 90
        0
102
RTVSPost2010PropOp41
 70
     1
102
RTVSPost2010Prop42
 90
       50
102
RTVSPost2010PropOp42
 70
     1
102
RTVSPost2010Prop43
 90
        3
102
RTVSPost2010PropOp43
 70
     1
102
RTVSPost2010Prop44ColorIndex
 90
        5
102
RTVSPost2010Prop44ColorRGB
 90
      255
102
RTVSPost2010PropOp44
 70
     1
102
RTVSPost2010Prop45
280
     0
102
RTVSPost2010PropOp45
 70
     1
102
RTVSPost2010Prop46
 90
       50
102
RTVSPost2010PropOp46
 70
     1
102
RTVSPost2010Prop47
 90
       50
102
RTVSPost2010PropOp47
 70
     1
102
RTVSPost2010Prop48
 90
       50
102
RTVSPost2010PropOp48
 70
     1
102
RTVSPost2010Prop49
280
     0
102
RTVSPost2010PropOp49
 70
     1
102
RTVSPost2010Prop50
 90
       50
102
RTVSPost2010PropOp50
 70
     1
102
RTVSPost2010Prop51ColorIndex
 90
      256
102
RTVSPost2010Prop51ColorRGB
 90
-16777216
102
RTVSPost2010PropOp51
 70
     0
102
RTVSPost2010Prop52
140
1.0
102
RTVSPost2010PropOp52
 70
     0
102
RTVSPost2010Prop53
 90
        2
102
RTVSPost2010PropOp53
 70
     1
102
RTVSPost2010Prop54
  1
strokes_ogs.tif
102
RTVSPost2010PropOp54
 70
     1
102
RTVSPost2010Prop55
280
     0
102
RTVSPost2010PropOp55
 70
     1
102
RTVSPost2010Prop56
140
1.0
102
RTVSPost2010PropOp56
 70
     1
102
RTVSPost2010Prop57
140
1.0
102
RTVSPost2010PropOp57
 70
     1
  0
XRECORD
  5
3B5
102
{ACAD_REACTORS
330
3B4
102
}
330
3B4
100
AcDbXrecord
280
     1
102
RTVSPost2010Prop28
280
     0
102
RTVSPost2010PropOp28
 70
     1
102
RTVSPost2010Prop29
280
     1
102
RTVSPost2010PropOp29
 70
     1
102
RTVSPost2010Prop30
280
     1
102
RTVSPost2010PropOp30
 70
     1
102
RTVSPost2010Prop31
280
     0
102
RTVSPost2010PropOp31
 70
     1
102
RTVSPost2010Prop32
280
     0
102
RTVSPost2010PropOp32
 70
     1
102
RTVSPost2010Prop33
280
     0
102
RTVSPost2010PropOp33
 70
     1
102
RTVSPost2010Prop34
280
     0
102
RTVSPost2010PropOp34
 70
     1
102
RTVSPost2010Prop35
280
     0
102
RTVSPost2010PropOp35
 70
     1
102
RTVSPost2010Prop36
280
     0
102
RTVSPost2010PropOp36
 70
     1
102
RTVSPost2010Prop37
 90
       50
102
RTVSPost2010PropOp37
 70
     1
102
RTVSPost2010Prop38
140
0.0
102
RTVSPost2010PropOp38
 70
     1
102
RTVSPost2010Prop39
140
1.0
102
RTVSPost2010PropOp39
 70
     1
102
RTVSPost2010Prop40
 90
        0
102
RTVSPost2010PropOp40
 70
     1
102
RTVSPost2010Prop41ColorIndex
 90
       18
102
RTVSPost2010Prop41ColorRGB
 90
        0
102
RTVSPost2010PropOp41
 70
     1
102
RTVSPost2010Prop42
 90
       50
102
RTVSPost2010PropOp42
 70
     1
102
RTVSPost2010Prop43
 90
        3
102
RTVSPost2010PropOp43
 70
     1
102
RTVSPost2010Prop44ColorIndex
 90
        5
102
RTVSPost2010Prop44ColorRGB
 90
      255
102
RTVSPost2010PropOp44
 70
     1
102
RTVSPost2010Prop45
280
     0
102
RTVSPost2010PropOp45
 70
     1
102
RTVSPost2010Prop46
 90
       50
102
RTVSPost2010PropOp46
 70
     1
102
RTVSPost2010Prop47
 90
       50
102
RTVSPost2010PropOp47
 70
     1
102
RTVSPost2010Prop48
 90
       50
102
RTVSPost2010PropOp48
 70
     1
102
RTVSPost2010Prop49
280
     0
102
RTVSPost2010PropOp49
 70
     1
102
RTVSPost2010Prop50
 90
       50
102
RTVSPost2010PropOp50
 70
     1
102
RTVSPost2010Prop51ColorIndex
 90
      256
102
RTVSPost2010Prop51ColorRGB
 90
-16777216
102
RTVSPost2010PropOp51
 70
     0
102
RTVSPost2010Prop52
140
1.0
102
RTVSPost2010PropOp52
 70
     0
102
RTVSPost2010Prop53
 90
        2
102
RTVSPost2010PropOp53
 70
     1
102
RTVSPost2010Prop54
  1
strokes_ogs.tif
102
RTVSPost2010PropOp54
 70
     1
102
RTVSPost2010Prop55
280
     0
102
RTVSPost2010PropOp55
 70
     1
102
RTVSPost2010Prop56
140
1.0
102
RTVSPost2010PropOp56
 70
     1
102
RTVSPost2010Prop57
140
1.0
102
RTVSPost2010PropOp57
 70
     1
  0
XRECORD
  5
3A9
102
{ACAD_REACTORS
330
3A8
102
}
330
3A8
100
AcDbXrecord
280
     1
102
RTVSPost2010Prop28
280
     0
102
RTVSPost2010PropOp28
 70
     1
102
RTVSPost2010Prop29
280
     1
102
RTVSPost2010PropOp29
 70
     1
102
RTVSPost2010Prop30
280
     1
102
RTVSPost2010PropOp30
 70
     1
102
RTVSPost2010Prop31
280
     0
102
RTVSPost2010PropOp31
 70
     1
102
RTVSPost2010Prop32
280
     0
102
RTVSPost2010PropOp32
 70
     1
102
RTVSPost2010Prop33
280
     0
102
RTVSPost2010PropOp33
 70
     1
102
RTVSPost2010Prop34
280
     0
102
RTVSPost2010PropOp34
 70
     1
102
RTVSPost2010Prop35
280
     0
102
RTVSPost2010PropOp35
 70
     1
102
RTVSPost2010Prop36
280
     0
102
RTVSPost2010PropOp36
 70
     1
102
RTVSPost2010Prop37
 90
       50
102
RTVSPost2010PropOp37
 70
     1
102
RTVSPost2010Prop38
140
0.0
102
RTVSPost2010PropOp38
 70
     1
102
RTVSPost2010Prop39
140
1.0
102
RTVSPost2010PropOp39
 70
     1
102
RTVSPost2010Prop40
 90
        0
102
RTVSPost2010PropOp40
 70
     1
102
RTVSPost2010Prop41ColorIndex
 90
       18
102
RTVSPost2010Prop41ColorRGB
 90
        0
102
RTVSPost2010PropOp41
 70
     1
102
RTVSPost2010Prop42
 90
       50
102
RTVSPost2010PropOp42
 70
     1
102
RTVSPost2010Prop43
 90
        3
102
RTVSPost2010PropOp43
 70
     1
102
RTVSPost2010Prop44ColorIndex
 90
        5
102
RTVSPost2010Prop44ColorRGB
 90
      255
102
RTVSPost2010PropOp44
 70
     1
102
RTVSPost2010Prop45
280
     0
102
RTVSPost2010PropOp45
 70
     1
102
RTVSPost2010Prop46
 90
       50
102
RTVSPost2010PropOp46
 70
     1
102
RTVSPost2010Prop47
 90
       50
102
RTVSPost2010PropOp47
 70
     1
102
RTVSPost2010Prop48
 90
       50
102
RTVSPost2010PropOp48
 70
     1
102
RTVSPost2010Prop49
280
     0
102
RTVSPost2010PropOp49
 70
     1
102
RTVSPost2010Prop50
 90
       50
102
RTVSPost2010PropOp50
 70
     1
102
RTVSPost2010Prop51ColorIndex
 90
      256
102
RTVSPost2010Prop51ColorRGB
 90
-16777216
102
RTVSPost2010PropOp51
 70
     0
102
RTVSPost2010Prop52
140
1.0
102
RTVSPost2010PropOp52
 70
     0
102
RTVSPost2010Prop53
 90
        2
102
RTVSPost2010PropOp53
 70
     1
102
RTVSPost2010Prop54
  1
strokes_ogs.tif
102
RTVSPost2010PropOp54
 70
     1
102
RTVSPost2010Prop55
280
     0
102
RTVSPost2010PropOp55
 70
     1
102
RTVSPost2010Prop56
140
1.0
102
RTVSPost2010PropOp56
 70
     1
102
RTVSPost2010Prop57
140
1.0
102
RTVSPost2010PropOp57
 70
     1
  0
XRECORD
  5
3C1
102
{ACAD_REACTORS
330
3C0
102
}
330
3C0
100
AcDbXrecord
280
     1
102
RTVSPost2010Prop28
280
     0
102
RTVSPost2010PropOp28
 70
     1
102
RTVSPost2010Prop29
280
     1
102
RTVSPost2010PropOp29
 70
     1
102
RTVSPost2010Prop30
280
     1
102
RTVSPost2010PropOp30
 70
     1
102
RTVSPost2010Prop31
280
     0
102
RTVSPost2010PropOp31
 70
     1
102
RTVSPost2010Prop32
280
     0
102
RTVSPost2010PropOp32
 70
     1
102
RTVSPost2010Prop33
280
     0
102
RTVSPost2010PropOp33
 70
     1
102
RTVSPost2010Prop34
280
     0
102
RTVSPost2010PropOp34
 70
     1
102
RTVSPost2010Prop35
280
     0
102
RTVSPost2010PropOp35
 70
     1
102
RTVSPost2010Prop36
280
     0
102
RTVSPost2010PropOp36
 70
     1
102
RTVSPost2010Prop37
 90
       50
102
RTVSPost2010PropOp37
 70
     1
102
RTVSPost2010Prop38
140
0.0
102
RTVSPost2010PropOp38
 70
     1
102
RTVSPost2010Prop39
140
1.0
102
RTVSPost2010PropOp39
 70
     1
102
RTVSPost2010Prop40
 90
        0
102
RTVSPost2010PropOp40
 70
     1
102
RTVSPost2010Prop41ColorIndex
 90
       18
102
RTVSPost2010Prop41ColorRGB
 90
        0
102
RTVSPost2010PropOp41
 70
     1
102
RTVSPost2010Prop42
 90
       50
102
RTVSPost2010PropOp42
 70
     1
102
RTVSPost2010Prop43
 90
        3
102
RTVSPost2010PropOp43
 70
     1
102
RTVSPost2010Prop44ColorIndex
 90
        5
102
RTVSPost2010Prop44ColorRGB
 90
      255
102
RTVSPost2010PropOp44
 70
     1
102
RTVSPost2010Prop45
280
     0
102
RTVSPost2010PropOp45
 70
     1
102
RTVSPost2010Prop46
 90
       50
102
RTVSPost2010PropOp46
 70
     1
102
RTVSPost2010Prop47
 90
       50
102
RTVSPost2010PropOp47
 70
     1
102
RTVSPost2010Prop48
 90
       50
102
RTVSPost2010PropOp48
 70
     1
102
RTVSPost2010Prop49
280
     0
102
RTVSPost2010PropOp49
 70
     1
102
RTVSPost2010Prop50
 90
       50
102
RTVSPost2010PropOp50
 70
     1
102
RTVSPost2010Prop51ColorIndex
 90
      256
102
RTVSPost2010Prop51ColorRGB
 90
-16777216
102
RTVSPost2010PropOp51
 70
     0
102
RTVSPost2010Prop52
140
1.0
102
RTVSPost2010PropOp52
 70
     0
102
RTVSPost2010Prop53
 90
        2
102
RTVSPost2010PropOp53
 70
     1
102
RTVSPost2010Prop54
  1
strokes_ogs.tif
102
RTVSPost2010PropOp54
 70
     1
102
RTVSPost2010Prop55
280
     0
102
RTVSPost2010PropOp55
 70
     1
102
RTVSPost2010Prop56
140
1.0
102
RTVSPost2010PropOp56
 70
     1
102
RTVSPost2010Prop57
140
1.0
102
RTVSPost2010PropOp57
 70
     1
  0
ENDSEC
  0
EOF
