  0
SECTION
  2
HEADER
  9
$ACADVER
  1
AC1024
  9
$ACADMAINTVER
 70
   226
  9
$DWGCODEPAGE
  3
ANSI_949
  9
$LASTSAVEDBY
  1
junkibeom
  9
$INSBASE
 10
0.0
 20
0.0
 30
0.0
  9
$EXTMIN
 10
5.588223994381415
 20
-278.4571366708627
 30
0.0
  9
$EXTMAX
 10
291.338226000288
 20
-171.7421559999155
 30
0.0
  9
$LIMMIN
 10
0.0
 20
0.0
  9
$LIMMAX
 10
12.0
 20
9.0
  9
$ORTHOMODE
 70
     0
  9
$REGENMODE
 70
     1
  9
$FILLMODE
 70
     1
  9
$QTEXTMODE
 70
     0
  9
$MIRRTEXT
 70
     0
  9
$LTSCALE
 40
1.0
  9
$ATTMODE
 70
     1
  9
$TEXTSIZE
 40
0.2
  9
$TRACEWID
 40
0.05
  9
$TEXTSTYLE
  7
Standard
  9
$CLAYER
  8
0
  9
$CELTYPE
  6
CONTINUOUS
  9
$CECOLOR
 62
   256
  9
$CELTSCALE
 40
1.0
  9
$DISPSILH
 70
     0
  9
$DIMSCALE
 40
1.0
  9
$DIMASZ
 40
0.18
  9
$DIMEXO
 40
0.0625
  9
$DIMDLI
 40
0.38
  9
$DIMRND
 40
0.0
  9
$DIMDLE
 40
0.0
  9
$DIMEXE
 40
0.18
  9
$DIMTP
 40
0.0
  9
$DIMTM
 40
0.0
  9
$DIMTXT
 40
0.18
  9
$DIMCEN
 40
0.09
  9
$DIMTSZ
 40
0.0
  9
$DIMTOL
 70
     0
  9
$DIMLIM
 70
     0
  9
$DIMTIH
 70
     1
  9
$DIMTOH
 70
     1
  9
$DIMSE1
 70
     0
  9
$DIMSE2
 70
     0
  9
$DIMTAD
 70
     0
  9
$DIMZIN
 70
     0
  9
$DIMBLK
  1

  9
$DIMASO
 70
     1
  9
$DIMSHO
 70
     1
  9
$DIMPOST
  1

  9
$DIMAPOST
  1

  9
$DIMALT
 70
     0
  9
$DIMALTD
 70
     2
  9
$DIMALTF
 40
25.4
  9
$DIMLFAC
 40
1.0
  9
$DIMTOFL
 70
     0
  9
$DIMTVP
 40
0.0
  9
$DIMTIX
 70
     0
  9
$DIMSOXD
 70
     0
  9
$DIMSAH
 70
     0
  9
$DIMBLK1
  1

  9
$DIMBLK2
  1

  9
$DIMSTYLE
  2
Standard
  9
$DIMCLRD
 70
     0
  9
$DIMCLRE
 70
     0
  9
$DIMCLRT
 70
     0
  9
$DIMTFAC
 40
1.0
  9
$DIMGAP
 40
0.09
  9
$DIMJUST
 70
     0
  9
$DIMSD1
 70
     0
  9
$DIMSD2
 70
     0
  9
$DIMTOLJ
 70
     1
  9
$DIMTZIN
 70
     0
  9
$DIMALTZ
 70
     0
  9
$DIMALTTZ
 70
     0
  9
$DIMUPT
 70
     0
  9
$DIMDEC
 70
     4
  9
$DIMTDEC
 70
     4
  9
$DIMALTU
 70
     2
  9
$DIMALTTD
 70
     2
  9
$DIMTXSTY
  7
Standard
  9
$DIMAUNIT
 70
     0
  9
$DIMADEC
 70
     0
  9
$DIMALTRND
 40
0.0
  9
$DIMAZIN
 70
     0
  9
$DIMDSEP
 70
    46
  9
$DIMATFIT
 70
     3
  9
$DIMFRAC
 70
     0
  9
$DIMLDRBLK
  1

  9
$DIMLUNIT
 70
     2
  9
$DIMLWD
 70
    -2
  9
$DIMLWE
 70
    -2
  9
$DIMTMOVE
 70
     0
  9
$DIMFXL
 40
1.0
  9
$DIMFXLON
 70
     0
  9
$DIMJOGANG
 40
0.7853981633974483
  9
$DIMTFILL
 70
     0
  9
$DIMTFILLCLR
 70
     0
  9
$DIMARCSYM
 70
     0
  9
$DIMLTYPE
  6

  9
$DIMLTEX1
  6

  9
$DIMLTEX2
  6

  9
$DIMTXTDIRECTION
 70
     0
  9
$LUNITS
 70
     2
  9
$LUPREC
 70
     4
  9
$SKETCHINC
 40
0.1
  9
$FILLETRAD
 40
0.0
  9
$AUNITS
 70
     0
  9
$AUPREC
 70
     0
  9
$MENU
  1
.
  9
$ELEVATION
 40
0.0
  9
$PELEVATION
 40
0.0
  9
$THICKNESS
 40
0.0
  9
$LIMCHECK
 70
     0
  9
$CHAMFERA
 40
0.0
  9
$CHAMFERB
 40
0.0
  9
$CHAMFERC
 40
0.0
  9
$CHAMFERD
 40
0.0
  9
$SKPOLY
 70
     0
  9
$TDCREATE
 40
2461248.960150463
  9
$TDUCREATE
 40
2461248.585150463
  9
$TDUPDATE
 40
2461248.960185185
  9
$TDUUPDATE
 40
2461248.585185185
  9
$TDINDWG
 40
0.0000347222
  9
$TDUSRTIMER
 40
0.0000347222
  9
$USRTIMER
 70
     1
  9
$ANGBASE
 50
0.0
  9
$ANGDIR
 70
     1
  9
$PDMODE
 70
     0
  9
$PDSIZE
 40
0.0
  9
$PLINEWID
 40
0.0
  9
$SPLFRAME
 70
     0
  9
$SPLINETYPE
 70
     6
  9
$SPLINESEGS
 70
     8
  9
$HANDSEED
  5
3B4
  9
$SURFTAB1
 70
     6
  9
$SURFTAB2
 70
     6
  9
$SURFTYPE
 70
     6
  9
$SURFU
 70
     6
  9
$SURFV
 70
     6
  9
$UCSBASE
  2

  9
$UCSNAME
  2

  9
$UCSORG
 10
0.0
 20
0.0
 30
0.0
  9
$UCSXDIR
 10
1.0
 20
0.0
 30
0.0
  9
$UCSYDIR
 10
0.0
 20
1.0
 30
0.0
  9
$UCSORTHOREF
  2

  9
$UCSORTHOVIEW
 70
     0
  9
$UCSORGTOP
 10
0.0
 20
0.0
 30
0.0
  9
$UCSORGBOTTOM
 10
0.0
 20
0.0
 30
0.0
  9
$UCSORGLEFT
 10
0.0
 20
0.0
 30
0.0
  9
$UCSORGRIGHT
 10
0.0
 20
0.0
 30
0.0
  9
$UCSORGFRONT
 10
0.0
 20
0.0
 30
0.0
  9
$UCSORGBACK
 10
0.0
 20
0.0
 30
0.0
  9
$PUCSBASE
  2

  9
$PUCSNAME
  2

  9
$PUCSORG
 10
0.0
 20
0.0
 30
0.0
  9
$PUCSXDIR
 10
1.0
 20
0.0
 30
0.0
  9
$PUCSYDIR
 10
0.0
 20
1.0
 30
0.0
  9
$PUCSORTHOREF
  2

  9
$PUCSORTHOVIEW
 70
     0
  9
$PUCSORGTOP
 10
0.0
 20
0.0
 30
0.0
  9
$PUCSORGBOTTOM
 10
0.0
 20
0.0
 30
0.0
  9
$PUCSORGLEFT
 10
0.0
 20
0.0
 30
0.0
  9
$PUCSORGRIGHT
 10
0.0
 20
0.0
 30
0.0
  9
$PUCSORGFRONT
 10
0.0
 20
0.0
 30
0.0
  9
$PUCSORGBACK
 10
0.0
 20
0.0
 30
0.0
  9
$USERI1
 70
     0
  9
$USERI2
 70
     0
  9
$USERI3
 70
     0
  9
$USERI4
 70
     0
  9
$USERI5
 70
     0
  9
$USERR1
 40
0.0
  9
$USERR2
 40
0.0
  9
$USERR3
 40
0.0
  9
$USERR4
 40
0.0
  9
$USERR5
 40
0.0
  9
$WORLDVIEW
 70
     1
  9
$SHADEDGE
 70
     3
  9
$SHADEDIF
 70
    70
  9
$TILEMODE
 70
     1
  9
$MAXACTVP
 70
    64
  9
$PINSBASE
 10
0.0
 20
0.0
 30
0.0
  9
$PLIMCHECK
 70
     0
  9
$PEXTMIN
 10
1.000000000000000E+20
 20
1.000000000000000E+20
 30
1.000000000000000E+20
  9
$PEXTMAX
 10
-1.000000000000000E+20
 20
-1.000000000000000E+20
 30
-1.000000000000000E+20
  9
$PLIMMIN
 10
0.0
 20
0.0
  9
$PLIMMAX
 10
12.0
 20
9.0
  9
$UNITMODE
 70
     0
  9
$VISRETAIN
 70
     1
  9
$PLINEGEN
 70
     0
  9
$PSLTSCALE
 70
     1
  9
$TREEDEPTH
 70
  3020
  9
$CMLSTYLE
  2
Standard
  9
$CMLJUST
 70
     0
  9
$CMLSCALE
 40
1.0
  9
$PROXYGRAPHICS
 70
     1
  9
$MEASUREMENT
 70
     1
  9
$CELWEIGHT
370
    -1
  9
$ENDCAPS
280
     0
  9
$JOINSTYLE
280
     0
  9
$LWDISPLAY
290
     0
  9
$INSUNITS
 70
     0
  9
$HYPERLINKBASE
  1

  9
$STYLESHEET
  1

  9
$XEDIT
290
     1
  9
$CEPSNTYPE
380
     0
  9
$PSTYLEMODE
290
     1
  9
$FINGERPRINTGUID
  2
{41735D26-A5BD-DB4B-959A-D8A2D9D878BC}
  9
$VERSIONGUID
  2
{73BB55CC-84D4-A444-8704-BF19AC68208F}
  9
$EXTNAMES
290
     1
  9
$PSVPSCALE
 40
0.0
  9
$OLESTARTUP
290
     0
  9
$SORTENTS
280
   127
  9
$INDEXCTL
280
     0
  9
$HIDETEXT
280
     0
  9
$XCLIPFRAME
280
     2
  9
$HALOGAP
280
     0
  9
$OBSCOLOR
 70
   257
  9
$OBSLTYPE
280
     0
  9
$INTERSECTIONDISPLAY
280
     0
  9
$INTERSECTIONCOLOR
 70
   257
  9
$DIMASSOC
280
     1
  9
$PROJECTNAME
  1

  9
$CAMERADISPLAY
290
     0
  9
$LENSLENGTH
 40
50.0
  9
$CAMERAHEIGHT
 40
0.0
  9
$STEPSPERSEC
 40
2.0
  9
$STEPSIZE
 40
6.0
  9
$3DDWFPREC
 40
2.0
  9
$PSOLWIDTH
 40
0.25
  9
$PSOLHEIGHT
 40
4.0
  9
$LOFTANG1
 40
1.570796326794896
  9
$LOFTANG2
 40
1.570796326794896
  9
$LOFTMAG1
 40
0.0
  9
$LOFTMAG2
 40
0.0
  9
$LOFTPARAM
 70
     7
  9
$LOFTNORMALS
280
     1
  9
$LATITUDE
 40
37.795
  9
$LONGITUDE
 40
-122.394
  9
$NORTHDIRECTION
 40
0.0
  9
$TIMEZONE
 70
 -8000
  9
$LIGHTGLYPHDISPLAY
280
     1
  9
$TILEMODELIGHTSYNCH
280
     1
  9
$CMATERIAL
347
11
  9
$SOLIDHIST
280
     0
  9
$SHOWHIST
280
     1
  9
$DWFFRAME
280
     2
  9
$DGNFRAME
280
     0
  9
$REALWORLDSCALE
290
     1
  9
$INTERFERECOLOR
 62
     1
  9
$INTERFEREOBJVS
345
33
  9
$INTERFEREVPVS
346
30
  9
$CSHADOW
280
     0
  9
$SHADOWPLANELOCATION
 40
0.0
  0
ENDSEC
  0
SECTION
  2
CLASSES
  0
CLASS
  1
ACDBDICTIONARYWDFLT
  2
AcDbDictionaryWithDefault
  3
ObjectDBX Classes
 90
        0
 91
        1
280
     0
281
     0
  0
CLASS
  1
MATERIAL
  2
AcDbMaterial
  3
ObjectDBX Classes
 90
     1153
 91
        3
280
     0
281
     0
  0
CLASS
  1
VISUALSTYLE
  2
AcDbVisualStyle
  3
ObjectDBX Classes
 90
     4095
 91
       24
280
     0
281
     0
  0
CLASS
  1
SCALE
  2
AcDbScale
  3
ObjectDBX Classes
 90
     1153
 91
       17
280
     0
281
     0
  0
CLASS
  1
TABLESTYLE
  2
AcDbTableStyle
  3
ObjectDBX Classes
 90
     4095
 91
        1
280
     0
281
     0
  0
CLASS
  1
MLEADERSTYLE
  2
AcDbMLeaderStyle
  3
ACDB_MLEADERSTYLE_CLASS
 90
     4095
 91
        1
280
     0
281
     0
  0
CLASS
  1
ACDBSECTIONVIEWSTYLE
  2
AcDbSectionViewStyle
  3
ObjectDBX Classes
 90
     1025
 91
        2
280
     0
281
     0
  0
CLASS
  1
ACDBDETAILVIEWSTYLE
  2
AcDbDetailViewStyle
  3
ObjectDBX Classes
 90
     1025
 91
        2
280
     0
281
     0
  0
CLASS
  1
SOLID_BACKGROUND
  2
AcDbSolidBackground
  3
SCENEOE
 90
     4095
 91
        1
280
     0
281
     0
  0
CLASS
  1
NPOCOLLECTION
  2
AcDbImpNonPersistentObjectsCollection
  3
ObjectDBX Classes
 90
     1153
 91
        1
280
     0
281
     0
  0
CLASS
  1
DICTIONARYVAR
  2
AcDbDictionaryVar
  3
ObjectDBX Classes
 90
        0
 91
        9
280
     0
281
     0
  0
CLASS
  1
CELLSTYLEMAP
  2
AcDbCellStyleMap
  3
ObjectDBX Classes
 90
     1152
 91
        1
280
     0
281
     0
  0
ENDSEC
  0
SECTION
  2
TABLES
  0
TABLE
  2
VPORT
  5
8
330
0
100
AcDbSymbolTable
 70
     1
  0
VPORT
  5
7D
330
8
100
AcDbSymbolTableRecord
100
AcDbViewportTableRecord
  2
*Active
 70
     0
 10
0.0
 20
0.0
 11
1.0
 21
1.0
 12
0.0
 22
0.0
 13
0.0
 23
0.0
 14
1.0
 24
1.0
 15
0.0
 25
0.0
 16
-0.0000000000001421
 26
0.0
 36
649.7984070262742
 17
148.4632251262665
 27
-225.0996398925781
 37
0.0
 40
305.0264706424553
 41
1.42328618063112
 42
50.0
 43
0.0
 44
0.0
 50
0.0
 51
0.0
 71
     0
 72
   100
 73
     1
 74
     1
 75
     0
 76
     0
 77
     0
 78
     0
281
     0
 65
     1
110
0.0
120
0.0
130
0.0
111
1.0
121
0.0
131
0.0
112
0.0
122
1.0
132
0.0
 79
     0
146
0.0
348
2F
 60
     3
 61
     5
292
     1
282
     1
141
0.0
142
0.0
 63
   250
421
  3355443
1001
ACAD_NAV_VCDISPLAY
1070
     3
  0
ENDTAB
  0
TABLE
  2
LTYPE
  5
5
330
0
100
AcDbSymbolTable
 70
     4
  0
LTYPE
  5
5A
330
5
100
AcDbSymbolTableRecord
100
AcDbLinetypeTableRecord
  2
ByBlock
 70
     0
  3

 72
    65
 73
     0
 40
0.0
  0
LTYPE
  5
5B
330
5
100
AcDbSymbolTableRecord
100
AcDbLinetypeTableRecord
  2
ByLayer
 70
     0
  3

 72
    65
 73
     0
 40
0.0
  0
LTYPE
  5
5C
330
5
100
AcDbSymbolTableRecord
100
AcDbLinetypeTableRecord
  2
CONTINUOUS
 70
     0
  3
Solid line
 72
    65
 73
     0
 40
0.0
  0
LTYPE
  5
73
330
5
100
AcDbSymbolTableRecord
100
AcDbLinetypeTableRecord
  2
DASHDOT
 70
     0
  3
Dash Dot ____ _ ____ _
 72
    65
 73
     4
 40
2.0
 49
1.25
 74
     0
 49
-0.25
 74
     0
 49
0.25
 74
     0
 49
-0.25
 74
     0
  0
LTYPE
  5
74
330
5
100
AcDbSymbolTableRecord
100
AcDbLinetypeTableRecord
  2
DASHED
 70
     0
  3
Dashed __ __ __ __ __
 72
    65
 73
     2
 40
0.75
 49
0.5
 74
     0
 49
-0.25
 74
     0
  0
LTYPE
  5
75
330
5
100
AcDbSymbolTableRecord
100
AcDbLinetypeTableRecord
  2
DOTTED
 70
     0
  3
Dotted .  .  .  .
 72
    65
 73
     2
 40
0.2
 49
0.0
 74
     0
 49
-0.2
 74
     0
  0
ENDTAB
  0
TABLE
  2
LAYER
  5
2
102
{ACAD_XDICTIONARY
360
360
102
}
330
0
100
AcDbSymbolTable
 70
     2
  0
LAYER
  5
54
102
{ACAD_XDICTIONARY
360
359
102
}
330
2
100
AcDbSymbolTableRecord
100
AcDbLayerTableRecord
  2
0
 70
     0
 62
     7
  6
CONTINUOUS
370
    -3
390
F
347
21
  0
LAYER
  5
7A
102
{ACAD_XDICTIONARY
360
35B
102
}
330
2
100
AcDbSymbolTableRecord
100
AcDbLayerTableRecord
  2
BLACK
 70
     0
 62
     7
  6
CONTINUOUS
370
    -3
390
F
347
21
  0
ENDTAB
  0
TABLE
  2
STYLE
  5
3
330
0
100
AcDbSymbolTable
 70
     6
  0
STYLE
  5
55
330
3
100
AcDbSymbolTableRecord
100
AcDbTextStyleTableRecord
  2
Standard
 70
     0
 40
0.0
 41
1.0
 50
0.0
 71
     0
 42
0.2
  3
txt
  4

  0
STYLE
  5
59
330
3
100
AcDbSymbolTableRecord
100
AcDbTextStyleTableRecord
  2
Annotative
 70
     0
 40
0.0
 41
1.0
 50
0.0
 71
     0
 42
0.2
  3
txt
  4

1001
AcadAnnotative
1000
AnnotativeData
1002
{
1070
     1
1070
     1
1002
}
  0
STYLE
  5
76
330
3
100
AcDbSymbolTableRecord
100
AcDbTextStyleTableRecord
  2
KICAD
 70
     0
 40
0.0
 41
1.0
 50
0.0
 71
     0
 42
1.0
  3
isocp.shx
  4

  0
STYLE
  5
77
330
3
100
AcDbSymbolTableRecord
100
AcDbTextStyleTableRecord
  2
KICADB
 70
     0
 40
0.0
 41
1.0
 50
0.0
 71
     0
 42
1.0
  3
isocp.shx
  4

  0
STYLE
  5
78
330
3
100
AcDbSymbolTableRecord
100
AcDbTextStyleTableRecord
  2
KICADI
 70
     0
 40
0.0
 41
1.0
 50
15.0
 71
     0
 42
1.0
  3
isocp.shx
  4

  0
STYLE
  5
79
330
3
100
AcDbSymbolTableRecord
100
AcDbTextStyleTableRecord
  2
KICADBI
 70
     0
 40
0.0
 41
1.0
 50
15.0
 71
     0
 42
1.0
  3
isocp.shx
  4

  0
ENDTAB
  0
TABLE
  2
VIEW
  5
6
330
0
100
AcDbSymbolTable
 70
     1
  0
ENDTAB
  0
TABLE
  2
UCS
  5
7
330
0
100
AcDbSymbolTable
 70
     0
  0
ENDTAB
  0
TABLE
  2
APPID
  5
9
330
0
100
AcDbSymbolTable
 70
     3
  0
APPID
  5
56
330
9
100
AcDbSymbolTableRecord
100
AcDbRegAppTableRecord
  2
ACAD
 70
     0
  0
APPID
  5
5D
330
9
100
AcDbSymbolTableRecord
100
AcDbRegAppTableRecord
  2
AcadAnnotative
 70
     0
  0
APPID
  5
370
330
9
100
AcDbSymbolTableRecord
100
AcDbRegAppTableRecord
  2
ACAD_NAV_VCDISPLAY
 70
     0
  0
ENDTAB
  0
TABLE
  2
DIMSTYLE
  5
A
330
0
100
AcDbSymbolTable
 70
     2
100
AcDbDimStyleTable
 71
     0
  0
DIMSTYLE
105
57
330
A
100
AcDbSymbolTableRecord
100
AcDbDimStyleTableRecord
  2
Standard
 70
     0
340
55
  0
DIMSTYLE
105
58
330
A
100
AcDbSymbolTableRecord
100
AcDbDimStyleTableRecord
  2
Annotative
 70
     0
340
55
1001
AcadAnnotative
1000
AnnotativeData
1002
{
1070
     1
1070
     1
1002
}
  0
ENDTAB
  0
TABLE
  2
BLOCK_RECORD
  5
1
330
0
100
AcDbSymbolTable
 70
     0
  0
BLOCK_RECORD
  5
6F
330
1
100
AcDbSymbolTableRecord
100
AcDbBlockTableRecord
  2
*Model_Space
340
72
 70
     0
280
     1
281
     0
  0
BLOCK_RECORD
  5
6B
330
1
100
AcDbSymbolTableRecord
100
AcDbBlockTableRecord
  2
*Paper_Space
340
6E
 70
     0
280
     1
281
     0
  0
ENDTAB
  0
ENDSEC
  0
SECTION
  2
BLOCKS
  0
BLOCK
  5
70
330
6F
100
AcDbEntity
  8
0
100
AcDbBlockBegin
  2
*Model_Space
 70
     0
 10
0.0
 20
0.0
 30
0.0
  3
*Model_Space
  1

  0
ENDBLK
  5
71
330
6F
100
AcDbEntity
  8
0
100
AcDbBlockEnd
  0
BLOCK
  5
6C
330
6B
100
AcDbEntity
 67
     1
  8
0
100
AcDbBlockBegin
  2
*Paper_Space
 70
     0
 10
0.0
 20
0.0
 30
0.0
  3
*Paper_Space
  1

  0
ENDBLK
  5
6D
330
6B
100
AcDbEntity
 67
     1
  8
0
100
AcDbBlockEnd
  0
ENDSEC
  0
SECTION
  2
ENTITIES
  0
ARC
  5
7E
330
6F
100
AcDbEntity
  8
BLACK
100
AcDbCircle
 10
275.013167
 20
-180.499612
 30
0.0
 40
0.4999880009000215
100
AcDbArc
 50
89.99862487000003
 51
180.00343783
  0
ARC
  5
7F
330
6F
100
AcDbEntity
  8
BLACK
100
AcDbCircle
 10
275.013268
 20
-193.499511
 30
0.0
 40
0.5001310079189252
100
AcDbArc
 50
180.01500756
 51
269.9898040199999
  0
LINE
  5
80
330
6F
100
AcDbEntity
  8
BLACK
  6
Continuous
100
AcDbLine
 10
275.0131789999999
 20
-193.999642
 30
0.0
 11
288.613179
 21
-193.999642
 31
0.0
  0
LINE
  5
81
330
6F
100
AcDbEntity
  8
BLACK
  6
Continuous
100
AcDbLine
 10
289.113179
 20
-193.499642
 30
0.0
 11
289.113179
 21
-180.499642
 31
0.0
  0
CIRCLE
  5
82
330
6F
100
AcDbEntity
  8
BLACK
100
AcDbCircle
 10
272.288054
 20
-186.999642
 30
0.0
 40
1.0
  0
ARC
  5
83
330
6F
100
AcDbEntity
  8
BLACK
100
AcDbCircle
 10
288.613167
 20
-193.499612
 30
0.0
 40
0.5000120008999783
100
AcDbArc
 50
270.00137507
 51
359.99656234
  0
ARC
  5
84
330
6F
100
AcDbEntity
  8
BLACK
100
AcDbCircle
 10
13.2656
 20
-172.7496
 30
0.0
 40
0.9999260633691871
100
AcDbArc
 50
89.99633292
 51
134.9990681
  0
LINE
  5
85
330
6F
100
AcDbEntity
  8
BLACK
  6
Continuous
100
AcDbLine
 10
289.110641
 20
-250.651645
 30
0.0
 11
289.110641
 21
-237.651645
 31
0.0
  0
LINE
  5
86
330
6F
100
AcDbEntity
  8
BLACK
  6
Continuous
100
AcDbLine
 10
269.750679
 20
-256.699642
 30
0.0
 11
269.750679
 21
-269.699642
 31
0.0
  0
LINE
  5
87
330
6F
100
AcDbEntity
  8
BLACK
  6
Continuous
100
AcDbLine
 10
107.638179
 20
-199.0496419999999
 30
0.0
 11
94.03817900000001
 21
-199.0496419999999
 31
0.0
  0
ARC
  5
88
330
6F
100
AcDbEntity
  8
BLACK
100
AcDbCircle
 10
255.9632999999999
 20
-193.4995
 30
0.0
 40
0.500142014636843
100
AcDbArc
 50
180.0162667
 51
269.98613836
  0
ARC
  5
89
330
6F
100
AcDbEntity
  8
BLACK
100
AcDbCircle
 10
107.1406
 20
-175.1495
 30
0.0
 40
0.3998860027620371
100
AcDbArc
 50
21.95608913
 51
90.00673416999999
  0
LINE
  5
8A
330
6F
100
AcDbEntity
  8
BLACK
  6
Continuous
100
AcDbLine
 10
174.813179
 20
-193.499642
 30
0.0
 11
174.813179
 21
-180.499642
 31
0.0
  0
ARC
  5
8B
330
6F
100
AcDbEntity
  8
BLACK
100
AcDbCircle
 10
155.2632
 20
-193.4996
 30
0.0
 40
0.4999790017640742
100
AcDbArc
 50
269.99759369
 51
359.9951869499999
  0
ARC
  5
8C
330
6F
100
AcDbEntity
  8
BLACK
100
AcDbCircle
 10
207.4608
 20
-172.7496
 30
0.0
 40
0.9999860000845012
100
AcDbArc
 50
44.99995949
 51
90.00074486
  0
ARC
  5
8D
330
6F
100
AcDbEntity
  8
BLACK
100
AcDbCircle
 10
16.7133
 20
-172.2497
 30
0.0
 40
0.5000740034804849
100
AcDbArc
 50
90.00847876999999
 51
179.9932401
  0
LINE
  5
8E
330
6F
100
AcDbEntity
  8
BLACK
  6
Continuous
100
AcDbLine
 10
194.050679
 20
-232.099642
 30
0.0
 11
207.650679
 21
-232.099642
 31
0.0
  0
ARC
  5
8F
330
6F
100
AcDbEntity
  8
BLACK
100
AcDbCircle
 10
74.98820000000001
 20
-199.5496
 30
0.0
 40
0.5000210017639258
100
AcDbArc
 50
90.00240653999997
 51
180.00481264
  0
ARC
  5
90
330
6F
100
AcDbEntity
  8
BLACK
100
AcDbCircle
 10
198.1257
 20
-250.6496
 30
0.0
 40
0.4999790017640742
100
AcDbArc
 50
269.99759369
 51
359.9951869499999
  0
LINE
  5
91
330
6F
100
AcDbEntity
  8
BLACK
  6
Continuous
100
AcDbLine
 10
215.523287
 20
-278.457123
 30
0.0
 11
215.275726
 21
-278.457123
 31
0.0
  0
LINE
  5
92
330
6F
100
AcDbEntity
  8
BLACK
  6
Continuous
100
AcDbLine
 10
260.038179
 20
-256.199642
 30
0.0
 11
246.438179
 21
-256.199642
 31
0.0
  0
LINE
  5
93
330
6F
100
AcDbEntity
  8
BLACK
  6
Continuous
100
AcDbLine
 10
76.65072599999999
 20
-278.457123
 30
0.0
 11
76.40316399999999
 21
-278.457123
 31
0.0
  0
LINE
  5
94
330
6F
100
AcDbEntity
  8
BLACK
  6
Continuous
100
AcDbLine
 10
50.988179
 20
-269.699642
 30
0.0
 11
50.988179
 21
-256.699642
 31
0.0
  0
LINE
  5
95
330
6F
100
AcDbEntity
  8
BLACK
  6
Continuous
100
AcDbLine
 10
70.225679
 20
-251.149642
 30
0.0
 11
83.82567899999999
 21
-251.149642
 31
0.0
  0
LINE
  5
96
330
6F
100
AcDbEntity
  8
BLACK
  6
Continuous
100
AcDbLine
 10
284.350679
 20
-212.549642
 30
0.0
 11
284.350679
 21
-199.549642
 31
0.0
  0
LINE
  5
97
330
6F
100
AcDbEntity
  8
BLACK
  6
Continuous
100
AcDbLine
 10
50.48817899999999
 20
-256.199642
 30
0.0
 11
36.888179
 21
-256.199642
 31
0.0
  0
ARC
  5
98
330
6F
100
AcDbEntity
  8
BLACK
100
AcDbCircle
 10
283.8506999999999
 20
-212.5496
 30
0.0
 40
0.4999790017640742
100
AcDbArc
 50
269.99759369
 51
359.9951869499999
  0
ARC
  5
99
330
6F
100
AcDbEntity
  8
BLACK
100
AcDbCircle
 10
141.6631999999999
 20
-180.4996
 30
0.0
 40
0.5000210017639258
100
AcDbArc
 50
90.00240653999997
 51
180.00481264
  0
LINE
  5
9A
330
6F
100
AcDbEntity
  8
BLACK
  6
Continuous
100
AcDbLine
 10
274.5106409999999
 20
-237.651645
 30
0.0
 11
274.5106409999999
 21
-250.651645
 31
0.0
  0
ARC
  5
9B
330
6F
100
AcDbEntity
  8
BLACK
100
AcDbCircle
 10
26.3611
 20
-274.207
 30
0.0
 40
0.9999550565510432
100
AcDbArc
 50
90.00068759999999
 51
135.00356541
  0
ARC
  5
9C
330
6F
100
AcDbEntity
  8
BLACK
100
AcDbCircle
 10
202.8882
 20
-212.5496
 30
0.0
 40
0.4999790017640742
100
AcDbArc
 50
269.99759369
 51
359.9951869499999
  0
LINE
  5
9D
330
6F
100
AcDbEntity
  8
BLACK
  6
Continuous
100
AcDbLine
 10
203.575679
 20
-251.149642
 30
0.0
 11
217.175679
 21
-251.149642
 31
0.0
  0
LINE
  5
9E
330
6F
100
AcDbEntity
  8
BLACK
  6
Continuous
100
AcDbLine
 10
103.063179
 20
-180.499642
 30
0.0
 11
103.063179
 21
-193.499642
 31
0.0
  0
LINE
  5
9F
330
6F
100
AcDbEntity
  8
BLACK
  6
Continuous
100
AcDbLine
 10
74.800679
 20
-231.599642
 30
0.0
 11
74.800679
 21
-218.599642
 31
0.0
  0
ARC
  5
A0
330
6F
100
AcDbEntity
  8
BLACK
100
AcDbCircle
 10
60.70079999999999
 20
-231.5995
 30
0.0
 40
0.500142014636843
100
AcDbArc
 50
180.0162667
 51
269.98613836
  0
ARC
  5
A1
330
6F
100
AcDbEntity
  8
BLACK
100
AcDbCircle
 10
55.9383
 20
-212.5495
 30
0.0
 40
0.500142014636843
100
AcDbArc
 50
180.0162667
 51
269.98613836
  0
ARC
  5
A2
330
6F
100
AcDbEntity
  8
BLACK
100
AcDbCircle
 10
146.4258
 20
-250.6495
 30
0.0
 40
0.500142014636843
100
AcDbArc
 50
180.0162667
 51
269.98613836
  0
ARC
  5
A3
330
6F
100
AcDbEntity
  8
BLACK
100
AcDbCircle
 10
18.5345
 20
-175.1497
 30
0.0
 40
0.4000590009111157
100
AcDbArc
 50
339.20388321
 51
89.99613311
  0
ARC
  5
A4
330
6F
100
AcDbEntity
  8
BLACK
100
AcDbCircle
 10
29.057
 20
-231.5997
 30
0.0
 40
0.4999290033644778
100
AcDbArc
 50
269.99186358
 51
0.00664725
  0
ARC
  5
A5
330
6F
100
AcDbEntity
  8
BLACK
100
AcDbCircle
 10
36.8881
 20
-256.6995
 30
0.0
 40
0.4999210201671861
100
AcDbArc
 50
89.99094502000003
 51
180.01627457
  0
ARC
  5
A6
330
6F
100
AcDbEntity
  8
BLACK
100
AcDbCircle
 10
97.60660000000001
 20
-256.7496999999999
 30
0.0
 40
0.5000580004409489
100
AcDbArc
 50
0.00664582
 51
90.00240614
  0
ARC
  5
A7
330
6F
100
AcDbEntity
  8
BLACK
100
AcDbCircle
 10
217.1758
 20
-237.6495
 30
0.0
 40
0.499858014645159
100
AcDbArc
 50
359.98372269
 51
90.01386951999998
  0
LINE
  5
A8
330
6F
100
AcDbEntity
  8
BLACK
  6
Continuous
100
AcDbLine
 10
253.906929
 20
-230.342642
 30
0.0
 11
256.906929
 21
-232.074642
 31
0.0
  0
ARC
  5
A9
330
6F
100
AcDbEntity
  8
BLACK
100
AcDbCircle
 10
288.6105
 20
-250.6515
 30
0.0
 40
0.5001410210190721
100
AcDbArc
 50
270.0161514
 51
359.9833889100001
  0
ARC
  5
AA
330
6F
100
AcDbEntity
  8
BLACK
100
AcDbCircle
 10
199.3131
 20
-256.7495
 30
0.0
 40
0.4999210201671861
100
AcDbArc
 50
89.99094502000003
 51
180.01627457
  0
LINE
  5
AB
330
6F
100
AcDbEntity
  8
BLACK
  6
Continuous
100
AcDbLine
 10
7.087237999999999
 20
-177.099639
 30
0.0
 11
6.588225999999999
 21
-177.099639
 31
0.0
  0
LINE
  5
AC
330
6F
100
AcDbEntity
  8
BLACK
  6
Continuous
100
AcDbLine
 10
268.866924
 20
-174.742156
 30
0.0
 11
269.065553
 21
-174.742156
 31
0.0
  0
ARC
  5
AD
330
6F
100
AcDbEntity
  8
BLACK
100
AcDbCircle
 10
222.6257
 20
-269.6997
 30
0.0
 40
0.4999420004410511
100
AcDbArc
 50
179.9933532
 51
269.9975933
  0
ARC
  5
AE
330
6F
100
AcDbEntity
  8
BLACK
100
AcDbCircle
 10
85.0065
 20
-256.7495
 30
0.0
 40
0.4999210201671861
100
AcDbArc
 50
89.99094502000003
 51
180.01627457
  0
LINE
  5
AF
330
6F
100
AcDbEntity
  8
BLACK
  6
Continuous
100
AcDbLine
 10
248.319429
 20
-237.651645
 30
0.0
 11
248.319429
 21
-250.651693
 31
0.0
  0
ARC
  5
B0
330
6F
100
AcDbEntity
  8
BLACK
100
AcDbCircle
 10
290.3381
 20
-177.9997
 30
0.0
 40
1.000061007937515
100
AcDbArc
 50
0.0034946
 51
89.99278117000001
  0
ARC
  5
B1
330
6F
100
AcDbEntity
  8
BLACK
100
AcDbCircle
 10
94.03830000000001
 20
-212.5495
 30
0.0
 40
0.500142014636843
100
AcDbArc
 50
180.0162667
 51
269.98613836
  0
ARC
  5
B2
330
6F
100
AcDbEntity
  8
BLACK
100
AcDbCircle
 10
227.3882
 20
-199.5496
 30
0.0
 40
0.5000210017639258
100
AcDbArc
 50
90.00240653999997
 51
180.00481264
  0
LINE
  5
B3
330
6F
100
AcDbEntity
  8
BLACK
  6
Continuous
100
AcDbLine
 10
246.250679
 20
-231.599642
 30
0.0
 11
246.250679
 21
-218.599642
 31
0.0
  0
LINE
  5
B4
330
6F
100
AcDbEntity
  8
BLACK
  6
Continuous
100
AcDbLine
 10
231.963179
 20
-193.499642
 30
0.0
 11
231.963179
 21
-180.499642
 31
0.0
  0
ARC
  5
B5
330
6F
100
AcDbEntity
  8
BLACK
100
AcDbCircle
 10
117.1632
 20
-193.4996
 30
0.0
 40
0.4999790017640742
100
AcDbArc
 50
269.99759369
 51
359.9951869499999
  0
LINE
  5
B6
330
6F
100
AcDbEntity
  8
BLACK
  6
Continuous
100
AcDbLine
 10
69.538179
 20
-199.0496419999999
 30
0.0
 11
55.938179
 21
-199.0496419999999
 31
0.0
  0
LINE
  5
B7
330
6F
100
AcDbEntity
  8
BLACK
  6
Continuous
100
AcDbLine
 10
40.96317899999999
 20
-179.999642
 30
0.0
 11
27.363179
 21
-179.999642
 31
0.0
  0
LINE
  5
B8
330
6F
100
AcDbEntity
  8
BLACK
  6
Continuous
100
AcDbLine
 10
285.906929
 20
-230.342642
 30
0.0
 11
285.906929
 21
-218.624642
 31
0.0
  0
ARC
  5
B9
330
6F
100
AcDbEntity
  8
BLACK
100
AcDbCircle
 10
240.9882
 20
-212.5496
 30
0.0
 40
0.4999790017640742
100
AcDbArc
 50
269.99759369
 51
359.9951869499999
  0
ARC
  5
BA
330
6F
100
AcDbEntity
  8
BLACK
100
AcDbCircle
 10
110.363226
 20
-173.849613
 30
0.0
 40
1.1
100
AcDbArc
 50
180.0
 51
0.0
  0
LINE
  5
BB
330
6F
100
AcDbEntity
  8
BLACK
  6
Continuous
100
AcDbLine
 10
80.09828699999999
 20
-278.457123
 30
0.0
 11
79.85072599999999
 21
-278.457123
 31
0.0
  0
ARC
  5
BC
330
6F
100
AcDbEntity
  8
BLACK
100
AcDbCircle
 10
278.241351
 20
-276.357124
 30
0.0
 40
4.059960480128101
100
AcDbArc
 50
20.80542115
 51
159.19458386
  0
LINE
  5
BD
330
6F
100
AcDbEntity
  8
BLACK
  6
Continuous
100
AcDbLine
 10
136.900679
 20
-232.099642
 30
0.0
 11
150.500679
 21
-232.099642
 31
0.0
  0
ARC
  5
BE
330
6F
100
AcDbEntity
  8
BLACK
100
AcDbCircle
 10
131.4508
 20
-218.5995
 30
0.0
 40
0.499858014645159
100
AcDbArc
 50
359.98372269
 51
90.01386951999998
  0
ARC
  5
BF
330
6F
100
AcDbEntity
  8
BLACK
100
AcDbCircle
 10
208.3382
 20
-199.5496
 30
0.0
 40
0.5000210017639258
100
AcDbArc
 50
90.00240653999997
 51
180.00481264
  0
ARC
  5
C0
330
6F
100
AcDbEntity
  8
BLACK
100
AcDbCircle
 10
18.3359
 20
-175.1497
 30
0.0
 40
0.4000230542556266
100
AcDbArc
 50
90.00014322
 51
158.0233668
  0
ARC
  5
C1
330
6F
100
AcDbEntity
  8
BLACK
100
AcDbCircle
 10
98.11329999999999
 20
-180.4995
 30
0.0
 40
0.499858014645159
100
AcDbArc
 50
359.98372269
 51
90.01386951999998
  0
LINE
  5
C2
330
6F
100
AcDbEntity
  8
BLACK
  6
Continuous
100
AcDbLine
 10
131.950679
 20
-231.599642
 30
0.0
 11
131.950679
 21
-218.599642
 31
0.0
  0
LINE
  5
C3
330
6F
100
AcDbEntity
  8
BLACK
  6
Continuous
100
AcDbLine
 10
93.53817900000001
 20
-199.549642
 30
0.0
 11
93.53817900000001
 21
-212.549642
 31
0.0
  0
ARC
  5
C4
330
6F
100
AcDbEntity
  8
BLACK
100
AcDbCircle
 10
50.48829999999999
 20
-199.5495
 30
0.0
 40
0.499858014645159
100
AcDbArc
 50
359.98372269
 51
90.01386951999998
  0
ARC
  5
C5
330
6F
100
AcDbEntity
  8
BLACK
100
AcDbCircle
 10
286.1674
 20
-274.207
 30
0.0
 40
0.9999564708536066
100
AcDbArc
 50
90.0008022
 51
135.00364644
  0
LINE
  5
C6
330
6F
100
AcDbEntity
  8
BLACK
  6
Continuous
100
AcDbLine
 10
279.341351
 20
-276.357124
 30
0.0
 11
279.341351
 21
-277.957123
 31
0.0
  0
LINE
  5
C7
330
6F
100
AcDbEntity
  8
BLACK
  6
Continuous
100
AcDbLine
 10
179.075679
 20
-237.149642
 30
0.0
 11
165.475679
 21
-237.149642
 31
0.0
  0
ARC
  5
C8
330
6F
100
AcDbEntity
  8
BLACK
100
AcDbCircle
 10
208.836
 20
-175.1497
 30
0.0
 40
0.4001255180715172
100
AcDbArc
 50
90.01446407000001
 51
158.0252730199999
  0
CIRCLE
  5
C9
330
6F
100
AcDbEntity
  8
BLACK
100
AcDbCircle
 10
105.592822
 20
-244.149757
 30
0.0
 40
1.0
  0
ARC
  5
CA
330
6F
100
AcDbEntity
  8
BLACK
100
AcDbCircle
 10
250.5133
 20
-180.4995
 30
0.0
 40
0.499858014645159
100
AcDbArc
 50
359.98372269
 51
90.01386951999998
  0
ARC
  5
CB
330
6F
100
AcDbEntity
  8
BLACK
100
AcDbCircle
 10
75.0281
 20
-275.0571
 30
0.0
 40
0.399964695983283
100
AcDbArc
 50
269.99326813
 51
338.02570876
  0
LINE
  5
CC
330
6F
100
AcDbEntity
  8
BLACK
  6
Continuous
100
AcDbLine
 10
127.375679
 20
-251.149642
 30
0.0
 11
140.975679
 21
-251.149642
 31
0.0
  0
ARC
  5
CD
330
6F
100
AcDbEntity
  8
BLACK
100
AcDbCircle
 10
112.2108
 20
-172.7496
 30
0.0
 40
0.9999860000845012
100
AcDbArc
 50
44.99995949
 51
90.00074486
  0
ARC
  5
CE
330
6F
100
AcDbEntity
  8
BLACK
100
AcDbCircle
 10
80.09829999999999
 20
-277.4572
 30
0.0
 40
0.9999366708627102
100
AcDbArc
 50
269.9992551
 51
315.00259308
  0
LINE
  5
CF
330
6F
100
AcDbEntity
  8
BLACK
  6
Continuous
100
AcDbLine
 10
155.763179
 20
-269.699642
 30
0.0
 11
155.763179
 21
-256.699642
 31
0.0
  0
ARC
  5
D0
330
6F
100
AcDbEntity
  8
BLACK
100
AcDbCircle
 10
246.4381
 20
-256.6995
 30
0.0
 40
0.4999210201671861
100
AcDbArc
 50
89.99094502000003
 51
180.01627457
  0
LINE
  5
D1
330
6F
100
AcDbEntity
  8
BLACK
  6
Continuous
100
AcDbLine
 10
145.925679
 20
-237.649642
 30
0.0
 11
145.925679
 21
-250.649642
 31
0.0
  0
ARC
  5
D2
330
6F
100
AcDbEntity
  8
BLACK
100
AcDbCircle
 10
121.9257
 20
-250.6496
 30
0.0
 40
0.4999790017640742
100
AcDbArc
 50
269.99759369
 51
359.9951869499999
  0
LINE
  5
D3
330
6F
100
AcDbEntity
  8
BLACK
  6
Continuous
100
AcDbLine
 10
50.48817899999999
 20
-199.0496419999999
 30
0.0
 11
36.888179
 21
-199.0496419999999
 31
0.0
  0
LINE
  5
D4
330
6F
100
AcDbEntity
  8
BLACK
  6
Continuous
100
AcDbLine
 10
141.163179
 20
-180.499642
 30
0.0
 11
141.163179
 21
-193.499642
 31
0.0
  0
ARC
  5
D5
330
6F
100
AcDbEntity
  8
BLACK
100
AcDbCircle
 10
8.313299999999999
 20
-193.4995
 30
0.0
 40
0.5001420143959114
100
AcDbArc
 50
180.01615214
 51
269.98625292
  0
ARC
  5
D6
330
6F
100
AcDbEntity
  8
BLACK
100
AcDbCircle
 10
55.25079999999999
 20
-218.5995
 30
0.0
 40
0.499858014645159
100
AcDbArc
 50
359.98372269
 51
90.01386951999998
  0
ARC
  5
D7
330
6F
100
AcDbEntity
  8
BLACK
100
AcDbCircle
 10
194.0507
 20
-218.5996
 30
0.0
 40
0.5000210017639258
100
AcDbArc
 50
90.00240653999997
 51
180.00481264
  0
ARC
  5
D8
330
6F
100
AcDbEntity
  8
BLACK
100
AcDbCircle
 10
236.9133
 20
-193.4995
 30
0.0
 40
0.500142014636843
100
AcDbArc
 50
180.0162667
 51
269.98613836
  0
ARC
  5
D9
330
6F
100
AcDbEntity
  8
BLACK
100
AcDbCircle
 10
174.3133
 20
-180.4995
 30
0.0
 40
0.499858014645159
100
AcDbArc
 50
359.98372269
 51
90.01386951999998
  0
LINE
  5
DA
330
6F
100
AcDbEntity
  8
BLACK
  6
Continuous
100
AcDbLine
 10
183.838179
 20
-199.0496419999999
 30
0.0
 11
170.238179
 21
-199.0496419999999
 31
0.0
  0
ARC
  5
DB
330
6F
100
AcDbEntity
  8
BLACK
100
AcDbCircle
 10
150.5007
 20
-231.5996
 30
0.0
 40
0.4999790017640742
100
AcDbArc
 50
269.99759369
 51
359.9951869499999
  0
ARC
  5
DC
330
6F
100
AcDbEntity
  8
BLACK
100
AcDbCircle
 10
198.8133
 20
-193.4995
 30
0.0
 40
0.500142014636843
100
AcDbArc
 50
180.0162667
 51
269.98613836
  0
ARC
  5
DD
330
6F
100
AcDbEntity
  8
BLACK
100
AcDbCircle
 10
78.250726
 20
-276.357124
 30
0.0
 40
3.075000159649589
100
AcDbArc
 50
21.96876739
 51
158.03123261
  0
LINE
  5
DE
330
6F
100
AcDbEntity
  8
BLACK
  6
Continuous
100
AcDbLine
 10
184.525679
 20
-251.149642
 30
0.0
 11
198.125679
 21
-251.149642
 31
0.0
  0
ARC
  5
DF
330
6F
100
AcDbEntity
  8
BLACK
100
AcDbCircle
 10
102.8758
 20
-237.6495
 30
0.0
 40
0.499858014645159
100
AcDbArc
 50
359.98372269
 51
90.01386951999998
  0
LINE
  5
E0
330
6F
100
AcDbEntity
  8
BLACK
  6
Continuous
100
AcDbLine
 10
36.888179
 20
-213.049642
 30
0.0
 11
50.48817899999999
 21
-213.049642
 31
0.0
  0
ARC
  5
E1
330
6F
100
AcDbEntity
  8
BLACK
100
AcDbCircle
 10
217.0971
 20
-275.0572
 30
0.0
 40
0.3999592233728333
100
AcDbArc
 50
269.98954151
 51
20.81941619
  0
LINE
  5
E2
330
6F
100
AcDbEntity
  8
BLACK
  6
Continuous
100
AcDbLine
 10
102.437212
 20
-176.999639
 30
0.0
 11
23.039213
 21
-176.999639
 31
0.0
  0
LINE
  5
E3
330
6F
100
AcDbEntity
  8
BLACK
  6
Continuous
100
AcDbLine
 10
270.250679
 20
-270.199642
 30
0.0
 11
283.850679
 21
-270.199642
 31
0.0
  0
ARC
  5
E4
330
6F
100
AcDbEntity
  8
BLACK
100
AcDbCircle
 10
122.6132
 20
-180.4996
 30
0.0
 40
0.5000210017639258
100
AcDbArc
 50
90.00240653999997
 51
180.00481264
  0
ARC
  5
E5
330
6F
100
AcDbEntity
  8
BLACK
100
AcDbCircle
 10
213.5393
 20
-175.9995
 30
0.0
 40
1.000139001799749
100
AcDbArc
 50
225.00320017
 51
269.99656273
  0
ARC
  5
E6
330
6F
100
AcDbEntity
  8
BLACK
100
AcDbCircle
 10
194.0508
 20
-231.5995
 30
0.0
 40
0.500142014636843
100
AcDbArc
 50
180.0162667
 51
269.98613836
  0
ARC
  5
E7
330
6F
100
AcDbEntity
  8
BLACK
100
AcDbCircle
 10
221.6017
 20
-274.2069
 30
0.0
 40
0.9998327284486141
100
AcDbArc
 50
89.99650434000001
 51
135.00465992
  0
ARC
  5
E8
330
6F
100
AcDbEntity
  8
BLACK
100
AcDbCircle
 10
113.7845
 20
-175.1496
 30
0.0
 40
0.3999860009112819
100
AcDbArc
 50
339.19410871
 51
89.9961324
  0
LINE
  5
E9
330
6F
100
AcDbEntity
  8
BLACK
  6
Continuous
100
AcDbLine
 10
245.938179
 20
-199.549642
 30
0.0
 11
245.938179
 21
-212.549642
 31
0.0
  0
ARC
  5
EA
330
6F
100
AcDbEntity
  8
BLACK
100
AcDbCircle
 10
175.0007
 20
-218.5996
 30
0.0
 40
0.5000210017639258
100
AcDbArc
 50
90.00240653999997
 51
180.00481264
  0
ARC
  5
EB
330
6F
100
AcDbEntity
  8
BLACK
100
AcDbCircle
 10
268.8669
 20
-175.1421
 30
0.0
 40
0.3999975617488187
100
AcDbArc
 50
89.99656177000003
 51
200.81410992
  0
ARC
  5
EC
330
6F
100
AcDbEntity
  8
BLACK
100
AcDbCircle
 10
255.9632
 20
-180.4996
 30
0.0
 40
0.5000210017639258
100
AcDbArc
 50
90.00240653999997
 51
180.00481264
  0
ARC
  5
ED
330
6F
100
AcDbEntity
  8
BLACK
100
AcDbCircle
 10
50.48809999999999
 20
-269.6995
 30
0.0
 40
0.5000790201608142
100
AcDbArc
 50
270.00905049
 51
359.98373057
  0
LINE
  5
EE
330
6F
100
AcDbEntity
  8
BLACK
  6
Continuous
100
AcDbLine
 10
214.775726
 20
-276.357124
 30
0.0
 11
214.775726
 21
-277.957123
 31
0.0
  0
CIRCLE
  5
EF
330
6F
100
AcDbEntity
  8
BLACK
100
AcDbCircle
 10
288.139436
 20
-217.619708
 30
0.0
 40
1.0
  0
ARC
  5
F0
330
6F
100
AcDbEntity
  8
BLACK
100
AcDbCircle
 10
91.9069
 20
-274.816
 30
0.0
 40
2.000503572725627
100
AcDbArc
 50
90.00260629999999
 51
110.55342385
  0
LINE
  5
F1
330
6F
100
AcDbEntity
  8
BLACK
  6
Continuous
100
AcDbLine
 10
94.03817900000001
 20
-213.049642
 30
0.0
 11
107.638179
 21
-213.049642
 31
0.0
  0
ARC
  5
F2
330
6F
100
AcDbEntity
  8
BLACK
100
AcDbCircle
 10
79.0632
 20
-193.4996
 30
0.0
 40
0.4999790017640742
100
AcDbArc
 50
269.99759369
 51
359.9951869499999
  0
ARC
  5
F3
330
6F
100
AcDbEntity
  8
BLACK
100
AcDbCircle
 10
175.0008
 20
-231.5995
 30
0.0
 40
0.500142014636843
100
AcDbArc
 50
180.0162667
 51
269.98613836
  0
LINE
  5
F4
330
6F
100
AcDbEntity
  8
BLACK
  6
Continuous
100
AcDbLine
 10
221.601761
 20
-273.207076
 30
0.0
 11
270.315315
 21
-273.207076
 31
0.0
  0
LINE
  5
F5
330
6F
100
AcDbEntity
  8
BLACK
  6
Continuous
100
AcDbLine
 10
246.438179
 20
-270.199642
 30
0.0
 11
260.038179
 21
-270.199642
 31
0.0
  0
LINE
  5
F6
330
6F
100
AcDbEntity
  8
BLACK
  6
Continuous
100
AcDbLine
 10
136.213179
 20
-179.999642
 30
0.0
 11
122.6131789999999
 21
-179.999642
 31
0.0
  0
CIRCLE
  5
F7
330
6F
100
AcDbEntity
  8
BLACK
100
AcDbCircle
 10
229.41807
 20
-225.099724
 30
0.0
 40
1.0
  0
LINE
  5
F8
330
6F
100
AcDbEntity
  8
BLACK
  6
Continuous
100
AcDbLine
 10
160.525679
 20
-250.649642
 30
0.0
 11
160.525679
 21
-237.649642
 31
0.0
  0
ARC
  5
F9
330
6F
100
AcDbEntity
  8
BLACK
100
AcDbCircle
 10
29.0568
 20
-218.5998
 30
0.0
 40
0.5001580166357429
100
AcDbArc
 50
0.01810051
 51
89.98522235999999
  0
LINE
  5
FA
330
6F
100
AcDbEntity
  8
BLACK
  6
Continuous
100
AcDbLine
 10
207.838179
 20
-199.549642
 30
0.0
 11
207.838179
 21
-212.549642
 31
0.0
  0
LINE
  5
FB
330
6F
100
AcDbEntity
  8
BLACK
  6
Continuous
100
AcDbLine
 10
111.963226
 20
-171.7496139999999
 30
0.0
 11
112.210787
 21
-171.7496139999999
 31
0.0
  0
ARC
  5
FC
330
6F
100
AcDbEntity
  8
BLACK
100
AcDbCircle
 10
13.0757
 20
-199.5496
 30
0.0
 40
0.5000200017639295
100
AcDbArc
 50
90.00229194999995
 51
180.00481265
  0
LINE
  5
FD
330
6F
100
AcDbEntity
  8
BLACK
  6
Continuous
100
AcDbLine
 10
206.456797
 20
-273.4999689999999
 30
0.0
 11
211.121057
 21
-278.16423
 31
0.0
  0
ARC
  5
FE
330
6F
100
AcDbEntity
  8
BLACK
100
AcDbCircle
 10
155.2631
 20
-269.6995
 30
0.0
 40
0.5000790201608142
100
AcDbArc
 50
270.00905049
 51
359.98373057
  0
ARC
  5
FF
330
6F
100
AcDbEntity
  8
BLACK
100
AcDbCircle
 10
6.58826
 20
-178.0996799999999
 30
0.0
 40
1.000034000840471
100
AcDbArc
 50
90.00194798
 51
179.99765095
  0
ARC
  5
100
330
6F
100
AcDbEntity
  8
BLACK
100
AcDbCircle
 10
60.01329999999999
 20
-180.4995
 30
0.0
 40
0.499858014645159
100
AcDbArc
 50
359.98372269
 51
90.01386951999998
  0
LINE
  5
101
330
6F
100
AcDbEntity
  8
BLACK
  6
Continuous
100
AcDbLine
 10
200.019643
 20
-272.815497
 30
0.0
 11
91.906809
 21
-272.815497
 31
0.0
  0
ARC
  5
102
330
6F
100
AcDbEntity
  8
BLACK
100
AcDbCircle
 10
246.4382
 20
-269.6997
 30
0.0
 40
0.4999420004410511
100
AcDbArc
 50
179.9933532
 51
269.9975933
  0
LINE
  5
103
330
6F
100
AcDbEntity
  8
BLACK
  6
Continuous
100
AcDbLine
 10
212.413179
 20
-256.749642
 30
0.0
 11
212.413179
 21
-269.649642
 31
0.0
  0
ARC
  5
104
330
6F
100
AcDbEntity
  8
BLACK
100
AcDbCircle
 10
164.7883
 20
-199.5495
 30
0.0
 40
0.499858014645159
100
AcDbArc
 50
359.98372269
 51
90.01386951999998
  0
ARC
  5
105
330
6F
100
AcDbEntity
  8
BLACK
100
AcDbCircle
 10
89.27579999999998
 20
-250.6495
 30
0.0
 40
0.500142014636843
100
AcDbArc
 50
180.0162667
 51
269.98613836
  0
LINE
  5
106
330
6F
100
AcDbEntity
  8
BLACK
  6
Continuous
100
AcDbLine
 10
131.450679
 20
-218.099642
 30
0.0
 11
117.850679
 21
-218.099642
 31
0.0
  0
LINE
  5
107
330
6F
100
AcDbEntity
  8
BLACK
  6
Continuous
100
AcDbLine
 10
71.031797
 20
-273.4999689999999
 30
0.0
 11
75.696057
 21
-278.16423
 31
0.0
  0
LINE
  5
108
330
6F
100
AcDbEntity
  8
BLACK
  6
Continuous
100
AcDbLine
 10
264.354754
 20
-176.999639
 30
0.0
 11
213.53924
 21
-176.999639
 31
0.0
  0
LINE
  5
109
330
6F
100
AcDbEntity
  8
BLACK
  6
Continuous
100
AcDbLine
 10
14.019429
 20
-251.124642
 30
0.0
 11
40.01942899999999
 21
-251.124642
 31
0.0
  0
LINE
  5
10A
330
6F
100
AcDbEntity
  8
BLACK
  6
Continuous
100
AcDbLine
 10
269.563179
 20
-179.999642
 30
0.0
 11
255.963179
 21
-179.999642
 31
0.0
  0
LINE
  5
10B
330
6F
100
AcDbEntity
  8
BLACK
  6
Continuous
100
AcDbLine
 10
65.275679
 20
-250.649642
 30
0.0
 11
65.275679
 21
-237.649642
 31
0.0
  0
LINE
  5
10C
330
6F
100
AcDbEntity
  8
BLACK
  6
Continuous
100
AcDbLine
 10
88.775679
 20
-237.649642
 30
0.0
 11
88.775679
 21
-250.649642
 31
0.0
  0
ARC
  5
10D
330
6F
100
AcDbEntity
  8
BLACK
100
AcDbCircle
 10
16.5876
 20
-277.4569
 30
0.0
 40
1.000175001860174
100
AcDbArc
 50
225.00457735
 51
269.9965055699999
  0
ARC
  5
10E
330
6F
100
AcDbEntity
  8
BLACK
100
AcDbCircle
 10
26.6757
 20
-212.5497
 30
0.0
 40
0.4999800033641347
100
AcDbArc
 50
269.99770828
 51
0.00664658
  0
LINE
  5
10F
330
6F
100
AcDbEntity
  8
BLACK
  6
Continuous
100
AcDbLine
 10
93.85067900000001
 20
-231.599642
 30
0.0
 11
93.85067900000001
 21
-218.599642
 31
0.0
  0
LINE
  5
110
330
6F
100
AcDbEntity
  8
BLACK
  6
Continuous
100
AcDbLine
 10
291.338226
 20
-272.207076
 30
0.0
 11
291.338226
 21
-177.999639
 31
0.0
  0
LINE
  5
111
330
6F
100
AcDbEntity
  8
BLACK
  6
Continuous
100
AcDbLine
 10
22.413179
 20
-193.499642
 30
0.0
 11
22.413179
 21
-180.499642
 31
0.0
  0
LINE
  5
112
330
6F
100
AcDbEntity
  8
BLACK
  6
Continuous
100
AcDbLine
 10
108.138179
 20
-212.549642
 30
0.0
 11
108.138179
 21
-199.549642
 31
0.0
  0
LINE
  5
113
330
6F
100
AcDbEntity
  8
BLACK
  6
Continuous
100
AcDbLine
 10
193.863179
 20
-193.499642
 30
0.0
 11
193.863179
 21
-180.499642
 31
0.0
  0
LINE
  5
114
330
6F
100
AcDbEntity
  8
BLACK
  6
Continuous
100
AcDbLine
 10
45.91317899999999
 20
-180.499642
 30
0.0
 11
45.91317899999999
 21
-193.499642
 31
0.0
  0
LINE
  5
115
330
6F
100
AcDbEntity
  8
BLACK
  6
Continuous
100
AcDbLine
 10
179.5756789999999
 20
-250.649642
 30
0.0
 11
179.5756789999999
 21
-237.649642
 31
0.0
  0
CIRCLE
  5
116
330
6F
100
AcDbEntity
  8
BLACK
100
AcDbCircle
 10
53.205217
 20
-263.199795
 30
0.0
 40
1.0
  0
LINE
  5
117
330
6F
100
AcDbEntity
  8
BLACK
  6
Continuous
100
AcDbLine
 10
281.662652
 20
-275.457123
 30
0.0
 11
281.464024
 21
-275.457123
 31
0.0
  0
ARC
  5
118
330
6F
100
AcDbEntity
  8
BLACK
100
AcDbCircle
 10
136.9008
 20
-231.5995
 30
0.0
 40
0.500142014636843
100
AcDbArc
 50
180.0162667
 51
269.98613836
  0
LINE
  5
119
330
6F
100
AcDbEntity
  8
BLACK
  6
Continuous
100
AcDbLine
 10
8.313179999999999
 20
-193.999642
 30
0.0
 11
21.913179
 21
-193.999642
 31
0.0
  0
LINE
  5
11A
330
6F
100
AcDbEntity
  8
BLACK
  6
Continuous
100
AcDbLine
 10
79.06317899999997
 20
-179.999642
 30
0.0
 11
65.463179
 21
-179.999642
 31
0.0
  0
CIRCLE
  5
11B
330
6F
100
AcDbEntity
  8
BLACK
100
AcDbCircle
 10
242.514971
 20
-244.149757
 30
0.0
 40
1.0
  0
ARC
  5
11C
330
6F
100
AcDbEntity
  8
BLACK
100
AcDbCircle
 10
64.7758
 20
-237.6495
 30
0.0
 40
0.499858014645159
100
AcDbArc
 50
359.98372269
 51
90.01386951999998
  0
LINE
  5
11D
330
6F
100
AcDbEntity
  8
BLACK
  6
Continuous
100
AcDbLine
 10
13.265664
 20
-171.749641
 30
0.0
 11
13.513226
 21
-171.749641
 31
0.0
  0
ARC
  5
11E
330
6F
100
AcDbEntity
  8
BLACK
100
AcDbCircle
 10
174.3132
 20
-193.4996
 30
0.0
 40
0.4999790017640742
100
AcDbArc
 50
269.99759369
 51
359.9951869499999
  0
ARC
  5
11F
330
6F
100
AcDbEntity
  8
BLACK
100
AcDbCircle
 10
283.8506999999999
 20
-256.6997
 30
0.0
 40
0.5000580004409489
100
AcDbArc
 50
0.00664582
 51
90.00240614
  0
LINE
  5
120
330
6F
100
AcDbEntity
  8
BLACK
  6
Continuous
100
AcDbLine
 10
122.425679
 20
-250.649642
 30
0.0
 11
122.425679
 21
-237.649642
 31
0.0
  0
ARC
  5
121
330
6F
100
AcDbEntity
  8
BLACK
100
AcDbCircle
 10
112.4008
 20
-218.5995
 30
0.0
 40
0.499858014645159
100
AcDbArc
 50
359.98372269
 51
90.01386951999998
  0
ARC
  5
122
330
6F
100
AcDbEntity
  8
BLACK
100
AcDbCircle
 10
16.8351
 20
-277.957
 30
0.0
 40
0.5000010056249887
100
AcDbArc
 50
270.00011457
 51
359.9914056500001
  0
ARC
  5
123
330
6F
100
AcDbEntity
  8
BLACK
100
AcDbCircle
 10
212.0758
 20
-277.9572
 30
0.0
 40
0.4999260059298777
100
AcDbArc
 50
269.99151892
 51
0.00882486
  0
ARC
  5
124
330
6F
100
AcDbEntity
  8
BLACK
100
AcDbCircle
 10
13.5131
 20
-172.2497
 30
0.0
 40
0.5000590158741267
100
AcDbArc
 50
0.0067592
 51
89.98556317
  0
ARC
  5
125
330
6F
100
AcDbEntity
  8
BLACK
100
AcDbCircle
 10
160.0258
 20
-237.6495
 30
0.0
 40
0.499858014645159
100
AcDbArc
 50
359.98372269
 51
90.01386951999998
  0
LINE
  5
126
330
6F
100
AcDbEntity
  8
BLACK
  6
Continuous
100
AcDbLine
 10
208.338179
 20
-213.049642
 30
0.0
 11
221.938179
 21
-213.049642
 31
0.0
  0
LINE
  5
127
330
6F
100
AcDbEntity
  8
BLACK
  6
Continuous
100
AcDbLine
 10
98.30067900000001
 20
-218.599642
 30
0.0
 11
98.30067900000001
 21
-231.599642
 31
0.0
  0
LINE
  5
128
330
6F
100
AcDbEntity
  8
BLACK
  6
Continuous
100
AcDbLine
 10
255.463179
 20
-180.499642
 30
0.0
 11
255.463179
 21
-193.499642
 31
0.0
  0
ARC
  5
129
330
6F
100
AcDbEntity
  8
BLACK
100
AcDbCircle
 10
18.435101
 20
-276.357076
 30
0.0
 40
3.075000159649589
100
AcDbArc
 50
21.96876739
 51
158.03123261
  0
ARC
  5
12A
330
6F
100
AcDbEntity
  8
BLACK
100
AcDbCircle
 10
83.82569999999999
 20
-250.6496
 30
0.0
 40
0.4999790017640742
100
AcDbArc
 50
269.99759369
 51
359.9951869499999
  0
ARC
  5
12B
330
6F
100
AcDbEntity
  8
BLACK
100
AcDbCircle
 10
213.1007
 20
-218.5996
 30
0.0
 40
0.5000210017639258
100
AcDbArc
 50
90.00240653999997
 51
180.00481264
  0
LINE
  5
12C
330
6F
100
AcDbEntity
  8
BLACK
  6
Continuous
100
AcDbLine
 10
250.513179
 20
-179.999642
 30
0.0
 11
236.913179
 21
-179.999642
 31
0.0
  0
ARC
  5
12D
330
6F
100
AcDbEntity
  8
BLACK
100
AcDbCircle
 10
160.7133
 20
-193.4995
 30
0.0
 40
0.500142014636843
100
AcDbArc
 50
180.0162667
 51
269.98613836
  0
ARC
  5
12E
330
6F
100
AcDbEntity
  8
BLACK
100
AcDbCircle
 10
179.0757
 20
-250.6496
 30
0.0
 40
0.4999790017640742
100
AcDbArc
 50
269.99759369
 51
359.9951869499999
  0
ARC
  5
12F
330
6F
100
AcDbEntity
  8
BLACK
100
AcDbCircle
 10
207.6507
 20
-231.5996
 30
0.0
 40
0.4999790017640742
100
AcDbArc
 50
269.99759369
 51
359.9951869499999
  0
LINE
  5
130
330
6F
100
AcDbEntity
  8
BLACK
  6
Continuous
100
AcDbLine
 10
212.832133
 20
-176.7067459999999
 30
0.0
 11
208.167894
 21
-172.042507
 31
0.0
  0
ARC
  5
131
330
6F
100
AcDbEntity
  8
BLACK
100
AcDbCircle
 10
13.0758
 20
-212.5495
 30
0.0
 40
0.5001420143959114
100
AcDbArc
 50
180.0162667
 51
269.98625292
  0
LINE
  5
132
330
6F
100
AcDbEntity
  8
BLACK
  6
Continuous
100
AcDbLine
 10
251.0131789999999
 20
-193.499642
 30
0.0
 11
251.0131789999999
 21
-180.499642
 31
0.0
  0
LINE
  5
133
330
6F
100
AcDbEntity
  8
BLACK
  6
Continuous
100
AcDbLine
 10
16.713226
 20
-171.749641
 30
0.0
 11
16.960787
 21
-171.749641
 31
0.0
  0
LINE
  5
134
330
6F
100
AcDbEntity
  8
BLACK
  6
Continuous
100
AcDbLine
 10
222.125679
 20
-256.699642
 30
0.0
 11
222.125679
 21
-269.699642
 31
0.0
  0
LINE
  5
135
330
6F
100
AcDbEntity
  8
BLACK
  6
Continuous
100
AcDbLine
 10
285.406929
 20
-218.124642
 30
0.0
 11
254.406929
 21
-218.124642
 31
0.0
  0
LINE
  5
136
330
6F
100
AcDbEntity
  8
BLACK
  6
Continuous
100
AcDbLine
 10
112.400679
 20
-218.099642
 30
0.0
 11
98.800679
 21
-218.099642
 31
0.0
  0
ARC
  5
137
330
6F
100
AcDbEntity
  8
BLACK
100
AcDbCircle
 10
40.9632
 20
-193.4997
 30
0.0
 40
0.4999790033641414
100
AcDbArc
 50
269.99759369
 51
0.00664659
  0
CIRCLE
  5
138
330
6F
100
AcDbEntity
  8
BLACK
100
AcDbCircle
 10
174.93096
 20
-263.199795
 30
0.0
 40
1.0
  0
LINE
  5
139
330
6F
100
AcDbEntity
  8
BLACK
  6
Continuous
100
AcDbLine
 10
236.225679
 20
-256.199642
 30
0.0
 11
222.625679
 21
-256.199642
 31
0.0
  0
ARC
  5
13A
330
6F
100
AcDbEntity
  8
BLACK
100
AcDbCircle
 10
281.464
 20
-275.0572
 30
0.0
 40
0.3999230007201386
100
AcDbArc
 50
201.95977327
 51
270.00343841
  0
ARC
  5
13B
330
6F
100
AcDbEntity
  8
BLACK
100
AcDbCircle
 10
141.6631999999999
 20
-269.6997
 30
0.0
 40
0.4999420004410511
100
AcDbArc
 50
179.9933532
 51
269.9975933
  0
ARC
  5
13C
330
6F
100
AcDbEntity
  8
BLACK
100
AcDbCircle
 10
155.9508
 20
-231.5995
 30
0.0
 40
0.500142014636843
100
AcDbArc
 50
180.0162667
 51
269.98613836
  0
LINE
  5
13D
330
6F
100
AcDbEntity
  8
BLACK
  6
Continuous
100
AcDbLine
 10
245.750679
 20
-218.099642
 30
0.0
 11
232.150679
 21
-218.099642
 31
0.0
  0
LINE
  5
13E
330
6F
100
AcDbEntity
  8
BLACK
  6
Continuous
100
AcDbLine
 10
274.5131789999999
 20
-180.499642
 30
0.0
 11
274.5131789999999
 21
-193.499642
 31
0.0
  0
ARC
  5
13F
330
6F
100
AcDbEntity
  8
BLACK
100
AcDbCircle
 10
211.9131
 20
-269.6495
 30
0.0
 40
0.5000790201608142
100
AcDbArc
 50
270.00905049
 51
359.98373057
  0
LINE
  5
140
330
6F
100
AcDbEntity
  8
BLACK
  6
Continuous
100
AcDbLine
 10
204.513226
 20
-173.849613
 30
0.0
 11
204.513226
 21
-172.249614
 31
0.0
  0
ARC
  5
141
330
6F
100
AcDbEntity
  8
BLACK
100
AcDbCircle
 10
98.80070000000001
 20
-218.5996
 30
0.0
 40
0.5000210017639258
100
AcDbArc
 50
90.00240653999997
 51
180.00481264
  0
ARC
  5
142
330
6F
100
AcDbEntity
  8
BLACK
100
AcDbCircle
 10
26.6758
 20
-199.5495
 30
0.0
 40
0.4998580144040905
100
AcDbArc
 50
359.98372269
 51
90.01375489000002
  0
LINE
  5
143
330
6F
100
AcDbEntity
  8
BLACK
  6
Continuous
100
AcDbLine
 10
12.575679
 20
-256.699643
 30
0.0
 11
12.575679
 21
-269.699641
 31
0.0
  0
ARC
  5
144
330
6F
100
AcDbEntity
  8
BLACK
100
AcDbCircle
 10
46.4132
 20
-180.4997
 30
0.0
 40
0.5000210033638587
100
AcDbArc
 50
90.00240654
 51
179.99335397
  0
ARC
  5
145
330
6F
100
AcDbEntity
  8
BLACK
100
AcDbCircle
 10
211.8282
 20
-277.457
 30
0.0
 40
1.00012300064792
100
AcDbArc
 50
225.00352434
 51
269.99793761
  0
ARC
  5
146
330
6F
100
AcDbEntity
  8
BLACK
100
AcDbCircle
 10
269.0656
 20
-175.1421
 30
0.0
 40
0.3999440027616366
100
AcDbArc
 50
21.96379571
 51
90.00673320000002
  0
LINE
  5
147
330
6F
100
AcDbEntity
  8
BLACK
  6
Continuous
100
AcDbLine
 10
74.300679
 20
-256.199642
 30
0.0
 11
60.70067899999998
 21
-256.199642
 31
0.0
  0
ARC
  5
148
330
6F
100
AcDbEntity
  8
BLACK
100
AcDbCircle
 10
15.113226
 20
-173.849637
 30
0.0
 40
4.059960610923214
100
AcDbArc
 50
200.80545571
 51
339.19453927
  0
ARC
  5
149
330
6F
100
AcDbEntity
  8
BLACK
100
AcDbCircle
 10
86.1767
 20
-274.2069
 30
0.0
 40
0.9998327284486141
100
AcDbArc
 50
89.99650434000001
 51
135.00465992
  0
LINE
  5
14A
330
6F
100
AcDbEntity
  8
BLACK
  6
Continuous
100
AcDbLine
 10
222.625679
 20
-270.199642
 30
0.0
 11
236.225679
 21
-270.199642
 31
0.0
  0
ARC
  5
14B
330
6F
100
AcDbEntity
  8
BLACK
100
AcDbCircle
 10
151.1883
 20
-212.5495
 30
0.0
 40
0.500142014636843
100
AcDbArc
 50
180.0162667
 51
269.98613836
  0
ARC
  5
14C
330
6F
100
AcDbEntity
  8
BLACK
100
AcDbCircle
 10
74.3007
 20
-231.5997
 30
0.0
 40
0.4999790033641414
100
AcDbArc
 50
269.99759369
 51
0.00664659
  0
ARC
  5
14D
330
6F
100
AcDbEntity
  8
BLACK
100
AcDbCircle
 10
189.2883
 20
-212.5495
 30
0.0
 40
0.500142014636843
100
AcDbArc
 50
180.0162667
 51
269.98613836
  0
LINE
  5
14E
330
6F
100
AcDbEntity
  8
BLACK
  6
Continuous
100
AcDbLine
 10
282.906929
 20
-232.074642
 30
0.0
 11
285.906929
 21
-230.342642
 31
0.0
  0
ARC
  5
14F
330
6F
100
AcDbEntity
  8
BLACK
100
AcDbCircle
 10
260.0382
 20
-212.5496
 30
0.0
 40
0.4999790017640742
100
AcDbArc
 50
269.99759369
 51
359.9951869499999
  0
LINE
  5
150
330
6F
100
AcDbEntity
  8
BLACK
  6
Continuous
100
AcDbLine
 10
40.01942899999999
 20
-251.124642
 30
0.0
 11
43.01942899999999
 21
-249.392642
 31
0.0
  0
LINE
  5
151
330
6F
100
AcDbEntity
  8
BLACK
  6
Continuous
100
AcDbLine
 10
13.07568
 20
-270.199642
 30
0.0
 11
26.675679
 21
-270.199642
 31
0.0
  0
LINE
  5
152
330
6F
100
AcDbEntity
  8
BLACK
  6
Continuous
100
AcDbLine
 10
7.813178999999999
 20
-180.499643
 30
0.0
 11
7.813178999999999
 21
-193.499641
 31
0.0
  0
ARC
  5
153
330
6F
100
AcDbEntity
  8
BLACK
100
AcDbCircle
 10
270.2507
 20
-199.5496
 30
0.0
 40
0.5000210017639258
100
AcDbArc
 50
90.00240653999997
 51
180.00481264
  0
ARC
  5
154
330
6F
100
AcDbEntity
  8
BLACK
100
AcDbCircle
 10
202.3906
 20
-175.1495
 30
0.0
 40
0.3998860027620371
100
AcDbArc
 50
21.95608913
 51
90.00673416999999
  0
ARC
  5
155
330
6F
100
AcDbEntity
  8
BLACK
100
AcDbCircle
 10
27.3632
 20
-180.4997
 30
0.0
 40
0.5000210033638587
100
AcDbArc
 50
90.00240654
 51
179.99335397
  0
LINE
  5
156
330
6F
100
AcDbEntity
  8
BLACK
  6
Continuous
100
AcDbLine
 10
29.556929
 20
-231.599642
 30
0.0
 11
29.556929
 21
-218.599642
 31
0.0
  0
ARC
  5
157
330
6F
100
AcDbEntity
  8
BLACK
100
AcDbCircle
 10
18.435101
 20
-276.357076
 30
0.0
 40
4.059960480128101
100
AcDbArc
 50
20.80542115
 51
159.19458386
  0
LINE
  5
158
330
6F
100
AcDbEntity
  8
BLACK
  6
Continuous
100
AcDbLine
 10
226.700679
 20
-218.099642
 30
0.0
 11
213.100679
 21
-218.099642
 31
0.0
  0
LINE
  5
159
330
6F
100
AcDbEntity
  8
BLACK
  6
Continuous
100
AcDbLine
 10
60.20067899999999
 20
-218.599642
 30
0.0
 11
60.20067899999999
 21
-231.599642
 31
0.0
  0
ARC
  5
15A
330
6F
100
AcDbEntity
  8
BLACK
100
AcDbCircle
 10
222.6256
 20
-256.6995
 30
0.0
 40
0.4999210201671861
100
AcDbArc
 50
89.99094502000003
 51
180.01627457
  0
ARC
  5
15B
330
6F
100
AcDbEntity
  8
BLACK
100
AcDbCircle
 10
207.6508
 20
-218.5995
 30
0.0
 40
0.499858014645159
100
AcDbArc
 50
359.98372269
 51
90.01386951999998
  0
LINE
  5
15C
330
6F
100
AcDbEntity
  8
BLACK
  6
Continuous
100
AcDbLine
 10
83.82567899999999
 20
-237.149642
 30
0.0
 11
70.225679
 21
-237.149642
 31
0.0
  0
LINE
  5
15D
330
6F
100
AcDbEntity
  8
BLACK
  6
Continuous
100
AcDbLine
 10
81.672027
 20
-275.457123
 30
0.0
 11
81.473399
 21
-275.457123
 31
0.0
  0
LINE
  5
15E
330
6F
100
AcDbEntity
  8
BLACK
  6
Continuous
100
AcDbLine
 10
17.335101
 20
-277.957075
 30
0.0
 11
17.335101
 21
-276.357076
 31
0.0
  0
ARC
  5
15F
330
6F
100
AcDbEntity
  8
BLACK
100
AcDbCircle
 10
107.6382
 20
-212.5496
 30
0.0
 40
0.4999790017640742
100
AcDbArc
 50
269.99759369
 51
359.9951869499999
  0
LINE
  5
160
330
6F
100
AcDbEntity
  8
BLACK
  6
Continuous
100
AcDbLine
 10
207.213226
 20
-171.7496139999999
 30
0.0
 11
207.460787
 21
-171.7496139999999
 31
0.0
  0
LINE
  5
161
330
6F
100
AcDbEntity
  8
BLACK
  6
Continuous
100
AcDbLine
 10
41.65067899999999
 20
-232.099642
 30
0.0
 11
55.25067899999999
 21
-232.099642
 31
0.0
  0
ARC
  5
162
330
6F
100
AcDbEntity
  8
BLACK
100
AcDbCircle
 10
126.6883
 20
-199.5495
 30
0.0
 40
0.499858014645159
100
AcDbArc
 50
359.98372269
 51
90.01386951999998
  0
ARC
  5
163
330
6F
100
AcDbEntity
  8
BLACK
100
AcDbCircle
 10
65.4632
 20
-180.4997
 30
0.0
 40
0.5000210033638587
100
AcDbArc
 50
90.00240654
 51
179.99335397
  0
LINE
  5
164
330
6F
100
AcDbEntity
  8
BLACK
  6
Continuous
100
AcDbLine
 10
89.088179
 20
-212.549642
 30
0.0
 11
89.088179
 21
-199.549642
 31
0.0
  0
ARC
  5
165
330
6F
100
AcDbEntity
  8
BLACK
100
AcDbCircle
 10
118.2893
 20
-175.9995
 30
0.0
 40
1.000139001799749
100
AcDbArc
 50
225.00320017
 51
269.99656273
  0
ARC
  5
166
330
6F
100
AcDbEntity
  8
BLACK
100
AcDbCircle
 10
170.2382
 20
-199.5496
 30
0.0
 40
0.5000210017639258
100
AcDbArc
 50
90.00240653999997
 51
180.00481264
  0
LINE
  5
167
330
6F
100
AcDbEntity
  8
BLACK
  6
Continuous
100
AcDbLine
 10
255.963179
 20
-193.999642
 30
0.0
 11
269.563179
 21
-193.999642
 31
0.0
  0
ARC
  5
168
330
6F
100
AcDbEntity
  8
BLACK
100
AcDbCircle
 10
102.4373
 20
-175.9998
 30
0.0
 40
0.999823534049884
100
AcDbArc
 50
269.99495716
 51
315.00291754
  0
ARC
  5
169
330
6F
100
AcDbEntity
  8
BLACK
100
AcDbCircle
 10
78.250726
 20
-276.357124
 30
0.0
 40
1.1
100
AcDbArc
 50
0.0
 51
180.0
  0
ARC
  5
16A
330
6F
100
AcDbEntity
  8
BLACK
100
AcDbCircle
 10
79.8507
 20
-277.9572
 30
0.0
 40
0.4999230006761042
100
AcDbArc
 50
179.99117599
 51
270.00297984
  0
ARC
  5
16B
330
6F
100
AcDbEntity
  8
BLACK
100
AcDbCircle
 10
8.3131
 20
-180.4996
 30
0.0
 40
0.4999210018492923
100
AcDbArc
 50
89.99083187000001
 51
180.00492822
  0
LINE
  5
16C
330
6F
100
AcDbEntity
  8
BLACK
  6
Continuous
100
AcDbLine
 10
26.67568
 20
-199.0496419999999
 30
0.0
 11
13.07568
 21
-199.0496419999999
 31
0.0
  0
LINE
  5
16D
330
6F
100
AcDbEntity
  8
BLACK
  6
Continuous
100
AcDbLine
 10
198.313179
 20
-180.499642
 30
0.0
 11
198.313179
 21
-193.499642
 31
0.0
  0
LINE
  5
16E
330
6F
100
AcDbEntity
  8
BLACK
  6
Continuous
100
AcDbLine
 10
18.33589899999999
 20
-174.749641
 30
0.0
 11
18.534527
 21
-174.749641
 31
0.0
  0
LINE
  5
16F
330
6F
100
AcDbEntity
  8
BLACK
  6
Continuous
100
AcDbLine
 10
279.514591
 20
-176.7067459999999
 30
0.0
 11
274.842894
 21
-172.035049
 31
0.0
  0
ARC
  5
170
330
6F
100
AcDbEntity
  8
BLACK
100
AcDbCircle
 10
127.3758
 20
-250.6495
 30
0.0
 40
0.500142014636843
100
AcDbArc
 50
180.0162667
 51
269.98613836
  0
ARC
  5
171
330
6F
100
AcDbEntity
  8
BLACK
100
AcDbCircle
 10
74.82940000000001
 20
-275.0572
 30
0.0
 40
0.3999230007201386
100
AcDbArc
 50
159.1830784
 51
270.00343841
  0
LINE
  5
172
330
6F
100
AcDbEntity
  8
BLACK
  6
Continuous
100
AcDbLine
 10
236.725679
 20
-250.649642
 30
0.0
 11
236.725679
 21
-237.649642
 31
0.0
  0
ARC
  5
173
330
6F
100
AcDbEntity
  8
BLACK
100
AcDbCircle
 10
215.5233
 20
-277.4572
 30
0.0
 40
0.9999366708627102
100
AcDbArc
 50
269.9992551
 51
315.00259308
  0
LINE
  5
174
330
6F
100
AcDbEntity
  8
BLACK
  6
Continuous
100
AcDbLine
 10
29.056929
 20
-218.099642
 30
0.0
 11
15.45693
 21
-218.099642
 31
0.0
  0
LINE
  5
175
330
6F
100
AcDbEntity
  8
BLACK
  6
Continuous
100
AcDbLine
 10
146.238179
 20
-212.549642
 30
0.0
 11
146.238179
 21
-199.549642
 31
0.0
  0
LINE
  5
176
330
6F
100
AcDbEntity
  8
BLACK
  6
Continuous
100
AcDbLine
 10
189.288179
 20
-213.049642
 30
0.0
 11
202.888179
 21
-213.049642
 31
0.0
  0
ARC
  5
177
330
6F
100
AcDbEntity
  8
BLACK
100
AcDbCircle
 10
15.0137
 20
-275.0571
 30
0.0
 40
0.3999750122520156
100
AcDbArc
 50
159.18622341
 51
270.01418159
  0
LINE
  5
178
330
6F
100
AcDbEntity
  8
BLACK
  6
Continuous
100
AcDbLine
 10
222.438179
 20
-212.549642
 30
0.0
 11
222.438179
 21
-199.549642
 31
0.0
  0
ARC
  5
179
330
6F
100
AcDbEntity
  8
BLACK
100
AcDbCircle
 10
20.035
 20
-277.9571
 30
0.0
 40
0.49997501020151
100
AcDbArc
 50
179.99713463
 51
270.01157433
  0
LINE
  5
17A
330
6F
100
AcDbEntity
  8
BLACK
  6
Continuous
100
AcDbLine
 10
141.663179
 20
-193.999642
 30
0.0
 11
155.2631789999999
 21
-193.999642
 31
0.0
  0
ARC
  5
17B
330
6F
100
AcDbEntity
  8
BLACK
100
AcDbCircle
 10
160.0257
 20
-250.6496
 30
0.0
 40
0.4999790017640742
100
AcDbArc
 50
269.99759369
 51
359.9951869499999
  0
ARC
  5
17C
330
6F
100
AcDbEntity
  8
BLACK
100
AcDbCircle
 10
140.9756999999999
 20
-250.6496
 30
0.0
 40
0.4999790017640742
100
AcDbArc
 50
269.99759369
 51
359.9951869499999
  0
ARC
  5
17D
330
6F
100
AcDbEntity
  8
BLACK
100
AcDbCircle
 10
51.1758
 20
-250.6495
 30
0.0
 40
0.500142014636843
100
AcDbArc
 50
180.0162667
 51
269.98613836
  0
ARC
  5
17E
330
6F
100
AcDbEntity
  8
BLACK
100
AcDbCircle
 10
15.457
 20
-218.5997
 30
0.0
 40
0.5000710033635223
100
AcDbArc
 50
90.00802099000003
 51
179.99335463
  0
LINE
  5
17F
330
6F
100
AcDbEntity
  8
BLACK
  6
Continuous
100
AcDbLine
 10
151.000679
 20
-231.599642
 30
0.0
 11
151.000679
 21
-218.599642
 31
0.0
  0
ARC
  5
180
330
6F
100
AcDbEntity
  8
BLACK
100
AcDbCircle
 10
60.7007
 20
-269.6997
 30
0.0
 40
0.4999420004410511
100
AcDbArc
 50
179.9933532
 51
269.9975933
  0
LINE
  5
181
330
6F
100
AcDbEntity
  8
BLACK
  6
Continuous
100
AcDbLine
 10
260.538179
 20
-212.549642
 30
0.0
 11
260.538179
 21
-199.549642
 31
0.0
  0
ARC
  5
182
330
6F
100
AcDbEntity
  8
BLACK
100
AcDbCircle
 10
69.5382
 20
-212.5497
 30
0.0
 40
0.4999790033641414
100
AcDbArc
 50
269.99759369
 51
0.00664659
  0
ARC
  5
183
330
6F
100
AcDbEntity
  8
BLACK
100
AcDbCircle
 10
21.8564
 20
-275.057
 30
0.0
 40
0.3999753374521984
100
AcDbArc
 50
270.00028643
 51
20.79524563
  0
LINE
  5
184
330
6F
100
AcDbEntity
  8
BLACK
  6
Continuous
100
AcDbLine
 10
117.663179
 20
-193.499642
 30
0.0
 11
117.663179
 21
-180.499642
 31
0.0
  0
LINE
  5
185
330
6F
100
AcDbEntity
  8
BLACK
  6
Continuous
100
AcDbLine
 10
271.188226
 20
-173.842155
 30
0.0
 11
271.188226
 21
-172.242156
 31
0.0
  0
ARC
  5
186
330
6F
100
AcDbEntity
  8
BLACK
100
AcDbCircle
 10
270.4406
 20
-172.7421
 30
0.0
 40
0.999915456651211
100
AcDbArc
 50
89.99633285999999
 51
134.99967586
  0
ARC
  5
187
330
6F
100
AcDbEntity
  8
BLACK
100
AcDbCircle
 10
108.3258
 20
-250.6495
 30
0.0
 40
0.500142014636843
100
AcDbArc
 50
180.0162667
 51
269.98613836
  0
LINE
  5
188
330
6F
100
AcDbEntity
  8
BLACK
  6
Continuous
100
AcDbLine
 10
208.835899
 20
-174.7496139999999
 30
0.0
 11
209.034527
 21
-174.7496139999999
 31
0.0
  0
LINE
  5
189
330
6F
100
AcDbEntity
  8
BLACK
  6
Continuous
100
AcDbLine
 10
41.46317899999999
 20
-193.499642
 30
0.0
 11
41.46317899999999
 21
-180.499642
 31
0.0
  0
ARC
  5
18A
330
6F
100
AcDbEntity
  8
BLACK
100
AcDbCircle
 10
94.03819999999999
 20
-199.5496
 30
0.0
 40
0.5000210017639258
100
AcDbArc
 50
90.00240653999997
 51
180.00481264
  0
ARC
  5
18B
330
6F
100
AcDbEntity
  8
BLACK
100
AcDbCircle
 10
213.675726
 20
-276.357124
 30
0.0
 40
1.1
100
AcDbArc
 50
0.0
 51
180.0
  0
LINE
  5
18C
330
6F
100
AcDbEntity
  8
BLACK
  6
Continuous
100
AcDbLine
 10
55.750679
 20
-231.599642
 30
0.0
 11
55.750679
 21
-218.599642
 31
0.0
  0
LINE
  5
18D
330
6F
100
AcDbEntity
  8
BLACK
  6
Continuous
100
AcDbLine
 10
288.610641
 20
-237.151645
 30
0.0
 11
275.010641
 21
-237.151645
 31
0.0
  0
ARC
  5
18E
330
6F
100
AcDbEntity
  8
BLACK
100
AcDbCircle
 10
76.65079999999999
 20
-277.9572
 30
0.0
 40
0.4999260059298777
100
AcDbArc
 50
269.99151892
 51
0.00882486
  0
LINE
  5
18F
330
6F
100
AcDbEntity
  8
BLACK
  6
Continuous
100
AcDbLine
 10
60.70067899999998
 20
-270.199642
 30
0.0
 11
74.300679
 21
-270.199642
 31
0.0
  0
ARC
  5
190
330
6F
100
AcDbEntity
  8
BLACK
100
AcDbCircle
 10
50.4882
 20
-256.6997
 30
0.0
 40
0.5000580004409489
100
AcDbArc
 50
0.00664582
 51
90.00240614
  0
ARC
  5
191
330
6F
100
AcDbEntity
  8
BLACK
100
AcDbCircle
 10
283.8506
 20
-269.6995
 30
0.0
 40
0.5000790201608142
100
AcDbArc
 50
270.00905049
 51
359.98373057
  0
ARC
  5
192
330
6F
100
AcDbEntity
  8
BLACK
100
AcDbCircle
 10
189.2882
 20
-199.5496
 30
0.0
 40
0.5000210017639258
100
AcDbArc
 50
90.00240653999997
 51
180.00481264
  0
LINE
  5
193
330
6F
100
AcDbEntity
  8
BLACK
  6
Continuous
100
AcDbLine
 10
117.582133
 20
-176.7067459999999
 30
0.0
 11
112.917894
 21
-172.042507
 31
0.0
  0
ARC
  5
194
330
6F
100
AcDbEntity
  8
BLACK
100
AcDbCircle
 10
274.1357999999999
 20
-172.7422
 30
0.0
 40
1.000044000084496
100
AcDbArc
 50
45.00230926
 51
90.00074481000002
  0
LINE
  5
195
330
6F
100
AcDbEntity
  8
BLACK
  6
Continuous
100
AcDbLine
 10
164.975679
 20
-237.649642
 30
0.0
 11
164.975679
 21
-250.649642
 31
0.0
  0
LINE
  5
196
330
6F
100
AcDbEntity
  8
BLACK
  6
Continuous
100
AcDbLine
 10
36.388179
 20
-199.549642
 30
0.0
 11
36.388179
 21
-212.549642
 31
0.0
  0
LINE
  5
197
330
6F
100
AcDbEntity
  8
BLACK
  6
Continuous
100
AcDbLine
 10
141.163179
 20
-256.699642
 30
0.0
 11
141.163179
 21
-269.699642
 31
0.0
  0
LINE
  5
198
330
6F
100
AcDbEntity
  8
BLACK
  6
Continuous
100
AcDbLine
 10
121.9256789999999
 20
-237.149642
 30
0.0
 11
108.325679
 21
-237.149642
 31
0.0
  0
ARC
  5
199
330
6F
100
AcDbEntity
  8
BLACK
100
AcDbCircle
 10
205.613226
 20
-173.849613
 30
0.0
 40
4.059959545336011
100
AcDbArc
 50
200.80541614
 51
339.19457885
  0
ARC
  5
19A
330
6F
100
AcDbEntity
  8
BLACK
100
AcDbCircle
 10
246.4383
 20
-212.5495
 30
0.0
 40
0.500142014636843
100
AcDbArc
 50
180.0162667
 51
269.98613836
  0
LINE
  5
19B
330
6F
100
AcDbEntity
  8
BLACK
  6
Continuous
100
AcDbLine
 10
201.426523
 20
-273.207076
 30
0.0
 11
200.721889
 21
-272.942838
 31
0.0
  0
LINE
  5
19C
330
6F
100
AcDbEntity
  8
BLACK
  6
Continuous
100
AcDbLine
 10
12.558557
 20
-172.042534
 30
0.0
 11
7.794344999999999
 21
-176.806746
 31
0.0
  0
LINE
  5
19D
330
6F
100
AcDbEntity
  8
BLACK
  6
Continuous
100
AcDbLine
 10
160.713179
 20
-193.999642
 30
0.0
 11
174.313179
 21
-193.999642
 31
0.0
  0
ARC
  5
19E
330
6F
100
AcDbEntity
  8
BLACK
100
AcDbCircle
 10
21.9133
 20
-180.4995
 30
0.0
 40
0.499858014645159
100
AcDbArc
 50
359.98372269
 51
90.01386951999998
  0
LINE
  5
19F
330
6F
100
AcDbEntity
  8
BLACK
  6
Continuous
100
AcDbLine
 10
160.025679
 20
-237.149642
 30
0.0
 11
146.425679
 21
-237.149642
 31
0.0
  0
ARC
  5
1A0
330
6F
100
AcDbEntity
  8
BLACK
100
AcDbCircle
 10
183.8382
 20
-212.5496
 30
0.0
 40
0.4999790017640742
100
AcDbArc
 50
269.99759369
 51
359.9951869499999
  0
LINE
  5
1A1
330
6F
100
AcDbEntity
  8
BLACK
  6
Continuous
100
AcDbLine
 10
86.176761
 20
-273.207076
 30
0.0
 11
90.499928
 21
-273.207076
 31
0.0
  0
LINE
  5
1A2
330
6F
100
AcDbEntity
  8
BLACK
  6
Continuous
100
AcDbLine
 10
91.20456199999999
 20
-272.942838
 30
0.0
 11
90.499928
 21
-273.207076
 31
0.0
  0
ARC
  5
1A3
330
6F
100
AcDbEntity
  8
BLACK
100
AcDbCircle
 10
113.0882
 20
-199.5496
 30
0.0
 40
0.5000210017639258
100
AcDbArc
 50
90.00240653999997
 51
180.00481264
  0
LINE
  5
1A4
330
6F
100
AcDbEntity
  8
BLACK
  6
Continuous
100
AcDbLine
 10
193.363179
 20
-179.999642
 30
0.0
 11
179.763179
 21
-179.999642
 31
0.0
  0
ARC
  5
1A5
330
6F
100
AcDbEntity
  8
BLACK
100
AcDbCircle
 10
210.4531
 20
-275.0571
 30
0.0
 40
0.399964695983283
100
AcDbArc
 50
269.99326813
 51
338.02570876
  0
ARC
  5
1A6
330
6F
100
AcDbEntity
  8
BLACK
100
AcDbCircle
 10
193.3633
 20
-180.4995
 30
0.0
 40
0.499858014645159
100
AcDbArc
 50
359.98372269
 51
90.01386951999998
  0
ARC
  5
1A7
330
6F
100
AcDbEntity
  8
BLACK
100
AcDbCircle
 10
55.25069999999999
 20
-231.5997
 30
0.0
 40
0.4999790033641414
100
AcDbArc
 50
269.99759369
 51
0.00664659
  0
LINE
  5
1A8
330
6F
100
AcDbEntity
  8
BLACK
  6
Continuous
100
AcDbLine
 10
11.691924
 20
-174.749641
 30
0.0
 11
11.890553
 21
-174.749641
 31
0.0
  0
ARC
  5
1A9
330
6F
100
AcDbEntity
  8
BLACK
100
AcDbCircle
 10
78.250725
 20
-276.357124
 30
0.0
 40
4.059959545336011
100
AcDbArc
 50
20.80541614
 51
159.19457885
  0
LINE
  5
1AA
330
6F
100
AcDbEntity
  8
BLACK
  6
Continuous
100
AcDbLine
 10
269.750679
 20
-199.549642
 30
0.0
 11
269.750679
 21
-212.549642
 31
0.0
  0
LINE
  5
1AB
330
6F
100
AcDbEntity
  8
BLACK
  6
Continuous
100
AcDbLine
 10
206.713226
 20
-172.249614
 30
0.0
 11
206.713226
 21
-173.849613
 31
0.0
  0
LINE
  5
1AC
330
6F
100
AcDbEntity
  8
BLACK
  6
Continuous
100
AcDbLine
 10
65.463179
 20
-193.999642
 30
0.0
 11
79.06317899999997
 21
-193.999642
 31
0.0
  0
ARC
  5
1AD
330
6F
100
AcDbEntity
  8
BLACK
100
AcDbCircle
 10
136.2133
 20
-180.4995
 30
0.0
 40
0.499858014645159
100
AcDbArc
 50
359.98372269
 51
90.01386951999998
  0
LINE
  5
1AE
330
6F
100
AcDbEntity
  8
BLACK
  6
Continuous
100
AcDbLine
 10
202.888179
 20
-199.0496419999999
 30
0.0
 11
189.288179
 21
-199.0496419999999
 31
0.0
  0
LINE
  5
1AF
330
6F
100
AcDbEntity
  8
BLACK
  6
Continuous
100
AcDbLine
 10
60.70067899999998
 20
-232.099642
 30
0.0
 11
74.300679
 21
-232.099642
 31
0.0
  0
ARC
  5
1B0
330
6F
100
AcDbEntity
  8
BLACK
100
AcDbCircle
 10
209.0345
 20
-175.1496
 30
0.0
 40
0.3999860009112819
100
AcDbArc
 50
339.19410871
 51
89.9961324
  0
ARC
  5
1B1
330
6F
100
AcDbEntity
  8
BLACK
100
AcDbCircle
 10
26.6756
 20
-269.6995
 30
0.0
 40
0.5000790201608142
100
AcDbArc
 50
270.00905049
 51
359.98373057
  0
ARC
  5
1B2
330
6F
100
AcDbEntity
  8
BLACK
100
AcDbCircle
 10
272.288226
 20
-173.842155
 30
0.0
 40
4.059959545336011
100
AcDbArc
 50
200.80541614
 51
339.19457885
  0
ARC
  5
1B3
330
6F
100
AcDbEntity
  8
BLACK
100
AcDbCircle
 10
20.2826
 20
-277.4569
 30
0.0
 40
1.000167189784787
100
AcDbArc
 50
270.00355172
 51
314.99546316
  0
LINE
  5
1B4
330
6F
100
AcDbEntity
  8
BLACK
  6
Continuous
100
AcDbLine
 10
211.913179
 20
-270.149642
 30
0.0
 11
199.3131789999999
 21
-270.149642
 31
0.0
  0
ARC
  5
1B5
330
6F
100
AcDbEntity
  8
BLACK
100
AcDbCircle
 10
21.6578
 20
-275.0571
 30
0.0
 40
0.3999750008450528
100
AcDbArc
 50
201.9640029
 51
269.99627554
  0
LINE
  5
1B6
330
6F
100
AcDbEntity
  8
BLACK
  6
Continuous
100
AcDbLine
 10
122.6131789999999
 20
-193.999642
 30
0.0
 11
136.213179
 21
-193.999642
 31
0.0
  0
LINE
  5
1B7
330
6F
100
AcDbEntity
  8
BLACK
  6
Continuous
100
AcDbLine
 10
64.775679
 20
-237.149642
 30
0.0
 11
51.175679
 21
-237.149642
 31
0.0
  0
ARC
  5
1B8
330
6F
100
AcDbEntity
  8
BLACK
100
AcDbCircle
 10
155.2633
 20
-180.4995
 30
0.0
 40
0.499858014645159
100
AcDbArc
 50
359.98372269
 51
90.01386951999998
  0
ARC
  5
1B9
330
6F
100
AcDbEntity
  8
BLACK
100
AcDbCircle
 10
60.01319999999999
 20
-193.4997
 30
0.0
 40
0.4999790033641414
100
AcDbArc
 50
269.99759369
 51
0.00664659
  0
LINE
  5
1BA
330
6F
100
AcDbEntity
  8
BLACK
  6
Continuous
100
AcDbLine
 10
109.263226
 20
-173.849613
 30
0.0
 11
109.263226
 21
-172.249614
 31
0.0
  0
ARC
  5
1BB
330
6F
100
AcDbEntity
  8
BLACK
100
AcDbCircle
 10
262.4191
 20
-250.6514
 30
0.0
 40
0.5003290210111742
100
AcDbArc
 50
270.74282056
 51
359.98339515
  0
LINE
  5
1BC
330
6F
100
AcDbEntity
  8
BLACK
  6
Continuous
100
AcDbLine
 10
217.363179
 20
-180.499642
 30
0.0
 11
217.363179
 21
-193.499642
 31
0.0
  0
ARC
  5
1BD
330
6F
100
AcDbEntity
  8
BLACK
100
AcDbCircle
 10
51.1757
 20
-237.6497
 30
0.0
 40
0.5000210033638587
100
AcDbArc
 50
90.00240654
 51
179.99335397
  0
ARC
  5
1BE
330
6F
100
AcDbEntity
  8
BLACK
100
AcDbCircle
 10
283.8508
 20
-199.5495
 30
0.0
 40
0.499858014645159
100
AcDbArc
 50
359.98372269
 51
90.01386951999998
  0
LINE
  5
1BF
330
6F
100
AcDbEntity
  8
BLACK
  6
Continuous
100
AcDbLine
 10
106.941924
 20
-174.7496139999999
 30
0.0
 11
107.140553
 21
-174.7496139999999
 31
0.0
  0
ARC
  5
1C0
330
6F
100
AcDbEntity
  8
BLACK
100
AcDbCircle
 10
102.8757
 20
-250.6496
 30
0.0
 40
0.4999790017640742
100
AcDbArc
 50
269.99759369
 51
359.9951869499999
  0
LINE
  5
1C1
330
6F
100
AcDbEntity
  8
BLACK
  6
Continuous
100
AcDbLine
 10
184.338179
 20
-212.549642
 30
0.0
 11
184.338179
 21
-199.549642
 31
0.0
  0
LINE
  5
1C2
330
6F
100
AcDbEntity
  8
BLACK
  6
Continuous
100
AcDbLine
 10
270.440664
 20
-171.742156
 30
0.0
 11
270.688226
 21
-171.742156
 31
0.0
  0
ARC
  5
1C3
330
6F
100
AcDbEntity
  8
BLACK
100
AcDbCircle
 10
169.5508
 20
-218.5995
 30
0.0
 40
0.499858014645159
100
AcDbArc
 50
359.98372269
 51
90.01386951999998
  0
LINE
  5
1C4
330
6F
100
AcDbEntity
  8
BLACK
  6
Continuous
100
AcDbLine
 10
74.800679
 20
-269.699642
 30
0.0
 11
74.800679
 21
-256.699642
 31
0.0
  0
ARC
  5
1C5
330
6F
100
AcDbEntity
  8
BLACK
100
AcDbCircle
 10
15.457
 20
-231.5996
 30
0.0
 40
0.5000420048995884
100
AcDbArc
 50
180.00481224
 51
269.99197926
  0
ARC
  5
1C6
330
6F
100
AcDbEntity
  8
BLACK
100
AcDbCircle
 10
132.1383
 20
-212.5495
 30
0.0
 40
0.500142014636843
100
AcDbArc
 50
180.0162667
 51
269.98613836
  0
LINE
  5
1C7
330
6F
100
AcDbEntity
  8
BLACK
  6
Continuous
100
AcDbLine
 10
146.425679
 20
-251.149642
 30
0.0
 11
160.025679
 21
-251.149642
 31
0.0
  0
ARC
  5
1C8
330
6F
100
AcDbEntity
  8
BLACK
100
AcDbCircle
 10
85.00659999999999
 20
-269.6497
 30
0.0
 40
0.4999420004410511
100
AcDbArc
 50
179.9933532
 51
269.9975933
  0
ARC
  5
1C9
330
6F
100
AcDbEntity
  8
BLACK
100
AcDbCircle
 10
276.3938
 20
-277.4572
 30
0.0
 40
0.9999230000605045
100
AcDbArc
 50
224.99643458
 51
269.9993697
  0
LINE
  5
1CA
330
6F
100
AcDbEntity
  8
BLACK
  6
Continuous
100
AcDbLine
 10
70.038179
 20
-212.549642
 30
0.0
 11
70.038179
 21
-199.549642
 31
0.0
  0
LINE
  5
1CB
330
6F
100
AcDbEntity
  8
BLACK
  6
Continuous
100
AcDbLine
 10
203.765664
 20
-171.7496139999999
 30
0.0
 11
204.013226
 21
-171.7496139999999
 31
0.0
  0
LINE
  5
1CC
330
6F
100
AcDbEntity
  8
BLACK
  6
Continuous
100
AcDbLine
 10
98.61317900000001
 20
-193.499642
 30
0.0
 11
98.61317900000001
 21
-180.499642
 31
0.0
  0
ARC
  5
1CD
330
6F
100
AcDbEntity
  8
BLACK
100
AcDbCircle
 10
169.5507
 20
-231.5996
 30
0.0
 40
0.4999790017640742
100
AcDbArc
 50
269.99759369
 51
359.9951869499999
  0
LINE
  5
1CE
330
6F
100
AcDbEntity
  8
BLACK
  6
Continuous
100
AcDbLine
 10
260.038179
 20
-199.0496419999999
 30
0.0
 11
246.438179
 21
-199.0496419999999
 31
0.0
  0
LINE
  5
1CF
330
6F
100
AcDbEntity
  8
BLACK
  6
Continuous
100
AcDbLine
 10
84.013179
 20
-180.499642
 30
0.0
 11
84.013179
 21
-193.499642
 31
0.0
  0
LINE
  5
1D0
330
6F
100
AcDbEntity
  8
BLACK
  6
Continuous
100
AcDbLine
 10
11.019429
 20
-237.6746419999999
 30
0.0
 11
11.019429
 21
-249.392642
 31
0.0
  0
LINE
  5
1D1
330
6F
100
AcDbEntity
  8
BLACK
  6
Continuous
100
AcDbLine
 10
46.41317899999999
 20
-193.999642
 30
0.0
 11
60.01317899999999
 21
-193.999642
 31
0.0
  0
LINE
  5
1D2
330
6F
100
AcDbEntity
  8
BLACK
  6
Continuous
100
AcDbLine
 10
270.250679
 20
-213.049642
 30
0.0
 11
283.850679
 21
-213.049642
 31
0.0
  0
LINE
  5
1D3
330
6F
100
AcDbEntity
  8
BLACK
  6
Continuous
100
AcDbLine
 10
213.100679
 20
-232.099642
 30
0.0
 11
226.700679
 21
-232.099642
 31
0.0
  0
ARC
  5
1D4
330
6F
100
AcDbEntity
  8
BLACK
100
AcDbCircle
 10
231.4633
 20
-180.4995
 30
0.0
 40
0.499858014645159
100
AcDbArc
 50
359.98372269
 51
90.01386951999998
  0
ARC
  5
1D5
330
6F
100
AcDbEntity
  8
BLACK
100
AcDbCircle
 10
275.7093999999999
 20
-175.1422
 30
0.0
 40
0.4000440201590321
100
AcDbArc
 50
339.20695943
 51
89.98181059
  0
LINE
  5
1D6
330
6F
100
AcDbEntity
  8
BLACK
  6
Continuous
100
AcDbLine
 10
155.2631789999999
 20
-179.999642
 30
0.0
 11
141.663179
 21
-179.999642
 31
0.0
  0
LINE
  5
1D7
330
6F
100
AcDbEntity
  8
BLACK
  6
Continuous
100
AcDbLine
 10
122.113179
 20
-180.499642
 30
0.0
 11
122.113179
 21
-193.499642
 31
0.0
  0
LINE
  5
1D8
330
6F
100
AcDbEntity
  8
BLACK
  6
Continuous
100
AcDbLine
 10
165.475679
 20
-251.149642
 30
0.0
 11
179.075679
 21
-251.149642
 31
0.0
  0
ARC
  5
1D9
330
6F
100
AcDbEntity
  8
BLACK
100
AcDbCircle
 10
110.363226
 20
-173.849613
 30
0.0
 40
4.059959545336011
100
AcDbArc
 50
200.80541614
 51
339.19457885
  0
ARC
  5
1DA
330
6F
100
AcDbEntity
  8
BLACK
100
AcDbCircle
 10
27.3633
 20
-193.4995
 30
0.0
 40
0.500142014636843
100
AcDbArc
 50
180.0162667
 51
269.98613836
  0
LINE
  5
1DB
330
6F
100
AcDbEntity
  8
BLACK
  6
Continuous
100
AcDbLine
 10
188.600679
 20
-218.099642
 30
0.0
 11
175.000679
 21
-218.099642
 31
0.0
  0
LINE
  5
1DC
330
6F
100
AcDbEntity
  8
BLACK
  6
Continuous
100
AcDbLine
 10
245.938179
 20
-256.699642
 30
0.0
 11
245.938179
 21
-269.699642
 31
0.0
  0
LINE
  5
1DD
330
6F
100
AcDbEntity
  8
BLACK
  6
Continuous
100
AcDbLine
 10
216.230394
 20
-278.16423
 30
0.0
 11
220.894654
 21
-273.4999689999999
 31
0.0
  0
LINE
  5
1DE
330
6F
100
AcDbEntity
  8
BLACK
  6
Continuous
100
AcDbLine
 10
11.019429
 20
-249.392642
 30
0.0
 11
14.019429
 21
-251.124642
 31
0.0
  0
LINE
  5
1DF
330
6F
100
AcDbEntity
  8
BLACK
  6
Continuous
100
AcDbLine
 10
217.175679
 20
-237.149642
 30
0.0
 11
203.575679
 21
-237.149642
 31
0.0
  0
ARC
  5
1E0
330
6F
100
AcDbEntity
  8
BLACK
100
AcDbCircle
 10
165.4757
 20
-237.6496
 30
0.0
 40
0.5000210017639258
100
AcDbArc
 50
90.00240653999997
 51
180.00481264
  0
ARC
  5
1E1
330
6F
100
AcDbEntity
  8
BLACK
100
AcDbCircle
 10
245.7507
 20
-231.5996
 30
0.0
 40
0.4999790017640742
100
AcDbArc
 50
269.99759369
 51
359.9951869499999
  0
ARC
  5
1E2
330
6F
100
AcDbEntity
  8
BLACK
100
AcDbCircle
 10
285.4068
 20
-218.6248
 30
0.0
 40
0.5001580166357429
100
AcDbArc
 50
0.01810051
 51
89.98522235999999
  0
ARC
  5
1E3
330
6F
100
AcDbEntity
  8
BLACK
100
AcDbCircle
 10
264.3546999999999
 20
-175.9995
 30
0.0
 40
1.000136782863723
100
AcDbArc
 50
270.00309354
 51
314.99655676
  0
LINE
  5
1E4
330
6F
100
AcDbEntity
  8
BLACK
  6
Continuous
100
AcDbLine
 10
5.588225999999999
 20
-178.099639
 30
0.0
 11
5.588225999999999
 21
-272.107076
 31
0.0
  0
ARC
  5
1E5
330
6F
100
AcDbEntity
  8
BLACK
100
AcDbCircle
 10
226.7008
 20
-218.5995
 30
0.0
 40
0.499858014645159
100
AcDbArc
 50
359.98372269
 51
90.01386951999998
  0
ARC
  5
1E6
330
6F
100
AcDbEntity
  8
BLACK
100
AcDbCircle
 10
74.3007
 20
-256.6997
 30
0.0
 40
0.5000580004409489
100
AcDbArc
 50
0.00664582
 51
90.00240614
  0
ARC
  5
1E7
330
6F
100
AcDbEntity
  8
BLACK
100
AcDbCircle
 10
70.22579999999999
 20
-250.6495
 30
0.0
 40
0.500142014636843
100
AcDbArc
 50
180.0162667
 51
269.98613836
  0
ARC
  5
1E8
330
6F
100
AcDbEntity
  8
BLACK
100
AcDbCircle
 10
184.5258
 20
-250.6495
 30
0.0
 40
0.500142014636843
100
AcDbArc
 50
180.0162667
 51
269.98613836
  0
LINE
  5
1E9
330
6F
100
AcDbEntity
  8
BLACK
  6
Continuous
100
AcDbLine
 10
84.51317899999999
 20
-193.999642
 30
0.0
 11
98.113179
 21
-193.999642
 31
0.0
  0
LINE
  5
1EA
330
6F
100
AcDbEntity
  8
BLACK
  6
Continuous
100
AcDbLine
 10
108.515664
 20
-171.7496139999999
 30
0.0
 11
108.763226
 21
-171.7496139999999
 31
0.0
  0
LINE
  5
1EB
330
6F
100
AcDbEntity
  8
BLACK
  6
Continuous
100
AcDbLine
 10
269.7335569999999
 20
-172.035049
 30
0.0
 11
265.0618609999999
 21
-176.7067459999999
 31
0.0
  0
LINE
  5
1EC
330
6F
100
AcDbEntity
  8
BLACK
  6
Continuous
100
AcDbLine
 10
160.213179
 20
-180.499642
 30
0.0
 11
160.213179
 21
-193.499642
 31
0.0
  0
LINE
  5
1ED
330
6F
100
AcDbEntity
  8
BLACK
  6
Continuous
100
AcDbLine
 10
60.51317899999999
 20
-193.499642
 30
0.0
 11
60.51317899999999
 21
-180.499642
 31
0.0
  0
ARC
  5
1EE
330
6F
100
AcDbEntity
  8
BLACK
100
AcDbCircle
 10
227.3883
 20
-212.5495
 30
0.0
 40
0.500142014636843
100
AcDbArc
 50
180.0162667
 51
269.98613836
  0
ARC
  5
1EF
330
6F
100
AcDbEntity
  8
BLACK
100
AcDbCircle
 10
212.4133
 20
-180.4995
 30
0.0
 40
0.499858014645159
100
AcDbArc
 50
359.98372269
 51
90.01386951999998
  0
ARC
  5
1F0
330
6F
100
AcDbEntity
  8
BLACK
100
AcDbCircle
 10
98.80079999999999
 20
-231.5995
 30
0.0
 40
0.500142014636843
100
AcDbArc
 50
180.0162667
 51
269.98613836
  0
ARC
  5
1F1
330
6F
100
AcDbEntity
  8
BLACK
100
AcDbCircle
 10
111.9633
 20
-172.2497
 30
0.0
 40
0.5000740073949056
100
AcDbArc
 50
90.00847831999999
 51
179.99014658
  0
LINE
  5
1F2
330
6F
100
AcDbEntity
  8
BLACK
  6
Continuous
100
AcDbLine
 10
74.300679
 20
-218.099642
 30
0.0
 11
60.70067899999998
 21
-218.099642
 31
0.0
  0
LINE
  5
1F3
330
6F
100
AcDbEntity
  8
BLACK
  6
Continuous
100
AcDbLine
 10
50.675679
 20
-237.649642
 30
0.0
 11
50.675679
 21
-250.649642
 31
0.0
  0
LINE
  5
1F4
330
6F
100
AcDbEntity
  8
BLACK
  6
Continuous
100
AcDbLine
 10
21.856402
 20
-275.457075
 30
0.0
 11
21.657774
 21
-275.457075
 31
0.0
  0
ARC
  5
1F5
330
6F
100
AcDbEntity
  8
BLACK
100
AcDbCircle
 10
275.0104999999999
 20
-237.6515
 30
0.0
 40
0.4998590210309303
100
AcDbArc
 50
89.98383657999999
 51
180.01662046
  0
ARC
  5
1F6
330
6F
100
AcDbEntity
  8
BLACK
100
AcDbCircle
 10
221.9382
 20
-212.5496
 30
0.0
 40
0.4999790017640742
100
AcDbArc
 50
269.99759369
 51
359.9951869499999
  0
ARC
  5
1F7
330
6F
100
AcDbEntity
  8
BLACK
100
AcDbCircle
 10
205.613226
 20
-173.849613
 30
0.0
 40
3.075000159649589
100
AcDbArc
 50
201.96876739
 51
338.03123261
  0
ARC
  5
1F8
330
6F
100
AcDbEntity
  8
BLACK
100
AcDbCircle
 10
141.6633
 20
-193.4995
 30
0.0
 40
0.500142014636843
100
AcDbArc
 50
180.0162667
 51
269.98613836
  0
CIRCLE
  5
1F9
330
6F
100
AcDbEntity
  8
BLACK
100
AcDbCircle
 10
243.7468459999999
 20
-263.200056
 30
0.0
 40
1.0
  0
LINE
  5
1FA
330
6F
100
AcDbEntity
  8
BLACK
  6
Continuous
100
AcDbLine
 10
175.000679
 20
-232.099642
 30
0.0
 11
188.600679
 21
-232.099642
 31
0.0
  0
ARC
  5
1FB
330
6F
100
AcDbEntity
  8
BLACK
100
AcDbCircle
 10
117.1633
 20
-180.4995
 30
0.0
 40
0.499858014645159
100
AcDbArc
 50
359.98372269
 51
90.01386951999998
  0
CIRCLE
  5
1FC
330
6F
100
AcDbEntity
  8
BLACK
100
AcDbCircle
 10
24.63016
 20
-186.999642
 30
0.0
 40
1.0
  0
LINE
  5
1FD
330
6F
100
AcDbEntity
  8
BLACK
  6
Continuous
100
AcDbLine
 10
26.361088
 20
-273.207076
 30
0.0
 11
70.32469
 21
-273.207076
 31
0.0
  0
ARC
  5
1FE
330
6F
100
AcDbEntity
  8
BLACK
100
AcDbCircle
 10
50.4882
 20
-212.5497
 30
0.0
 40
0.4999790033641414
100
AcDbArc
 50
269.99759369
 51
0.00664659
  0
LINE
  5
1FF
330
6F
100
AcDbEntity
  8
BLACK
  6
Continuous
100
AcDbLine
 10
6.588225999999999
 20
-273.107076
 30
0.0
 11
10.409113
 21
-273.107076
 31
0.0
  0
ARC
  5
200
330
6F
100
AcDbEntity
  8
BLACK
100
AcDbCircle
 10
215.2757
 20
-277.9572
 30
0.0
 40
0.4999230006761042
100
AcDbArc
 50
179.99117599
 51
270.00297984
  0
ARC
  5
201
330
6F
100
AcDbEntity
  8
BLACK
100
AcDbCircle
 10
203.5758
 20
-250.6495
 30
0.0
 40
0.500142014636843
100
AcDbArc
 50
180.0162667
 51
269.98613836
  0
LINE
  5
202
330
6F
100
AcDbEntity
  8
BLACK
  6
Continuous
100
AcDbLine
 10
198.625679
 20
-250.649642
 30
0.0
 11
198.625679
 21
-237.649642
 31
0.0
  0
LINE
  5
203
330
6F
100
AcDbEntity
  8
BLACK
  6
Continuous
100
AcDbLine
 10
184.025679
 20
-237.649642
 30
0.0
 11
184.025679
 21
-250.649642
 31
0.0
  0
LINE
  5
204
330
6F
100
AcDbEntity
  8
BLACK
  6
Continuous
100
AcDbLine
 10
203.075679
 20
-237.649642
 30
0.0
 11
203.075679
 21
-250.649642
 31
0.0
  0
LINE
  5
205
330
6F
100
AcDbEntity
  8
BLACK
  6
Continuous
100
AcDbLine
 10
222.625679
 20
-251.149642
 30
0.0
 11
236.225679
 21
-251.149642
 31
0.0
  0
LINE
  5
206
330
6F
100
AcDbEntity
  8
BLACK
  6
Continuous
100
AcDbLine
 10
217.675679
 20
-250.649642
 30
0.0
 11
217.675679
 21
-237.649642
 31
0.0
  0
LINE
  5
207
330
6F
100
AcDbEntity
  8
BLACK
  6
Continuous
100
AcDbLine
 10
103.375679
 20
-250.649642
 30
0.0
 11
103.375679
 21
-237.649642
 31
0.0
  0
LINE
  5
208
330
6F
100
AcDbEntity
  8
BLACK
  6
Continuous
100
AcDbLine
 10
140.975679
 20
-237.149642
 30
0.0
 11
127.375679
 21
-237.149642
 31
0.0
  0
ARC
  5
209
330
6F
100
AcDbEntity
  8
BLACK
100
AcDbCircle
 10
245.7508
 20
-218.5995
 30
0.0
 40
0.499858014645159
100
AcDbArc
 50
359.98372269
 51
90.01386951999998
  0
LINE
  5
20A
330
6F
100
AcDbEntity
  8
BLACK
  6
Continuous
100
AcDbLine
 10
41.15067899999999
 20
-218.599642
 30
0.0
 11
41.15067899999999
 21
-231.599642
 31
0.0
  0
ARC
  5
20B
330
6F
100
AcDbEntity
  8
BLACK
100
AcDbCircle
 10
236.2257
 20
-256.6997
 30
0.0
 40
0.5000580004409489
100
AcDbArc
 50
0.00664582
 51
90.00240614
  0
LINE
  5
20C
330
6F
100
AcDbEntity
  8
BLACK
  6
Continuous
100
AcDbLine
 10
150.688179
 20
-199.549642
 30
0.0
 11
150.688179
 21
-212.549642
 31
0.0
  0
ARC
  5
20D
330
6F
100
AcDbEntity
  8
BLACK
100
AcDbCircle
 10
79.75069999999999
 20
-218.5996
 30
0.0
 40
0.5000210017639258
100
AcDbArc
 50
90.00240653999997
 51
180.00481264
  0
LINE
  5
20E
330
6F
100
AcDbEntity
  8
BLACK
  6
Continuous
100
AcDbLine
 10
69.725679
 20
-237.649642
 30
0.0
 11
69.725679
 21
-250.649642
 31
0.0
  0
LINE
  5
20F
330
6F
100
AcDbEntity
  8
BLACK
  6
Continuous
100
AcDbLine
 10
198.125679
 20
-237.149642
 30
0.0
 11
184.525679
 21
-237.149642
 31
0.0
  0
LINE
  5
210
330
6F
100
AcDbEntity
  8
BLACK
  6
Continuous
100
AcDbLine
 10
89.27567899999999
 20
-251.149642
 30
0.0
 11
102.875679
 21
-251.149642
 31
0.0
  0
ARC
  5
211
330
6F
100
AcDbEntity
  8
BLACK
100
AcDbCircle
 10
36.8882
 20
-199.5497
 30
0.0
 40
0.5000210033638587
100
AcDbArc
 50
90.00240654
 51
179.99335397
  0
LINE
  5
212
330
6F
100
AcDbEntity
  8
BLACK
  6
Continuous
100
AcDbLine
 10
212.413179
 20
-179.999642
 30
0.0
 11
198.813179
 21
-179.999642
 31
0.0
  0
LINE
  5
213
330
6F
100
AcDbEntity
  8
BLACK
  6
Continuous
100
AcDbLine
 10
43.01942899999999
 20
-249.392642
 30
0.0
 11
43.01942899999999
 21
-237.6746419999999
 31
0.0
  0
LINE
  5
214
330
6F
100
AcDbEntity
  8
BLACK
  6
Continuous
100
AcDbLine
 10
80.80539400000001
 20
-278.16423
 30
0.0
 11
85.46965399999999
 21
-273.4999689999999
 31
0.0
  0
CIRCLE
  5
215
330
6F
100
AcDbEntity
  8
BLACK
100
AcDbCircle
 10
272.288404
 20
-244.149742
 30
0.0
 40
1.0
  0
ARC
  5
216
330
6F
100
AcDbEntity
  8
BLACK
100
AcDbCircle
 10
121.9258
 20
-237.6495
 30
0.0
 40
0.499858014645159
100
AcDbArc
 50
359.98372269
 51
90.01386951999998
  0
ARC
  5
217
330
6F
100
AcDbEntity
  8
BLACK
100
AcDbCircle
 10
160.7132
 20
-180.4996
 30
0.0
 40
0.5000210017639258
100
AcDbArc
 50
90.00240653999997
 51
180.00481264
  0
ARC
  5
218
330
6F
100
AcDbEntity
  8
BLACK
100
AcDbCircle
 10
7.087199999999999
 20
-176.0995
 30
0.0
 40
1.000125469899152
100
AcDbArc
 50
270.00217694
 51
314.99590858
  0
ARC
  5
219
330
6F
100
AcDbEntity
  8
BLACK
100
AcDbCircle
 10
216.8984
 20
-275.0572
 30
0.0
 40
0.3999230000012503
100
AcDbArc
 50
201.95843405
 51
269.99985673
  0
ARC
  5
21A
330
6F
100
AcDbEntity
  8
BLACK
100
AcDbCircle
 10
288.613267
 20
-180.499512
 30
0.0
 40
0.499870007746014
100
AcDbArc
 50
359.98509922
 51
90.01008668
  0
LINE
  5
21B
330
6F
100
AcDbEntity
  8
BLACK
  6
Continuous
100
AcDbLine
 10
170.050679
 20
-231.599642
 30
0.0
 11
170.050679
 21
-218.599642
 31
0.0
  0
ARC
  5
21C
330
6F
100
AcDbEntity
  8
BLACK
100
AcDbCircle
 10
270.6881
 20
-172.2422
 30
0.0
 40
0.5000440158746028
100
AcDbArc
 50
0.00504076
 51
89.98556273
  0
LINE
  5
21D
330
6F
100
AcDbEntity
  8
BLACK
  6
Continuous
100
AcDbLine
 10
283.850679
 20
-256.199642
 30
0.0
 11
270.250679
 21
-256.199642
 31
0.0
  0
LINE
  5
21E
330
6F
100
AcDbEntity
  8
BLACK
  6
Continuous
100
AcDbLine
 10
227.200679
 20
-231.599642
 30
0.0
 11
227.200679
 21
-218.599642
 31
0.0
  0
ARC
  5
21F
330
6F
100
AcDbEntity
  8
BLACK
100
AcDbCircle
 10
74.3006
 20
-269.6995
 30
0.0
 40
0.5000790201608142
100
AcDbArc
 50
270.00905049
 51
359.98373057
  0
LINE
  5
220
330
6F
100
AcDbEntity
  8
BLACK
  6
Continuous
100
AcDbLine
 10
198.813179
 20
-193.999642
 30
0.0
 11
212.413179
 21
-193.999642
 31
0.0
  0
ARC
  5
221
330
6F
100
AcDbEntity
  8
BLACK
100
AcDbCircle
 10
248.8192
 20
-237.6515
 30
0.0
 40
0.4997710210346334
100
AcDbArc
 50
89.97374414999999
 51
180.01662339
  0
ARC
  5
222
330
6F
100
AcDbEntity
  8
BLACK
100
AcDbCircle
 10
70.2257
 20
-237.6497
 30
0.0
 40
0.5000210033638587
100
AcDbArc
 50
90.00240654
 51
179.99335397
  0
ARC
  5
223
330
6F
100
AcDbEntity
  8
BLACK
100
AcDbCircle
 10
278.241351
 20
-276.357124
 30
0.0
 40
1.1
100
AcDbArc
 50
0.0
 51
180.0
  0
LINE
  5
224
330
6F
100
AcDbEntity
  8
BLACK
  6
Continuous
100
AcDbLine
 10
112.588179
 20
-199.549642
 30
0.0
 11
112.588179
 21
-212.549642
 31
0.0
  0
CIRCLE
  5
225
330
6F
100
AcDbEntity
  8
BLACK
100
AcDbCircle
 10
9.122213
 20
-217.675654
 30
0.0
 40
1.0
  0
ARC
  5
226
330
6F
100
AcDbEntity
  8
BLACK
100
AcDbCircle
 10
213.1008
 20
-231.5995
 30
0.0
 40
0.500142014636843
100
AcDbArc
 50
180.0162667
 51
269.98613836
  0
ARC
  5
227
330
6F
100
AcDbEntity
  8
BLACK
100
AcDbCircle
 10
141.6631
 20
-256.6995
 30
0.0
 40
0.4999210201671861
100
AcDbArc
 50
89.99094502000003
 51
180.01627457
  0
LINE
  5
228
330
6F
100
AcDbEntity
  8
BLACK
  6
Continuous
100
AcDbLine
 10
88.588179
 20
-199.0496419999999
 30
0.0
 11
74.988179
 21
-199.0496419999999
 31
0.0
  0
LINE
  5
229
330
6F
100
AcDbEntity
  8
BLACK
  6
Continuous
100
AcDbLine
 10
74.988179
 20
-213.049642
 30
0.0
 11
88.588179
 21
-213.049642
 31
0.0
  0
LINE
  5
22A
330
6F
100
AcDbEntity
  8
BLACK
  6
Continuous
100
AcDbLine
 10
27.175679
 20
-269.699642
 30
0.0
 11
27.175679
 21
-256.699642
 31
0.0
  0
LINE
  5
22B
330
6F
100
AcDbEntity
  8
BLACK
  6
Continuous
100
AcDbLine
 10
26.863179
 20
-180.499642
 30
0.0
 11
26.863179
 21
-193.499642
 31
0.0
  0
ARC
  5
22C
330
6F
100
AcDbEntity
  8
BLACK
100
AcDbCircle
 10
203.5757
 20
-237.6496
 30
0.0
 40
0.5000210017639258
100
AcDbArc
 50
90.00240653999997
 51
180.00481264
  0
LINE
  5
22D
330
6F
100
AcDbEntity
  8
BLACK
  6
Continuous
100
AcDbLine
 10
132.138179
 20
-213.049642
 30
0.0
 11
145.738179
 21
-213.049642
 31
0.0
  0
ARC
  5
22E
330
6F
100
AcDbEntity
  8
BLACK
100
AcDbCircle
 10
81.47339999999999
 20
-275.0572
 30
0.0
 40
0.3999230000012503
100
AcDbArc
 50
201.95843405
 51
269.99985673
  0
ARC
  5
22F
330
6F
100
AcDbEntity
  8
BLACK
100
AcDbCircle
 10
23.0392
 20
-175.9998
 30
0.0
 40
0.9998390000845136
100
AcDbArc
 50
224.99400316
 51
270.00074497
  0
LINE
  5
230
330
6F
100
AcDbEntity
  8
BLACK
  6
Continuous
100
AcDbLine
 10
155.450679
 20
-218.599642
 30
0.0
 11
155.450679
 21
-231.599642
 31
0.0
  0
ARC
  5
231
330
6F
100
AcDbEntity
  8
BLACK
100
AcDbCircle
 10
236.2258
 20
-237.6495
 30
0.0
 40
0.499858014645159
100
AcDbArc
 50
359.98372269
 51
90.01386951999998
  0
LINE
  5
232
330
6F
100
AcDbEntity
  8
BLACK
  6
Continuous
100
AcDbLine
 10
97.60657899999999
 20
-256.249642
 30
0.0
 11
85.006579
 21
-256.249642
 31
0.0
  0
LINE
  5
233
330
6F
100
AcDbEntity
  8
BLACK
  6
Continuous
100
AcDbLine
 10
260.538179
 20
-269.699642
 30
0.0
 11
260.538179
 21
-256.699642
 31
0.0
  0
CIRCLE
  5
234
330
6F
100
AcDbEntity
  8
BLACK
100
AcDbCircle
 10
100.821313
 20
-186.999642
 30
0.0
 40
1.0
  0
ARC
  5
235
330
6F
100
AcDbEntity
  8
BLACK
100
AcDbCircle
 10
222.6257
 20
-237.6496
 30
0.0
 40
0.5000210017639258
100
AcDbArc
 50
90.00240653999997
 51
180.00481264
  0
LINE
  5
236
330
6F
100
AcDbEntity
  8
BLACK
  6
Continuous
100
AcDbLine
 10
210.453053
 20
-275.457123
 30
0.0
 11
210.254424
 21
-275.457123
 31
0.0
  0
ARC
  5
237
330
6F
100
AcDbEntity
  8
BLACK
100
AcDbCircle
 10
288.6108
 20
-237.6515
 30
0.0
 40
0.499855025288333
100
AcDbArc
 50
359.98337871
 51
90.01822534
  0
LINE
  5
238
330
6F
100
AcDbEntity
  8
BLACK
  6
Continuous
100
AcDbLine
 10
98.113179
 20
-179.999642
 30
0.0
 11
84.51317899999999
 21
-179.999642
 31
0.0
  0
ARC
  5
239
330
6F
100
AcDbEntity
  8
BLACK
100
AcDbCircle
 10
117.8506999999999
 20
-218.5996
 30
0.0
 40
0.5000210017639258
100
AcDbArc
 50
90.00240653999997
 51
180.00481264
  0
ARC
  5
23A
330
6F
100
AcDbEntity
  8
BLACK
100
AcDbCircle
 10
15.2124
 20
-275.0571
 30
0.0
 40
0.4000162928106805
100
AcDbArc
 50
270.00401096
 51
338.03610425
  0
LINE
  5
23B
330
6F
100
AcDbEntity
  8
BLACK
  6
Continuous
100
AcDbLine
 10
55.25067899999999
 20
-218.099642
 30
0.0
 11
41.65067899999999
 21
-218.099642
 31
0.0
  0
ARC
  5
23C
330
6F
100
AcDbEntity
  8
BLACK
100
AcDbCircle
 10
270.2506
 20
-256.6995
 30
0.0
 40
0.4999210201671861
100
AcDbArc
 50
89.99094502000003
 51
180.01627457
  0
ARC
  5
23D
330
6F
100
AcDbEntity
  8
BLACK
100
AcDbCircle
 10
279.8414
 20
-277.9571
 30
0.0
 40
0.5000230024008895
100
AcDbArc
 50
180.00263535
 51
269.99438527
  0
LINE
  5
23E
330
6F
100
AcDbEntity
  8
BLACK
  6
Continuous
100
AcDbLine
 10
236.413179
 20
-180.499642
 30
0.0
 11
236.413179
 21
-193.499642
 31
0.0
  0
ARC
  5
23F
330
6F
100
AcDbEntity
  8
BLACK
100
AcDbCircle
 10
270.2507
 20
-269.6997
 30
0.0
 40
0.4999420004410511
100
AcDbArc
 50
179.9933532
 51
269.9975933
  0
ARC
  5
240
330
6F
100
AcDbEntity
  8
BLACK
100
AcDbCircle
 10
64.7757
 20
-250.6497
 30
0.0
 40
0.4999790033641414
100
AcDbArc
 50
269.99759369
 51
0.00664659
  0
LINE
  5
241
330
6F
100
AcDbEntity
  8
BLACK
  6
Continuous
100
AcDbLine
 10
60.01317899999999
 20
-179.999642
 30
0.0
 11
46.41317899999999
 21
-179.999642
 31
0.0
  0
ARC
  5
242
330
6F
100
AcDbEntity
  8
BLACK
100
AcDbCircle
 10
79.0633
 20
-180.4995
 30
0.0
 40
0.499858014645159
100
AcDbArc
 50
359.98372269
 51
90.01386951999998
  0
LINE
  5
243
330
6F
100
AcDbEntity
  8
BLACK
  6
Continuous
100
AcDbLine
 10
227.388179
 20
-213.049642
 30
0.0
 11
240.988179
 21
-213.049642
 31
0.0
  0
ARC
  5
244
330
6F
100
AcDbEntity
  8
BLACK
100
AcDbCircle
 10
13.0756
 20
-256.6996
 30
0.0
 40
0.4999210018492923
100
AcDbArc
 50
89.9908315
 51
180.00492822
  0
ARC
  5
245
330
6F
100
AcDbEntity
  8
BLACK
100
AcDbCircle
 10
246.4382
 20
-199.5496
 30
0.0
 40
0.5000210017639258
100
AcDbArc
 50
90.00240653999997
 51
180.00481264
  0
ARC
  5
246
330
6F
100
AcDbEntity
  8
BLACK
100
AcDbCircle
 10
21.9132
 20
-193.4997
 30
0.0
 40
0.4999790033641414
100
AcDbArc
 50
269.99759369
 51
0.00664659
  0
ARC
  5
247
330
6F
100
AcDbEntity
  8
BLACK
100
AcDbCircle
 10
155.9507
 20
-218.5996
 30
0.0
 40
0.5000210017639258
100
AcDbArc
 50
90.00240653999997
 51
180.00481264
  0
ARC
  5
248
330
6F
100
AcDbEntity
  8
BLACK
100
AcDbCircle
 10
212.4132
 20
-193.4996
 30
0.0
 40
0.4999790017640742
100
AcDbArc
 50
269.99759369
 51
359.9951869499999
  0
ARC
  5
249
330
6F
100
AcDbEntity
  8
BLACK
100
AcDbCircle
 10
232.1508
 20
-231.5995
 30
0.0
 40
0.500142014636843
100
AcDbArc
 50
180.0162667
 51
269.98613836
  0
ARC
  5
24A
330
6F
100
AcDbEntity
  8
BLACK
100
AcDbCircle
 10
205.613226
 20
-173.849613
 30
0.0
 40
1.1
100
AcDbArc
 50
180.0
 51
0.0
  0
ARC
  5
24B
330
6F
100
AcDbEntity
  8
BLACK
100
AcDbCircle
 10
88.58819999999999
 20
-212.5496
 30
0.0
 40
0.4999790017640742
100
AcDbArc
 50
269.99759369
 51
359.9951869499999
  0
ARC
  5
24C
330
6F
100
AcDbEntity
  8
BLACK
100
AcDbCircle
 10
248.8195999999999
 20
-250.6516
 30
0.0
 40
0.500093025276298
100
AcDbArc
 50
180.01065459
 51
269.98178333
  0
LINE
  5
24D
330
6F
100
AcDbEntity
  8
BLACK
  6
Continuous
100
AcDbLine
 10
212.575726
 20
-277.957123
 30
0.0
 11
212.575726
 21
-276.357124
 31
0.0
  0
LINE
  5
24E
330
6F
100
AcDbEntity
  8
BLACK
  6
Continuous
100
AcDbLine
 10
188.788179
 20
-199.549642
 30
0.0
 11
188.788179
 21
-212.549642
 31
0.0
  0
ARC
  5
24F
330
6F
100
AcDbEntity
  8
BLACK
100
AcDbCircle
 10
110.363226
 20
-173.849613
 30
0.0
 40
3.075000159649589
100
AcDbArc
 50
201.96876739
 51
338.03123261
  0
LINE
  5
250
330
6F
100
AcDbEntity
  8
BLACK
  6
Continuous
100
AcDbLine
 10
64.963179
 20
-180.499642
 30
0.0
 11
64.963179
 21
-193.499642
 31
0.0
  0
LINE
  5
251
330
6F
100
AcDbEntity
  8
BLACK
  6
Continuous
100
AcDbLine
 10
127.188179
 20
-212.549642
 30
0.0
 11
127.188179
 21
-199.549642
 31
0.0
  0
ARC
  5
252
330
6F
100
AcDbEntity
  8
BLACK
100
AcDbCircle
 10
140.9758
 20
-237.6495
 30
0.0
 40
0.499858014645159
100
AcDbArc
 50
359.98372269
 51
90.01386951999998
  0
ARC
  5
253
330
6F
100
AcDbEntity
  8
BLACK
100
AcDbCircle
 10
213.675726
 20
-276.357124
 30
0.0
 40
3.075000159649589
100
AcDbArc
 50
21.96876739
 51
158.03123261
  0
LINE
  5
254
330
6F
100
AcDbEntity
  8
BLACK
  6
Continuous
100
AcDbLine
 10
27.17568
 20
-212.549642
 30
0.0
 11
27.17568
 21
-199.549642
 31
0.0
  0
LINE
  5
255
330
6F
100
AcDbEntity
  8
BLACK
  6
Continuous
100
AcDbLine
 10
16.213226
 20
-172.249641
 30
0.0
 11
16.213226
 21
-173.849639
 31
0.0
  0
LINE
  5
256
330
6F
100
AcDbEntity
  8
BLACK
  6
Continuous
100
AcDbLine
 10
55.938179
 20
-213.049642
 30
0.0
 11
69.538179
 21
-213.049642
 31
0.0
  0
ARC
  5
257
330
6F
100
AcDbEntity
  8
BLACK
100
AcDbCircle
 10
65.46330000000001
 20
-193.4995
 30
0.0
 40
0.500142014636843
100
AcDbArc
 50
180.0162667
 51
269.98613836
  0
LINE
  5
258
330
6F
100
AcDbEntity
  8
BLACK
  6
Continuous
100
AcDbLine
 10
197.687212
 20
-176.999639
 30
0.0
 11
118.28924
 21
-176.999639
 31
0.0
  0
LINE
  5
259
330
6F
100
AcDbEntity
  8
BLACK
  6
Continuous
100
AcDbLine
 10
288.613179
 20
-179.999642
 30
0.0
 11
275.0131789999999
 21
-179.999642
 31
0.0
  0
LINE
  5
25A
330
6F
100
AcDbEntity
  8
BLACK
  6
Continuous
100
AcDbLine
 10
79.35072599999999
 20
-276.357124
 30
0.0
 11
79.35072599999999
 21
-277.957123
 31
0.0
  0
ARC
  5
25B
330
6F
100
AcDbEntity
  8
BLACK
100
AcDbCircle
 10
150.5008
 20
-218.5995
 30
0.0
 40
0.499858014645159
100
AcDbArc
 50
359.98372269
 51
90.01386951999998
  0
ARC
  5
25C
330
6F
100
AcDbEntity
  8
BLACK
100
AcDbCircle
 10
55.9382
 20
-199.5497
 30
0.0
 40
0.5000210033638587
100
AcDbArc
 50
90.00240654
 51
179.99335397
  0
LINE
  5
25D
330
6F
100
AcDbEntity
  8
BLACK
  6
Continuous
100
AcDbLine
 10
50.988179
 20
-212.549642
 30
0.0
 11
50.988179
 21
-199.549642
 31
0.0
  0
LINE
  5
25E
330
6F
100
AcDbEntity
  8
BLACK
  6
Continuous
100
AcDbLine
 10
203.388179
 20
-212.549642
 30
0.0
 11
203.388179
 21
-199.549642
 31
0.0
  0
LINE
  5
25F
330
6F
100
AcDbEntity
  8
BLACK
  6
Continuous
100
AcDbLine
 10
164.788179
 20
-199.0496419999999
 30
0.0
 11
151.188179
 21
-199.0496419999999
 31
0.0
  0
ARC
  5
260
330
6F
100
AcDbEntity
  8
BLACK
100
AcDbCircle
 10
81.6721
 20
-275.0572
 30
0.0
 40
0.3999592233728333
100
AcDbArc
 50
269.98954151
 51
20.81941619
  0
LINE
  5
261
330
6F
100
AcDbEntity
  8
BLACK
  6
Continuous
100
AcDbLine
 10
84.50657900000001
 20
-256.749642
 30
0.0
 11
84.50657900000001
 21
-269.649642
 31
0.0
  0
ARC
  5
262
330
6F
100
AcDbEntity
  8
BLACK
100
AcDbCircle
 10
275.5109
 20
-175.1422
 30
0.0
 40
0.4000170668759023
100
AcDbArc
 50
90.00014322
 51
158.02549201
  0
LINE
  5
263
330
6F
100
AcDbEntity
  8
BLACK
  6
Continuous
100
AcDbLine
 10
75.028053
 20
-275.457123
 30
0.0
 11
74.829424
 21
-275.457123
 31
0.0
  0
LINE
  5
264
330
6F
100
AcDbEntity
  8
BLACK
  6
Continuous
100
AcDbLine
 10
14.013226
 20
-173.849639
 30
0.0
 11
14.013226
 21
-172.249641
 31
0.0
  0
ARC
  5
265
330
6F
100
AcDbEntity
  8
BLACK
100
AcDbCircle
 10
36.8882
 20
-269.6997
 30
0.0
 40
0.4999420004410511
100
AcDbArc
 50
179.9933532
 51
269.9975933
  0
LINE
  5
266
330
6F
100
AcDbEntity
  8
BLACK
  6
Continuous
100
AcDbLine
 10
117.163179
 20
-179.999642
 30
0.0
 11
103.563179
 21
-179.999642
 31
0.0
  0
LINE
  5
267
330
6F
100
AcDbEntity
  8
BLACK
  6
Continuous
100
AcDbLine
 10
117.850679
 20
-232.099642
 30
0.0
 11
131.450679
 21
-232.099642
 31
0.0
  0
LINE
  5
268
330
6F
100
AcDbEntity
  8
BLACK
  6
Continuous
100
AcDbLine
 10
232.150679
 20
-232.099642
 30
0.0
 11
245.750679
 21
-232.099642
 31
0.0
  0
ARC
  5
269
330
6F
100
AcDbEntity
  8
BLACK
100
AcDbCircle
 10
184.5257
 20
-237.6496
 30
0.0
 40
0.5000210017639258
100
AcDbArc
 50
90.00240653999997
 51
180.00481264
  0
ARC
  5
26A
330
6F
100
AcDbEntity
  8
BLACK
100
AcDbCircle
 10
26.6758
 20
-256.6996
 30
0.0
 40
0.4999580146422298
100
AcDbArc
 50
359.99518655
 51
90.01386674
  0
LINE
  5
26B
330
6F
100
AcDbEntity
  8
BLACK
  6
Continuous
100
AcDbLine
 10
275.510899
 20
-174.742156
 30
0.0
 11
275.709527
 21
-174.742156
 31
0.0
  0
ARC
  5
26C
330
6F
100
AcDbEntity
  8
BLACK
100
AcDbCircle
 10
200.0197
 20
-274.8151
 30
0.0
 40
1.999603000812411
100
AcDbArc
 50
69.44152004
 51
90.00163325
  0
ARC
  5
26D
330
6F
100
AcDbEntity
  8
BLACK
100
AcDbCircle
 10
126.6882
 20
-212.5496
 30
0.0
 40
0.4999790017640742
100
AcDbArc
 50
269.99759369
 51
359.9951869499999
  0
LINE
  5
26E
330
6F
100
AcDbEntity
  8
BLACK
  6
Continuous
100
AcDbLine
 10
246.438179
 20
-213.049642
 30
0.0
 11
260.038179
 21
-213.049642
 31
0.0
  0
ARC
  5
26F
330
6F
100
AcDbEntity
  8
BLACK
100
AcDbCircle
 10
197.6873
 20
-175.9998
 30
0.0
 40
0.999823534049884
100
AcDbArc
 50
269.99495716
 51
315.00291754
  0
ARC
  5
270
330
6F
100
AcDbEntity
  8
BLACK
100
AcDbCircle
 10
89.27570000000001
 20
-237.6496
 30
0.0
 40
0.5000210017639258
100
AcDbArc
 50
90.00240653999997
 51
180.00481264
  0
ARC
  5
271
330
6F
100
AcDbEntity
  8
BLACK
100
AcDbCircle
 10
36.8883
 20
-212.5495
 30
0.0
 40
0.500142014636843
100
AcDbArc
 50
180.0162667
 51
269.98613836
  0
ARC
  5
272
330
6F
100
AcDbEntity
  8
BLACK
100
AcDbCircle
 10
269.5633
 20
-180.4995
 30
0.0
 40
0.499858014645159
100
AcDbArc
 50
359.98372269
 51
90.01386951999998
  0
LINE
  5
273
330
6F
100
AcDbEntity
  8
BLACK
  6
Continuous
100
AcDbLine
 10
262.9194289999999
 20
-250.651545
 30
0.0
 11
262.9194289999999
 21
-237.643683
 31
0.0
  0
ARC
  5
274
330
6F
100
AcDbEntity
  8
BLACK
100
AcDbCircle
 10
46.41329999999999
 20
-193.4995
 30
0.0
 40
0.500142014636843
100
AcDbArc
 50
180.0162667
 51
269.98613836
  0
LINE
  5
275
330
6F
100
AcDbEntity
  8
BLACK
  6
Continuous
100
AcDbLine
 10
26.675679
 20
-256.199642
 30
0.0
 11
13.07568
 21
-256.199642
 31
0.0
  0
ARC
  5
276
330
6F
100
AcDbEntity
  8
BLACK
100
AcDbCircle
 10
260.0382
 20
-256.6997
 30
0.0
 40
0.5000580004409489
100
AcDbArc
 50
0.00664582
 51
90.00240614
  0
ARC
  5
277
330
6F
100
AcDbEntity
  8
BLACK
100
AcDbCircle
 10
280.2217
 20
-175.9997
 30
0.0
 40
0.999939000002
100
AcDbArc
 50
224.9974475
 51
269.9998854
  0
LINE
  5
278
330
6F
100
AcDbEntity
  8
BLACK
  6
Continuous
100
AcDbLine
 10
277.141351
 20
-277.957123
 30
0.0
 11
277.141351
 21
-276.357124
 31
0.0
  0
ARC
  5
279
330
6F
100
AcDbEntity
  8
BLACK
100
AcDbCircle
 10
198.1258
 20
-237.6495
 30
0.0
 40
0.499858014645159
100
AcDbArc
 50
359.98372269
 51
90.01386951999998
  0
CIRCLE
  5
27A
330
6F
100
AcDbEntity
  8
BLACK
100
AcDbCircle
 10
57.967727
 20
-225.099719
 30
0.0
 40
1.0
  0
LINE
  5
27B
330
6F
100
AcDbEntity
  8
BLACK
  6
Continuous
100
AcDbLine
 10
21.913179
 20
-179.999642
 30
0.0
 11
8.313179999999999
 21
-179.999642
 31
0.0
  0
LINE
  5
27C
330
6F
100
AcDbEntity
  8
BLACK
  6
Continuous
100
AcDbLine
 10
93.35067900000002
 20
-218.099642
 30
0.0
 11
79.75067899999998
 21
-218.099642
 31
0.0
  0
ARC
  5
27D
330
6F
100
AcDbEntity
  8
BLACK
100
AcDbCircle
 10
273.8882
 20
-172.2422
 30
0.0
 40
0.4999740019361007
100
AcDbArc
 50
89.99702087999999
 51
179.99495771
  0
LINE
  5
27E
330
6F
100
AcDbEntity
  8
BLACK
  6
Continuous
100
AcDbLine
 10
77.15072599999999
 20
-277.957123
 30
0.0
 11
77.15072599999999
 21
-276.357124
 31
0.0
  0
LINE
  5
27F
330
6F
100
AcDbEntity
  8
BLACK
  6
Continuous
100
AcDbLine
 10
240.988179
 20
-199.0496419999999
 30
0.0
 11
227.388179
 21
-199.0496419999999
 31
0.0
  0
LINE
  5
280
330
6F
100
AcDbEntity
  8
BLACK
  6
Continuous
100
AcDbLine
 10
203.058557
 20
-172.042507
 30
0.0
 11
198.394318
 21
-176.7067459999999
 31
0.0
  0
LINE
  5
281
330
6F
100
AcDbEntity
  8
BLACK
  6
Continuous
100
AcDbLine
 10
217.863179
 20
-193.999642
 30
0.0
 11
231.463179
 21
-193.999642
 31
0.0
  0
ARC
  5
282
330
6F
100
AcDbEntity
  8
BLACK
100
AcDbCircle
 10
16.9608
 20
-172.7497
 30
0.0
 40
1.000059000084495
100
AcDbArc
 50
45.00291693
 51
90.0007448
  0
ARC
  5
283
330
6F
100
AcDbEntity
  8
BLACK
100
AcDbCircle
 10
236.2256
 20
-269.6995
 30
0.0
 40
0.5000790201608142
100
AcDbArc
 50
270.00905049
 51
359.98373057
  0
ARC
  5
284
330
6F
100
AcDbEntity
  8
BLACK
100
AcDbCircle
 10
217.8633
 20
-193.4995
 30
0.0
 40
0.500142014636843
100
AcDbArc
 50
180.0162667
 51
269.98613836
  0
ARC
  5
285
330
6F
100
AcDbEntity
  8
BLACK
100
AcDbCircle
 10
83.8258
 20
-237.6495
 30
0.0
 40
0.499858014645159
100
AcDbArc
 50
359.98372269
 51
90.01386951999998
  0
ARC
  5
286
330
6F
100
AcDbEntity
  8
BLACK
100
AcDbCircle
 10
202.8883
 20
-199.5495
 30
0.0
 40
0.499858014645159
100
AcDbArc
 50
359.98372269
 51
90.01386951999998
  0
LINE
  5
287
330
6F
100
AcDbEntity
  8
BLACK
  6
Continuous
100
AcDbLine
 10
126.875679
 20
-237.649642
 30
0.0
 11
126.875679
 21
-250.649642
 31
0.0
  0
LINE
  5
288
330
6F
100
AcDbEntity
  8
BLACK
  6
Continuous
100
AcDbLine
 10
22.332106
 20
-176.7067459999999
 30
0.0
 11
17.667894
 21
-172.042534
 31
0.0
  0
ARC
  5
289
330
6F
100
AcDbEntity
  8
BLACK
100
AcDbCircle
 10
112.4007
 20
-231.5996
 30
0.0
 40
0.4999790017640742
100
AcDbArc
 50
269.99759369
 51
359.9951869499999
  0
LINE
  5
28A
330
6F
100
AcDbEntity
  8
BLACK
  6
Continuous
100
AcDbLine
 10
155.2631789999999
 20
-256.199642
 30
0.0
 11
141.663179
 21
-256.199642
 31
0.0
  0
CIRCLE
  5
28B
330
6F
100
AcDbEntity
  8
BLACK
100
AcDbCircle
 10
196.080503
 20
-186.999642
 30
0.0
 40
1.0
  0
ARC
  5
28C
330
6F
100
AcDbEntity
  8
BLACK
100
AcDbCircle
 10
113.0883
 20
-212.5495
 30
0.0
 40
0.500142014636843
100
AcDbArc
 50
180.0162667
 51
269.98613836
  0
LINE
  5
28D
330
6F
100
AcDbEntity
  8
BLACK
  6
Continuous
100
AcDbLine
 10
20.282662
 20
-278.457075
 30
0.0
 11
20.035101
 21
-278.457075
 31
0.0
  0
LINE
  5
28E
330
6F
100
AcDbEntity
  8
BLACK
  6
Continuous
100
AcDbLine
 10
217.097027
 20
-275.457123
 30
0.0
 11
216.898399
 21
-275.457123
 31
0.0
  0
LINE
  5
28F
330
6F
100
AcDbEntity
  8
BLACK
  6
Continuous
100
AcDbLine
 10
280.796019
 20
-278.16423
 30
0.0
 11
285.460279
 21
-273.4999689999999
 31
0.0
  0
LINE
  5
290
330
6F
100
AcDbEntity
  8
BLACK
  6
Continuous
100
AcDbLine
 10
13.07568
 20
-213.049642
 30
0.0
 11
26.67568
 21
-213.049642
 31
0.0
  0
ARC
  5
291
330
6F
100
AcDbEntity
  8
BLACK
100
AcDbCircle
 10
270.2508
 20
-212.5495
 30
0.0
 40
0.500142014636843
100
AcDbArc
 50
180.0162667
 51
269.98613836
  0
ARC
  5
292
330
6F
100
AcDbEntity
  8
BLACK
100
AcDbCircle
 10
136.9007
 20
-218.5996
 30
0.0
 40
0.5000210017639258
100
AcDbArc
 50
90.00240653999997
 51
180.00481264
  0
ARC
  5
293
330
6F
100
AcDbEntity
  8
BLACK
100
AcDbCircle
 10
260.0383
 20
-199.5495
 30
0.0
 40
0.499858014645159
100
AcDbArc
 50
359.98372269
 51
90.01386951999998
  0
ARC
  5
294
330
6F
100
AcDbEntity
  8
BLACK
100
AcDbCircle
 10
164.7882
 20
-212.5496
 30
0.0
 40
0.4999790017640742
100
AcDbArc
 50
269.99759369
 51
359.9951869499999
  0
CIRCLE
  5
295
330
6F
100
AcDbEntity
  8
BLACK
100
AcDbCircle
 10
148.455408
 20
-206.04968
 30
0.0
 40
1.0
  0
LINE
  5
296
330
6F
100
AcDbEntity
  8
BLACK
  6
Continuous
100
AcDbLine
 10
202.191924
 20
-174.7496139999999
 30
0.0
 11
202.390553
 21
-174.7496139999999
 31
0.0
  0
ARC
  5
297
330
6F
100
AcDbEntity
  8
BLACK
100
AcDbCircle
 10
236.9132
 20
-180.4996
 30
0.0
 40
0.5000210017639258
100
AcDbArc
 50
90.00240653999997
 51
180.00481264
  0
LINE
  5
298
330
6F
100
AcDbEntity
  8
BLACK
  6
Continuous
100
AcDbLine
 10
136.713179
 20
-193.499642
 30
0.0
 11
136.713179
 21
-180.499642
 31
0.0
  0
ARC
  5
299
330
6F
100
AcDbEntity
  8
BLACK
100
AcDbCircle
 10
203.7657
 20
-172.7496
 30
0.0
 40
1.000015866423128
100
AcDbArc
 50
90.00206268000001
 51
135.00202568
  0
ARC
  5
29A
330
6F
100
AcDbEntity
  8
BLACK
100
AcDbCircle
 10
106.942
 20
-175.1497
 30
0.0
 40
0.4000406130794722
100
AcDbArc
 50
90.01088385999995
 51
200.79000996
  0
ARC
  5
29B
330
6F
100
AcDbEntity
  8
BLACK
100
AcDbCircle
 10
254.4068999999999
 20
-218.6246
 30
0.0
 40
0.4999710017641024
100
AcDbArc
 50
89.99667634999998
 51
180.00481312
  0
LINE
  5
29C
330
6F
100
AcDbEntity
  8
BLACK
  6
Continuous
100
AcDbLine
 10
231.463179
 20
-179.999642
 30
0.0
 11
217.863179
 21
-179.999642
 31
0.0
  0
ARC
  5
29D
330
6F
100
AcDbEntity
  8
BLACK
100
AcDbCircle
 10
11.8906
 20
-175.1496
 30
0.0
 40
0.3999590027615331
100
AcDbArc
 50
21.96592151
 51
90.00673294
  0
LINE
  5
29E
330
6F
100
AcDbEntity
  8
BLACK
  6
Continuous
100
AcDbLine
 10
280.088912
 20
-278.457123
 30
0.0
 11
279.841351
 21
-278.457123
 31
0.0
  0
ARC
  5
29F
330
6F
100
AcDbEntity
  8
BLACK
100
AcDbCircle
 10
41.6507
 20
-218.5997
 30
0.0
 40
0.5000210033638587
100
AcDbArc
 50
90.00240654
 51
179.99335397
  0
LINE
  5
2A0
330
6F
100
AcDbEntity
  8
BLACK
  6
Continuous
100
AcDbLine
 10
201.426523
 20
-273.207076
 30
0.0
 11
205.74969
 21
-273.207076
 31
0.0
  0
ARC
  5
2A1
330
6F
100
AcDbEntity
  8
BLACK
100
AcDbCircle
 10
15.113226
 20
-173.849639
 30
0.0
 40
3.075000159649589
100
AcDbArc
 50
201.96876739
 51
338.03123261
  0
ARC
  5
2A2
330
6F
100
AcDbEntity
  8
BLACK
100
AcDbCircle
 10
98.11320000000002
 20
-193.4996
 30
0.0
 40
0.4999790017640742
100
AcDbArc
 50
269.99759369
 51
359.9951869499999
  0
LINE
  5
2A3
330
6F
100
AcDbEntity
  8
BLACK
  6
Continuous
100
AcDbLine
 10
212.075726
 20
-278.457123
 30
0.0
 11
211.828164
 21
-278.457123
 31
0.0
  0
LINE
  5
2A4
330
6F
100
AcDbEntity
  8
BLACK
  6
Continuous
100
AcDbLine
 10
51.175679
 20
-251.149642
 30
0.0
 11
64.775679
 21
-251.149642
 31
0.0
  0
LINE
  5
2A5
330
6F
100
AcDbEntity
  8
BLACK
  6
Continuous
100
AcDbLine
 10
236.913179
 20
-193.999642
 30
0.0
 11
250.513179
 21
-193.999642
 31
0.0
  0
LINE
  5
2A6
330
6F
100
AcDbEntity
  8
BLACK
  6
Continuous
100
AcDbLine
 10
199.3131789999999
 20
-256.249642
 30
0.0
 11
211.913179
 21
-256.249642
 31
0.0
  0
LINE
  5
2A7
330
6F
100
AcDbEntity
  8
BLACK
  6
Continuous
100
AcDbLine
 10
271.022422
 20
-273.4999689999999
 30
0.0
 11
275.6866819999999
 21
-278.16423
 31
0.0
  0
ARC
  5
2A8
330
6F
100
AcDbEntity
  8
BLACK
100
AcDbCircle
 10
97.6065
 20
-269.6495
 30
0.0
 40
0.5000790201608142
100
AcDbArc
 50
270.00905049
 51
359.98373057
  0
LINE
  5
2A9
330
6F
100
AcDbEntity
  8
BLACK
  6
Continuous
100
AcDbLine
 10
12.57568
 20
-199.549642
 30
0.0
 11
12.57568
 21
-212.549642
 31
0.0
  0
ARC
  5
2AA
330
6F
100
AcDbEntity
  8
BLACK
100
AcDbCircle
 10
88.58829999999999
 20
-199.5495
 30
0.0
 40
0.499858014645159
100
AcDbArc
 50
359.98372269
 51
90.01386951999998
  0
ARC
  5
2AB
330
6F
100
AcDbEntity
  8
BLACK
100
AcDbCircle
 10
260.0381
 20
-269.6995
 30
0.0
 40
0.5000790201608142
100
AcDbArc
 50
270.00905049
 51
359.98373057
  0
ARC
  5
2AC
330
6F
100
AcDbEntity
  8
BLACK
100
AcDbCircle
 10
231.4632
 20
-193.4996
 30
0.0
 40
0.4999790017640742
100
AcDbArc
 50
269.99759369
 51
359.9951869499999
  0
ARC
  5
2AD
330
6F
100
AcDbEntity
  8
BLACK
100
AcDbCircle
 10
250.5132
 20
-193.4996
 30
0.0
 40
0.4999790017640742
100
AcDbArc
 50
269.99759369
 51
359.9951869499999
  0
LINE
  5
2AE
330
6F
100
AcDbEntity
  8
BLACK
  6
Continuous
100
AcDbLine
 10
276.641351
 20
-278.457123
 30
0.0
 11
276.393789
 21
-278.457123
 31
0.0
  0
ARC
  5
2AF
330
6F
100
AcDbEntity
  8
BLACK
100
AcDbCircle
 10
145.7382
 20
-212.5496
 30
0.0
 40
0.4999790017640742
100
AcDbArc
 50
269.99759369
 51
359.9951869499999
  0
ARC
  5
2B0
330
6F
100
AcDbEntity
  8
BLACK
100
AcDbCircle
 10
179.0758
 20
-237.6495
 30
0.0
 40
0.499858014645159
100
AcDbArc
 50
359.98372269
 51
90.01386951999998
  0
LINE
  5
2B1
330
6F
100
AcDbEntity
  8
BLACK
  6
Continuous
100
AcDbLine
 10
169.550679
 20
-218.099642
 30
0.0
 11
155.950679
 21
-218.099642
 31
0.0
  0
LINE
  5
2B2
330
6F
100
AcDbEntity
  8
BLACK
  6
Continuous
100
AcDbLine
 10
11.11622
 20
-273.399969
 30
0.0
 11
15.880432
 21
-278.164181
 31
0.0
  0
CIRCLE
  5
2B3
330
6F
100
AcDbEntity
  8
BLACK
100
AcDbCircle
 10
143.733897
 20
-244.150021
 30
0.0
 40
1.0
  0
ARC
  5
2B4
330
6F
100
AcDbEntity
  8
BLACK
100
AcDbCircle
 10
276.6414
 20
-277.9571
 30
0.0
 40
0.4999510005290519
100
AcDbArc
 50
269.99438527
 51
359.99736414
  0
LINE
  5
2B5
330
6F
100
AcDbEntity
  8
BLACK
  6
Continuous
100
AcDbLine
 10
27.363179
 20
-193.999642
 30
0.0
 11
40.96317899999999
 21
-193.999642
 31
0.0
  0
LINE
  5
2B6
330
6F
100
AcDbEntity
  8
BLACK
  6
Continuous
100
AcDbLine
 10
42.51942899999999
 20
-237.174642
 30
0.0
 11
11.519429
 21
-237.174642
 31
0.0
  0
ARC
  5
2B7
330
6F
100
AcDbEntity
  8
BLACK
100
AcDbCircle
 10
221.9383
 20
-199.5495
 30
0.0
 40
0.499858014645159
100
AcDbArc
 50
359.98372269
 51
90.01386951999998
  0
LINE
  5
2B8
330
6F
100
AcDbEntity
  8
BLACK
  6
Continuous
100
AcDbLine
 10
170.238179
 20
-213.049642
 30
0.0
 11
183.838179
 21
-213.049642
 31
0.0
  0
ARC
  5
2B9
330
6F
100
AcDbEntity
  8
BLACK
100
AcDbCircle
 10
93.35080000000001
 20
-218.5995
 30
0.0
 40
0.499858014645159
100
AcDbArc
 50
359.98372269
 51
90.01386951999998
  0
ARC
  5
2BA
330
6F
100
AcDbEntity
  8
BLACK
100
AcDbCircle
 10
183.8383
 20
-199.5495
 30
0.0
 40
0.499858014645159
100
AcDbArc
 50
359.98372269
 51
90.01386951999998
  0
ARC
  5
2BB
330
6F
100
AcDbEntity
  8
BLACK
100
AcDbCircle
 10
113.586
 20
-175.1497
 30
0.0
 40
0.4001255180715172
100
AcDbArc
 50
90.01446407000001
 51
158.0252730199999
  0
ARC
  5
2BC
330
6F
100
AcDbEntity
  8
BLACK
100
AcDbCircle
 10
74.98829999999999
 20
-212.5495
 30
0.0
 40
0.500142014636843
100
AcDbArc
 50
180.0162667
 51
269.98613836
  0
ARC
  5
2BD
330
6F
100
AcDbEntity
  8
BLACK
100
AcDbCircle
 10
42.5193
 20
-237.6748
 30
0.0
 40
0.5001580166357429
100
AcDbArc
 50
0.01810051
 51
89.98522235999999
  0
LINE
  5
2BE
330
6F
100
AcDbEntity
  8
BLACK
  6
Continuous
100
AcDbLine
 10
273.888226
 20
-171.742156
 30
0.0
 11
274.135787
 21
-171.742156
 31
0.0
  0
LINE
  5
2BF
330
6F
100
AcDbEntity
  8
BLACK
  6
Continuous
100
AcDbLine
 10
126.688179
 20
-199.0496419999999
 30
0.0
 11
113.088179
 21
-199.0496419999999
 31
0.0
  0
ARC
  5
2C0
330
6F
100
AcDbEntity
  8
BLACK
100
AcDbCircle
 10
207.2133
 20
-172.2497
 30
0.0
 40
0.5000740073949056
100
AcDbArc
 50
90.00847831999999
 51
179.99014658
  0
ARC
  5
2C1
330
6F
100
AcDbEntity
  8
BLACK
100
AcDbCircle
 10
278.241351
 20
-276.357124
 30
0.0
 40
3.075000159649589
100
AcDbArc
 50
21.96876739
 51
158.03123261
  0
ARC
  5
2C2
330
6F
100
AcDbEntity
  8
BLACK
100
AcDbCircle
 10
127.3757
 20
-237.6496
 30
0.0
 40
0.5000210017639258
100
AcDbArc
 50
90.00240653999997
 51
180.00481264
  0
ARC
  5
2C3
330
6F
100
AcDbEntity
  8
BLACK
100
AcDbCircle
 10
222.6258
 20
-250.6495
 30
0.0
 40
0.500142014636843
100
AcDbArc
 50
180.0162667
 51
269.98613836
  0
LINE
  5
2C4
330
6F
100
AcDbEntity
  8
BLACK
  6
Continuous
100
AcDbLine
 10
179.2631789999999
 20
-180.499642
 30
0.0
 11
179.2631789999999
 21
-193.499642
 31
0.0
  0
LINE
  5
2C5
330
6F
100
AcDbEntity
  8
BLACK
  6
Continuous
100
AcDbLine
 10
141.663179
 20
-270.199642
 30
0.0
 11
155.2631789999999
 21
-270.199642
 31
0.0
  0
LINE
  5
2C6
330
6F
100
AcDbEntity
  8
BLACK
  6
Continuous
100
AcDbLine
 10
155.950679
 20
-232.099642
 30
0.0
 11
169.550679
 21
-232.099642
 31
0.0
  0
LINE
  5
2C7
330
6F
100
AcDbEntity
  8
BLACK
  6
Continuous
100
AcDbLine
 10
113.585899
 20
-174.7496139999999
 30
0.0
 11
113.784527
 21
-174.7496139999999
 31
0.0
  0
ARC
  5
2C8
330
6F
100
AcDbEntity
  8
BLACK
100
AcDbCircle
 10
11.51935
 20
-237.67456
 30
0.0
 40
0.4999210067250626
100
AcDbArc
 50
89.99094574999999
 51
180.00939799
  0
LINE
  5
2C9
330
6F
100
AcDbEntity
  8
BLACK
  6
Continuous
100
AcDbLine
 10
248.819441
 20
-251.151693
 30
0.0
 11
262.425586
 21
-251.151693
 31
0.0
  0
ARC
  5
2CA
330
6F
100
AcDbEntity
  8
BLACK
100
AcDbCircle
 10
40.9633
 20
-180.4995
 30
0.0
 40
0.499858014645159
100
AcDbArc
 50
359.98372269
 51
90.01386951999998
  0
ARC
  5
2CB
330
6F
100
AcDbEntity
  8
BLACK
100
AcDbCircle
 10
198.8132
 20
-180.4996
 30
0.0
 40
0.5000210017639258
100
AcDbArc
 50
90.00240653999997
 51
180.00481264
  0
LINE
  5
2CC
330
6F
100
AcDbEntity
  8
BLACK
  6
Continuous
100
AcDbLine
 10
98.800679
 20
-232.099642
 30
0.0
 11
112.400679
 21
-232.099642
 31
0.0
  0
LINE
  5
2CD
330
6F
100
AcDbEntity
  8
BLACK
  6
Continuous
100
AcDbLine
 10
151.188179
 20
-213.049642
 30
0.0
 11
164.788179
 21
-213.049642
 31
0.0
  0
LINE
  5
2CE
330
6F
100
AcDbEntity
  8
BLACK
  6
Continuous
100
AcDbLine
 10
189.100679
 20
-231.599642
 30
0.0
 11
189.100679
 21
-218.599642
 31
0.0
  0
ARC
  5
2CF
330
6F
100
AcDbEntity
  8
BLACK
100
AcDbCircle
 10
193.3632
 20
-193.4996
 30
0.0
 40
0.4999790017640742
100
AcDbArc
 50
269.99759369
 51
359.9951869499999
  0
ARC
  5
2D0
330
6F
100
AcDbEntity
  8
BLACK
100
AcDbCircle
 10
217.1757
 20
-250.6496
 30
0.0
 40
0.4999790017640742
100
AcDbArc
 50
269.99759369
 51
359.9951869499999
  0
LINE
  5
2D1
330
6F
100
AcDbEntity
  8
BLACK
  6
Continuous
100
AcDbLine
 10
165.288179
 20
-212.549642
 30
0.0
 11
165.288179
 21
-199.549642
 31
0.0
  0
LINE
  5
2D2
330
6F
100
AcDbEntity
  8
BLACK
  6
Continuous
100
AcDbLine
 10
284.350679
 20
-269.699642
 30
0.0
 11
284.350679
 21
-256.699642
 31
0.0
  0
ARC
  5
2D3
330
6F
100
AcDbEntity
  8
BLACK
100
AcDbCircle
 10
15.113226
 20
-173.849639
 30
0.0
 40
1.1
100
AcDbArc
 50
180.0
 51
0.0
  0
ARC
  5
2D4
330
6F
100
AcDbEntity
  8
BLACK
100
AcDbCircle
 10
107.6383
 20
-199.5495
 30
0.0
 40
0.499858014645159
100
AcDbArc
 50
359.98372269
 51
90.01386951999998
  0
ARC
  5
2D5
330
6F
100
AcDbEntity
  8
BLACK
100
AcDbCircle
 10
208.3383
 20
-212.5495
 30
0.0
 40
0.500142014636843
100
AcDbArc
 50
180.0162667
 51
269.98613836
  0
ARC
  5
2D6
330
6F
100
AcDbEntity
  8
BLACK
100
AcDbCircle
 10
117.8508
 20
-231.5995
 30
0.0
 40
0.500142014636843
100
AcDbArc
 50
180.0162667
 51
269.98613836
  0
LINE
  5
2D7
330
6F
100
AcDbEntity
  8
BLACK
  6
Continuous
100
AcDbLine
 10
236.725679
 20
-269.699642
 30
0.0
 11
236.725679
 21
-256.699642
 31
0.0
  0
LINE
  5
2D8
330
6F
100
AcDbEntity
  8
BLACK
  6
Continuous
100
AcDbLine
 10
198.813179
 20
-269.649642
 30
0.0
 11
198.813179
 21
-256.749642
 31
0.0
  0
ARC
  5
2D9
330
6F
100
AcDbEntity
  8
BLACK
100
AcDbCircle
 10
272.288226
 20
-173.842155
 30
0.0
 40
1.1
100
AcDbArc
 50
180.0
 51
0.0
  0
LINE
  5
2DA
330
6F
100
AcDbEntity
  8
BLACK
  6
Continuous
100
AcDbLine
 10
19.535101
 20
-276.357076
 30
0.0
 11
19.535101
 21
-277.957075
 31
0.0
  0
ARC
  5
2DB
330
6F
100
AcDbEntity
  8
BLACK
100
AcDbCircle
 10
236.2257
 20
-250.6496
 30
0.0
 40
0.4999790017640742
100
AcDbArc
 50
269.99759369
 51
359.9951869499999
  0
CIRCLE
  5
2DC
330
6F
100
AcDbEntity
  8
BLACK
100
AcDbCircle
 10
30.583297
 20
-263.199795
 30
0.0
 40
1.0
  0
ARC
  5
2DD
330
6F
100
AcDbEntity
  8
BLACK
100
AcDbCircle
 10
213.675725
 20
-276.357124
 30
0.0
 40
4.059959545336011
100
AcDbArc
 50
20.80541614
 51
159.19457885
  0
ARC
  5
2DE
330
6F
100
AcDbEntity
  8
BLACK
100
AcDbCircle
 10
217.8632
 20
-180.4996
 30
0.0
 40
0.5000210017639258
100
AcDbArc
 50
90.00240653999997
 51
180.00481264
  0
LINE
  5
2DF
330
6F
100
AcDbEntity
  8
BLACK
  6
Continuous
100
AcDbLine
 10
74.488179
 20
-199.549642
 30
0.0
 11
74.488179
 21
-212.549642
 31
0.0
  0
LINE
  5
2E0
330
6F
100
AcDbEntity
  8
BLACK
  6
Continuous
100
AcDbLine
 10
221.938179
 20
-199.0496419999999
 30
0.0
 11
208.338179
 21
-199.0496419999999
 31
0.0
  0
CIRCLE
  5
2E1
330
6F
100
AcDbEntity
  8
BLACK
100
AcDbCircle
 10
10.710793
 20
-251.450529
 30
0.0
 40
1.0
  0
ARC
  5
2E2
330
6F
100
AcDbEntity
  8
BLACK
100
AcDbCircle
 10
202.192
 20
-175.1497
 30
0.0
 40
0.4000406130794722
100
AcDbArc
 50
90.01088385999995
 51
200.79000996
  0
LINE
  5
2E3
330
6F
100
AcDbEntity
  8
BLACK
  6
Continuous
100
AcDbLine
 10
14.956929
 20
-218.599642
 30
0.0
 11
14.956929
 21
-231.599642
 31
0.0
  0
LINE
  5
2E4
330
6F
100
AcDbEntity
  8
BLACK
  6
Continuous
100
AcDbLine
 10
85.006579
 20
-270.149642
 30
0.0
 11
97.60657899999999
 21
-270.149642
 31
0.0
  0
ARC
  5
2E5
330
6F
100
AcDbEntity
  8
BLACK
100
AcDbCircle
 10
10.409
 20
-274.1073
 30
0.0
 40
1.00022400638307
100
AcDbArc
 50
45.00449600999999
 51
89.99352702999999
  0
LINE
  5
2E6
330
6F
100
AcDbEntity
  8
BLACK
  6
Continuous
100
AcDbLine
 10
136.400679
 20
-218.599642
 30
0.0
 11
136.400679
 21
-231.599642
 31
0.0
  0
ARC
  5
2E7
330
6F
100
AcDbEntity
  8
BLACK
100
AcDbCircle
 10
132.1382
 20
-199.5496
 30
0.0
 40
0.5000210017639258
100
AcDbArc
 50
90.00240653999997
 51
180.00481264
  0
ARC
  5
2E8
330
6F
100
AcDbEntity
  8
BLACK
100
AcDbCircle
 10
70.32469999999999
 20
-274.2072
 30
0.0
 40
1.000124000049993
100
AcDbArc
 50
45.00542847000001
 51
90.00057289
  0
LINE
  5
2E9
330
6F
100
AcDbEntity
  8
BLACK
  6
Continuous
100
AcDbLine
 10
113.088179
 20
-213.049642
 30
0.0
 11
126.688179
 21
-213.049642
 31
0.0
  0
LINE
  5
2EA
330
6F
100
AcDbEntity
  8
BLACK
  6
Continuous
100
AcDbLine
 10
15.45693
 20
-232.099642
 30
0.0
 11
29.056929
 21
-232.099642
 31
0.0
  0
LINE
  5
2EB
330
6F
100
AcDbEntity
  8
BLACK
  6
Continuous
100
AcDbLine
 10
84.325679
 20
-250.649642
 30
0.0
 11
84.325679
 21
-237.649642
 31
0.0
  0
ARC
  5
2EC
330
6F
100
AcDbEntity
  8
BLACK
100
AcDbCircle
 10
74.3008
 20
-218.5995
 30
0.0
 40
0.499858014645159
100
AcDbArc
 50
359.98372269
 51
90.01386951999998
  0
LINE
  5
2ED
330
6F
100
AcDbEntity
  8
BLACK
  6
Continuous
100
AcDbLine
 10
103.563179
 20
-193.999642
 30
0.0
 11
117.163179
 21
-193.999642
 31
0.0
  0
LINE
  5
2EE
330
6F
100
AcDbEntity
  8
BLACK
  6
Continuous
100
AcDbLine
 10
290.338226
 20
-176.999639
 30
0.0
 11
280.221698
 21
-176.999639
 31
0.0
  0
ARC
  5
2EF
330
6F
100
AcDbEntity
  8
BLACK
100
AcDbCircle
 10
275.0107999999999
 20
-250.6515
 30
0.0
 40
0.5001450252736701
100
AcDbArc
 50
180.01661026
 51
269.98178523
  0
LINE
  5
2F0
330
6F
100
AcDbEntity
  8
BLACK
  6
Continuous
100
AcDbLine
 10
179.763179
 20
-193.999642
 30
0.0
 11
193.363179
 21
-193.999642
 31
0.0
  0
ARC
  5
2F1
330
6F
100
AcDbEntity
  8
BLACK
100
AcDbCircle
 10
170.2383
 20
-212.5495
 30
0.0
 40
0.500142014636843
100
AcDbArc
 50
180.0162667
 51
269.98613836
  0
ARC
  5
2F2
330
6F
100
AcDbEntity
  8
BLACK
100
AcDbCircle
 10
165.4758
 20
-250.6495
 30
0.0
 40
0.500142014636843
100
AcDbArc
 50
180.0162667
 51
269.98613836
  0
LINE
  5
2F3
330
6F
100
AcDbEntity
  8
BLACK
  6
Continuous
100
AcDbLine
 10
226.888179
 20
-199.549642
 30
0.0
 11
226.888179
 21
-212.549642
 31
0.0
  0
LINE
  5
2F4
330
6F
100
AcDbEntity
  8
BLACK
  6
Continuous
100
AcDbLine
 10
174.500679
 20
-218.599642
 30
0.0
 11
174.500679
 21
-231.599642
 31
0.0
  0
ARC
  5
2F5
330
6F
100
AcDbEntity
  8
BLACK
100
AcDbCircle
 10
103.5632
 20
-180.4996
 30
0.0
 40
0.5000210017639258
100
AcDbArc
 50
90.00240653999997
 51
180.00481264
  0
LINE
  5
2F6
330
6F
100
AcDbEntity
  8
BLACK
  6
Continuous
100
AcDbLine
 10
79.56317899999998
 20
-193.499642
 30
0.0
 11
79.56317899999998
 21
-180.499642
 31
0.0
  0
LINE
  5
2F7
330
6F
100
AcDbEntity
  8
BLACK
  6
Continuous
100
AcDbLine
 10
208.150679
 20
-231.599642
 30
0.0
 11
208.150679
 21
-218.599642
 31
0.0
  0
ARC
  5
2F8
330
6F
100
AcDbEntity
  8
BLACK
100
AcDbCircle
 10
136.2132
 20
-193.4996
 30
0.0
 40
0.4999790017640742
100
AcDbArc
 50
269.99759369
 51
359.9951869499999
  0
LINE
  5
2F9
330
6F
100
AcDbEntity
  8
BLACK
  6
Continuous
100
AcDbLine
 10
145.738179
 20
-199.0496419999999
 30
0.0
 11
132.138179
 21
-199.0496419999999
 31
0.0
  0
ARC
  5
2FA
330
6F
100
AcDbEntity
  8
BLACK
100
AcDbCircle
 10
60.70059999999998
 20
-256.6995
 30
0.0
 40
0.4999210201671861
100
AcDbArc
 50
89.99094502000003
 51
180.01627457
  0
LINE
  5
2FB
330
6F
100
AcDbEntity
  8
BLACK
  6
Continuous
100
AcDbLine
 10
79.25067899999998
 20
-218.599642
 30
0.0
 11
79.25067899999998
 21
-231.599642
 31
0.0
  0
LINE
  5
2FC
330
6F
100
AcDbEntity
  8
BLACK
  6
Continuous
100
AcDbLine
 10
207.650679
 20
-218.099642
 30
0.0
 11
194.050679
 21
-218.099642
 31
0.0
  0
LINE
  5
2FD
330
6F
100
AcDbEntity
  8
BLACK
  6
Continuous
100
AcDbLine
 10
16.835101
 20
-278.457075
 30
0.0
 11
16.587539
 21
-278.457075
 31
0.0
  0
ARC
  5
2FE
330
6F
100
AcDbEntity
  8
BLACK
100
AcDbCircle
 10
6.588119999999999
 20
-272.10718
 30
0.0
 40
0.9998960056185843
100
AcDbArc
 50
179.99404061
 51
270.00607398
  0
ARC
  5
2FF
330
6F
100
AcDbEntity
  8
BLACK
100
AcDbCircle
 10
151.1882
 20
-199.5496
 30
0.0
 40
0.5000210017639258
100
AcDbArc
 50
90.00240653999997
 51
180.00481264
  0
ARC
  5
300
330
6F
100
AcDbEntity
  8
BLACK
100
AcDbCircle
 10
155.2632
 20
-256.6997
 30
0.0
 40
0.5000580004409489
100
AcDbArc
 50
0.00664582
 51
90.00240614
  0
LINE
  5
301
330
6F
100
AcDbEntity
  8
BLACK
  6
Continuous
100
AcDbLine
 10
112.900679
 20
-231.599642
 30
0.0
 11
112.900679
 21
-218.599642
 31
0.0
  0
ARC
  5
302
330
6F
100
AcDbEntity
  8
BLACK
100
AcDbCircle
 10
188.6008
 20
-218.5995
 30
0.0
 40
0.499858014645159
100
AcDbArc
 50
359.98372269
 51
90.01386951999998
  0
ARC
  5
303
330
6F
100
AcDbEntity
  8
BLACK
100
AcDbCircle
 10
145.7383
 20
-199.5495
 30
0.0
 40
0.499858014645159
100
AcDbArc
 50
359.98372269
 51
90.01386951999998
  0
LINE
  5
304
330
6F
100
AcDbEntity
  8
BLACK
  6
Continuous
100
AcDbLine
 10
241.488179
 20
-212.549642
 30
0.0
 11
241.488179
 21
-199.549642
 31
0.0
  0
ARC
  5
305
330
6F
100
AcDbEntity
  8
BLACK
100
AcDbCircle
 10
103.5633
 20
-193.4995
 30
0.0
 40
0.500142014636843
100
AcDbArc
 50
180.0162667
 51
269.98613836
  0
LINE
  5
306
330
6F
100
AcDbEntity
  8
BLACK
  6
Continuous
100
AcDbLine
 10
79.75067899999998
 20
-232.099642
 30
0.0
 11
93.35067900000002
 21
-232.099642
 31
0.0
  0
LINE
  5
307
330
6F
100
AcDbEntity
  8
BLACK
  6
Continuous
100
AcDbLine
 10
117.350679
 20
-218.599642
 30
0.0
 11
117.350679
 21
-231.599642
 31
0.0
  0
ARC
  5
308
330
6F
100
AcDbEntity
  8
BLACK
100
AcDbCircle
 10
188.6007
 20
-231.5996
 30
0.0
 40
0.4999790017640742
100
AcDbArc
 50
269.99759369
 51
359.9951869499999
  0
ARC
  5
309
330
6F
100
AcDbEntity
  8
BLACK
100
AcDbCircle
 10
274.8201
 20
-275.0571
 30
0.0
 40
0.400023003251063
100
AcDbArc
 50
159.20028345
 51
269.99269521
  0
ARC
  5
30A
330
6F
100
AcDbEntity
  8
BLACK
100
AcDbCircle
 10
108.3257
 20
-237.6496
 30
0.0
 40
0.5000210017639258
100
AcDbArc
 50
90.00240653999997
 51
180.00481264
  0
ARC
  5
30B
330
6F
100
AcDbEntity
  8
BLACK
100
AcDbCircle
 10
280.089
 20
-277.4573
 30
0.0
 40
0.9998129281325581
100
AcDbArc
 50
269.9949570800001
 51
315.00360644
  0
LINE
  5
30C
330
6F
100
AcDbEntity
  8
BLACK
  6
Continuous
100
AcDbLine
 10
36.888179
 20
-270.199642
 30
0.0
 11
50.48817899999999
 21
-270.199642
 31
0.0
  0
ARC
  5
30D
330
6F
100
AcDbEntity
  8
BLACK
100
AcDbCircle
 10
60.7007
 20
-218.5997
 30
0.0
 40
0.5000210033638587
100
AcDbArc
 50
90.00240654
 51
179.99335397
  0
ARC
  5
30E
330
6F
100
AcDbEntity
  8
BLACK
100
AcDbCircle
 10
13.0758
 20
-269.6996
 30
0.0
 40
0.5000420143987903
100
AcDbArc
 50
180.00469766
 51
269.98625017
  0
LINE
  5
30F
330
6F
100
AcDbEntity
  8
BLACK
  6
Continuous
100
AcDbLine
 10
169.738179
 20
-199.549642
 30
0.0
 11
169.738179
 21
-212.549642
 31
0.0
  0
ARC
  5
310
330
6F
100
AcDbEntity
  8
BLACK
100
AcDbCircle
 10
226.7007
 20
-231.5996
 30
0.0
 40
0.4999790017640742
100
AcDbArc
 50
269.99759369
 51
359.9951869499999
  0
LINE
  5
311
330
6F
100
AcDbEntity
  8
BLACK
  6
Continuous
100
AcDbLine
 10
155.763179
 20
-193.499642
 30
0.0
 11
155.763179
 21
-180.499642
 31
0.0
  0
LINE
  5
312
330
6F
100
AcDbEntity
  8
BLACK
  6
Continuous
100
AcDbLine
 10
270.063179
 20
-193.499642
 30
0.0
 11
270.063179
 21
-180.499642
 31
0.0
  0
ARC
  5
313
330
6F
100
AcDbEntity
  8
BLACK
100
AcDbCircle
 10
281.6627
 20
-275.0571
 30
0.0
 40
0.3999470617294244
100
AcDbArc
 50
269.9931249
 51
20.80475282
  0
LINE
  5
314
330
6F
100
AcDbEntity
  8
BLACK
  6
Continuous
100
AcDbLine
 10
212.600679
 20
-218.599642
 30
0.0
 11
212.600679
 21
-231.599642
 31
0.0
  0
ARC
  5
315
330
6F
100
AcDbEntity
  8
BLACK
100
AcDbCircle
 10
275.0187
 20
-275.0572
 30
0.0
 40
0.3999504737564389
100
AcDbArc
 50
269.99684813
 51
338.04033387
  0
LINE
  5
316
330
6F
100
AcDbEntity
  8
BLACK
  6
Continuous
100
AcDbLine
 10
283.850679
 20
-199.0496419999999
 30
0.0
 11
270.250679
 21
-199.0496419999999
 31
0.0
  0
ARC
  5
317
330
6F
100
AcDbEntity
  8
BLACK
100
AcDbCircle
 10
272.288226
 20
-173.842155
 30
0.0
 40
3.075000159649589
100
AcDbArc
 50
201.96876739
 51
338.03123261
  0
ARC
  5
318
330
6F
100
AcDbEntity
  8
BLACK
100
AcDbCircle
 10
204.0132
 20
-172.2497
 30
0.0
 40
0.5000860006758838
100
AcDbArc
 50
0.00985436
 51
89.99702112999999
  0
ARC
  5
319
330
6F
100
AcDbEntity
  8
BLACK
100
AcDbCircle
 10
11.69194
 20
-175.14965
 30
0.0
 40
0.4000118613866344
100
AcDbArc
 50
90.00229178000003
 51
200.80337136
  0
LINE
  5
31A
330
6F
100
AcDbEntity
  8
BLACK
  6
Continuous
100
AcDbLine
 10
102.875679
 20
-237.149642
 30
0.0
 11
89.27567899999999
 21
-237.149642
 31
0.0
  0
LINE
  5
31B
330
6F
100
AcDbEntity
  8
BLACK
  6
Continuous
100
AcDbLine
 10
60.20067899999999
 20
-256.699642
 30
0.0
 11
60.20067899999999
 21
-269.699642
 31
0.0
  0
LINE
  5
31C
330
6F
100
AcDbEntity
  8
BLACK
  6
Continuous
100
AcDbLine
 10
286.1673859999999
 20
-273.207076
 30
0.0
 11
290.338226
 21
-273.207076
 31
0.0
  0
LINE
  5
31D
330
6F
100
AcDbEntity
  8
BLACK
  6
Continuous
100
AcDbLine
 10
20.989769
 20
-278.164181
 30
0.0
 11
25.653981
 21
-273.4999689999999
 31
0.0
  0
CIRCLE
  5
31E
330
6F
100
AcDbEntity
  8
BLACK
100
AcDbCircle
 10
181.792975
 20
-244.150021
 30
0.0
 40
1.0
  0
LINE
  5
31F
330
6F
100
AcDbEntity
  8
BLACK
  6
Continuous
100
AcDbLine
 10
212.913179
 20
-193.499642
 30
0.0
 11
212.913179
 21
-180.499642
 31
0.0
  0
LINE
  5
320
330
6F
100
AcDbEntity
  8
BLACK
  6
Continuous
100
AcDbLine
 10
275.010641
 20
-251.151645
 30
0.0
 11
288.610641
 21
-251.151645
 31
0.0
  0
ARC
  5
321
330
6F
100
AcDbEntity
  8
BLACK
100
AcDbCircle
 10
290.3382
 20
-272.2071
 30
0.0
 40
1.000026000287992
100
AcDbArc
 50
270.00148973
 51
0.00137506
  0
CIRCLE
  5
322
330
6F
100
AcDbEntity
  8
BLACK
100
AcDbCircle
 10
102.938179
 20
-263.199642
 30
0.0
 40
1.0
  0
ARC
  5
323
330
6F
100
AcDbEntity
  8
BLACK
100
AcDbCircle
 10
232.1507
 20
-218.5996
 30
0.0
 40
0.5000210017639258
100
AcDbArc
 50
90.00240653999997
 51
180.00481264
  0
LINE
  5
324
330
6F
100
AcDbEntity
  8
BLACK
  6
Continuous
100
AcDbLine
 10
222.125679
 20
-237.649642
 30
0.0
 11
222.125679
 21
-250.649642
 31
0.0
  0
ARC
  5
325
330
6F
100
AcDbEntity
  8
BLACK
100
AcDbCircle
 10
69.53829999999999
 20
-199.5495
 30
0.0
 40
0.499858014645159
100
AcDbArc
 50
359.98372269
 51
90.01386951999998
  0
ARC
  5
326
330
6F
100
AcDbEntity
  8
BLACK
100
AcDbCircle
 10
270.3152
 20
-274.2073
 30
0.0
 40
1.000224006611019
100
AcDbArc
 50
45.00441498999999
 51
89.99341246
  0
LINE
  5
327
330
6F
100
AcDbEntity
  8
BLACK
  6
Continuous
100
AcDbLine
 10
262.419341
 20
-237.151693
 30
0.0
 11
248.819429
 21
-237.151693
 31
0.0
  0
LINE
  5
328
330
6F
100
AcDbEntity
  8
BLACK
  6
Continuous
100
AcDbLine
 10
253.906929
 20
-218.624642
 30
0.0
 11
253.906929
 21
-230.342642
 31
0.0
  0
LINE
  5
329
330
6F
100
AcDbEntity
  8
BLACK
  6
Continuous
100
AcDbLine
 10
55.438179
 20
-199.549642
 30
0.0
 11
55.438179
 21
-212.549642
 31
0.0
  0
ARC
  5
32A
330
6F
100
AcDbEntity
  8
BLACK
100
AcDbCircle
 10
108.7632
 20
-172.2497
 30
0.0
 40
0.5000860006758838
100
AcDbArc
 50
0.00985436
 51
89.99702112999999
  0
LINE
  5
32B
330
6F
100
AcDbEntity
  8
BLACK
  6
Continuous
100
AcDbLine
 10
98.106579
 20
-269.649642
 30
0.0
 11
98.106579
 21
-256.749642
 31
0.0
  0
LINE
  5
32C
330
6F
100
AcDbEntity
  8
BLACK
  6
Continuous
100
AcDbLine
 10
273.388226
 20
-172.242156
 30
0.0
 11
273.388226
 21
-173.842155
 31
0.0
  0
ARC
  5
32D
330
6F
100
AcDbEntity
  8
BLACK
100
AcDbCircle
 10
84.5133
 20
-193.4995
 30
0.0
 40
0.500142014636843
100
AcDbArc
 50
180.0162667
 51
269.98613836
  0
LINE
  5
32E
330
6F
100
AcDbEntity
  8
BLACK
  6
Continuous
100
AcDbLine
 10
193.550679
 20
-218.599642
 30
0.0
 11
193.550679
 21
-231.599642
 31
0.0
  0
LINE
  5
32F
330
6F
100
AcDbEntity
  8
BLACK
  6
Continuous
100
AcDbLine
 10
141.475679
 20
-250.649642
 30
0.0
 11
141.475679
 21
-237.649642
 31
0.0
  0
LINE
  5
330
330
6F
100
AcDbEntity
  8
BLACK
  6
Continuous
100
AcDbLine
 10
111.463226
 20
-172.249614
 30
0.0
 11
111.463226
 21
-173.849613
 31
0.0
  0
ARC
  5
331
330
6F
100
AcDbEntity
  8
BLACK
100
AcDbCircle
 10
211.9132
 20
-256.7496999999999
 30
0.0
 40
0.5000580004409489
100
AcDbArc
 50
0.00664582
 51
90.00240614
  0
LINE
  5
332
330
6F
100
AcDbEntity
  8
BLACK
  6
Continuous
100
AcDbLine
 10
275.0186779999999
 20
-275.457123
 30
0.0
 11
274.820049
 21
-275.457123
 31
0.0
  0
ARC
  5
333
330
6F
100
AcDbEntity
  8
BLACK
100
AcDbCircle
 10
18.435101
 20
-276.357076
 30
0.0
 40
1.1
100
AcDbArc
 50
0.0
 51
180.0
  0
LINE
  5
334
330
6F
100
AcDbEntity
  8
BLACK
  6
Continuous
100
AcDbLine
 10
256.906929
 20
-232.074642
 30
0.0
 11
282.906929
 21
-232.074642
 31
0.0
  0
ARC
  5
335
330
6F
100
AcDbEntity
  8
BLACK
100
AcDbCircle
 10
210.2544
 20
-275.0572
 30
0.0
 40
0.3999230007201386
100
AcDbArc
 50
159.1830784
 51
270.00343841
  0
ARC
  5
336
330
6F
100
AcDbEntity
  8
BLACK
100
AcDbCircle
 10
108.5157
 20
-172.7496
 30
0.0
 40
1.000015866423128
100
AcDbArc
 50
90.00206268000001
 51
135.00202568
  0
ARC
  5
337
330
6F
100
AcDbEntity
  8
BLACK
100
AcDbCircle
 10
179.7633
 20
-193.4995
 30
0.0
 40
0.500142014636843
100
AcDbArc
 50
180.0162667
 51
269.98613836
  0
ARC
  5
338
330
6F
100
AcDbEntity
  8
BLACK
100
AcDbCircle
 10
84.5132
 20
-180.4996
 30
0.0
 40
0.5000210017639258
100
AcDbArc
 50
90.00240653999997
 51
180.00481264
  0
LINE
  5
339
330
6F
100
AcDbEntity
  8
BLACK
  6
Continuous
100
AcDbLine
 10
236.225679
 20
-237.149642
 30
0.0
 11
222.625679
 21
-237.149642
 31
0.0
  0
ARC
  5
33A
330
6F
100
AcDbEntity
  8
BLACK
100
AcDbCircle
 10
93.35069999999999
 20
-231.5996
 30
0.0
 40
0.4999790017640742
100
AcDbArc
 50
269.99759369
 51
359.9951869499999
  0
ARC
  5
33B
330
6F
100
AcDbEntity
  8
BLACK
100
AcDbCircle
 10
199.3132
 20
-269.6497
 30
0.0
 40
0.4999420004410511
100
AcDbArc
 50
179.9933532
 51
269.9975933
  0
LINE
  5
33C
330
6F
100
AcDbEntity
  8
BLACK
  6
Continuous
100
AcDbLine
 10
107.808557
 20
-172.042507
 30
0.0
 11
103.144318
 21
-176.7067459999999
 31
0.0
  0
LINE
  5
33D
330
6F
100
AcDbEntity
  8
BLACK
  6
Continuous
100
AcDbLine
 10
131.638179
 20
-199.549642
 30
0.0
 11
131.638179
 21
-212.549642
 31
0.0
  0
LINE
  5
33E
330
6F
100
AcDbEntity
  8
BLACK
  6
Continuous
100
AcDbLine
 10
107.825679
 20
-237.649642
 30
0.0
 11
107.825679
 21
-250.649642
 31
0.0
  0
ARC
  5
33F
330
6F
100
AcDbEntity
  8
BLACK
100
AcDbCircle
 10
79.7508
 20
-231.5995
 30
0.0
 40
0.500142014636843
100
AcDbArc
 50
180.0162667
 51
269.98613836
  0
ARC
  5
340
330
6F
100
AcDbEntity
  8
BLACK
100
AcDbCircle
 10
240.9883
 20
-199.5495
 30
0.0
 40
0.499858014645159
100
AcDbArc
 50
359.98372269
 51
90.01386951999998
  0
ARC
  5
341
330
6F
100
AcDbEntity
  8
BLACK
100
AcDbCircle
 10
76.4032
 20
-277.457
 30
0.0
 40
1.00012300064792
100
AcDbArc
 50
225.00352434
 51
269.99793761
  0
ARC
  5
342
330
6F
100
AcDbEntity
  8
BLACK
100
AcDbCircle
 10
41.65079999999999
 20
-231.5995
 30
0.0
 40
0.500142014636843
100
AcDbArc
 50
180.0162667
 51
269.98613836
  0
LINE
  5
343
330
6F
100
AcDbEntity
  8
BLACK
  6
Continuous
100
AcDbLine
 10
150.500679
 20
-218.099642
 30
0.0
 11
136.900679
 21
-218.099642
 31
0.0
  0
ARC
  5
344
330
6F
100
AcDbEntity
  8
BLACK
100
AcDbCircle
 10
179.7632
 20
-180.4996
 30
0.0
 40
0.5000210017639258
100
AcDbArc
 50
90.00240653999997
 51
180.00481264
  0
ARC
  5
345
330
6F
100
AcDbEntity
  8
BLACK
100
AcDbCircle
 10
146.4257
 20
-237.6496
 30
0.0
 40
0.5000210017639258
100
AcDbArc
 50
90.00240653999997
 51
180.00481264
  0
ARC
  5
346
330
6F
100
AcDbEntity
  8
BLACK
100
AcDbCircle
 10
131.4507
 20
-231.5996
 30
0.0
 40
0.4999790017640742
100
AcDbArc
 50
269.99759369
 51
359.9951869499999
  0
ARC
  5
347
330
6F
100
AcDbEntity
  8
BLACK
100
AcDbCircle
 10
269.5632
 20
-193.4996
 30
0.0
 40
0.4999790017640742
100
AcDbArc
 50
269.99759369
 51
359.9951869499999
  0
LINE
  5
348
330
6F
100
AcDbEntity
  8
BLACK
  6
Continuous
100
AcDbLine
 10
36.388179
 20
-256.699642
 30
0.0
 11
36.388179
 21
-269.699642
 31
0.0
  0
LINE
  5
349
330
6F
100
AcDbEntity
  8
BLACK
  6
Continuous
100
AcDbLine
 10
174.313179
 20
-179.999642
 30
0.0
 11
160.713179
 21
-179.999642
 31
0.0
  0
ARC
  5
34A
330
6F
100
AcDbEntity
  8
BLACK
100
AcDbCircle
 10
122.6133
 20
-193.4995
 30
0.0
 40
0.500142014636843
100
AcDbArc
 50
180.0162667
 51
269.98613836
  0
CIRCLE
  5
34B
330
6F
100
AcDbEntity
  8
BLACK
100
AcDbCircle
 10
266.327519
 20
-263.200056
 30
0.0
 40
1.0
  0
LINE
  5
34C
330
6F
100
AcDbEntity
  8
BLACK
  6
Continuous
100
AcDbLine
 10
231.650679
 20
-218.599642
 30
0.0
 11
231.650679
 21
-231.599642
 31
0.0
  0
ARC
  5
34D
330
6F
100
AcDbEntity
  8
BLACK
100
AcDbCircle
 10
205.7497
 20
-274.2072
 30
0.0
 40
1.000124000049993
100
AcDbArc
 50
45.00542847000001
 51
90.00057289
  0
LINE
  5
34E
330
6F
100
AcDbEntity
  8
BLACK
  6
Continuous
100
AcDbLine
 10
108.325679
 20
-251.149642
 30
0.0
 11
121.9256789999999
 21
-251.149642
 31
0.0
  0
ARC
  5
34F
330
6F
100
AcDbEntity
  8
BLACK
100
AcDbCircle
 10
262.4195
 20
-237.6516999999999
 30
0.0
 40
0.5000070252806454
100
AcDbArc
 50
0.91874511
 51
90.0182198
  0
LINE
  5
350
330
6F
100
AcDbEntity
  8
BLACK
  6
Continuous
100
AcDbLine
 10
15.212428
 20
-275.457075
 30
0.0
 11
15.013799
 21
-275.457075
 31
0.0
  0
ENDSEC
  0
SECTION
  2
OBJECTS
  0
DICTIONARY
  5
C
330
0
100
AcDbDictionary
281
     1
  3
ACAD_BACKGROUND
350
355
  3
ACAD_CIP_PREVIOUS_PRODUCT_INFO
350
354
  3
ACAD_COLOR
350
62
  3
ACAD_DETAILVIEWSTYLE
350
69
  3
ACAD_GROUP
350
D
  3
ACAD_LAST_SAVED_VERSION_INFO
350
358
  3
ACAD_LAYOUT
350
61
  3
ACAD_MATERIAL
350
10
  3
ACAD_MLEADERSTYLE
350
65
  3
ACAD_MLINESTYLE
350
5E
  3
ACAD_PLOTSETTINGS
350
60
  3
ACAD_PLOTSTYLENAME
350
E
  3
ACAD_SCALELIST
350
42
  3
ACAD_SECTIONVIEWSTYLE
350
67
  3
ACAD_TABLESTYLE
350
63
  3
ACAD_VISUALSTYLE
350
29
  3
ACDB_RECOMPOSE_DATA
350
373
  3
AcDbVariableDictionary
350
366
  3
AcDsDecomposeData
350
379
  0
DICTIONARY
  5
360
330
2
100
AcDbDictionary
280
     1
281
     1
  3
ACAD_LAYERSTATES
360
361
  0
DICTIONARY
  5
359
330
54
100
AcDbDictionary
280
     1
281
     1
  3
ADSK_XREC_LAYER_RECONCILED
360
35A
  0
DICTIONARY
  5
35B
330
7A
100
AcDbDictionary
280
     1
281
     1
  3
ADSK_XREC_LAYER_RECONCILED
360
35C
  0
DICTIONARY
  5
355
102
{ACAD_REACTORS
330
C
102
}
330
C
100
AcDbDictionary
281
     1
  0
XRECORD
  5
354
102
{ACAD_REACTORS
330
C
102
}
330
C
100
AcDbXrecord
280
     1
300
ACDMAC
300
2025
300

  0
DICTIONARY
  5
62
102
{ACAD_REACTORS
330
C
102
}
330
C
100
AcDbDictionary
281
     1
  0
DICTIONARY
  5
69
102
{ACAD_REACTORS
330
C
102
}
330
C
100
AcDbDictionary
281
     1
  3
Imperial24
350
6A
  3
Metric50
350
352
  0
DICTIONARY
  5
D
102
{ACAD_REACTORS
330
C
102
}
330
C
100
AcDbDictionary
281
     1
  0
XRECORD
  5
358
102
{ACAD_REACTORS
330
C
102
}
330
C
100
AcDbXrecord
280
     1
300
{73BB55CC-84D4-A444-8704-BF19AC68208F}
301
{53BB00E0-0B4E-F14D-92F0-BAE156CBD021}
302
{73BB55CC-84D4-A444-8704-BF19AC68208F}
303
/Users/junkibeom/Downloads/tofu3.0_em60_topre.dxf
  0
DICTIONARY
  5
61
102
{ACAD_REACTORS
330
C
102
}
330
C
100
AcDbDictionary
281
     1
  3
Model
350
72
  3
배치1
350
6E
  0
DICTIONARY
  5
10
102
{ACAD_REACTORS
330
C
102
}
330
C
100
AcDbDictionary
281
     1
  3
ByBlock
350
19
  3
ByLayer
350
11
  3
Global
350
21
  0
DICTIONARY
  5
65
102
{ACAD_REACTORS
330
C
102
}
330
C
100
AcDbDictionary
281
     1
  3
Standard
350
66
  0
DICTIONARY
  5
5E
102
{ACAD_REACTORS
330
C
102
}
330
C
100
AcDbDictionary
281
     1
  3
Standard
350
5F
  0
DICTIONARY
  5
60
102
{ACAD_REACTORS
330
C
102
}
330
C
100
AcDbDictionary
281
     1
  0
ACDBDICTIONARYWDFLT
  5
E
102
{ACAD_REACTORS
330
C
102
}
330
C
100
AcDbDictionary
281
     1
  3
Normal
350
F
100
AcDbDictionaryWithDefault
340
F
  0
DICTIONARY
  5
42
102
{ACAD_REACTORS
330
C
102
}
330
C
100
AcDbDictionary
281
     1
  3
A0
350
43
  3
A1
350
44
  3
A2
350
45
  3
A3
350
46
  3
A4
350
47
  3
A5
350
48
  3
A6
350
49
  3
A7
350
4A
  3
A8
350
4B
  3
A9
350
4C
  3
B0
350
4D
  3
B1
350
4E
  3
B2
350
4F
  3
B3
350
50
  3
B4
350
51
  3
B5
350
52
  3
B6
350
53
  0
DICTIONARY
  5
67
102
{ACAD_REACTORS
330
C
102
}
330
C
100
AcDbDictionary
281
     1
  3
Imperial24
350
68
  3
Metric50
350
351
  0
DICTIONARY
  5
63
102
{ACAD_REACTORS
330
C
102
}
330
C
100
AcDbDictionary
281
     1
  3
Standard
350
64
  0
DICTIONARY
  5
29
102
{ACAD_REACTORS
330
C
102
}
330
C
100
AcDbDictionary
281
     1
  3
2dWireframe
350
2F
  3
Basic
350
2E
  3
Brighten
350
35
  3
ColorChange
350
39
  3
Conceptual
350
32
  3
Dim
350
34
  3
EdgeColorOff
350
41
  3
Facepattern
350
38
  3
Flat
350
2A
  3
FlatWithEdges
350
2B
  3
Gouraud
350
2C
  3
GouraudWithEdges
350
2D
  3
Hidden
350
31
  3
JitterOff
350
3F
  3
Linepattern
350
37
  3
OverhangOff
350
40
  3
Realistic
350
33
  3
Shaded
350
3E
  3
Shaded with edges
350
3D
  3
Shades of Gray
350
3A
  3
Sketchy
350
3B
  3
Thicken
350
36
  3
Wireframe
350
30
  3
X-Ray
350
3C
  0
XRECORD
  5
373
102
{ACAD_REACTORS
330
C
102
}
330
C
100
AcDbXrecord
280
     1
 90
        1
330
64
  0
DICTIONARY
  5
366
102
{ACAD_REACTORS
330
C
102
}
330
C
100
AcDbDictionary
281
     1
  3
CANNOSCALE
350
36C
  3
CMLEADERSTYLE
350
368
  3
CTABLESTYLE
350
367
  3
CVIEWDETAILSTYLE
350
369
  3
CVIEWSECTIONSTYLE
350
36A
  3
LAYEREVAL
350
36E
  3
LAYERNOTIFY
350
36F
  3
LIGHTINGUNITS
350
36D
  3
MSLTSCALE
350
36B
  0
DICTIONARY
  5
379
102
{ACAD_REACTORS
330
C
102
}
330
C
100
AcDbDictionary
281
     1
  3
AcDsRecords
350
37B
  3
AcDsSchemas
350
37A
1001
ACAD
1070
     2
  0
DICTIONARY
  5
361
102
{ACAD_REACTORS
330
360
102
}
330
360
100
AcDbDictionary
281
     1
  0
XRECORD
  5
35A
102
{ACAD_REACTORS
330
359
102
}
330
359
100
AcDbXrecord
280
     1
290
     1
  0
XRECORD
  5
35C
102
{ACAD_REACTORS
330
35B
102
}
330
35B
100
AcDbXrecord
280
     1
290
     1
  0
ACDBDETAILVIEWSTYLE
  5
6A
102
{ACAD_XDICTIONARY
360
3AE
102
}
102
{ACAD_REACTORS
330
69
102
}
330
69
100
AcDbModelDocViewStyle
 70
     0
  3
Imperial24
290
     0
100
AcDbDetailViewStyle
 70
     0
 71
     0
 90
        3
 71
     1
340
55
 62
   256
 40
0.24
340
0
 62
   256
 40
0.24
300

 40
0.36
280
     3
 71
     2
340
5C
 90
       25
 62
   256
 71
     3
340
55
 62
   256
 40
0.24
 90
        1
 40
0.75
 90
        1
300
%<\AcVar ViewType \f "%tc1">% %<\AcVar ViewDetailId>%\PSCALE %<\AcVar ViewScale \f "%sn">%
 71
     4
340
5C
 90
       25
 62
   256
340
5C
 90
       25
 62
   256
280
     0
  0
ACDBDETAILVIEWSTYLE
  5
352
102
{ACAD_XDICTIONARY
360
3B2
102
}
102
{ACAD_REACTORS
330
69
102
}
330
69
100
AcDbModelDocViewStyle
 70
     0
  3
Metric50
290
     0
100
AcDbDetailViewStyle
 70
     0
 71
     0
 90
        3
 71
     1
340
55
 62
   256
 40
5.0
340
0
 62
   256
 40
5.0
300

 40
0.0
280
     1
 71
     2
340
5C
 90
       25
 62
   256
 71
     3
340
55
 62
   256
 40
5.0
 90
        0
 40
15.0
 90
        1
300
%<\AcVar ViewDetailId>% (%<\AcVar ViewScale \f "%sn">%)
 71
     4
340
5C
 90
       25
 62
   256
340
5C
 90
       25
 62
   256
280
     0
  0
LAYOUT
  5
72
102
{ACAD_REACTORS
330
61
102
}
330
61
100
AcDbPlotSettings
  1

  2

  4

  6

 40
0.0
 41
0.0
 42
0.0
 43
0.0
 44
0.0
 45
0.0
 46
0.0
 47
0.0
 48
0.0
 49
0.0
140
0.0
141
0.0
142
1.0
143
1.0
 70
  1712
 72
     0
 73
     0
 74
     0
  7

 75
     0
147
1.0
 76
     0
 77
     2
 78
   300
148
0.0
149
0.0
100
AcDbLayout
  1
Model
 70
     1
 71
     0
 10
0.0
 20
0.0
 11
12.0
 21
9.0
 12
0.0
 22
0.0
 32
0.0
 14
0.0
 24
0.0
 34
0.0
 15
0.0
 25
0.0
 35
0.0
146
0.0
 13
0.0
 23
0.0
 33
0.0
 16
1.0
 26
0.0
 36
0.0
 17
0.0
 27
1.0
 37
0.0
 76
     0
330
6F
331
7D
  0
LAYOUT
  5
6E
102
{ACAD_REACTORS
330
61
102
}
330
61
100
AcDbPlotSettings
  1

  2

  4

  6

 40
0.0
 41
0.0
 42
0.0
 43
0.0
 44
0.0
 45
0.0
 46
0.0
 47
0.0
 48
0.0
 49
0.0
140
0.0
141
0.0
142
1.0
143
1.0
 70
   688
 72
     0
 73
     0
 74
     5
  7

 75
    16
147
1.0
 76
     0
 77
     2
 78
   300
148
0.0
149
0.0
100
AcDbLayout
  1
배치1
 70
     1
 71
     1
 10
0.0
 20
0.0
 11
12.0
 21
9.0
 12
0.0
 22
0.0
 32
0.0
 14
1.000000000000000E+20
 24
1.000000000000000E+20
 34
1.000000000000000E+20
 15
-1.000000000000000E+20
 25
-1.000000000000000E+20
 35
-1.000000000000000E+20
146
0.0
 13
0.0
 23
0.0
 33
0.0
 16
1.0
 26
0.0
 36
0.0
 17
0.0
 27
1.0
 37
0.0
 76
     0
330
6B
  0
MATERIAL
  5
19
102
{ACAD_XDICTIONARY
360
1A
102
}
102
{ACAD_REACTORS
330
10
102
}
330
10
100
AcDbMaterial
  1
ByBlock
 72
     0
 43
0.0208333333333333
 43
0.0
 43
0.0
 43
0.0
 43
0.0
 43
0.0208333333333333
 43
0.0
 43
0.0
 43
0.0
 43
0.0
 43
1.0
 43
0.0
 43
0.0
 43
0.0
 43
0.0
 43
1.0
 77
     0
 47
0.0208333333333333
 47
0.0
 47
0.0
 47
0.0
 47
0.0
 47
0.0208333333333333
 47
0.0
 47
0.0
 47
0.0
 47
0.0
 47
1.0
 47
0.0
 47
0.0
 47
0.0
 47
0.0
 47
1.0
171
     0
 49
0.0208333333333333
 49
0.0
 49
0.0
 49
0.0
 49
0.0
 49
0.0208333333333333
 49
0.0
 49
0.0
 49
0.0
 49
0.0
 49
1.0
 49
0.0
 49
0.0
 49
0.0
 49
0.0
 49
1.0
175
     0
142
0.0208333333333333
142
0.0
142
0.0
142
0.0
142
0.0
142
0.0208333333333333
142
0.0
142
0.0
142
0.0
142
0.0
142
1.0
142
0.0
142
0.0
142
0.0
142
0.0
142
1.0
179
     0
144
0.0208333333333333
144
0.0
144
0.0
144
0.0
144
0.0
144
0.0208333333333333
144
0.0
144
0.0
144
0.0
144
0.0
144
1.0
144
0.0
144
0.0
144
0.0
144
0.0
144
1.0
147
0.0208333333333333
147
0.0
147
0.0
147
0.0
147
0.0
147
0.0208333333333333
147
0.0
147
0.0
147
0.0
147
0.0
147
1.0
147
0.0
147
0.0
147
0.0
147
0.0
147
1.0
  0
MATERIAL
  5
11
102
{ACAD_XDICTIONARY
360
12
102
}
102
{ACAD_REACTORS
330
10
102
}
330
10
100
AcDbMaterial
  1
ByLayer
 72
     0
 43
0.0208333333333333
 43
0.0
 43
0.0
 43
0.0
 43
0.0
 43
0.0208333333333333
 43
0.0
 43
0.0
 43
0.0
 43
0.0
 43
1.0
 43
0.0
 43
0.0
 43
0.0
 43
0.0
 43
1.0
 77
     0
 47
0.0208333333333333
 47
0.0
 47
0.0
 47
0.0
 47
0.0
 47
0.0208333333333333
 47
0.0
 47
0.0
 47
0.0
 47
0.0
 47
1.0
 47
0.0
 47
0.0
 47
0.0
 47
0.0
 47
1.0
171
     0
 49
0.0208333333333333
 49
0.0
 49
0.0
 49
0.0
 49
0.0
 49
0.0208333333333333
 49
0.0
 49
0.0
 49
0.0
 49
0.0
 49
1.0
 49
0.0
 49
0.0
 49
0.0
 49
0.0
 49
1.0
175
     0
142
0.0208333333333333
142
0.0
142
0.0
142
0.0
142
0.0
142
0.0208333333333333
142
0.0
142
0.0
142
0.0
142
0.0
142
1.0
142
0.0
142
0.0
142
0.0
142
0.0
142
1.0
179
     0
144
0.0208333333333333
144
0.0
144
0.0
144
0.0
144
0.0
144
0.0208333333333333
144
0.0
144
0.0
144
0.0
144
0.0
144
1.0
144
0.0
144
0.0
144
0.0
144
0.0
144
1.0
147
0.0208333333333333
147
0.0
147
0.0
147
0.0
147
0.0
147
0.0208333333333333
147
0.0
147
0.0
147
0.0
147
0.0
147
1.0
147
0.0
147
0.0
147
0.0
147
0.0
147
1.0
  0
MATERIAL
  5
21
102
{ACAD_XDICTIONARY
360
22
102
}
102
{ACAD_REACTORS
330
10
102
}
330
10
100
AcDbMaterial
  1
Global
 72
     0
 43
0.0208333333333333
 43
0.0
 43
0.0
 43
0.0
 43
0.0
 43
0.0208333333333333
 43
0.0
 43
0.0
 43
0.0
 43
0.0
 43
1.0
 43
0.0
 43
0.0
 43
0.0
 43
0.0
 43
1.0
 77
     0
 47
0.0208333333333333
 47
0.0
 47
0.0
 47
0.0
 47
0.0
 47
0.0208333333333333
 47
0.0
 47
0.0
 47
0.0
 47
0.0
 47
1.0
 47
0.0
 47
0.0
 47
0.0
 47
0.0
 47
1.0
171
     0
 49
0.0208333333333333
 49
0.0
 49
0.0
 49
0.0
 49
0.0
 49
0.0208333333333333
 49
0.0
 49
0.0
 49
0.0
 49
0.0
 49
1.0
 49
0.0
 49
0.0
 49
0.0
 49
0.0
 49
1.0
175
     0
142
0.0208333333333333
142
0.0
142
0.0
142
0.0
142
0.0
142
0.0208333333333333
142
0.0
142
0.0
142
0.0
142
0.0
142
1.0
142
0.0
142
0.0
142
0.0
142
0.0
142
1.0
179
     0
144
0.0208333333333333
144
0.0
144
0.0
144
0.0
144
0.0
144
0.0208333333333333
144
0.0
144
0.0
144
0.0
144
0.0
144
1.0
144
0.0
144
0.0
144
0.0
144
0.0
144
1.0
147
0.0208333333333333
147
0.0
147
0.0
147
0.0
147
0.0
147
0.0208333333333333
147
0.0
147
0.0
147
0.0
147
0.0
147
1.0
147
0.0
147
0.0
147
0.0
147
0.0
147
1.0
  0
MLEADERSTYLE
  5
66
102
{ACAD_REACTORS
330
65
102
}
330
65
100
AcDbMLeaderStyle
179
     2
170
     2
171
     1
172
     0
 90
        2
 40
0.0
 41
0.0
173
     1
 91
-1056964608
340
5A
 92
       -2
290
     1
 42
0.09
291
     1
 43
0.36
  3
Standard
 44
0.18
300

342
55
174
     1
178
     6
175
     1
176
     0
 93
-1056964608
 45
0.18
292
     0
297
     0
 46
0.18
 94
-1056964608
 47
1.0
 49
1.0
140
1.0
293
     1
141
0.0
294
     1
177
     0
142
1.0
295
     0
296
     0
143
0.125
271
     0
272
     9
273
     9
  0
MLINESTYLE
  5
5F
102
{ACAD_REACTORS
330
5E
102
}
330
5E
100
AcDbMlineStyle
  2
STANDARD
 70
     0
  3

 62
   256
 51
90.0
 52
90.0
 71
     2
 49
0.5
 62
   256
  6
BYLAYER
 49
-0.5
 62
   256
  6
BYLAYER
  0
ACDBPLACEHOLDER
  5
F
102
{ACAD_REACTORS
330
E
102
}
330
E
  0
SCALE
  5
43
102
{ACAD_REACTORS
330
42
102
}
330
42
100
AcDbScale
 70
     0
300
1:1
140
1.0
141
1.0
290
     1
  0
SCALE
  5
44
102
{ACAD_REACTORS
330
42
102
}
330
42
100
AcDbScale
 70
     0
300
1/128" = 1'-0"
140
0.0078125
141
12.0
290
     0
  0
SCALE
  5
45
102
{ACAD_REACTORS
330
42
102
}
330
42
100
AcDbScale
 70
     0
300
1/64" = 1'-0"
140
0.015625
141
12.0
290
     0
  0
SCALE
  5
46
102
{ACAD_REACTORS
330
42
102
}
330
42
100
AcDbScale
 70
     0
300
1/32" = 1'-0"
140
0.03125
141
12.0
290
     0
  0
SCALE
  5
47
102
{ACAD_REACTORS
330
42
102
}
330
42
100
AcDbScale
 70
     0
300
1/16" = 1'-0"
140
0.0625
141
12.0
290
     0
  0
SCALE
  5
48
102
{ACAD_REACTORS
330
42
102
}
330
42
100
AcDbScale
 70
     0
300
3/32" = 1'-0"
140
0.09375
141
12.0
290
     0
  0
SCALE
  5
49
102
{ACAD_REACTORS
330
42
102
}
330
42
100
AcDbScale
 70
     0
300
1/8" = 1'-0"
140
0.125
141
12.0
290
     0
  0
SCALE
  5
4A
102
{ACAD_REACTORS
330
42
102
}
330
42
100
AcDbScale
 70
     0
300
3/16" = 1'-0"
140
0.1875
141
12.0
290
     0
  0
SCALE
  5
4B
102
{ACAD_REACTORS
330
42
102
}
330
42
100
AcDbScale
 70
     0
300
1/4" = 1'-0"
140
0.25
141
12.0
290
     0
  0
SCALE
  5
4C
102
{ACAD_REACTORS
330
42
102
}
330
42
100
AcDbScale
 70
     0
300
3/8" = 1'-0"
140
0.375
141
12.0
290
     0
  0
SCALE
  5
4D
102
{ACAD_REACTORS
330
42
102
}
330
42
100
AcDbScale
 70
     0
300
1/2" = 1'-0"
140
0.5
141
12.0
290
     0
  0
SCALE
  5
4E
102
{ACAD_REACTORS
330
42
102
}
330
42
100
AcDbScale
 70
     0
300
3/4" = 1'-0"
140
0.75
141
12.0
290
     0
  0
SCALE
  5
4F
102
{ACAD_REACTORS
330
42
102
}
330
42
100
AcDbScale
 70
     0
300
1" = 1'-0"
140
1.0
141
12.0
290
     0
  0
SCALE
  5
50
102
{ACAD_REACTORS
330
42
102
}
330
42
100
AcDbScale
 70
     0
300
1-1/2" = 1'-0"
140
1.5
141
12.0
290
     0
  0
SCALE
  5
51
102
{ACAD_REACTORS
330
42
102
}
330
42
100
AcDbScale
 70
     0
300
3" = 1'-0"
140
3.0
141
12.0
290
     0
  0
SCALE
  5
52
102
{ACAD_REACTORS
330
42
102
}
330
42
100
AcDbScale
 70
     0
300
6" = 1'-0"
140
6.0
141
12.0
290
     0
  0
SCALE
  5
53
102
{ACAD_REACTORS
330
42
102
}
330
42
100
AcDbScale
 70
     0
300
1'-0" = 1'-0"
140
12.0
141
12.0
290
     0
  0
ACDBSECTIONVIEWSTYLE
  5
68
102
{ACAD_XDICTIONARY
360
3AC
102
}
102
{ACAD_REACTORS
330
67
102
}
330
67
100
AcDbModelDocViewStyle
 70
     0
  3
Imperial24
290
     0
100
AcDbSectionViewStyle
 70
     0
 71
     0
 90
       78
 71
     1
340
55
 62
   256
 40
0.24
340
0
340
0
 62
   256
 40
0.24
300
I, O, Q, S, X, Z
 40
0.48
 90
        3
 40
0.18
 90
        1
 71
     2
340
5C
 90
       25
 62
   256
340
5C
 90
       50
 62
   256
 40
0.24
 40
0.0
 40
0.24
 71
     3
340
55
 62
   256
 40
0.24
 90
        1
 40
0.75
 90
        1
300
%<\AcVar ViewType \f "%tc1">% %<\AcVar ViewSectionStartId>%-%<\AcVar ViewSectionEndId>%\PSCALE %<\AcVar ViewScale \f "%sn">%
 71
     4
 62
   256
 62
   257
300
ANSI31
 40
1.0
 90
        0
290
     0
290
     0
 90
        6
 40
0.0
 40
1.570796326794896
 40
0.2617993877991494
 40
1.308996938995747
 40
-0.2617993877991494
 40
1.832595714594046
  0
ACDBSECTIONVIEWSTYLE
  5
351
102
{ACAD_XDICTIONARY
360
3B0
102
}
102
{ACAD_REACTORS
330
67
102
}
330
67
100
AcDbModelDocViewStyle
 70
     0
  3
Metric50
290
     0
100
AcDbSectionViewStyle
 70
     0
 71
     0
 90
      102
 71
     1
340
55
 62
   256
 40
5.0
340
0
340
0
 62
   256
 40
5.0
300
I, O, Q, S, X, Z
 40
10.0
 90
        0
 40
2.5
 90
        0
 71
     2
340
5C
 90
       25
 62
   256
340
5C
 90
       50
 62
   256
 40
5.0
 40
2.5
 40
5.0
 71
     3
340
55
 62
   256
 40
5.0
 90
        0
 40
15.0
 90
        1
300
%<\AcVar ViewSectionStartId>%-%<\AcVar ViewSectionEndId>% (%<\AcVar ViewScale \f "%sn">%)
 71
     4
 62
   256
 62
   257
300
ANSI31
 40
1.0
 90
        0
290
     0
290
     0
 90
        6
 40
0.0
 40
1.570796326794896
 40
0.2617993877991494
 40
1.308996938995747
 40
-0.2617993877991494
 40
1.832595714594046
  0
TABLESTYLE
  5
64
102
{ACAD_XDICTIONARY
360
371
102
}
102
{ACAD_REACTORS
330
63
102
}
330
63
100
AcDbTableStyle
280
     0
  3
Standard
 70
     0
 71
     0
 40
0.06
 41
0.06
280
     0
281
     0
  7
Standard
140
0.18
170
     2
 62
     0
 63
     7
283
     0
 90
      512
 91
        0
  1

274
    -2
284
     1
 64
     0
275
    -2
285
     1
 65
     0
276
    -2
286
     1
 66
     0
277
    -2
287
     1
 67
     0
278
    -2
288
     1
 68
     0
279
    -2
289
     1
 69
     0
  7
Standard
140
0.25
170
     5
 62
     0
 63
     7
283
     0
 90
      512
 91
        0
  1

274
    -2
284
     1
 64
     0
275
    -2
285
     1
 65
     0
276
    -2
286
     1
 66
     0
277
    -2
287
     1
 67
     0
278
    -2
288
     1
 68
     0
279
    -2
289
     1
 69
     0
  7
Standard
140
0.18
170
     5
 62
     0
 63
     7
283
     0
 90
      512
 91
        0
  1

274
    -2
284
     1
 64
     0
275
    -2
285
     1
 65
     0
276
    -2
286
     1
 66
     0
277
    -2
287
     1
 67
     0
278
    -2
288
     1
 68
     0
279
    -2
289
     1
 69
     0
  0
VISUALSTYLE
  5
2F
102
{ACAD_XDICTIONARY
360
386
102
}
102
{ACAD_REACTORS
330
29
102
}
330
29
100
AcDbVisualStyle
  2
2dWireframe
 70
     4
177
     2
291
     0
 71
     0
176
     1
 72
     2
176
     1
 73
     0
176
     1
 90
        0
176
     1
 40
0.6
176
     1
 41
30.0
176
     1
 63
     7
421
 16777215
176
     1
 74
     1
176
     1
 91
        4
176
     1
 64
     7
176
     1
 65
   257
176
     1
 75
     1
176
     1
175
     1
176
     1
 42
1.0
176
     1
 92
        0
176
     1
 66
   257
176
     1
 43
1.0
176
     1
 76
     1
176
     1
 77
     6
176
     1
 78
     2
176
     1
 67
     7
176
     1
 79
     5
176
     1
170
     0
176
     1
171
     0
176
     1
290
     0
176
     1
 93
        1
176
     1
 44
0.0
176
     1
173
     0
176
     1
1001
ACAD
1000
AcDbSavedByObjectVersion
1070
     0
  0
VISUALSTYLE
  5
2E
102
{ACAD_XDICTIONARY
360
384
102
}
102
{ACAD_REACTORS
330
29
102
}
330
29
100
AcDbVisualStyle
  2
Basic
 70
     7
177
     2
291
     1
 71
     1
176
     1
 72
     0
176
     1
 73
     1
176
     1
 90
        0
176
     1
 40
0.6
176
     1
 41
30.0
176
     1
 63
     7
421
 16777215
176
     1
 74
     0
176
     1
 91
        4
176
     1
 64
     7
176
     1
 65
   257
176
     1
 75
     1
176
     1
175
     1
176
     1
 42
1.0
176
     1
 92
        8
176
     1
 66
     7
176
     1
 43
1.0
176
     1
 76
     1
176
     1
 77
     6
176
     1
 78
     2
176
     1
 67
     7
176
     1
 79
     5
176
     1
170
     0
176
     1
171
     0
176
     1
290
     0
176
     1
 93
        1
176
     1
 44
0.0
176
     1
173
     0
176
     1
1001
ACAD
1000
AcDbSavedByObjectVersion
1070
     0
  0
VISUALSTYLE
  5
35
102
{ACAD_XDICTIONARY
360
392
102
}
102
{ACAD_REACTORS
330
29
102
}
330
29
100
AcDbVisualStyle
  2
Brighten
 70
    12
177
     2
291
     1
 71
     2
176
     1
 72
     2
176
     1
 73
     0
176
     1
 90
        0
176
     1
 40
0.6
176
     1
 41
30.0
176
     1
 63
     7
421
 16777215
176
     1
 74
     1
176
     1
 91
        4
176
     1
 64
     7
176
     1
 65
   257
176
     1
 75
     1
176
     1
175
     1
176
     1
 42
1.0
176
     1
 92
        8
176
     1
 66
     7
176
     1
 43
1.0
176
     1
 76
     1
176
     1
 77
     6
176
     1
 78
     2
176
     1
 67
     7
176
     1
 79
     5
176
     1
170
     0
176
     1
171
     0
176
     1
290
     0
176
     1
 93
        1
176
     1
 44
50.0
176
     1
173
     0
176
     1
1001
ACAD
1000
AcDbSavedByObjectVersion
1070
     0
  0
VISUALSTYLE
  5
39
102
{ACAD_XDICTIONARY
360
39A
102
}
102
{ACAD_REACTORS
330
29
102
}
330
29
100
AcDbVisualStyle
  2
ColorChange
 70
    16
177
     2
291
     1
 71
     2
176
     1
 72
     2
176
     1
 73
     3
176
     1
 90
        0
176
     1
 40
0.6
176
     1
 41
30.0
176
     1
 63
     8
421
  8421504
176
     1
 74
     1
176
     1
 91
        4
176
     1
 64
     7
176
     1
 65
   257
176
     1
 75
     1
176
     1
175
     1
176
     1
 42
1.0
176
     1
 92
        8
176
     1
 66
     8
424
  8421504
176
     1
 43
1.0
176
     1
 76
     1
176
     1
 77
     6
176
     1
 78
     2
176
     1
 67
     7
176
     1
 79
     5
176
     1
170
     0
176
     1
171
     0
176
     1
290
     0
176
     1
 93
        1
176
     1
 44
0.0
176
     1
173
     0
176
     1
1001
ACAD
1000
AcDbSavedByObjectVersion
1070
     0
  0
VISUALSTYLE
  5
32
102
{ACAD_XDICTIONARY
360
38C
102
}
102
{ACAD_REACTORS
330
29
102
}
330
29
100
AcDbVisualStyle
  2
Conceptual
 70
     9
177
     2
291
     0
 71
     3
176
     1
 72
     2
176
     1
 73
     0
176
     1
 90
        0
176
     1
 40
0.6
176
     1
 41
30.0
176
     1
 63
     7
421
 16777215
176
     1
 74
     2
176
     1
 91
        2
176
     1
 64
     7
176
     1
 65
   257
176
     1
 75
     1
176
     1
175
     1
176
     1
 42
179.0
176
     1
 92
        8
176
     1
 66
     7
176
     1
 43
1.0
176
     1
 76
     1
176
     1
 77
     6
176
     1
 78
     2
176
     1
 67
     7
176
     1
 79
     3
176
     1
170
     0
176
     1
171
     0
176
     1
290
     0
176
     1
 93
        1
176
     1
 44
0.0
176
     1
173
     0
176
     1
1001
ACAD
1000
AcDbSavedByObjectVersion
1070
     0
  0
VISUALSTYLE
  5
34
102
{ACAD_XDICTIONARY
360
390
102
}
102
{ACAD_REACTORS
330
29
102
}
330
29
100
AcDbVisualStyle
  2
Dim
 70
    11
177
     2
291
     1
 71
     2
176
     1
 72
     2
176
     1
 73
     0
176
     1
 90
        0
176
     1
 40
0.6
176
     1
 41
30.0
176
     1
 63
     7
421
 16777215
176
     1
 74
     1
176
     1
 91
        4
176
     1
 64
     7
176
     1
 65
   257
176
     1
 75
     1
176
     1
175
     1
176
     1
 42
1.0
176
     1
 92
        8
176
     1
 66
     7
176
     1
 43
1.0
176
     1
 76
     1
176
     1
 77
     6
176
     1
 78
     2
176
     1
 67
     7
176
     1
 79
     5
176
     1
170
     0
176
     1
171
     0
176
     1
290
     0
176
     1
 93
        1
176
     1
 44
-50.0
176
     1
173
     0
176
     1
1001
ACAD
1000
AcDbSavedByObjectVersion
1070
     0
  0
VISUALSTYLE
  5
41
102
{ACAD_XDICTIONARY
360
3AA
102
}
102
{ACAD_REACTORS
330
29
102
}
330
29
100
AcDbVisualStyle
  2
EdgeColorOff
 70
    22
177
     2
291
     1
 71
     2
176
     0
 72
     2
176
     0
 73
     0
176
     0
 90
        0
176
     0
 40
0.6
176
     0
 41
30.0
176
     0
 63
     7
421
 16777215
176
     0
 74
     1
176
     0
 91
        4
176
     0
 64
     7
176
     0
 65
   257
176
     0
 75
     1
176
     0
175
     1
176
     0
 42
1.0
176
     0
 92
        8
176
     2
 66
     7
176
     0
 43
1.0
176
     0
 76
     1
176
     0
 77
     6
176
     0
 78
     2
176
     0
 67
     7
176
     0
 79
     5
176
     0
170
     0
176
     0
171
     0
176
     0
290
     0
176
     0
 93
        1
176
     0
 44
0.0
176
     0
173
     0
176
     0
1001
ACAD
1000
AcDbSavedByObjectVersion
1070
     0
  0
VISUALSTYLE
  5
38
102
{ACAD_XDICTIONARY
360
398
102
}
102
{ACAD_REACTORS
330
29
102
}
330
29
100
AcDbVisualStyle
  2
Facepattern
 70
    15
177
     2
291
     1
 71
     2
176
     1
 72
     2
176
     1
 73
     0
176
     1
 90
        0
176
     1
 40
0.6
176
     1
 41
30.0
176
     1
 63
     7
421
 16777215
176
     1
 74
     1
176
     1
 91
        4
176
     1
 64
     7
176
     1
 65
   257
176
     1
 75
     1
176
     1
175
     1
176
     1
 42
1.0
176
     1
 92
        8
176
     1
 66
     7
176
     1
 43
1.0
176
     1
 76
     1
176
     1
 77
     6
176
     1
 78
     2
176
     1
 67
     7
176
     1
 79
     5
176
     1
170
     0
176
     1
171
     0
176
     1
290
     0
176
     1
 93
        1
176
     1
 44
0.0
176
     1
173
     0
176
     1
1001
ACAD
1000
AcDbSavedByObjectVersion
1070
     0
  0
VISUALSTYLE
  5
2A
102
{ACAD_XDICTIONARY
360
37C
102
}
102
{ACAD_REACTORS
330
29
102
}
330
29
100
AcDbVisualStyle
  2
Flat
 70
     0
177
     2
291
     1
 71
     2
176
     1
 72
     1
176
     1
 73
     1
176
     1
 90
        2
176
     1
 40
0.6
176
     1
 41
30.0
176
     1
 63
     7
421
 16777215
176
     1
 74
     0
176
     1
 91
        0
176
     1
 64
     7
176
     1
 65
   257
176
     1
 75
     1
176
     1
175
     1
176
     1
 42
1.0
176
     1
 92
        8
176
     1
 66
     7
176
     1
 43
1.0
176
     1
 76
     1
176
     1
 77
     6
176
     1
 78
     2
176
     1
 67
     7
176
     1
 79
     5
176
     1
170
     0
176
     1
171
     0
176
     1
290
     0
176
     1
 93
       13
176
     1
 44
0.0
176
     1
173
     0
176
     1
1001
ACAD
1000
AcDbSavedByObjectVersion
1070
     0
  0
VISUALSTYLE
  5
2B
102
{ACAD_XDICTIONARY
360
37E
102
}
102
{ACAD_REACTORS
330
29
102
}
330
29
100
AcDbVisualStyle
  2
FlatWithEdges
 70
     1
177
     2
291
     1
 71
     2
176
     1
 72
     1
176
     1
 73
     1
176
     1
 90
        2
176
     1
 40
0.6
176
     1
 41
30.0
176
     1
 63
     7
421
 16777215
176
     1
 74
     1
176
     1
 91
        0
176
     1
 64
     7
176
     1
 65
   257
176
     1
 75
     1
176
     1
175
     1
176
     1
 42
1.0
176
     1
 92
        0
176
     1
 66
   257
176
     1
 43
1.0
176
     1
 76
     1
176
     1
 77
     6
176
     1
 78
     2
176
     1
 67
     7
176
     1
 79
     5
176
     1
170
     0
176
     1
171
     0
176
     1
290
     0
176
     1
 93
       13
176
     1
 44
0.0
176
     1
173
     0
176
     1
1001
ACAD
1000
AcDbSavedByObjectVersion
1070
     0
  0
VISUALSTYLE
  5
2C
102
{ACAD_XDICTIONARY
360
380
102
}
102
{ACAD_REACTORS
330
29
102
}
330
29
100
AcDbVisualStyle
  2
Gouraud
 70
     2
177
     2
291
     1
 71
     2
176
     1
 72
     2
176
     1
 73
     1
176
     1
 90
        2
176
     1
 40
0.6
176
     1
 41
30.0
176
     1
 63
     7
421
 16777215
176
     1
 74
     0
176
     1
 91
        0
176
     1
 64
     7
176
     1
 65
   257
176
     1
 75
     1
176
     1
175
     1
176
     1
 42
1.0
176
     1
 92
        0
176
     1
 66
     7
176
     1
 43
1.0
176
     1
 76
     1
176
     1
 77
     6
176
     1
 78
     2
176
     1
 67
     7
176
     1
 79
     5
176
     1
170
     0
176
     1
171
     0
176
     1
290
     0
176
     1
 93
       13
176
     1
 44
0.0
176
     1
173
     0
176
     1
1001
ACAD
1000
AcDbSavedByObjectVersion
1070
     0
  0
VISUALSTYLE
  5
2D
102
{ACAD_XDICTIONARY
360
382
102
}
102
{ACAD_REACTORS
330
29
102
}
330
29
100
AcDbVisualStyle
  2
GouraudWithEdges
 70
     3
177
     2
291
     1
 71
     2
176
     1
 72
     2
176
     1
 73
     1
176
     1
 90
        2
176
     1
 40
0.6
176
     1
 41
30.0
176
     1
 63
     7
421
 16777215
176
     1
 74
     1
176
     1
 91
        0
176
     1
 64
     7
176
     1
 65
   257
176
     1
 75
     1
176
     1
175
     1
176
     1
 42
1.0
176
     1
 92
        0
176
     1
 66
   257
176
     1
 43
1.0
176
     1
 76
     1
176
     1
 77
     6
176
     1
 78
     2
176
     1
 67
     7
176
     1
 79
     5
176
     1
170
     0
176
     1
171
     0
176
     1
290
     0
176
     1
 93
       13
176
     1
 44
0.0
176
     1
173
     0
176
     1
1001
ACAD
1000
AcDbSavedByObjectVersion
1070
     0
  0
VISUALSTYLE
  5
31
102
{ACAD_XDICTIONARY
360
38A
102
}
102
{ACAD_REACTORS
330
29
102
}
330
29
100
AcDbVisualStyle
  2
Hidden
 70
     6
177
     2
291
     0
 71
     1
176
     1
 72
     2
176
     1
 73
     2
176
     1
 90
        0
176
     1
 40
0.6
176
     1
 41
30.0
176
     1
 63
     7
421
 16777215
176
     1
 74
     2
176
     1
 91
        2
176
     1
 64
     7
176
     1
 65
   257
176
     1
 75
     2
176
     1
175
     1
176
     1
 42
40.0
176
     1
 92
        0
176
     1
 66
   257
176
     1
 43
1.0
176
     1
 76
     1
176
     1
 77
     6
176
     1
 78
     2
176
     1
 67
     7
176
     1
 79
     3
176
     1
170
     0
176
     1
171
     0
176
     1
290
     0
176
     1
 93
        1
176
     1
 44
0.0
176
     1
173
     0
176
     1
1001
ACAD
1000
AcDbSavedByObjectVersion
1070
     0
  0
VISUALSTYLE
  5
3F
102
{ACAD_XDICTIONARY
360
3A6
102
}
102
{ACAD_REACTORS
330
29
102
}
330
29
100
AcDbVisualStyle
  2
JitterOff
 70
    20
177
     2
291
     1
 71
     2
176
     0
 72
     2
176
     0
 73
     0
176
     0
 90
        0
176
     0
 40
0.6
176
     0
 41
30.0
176
     0
 63
     7
421
 16777215
176
     0
 74
     1
176
     0
 91
        4
176
     0
 64
     7
176
     0
 65
   257
176
     0
 75
     1
176
     0
175
     1
176
     0
 42
1.0
176
     0
 92
       10
176
     2
 66
     7
176
     0
 43
1.0
176
     0
 76
     1
176
     0
 77
     6
176
     0
 78
     2
176
     0
 67
     7
176
     0
 79
     5
176
     0
170
     0
176
     0
171
     0
176
     0
290
     0
176
     0
 93
        1
176
     0
 44
0.0
176
     0
173
     0
176
     0
1001
ACAD
1000
AcDbSavedByObjectVersion
1070
     0
  0
VISUALSTYLE
  5
37
102
{ACAD_XDICTIONARY
360
396
102
}
102
{ACAD_REACTORS
330
29
102
}
330
29
100
AcDbVisualStyle
  2
Linepattern
 70
    14
177
     2
291
     1
 71
     2
176
     1
 72
     2
176
     1
 73
     0
176
     1
 90
        0
176
     1
 40
0.6
176
     1
 41
30.0
176
     1
 63
     7
421
 16777215
176
     1
 74
     1
176
     1
 91
        4
176
     1
 64
     7
176
     1
 65
   257
176
     1
 75
     7
176
     1
175
     7
176
     1
 42
1.0
176
     1
 92
        8
176
     1
 66
     7
176
     1
 43
1.0
176
     1
 76
     1
176
     1
 77
     6
176
     1
 78
     2
176
     1
 67
     7
176
     1
 79
     5
176
     1
170
     0
176
     1
171
     0
176
     1
290
     0
176
     1
 93
        1
176
     1
 44
0.0
176
     1
173
     0
176
     1
1001
ACAD
1000
AcDbSavedByObjectVersion
1070
     0
  0
VISUALSTYLE
  5
40
102
{ACAD_XDICTIONARY
360
3A8
102
}
102
{ACAD_REACTORS
330
29
102
}
330
29
100
AcDbVisualStyle
  2
OverhangOff
 70
    21
177
     2
291
     1
 71
     2
176
     0
 72
     2
176
     0
 73
     0
176
     0
 90
        0
176
     0
 40
0.6
176
     0
 41
30.0
176
     0
 63
     7
421
 16777215
176
     0
 74
     1
176
     0
 91
        4
176
     0
 64
     7
176
     0
 65
   257
176
     0
 75
     1
176
     0
175
     1
176
     0
 42
1.0
176
     0
 92
        9
176
     2
 66
     7
176
     0
 43
1.0
176
     0
 76
     1
176
     0
 77
     6
176
     0
 78
     2
176
     0
 67
     7
176
     0
 79
     5
176
     0
170
     0
176
     0
171
     0
176
     0
290
     0
176
     0
 93
        1
176
     0
 44
0.0
176
     0
173
     0
176
     0
1001
ACAD
1000
AcDbSavedByObjectVersion
1070
     0
  0
VISUALSTYLE
  5
33
102
{ACAD_XDICTIONARY
360
38E
102
}
102
{ACAD_REACTORS
330
29
102
}
330
29
100
AcDbVisualStyle
  2
Realistic
 70
     8
177
     2
291
     0
 71
     2
176
     1
 72
     3
176
     1
 73
     0
176
     1
 90
        2
176
     1
 40
0.6
176
     1
 41
30.0
176
     1
 63
     7
421
 16777215
176
     1
 74
     0
176
     1
 91
        0
176
     1
 64
     7
176
     1
 65
   257
176
     1
 75
     1
176
     1
175
     1
176
     1
 42
1.0
176
     1
 92
        8
176
     1
 66
   257
176
     1
 43
1.0
176
     1
 76
     1
176
     1
 77
     6
176
     1
 78
     2
176
     1
 67
     7
176
     1
 79
     3
176
     1
170
     0
176
     1
171
     0
176
     1
290
     0
176
     1
 93
       13
176
     1
 44
0.0
176
     1
173
     0
176
     1
1001
ACAD
1000
AcDbSavedByObjectVersion
1070
     0
  0
VISUALSTYLE
  5
3E
102
{ACAD_XDICTIONARY
360
3A4
102
}
102
{ACAD_REACTORS
330
29
102
}
330
29
100
AcDbVisualStyle
  2
Shaded
 70
    27
177
     2
291
     0
 71
     2
176
     1
 72
     2
176
     1
 73
     1
176
     1
 90
        2
176
     1
 40
0.6
176
     1
 41
30.0
176
     1
 63
     7
421
 16777215
176
     1
 74
     0
176
     1
 91
        4
176
     1
 64
     7
176
     1
 65
   257
176
     1
 75
     1
176
     1
175
     1
176
     1
 42
1.0
176
     1
 92
        8
176
     1
 66
   257
176
     1
 43
1.0
176
     1
 76
     1
176
     1
 77
     6
176
     1
 78
     2
176
     1
 67
     8
425
  7895160
176
     1
 79
     3
176
     1
170
     0
176
     1
171
     0
176
     1
290
     0
176
     1
 93
        5
176
     1
 44
0.0
176
     1
173
     0
176
     1
1001
ACAD
1000
AcDbSavedByObjectVersion
1070
     0
  0
VISUALSTYLE
  5
3D
102
{ACAD_XDICTIONARY
360
3A2
102
}
102
{ACAD_REACTORS
330
29
102
}
330
29
100
AcDbVisualStyle
  2
Shaded with edges
 70
    26
177
     2
291
     0
 71
     2
176
     1
 72
     2
176
     1
 73
     1
176
     1
 90
        2
176
     1
 40
0.6
176
     1
 41
30.0
176
     1
 63
     7
421
 16777215
176
     1
 74
     1
176
     1
 91
        2
176
     1
 64
     7
176
     1
 65
   257
176
     1
 75
     2
176
     1
175
     1
176
     1
 42
1.0
176
     1
 92
        8
176
     1
 66
   257
176
     1
 43
1.0
176
     1
 76
     1
176
     1
 77
     6
176
     1
 78
     2
176
     1
 67
     7
176
     1
 79
     3
176
     1
170
     0
176
     1
171
     0
176
     1
290
     0
176
     1
 93
        5
176
     1
 44
0.0
176
     1
173
     0
176
     1
1001
ACAD
1000
AcDbSavedByObjectVersion
1070
     0
  0
VISUALSTYLE
  5
3A
102
{ACAD_XDICTIONARY
360
39C
102
}
102
{ACAD_REACTORS
330
29
102
}
330
29
100
AcDbVisualStyle
  2
Shades of Gray
 70
    23
177
     2
291
     0
 71
     2
176
     1
 72
     2
176
     1
 73
     3
176
     1
 90
        0
176
     1
 40
0.6
176
     1
 41
30.0
176
     1
 63
     7
421
 16777215
176
     1
 74
     2
176
     1
 91
        2
176
     1
 64
     7
176
     1
 65
     7
176
     1
 75
     1
176
     1
175
     1
176
     1
 42
40.0
176
     1
 92
        8
176
     1
 66
     7
176
     1
 43
1.0
176
     1
 76
     1
176
     1
 77
     6
176
     1
 78
     2
176
     1
 67
     7
176
     1
 79
     3
176
     1
170
     0
176
     1
171
     0
176
     1
290
     0
176
     1
 93
        1
176
     1
 44
0.0
176
     1
173
     0
176
     1
1001
ACAD
1000
AcDbSavedByObjectVersion
1070
     0
  0
VISUALSTYLE
  5
3B
102
{ACAD_XDICTIONARY
360
39E
102
}
102
{ACAD_REACTORS
330
29
102
}
330
29
100
AcDbVisualStyle
  2
Sketchy
 70
    24
177
     2
291
     0
 71
     1
176
     1
 72
     2
176
     1
 73
     2
176
     1
 90
        0
176
     1
 40
0.6
176
     1
 41
30.0
176
     1
 63
     7
421
 16777215
176
     1
 74
     2
176
     1
 91
        2
176
     1
 64
     7
176
     1
 65
     7
176
     1
 75
     1
176
     1
175
     1
176
     1
 42
40.0
176
     1
 92
       11
176
     1
 66
     7
176
     1
 43
1.0
176
     1
 76
     1
176
     1
 77
     6
176
     1
 78
     2
176
     1
 67
     7
176
     1
 79
     6
176
     1
170
     0
176
     1
171
     0
176
     1
290
     0
176
     1
 93
        1
176
     1
 44
0.0
176
     1
173
     0
176
     1
1001
ACAD
1000
AcDbSavedByObjectVersion
1070
     0
  0
VISUALSTYLE
  5
36
102
{ACAD_XDICTIONARY
360
394
102
}
102
{ACAD_REACTORS
330
29
102
}
330
29
100
AcDbVisualStyle
  2
Thicken
 70
    13
177
     2
291
     1
 71
     2
176
     1
 72
     2
176
     1
 73
     0
176
     1
 90
        0
176
     1
 40
0.6
176
     1
 41
30.0
176
     1
 63
     7
421
 16777215
176
     1
 74
     1
176
     1
 91
        4
176
     1
 64
     7
176
     1
 65
   257
176
     1
 75
     1
176
     1
175
     1
176
     1
 42
1.0
176
     1
 92
       12
176
     1
 66
     7
176
     1
 43
1.0
176
     1
 76
     1
176
     1
 77
     6
176
     1
 78
     2
176
     1
 67
     7
176
     1
 79
     5
176
     1
170
     0
176
     1
171
     0
176
     1
290
     0
176
     1
 93
        1
176
     1
 44
0.0
176
     1
173
     0
176
     1
1001
ACAD
1000
AcDbSavedByObjectVersion
1070
     0
  0
VISUALSTYLE
  5
30
102
{ACAD_XDICTIONARY
360
388
102
}
102
{ACAD_REACTORS
330
29
102
}
330
29
100
AcDbVisualStyle
  2
Wireframe
 70
     5
177
     2
291
     0
 71
     0
176
     1
 72
     2
176
     1
 73
     0
176
     1
 90
        0
176
     1
 40
0.6
176
     1
 41
30.0
176
     1
 63
     7
421
 16777215
176
     1
 74
     1
176
     1
 91
        4
176
     1
 64
     7
176
     1
 65
   257
176
     1
 75
     1
176
     1
175
     1
176
     1
 42
1.0
176
     1
 92
        0
176
     1
 66
   257
176
     1
 43
1.0
176
     1
 76
     1
176
     1
 77
     6
176
     1
 78
     2
176
     1
 67
     7
176
     1
 79
     3
176
     1
170
     0
176
     1
171
     0
176
     1
290
     0
176
     1
 93
        1
176
     1
 44
0.0
176
     1
173
     0
176
     1
1001
ACAD
1000
AcDbSavedByObjectVersion
1070
     0
  0
VISUALSTYLE
  5
3C
102
{ACAD_XDICTIONARY
360
3A0
102
}
102
{ACAD_REACTORS
330
29
102
}
330
29
100
AcDbVisualStyle
  2
X-Ray
 70
    25
177
     2
291
     0
 71
     2
176
     1
 72
     2
176
     1
 73
     1
176
     1
 90
        1
176
     1
 40
0.5
176
     1
 41
30.0
176
     1
 63
     7
421
 16777215
176
     1
 74
     1
176
     1
 91
        0
176
     1
 64
     7
176
     1
 65
   257
176
     1
 75
     1
176
     1
175
     1
176
     1
 42
1.0
176
     1
 92
        8
176
     1
 66
     7
176
     1
 43
1.0
176
     1
 76
     1
176
     1
 77
     6
176
     1
 78
     2
176
     1
 67
     7
176
     1
 79
     3
176
     1
170
     0
176
     1
171
     0
176
     1
290
     0
176
     1
 93
       13
176
     1
 44
0.0
176
     1
173
     0
176
     1
1001
ACAD
1000
AcDbSavedByObjectVersion
1070
     0
  0
DICTIONARYVAR
  5
36C
102
{ACAD_REACTORS
330
366
102
}
330
366
100
DictionaryVariables
280
     0
  1
1:1
  0
DICTIONARYVAR
  5
368
102
{ACAD_REACTORS
330
366
102
}
330
366
100
DictionaryVariables
280
     0
  1
STANDARD
  0
DICTIONARYVAR
  5
367
102
{ACAD_REACTORS
330
366
102
}
330
366
100
DictionaryVariables
280
     0
  1
STANDARD
  0
DICTIONARYVAR
  5
369
102
{ACAD_REACTORS
330
366
102
}
330
366
100
DictionaryVariables
280
     0
  1
Imperial24
  0
DICTIONARYVAR
  5
36A
102
{ACAD_REACTORS
330
366
102
}
330
366
100
DictionaryVariables
280
     0
  1
Imperial24
  0
DICTIONARYVAR
  5
36E
102
{ACAD_REACTORS
330
366
102
}
330
366
100
DictionaryVariables
280
     0
  1
1
  0
DICTIONARYVAR
  5
36F
102
{ACAD_REACTORS
330
366
102
}
330
366
100
DictionaryVariables
280
     0
  1
15
  0
DICTIONARYVAR
  5
36D
102
{ACAD_REACTORS
330
366
102
}
330
366
100
DictionaryVariables
280
     0
  1
0
  0
DICTIONARYVAR
  5
36B
102
{ACAD_REACTORS
330
366
102
}
330
366
100
DictionaryVariables
280
     0
  1
0
  0
DICTIONARY
  5
37B
102
{ACAD_REACTORS
330
379
102
}
330
379
100
AcDbDictionary
281
     1
  0
DICTIONARY
  5
37A
102
{ACAD_REACTORS
330
379
102
}
330
379
100
AcDbDictionary
281
     1
  3
5334502080
350
374
  3
5334502096
350
375
  3
5334502112
350
376
  3
5334502128
350
377
  3
5334502144
350
378
  0
DICTIONARY
  5
3AE
330
6A
100
AcDbDictionary
280
     1
281
     1
  3
ACAD_XREC_ROUNDTRIP
360
3AF
  0
DICTIONARY
  5
3B2
330
352
100
AcDbDictionary
280
     1
281
     1
  3
ACAD_XREC_ROUNDTRIP
360
3B3
  0
DICTIONARY
  5
1A
330
19
100
AcDbDictionary
280
     1
281
     1
  3
BUMPTILE
360
1C
  3
DIFFUSETILE
360
1B
  3
OPACITYTILE
360
1F
  3
REFLECTIONTILE
360
1E
  3
REFRACTIONTILE
360
20
  3
SPECULARTILE
360
1D
  0
DICTIONARY
  5
12
330
11
100
AcDbDictionary
280
     1
281
     1
  3
BUMPTILE
360
14
  3
DIFFUSETILE
360
13
  3
OPACITYTILE
360
17
  3
REFLECTIONTILE
360
16
  3
REFRACTIONTILE
360
18
  3
SPECULARTILE
360
15
  0
DICTIONARY
  5
22
330
21
100
AcDbDictionary
280
     1
281
     1
  3
BUMPTILE
360
24
  3
DIFFUSETILE
360
23
  3
OPACITYTILE
360
27
  3
REFLECTIONTILE
360
26
  3
REFRACTIONTILE
360
28
  3
SPECULARTILE
360
25
  0
DICTIONARY
  5
3AC
330
68
100
AcDbDictionary
280
     1
281
     1
  3
ACAD_XREC_ROUNDTRIP
360
3AD
  0
DICTIONARY
  5
3B0
330
351
100
AcDbDictionary
280
     1
281
     1
  3
ACAD_XREC_ROUNDTRIP
360
3B1
  0
DICTIONARY
  5
371
330
64
100
AcDbDictionary
280
     1
281
     1
  3
ACAD_ROUNDTRIP_2008_TABLESTYLE_CELLSTYLEMAP
360
372
  0
DICTIONARY
  5
386
330
2F
100
AcDbDictionary
280
     1
281
     1
  3
ACAD_XREC_ROUNDTRIP
360
387
  0
DICTIONARY
  5
384
330
2E
100
AcDbDictionary
280
     1
281
     1
  3
ACAD_XREC_ROUNDTRIP
360
385
  0
DICTIONARY
  5
392
330
35
100
AcDbDictionary
280
     1
281
     1
  3
ACAD_XREC_ROUNDTRIP
360
393
  0
DICTIONARY
  5
39A
330
39
100
AcDbDictionary
280
     1
281
     1
  3
ACAD_XREC_ROUNDTRIP
360
39B
  0
DICTIONARY
  5
38C
330
32
100
AcDbDictionary
280
     1
281
     1
  3
ACAD_XREC_ROUNDTRIP
360
38D
  0
DICTIONARY
  5
390
330
34
100
AcDbDictionary
280
     1
281
     1
  3
ACAD_XREC_ROUNDTRIP
360
391
  0
DICTIONARY
  5
3AA
330
41
100
AcDbDictionary
280
     1
281
     1
  3
ACAD_XREC_ROUNDTRIP
360
3AB
  0
DICTIONARY
  5
398
330
38
100
AcDbDictionary
280
     1
281
     1
  3
ACAD_XREC_ROUNDTRIP
360
399
  0
DICTIONARY
  5
37C
330
2A
100
AcDbDictionary
280
     1
281
     1
  3
ACAD_XREC_ROUNDTRIP
360
37D
  0
DICTIONARY
  5
37E
330
2B
100
AcDbDictionary
280
     1
281
     1
  3
ACAD_XREC_ROUNDTRIP
360
37F
  0
DICTIONARY
  5
380
330
2C
100
AcDbDictionary
280
     1
281
     1
  3
ACAD_XREC_ROUNDTRIP
360
381
  0
DICTIONARY
  5
382
330
2D
100
AcDbDictionary
280
     1
281
     1
  3
ACAD_XREC_ROUNDTRIP
360
383
  0
DICTIONARY
  5
38A
330
31
100
AcDbDictionary
280
     1
281
     1
  3
ACAD_XREC_ROUNDTRIP
360
38B
  0
DICTIONARY
  5
3A6
330
3F
100
AcDbDictionary
280
     1
281
     1
  3
ACAD_XREC_ROUNDTRIP
360
3A7
  0
DICTIONARY
  5
396
330
37
100
AcDbDictionary
280
     1
281
     1
  3
ACAD_XREC_ROUNDTRIP
360
397
  0
DICTIONARY
  5
3A8
330
40
100
AcDbDictionary
280
     1
281
     1
  3
ACAD_XREC_ROUNDTRIP
360
3A9
  0
DICTIONARY
  5
38E
330
33
100
AcDbDictionary
280
     1
281
     1
  3
ACAD_XREC_ROUNDTRIP
360
38F
  0
DICTIONARY
  5
3A4
330
3E
100
AcDbDictionary
280
     1
281
     1
  3
ACAD_XREC_ROUNDTRIP
360
3A5
  0
DICTIONARY
  5
3A2
330
3D
100
AcDbDictionary
280
     1
281
     1
  3
ACAD_XREC_ROUNDTRIP
360
3A3
  0
DICTIONARY
  5
39C
330
3A
100
AcDbDictionary
280
     1
281
     1
  3
ACAD_XREC_ROUNDTRIP
360
39D
  0
DICTIONARY
  5
39E
330
3B
100
AcDbDictionary
280
     1
281
     1
  3
ACAD_XREC_ROUNDTRIP
360
39F
  0
DICTIONARY
  5
394
330
36
100
AcDbDictionary
280
     1
281
     1
  3
ACAD_XREC_ROUNDTRIP
360
395
  0
DICTIONARY
  5
388
330
30
100
AcDbDictionary
280
     1
281
     1
  3
ACAD_XREC_ROUNDTRIP
360
389
  0
DICTIONARY
  5
3A0
330
3C
100
AcDbDictionary
280
     1
281
     1
  3
ACAD_XREC_ROUNDTRIP
360
3A1
  0
XRECORD
  5
374
102
{ACAD_REACTORS
330
37A
102
}
330
37A
100
AcDbXrecord
280
     1
  1
AcDb_Thumbnail_Schema
102
{ATTRRECORD
341
375
  2
AcDbDs::TreatedAsObjectData
280
     1
291
     1
102
ATTRRECORD}
102
{ATTRRECORD
341
376
  2
AcDbDs::Legacy
280
     1
291
     1
102
ATTRRECORD}
  2
AcDbDs::ID
280
    10
 91
        8
102
{ATTRRECORD
341
377
  2
AcDs:Indexable
280
     1
291
     1
102
ATTRRECORD}
102
{ATTRRECORD
341
378
  2
AcDbDs::HandleAttribute
280
     7
282
     1
102
ATTRRECORD}
  2
Thumbnail_Data
280
    15
 91
        0
  0
XRECORD
  5
375
102
{ACAD_REACTORS
330
37A
102
}
330
37A
100
AcDbXrecord
280
     1
  1
AcDbDs::TreatedAsObjectDataSchema
  2
AcDbDs::TreatedAsObjectData
280
     1
 91
        0
  0
XRECORD
  5
376
102
{ACAD_REACTORS
330
37A
102
}
330
37A
100
AcDbXrecord
280
     1
  1
AcDbDs::LegacySchema
  2
AcDbDs::Legacy
280
     1
 91
        0
  0
XRECORD
  5
377
102
{ACAD_REACTORS
330
37A
102
}
330
37A
100
AcDbXrecord
280
     1
  1
AcDbDs::IndexedPropertySchema
  2
AcDs:Indexable
280
     1
 91
        0
  0
XRECORD
  5
378
102
{ACAD_REACTORS
330
37A
102
}
330
37A
100
AcDbXrecord
280
     1
  1
AcDbDs::HandleAttributeSchema
  2
AcDbDs::HandleAttribute
280
     7
 91
        1
284
     1
  0
XRECORD
  5
3AF
102
{ACAD_REACTORS
330
3AE
102
}
330
3AE
100
AcDbXrecord
280
     1
102
DISPLAYNAME
  1
Imperial24
102
FLAGS
 90
        0
  0
XRECORD
  5
3B3
102
{ACAD_REACTORS
330
3B2
102
}
330
3B2
100
AcDbXrecord
280
     1
102
DISPLAYNAME
  1
Metric50
102
FLAGS
 90
        0
  0
XRECORD
  5
1C
102
{ACAD_REACTORS
330
1A
102
}
330
1A
100
AcDbXrecord
280
     1
270
     1
271
     1
  0
XRECORD
  5
1B
102
{ACAD_REACTORS
330
1A
102
}
330
1A
100
AcDbXrecord
280
     1
270
     1
271
     1
  0
XRECORD
  5
1F
102
{ACAD_REACTORS
330
1A
102
}
330
1A
100
AcDbXrecord
280
     1
270
     1
271
     1
  0
XRECORD
  5
1E
102
{ACAD_REACTORS
330
1A
102
}
330
1A
100
AcDbXrecord
280
     1
270
     1
271
     1
  0
XRECORD
  5
20
102
{ACAD_REACTORS
330
1A
102
}
330
1A
100
AcDbXrecord
280
     1
270
     1
271
     1
  0
XRECORD
  5
1D
102
{ACAD_REACTORS
330
1A
102
}
330
1A
100
AcDbXrecord
280
     1
270
     1
271
     1
  0
XRECORD
  5
14
102
{ACAD_REACTORS
330
12
102
}
330
12
100
AcDbXrecord
280
     1
270
     1
271
     1
  0
XRECORD
  5
13
102
{ACAD_REACTORS
330
12
102
}
330
12
100
AcDbXrecord
280
     1
270
     1
271
     1
  0
XRECORD
  5
17
102
{ACAD_REACTORS
330
12
102
}
330
12
100
AcDbXrecord
280
     1
270
     1
271
     1
  0
XRECORD
  5
16
102
{ACAD_REACTORS
330
12
102
}
330
12
100
AcDbXrecord
280
     1
270
     1
271
     1
  0
XRECORD
  5
18
102
{ACAD_REACTORS
330
12
102
}
330
12
100
AcDbXrecord
280
     1
270
     1
271
     1
  0
XRECORD
  5
15
102
{ACAD_REACTORS
330
12
102
}
330
12
100
AcDbXrecord
280
     1
270
     1
271
     1
  0
XRECORD
  5
24
102
{ACAD_REACTORS
330
22
102
}
330
22
100
AcDbXrecord
280
     1
270
     1
271
     1
  0
XRECORD
  5
23
102
{ACAD_REACTORS
330
22
102
}
330
22
100
AcDbXrecord
280
     1
270
     1
271
     1
  0
XRECORD
  5
27
102
{ACAD_REACTORS
330
22
102
}
330
22
100
AcDbXrecord
280
     1
270
     1
271
     1
  0
XRECORD
  5
26
102
{ACAD_REACTORS
330
22
102
}
330
22
100
AcDbXrecord
280
     1
270
     1
271
     1
  0
XRECORD
  5
28
102
{ACAD_REACTORS
330
22
102
}
330
22
100
AcDbXrecord
280
     1
270
     1
271
     1
  0
XRECORD
  5
25
102
{ACAD_REACTORS
330
22
102
}
330
22
100
AcDbXrecord
280
     1
270
     1
271
     1
  0
XRECORD
  5
3AD
102
{ACAD_REACTORS
330
3AC
102
}
330
3AC
100
AcDbXrecord
280
     1
102
DISPLAYNAME
  1
Imperial24
102
FLAGS
 90
        0
  0
XRECORD
  5
3B1
102
{ACAD_REACTORS
330
3B0
102
}
330
3B0
100
AcDbXrecord
280
     1
102
DISPLAYNAME
  1
Metric50
102
FLAGS
 90
        0
  0
CELLSTYLEMAP
  5
372
102
{ACAD_REACTORS
330
371
102
}
330
371
100
AcDbCellStyleMap
 90
        3
300
CELLSTYLE
  1
TABLEFORMAT_BEGIN
 90
        5
170
     1
 91
        0
 92
    32768
 62
   257
 93
        1
300
CONTENTFORMAT
  1
CONTENTFORMAT_BEGIN
 90
        0
 91
        0
 92
      512
 93
        0
300

 40
0.0
140
1.0
 94
        5
 62
     0
340
55
144
0.25
309
CONTENTFORMAT_END
171
     0
 94
        0
309
TABLEFORMAT_END
  1
CELLSTYLE_BEGIN
 90
        1
 91
        1
300
_TITLE
309
CELLSTYLE_END
300
CELLSTYLE
  1
TABLEFORMAT_BEGIN
 90
        5
170
     1
 91
        0
 92
        0
 62
   257
 93
        1
300
CONTENTFORMAT
  1
CONTENTFORMAT_BEGIN
 90
        0
 91
        0
 92
      512
 93
        0
300

 40
0.0
140
1.0
 94
        5
 62
     0
340
55
144
0.18
309
CONTENTFORMAT_END
171
     0
 94
        0
309
TABLEFORMAT_END
  1
CELLSTYLE_BEGIN
 90
        2
 91
        1
300
_HEADER
309
CELLSTYLE_END
300
CELLSTYLE
  1
TABLEFORMAT_BEGIN
 90
        5
170
     1
 91
        0
 92
        0
 62
   257
 93
        1
300
CONTENTFORMAT
  1
CONTENTFORMAT_BEGIN
 90
        0
 91
        0
 92
      512
 93
        0
300

 40
0.0
140
1.0
 94
        2
 62
     0
340
55
144
0.18
309
CONTENTFORMAT_END
171
     0
 94
        0
309
TABLEFORMAT_END
  1
CELLSTYLE_BEGIN
 90
        3
 91
        2
300
_DATA
309
CELLSTYLE_END
  0
XRECORD
  5
387
102
{ACAD_REACTORS
330
386
102
}
330
386
100
AcDbXrecord
280
     1
102
RTVSPost2010Prop28
280
     1
102
RTVSPost2010PropOp28
 70
     1
102
RTVSPost2010Prop29
280
     1
102
RTVSPost2010PropOp29
 70
     1
102
RTVSPost2010Prop30
280
     0
102
RTVSPost2010PropOp30
 70
     1
102
RTVSPost2010Prop31
280
     0
102
RTVSPost2010PropOp31
 70
     1
102
RTVSPost2010Prop32
280
     0
102
RTVSPost2010PropOp32
 70
     1
102
RTVSPost2010Prop33
280
     0
102
RTVSPost2010PropOp33
 70
     1
102
RTVSPost2010Prop34
280
     0
102
RTVSPost2010PropOp34
 70
     1
102
RTVSPost2010Prop35
280
     0
102
RTVSPost2010PropOp35
 70
     1
102
RTVSPost2010Prop36
280
     0
102
RTVSPost2010PropOp36
 70
     1
102
RTVSPost2010Prop37
 90
       50
102
RTVSPost2010PropOp37
 70
     1
102
RTVSPost2010Prop38
140
0.0
102
RTVSPost2010PropOp38
 70
     1
102
RTVSPost2010Prop39
140
1.0
102
RTVSPost2010PropOp39
 70
     1
102
RTVSPost2010Prop40
 90
        0
102
RTVSPost2010PropOp40
 70
     1
102
RTVSPost2010Prop41ColorIndex
 90
       18
102
RTVSPost2010Prop41ColorRGB
 90
        0
102
RTVSPost2010PropOp41
 70
     1
102
RTVSPost2010Prop42
 90
       50
102
RTVSPost2010PropOp42
 70
     1
102
RTVSPost2010Prop43
 90
        3
102
RTVSPost2010PropOp43
 70
     1
102
RTVSPost2010Prop44ColorIndex
 90
        5
102
RTVSPost2010Prop44ColorRGB
 90
      255
102
RTVSPost2010PropOp44
 70
     1
102
RTVSPost2010Prop45
280
     0
102
RTVSPost2010PropOp45
 70
     1
102
RTVSPost2010Prop46
 90
       50
102
RTVSPost2010PropOp46
 70
     1
102
RTVSPost2010Prop47
 90
       50
102
RTVSPost2010PropOp47
 70
     1
102
RTVSPost2010Prop48
 90
       50
102
RTVSPost2010PropOp48
 70
     1
102
RTVSPost2010Prop49
280
     0
102
RTVSPost2010PropOp49
 70
     1
102
RTVSPost2010Prop50
 90
       50
102
RTVSPost2010PropOp50
 70
     1
102
RTVSPost2010Prop51ColorIndex
 90
      256
102
RTVSPost2010Prop51ColorRGB
 90
-16777216
102
RTVSPost2010PropOp51
 70
     0
102
RTVSPost2010Prop52
140
1.0
102
RTVSPost2010PropOp52
 70
     0
102
RTVSPost2010Prop53
 90
        2
102
RTVSPost2010PropOp53
 70
     1
102
RTVSPost2010Prop54
  1
strokes_ogs.tif
102
RTVSPost2010PropOp54
 70
     1
102
RTVSPost2010Prop55
280
     0
102
RTVSPost2010PropOp55
 70
     1
102
RTVSPost2010Prop56
140
1.0
102
RTVSPost2010PropOp56
 70
     1
102
RTVSPost2010Prop57
140
1.0
102
RTVSPost2010PropOp57
 70
     1
  0
XRECORD
  5
385
102
{ACAD_REACTORS
330
384
102
}
330
384
100
AcDbXrecord
280
     1
102
RTVSPost2010Prop28
280
     0
102
RTVSPost2010PropOp28
 70
     1
102
RTVSPost2010Prop29
280
     1
102
RTVSPost2010PropOp29
 70
     1
102
RTVSPost2010Prop30
280
     1
102
RTVSPost2010PropOp30
 70
     1
102
RTVSPost2010Prop31
280
     0
102
RTVSPost2010PropOp31
 70
     1
102
RTVSPost2010Prop32
280
     0
102
RTVSPost2010PropOp32
 70
     1
102
RTVSPost2010Prop33
280
     0
102
RTVSPost2010PropOp33
 70
     1
102
RTVSPost2010Prop34
280
     0
102
RTVSPost2010PropOp34
 70
     1
102
RTVSPost2010Prop35
280
     0
102
RTVSPost2010PropOp35
 70
     1
102
RTVSPost2010Prop36
280
     0
102
RTVSPost2010PropOp36
 70
     1
102
RTVSPost2010Prop37
 90
       50
102
RTVSPost2010PropOp37
 70
     1
102
RTVSPost2010Prop38
140
0.0
102
RTVSPost2010PropOp38
 70
     1
102
RTVSPost2010Prop39
140
1.0
102
RTVSPost2010PropOp39
 70
     1
102
RTVSPost2010Prop40
 90
        0
102
RTVSPost2010PropOp40
 70
     1
102
RTVSPost2010Prop41ColorIndex
 90
       18
102
RTVSPost2010Prop41ColorRGB
 90
        0
102
RTVSPost2010PropOp41
 70
     1
102
RTVSPost2010Prop42
 90
       50
102
RTVSPost2010PropOp42
 70
     1
102
RTVSPost2010Prop43
 90
        3
102
RTVSPost2010PropOp43
 70
     1
102
RTVSPost2010Prop44ColorIndex
 90
        5
102
RTVSPost2010Prop44ColorRGB
 90
      255
102
RTVSPost2010PropOp44
 70
     1
102
RTVSPost2010Prop45
280
     0
102
RTVSPost2010PropOp45
 70
     1
102
RTVSPost2010Prop46
 90
       50
102
RTVSPost2010PropOp46
 70
     1
102
RTVSPost2010Prop47
 90
       50
102
RTVSPost2010PropOp47
 70
     1
102
RTVSPost2010Prop48
 90
       50
102
RTVSPost2010PropOp48
 70
     1
102
RTVSPost2010Prop49
280
     0
102
RTVSPost2010PropOp49
 70
     1
102
RTVSPost2010Prop50
 90
       50
102
RTVSPost2010PropOp50
 70
     1
102
RTVSPost2010Prop51ColorIndex
 90
      256
102
RTVSPost2010Prop51ColorRGB
 90
-16777216
102
RTVSPost2010PropOp51
 70
     0
102
RTVSPost2010Prop52
140
1.0
102
RTVSPost2010PropOp52
 70
     0
102
RTVSPost2010Prop53
 90
        2
102
RTVSPost2010PropOp53
 70
     1
102
RTVSPost2010Prop54
  1
strokes_ogs.tif
102
RTVSPost2010PropOp54
 70
     1
102
RTVSPost2010Prop55
280
     0
102
RTVSPost2010PropOp55
 70
     1
102
RTVSPost2010Prop56
140
1.0
102
RTVSPost2010PropOp56
 70
     1
102
RTVSPost2010Prop57
140
1.0
102
RTVSPost2010PropOp57
 70
     1
  0
XRECORD
  5
393
102
{ACAD_REACTORS
330
392
102
}
330
392
100
AcDbXrecord
280
     1
102
RTVSPost2010Prop28
280
     0
102
RTVSPost2010PropOp28
 70
     1
102
RTVSPost2010Prop29
280
     1
102
RTVSPost2010PropOp29
 70
     1
102
RTVSPost2010Prop30
280
     1
102
RTVSPost2010PropOp30
 70
     1
102
RTVSPost2010Prop31
280
     0
102
RTVSPost2010PropOp31
 70
     1
102
RTVSPost2010Prop32
280
     0
102
RTVSPost2010PropOp32
 70
     1
102
RTVSPost2010Prop33
280
     0
102
RTVSPost2010PropOp33
 70
     1
102
RTVSPost2010Prop34
280
     0
102
RTVSPost2010PropOp34
 70
     1
102
RTVSPost2010Prop35
280
     0
102
RTVSPost2010PropOp35
 70
     1
102
RTVSPost2010Prop36
280
     0
102
RTVSPost2010PropOp36
 70
     1
102
RTVSPost2010Prop37
 90
       50
102
RTVSPost2010PropOp37
 70
     1
102
RTVSPost2010Prop38
140
0.0
102
RTVSPost2010PropOp38
 70
     1
102
RTVSPost2010Prop39
140
1.0
102
RTVSPost2010PropOp39
 70
     1
102
RTVSPost2010Prop40
 90
        0
102
RTVSPost2010PropOp40
 70
     1
102
RTVSPost2010Prop41ColorIndex
 90
       18
102
RTVSPost2010Prop41ColorRGB
 90
        0
102
RTVSPost2010PropOp41
 70
     1
102
RTVSPost2010Prop42
 90
       50
102
RTVSPost2010PropOp42
 70
     1
102
RTVSPost2010Prop43
 90
        3
102
RTVSPost2010PropOp43
 70
     1
102
RTVSPost2010Prop44ColorIndex
 90
        5
102
RTVSPost2010Prop44ColorRGB
 90
      255
102
RTVSPost2010PropOp44
 70
     1
102
RTVSPost2010Prop45
280
     0
102
RTVSPost2010PropOp45
 70
     1
102
RTVSPost2010Prop46
 90
       50
102
RTVSPost2010PropOp46
 70
     1
102
RTVSPost2010Prop47
 90
       50
102
RTVSPost2010PropOp47
 70
     1
102
RTVSPost2010Prop48
 90
       50
102
RTVSPost2010PropOp48
 70
     1
102
RTVSPost2010Prop49
280
     0
102
RTVSPost2010PropOp49
 70
     1
102
RTVSPost2010Prop50
 90
       50
102
RTVSPost2010PropOp50
 70
     1
102
RTVSPost2010Prop51ColorIndex
 90
      256
102
RTVSPost2010Prop51ColorRGB
 90
-16777216
102
RTVSPost2010PropOp51
 70
     0
102
RTVSPost2010Prop52
140
1.0
102
RTVSPost2010PropOp52
 70
     0
102
RTVSPost2010Prop53
 90
        2
102
RTVSPost2010PropOp53
 70
     1
102
RTVSPost2010Prop54
  1
strokes_ogs.tif
102
RTVSPost2010PropOp54
 70
     1
102
RTVSPost2010Prop55
280
     0
102
RTVSPost2010PropOp55
 70
     1
102
RTVSPost2010Prop56
140
1.0
102
RTVSPost2010PropOp56
 70
     1
102
RTVSPost2010Prop57
140
1.0
102
RTVSPost2010PropOp57
 70
     1
  0
XRECORD
  5
39B
102
{ACAD_REACTORS
330
39A
102
}
330
39A
100
AcDbXrecord
280
     1
102
RTVSPost2010Prop28
280
     0
102
RTVSPost2010PropOp28
 70
     1
102
RTVSPost2010Prop29
280
     1
102
RTVSPost2010PropOp29
 70
     1
102
RTVSPost2010Prop30
280
     1
102
RTVSPost2010PropOp30
 70
     1
102
RTVSPost2010Prop31
280
     0
102
RTVSPost2010PropOp31
 70
     1
102
RTVSPost2010Prop32
280
     0
102
RTVSPost2010PropOp32
 70
     1
102
RTVSPost2010Prop33
280
     0
102
RTVSPost2010PropOp33
 70
     1
102
RTVSPost2010Prop34
280
     0
102
RTVSPost2010PropOp34
 70
     1
102
RTVSPost2010Prop35
280
     0
102
RTVSPost2010PropOp35
 70
     1
102
RTVSPost2010Prop36
280
     0
102
RTVSPost2010PropOp36
 70
     1
102
RTVSPost2010Prop37
 90
       50
102
RTVSPost2010PropOp37
 70
     1
102
RTVSPost2010Prop38
140
0.0
102
RTVSPost2010PropOp38
 70
     1
102
RTVSPost2010Prop39
140
1.0
102
RTVSPost2010PropOp39
 70
     1
102
RTVSPost2010Prop40
 90
        0
102
RTVSPost2010PropOp40
 70
     1
102
RTVSPost2010Prop41ColorIndex
 90
       18
102
RTVSPost2010Prop41ColorRGB
 90
        0
102
RTVSPost2010PropOp41
 70
     1
102
RTVSPost2010Prop42
 90
       50
102
RTVSPost2010PropOp42
 70
     1
102
RTVSPost2010Prop43
 90
        3
102
RTVSPost2010PropOp43
 70
     1
102
RTVSPost2010Prop44ColorIndex
 90
        5
102
RTVSPost2010Prop44ColorRGB
 90
      255
102
RTVSPost2010PropOp44
 70
     1
102
RTVSPost2010Prop45
280
     0
102
RTVSPost2010PropOp45
 70
     1
102
RTVSPost2010Prop46
 90
       50
102
RTVSPost2010PropOp46
 70
     1
102
RTVSPost2010Prop47
 90
       50
102
RTVSPost2010PropOp47
 70
     1
102
RTVSPost2010Prop48
 90
       50
102
RTVSPost2010PropOp48
 70
     1
102
RTVSPost2010Prop49
280
     0
102
RTVSPost2010PropOp49
 70
     1
102
RTVSPost2010Prop50
 90
       50
102
RTVSPost2010PropOp50
 70
     1
102
RTVSPost2010Prop51ColorIndex
 90
      256
102
RTVSPost2010Prop51ColorRGB
 90
-16777216
102
RTVSPost2010PropOp51
 70
     0
102
RTVSPost2010Prop52
140
1.0
102
RTVSPost2010PropOp52
 70
     0
102
RTVSPost2010Prop53
 90
        2
102
RTVSPost2010PropOp53
 70
     1
102
RTVSPost2010Prop54
  1
strokes_ogs.tif
102
RTVSPost2010PropOp54
 70
     1
102
RTVSPost2010Prop55
280
     0
102
RTVSPost2010PropOp55
 70
     1
102
RTVSPost2010Prop56
140
1.0
102
RTVSPost2010PropOp56
 70
     1
102
RTVSPost2010Prop57
140
1.0
102
RTVSPost2010PropOp57
 70
     1
  0
XRECORD
  5
38D
102
{ACAD_REACTORS
330
38C
102
}
330
38C
100
AcDbXrecord
280
     1
102
RTVSPost2010Prop28
280
     0
102
RTVSPost2010PropOp28
 70
     1
102
RTVSPost2010Prop29
280
     1
102
RTVSPost2010PropOp29
 70
     1
102
RTVSPost2010Prop30
280
     1
102
RTVSPost2010PropOp30
 70
     1
102
RTVSPost2010Prop31
280
     0
102
RTVSPost2010PropOp31
 70
     1
102
RTVSPost2010Prop32
280
     0
102
RTVSPost2010PropOp32
 70
     1
102
RTVSPost2010Prop33
280
     0
102
RTVSPost2010PropOp33
 70
     1
102
RTVSPost2010Prop34
280
     0
102
RTVSPost2010PropOp34
 70
     1
102
RTVSPost2010Prop35
280
     0
102
RTVSPost2010PropOp35
 70
     1
102
RTVSPost2010Prop36
280
     0
102
RTVSPost2010PropOp36
 70
     1
102
RTVSPost2010Prop37
 90
       50
102
RTVSPost2010PropOp37
 70
     1
102
RTVSPost2010Prop38
140
0.0
102
RTVSPost2010PropOp38
 70
     1
102
RTVSPost2010Prop39
140
1.0
102
RTVSPost2010PropOp39
 70
     1
102
RTVSPost2010Prop40
 90
        0
102
RTVSPost2010PropOp40
 70
     1
102
RTVSPost2010Prop41ColorIndex
 90
       18
102
RTVSPost2010Prop41ColorRGB
 90
        0
102
RTVSPost2010PropOp41
 70
     1
102
RTVSPost2010Prop42
 90
       50
102
RTVSPost2010PropOp42
 70
     1
102
RTVSPost2010Prop43
 90
        3
102
RTVSPost2010PropOp43
 70
     1
102
RTVSPost2010Prop44ColorIndex
 90
        5
102
RTVSPost2010Prop44ColorRGB
 90
      255
102
RTVSPost2010PropOp44
 70
     1
102
RTVSPost2010Prop45
280
     0
102
RTVSPost2010PropOp45
 70
     1
102
RTVSPost2010Prop46
 90
       50
102
RTVSPost2010PropOp46
 70
     1
102
RTVSPost2010Prop47
 90
       50
102
RTVSPost2010PropOp47
 70
     1
102
RTVSPost2010Prop48
 90
       50
102
RTVSPost2010PropOp48
 70
     1
102
RTVSPost2010Prop49
280
     0
102
RTVSPost2010PropOp49
 70
     1
102
RTVSPost2010Prop50
 90
       50
102
RTVSPost2010PropOp50
 70
     1
102
RTVSPost2010Prop51ColorIndex
 90
      256
102
RTVSPost2010Prop51ColorRGB
 90
-16777216
102
RTVSPost2010PropOp51
 70
     0
102
RTVSPost2010Prop52
140
1.0
102
RTVSPost2010PropOp52
 70
     0
102
RTVSPost2010Prop53
 90
        2
102
RTVSPost2010PropOp53
 70
     1
102
RTVSPost2010Prop54
  1
strokes_ogs.tif
102
RTVSPost2010PropOp54
 70
     1
102
RTVSPost2010Prop55
280
     0
102
RTVSPost2010PropOp55
 70
     1
102
RTVSPost2010Prop56
140
1.0
102
RTVSPost2010PropOp56
 70
     1
102
RTVSPost2010Prop57
140
1.0
102
RTVSPost2010PropOp57
 70
     1
  0
XRECORD
  5
391
102
{ACAD_REACTORS
330
390
102
}
330
390
100
AcDbXrecord
280
     1
102
RTVSPost2010Prop28
280
     0
102
RTVSPost2010PropOp28
 70
     1
102
RTVSPost2010Prop29
280
     1
102
RTVSPost2010PropOp29
 70
     1
102
RTVSPost2010Prop30
280
     1
102
RTVSPost2010PropOp30
 70
     1
102
RTVSPost2010Prop31
280
     0
102
RTVSPost2010PropOp31
 70
     1
102
RTVSPost2010Prop32
280
     0
102
RTVSPost2010PropOp32
 70
     1
102
RTVSPost2010Prop33
280
     0
102
RTVSPost2010PropOp33
 70
     1
102
RTVSPost2010Prop34
280
     0
102
RTVSPost2010PropOp34
 70
     1
102
RTVSPost2010Prop35
280
     0
102
RTVSPost2010PropOp35
 70
     1
102
RTVSPost2010Prop36
280
     0
102
RTVSPost2010PropOp36
 70
     1
102
RTVSPost2010Prop37
 90
       50
102
RTVSPost2010PropOp37
 70
     1
102
RTVSPost2010Prop38
140
0.0
102
RTVSPost2010PropOp38
 70
     1
102
RTVSPost2010Prop39
140
1.0
102
RTVSPost2010PropOp39
 70
     1
102
RTVSPost2010Prop40
 90
        0
102
RTVSPost2010PropOp40
 70
     1
102
RTVSPost2010Prop41ColorIndex
 90
       18
102
RTVSPost2010Prop41ColorRGB
 90
        0
102
RTVSPost2010PropOp41
 70
     1
102
RTVSPost2010Prop42
 90
       50
102
RTVSPost2010PropOp42
 70
     1
102
RTVSPost2010Prop43
 90
        3
102
RTVSPost2010PropOp43
 70
     1
102
RTVSPost2010Prop44ColorIndex
 90
        5
102
RTVSPost2010Prop44ColorRGB
 90
      255
102
RTVSPost2010PropOp44
 70
     1
102
RTVSPost2010Prop45
280
     0
102
RTVSPost2010PropOp45
 70
     1
102
RTVSPost2010Prop46
 90
       50
102
RTVSPost2010PropOp46
 70
     1
102
RTVSPost2010Prop47
 90
       50
102
RTVSPost2010PropOp47
 70
     1
102
RTVSPost2010Prop48
 90
       50
102
RTVSPost2010PropOp48
 70
     1
102
RTVSPost2010Prop49
280
     0
102
RTVSPost2010PropOp49
 70
     1
102
RTVSPost2010Prop50
 90
       50
102
RTVSPost2010PropOp50
 70
     1
102
RTVSPost2010Prop51ColorIndex
 90
      256
102
RTVSPost2010Prop51ColorRGB
 90
-16777216
102
RTVSPost2010PropOp51
 70
     0
102
RTVSPost2010Prop52
140
1.0
102
RTVSPost2010PropOp52
 70
     0
102
RTVSPost2010Prop53
 90
        2
102
RTVSPost2010PropOp53
 70
     1
102
RTVSPost2010Prop54
  1
strokes_ogs.tif
102
RTVSPost2010PropOp54
 70
     1
102
RTVSPost2010Prop55
280
     0
102
RTVSPost2010PropOp55
 70
     1
102
RTVSPost2010Prop56
140
1.0
102
RTVSPost2010PropOp56
 70
     1
102
RTVSPost2010Prop57
140
1.0
102
RTVSPost2010PropOp57
 70
     1
  0
XRECORD
  5
3AB
102
{ACAD_REACTORS
330
3AA
102
}
330
3AA
100
AcDbXrecord
280
     1
102
RTVSPost2010Prop28
280
     0
102
RTVSPost2010PropOp28
 70
     1
102
RTVSPost2010Prop29
280
     1
102
RTVSPost2010PropOp29
 70
     1
102
RTVSPost2010Prop30
280
     1
102
RTVSPost2010PropOp30
 70
     1
102
RTVSPost2010Prop31
280
     0
102
RTVSPost2010PropOp31
 70
     1
102
RTVSPost2010Prop32
280
     0
102
RTVSPost2010PropOp32
 70
     1
102
RTVSPost2010Prop33
280
     0
102
RTVSPost2010PropOp33
 70
     1
102
RTVSPost2010Prop34
280
     0
102
RTVSPost2010PropOp34
 70
     1
102
RTVSPost2010Prop35
280
     0
102
RTVSPost2010PropOp35
 70
     1
102
RTVSPost2010Prop36
280
     0
102
RTVSPost2010PropOp36
 70
     1
102
RTVSPost2010Prop37
 90
       50
102
RTVSPost2010PropOp37
 70
     0
102
RTVSPost2010Prop38
140
0.0
102
RTVSPost2010PropOp38
 70
     0
102
RTVSPost2010Prop39
140
1.0
102
RTVSPost2010PropOp39
 70
     0
102
RTVSPost2010Prop40
 90
        0
102
RTVSPost2010PropOp40
 70
     0
102
RTVSPost2010Prop41ColorIndex
 90
       18
102
RTVSPost2010Prop41ColorRGB
 90
        0
102
RTVSPost2010PropOp41
 70
     0
102
RTVSPost2010Prop42
 90
       50
102
RTVSPost2010PropOp42
 70
     0
102
RTVSPost2010Prop43
 90
        3
102
RTVSPost2010PropOp43
 70
     0
102
RTVSPost2010Prop44ColorIndex
 90
        5
102
RTVSPost2010Prop44ColorRGB
 90
      255
102
RTVSPost2010PropOp44
 70
     0
102
RTVSPost2010Prop45
280
     0
102
RTVSPost2010PropOp45
 70
     1
102
RTVSPost2010Prop46
 90
       50
102
RTVSPost2010PropOp46
 70
     0
102
RTVSPost2010Prop47
 90
       50
102
RTVSPost2010PropOp47
 70
     0
102
RTVSPost2010Prop48
 90
       50
102
RTVSPost2010PropOp48
 70
     0
102
RTVSPost2010Prop49
280
     0
102
RTVSPost2010PropOp49
 70
     1
102
RTVSPost2010Prop50
 90
       50
102
RTVSPost2010PropOp50
 70
     0
102
RTVSPost2010Prop51ColorIndex
 90
      256
102
RTVSPost2010Prop51ColorRGB
 90
-16777216
102
RTVSPost2010PropOp51
 70
     0
102
RTVSPost2010Prop52
140
1.0
102
RTVSPost2010PropOp52
 70
     0
102
RTVSPost2010Prop53
 90
        2
102
RTVSPost2010PropOp53
 70
     0
102
RTVSPost2010Prop54
  1
strokes_ogs.tif
102
RTVSPost2010PropOp54
 70
     0
102
RTVSPost2010Prop55
280
     0
102
RTVSPost2010PropOp55
 70
     1
102
RTVSPost2010Prop56
140
1.0
102
RTVSPost2010PropOp56
 70
     0
102
RTVSPost2010Prop57
140
1.0
102
RTVSPost2010PropOp57
 70
     0
  0
XRECORD
  5
399
102
{ACAD_REACTORS
330
398
102
}
330
398
100
AcDbXrecord
280
     1
102
RTVSPost2010Prop28
280
     0
102
RTVSPost2010PropOp28
 70
     1
102
RTVSPost2010Prop29
280
     1
102
RTVSPost2010PropOp29
 70
     1
102
RTVSPost2010Prop30
280
     1
102
RTVSPost2010PropOp30
 70
     1
102
RTVSPost2010Prop31
280
     0
102
RTVSPost2010PropOp31
 70
     1
102
RTVSPost2010Prop32
280
     0
102
RTVSPost2010PropOp32
 70
     1
102
RTVSPost2010Prop33
280
     0
102
RTVSPost2010PropOp33
 70
     1
102
RTVSPost2010Prop34
280
     0
102
RTVSPost2010PropOp34
 70
     1
102
RTVSPost2010Prop35
280
     0
102
RTVSPost2010PropOp35
 70
     1
102
RTVSPost2010Prop36
280
     0
102
RTVSPost2010PropOp36
 70
     1
102
RTVSPost2010Prop37
 90
       50
102
RTVSPost2010PropOp37
 70
     1
102
RTVSPost2010Prop38
140
0.0
102
RTVSPost2010PropOp38
 70
     1
102
RTVSPost2010Prop39
140
1.0
102
RTVSPost2010PropOp39
 70
     1
102
RTVSPost2010Prop40
 90
        0
102
RTVSPost2010PropOp40
 70
     1
102
RTVSPost2010Prop41ColorIndex
 90
       18
102
RTVSPost2010Prop41ColorRGB
 90
        0
102
RTVSPost2010PropOp41
 70
     1
102
RTVSPost2010Prop42
 90
       50
102
RTVSPost2010PropOp42
 70
     1
102
RTVSPost2010Prop43
 90
        3
102
RTVSPost2010PropOp43
 70
     1
102
RTVSPost2010Prop44ColorIndex
 90
        5
102
RTVSPost2010Prop44ColorRGB
 90
      255
102
RTVSPost2010PropOp44
 70
     1
102
RTVSPost2010Prop45
280
     0
102
RTVSPost2010PropOp45
 70
     1
102
RTVSPost2010Prop46
 90
       50
102
RTVSPost2010PropOp46
 70
     1
102
RTVSPost2010Prop47
 90
       50
102
RTVSPost2010PropOp47
 70
     1
102
RTVSPost2010Prop48
 90
       50
102
RTVSPost2010PropOp48
 70
     1
102
RTVSPost2010Prop49
280
     0
102
RTVSPost2010PropOp49
 70
     1
102
RTVSPost2010Prop50
 90
       50
102
RTVSPost2010PropOp50
 70
     1
102
RTVSPost2010Prop51ColorIndex
 90
      256
102
RTVSPost2010Prop51ColorRGB
 90
-16777216
102
RTVSPost2010PropOp51
 70
     0
102
RTVSPost2010Prop52
140
1.0
102
RTVSPost2010PropOp52
 70
     0
102
RTVSPost2010Prop53
 90
        2
102
RTVSPost2010PropOp53
 70
     1
102
RTVSPost2010Prop54
  1
strokes_ogs.tif
102
RTVSPost2010PropOp54
 70
     1
102
RTVSPost2010Prop55
280
     0
102
RTVSPost2010PropOp55
 70
     1
102
RTVSPost2010Prop56
140
1.0
102
RTVSPost2010PropOp56
 70
     1
102
RTVSPost2010Prop57
140
1.0
102
RTVSPost2010PropOp57
 70
     1
  0
XRECORD
  5
37D
102
{ACAD_REACTORS
330
37C
102
}
330
37C
100
AcDbXrecord
280
     1
102
RTVSPost2010Prop28
280
     0
102
RTVSPost2010PropOp28
 70
     1
102
RTVSPost2010Prop29
280
     1
102
RTVSPost2010PropOp29
 70
     1
102
RTVSPost2010Prop30
280
     1
102
RTVSPost2010PropOp30
 70
     1
102
RTVSPost2010Prop31
280
     0
102
RTVSPost2010PropOp31
 70
     1
102
RTVSPost2010Prop32
280
     0
102
RTVSPost2010PropOp32
 70
     1
102
RTVSPost2010Prop33
280
     0
102
RTVSPost2010PropOp33
 70
     1
102
RTVSPost2010Prop34
280
     0
102
RTVSPost2010PropOp34
 70
     1
102
RTVSPost2010Prop35
280
     0
102
RTVSPost2010PropOp35
 70
     1
102
RTVSPost2010Prop36
280
     0
102
RTVSPost2010PropOp36
 70
     1
102
RTVSPost2010Prop37
 90
       50
102
RTVSPost2010PropOp37
 70
     1
102
RTVSPost2010Prop38
140
0.0
102
RTVSPost2010PropOp38
 70
     1
102
RTVSPost2010Prop39
140
1.0
102
RTVSPost2010PropOp39
 70
     1
102
RTVSPost2010Prop40
 90
        0
102
RTVSPost2010PropOp40
 70
     1
102
RTVSPost2010Prop41ColorIndex
 90
       18
102
RTVSPost2010Prop41ColorRGB
 90
        0
102
RTVSPost2010PropOp41
 70
     1
102
RTVSPost2010Prop42
 90
       50
102
RTVSPost2010PropOp42
 70
     1
102
RTVSPost2010Prop43
 90
        3
102
RTVSPost2010PropOp43
 70
     1
102
RTVSPost2010Prop44ColorIndex
 90
        5
102
RTVSPost2010Prop44ColorRGB
 90
      255
102
RTVSPost2010PropOp44
 70
     1
102
RTVSPost2010Prop45
280
     0
102
RTVSPost2010PropOp45
 70
     1
102
RTVSPost2010Prop46
 90
       50
102
RTVSPost2010PropOp46
 70
     1
102
RTVSPost2010Prop47
 90
       50
102
RTVSPost2010PropOp47
 70
     1
102
RTVSPost2010Prop48
 90
       50
102
RTVSPost2010PropOp48
 70
     1
102
RTVSPost2010Prop49
280
     0
102
RTVSPost2010PropOp49
 70
     1
102
RTVSPost2010Prop50
 90
       50
102
RTVSPost2010PropOp50
 70
     1
102
RTVSPost2010Prop51ColorIndex
 90
      256
102
RTVSPost2010Prop51ColorRGB
 90
-16777216
102
RTVSPost2010PropOp51
 70
     0
102
RTVSPost2010Prop52
140
1.0
102
RTVSPost2010PropOp52
 70
     0
102
RTVSPost2010Prop53
 90
        2
102
RTVSPost2010PropOp53
 70
     1
102
RTVSPost2010Prop54
  1
strokes_ogs.tif
102
RTVSPost2010PropOp54
 70
     1
102
RTVSPost2010Prop55
280
     0
102
RTVSPost2010PropOp55
 70
     1
102
RTVSPost2010Prop56
140
1.0
102
RTVSPost2010PropOp56
 70
     1
102
RTVSPost2010Prop57
140
1.0
102
RTVSPost2010PropOp57
 70
     1
  0
XRECORD
  5
37F
102
{ACAD_REACTORS
330
37E
102
}
330
37E
100
AcDbXrecord
280
     1
102
RTVSPost2010Prop28
280
     0
102
RTVSPost2010PropOp28
 70
     1
102
RTVSPost2010Prop29
280
     1
102
RTVSPost2010PropOp29
 70
     1
102
RTVSPost2010Prop30
280
     1
102
RTVSPost2010PropOp30
 70
     1
102
RTVSPost2010Prop31
280
     0
102
RTVSPost2010PropOp31
 70
     1
102
RTVSPost2010Prop32
280
     0
102
RTVSPost2010PropOp32
 70
     1
102
RTVSPost2010Prop33
280
     0
102
RTVSPost2010PropOp33
 70
     1
102
RTVSPost2010Prop34
280
     0
102
RTVSPost2010PropOp34
 70
     1
102
RTVSPost2010Prop35
280
     0
102
RTVSPost2010PropOp35
 70
     1
102
RTVSPost2010Prop36
280
     0
102
RTVSPost2010PropOp36
 70
     1
102
RTVSPost2010Prop37
 90
       50
102
RTVSPost2010PropOp37
 70
     1
102
RTVSPost2010Prop38
140
0.0
102
RTVSPost2010PropOp38
 70
     1
102
RTVSPost2010Prop39
140
1.0
102
RTVSPost2010PropOp39
 70
     1
102
RTVSPost2010Prop40
 90
        0
102
RTVSPost2010PropOp40
 70
     1
102
RTVSPost2010Prop41ColorIndex
 90
       18
102
RTVSPost2010Prop41ColorRGB
 90
        0
102
RTVSPost2010PropOp41
 70
     1
102
RTVSPost2010Prop42
 90
       50
102
RTVSPost2010PropOp42
 70
     1
102
RTVSPost2010Prop43
 90
        3
102
RTVSPost2010PropOp43
 70
     1
102
RTVSPost2010Prop44ColorIndex
 90
        5
102
RTVSPost2010Prop44ColorRGB
 90
      255
102
RTVSPost2010PropOp44
 70
     1
102
RTVSPost2010Prop45
280
     0
102
RTVSPost2010PropOp45
 70
     1
102
RTVSPost2010Prop46
 90
       50
102
RTVSPost2010PropOp46
 70
     1
102
RTVSPost2010Prop47
 90
       50
102
RTVSPost2010PropOp47
 70
     1
102
RTVSPost2010Prop48
 90
       50
102
RTVSPost2010PropOp48
 70
     1
102
RTVSPost2010Prop49
280
     0
102
RTVSPost2010PropOp49
 70
     1
102
RTVSPost2010Prop50
 90
       50
102
RTVSPost2010PropOp50
 70
     1
102
RTVSPost2010Prop51ColorIndex
 90
      256
102
RTVSPost2010Prop51ColorRGB
 90
-16777216
102
RTVSPost2010PropOp51
 70
     0
102
RTVSPost2010Prop52
140
1.0
102
RTVSPost2010PropOp52
 70
     0
102
RTVSPost2010Prop53
 90
        2
102
RTVSPost2010PropOp53
 70
     1
102
RTVSPost2010Prop54
  1
strokes_ogs.tif
102
RTVSPost2010PropOp54
 70
     1
102
RTVSPost2010Prop55
280
     0
102
RTVSPost2010PropOp55
 70
     1
102
RTVSPost2010Prop56
140
1.0
102
RTVSPost2010PropOp56
 70
     1
102
RTVSPost2010Prop57
140
1.0
102
RTVSPost2010PropOp57
 70
     1
  0
XRECORD
  5
381
102
{ACAD_REACTORS
330
380
102
}
330
380
100
AcDbXrecord
280
     1
102
RTVSPost2010Prop28
280
     0
102
RTVSPost2010PropOp28
 70
     1
102
RTVSPost2010Prop29
280
     1
102
RTVSPost2010PropOp29
 70
     1
102
RTVSPost2010Prop30
280
     1
102
RTVSPost2010PropOp30
 70
     1
102
RTVSPost2010Prop31
280
     0
102
RTVSPost2010PropOp31
 70
     1
102
RTVSPost2010Prop32
280
     0
102
RTVSPost2010PropOp32
 70
     1
102
RTVSPost2010Prop33
280
     0
102
RTVSPost2010PropOp33
 70
     1
102
RTVSPost2010Prop34
280
     0
102
RTVSPost2010PropOp34
 70
     1
102
RTVSPost2010Prop35
280
     0
102
RTVSPost2010PropOp35
 70
     1
102
RTVSPost2010Prop36
280
     0
102
RTVSPost2010PropOp36
 70
     1
102
RTVSPost2010Prop37
 90
       50
102
RTVSPost2010PropOp37
 70
     1
102
RTVSPost2010Prop38
140
0.0
102
RTVSPost2010PropOp38
 70
     1
102
RTVSPost2010Prop39
140
1.0
102
RTVSPost2010PropOp39
 70
     1
102
RTVSPost2010Prop40
 90
        0
102
RTVSPost2010PropOp40
 70
     1
102
RTVSPost2010Prop41ColorIndex
 90
       18
102
RTVSPost2010Prop41ColorRGB
 90
        0
102
RTVSPost2010PropOp41
 70
     1
102
RTVSPost2010Prop42
 90
       50
102
RTVSPost2010PropOp42
 70
     1
102
RTVSPost2010Prop43
 90
        3
102
RTVSPost2010PropOp43
 70
     1
102
RTVSPost2010Prop44ColorIndex
 90
        5
102
RTVSPost2010Prop44ColorRGB
 90
      255
102
RTVSPost2010PropOp44
 70
     1
102
RTVSPost2010Prop45
280
     0
102
RTVSPost2010PropOp45
 70
     1
102
RTVSPost2010Prop46
 90
       50
102
RTVSPost2010PropOp46
 70
     1
102
RTVSPost2010Prop47
 90
       50
102
RTVSPost2010PropOp47
 70
     1
102
RTVSPost2010Prop48
 90
       50
102
RTVSPost2010PropOp48
 70
     1
102
RTVSPost2010Prop49
280
     0
102
RTVSPost2010PropOp49
 70
     1
102
RTVSPost2010Prop50
 90
       50
102
RTVSPost2010PropOp50
 70
     1
102
RTVSPost2010Prop51ColorIndex
 90
      256
102
RTVSPost2010Prop51ColorRGB
 90
-16777216
102
RTVSPost2010PropOp51
 70
     0
102
RTVSPost2010Prop52
140
1.0
102
RTVSPost2010PropOp52
 70
     0
102
RTVSPost2010Prop53
 90
        2
102
RTVSPost2010PropOp53
 70
     1
102
RTVSPost2010Prop54
  1
strokes_ogs.tif
102
RTVSPost2010PropOp54
 70
     1
102
RTVSPost2010Prop55
280
     0
102
RTVSPost2010PropOp55
 70
     1
102
RTVSPost2010Prop56
140
1.0
102
RTVSPost2010PropOp56
 70
     1
102
RTVSPost2010Prop57
140
1.0
102
RTVSPost2010PropOp57
 70
     1
  0
XRECORD
  5
383
102
{ACAD_REACTORS
330
382
102
}
330
382
100
AcDbXrecord
280
     1
102
RTVSPost2010Prop28
280
     0
102
RTVSPost2010PropOp28
 70
     1
102
RTVSPost2010Prop29
280
     1
102
RTVSPost2010PropOp29
 70
     1
102
RTVSPost2010Prop30
280
     1
102
RTVSPost2010PropOp30
 70
     1
102
RTVSPost2010Prop31
280
     0
102
RTVSPost2010PropOp31
 70
     1
102
RTVSPost2010Prop32
280
     0
102
RTVSPost2010PropOp32
 70
     1
102
RTVSPost2010Prop33
280
     0
102
RTVSPost2010PropOp33
 70
     1
102
RTVSPost2010Prop34
280
     0
102
RTVSPost2010PropOp34
 70
     1
102
RTVSPost2010Prop35
280
     0
102
RTVSPost2010PropOp35
 70
     1
102
RTVSPost2010Prop36
280
     0
102
RTVSPost2010PropOp36
 70
     1
102
RTVSPost2010Prop37
 90
       50
102
RTVSPost2010PropOp37
 70
     1
102
RTVSPost2010Prop38
140
0.0
102
RTVSPost2010PropOp38
 70
     1
102
RTVSPost2010Prop39
140
1.0
102
RTVSPost2010PropOp39
 70
     1
102
RTVSPost2010Prop40
 90
        0
102
RTVSPost2010PropOp40
 70
     1
102
RTVSPost2010Prop41ColorIndex
 90
       18
102
RTVSPost2010Prop41ColorRGB
 90
        0
102
RTVSPost2010PropOp41
 70
     1
102
RTVSPost2010Prop42
 90
       50
102
RTVSPost2010PropOp42
 70
     1
102
RTVSPost2010Prop43
 90
        3
102
RTVSPost2010PropOp43
 70
     1
102
RTVSPost2010Prop44ColorIndex
 90
        5
102
RTVSPost2010Prop44ColorRGB
 90
      255
102
RTVSPost2010PropOp44
 70
     1
102
RTVSPost2010Prop45
280
     0
102
RTVSPost2010PropOp45
 70
     1
102
RTVSPost2010Prop46
 90
       50
102
RTVSPost2010PropOp46
 70
     1
102
RTVSPost2010Prop47
 90
       50
102
RTVSPost2010PropOp47
 70
     1
102
RTVSPost2010Prop48
 90
       50
102
RTVSPost2010PropOp48
 70
     1
102
RTVSPost2010Prop49
280
     0
102
RTVSPost2010PropOp49
 70
     1
102
RTVSPost2010Prop50
 90
       50
102
RTVSPost2010PropOp50
 70
     1
102
RTVSPost2010Prop51ColorIndex
 90
      256
102
RTVSPost2010Prop51ColorRGB
 90
-16777216
102
RTVSPost2010PropOp51
 70
     0
102
RTVSPost2010Prop52
140
1.0
102
RTVSPost2010PropOp52
 70
     0
102
RTVSPost2010Prop53
 90
        2
102
RTVSPost2010PropOp53
 70
     1
102
RTVSPost2010Prop54
  1
strokes_ogs.tif
102
RTVSPost2010PropOp54
 70
     1
102
RTVSPost2010Prop55
280
     0
102
RTVSPost2010PropOp55
 70
     1
102
RTVSPost2010Prop56
140
1.0
102
RTVSPost2010PropOp56
 70
     1
102
RTVSPost2010Prop57
140
1.0
102
RTVSPost2010PropOp57
 70
     1
  0
XRECORD
  5
38B
102
{ACAD_REACTORS
330
38A
102
}
330
38A
100
AcDbXrecord
280
     1
102
RTVSPost2010Prop28
280
     0
102
RTVSPost2010PropOp28
 70
     1
102
RTVSPost2010Prop29
280
     1
102
RTVSPost2010PropOp29
 70
     1
102
RTVSPost2010Prop30
280
     1
102
RTVSPost2010PropOp30
 70
     1
102
RTVSPost2010Prop31
280
     0
102
RTVSPost2010PropOp31
 70
     1
102
RTVSPost2010Prop32
280
     0
102
RTVSPost2010PropOp32
 70
     1
102
RTVSPost2010Prop33
280
     0
102
RTVSPost2010PropOp33
 70
     1
102
RTVSPost2010Prop34
280
     0
102
RTVSPost2010PropOp34
 70
     1
102
RTVSPost2010Prop35
280
     0
102
RTVSPost2010PropOp35
 70
     1
102
RTVSPost2010Prop36
280
     0
102
RTVSPost2010PropOp36
 70
     1
102
RTVSPost2010Prop37
 90
       50
102
RTVSPost2010PropOp37
 70
     1
102
RTVSPost2010Prop38
140
0.0
102
RTVSPost2010PropOp38
 70
     1
102
RTVSPost2010Prop39
140
1.0
102
RTVSPost2010PropOp39
 70
     1
102
RTVSPost2010Prop40
 90
        0
102
RTVSPost2010PropOp40
 70
     1
102
RTVSPost2010Prop41ColorIndex
 90
       18
102
RTVSPost2010Prop41ColorRGB
 90
        0
102
RTVSPost2010PropOp41
 70
     1
102
RTVSPost2010Prop42
 90
       50
102
RTVSPost2010PropOp42
 70
     1
102
RTVSPost2010Prop43
 90
        3
102
RTVSPost2010PropOp43
 70
     1
102
RTVSPost2010Prop44ColorIndex
 90
        5
102
RTVSPost2010Prop44ColorRGB
 90
      255
102
RTVSPost2010PropOp44
 70
     1
102
RTVSPost2010Prop45
280
     0
102
RTVSPost2010PropOp45
 70
     1
102
RTVSPost2010Prop46
 90
       50
102
RTVSPost2010PropOp46
 70
     1
102
RTVSPost2010Prop47
 90
       50
102
RTVSPost2010PropOp47
 70
     1
102
RTVSPost2010Prop48
 90
       50
102
RTVSPost2010PropOp48
 70
     1
102
RTVSPost2010Prop49
280
     0
102
RTVSPost2010PropOp49
 70
     1
102
RTVSPost2010Prop50
 90
       50
102
RTVSPost2010PropOp50
 70
     1
102
RTVSPost2010Prop51ColorIndex
 90
      256
102
RTVSPost2010Prop51ColorRGB
 90
-16777216
102
RTVSPost2010PropOp51
 70
     0
102
RTVSPost2010Prop52
140
1.0
102
RTVSPost2010PropOp52
 70
     0
102
RTVSPost2010Prop53
 90
        2
102
RTVSPost2010PropOp53
 70
     1
102
RTVSPost2010Prop54
  1
strokes_ogs.tif
102
RTVSPost2010PropOp54
 70
     1
102
RTVSPost2010Prop55
280
     0
102
RTVSPost2010PropOp55
 70
     1
102
RTVSPost2010Prop56
140
1.0
102
RTVSPost2010PropOp56
 70
     1
102
RTVSPost2010Prop57
140
1.0
102
RTVSPost2010PropOp57
 70
     1
  0
XRECORD
  5
3A7
102
{ACAD_REACTORS
330
3A6
102
}
330
3A6
100
AcDbXrecord
280
     1
102
RTVSPost2010Prop28
280
     0
102
RTVSPost2010PropOp28
 70
     1
102
RTVSPost2010Prop29
280
     1
102
RTVSPost2010PropOp29
 70
     1
102
RTVSPost2010Prop30
280
     1
102
RTVSPost2010PropOp30
 70
     1
102
RTVSPost2010Prop31
280
     0
102
RTVSPost2010PropOp31
 70
     1
102
RTVSPost2010Prop32
280
     0
102
RTVSPost2010PropOp32
 70
     1
102
RTVSPost2010Prop33
280
     0
102
RTVSPost2010PropOp33
 70
     1
102
RTVSPost2010Prop34
280
     0
102
RTVSPost2010PropOp34
 70
     1
102
RTVSPost2010Prop35
280
     0
102
RTVSPost2010PropOp35
 70
     1
102
RTVSPost2010Prop36
280
     0
102
RTVSPost2010PropOp36
 70
     1
102
RTVSPost2010Prop37
 90
       50
102
RTVSPost2010PropOp37
 70
     0
102
RTVSPost2010Prop38
140
0.0
102
RTVSPost2010PropOp38
 70
     0
102
RTVSPost2010Prop39
140
1.0
102
RTVSPost2010PropOp39
 70
     0
102
RTVSPost2010Prop40
 90
        0
102
RTVSPost2010PropOp40
 70
     0
102
RTVSPost2010Prop41ColorIndex
 90
       18
102
RTVSPost2010Prop41ColorRGB
 90
        0
102
RTVSPost2010PropOp41
 70
     0
102
RTVSPost2010Prop42
 90
       50
102
RTVSPost2010PropOp42
 70
     0
102
RTVSPost2010Prop43
 90
        3
102
RTVSPost2010PropOp43
 70
     0
102
RTVSPost2010Prop44ColorIndex
 90
        5
102
RTVSPost2010Prop44ColorRGB
 90
      255
102
RTVSPost2010PropOp44
 70
     0
102
RTVSPost2010Prop45
280
     0
102
RTVSPost2010PropOp45
 70
     1
102
RTVSPost2010Prop46
 90
       50
102
RTVSPost2010PropOp46
 70
     0
102
RTVSPost2010Prop47
 90
       50
102
RTVSPost2010PropOp47
 70
     0
102
RTVSPost2010Prop48
 90
       50
102
RTVSPost2010PropOp48
 70
     0
102
RTVSPost2010Prop49
280
     0
102
RTVSPost2010PropOp49
 70
     1
102
RTVSPost2010Prop50
 90
       50
102
RTVSPost2010PropOp50
 70
     0
102
RTVSPost2010Prop51ColorIndex
 90
      256
102
RTVSPost2010Prop51ColorRGB
 90
-16777216
102
RTVSPost2010PropOp51
 70
     0
102
RTVSPost2010Prop52
140
1.0
102
RTVSPost2010PropOp52
 70
     0
102
RTVSPost2010Prop53
 90
        2
102
RTVSPost2010PropOp53
 70
     0
102
RTVSPost2010Prop54
  1
strokes_ogs.tif
102
RTVSPost2010PropOp54
 70
     0
102
RTVSPost2010Prop55
280
     0
102
RTVSPost2010PropOp55
 70
     1
102
RTVSPost2010Prop56
140
1.0
102
RTVSPost2010PropOp56
 70
     0
102
RTVSPost2010Prop57
140
1.0
102
RTVSPost2010PropOp57
 70
     0
  0
XRECORD
  5
397
102
{ACAD_REACTORS
330
396
102
}
330
396
100
AcDbXrecord
280
     1
102
RTVSPost2010Prop28
280
     0
102
RTVSPost2010PropOp28
 70
     1
102
RTVSPost2010Prop29
280
     1
102
RTVSPost2010PropOp29
 70
     1
102
RTVSPost2010Prop30
280
     1
102
RTVSPost2010PropOp30
 70
     1
102
RTVSPost2010Prop31
280
     0
102
RTVSPost2010PropOp31
 70
     1
102
RTVSPost2010Prop32
280
     0
102
RTVSPost2010PropOp32
 70
     1
102
RTVSPost2010Prop33
280
     0
102
RTVSPost2010PropOp33
 70
     1
102
RTVSPost2010Prop34
280
     0
102
RTVSPost2010PropOp34
 70
     1
102
RTVSPost2010Prop35
280
     0
102
RTVSPost2010PropOp35
 70
     1
102
RTVSPost2010Prop36
280
     0
102
RTVSPost2010PropOp36
 70
     1
102
RTVSPost2010Prop37
 90
       50
102
RTVSPost2010PropOp37
 70
     1
102
RTVSPost2010Prop38
140
0.0
102
RTVSPost2010PropOp38
 70
     1
102
RTVSPost2010Prop39
140
1.0
102
RTVSPost2010PropOp39
 70
     1
102
RTVSPost2010Prop40
 90
        0
102
RTVSPost2010PropOp40
 70
     1
102
RTVSPost2010Prop41ColorIndex
 90
       18
102
RTVSPost2010Prop41ColorRGB
 90
        0
102
RTVSPost2010PropOp41
 70
     1
102
RTVSPost2010Prop42
 90
       50
102
RTVSPost2010PropOp42
 70
     1
102
RTVSPost2010Prop43
 90
        3
102
RTVSPost2010PropOp43
 70
     1
102
RTVSPost2010Prop44ColorIndex
 90
        5
102
RTVSPost2010Prop44ColorRGB
 90
      255
102
RTVSPost2010PropOp44
 70
     1
102
RTVSPost2010Prop45
280
     0
102
RTVSPost2010PropOp45
 70
     1
102
RTVSPost2010Prop46
 90
       50
102
RTVSPost2010PropOp46
 70
     1
102
RTVSPost2010Prop47
 90
       50
102
RTVSPost2010PropOp47
 70
     1
102
RTVSPost2010Prop48
 90
       50
102
RTVSPost2010PropOp48
 70
     1
102
RTVSPost2010Prop49
280
     0
102
RTVSPost2010PropOp49
 70
     1
102
RTVSPost2010Prop50
 90
       50
102
RTVSPost2010PropOp50
 70
     1
102
RTVSPost2010Prop51ColorIndex
 90
      256
102
RTVSPost2010Prop51ColorRGB
 90
-16777216
102
RTVSPost2010PropOp51
 70
     0
102
RTVSPost2010Prop52
140
1.0
102
RTVSPost2010PropOp52
 70
     0
102
RTVSPost2010Prop53
 90
        2
102
RTVSPost2010PropOp53
 70
     1
102
RTVSPost2010Prop54
  1
strokes_ogs.tif
102
RTVSPost2010PropOp54
 70
     1
102
RTVSPost2010Prop55
280
     0
102
RTVSPost2010PropOp55
 70
     1
102
RTVSPost2010Prop56
140
1.0
102
RTVSPost2010PropOp56
 70
     1
102
RTVSPost2010Prop57
140
1.0
102
RTVSPost2010PropOp57
 70
     1
  0
XRECORD
  5
3A9
102
{ACAD_REACTORS
330
3A8
102
}
330
3A8
100
AcDbXrecord
280
     1
102
RTVSPost2010Prop28
280
     0
102
RTVSPost2010PropOp28
 70
     1
102
RTVSPost2010Prop29
280
     1
102
RTVSPost2010PropOp29
 70
     1
102
RTVSPost2010Prop30
280
     1
102
RTVSPost2010PropOp30
 70
     1
102
RTVSPost2010Prop31
280
     0
102
RTVSPost2010PropOp31
 70
     1
102
RTVSPost2010Prop32
280
     0
102
RTVSPost2010PropOp32
 70
     1
102
RTVSPost2010Prop33
280
     0
102
RTVSPost2010PropOp33
 70
     1
102
RTVSPost2010Prop34
280
     0
102
RTVSPost2010PropOp34
 70
     1
102
RTVSPost2010Prop35
280
     0
102
RTVSPost2010PropOp35
 70
     1
102
RTVSPost2010Prop36
280
     0
102
RTVSPost2010PropOp36
 70
     1
102
RTVSPost2010Prop37
 90
       50
102
RTVSPost2010PropOp37
 70
     0
102
RTVSPost2010Prop38
140
0.0
102
RTVSPost2010PropOp38
 70
     0
102
RTVSPost2010Prop39
140
1.0
102
RTVSPost2010PropOp39
 70
     0
102
RTVSPost2010Prop40
 90
        0
102
RTVSPost2010PropOp40
 70
     0
102
RTVSPost2010Prop41ColorIndex
 90
       18
102
RTVSPost2010Prop41ColorRGB
 90
        0
102
RTVSPost2010PropOp41
 70
     0
102
RTVSPost2010Prop42
 90
       50
102
RTVSPost2010PropOp42
 70
     0
102
RTVSPost2010Prop43
 90
        3
102
RTVSPost2010PropOp43
 70
     0
102
RTVSPost2010Prop44ColorIndex
 90
        5
102
RTVSPost2010Prop44ColorRGB
 90
      255
102
RTVSPost2010PropOp44
 70
     0
102
RTVSPost2010Prop45
280
     0
102
RTVSPost2010PropOp45
 70
     1
102
RTVSPost2010Prop46
 90
       50
102
RTVSPost2010PropOp46
 70
     0
102
RTVSPost2010Prop47
 90
       50
102
RTVSPost2010PropOp47
 70
     0
102
RTVSPost2010Prop48
 90
       50
102
RTVSPost2010PropOp48
 70
     0
102
RTVSPost2010Prop49
280
     0
102
RTVSPost2010PropOp49
 70
     1
102
RTVSPost2010Prop50
 90
       50
102
RTVSPost2010PropOp50
 70
     0
102
RTVSPost2010Prop51ColorIndex
 90
      256
102
RTVSPost2010Prop51ColorRGB
 90
-16777216
102
RTVSPost2010PropOp51
 70
     0
102
RTVSPost2010Prop52
140
1.0
102
RTVSPost2010PropOp52
 70
     0
102
RTVSPost2010Prop53
 90
        2
102
RTVSPost2010PropOp53
 70
     0
102
RTVSPost2010Prop54
  1
strokes_ogs.tif
102
RTVSPost2010PropOp54
 70
     0
102
RTVSPost2010Prop55
280
     0
102
RTVSPost2010PropOp55
 70
     1
102
RTVSPost2010Prop56
140
1.0
102
RTVSPost2010PropOp56
 70
     0
102
RTVSPost2010Prop57
140
1.0
102
RTVSPost2010PropOp57
 70
     0
  0
XRECORD
  5
38F
102
{ACAD_REACTORS
330
38E
102
}
330
38E
100
AcDbXrecord
280
     1
102
RTVSPost2010Prop28
280
     0
102
RTVSPost2010PropOp28
 70
     1
102
RTVSPost2010Prop29
280
     1
102
RTVSPost2010PropOp29
 70
     1
102
RTVSPost2010Prop30
280
     1
102
RTVSPost2010PropOp30
 70
     1
102
RTVSPost2010Prop31
280
     0
102
RTVSPost2010PropOp31
 70
     1
102
RTVSPost2010Prop32
280
     0
102
RTVSPost2010PropOp32
 70
     1
102
RTVSPost2010Prop33
280
     0
102
RTVSPost2010PropOp33
 70
     1
102
RTVSPost2010Prop34
280
     0
102
RTVSPost2010PropOp34
 70
     1
102
RTVSPost2010Prop35
280
     0
102
RTVSPost2010PropOp35
 70
     1
102
RTVSPost2010Prop36
280
     0
102
RTVSPost2010PropOp36
 70
     1
102
RTVSPost2010Prop37
 90
       50
102
RTVSPost2010PropOp37
 70
     1
102
RTVSPost2010Prop38
140
0.0
102
RTVSPost2010PropOp38
 70
     1
102
RTVSPost2010Prop39
140
1.0
102
RTVSPost2010PropOp39
 70
     1
102
RTVSPost2010Prop40
 90
        0
102
RTVSPost2010PropOp40
 70
     1
102
RTVSPost2010Prop41ColorIndex
 90
       18
102
RTVSPost2010Prop41ColorRGB
 90
        0
102
RTVSPost2010PropOp41
 70
     1
102
RTVSPost2010Prop42
 90
       50
102
RTVSPost2010PropOp42
 70
     1
102
RTVSPost2010Prop43
 90
        3
102
RTVSPost2010PropOp43
 70
     1
102
RTVSPost2010Prop44ColorIndex
 90
        5
102
RTVSPost2010Prop44ColorRGB
 90
      255
102
RTVSPost2010PropOp44
 70
     1
102
RTVSPost2010Prop45
280
     0
102
RTVSPost2010PropOp45
 70
     1
102
RTVSPost2010Prop46
 90
       50
102
RTVSPost2010PropOp46
 70
     1
102
RTVSPost2010Prop47
 90
       50
102
RTVSPost2010PropOp47
 70
     1
102
RTVSPost2010Prop48
 90
       50
102
RTVSPost2010PropOp48
 70
     1
102
RTVSPost2010Prop49
280
     0
102
RTVSPost2010PropOp49
 70
     1
102
RTVSPost2010Prop50
 90
       50
102
RTVSPost2010PropOp50
 70
     1
102
RTVSPost2010Prop51ColorIndex
 90
      256
102
RTVSPost2010Prop51ColorRGB
 90
-16777216
102
RTVSPost2010PropOp51
 70
     0
102
RTVSPost2010Prop52
140
1.0
102
RTVSPost2010PropOp52
 70
     0
102
RTVSPost2010Prop53
 90
        2
102
RTVSPost2010PropOp53
 70
     1
102
RTVSPost2010Prop54
  1
strokes_ogs.tif
102
RTVSPost2010PropOp54
 70
     1
102
RTVSPost2010Prop55
280
     0
102
RTVSPost2010PropOp55
 70
     1
102
RTVSPost2010Prop56
140
1.0
102
RTVSPost2010PropOp56
 70
     1
102
RTVSPost2010Prop57
140
1.0
102
RTVSPost2010PropOp57
 70
     1
  0
XRECORD
  5
3A5
102
{ACAD_REACTORS
330
3A4
102
}
330
3A4
100
AcDbXrecord
280
     1
102
RTVSPost2010Prop28
280
     0
102
RTVSPost2010PropOp28
 70
     1
102
RTVSPost2010Prop29
280
     1
102
RTVSPost2010PropOp29
 70
     1
102
RTVSPost2010Prop30
280
     1
102
RTVSPost2010PropOp30
 70
     1
102
RTVSPost2010Prop31
280
     0
102
RTVSPost2010PropOp31
 70
     1
102
RTVSPost2010Prop32
280
     0
102
RTVSPost2010PropOp32
 70
     1
102
RTVSPost2010Prop33
280
     0
102
RTVSPost2010PropOp33
 70
     1
102
RTVSPost2010Prop34
280
     0
102
RTVSPost2010PropOp34
 70
     1
102
RTVSPost2010Prop35
280
     0
102
RTVSPost2010PropOp35
 70
     1
102
RTVSPost2010Prop36
280
     0
102
RTVSPost2010PropOp36
 70
     1
102
RTVSPost2010Prop37
 90
       50
102
RTVSPost2010PropOp37
 70
     1
102
RTVSPost2010Prop38
140
0.0
102
RTVSPost2010PropOp38
 70
     1
102
RTVSPost2010Prop39
140
1.0
102
RTVSPost2010PropOp39
 70
     1
102
RTVSPost2010Prop40
 90
        0
102
RTVSPost2010PropOp40
 70
     1
102
RTVSPost2010Prop41ColorIndex
 90
       18
102
RTVSPost2010Prop41ColorRGB
 90
        0
102
RTVSPost2010PropOp41
 70
     1
102
RTVSPost2010Prop42
 90
       50
102
RTVSPost2010PropOp42
 70
     1
102
RTVSPost2010Prop43
 90
        3
102
RTVSPost2010PropOp43
 70
     1
102
RTVSPost2010Prop44ColorIndex
 90
        5
102
RTVSPost2010Prop44ColorRGB
 90
      255
102
RTVSPost2010PropOp44
 70
     1
102
RTVSPost2010Prop45
280
     0
102
RTVSPost2010PropOp45
 70
     1
102
RTVSPost2010Prop46
 90
       50
102
RTVSPost2010PropOp46
 70
     1
102
RTVSPost2010Prop47
 90
       50
102
RTVSPost2010PropOp47
 70
     1
102
RTVSPost2010Prop48
 90
       50
102
RTVSPost2010PropOp48
 70
     1
102
RTVSPost2010Prop49
280
     0
102
RTVSPost2010PropOp49
 70
     1
102
RTVSPost2010Prop50
 90
       50
102
RTVSPost2010PropOp50
 70
     1
102
RTVSPost2010Prop51ColorIndex
 90
      256
102
RTVSPost2010Prop51ColorRGB
 90
-16777216
102
RTVSPost2010PropOp51
 70
     0
102
RTVSPost2010Prop52
140
1.0
102
RTVSPost2010PropOp52
 70
     0
102
RTVSPost2010Prop53
 90
        2
102
RTVSPost2010PropOp53
 70
     1
102
RTVSPost2010Prop54
  1
strokes_ogs.tif
102
RTVSPost2010PropOp54
 70
     1
102
RTVSPost2010Prop55
280
     0
102
RTVSPost2010PropOp55
 70
     1
102
RTVSPost2010Prop56
140
1.0
102
RTVSPost2010PropOp56
 70
     1
102
RTVSPost2010Prop57
140
1.0
102
RTVSPost2010PropOp57
 70
     1
  0
XRECORD
  5
3A3
102
{ACAD_REACTORS
330
3A2
102
}
330
3A2
100
AcDbXrecord
280
     1
102
RTVSPost2010Prop28
280
     0
102
RTVSPost2010PropOp28
 70
     1
102
RTVSPost2010Prop29
280
     1
102
RTVSPost2010PropOp29
 70
     1
102
RTVSPost2010Prop30
280
     1
102
RTVSPost2010PropOp30
 70
     1
102
RTVSPost2010Prop31
280
     0
102
RTVSPost2010PropOp31
 70
     1
102
RTVSPost2010Prop32
280
     0
102
RTVSPost2010PropOp32
 70
     1
102
RTVSPost2010Prop33
280
     0
102
RTVSPost2010PropOp33
 70
     1
102
RTVSPost2010Prop34
280
     0
102
RTVSPost2010PropOp34
 70
     1
102
RTVSPost2010Prop35
280
     0
102
RTVSPost2010PropOp35
 70
     1
102
RTVSPost2010Prop36
280
     0
102
RTVSPost2010PropOp36
 70
     1
102
RTVSPost2010Prop37
 90
       50
102
RTVSPost2010PropOp37
 70
     1
102
RTVSPost2010Prop38
140
0.0
102
RTVSPost2010PropOp38
 70
     1
102
RTVSPost2010Prop39
140
1.0
102
RTVSPost2010PropOp39
 70
     1
102
RTVSPost2010Prop40
 90
        0
102
RTVSPost2010PropOp40
 70
     1
102
RTVSPost2010Prop41ColorIndex
 90
       18
102
RTVSPost2010Prop41ColorRGB
 90
        0
102
RTVSPost2010PropOp41
 70
     1
102
RTVSPost2010Prop42
 90
       50
102
RTVSPost2010PropOp42
 70
     1
102
RTVSPost2010Prop43
 90
        3
102
RTVSPost2010PropOp43
 70
     1
102
RTVSPost2010Prop44ColorIndex
 90
        5
102
RTVSPost2010Prop44ColorRGB
 90
      255
102
RTVSPost2010PropOp44
 70
     1
102
RTVSPost2010Prop45
280
     0
102
RTVSPost2010PropOp45
 70
     1
102
RTVSPost2010Prop46
 90
       50
102
RTVSPost2010PropOp46
 70
     1
102
RTVSPost2010Prop47
 90
       50
102
RTVSPost2010PropOp47
 70
     1
102
RTVSPost2010Prop48
 90
       50
102
RTVSPost2010PropOp48
 70
     1
102
RTVSPost2010Prop49
280
     0
102
RTVSPost2010PropOp49
 70
     1
102
RTVSPost2010Prop50
 90
       50
102
RTVSPost2010PropOp50
 70
     1
102
RTVSPost2010Prop51ColorIndex
 90
      256
102
RTVSPost2010Prop51ColorRGB
 90
-16777216
102
RTVSPost2010PropOp51
 70
     0
102
RTVSPost2010Prop52
140
1.0
102
RTVSPost2010PropOp52
 70
     0
102
RTVSPost2010Prop53
 90
        2
102
RTVSPost2010PropOp53
 70
     1
102
RTVSPost2010Prop54
  1
strokes_ogs.tif
102
RTVSPost2010PropOp54
 70
     1
102
RTVSPost2010Prop55
280
     0
102
RTVSPost2010PropOp55
 70
     1
102
RTVSPost2010Prop56
140
1.0
102
RTVSPost2010PropOp56
 70
     1
102
RTVSPost2010Prop57
140
1.0
102
RTVSPost2010PropOp57
 70
     1
  0
XRECORD
  5
39D
102
{ACAD_REACTORS
330
39C
102
}
330
39C
100
AcDbXrecord
280
     1
102
RTVSPost2010Prop28
280
     0
102
RTVSPost2010PropOp28
 70
     1
102
RTVSPost2010Prop29
280
     1
102
RTVSPost2010PropOp29
 70
     1
102
RTVSPost2010Prop30
280
     1
102
RTVSPost2010PropOp30
 70
     1
102
RTVSPost2010Prop31
280
     0
102
RTVSPost2010PropOp31
 70
     1
102
RTVSPost2010Prop32
280
     0
102
RTVSPost2010PropOp32
 70
     1
102
RTVSPost2010Prop33
280
     0
102
RTVSPost2010PropOp33
 70
     1
102
RTVSPost2010Prop34
280
     0
102
RTVSPost2010PropOp34
 70
     1
102
RTVSPost2010Prop35
280
     0
102
RTVSPost2010PropOp35
 70
     1
102
RTVSPost2010Prop36
280
     0
102
RTVSPost2010PropOp36
 70
     1
102
RTVSPost2010Prop37
 90
       50
102
RTVSPost2010PropOp37
 70
     1
102
RTVSPost2010Prop38
140
0.0
102
RTVSPost2010PropOp38
 70
     1
102
RTVSPost2010Prop39
140
1.0
102
RTVSPost2010PropOp39
 70
     1
102
RTVSPost2010Prop40
 90
        0
102
RTVSPost2010PropOp40
 70
     1
102
RTVSPost2010Prop41ColorIndex
 90
       18
102
RTVSPost2010Prop41ColorRGB
 90
        0
102
RTVSPost2010PropOp41
 70
     1
102
RTVSPost2010Prop42
 90
       50
102
RTVSPost2010PropOp42
 70
     1
102
RTVSPost2010Prop43
 90
        3
102
RTVSPost2010PropOp43
 70
     1
102
RTVSPost2010Prop44ColorIndex
 90
        5
102
RTVSPost2010Prop44ColorRGB
 90
      255
102
RTVSPost2010PropOp44
 70
     1
102
RTVSPost2010Prop45
280
     0
102
RTVSPost2010PropOp45
 70
     1
102
RTVSPost2010Prop46
 90
       50
102
RTVSPost2010PropOp46
 70
     1
102
RTVSPost2010Prop47
 90
       50
102
RTVSPost2010PropOp47
 70
     1
102
RTVSPost2010Prop48
 90
       50
102
RTVSPost2010PropOp48
 70
     1
102
RTVSPost2010Prop49
280
     0
102
RTVSPost2010PropOp49
 70
     1
102
RTVSPost2010Prop50
 90
       50
102
RTVSPost2010PropOp50
 70
     1
102
RTVSPost2010Prop51ColorIndex
 90
      256
102
RTVSPost2010Prop51ColorRGB
 90
-16777216
102
RTVSPost2010PropOp51
 70
     0
102
RTVSPost2010Prop52
140
1.0
102
RTVSPost2010PropOp52
 70
     0
102
RTVSPost2010Prop53
 90
        2
102
RTVSPost2010PropOp53
 70
     1
102
RTVSPost2010Prop54
  1
strokes_ogs.tif
102
RTVSPost2010PropOp54
 70
     1
102
RTVSPost2010Prop55
280
     0
102
RTVSPost2010PropOp55
 70
     1
102
RTVSPost2010Prop56
140
1.0
102
RTVSPost2010PropOp56
 70
     1
102
RTVSPost2010Prop57
140
1.0
102
RTVSPost2010PropOp57
 70
     1
  0
XRECORD
  5
39F
102
{ACAD_REACTORS
330
39E
102
}
330
39E
100
AcDbXrecord
280
     1
102
RTVSPost2010Prop28
280
     0
102
RTVSPost2010PropOp28
 70
     1
102
RTVSPost2010Prop29
280
     1
102
RTVSPost2010PropOp29
 70
     1
102
RTVSPost2010Prop30
280
     1
102
RTVSPost2010PropOp30
 70
     1
102
RTVSPost2010Prop31
280
     0
102
RTVSPost2010PropOp31
 70
     1
102
RTVSPost2010Prop32
280
     0
102
RTVSPost2010PropOp32
 70
     1
102
RTVSPost2010Prop33
280
     0
102
RTVSPost2010PropOp33
 70
     1
102
RTVSPost2010Prop34
280
     0
102
RTVSPost2010PropOp34
 70
     1
102
RTVSPost2010Prop35
280
     0
102
RTVSPost2010PropOp35
 70
     1
102
RTVSPost2010Prop36
280
     0
102
RTVSPost2010PropOp36
 70
     1
102
RTVSPost2010Prop37
 90
       50
102
RTVSPost2010PropOp37
 70
     1
102
RTVSPost2010Prop38
140
0.0
102
RTVSPost2010PropOp38
 70
     1
102
RTVSPost2010Prop39
140
1.0
102
RTVSPost2010PropOp39
 70
     1
102
RTVSPost2010Prop40
 90
        0
102
RTVSPost2010PropOp40
 70
     1
102
RTVSPost2010Prop41ColorIndex
 90
       18
102
RTVSPost2010Prop41ColorRGB
 90
        0
102
RTVSPost2010PropOp41
 70
     1
102
RTVSPost2010Prop42
 90
       50
102
RTVSPost2010PropOp42
 70
     1
102
RTVSPost2010Prop43
 90
        3
102
RTVSPost2010PropOp43
 70
     1
102
RTVSPost2010Prop44ColorIndex
 90
        5
102
RTVSPost2010Prop44ColorRGB
 90
      255
102
RTVSPost2010PropOp44
 70
     1
102
RTVSPost2010Prop45
280
     0
102
RTVSPost2010PropOp45
 70
     1
102
RTVSPost2010Prop46
 90
       50
102
RTVSPost2010PropOp46
 70
     1
102
RTVSPost2010Prop47
 90
       50
102
RTVSPost2010PropOp47
 70
     1
102
RTVSPost2010Prop48
 90
       50
102
RTVSPost2010PropOp48
 70
     1
102
RTVSPost2010Prop49
280
     0
102
RTVSPost2010PropOp49
 70
     1
102
RTVSPost2010Prop50
 90
       50
102
RTVSPost2010PropOp50
 70
     1
102
RTVSPost2010Prop51ColorIndex
 90
      256
102
RTVSPost2010Prop51ColorRGB
 90
-16777216
102
RTVSPost2010PropOp51
 70
     0
102
RTVSPost2010Prop52
140
1.0
102
RTVSPost2010PropOp52
 70
     0
102
RTVSPost2010Prop53
 90
        2
102
RTVSPost2010PropOp53
 70
     1
102
RTVSPost2010Prop54
  1
strokes_ogs.tif
102
RTVSPost2010PropOp54
 70
     1
102
RTVSPost2010Prop55
280
     0
102
RTVSPost2010PropOp55
 70
     1
102
RTVSPost2010Prop56
140
1.0
102
RTVSPost2010PropOp56
 70
     1
102
RTVSPost2010Prop57
140
1.0
102
RTVSPost2010PropOp57
 70
     1
  0
XRECORD
  5
395
102
{ACAD_REACTORS
330
394
102
}
330
394
100
AcDbXrecord
280
     1
102
RTVSPost2010Prop28
280
     0
102
RTVSPost2010PropOp28
 70
     1
102
RTVSPost2010Prop29
280
     1
102
RTVSPost2010PropOp29
 70
     1
102
RTVSPost2010Prop30
280
     1
102
RTVSPost2010PropOp30
 70
     1
102
RTVSPost2010Prop31
280
     0
102
RTVSPost2010PropOp31
 70
     1
102
RTVSPost2010Prop32
280
     0
102
RTVSPost2010PropOp32
 70
     1
102
RTVSPost2010Prop33
280
     0
102
RTVSPost2010PropOp33
 70
     1
102
RTVSPost2010Prop34
280
     0
102
RTVSPost2010PropOp34
 70
     1
102
RTVSPost2010Prop35
280
     0
102
RTVSPost2010PropOp35
 70
     1
102
RTVSPost2010Prop36
280
     0
102
RTVSPost2010PropOp36
 70
     1
102
RTVSPost2010Prop37
 90
       50
102
RTVSPost2010PropOp37
 70
     1
102
RTVSPost2010Prop38
140
0.0
102
RTVSPost2010PropOp38
 70
     1
102
RTVSPost2010Prop39
140
1.0
102
RTVSPost2010PropOp39
 70
     1
102
RTVSPost2010Prop40
 90
        0
102
RTVSPost2010PropOp40
 70
     1
102
RTVSPost2010Prop41ColorIndex
 90
       18
102
RTVSPost2010Prop41ColorRGB
 90
        0
102
RTVSPost2010PropOp41
 70
     1
102
RTVSPost2010Prop42
 90
       50
102
RTVSPost2010PropOp42
 70
     1
102
RTVSPost2010Prop43
 90
        3
102
RTVSPost2010PropOp43
 70
     1
102
RTVSPost2010Prop44ColorIndex
 90
        5
102
RTVSPost2010Prop44ColorRGB
 90
      255
102
RTVSPost2010PropOp44
 70
     1
102
RTVSPost2010Prop45
280
     0
102
RTVSPost2010PropOp45
 70
     1
102
RTVSPost2010Prop46
 90
       50
102
RTVSPost2010PropOp46
 70
     1
102
RTVSPost2010Prop47
 90
       50
102
RTVSPost2010PropOp47
 70
     1
102
RTVSPost2010Prop48
 90
       50
102
RTVSPost2010PropOp48
 70
     1
102
RTVSPost2010Prop49
280
     0
102
RTVSPost2010PropOp49
 70
     1
102
RTVSPost2010Prop50
 90
       50
102
RTVSPost2010PropOp50
 70
     1
102
RTVSPost2010Prop51ColorIndex
 90
      256
102
RTVSPost2010Prop51ColorRGB
 90
-16777216
102
RTVSPost2010PropOp51
 70
     0
102
RTVSPost2010Prop52
140
1.0
102
RTVSPost2010PropOp52
 70
     0
102
RTVSPost2010Prop53
 90
        2
102
RTVSPost2010PropOp53
 70
     1
102
RTVSPost2010Prop54
  1
strokes_ogs.tif
102
RTVSPost2010PropOp54
 70
     1
102
RTVSPost2010Prop55
280
     0
102
RTVSPost2010PropOp55
 70
     1
102
RTVSPost2010Prop56
140
1.0
102
RTVSPost2010PropOp56
 70
     1
102
RTVSPost2010Prop57
140
1.0
102
RTVSPost2010PropOp57
 70
     1
  0
XRECORD
  5
389
102
{ACAD_REACTORS
330
388
102
}
330
388
100
AcDbXrecord
280
     1
102
RTVSPost2010Prop28
280
     0
102
RTVSPost2010PropOp28
 70
     1
102
RTVSPost2010Prop29
280
     1
102
RTVSPost2010PropOp29
 70
     1
102
RTVSPost2010Prop30
280
     1
102
RTVSPost2010PropOp30
 70
     1
102
RTVSPost2010Prop31
280
     0
102
RTVSPost2010PropOp31
 70
     1
102
RTVSPost2010Prop32
280
     0
102
RTVSPost2010PropOp32
 70
     1
102
RTVSPost2010Prop33
280
     0
102
RTVSPost2010PropOp33
 70
     1
102
RTVSPost2010Prop34
280
     0
102
RTVSPost2010PropOp34
 70
     1
102
RTVSPost2010Prop35
280
     0
102
RTVSPost2010PropOp35
 70
     1
102
RTVSPost2010Prop36
280
     0
102
RTVSPost2010PropOp36
 70
     1
102
RTVSPost2010Prop37
 90
       50
102
RTVSPost2010PropOp37
 70
     1
102
RTVSPost2010Prop38
140
0.0
102
RTVSPost2010PropOp38
 70
     1
102
RTVSPost2010Prop39
140
1.0
102
RTVSPost2010PropOp39
 70
     1
102
RTVSPost2010Prop40
 90
        0
102
RTVSPost2010PropOp40
 70
     1
102
RTVSPost2010Prop41ColorIndex
 90
       18
102
RTVSPost2010Prop41ColorRGB
 90
        0
102
RTVSPost2010PropOp41
 70
     1
102
RTVSPost2010Prop42
 90
       50
102
RTVSPost2010PropOp42
 70
     1
102
RTVSPost2010Prop43
 90
        3
102
RTVSPost2010PropOp43
 70
     1
102
RTVSPost2010Prop44ColorIndex
 90
        5
102
RTVSPost2010Prop44ColorRGB
 90
      255
102
RTVSPost2010PropOp44
 70
     1
102
RTVSPost2010Prop45
280
     0
102
RTVSPost2010PropOp45
 70
     1
102
RTVSPost2010Prop46
 90
       50
102
RTVSPost2010PropOp46
 70
     1
102
RTVSPost2010Prop47
 90
       50
102
RTVSPost2010PropOp47
 70
     1
102
RTVSPost2010Prop48
 90
       50
102
RTVSPost2010PropOp48
 70
     1
102
RTVSPost2010Prop49
280
     0
102
RTVSPost2010PropOp49
 70
     1
102
RTVSPost2010Prop50
 90
       50
102
RTVSPost2010PropOp50
 70
     1
102
RTVSPost2010Prop51ColorIndex
 90
      256
102
RTVSPost2010Prop51ColorRGB
 90
-16777216
102
RTVSPost2010PropOp51
 70
     0
102
RTVSPost2010Prop52
140
1.0
102
RTVSPost2010PropOp52
 70
     0
102
RTVSPost2010Prop53
 90
        2
102
RTVSPost2010PropOp53
 70
     1
102
RTVSPost2010Prop54
  1
strokes_ogs.tif
102
RTVSPost2010PropOp54
 70
     1
102
RTVSPost2010Prop55
280
     0
102
RTVSPost2010PropOp55
 70
     1
102
RTVSPost2010Prop56
140
1.0
102
RTVSPost2010PropOp56
 70
     1
102
RTVSPost2010Prop57
140
1.0
102
RTVSPost2010PropOp57
 70
     1
  0
XRECORD
  5
3A1
102
{ACAD_REACTORS
330
3A0
102
}
330
3A0
100
AcDbXrecord
280
     1
102
RTVSPost2010Prop28
280
     0
102
RTVSPost2010PropOp28
 70
     1
102
RTVSPost2010Prop29
280
     1
102
RTVSPost2010PropOp29
 70
     1
102
RTVSPost2010Prop30
280
     1
102
RTVSPost2010PropOp30
 70
     1
102
RTVSPost2010Prop31
280
     0
102
RTVSPost2010PropOp31
 70
     1
102
RTVSPost2010Prop32
280
     0
102
RTVSPost2010PropOp32
 70
     1
102
RTVSPost2010Prop33
280
     0
102
RTVSPost2010PropOp33
 70
     1
102
RTVSPost2010Prop34
280
     0
102
RTVSPost2010PropOp34
 70
     1
102
RTVSPost2010Prop35
280
     0
102
RTVSPost2010PropOp35
 70
     1
102
RTVSPost2010Prop36
280
     0
102
RTVSPost2010PropOp36
 70
     1
102
RTVSPost2010Prop37
 90
       50
102
RTVSPost2010PropOp37
 70
     1
102
RTVSPost2010Prop38
140
0.0
102
RTVSPost2010PropOp38
 70
     1
102
RTVSPost2010Prop39
140
1.0
102
RTVSPost2010PropOp39
 70
     1
102
RTVSPost2010Prop40
 90
        0
102
RTVSPost2010PropOp40
 70
     1
102
RTVSPost2010Prop41ColorIndex
 90
       18
102
RTVSPost2010Prop41ColorRGB
 90
        0
102
RTVSPost2010PropOp41
 70
     1
102
RTVSPost2010Prop42
 90
       50
102
RTVSPost2010PropOp42
 70
     1
102
RTVSPost2010Prop43
 90
        3
102
RTVSPost2010PropOp43
 70
     1
102
RTVSPost2010Prop44ColorIndex
 90
        5
102
RTVSPost2010Prop44ColorRGB
 90
      255
102
RTVSPost2010PropOp44
 70
     1
102
RTVSPost2010Prop45
280
     0
102
RTVSPost2010PropOp45
 70
     1
102
RTVSPost2010Prop46
 90
       50
102
RTVSPost2010PropOp46
 70
     1
102
RTVSPost2010Prop47
 90
       50
102
RTVSPost2010PropOp47
 70
     1
102
RTVSPost2010Prop48
 90
       50
102
RTVSPost2010PropOp48
 70
     1
102
RTVSPost2010Prop49
280
     0
102
RTVSPost2010PropOp49
 70
     1
102
RTVSPost2010Prop50
 90
       50
102
RTVSPost2010PropOp50
 70
     1
102
RTVSPost2010Prop51ColorIndex
 90
      256
102
RTVSPost2010Prop51ColorRGB
 90
-16777216
102
RTVSPost2010PropOp51
 70
     0
102
RTVSPost2010Prop52
140
1.0
102
RTVSPost2010PropOp52
 70
     0
102
RTVSPost2010Prop53
 90
        2
102
RTVSPost2010PropOp53
 70
     1
102
RTVSPost2010Prop54
  1
strokes_ogs.tif
102
RTVSPost2010PropOp54
 70
     1
102
RTVSPost2010Prop55
280
     0
102
RTVSPost2010PropOp55
 70
     1
102
RTVSPost2010Prop56
140
1.0
102
RTVSPost2010PropOp56
 70
     1
102
RTVSPost2010Prop57
140
1.0
102
RTVSPost2010PropOp57
 70
     1
  0
ENDSEC
  0
EOF
