  0
SECTION
  2
HEADER
  9
$ACADVER
  1
AC1024
  9
$ACADMAINTVER
 70
   226
  9
$DWGCODEPAGE
  3
ANSI_949
  9
$LASTSAVEDBY
  1
junkibeom
  9
$INSBASE
 10
0.0
 20
0.0
 30
0.0
  9
$EXTMIN
 10
742.4250466620686
 20
-1257.367979727529
 30
0.0
  9
$EXTMAX
 10
1028.175046662069
 20
-1150.653013190934
 30
0.0
  9
$LIMMIN
 10
0.0
 20
0.0
  9
$LIMMAX
 10
12.0
 20
9.0
  9
$ORTHOMODE
 70
     0
  9
$REGENMODE
 70
     1
  9
$FILLMODE
 70
     1
  9
$QTEXTMODE
 70
     0
  9
$MIRRTEXT
 70
     0
  9
$LTSCALE
 40
1.0
  9
$ATTMODE
 70
     1
  9
$TEXTSIZE
 40
0.2
  9
$TRACEWID
 40
0.05
  9
$TEXTSTYLE
  7
STANDARD
  9
$CLAYER
  8
0
  9
$CELTYPE
  6
Continuous
  9
$CECOLOR
 62
   256
  9
$CELTSCALE
 40
1.0
  9
$DISPSILH
 70
     0
  9
$DIMSCALE
 40
1.0
  9
$DIMASZ
 40
0.18
  9
$DIMEXO
 40
0.0625
  9
$DIMDLI
 40
0.38
  9
$DIMRND
 40
0.0
  9
$DIMDLE
 40
0.0
  9
$DIMEXE
 40
0.18
  9
$DIMTP
 40
0.0
  9
$DIMTM
 40
0.0
  9
$DIMTXT
 40
0.18
  9
$DIMCEN
 40
0.09
  9
$DIMTSZ
 40
0.0
  9
$DIMTOL
 70
     0
  9
$DIMLIM
 70
     0
  9
$DIMTIH
 70
     1
  9
$DIMTOH
 70
     1
  9
$DIMSE1
 70
     0
  9
$DIMSE2
 70
     0
  9
$DIMTAD
 70
     0
  9
$DIMZIN
 70
     0
  9
$DIMBLK
  1

  9
$DIMASO
 70
     1
  9
$DIMSHO
 70
     1
  9
$DIMPOST
  1

  9
$DIMAPOST
  1

  9
$DIMALT
 70
     0
  9
$DIMALTD
 70
     2
  9
$DIMALTF
 40
25.4
  9
$DIMLFAC
 40
1.0
  9
$DIMTOFL
 70
     0
  9
$DIMTVP
 40
0.0
  9
$DIMTIX
 70
     0
  9
$DIMSOXD
 70
     0
  9
$DIMSAH
 70
     0
  9
$DIMBLK1
  1

  9
$DIMBLK2
  1

  9
$DIMSTYLE
  2
Standard
  9
$DIMCLRD
 70
     0
  9
$DIMCLRE
 70
     0
  9
$DIMCLRT
 70
     0
  9
$DIMTFAC
 40
1.0
  9
$DIMGAP
 40
0.09
  9
$DIMJUST
 70
     0
  9
$DIMSD1
 70
     0
  9
$DIMSD2
 70
     0
  9
$DIMTOLJ
 70
     1
  9
$DIMTZIN
 70
     0
  9
$DIMALTZ
 70
     0
  9
$DIMALTTZ
 70
     0
  9
$DIMUPT
 70
     0
  9
$DIMDEC
 70
     4
  9
$DIMTDEC
 70
     4
  9
$DIMALTU
 70
     2
  9
$DIMALTTD
 70
     2
  9
$DIMTXSTY
  7
STANDARD
  9
$DIMAUNIT
 70
     0
  9
$DIMADEC
 70
     0
  9
$DIMALTRND
 40
0.0
  9
$DIMAZIN
 70
     0
  9
$DIMDSEP
 70
    46
  9
$DIMATFIT
 70
     3
  9
$DIMFRAC
 70
     0
  9
$DIMLDRBLK
  1

  9
$DIMLUNIT
 70
     2
  9
$DIMLWD
 70
    -2
  9
$DIMLWE
 70
    -2
  9
$DIMTMOVE
 70
     0
  9
$DIMFXL
 40
1.0
  9
$DIMFXLON
 70
     0
  9
$DIMJOGANG
 40
0.7853981633974483
  9
$DIMTFILL
 70
     0
  9
$DIMTFILLCLR
 70
     0
  9
$DIMARCSYM
 70
     0
  9
$DIMLTYPE
  6

  9
$DIMLTEX1
  6

  9
$DIMLTEX2
  6

  9
$DIMTXTDIRECTION
 70
     0
  9
$LUNITS
 70
     2
  9
$LUPREC
 70
     4
  9
$SKETCHINC
 40
0.1
  9
$FILLETRAD
 40
0.0
  9
$AUNITS
 70
     0
  9
$AUPREC
 70
     0
  9
$MENU
  1
.
  9
$ELEVATION
 40
0.0
  9
$PELEVATION
 40
0.0
  9
$THICKNESS
 40
0.0
  9
$LIMCHECK
 70
     0
  9
$CHAMFERA
 40
0.0
  9
$CHAMFERB
 40
0.0
  9
$CHAMFERC
 40
0.0
  9
$CHAMFERD
 40
0.0
  9
$SKPOLY
 70
     0
  9
$TDCREATE
 40
2461248.965578704
  9
$TDUCREATE
 40
2461248.590578704
  9
$TDUPDATE
 40
2461248.965659722
  9
$TDUUPDATE
 40
2461248.590659722
  9
$TDINDWG
 40
0.0000810185
  9
$TDUSRTIMER
 40
0.0000810185
  9
$USRTIMER
 70
     1
  9
$ANGBASE
 50
0.0
  9
$ANGDIR
 70
     0
  9
$PDMODE
 70
     0
  9
$PDSIZE
 40
0.0
  9
$PLINEWID
 40
0.0
  9
$SPLFRAME
 70
     0
  9
$SPLINETYPE
 70
     6
  9
$SPLINESEGS
 70
     8
  9
$HANDSEED
  5
100B3
  9
$SURFTAB1
 70
     6
  9
$SURFTAB2
 70
     6
  9
$SURFTYPE
 70
     6
  9
$SURFU
 70
     6
  9
$SURFV
 70
     6
  9
$UCSBASE
  2

  9
$UCSNAME
  2

  9
$UCSORG
 10
0.0
 20
0.0
 30
0.0
  9
$UCSXDIR
 10
1.0
 20
0.0
 30
0.0
  9
$UCSYDIR
 10
0.0
 20
1.0
 30
0.0
  9
$UCSORTHOREF
  2

  9
$UCSORTHOVIEW
 70
     0
  9
$UCSORGTOP
 10
0.0
 20
0.0
 30
0.0
  9
$UCSORGBOTTOM
 10
0.0
 20
0.0
 30
0.0
  9
$UCSORGLEFT
 10
0.0
 20
0.0
 30
0.0
  9
$UCSORGRIGHT
 10
0.0
 20
0.0
 30
0.0
  9
$UCSORGFRONT
 10
0.0
 20
0.0
 30
0.0
  9
$UCSORGBACK
 10
0.0
 20
0.0
 30
0.0
  9
$PUCSBASE
  2

  9
$PUCSNAME
  2

  9
$PUCSORG
 10
0.0
 20
0.0
 30
0.0
  9
$PUCSXDIR
 10
1.0
 20
0.0
 30
0.0
  9
$PUCSYDIR
 10
0.0
 20
1.0
 30
0.0
  9
$PUCSORTHOREF
  2

  9
$PUCSORTHOVIEW
 70
     0
  9
$PUCSORGTOP
 10
0.0
 20
0.0
 30
0.0
  9
$PUCSORGBOTTOM
 10
0.0
 20
0.0
 30
0.0
  9
$PUCSORGLEFT
 10
0.0
 20
0.0
 30
0.0
  9
$PUCSORGRIGHT
 10
0.0
 20
0.0
 30
0.0
  9
$PUCSORGFRONT
 10
0.0
 20
0.0
 30
0.0
  9
$PUCSORGBACK
 10
0.0
 20
0.0
 30
0.0
  9
$USERI1
 70
     0
  9
$USERI2
 70
     0
  9
$USERI3
 70
     0
  9
$USERI4
 70
     0
  9
$USERI5
 70
     0
  9
$USERR1
 40
0.0
  9
$USERR2
 40
0.0
  9
$USERR3
 40
0.0
  9
$USERR4
 40
0.0
  9
$USERR5
 40
0.0
  9
$WORLDVIEW
 70
     1
  9
$SHADEDGE
 70
     3
  9
$SHADEDIF
 70
    70
  9
$TILEMODE
 70
     1
  9
$MAXACTVP
 70
    64
  9
$PINSBASE
 10
0.0
 20
0.0
 30
0.0
  9
$PLIMCHECK
 70
     0
  9
$PEXTMIN
 10
1.000000000000000E+20
 20
1.000000000000000E+20
 30
1.000000000000000E+20
  9
$PEXTMAX
 10
-1.000000000000000E+20
 20
-1.000000000000000E+20
 30
-1.000000000000000E+20
  9
$PLIMMIN
 10
0.0
 20
0.0
  9
$PLIMMAX
 10
12.0
 20
9.0
  9
$UNITMODE
 70
     0
  9
$VISRETAIN
 70
     1
  9
$PLINEGEN
 70
     0
  9
$PSLTSCALE
 70
     1
  9
$TREEDEPTH
 70
  3020
  9
$CMLSTYLE
  2
Standard
  9
$CMLJUST
 70
     0
  9
$CMLSCALE
 40
1.0
  9
$PROXYGRAPHICS
 70
     1
  9
$MEASUREMENT
 70
     0
  9
$CELWEIGHT
370
    -1
  9
$ENDCAPS
280
     0
  9
$JOINSTYLE
280
     0
  9
$LWDISPLAY
290
     0
  9
$INSUNITS
 70
     4
  9
$HYPERLINKBASE
  1

  9
$STYLESHEET
  1

  9
$XEDIT
290
     1
  9
$CEPSNTYPE
380
     0
  9
$PSTYLEMODE
290
     1
  9
$FINGERPRINTGUID
  2
{D9B25CF8-1D2E-B24B-9361-103C36726852}
  9
$VERSIONGUID
  2
{38CAD66A-FF07-6140-AEDB-CEB9FB5748FE}
  9
$EXTNAMES
290
     1
  9
$PSVPSCALE
 40
0.0
  9
$OLESTARTUP
290
     0
  9
$SORTENTS
280
   127
  9
$INDEXCTL
280
     0
  9
$HIDETEXT
280
     0
  9
$XCLIPFRAME
280
     2
  9
$HALOGAP
280
     0
  9
$OBSCOLOR
 70
   257
  9
$OBSLTYPE
280
     0
  9
$INTERSECTIONDISPLAY
280
     0
  9
$INTERSECTIONCOLOR
 70
   257
  9
$DIMASSOC
280
     1
  9
$PROJECTNAME
  1

  9
$CAMERADISPLAY
290
     0
  9
$LENSLENGTH
 40
50.0
  9
$CAMERAHEIGHT
 40
0.0
  9
$STEPSPERSEC
 40
2.0
  9
$STEPSIZE
 40
6.0
  9
$3DDWFPREC
 40
2.0
  9
$PSOLWIDTH
 40
0.25
  9
$PSOLHEIGHT
 40
4.0
  9
$LOFTANG1
 40
1.570796326794896
  9
$LOFTANG2
 40
1.570796326794896
  9
$LOFTMAG1
 40
0.0
  9
$LOFTMAG2
 40
0.0
  9
$LOFTPARAM
 70
     7
  9
$LOFTNORMALS
280
     1
  9
$LATITUDE
 40
37.795
  9
$LONGITUDE
 40
-122.394
  9
$NORTHDIRECTION
 40
0.0
  9
$TIMEZONE
 70
 -8000
  9
$LIGHTGLYPHDISPLAY
280
     1
  9
$TILEMODELIGHTSYNCH
280
     1
  9
$CMATERIAL
347
10005
  9
$SOLIDHIST
280
     0
  9
$SHOWHIST
280
     1
  9
$DWFFRAME
280
     2
  9
$DGNFRAME
280
     0
  9
$REALWORLDSCALE
290
     1
  9
$INTERFERECOLOR
 62
     1
  9
$INTERFEREOBJVS
345
10027
  9
$INTERFEREVPVS
346
10024
  9
$CSHADOW
280
     0
  9
$SHADOWPLANELOCATION
 40
0.0
  0
ENDSEC
  0
SECTION
  2
CLASSES
  0
CLASS
  1
ACDBDICTIONARYWDFLT
  2
AcDbDictionaryWithDefault
  3
ObjectDBX Classes
 90
        0
 91
        1
280
     0
281
     0
  0
CLASS
  1
MATERIAL
  2
AcDbMaterial
  3
ObjectDBX Classes
 90
     1153
 91
        3
280
     0
281
     0
  0
CLASS
  1
VISUALSTYLE
  2
AcDbVisualStyle
  3
ObjectDBX Classes
 90
     4095
 91
       24
280
     0
281
     0
  0
CLASS
  1
TABLESTYLE
  2
AcDbTableStyle
  3
ObjectDBX Classes
 90
     4095
 91
        1
280
     0
281
     0
  0
CLASS
  1
SCALE
  2
AcDbScale
  3
ObjectDBX Classes
 90
     1153
 91
       17
280
     0
281
     0
  0
CLASS
  1
MLEADERSTYLE
  2
AcDbMLeaderStyle
  3
ACDB_MLEADERSTYLE_CLASS
 90
     4095
 91
        1
280
     0
281
     0
  0
CLASS
  1
ACDBSECTIONVIEWSTYLE
  2
AcDbSectionViewStyle
  3
ObjectDBX Classes
 90
     1025
 91
        1
280
     0
281
     0
  0
CLASS
  1
ACDBDETAILVIEWSTYLE
  2
AcDbDetailViewStyle
  3
ObjectDBX Classes
 90
     1025
 91
        1
280
     0
281
     0
  0
CLASS
  1
SOLID_BACKGROUND
  2
AcDbSolidBackground
  3
SCENEOE
 90
     4095
 91
        1
280
     0
281
     0
  0
CLASS
  1
NPOCOLLECTION
  2
AcDbImpNonPersistentObjectsCollection
  3
ObjectDBX Classes
 90
     1153
 91
        1
280
     0
281
     0
  0
CLASS
  1
DICTIONARYVAR
  2
AcDbDictionaryVar
  3
ObjectDBX Classes
 90
        0
 91
        9
280
     0
281
     0
  0
CLASS
  1
CELLSTYLEMAP
  2
AcDbCellStyleMap
  3
ObjectDBX Classes
 90
     1152
 91
        1
280
     0
281
     0
  0
ENDSEC
  0
SECTION
  2
TABLES
  0
TABLE
  2
VPORT
  5
8
330
0
100
AcDbSymbolTable
 70
     1
  0
VPORT
  5
10059
330
8
100
AcDbSymbolTableRecord
100
AcDbViewportTableRecord
  2
*Active
 70
     0
 10
0.0
 20
0.0
 11
1.0
 21
1.0
 12
0.0
 22
0.0
 13
0.0
 23
0.0
 14
1.0
 24
1.0
 15
0.0
 25
0.0
 16
-0.0000000000001137
 26
0.0
 36
649.7984022682142
 17
885.3000488281249
 27
-1204.010437011719
 37
0.0
 40
305.0264684089407
 41
1.42328618063112
 42
50.0
 43
0.0
 44
0.0
 50
0.0
 51
0.0
 71
     0
 72
  1000
 73
     1
 74
     3
 75
     0
 76
     0
 77
     0
 78
     0
281
     0
 65
     1
110
0.0
120
0.0
130
0.0
111
1.0
121
0.0
131
0.0
112
0.0
122
1.0
132
0.0
 79
     0
146
0.0
348
10023
 60
     3
 61
     5
292
     1
282
     1
141
0.0
142
0.0
 63
   250
421
  3355443
1001
ACAD_NAV_VCDISPLAY
1070
     3
  0
ENDTAB
  0
TABLE
  2
LTYPE
  5
5
330
0
100
AcDbSymbolTable
 70
     2
  0
LTYPE
  5
14
330
5
100
AcDbSymbolTableRecord
100
AcDbLinetypeTableRecord
  2
BYBLOCK
 70
     0
  3

 72
    65
 73
     0
 40
0.0
  0
LTYPE
  5
15
330
5
100
AcDbSymbolTableRecord
100
AcDbLinetypeTableRecord
  2
BYLAYER
 70
     0
  3

 72
    65
 73
     0
 40
0.0
  0
LTYPE
  5
10001
330
5
100
AcDbSymbolTableRecord
100
AcDbLinetypeTableRecord
  2
Continuous
 70
     0
  3
Solid line
 72
    65
 73
     0
 40
0.0
  0
LTYPE
  5
16
330
5
100
AcDbSymbolTableRecord
100
AcDbLinetypeTableRecord
  2
DASHED
 70
     0
  3
Dashed __ __ __ __ __ __ __ __ __ __ __ __ __ _
 72
    65
 73
     2
 40
0.75
 49
0.5
 74
     0
 49
-0.25
 74
     0
  0
ENDTAB
  0
TABLE
  2
LAYER
  5
2
102
{ACAD_XDICTIONARY
360
10064
102
}
330
0
100
AcDbSymbolTable
 70
     1
  0
LAYER
  5
50
102
{ACAD_XDICTIONARY
360
1005F
102
}
330
2
100
AcDbSymbolTableRecord
100
AcDbLayerTableRecord
  2
0
 70
     0
 62
     7
  6
Continuous
370
    -3
390
10003
347
10015
  0
ENDTAB
  0
TABLE
  2
STYLE
  5
3
330
0
100
AcDbSymbolTable
 70
     1
  0
STYLE
  5
11
330
3
100
AcDbSymbolTableRecord
100
AcDbTextStyleTableRecord
  2
STANDARD
 70
     0
 40
0.0
 41
1.0
 50
0.0
 71
     0
 42
0.2
  3

  4

  0
ENDTAB
  0
TABLE
  2
VIEW
  5
6
330
0
100
AcDbSymbolTable
 70
     1
  0
ENDTAB
  0
TABLE
  2
UCS
  5
7
330
0
100
AcDbSymbolTable
 70
     0
  0
ENDTAB
  0
TABLE
  2
APPID
  5
9
330
0
100
AcDbSymbolTable
 70
     2
  0
APPID
  5
12
330
9
100
AcDbSymbolTableRecord
100
AcDbRegAppTableRecord
  2
ACAD
 70
     0
  0
APPID
  5
10058
330
9
100
AcDbSymbolTableRecord
100
AcDbRegAppTableRecord
  2
ACAD_NAV_VCDISPLAY
 70
     0
  0
ENDTAB
  0
TABLE
  2
DIMSTYLE
  5
A
330
0
100
AcDbSymbolTable
 70
     1
100
AcDbDimStyleTable
 71
     0
  0
DIMSTYLE
105
10053
330
A
100
AcDbSymbolTableRecord
100
AcDbDimStyleTableRecord
  2
Standard
 70
     0
340
11
  0
ENDTAB
  0
TABLE
  2
BLOCK_RECORD
  5
1
330
0
100
AcDbSymbolTable
 70
     0
  0
BLOCK_RECORD
  5
1F
330
1
100
AcDbSymbolTableRecord
100
AcDbBlockTableRecord
  2
*MODEL_SPACE
340
10055
 70
     0
280
     1
281
     0
  0
BLOCK_RECORD
  5
1B
330
1
100
AcDbSymbolTableRecord
100
AcDbBlockTableRecord
  2
*PAPER_SPACE
340
10056
 70
     0
280
     1
281
     0
  0
ENDTAB
  0
ENDSEC
  0
SECTION
  2
BLOCKS
  0
BLOCK
  5
20
330
1F
100
AcDbEntity
  8
0
100
AcDbBlockBegin
  2
*MODEL_SPACE
 70
     0
 10
0.0
 20
0.0
 30
0.0
  3
*MODEL_SPACE
  1

  0
ENDBLK
  5
21
330
1F
100
AcDbEntity
  8
0
100
AcDbBlockEnd
  0
BLOCK
  5
1C
330
1B
100
AcDbEntity
 67
     1
  8
0
100
AcDbBlockBegin
  2
*PAPER_SPACE
 70
     0
 10
0.0
 20
0.0
 30
0.0
  3
*PAPER_SPACE
  1

  0
ENDBLK
  5
1D
330
1B
100
AcDbEntity
 67
     1
  8
0
100
AcDbBlockEnd
  0
ENDSEC
  0
SECTION
  2
ENTITIES
  0
LWPOLYLINE
  5
100
330
1F
100
AcDbEntity
  8
0
100
AcDbPolyline
 90
      126
 70
     1
 43
0.0
 10
1028.175046662069
 20
-1251.117932914798
 10
1028.175046662069
 20
-1156.910496472698
 42
0.4142135623731784
 10
1027.175046662069
 20
-1155.910496472698
 10
1017.058518617459
 20
-1155.910496472698
 42
-0.1989123673807026
 10
1016.35141183627
 20
-1155.617603253881
 10
1011.67971499214
 20
-1150.945906409754
 42
0.1989123673808332
 10
1010.97260821095
 20
-1150.653013190937
 10
1010.725046681979
 20
-1150.653013190942
 42
0.4142135623729285
 10
1010.225046681979
 20
-1151.153013190934
 10
1010.225046681979
 20
-1152.753011955087
 42
-0.9999999999999998
 10
1008.02504668198
 20
-1152.753011955087
 10
1008.02504668198
 20
-1151.153013190934
 42
0.4142135623730118
 10
1007.52504668198
 20
-1150.653013190934
 10
1007.277485153019
 20
-1150.653013190942
 42
0.1989123673809899
 10
1006.57037837183
 20
-1150.945906409754
 10
1001.898681527699
 20
-1155.617603253881
 42
-0.1989123673807549
 10
1001.191574746509
 20
-1155.910496472698
 10
950.3760608094788
 20
-1155.910496472698
 42
-0.1989123673799715
 10
949.6689540282913
 20
-1155.617603253883
 10
945.0047149722287
 20
-1150.953364197821
 42
0.1989123673803325
 10
944.297608191043
 20
-1150.660470979004
 10
944.0500466620697
 20
-1150.660470979009
 42
0.4142135623729285
 10
943.5500466620696
 20
-1151.160470979001
 10
943.5500466620696
 20
-1152.760469743154
 42
-0.9999999999999998
 10
941.3500466620698
 20
-1152.760469743154
 10
941.3500466620698
 20
-1151.160470979001
 42
0.4142135623728453
 10
940.8500466620695
 20
-1150.660470979001
 10
940.6024851331077
 20
-1150.660470979009
 42
0.1989123673801893
 10
939.8953783519193
 20
-1150.953364197819
 10
935.2311392958585
 20
-1155.617603253883
 42
-0.1989123673801543
 10
934.5240325146709
 20
-1155.910496472698
 10
855.1260608094787
 20
-1155.910496472698
 42
-0.1989123673801019
 10
854.4189540282911
 20
-1155.617603253883
 10
849.7547149722286
 20
-1150.95336419782
 42
0.1989123673802803
 10
849.0476081910426
 20
-1150.660470979004
 10
848.8000466620698
 20
-1150.660470979008
 42
0.4142135623729285
 10
848.3000466620698
 20
-1151.160470979001
 10
848.3000466620696
 20
-1152.760469743153
 42
-0.9999999999999998
 10
846.1000466620697
 20
-1152.760469743153
 10
846.1000466620697
 20
-1151.160470979
 42
0.4142135623729285
 10
845.6000466620697
 20
-1150.660470979001
 10
845.3524851331076
 20
-1150.660470979009
 42
0.1989123673805676
 10
844.6453783519194
 20
-1150.953364197819
 10
839.9811392958582
 20
-1155.617603253883
 42
-0.1989123673800497
 10
839.2740325146709
 20
-1155.910496472698
 10
759.8760340933996
 20
-1155.910496472698
 42
-0.1989123673800497
 10
759.1689273122121
 20
-1155.617603253883
 10
754.5047149722287
 20
-1150.9533909139
 42
0.1989123673801911
 10
753.7976081910427
 20
-1150.660497695083
 10
753.5500466620696
 20
-1150.660497695088
 42
0.4142135623729285
 10
753.0500466620696
 20
-1151.16049769508
 10
753.0500466620696
 20
-1152.760496459233
 42
-0.9999999999999998
 10
750.8500466620695
 20
-1152.760496459233
 10
750.8500466620695
 20
-1151.16049769508
 42
0.4142135623730118
 10
750.3500466620697
 20
-1150.66049769508
 10
750.1024851331075
 20
-1150.660497695088
 42
0.1989123673805523
 10
749.3953783519192
 20
-1150.953390913899
 10
744.6311660119379
 20
-1155.717603253883
 42
-0.1989123673802847
 10
743.9240592307498
 20
-1156.010496472699
 10
743.4250466620688
 20
-1156.010496472694
 42
0.4142135623731367
 10
742.4250466620689
 20
-1157.010496472699
 10
742.4250466620686
 20
-1251.017932914797
 42
0.4142135623730534
 10
743.4250466620688
 20
-1252.017932914797
 10
747.2459342307387
 20
-1252.017932914797
 42
-0.1989123673806503
 10
747.9530410119279
 20
-1252.310826133613
 10
752.7172533519098
 20
-1257.075038473597
 42
0.198912367378572
 10
753.4243601330959
 20
-1257.367931692406
 10
753.6719216620688
 20
-1257.3679316924
 42
0.4142135623729285
 10
754.1719216620686
 20
-1256.867931692407
 10
754.1719216620686
 20
-1255.267932928255
 42
-0.9999999999999998
 10
756.3719216620687
 20
-1255.267932928255
 10
756.3719216620687
 20
-1256.867931692407
 42
0.4142135623730951
 10
756.8719216620686
 20
-1257.367931692408
 10
757.1194831910307
 20
-1257.3679316924
 42
0.1989123673789331
 10
757.8265899722144
 20
-1257.075038473594
 10
762.4908023122047
 20
-1252.410826133609
 42
-0.1989123673786918
 10
763.1979090933887
 20
-1252.117932914798
 10
807.1615111757077
 20
-1252.117932914798
 42
-0.1989123673784305
 10
807.8686179568908
 20
-1252.410826133608
 10
812.5328783319996
 20
-1257.075086508719
 42
0.1989123673786458
 10
813.2399851131857
 20
-1257.367979727527
 10
813.4875466421588
 20
-1257.367979727521
 42
0.4142135623729285
 10
813.9875466421587
 20
-1256.867979727529
 10
813.9875466421587
 20
-1255.267980963377
 42
-0.9999999999999998
 10
816.1875466421587
 20
-1255.267980963377
 10
816.1875466421587
 20
-1256.867979727529
 42
0.4142135623730951
 10
816.6875466421585
 20
-1257.367979727529
 10
816.9351081711207
 20
-1257.367979727521
 42
0.1989123673785089
 10
817.6422149523045
 20
-1257.075086508716
 10
822.3064753274167
 20
-1252.410826133608
 42
-0.1989123673784305
 10
823.0135821085998
 20
-1252.117932914798
 10
827.3367493405087
 20
-1252.117932914793
 10
828.0413829159599
 20
-1251.853695324006
 42
-0.0899339631635585
 10
828.7436297991387
 20
-1251.726353679144
 10
936.8564635490686
 20
-1251.726353679144
 42
-0.089933963162389
 10
937.558710432239
 20
-1251.853695324003
 10
938.2633440076796
 20
-1252.117932914793
 10
942.5865111847389
 20
-1252.117932914798
 42
-0.1989123673784045
 10
943.293617965922
 20
-1252.410826133608
 10
947.9578783319995
 20
-1257.075086499688
 42
0.1989123673786458
 10
948.6649851131856
 20
-1257.367979718495
 10
948.9125466421587
 20
-1257.36797971849
 42
0.4142135623729285
 10
949.4125466421587
 20
-1256.867979718497
 10
949.4125466421587
 20
-1255.267980954345
 42
-0.9999999999999998
 10
951.6125466421588
 20
-1255.267980954345
 10
951.6125466421588
 20
-1256.867979718497
 42
0.4142135623729285
 10
952.1125466421588
 20
-1257.367979718498
 10
952.3601081711216
 20
-1257.36797971849
 42
0.1989123673783721
 10
953.067214952305
 20
-1257.075086499685
 10
957.7314753183856
 20
-1252.410826133608
 42
-0.1989123673783784
 10
958.4385820995688
 20
-1252.117932914798
 10
1007.152136175709
 20
-1252.117932914798
 42
-0.1989123673772554
 10
1007.85924295689
 20
-1252.410826133605
 10
1012.523503331999
 20
-1257.075086508719
 42
0.1989123673793509
 10
1013.23061011319
 20
-1257.367979727527
 10
1013.478171642159
 20
-1257.367979727521
 42
0.4142135623729285
 10
1013.978171642159
 20
-1256.867979727529
 10
1013.97817164216
 20
-1255.267980963377
 42
-0.9999999999999998
 10
1016.17817164216
 20
-1255.267980963377
 10
1016.17817164216
 20
-1256.867979727529
 42
0.4142135623730951
 10
1016.67817164216
 20
-1257.367979727529
 10
1016.925733171119
 20
-1257.367979727521
 42
0.1989123673793032
 10
1017.632839952305
 20
-1257.075086508714
 10
1022.297100327414
 20
-1252.41082613361
 42
-0.1989123673791096
 10
1023.0042071086
 20
-1252.117932914798
 10
1027.175046662069
 20
-1252.117932914793
 42
0.4142135623730534
  0
LWPOLYLINE
  5
101
330
1F
100
AcDbEntity
  8
0
100
AcDbPolyline
 90
        8
 70
     1
 43
0.0
 10
752.0492485756956
 20
-1254.36793170587
 10
751.8506202699726
 20
-1254.367931705879
 42
-0.5250419366577997
 10
751.4767034517014
 20
-1253.825853512502
 42
-0.6897839145571522
 10
759.0671398722707
 20
-1253.825853512067
 42
-0.5250419366566891
 10
758.6932230540635
 20
-1254.367931705484
 10
758.4945947483385
 20
-1254.367931705503
 42
-0.3058797177443285
 10
758.1236395729205
 20
-1254.117572134022
 42
0.6749051855930001
 10
752.4202037510875
 20
-1254.117572134347
 42
-0.3058797177441159
  0
LWPOLYLINE
  5
102
330
1F
100
AcDbEntity
  8
0
100
AcDbPolyline
 90
        8
 70
     1
 43
0.0
 10
1012.347719768359
 20
-1153.65301317749
 10
1012.546348074089
 20
-1153.653013177479
 42
-0.5250419366573752
 10
1012.920264892344
 20
-1154.195091370845
 42
-0.6897839145637859
 10
1005.329828471749
 20
-1154.195091371202
 42
-0.5250419366587443
 10
1005.70374528996
 20
-1153.653013177786
 10
1005.90237359569
 20
-1153.653013177776
 42
-0.3058797177428733
 10
1006.273328771099
 20
-1153.903372749266
 42
0.6749051855979809
 10
1011.976764592962
 20
-1153.903372749014
 42
-0.3058797177579233
  0
LWPOLYLINE
  5
103
330
1F
100
AcDbEntity
  8
0
100
AcDbPolyline
 90
        8
 70
     1
 43
0.0
 10
755.1727197484467
 20
-1153.660497681635
 10
755.3713480541706
 20
-1153.660497681628
 42
-0.5250419366546168
 10
755.745264872433
 20
-1154.202575875003
 42
-0.6897839145628293
 10
748.1548284518376
 20
-1154.202575875346
 42
-0.5250419366593466
 10
748.5287452700507
 20
-1153.660497681931
 10
748.7273735757737
 20
-1153.660497681921
 42
-0.3058797177477335
 10
749.0983287511909
 20
-1153.910857253412
 42
0.6749051855980494
 10
754.8017645730567
 20
-1153.91085725316
 42
-0.3058797177523528
  0
LWPOLYLINE
  5
104
330
1F
100
AcDbEntity
  8
0
100
AcDbPolyline
 90
        8
 70
     1
 43
0.0
 10
947.289873555783
 20
-1254.367979731951
 10
947.0912452500597
 20
-1254.36797973197
 42
-0.52504193666387
 10
946.7173284317949
 20
-1253.825901538583
 42
-0.6897839145622095
 10
954.3077648523844
 20
-1253.825901538217
 42
-0.5250419366514195
 10
953.9338480341708
 20
-1254.367979731626
 10
953.7352197284457
 20
-1254.367979731634
 42
-0.3058797177438483
 10
953.3642645530301
 20
-1254.117620160152
 42
0.6749051855982972
 10
947.6608287311673
 20
-1254.117620160433
 42
-0.3058797177456083
  0
LWPOLYLINE
  5
105
330
1F
100
AcDbEntity
  8
0
100
AcDbPolyline
 90
        8
 70
     1
 43
0.0
 10
766.4625466620689
 20
-1248.610496459238
 42
0.4142135623729285
 10
766.9625466620687
 20
-1249.110496459238
 10
767.9625466620688
 20
-1249.110496459238
 42
0.4142135623730951
 10
768.4625466620687
 20
-1248.610496459238
 10
768.4625466620687
 20
-1235.610496459234
 42
0.4142135623730951
 10
767.9625466620688
 20
-1235.110496459232
 10
766.9625466620687
 20
-1235.110496459234
 42
0.4142135623732617
 10
766.4625466620686
 20
-1235.610496459235
  0
LWPOLYLINE
  5
106
330
1F
100
AcDbEntity
  8
0
100
AcDbPolyline
 90
        8
 70
     1
 43
0.0
 10
771.1437966620689
 20
-1248.610496459238
 42
0.4142135623729285
 10
771.6437966620688
 20
-1249.110496459238
 10
787.0250466620688
 20
-1249.110496459238
 42
0.4142135623730951
 10
787.5250466620687
 20
-1248.610496459238
 10
787.5250466620687
 20
-1235.610496459234
 42
0.4142135623730951
 10
787.0250466620688
 20
-1235.110496459232
 10
771.6437966620688
 20
-1235.110496459234
 42
0.4142135623730951
 10
771.1437966620687
 20
-1235.610496459235
  0
LWPOLYLINE
  5
107
330
1F
100
AcDbEntity
  8
0
100
AcDbPolyline
 90
        8
 70
     1
 43
0.0
 10
814.0875466620689
 20
-1248.610496459238
 42
0.4142135623729285
 10
814.5875466620688
 20
-1249.110496459238
 10
815.5875466620688
 20
-1249.110496459238
 42
0.4142135623730951
 10
816.0875466620687
 20
-1248.610496459238
 10
816.0875466620687
 20
-1235.610496459234
 42
0.4142135623729285
 10
815.5875466620688
 20
-1235.110496459232
 10
814.5875466620688
 20
-1235.110496459234
 42
0.4142135623730951
 10
814.0875466620686
 20
-1235.610496459235
  0
LWPOLYLINE
  5
108
330
1F
100
AcDbEntity
  8
0
100
AcDbPolyline
 90
        8
 70
     1
 43
0.0
 10
866.3937966620688
 20
-1248.610496459238
 42
0.4142135623729285
 10
866.8937966620687
 20
-1249.110496459238
 10
891.8000466620688
 20
-1249.110496459238
 42
0.4142135623730951
 10
892.3000466620688
 20
-1248.610496459238
 10
892.3000466620688
 20
-1235.610496459234
 42
0.4142135623729285
 10
891.8000466620688
 20
-1235.110496459232
 10
866.8937966620687
 20
-1235.110496459234
 42
0.4142135623732617
 10
866.3937966620688
 20
-1235.610496459235
  0
LWPOLYLINE
  5
109
330
1F
100
AcDbEntity
  8
0
100
AcDbPolyline
 90
        8
 70
     1
 43
0.0
 10
954.5125466620687
 20
-1248.610496459238
 42
0.4142135623729285
 10
955.0125466620688
 20
-1249.110496459238
 10
956.0125466620686
 20
-1249.110496459238
 42
0.4142135623730951
 10
956.5125466620687
 20
-1248.610496459238
 10
956.5125466620687
 20
-1235.610496459234
 42
0.4142135623729285
 10
956.0125466620686
 20
-1235.110496459232
 10
955.0125466620688
 20
-1235.110496459234
 42
0.4142135623730951
 10
954.5125466620687
 20
-1235.610496459235
  0
LWPOLYLINE
  5
110
330
1F
100
AcDbEntity
  8
0
100
AcDbPolyline
 90
        8
 70
     1
 43
0.0
 10
959.2625466620686
 20
-1248.610496459238
 42
0.4142135623729285
 10
959.7625466620685
 20
-1249.110496459238
 10
975.1437966620688
 20
-1249.110496459238
 42
0.4142135623730951
 10
975.6437966620687
 20
-1248.610496459238
 10
975.6437966620687
 20
-1235.610496459234
 42
0.4142135623729285
 10
975.1437966620688
 20
-1235.110496459232
 10
959.7625466620685
 20
-1235.110496459234
 42
0.4142135623730951
 10
959.2625466620686
 20
-1235.610496459235
  0
LWPOLYLINE
  5
111
330
1F
100
AcDbEntity
  8
0
100
AcDbPolyline
 90
        8
 70
     1
 43
0.0
 10
1002.137546662069
 20
-1248.610496459238
 42
0.4142135623729285
 10
1002.63754666207
 20
-1249.110496459238
 10
1003.637546662069
 20
-1249.110496459238
 42
0.4142135623730951
 10
1004.137546662069
 20
-1248.610496459238
 10
1004.137546662069
 20
-1235.610496459234
 42
0.4142135623729285
 10
1003.637546662069
 20
-1235.110496459232
 10
1002.63754666207
 20
-1235.110496459234
 42
0.4142135623730951
 10
1002.137546662069
 20
-1235.610496459235
  0
LWPOLYLINE
  5
112
330
1F
100
AcDbEntity
  8
0
100
AcDbPolyline
 90
        8
 70
     1
 43
0.0
 10
1022.768796662069
 20
-1249.11049645924
 10
1007.387546662069
 20
-1249.110496459238
 42
-0.4142135623729285
 10
1006.887546662069
 20
-1248.610496459238
 10
1006.887546662069
 20
-1235.610496459235
 42
-0.4142135623730951
 10
1007.387546662069
 20
-1235.110496459234
 10
1022.768796662069
 20
-1235.110496459234
 42
-0.4142135623729285
 10
1023.268796662069
 20
-1235.610496459234
 10
1023.268796662072
 20
-1248.610496459238
 42
-0.4142135623730951
  0
LWPOLYLINE
  5
113
330
1F
100
AcDbEntity
  8
0
100
AcDbPolyline
 90
        8
 70
     1
 43
0.0
 10
998.9562966620688
 20
-1249.11049645924
 10
983.5750466620687
 20
-1249.110496459238
 42
-0.4142135623729285
 10
983.0750466620687
 20
-1248.610496459238
 10
983.0750466620687
 20
-1235.610496459235
 42
-0.4142135623732617
 10
983.5750466620687
 20
-1235.110496459234
 10
998.9562966620688
 20
-1235.110496459234
 42
-0.4142135623729285
 10
999.4562966620687
 20
-1235.610496459234
 10
999.4562966620708
 20
-1248.610496459238
 42
-0.4142135623730951
  0
LWPOLYLINE
  5
114
330
1F
100
AcDbEntity
  8
0
100
AcDbPolyline
 90
        8
 70
     1
 43
0.0
 10
979.8937966620687
 20
-1249.11049645924
 10
978.8937966620688
 20
-1249.110496459238
 42
-0.4142135623729285
 10
978.3937966620687
 20
-1248.610496459238
 10
978.3937966620687
 20
-1235.610496459235
 42
-0.4142135623733448
 10
978.8937966620688
 20
-1235.110496459234
 10
979.8937966620687
 20
-1235.110496459234
 42
-0.4142135623729285
 10
980.3937966620686
 20
-1235.610496459234
 10
980.393796662071
 20
-1248.610496459238
 42
-0.4142135623730951
  0
LWPOLYLINE
  5
115
330
1F
100
AcDbEntity
  8
0
100
AcDbPolyline
 90
        8
 70
     1
 43
0.0
 10
933.0812966620687
 20
-1248.610496459238
 42
0.4142135623729285
 10
933.5812966620688
 20
-1249.110496459238
 10
934.5812966620687
 20
-1249.110496459238
 42
0.4142135623730951
 10
935.0812966620688
 20
-1248.610496459238
 10
935.0812966620688
 20
-1235.610496459234
 42
0.4142135623731784
 10
934.5812966620687
 20
-1235.110496459232
 10
933.5812966620688
 20
-1235.110496459234
 42
0.4142135623733448
 10
933.0812966620687
 20
-1235.610496459235
  0
LWPOLYLINE
  5
116
330
1F
100
AcDbEntity
  8
0
100
AcDbPolyline
 90
       14
 70
     1
 43
0.0
 10
951.3312966620688
 20
-1249.11049645924
 10
938.3312966620687
 20
-1249.110496459238
 42
-0.4142135623729285
 10
937.8312966620688
 20
-1248.610496459238
 10
937.8312966620688
 20
-1235.610496459235
 42
-0.4142135623730951
 10
938.3312966620687
 20
-1235.110496459234
 10
938.9500466620686
 20
-1235.110496459232
 10
938.9500466620686
 20
-1233.610451844544
 42
-0.4142135623730951
 10
939.4500466620685
 20
-1233.110451844544
 10
945.4500466620688
 20
-1233.110451844544
 42
-0.4142135623730951
 10
945.9500466620687
 20
-1233.610451844544
 10
945.9500466620687
 20
-1235.110496459232
 10
951.3312966620688
 20
-1235.110496459234
 42
-0.4142135623729285
 10
951.8312966620687
 20
-1235.610496459234
 10
951.831296662071
 20
-1248.610496459238
 42
-0.4142135623730951
  0
LWPOLYLINE
  5
117
330
1F
100
AcDbEntity
  8
0
100
AcDbPolyline
 90
        8
 70
     1
 43
0.0
 10
810.8375466620689
 20
-1249.11049645924
 10
795.4562966620687
 20
-1249.110496459238
 42
-0.4142135623729285
 10
794.9562966620687
 20
-1248.610496459238
 10
794.9562966620687
 20
-1235.610496459235
 42
-0.4142135623730951
 10
795.4562966620687
 20
-1235.110496459234
 10
810.8375466620689
 20
-1235.110496459234
 42
-0.4142135623729285
 10
811.3375466620688
 20
-1235.610496459234
 10
811.3375466620711
 20
-1248.610496459238
 42
-0.4142135623730951
  0
LWPOLYLINE
  5
118
330
1F
100
AcDbEntity
  8
0
100
AcDbPolyline
 90
        8
 70
     1
 43
0.0
 10
791.7750466620689
 20
-1249.11049645924
 10
790.7750466620687
 20
-1249.110496459238
 42
-0.4142135623729285
 10
790.2750466620688
 20
-1248.610496459238
 10
790.2750466620687
 20
-1235.610496459235
 42
-0.414213562373428
 10
790.7750466620687
 20
-1235.110496459234
 10
791.7750466620689
 20
-1235.110496459234
 42
-0.4142135623729285
 10
792.2750466620688
 20
-1235.610496459234
 10
792.275046662071
 20
-1248.610496459238
 42
-0.4142135623730951
  0
LWPOLYLINE
  5
119
330
1F
100
AcDbEntity
  8
0
100
AcDbPolyline
 90
        8
 70
     1
 43
0.0
 10
745.4500466620687
 20
-1158.910496459232
 10
758.4500466620688
 20
-1158.910496459234
 42
-0.4142135623729285
 10
758.9500466620688
 20
-1159.410496459234
 10
758.9500466620688
 20
-1172.410496459237
 42
-0.4142135623729285
 10
758.4500466620688
 20
-1172.910496459237
 10
745.4500466620687
 20
-1172.910496459237
 42
-0.4142135623729285
 10
744.9500466620687
 20
-1172.410496459237
 10
744.9500466620661
 20
-1159.410496459234
 42
-0.4142135623729285
  0
LWPOLYLINE
  5
120
330
1F
100
AcDbEntity
  8
0
100
AcDbPolyline
 90
        8
 70
     1
 43
0.0
 10
763.2125466620688
 20
-1249.11049645924
 10
747.8312966620688
 20
-1249.110496459238
 42
-0.4142135623729285
 10
747.3312966620688
 20
-1248.610496459238
 10
747.3312966620688
 20
-1235.610496459234
 42
-0.4142135623730951
 10
747.8312966620688
 20
-1235.110496459234
 10
763.2125466620688
 20
-1235.110496459234
 42
-0.4142135623730951
 10
763.7125466620688
 20
-1235.610496459234
 10
763.7125466620711
 20
-1248.610496459238
 42
-0.4142135623730951
  0
LWPOLYLINE
  5
121
330
1F
100
AcDbEntity
  8
0
100
AcDbPolyline
 90
       20
 70
     1
 43
0.0
 10
1025.650046662069
 20
-1159.410496459234
 42
0.4142135623729285
 10
1025.150046662069
 20
-1158.910496459234
 10
993.1000466620687
 20
-1158.910496459234
 42
0.4142135623729285
 10
992.6000466620687
 20
-1159.410496459234
 10
992.6000466620687
 20
-1172.410496459237
 42
0.4142135623729285
 10
993.1000466620687
 20
-1172.91049645923
 10
993.6870466620687
 20
-1172.91049645923
 10
993.6870466620687
 20
-1176.210496459225
 42
0.4142135623730951
 10
994.1870466620688
 20
-1176.710496459238
 10
1000.187046662069
 20
-1176.710496459225
 42
0.4142135623730118
 10
1000.687046662069
 20
-1176.210496459226
 10
1000.687046662069
 20
-1172.91049645923
 10
1017.563046662069
 20
-1172.91049645923
 10
1017.563046662069
 20
-1176.210496459225
 42
0.4142135623730951
 10
1018.063046662069
 20
-1176.710496459238
 10
1024.063046662069
 20
-1176.710496459225
 42
0.4142135623730118
 10
1024.563046662069
 20
-1176.210496459226
 10
1024.563046662069
 20
-1172.91049645923
 10
1025.150046662069
 20
-1172.910496459237
 42
0.4142135623729285
 10
1025.650046662069
 20
-1172.410496459237
  0
LWPOLYLINE
  5
122
330
1F
100
AcDbEntity
  8
0
100
AcDbPolyline
 90
        8
 70
     1
 43
0.0
 10
987.5500466620687
 20
-1159.410496459234
 42
0.4142135623729285
 10
987.0500466620688
 20
-1158.910496459234
 10
974.0500466620687
 20
-1158.910496459234
 42
0.4142135623729285
 10
973.5500466620688
 20
-1159.410496459234
 10
973.5500466620688
 20
-1172.410496459237
 42
0.4142135623729285
 10
974.0500466620687
 20
-1172.91049645923
 10
987.0500466620688
 20
-1172.910496459237
 42
0.4142135623729285
 10
987.5500466620687
 20
-1172.410496459237
  0
LWPOLYLINE
  5
123
330
1F
100
AcDbEntity
  8
0
100
AcDbPolyline
 90
        8
 70
     1
 43
0.0
 10
968.5000466620689
 20
-1159.410496459234
 42
0.4142135623729285
 10
968.0000466620688
 20
-1158.910496459234
 10
955.0000466620687
 20
-1158.910496459234
 42
0.4142135623729285
 10
954.5000466620688
 20
-1159.410496459234
 10
954.5000466620688
 20
-1172.410496459237
 42
0.4142135623729285
 10
955.0000466620687
 20
-1172.91049645923
 10
968.0000466620688
 20
-1172.910496459237
 42
0.4142135623729285
 10
968.5000466620689
 20
-1172.410496459237
  0
LWPOLYLINE
  5
124
330
1F
100
AcDbEntity
  8
0
100
AcDbPolyline
 90
        8
 70
     1
 43
0.0
 10
949.4500466620687
 20
-1159.410496459234
 42
0.4142135623729285
 10
948.9500466620688
 20
-1158.910496459234
 10
935.9500466620687
 20
-1158.910496459234
 42
0.4142135623729285
 10
935.4500466620688
 20
-1159.410496459234
 10
935.4500466620688
 20
-1172.410496459237
 42
0.4142135623729285
 10
935.9500466620687
 20
-1172.91049645923
 10
948.9500466620688
 20
-1172.910496459237
 42
0.4142135623729285
 10
949.4500466620687
 20
-1172.410496459237
  0
LWPOLYLINE
  5
125
330
1F
100
AcDbEntity
  8
0
100
AcDbPolyline
 90
        8
 70
     1
 43
0.0
 10
930.4000466620689
 20
-1159.410496459234
 42
0.4142135623729285
 10
929.9000466620688
 20
-1158.910496459234
 10
916.9000466620687
 20
-1158.910496459234
 42
0.4142135623729285
 10
916.4000466620688
 20
-1159.410496459234
 10
916.4000466620688
 20
-1172.410496459237
 42
0.4142135623729285
 10
916.9000466620687
 20
-1172.91049645923
 10
929.9000466620688
 20
-1172.910496459237
 42
0.4142135623729285
 10
930.4000466620689
 20
-1172.410496459237
  0
LWPOLYLINE
  5
126
330
1F
100
AcDbEntity
  8
0
100
AcDbPolyline
 90
        8
 70
     1
 43
0.0
 10
911.3500466620687
 20
-1159.410496459234
 42
0.4142135623729285
 10
910.8500466620688
 20
-1158.910496459234
 10
897.8500466620687
 20
-1158.910496459234
 42
0.4142135623729285
 10
897.3500466620688
 20
-1159.410496459234
 10
897.3500466620688
 20
-1172.410496459237
 42
0.4142135623729285
 10
897.8500466620687
 20
-1172.91049645923
 10
910.8500466620688
 20
-1172.910496459237
 42
0.4142135623729285
 10
911.3500466620687
 20
-1172.410496459237
  0
LWPOLYLINE
  5
127
330
1F
100
AcDbEntity
  8
0
100
AcDbPolyline
 90
        8
 70
     1
 43
0.0
 10
892.3000466620688
 20
-1159.410496459234
 42
0.4142135623729285
 10
891.8000466620688
 20
-1158.910496459234
 10
878.8000466620687
 20
-1158.910496459234
 42
0.4142135623729285
 10
878.3000466620688
 20
-1159.410496459234
 10
878.3000466620688
 20
-1172.410496459237
 42
0.4142135623729285
 10
878.8000466620687
 20
-1172.91049645923
 10
891.8000466620688
 20
-1172.910496459237
 42
0.4142135623729285
 10
892.3000466620688
 20
-1172.410496459237
  0
LWPOLYLINE
  5
128
330
1F
100
AcDbEntity
  8
0
100
AcDbPolyline
 90
        8
 70
     1
 43
0.0
 10
873.2500466620688
 20
-1159.410496459234
 42
0.4142135623729285
 10
872.7500466620687
 20
-1158.910496459234
 10
859.7500466620688
 20
-1158.910496459234
 42
0.4142135623729285
 10
859.2500466620688
 20
-1159.410496459234
 10
859.2500466620688
 20
-1172.410496459237
 42
0.4142135623729285
 10
859.7500466620688
 20
-1172.91049645923
 10
872.7500466620687
 20
-1172.910496459237
 42
0.4142135623729285
 10
873.2500466620688
 20
-1172.410496459237
  0
LWPOLYLINE
  5
129
330
1F
100
AcDbEntity
  8
0
100
AcDbPolyline
 90
        8
 70
     1
 43
0.0
 10
854.2000466620688
 20
-1159.410496459234
 42
0.4142135623729285
 10
853.7000466620687
 20
-1158.910496459234
 10
840.7000466620687
 20
-1158.910496459234
 42
0.4142135623729285
 10
840.2000466620688
 20
-1159.410496459234
 10
840.2000466620688
 20
-1172.410496459237
 42
0.4142135623729285
 10
840.7000466620687
 20
-1172.91049645923
 10
853.7000466620687
 20
-1172.910496459237
 42
0.4142135623729285
 10
854.2000466620688
 20
-1172.410496459237
  0
LWPOLYLINE
  5
130
330
1F
100
AcDbEntity
  8
0
100
AcDbPolyline
 90
        8
 70
     1
 43
0.0
 10
835.1500466620688
 20
-1159.410496459234
 42
0.4142135623729285
 10
834.6500466620687
 20
-1158.910496459234
 10
821.6500466620688
 20
-1158.910496459234
 42
0.4142135623729285
 10
821.1500466620689
 20
-1159.410496459234
 10
821.1500466620689
 20
-1172.410496459237
 42
0.4142135623729285
 10
821.6500466620688
 20
-1172.91049645923
 10
834.6500466620687
 20
-1172.910496459237
 42
0.4142135623729285
 10
835.1500466620688
 20
-1172.410496459237
  0
LWPOLYLINE
  5
131
330
1F
100
AcDbEntity
  8
0
100
AcDbPolyline
 90
        8
 70
     1
 43
0.0
 10
816.1000466620688
 20
-1159.410496459234
 42
0.4142135623729285
 10
815.6000466620687
 20
-1158.910496459234
 10
802.6000466620686
 20
-1158.910496459234
 42
0.4142135623729285
 10
802.1000466620687
 20
-1159.410496459234
 10
802.1000466620687
 20
-1172.410496459237
 42
0.4142135623729285
 10
802.6000466620686
 20
-1172.91049645923
 10
815.6000466620687
 20
-1172.910496459237
 42
0.4142135623729285
 10
816.1000466620688
 20
-1172.410496459237
  0
LWPOLYLINE
  5
132
330
1F
100
AcDbEntity
  8
0
100
AcDbPolyline
 90
        8
 70
     1
 43
0.0
 10
797.0500466620688
 20
-1159.410496459234
 42
0.4142135623729285
 10
796.5500466620688
 20
-1158.910496459234
 10
783.5500466620687
 20
-1158.910496459234
 42
0.4142135623729285
 10
783.0500466620687
 20
-1159.410496459234
 10
783.0500466620687
 20
-1172.410496459237
 42
0.4142135623729285
 10
783.5500466620687
 20
-1172.91049645923
 10
796.5500466620688
 20
-1172.910496459237
 42
0.4142135623729285
 10
797.0500466620688
 20
-1172.410496459237
  0
LWPOLYLINE
  5
133
330
1F
100
AcDbEntity
  8
0
100
AcDbPolyline
 90
        8
 70
     1
 43
0.0
 10
769.3437966620688
 20
-1197.010496459226
 10
773.3437966620688
 20
-1197.010496459229
 42
-0.4142135623730951
 10
773.8437966620688
 20
-1197.510496459229
 10
773.8437966620688
 20
-1210.510496459232
 42
-0.4142135623730951
 10
773.3437966620688
 20
-1211.010496459232
 10
769.3437966620688
 20
-1211.010496459232
 42
-0.4142135623730951
 10
768.8437966620688
 20
-1210.510496459232
 10
768.8437966620665
 20
-1197.510496459229
 42
-0.4142135623730951
  0
LWPOLYLINE
  5
134
330
1F
100
AcDbEntity
  8
0
100
AcDbPolyline
 90
       44
 70
     1
 43
0.0
 10
1023.56879666207
 20
-1209.923496459232
 10
1022.18179666207
 20
-1209.923496459232
 10
1022.18179666207
 20
-1214.310481930286
 42
-0.4142135623730118
 10
1021.681796662069
 20
-1214.810481930285
 10
1015.68179666207
 20
-1214.810481930285
 42
-0.4142135623730951
 10
1015.18179666207
 20
-1214.310481930285
 10
1015.181796662069
 20
-1209.923496459232
 10
1013.743796662069
 20
-1209.923496459232
 10
1013.743796662069
 20
-1210.510496459232
 42
-0.4142135623730118
 10
1013.243796662069
 20
-1211.010496459232
 10
998.3057966620688
 20
-1211.010496459225
 10
998.3057966620688
 20
-1214.310496459231
 42
-0.4142135623730118
 10
997.8057966620689
 20
-1214.810496459231
 10
991.8057966620688
 20
-1214.810496459231
 42
-0.4142135623730951
 10
991.3057966620687
 20
-1214.310496459231
 10
991.3057966620687
 20
-1211.010496459225
 10
987.9937966620687
 20
-1211.010496459232
 42
-0.4142135623729285
 10
987.4937966620688
 20
-1210.510496459232
 10
987.4937966620688
 20
-1197.510496459229
 42
-0.4142135623729285
 10
987.9937966620687
 20
-1197.010496459229
 10
1009.26879666207
 20
-1197.010496459226
 10
1009.26879666207
 20
-1191.960496459233
 10
1007.387546662069
 20
-1191.96049645923
 42
-0.4142135623729285
 10
1006.887546662069
 20
-1191.46049645923
 10
1006.887546662069
 20
-1178.460496459237
 42
-0.4142135623728453
 10
1007.387546662069
 20
-1177.960496459237
 10
1020.387546662069
 20
-1177.960496459237
 42
-0.4142135623729285
 10
1020.887546662069
 20
-1178.460496459237
 10
1020.887546662069
 20
-1179.047496459227
 10
1023.56879666207
 20
-1179.04749645923
 42
-0.4142135623730951
 10
1024.06879666207
 20
-1179.54749645923
 10
1024.06879666207
 20
-1185.547496459229
 42
-0.4142135623730951
 10
1023.56879666207
 20
-1186.047496459229
 10
1020.887546662069
 20
-1186.047496459231
 10
1020.887546662069
 20
-1187.485496459235
 10
1022.768796662069
 20
-1187.485496459228
 42
-0.4142135623729285
 10
1023.268796662069
 20
-1187.985496459228
 10
1023.268796662069
 20
-1200.985496459231
 42
-0.4142135623729285
 10
1022.768796662069
 20
-1201.485496459232
 10
1022.18179666207
 20
-1201.485496459234
 10
1022.18179666207
 20
-1202.923496459238
 10
1023.56879666207
 20
-1202.92349645923
 42
-0.4142135623730951
 10
1024.06879666207
 20
-1203.42349645923
 10
1024.068796662062
 20
-1209.423496459239
 42
-0.4142135623731784
  0
LWPOLYLINE
  5
135
330
1F
100
AcDbEntity
  8
0
100
AcDbPolyline
 90
       20
 70
     1
 43
0.0
 10
748.4182966620688
 20
-1233.360496459234
 10
748.4182966620688
 20
-1230.060496459237
 10
747.8312966620688
 20
-1230.060496459235
 42
-0.4142135623729285
 10
747.3312966620688
 20
-1229.560496459235
 10
747.3312966620688
 20
-1216.560496459232
 42
-0.4142135623730118
 10
747.8312966620688
 20
-1216.060496459232
 10
782.6062966620687
 20
-1216.060496459232
 42
-0.4142135623729285
 10
783.1062966620687
 20
-1216.560496459232
 10
783.1062966620687
 20
-1229.560496459235
 42
-0.4142135623728453
 10
782.6062966620687
 20
-1230.060496459235
 10
779.2942966620687
 20
-1230.060496459237
 10
779.2942966620687
 20
-1233.360496459234
 42
-0.4142135623730951
 10
778.7942966620687
 20
-1233.860496459234
 10
772.7942966620688
 20
-1233.860496459234
 42
-0.4142135623730951
 10
772.2942966620687
 20
-1233.360496459234
 10
772.2942966620687
 20
-1230.060496459237
 10
755.4182966620687
 20
-1230.060496459237
 10
755.4182966620686
 20
-1233.360496459234
 42
-0.4142135623730951
 10
754.9182966620686
 20
-1233.860496459234
 10
748.9182966620687
 20
-1233.860496459234
 42
-0.4142135623730951
  0
LWPOLYLINE
  5
136
330
1F
100
AcDbEntity
  8
0
100
AcDbPolyline
 90
       14
 70
     1
 43
0.0
 10
986.5432966620687
 20
-1233.360496459234
 10
986.5432966620687
 20
-1230.060496459237
 10
985.9562966620687
 20
-1230.060496459235
 42
-0.4142135623729285
 10
985.4562966620688
 20
-1229.560496459235
 10
985.4562966620688
 20
-1216.560496459232
 42
-0.4142135623730118
 10
985.9562966620687
 20
-1216.060496459232
 10
1008.481296662069
 20
-1216.060496459232
 42
-0.4142135623729285
 10
1008.981296662069
 20
-1216.560496459232
 10
1008.981296662069
 20
-1229.560496459235
 42
-0.4142135623728453
 10
1008.481296662069
 20
-1230.060496459235
 10
993.5432966620687
 20
-1230.060496459237
 10
993.5432966620687
 20
-1233.360496459234
 42
-0.4142135623730951
 10
993.0432966620687
 20
-1233.860496459234
 10
987.0432966620688
 20
-1233.860496459234
 42
-0.4142135623730951
  0
LWPOLYLINE
  5
137
330
1F
100
AcDbEntity
  8
0
100
AcDbPolyline
 90
        8
 70
     1
 43
0.0
 10
981.2062966620688
 20
-1216.060496459229
 10
982.2062966620688
 20
-1216.060496459232
 42
-0.4142135623730951
 10
982.7062966620687
 20
-1216.560496459232
 10
982.7062966620687
 20
-1229.560496459235
 42
-0.4142135623728453
 10
982.2062966620688
 20
-1230.060496459235
 10
981.2062966620688
 20
-1230.060496459235
 42
-0.4142135623729285
 10
980.7062966620687
 20
-1229.560496459235
 10
980.7062966620661
 20
-1216.560496459232
 42
-0.4142135623730118
  0
LWPOLYLINE
  5
138
330
1F
100
AcDbEntity
  8
0
100
AcDbPolyline
 90
        8
 70
     1
 43
0.0
 10
959.7625466620685
 20
-1216.060496459229
 10
972.7625466620688
 20
-1216.060496459232
 42
-0.4142135623729285
 10
973.2625466620687
 20
-1216.560496459232
 10
973.2625466620687
 20
-1229.560496459235
 42
-0.4142135623728453
 10
972.7625466620688
 20
-1230.060496459235
 10
959.7625466620685
 20
-1230.060496459235
 42
-0.4142135623729285
 10
959.2625466620686
 20
-1229.560496459235
 10
959.2625466620662
 20
-1216.560496459232
 42
-0.4142135623728453
  0
LWPOLYLINE
  5
139
330
1F
100
AcDbEntity
  8
0
100
AcDbPolyline
 90
        8
 70
     1
 43
0.0
 10
940.7125466620687
 20
-1216.060496459229
 10
953.7125466620688
 20
-1216.060496459232
 42
-0.4142135623729285
 10
954.2125466620687
 20
-1216.560496459232
 10
954.2125466620687
 20
-1229.560496459235
 42
-0.4142135623728453
 10
953.7125466620688
 20
-1230.060496459235
 10
940.7125466620687
 20
-1230.060496459235
 42
-0.4142135623729285
 10
940.2125466620688
 20
-1229.560496459235
 10
940.2125466620661
 20
-1216.560496459232
 42
-0.4142135623730118
  0
LWPOLYLINE
  5
140
330
1F
100
AcDbEntity
  8
0
100
AcDbPolyline
 90
        8
 70
     1
 43
0.0
 10
921.6625466620687
 20
-1216.060496459229
 10
934.6625466620688
 20
-1216.060496459232
 42
-0.4142135623729285
 10
935.1625466620687
 20
-1216.560496459232
 10
935.1625466620687
 20
-1229.560496459235
 42
-0.4142135623728453
 10
934.6625466620688
 20
-1230.060496459235
 10
921.6625466620687
 20
-1230.060496459235
 42
-0.4142135623729285
 10
921.1625466620686
 20
-1229.560496459235
 10
921.1625466620658
 20
-1216.560496459232
 42
-0.4142135623728453
  0
LWPOLYLINE
  5
141
330
1F
100
AcDbEntity
  8
0
100
AcDbPolyline
 90
        8
 70
     1
 43
0.0
 10
902.6125466620687
 20
-1216.060496459229
 10
915.6125466620688
 20
-1216.060496459232
 42
-0.4142135623729285
 10
916.1125466620687
 20
-1216.560496459232
 10
916.1125466620687
 20
-1229.560496459235
 42
-0.4142135623728453
 10
915.6125466620688
 20
-1230.060496459235
 10
902.6125466620687
 20
-1230.060496459235
 42
-0.4142135623729285
 10
902.1125466620688
 20
-1229.560496459235
 10
902.1125466620661
 20
-1216.560496459232
 42
-0.4142135623730118
  0
LWPOLYLINE
  5
142
330
1F
100
AcDbEntity
  8
0
100
AcDbPolyline
 90
        8
 70
     1
 43
0.0
 10
883.5625466620689
 20
-1216.060496459229
 10
896.5625466620688
 20
-1216.060496459232
 42
-0.4142135623729285
 10
897.0625466620687
 20
-1216.560496459232
 10
897.0625466620687
 20
-1229.560496459235
 42
-0.4142135623728453
 10
896.5625466620688
 20
-1230.060496459235
 10
883.5625466620689
 20
-1230.060496459235
 42
-0.4142135623729285
 10
883.0625466620688
 20
-1229.560496459235
 10
883.0625466620658
 20
-1216.560496459232
 42
-0.4142135623730118
  0
LWPOLYLINE
  5
143
330
1F
100
AcDbEntity
  8
0
100
AcDbPolyline
 90
        8
 70
     1
 43
0.0
 10
864.5125466620687
 20
-1216.060496459229
 10
877.5125466620687
 20
-1216.060496459232
 42
-0.4142135623729285
 10
878.0125466620686
 20
-1216.560496459232
 10
878.0125466620686
 20
-1229.560496459235
 42
-0.4142135623728453
 10
877.5125466620687
 20
-1230.060496459235
 10
864.5125466620687
 20
-1230.060496459235
 42
-0.4142135623729285
 10
864.0125466620688
 20
-1229.560496459235
 10
864.0125466620659
 20
-1216.560496459232
 42
-0.4142135623730118
  0
LWPOLYLINE
  5
144
330
1F
100
AcDbEntity
  8
0
100
AcDbPolyline
 90
        8
 70
     1
 43
0.0
 10
845.4625466620688
 20
-1216.060496459229
 10
858.4625466620687
 20
-1216.060496459232
 42
-0.4142135623729285
 10
858.9625466620686
 20
-1216.560496459232
 10
858.9625466620686
 20
-1229.560496459235
 42
-0.4142135623728453
 10
858.4625466620687
 20
-1230.060496459235
 10
845.4625466620688
 20
-1230.060496459235
 42
-0.4142135623729285
 10
844.9625466620688
 20
-1229.560496459235
 10
844.9625466620657
 20
-1216.560496459232
 42
-0.4142135623730118
  0
LWPOLYLINE
  5
145
330
1F
100
AcDbEntity
  8
0
100
AcDbPolyline
 90
        8
 70
     1
 43
0.0
 10
826.4125466620686
 20
-1216.060496459229
 10
839.4125466620687
 20
-1216.060496459232
 42
-0.4142135623729285
 10
839.9125466620686
 20
-1216.560496459232
 10
839.9125466620686
 20
-1229.560496459235
 42
-0.4142135623728453
 10
839.4125466620687
 20
-1230.060496459235
 10
826.4125466620686
 20
-1230.060496459235
 42
-0.4142135623729285
 10
825.9125466620687
 20
-1229.560496459235
 10
825.9125466620663
 20
-1216.560496459232
 42
-0.4142135623730118
  0
LWPOLYLINE
  5
146
330
1F
100
AcDbEntity
  8
0
100
AcDbPolyline
 90
        8
 70
     1
 43
0.0
 10
807.3625466620688
 20
-1216.060496459229
 10
820.3625466620687
 20
-1216.060496459232
 42
-0.4142135623729285
 10
820.8625466620686
 20
-1216.560496459232
 10
820.8625466620686
 20
-1229.560496459235
 42
-0.4142135623728453
 10
820.3625466620687
 20
-1230.060496459235
 10
807.3625466620688
 20
-1230.060496459235
 42
-0.4142135623729285
 10
806.8625466620687
 20
-1229.560496459235
 10
806.8625466620659
 20
-1216.560496459232
 42
-0.4142135623730118
  0
LWPOLYLINE
  5
147
330
1F
100
AcDbEntity
  8
0
100
AcDbPolyline
 90
        8
 70
     1
 43
0.0
 10
788.3125466620688
 20
-1216.060496459229
 10
801.3125466620689
 20
-1216.060496459232
 42
-0.4142135623730951
 10
801.8125466620688
 20
-1216.560496459232
 10
801.8125466620688
 20
-1229.560496459235
 42
-0.4142135623728453
 10
801.3125466620689
 20
-1230.060496459235
 10
788.3125466620688
 20
-1230.060496459235
 42
-0.4142135623729285
 10
787.8125466620689
 20
-1229.560496459235
 10
787.8125466620661
 20
-1216.560496459232
 42
-0.4142135623728453
  0
LWPOLYLINE
  5
148
330
1F
100
AcDbEntity
  8
0
100
AcDbPolyline
 90
        8
 70
     1
 43
0.0
 10
745.1062966620686
 20
-1216.060496459229
 10
746.1062966620687
 20
-1216.060496459232
 42
-0.4142135623729285
 10
746.6062966620687
 20
-1216.560496459232
 10
746.6062966620687
 20
-1229.560496459235
 42
-0.4142135623728453
 10
746.1062966620687
 20
-1230.060496459235
 10
745.1062966620686
 20
-1230.060496459235
 42
-0.4142135623729285
 10
744.6062966620687
 20
-1229.560496459235
 10
744.6062966620659
 20
-1216.560496459232
 42
-0.4142135623730118
  0
LWPOLYLINE
  5
149
330
1F
100
AcDbEntity
  8
0
100
AcDbPolyline
 90
        8
 70
     1
 43
0.0
 10
969.2875466620687
 20
-1197.010496459226
 10
982.2875466620686
 20
-1197.010496459229
 42
-0.4142135623729285
 10
982.7875466620685
 20
-1197.510496459229
 10
982.7875466620685
 20
-1210.510496459232
 42
-0.4142135623729285
 10
982.2875466620686
 20
-1211.010496459232
 10
969.2875466620687
 20
-1211.010496459232
 42
-0.4142135623730951
 10
968.7875466620686
 20
-1210.510496459232
 10
968.7875466620663
 20
-1197.510496459229
 42
-0.4142135623730951
  0
LWPOLYLINE
  5
150
330
1F
100
AcDbEntity
  8
0
100
AcDbPolyline
 90
        8
 70
     1
 43
0.0
 10
950.2375466620687
 20
-1197.010496459226
 10
963.2375466620688
 20
-1197.010496459229
 42
-0.4142135623730951
 10
963.7375466620687
 20
-1197.510496459229
 10
963.7375466620687
 20
-1210.510496459232
 42
-0.4142135623730951
 10
963.2375466620688
 20
-1211.010496459232
 10
950.2375466620687
 20
-1211.010496459232
 42
-0.4142135623729285
 10
949.7375466620688
 20
-1210.510496459232
 10
949.7375466620665
 20
-1197.510496459229
 42
-0.4142135623729285
  0
LWPOLYLINE
  5
151
330
1F
100
AcDbEntity
  8
0
100
AcDbPolyline
 90
        8
 70
     1
 43
0.0
 10
931.1875466620689
 20
-1197.010496459226
 10
944.1875466620688
 20
-1197.010496459229
 42
-0.4142135623730951
 10
944.6875466620689
 20
-1197.510496459229
 10
944.6875466620689
 20
-1210.510496459232
 42
-0.4142135623730951
 10
944.1875466620688
 20
-1211.010496459232
 10
931.1875466620689
 20
-1211.010496459232
 42
-0.4142135623729285
 10
930.6875466620688
 20
-1210.510496459232
 10
930.6875466620663
 20
-1197.510496459229
 42
-0.4142135623729285
  0
LWPOLYLINE
  5
152
330
1F
100
AcDbEntity
  8
0
100
AcDbPolyline
 90
        8
 70
     1
 43
0.0
 10
912.1375466620687
 20
-1197.010496459226
 10
925.1375466620688
 20
-1197.010496459229
 42
-0.4142135623730951
 10
925.6375466620687
 20
-1197.510496459229
 10
925.6375466620687
 20
-1210.510496459232
 42
-0.4142135623730951
 10
925.1375466620688
 20
-1211.010496459232
 10
912.1375466620687
 20
-1211.010496459232
 42
-0.4142135623729285
 10
911.6375466620688
 20
-1210.510496459232
 10
911.6375466620665
 20
-1197.510496459229
 42
-0.4142135623729285
  0
LWPOLYLINE
  5
153
330
1F
100
AcDbEntity
  8
0
100
AcDbPolyline
 90
        8
 70
     1
 43
0.0
 10
893.0875466620689
 20
-1197.010496459226
 10
906.0875466620688
 20
-1197.010496459229
 42
-0.4142135623730951
 10
906.5875466620687
 20
-1197.510496459229
 10
906.5875466620687
 20
-1210.510496459232
 42
-0.4142135623730951
 10
906.0875466620688
 20
-1211.010496459232
 10
893.0875466620689
 20
-1211.010496459232
 42
-0.4142135623729285
 10
892.5875466620688
 20
-1210.510496459232
 10
892.5875466620665
 20
-1197.510496459229
 42
-0.4142135623729285
  0
LWPOLYLINE
  5
154
330
1F
100
AcDbEntity
  8
0
100
AcDbPolyline
 90
        8
 70
     1
 43
0.0
 10
874.0375466620687
 20
-1197.010496459226
 10
887.0375466620687
 20
-1197.010496459229
 42
-0.4142135623730951
 10
887.5375466620686
 20
-1197.510496459229
 10
887.5375466620686
 20
-1210.510496459232
 42
-0.4142135623730951
 10
887.0375466620687
 20
-1211.010496459232
 10
874.0375466620687
 20
-1211.010496459232
 42
-0.4142135623729285
 10
873.5375466620688
 20
-1210.510496459232
 10
873.5375466620665
 20
-1197.510496459229
 42
-0.4142135623729285
  0
LWPOLYLINE
  5
155
330
1F
100
AcDbEntity
  8
0
100
AcDbPolyline
 90
        8
 70
     1
 43
0.0
 10
854.9875466620688
 20
-1197.010496459226
 10
867.9875466620687
 20
-1197.010496459229
 42
-0.4142135623730951
 10
868.4875466620688
 20
-1197.510496459229
 10
868.4875466620688
 20
-1210.510496459232
 42
-0.4142135623730951
 10
867.9875466620687
 20
-1211.010496459232
 10
854.9875466620688
 20
-1211.010496459232
 42
-0.4142135623729285
 10
854.4875466620688
 20
-1210.510496459232
 10
854.4875466620664
 20
-1197.510496459229
 42
-0.4142135623729285
  0
LWPOLYLINE
  5
156
330
1F
100
AcDbEntity
  8
0
100
AcDbPolyline
 90
        8
 70
     1
 43
0.0
 10
835.9375466620688
 20
-1197.010496459226
 10
848.9375466620687
 20
-1197.010496459229
 42
-0.4142135623729285
 10
849.4375466620688
 20
-1197.510496459229
 10
849.4375466620688
 20
-1210.510496459232
 42
-0.4142135623729285
 10
848.9375466620687
 20
-1211.010496459232
 10
835.9375466620688
 20
-1211.010496459232
 42
-0.4142135623729285
 10
835.4375466620687
 20
-1210.510496459232
 10
835.4375466620664
 20
-1197.510496459229
 42
-0.4142135623729285
  0
LWPOLYLINE
  5
157
330
1F
100
AcDbEntity
  8
0
100
AcDbPolyline
 90
        8
 70
     1
 43
0.0
 10
816.8875466620686
 20
-1197.010496459226
 10
829.8875466620687
 20
-1197.010496459229
 42
-0.4142135623730951
 10
830.3875466620686
 20
-1197.510496459229
 10
830.3875466620686
 20
-1210.510496459232
 42
-0.4142135623730951
 10
829.8875466620687
 20
-1211.010496459232
 10
816.8875466620686
 20
-1211.010496459232
 42
-0.4142135623729285
 10
816.3875466620687
 20
-1210.510496459232
 10
816.3875466620664
 20
-1197.510496459229
 42
-0.4142135623729285
  0
LWPOLYLINE
  5
158
330
1F
100
AcDbEntity
  8
0
100
AcDbPolyline
 90
        8
 70
     1
 43
0.0
 10
797.8375466620686
 20
-1197.010496459226
 10
810.8375466620689
 20
-1197.010496459229
 42
-0.4142135623729285
 10
811.3375466620688
 20
-1197.510496459229
 10
811.3375466620688
 20
-1210.510496459232
 42
-0.4142135623729285
 10
810.8375466620689
 20
-1211.010496459232
 10
797.8375466620686
 20
-1211.010496459232
 42
-0.4142135623729285
 10
797.3375466620688
 20
-1210.510496459232
 10
797.3375466620665
 20
-1197.510496459229
 42
-0.4142135623729285
  0
LWPOLYLINE
  5
159
330
1F
100
AcDbEntity
  8
0
100
AcDbPolyline
 90
        8
 70
     1
 43
0.0
 10
778.7875466620687
 20
-1197.010496459226
 10
791.7875466620687
 20
-1197.010496459229
 42
-0.4142135623730951
 10
792.2875466620687
 20
-1197.510496459229
 10
792.2875466620687
 20
-1210.510496459232
 42
-0.4142135623730951
 10
791.7875466620687
 20
-1211.010496459232
 10
778.7875466620687
 20
-1211.010496459232
 42
-0.4142135623729285
 10
778.2875466620687
 20
-1210.510496459232
 10
778.2875466620663
 20
-1197.510496459229
 42
-0.4142135623729285
  0
LWPOLYLINE
  5
160
330
1F
100
AcDbEntity
  8
0
100
AcDbPolyline
 90
        8
 70
     1
 43
0.0
 10
747.8312966620688
 20
-1197.010496459226
 10
765.5937966620688
 20
-1197.010496459229
 42
-0.4142135623730951
 10
766.0937966620688
 20
-1197.510496459229
 10
766.0937966620688
 20
-1210.510496459232
 42
-0.4142135623730951
 10
765.5937966620688
 20
-1211.010496459232
 10
747.8312966620688
 20
-1211.010496459232
 42
-0.4142135623730951
 10
747.3312966620688
 20
-1210.510496459232
 10
747.3312966620665
 20
-1197.510496459229
 42
-0.4142135623730951
  0
LWPOLYLINE
  5
161
330
1F
100
AcDbEntity
  8
0
100
AcDbPolyline
 90
        8
 70
     1
 43
0.0
 10
1002.63754666207
 20
-1177.960496459234
 10
1003.637546662069
 20
-1177.960496459237
 42
-0.4142135623729285
 10
1004.137546662069
 20
-1178.460496459237
 10
1004.137546662069
 20
-1191.46049645923
 42
-0.4142135623728453
 10
1003.637546662069
 20
-1191.96049645923
 10
1002.63754666207
 20
-1191.96049645923
 42
-0.4142135623729285
 10
1002.137546662069
 20
-1191.46049645923
 10
1002.137546662067
 20
-1178.460496459237
 42
-0.4142135623728453
  0
LWPOLYLINE
  5
162
330
1F
100
AcDbEntity
  8
0
100
AcDbPolyline
 90
        8
 70
     1
 43
0.0
 10
983.5750466620687
 20
-1177.960496459234
 10
996.5750466620688
 20
-1177.960496459237
 42
-0.4142135623729285
 10
997.0750466620687
 20
-1178.460496459237
 10
997.0750466620687
 20
-1191.46049645923
 42
-0.4142135623728453
 10
996.5750466620688
 20
-1191.96049645923
 10
983.5750466620687
 20
-1191.96049645923
 42
-0.4142135623730951
 10
983.0750466620687
 20
-1191.46049645923
 10
983.0750466620663
 20
-1178.460496459237
 42
-0.4142135623728453
  0
LWPOLYLINE
  5
163
330
1F
100
AcDbEntity
  8
0
100
AcDbPolyline
 90
        8
 70
     1
 43
0.0
 10
964.5250466620687
 20
-1177.960496459234
 10
977.5250466620686
 20
-1177.960496459237
 42
-0.4142135623729285
 10
978.0250466620687
 20
-1178.460496459237
 10
978.0250466620687
 20
-1191.46049645923
 42
-0.4142135623728453
 10
977.5250466620686
 20
-1191.96049645923
 10
964.5250466620687
 20
-1191.96049645923
 42
-0.4142135623730951
 10
964.0250466620688
 20
-1191.46049645923
 10
964.0250466620663
 20
-1178.460496459237
 42
-0.4142135623728453
  0
LWPOLYLINE
  5
164
330
1F
100
AcDbEntity
  8
0
100
AcDbPolyline
 90
        8
 70
     1
 43
0.0
 10
945.4750466620687
 20
-1177.960496459234
 10
958.4750466620688
 20
-1177.960496459237
 42
-0.4142135623729285
 10
958.9750466620687
 20
-1178.460496459237
 10
958.9750466620687
 20
-1191.46049645923
 42
-0.4142135623728453
 10
958.4750466620688
 20
-1191.96049645923
 10
945.4750466620687
 20
-1191.96049645923
 42
-0.4142135623730951
 10
944.9750466620686
 20
-1191.46049645923
 10
944.9750466620663
 20
-1178.460496459237
 42
-0.4142135623728453
  0
LWPOLYLINE
  5
165
330
1F
100
AcDbEntity
  8
0
100
AcDbPolyline
 90
        8
 70
     1
 43
0.0
 10
926.4250466620687
 20
-1177.960496459234
 10
939.4250466620688
 20
-1177.960496459237
 42
-0.4142135623729285
 10
939.9250466620687
 20
-1178.460496459237
 10
939.9250466620687
 20
-1191.46049645923
 42
-0.4142135623728453
 10
939.4250466620688
 20
-1191.96049645923
 10
926.4250466620687
 20
-1191.96049645923
 42
-0.4142135623730951
 10
925.9250466620688
 20
-1191.46049645923
 10
925.9250466620665
 20
-1178.460496459237
 42
-0.4142135623728453
  0
LWPOLYLINE
  5
166
330
1F
100
AcDbEntity
  8
0
100
AcDbPolyline
 90
        8
 70
     1
 43
0.0
 10
907.3750466620689
 20
-1177.960496459234
 10
920.3750466620688
 20
-1177.960496459237
 42
-0.4142135623729285
 10
920.8750466620688
 20
-1178.460496459237
 10
920.8750466620688
 20
-1191.46049645923
 42
-0.4142135623730118
 10
920.3750466620688
 20
-1191.96049645923
 10
907.3750466620689
 20
-1191.96049645923
 42
-0.4142135623729285
 10
906.8750466620688
 20
-1191.46049645923
 10
906.8750466620663
 20
-1178.460496459237
 42
-0.4142135623728453
  0
LWPOLYLINE
  5
167
330
1F
100
AcDbEntity
  8
0
100
AcDbPolyline
 90
        8
 70
     1
 43
0.0
 10
888.3250466620687
 20
-1177.960496459234
 10
901.3250466620686
 20
-1177.960496459237
 42
-0.4142135623729285
 10
901.8250466620687
 20
-1178.460496459237
 10
901.8250466620687
 20
-1191.46049645923
 42
-0.4142135623728453
 10
901.3250466620686
 20
-1191.96049645923
 10
888.3250466620687
 20
-1191.96049645923
 42
-0.4142135623730951
 10
887.8250466620688
 20
-1191.46049645923
 10
887.8250466620663
 20
-1178.460496459237
 42
-0.4142135623728453
  0
LWPOLYLINE
  5
168
330
1F
100
AcDbEntity
  8
0
100
AcDbPolyline
 90
        8
 70
     1
 43
0.0
 10
869.2750466620688
 20
-1177.960496459234
 10
882.2750466620687
 20
-1177.960496459237
 42
-0.4142135623729285
 10
882.7750466620688
 20
-1178.460496459237
 10
882.7750466620688
 20
-1191.46049645923
 42
-0.4142135623730118
 10
882.2750466620687
 20
-1191.96049645923
 10
869.2750466620688
 20
-1191.96049645923
 42
-0.4142135623729285
 10
868.7750466620689
 20
-1191.46049645923
 10
868.7750466620663
 20
-1178.460496459237
 42
-0.4142135623728453
  0
LWPOLYLINE
  5
169
330
1F
100
AcDbEntity
  8
0
100
AcDbPolyline
 90
        8
 70
     1
 43
0.0
 10
850.2250466620687
 20
-1177.960496459234
 10
863.2250466620687
 20
-1177.960496459237
 42
-0.4142135623729285
 10
863.7250466620686
 20
-1178.460496459237
 10
863.7250466620686
 20
-1191.46049645923
 42
-0.4142135623728453
 10
863.2250466620687
 20
-1191.96049645923
 10
850.2250466620687
 20
-1191.96049645923
 42
-0.4142135623730951
 10
849.7250466620688
 20
-1191.46049645923
 10
849.7250466620663
 20
-1178.460496459237
 42
-0.4142135623728453
  0
LWPOLYLINE
  5
170
330
1F
100
AcDbEntity
  8
0
100
AcDbPolyline
 90
        8
 70
     1
 43
0.0
 10
831.1750466620688
 20
-1177.960496459234
 10
844.1750466620687
 20
-1177.960496459237
 42
-0.4142135623729285
 10
844.6750466620688
 20
-1178.460496459237
 10
844.6750466620688
 20
-1191.46049645923
 42
-0.4142135623730118
 10
844.1750466620687
 20
-1191.96049645923
 10
831.1750466620688
 20
-1191.96049645923
 42
-0.4142135623729285
 10
830.6750466620689
 20
-1191.46049645923
 10
830.6750466620664
 20
-1178.460496459237
 42
-0.4142135623728453
  0
LWPOLYLINE
  5
171
330
1F
100
AcDbEntity
  8
0
100
AcDbPolyline
 90
        8
 70
     1
 43
0.0
 10
812.1250466620688
 20
-1177.960496459234
 10
825.1250466620687
 20
-1177.960496459237
 42
-0.4142135623729285
 10
825.6250466620688
 20
-1178.460496459237
 10
825.6250466620688
 20
-1191.46049645923
 42
-0.4142135623730118
 10
825.1250466620687
 20
-1191.96049645923
 10
812.1250466620688
 20
-1191.96049645923
 42
-0.4142135623729285
 10
811.6250466620687
 20
-1191.46049645923
 10
811.6250466620662
 20
-1178.460496459237
 42
-0.4142135623728453
  0
LWPOLYLINE
  5
172
330
1F
100
AcDbEntity
  8
0
100
AcDbPolyline
 90
        8
 70
     1
 43
0.0
 10
793.0750466620687
 20
-1177.960496459234
 10
806.0750466620687
 20
-1177.960496459237
 42
-0.4142135623729285
 10
806.5750466620688
 20
-1178.460496459237
 10
806.5750466620688
 20
-1191.46049645923
 42
-0.4142135623730118
 10
806.0750466620687
 20
-1191.96049645923
 10
793.0750466620687
 20
-1191.96049645923
 42
-0.4142135623729285
 10
792.5750466620687
 20
-1191.46049645923
 10
792.5750466620663
 20
-1178.460496459237
 42
-0.4142135623728453
  0
LWPOLYLINE
  5
173
330
1F
100
AcDbEntity
  8
0
100
AcDbPolyline
 90
        8
 70
     1
 43
0.0
 10
774.0250466620688
 20
-1177.960496459234
 10
787.0250466620688
 20
-1177.960496459237
 42
-0.4142135623729285
 10
787.5250466620687
 20
-1178.460496459237
 10
787.5250466620687
 20
-1191.46049645923
 42
-0.4142135623730118
 10
787.0250466620688
 20
-1191.96049645923
 10
774.0250466620688
 20
-1191.96049645923
 42
-0.4142135623729285
 10
773.5250466620688
 20
-1191.46049645923
 10
773.5250466620663
 20
-1178.460496459237
 42
-0.4142135623728453
  0
LWPOLYLINE
  5
174
330
1F
100
AcDbEntity
  8
0
100
AcDbPolyline
 90
        8
 70
     1
 43
0.0
 10
766.9625466620687
 20
-1177.960496459234
 10
767.9625466620688
 20
-1177.960496459237
 42
-0.4142135623729285
 10
768.4625466620687
 20
-1178.460496459237
 10
768.4625466620687
 20
-1191.46049645923
 42
-0.4142135623730118
 10
767.9625466620688
 20
-1191.96049645923
 10
766.9625466620687
 20
-1191.96049645923
 42
-0.4142135623730951
 10
766.4625466620689
 20
-1191.46049645923
 10
766.4625466620663
 20
-1178.460496459237
 42
-0.4142135623728453
  0
LWPOLYLINE
  5
175
330
1F
100
AcDbEntity
  8
0
100
AcDbPolyline
 90
        8
 70
     1
 43
0.0
 10
745.4625466620687
 20
-1177.960496459234
 10
746.4625466620686
 20
-1177.960496459237
 42
-0.4142135623729285
 10
746.9625466620686
 20
-1178.460496459237
 10
746.9625466620686
 20
-1191.46049645923
 42
-0.4142135623730118
 10
746.4625466620686
 20
-1191.96049645923
 10
745.4625466620687
 20
-1191.96049645923
 42
-0.4142135623730951
 10
744.9625466620688
 20
-1191.46049645923
 10
744.9625466620663
 20
-1178.460496459237
 42
-0.4142135623728453
  0
LWPOLYLINE
  5
176
330
1F
100
AcDbEntity
  8
0
100
AcDbPolyline
 90
        8
 70
     1
 43
0.0
 10
750.2125466620687
 20
-1177.960496459234
 10
763.2125466620688
 20
-1177.960496459237
 42
-0.4142135623729285
 10
763.7125466620688
 20
-1178.460496459237
 10
763.7125466620688
 20
-1191.46049645923
 42
-0.4142135623730118
 10
763.2125466620688
 20
-1191.96049645923
 10
750.2125466620687
 20
-1191.96049645923
 42
-0.4142135623730951
 10
749.7125466620687
 20
-1191.46049645923
 10
749.7125466620661
 20
-1178.460496459237
 42
-0.4142135623728453
  0
LWPOLYLINE
  5
177
330
1F
100
AcDbEntity
  8
0
100
AcDbPolyline
 90
       14
 70
     1
 43
0.0
 10
1010.41929666207
 20
-1233.360496459234
 10
1010.41929666207
 20
-1217.560496459227
 42
-0.4142135623730951
 10
1010.919296662069
 20
-1217.060496459227
 10
1011.65004666207
 20
-1217.060496459234
 10
1011.65004666207
 20
-1216.560496459232
 42
-0.4142135623730118
 10
1012.150046662069
 20
-1216.060496459232
 10
1025.150046662069
 20
-1216.060496459232
 42
-0.4142135623729285
 10
1025.650046662069
 20
-1216.560496459232
 10
1025.650046662069
 20
-1229.560496459235
 42
-0.4142135623728453
 10
1025.150046662069
 20
-1230.060496459235
 10
1017.419296662069
 20
-1230.060496459237
 10
1017.419296662069
 20
-1233.360496459234
 42
-0.4142135623730951
 10
1016.919296662069
 20
-1233.860496459234
 10
1010.919296662069
 20
-1233.860496459234
 42
-0.4142135623730951
  0
LWPOLYLINE
  5
178
330
1F
100
AcDbEntity
  8
0
100
AcDbPolyline
 90
        8
 70
     1
 43
0.0
 10
838.6499534989786
 20
-1235.610496459234
 42
0.4142135623731367
 10
836.6499534989786
 20
-1237.610496459234
 10
836.6499534989786
 20
-1246.610496459228
 42
0.4142135623731367
 10
838.6499534989786
 20
-1248.610496459238
 10
859.3937966620687
 20
-1248.610496459228
 42
0.4142135623731367
 10
861.3937966620687
 20
-1246.610496459228
 10
861.3937966620687
 20
-1237.610496459234
 42
0.4142135623731367
 10
859.3937966620687
 20
-1235.610496459234
  0
LWPOLYLINE
  5
179
330
1F
100
AcDbEntity
  8
0
100
AcDbPolyline
 90
        8
 70
     1
 43
0.0
 10
912.8938898251588
 20
-1248.610496459228
 42
0.4142135623731367
 10
914.8938898251588
 20
-1246.610496459228
 10
914.8938898251588
 20
-1237.610496459234
 42
0.4142135623731367
 10
912.8938898251588
 20
-1235.610496459234
 10
899.3000466620687
 20
-1235.610496459234
 42
0.4142135623731367
 10
897.3000466620687
 20
-1237.610496459234
 10
897.3000466620687
 20
-1246.610496459228
 42
0.4142135623731367
 10
899.3000466620687
 20
-1248.610496459238
  0
LWPOLYLINE
  5
180
330
1F
100
AcDbEntity
  8
0
100
AcDbPolyline
 90
        8
 70
     1
 43
0.0
 10
920.3937966620687
 20
-1233.110496459232
 10
926.3937966620687
 20
-1233.110496459235
 42
-0.4142135623730951
 10
926.8937966620688
 20
-1233.610496459235
 10
926.8937966620688
 20
-1247.610496459223
 42
-0.4142135623730951
 10
926.3937966620687
 20
-1248.110496459223
 10
920.3937966620687
 20
-1248.110496459223
 42
-0.4142135623730951
 10
919.8937966620688
 20
-1247.610496459223
 10
919.8937966620661
 20
-1233.610496459235
 42
-0.4142135623730951
  0
LWPOLYLINE
  5
181
330
1F
100
AcDbEntity
  8
0
100
AcDbPolyline
 90
        8
 70
     1
 43
0.0
 10
831.6500466620688
 20
-1233.610496459235
 10
831.6500466620688
 20
-1247.610496459223
 42
-0.4142135623730951
 10
831.1500466620689
 20
-1248.110496459223
 10
820.3937966620687
 20
-1248.110496459223
 42
-0.4142135623730951
 10
819.8937966620688
 20
-1247.610496459223
 10
819.8937966620688
 20
-1233.610496459235
 42
-0.4142135623730951
 10
820.3937966620687
 20
-1233.110496459235
 10
831.1500466620689
 20
-1233.110496459235
 42
-0.4142135623730951
  0
LWPOLYLINE
  5
182
330
1F
100
AcDbEntity
  8
0
100
AcDbPolyline
 90
        8
 70
     1
 43
0.0
 10
778.0000466620686
 20
-1159.410496459234
 42
0.4142135623729285
 10
777.5000466620688
 20
-1158.910496459234
 10
764.5000466620688
 20
-1158.910496459234
 42
0.4142135623729285
 10
764.0000466620688
 20
-1159.410496459234
 10
764.0000466620688
 20
-1172.410496459237
 42
0.4142135623729285
 10
764.5000466620688
 20
-1172.91049645923
 10
777.5000466620688
 20
-1172.910496459237
 42
0.4142135623729285
 10
778.0000466620688
 20
-1172.410496459237
  0
LWPOLYLINE
  5
183
330
1F
100
AcDbEntity
  8
0
100
AcDbPolyline
 90
        8
 70
     1
 43
0.0
 10
850.4227197484487
 20
-1153.660470965557
 10
850.6213480541727
 20
-1153.660470965541
 42
-0.5250419366543288
 10
850.9952648724331
 20
-1154.202549158914
 42
-0.6897839145663857
 10
843.4048284518274
 20
-1154.202549159238
 42
-0.5250419366530435
 10
843.7787452700458
 20
-1153.660470965832
 10
843.9773735757656
 20
-1153.660470965822
 42
-0.3058797177477834
 10
844.3483287511821
 20
-1153.910830537312
 42
0.674905185600654
 10
850.0517645730569
 20
-1153.910830537081
 42
-0.3058797177540506
  0
LWPOLYLINE
  5
184
330
1F
100
AcDbEntity
  8
0
100
AcDbPolyline
 90
        8
 70
     1
 43
0.0
 10
945.6727197484488
 20
-1153.660470965557
 10
945.8713480541728
 20
-1153.660470965541
 42
-0.5250419366533567
 10
946.245264872433
 20
-1154.202549158914
 42
-0.6897839145664908
 10
938.654828451828
 20
-1154.202549159238
 42
-0.5250419366516838
 10
939.0287452700457
 20
-1153.660470965832
 10
939.2273735757656
 20
-1153.660470965822
 42
-0.3058797177479809
 10
939.5983287511818
 20
-1153.910830537312
 42
0.6749051856007601
 10
945.3017645730566
 20
-1153.910830537081
 42
-0.3058797177542623
  0
LWPOLYLINE
  5
185
330
1F
100
AcDbEntity
  8
0
100
AcDbPolyline
 90
        8
 70
     1
 43
0.0
 10
811.8648735557828
 20
-1254.367979740992
 10
811.6662452500598
 20
-1254.367979741
 42
-0.525041936655936
 10
811.2923284317931
 20
-1253.825901547624
 42
-0.6897839145630324
 10
818.8827648523837
 20
-1253.825901547249
 42
-0.5250419366508496
 10
818.5088480341697
 20
-1254.367979740656
 10
818.3102197284458
 20
-1254.367979740667
 42
-0.3058797177435466
 10
817.9392645530299
 20
-1254.117620169185
 42
0.6749051855983378
 10
812.2358287311763
 20
-1254.117620169468
 42
-0.3058797177455182
  0
LWPOLYLINE
  5
186
330
1F
100
AcDbEntity
  8
0
100
AcDbPolyline
 90
        8
 70
     1
 43
0.0
 10
1011.855498555789
 20
-1254.367979740992
 10
1011.65687025005
 20
-1254.367979740997
 42
-0.5250419366574865
 10
1011.282953431792
 20
-1253.825901547625
 42
-0.6897839145631188
 10
1018.873389852383
 20
-1253.825901547248
 42
-0.5250419366513603
 10
1018.49947303417
 20
-1254.367979740656
 10
1018.30084472845
 20
-1254.367979740667
 42
-0.3058797177441233
 10
1017.929889553033
 20
-1254.117620169184
 42
0.6749051855982574
 10
1012.226453731182
 20
-1254.11762016947
 42
-0.3058797177448233
  0
ENDSEC
  0
SECTION
  2
OBJECTS
  0
DICTIONARY
  5
C
330
0
100
AcDbDictionary
281
     1
  3
ACAD_BACKGROUND
350
1005B
  3
ACAD_CIP_PREVIOUS_PRODUCT_INFO
350
1005A
  3
ACAD_COLOR
350
10036
  3
ACAD_DETAILVIEWSTYLE
350
10051
  3
ACAD_GROUP
350
D
  3
ACAD_LAST_SAVED_VERSION_INFO
350
1005E
  3
ACAD_LAYOUT
350
10037
  3
ACAD_MATERIAL
350
10004
  3
ACAD_MLEADERSTYLE
350
1004D
  3
ACAD_MLINESTYLE
350
17
  3
ACAD_PLOTSETTINGS
350
10054
  3
ACAD_PLOTSTYLENAME
350
10002
  3
ACAD_SCALELIST
350
1003B
  3
ACAD_SECTIONVIEWSTYLE
350
1004F
  3
ACAD_TABLESTYLE
350
10038
  3
ACAD_VISUALSTYLE
350
1001D
  3
ACDB_RECOMPOSE_DATA
350
10076
  3
AcDbVariableDictionary
350
1006A
  3
AcDsDecomposeData
350
1007C
  0
DICTIONARY
  5
10064
330
2
100
AcDbDictionary
280
     1
281
     1
  3
ACAD_LAYERSTATES
360
10065
  0
DICTIONARY
  5
1005F
330
50
100
AcDbDictionary
280
     1
281
     1
  3
ADSK_XREC_LAYER_RECONCILED
360
10060
  0
DICTIONARY
  5
1005B
102
{ACAD_REACTORS
330
C
102
}
330
C
100
AcDbDictionary
281
     1
  0
XRECORD
  5
1005A
102
{ACAD_REACTORS
330
C
102
}
330
C
100
AcDbXrecord
280
     1
300
ACDMAC
300
2025
300

  0
DICTIONARY
  5
10036
102
{ACAD_REACTORS
330
C
102
}
330
C
100
AcDbDictionary
281
     1
  0
DICTIONARY
  5
10051
102
{ACAD_REACTORS
330
C
102
}
330
C
100
AcDbDictionary
281
     1
  3
Imperial24
350
10052
  0
DICTIONARY
  5
D
330
C
100
AcDbDictionary
281
     1
  0
XRECORD
  5
1005E
102
{ACAD_REACTORS
330
C
102
}
330
C
100
AcDbXrecord
280
     1
300
{38CAD66A-FF07-6140-AEDB-CEB9FB5748FE}
301
{53BB00E0-0B4E-F14D-92F0-BAE156CBD021}
302
{38CAD66A-FF07-6140-AEDB-CEB9FB5748FE}
303
/Users/junkibeom/Downloads/Tofu60 3.0 MX.dxf
  0
DICTIONARY
  5
10037
102
{ACAD_REACTORS
330
C
102
}
330
C
100
AcDbDictionary
281
     1
  3
Model
350
10055
  3
배치1
350
10056
  0
DICTIONARY
  5
10004
102
{ACAD_REACTORS
330
C
102
}
330
C
100
AcDbDictionary
281
     1
  3
ByBlock
350
1000D
  3
ByLayer
350
10005
  3
Global
350
10015
  0
DICTIONARY
  5
1004D
102
{ACAD_REACTORS
330
C
102
}
330
C
100
AcDbDictionary
281
     1
  3
Standard
350
1004E
  0
DICTIONARY
  5
17
330
C
100
AcDbDictionary
281
     1
  3
Standard
350
1003A
  0
DICTIONARY
  5
10054
102
{ACAD_REACTORS
330
C
102
}
330
C
100
AcDbDictionary
281
     1
  0
ACDBDICTIONARYWDFLT
  5
10002
102
{ACAD_REACTORS
330
C
102
}
330
C
100
AcDbDictionary
281
     1
  3
Normal
350
10003
100
AcDbDictionaryWithDefault
340
10003
  0
DICTIONARY
  5
1003B
102
{ACAD_REACTORS
330
C
102
}
330
C
100
AcDbDictionary
281
     1
  3
A0
350
1003C
  3
A1
350
1003D
  3
A2
350
1003E
  3
A3
350
1003F
  3
A4
350
10040
  3
A5
350
10041
  3
A6
350
10042
  3
A7
350
10043
  3
A8
350
10044
  3
A9
350
10045
  3
B0
350
10046
  3
B1
350
10047
  3
B2
350
10048
  3
B3
350
10049
  3
B4
350
1004A
  3
B5
350
1004B
  3
B6
350
1004C
  0
DICTIONARY
  5
1004F
102
{ACAD_REACTORS
330
C
102
}
330
C
100
AcDbDictionary
281
     1
  3
Imperial24
350
10050
  0
DICTIONARY
  5
10038
102
{ACAD_REACTORS
330
C
102
}
330
C
100
AcDbDictionary
281
     1
  3
Standard
350
10039
  0
DICTIONARY
  5
1001D
102
{ACAD_REACTORS
330
C
102
}
330
C
100
AcDbDictionary
281
     1
  3
2dWireframe
350
10023
  3
Basic
350
10022
  3
Brighten
350
10029
  3
ColorChange
350
1002D
  3
Conceptual
350
10026
  3
Dim
350
10028
  3
EdgeColorOff
350
10035
  3
Facepattern
350
1002C
  3
Flat
350
1001E
  3
FlatWithEdges
350
1001F
  3
Gouraud
350
10020
  3
GouraudWithEdges
350
10021
  3
Hidden
350
10025
  3
JitterOff
350
10033
  3
Linepattern
350
1002B
  3
OverhangOff
350
10034
  3
Realistic
350
10027
  3
Shaded
350
10032
  3
Shaded with edges
350
10031
  3
Shades of Gray
350
1002E
  3
Sketchy
350
1002F
  3
Thicken
350
1002A
  3
Wireframe
350
10024
  3
X-Ray
350
10030
  0
XRECORD
  5
10076
102
{ACAD_REACTORS
330
C
102
}
330
C
100
AcDbXrecord
280
     1
 90
        1
330
10039
  0
DICTIONARY
  5
1006A
102
{ACAD_REACTORS
330
C
102
}
330
C
100
AcDbDictionary
281
     1
  3
CANNOSCALE
350
10070
  3
CMLEADERSTYLE
350
1006C
  3
CTABLESTYLE
350
1006B
  3
CVIEWDETAILSTYLE
350
1006D
  3
CVIEWSECTIONSTYLE
350
1006E
  3
LAYEREVAL
350
10072
  3
LAYERNOTIFY
350
10073
  3
LIGHTINGUNITS
350
10071
  3
MSLTSCALE
350
1006F
  0
DICTIONARY
  5
1007C
102
{ACAD_REACTORS
330
C
102
}
330
C
100
AcDbDictionary
281
     1
  3
AcDsRecords
350
1007E
  3
AcDsSchemas
350
1007D
1001
ACAD
1070
     2
  0
DICTIONARY
  5
10065
102
{ACAD_REACTORS
330
10064
102
}
330
10064
100
AcDbDictionary
281
     1
  0
XRECORD
  5
10060
102
{ACAD_REACTORS
330
1005F
102
}
330
1005F
100
AcDbXrecord
280
     1
290
     1
  0
ACDBDETAILVIEWSTYLE
  5
10052
102
{ACAD_XDICTIONARY
360
100B1
102
}
102
{ACAD_REACTORS
330
10051
102
}
330
10051
100
AcDbModelDocViewStyle
 70
     0
  3
Imperial24
290
     0
100
AcDbDetailViewStyle
 70
     0
 71
     0
 90
        3
 71
     1
340
11
 62
   256
 40
0.24
340
0
 62
   256
 40
0.24
300

 40
0.36
280
     3
 71
     2
340
10001
 90
       25
 62
   256
 71
     3
340
11
 62
   256
 40
0.24
 90
        1
 40
0.75
 90
        1
300
%<\AcVar ViewType \f "%tc1">% %<\AcVar ViewDetailId>%\PSCALE %<\AcVar ViewScale \f "%sn">%
 71
     4
340
10001
 90
       25
 62
   256
340
10001
 90
       25
 62
   256
280
     0
  0
LAYOUT
  5
10055
102
{ACAD_REACTORS
330
10037
102
}
330
10037
100
AcDbPlotSettings
  1

  2

  4

  6

 40
0.0
 41
0.0
 42
0.0
 43
0.0
 44
0.0
 45
0.0
 46
0.0
 47
0.0
 48
0.0
 49
0.0
140
0.0
141
0.0
142
1.0
143
1.0
 70
  1712
 72
     0
 73
     0
 74
     0
  7

 75
     0
147
1.0
 76
     0
 77
     2
 78
   300
148
0.0
149
0.0
100
AcDbLayout
  1
Model
 70
     1
 71
     0
 10
0.0
 20
0.0
 11
12.0
 21
9.0
 12
0.0
 22
0.0
 32
0.0
 14
0.0
 24
0.0
 34
0.0
 15
0.0
 25
0.0
 35
0.0
146
0.0
 13
0.0
 23
0.0
 33
0.0
 16
1.0
 26
0.0
 36
0.0
 17
0.0
 27
1.0
 37
0.0
 76
     0
330
1F
331
10059
  0
LAYOUT
  5
10056
102
{ACAD_REACTORS
330
10037
102
}
330
10037
100
AcDbPlotSettings
  1

  2

  4

  6

 40
0.0
 41
0.0
 42
0.0
 43
0.0
 44
0.0
 45
0.0
 46
0.0
 47
0.0
 48
0.0
 49
0.0
140
0.0
141
0.0
142
1.0
143
1.0
 70
   688
 72
     0
 73
     0
 74
     5
  7

 75
    16
147
1.0
 76
     0
 77
     2
 78
   300
148
0.0
149
0.0
100
AcDbLayout
  1
배치1
 70
     1
 71
     1
 10
0.0
 20
0.0
 11
12.0
 21
9.0
 12
0.0
 22
0.0
 32
0.0
 14
1.000000000000000E+20
 24
1.000000000000000E+20
 34
1.000000000000000E+20
 15
-1.000000000000000E+20
 25
-1.000000000000000E+20
 35
-1.000000000000000E+20
146
0.0
 13
0.0
 23
0.0
 33
0.0
 16
1.0
 26
0.0
 36
0.0
 17
0.0
 27
1.0
 37
0.0
 76
     0
330
1B
  0
MATERIAL
  5
1000D
102
{ACAD_XDICTIONARY
360
1000E
102
}
102
{ACAD_REACTORS
330
10004
102
}
330
10004
100
AcDbMaterial
  1
ByBlock
 72
     0
 43
0.0008202099737533
 43
0.0
 43
0.0
 43
0.0
 43
0.0
 43
0.0008202099737533
 43
0.0
 43
0.0
 43
0.0
 43
0.0
 43
1.0
 43
0.0
 43
0.0
 43
0.0
 43
0.0
 43
1.0
 77
     0
 47
0.0008202099737533
 47
0.0
 47
0.0
 47
0.0
 47
0.0
 47
0.0008202099737533
 47
0.0
 47
0.0
 47
0.0
 47
0.0
 47
1.0
 47
0.0
 47
0.0
 47
0.0
 47
0.0
 47
1.0
171
     0
 49
0.0008202099737533
 49
0.0
 49
0.0
 49
0.0
 49
0.0
 49
0.0008202099737533
 49
0.0
 49
0.0
 49
0.0
 49
0.0
 49
1.0
 49
0.0
 49
0.0
 49
0.0
 49
0.0
 49
1.0
175
     0
142
0.0008202099737533
142
0.0
142
0.0
142
0.0
142
0.0
142
0.0008202099737533
142
0.0
142
0.0
142
0.0
142
0.0
142
1.0
142
0.0
142
0.0
142
0.0
142
0.0
142
1.0
179
     0
144
0.0008202099737533
144
0.0
144
0.0
144
0.0
144
0.0
144
0.0008202099737533
144
0.0
144
0.0
144
0.0
144
0.0
144
1.0
144
0.0
144
0.0
144
0.0
144
0.0
144
1.0
147
0.0008202099737533
147
0.0
147
0.0
147
0.0
147
0.0
147
0.0008202099737533
147
0.0
147
0.0
147
0.0
147
0.0
147
1.0
147
0.0
147
0.0
147
0.0
147
0.0
147
1.0
  0
MATERIAL
  5
10005
102
{ACAD_XDICTIONARY
360
10006
102
}
102
{ACAD_REACTORS
330
10004
102
}
330
10004
100
AcDbMaterial
  1
ByLayer
 72
     0
 43
0.0008202099737533
 43
0.0
 43
0.0
 43
0.0
 43
0.0
 43
0.0008202099737533
 43
0.0
 43
0.0
 43
0.0
 43
0.0
 43
1.0
 43
0.0
 43
0.0
 43
0.0
 43
0.0
 43
1.0
 77
     0
 47
0.0008202099737533
 47
0.0
 47
0.0
 47
0.0
 47
0.0
 47
0.0008202099737533
 47
0.0
 47
0.0
 47
0.0
 47
0.0
 47
1.0
 47
0.0
 47
0.0
 47
0.0
 47
0.0
 47
1.0
171
     0
 49
0.0008202099737533
 49
0.0
 49
0.0
 49
0.0
 49
0.0
 49
0.0008202099737533
 49
0.0
 49
0.0
 49
0.0
 49
0.0
 49
1.0
 49
0.0
 49
0.0
 49
0.0
 49
0.0
 49
1.0
175
     0
142
0.0008202099737533
142
0.0
142
0.0
142
0.0
142
0.0
142
0.0008202099737533
142
0.0
142
0.0
142
0.0
142
0.0
142
1.0
142
0.0
142
0.0
142
0.0
142
0.0
142
1.0
179
     0
144
0.0008202099737533
144
0.0
144
0.0
144
0.0
144
0.0
144
0.0008202099737533
144
0.0
144
0.0
144
0.0
144
0.0
144
1.0
144
0.0
144
0.0
144
0.0
144
0.0
144
1.0
147
0.0008202099737533
147
0.0
147
0.0
147
0.0
147
0.0
147
0.0008202099737533
147
0.0
147
0.0
147
0.0
147
0.0
147
1.0
147
0.0
147
0.0
147
0.0
147
0.0
147
1.0
  0
MATERIAL
  5
10015
102
{ACAD_XDICTIONARY
360
10016
102
}
102
{ACAD_REACTORS
330
10004
102
}
330
10004
100
AcDbMaterial
  1
Global
 72
     0
 43
0.0008202099737533
 43
0.0
 43
0.0
 43
0.0
 43
0.0
 43
0.0008202099737533
 43
0.0
 43
0.0
 43
0.0
 43
0.0
 43
1.0
 43
0.0
 43
0.0
 43
0.0
 43
0.0
 43
1.0
 77
     0
 47
0.0008202099737533
 47
0.0
 47
0.0
 47
0.0
 47
0.0
 47
0.0008202099737533
 47
0.0
 47
0.0
 47
0.0
 47
0.0
 47
1.0
 47
0.0
 47
0.0
 47
0.0
 47
0.0
 47
1.0
171
     0
 49
0.0008202099737533
 49
0.0
 49
0.0
 49
0.0
 49
0.0
 49
0.0008202099737533
 49
0.0
 49
0.0
 49
0.0
 49
0.0
 49
1.0
 49
0.0
 49
0.0
 49
0.0
 49
0.0
 49
1.0
175
     0
142
0.0008202099737533
142
0.0
142
0.0
142
0.0
142
0.0
142
0.0008202099737533
142
0.0
142
0.0
142
0.0
142
0.0
142
1.0
142
0.0
142
0.0
142
0.0
142
0.0
142
1.0
179
     0
144
0.0008202099737533
144
0.0
144
0.0
144
0.0
144
0.0
144
0.0008202099737533
144
0.0
144
0.0
144
0.0
144
0.0
144
1.0
144
0.0
144
0.0
144
0.0
144
0.0
144
1.0
147
0.0008202099737533
147
0.0
147
0.0
147
0.0
147
0.0
147
0.0008202099737533
147
0.0
147
0.0
147
0.0
147
0.0
147
1.0
147
0.0
147
0.0
147
0.0
147
0.0
147
1.0
  0
MLEADERSTYLE
  5
1004E
102
{ACAD_REACTORS
330
1004D
102
}
330
1004D
100
AcDbMLeaderStyle
179
     2
170
     2
171
     1
172
     0
 90
        2
 40
0.0
 41
0.0
173
     1
 91
-1056964608
340
14
 92
       -2
290
     1
 42
0.09
291
     1
 43
0.36
  3
Standard
 44
0.18
300

342
11
174
     1
178
     6
175
     1
176
     0
 93
-1056964608
 45
0.18
292
     0
297
     0
 46
0.18
 94
-1056964608
 47
1.0
 49
1.0
140
1.0
293
     1
141
0.0
294
     1
177
     0
142
1.0
295
     0
296
     0
143
0.125
271
     0
272
     9
273
     9
  0
MLINESTYLE
  5
1003A
102
{ACAD_REACTORS
330
17
102
}
330
17
100
AcDbMlineStyle
  2
STANDARD
 70
     0
  3

 62
   256
 51
90.0
 52
90.0
 71
     2
 49
0.5
 62
   256
  6
BYLAYER
 49
-0.5
 62
   256
  6
BYLAYER
  0
ACDBPLACEHOLDER
  5
10003
102
{ACAD_REACTORS
330
10002
102
}
330
10002
  0
SCALE
  5
1003C
102
{ACAD_REACTORS
330
1003B
102
}
330
1003B
100
AcDbScale
 70
     0
300
1:1
140
1.0
141
1.0
290
     1
  0
SCALE
  5
1003D
102
{ACAD_REACTORS
330
1003B
102
}
330
1003B
100
AcDbScale
 70
     0
300
1/128" = 1'-0"
140
0.0078125
141
12.0
290
     0
  0
SCALE
  5
1003E
102
{ACAD_REACTORS
330
1003B
102
}
330
1003B
100
AcDbScale
 70
     0
300
1/64" = 1'-0"
140
0.015625
141
12.0
290
     0
  0
SCALE
  5
1003F
102
{ACAD_REACTORS
330
1003B
102
}
330
1003B
100
AcDbScale
 70
     0
300
1/32" = 1'-0"
140
0.03125
141
12.0
290
     0
  0
SCALE
  5
10040
102
{ACAD_REACTORS
330
1003B
102
}
330
1003B
100
AcDbScale
 70
     0
300
1/16" = 1'-0"
140
0.0625
141
12.0
290
     0
  0
SCALE
  5
10041
102
{ACAD_REACTORS
330
1003B
102
}
330
1003B
100
AcDbScale
 70
     0
300
3/32" = 1'-0"
140
0.09375
141
12.0
290
     0
  0
SCALE
  5
10042
102
{ACAD_REACTORS
330
1003B
102
}
330
1003B
100
AcDbScale
 70
     0
300
1/8" = 1'-0"
140
0.125
141
12.0
290
     0
  0
SCALE
  5
10043
102
{ACAD_REACTORS
330
1003B
102
}
330
1003B
100
AcDbScale
 70
     0
300
3/16" = 1'-0"
140
0.1875
141
12.0
290
     0
  0
SCALE
  5
10044
102
{ACAD_REACTORS
330
1003B
102
}
330
1003B
100
AcDbScale
 70
     0
300
1/4" = 1'-0"
140
0.25
141
12.0
290
     0
  0
SCALE
  5
10045
102
{ACAD_REACTORS
330
1003B
102
}
330
1003B
100
AcDbScale
 70
     0
300
3/8" = 1'-0"
140
0.375
141
12.0
290
     0
  0
SCALE
  5
10046
102
{ACAD_REACTORS
330
1003B
102
}
330
1003B
100
AcDbScale
 70
     0
300
1/2" = 1'-0"
140
0.5
141
12.0
290
     0
  0
SCALE
  5
10047
102
{ACAD_REACTORS
330
1003B
102
}
330
1003B
100
AcDbScale
 70
     0
300
3/4" = 1'-0"
140
0.75
141
12.0
290
     0
  0
SCALE
  5
10048
102
{ACAD_REACTORS
330
1003B
102
}
330
1003B
100
AcDbScale
 70
     0
300
1" = 1'-0"
140
1.0
141
12.0
290
     0
  0
SCALE
  5
10049
102
{ACAD_REACTORS
330
1003B
102
}
330
1003B
100
AcDbScale
 70
     0
300
1-1/2" = 1'-0"
140
1.5
141
12.0
290
     0
  0
SCALE
  5
1004A
102
{ACAD_REACTORS
330
1003B
102
}
330
1003B
100
AcDbScale
 70
     0
300
3" = 1'-0"
140
3.0
141
12.0
290
     0
  0
SCALE
  5
1004B
102
{ACAD_REACTORS
330
1003B
102
}
330
1003B
100
AcDbScale
 70
     0
300
6" = 1'-0"
140
6.0
141
12.0
290
     0
  0
SCALE
  5
1004C
102
{ACAD_REACTORS
330
1003B
102
}
330
1003B
100
AcDbScale
 70
     0
300
1'-0" = 1'-0"
140
12.0
141
12.0
290
     0
  0
ACDBSECTIONVIEWSTYLE
  5
10050
102
{ACAD_XDICTIONARY
360
100AF
102
}
102
{ACAD_REACTORS
330
1004F
102
}
330
1004F
100
AcDbModelDocViewStyle
 70
     0
  3
Imperial24
290
     0
100
AcDbSectionViewStyle
 70
     0
 71
     0
 90
       78
 71
     1
340
11
 62
   256
 40
0.24
340
0
340
0
 62
   256
 40
0.24
300
I, O, Q, S, X, Z
 40
0.48
 90
        3
 40
0.18
 90
        1
 71
     2
340
10001
 90
       25
 62
   256
340
10001
 90
       50
 62
   256
 40
0.24
 40
0.0
 40
0.24
 71
     3
340
11
 62
   256
 40
0.24
 90
        1
 40
0.75
 90
        1
300
%<\AcVar ViewType \f "%tc1">% %<\AcVar ViewSectionStartId>%-%<\AcVar ViewSectionEndId>%\PSCALE %<\AcVar ViewScale \f "%sn">%
 71
     4
 62
   256
 62
   257
300
ANSI31
 40
1.0
 90
        0
290
     0
290
     0
 90
        6
 40
0.0
 40
1.570796326794896
 40
0.2617993877991494
 40
1.308996938995747
 40
-0.2617993877991494
 40
1.832595714594046
  0
TABLESTYLE
  5
10039
102
{ACAD_XDICTIONARY
360
10074
102
}
102
{ACAD_REACTORS
330
10038
102
}
330
10038
100
AcDbTableStyle
280
     0
  3
Standard
 70
     0
 71
     0
 40
0.06
 41
0.06
280
     0
281
     0
  7
STANDARD
140
0.18
170
     2
 62
     0
 63
     7
283
     0
 90
      512
 91
        0
  1

274
    -2
284
     1
 64
     0
275
    -2
285
     1
 65
     0
276
    -2
286
     1
 66
     0
277
    -2
287
     1
 67
     0
278
    -2
288
     1
 68
     0
279
    -2
289
     1
 69
     0
  7
STANDARD
140
0.25
170
     5
 62
     0
 63
     7
283
     0
 90
      512
 91
        0
  1

274
    -2
284
     1
 64
     0
275
    -2
285
     1
 65
     0
276
    -2
286
     1
 66
     0
277
    -2
287
     1
 67
     0
278
    -2
288
     1
 68
     0
279
    -2
289
     1
 69
     0
  7
STANDARD
140
0.18
170
     5
 62
     0
 63
     7
283
     0
 90
      512
 91
        0
  1

274
    -2
284
     1
 64
     0
275
    -2
285
     1
 65
     0
276
    -2
286
     1
 66
     0
277
    -2
287
     1
 67
     0
278
    -2
288
     1
 68
     0
279
    -2
289
     1
 69
     0
  0
VISUALSTYLE
  5
10023
102
{ACAD_XDICTIONARY
360
10089
102
}
102
{ACAD_REACTORS
330
1001D
102
}
330
1001D
100
AcDbVisualStyle
  2
2dWireframe
 70
     4
177
     2
291
     0
 71
     0
176
     1
 72
     2
176
     1
 73
     0
176
     1
 90
        0
176
     1
 40
0.6
176
     1
 41
30.0
176
     1
 63
     7
421
 16777215
176
     1
 74
     1
176
     1
 91
        4
176
     1
 64
     7
176
     1
 65
   257
176
     1
 75
     1
176
     1
175
     1
176
     1
 42
1.0
176
     1
 92
        0
176
     1
 66
   257
176
     1
 43
1.0
176
     1
 76
     1
176
     1
 77
     6
176
     1
 78
     2
176
     1
 67
     7
176
     1
 79
     5
176
     1
170
     0
176
     1
171
     0
176
     1
290
     0
176
     1
 93
        1
176
     1
 44
0.0
176
     1
173
     0
176
     1
1001
ACAD
1000
AcDbSavedByObjectVersion
1070
     0
  0
VISUALSTYLE
  5
10022
102
{ACAD_XDICTIONARY
360
10087
102
}
102
{ACAD_REACTORS
330
1001D
102
}
330
1001D
100
AcDbVisualStyle
  2
Basic
 70
     7
177
     2
291
     1
 71
     1
176
     1
 72
     0
176
     1
 73
     1
176
     1
 90
        0
176
     1
 40
0.6
176
     1
 41
30.0
176
     1
 63
     7
421
 16777215
176
     1
 74
     0
176
     1
 91
        4
176
     1
 64
     7
176
     1
 65
   257
176
     1
 75
     1
176
     1
175
     1
176
     1
 42
1.0
176
     1
 92
        8
176
     1
 66
     7
176
     1
 43
1.0
176
     1
 76
     1
176
     1
 77
     6
176
     1
 78
     2
176
     1
 67
     7
176
     1
 79
     5
176
     1
170
     0
176
     1
171
     0
176
     1
290
     0
176
     1
 93
        1
176
     1
 44
0.0
176
     1
173
     0
176
     1
1001
ACAD
1000
AcDbSavedByObjectVersion
1070
     0
  0
VISUALSTYLE
  5
10029
102
{ACAD_XDICTIONARY
360
10095
102
}
102
{ACAD_REACTORS
330
1001D
102
}
330
1001D
100
AcDbVisualStyle
  2
Brighten
 70
    12
177
     2
291
     1
 71
     2
176
     1
 72
     2
176
     1
 73
     0
176
     1
 90
        0
176
     1
 40
0.6
176
     1
 41
30.0
176
     1
 63
     7
421
 16777215
176
     1
 74
     1
176
     1
 91
        4
176
     1
 64
     7
176
     1
 65
   257
176
     1
 75
     1
176
     1
175
     1
176
     1
 42
1.0
176
     1
 92
        8
176
     1
 66
     7
176
     1
 43
1.0
176
     1
 76
     1
176
     1
 77
     6
176
     1
 78
     2
176
     1
 67
     7
176
     1
 79
     5
176
     1
170
     0
176
     1
171
     0
176
     1
290
     0
176
     1
 93
        1
176
     1
 44
50.0
176
     1
173
     0
176
     1
1001
ACAD
1000
AcDbSavedByObjectVersion
1070
     0
  0
VISUALSTYLE
  5
1002D
102
{ACAD_XDICTIONARY
360
1009D
102
}
102
{ACAD_REACTORS
330
1001D
102
}
330
1001D
100
AcDbVisualStyle
  2
ColorChange
 70
    16
177
     2
291
     1
 71
     2
176
     1
 72
     2
176
     1
 73
     3
176
     1
 90
        0
176
     1
 40
0.6
176
     1
 41
30.0
176
     1
 63
     8
421
  8421504
176
     1
 74
     1
176
     1
 91
        4
176
     1
 64
     7
176
     1
 65
   257
176
     1
 75
     1
176
     1
175
     1
176
     1
 42
1.0
176
     1
 92
        8
176
     1
 66
     8
424
  8421504
176
     1
 43
1.0
176
     1
 76
     1
176
     1
 77
     6
176
     1
 78
     2
176
     1
 67
     7
176
     1
 79
     5
176
     1
170
     0
176
     1
171
     0
176
     1
290
     0
176
     1
 93
        1
176
     1
 44
0.0
176
     1
173
     0
176
     1
1001
ACAD
1000
AcDbSavedByObjectVersion
1070
     0
  0
VISUALSTYLE
  5
10026
102
{ACAD_XDICTIONARY
360
1008F
102
}
102
{ACAD_REACTORS
330
1001D
102
}
330
1001D
100
AcDbVisualStyle
  2
Conceptual
 70
     9
177
     2
291
     0
 71
     3
176
     1
 72
     2
176
     1
 73
     0
176
     1
 90
        0
176
     1
 40
0.6
176
     1
 41
30.0
176
     1
 63
     7
421
 16777215
176
     1
 74
     2
176
     1
 91
        2
176
     1
 64
     7
176
     1
 65
   257
176
     1
 75
     1
176
     1
175
     1
176
     1
 42
179.0
176
     1
 92
        8
176
     1
 66
     7
176
     1
 43
1.0
176
     1
 76
     1
176
     1
 77
     6
176
     1
 78
     2
176
     1
 67
     7
176
     1
 79
     3
176
     1
170
     0
176
     1
171
     0
176
     1
290
     0
176
     1
 93
        1
176
     1
 44
0.0
176
     1
173
     0
176
     1
1001
ACAD
1000
AcDbSavedByObjectVersion
1070
     0
  0
VISUALSTYLE
  5
10028
102
{ACAD_XDICTIONARY
360
10093
102
}
102
{ACAD_REACTORS
330
1001D
102
}
330
1001D
100
AcDbVisualStyle
  2
Dim
 70
    11
177
     2
291
     1
 71
     2
176
     1
 72
     2
176
     1
 73
     0
176
     1
 90
        0
176
     1
 40
0.6
176
     1
 41
30.0
176
     1
 63
     7
421
 16777215
176
     1
 74
     1
176
     1
 91
        4
176
     1
 64
     7
176
     1
 65
   257
176
     1
 75
     1
176
     1
175
     1
176
     1
 42
1.0
176
     1
 92
        8
176
     1
 66
     7
176
     1
 43
1.0
176
     1
 76
     1
176
     1
 77
     6
176
     1
 78
     2
176
     1
 67
     7
176
     1
 79
     5
176
     1
170
     0
176
     1
171
     0
176
     1
290
     0
176
     1
 93
        1
176
     1
 44
-50.0
176
     1
173
     0
176
     1
1001
ACAD
1000
AcDbSavedByObjectVersion
1070
     0
  0
VISUALSTYLE
  5
10035
102
{ACAD_XDICTIONARY
360
100AD
102
}
102
{ACAD_REACTORS
330
1001D
102
}
330
1001D
100
AcDbVisualStyle
  2
EdgeColorOff
 70
    22
177
     2
291
     1
 71
     2
176
     0
 72
     2
176
     0
 73
     0
176
     0
 90
        0
176
     0
 40
0.6
176
     0
 41
30.0
176
     0
 63
     7
421
 16777215
176
     0
 74
     1
176
     0
 91
        4
176
     0
 64
     7
176
     0
 65
   257
176
     0
 75
     1
176
     0
175
     1
176
     0
 42
1.0
176
     0
 92
        8
176
     2
 66
     7
176
     0
 43
1.0
176
     0
 76
     1
176
     0
 77
     6
176
     0
 78
     2
176
     0
 67
     7
176
     0
 79
     5
176
     0
170
     0
176
     0
171
     0
176
     0
290
     0
176
     0
 93
        1
176
     0
 44
0.0
176
     0
173
     0
176
     0
1001
ACAD
1000
AcDbSavedByObjectVersion
1070
     0
  0
VISUALSTYLE
  5
1002C
102
{ACAD_XDICTIONARY
360
1009B
102
}
102
{ACAD_REACTORS
330
1001D
102
}
330
1001D
100
AcDbVisualStyle
  2
Facepattern
 70
    15
177
     2
291
     1
 71
     2
176
     1
 72
     2
176
     1
 73
     0
176
     1
 90
        0
176
     1
 40
0.6
176
     1
 41
30.0
176
     1
 63
     7
421
 16777215
176
     1
 74
     1
176
     1
 91
        4
176
     1
 64
     7
176
     1
 65
   257
176
     1
 75
     1
176
     1
175
     1
176
     1
 42
1.0
176
     1
 92
        8
176
     1
 66
     7
176
     1
 43
1.0
176
     1
 76
     1
176
     1
 77
     6
176
     1
 78
     2
176
     1
 67
     7
176
     1
 79
     5
176
     1
170
     0
176
     1
171
     0
176
     1
290
     0
176
     1
 93
        1
176
     1
 44
0.0
176
     1
173
     0
176
     1
1001
ACAD
1000
AcDbSavedByObjectVersion
1070
     0
  0
VISUALSTYLE
  5
1001E
102
{ACAD_XDICTIONARY
360
1007F
102
}
102
{ACAD_REACTORS
330
1001D
102
}
330
1001D
100
AcDbVisualStyle
  2
Flat
 70
     0
177
     2
291
     1
 71
     2
176
     1
 72
     1
176
     1
 73
     1
176
     1
 90
        2
176
     1
 40
0.6
176
     1
 41
30.0
176
     1
 63
     7
421
 16777215
176
     1
 74
     0
176
     1
 91
        0
176
     1
 64
     7
176
     1
 65
   257
176
     1
 75
     1
176
     1
175
     1
176
     1
 42
1.0
176
     1
 92
        8
176
     1
 66
     7
176
     1
 43
1.0
176
     1
 76
     1
176
     1
 77
     6
176
     1
 78
     2
176
     1
 67
     7
176
     1
 79
     5
176
     1
170
     0
176
     1
171
     0
176
     1
290
     0
176
     1
 93
       13
176
     1
 44
0.0
176
     1
173
     0
176
     1
1001
ACAD
1000
AcDbSavedByObjectVersion
1070
     0
  0
VISUALSTYLE
  5
1001F
102
{ACAD_XDICTIONARY
360
10081
102
}
102
{ACAD_REACTORS
330
1001D
102
}
330
1001D
100
AcDbVisualStyle
  2
FlatWithEdges
 70
     1
177
     2
291
     1
 71
     2
176
     1
 72
     1
176
     1
 73
     1
176
     1
 90
        2
176
     1
 40
0.6
176
     1
 41
30.0
176
     1
 63
     7
421
 16777215
176
     1
 74
     1
176
     1
 91
        0
176
     1
 64
     7
176
     1
 65
   257
176
     1
 75
     1
176
     1
175
     1
176
     1
 42
1.0
176
     1
 92
        0
176
     1
 66
   257
176
     1
 43
1.0
176
     1
 76
     1
176
     1
 77
     6
176
     1
 78
     2
176
     1
 67
     7
176
     1
 79
     5
176
     1
170
     0
176
     1
171
     0
176
     1
290
     0
176
     1
 93
       13
176
     1
 44
0.0
176
     1
173
     0
176
     1
1001
ACAD
1000
AcDbSavedByObjectVersion
1070
     0
  0
VISUALSTYLE
  5
10020
102
{ACAD_XDICTIONARY
360
10083
102
}
102
{ACAD_REACTORS
330
1001D
102
}
330
1001D
100
AcDbVisualStyle
  2
Gouraud
 70
     2
177
     2
291
     1
 71
     2
176
     1
 72
     2
176
     1
 73
     1
176
     1
 90
        2
176
     1
 40
0.6
176
     1
 41
30.0
176
     1
 63
     7
421
 16777215
176
     1
 74
     0
176
     1
 91
        0
176
     1
 64
     7
176
     1
 65
   257
176
     1
 75
     1
176
     1
175
     1
176
     1
 42
1.0
176
     1
 92
        0
176
     1
 66
     7
176
     1
 43
1.0
176
     1
 76
     1
176
     1
 77
     6
176
     1
 78
     2
176
     1
 67
     7
176
     1
 79
     5
176
     1
170
     0
176
     1
171
     0
176
     1
290
     0
176
     1
 93
       13
176
     1
 44
0.0
176
     1
173
     0
176
     1
1001
ACAD
1000
AcDbSavedByObjectVersion
1070
     0
  0
VISUALSTYLE
  5
10021
102
{ACAD_XDICTIONARY
360
10085
102
}
102
{ACAD_REACTORS
330
1001D
102
}
330
1001D
100
AcDbVisualStyle
  2
GouraudWithEdges
 70
     3
177
     2
291
     1
 71
     2
176
     1
 72
     2
176
     1
 73
     1
176
     1
 90
        2
176
     1
 40
0.6
176
     1
 41
30.0
176
     1
 63
     7
421
 16777215
176
     1
 74
     1
176
     1
 91
        0
176
     1
 64
     7
176
     1
 65
   257
176
     1
 75
     1
176
     1
175
     1
176
     1
 42
1.0
176
     1
 92
        0
176
     1
 66
   257
176
     1
 43
1.0
176
     1
 76
     1
176
     1
 77
     6
176
     1
 78
     2
176
     1
 67
     7
176
     1
 79
     5
176
     1
170
     0
176
     1
171
     0
176
     1
290
     0
176
     1
 93
       13
176
     1
 44
0.0
176
     1
173
     0
176
     1
1001
ACAD
1000
AcDbSavedByObjectVersion
1070
     0
  0
VISUALSTYLE
  5
10025
102
{ACAD_XDICTIONARY
360
1008D
102
}
102
{ACAD_REACTORS
330
1001D
102
}
330
1001D
100
AcDbVisualStyle
  2
Hidden
 70
     6
177
     2
291
     0
 71
     1
176
     1
 72
     2
176
     1
 73
     2
176
     1
 90
        0
176
     1
 40
0.6
176
     1
 41
30.0
176
     1
 63
     7
421
 16777215
176
     1
 74
     2
176
     1
 91
        2
176
     1
 64
     7
176
     1
 65
   257
176
     1
 75
     2
176
     1
175
     1
176
     1
 42
40.0
176
     1
 92
        0
176
     1
 66
   257
176
     1
 43
1.0
176
     1
 76
     1
176
     1
 77
     6
176
     1
 78
     2
176
     1
 67
     7
176
     1
 79
     3
176
     1
170
     0
176
     1
171
     0
176
     1
290
     0
176
     1
 93
        1
176
     1
 44
0.0
176
     1
173
     0
176
     1
1001
ACAD
1000
AcDbSavedByObjectVersion
1070
     0
  0
VISUALSTYLE
  5
10033
102
{ACAD_XDICTIONARY
360
100A9
102
}
102
{ACAD_REACTORS
330
1001D
102
}
330
1001D
100
AcDbVisualStyle
  2
JitterOff
 70
    20
177
     2
291
     1
 71
     2
176
     0
 72
     2
176
     0
 73
     0
176
     0
 90
        0
176
     0
 40
0.6
176
     0
 41
30.0
176
     0
 63
     7
421
 16777215
176
     0
 74
     1
176
     0
 91
        4
176
     0
 64
     7
176
     0
 65
   257
176
     0
 75
     1
176
     0
175
     1
176
     0
 42
1.0
176
     0
 92
       10
176
     2
 66
     7
176
     0
 43
1.0
176
     0
 76
     1
176
     0
 77
     6
176
     0
 78
     2
176
     0
 67
     7
176
     0
 79
     5
176
     0
170
     0
176
     0
171
     0
176
     0
290
     0
176
     0
 93
        1
176
     0
 44
0.0
176
     0
173
     0
176
     0
1001
ACAD
1000
AcDbSavedByObjectVersion
1070
     0
  0
VISUALSTYLE
  5
1002B
102
{ACAD_XDICTIONARY
360
10099
102
}
102
{ACAD_REACTORS
330
1001D
102
}
330
1001D
100
AcDbVisualStyle
  2
Linepattern
 70
    14
177
     2
291
     1
 71
     2
176
     1
 72
     2
176
     1
 73
     0
176
     1
 90
        0
176
     1
 40
0.6
176
     1
 41
30.0
176
     1
 63
     7
421
 16777215
176
     1
 74
     1
176
     1
 91
        4
176
     1
 64
     7
176
     1
 65
   257
176
     1
 75
     7
176
     1
175
     7
176
     1
 42
1.0
176
     1
 92
        8
176
     1
 66
     7
176
     1
 43
1.0
176
     1
 76
     1
176
     1
 77
     6
176
     1
 78
     2
176
     1
 67
     7
176
     1
 79
     5
176
     1
170
     0
176
     1
171
     0
176
     1
290
     0
176
     1
 93
        1
176
     1
 44
0.0
176
     1
173
     0
176
     1
1001
ACAD
1000
AcDbSavedByObjectVersion
1070
     0
  0
VISUALSTYLE
  5
10034
102
{ACAD_XDICTIONARY
360
100AB
102
}
102
{ACAD_REACTORS
330
1001D
102
}
330
1001D
100
AcDbVisualStyle
  2
OverhangOff
 70
    21
177
     2
291
     1
 71
     2
176
     0
 72
     2
176
     0
 73
     0
176
     0
 90
        0
176
     0
 40
0.6
176
     0
 41
30.0
176
     0
 63
     7
421
 16777215
176
     0
 74
     1
176
     0
 91
        4
176
     0
 64
     7
176
     0
 65
   257
176
     0
 75
     1
176
     0
175
     1
176
     0
 42
1.0
176
     0
 92
        9
176
     2
 66
     7
176
     0
 43
1.0
176
     0
 76
     1
176
     0
 77
     6
176
     0
 78
     2
176
     0
 67
     7
176
     0
 79
     5
176
     0
170
     0
176
     0
171
     0
176
     0
290
     0
176
     0
 93
        1
176
     0
 44
0.0
176
     0
173
     0
176
     0
1001
ACAD
1000
AcDbSavedByObjectVersion
1070
     0
  0
VISUALSTYLE
  5
10027
102
{ACAD_XDICTIONARY
360
10091
102
}
102
{ACAD_REACTORS
330
1001D
102
}
330
1001D
100
AcDbVisualStyle
  2
Realistic
 70
     8
177
     2
291
     0
 71
     2
176
     1
 72
     3
176
     1
 73
     0
176
     1
 90
        2
176
     1
 40
0.6
176
     1
 41
30.0
176
     1
 63
     7
421
 16777215
176
     1
 74
     0
176
     1
 91
        0
176
     1
 64
     7
176
     1
 65
   257
176
     1
 75
     1
176
     1
175
     1
176
     1
 42
1.0
176
     1
 92
        8
176
     1
 66
   257
176
     1
 43
1.0
176
     1
 76
     1
176
     1
 77
     6
176
     1
 78
     2
176
     1
 67
     7
176
     1
 79
     3
176
     1
170
     0
176
     1
171
     0
176
     1
290
     0
176
     1
 93
       13
176
     1
 44
0.0
176
     1
173
     0
176
     1
1001
ACAD
1000
AcDbSavedByObjectVersion
1070
     0
  0
VISUALSTYLE
  5
10032
102
{ACAD_XDICTIONARY
360
100A7
102
}
102
{ACAD_REACTORS
330
1001D
102
}
330
1001D
100
AcDbVisualStyle
  2
Shaded
 70
    27
177
     2
291
     0
 71
     2
176
     1
 72
     2
176
     1
 73
     1
176
     1
 90
        2
176
     1
 40
0.6
176
     1
 41
30.0
176
     1
 63
     7
421
 16777215
176
     1
 74
     0
176
     1
 91
        4
176
     1
 64
     7
176
     1
 65
   257
176
     1
 75
     1
176
     1
175
     1
176
     1
 42
1.0
176
     1
 92
        8
176
     1
 66
   257
176
     1
 43
1.0
176
     1
 76
     1
176
     1
 77
     6
176
     1
 78
     2
176
     1
 67
     8
425
  7895160
176
     1
 79
     3
176
     1
170
     0
176
     1
171
     0
176
     1
290
     0
176
     1
 93
        5
176
     1
 44
0.0
176
     1
173
     0
176
     1
1001
ACAD
1000
AcDbSavedByObjectVersion
1070
     0
  0
VISUALSTYLE
  5
10031
102
{ACAD_XDICTIONARY
360
100A5
102
}
102
{ACAD_REACTORS
330
1001D
102
}
330
1001D
100
AcDbVisualStyle
  2
Shaded with edges
 70
    26
177
     2
291
     0
 71
     2
176
     1
 72
     2
176
     1
 73
     1
176
     1
 90
        2
176
     1
 40
0.6
176
     1
 41
30.0
176
     1
 63
     7
421
 16777215
176
     1
 74
     1
176
     1
 91
        2
176
     1
 64
     7
176
     1
 65
   257
176
     1
 75
     2
176
     1
175
     1
176
     1
 42
1.0
176
     1
 92
        8
176
     1
 66
   257
176
     1
 43
1.0
176
     1
 76
     1
176
     1
 77
     6
176
     1
 78
     2
176
     1
 67
     7
176
     1
 79
     3
176
     1
170
     0
176
     1
171
     0
176
     1
290
     0
176
     1
 93
        5
176
     1
 44
0.0
176
     1
173
     0
176
     1
1001
ACAD
1000
AcDbSavedByObjectVersion
1070
     0
  0
VISUALSTYLE
  5
1002E
102
{ACAD_XDICTIONARY
360
1009F
102
}
102
{ACAD_REACTORS
330
1001D
102
}
330
1001D
100
AcDbVisualStyle
  2
Shades of Gray
 70
    23
177
     2
291
     0
 71
     2
176
     1
 72
     2
176
     1
 73
     3
176
     1
 90
        0
176
     1
 40
0.6
176
     1
 41
30.0
176
     1
 63
     7
421
 16777215
176
     1
 74
     2
176
     1
 91
        2
176
     1
 64
     7
176
     1
 65
     7
176
     1
 75
     1
176
     1
175
     1
176
     1
 42
40.0
176
     1
 92
        8
176
     1
 66
     7
176
     1
 43
1.0
176
     1
 76
     1
176
     1
 77
     6
176
     1
 78
     2
176
     1
 67
     7
176
     1
 79
     3
176
     1
170
     0
176
     1
171
     0
176
     1
290
     0
176
     1
 93
        1
176
     1
 44
0.0
176
     1
173
     0
176
     1
1001
ACAD
1000
AcDbSavedByObjectVersion
1070
     0
  0
VISUALSTYLE
  5
1002F
102
{ACAD_XDICTIONARY
360
100A1
102
}
102
{ACAD_REACTORS
330
1001D
102
}
330
1001D
100
AcDbVisualStyle
  2
Sketchy
 70
    24
177
     2
291
     0
 71
     1
176
     1
 72
     2
176
     1
 73
     2
176
     1
 90
        0
176
     1
 40
0.6
176
     1
 41
30.0
176
     1
 63
     7
421
 16777215
176
     1
 74
     2
176
     1
 91
        2
176
     1
 64
     7
176
     1
 65
     7
176
     1
 75
     1
176
     1
175
     1
176
     1
 42
40.0
176
     1
 92
       11
176
     1
 66
     7
176
     1
 43
1.0
176
     1
 76
     1
176
     1
 77
     6
176
     1
 78
     2
176
     1
 67
     7
176
     1
 79
     6
176
     1
170
     0
176
     1
171
     0
176
     1
290
     0
176
     1
 93
        1
176
     1
 44
0.0
176
     1
173
     0
176
     1
1001
ACAD
1000
AcDbSavedByObjectVersion
1070
     0
  0
VISUALSTYLE
  5
1002A
102
{ACAD_XDICTIONARY
360
10097
102
}
102
{ACAD_REACTORS
330
1001D
102
}
330
1001D
100
AcDbVisualStyle
  2
Thicken
 70
    13
177
     2
291
     1
 71
     2
176
     1
 72
     2
176
     1
 73
     0
176
     1
 90
        0
176
     1
 40
0.6
176
     1
 41
30.0
176
     1
 63
     7
421
 16777215
176
     1
 74
     1
176
     1
 91
        4
176
     1
 64
     7
176
     1
 65
   257
176
     1
 75
     1
176
     1
175
     1
176
     1
 42
1.0
176
     1
 92
       12
176
     1
 66
     7
176
     1
 43
1.0
176
     1
 76
     1
176
     1
 77
     6
176
     1
 78
     2
176
     1
 67
     7
176
     1
 79
     5
176
     1
170
     0
176
     1
171
     0
176
     1
290
     0
176
     1
 93
        1
176
     1
 44
0.0
176
     1
173
     0
176
     1
1001
ACAD
1000
AcDbSavedByObjectVersion
1070
     0
  0
VISUALSTYLE
  5
10024
102
{ACAD_XDICTIONARY
360
1008B
102
}
102
{ACAD_REACTORS
330
1001D
102
}
330
1001D
100
AcDbVisualStyle
  2
Wireframe
 70
     5
177
     2
291
     0
 71
     0
176
     1
 72
     2
176
     1
 73
     0
176
     1
 90
        0
176
     1
 40
0.6
176
     1
 41
30.0
176
     1
 63
     7
421
 16777215
176
     1
 74
     1
176
     1
 91
        4
176
     1
 64
     7
176
     1
 65
   257
176
     1
 75
     1
176
     1
175
     1
176
     1
 42
1.0
176
     1
 92
        0
176
     1
 66
   257
176
     1
 43
1.0
176
     1
 76
     1
176
     1
 77
     6
176
     1
 78
     2
176
     1
 67
     7
176
     1
 79
     3
176
     1
170
     0
176
     1
171
     0
176
     1
290
     0
176
     1
 93
        1
176
     1
 44
0.0
176
     1
173
     0
176
     1
1001
ACAD
1000
AcDbSavedByObjectVersion
1070
     0
  0
VISUALSTYLE
  5
10030
102
{ACAD_XDICTIONARY
360
100A3
102
}
102
{ACAD_REACTORS
330
1001D
102
}
330
1001D
100
AcDbVisualStyle
  2
X-Ray
 70
    25
177
     2
291
     0
 71
     2
176
     1
 72
     2
176
     1
 73
     1
176
     1
 90
        1
176
     1
 40
0.5
176
     1
 41
30.0
176
     1
 63
     7
421
 16777215
176
     1
 74
     1
176
     1
 91
        0
176
     1
 64
     7
176
     1
 65
   257
176
     1
 75
     1
176
     1
175
     1
176
     1
 42
1.0
176
     1
 92
        8
176
     1
 66
     7
176
     1
 43
1.0
176
     1
 76
     1
176
     1
 77
     6
176
     1
 78
     2
176
     1
 67
     7
176
     1
 79
     3
176
     1
170
     0
176
     1
171
     0
176
     1
290
     0
176
     1
 93
       13
176
     1
 44
0.0
176
     1
173
     0
176
     1
1001
ACAD
1000
AcDbSavedByObjectVersion
1070
     0
  0
DICTIONARYVAR
  5
10070
102
{ACAD_REACTORS
330
1006A
102
}
330
1006A
100
DictionaryVariables
280
     0
  1
1:1
  0
DICTIONARYVAR
  5
1006C
102
{ACAD_REACTORS
330
1006A
102
}
330
1006A
100
DictionaryVariables
280
     0
  1
STANDARD
  0
DICTIONARYVAR
  5
1006B
102
{ACAD_REACTORS
330
1006A
102
}
330
1006A
100
DictionaryVariables
280
     0
  1
STANDARD
  0
DICTIONARYVAR
  5
1006D
102
{ACAD_REACTORS
330
1006A
102
}
330
1006A
100
DictionaryVariables
280
     0
  1
Imperial24
  0
DICTIONARYVAR
  5
1006E
102
{ACAD_REACTORS
330
1006A
102
}
330
1006A
100
DictionaryVariables
280
     0
  1
Imperial24
  0
DICTIONARYVAR
  5
10072
102
{ACAD_REACTORS
330
1006A
102
}
330
1006A
100
DictionaryVariables
280
     0
  1
1
  0
DICTIONARYVAR
  5
10073
102
{ACAD_REACTORS
330
1006A
102
}
330
1006A
100
DictionaryVariables
280
     0
  1
15
  0
DICTIONARYVAR
  5
10071
102
{ACAD_REACTORS
330
1006A
102
}
330
1006A
100
DictionaryVariables
280
     0
  1
0
  0
DICTIONARYVAR
  5
1006F
102
{ACAD_REACTORS
330
1006A
102
}
330
1006A
100
DictionaryVariables
280
     0
  1
0
  0
DICTIONARY
  5
1007E
102
{ACAD_REACTORS
330
1007C
102
}
330
1007C
100
AcDbDictionary
281
     1
  0
DICTIONARY
  5
1007D
102
{ACAD_REACTORS
330
1007C
102
}
330
1007C
100
AcDbDictionary
281
     1
  3
5334449264
350
10077
  3
5334449280
350
10078
  3
5334449296
350
10079
  3
5334449312
350
1007A
  3
5334449328
350
1007B
  0
DICTIONARY
  5
100B1
330
10052
100
AcDbDictionary
280
     1
281
     1
  3
ACAD_XREC_ROUNDTRIP
360
100B2
  0
DICTIONARY
  5
1000E
330
1000D
100
AcDbDictionary
280
     1
281
     1
  3
BUMPTILE
360
10010
  3
DIFFUSETILE
360
1000F
  3
OPACITYTILE
360
10013
  3
REFLECTIONTILE
360
10012
  3
REFRACTIONTILE
360
10014
  3
SPECULARTILE
360
10011
  0
DICTIONARY
  5
10006
330
10005
100
AcDbDictionary
280
     1
281
     1
  3
BUMPTILE
360
10008
  3
DIFFUSETILE
360
10007
  3
OPACITYTILE
360
1000B
  3
REFLECTIONTILE
360
1000A
  3
REFRACTIONTILE
360
1000C
  3
SPECULARTILE
360
10009
  0
DICTIONARY
  5
10016
330
10015
100
AcDbDictionary
280
     1
281
     1
  3
BUMPTILE
360
10018
  3
DIFFUSETILE
360
10017
  3
OPACITYTILE
360
1001B
  3
REFLECTIONTILE
360
1001A
  3
REFRACTIONTILE
360
1001C
  3
SPECULARTILE
360
10019
  0
DICTIONARY
  5
100AF
330
10050
100
AcDbDictionary
280
     1
281
     1
  3
ACAD_XREC_ROUNDTRIP
360
100B0
  0
DICTIONARY
  5
10074
330
10039
100
AcDbDictionary
280
     1
281
     1
  3
ACAD_ROUNDTRIP_2008_TABLESTYLE_CELLSTYLEMAP
360
10075
  0
DICTIONARY
  5
10089
330
10023
100
AcDbDictionary
280
     1
281
     1
  3
ACAD_XREC_ROUNDTRIP
360
1008A
  0
DICTIONARY
  5
10087
330
10022
100
AcDbDictionary
280
     1
281
     1
  3
ACAD_XREC_ROUNDTRIP
360
10088
  0
DICTIONARY
  5
10095
330
10029
100
AcDbDictionary
280
     1
281
     1
  3
ACAD_XREC_ROUNDTRIP
360
10096
  0
DICTIONARY
  5
1009D
330
1002D
100
AcDbDictionary
280
     1
281
     1
  3
ACAD_XREC_ROUNDTRIP
360
1009E
  0
DICTIONARY
  5
1008F
330
10026
100
AcDbDictionary
280
     1
281
     1
  3
ACAD_XREC_ROUNDTRIP
360
10090
  0
DICTIONARY
  5
10093
330
10028
100
AcDbDictionary
280
     1
281
     1
  3
ACAD_XREC_ROUNDTRIP
360
10094
  0
DICTIONARY
  5
100AD
330
10035
100
AcDbDictionary
280
     1
281
     1
  3
ACAD_XREC_ROUNDTRIP
360
100AE
  0
DICTIONARY
  5
1009B
330
1002C
100
AcDbDictionary
280
     1
281
     1
  3
ACAD_XREC_ROUNDTRIP
360
1009C
  0
DICTIONARY
  5
1007F
330
1001E
100
AcDbDictionary
280
     1
281
     1
  3
ACAD_XREC_ROUNDTRIP
360
10080
  0
DICTIONARY
  5
10081
330
1001F
100
AcDbDictionary
280
     1
281
     1
  3
ACAD_XREC_ROUNDTRIP
360
10082
  0
DICTIONARY
  5
10083
330
10020
100
AcDbDictionary
280
     1
281
     1
  3
ACAD_XREC_ROUNDTRIP
360
10084
  0
DICTIONARY
  5
10085
330
10021
100
AcDbDictionary
280
     1
281
     1
  3
ACAD_XREC_ROUNDTRIP
360
10086
  0
DICTIONARY
  5
1008D
330
10025
100
AcDbDictionary
280
     1
281
     1
  3
ACAD_XREC_ROUNDTRIP
360
1008E
  0
DICTIONARY
  5
100A9
330
10033
100
AcDbDictionary
280
     1
281
     1
  3
ACAD_XREC_ROUNDTRIP
360
100AA
  0
DICTIONARY
  5
10099
330
1002B
100
AcDbDictionary
280
     1
281
     1
  3
ACAD_XREC_ROUNDTRIP
360
1009A
  0
DICTIONARY
  5
100AB
330
10034
100
AcDbDictionary
280
     1
281
     1
  3
ACAD_XREC_ROUNDTRIP
360
100AC
  0
DICTIONARY
  5
10091
330
10027
100
AcDbDictionary
280
     1
281
     1
  3
ACAD_XREC_ROUNDTRIP
360
10092
  0
DICTIONARY
  5
100A7
330
10032
100
AcDbDictionary
280
     1
281
     1
  3
ACAD_XREC_ROUNDTRIP
360
100A8
  0
DICTIONARY
  5
100A5
330
10031
100
AcDbDictionary
280
     1
281
     1
  3
ACAD_XREC_ROUNDTRIP
360
100A6
  0
DICTIONARY
  5
1009F
330
1002E
100
AcDbDictionary
280
     1
281
     1
  3
ACAD_XREC_ROUNDTRIP
360
100A0
  0
DICTIONARY
  5
100A1
330
1002F
100
AcDbDictionary
280
     1
281
     1
  3
ACAD_XREC_ROUNDTRIP
360
100A2
  0
DICTIONARY
  5
10097
330
1002A
100
AcDbDictionary
280
     1
281
     1
  3
ACAD_XREC_ROUNDTRIP
360
10098
  0
DICTIONARY
  5
1008B
330
10024
100
AcDbDictionary
280
     1
281
     1
  3
ACAD_XREC_ROUNDTRIP
360
1008C
  0
DICTIONARY
  5
100A3
330
10030
100
AcDbDictionary
280
     1
281
     1
  3
ACAD_XREC_ROUNDTRIP
360
100A4
  0
XRECORD
  5
10077
102
{ACAD_REACTORS
330
1007D
102
}
330
1007D
100
AcDbXrecord
280
     1
  1
AcDb_Thumbnail_Schema
102
{ATTRRECORD
341
10078
  2
AcDbDs::TreatedAsObjectData
280
     1
291
     1
102
ATTRRECORD}
102
{ATTRRECORD
341
10079
  2
AcDbDs::Legacy
280
     1
291
     1
102
ATTRRECORD}
  2
AcDbDs::ID
280
    10
 91
        8
102
{ATTRRECORD
341
1007A
  2
AcDs:Indexable
280
     1
291
     1
102
ATTRRECORD}
102
{ATTRRECORD
341
1007B
  2
AcDbDs::HandleAttribute
280
     7
282
     1
102
ATTRRECORD}
  2
Thumbnail_Data
280
    15
 91
        0
  0
XRECORD
  5
10078
102
{ACAD_REACTORS
330
1007D
102
}
330
1007D
100
AcDbXrecord
280
     1
  1
AcDbDs::TreatedAsObjectDataSchema
  2
AcDbDs::TreatedAsObjectData
280
     1
 91
        0
  0
XRECORD
  5
10079
102
{ACAD_REACTORS
330
1007D
102
}
330
1007D
100
AcDbXrecord
280
     1
  1
AcDbDs::LegacySchema
  2
AcDbDs::Legacy
280
     1
 91
        0
  0
XRECORD
  5
1007A
102
{ACAD_REACTORS
330
1007D
102
}
330
1007D
100
AcDbXrecord
280
     1
  1
AcDbDs::IndexedPropertySchema
  2
AcDs:Indexable
280
     1
 91
        0
  0
XRECORD
  5
1007B
102
{ACAD_REACTORS
330
1007D
102
}
330
1007D
100
AcDbXrecord
280
     1
  1
AcDbDs::HandleAttributeSchema
  2
AcDbDs::HandleAttribute
280
     7
 91
        1
284
     1
  0
XRECORD
  5
100B2
102
{ACAD_REACTORS
330
100B1
102
}
330
100B1
100
AcDbXrecord
280
     1
102
DISPLAYNAME
  1
Imperial24
102
FLAGS
 90
        0
  0
XRECORD
  5
10010
102
{ACAD_REACTORS
330
1000E
102
}
330
1000E
100
AcDbXrecord
280
     1
270
     1
271
     1
  0
XRECORD
  5
1000F
102
{ACAD_REACTORS
330
1000E
102
}
330
1000E
100
AcDbXrecord
280
     1
270
     1
271
     1
  0
XRECORD
  5
10013
102
{ACAD_REACTORS
330
1000E
102
}
330
1000E
100
AcDbXrecord
280
     1
270
     1
271
     1
  0
XRECORD
  5
10012
102
{ACAD_REACTORS
330
1000E
102
}
330
1000E
100
AcDbXrecord
280
     1
270
     1
271
     1
  0
XRECORD
  5
10014
102
{ACAD_REACTORS
330
1000E
102
}
330
1000E
100
AcDbXrecord
280
     1
270
     1
271
     1
  0
XRECORD
  5
10011
102
{ACAD_REACTORS
330
1000E
102
}
330
1000E
100
AcDbXrecord
280
     1
270
     1
271
     1
  0
XRECORD
  5
10008
102
{ACAD_REACTORS
330
10006
102
}
330
10006
100
AcDbXrecord
280
     1
270
     1
271
     1
  0
XRECORD
  5
10007
102
{ACAD_REACTORS
330
10006
102
}
330
10006
100
AcDbXrecord
280
     1
270
     1
271
     1
  0
XRECORD
  5
1000B
102
{ACAD_REACTORS
330
10006
102
}
330
10006
100
AcDbXrecord
280
     1
270
     1
271
     1
  0
XRECORD
  5
1000A
102
{ACAD_REACTORS
330
10006
102
}
330
10006
100
AcDbXrecord
280
     1
270
     1
271
     1
  0
XRECORD
  5
1000C
102
{ACAD_REACTORS
330
10006
102
}
330
10006
100
AcDbXrecord
280
     1
270
     1
271
     1
  0
XRECORD
  5
10009
102
{ACAD_REACTORS
330
10006
102
}
330
10006
100
AcDbXrecord
280
     1
270
     1
271
     1
  0
XRECORD
  5
10018
102
{ACAD_REACTORS
330
10016
102
}
330
10016
100
AcDbXrecord
280
     1
270
     1
271
     1
  0
XRECORD
  5
10017
102
{ACAD_REACTORS
330
10016
102
}
330
10016
100
AcDbXrecord
280
     1
270
     1
271
     1
  0
XRECORD
  5
1001B
102
{ACAD_REACTORS
330
10016
102
}
330
10016
100
AcDbXrecord
280
     1
270
     1
271
     1
  0
XRECORD
  5
1001A
102
{ACAD_REACTORS
330
10016
102
}
330
10016
100
AcDbXrecord
280
     1
270
     1
271
     1
  0
XRECORD
  5
1001C
102
{ACAD_REACTORS
330
10016
102
}
330
10016
100
AcDbXrecord
280
     1
270
     1
271
     1
  0
XRECORD
  5
10019
102
{ACAD_REACTORS
330
10016
102
}
330
10016
100
AcDbXrecord
280
     1
270
     1
271
     1
  0
XRECORD
  5
100B0
102
{ACAD_REACTORS
330
100AF
102
}
330
100AF
100
AcDbXrecord
280
     1
102
DISPLAYNAME
  1
Imperial24
102
FLAGS
 90
        0
  0
CELLSTYLEMAP
  5
10075
102
{ACAD_REACTORS
330
10074
102
}
330
10074
100
AcDbCellStyleMap
 90
        3
300
CELLSTYLE
  1
TABLEFORMAT_BEGIN
 90
        5
170
     1
 91
        0
 92
    32768
 62
   257
 93
        1
300
CONTENTFORMAT
  1
CONTENTFORMAT_BEGIN
 90
        0
 91
        0
 92
      512
 93
        0
300

 40
0.0
140
1.0
 94
        5
 62
     0
340
11
144
0.25
309
CONTENTFORMAT_END
171
     0
 94
        0
309
TABLEFORMAT_END
  1
CELLSTYLE_BEGIN
 90
        1
 91
        1
300
_TITLE
309
CELLSTYLE_END
300
CELLSTYLE
  1
TABLEFORMAT_BEGIN
 90
        5
170
     1
 91
        0
 92
        0
 62
   257
 93
        1
300
CONTENTFORMAT
  1
CONTENTFORMAT_BEGIN
 90
        0
 91
        0
 92
      512
 93
        0
300

 40
0.0
140
1.0
 94
        5
 62
     0
340
11
144
0.18
309
CONTENTFORMAT_END
171
     0
 94
        0
309
TABLEFORMAT_END
  1
CELLSTYLE_BEGIN
 90
        2
 91
        1
300
_HEADER
309
CELLSTYLE_END
300
CELLSTYLE
  1
TABLEFORMAT_BEGIN
 90
        5
170
     1
 91
        0
 92
        0
 62
   257
 93
        1
300
CONTENTFORMAT
  1
CONTENTFORMAT_BEGIN
 90
        0
 91
        0
 92
      512
 93
        0
300

 40
0.0
140
1.0
 94
        2
 62
     0
340
11
144
0.18
309
CONTENTFORMAT_END
171
     0
 94
        0
309
TABLEFORMAT_END
  1
CELLSTYLE_BEGIN
 90
        3
 91
        2
300
_DATA
309
CELLSTYLE_END
  0
XRECORD
  5
1008A
102
{ACAD_REACTORS
330
10089
102
}
330
10089
100
AcDbXrecord
280
     1
102
RTVSPost2010Prop28
280
     1
102
RTVSPost2010PropOp28
 70
     1
102
RTVSPost2010Prop29
280
     1
102
RTVSPost2010PropOp29
 70
     1
102
RTVSPost2010Prop30
280
     0
102
RTVSPost2010PropOp30
 70
     1
102
RTVSPost2010Prop31
280
     0
102
RTVSPost2010PropOp31
 70
     1
102
RTVSPost2010Prop32
280
     0
102
RTVSPost2010PropOp32
 70
     1
102
RTVSPost2010Prop33
280
     0
102
RTVSPost2010PropOp33
 70
     1
102
RTVSPost2010Prop34
280
     0
102
RTVSPost2010PropOp34
 70
     1
102
RTVSPost2010Prop35
280
     0
102
RTVSPost2010PropOp35
 70
     1
102
RTVSPost2010Prop36
280
     0
102
RTVSPost2010PropOp36
 70
     1
102
RTVSPost2010Prop37
 90
       50
102
RTVSPost2010PropOp37
 70
     1
102
RTVSPost2010Prop38
140
0.0
102
RTVSPost2010PropOp38
 70
     1
102
RTVSPost2010Prop39
140
1.0
102
RTVSPost2010PropOp39
 70
     1
102
RTVSPost2010Prop40
 90
        0
102
RTVSPost2010PropOp40
 70
     1
102
RTVSPost2010Prop41ColorIndex
 90
       18
102
RTVSPost2010Prop41ColorRGB
 90
        0
102
RTVSPost2010PropOp41
 70
     1
102
RTVSPost2010Prop42
 90
       50
102
RTVSPost2010PropOp42
 70
     1
102
RTVSPost2010Prop43
 90
        3
102
RTVSPost2010PropOp43
 70
     1
102
RTVSPost2010Prop44ColorIndex
 90
        5
102
RTVSPost2010Prop44ColorRGB
 90
      255
102
RTVSPost2010PropOp44
 70
     1
102
RTVSPost2010Prop45
280
     0
102
RTVSPost2010PropOp45
 70
     1
102
RTVSPost2010Prop46
 90
       50
102
RTVSPost2010PropOp46
 70
     1
102
RTVSPost2010Prop47
 90
       50
102
RTVSPost2010PropOp47
 70
     1
102
RTVSPost2010Prop48
 90
       50
102
RTVSPost2010PropOp48
 70
     1
102
RTVSPost2010Prop49
280
     0
102
RTVSPost2010PropOp49
 70
     1
102
RTVSPost2010Prop50
 90
       50
102
RTVSPost2010PropOp50
 70
     1
102
RTVSPost2010Prop51ColorIndex
 90
      256
102
RTVSPost2010Prop51ColorRGB
 90
-16777216
102
RTVSPost2010PropOp51
 70
     0
102
RTVSPost2010Prop52
140
1.0
102
RTVSPost2010PropOp52
 70
     0
102
RTVSPost2010Prop53
 90
        2
102
RTVSPost2010PropOp53
 70
     1
102
RTVSPost2010Prop54
  1
strokes_ogs.tif
102
RTVSPost2010PropOp54
 70
     1
102
RTVSPost2010Prop55
280
     0
102
RTVSPost2010PropOp55
 70
     1
102
RTVSPost2010Prop56
140
1.0
102
RTVSPost2010PropOp56
 70
     1
102
RTVSPost2010Prop57
140
1.0
102
RTVSPost2010PropOp57
 70
     1
  0
XRECORD
  5
10088
102
{ACAD_REACTORS
330
10087
102
}
330
10087
100
AcDbXrecord
280
     1
102
RTVSPost2010Prop28
280
     0
102
RTVSPost2010PropOp28
 70
     1
102
RTVSPost2010Prop29
280
     1
102
RTVSPost2010PropOp29
 70
     1
102
RTVSPost2010Prop30
280
     1
102
RTVSPost2010PropOp30
 70
     1
102
RTVSPost2010Prop31
280
     0
102
RTVSPost2010PropOp31
 70
     1
102
RTVSPost2010Prop32
280
     0
102
RTVSPost2010PropOp32
 70
     1
102
RTVSPost2010Prop33
280
     0
102
RTVSPost2010PropOp33
 70
     1
102
RTVSPost2010Prop34
280
     0
102
RTVSPost2010PropOp34
 70
     1
102
RTVSPost2010Prop35
280
     0
102
RTVSPost2010PropOp35
 70
     1
102
RTVSPost2010Prop36
280
     0
102
RTVSPost2010PropOp36
 70
     1
102
RTVSPost2010Prop37
 90
       50
102
RTVSPost2010PropOp37
 70
     1
102
RTVSPost2010Prop38
140
0.0
102
RTVSPost2010PropOp38
 70
     1
102
RTVSPost2010Prop39
140
1.0
102
RTVSPost2010PropOp39
 70
     1
102
RTVSPost2010Prop40
 90
        0
102
RTVSPost2010PropOp40
 70
     1
102
RTVSPost2010Prop41ColorIndex
 90
       18
102
RTVSPost2010Prop41ColorRGB
 90
        0
102
RTVSPost2010PropOp41
 70
     1
102
RTVSPost2010Prop42
 90
       50
102
RTVSPost2010PropOp42
 70
     1
102
RTVSPost2010Prop43
 90
        3
102
RTVSPost2010PropOp43
 70
     1
102
RTVSPost2010Prop44ColorIndex
 90
        5
102
RTVSPost2010Prop44ColorRGB
 90
      255
102
RTVSPost2010PropOp44
 70
     1
102
RTVSPost2010Prop45
280
     0
102
RTVSPost2010PropOp45
 70
     1
102
RTVSPost2010Prop46
 90
       50
102
RTVSPost2010PropOp46
 70
     1
102
RTVSPost2010Prop47
 90
       50
102
RTVSPost2010PropOp47
 70
     1
102
RTVSPost2010Prop48
 90
       50
102
RTVSPost2010PropOp48
 70
     1
102
RTVSPost2010Prop49
280
     0
102
RTVSPost2010PropOp49
 70
     1
102
RTVSPost2010Prop50
 90
       50
102
RTVSPost2010PropOp50
 70
     1
102
RTVSPost2010Prop51ColorIndex
 90
      256
102
RTVSPost2010Prop51ColorRGB
 90
-16777216
102
RTVSPost2010PropOp51
 70
     0
102
RTVSPost2010Prop52
140
1.0
102
RTVSPost2010PropOp52
 70
     0
102
RTVSPost2010Prop53
 90
        2
102
RTVSPost2010PropOp53
 70
     1
102
RTVSPost2010Prop54
  1
strokes_ogs.tif
102
RTVSPost2010PropOp54
 70
     1
102
RTVSPost2010Prop55
280
     0
102
RTVSPost2010PropOp55
 70
     1
102
RTVSPost2010Prop56
140
1.0
102
RTVSPost2010PropOp56
 70
     1
102
RTVSPost2010Prop57
140
1.0
102
RTVSPost2010PropOp57
 70
     1
  0
XRECORD
  5
10096
102
{ACAD_REACTORS
330
10095
102
}
330
10095
100
AcDbXrecord
280
     1
102
RTVSPost2010Prop28
280
     0
102
RTVSPost2010PropOp28
 70
     1
102
RTVSPost2010Prop29
280
     1
102
RTVSPost2010PropOp29
 70
     1
102
RTVSPost2010Prop30
280
     1
102
RTVSPost2010PropOp30
 70
     1
102
RTVSPost2010Prop31
280
     0
102
RTVSPost2010PropOp31
 70
     1
102
RTVSPost2010Prop32
280
     0
102
RTVSPost2010PropOp32
 70
     1
102
RTVSPost2010Prop33
280
     0
102
RTVSPost2010PropOp33
 70
     1
102
RTVSPost2010Prop34
280
     0
102
RTVSPost2010PropOp34
 70
     1
102
RTVSPost2010Prop35
280
     0
102
RTVSPost2010PropOp35
 70
     1
102
RTVSPost2010Prop36
280
     0
102
RTVSPost2010PropOp36
 70
     1
102
RTVSPost2010Prop37
 90
       50
102
RTVSPost2010PropOp37
 70
     1
102
RTVSPost2010Prop38
140
0.0
102
RTVSPost2010PropOp38
 70
     1
102
RTVSPost2010Prop39
140
1.0
102
RTVSPost2010PropOp39
 70
     1
102
RTVSPost2010Prop40
 90
        0
102
RTVSPost2010PropOp40
 70
     1
102
RTVSPost2010Prop41ColorIndex
 90
       18
102
RTVSPost2010Prop41ColorRGB
 90
        0
102
RTVSPost2010PropOp41
 70
     1
102
RTVSPost2010Prop42
 90
       50
102
RTVSPost2010PropOp42
 70
     1
102
RTVSPost2010Prop43
 90
        3
102
RTVSPost2010PropOp43
 70
     1
102
RTVSPost2010Prop44ColorIndex
 90
        5
102
RTVSPost2010Prop44ColorRGB
 90
      255
102
RTVSPost2010PropOp44
 70
     1
102
RTVSPost2010Prop45
280
     0
102
RTVSPost2010PropOp45
 70
     1
102
RTVSPost2010Prop46
 90
       50
102
RTVSPost2010PropOp46
 70
     1
102
RTVSPost2010Prop47
 90
       50
102
RTVSPost2010PropOp47
 70
     1
102
RTVSPost2010Prop48
 90
       50
102
RTVSPost2010PropOp48
 70
     1
102
RTVSPost2010Prop49
280
     0
102
RTVSPost2010PropOp49
 70
     1
102
RTVSPost2010Prop50
 90
       50
102
RTVSPost2010PropOp50
 70
     1
102
RTVSPost2010Prop51ColorIndex
 90
      256
102
RTVSPost2010Prop51ColorRGB
 90
-16777216
102
RTVSPost2010PropOp51
 70
     0
102
RTVSPost2010Prop52
140
1.0
102
RTVSPost2010PropOp52
 70
     0
102
RTVSPost2010Prop53
 90
        2
102
RTVSPost2010PropOp53
 70
     1
102
RTVSPost2010Prop54
  1
strokes_ogs.tif
102
RTVSPost2010PropOp54
 70
     1
102
RTVSPost2010Prop55
280
     0
102
RTVSPost2010PropOp55
 70
     1
102
RTVSPost2010Prop56
140
1.0
102
RTVSPost2010PropOp56
 70
     1
102
RTVSPost2010Prop57
140
1.0
102
RTVSPost2010PropOp57
 70
     1
  0
XRECORD
  5
1009E
102
{ACAD_REACTORS
330
1009D
102
}
330
1009D
100
AcDbXrecord
280
     1
102
RTVSPost2010Prop28
280
     0
102
RTVSPost2010PropOp28
 70
     1
102
RTVSPost2010Prop29
280
     1
102
RTVSPost2010PropOp29
 70
     1
102
RTVSPost2010Prop30
280
     1
102
RTVSPost2010PropOp30
 70
     1
102
RTVSPost2010Prop31
280
     0
102
RTVSPost2010PropOp31
 70
     1
102
RTVSPost2010Prop32
280
     0
102
RTVSPost2010PropOp32
 70
     1
102
RTVSPost2010Prop33
280
     0
102
RTVSPost2010PropOp33
 70
     1
102
RTVSPost2010Prop34
280
     0
102
RTVSPost2010PropOp34
 70
     1
102
RTVSPost2010Prop35
280
     0
102
RTVSPost2010PropOp35
 70
     1
102
RTVSPost2010Prop36
280
     0
102
RTVSPost2010PropOp36
 70
     1
102
RTVSPost2010Prop37
 90
       50
102
RTVSPost2010PropOp37
 70
     1
102
RTVSPost2010Prop38
140
0.0
102
RTVSPost2010PropOp38
 70
     1
102
RTVSPost2010Prop39
140
1.0
102
RTVSPost2010PropOp39
 70
     1
102
RTVSPost2010Prop40
 90
        0
102
RTVSPost2010PropOp40
 70
     1
102
RTVSPost2010Prop41ColorIndex
 90
       18
102
RTVSPost2010Prop41ColorRGB
 90
        0
102
RTVSPost2010PropOp41
 70
     1
102
RTVSPost2010Prop42
 90
       50
102
RTVSPost2010PropOp42
 70
     1
102
RTVSPost2010Prop43
 90
        3
102
RTVSPost2010PropOp43
 70
     1
102
RTVSPost2010Prop44ColorIndex
 90
        5
102
RTVSPost2010Prop44ColorRGB
 90
      255
102
RTVSPost2010PropOp44
 70
     1
102
RTVSPost2010Prop45
280
     0
102
RTVSPost2010PropOp45
 70
     1
102
RTVSPost2010Prop46
 90
       50
102
RTVSPost2010PropOp46
 70
     1
102
RTVSPost2010Prop47
 90
       50
102
RTVSPost2010PropOp47
 70
     1
102
RTVSPost2010Prop48
 90
       50
102
RTVSPost2010PropOp48
 70
     1
102
RTVSPost2010Prop49
280
     0
102
RTVSPost2010PropOp49
 70
     1
102
RTVSPost2010Prop50
 90
       50
102
RTVSPost2010PropOp50
 70
     1
102
RTVSPost2010Prop51ColorIndex
 90
      256
102
RTVSPost2010Prop51ColorRGB
 90
-16777216
102
RTVSPost2010PropOp51
 70
     0
102
RTVSPost2010Prop52
140
1.0
102
RTVSPost2010PropOp52
 70
     0
102
RTVSPost2010Prop53
 90
        2
102
RTVSPost2010PropOp53
 70
     1
102
RTVSPost2010Prop54
  1
strokes_ogs.tif
102
RTVSPost2010PropOp54
 70
     1
102
RTVSPost2010Prop55
280
     0
102
RTVSPost2010PropOp55
 70
     1
102
RTVSPost2010Prop56
140
1.0
102
RTVSPost2010PropOp56
 70
     1
102
RTVSPost2010Prop57
140
1.0
102
RTVSPost2010PropOp57
 70
     1
  0
XRECORD
  5
10090
102
{ACAD_REACTORS
330
1008F
102
}
330
1008F
100
AcDbXrecord
280
     1
102
RTVSPost2010Prop28
280
     0
102
RTVSPost2010PropOp28
 70
     1
102
RTVSPost2010Prop29
280
     1
102
RTVSPost2010PropOp29
 70
     1
102
RTVSPost2010Prop30
280
     1
102
RTVSPost2010PropOp30
 70
     1
102
RTVSPost2010Prop31
280
     0
102
RTVSPost2010PropOp31
 70
     1
102
RTVSPost2010Prop32
280
     0
102
RTVSPost2010PropOp32
 70
     1
102
RTVSPost2010Prop33
280
     0
102
RTVSPost2010PropOp33
 70
     1
102
RTVSPost2010Prop34
280
     0
102
RTVSPost2010PropOp34
 70
     1
102
RTVSPost2010Prop35
280
     0
102
RTVSPost2010PropOp35
 70
     1
102
RTVSPost2010Prop36
280
     0
102
RTVSPost2010PropOp36
 70
     1
102
RTVSPost2010Prop37
 90
       50
102
RTVSPost2010PropOp37
 70
     1
102
RTVSPost2010Prop38
140
0.0
102
RTVSPost2010PropOp38
 70
     1
102
RTVSPost2010Prop39
140
1.0
102
RTVSPost2010PropOp39
 70
     1
102
RTVSPost2010Prop40
 90
        0
102
RTVSPost2010PropOp40
 70
     1
102
RTVSPost2010Prop41ColorIndex
 90
       18
102
RTVSPost2010Prop41ColorRGB
 90
        0
102
RTVSPost2010PropOp41
 70
     1
102
RTVSPost2010Prop42
 90
       50
102
RTVSPost2010PropOp42
 70
     1
102
RTVSPost2010Prop43
 90
        3
102
RTVSPost2010PropOp43
 70
     1
102
RTVSPost2010Prop44ColorIndex
 90
        5
102
RTVSPost2010Prop44ColorRGB
 90
      255
102
RTVSPost2010PropOp44
 70
     1
102
RTVSPost2010Prop45
280
     0
102
RTVSPost2010PropOp45
 70
     1
102
RTVSPost2010Prop46
 90
       50
102
RTVSPost2010PropOp46
 70
     1
102
RTVSPost2010Prop47
 90
       50
102
RTVSPost2010PropOp47
 70
     1
102
RTVSPost2010Prop48
 90
       50
102
RTVSPost2010PropOp48
 70
     1
102
RTVSPost2010Prop49
280
     0
102
RTVSPost2010PropOp49
 70
     1
102
RTVSPost2010Prop50
 90
       50
102
RTVSPost2010PropOp50
 70
     1
102
RTVSPost2010Prop51ColorIndex
 90
      256
102
RTVSPost2010Prop51ColorRGB
 90
-16777216
102
RTVSPost2010PropOp51
 70
     0
102
RTVSPost2010Prop52
140
1.0
102
RTVSPost2010PropOp52
 70
     0
102
RTVSPost2010Prop53
 90
        2
102
RTVSPost2010PropOp53
 70
     1
102
RTVSPost2010Prop54
  1
strokes_ogs.tif
102
RTVSPost2010PropOp54
 70
     1
102
RTVSPost2010Prop55
280
     0
102
RTVSPost2010PropOp55
 70
     1
102
RTVSPost2010Prop56
140
1.0
102
RTVSPost2010PropOp56
 70
     1
102
RTVSPost2010Prop57
140
1.0
102
RTVSPost2010PropOp57
 70
     1
  0
XRECORD
  5
10094
102
{ACAD_REACTORS
330
10093
102
}
330
10093
100
AcDbXrecord
280
     1
102
RTVSPost2010Prop28
280
     0
102
RTVSPost2010PropOp28
 70
     1
102
RTVSPost2010Prop29
280
     1
102
RTVSPost2010PropOp29
 70
     1
102
RTVSPost2010Prop30
280
     1
102
RTVSPost2010PropOp30
 70
     1
102
RTVSPost2010Prop31
280
     0
102
RTVSPost2010PropOp31
 70
     1
102
RTVSPost2010Prop32
280
     0
102
RTVSPost2010PropOp32
 70
     1
102
RTVSPost2010Prop33
280
     0
102
RTVSPost2010PropOp33
 70
     1
102
RTVSPost2010Prop34
280
     0
102
RTVSPost2010PropOp34
 70
     1
102
RTVSPost2010Prop35
280
     0
102
RTVSPost2010PropOp35
 70
     1
102
RTVSPost2010Prop36
280
     0
102
RTVSPost2010PropOp36
 70
     1
102
RTVSPost2010Prop37
 90
       50
102
RTVSPost2010PropOp37
 70
     1
102
RTVSPost2010Prop38
140
0.0
102
RTVSPost2010PropOp38
 70
     1
102
RTVSPost2010Prop39
140
1.0
102
RTVSPost2010PropOp39
 70
     1
102
RTVSPost2010Prop40
 90
        0
102
RTVSPost2010PropOp40
 70
     1
102
RTVSPost2010Prop41ColorIndex
 90
       18
102
RTVSPost2010Prop41ColorRGB
 90
        0
102
RTVSPost2010PropOp41
 70
     1
102
RTVSPost2010Prop42
 90
       50
102
RTVSPost2010PropOp42
 70
     1
102
RTVSPost2010Prop43
 90
        3
102
RTVSPost2010PropOp43
 70
     1
102
RTVSPost2010Prop44ColorIndex
 90
        5
102
RTVSPost2010Prop44ColorRGB
 90
      255
102
RTVSPost2010PropOp44
 70
     1
102
RTVSPost2010Prop45
280
     0
102
RTVSPost2010PropOp45
 70
     1
102
RTVSPost2010Prop46
 90
       50
102
RTVSPost2010PropOp46
 70
     1
102
RTVSPost2010Prop47
 90
       50
102
RTVSPost2010PropOp47
 70
     1
102
RTVSPost2010Prop48
 90
       50
102
RTVSPost2010PropOp48
 70
     1
102
RTVSPost2010Prop49
280
     0
102
RTVSPost2010PropOp49
 70
     1
102
RTVSPost2010Prop50
 90
       50
102
RTVSPost2010PropOp50
 70
     1
102
RTVSPost2010Prop51ColorIndex
 90
      256
102
RTVSPost2010Prop51ColorRGB
 90
-16777216
102
RTVSPost2010PropOp51
 70
     0
102
RTVSPost2010Prop52
140
1.0
102
RTVSPost2010PropOp52
 70
     0
102
RTVSPost2010Prop53
 90
        2
102
RTVSPost2010PropOp53
 70
     1
102
RTVSPost2010Prop54
  1
strokes_ogs.tif
102
RTVSPost2010PropOp54
 70
     1
102
RTVSPost2010Prop55
280
     0
102
RTVSPost2010PropOp55
 70
     1
102
RTVSPost2010Prop56
140
1.0
102
RTVSPost2010PropOp56
 70
     1
102
RTVSPost2010Prop57
140
1.0
102
RTVSPost2010PropOp57
 70
     1
  0
XRECORD
  5
100AE
102
{ACAD_REACTORS
330
100AD
102
}
330
100AD
100
AcDbXrecord
280
     1
102
RTVSPost2010Prop28
280
     0
102
RTVSPost2010PropOp28
 70
     1
102
RTVSPost2010Prop29
280
     1
102
RTVSPost2010PropOp29
 70
     1
102
RTVSPost2010Prop30
280
     1
102
RTVSPost2010PropOp30
 70
     1
102
RTVSPost2010Prop31
280
     0
102
RTVSPost2010PropOp31
 70
     1
102
RTVSPost2010Prop32
280
     0
102
RTVSPost2010PropOp32
 70
     1
102
RTVSPost2010Prop33
280
     0
102
RTVSPost2010PropOp33
 70
     1
102
RTVSPost2010Prop34
280
     0
102
RTVSPost2010PropOp34
 70
     1
102
RTVSPost2010Prop35
280
     0
102
RTVSPost2010PropOp35
 70
     1
102
RTVSPost2010Prop36
280
     0
102
RTVSPost2010PropOp36
 70
     1
102
RTVSPost2010Prop37
 90
       50
102
RTVSPost2010PropOp37
 70
     0
102
RTVSPost2010Prop38
140
0.0
102
RTVSPost2010PropOp38
 70
     0
102
RTVSPost2010Prop39
140
1.0
102
RTVSPost2010PropOp39
 70
     0
102
RTVSPost2010Prop40
 90
        0
102
RTVSPost2010PropOp40
 70
     0
102
RTVSPost2010Prop41ColorIndex
 90
       18
102
RTVSPost2010Prop41ColorRGB
 90
        0
102
RTVSPost2010PropOp41
 70
     0
102
RTVSPost2010Prop42
 90
       50
102
RTVSPost2010PropOp42
 70
     0
102
RTVSPost2010Prop43
 90
        3
102
RTVSPost2010PropOp43
 70
     0
102
RTVSPost2010Prop44ColorIndex
 90
        5
102
RTVSPost2010Prop44ColorRGB
 90
      255
102
RTVSPost2010PropOp44
 70
     0
102
RTVSPost2010Prop45
280
     0
102
RTVSPost2010PropOp45
 70
     1
102
RTVSPost2010Prop46
 90
       50
102
RTVSPost2010PropOp46
 70
     0
102
RTVSPost2010Prop47
 90
       50
102
RTVSPost2010PropOp47
 70
     0
102
RTVSPost2010Prop48
 90
       50
102
RTVSPost2010PropOp48
 70
     0
102
RTVSPost2010Prop49
280
     0
102
RTVSPost2010PropOp49
 70
     1
102
RTVSPost2010Prop50
 90
       50
102
RTVSPost2010PropOp50
 70
     0
102
RTVSPost2010Prop51ColorIndex
 90
      256
102
RTVSPost2010Prop51ColorRGB
 90
-16777216
102
RTVSPost2010PropOp51
 70
     0
102
RTVSPost2010Prop52
140
1.0
102
RTVSPost2010PropOp52
 70
     0
102
RTVSPost2010Prop53
 90
        2
102
RTVSPost2010PropOp53
 70
     0
102
RTVSPost2010Prop54
  1
strokes_ogs.tif
102
RTVSPost2010PropOp54
 70
     0
102
RTVSPost2010Prop55
280
     0
102
RTVSPost2010PropOp55
 70
     1
102
RTVSPost2010Prop56
140
1.0
102
RTVSPost2010PropOp56
 70
     0
102
RTVSPost2010Prop57
140
1.0
102
RTVSPost2010PropOp57
 70
     0
  0
XRECORD
  5
1009C
102
{ACAD_REACTORS
330
1009B
102
}
330
1009B
100
AcDbXrecord
280
     1
102
RTVSPost2010Prop28
280
     0
102
RTVSPost2010PropOp28
 70
     1
102
RTVSPost2010Prop29
280
     1
102
RTVSPost2010PropOp29
 70
     1
102
RTVSPost2010Prop30
280
     1
102
RTVSPost2010PropOp30
 70
     1
102
RTVSPost2010Prop31
280
     0
102
RTVSPost2010PropOp31
 70
     1
102
RTVSPost2010Prop32
280
     0
102
RTVSPost2010PropOp32
 70
     1
102
RTVSPost2010Prop33
280
     0
102
RTVSPost2010PropOp33
 70
     1
102
RTVSPost2010Prop34
280
     0
102
RTVSPost2010PropOp34
 70
     1
102
RTVSPost2010Prop35
280
     0
102
RTVSPost2010PropOp35
 70
     1
102
RTVSPost2010Prop36
280
     0
102
RTVSPost2010PropOp36
 70
     1
102
RTVSPost2010Prop37
 90
       50
102
RTVSPost2010PropOp37
 70
     1
102
RTVSPost2010Prop38
140
0.0
102
RTVSPost2010PropOp38
 70
     1
102
RTVSPost2010Prop39
140
1.0
102
RTVSPost2010PropOp39
 70
     1
102
RTVSPost2010Prop40
 90
        0
102
RTVSPost2010PropOp40
 70
     1
102
RTVSPost2010Prop41ColorIndex
 90
       18
102
RTVSPost2010Prop41ColorRGB
 90
        0
102
RTVSPost2010PropOp41
 70
     1
102
RTVSPost2010Prop42
 90
       50
102
RTVSPost2010PropOp42
 70
     1
102
RTVSPost2010Prop43
 90
        3
102
RTVSPost2010PropOp43
 70
     1
102
RTVSPost2010Prop44ColorIndex
 90
        5
102
RTVSPost2010Prop44ColorRGB
 90
      255
102
RTVSPost2010PropOp44
 70
     1
102
RTVSPost2010Prop45
280
     0
102
RTVSPost2010PropOp45
 70
     1
102
RTVSPost2010Prop46
 90
       50
102
RTVSPost2010PropOp46
 70
     1
102
RTVSPost2010Prop47
 90
       50
102
RTVSPost2010PropOp47
 70
     1
102
RTVSPost2010Prop48
 90
       50
102
RTVSPost2010PropOp48
 70
     1
102
RTVSPost2010Prop49
280
     0
102
RTVSPost2010PropOp49
 70
     1
102
RTVSPost2010Prop50
 90
       50
102
RTVSPost2010PropOp50
 70
     1
102
RTVSPost2010Prop51ColorIndex
 90
      256
102
RTVSPost2010Prop51ColorRGB
 90
-16777216
102
RTVSPost2010PropOp51
 70
     0
102
RTVSPost2010Prop52
140
1.0
102
RTVSPost2010PropOp52
 70
     0
102
RTVSPost2010Prop53
 90
        2
102
RTVSPost2010PropOp53
 70
     1
102
RTVSPost2010Prop54
  1
strokes_ogs.tif
102
RTVSPost2010PropOp54
 70
     1
102
RTVSPost2010Prop55
280
     0
102
RTVSPost2010PropOp55
 70
     1
102
RTVSPost2010Prop56
140
1.0
102
RTVSPost2010PropOp56
 70
     1
102
RTVSPost2010Prop57
140
1.0
102
RTVSPost2010PropOp57
 70
     1
  0
XRECORD
  5
10080
102
{ACAD_REACTORS
330
1007F
102
}
330
1007F
100
AcDbXrecord
280
     1
102
RTVSPost2010Prop28
280
     0
102
RTVSPost2010PropOp28
 70
     1
102
RTVSPost2010Prop29
280
     1
102
RTVSPost2010PropOp29
 70
     1
102
RTVSPost2010Prop30
280
     1
102
RTVSPost2010PropOp30
 70
     1
102
RTVSPost2010Prop31
280
     0
102
RTVSPost2010PropOp31
 70
     1
102
RTVSPost2010Prop32
280
     0
102
RTVSPost2010PropOp32
 70
     1
102
RTVSPost2010Prop33
280
     0
102
RTVSPost2010PropOp33
 70
     1
102
RTVSPost2010Prop34
280
     0
102
RTVSPost2010PropOp34
 70
     1
102
RTVSPost2010Prop35
280
     0
102
RTVSPost2010PropOp35
 70
     1
102
RTVSPost2010Prop36
280
     0
102
RTVSPost2010PropOp36
 70
     1
102
RTVSPost2010Prop37
 90
       50
102
RTVSPost2010PropOp37
 70
     1
102
RTVSPost2010Prop38
140
0.0
102
RTVSPost2010PropOp38
 70
     1
102
RTVSPost2010Prop39
140
1.0
102
RTVSPost2010PropOp39
 70
     1
102
RTVSPost2010Prop40
 90
        0
102
RTVSPost2010PropOp40
 70
     1
102
RTVSPost2010Prop41ColorIndex
 90
       18
102
RTVSPost2010Prop41ColorRGB
 90
        0
102
RTVSPost2010PropOp41
 70
     1
102
RTVSPost2010Prop42
 90
       50
102
RTVSPost2010PropOp42
 70
     1
102
RTVSPost2010Prop43
 90
        3
102
RTVSPost2010PropOp43
 70
     1
102
RTVSPost2010Prop44ColorIndex
 90
        5
102
RTVSPost2010Prop44ColorRGB
 90
      255
102
RTVSPost2010PropOp44
 70
     1
102
RTVSPost2010Prop45
280
     0
102
RTVSPost2010PropOp45
 70
     1
102
RTVSPost2010Prop46
 90
       50
102
RTVSPost2010PropOp46
 70
     1
102
RTVSPost2010Prop47
 90
       50
102
RTVSPost2010PropOp47
 70
     1
102
RTVSPost2010Prop48
 90
       50
102
RTVSPost2010PropOp48
 70
     1
102
RTVSPost2010Prop49
280
     0
102
RTVSPost2010PropOp49
 70
     1
102
RTVSPost2010Prop50
 90
       50
102
RTVSPost2010PropOp50
 70
     1
102
RTVSPost2010Prop51ColorIndex
 90
      256
102
RTVSPost2010Prop51ColorRGB
 90
-16777216
102
RTVSPost2010PropOp51
 70
     0
102
RTVSPost2010Prop52
140
1.0
102
RTVSPost2010PropOp52
 70
     0
102
RTVSPost2010Prop53
 90
        2
102
RTVSPost2010PropOp53
 70
     1
102
RTVSPost2010Prop54
  1
strokes_ogs.tif
102
RTVSPost2010PropOp54
 70
     1
102
RTVSPost2010Prop55
280
     0
102
RTVSPost2010PropOp55
 70
     1
102
RTVSPost2010Prop56
140
1.0
102
RTVSPost2010PropOp56
 70
     1
102
RTVSPost2010Prop57
140
1.0
102
RTVSPost2010PropOp57
 70
     1
  0
XRECORD
  5
10082
102
{ACAD_REACTORS
330
10081
102
}
330
10081
100
AcDbXrecord
280
     1
102
RTVSPost2010Prop28
280
     0
102
RTVSPost2010PropOp28
 70
     1
102
RTVSPost2010Prop29
280
     1
102
RTVSPost2010PropOp29
 70
     1
102
RTVSPost2010Prop30
280
     1
102
RTVSPost2010PropOp30
 70
     1
102
RTVSPost2010Prop31
280
     0
102
RTVSPost2010PropOp31
 70
     1
102
RTVSPost2010Prop32
280
     0
102
RTVSPost2010PropOp32
 70
     1
102
RTVSPost2010Prop33
280
     0
102
RTVSPost2010PropOp33
 70
     1
102
RTVSPost2010Prop34
280
     0
102
RTVSPost2010PropOp34
 70
     1
102
RTVSPost2010Prop35
280
     0
102
RTVSPost2010PropOp35
 70
     1
102
RTVSPost2010Prop36
280
     0
102
RTVSPost2010PropOp36
 70
     1
102
RTVSPost2010Prop37
 90
       50
102
RTVSPost2010PropOp37
 70
     1
102
RTVSPost2010Prop38
140
0.0
102
RTVSPost2010PropOp38
 70
     1
102
RTVSPost2010Prop39
140
1.0
102
RTVSPost2010PropOp39
 70
     1
102
RTVSPost2010Prop40
 90
        0
102
RTVSPost2010PropOp40
 70
     1
102
RTVSPost2010Prop41ColorIndex
 90
       18
102
RTVSPost2010Prop41ColorRGB
 90
        0
102
RTVSPost2010PropOp41
 70
     1
102
RTVSPost2010Prop42
 90
       50
102
RTVSPost2010PropOp42
 70
     1
102
RTVSPost2010Prop43
 90
        3
102
RTVSPost2010PropOp43
 70
     1
102
RTVSPost2010Prop44ColorIndex
 90
        5
102
RTVSPost2010Prop44ColorRGB
 90
      255
102
RTVSPost2010PropOp44
 70
     1
102
RTVSPost2010Prop45
280
     0
102
RTVSPost2010PropOp45
 70
     1
102
RTVSPost2010Prop46
 90
       50
102
RTVSPost2010PropOp46
 70
     1
102
RTVSPost2010Prop47
 90
       50
102
RTVSPost2010PropOp47
 70
     1
102
RTVSPost2010Prop48
 90
       50
102
RTVSPost2010PropOp48
 70
     1
102
RTVSPost2010Prop49
280
     0
102
RTVSPost2010PropOp49
 70
     1
102
RTVSPost2010Prop50
 90
       50
102
RTVSPost2010PropOp50
 70
     1
102
RTVSPost2010Prop51ColorIndex
 90
      256
102
RTVSPost2010Prop51ColorRGB
 90
-16777216
102
RTVSPost2010PropOp51
 70
     0
102
RTVSPost2010Prop52
140
1.0
102
RTVSPost2010PropOp52
 70
     0
102
RTVSPost2010Prop53
 90
        2
102
RTVSPost2010PropOp53
 70
     1
102
RTVSPost2010Prop54
  1
strokes_ogs.tif
102
RTVSPost2010PropOp54
 70
     1
102
RTVSPost2010Prop55
280
     0
102
RTVSPost2010PropOp55
 70
     1
102
RTVSPost2010Prop56
140
1.0
102
RTVSPost2010PropOp56
 70
     1
102
RTVSPost2010Prop57
140
1.0
102
RTVSPost2010PropOp57
 70
     1
  0
XRECORD
  5
10084
102
{ACAD_REACTORS
330
10083
102
}
330
10083
100
AcDbXrecord
280
     1
102
RTVSPost2010Prop28
280
     0
102
RTVSPost2010PropOp28
 70
     1
102
RTVSPost2010Prop29
280
     1
102
RTVSPost2010PropOp29
 70
     1
102
RTVSPost2010Prop30
280
     1
102
RTVSPost2010PropOp30
 70
     1
102
RTVSPost2010Prop31
280
     0
102
RTVSPost2010PropOp31
 70
     1
102
RTVSPost2010Prop32
280
     0
102
RTVSPost2010PropOp32
 70
     1
102
RTVSPost2010Prop33
280
     0
102
RTVSPost2010PropOp33
 70
     1
102
RTVSPost2010Prop34
280
     0
102
RTVSPost2010PropOp34
 70
     1
102
RTVSPost2010Prop35
280
     0
102
RTVSPost2010PropOp35
 70
     1
102
RTVSPost2010Prop36
280
     0
102
RTVSPost2010PropOp36
 70
     1
102
RTVSPost2010Prop37
 90
       50
102
RTVSPost2010PropOp37
 70
     1
102
RTVSPost2010Prop38
140
0.0
102
RTVSPost2010PropOp38
 70
     1
102
RTVSPost2010Prop39
140
1.0
102
RTVSPost2010PropOp39
 70
     1
102
RTVSPost2010Prop40
 90
        0
102
RTVSPost2010PropOp40
 70
     1
102
RTVSPost2010Prop41ColorIndex
 90
       18
102
RTVSPost2010Prop41ColorRGB
 90
        0
102
RTVSPost2010PropOp41
 70
     1
102
RTVSPost2010Prop42
 90
       50
102
RTVSPost2010PropOp42
 70
     1
102
RTVSPost2010Prop43
 90
        3
102
RTVSPost2010PropOp43
 70
     1
102
RTVSPost2010Prop44ColorIndex
 90
        5
102
RTVSPost2010Prop44ColorRGB
 90
      255
102
RTVSPost2010PropOp44
 70
     1
102
RTVSPost2010Prop45
280
     0
102
RTVSPost2010PropOp45
 70
     1
102
RTVSPost2010Prop46
 90
       50
102
RTVSPost2010PropOp46
 70
     1
102
RTVSPost2010Prop47
 90
       50
102
RTVSPost2010PropOp47
 70
     1
102
RTVSPost2010Prop48
 90
       50
102
RTVSPost2010PropOp48
 70
     1
102
RTVSPost2010Prop49
280
     0
102
RTVSPost2010PropOp49
 70
     1
102
RTVSPost2010Prop50
 90
       50
102
RTVSPost2010PropOp50
 70
     1
102
RTVSPost2010Prop51ColorIndex
 90
      256
102
RTVSPost2010Prop51ColorRGB
 90
-16777216
102
RTVSPost2010PropOp51
 70
     0
102
RTVSPost2010Prop52
140
1.0
102
RTVSPost2010PropOp52
 70
     0
102
RTVSPost2010Prop53
 90
        2
102
RTVSPost2010PropOp53
 70
     1
102
RTVSPost2010Prop54
  1
strokes_ogs.tif
102
RTVSPost2010PropOp54
 70
     1
102
RTVSPost2010Prop55
280
     0
102
RTVSPost2010PropOp55
 70
     1
102
RTVSPost2010Prop56
140
1.0
102
RTVSPost2010PropOp56
 70
     1
102
RTVSPost2010Prop57
140
1.0
102
RTVSPost2010PropOp57
 70
     1
  0
XRECORD
  5
10086
102
{ACAD_REACTORS
330
10085
102
}
330
10085
100
AcDbXrecord
280
     1
102
RTVSPost2010Prop28
280
     0
102
RTVSPost2010PropOp28
 70
     1
102
RTVSPost2010Prop29
280
     1
102
RTVSPost2010PropOp29
 70
     1
102
RTVSPost2010Prop30
280
     1
102
RTVSPost2010PropOp30
 70
     1
102
RTVSPost2010Prop31
280
     0
102
RTVSPost2010PropOp31
 70
     1
102
RTVSPost2010Prop32
280
     0
102
RTVSPost2010PropOp32
 70
     1
102
RTVSPost2010Prop33
280
     0
102
RTVSPost2010PropOp33
 70
     1
102
RTVSPost2010Prop34
280
     0
102
RTVSPost2010PropOp34
 70
     1
102
RTVSPost2010Prop35
280
     0
102
RTVSPost2010PropOp35
 70
     1
102
RTVSPost2010Prop36
280
     0
102
RTVSPost2010PropOp36
 70
     1
102
RTVSPost2010Prop37
 90
       50
102
RTVSPost2010PropOp37
 70
     1
102
RTVSPost2010Prop38
140
0.0
102
RTVSPost2010PropOp38
 70
     1
102
RTVSPost2010Prop39
140
1.0
102
RTVSPost2010PropOp39
 70
     1
102
RTVSPost2010Prop40
 90
        0
102
RTVSPost2010PropOp40
 70
     1
102
RTVSPost2010Prop41ColorIndex
 90
       18
102
RTVSPost2010Prop41ColorRGB
 90
        0
102
RTVSPost2010PropOp41
 70
     1
102
RTVSPost2010Prop42
 90
       50
102
RTVSPost2010PropOp42
 70
     1
102
RTVSPost2010Prop43
 90
        3
102
RTVSPost2010PropOp43
 70
     1
102
RTVSPost2010Prop44ColorIndex
 90
        5
102
RTVSPost2010Prop44ColorRGB
 90
      255
102
RTVSPost2010PropOp44
 70
     1
102
RTVSPost2010Prop45
280
     0
102
RTVSPost2010PropOp45
 70
     1
102
RTVSPost2010Prop46
 90
       50
102
RTVSPost2010PropOp46
 70
     1
102
RTVSPost2010Prop47
 90
       50
102
RTVSPost2010PropOp47
 70
     1
102
RTVSPost2010Prop48
 90
       50
102
RTVSPost2010PropOp48
 70
     1
102
RTVSPost2010Prop49
280
     0
102
RTVSPost2010PropOp49
 70
     1
102
RTVSPost2010Prop50
 90
       50
102
RTVSPost2010PropOp50
 70
     1
102
RTVSPost2010Prop51ColorIndex
 90
      256
102
RTVSPost2010Prop51ColorRGB
 90
-16777216
102
RTVSPost2010PropOp51
 70
     0
102
RTVSPost2010Prop52
140
1.0
102
RTVSPost2010PropOp52
 70
     0
102
RTVSPost2010Prop53
 90
        2
102
RTVSPost2010PropOp53
 70
     1
102
RTVSPost2010Prop54
  1
strokes_ogs.tif
102
RTVSPost2010PropOp54
 70
     1
102
RTVSPost2010Prop55
280
     0
102
RTVSPost2010PropOp55
 70
     1
102
RTVSPost2010Prop56
140
1.0
102
RTVSPost2010PropOp56
 70
     1
102
RTVSPost2010Prop57
140
1.0
102
RTVSPost2010PropOp57
 70
     1
  0
XRECORD
  5
1008E
102
{ACAD_REACTORS
330
1008D
102
}
330
1008D
100
AcDbXrecord
280
     1
102
RTVSPost2010Prop28
280
     0
102
RTVSPost2010PropOp28
 70
     1
102
RTVSPost2010Prop29
280
     1
102
RTVSPost2010PropOp29
 70
     1
102
RTVSPost2010Prop30
280
     1
102
RTVSPost2010PropOp30
 70
     1
102
RTVSPost2010Prop31
280
     0
102
RTVSPost2010PropOp31
 70
     1
102
RTVSPost2010Prop32
280
     0
102
RTVSPost2010PropOp32
 70
     1
102
RTVSPost2010Prop33
280
     0
102
RTVSPost2010PropOp33
 70
     1
102
RTVSPost2010Prop34
280
     0
102
RTVSPost2010PropOp34
 70
     1
102
RTVSPost2010Prop35
280
     0
102
RTVSPost2010PropOp35
 70
     1
102
RTVSPost2010Prop36
280
     0
102
RTVSPost2010PropOp36
 70
     1
102
RTVSPost2010Prop37
 90
       50
102
RTVSPost2010PropOp37
 70
     1
102
RTVSPost2010Prop38
140
0.0
102
RTVSPost2010PropOp38
 70
     1
102
RTVSPost2010Prop39
140
1.0
102
RTVSPost2010PropOp39
 70
     1
102
RTVSPost2010Prop40
 90
        0
102
RTVSPost2010PropOp40
 70
     1
102
RTVSPost2010Prop41ColorIndex
 90
       18
102
RTVSPost2010Prop41ColorRGB
 90
        0
102
RTVSPost2010PropOp41
 70
     1
102
RTVSPost2010Prop42
 90
       50
102
RTVSPost2010PropOp42
 70
     1
102
RTVSPost2010Prop43
 90
        3
102
RTVSPost2010PropOp43
 70
     1
102
RTVSPost2010Prop44ColorIndex
 90
        5
102
RTVSPost2010Prop44ColorRGB
 90
      255
102
RTVSPost2010PropOp44
 70
     1
102
RTVSPost2010Prop45
280
     0
102
RTVSPost2010PropOp45
 70
     1
102
RTVSPost2010Prop46
 90
       50
102
RTVSPost2010PropOp46
 70
     1
102
RTVSPost2010Prop47
 90
       50
102
RTVSPost2010PropOp47
 70
     1
102
RTVSPost2010Prop48
 90
       50
102
RTVSPost2010PropOp48
 70
     1
102
RTVSPost2010Prop49
280
     0
102
RTVSPost2010PropOp49
 70
     1
102
RTVSPost2010Prop50
 90
       50
102
RTVSPost2010PropOp50
 70
     1
102
RTVSPost2010Prop51ColorIndex
 90
      256
102
RTVSPost2010Prop51ColorRGB
 90
-16777216
102
RTVSPost2010PropOp51
 70
     0
102
RTVSPost2010Prop52
140
1.0
102
RTVSPost2010PropOp52
 70
     0
102
RTVSPost2010Prop53
 90
        2
102
RTVSPost2010PropOp53
 70
     1
102
RTVSPost2010Prop54
  1
strokes_ogs.tif
102
RTVSPost2010PropOp54
 70
     1
102
RTVSPost2010Prop55
280
     0
102
RTVSPost2010PropOp55
 70
     1
102
RTVSPost2010Prop56
140
1.0
102
RTVSPost2010PropOp56
 70
     1
102
RTVSPost2010Prop57
140
1.0
102
RTVSPost2010PropOp57
 70
     1
  0
XRECORD
  5
100AA
102
{ACAD_REACTORS
330
100A9
102
}
330
100A9
100
AcDbXrecord
280
     1
102
RTVSPost2010Prop28
280
     0
102
RTVSPost2010PropOp28
 70
     1
102
RTVSPost2010Prop29
280
     1
102
RTVSPost2010PropOp29
 70
     1
102
RTVSPost2010Prop30
280
     1
102
RTVSPost2010PropOp30
 70
     1
102
RTVSPost2010Prop31
280
     0
102
RTVSPost2010PropOp31
 70
     1
102
RTVSPost2010Prop32
280
     0
102
RTVSPost2010PropOp32
 70
     1
102
RTVSPost2010Prop33
280
     0
102
RTVSPost2010PropOp33
 70
     1
102
RTVSPost2010Prop34
280
     0
102
RTVSPost2010PropOp34
 70
     1
102
RTVSPost2010Prop35
280
     0
102
RTVSPost2010PropOp35
 70
     1
102
RTVSPost2010Prop36
280
     0
102
RTVSPost2010PropOp36
 70
     1
102
RTVSPost2010Prop37
 90
       50
102
RTVSPost2010PropOp37
 70
     0
102
RTVSPost2010Prop38
140
0.0
102
RTVSPost2010PropOp38
 70
     0
102
RTVSPost2010Prop39
140
1.0
102
RTVSPost2010PropOp39
 70
     0
102
RTVSPost2010Prop40
 90
        0
102
RTVSPost2010PropOp40
 70
     0
102
RTVSPost2010Prop41ColorIndex
 90
       18
102
RTVSPost2010Prop41ColorRGB
 90
        0
102
RTVSPost2010PropOp41
 70
     0
102
RTVSPost2010Prop42
 90
       50
102
RTVSPost2010PropOp42
 70
     0
102
RTVSPost2010Prop43
 90
        3
102
RTVSPost2010PropOp43
 70
     0
102
RTVSPost2010Prop44ColorIndex
 90
        5
102
RTVSPost2010Prop44ColorRGB
 90
      255
102
RTVSPost2010PropOp44
 70
     0
102
RTVSPost2010Prop45
280
     0
102
RTVSPost2010PropOp45
 70
     1
102
RTVSPost2010Prop46
 90
       50
102
RTVSPost2010PropOp46
 70
     0
102
RTVSPost2010Prop47
 90
       50
102
RTVSPost2010PropOp47
 70
     0
102
RTVSPost2010Prop48
 90
       50
102
RTVSPost2010PropOp48
 70
     0
102
RTVSPost2010Prop49
280
     0
102
RTVSPost2010PropOp49
 70
     1
102
RTVSPost2010Prop50
 90
       50
102
RTVSPost2010PropOp50
 70
     0
102
RTVSPost2010Prop51ColorIndex
 90
      256
102
RTVSPost2010Prop51ColorRGB
 90
-16777216
102
RTVSPost2010PropOp51
 70
     0
102
RTVSPost2010Prop52
140
1.0
102
RTVSPost2010PropOp52
 70
     0
102
RTVSPost2010Prop53
 90
        2
102
RTVSPost2010PropOp53
 70
     0
102
RTVSPost2010Prop54
  1
strokes_ogs.tif
102
RTVSPost2010PropOp54
 70
     0
102
RTVSPost2010Prop55
280
     0
102
RTVSPost2010PropOp55
 70
     1
102
RTVSPost2010Prop56
140
1.0
102
RTVSPost2010PropOp56
 70
     0
102
RTVSPost2010Prop57
140
1.0
102
RTVSPost2010PropOp57
 70
     0
  0
XRECORD
  5
1009A
102
{ACAD_REACTORS
330
10099
102
}
330
10099
100
AcDbXrecord
280
     1
102
RTVSPost2010Prop28
280
     0
102
RTVSPost2010PropOp28
 70
     1
102
RTVSPost2010Prop29
280
     1
102
RTVSPost2010PropOp29
 70
     1
102
RTVSPost2010Prop30
280
     1
102
RTVSPost2010PropOp30
 70
     1
102
RTVSPost2010Prop31
280
     0
102
RTVSPost2010PropOp31
 70
     1
102
RTVSPost2010Prop32
280
     0
102
RTVSPost2010PropOp32
 70
     1
102
RTVSPost2010Prop33
280
     0
102
RTVSPost2010PropOp33
 70
     1
102
RTVSPost2010Prop34
280
     0
102
RTVSPost2010PropOp34
 70
     1
102
RTVSPost2010Prop35
280
     0
102
RTVSPost2010PropOp35
 70
     1
102
RTVSPost2010Prop36
280
     0
102
RTVSPost2010PropOp36
 70
     1
102
RTVSPost2010Prop37
 90
       50
102
RTVSPost2010PropOp37
 70
     1
102
RTVSPost2010Prop38
140
0.0
102
RTVSPost2010PropOp38
 70
     1
102
RTVSPost2010Prop39
140
1.0
102
RTVSPost2010PropOp39
 70
     1
102
RTVSPost2010Prop40
 90
        0
102
RTVSPost2010PropOp40
 70
     1
102
RTVSPost2010Prop41ColorIndex
 90
       18
102
RTVSPost2010Prop41ColorRGB
 90
        0
102
RTVSPost2010PropOp41
 70
     1
102
RTVSPost2010Prop42
 90
       50
102
RTVSPost2010PropOp42
 70
     1
102
RTVSPost2010Prop43
 90
        3
102
RTVSPost2010PropOp43
 70
     1
102
RTVSPost2010Prop44ColorIndex
 90
        5
102
RTVSPost2010Prop44ColorRGB
 90
      255
102
RTVSPost2010PropOp44
 70
     1
102
RTVSPost2010Prop45
280
     0
102
RTVSPost2010PropOp45
 70
     1
102
RTVSPost2010Prop46
 90
       50
102
RTVSPost2010PropOp46
 70
     1
102
RTVSPost2010Prop47
 90
       50
102
RTVSPost2010PropOp47
 70
     1
102
RTVSPost2010Prop48
 90
       50
102
RTVSPost2010PropOp48
 70
     1
102
RTVSPost2010Prop49
280
     0
102
RTVSPost2010PropOp49
 70
     1
102
RTVSPost2010Prop50
 90
       50
102
RTVSPost2010PropOp50
 70
     1
102
RTVSPost2010Prop51ColorIndex
 90
      256
102
RTVSPost2010Prop51ColorRGB
 90
-16777216
102
RTVSPost2010PropOp51
 70
     0
102
RTVSPost2010Prop52
140
1.0
102
RTVSPost2010PropOp52
 70
     0
102
RTVSPost2010Prop53
 90
        2
102
RTVSPost2010PropOp53
 70
     1
102
RTVSPost2010Prop54
  1
strokes_ogs.tif
102
RTVSPost2010PropOp54
 70
     1
102
RTVSPost2010Prop55
280
     0
102
RTVSPost2010PropOp55
 70
     1
102
RTVSPost2010Prop56
140
1.0
102
RTVSPost2010PropOp56
 70
     1
102
RTVSPost2010Prop57
140
1.0
102
RTVSPost2010PropOp57
 70
     1
  0
XRECORD
  5
100AC
102
{ACAD_REACTORS
330
100AB
102
}
330
100AB
100
AcDbXrecord
280
     1
102
RTVSPost2010Prop28
280
     0
102
RTVSPost2010PropOp28
 70
     1
102
RTVSPost2010Prop29
280
     1
102
RTVSPost2010PropOp29
 70
     1
102
RTVSPost2010Prop30
280
     1
102
RTVSPost2010PropOp30
 70
     1
102
RTVSPost2010Prop31
280
     0
102
RTVSPost2010PropOp31
 70
     1
102
RTVSPost2010Prop32
280
     0
102
RTVSPost2010PropOp32
 70
     1
102
RTVSPost2010Prop33
280
     0
102
RTVSPost2010PropOp33
 70
     1
102
RTVSPost2010Prop34
280
     0
102
RTVSPost2010PropOp34
 70
     1
102
RTVSPost2010Prop35
280
     0
102
RTVSPost2010PropOp35
 70
     1
102
RTVSPost2010Prop36
280
     0
102
RTVSPost2010PropOp36
 70
     1
102
RTVSPost2010Prop37
 90
       50
102
RTVSPost2010PropOp37
 70
     0
102
RTVSPost2010Prop38
140
0.0
102
RTVSPost2010PropOp38
 70
     0
102
RTVSPost2010Prop39
140
1.0
102
RTVSPost2010PropOp39
 70
     0
102
RTVSPost2010Prop40
 90
        0
102
RTVSPost2010PropOp40
 70
     0
102
RTVSPost2010Prop41ColorIndex
 90
       18
102
RTVSPost2010Prop41ColorRGB
 90
        0
102
RTVSPost2010PropOp41
 70
     0
102
RTVSPost2010Prop42
 90
       50
102
RTVSPost2010PropOp42
 70
     0
102
RTVSPost2010Prop43
 90
        3
102
RTVSPost2010PropOp43
 70
     0
102
RTVSPost2010Prop44ColorIndex
 90
        5
102
RTVSPost2010Prop44ColorRGB
 90
      255
102
RTVSPost2010PropOp44
 70
     0
102
RTVSPost2010Prop45
280
     0
102
RTVSPost2010PropOp45
 70
     1
102
RTVSPost2010Prop46
 90
       50
102
RTVSPost2010PropOp46
 70
     0
102
RTVSPost2010Prop47
 90
       50
102
RTVSPost2010PropOp47
 70
     0
102
RTVSPost2010Prop48
 90
       50
102
RTVSPost2010PropOp48
 70
     0
102
RTVSPost2010Prop49
280
     0
102
RTVSPost2010PropOp49
 70
     1
102
RTVSPost2010Prop50
 90
       50
102
RTVSPost2010PropOp50
 70
     0
102
RTVSPost2010Prop51ColorIndex
 90
      256
102
RTVSPost2010Prop51ColorRGB
 90
-16777216
102
RTVSPost2010PropOp51
 70
     0
102
RTVSPost2010Prop52
140
1.0
102
RTVSPost2010PropOp52
 70
     0
102
RTVSPost2010Prop53
 90
        2
102
RTVSPost2010PropOp53
 70
     0
102
RTVSPost2010Prop54
  1
strokes_ogs.tif
102
RTVSPost2010PropOp54
 70
     0
102
RTVSPost2010Prop55
280
     0
102
RTVSPost2010PropOp55
 70
     1
102
RTVSPost2010Prop56
140
1.0
102
RTVSPost2010PropOp56
 70
     0
102
RTVSPost2010Prop57
140
1.0
102
RTVSPost2010PropOp57
 70
     0
  0
XRECORD
  5
10092
102
{ACAD_REACTORS
330
10091
102
}
330
10091
100
AcDbXrecord
280
     1
102
RTVSPost2010Prop28
280
     0
102
RTVSPost2010PropOp28
 70
     1
102
RTVSPost2010Prop29
280
     1
102
RTVSPost2010PropOp29
 70
     1
102
RTVSPost2010Prop30
280
     1
102
RTVSPost2010PropOp30
 70
     1
102
RTVSPost2010Prop31
280
     0
102
RTVSPost2010PropOp31
 70
     1
102
RTVSPost2010Prop32
280
     0
102
RTVSPost2010PropOp32
 70
     1
102
RTVSPost2010Prop33
280
     0
102
RTVSPost2010PropOp33
 70
     1
102
RTVSPost2010Prop34
280
     0
102
RTVSPost2010PropOp34
 70
     1
102
RTVSPost2010Prop35
280
     0
102
RTVSPost2010PropOp35
 70
     1
102
RTVSPost2010Prop36
280
     0
102
RTVSPost2010PropOp36
 70
     1
102
RTVSPost2010Prop37
 90
       50
102
RTVSPost2010PropOp37
 70
     1
102
RTVSPost2010Prop38
140
0.0
102
RTVSPost2010PropOp38
 70
     1
102
RTVSPost2010Prop39
140
1.0
102
RTVSPost2010PropOp39
 70
     1
102
RTVSPost2010Prop40
 90
        0
102
RTVSPost2010PropOp40
 70
     1
102
RTVSPost2010Prop41ColorIndex
 90
       18
102
RTVSPost2010Prop41ColorRGB
 90
        0
102
RTVSPost2010PropOp41
 70
     1
102
RTVSPost2010Prop42
 90
       50
102
RTVSPost2010PropOp42
 70
     1
102
RTVSPost2010Prop43
 90
        3
102
RTVSPost2010PropOp43
 70
     1
102
RTVSPost2010Prop44ColorIndex
 90
        5
102
RTVSPost2010Prop44ColorRGB
 90
      255
102
RTVSPost2010PropOp44
 70
     1
102
RTVSPost2010Prop45
280
     0
102
RTVSPost2010PropOp45
 70
     1
102
RTVSPost2010Prop46
 90
       50
102
RTVSPost2010PropOp46
 70
     1
102
RTVSPost2010Prop47
 90
       50
102
RTVSPost2010PropOp47
 70
     1
102
RTVSPost2010Prop48
 90
       50
102
RTVSPost2010PropOp48
 70
     1
102
RTVSPost2010Prop49
280
     0
102
RTVSPost2010PropOp49
 70
     1
102
RTVSPost2010Prop50
 90
       50
102
RTVSPost2010PropOp50
 70
     1
102
RTVSPost2010Prop51ColorIndex
 90
      256
102
RTVSPost2010Prop51ColorRGB
 90
-16777216
102
RTVSPost2010PropOp51
 70
     0
102
RTVSPost2010Prop52
140
1.0
102
RTVSPost2010PropOp52
 70
     0
102
RTVSPost2010Prop53
 90
        2
102
RTVSPost2010PropOp53
 70
     1
102
RTVSPost2010Prop54
  1
strokes_ogs.tif
102
RTVSPost2010PropOp54
 70
     1
102
RTVSPost2010Prop55
280
     0
102
RTVSPost2010PropOp55
 70
     1
102
RTVSPost2010Prop56
140
1.0
102
RTVSPost2010PropOp56
 70
     1
102
RTVSPost2010Prop57
140
1.0
102
RTVSPost2010PropOp57
 70
     1
  0
XRECORD
  5
100A8
102
{ACAD_REACTORS
330
100A7
102
}
330
100A7
100
AcDbXrecord
280
     1
102
RTVSPost2010Prop28
280
     0
102
RTVSPost2010PropOp28
 70
     1
102
RTVSPost2010Prop29
280
     1
102
RTVSPost2010PropOp29
 70
     1
102
RTVSPost2010Prop30
280
     1
102
RTVSPost2010PropOp30
 70
     1
102
RTVSPost2010Prop31
280
     0
102
RTVSPost2010PropOp31
 70
     1
102
RTVSPost2010Prop32
280
     0
102
RTVSPost2010PropOp32
 70
     1
102
RTVSPost2010Prop33
280
     0
102
RTVSPost2010PropOp33
 70
     1
102
RTVSPost2010Prop34
280
     0
102
RTVSPost2010PropOp34
 70
     1
102
RTVSPost2010Prop35
280
     0
102
RTVSPost2010PropOp35
 70
     1
102
RTVSPost2010Prop36
280
     0
102
RTVSPost2010PropOp36
 70
     1
102
RTVSPost2010Prop37
 90
       50
102
RTVSPost2010PropOp37
 70
     1
102
RTVSPost2010Prop38
140
0.0
102
RTVSPost2010PropOp38
 70
     1
102
RTVSPost2010Prop39
140
1.0
102
RTVSPost2010PropOp39
 70
     1
102
RTVSPost2010Prop40
 90
        0
102
RTVSPost2010PropOp40
 70
     1
102
RTVSPost2010Prop41ColorIndex
 90
       18
102
RTVSPost2010Prop41ColorRGB
 90
        0
102
RTVSPost2010PropOp41
 70
     1
102
RTVSPost2010Prop42
 90
       50
102
RTVSPost2010PropOp42
 70
     1
102
RTVSPost2010Prop43
 90
        3
102
RTVSPost2010PropOp43
 70
     1
102
RTVSPost2010Prop44ColorIndex
 90
        5
102
RTVSPost2010Prop44ColorRGB
 90
      255
102
RTVSPost2010PropOp44
 70
     1
102
RTVSPost2010Prop45
280
     0
102
RTVSPost2010PropOp45
 70
     1
102
RTVSPost2010Prop46
 90
       50
102
RTVSPost2010PropOp46
 70
     1
102
RTVSPost2010Prop47
 90
       50
102
RTVSPost2010PropOp47
 70
     1
102
RTVSPost2010Prop48
 90
       50
102
RTVSPost2010PropOp48
 70
     1
102
RTVSPost2010Prop49
280
     0
102
RTVSPost2010PropOp49
 70
     1
102
RTVSPost2010Prop50
 90
       50
102
RTVSPost2010PropOp50
 70
     1
102
RTVSPost2010Prop51ColorIndex
 90
      256
102
RTVSPost2010Prop51ColorRGB
 90
-16777216
102
RTVSPost2010PropOp51
 70
     0
102
RTVSPost2010Prop52
140
1.0
102
RTVSPost2010PropOp52
 70
     0
102
RTVSPost2010Prop53
 90
        2
102
RTVSPost2010PropOp53
 70
     1
102
RTVSPost2010Prop54
  1
strokes_ogs.tif
102
RTVSPost2010PropOp54
 70
     1
102
RTVSPost2010Prop55
280
     0
102
RTVSPost2010PropOp55
 70
     1
102
RTVSPost2010Prop56
140
1.0
102
RTVSPost2010PropOp56
 70
     1
102
RTVSPost2010Prop57
140
1.0
102
RTVSPost2010PropOp57
 70
     1
  0
XRECORD
  5
100A6
102
{ACAD_REACTORS
330
100A5
102
}
330
100A5
100
AcDbXrecord
280
     1
102
RTVSPost2010Prop28
280
     0
102
RTVSPost2010PropOp28
 70
     1
102
RTVSPost2010Prop29
280
     1
102
RTVSPost2010PropOp29
 70
     1
102
RTVSPost2010Prop30
280
     1
102
RTVSPost2010PropOp30
 70
     1
102
RTVSPost2010Prop31
280
     0
102
RTVSPost2010PropOp31
 70
     1
102
RTVSPost2010Prop32
280
     0
102
RTVSPost2010PropOp32
 70
     1
102
RTVSPost2010Prop33
280
     0
102
RTVSPost2010PropOp33
 70
     1
102
RTVSPost2010Prop34
280
     0
102
RTVSPost2010PropOp34
 70
     1
102
RTVSPost2010Prop35
280
     0
102
RTVSPost2010PropOp35
 70
     1
102
RTVSPost2010Prop36
280
     0
102
RTVSPost2010PropOp36
 70
     1
102
RTVSPost2010Prop37
 90
       50
102
RTVSPost2010PropOp37
 70
     1
102
RTVSPost2010Prop38
140
0.0
102
RTVSPost2010PropOp38
 70
     1
102
RTVSPost2010Prop39
140
1.0
102
RTVSPost2010PropOp39
 70
     1
102
RTVSPost2010Prop40
 90
        0
102
RTVSPost2010PropOp40
 70
     1
102
RTVSPost2010Prop41ColorIndex
 90
       18
102
RTVSPost2010Prop41ColorRGB
 90
        0
102
RTVSPost2010PropOp41
 70
     1
102
RTVSPost2010Prop42
 90
       50
102
RTVSPost2010PropOp42
 70
     1
102
RTVSPost2010Prop43
 90
        3
102
RTVSPost2010PropOp43
 70
     1
102
RTVSPost2010Prop44ColorIndex
 90
        5
102
RTVSPost2010Prop44ColorRGB
 90
      255
102
RTVSPost2010PropOp44
 70
     1
102
RTVSPost2010Prop45
280
     0
102
RTVSPost2010PropOp45
 70
     1
102
RTVSPost2010Prop46
 90
       50
102
RTVSPost2010PropOp46
 70
     1
102
RTVSPost2010Prop47
 90
       50
102
RTVSPost2010PropOp47
 70
     1
102
RTVSPost2010Prop48
 90
       50
102
RTVSPost2010PropOp48
 70
     1
102
RTVSPost2010Prop49
280
     0
102
RTVSPost2010PropOp49
 70
     1
102
RTVSPost2010Prop50
 90
       50
102
RTVSPost2010PropOp50
 70
     1
102
RTVSPost2010Prop51ColorIndex
 90
      256
102
RTVSPost2010Prop51ColorRGB
 90
-16777216
102
RTVSPost2010PropOp51
 70
     0
102
RTVSPost2010Prop52
140
1.0
102
RTVSPost2010PropOp52
 70
     0
102
RTVSPost2010Prop53
 90
        2
102
RTVSPost2010PropOp53
 70
     1
102
RTVSPost2010Prop54
  1
strokes_ogs.tif
102
RTVSPost2010PropOp54
 70
     1
102
RTVSPost2010Prop55
280
     0
102
RTVSPost2010PropOp55
 70
     1
102
RTVSPost2010Prop56
140
1.0
102
RTVSPost2010PropOp56
 70
     1
102
RTVSPost2010Prop57
140
1.0
102
RTVSPost2010PropOp57
 70
     1
  0
XRECORD
  5
100A0
102
{ACAD_REACTORS
330
1009F
102
}
330
1009F
100
AcDbXrecord
280
     1
102
RTVSPost2010Prop28
280
     0
102
RTVSPost2010PropOp28
 70
     1
102
RTVSPost2010Prop29
280
     1
102
RTVSPost2010PropOp29
 70
     1
102
RTVSPost2010Prop30
280
     1
102
RTVSPost2010PropOp30
 70
     1
102
RTVSPost2010Prop31
280
     0
102
RTVSPost2010PropOp31
 70
     1
102
RTVSPost2010Prop32
280
     0
102
RTVSPost2010PropOp32
 70
     1
102
RTVSPost2010Prop33
280
     0
102
RTVSPost2010PropOp33
 70
     1
102
RTVSPost2010Prop34
280
     0
102
RTVSPost2010PropOp34
 70
     1
102
RTVSPost2010Prop35
280
     0
102
RTVSPost2010PropOp35
 70
     1
102
RTVSPost2010Prop36
280
     0
102
RTVSPost2010PropOp36
 70
     1
102
RTVSPost2010Prop37
 90
       50
102
RTVSPost2010PropOp37
 70
     1
102
RTVSPost2010Prop38
140
0.0
102
RTVSPost2010PropOp38
 70
     1
102
RTVSPost2010Prop39
140
1.0
102
RTVSPost2010PropOp39
 70
     1
102
RTVSPost2010Prop40
 90
        0
102
RTVSPost2010PropOp40
 70
     1
102
RTVSPost2010Prop41ColorIndex
 90
       18
102
RTVSPost2010Prop41ColorRGB
 90
        0
102
RTVSPost2010PropOp41
 70
     1
102
RTVSPost2010Prop42
 90
       50
102
RTVSPost2010PropOp42
 70
     1
102
RTVSPost2010Prop43
 90
        3
102
RTVSPost2010PropOp43
 70
     1
102
RTVSPost2010Prop44ColorIndex
 90
        5
102
RTVSPost2010Prop44ColorRGB
 90
      255
102
RTVSPost2010PropOp44
 70
     1
102
RTVSPost2010Prop45
280
     0
102
RTVSPost2010PropOp45
 70
     1
102
RTVSPost2010Prop46
 90
       50
102
RTVSPost2010PropOp46
 70
     1
102
RTVSPost2010Prop47
 90
       50
102
RTVSPost2010PropOp47
 70
     1
102
RTVSPost2010Prop48
 90
       50
102
RTVSPost2010PropOp48
 70
     1
102
RTVSPost2010Prop49
280
     0
102
RTVSPost2010PropOp49
 70
     1
102
RTVSPost2010Prop50
 90
       50
102
RTVSPost2010PropOp50
 70
     1
102
RTVSPost2010Prop51ColorIndex
 90
      256
102
RTVSPost2010Prop51ColorRGB
 90
-16777216
102
RTVSPost2010PropOp51
 70
     0
102
RTVSPost2010Prop52
140
1.0
102
RTVSPost2010PropOp52
 70
     0
102
RTVSPost2010Prop53
 90
        2
102
RTVSPost2010PropOp53
 70
     1
102
RTVSPost2010Prop54
  1
strokes_ogs.tif
102
RTVSPost2010PropOp54
 70
     1
102
RTVSPost2010Prop55
280
     0
102
RTVSPost2010PropOp55
 70
     1
102
RTVSPost2010Prop56
140
1.0
102
RTVSPost2010PropOp56
 70
     1
102
RTVSPost2010Prop57
140
1.0
102
RTVSPost2010PropOp57
 70
     1
  0
XRECORD
  5
100A2
102
{ACAD_REACTORS
330
100A1
102
}
330
100A1
100
AcDbXrecord
280
     1
102
RTVSPost2010Prop28
280
     0
102
RTVSPost2010PropOp28
 70
     1
102
RTVSPost2010Prop29
280
     1
102
RTVSPost2010PropOp29
 70
     1
102
RTVSPost2010Prop30
280
     1
102
RTVSPost2010PropOp30
 70
     1
102
RTVSPost2010Prop31
280
     0
102
RTVSPost2010PropOp31
 70
     1
102
RTVSPost2010Prop32
280
     0
102
RTVSPost2010PropOp32
 70
     1
102
RTVSPost2010Prop33
280
     0
102
RTVSPost2010PropOp33
 70
     1
102
RTVSPost2010Prop34
280
     0
102
RTVSPost2010PropOp34
 70
     1
102
RTVSPost2010Prop35
280
     0
102
RTVSPost2010PropOp35
 70
     1
102
RTVSPost2010Prop36
280
     0
102
RTVSPost2010PropOp36
 70
     1
102
RTVSPost2010Prop37
 90
       50
102
RTVSPost2010PropOp37
 70
     1
102
RTVSPost2010Prop38
140
0.0
102
RTVSPost2010PropOp38
 70
     1
102
RTVSPost2010Prop39
140
1.0
102
RTVSPost2010PropOp39
 70
     1
102
RTVSPost2010Prop40
 90
        0
102
RTVSPost2010PropOp40
 70
     1
102
RTVSPost2010Prop41ColorIndex
 90
       18
102
RTVSPost2010Prop41ColorRGB
 90
        0
102
RTVSPost2010PropOp41
 70
     1
102
RTVSPost2010Prop42
 90
       50
102
RTVSPost2010PropOp42
 70
     1
102
RTVSPost2010Prop43
 90
        3
102
RTVSPost2010PropOp43
 70
     1
102
RTVSPost2010Prop44ColorIndex
 90
        5
102
RTVSPost2010Prop44ColorRGB
 90
      255
102
RTVSPost2010PropOp44
 70
     1
102
RTVSPost2010Prop45
280
     0
102
RTVSPost2010PropOp45
 70
     1
102
RTVSPost2010Prop46
 90
       50
102
RTVSPost2010PropOp46
 70
     1
102
RTVSPost2010Prop47
 90
       50
102
RTVSPost2010PropOp47
 70
     1
102
RTVSPost2010Prop48
 90
       50
102
RTVSPost2010PropOp48
 70
     1
102
RTVSPost2010Prop49
280
     0
102
RTVSPost2010PropOp49
 70
     1
102
RTVSPost2010Prop50
 90
       50
102
RTVSPost2010PropOp50
 70
     1
102
RTVSPost2010Prop51ColorIndex
 90
      256
102
RTVSPost2010Prop51ColorRGB
 90
-16777216
102
RTVSPost2010PropOp51
 70
     0
102
RTVSPost2010Prop52
140
1.0
102
RTVSPost2010PropOp52
 70
     0
102
RTVSPost2010Prop53
 90
        2
102
RTVSPost2010PropOp53
 70
     1
102
RTVSPost2010Prop54
  1
strokes_ogs.tif
102
RTVSPost2010PropOp54
 70
     1
102
RTVSPost2010Prop55
280
     0
102
RTVSPost2010PropOp55
 70
     1
102
RTVSPost2010Prop56
140
1.0
102
RTVSPost2010PropOp56
 70
     1
102
RTVSPost2010Prop57
140
1.0
102
RTVSPost2010PropOp57
 70
     1
  0
XRECORD
  5
10098
102
{ACAD_REACTORS
330
10097
102
}
330
10097
100
AcDbXrecord
280
     1
102
RTVSPost2010Prop28
280
     0
102
RTVSPost2010PropOp28
 70
     1
102
RTVSPost2010Prop29
280
     1
102
RTVSPost2010PropOp29
 70
     1
102
RTVSPost2010Prop30
280
     1
102
RTVSPost2010PropOp30
 70
     1
102
RTVSPost2010Prop31
280
     0
102
RTVSPost2010PropOp31
 70
     1
102
RTVSPost2010Prop32
280
     0
102
RTVSPost2010PropOp32
 70
     1
102
RTVSPost2010Prop33
280
     0
102
RTVSPost2010PropOp33
 70
     1
102
RTVSPost2010Prop34
280
     0
102
RTVSPost2010PropOp34
 70
     1
102
RTVSPost2010Prop35
280
     0
102
RTVSPost2010PropOp35
 70
     1
102
RTVSPost2010Prop36
280
     0
102
RTVSPost2010PropOp36
 70
     1
102
RTVSPost2010Prop37
 90
       50
102
RTVSPost2010PropOp37
 70
     1
102
RTVSPost2010Prop38
140
0.0
102
RTVSPost2010PropOp38
 70
     1
102
RTVSPost2010Prop39
140
1.0
102
RTVSPost2010PropOp39
 70
     1
102
RTVSPost2010Prop40
 90
        0
102
RTVSPost2010PropOp40
 70
     1
102
RTVSPost2010Prop41ColorIndex
 90
       18
102
RTVSPost2010Prop41ColorRGB
 90
        0
102
RTVSPost2010PropOp41
 70
     1
102
RTVSPost2010Prop42
 90
       50
102
RTVSPost2010PropOp42
 70
     1
102
RTVSPost2010Prop43
 90
        3
102
RTVSPost2010PropOp43
 70
     1
102
RTVSPost2010Prop44ColorIndex
 90
        5
102
RTVSPost2010Prop44ColorRGB
 90
      255
102
RTVSPost2010PropOp44
 70
     1
102
RTVSPost2010Prop45
280
     0
102
RTVSPost2010PropOp45
 70
     1
102
RTVSPost2010Prop46
 90
       50
102
RTVSPost2010PropOp46
 70
     1
102
RTVSPost2010Prop47
 90
       50
102
RTVSPost2010PropOp47
 70
     1
102
RTVSPost2010Prop48
 90
       50
102
RTVSPost2010PropOp48
 70
     1
102
RTVSPost2010Prop49
280
     0
102
RTVSPost2010PropOp49
 70
     1
102
RTVSPost2010Prop50
 90
       50
102
RTVSPost2010PropOp50
 70
     1
102
RTVSPost2010Prop51ColorIndex
 90
      256
102
RTVSPost2010Prop51ColorRGB
 90
-16777216
102
RTVSPost2010PropOp51
 70
     0
102
RTVSPost2010Prop52
140
1.0
102
RTVSPost2010PropOp52
 70
     0
102
RTVSPost2010Prop53
 90
        2
102
RTVSPost2010PropOp53
 70
     1
102
RTVSPost2010Prop54
  1
strokes_ogs.tif
102
RTVSPost2010PropOp54
 70
     1
102
RTVSPost2010Prop55
280
     0
102
RTVSPost2010PropOp55
 70
     1
102
RTVSPost2010Prop56
140
1.0
102
RTVSPost2010PropOp56
 70
     1
102
RTVSPost2010Prop57
140
1.0
102
RTVSPost2010PropOp57
 70
     1
  0
XRECORD
  5
1008C
102
{ACAD_REACTORS
330
1008B
102
}
330
1008B
100
AcDbXrecord
280
     1
102
RTVSPost2010Prop28
280
     0
102
RTVSPost2010PropOp28
 70
     1
102
RTVSPost2010Prop29
280
     1
102
RTVSPost2010PropOp29
 70
     1
102
RTVSPost2010Prop30
280
     1
102
RTVSPost2010PropOp30
 70
     1
102
RTVSPost2010Prop31
280
     0
102
RTVSPost2010PropOp31
 70
     1
102
RTVSPost2010Prop32
280
     0
102
RTVSPost2010PropOp32
 70
     1
102
RTVSPost2010Prop33
280
     0
102
RTVSPost2010PropOp33
 70
     1
102
RTVSPost2010Prop34
280
     0
102
RTVSPost2010PropOp34
 70
     1
102
RTVSPost2010Prop35
280
     0
102
RTVSPost2010PropOp35
 70
     1
102
RTVSPost2010Prop36
280
     0
102
RTVSPost2010PropOp36
 70
     1
102
RTVSPost2010Prop37
 90
       50
102
RTVSPost2010PropOp37
 70
     1
102
RTVSPost2010Prop38
140
0.0
102
RTVSPost2010PropOp38
 70
     1
102
RTVSPost2010Prop39
140
1.0
102
RTVSPost2010PropOp39
 70
     1
102
RTVSPost2010Prop40
 90
        0
102
RTVSPost2010PropOp40
 70
     1
102
RTVSPost2010Prop41ColorIndex
 90
       18
102
RTVSPost2010Prop41ColorRGB
 90
        0
102
RTVSPost2010PropOp41
 70
     1
102
RTVSPost2010Prop42
 90
       50
102
RTVSPost2010PropOp42
 70
     1
102
RTVSPost2010Prop43
 90
        3
102
RTVSPost2010PropOp43
 70
     1
102
RTVSPost2010Prop44ColorIndex
 90
        5
102
RTVSPost2010Prop44ColorRGB
 90
      255
102
RTVSPost2010PropOp44
 70
     1
102
RTVSPost2010Prop45
280
     0
102
RTVSPost2010PropOp45
 70
     1
102
RTVSPost2010Prop46
 90
       50
102
RTVSPost2010PropOp46
 70
     1
102
RTVSPost2010Prop47
 90
       50
102
RTVSPost2010PropOp47
 70
     1
102
RTVSPost2010Prop48
 90
       50
102
RTVSPost2010PropOp48
 70
     1
102
RTVSPost2010Prop49
280
     0
102
RTVSPost2010PropOp49
 70
     1
102
RTVSPost2010Prop50
 90
       50
102
RTVSPost2010PropOp50
 70
     1
102
RTVSPost2010Prop51ColorIndex
 90
      256
102
RTVSPost2010Prop51ColorRGB
 90
-16777216
102
RTVSPost2010PropOp51
 70
     0
102
RTVSPost2010Prop52
140
1.0
102
RTVSPost2010PropOp52
 70
     0
102
RTVSPost2010Prop53
 90
        2
102
RTVSPost2010PropOp53
 70
     1
102
RTVSPost2010Prop54
  1
strokes_ogs.tif
102
RTVSPost2010PropOp54
 70
     1
102
RTVSPost2010Prop55
280
     0
102
RTVSPost2010PropOp55
 70
     1
102
RTVSPost2010Prop56
140
1.0
102
RTVSPost2010PropOp56
 70
     1
102
RTVSPost2010Prop57
140
1.0
102
RTVSPost2010PropOp57
 70
     1
  0
XRECORD
  5
100A4
102
{ACAD_REACTORS
330
100A3
102
}
330
100A3
100
AcDbXrecord
280
     1
102
RTVSPost2010Prop28
280
     0
102
RTVSPost2010PropOp28
 70
     1
102
RTVSPost2010Prop29
280
     1
102
RTVSPost2010PropOp29
 70
     1
102
RTVSPost2010Prop30
280
     1
102
RTVSPost2010PropOp30
 70
     1
102
RTVSPost2010Prop31
280
     0
102
RTVSPost2010PropOp31
 70
     1
102
RTVSPost2010Prop32
280
     0
102
RTVSPost2010PropOp32
 70
     1
102
RTVSPost2010Prop33
280
     0
102
RTVSPost2010PropOp33
 70
     1
102
RTVSPost2010Prop34
280
     0
102
RTVSPost2010PropOp34
 70
     1
102
RTVSPost2010Prop35
280
     0
102
RTVSPost2010PropOp35
 70
     1
102
RTVSPost2010Prop36
280
     0
102
RTVSPost2010PropOp36
 70
     1
102
RTVSPost2010Prop37
 90
       50
102
RTVSPost2010PropOp37
 70
     1
102
RTVSPost2010Prop38
140
0.0
102
RTVSPost2010PropOp38
 70
     1
102
RTVSPost2010Prop39
140
1.0
102
RTVSPost2010PropOp39
 70
     1
102
RTVSPost2010Prop40
 90
        0
102
RTVSPost2010PropOp40
 70
     1
102
RTVSPost2010Prop41ColorIndex
 90
       18
102
RTVSPost2010Prop41ColorRGB
 90
        0
102
RTVSPost2010PropOp41
 70
     1
102
RTVSPost2010Prop42
 90
       50
102
RTVSPost2010PropOp42
 70
     1
102
RTVSPost2010Prop43
 90
        3
102
RTVSPost2010PropOp43
 70
     1
102
RTVSPost2010Prop44ColorIndex
 90
        5
102
RTVSPost2010Prop44ColorRGB
 90
      255
102
RTVSPost2010PropOp44
 70
     1
102
RTVSPost2010Prop45
280
     0
102
RTVSPost2010PropOp45
 70
     1
102
RTVSPost2010Prop46
 90
       50
102
RTVSPost2010PropOp46
 70
     1
102
RTVSPost2010Prop47
 90
       50
102
RTVSPost2010PropOp47
 70
     1
102
RTVSPost2010Prop48
 90
       50
102
RTVSPost2010PropOp48
 70
     1
102
RTVSPost2010Prop49
280
     0
102
RTVSPost2010PropOp49
 70
     1
102
RTVSPost2010Prop50
 90
       50
102
RTVSPost2010PropOp50
 70
     1
102
RTVSPost2010Prop51ColorIndex
 90
      256
102
RTVSPost2010Prop51ColorRGB
 90
-16777216
102
RTVSPost2010PropOp51
 70
     0
102
RTVSPost2010Prop52
140
1.0
102
RTVSPost2010PropOp52
 70
     0
102
RTVSPost2010Prop53
 90
        2
102
RTVSPost2010PropOp53
 70
     1
102
RTVSPost2010Prop54
  1
strokes_ogs.tif
102
RTVSPost2010PropOp54
 70
     1
102
RTVSPost2010Prop55
280
     0
102
RTVSPost2010PropOp55
 70
     1
102
RTVSPost2010Prop56
140
1.0
102
RTVSPost2010PropOp56
 70
     1
102
RTVSPost2010Prop57
140
1.0
102
RTVSPost2010PropOp57
 70
     1
  0
ENDSEC
  0
EOF
