  0
SECTION
  2
HEADER
  9
$ACADVER
  1
AC1024
  9
$ACADMAINTVER
 70
   226
  9
$DWGCODEPAGE
  3
ANSI_949
  9
$LASTSAVEDBY
  1
junkibeom
  9
$INSBASE
 10
0.0
 20
0.0
 30
0.0
  9
$EXTMIN
 10
4.999962994999684
 20
-155.3575249996309
 30
0.0
  9
$EXTMAX
 10
290.75
 20
-48.642499999711
 30
0.0
  9
$LIMMIN
 10
0.0
 20
0.0
  9
$LIMMAX
 10
12.0
 20
9.0
  9
$ORTHOMODE
 70
     0
  9
$REGENMODE
 70
     1
  9
$FILLMODE
 70
     1
  9
$QTEXTMODE
 70
     0
  9
$MIRRTEXT
 70
     0
  9
$LTSCALE
 40
1.0
  9
$ATTMODE
 70
     1
  9
$TEXTSIZE
 40
0.2
  9
$TRACEWID
 40
0.05
  9
$TEXTSTYLE
  7
Standard
  9
$CLAYER
  8
0
  9
$CELTYPE
  6
CONTINUOUS
  9
$CECOLOR
 62
   256
  9
$CELTSCALE
 40
1.0
  9
$DISPSILH
 70
     0
  9
$DIMSCALE
 40
1.0
  9
$DIMASZ
 40
0.18
  9
$DIMEXO
 40
0.0625
  9
$DIMDLI
 40
0.38
  9
$DIMRND
 40
0.0
  9
$DIMDLE
 40
0.0
  9
$DIMEXE
 40
0.18
  9
$DIMTP
 40
0.0
  9
$DIMTM
 40
0.0
  9
$DIMTXT
 40
0.18
  9
$DIMCEN
 40
0.09
  9
$DIMTSZ
 40
0.0
  9
$DIMTOL
 70
     0
  9
$DIMLIM
 70
     0
  9
$DIMTIH
 70
     1
  9
$DIMTOH
 70
     1
  9
$DIMSE1
 70
     0
  9
$DIMSE2
 70
     0
  9
$DIMTAD
 70
     0
  9
$DIMZIN
 70
     0
  9
$DIMBLK
  1

  9
$DIMASO
 70
     1
  9
$DIMSHO
 70
     1
  9
$DIMPOST
  1

  9
$DIMAPOST
  1

  9
$DIMALT
 70
     0
  9
$DIMALTD
 70
     2
  9
$DIMALTF
 40
25.4
  9
$DIMLFAC
 40
1.0
  9
$DIMTOFL
 70
     0
  9
$DIMTVP
 40
0.0
  9
$DIMTIX
 70
     0
  9
$DIMSOXD
 70
     0
  9
$DIMSAH
 70
     0
  9
$DIMBLK1
  1

  9
$DIMBLK2
  1

  9
$DIMSTYLE
  2
Standard
  9
$DIMCLRD
 70
     0
  9
$DIMCLRE
 70
     0
  9
$DIMCLRT
 70
     0
  9
$DIMTFAC
 40
1.0
  9
$DIMGAP
 40
0.09
  9
$DIMJUST
 70
     0
  9
$DIMSD1
 70
     0
  9
$DIMSD2
 70
     0
  9
$DIMTOLJ
 70
     1
  9
$DIMTZIN
 70
     0
  9
$DIMALTZ
 70
     0
  9
$DIMALTTZ
 70
     0
  9
$DIMUPT
 70
     0
  9
$DIMDEC
 70
     4
  9
$DIMTDEC
 70
     4
  9
$DIMALTU
 70
     2
  9
$DIMALTTD
 70
     2
  9
$DIMTXSTY
  7
Standard
  9
$DIMAUNIT
 70
     0
  9
$DIMADEC
 70
     0
  9
$DIMALTRND
 40
0.0
  9
$DIMAZIN
 70
     0
  9
$DIMDSEP
 70
    46
  9
$DIMATFIT
 70
     3
  9
$DIMFRAC
 70
     0
  9
$DIMLDRBLK
  1

  9
$DIMLUNIT
 70
     2
  9
$DIMLWD
 70
    -2
  9
$DIMLWE
 70
    -2
  9
$DIMTMOVE
 70
     0
  9
$DIMFXL
 40
1.0
  9
$DIMFXLON
 70
     0
  9
$DIMJOGANG
 40
0.7853981633974483
  9
$DIMTFILL
 70
     0
  9
$DIMTFILLCLR
 70
     0
  9
$DIMARCSYM
 70
     0
  9
$DIMLTYPE
  6

  9
$DIMLTEX1
  6

  9
$DIMLTEX2
  6

  9
$DIMTXTDIRECTION
 70
     0
  9
$LUNITS
 70
     2
  9
$LUPREC
 70
     4
  9
$SKETCHINC
 40
0.1
  9
$FILLETRAD
 40
0.0
  9
$AUNITS
 70
     0
  9
$AUPREC
 70
     0
  9
$MENU
  1
.
  9
$ELEVATION
 40
0.0
  9
$PELEVATION
 40
0.0
  9
$THICKNESS
 40
0.0
  9
$LIMCHECK
 70
     0
  9
$CHAMFERA
 40
0.0
  9
$CHAMFERB
 40
0.0
  9
$CHAMFERC
 40
0.0
  9
$CHAMFERD
 40
0.0
  9
$SKPOLY
 70
     0
  9
$TDCREATE
 40
2461248.959872686
  9
$TDUCREATE
 40
2461248.584872685
  9
$TDUPDATE
 40
2461248.959930556
  9
$TDUUPDATE
 40
2461248.584930555
  9
$TDINDWG
 40
0.0000578704
  9
$TDUSRTIMER
 40
0.0000578704
  9
$USRTIMER
 70
     1
  9
$ANGBASE
 50
0.0
  9
$ANGDIR
 70
     1
  9
$PDMODE
 70
     0
  9
$PDSIZE
 40
0.0
  9
$PLINEWID
 40
0.0
  9
$SPLFRAME
 70
     0
  9
$SPLINETYPE
 70
     6
  9
$SPLINESEGS
 70
     8
  9
$HANDSEED
  5
3BB
  9
$SURFTAB1
 70
     6
  9
$SURFTAB2
 70
     6
  9
$SURFTYPE
 70
     6
  9
$SURFU
 70
     6
  9
$SURFV
 70
     6
  9
$UCSBASE
  2

  9
$UCSNAME
  2

  9
$UCSORG
 10
0.0
 20
0.0
 30
0.0
  9
$UCSXDIR
 10
1.0
 20
0.0
 30
0.0
  9
$UCSYDIR
 10
0.0
 20
1.0
 30
0.0
  9
$UCSORTHOREF
  2

  9
$UCSORTHOVIEW
 70
     0
  9
$UCSORGTOP
 10
0.0
 20
0.0
 30
0.0
  9
$UCSORGBOTTOM
 10
0.0
 20
0.0
 30
0.0
  9
$UCSORGLEFT
 10
0.0
 20
0.0
 30
0.0
  9
$UCSORGRIGHT
 10
0.0
 20
0.0
 30
0.0
  9
$UCSORGFRONT
 10
0.0
 20
0.0
 30
0.0
  9
$UCSORGBACK
 10
0.0
 20
0.0
 30
0.0
  9
$PUCSBASE
  2

  9
$PUCSNAME
  2

  9
$PUCSORG
 10
0.0
 20
0.0
 30
0.0
  9
$PUCSXDIR
 10
1.0
 20
0.0
 30
0.0
  9
$PUCSYDIR
 10
0.0
 20
1.0
 30
0.0
  9
$PUCSORTHOREF
  2

  9
$PUCSORTHOVIEW
 70
     0
  9
$PUCSORGTOP
 10
0.0
 20
0.0
 30
0.0
  9
$PUCSORGBOTTOM
 10
0.0
 20
0.0
 30
0.0
  9
$PUCSORGLEFT
 10
0.0
 20
0.0
 30
0.0
  9
$PUCSORGRIGHT
 10
0.0
 20
0.0
 30
0.0
  9
$PUCSORGFRONT
 10
0.0
 20
0.0
 30
0.0
  9
$PUCSORGBACK
 10
0.0
 20
0.0
 30
0.0
  9
$USERI1
 70
     0
  9
$USERI2
 70
     0
  9
$USERI3
 70
     0
  9
$USERI4
 70
     0
  9
$USERI5
 70
     0
  9
$USERR1
 40
0.0
  9
$USERR2
 40
0.0
  9
$USERR3
 40
0.0
  9
$USERR4
 40
0.0
  9
$USERR5
 40
0.0
  9
$WORLDVIEW
 70
     1
  9
$SHADEDGE
 70
     3
  9
$SHADEDIF
 70
    70
  9
$TILEMODE
 70
     1
  9
$MAXACTVP
 70
    64
  9
$PINSBASE
 10
0.0
 20
0.0
 30
0.0
  9
$PLIMCHECK
 70
     0
  9
$PEXTMIN
 10
1.000000000000000E+20
 20
1.000000000000000E+20
 30
1.000000000000000E+20
  9
$PEXTMAX
 10
-1.000000000000000E+20
 20
-1.000000000000000E+20
 30
-1.000000000000000E+20
  9
$PLIMMIN
 10
0.0
 20
0.0
  9
$PLIMMAX
 10
12.0
 20
9.0
  9
$UNITMODE
 70
     0
  9
$VISRETAIN
 70
     1
  9
$PLINEGEN
 70
     0
  9
$PSLTSCALE
 70
     1
  9
$TREEDEPTH
 70
  3020
  9
$CMLSTYLE
  2
Standard
  9
$CMLJUST
 70
     0
  9
$CMLSCALE
 40
1.0
  9
$PROXYGRAPHICS
 70
     1
  9
$MEASUREMENT
 70
     1
  9
$CELWEIGHT
370
    -1
  9
$ENDCAPS
280
     0
  9
$JOINSTYLE
280
     0
  9
$LWDISPLAY
290
     0
  9
$INSUNITS
 70
     0
  9
$HYPERLINKBASE
  1

  9
$STYLESHEET
  1

  9
$XEDIT
290
     1
  9
$CEPSNTYPE
380
     0
  9
$PSTYLEMODE
290
     1
  9
$FINGERPRINTGUID
  2
{4757E52F-62CE-AD4F-B473-874C1B0A1255}
  9
$VERSIONGUID
  2
{6663343D-2766-C247-B84B-1554E851E95F}
  9
$EXTNAMES
290
     1
  9
$PSVPSCALE
 40
0.0
  9
$OLESTARTUP
290
     0
  9
$SORTENTS
280
   127
  9
$INDEXCTL
280
     0
  9
$HIDETEXT
280
     0
  9
$XCLIPFRAME
280
     2
  9
$HALOGAP
280
     0
  9
$OBSCOLOR
 70
   257
  9
$OBSLTYPE
280
     0
  9
$INTERSECTIONDISPLAY
280
     0
  9
$INTERSECTIONCOLOR
 70
   257
  9
$DIMASSOC
280
     1
  9
$PROJECTNAME
  1

  9
$CAMERADISPLAY
290
     0
  9
$LENSLENGTH
 40
50.0
  9
$CAMERAHEIGHT
 40
0.0
  9
$STEPSPERSEC
 40
2.0
  9
$STEPSIZE
 40
6.0
  9
$3DDWFPREC
 40
2.0
  9
$PSOLWIDTH
 40
0.25
  9
$PSOLHEIGHT
 40
4.0
  9
$LOFTANG1
 40
1.570796326794896
  9
$LOFTANG2
 40
1.570796326794896
  9
$LOFTMAG1
 40
0.0
  9
$LOFTMAG2
 40
0.0
  9
$LOFTPARAM
 70
     7
  9
$LOFTNORMALS
280
     1
  9
$LATITUDE
 40
37.795
  9
$LONGITUDE
 40
-122.394
  9
$NORTHDIRECTION
 40
0.0
  9
$TIMEZONE
 70
 -8000
  9
$LIGHTGLYPHDISPLAY
280
     1
  9
$TILEMODELIGHTSYNCH
280
     1
  9
$CMATERIAL
347
11
  9
$SOLIDHIST
280
     0
  9
$SHOWHIST
280
     1
  9
$DWFFRAME
280
     2
  9
$DGNFRAME
280
     0
  9
$REALWORLDSCALE
290
     1
  9
$INTERFERECOLOR
 62
     1
  9
$INTERFEREOBJVS
345
33
  9
$INTERFEREVPVS
346
30
  9
$CSHADOW
280
     0
  9
$SHADOWPLANELOCATION
 40
0.0
  0
ENDSEC
  0
SECTION
  2
CLASSES
  0
CLASS
  1
ACDBDICTIONARYWDFLT
  2
AcDbDictionaryWithDefault
  3
ObjectDBX Classes
 90
        0
 91
        1
280
     0
281
     0
  0
CLASS
  1
MATERIAL
  2
AcDbMaterial
  3
ObjectDBX Classes
 90
     1153
 91
        3
280
     0
281
     0
  0
CLASS
  1
VISUALSTYLE
  2
AcDbVisualStyle
  3
ObjectDBX Classes
 90
     4095
 91
       24
280
     0
281
     0
  0
CLASS
  1
SCALE
  2
AcDbScale
  3
ObjectDBX Classes
 90
     1153
 91
       17
280
     0
281
     0
  0
CLASS
  1
TABLESTYLE
  2
AcDbTableStyle
  3
ObjectDBX Classes
 90
     4095
 91
        1
280
     0
281
     0
  0
CLASS
  1
MLEADERSTYLE
  2
AcDbMLeaderStyle
  3
ACDB_MLEADERSTYLE_CLASS
 90
     4095
 91
        1
280
     0
281
     0
  0
CLASS
  1
ACDBSECTIONVIEWSTYLE
  2
AcDbSectionViewStyle
  3
ObjectDBX Classes
 90
     1025
 91
        2
280
     0
281
     0
  0
CLASS
  1
ACDBDETAILVIEWSTYLE
  2
AcDbDetailViewStyle
  3
ObjectDBX Classes
 90
     1025
 91
        2
280
     0
281
     0
  0
CLASS
  1
SOLID_BACKGROUND
  2
AcDbSolidBackground
  3
SCENEOE
 90
     4095
 91
        1
280
     0
281
     0
  0
CLASS
  1
NPOCOLLECTION
  2
AcDbImpNonPersistentObjectsCollection
  3
ObjectDBX Classes
 90
     1153
 91
        1
280
     0
281
     0
  0
CLASS
  1
DICTIONARYVAR
  2
AcDbDictionaryVar
  3
ObjectDBX Classes
 90
        0
 91
        9
280
     0
281
     0
  0
CLASS
  1
CELLSTYLEMAP
  2
AcDbCellStyleMap
  3
ObjectDBX Classes
 90
     1152
 91
        1
280
     0
281
     0
  0
ENDSEC
  0
SECTION
  2
TABLES
  0
TABLE
  2
VPORT
  5
8
330
0
100
AcDbSymbolTable
 70
     1
  0
VPORT
  5
7D
330
8
100
AcDbSymbolTableRecord
100
AcDbViewportTableRecord
  2
*Active
 70
     0
 10
0.0
 20
0.0
 11
1.0
 21
1.0
 12
0.0
 22
0.0
 13
0.0
 23
0.0
 14
1.0
 24
1.0
 15
0.0
 25
0.0
 16
-0.0000000000001421
 26
0.0
 36
649.798521983229
 17
147.8749814033508
 27
-102.000015258789
 37
0.0
 40
305.0265246052132
 41
1.42328618063112
 42
50.0
 43
0.0
 44
0.0
 50
0.0
 51
0.0
 71
     0
 72
   100
 73
     1
 74
     1
 75
     0
 76
     0
 77
     0
 78
     0
281
     0
 65
     1
110
0.0
120
0.0
130
0.0
111
1.0
121
0.0
131
0.0
112
0.0
122
1.0
132
0.0
 79
     0
146
0.0
348
2F
 60
     3
 61
     5
292
     1
282
     1
141
0.0
142
0.0
 63
   250
421
  3355443
1001
ACAD_NAV_VCDISPLAY
1070
     3
  0
ENDTAB
  0
TABLE
  2
LTYPE
  5
5
330
0
100
AcDbSymbolTable
 70
     4
  0
LTYPE
  5
5A
330
5
100
AcDbSymbolTableRecord
100
AcDbLinetypeTableRecord
  2
ByBlock
 70
     0
  3

 72
    65
 73
     0
 40
0.0
  0
LTYPE
  5
5B
330
5
100
AcDbSymbolTableRecord
100
AcDbLinetypeTableRecord
  2
ByLayer
 70
     0
  3

 72
    65
 73
     0
 40
0.0
  0
LTYPE
  5
5C
330
5
100
AcDbSymbolTableRecord
100
AcDbLinetypeTableRecord
  2
CONTINUOUS
 70
     0
  3
Solid line
 72
    65
 73
     0
 40
0.0
  0
LTYPE
  5
73
330
5
100
AcDbSymbolTableRecord
100
AcDbLinetypeTableRecord
  2
DASHDOT
 70
     0
  3
Dash Dot ____ _ ____ _
 72
    65
 73
     4
 40
2.0
 49
1.25
 74
     0
 49
-0.25
 74
     0
 49
0.25
 74
     0
 49
-0.25
 74
     0
  0
LTYPE
  5
74
330
5
100
AcDbSymbolTableRecord
100
AcDbLinetypeTableRecord
  2
DASHED
 70
     0
  3
Dashed __ __ __ __ __
 72
    65
 73
     2
 40
0.75
 49
0.5
 74
     0
 49
-0.25
 74
     0
  0
LTYPE
  5
75
330
5
100
AcDbSymbolTableRecord
100
AcDbLinetypeTableRecord
  2
DOTTED
 70
     0
  3
Dotted .  .  .  .
 72
    65
 73
     2
 40
0.2
 49
0.0
 74
     0
 49
-0.2
 74
     0
  0
ENDTAB
  0
TABLE
  2
LAYER
  5
2
102
{ACAD_XDICTIONARY
360
367
102
}
330
0
100
AcDbSymbolTable
 70
     2
  0
LAYER
  5
54
102
{ACAD_XDICTIONARY
360
360
102
}
330
2
100
AcDbSymbolTableRecord
100
AcDbLayerTableRecord
  2
0
 70
     0
 62
     7
  6
CONTINUOUS
370
    -3
390
F
347
21
  0
LAYER
  5
7A
102
{ACAD_XDICTIONARY
360
362
102
}
330
2
100
AcDbSymbolTableRecord
100
AcDbLayerTableRecord
  2
BLACK
 70
     0
 62
     7
  6
CONTINUOUS
370
    -3
390
F
347
21
  0
ENDTAB
  0
TABLE
  2
STYLE
  5
3
330
0
100
AcDbSymbolTable
 70
     6
  0
STYLE
  5
55
330
3
100
AcDbSymbolTableRecord
100
AcDbTextStyleTableRecord
  2
Standard
 70
     0
 40
0.0
 41
1.0
 50
0.0
 71
     0
 42
0.2
  3
txt
  4

  0
STYLE
  5
59
330
3
100
AcDbSymbolTableRecord
100
AcDbTextStyleTableRecord
  2
Annotative
 70
     0
 40
0.0
 41
1.0
 50
0.0
 71
     0
 42
0.2
  3
txt
  4

1001
AcadAnnotative
1000
AnnotativeData
1002
{
1070
     1
1070
     1
1002
}
  0
STYLE
  5
76
330
3
100
AcDbSymbolTableRecord
100
AcDbTextStyleTableRecord
  2
KICAD
 70
     0
 40
0.0
 41
1.0
 50
0.0
 71
     0
 42
1.0
  3
isocp.shx
  4

  0
STYLE
  5
77
330
3
100
AcDbSymbolTableRecord
100
AcDbTextStyleTableRecord
  2
KICADB
 70
     0
 40
0.0
 41
1.0
 50
0.0
 71
     0
 42
1.0
  3
isocp.shx
  4

  0
STYLE
  5
78
330
3
100
AcDbSymbolTableRecord
100
AcDbTextStyleTableRecord
  2
KICADI
 70
     0
 40
0.0
 41
1.0
 50
15.0
 71
     0
 42
1.0
  3
isocp.shx
  4

  0
STYLE
  5
79
330
3
100
AcDbSymbolTableRecord
100
AcDbTextStyleTableRecord
  2
KICADBI
 70
     0
 40
0.0
 41
1.0
 50
15.0
 71
     0
 42
1.0
  3
isocp.shx
  4

  0
ENDTAB
  0
TABLE
  2
VIEW
  5
6
330
0
100
AcDbSymbolTable
 70
     1
  0
ENDTAB
  0
TABLE
  2
UCS
  5
7
330
0
100
AcDbSymbolTable
 70
     0
  0
ENDTAB
  0
TABLE
  2
APPID
  5
9
330
0
100
AcDbSymbolTable
 70
     3
  0
APPID
  5
56
330
9
100
AcDbSymbolTableRecord
100
AcDbRegAppTableRecord
  2
ACAD
 70
     0
  0
APPID
  5
5D
330
9
100
AcDbSymbolTableRecord
100
AcDbRegAppTableRecord
  2
AcadAnnotative
 70
     0
  0
APPID
  5
377
330
9
100
AcDbSymbolTableRecord
100
AcDbRegAppTableRecord
  2
ACAD_NAV_VCDISPLAY
 70
     0
  0
ENDTAB
  0
TABLE
  2
DIMSTYLE
  5
A
330
0
100
AcDbSymbolTable
 70
     2
100
AcDbDimStyleTable
 71
     0
  0
DIMSTYLE
105
57
330
A
100
AcDbSymbolTableRecord
100
AcDbDimStyleTableRecord
  2
Standard
 70
     0
340
55
  0
DIMSTYLE
105
58
330
A
100
AcDbSymbolTableRecord
100
AcDbDimStyleTableRecord
  2
Annotative
 70
     0
340
55
1001
AcadAnnotative
1000
AnnotativeData
1002
{
1070
     1
1070
     1
1002
}
  0
ENDTAB
  0
TABLE
  2
BLOCK_RECORD
  5
1
330
0
100
AcDbSymbolTable
 70
     0
  0
BLOCK_RECORD
  5
6F
330
1
100
AcDbSymbolTableRecord
100
AcDbBlockTableRecord
  2
*Model_Space
340
72
 70
     0
280
     1
281
     0
  0
BLOCK_RECORD
  5
6B
330
1
100
AcDbSymbolTableRecord
100
AcDbBlockTableRecord
  2
*Paper_Space
340
6E
 70
     0
280
     1
281
     0
  0
ENDTAB
  0
ENDSEC
  0
SECTION
  2
BLOCKS
  0
BLOCK
  5
70
330
6F
100
AcDbEntity
  8
0
100
AcDbBlockBegin
  2
*Model_Space
 70
     0
 10
0.0
 20
0.0
 30
0.0
  3
*Model_Space
  1

  0
ENDBLK
  5
71
330
6F
100
AcDbEntity
  8
0
100
AcDbBlockEnd
  0
BLOCK
  5
6C
330
6B
100
AcDbEntity
 67
     1
  8
0
100
AcDbBlockBegin
  2
*Paper_Space
 70
     0
 10
0.0
 20
0.0
 30
0.0
  3
*Paper_Space
  1

  0
ENDBLK
  5
6D
330
6B
100
AcDbEntity
 67
     1
  8
0
100
AcDbBlockEnd
  0
ENDSEC
  0
SECTION
  2
ENTITIES
  0
LINE
  5
7E
330
6F
100
AcDbEntity
  8
BLACK
  6
Continuous
100
AcDbLine
 10
64.18745299999999
 20
-114.050003
 30
0.0
 11
50.587453
 21
-114.050003
 31
0.0
  0
ARC
  5
7F
330
6F
100
AcDbEntity
  8
BLACK
100
AcDbCircle
 10
50.58749999999999
 20
-127.55
 30
0.0
 40
0.5000030022089868
100
AcDbArc
 50
180.00034374
 51
269.99461423
  0
ARC
  5
80
330
6F
100
AcDbEntity
  8
BLACK
100
AcDbCircle
 10
207.75
 20
-89.45
 30
0.0
 40
0.5000030022089868
100
AcDbArc
 50
180.00034374
 51
269.99461423
  0
ARC
  5
81
330
6F
100
AcDbEntity
  8
BLACK
100
AcDbCircle
 10
275.1212
 20
-52.0426
 30
0.0
 40
0.4000830127486046
100
AcDbArc
 50
339.21085921
 51
89.98553581999999
  0
LINE
  5
82
330
6F
100
AcDbEntity
  8
BLACK
  6
Continuous
100
AcDbLine
 10
131.362453
 20
-108.500003
 30
0.0
 11
131.362453
 21
-95.500003
 31
0.0
  0
CIRCLE
  5
83
330
6F
100
AcDbEntity
  8
BLACK
100
AcDbCircle
 10
43.09995299999999
 20
-63.900003
 30
0.0
 40
1.0
  0
LINE
  5
84
330
6F
100
AcDbEntity
  8
BLACK
  6
Continuous
100
AcDbLine
 10
235.637453
 20
-133.100003
 30
0.0
 11
222.037453
 21
-133.100003
 31
0.0
  0
LINE
  5
85
330
6F
100
AcDbEntity
  8
BLACK
  6
Continuous
100
AcDbLine
 10
288.5224149999999
 20
-127.552006
 30
0.0
 11
288.5224149999999
 21
-114.552006
 31
0.0
  0
ARC
  5
86
330
6F
100
AcDbEntity
  8
BLACK
100
AcDbCircle
 10
205.1614
 20
-151.1075
 30
0.0
 40
1.00006300204787
100
AcDbArc
 50
44.99995949
 51
89.99633329999999
  0
LINE
  5
87
330
6F
100
AcDbEntity
  8
BLACK
  6
Continuous
100
AcDbLine
 10
283.262453
 20
-75.95000299999999
 30
0.0
 11
269.662453
 21
-75.95000299999999
 31
0.0
  0
ARC
  5
88
330
6F
100
AcDbEntity
  8
BLACK
100
AcDbCircle
 10
83.2375
 20
-127.55
 30
0.0
 40
0.4999530000090008
100
AcDbArc
 50
269.99461423
 51
359.99965619
  0
ARC
  5
89
330
6F
100
AcDbEntity
  8
BLACK
100
AcDbCircle
 10
74.2411
 20
-151.9575
 30
0.0
 40
0.3999840120054801
100
AcDbArc
 50
159.18747961
 51
270.01403803
  0
LINE
  5
8A
330
6F
100
AcDbEntity
  8
BLACK
  6
Continuous
100
AcDbLine
 10
14.624202
 20
-152.357436
 30
0.0
 11
14.425573
 21
-152.357436
 31
0.0
  0
ARC
  5
8B
330
6F
100
AcDbEntity
  8
BLACK
100
AcDbCircle
 10
88.0
 20
-76.45
 30
0.0
 40
0.4999970022090133
100
AcDbArc
 50
359.99965619
 51
90.00538584
  0
LINE
  5
8C
330
6F
100
AcDbEntity
  8
BLACK
  6
Continuous
100
AcDbLine
 10
131.549953
 20
-89.95000299999999
 30
0.0
 11
145.1499529999999
 21
-89.95000299999999
 31
0.0
  0
ARC
  5
8D
330
6F
100
AcDbEntity
  8
BLACK
100
AcDbCircle
 10
102.2875
 20
-114.55
 30
0.0
 40
0.4999970022090133
100
AcDbArc
 50
359.99965619
 51
90.00538584
  0
LINE
  5
8E
330
6F
100
AcDbEntity
  8
BLACK
  6
Continuous
100
AcDbLine
 10
69.63745299999999
 20
-128.050003
 30
0.0
 11
83.237453
 21
-128.050003
 31
0.0
  0
ARC
  5
8F
330
6F
100
AcDbEntity
  8
BLACK
100
AcDbCircle
 10
102.2875
 20
-127.55
 30
0.0
 40
0.4999530000090008
100
AcDbArc
 50
269.99461423
 51
359.99965619
  0
LINE
  5
90
330
6F
100
AcDbEntity
  8
BLACK
  6
Continuous
100
AcDbLine
 10
288.022415
 20
-114.052006
 30
0.0
 11
274.422415
 21
-114.052006
 31
0.0
  0
ARC
  5
91
330
6F
100
AcDbEntity
  8
BLACK
100
AcDbCircle
 10
5.999899999999999
 20
-149.0075
 30
0.0
 40
0.999937005000315
100
AcDbArc
 50
179.99639
 51
270.00572994
  0
ARC
  5
92
330
6F
100
AcDbEntity
  8
BLACK
100
AcDbCircle
 10
209.6661
 20
-151.9575
 30
0.0
 40
0.3999840120054801
100
AcDbArc
 50
159.18747961
 51
270.01403803
  0
ARC
  5
93
330
6F
100
AcDbEntity
  8
BLACK
100
AcDbCircle
 10
164.2
 20
-89.45
 30
0.0
 40
0.4999530000090008
100
AcDbArc
 50
269.99461423
 51
359.99965619
  0
LINE
  5
94
330
6F
100
AcDbEntity
  8
BLACK
  6
Continuous
100
AcDbLine
 10
245.349953
 20
-133.600003
 30
0.0
 11
245.349953
 21
-146.600003
 31
0.0
  0
LINE
  5
95
330
6F
100
AcDbEntity
  8
BLACK
  6
Continuous
100
AcDbLine
 10
135.624953
 20
-56.900003
 30
0.0
 11
122.024953
 21
-56.900003
 31
0.0
  0
LINE
  5
96
330
6F
100
AcDbEntity
  8
BLACK
  6
Continuous
100
AcDbLine
 10
5.0
 20
-55.0
 30
0.0
 11
5.0
 21
-149.007437
 31
0.0
  0
LINE
  5
97
330
6F
100
AcDbEntity
  8
BLACK
  6
Continuous
100
AcDbLine
 10
78.974953
 20
-70.40000299999999
 30
0.0
 11
78.974953
 21
-57.400003
 31
0.0
  0
ARC
  5
98
330
6F
100
AcDbEntity
  8
BLACK
100
AcDbCircle
 10
273.3
 20
-49.1425
 30
0.0
 40
0.500000000289
100
AcDbArc
 50
90.0
 51
180.0019480599999
  0
LINE
  5
99
330
6F
100
AcDbEntity
  8
BLACK
  6
Continuous
100
AcDbLine
 10
55.349953
 20
-89.95000299999999
 30
0.0
 11
68.94995299999999
 21
-89.95000299999999
 31
0.0
  0
LINE
  5
9A
330
6F
100
AcDbEntity
  8
BLACK
  6
Continuous
100
AcDbLine
 10
160.124953
 20
-70.90000299999999
 30
0.0
 11
173.724953
 21
-70.90000299999999
 31
0.0
  0
ARC
  5
9B
330
6F
100
AcDbEntity
  8
BLACK
100
AcDbCircle
 10
270.0999
 20
-49.14259999999999
 30
0.0
 40
0.5000830099983401
100
AcDbArc
 50
0.0095092
 51
89.98854274999999
  0
LINE
  5
9C
330
6F
100
AcDbEntity
  8
BLACK
  6
Continuous
100
AcDbLine
 10
248.231215
 20
-128.052054
 30
0.0
 11
261.83736
 21
-128.052054
 31
0.0
  0
LINE
  5
9D
330
6F
100
AcDbEntity
  8
BLACK
  6
Continuous
100
AcDbLine
 10
92.76245299999999
 20
-95.00000300000001
 30
0.0
 11
79.16245299999999
 21
-95.00000300000001
 31
0.0
  0
LINE
  5
9E
330
6F
100
AcDbEntity
  8
BLACK
  6
Continuous
100
AcDbLine
 10
17.747673
 20
-51.650002
 30
0.0
 11
17.946301
 21
-51.650002
 31
0.0
  0
LINE
  5
9F
330
6F
100
AcDbEntity
  8
BLACK
  6
Continuous
100
AcDbLine
 10
240.899953
 20
-89.450003
 30
0.0
 11
240.899953
 21
-76.45000299999999
 31
0.0
  0
ARC
  5
A0
330
6F
100
AcDbEntity
  8
BLACK
100
AcDbCircle
 10
269.6624
 20
-146.6001
 30
0.0
 40
0.499903002809545
100
AcDbArc
 50
179.98888204
 51
270.00607453
  0
LINE
  5
A1
330
6F
100
AcDbEntity
  8
BLACK
  6
Continuous
100
AcDbLine
 10
288.524953
 20
-70.40000299999999
 30
0.0
 11
288.524953
 21
-57.400003
 31
0.0
  0
ARC
  5
A2
330
6F
100
AcDbEntity
  8
BLACK
100
AcDbCircle
 10
269.727
 20
-151.1076
 30
0.0
 40
1.000163003959854
100
AcDbArc
 50
45.00299752
 51
89.99490151000001
  0
LINE
  5
A3
330
6F
100
AcDbEntity
  8
BLACK
  6
Continuous
100
AcDbLine
 10
64.68745299999999
 20
-127.5500029999999
 30
0.0
 11
64.68745299999999
 21
-114.550003
 31
0.0
  0
ARC
  5
A4
330
6F
100
AcDbEntity
  8
BLACK
100
AcDbCircle
 10
271.7
 20
-50.742516
 30
0.0
 40
3.075000159649589
100
AcDbArc
 50
201.96876739
 51
338.03123261
  0
LINE
  5
A5
330
6F
100
AcDbEntity
  8
BLACK
  6
Continuous
100
AcDbLine
 10
197.537453
 20
-114.050003
 30
0.0
 11
183.937453
 21
-114.050003
 31
0.0
  0
ARC
  5
A6
330
6F
100
AcDbEntity
  8
BLACK
100
AcDbCircle
 10
213.0875
 20
-153.257485
 30
0.0
 40
1.1
100
AcDbArc
 50
0.0
 51
180.0
  0
ARC
  5
A7
330
6F
100
AcDbEntity
  8
BLACK
100
AcDbCircle
 10
12.6774
 20
-49.64999999999999
 30
0.0
 40
0.9999720255017136
100
AcDbArc
 50
89.99782276000001
 51
134.99854145
  0
LINE
  5
A8
330
6F
100
AcDbEntity
  8
BLACK
  6
Continuous
100
AcDbLine
 10
269.162453
 20
-76.45000299999999
 30
0.0
 11
269.162453
 21
-89.450003
 31
0.0
  0
ARC
  5
A9
330
6F
100
AcDbEntity
  8
BLACK
100
AcDbCircle
 10
26.775
 20
-70.39999999999999
 30
0.0
 40
0.5000030022089868
100
AcDbArc
 50
180.00034374
 51
269.99461423
  0
ARC
  5
AA
330
6F
100
AcDbEntity
  8
BLACK
100
AcDbCircle
 10
136.3125
 20
-108.5
 30
0.0
 40
0.5000030022089868
100
AcDbArc
 50
180.00034374
 51
269.99461423
  0
ARC
  5
AB
330
6F
100
AcDbEntity
  8
BLACK
100
AcDbCircle
 10
169.65
 20
-89.45
 30
0.0
 40
0.5000030022089868
100
AcDbArc
 50
180.00034374
 51
269.99461423
  0
CIRCLE
  5
AC
330
6F
100
AcDbEntity
  8
BLACK
100
AcDbCircle
 10
105.012453
 20
-121.0500029999999
 30
0.0
 40
1.0
  0
LINE
  5
AD
330
6F
100
AcDbEntity
  8
BLACK
  6
Continuous
100
AcDbLine
 10
183.937453
 20
-128.050003
 30
0.0
 11
197.537453
 21
-128.050003
 31
0.0
  0
LINE
  5
AE
330
6F
100
AcDbEntity
  8
BLACK
  6
Continuous
100
AcDbLine
 10
211.824953
 20
-56.900003
 30
0.0
 11
198.224953
 21
-56.900003
 31
0.0
  0
ARC
  5
AF
330
6F
100
AcDbEntity
  8
BLACK
100
AcDbCircle
 10
21.0695
 20
-151.9575
 30
0.0
 40
0.3999360028804608
100
AcDbArc
 50
201.96278636
 51
270.0068765900001
  0
LINE
  5
B0
330
6F
100
AcDbEntity
  8
BLACK
  6
Continuous
100
AcDbLine
 10
236.324953
 20
-70.90000299999999
 30
0.0
 11
249.924953
 21
-70.90000299999999
 31
0.0
  0
LINE
  5
B1
330
6F
100
AcDbEntity
  8
BLACK
  6
Continuous
100
AcDbLine
 10
136.124953
 20
-70.40000299999999
 30
0.0
 11
136.124953
 21
-57.400003
 31
0.0
  0
LINE
  5
B2
330
6F
100
AcDbEntity
  8
BLACK
  6
Continuous
100
AcDbLine
 10
192.774953
 20
-56.900003
 30
0.0
 11
179.174953
 21
-56.900003
 31
0.0
  0
ARC
  5
B3
330
6F
100
AcDbEntity
  8
BLACK
100
AcDbCircle
 10
201.6038
 20
-52.05
 30
0.0
 40
0.4000865745935497
100
AcDbArc
 50
90.01460950999998
 51
200.79685526
  0
LINE
  5
B4
330
6F
100
AcDbEntity
  8
BLACK
  6
Continuous
100
AcDbLine
 10
203.925
 20
-50.74997399999999
 30
0.0
 11
203.925
 21
-49.149975
 31
0.0
  0
LINE
  5
B5
330
6F
100
AcDbEntity
  8
BLACK
  6
Continuous
100
AcDbLine
 10
102.474953
 20
-57.400003
 30
0.0
 11
102.474953
 21
-70.40000299999999
 31
0.0
  0
CIRCLE
  5
B6
330
6F
100
AcDbEntity
  8
BLACK
100
AcDbCircle
 10
185.974953
 20
-82.95000299999999
 30
0.0
 40
1.0
  0
LINE
  5
B7
330
6F
100
AcDbEntity
  8
BLACK
  6
Continuous
100
AcDbLine
 10
110.875
 20
-49.149975
 30
0.0
 11
110.875
 21
-50.74997399999999
 31
0.0
  0
LINE
  5
B8
330
6F
100
AcDbEntity
  8
BLACK
  6
Continuous
100
AcDbLine
 10
259.949953
 20
-89.450003
 30
0.0
 11
259.949953
 21
-76.45000299999999
 31
0.0
  0
ARC
  5
B9
330
6F
100
AcDbEntity
  8
BLACK
100
AcDbCircle
 10
197.5375
 20
-114.55
 30
0.0
 40
0.4999970022090133
100
AcDbArc
 50
359.99965619
 51
90.00538584
  0
LINE
  5
BA
330
6F
100
AcDbEntity
  8
BLACK
  6
Continuous
100
AcDbLine
 10
247.731203
 20
-114.552006
 30
0.0
 11
247.731203
 21
-127.552054
 31
0.0
  0
ARC
  5
BB
330
6F
100
AcDbEntity
  8
BLACK
100
AcDbCircle
 10
68.95
 20
-89.45
 30
0.0
 40
0.4999530000090008
100
AcDbArc
 50
269.99461423
 51
359.99965619
  0
LINE
  5
BC
330
6F
100
AcDbEntity
  8
BLACK
  6
Continuous
100
AcDbLine
 10
262.331203
 20
-127.5519059999999
 30
0.0
 11
262.331203
 21
-114.544044
 31
0.0
  0
LINE
  5
BD
330
6F
100
AcDbEntity
  8
BLACK
  6
Continuous
100
AcDbLine
 10
54.662453
 20
-95.00000300000001
 30
0.0
 11
41.062453
 21
-95.00000300000001
 31
0.0
  0
LINE
  5
BE
330
6F
100
AcDbEntity
  8
BLACK
  6
Continuous
100
AcDbLine
 10
155.174953
 20
-70.40000299999999
 30
0.0
 11
155.174953
 21
-57.400003
 31
0.0
  0
LINE
  5
BF
330
6F
100
AcDbEntity
  8
BLACK
  6
Continuous
100
AcDbLine
 10
217.274953
 20
-70.90000299999999
 30
0.0
 11
230.874953
 21
-70.90000299999999
 31
0.0
  0
LINE
  5
C0
330
6F
100
AcDbEntity
  8
BLACK
  6
Continuous
100
AcDbLine
 10
73.89995299999999
 20
-76.45000299999999
 30
0.0
 11
73.89995299999999
 21
-89.450003
 31
0.0
  0
ARC
  5
C1
330
6F
100
AcDbEntity
  8
BLACK
100
AcDbCircle
 10
164.2
 20
-76.45
 30
0.0
 40
0.4999970022090133
100
AcDbArc
 50
359.99965619
 51
90.00538584
  0
ARC
  5
C2
330
6F
100
AcDbEntity
  8
BLACK
100
AcDbCircle
 10
26.0875
 20
-133.6
 30
0.0
 40
0.4999970022090133
100
AcDbArc
 50
359.99965624
 51
90.00538584
  0
ARC
  5
C3
330
6F
100
AcDbEntity
  8
BLACK
100
AcDbCircle
 10
16.3725
 20
-49.64999999999999
 30
0.0
 40
0.9999980018605036
100
AcDbArc
 50
44.99744771
 51
89.99650495
  0
LINE
  5
C4
330
6F
100
AcDbEntity
  8
BLACK
  6
Continuous
100
AcDbLine
 10
145.649953
 20
-89.450003
 30
0.0
 11
145.649953
 21
-76.45000299999999
 31
0.0
  0
ARC
  5
C5
330
6F
100
AcDbEntity
  8
BLACK
100
AcDbCircle
 10
7.724999999999999
 20
-70.39999999999999
 30
0.0
 40
0.5000030021159873
100
AcDbArc
 50
180.00022916
 51
269.99472882
  0
LINE
  5
C6
330
6F
100
AcDbEntity
  8
BLACK
  6
Continuous
100
AcDbLine
 10
92.949953
 20
-76.45000299999999
 30
0.0
 11
92.949953
 21
-89.450003
 31
0.0
  0
LINE
  5
C7
330
6F
100
AcDbEntity
  8
BLACK
  6
Continuous
100
AcDbLine
 10
20.401543
 20
-155.064542
 30
0.0
 11
25.065755
 21
-150.40033
 31
0.0
  0
LINE
  5
C8
330
6F
100
AcDbEntity
  8
BLACK
  6
Continuous
100
AcDbLine
 10
226.612453
 20
-108.500003
 30
0.0
 11
226.612453
 21
-95.500003
 31
0.0
  0
ARC
  5
C9
330
6F
100
AcDbEntity
  8
BLACK
100
AcDbCircle
 10
107.7375
 20
-127.55
 30
0.0
 40
0.5000030022089868
100
AcDbArc
 50
180.00034374
 51
269.99461423
  0
ARC
  5
CA
330
6F
100
AcDbEntity
  8
BLACK
100
AcDbCircle
 10
179.175
 20
-57.4
 30
0.0
 40
0.5000470000089992
100
AcDbArc
 50
90.00538583999995
 51
180.00034374
  0
LINE
  5
CB
330
6F
100
AcDbEntity
  8
BLACK
  6
Continuous
100
AcDbLine
 10
201.603698
 20
-51.649975
 30
0.0
 11
201.802327
 21
-51.649975
 31
0.0
  0
ARC
  5
CC
330
6F
100
AcDbEntity
  8
BLACK
100
AcDbCircle
 10
77.66249999999999
 20
-153.257485
 30
0.0
 40
3.075000159649589
100
AcDbArc
 50
21.96876739
 51
158.03123261
  0
LINE
  5
CD
330
6F
100
AcDbEntity
  8
BLACK
  6
Continuous
100
AcDbLine
 10
112.312453
 20
-108.500003
 30
0.0
 11
112.312453
 21
-95.500003
 31
0.0
  0
ARC
  5
CE
330
6F
100
AcDbEntity
  8
BLACK
100
AcDbCircle
 10
192.7749999999999
 20
-57.4
 30
0.0
 40
0.4999970022090133
100
AcDbArc
 50
359.99965619
 51
90.00538584
  0
ARC
  5
CF
330
6F
100
AcDbEntity
  8
BLACK
100
AcDbCircle
 10
108.1749
 20
-49.15
 30
0.0
 40
0.5000250099995
100
AcDbArc
 50
0.00286422
 51
89.98854142
  0
ARC
  5
D0
330
6F
100
AcDbEntity
  8
BLACK
100
AcDbCircle
 10
198.7249
 20
-146.5501
 30
0.0
 40
0.499903002809545
100
AcDbArc
 50
179.98888204
 51
270.00607453
  0
LINE
  5
D1
330
6F
100
AcDbEntity
  8
BLACK
  6
Continuous
100
AcDbLine
 10
83.237453
 20
-114.050003
 30
0.0
 11
69.63745299999999
 21
-114.050003
 31
0.0
  0
ARC
  5
D2
330
6F
100
AcDbEntity
  8
BLACK
100
AcDbCircle
 10
169.65
 20
-76.45
 30
0.0
 40
0.5000470000089992
100
AcDbArc
 50
90.00538583999995
 51
180.00034374
  0
ARC
  5
D3
330
6F
100
AcDbEntity
  8
BLACK
100
AcDbCircle
 10
160.125
 20
-70.39999999999999
 30
0.0
 40
0.5000030022089868
100
AcDbArc
 50
180.00034374
 51
269.99461423
  0
ARC
  5
D4
330
6F
100
AcDbEntity
  8
BLACK
100
AcDbCircle
 10
88.0
 20
-89.45
 30
0.0
 40
0.4999530000090008
100
AcDbArc
 50
269.99461423
 51
359.99965619
  0
ARC
  5
D5
330
6F
100
AcDbEntity
  8
BLACK
100
AcDbCircle
 10
178.4874999999999
 20
-127.55
 30
0.0
 40
0.4999530000090008
100
AcDbArc
 50
269.99461423
 51
359.99965619
  0
LINE
  5
D6
330
6F
100
AcDbEntity
  8
BLACK
  6
Continuous
100
AcDbLine
 10
231.062453
 20
-95.500003
 30
0.0
 11
231.062453
 21
-108.500003
 31
0.0
  0
CIRCLE
  5
D7
330
6F
100
AcDbEntity
  8
BLACK
100
AcDbCircle
 10
76.43745299999999
 20
-140.100003
 30
0.0
 40
1.0
  0
ARC
  5
D8
330
6F
100
AcDbEntity
  8
BLACK
100
AcDbCircle
 10
26.0874
 20
-146.6
 30
0.0
 40
0.500053000008999
100
AcDbArc
 50
270.00607309
 51
359.99965626
  0
ARC
  5
D9
330
6F
100
AcDbEntity
  8
BLACK
100
AcDbCircle
 10
245.85
 20
-76.45
 30
0.0
 40
0.5000470000089992
100
AcDbArc
 50
90.00538583999995
 51
180.00034374
  0
ARC
  5
DA
330
6F
100
AcDbEntity
  8
BLACK
100
AcDbCircle
 10
73.71249999999999
 20
-95.5
 30
0.0
 40
0.4999970022090133
100
AcDbArc
 50
359.99965619
 51
90.00538584
  0
LINE
  5
DB
330
6F
100
AcDbEntity
  8
BLACK
  6
Continuous
100
AcDbLine
 10
111.999953
 20
-76.45000299999999
 30
0.0
 11
111.999953
 21
-89.450003
 31
0.0
  0
ARC
  5
DC
330
6F
100
AcDbEntity
  8
BLACK
100
AcDbCircle
 10
216.3101
 20
-151.9575
 30
0.0
 40
0.3999840066615163
100
AcDbArc
 50
201.97050361
 51
270.0104569
  0
LINE
  5
DD
330
6F
100
AcDbEntity
  8
BLACK
  6
Continuous
100
AcDbLine
 10
140.574953
 20
-133.600003
 30
0.0
 11
140.574953
 21
-146.600003
 31
0.0
  0
LINE
  5
DE
330
6F
100
AcDbEntity
  8
BLACK
  6
Continuous
100
AcDbLine
 10
141.074953
 20
-70.90000299999999
 30
0.0
 11
154.674953
 21
-70.90000299999999
 31
0.0
  0
ARC
  5
DF
330
6F
100
AcDbEntity
  8
BLACK
100
AcDbCircle
 10
21.325
 20
-57.4
 30
0.0
 40
0.4999970022090133
100
AcDbArc
 50
359.99965619
 51
90.00538584
  0
ARC
  5
E0
330
6F
100
AcDbEntity
  8
BLACK
100
AcDbCircle
 10
230.875
 20
-70.39999999999999
 30
0.0
 40
0.4999530000090008
100
AcDbArc
 50
269.99461423
 51
359.99965619
  0
ARC
  5
E1
330
6F
100
AcDbEntity
  8
BLACK
100
AcDbCircle
 10
207.75
 20
-76.45
 30
0.0
 40
0.5000470000089992
100
AcDbArc
 50
90.00538583999995
 51
180.00034374
  0
ARC
  5
E2
330
6F
100
AcDbEntity
  8
BLACK
100
AcDbCircle
 10
183.9375
 20
-127.55
 30
0.0
 40
0.5000030022089868
100
AcDbArc
 50
180.00034374
 51
269.99461423
  0
ARC
  5
E3
330
6F
100
AcDbEntity
  8
BLACK
100
AcDbCircle
 10
259.4499
 20
-133.6001
 30
0.0
 40
0.5000970028084552
100
AcDbArc
 50
0.0111128
 51
89.99392783000001
  0
LINE
  5
E4
330
6F
100
AcDbEntity
  8
BLACK
  6
Continuous
100
AcDbLine
 10
59.61245299999998
 20
-95.500003
 30
0.0
 11
59.61245299999998
 21
-108.500003
 31
0.0
  0
ARC
  5
E5
330
6F
100
AcDbEntity
  8
BLACK
100
AcDbCircle
 10
93.45
 20
-76.45
 30
0.0
 40
0.5000470000089992
100
AcDbArc
 50
90.00538583999995
 51
180.00034374
  0
ARC
  5
E6
330
6F
100
AcDbEntity
  8
BLACK
100
AcDbCircle
 10
83.925
 20
-57.4
 30
0.0
 40
0.5000470000089992
100
AcDbArc
 50
90.00538583999995
 51
180.00034374
  0
LINE
  5
E7
330
6F
100
AcDbEntity
  8
BLACK
  6
Continuous
100
AcDbLine
 10
183.249953
 20
-75.95000299999999
 30
0.0
 11
169.649953
 21
-75.95000299999999
 31
0.0
  0
ARC
  5
E8
330
6F
100
AcDbEntity
  8
BLACK
100
AcDbCircle
 10
79.26239999999999
 20
-154.8576
 30
0.0
 40
0.4998840100023205
100
AcDbArc
 50
179.98670472
 51
270.01146181
  0
LINE
  5
E9
330
6F
100
AcDbEntity
  8
BLACK
  6
Continuous
100
AcDbLine
 10
222.037453
 20
-147.100003
 30
0.0
 11
235.637453
 21
-147.100003
 31
0.0
  0
ARC
  5
EA
330
6F
100
AcDbEntity
  8
BLACK
100
AcDbCircle
 10
117.7011
 20
-52.89979999999999
 30
0.0
 40
1.00020000369726
100
AcDbArc
 50
225.00461769
 51
269.99507355
  0
CIRCLE
  5
EB
330
6F
100
AcDbEntity
  8
BLACK
100
AcDbCircle
 10
157.399953
 20
-63.900003
 30
0.0
 40
1.0
  0
LINE
  5
EC
330
6F
100
AcDbEntity
  8
BLACK
  6
Continuous
100
AcDbLine
 10
107.049953
 20
-75.95000299999999
 30
0.0
 11
93.44995299999999
 21
-75.95000299999999
 31
0.0
  0
LINE
  5
ED
330
6F
100
AcDbEntity
  8
BLACK
  6
Continuous
100
AcDbLine
 10
21.268176
 20
-152.357436
 30
0.0
 11
21.069548
 21
-152.357436
 31
0.0
  0
LINE
  5
EE
330
6F
100
AcDbEntity
  8
BLACK
  6
Continuous
100
AcDbLine
 10
145.1499529999999
 20
-75.95000299999999
 30
0.0
 11
131.549953
 21
-75.95000299999999
 31
0.0
  0
LINE
  5
EF
330
6F
100
AcDbEntity
  8
BLACK
  6
Continuous
100
AcDbLine
 10
88.18745299999999
 20
-114.550003
 30
0.0
 11
88.18745299999999
 21
-127.5500029999999
 31
0.0
  0
LINE
  5
F0
330
6F
100
AcDbEntity
  8
BLACK
  6
Continuous
100
AcDbLine
 10
28.968703
 20
-108.500003
 30
0.0
 11
28.968703
 21
-95.500003
 31
0.0
  0
LINE
  5
F1
330
6F
100
AcDbEntity
  8
BLACK
  6
Continuous
100
AcDbLine
 10
282.318703
 20
-108.975003
 30
0.0
 11
285.318703
 21
-107.243003
 31
0.0
  0
LINE
  5
F2
330
6F
100
AcDbEntity
  8
BLACK
  6
Continuous
100
AcDbLine
 10
11.970331
 20
-48.942895
 30
0.0
 11
7.206119
 21
-53.707107
 31
0.0
  0
LINE
  5
F3
330
6F
100
AcDbEntity
  8
BLACK
  6
Continuous
100
AcDbLine
 10
10.527994
 20
-150.30033
 30
0.0
 11
15.292206
 21
-155.064542
 31
0.0
  0
ARC
  5
F4
330
6F
100
AcDbEntity
  8
BLACK
100
AcDbCircle
 10
216.5875
 20
-127.55
 30
0.0
 40
0.4999530000090008
100
AcDbArc
 50
269.99461423
 51
359.99965619
  0
LINE
  5
F5
330
6F
100
AcDbEntity
  8
BLACK
  6
Continuous
100
AcDbLine
 10
211.324953
 20
-147.050003
 30
0.0
 11
198.724953
 21
-147.050003
 31
0.0
  0
ARC
  5
F6
330
6F
100
AcDbEntity
  8
BLACK
100
AcDbCircle
 10
149.9125
 20
-108.5
 30
0.0
 40
0.4999530000090008
100
AcDbArc
 50
269.99461423
 51
359.99965619
  0
ARC
  5
F7
330
6F
100
AcDbEntity
  8
BLACK
100
AcDbCircle
 10
106.5524
 20
-52.0499
 30
0.0
 40
0.3999250066624991
100
AcDbArc
 50
21.96266435
 51
90.01045844000001
  0
LINE
  5
F8
330
6F
100
AcDbEntity
  8
BLACK
  6
Continuous
100
AcDbLine
 10
93.262453
 20
-108.500003
 30
0.0
 11
93.262453
 21
-95.500003
 31
0.0
  0
LINE
  5
F9
330
6F
100
AcDbEntity
  8
BLACK
  6
Continuous
100
AcDbLine
 10
211.824953
 20
-133.650003
 30
0.0
 11
211.824953
 21
-146.550003
 31
0.0
  0
ARC
  5
FA
330
6F
100
AcDbEntity
  8
BLACK
100
AcDbCircle
 10
107.05
 20
-76.45
 30
0.0
 40
0.4999970022090133
100
AcDbArc
 50
359.99965619
 51
90.00538584
  0
LINE
  5
FB
330
6F
100
AcDbEntity
  8
BLACK
  6
Continuous
100
AcDbLine
 10
12.487454
 20
-89.95000299999999
 30
0.0
 11
26.087453
 21
-89.95000299999999
 31
0.0
  0
LINE
  5
FC
330
6F
100
AcDbEntity
  8
BLACK
  6
Continuous
100
AcDbLine
 10
107.237453
 20
-114.550003
 30
0.0
 11
107.237453
 21
-127.5500029999999
 31
0.0
  0
LINE
  5
FD
330
6F
100
AcDbEntity
  8
BLACK
  6
Continuous
100
AcDbLine
 10
159.937453
 20
-127.5500029999999
 30
0.0
 11
159.937453
 21
-114.550003
 31
0.0
  0
ARC
  5
FE
330
6F
100
AcDbEntity
  8
BLACK
100
AcDbCircle
 10
9.8208
 20
-151.0076
 30
0.0
 40
1.000163003783883
100
AcDbArc
 50
45.00307853999999
 51
89.99501608
  0
LINE
  5
FF
330
6F
100
AcDbEntity
  8
BLACK
  6
Continuous
100
AcDbLine
 10
88.68745299999998
 20
-128.050003
 30
0.0
 11
102.287453
 21
-128.050003
 31
0.0
  0
ARC
  5
100
330
6F
100
AcDbEntity
  8
BLACK
100
AcDbCircle
 10
193.4625
 20
-108.5
 30
0.0
 40
0.5000030022089868
100
AcDbArc
 50
180.00034374
 51
269.99461423
  0
LINE
  5
101
330
6F
100
AcDbEntity
  8
BLACK
  6
Continuous
100
AcDbLine
 10
188.512453
 20
-108.500003
 30
0.0
 11
188.512453
 21
-95.500003
 31
0.0
  0
LINE
  5
102
330
6F
100
AcDbEntity
  8
BLACK
  6
Continuous
100
AcDbLine
 10
40.56245299999999
 20
-95.500003
 30
0.0
 11
40.56245299999999
 21
-108.500003
 31
0.0
  0
ARC
  5
103
330
6F
100
AcDbEntity
  8
BLACK
100
AcDbCircle
 10
206.6251
 20
-49.15009999999999
 30
0.0
 40
0.5001000156218753
100
AcDbArc
 50
90.01145628999999
 51
179.98567892
  0
ARC
  5
104
330
6F
100
AcDbEntity
  8
BLACK
100
AcDbCircle
 10
130.8625
 20
-95.5
 30
0.0
 40
0.4999970022090133
100
AcDbArc
 50
359.99965619
 51
90.00538584
  0
ARC
  5
105
330
6F
100
AcDbEntity
  8
BLACK
100
AcDbCircle
 10
271.7
 20
-50.742516
 30
0.0
 40
4.059959545336011
100
AcDbArc
 50
200.80541614
 51
339.19457885
  0
LINE
  5
106
330
6F
100
AcDbEntity
  8
BLACK
  6
Continuous
100
AcDbLine
 10
240.399953
 20
-75.95000299999999
 30
0.0
 11
226.799953
 21
-75.95000299999999
 31
0.0
  0
LINE
  5
107
330
6F
100
AcDbEntity
  8
BLACK
  6
Continuous
100
AcDbLine
 10
116.574953
 20
-56.900003
 30
0.0
 11
102.974953
 21
-56.900003
 31
0.0
  0
ARC
  5
108
330
6F
100
AcDbEntity
  8
BLACK
100
AcDbCircle
 10
211.4876
 20
-154.8576
 30
0.0
 40
0.4999000134586915
100
AcDbArc
 50
269.98853819
 51
0.01329528
  0
ARC
  5
109
330
6F
100
AcDbEntity
  8
BLACK
100
AcDbCircle
 10
69.7364
 20
-151.1075
 30
0.0
 40
1.00006300204787
100
AcDbArc
 50
44.99995949
 51
89.99633329999999
  0
LINE
  5
10A
330
6F
100
AcDbEntity
  8
BLACK
  6
Continuous
100
AcDbLine
 10
164.887453
 20
-128.050003
 30
0.0
 11
178.487453
 21
-128.050003
 31
0.0
  0
LINE
  5
10B
330
6F
100
AcDbEntity
  8
BLACK
  6
Continuous
100
AcDbLine
 10
164.699953
 20
-89.450003
 30
0.0
 11
164.699953
 21
-76.45000299999999
 31
0.0
  0
ARC
  5
10C
330
6F
100
AcDbEntity
  8
BLACK
100
AcDbCircle
 10
59.42499999999999
 20
-70.39999999999999
 30
0.0
 40
0.4999530000090008
100
AcDbArc
 50
269.99461423
 51
359.99965619
  0
LINE
  5
10D
330
6F
100
AcDbEntity
  8
BLACK
  6
Continuous
100
AcDbLine
 10
202.799953
 20
-89.450003
 30
0.0
 11
202.799953
 21
-76.45000299999999
 31
0.0
  0
LINE
  5
10E
330
6F
100
AcDbEntity
  8
BLACK
  6
Continuous
100
AcDbLine
 10
6.499011999999999
 20
-54.0
 30
0.0
 11
6.0
 21
-54.0
 31
0.0
  0
LINE
  5
10F
330
6F
100
AcDbEntity
  8
BLACK
  6
Continuous
100
AcDbLine
 10
26.087453
 20
-75.95000299999999
 30
0.0
 11
12.487454
 21
-75.95000299999999
 31
0.0
  0
ARC
  5
110
330
6F
100
AcDbEntity
  8
BLACK
100
AcDbCircle
 10
164.8875
 20
-114.55
 30
0.0
 40
0.5000470000089992
100
AcDbArc
 50
90.00538583999995
 51
180.00034374
  0
ARC
  5
111
330
6F
100
AcDbEntity
  8
BLACK
100
AcDbCircle
 10
283.2624
 20
-146.6
 30
0.0
 40
0.500053000008999
100
AcDbArc
 50
270.00607309
 51
359.99965626
  0
ARC
  5
112
330
6F
100
AcDbEntity
  8
BLACK
100
AcDbCircle
 10
202.3
 20
-76.45
 30
0.0
 40
0.4999970022090133
100
AcDbArc
 50
359.99965619
 51
90.00538584
  0
LINE
  5
113
330
6F
100
AcDbEntity
  8
BLACK
  6
Continuous
100
AcDbLine
 10
131.049953
 20
-76.45000299999999
 30
0.0
 11
131.049953
 21
-89.450003
 31
0.0
  0
ARC
  5
114
330
6F
100
AcDbEntity
  8
BLACK
100
AcDbCircle
 10
160.125
 20
-57.4
 30
0.0
 40
0.5000470000089992
100
AcDbArc
 50
90.00538583999995
 51
180.00034374
  0
LINE
  5
115
330
6F
100
AcDbEntity
  8
BLACK
  6
Continuous
100
AcDbLine
 10
107.549953
 20
-89.450003
 30
0.0
 11
107.549953
 21
-76.45000299999999
 31
0.0
  0
ARC
  5
116
330
6F
100
AcDbEntity
  8
BLACK
100
AcDbCircle
 10
10.9312
 20
-114.575
 30
0.0
 40
0.4999970000090001
100
AcDbArc
 50
89.99965621999999
 51
180.00034378
  0
LINE
  5
117
330
6F
100
AcDbEntity
  8
BLACK
  6
Continuous
100
AcDbLine
 10
111.375
 20
-48.649975
 30
0.0
 11
111.622561
 21
-48.649975
 31
0.0
  0
LINE
  5
118
330
6F
100
AcDbEntity
  8
BLACK
  6
Continuous
100
AcDbLine
 10
60.11245299999998
 20
-109.000003
 30
0.0
 11
73.712453
 21
-109.000003
 31
0.0
  0
LINE
  5
119
330
6F
100
AcDbEntity
  8
BLACK
  6
Continuous
100
AcDbLine
 10
59.92495299999998
 20
-70.40000299999999
 30
0.0
 11
59.92495299999998
 21
-57.400003
 31
0.0
  0
ARC
  5
11A
330
6F
100
AcDbEntity
  8
BLACK
100
AcDbCircle
 10
49.9
 20
-89.45
 30
0.0
 40
0.4999530000090008
100
AcDbArc
 50
269.99461423
 51
359.99965619
  0
ARC
  5
11B
330
6F
100
AcDbEntity
  8
BLACK
100
AcDbCircle
 10
268.975
 20
-70.39999999999999
 30
0.0
 40
0.4999530000090008
100
AcDbArc
 50
269.99461423
 51
359.99965619
  0
LINE
  5
11C
330
6F
100
AcDbEntity
  8
BLACK
  6
Continuous
100
AcDbLine
 10
169.1499529999999
 20
-76.45000299999999
 30
0.0
 11
169.1499529999999
 21
-89.450003
 31
0.0
  0
LINE
  5
11D
330
6F
100
AcDbEntity
  8
BLACK
  6
Continuous
100
AcDbLine
 10
230.874953
 20
-56.900003
 30
0.0
 11
217.274953
 21
-56.900003
 31
0.0
  0
ARC
  5
11E
330
6F
100
AcDbEntity
  8
BLACK
100
AcDbCircle
 10
74.39999999999999
 20
-76.45
 30
0.0
 40
0.5000470000089992
100
AcDbArc
 50
90.00538583999995
 51
180.00034374
  0
LINE
  5
11F
330
6F
100
AcDbEntity
  8
BLACK
  6
Continuous
100
AcDbLine
 10
231.562453
 20
-109.000003
 30
0.0
 11
245.162453
 21
-109.000003
 31
0.0
  0
CIRCLE
  5
120
330
6F
100
AcDbEntity
  8
BLACK
100
AcDbCircle
 10
119.299953
 20
-140.100003
 30
0.0
 40
1.0
  0
LINE
  5
121
330
6F
100
AcDbEntity
  8
BLACK
  6
Continuous
100
AcDbLine
 10
188.699953
 20
-89.95000299999999
 30
0.0
 11
202.299953
 21
-89.95000299999999
 31
0.0
  0
ARC
  5
122
330
6F
100
AcDbEntity
  8
BLACK
100
AcDbCircle
 10
135.625
 20
-57.4
 30
0.0
 40
0.4999970022090133
100
AcDbArc
 50
359.99965619
 51
90.00538584
  0
ARC
  5
123
330
6F
100
AcDbEntity
  8
BLACK
100
AcDbCircle
 10
178.4874999999999
 20
-114.55
 30
0.0
 40
0.4999970022090133
100
AcDbArc
 50
359.99965619
 51
90.00538584
  0
LINE
  5
124
330
6F
100
AcDbEntity
  8
BLACK
  6
Continuous
100
AcDbLine
 10
164.387453
 20
-114.550003
 30
0.0
 11
164.387453
 21
-127.5500029999999
 31
0.0
  0
LINE
  5
125
330
6F
100
AcDbEntity
  8
BLACK
  6
Continuous
100
AcDbLine
 10
28.468703
 20
-95.00000300000001
 30
0.0
 11
14.868704
 21
-95.00000300000001
 31
0.0
  0
LINE
  5
126
330
6F
100
AcDbEntity
  8
BLACK
  6
Continuous
100
AcDbLine
 10
26.587453
 20
-89.450003
 30
0.0
 11
26.587453
 21
-76.45000299999999
 31
0.0
  0
LINE
  5
127
330
6F
100
AcDbEntity
  8
BLACK
  6
Continuous
100
AcDbLine
 10
263.766528
 20
-53.9
 30
0.0
 11
212.951014
 21
-53.9
 31
0.0
  0
LINE
  5
128
330
6F
100
AcDbEntity
  8
BLACK
  6
Continuous
100
AcDbLine
 10
159.624953
 20
-57.400003
 30
0.0
 11
159.624953
 21
-70.40000299999999
 31
0.0
  0
ARC
  5
129
330
6F
100
AcDbEntity
  8
BLACK
100
AcDbCircle
 10
235.6374
 20
-133.6001
 30
0.0
 40
0.5000970028084552
100
AcDbArc
 50
0.0111128
 51
89.99392783000001
  0
LINE
  5
12A
330
6F
100
AcDbEntity
  8
BLACK
  6
Continuous
100
AcDbLine
 10
73.712453
 20
-133.100003
 30
0.0
 11
60.11245299999998
 21
-133.100003
 31
0.0
  0
ARC
  5
12B
330
6F
100
AcDbEntity
  8
BLACK
100
AcDbCircle
 10
263.7665
 20
-52.89989999999999
 30
0.0
 40
1.000090820412826
100
AcDbArc
 50
270.00160412
 51
314.99708324
  0
LINE
  5
12C
330
6F
100
AcDbEntity
  8
BLACK
  6
Continuous
100
AcDbLine
 10
126.099953
 20
-75.95000299999999
 30
0.0
 11
112.499953
 21
-75.95000299999999
 31
0.0
  0
LINE
  5
12D
330
6F
100
AcDbEntity
  8
BLACK
  6
Continuous
100
AcDbLine
 10
107.737453
 20
-128.050003
 30
0.0
 11
121.337453
 21
-128.050003
 31
0.0
  0
LINE
  5
12E
330
6F
100
AcDbEntity
  8
BLACK
  6
Continuous
100
AcDbLine
 10
178.987453
 20
-127.5500029999999
 30
0.0
 11
178.987453
 21
-114.550003
 31
0.0
  0
LINE
  5
12F
330
6F
100
AcDbEntity
  8
BLACK
  6
Continuous
100
AcDbLine
 10
10.431203
 20
-114.575003
 30
0.0
 11
10.431203
 21
-126.293003
 31
0.0
  0
LINE
  5
130
330
6F
100
AcDbEntity
  8
BLACK
  6
Continuous
100
AcDbLine
 10
74.21245299999999
 20
-108.500003
 30
0.0
 11
74.21245299999999
 21
-95.500003
 31
0.0
  0
ARC
  5
131
330
6F
100
AcDbEntity
  8
BLACK
100
AcDbCircle
 10
126.1
 20
-76.45
 30
0.0
 40
0.4999970022090133
100
AcDbArc
 50
359.99965619
 51
90.00538584
  0
ARC
  5
132
330
6F
100
AcDbEntity
  8
BLACK
100
AcDbCircle
 10
236.325
 20
-70.39999999999999
 30
0.0
 40
0.5000030022089868
100
AcDbArc
 50
180.00034374
 51
269.99461423
  0
ARC
  5
133
330
6F
100
AcDbEntity
  8
BLACK
100
AcDbCircle
 10
97.01830000000001
 20
-146.55
 30
0.0
 40
0.500053000008999
100
AcDbArc
 50
270.00607309
 51
359.99965626
  0
ARC
  5
134
330
6F
100
AcDbEntity
  8
BLACK
100
AcDbCircle
 10
17.9462
 20
-52.0501
 30
0.0
 40
0.4000980127481265
100
AcDbArc
 50
339.21286762
 51
89.98553636
  0
ARC
  5
135
330
6F
100
AcDbEntity
  8
BLACK
100
AcDbCircle
 10
41.0625
 20
-95.5
 30
0.0
 40
0.5000470000089992
100
AcDbArc
 50
90.00538583999995
 51
180.00034374
  0
ARC
  5
136
330
6F
100
AcDbEntity
  8
BLACK
100
AcDbCircle
 10
12.4875
 20
-89.45
 30
0.0
 40
0.5000030021159873
100
AcDbArc
 50
180.00022916
 51
269.99472882
  0
LINE
  5
137
330
6F
100
AcDbEntity
  8
BLACK
  6
Continuous
100
AcDbLine
 10
40.87495299999999
 20
-70.40000299999999
 30
0.0
 11
40.87495299999999
 21
-57.400003
 31
0.0
  0
ARC
  5
138
330
6F
100
AcDbEntity
  8
BLACK
100
AcDbCircle
 10
107.7375
 20
-114.55
 30
0.0
 40
0.5000470000089992
100
AcDbArc
 50
90.00538583999995
 51
180.00034374
  0
LINE
  5
139
330
6F
100
AcDbEntity
  8
BLACK
  6
Continuous
100
AcDbLine
 10
206.625
 20
-48.649975
 30
0.0
 11
206.872561
 21
-48.649975
 31
0.0
  0
ARC
  5
13A
330
6F
100
AcDbEntity
  8
BLACK
100
AcDbCircle
 10
54.66249999999999
 20
-95.5
 30
0.0
 40
0.4999970022090133
100
AcDbArc
 50
359.99965619
 51
90.00538584
  0
ARC
  5
13B
330
6F
100
AcDbEntity
  8
BLACK
100
AcDbCircle
 10
168.9625
 20
-95.5
 30
0.0
 40
0.4999970022090133
100
AcDbArc
 50
359.99965619
 51
90.00538584
  0
ARC
  5
13C
330
6F
100
AcDbEntity
  8
BLACK
100
AcDbCircle
 10
17.7477
 20
-52.05
 30
0.0
 40
0.4000243425655495
100
AcDbArc
 50
90.00386748
 51
158.03286264
  0
ARC
  5
13D
330
6F
100
AcDbEntity
  8
BLACK
100
AcDbCircle
 10
55.35
 20
-89.45
 30
0.0
 40
0.5000030022089868
100
AcDbArc
 50
180.00034374
 51
269.99461423
  0
LINE
  5
13E
330
6F
100
AcDbEntity
  8
BLACK
  6
Continuous
100
AcDbLine
 10
74.21245299999999
 20
-146.600003
 30
0.0
 11
74.21245299999999
 21
-133.600003
 31
0.0
  0
ARC
  5
13F
330
6F
100
AcDbEntity
  8
BLACK
100
AcDbCircle
 10
274.2319
 20
-151.9574
 30
0.0
 40
0.400084007409694
100
AcDbArc
 50
159.2097730799999
 51
269.98897288
  0
ARC
  5
140
330
6F
100
AcDbEntity
  8
BLACK
100
AcDbCircle
 10
131.55
 20
-89.45
 30
0.0
 40
0.5000030022089868
100
AcDbArc
 50
180.00034374
 51
269.99461423
  0
LINE
  5
141
330
6F
100
AcDbEntity
  8
BLACK
  6
Continuous
100
AcDbLine
 10
80.217168
 20
-155.064591
 30
0.0
 11
84.881428
 21
-150.40033
 31
0.0
  0
LINE
  5
142
330
6F
100
AcDbEntity
  8
BLACK
  6
Continuous
100
AcDbLine
 10
69.44995299999999
 20
-89.450003
 30
0.0
 11
69.44995299999999
 21
-76.45000299999999
 31
0.0
  0
ARC
  5
143
330
6F
100
AcDbEntity
  8
BLACK
100
AcDbCircle
 10
226.1125
 20
-95.5
 30
0.0
 40
0.4999970022090133
100
AcDbArc
 50
359.99965619
 51
90.00538584
  0
LINE
  5
144
330
6F
100
AcDbEntity
  8
BLACK
  6
Continuous
100
AcDbLine
 10
270.5999999999999
 20
-50.742516
 30
0.0
 11
270.5999999999999
 21
-49.142517
 31
0.0
  0
ARC
  5
145
330
6F
100
AcDbEntity
  8
BLACK
100
AcDbCircle
 10
197.099
 20
-52.90009999999999
 30
0.0
 40
0.9999189939755121
100
AcDbArc
 50
269.99919778
 51
315.00344399
  0
LINE
  5
146
330
6F
100
AcDbEntity
  8
BLACK
  6
Continuous
100
AcDbLine
 10
14.868704
 20
-109.000003
 30
0.0
 11
28.468703
 21
-109.000003
 31
0.0
  0
LINE
  5
147
330
6F
100
AcDbEntity
  8
BLACK
  6
Continuous
100
AcDbLine
 10
150.099953
 20
-76.45000299999999
 30
0.0
 11
150.099953
 21
-89.450003
 31
0.0
  0
ARC
  5
148
330
6F
100
AcDbEntity
  8
BLACK
100
AcDbCircle
 10
28.4687
 20
-108.5
 30
0.0
 40
0.5000030000089999
100
AcDbArc
 50
270.00034377
 51
359.99965623
  0
LINE
  5
149
330
6F
100
AcDbEntity
  8
BLACK
  6
Continuous
100
AcDbLine
 10
198.224953
 20
-146.550003
 30
0.0
 11
198.224953
 21
-133.650003
 31
0.0
  0
LINE
  5
14A
330
6F
100
AcDbEntity
  8
BLACK
  6
Continuous
100
AcDbLine
 10
283.762453
 20
-146.600003
 30
0.0
 11
283.762453
 21
-133.600003
 31
0.0
  0
LINE
  5
14B
330
6F
100
AcDbEntity
  8
BLACK
  6
Continuous
100
AcDbLine
 10
270.434196
 20
-150.40033
 30
0.0
 11
275.098456
 21
-155.064591
 31
0.0
  0
LINE
  5
14C
330
6F
100
AcDbEntity
  8
BLACK
  6
Continuous
100
AcDbLine
 10
207.749953
 20
-89.95000299999999
 30
0.0
 11
221.349953
 21
-89.95000299999999
 31
0.0
  0
ARC
  5
14D
330
6F
100
AcDbEntity
  8
BLACK
100
AcDbCircle
 10
269.8524
 20
-49.64239999999999
 30
0.0
 40
0.9998907094582888
100
AcDbArc
 50
89.99782251
 51
135.00320097
  0
ARC
  5
14E
330
6F
100
AcDbEntity
  8
BLACK
100
AcDbCircle
 10
288.0224999999999
 20
-114.5519
 30
0.0
 40
0.4998940072265319
100
AcDbArc
 50
359.98785123
 51
90.00974235000001
  0
ARC
  5
14F
330
6F
100
AcDbEntity
  8
BLACK
100
AcDbCircle
 10
7.724999999999999
 20
-57.4
 30
0.0
 40
0.5000470000159984
100
AcDbArc
 50
90.00527124000003
 51
180.00045832
  0
ARC
  5
150
330
6F
100
AcDbEntity
  8
BLACK
100
AcDbCircle
 10
19.6944
 20
-154.3573
 30
0.0
 40
1.000121227158488
100
AcDbArc
 50
270.00206237
 51
314.99598958
  0
ARC
  5
151
330
6F
100
AcDbEntity
  8
BLACK
100
AcDbCircle
 10
203.4249
 20
-49.15
 30
0.0
 40
0.5000250099995
100
AcDbArc
 50
0.00286422
 51
89.98854142
  0
ARC
  5
152
330
6F
100
AcDbEntity
  8
BLACK
100
AcDbCircle
 10
245.1625
 20
-108.5
 30
0.0
 40
0.4999530000090008
100
AcDbArc
 50
269.99461423
 51
359.99965619
  0
LINE
  5
153
330
6F
100
AcDbEntity
  8
BLACK
  6
Continuous
100
AcDbLine
 10
130.862453
 20
-95.00000300000001
 30
0.0
 11
117.262453
 21
-95.00000300000001
 31
0.0
  0
LINE
  5
154
330
6F
100
AcDbEntity
  8
BLACK
  6
Continuous
100
AcDbLine
 10
216.587453
 20
-114.050003
 30
0.0
 11
202.987453
 21
-114.050003
 31
0.0
  0
ARC
  5
155
330
6F
100
AcDbEntity
  8
BLACK
100
AcDbCircle
 10
109.775
 20
-50.74997399999999
 30
0.0
 40
1.1
100
AcDbArc
 50
180.0
 51
0.0
  0
LINE
  5
156
330
6F
100
AcDbEntity
  8
BLACK
  6
Continuous
100
AcDbLine
 10
174.412453
 20
-109.000003
 30
0.0
 11
188.012453
 21
-109.000003
 31
0.0
  0
ARC
  5
157
330
6F
100
AcDbEntity
  8
BLACK
100
AcDbCircle
 10
183.25
 20
-76.45
 30
0.0
 40
0.4999970022090133
100
AcDbArc
 50
359.99965619
 51
90.00538584
  0
LINE
  5
158
330
6F
100
AcDbEntity
  8
BLACK
  6
Continuous
100
AcDbLine
 10
289.75
 20
-53.9
 30
0.0
 11
279.633472
 21
-53.9
 31
0.0
  0
ARC
  5
159
330
6F
100
AcDbEntity
  8
BLACK
100
AcDbCircle
 10
68.95
 20
-76.45
 30
0.0
 40
0.4999970022090133
100
AcDbArc
 50
359.99965619
 51
90.00538584
  0
ARC
  5
15A
330
6F
100
AcDbEntity
  8
BLACK
100
AcDbCircle
 10
74.43979999999999
 20
-151.9575
 30
0.0
 40
0.400018731686405
100
AcDbArc
 50
270.00386762
 51
338.03485514
  0
ARC
  5
15B
330
6F
100
AcDbEntity
  8
BLACK
100
AcDbCircle
 10
101.849
 20
-52.90009999999999
 30
0.0
 40
0.9999189939755121
100
AcDbArc
 50
269.99919778
 51
315.00344399
  0
LINE
  5
15C
330
6F
100
AcDbEntity
  8
BLACK
  6
Continuous
100
AcDbLine
 10
173.724953
 20
-56.900003
 30
0.0
 11
160.124953
 21
-56.900003
 31
0.0
  0
ARC
  5
15D
330
6F
100
AcDbEntity
  8
BLACK
100
AcDbCircle
 10
174.4125
 20
-95.5
 30
0.0
 40
0.5000470000089992
100
AcDbArc
 50
90.00538583999995
 51
180.00034374
  0
CIRCLE
  5
15E
330
6F
100
AcDbEntity
  8
BLACK
100
AcDbCircle
 10
53.81557799999999
 20
-140.100003
 30
0.0
 40
1.0
  0
LINE
  5
15F
330
6F
100
AcDbEntity
  8
BLACK
  6
Continuous
100
AcDbLine
 10
76.0625
 20
-155.357484
 30
0.0
 11
75.814938
 21
-155.357484
 31
0.0
  0
ARC
  5
160
330
6F
100
AcDbEntity
  8
BLACK
100
AcDbCircle
 10
60.11239999999999
 20
-146.6001
 30
0.0
 40
0.499903002809545
100
AcDbArc
 50
179.98888204
 51
270.00607453
  0
LINE
  5
161
330
6F
100
AcDbEntity
  8
BLACK
  6
Continuous
100
AcDbLine
 10
278.926365
 20
-53.607107
 30
0.0
 11
274.254668
 21
-48.93540999999999
 31
0.0
  0
ARC
  5
162
330
6F
100
AcDbEntity
  8
BLACK
100
AcDbCircle
 10
214.6874
 20
-154.8576
 30
0.0
 40
0.4998840100023205
100
AcDbArc
 50
179.98670472
 51
270.01146181
  0
ARC
  5
163
330
6F
100
AcDbEntity
  8
BLACK
100
AcDbCircle
 10
16.2468
 20
-154.8574
 30
0.0
 40
0.5000750012958056
100
AcDbArc
 50
270.00859375
 51
359.99587532
  0
ARC
  5
164
330
6F
100
AcDbEntity
  8
BLACK
100
AcDbCircle
 10
274.4305
 20
-151.9575
 30
0.0
 40
0.3999491768025032
100
AcDbArc
 50
269.99312423
 51
338.03083631
  0
ARC
  5
165
330
6F
100
AcDbEntity
  8
BLACK
100
AcDbCircle
 10
236.325
 20
-57.4
 30
0.0
 40
0.5000470000089992
100
AcDbArc
 50
90.00538583999995
 51
180.00034374
  0
ARC
  5
166
330
6F
100
AcDbEntity
  8
BLACK
100
AcDbCircle
 10
141.0749999999999
 20
-70.39999999999999
 30
0.0
 40
0.5000030022089868
100
AcDbArc
 50
180.00034374
 51
269.99461423
  0
LINE
  5
167
330
6F
100
AcDbEntity
  8
BLACK
  6
Continuous
100
AcDbLine
 10
274.430452
 20
-152.357484
 30
0.0
 11
274.2318229999999
 21
-152.357484
 31
0.0
  0
LINE
  5
168
330
6F
100
AcDbEntity
  8
BLACK
  6
Continuous
100
AcDbLine
 10
12.487454
 20
-147.100003
 30
0.0
 11
26.087453
 21
-147.100003
 31
0.0
  0
LINE
  5
169
330
6F
100
AcDbEntity
  8
BLACK
  6
Continuous
100
AcDbLine
 10
154.862453
 20
-95.500003
 30
0.0
 11
154.862453
 21
-108.500003
 31
0.0
  0
LINE
  5
16A
330
6F
100
AcDbEntity
  8
BLACK
  6
Continuous
100
AcDbLine
 10
126.787453
 20
-128.050003
 30
0.0
 11
140.387453
 21
-128.050003
 31
0.0
  0
LINE
  5
16B
330
6F
100
AcDbEntity
  8
BLACK
  6
Continuous
100
AcDbLine
 10
11.987453
 20
-133.600004
 30
0.0
 11
11.987453
 21
-146.600002
 31
0.0
  0
ARC
  5
16C
330
6F
100
AcDbEntity
  8
BLACK
100
AcDbCircle
 10
255.375
 20
-70.39999999999999
 30
0.0
 40
0.5000030022089868
100
AcDbArc
 50
180.00034374
 51
269.99461423
  0
ARC
  5
16D
330
6F
100
AcDbEntity
  8
BLACK
100
AcDbCircle
 10
16.125
 20
-49.15
 30
0.0
 40
0.500000000004
100
AcDbArc
 50
90.0
 51
180.00022918
  0
ARC
  5
16E
330
6F
100
AcDbEntity
  8
BLACK
100
AcDbCircle
 10
17.846875
 20
-153.257437
 30
0.0
 40
3.075000159649589
100
AcDbArc
 50
21.96876739
 51
158.03123261
  0
ARC
  5
16F
330
6F
100
AcDbEntity
  8
BLACK
100
AcDbCircle
 10
88.6875
 20
-127.55
 30
0.0
 40
0.5000030022089868
100
AcDbArc
 50
180.00034374
 51
269.99461423
  0
LINE
  5
170
330
6F
100
AcDbEntity
  8
BLACK
  6
Continuous
100
AcDbLine
 10
245.849953
 20
-147.100003
 30
0.0
 11
259.449953
 21
-147.100003
 31
0.0
  0
LINE
  5
171
330
6F
100
AcDbEntity
  8
BLACK
  6
Continuous
100
AcDbLine
 10
73.712453
 20
-95.00000300000001
 30
0.0
 11
60.11245299999998
 21
-95.00000300000001
 31
0.0
  0
ARC
  5
172
330
6F
100
AcDbEntity
  8
BLACK
100
AcDbCircle
 10
19.4468
 20
-154.8575
 30
0.0
 40
0.49993600562572
100
AcDbArc
 50
179.99266504
 51
270.00859547
  0
LINE
  5
173
330
6F
100
AcDbEntity
  8
BLACK
  6
Continuous
100
AcDbLine
 10
14.368703
 20
-95.500003
 30
0.0
 11
14.368703
 21
-108.500003
 31
0.0
  0
ARC
  5
174
330
6F
100
AcDbEntity
  8
BLACK
100
AcDbCircle
 10
283.2625
 20
-89.45
 30
0.0
 40
0.4999530000090008
100
AcDbArc
 50
269.99461423
 51
359.99965619
  0
LINE
  5
175
330
6F
100
AcDbEntity
  8
BLACK
  6
Continuous
100
AcDbLine
 10
78.662453
 20
-95.500003
 30
0.0
 11
78.662453
 21
-108.500003
 31
0.0
  0
LINE
  5
176
330
6F
100
AcDbEntity
  8
BLACK
  6
Continuous
100
AcDbLine
 10
11.103698
 20
-51.650002
 30
0.0
 11
11.302327
 21
-51.650002
 31
0.0
  0
CIRCLE
  5
177
330
6F
100
AcDbEntity
  8
BLACK
100
AcDbCircle
 10
157.399953
 20
-140.100003
 30
0.0
 40
1.0
  0
LINE
  5
178
330
6F
100
AcDbEntity
  8
BLACK
  6
Continuous
100
AcDbLine
 10
169.462453
 20
-108.500003
 30
0.0
 11
169.462453
 21
-95.500003
 31
0.0
  0
ARC
  5
179
330
6F
100
AcDbEntity
  8
BLACK
100
AcDbCircle
 10
21.2681
 20
-151.9574
 30
0.0
 40
0.4000583630084491
100
AcDbArc
 50
270.01088522
 51
20.79670462
  0
ARC
  5
17A
330
6F
100
AcDbEntity
  8
BLACK
100
AcDbCircle
 10
174.4125
 20
-108.5
 30
0.0
 40
0.5000030022089868
100
AcDbArc
 50
180.00034374
 51
269.99461423
  0
ARC
  5
17B
330
6F
100
AcDbEntity
  8
BLACK
100
AcDbCircle
 10
277.653125
 20
-153.257485
 30
0.0
 40
3.075000159649589
100
AcDbArc
 50
21.96876739
 51
158.03123261
  0
ARC
  5
17C
330
6F
100
AcDbEntity
  8
BLACK
100
AcDbCircle
 10
208.2477
 20
-52.0501
 30
0.0
 40
0.4000714930471803
100
AcDbArc
 50
90.00386625999999
 51
158.01612778
  0
CIRCLE
  5
17D
330
6F
100
AcDbEntity
  8
BLACK
100
AcDbCircle
 10
219.312453
 20
-140.100003
 30
0.0
 40
1.0
  0
ARC
  5
17E
330
6F
100
AcDbEntity
  8
BLACK
100
AcDbCircle
 10
202.9875
 20
-114.55
 30
0.0
 40
0.5000470000089992
100
AcDbArc
 50
90.00538583999995
 51
180.00034374
  0
ARC
  5
17F
330
6F
100
AcDbEntity
  8
BLACK
100
AcDbCircle
 10
78.475
 20
-70.39999999999999
 30
0.0
 40
0.4999530000090008
100
AcDbArc
 50
269.99461423
 51
359.99965619
  0
ARC
  5
180
330
6F
100
AcDbEntity
  8
BLACK
100
AcDbCircle
 10
122.025
 20
-57.4
 30
0.0
 40
0.5000470000089992
100
AcDbArc
 50
90.00538583999995
 51
180.00034374
  0
ARC
  5
181
330
6F
100
AcDbEntity
  8
BLACK
100
AcDbCircle
 10
41.0625
 20
-108.5
 30
0.0
 40
0.5000030022089868
100
AcDbArc
 50
180.00034374
 51
269.99461423
  0
ARC
  5
182
330
6F
100
AcDbEntity
  8
BLACK
100
AcDbCircle
 10
145.8375
 20
-114.55
 30
0.0
 40
0.5000470000089992
100
AcDbArc
 50
90.00538583999995
 51
180.00034374
  0
LINE
  5
183
330
6F
100
AcDbEntity
  8
BLACK
  6
Continuous
100
AcDbLine
 10
183.749953
 20
-89.450003
 30
0.0
 11
183.749953
 21
-76.45000299999999
 31
0.0
  0
ARC
  5
184
330
6F
100
AcDbEntity
  8
BLACK
100
AcDbCircle
 10
245.8499
 20
-133.6
 30
0.0
 40
0.4999470000090009
100
AcDbArc
 50
89.99392638000001
 51
180.00034381
  0
ARC
  5
185
330
6F
100
AcDbEntity
  8
BLACK
100
AcDbCircle
 10
14.525
 20
-50.749998
 30
0.0
 40
4.059960610923214
100
AcDbArc
 50
200.80545571
 51
339.19453927
  0
ARC
  5
186
330
6F
100
AcDbEntity
  8
BLACK
100
AcDbCircle
 10
64.1875
 20
-114.55
 30
0.0
 40
0.4999970022090133
100
AcDbArc
 50
359.99965619
 51
90.00538584
  0
LINE
  5
187
330
6F
100
AcDbEntity
  8
BLACK
  6
Continuous
100
AcDbLine
 10
78.474953
 20
-56.900003
 30
0.0
 11
64.87495299999999
 21
-56.900003
 31
0.0
  0
LINE
  5
188
330
6F
100
AcDbEntity
  8
BLACK
  6
Continuous
100
AcDbLine
 10
235.637453
 20
-114.050003
 30
0.0
 11
222.037453
 21
-114.050003
 31
0.0
  0
LINE
  5
189
330
6F
100
AcDbEntity
  8
BLACK
  6
Continuous
100
AcDbLine
 10
21.324953
 20
-56.900003
 30
0.0
 11
7.724954
 21
-56.900003
 31
0.0
  0
LINE
  5
18A
330
6F
100
AcDbEntity
  8
BLACK
  6
Continuous
100
AcDbLine
 10
50.399953
 20
-89.450003
 30
0.0
 11
50.399953
 21
-76.45000299999999
 31
0.0
  0
LINE
  5
18B
330
6F
100
AcDbEntity
  8
BLACK
  6
Continuous
100
AcDbLine
 10
83.918353
 20
-133.650003
 30
0.0
 11
83.918353
 21
-146.550003
 31
0.0
  0
LINE
  5
18C
330
6F
100
AcDbEntity
  8
BLACK
  6
Continuous
100
AcDbLine
 10
205.868571
 20
-150.40033
 30
0.0
 11
210.532831
 21
-155.064591
 31
0.0
  0
ARC
  5
18D
330
6F
100
AcDbEntity
  8
BLACK
100
AcDbCircle
 10
130.8625
 20
-108.5
 30
0.0
 40
0.4999530000090008
100
AcDbArc
 50
269.99461423
 51
359.99965619
  0
ARC
  5
18E
330
6F
100
AcDbEntity
  8
BLACK
100
AcDbCircle
 10
76.0626
 20
-154.8576
 30
0.0
 40
0.4999000134586915
100
AcDbArc
 50
269.98853819
 51
0.01329528
  0
ARC
  5
18F
330
6F
100
AcDbEntity
  8
BLACK
100
AcDbCircle
 10
283.2625
 20
-76.45
 30
0.0
 40
0.4999970022090133
100
AcDbArc
 50
359.99965619
 51
90.00538584
  0
ARC
  5
190
330
6F
100
AcDbEntity
  8
BLACK
100
AcDbCircle
 10
69.6375
 20
-114.55
 30
0.0
 40
0.5000470000089992
100
AcDbArc
 50
90.00538583999995
 51
180.00034374
  0
ARC
  5
191
330
6F
100
AcDbEntity
  8
BLACK
100
AcDbCircle
 10
126.7875
 20
-114.55
 30
0.0
 40
0.5000470000089992
100
AcDbArc
 50
90.00538583999995
 51
180.00034374
  0
LINE
  5
192
330
6F
100
AcDbEntity
  8
BLACK
  6
Continuous
100
AcDbLine
 10
212.324953
 20
-70.40000299999999
 30
0.0
 11
212.324953
 21
-57.400003
 31
0.0
  0
ARC
  5
193
330
6F
100
AcDbEntity
  8
BLACK
100
AcDbCircle
 10
11.3024
 20
-52.0499
 30
0.0
 40
0.3998980066629489
100
AcDbArc
 50
21.95920949
 51
90.01045915
  0
LINE
  5
194
330
6F
100
AcDbEntity
  8
BLACK
  6
Continuous
100
AcDbLine
 10
259.449953
 20
-75.95000299999999
 30
0.0
 11
245.849953
 21
-75.95000299999999
 31
0.0
  0
ARC
  5
195
330
6F
100
AcDbEntity
  8
BLACK
100
AcDbCircle
 10
183.25
 20
-89.45
 30
0.0
 40
0.4999530000090008
100
AcDbArc
 50
269.99461423
 51
359.99965619
  0
ARC
  5
196
330
6F
100
AcDbEntity
  8
BLACK
100
AcDbCircle
 10
113.1962
 20
-52.05
 30
0.0
 40
0.4000250127504529
100
AcDbArc
 50
339.20309389
 51
89.98553372000001
  0
CIRCLE
  5
197
330
6F
100
AcDbEntity
  8
BLACK
100
AcDbCircle
 10
252.918703
 20
-109.200003
 30
0.0
 40
1.0
  0
LINE
  5
198
330
6F
100
AcDbEntity
  8
BLACK
  6
Continuous
100
AcDbLine
 10
155.174953
 20
-146.600003
 30
0.0
 11
155.174953
 21
-133.600003
 31
0.0
  0
LINE
  5
199
330
6F
100
AcDbEntity
  8
BLACK
  6
Continuous
100
AcDbLine
 10
135.812453
 20
-95.500003
 30
0.0
 11
135.812453
 21
-108.500003
 31
0.0
  0
ARC
  5
19A
330
6F
100
AcDbEntity
  8
BLACK
100
AcDbCircle
 10
154.6749
 20
-133.6001
 30
0.0
 40
0.5000970028084552
100
AcDbArc
 50
0.0111128
 51
89.99392783000001
  0
ARC
  5
19B
330
6F
100
AcDbEntity
  8
BLACK
100
AcDbCircle
 10
97.52500000000001
 20
-70.39999999999999
 30
0.0
 40
0.4999530000090008
100
AcDbArc
 50
269.99461423
 51
359.99965619
  0
LINE
  5
19C
330
6F
100
AcDbEntity
  8
BLACK
  6
Continuous
100
AcDbLine
 10
269.662453
 20
-89.95000299999999
 30
0.0
 11
283.262453
 21
-89.95000299999999
 31
0.0
  0
LINE
  5
19D
330
6F
100
AcDbEntity
  8
BLACK
  6
Continuous
100
AcDbLine
 10
26.274953
 20
-57.400003
 30
0.0
 11
26.274953
 21
-70.40000299999999
 31
0.0
  0
ARC
  5
19E
330
6F
100
AcDbEntity
  8
BLACK
100
AcDbCircle
 10
274.425
 20
-70.39999999999999
 30
0.0
 40
0.5000030022089868
100
AcDbArc
 50
180.00034374
 51
269.99461423
  0
ARC
  5
19F
330
6F
100
AcDbEntity
  8
BLACK
100
AcDbCircle
 10
22.4509
 20
-52.90009999999999
 30
0.0
 40
0.9999000037848784
100
AcDbArc
 50
224.99947325
 51
270.00498523
  0
LINE
  5
1A0
330
6F
100
AcDbEntity
  8
BLACK
  6
Continuous
100
AcDbLine
 10
49.899953
 20
-75.95000299999999
 30
0.0
 11
36.29995299999999
 21
-75.95000299999999
 31
0.0
  0
LINE
  5
1A1
330
6F
100
AcDbEntity
  8
BLACK
  6
Continuous
100
AcDbLine
 10
107.220331
 20
-48.94286799999999
 30
0.0
 11
102.556092
 21
-53.607107
 31
0.0
  0
ARC
  5
1A2
330
6F
100
AcDbEntity
  8
BLACK
100
AcDbCircle
 10
117.2625
 20
-95.5
 30
0.0
 40
0.5000470000089992
100
AcDbArc
 50
90.00538583999995
 51
180.00034374
  0
LINE
  5
1A3
330
6F
100
AcDbEntity
  8
BLACK
  6
Continuous
100
AcDbLine
 10
199.431417
 20
-149.715858
 30
0.0
 11
91.31858299999999
 21
-149.715858
 31
0.0
  0
ARC
  5
1A4
330
6F
100
AcDbEntity
  8
BLACK
100
AcDbCircle
 10
45.82499999999999
 20
-57.4
 30
0.0
 40
0.5000470000089992
100
AcDbArc
 50
90.00538583999995
 51
180.00034374
  0
LINE
  5
1A5
330
6F
100
AcDbEntity
  8
BLACK
  6
Continuous
100
AcDbLine
 10
126.599953
 20
-89.450003
 30
0.0
 11
126.599953
 21
-76.45000299999999
 31
0.0
  0
ARC
  5
1A6
330
6F
100
AcDbEntity
  8
BLACK
100
AcDbCircle
 10
274.9227
 20
-52.0425
 30
0.0
 40
0.4000183576449961
100
AcDbArc
 50
90.00386762999999
 51
158.03498798
  0
LINE
  5
1A7
330
6F
100
AcDbEntity
  8
BLACK
  6
Continuous
100
AcDbLine
 10
49.899953
 20
-133.100003
 30
0.0
 11
36.29995299999999
 21
-133.100003
 31
0.0
  0
ARC
  5
1A8
330
6F
100
AcDbEntity
  8
BLACK
100
AcDbCircle
 10
154.6749
 20
-146.6
 30
0.0
 40
0.500053000008999
100
AcDbArc
 50
270.00607309
 51
359.99965626
  0
CIRCLE
  5
1A9
330
6F
100
AcDbEntity
  8
BLACK
100
AcDbCircle
 10
47.86245299999999
 20
-121.0500029999999
 30
0.0
 40
1.0
  0
ARC
  5
1AA
330
6F
100
AcDbEntity
  8
BLACK
100
AcDbCircle
 10
91.31870000000001
 20
-151.7163
 30
0.0
 40
2.000455584284989
100
AcDbArc
 50
90.00335105999999
 51
110.5547345
  0
LINE
  5
1AB
330
6F
100
AcDbEntity
  8
BLACK
  6
Continuous
100
AcDbLine
 10
112.997673
 20
-51.649975
 30
0.0
 11
113.196301
 21
-51.649975
 31
0.0
  0
ARC
  5
1AC
330
6F
100
AcDbEntity
  8
BLACK
100
AcDbCircle
 10
192.7749999999999
 20
-70.39999999999999
 30
0.0
 40
0.4999530000090008
100
AcDbArc
 50
269.99461423
 51
359.99965619
  0
ARC
  5
1AD
330
6F
100
AcDbEntity
  8
BLACK
100
AcDbCircle
 10
122.025
 20
-70.39999999999999
 30
0.0
 40
0.5000030022089868
100
AcDbArc
 50
180.00034374
 51
269.99461423
  0
ARC
  5
1AE
330
6F
100
AcDbEntity
  8
BLACK
100
AcDbCircle
 10
112.9977
 20
-52.0501
 30
0.0
 40
0.4000714930471803
100
AcDbArc
 50
90.00386625999999
 51
158.01612778
  0
LINE
  5
1AF
330
6F
100
AcDbEntity
  8
BLACK
  6
Continuous
100
AcDbLine
 10
145.337453
 20
-114.550003
 30
0.0
 11
145.337453
 21
-127.5500029999999
 31
0.0
  0
LINE
  5
1B0
330
6F
100
AcDbEntity
  8
BLACK
  6
Continuous
100
AcDbLine
 10
35.79995299999999
 20
-133.600003
 30
0.0
 11
35.79995299999999
 21
-146.600003
 31
0.0
  0
ARC
  5
1B1
330
6F
100
AcDbEntity
  8
BLACK
100
AcDbCircle
 10
26.775
 20
-57.4
 30
0.0
 40
0.5000470000089992
100
AcDbArc
 50
90.00538583999995
 51
180.00034374
  0
ARC
  5
1B2
330
6F
100
AcDbEntity
  8
BLACK
100
AcDbCircle
 10
150.6
 20
-76.45
 30
0.0
 40
0.5000470000089992
100
AcDbArc
 50
90.00538583999995
 51
180.00034374
  0
ARC
  5
1B3
330
6F
100
AcDbEntity
  8
BLACK
100
AcDbCircle
 10
226.1125
 20
-108.5
 30
0.0
 40
0.4999530000090008
100
AcDbArc
 50
269.99461423
 51
359.99965619
  0
ARC
  5
1B4
330
6F
100
AcDbEntity
  8
BLACK
100
AcDbCircle
 10
214.9351
 20
-154.3576
 30
0.0
 40
0.9998907093802799
100
AcDbArc
 50
269.99776521
 51
315.00311994
  0
LINE
  5
1B5
330
6F
100
AcDbEntity
  8
BLACK
  6
Continuous
100
AcDbLine
 10
254.8749529999999
 20
-57.400003
 30
0.0
 11
254.8749529999999
 21
-70.40000299999999
 31
0.0
  0
ARC
  5
1B6
330
6F
100
AcDbEntity
  8
BLACK
100
AcDbCircle
 10
49.89989999999999
 20
-146.6
 30
0.0
 40
0.500053000008999
100
AcDbArc
 50
270.00607309
 51
359.99965626
  0
CIRCLE
  5
1B7
330
6F
100
AcDbEntity
  8
BLACK
100
AcDbCircle
 10
265.746828
 20
-140.100003
 30
0.0
 40
1.0
  0
LINE
  5
1B8
330
6F
100
AcDbEntity
  8
BLACK
  6
Continuous
100
AcDbLine
 10
269.852438
 20
-48.642517
 30
0.0
 11
270.1
 21
-48.642517
 31
0.0
  0
ARC
  5
1B9
330
6F
100
AcDbEntity
  8
BLACK
100
AcDbCircle
 10
230.875
 20
-57.4
 30
0.0
 40
0.4999970022090133
100
AcDbArc
 50
359.99965619
 51
90.00538584
  0
LINE
  5
1BA
330
6F
100
AcDbEntity
  8
BLACK
  6
Continuous
100
AcDbLine
 10
15.625
 20
-49.150002
 30
0.0
 11
15.625
 21
-50.75
 31
0.0
  0
ARC
  5
1BB
330
6F
100
AcDbEntity
  8
BLACK
100
AcDbCircle
 10
26.0875
 20
-89.45
 30
0.0
 40
0.4999530000090008
100
AcDbArc
 50
269.99461423
 51
359.99965619
  0
LINE
  5
1BC
330
6F
100
AcDbEntity
  8
BLACK
  6
Continuous
100
AcDbLine
 10
221.849953
 20
-89.450003
 30
0.0
 11
221.849953
 21
-76.45000299999999
 31
0.0
  0
ARC
  5
1BD
330
6F
100
AcDbEntity
  8
BLACK
100
AcDbCircle
 10
126.1
 20
-89.45
 30
0.0
 40
0.4999530000090008
100
AcDbArc
 50
269.99461423
 51
359.99965619
  0
ARC
  5
1BE
330
6F
100
AcDbEntity
  8
BLACK
100
AcDbCircle
 10
231.5625
 20
-108.5
 30
0.0
 40
0.5000030022089868
100
AcDbArc
 50
180.00034374
 51
269.99461423
  0
ARC
  5
1BF
330
6F
100
AcDbEntity
  8
BLACK
100
AcDbCircle
 10
12.4875
 20
-146.6
 30
0.0
 40
0.5000030021159873
100
AcDbArc
 50
180.00022919
 51
269.99472882
  0
LINE
  5
1C0
330
6F
100
AcDbEntity
  8
BLACK
  6
Continuous
100
AcDbLine
 10
83.924953
 20
-70.90000299999999
 30
0.0
 11
97.52495299999999
 21
-70.90000299999999
 31
0.0
  0
LINE
  5
1C1
330
6F
100
AcDbEntity
  8
BLACK
  6
Continuous
100
AcDbLine
 10
111.812453
 20
-95.00000300000001
 30
0.0
 11
98.21245300000001
 21
-95.00000300000001
 31
0.0
  0
LINE
  5
1C2
330
6F
100
AcDbEntity
  8
BLACK
  6
Continuous
100
AcDbLine
 10
40.37495299999999
 20
-56.900003
 30
0.0
 11
26.774953
 21
-56.900003
 31
0.0
  0
ARC
  5
1C3
330
6F
100
AcDbEntity
  8
BLACK
100
AcDbCircle
 10
136.3125
 20
-95.5
 30
0.0
 40
0.5000470000089992
100
AcDbArc
 50
90.00538583999995
 51
180.00034374
  0
LINE
  5
1C4
330
6F
100
AcDbEntity
  8
BLACK
  6
Continuous
100
AcDbLine
 10
207.562453
 20
-108.500003
 30
0.0
 11
207.562453
 21
-95.500003
 31
0.0
  0
ARC
  5
1C5
330
6F
100
AcDbEntity
  8
BLACK
100
AcDbCircle
 10
212.5125
 20
-108.5
 30
0.0
 40
0.5000030022089868
100
AcDbArc
 50
180.00034374
 51
269.99461423
  0
ARC
  5
1C6
330
6F
100
AcDbEntity
  8
BLACK
100
AcDbCircle
 10
36.2999
 20
-133.6
 30
0.0
 40
0.4999470000090009
100
AcDbArc
 50
89.99392638000001
 51
180.00034381
  0
LINE
  5
1C7
330
6F
100
AcDbEntity
  8
BLACK
  6
Continuous
100
AcDbLine
 10
236.137453
 20
-127.5500029999999
 30
0.0
 11
236.137453
 21
-114.550003
 31
0.0
  0
ARC
  5
1C8
330
6F
100
AcDbEntity
  8
BLACK
100
AcDbCircle
 10
40.375
 20
-70.39999999999999
 30
0.0
 40
0.4999530000090008
100
AcDbArc
 50
269.99461423
 51
359.99965619
  0
CIRCLE
  5
1C9
330
6F
100
AcDbEntity
  8
BLACK
100
AcDbCircle
 10
185.974953
 20
-140.100003
 30
0.0
 40
1.0
  0
ARC
  5
1CA
330
6F
100
AcDbEntity
  8
BLACK
100
AcDbCircle
 10
205.025
 20
-50.74997399999999
 30
0.0
 40
4.059959545336011
100
AcDbArc
 50
200.80541614
 51
339.19457885
  0
ARC
  5
1CB
330
6F
100
AcDbEntity
  8
BLACK
100
AcDbCircle
 10
269.6624
 20
-133.6
 30
0.0
 40
0.4999470000090009
100
AcDbArc
 50
89.99392638000001
 51
180.00034381
  0
ARC
  5
1CC
330
6F
100
AcDbEntity
  8
BLACK
100
AcDbCircle
 10
75.815
 20
-154.3574
 30
0.0
 40
1.000084001921838
100
AcDbArc
 50
225.00089122
 51
269.99644796
  0
ARC
  5
1CD
330
6F
100
AcDbEntity
  8
BLACK
100
AcDbCircle
 10
117.2625
 20
-108.5
 30
0.0
 40
0.5000030022089868
100
AcDbArc
 50
180.00034374
 51
269.99461423
  0
ARC
  5
1CE
330
6F
100
AcDbEntity
  8
BLACK
100
AcDbCircle
 10
21.325
 20
-70.39999999999999
 30
0.0
 40
0.4999530000090008
100
AcDbArc
 50
269.99461423
 51
359.99965619
  0
ARC
  5
1CF
330
6F
100
AcDbEntity
  8
BLACK
100
AcDbCircle
 10
49.9
 20
-76.45
 30
0.0
 40
0.4999970022090133
100
AcDbArc
 50
359.99965619
 51
90.00538584
  0
ARC
  5
1D0
330
6F
100
AcDbEntity
  8
BLACK
100
AcDbCircle
 10
6.000039999999999
 20
-55.00004
 30
0.0
 40
1.000040000799967
100
AcDbArc
 50
90.00229174000002
 51
179.99770826
  0
ARC
  5
1D1
330
6F
100
AcDbEntity
  8
BLACK
100
AcDbCircle
 10
92.7625
 20
-108.5
 30
0.0
 40
0.4999530000090008
100
AcDbArc
 50
269.99461423
 51
359.99965619
  0
LINE
  5
1D2
330
6F
100
AcDbEntity
  8
BLACK
  6
Continuous
100
AcDbLine
 10
288.024953
 20
-56.900003
 30
0.0
 11
274.424953
 21
-56.900003
 31
0.0
  0
LINE
  5
1D3
330
6F
100
AcDbEntity
  8
BLACK
  6
Continuous
100
AcDbLine
 10
198.224953
 20
-70.90000299999999
 30
0.0
 11
211.824953
 21
-70.90000299999999
 31
0.0
  0
ARC
  5
1D4
330
6F
100
AcDbEntity
  8
BLACK
100
AcDbCircle
 10
222.0375
 20
-127.55
 30
0.0
 40
0.5000030022089868
100
AcDbArc
 50
180.00034374
 51
269.99461423
  0
ARC
  5
1D5
330
6F
100
AcDbEntity
  8
BLACK
100
AcDbCircle
 10
84.41830000000001
 20
-146.5501
 30
0.0
 40
0.499903002809545
100
AcDbArc
 50
179.98888204
 51
270.00607453
  0
ARC
  5
1D6
330
6F
100
AcDbEntity
  8
BLACK
100
AcDbCircle
 10
268.975
 20
-57.4
 30
0.0
 40
0.4999970022090133
100
AcDbArc
 50
359.99965619
 51
90.00538584
  0
ARC
  5
1D7
330
6F
100
AcDbEntity
  8
BLACK
100
AcDbCircle
 10
126.7875
 20
-127.55
 30
0.0
 40
0.5000030022089868
100
AcDbArc
 50
180.00034374
 51
269.99461423
  0
ARC
  5
1D8
330
6F
100
AcDbEntity
  8
BLACK
100
AcDbCircle
 10
12.4875
 20
-76.45
 30
0.0
 40
0.5000470000159984
100
AcDbArc
 50
90.00527124000003
 51
180.00045832
  0
ARC
  5
1D9
330
6F
100
AcDbEntity
  8
BLACK
100
AcDbCircle
 10
205.025
 20
-50.74997399999999
 30
0.0
 40
1.1
100
AcDbArc
 50
180.0
 51
0.0
  0
ARC
  5
1DA
330
6F
100
AcDbEntity
  8
BLACK
100
AcDbCircle
 10
207.0625
 20
-108.5
 30
0.0
 40
0.4999530000090008
100
AcDbArc
 50
269.99461423
 51
359.99965619
  0
LINE
  5
1DB
330
6F
100
AcDbEntity
  8
BLACK
  6
Continuous
100
AcDbLine
 10
193.462453
 20
-109.000003
 30
0.0
 11
207.062453
 21
-109.000003
 31
0.0
  0
ARC
  5
1DC
330
6F
100
AcDbEntity
  8
BLACK
100
AcDbCircle
 10
261.831
 20
-127.5519
 30
0.0
 40
0.5002030000359854
100
AcDbArc
 50
270.72853865
 51
359.99931273
  0
ARC
  5
1DD
330
6F
100
AcDbEntity
  8
BLACK
100
AcDbCircle
 10
150.6
 20
-89.45
 30
0.0
 40
0.5000030022089868
100
AcDbArc
 50
180.00034374
 51
269.99461423
  0
LINE
  5
1DE
330
6F
100
AcDbEntity
  8
BLACK
  6
Continuous
100
AcDbLine
 10
231.3749529999999
 20
-70.40000299999999
 30
0.0
 11
231.3749529999999
 21
-57.400003
 31
0.0
  0
ARC
  5
1DF
330
6F
100
AcDbEntity
  8
BLACK
100
AcDbCircle
 10
140.3874999999999
 20
-127.55
 30
0.0
 40
0.4999530000090008
100
AcDbArc
 50
269.99461423
 51
359.99965619
  0
LINE
  5
1E0
330
6F
100
AcDbEntity
  8
BLACK
  6
Continuous
100
AcDbLine
 10
97.018353
 20
-133.150003
 30
0.0
 11
84.41835299999999
 21
-133.150003
 31
0.0
  0
ARC
  5
1E1
330
6F
100
AcDbEntity
  8
BLACK
100
AcDbCircle
 10
283.2624
 20
-133.6001
 30
0.0
 40
0.5000970028084552
100
AcDbArc
 50
0.0111128
 51
89.99392783000001
  0
LINE
  5
1E2
330
6F
100
AcDbEntity
  8
BLACK
  6
Continuous
100
AcDbLine
 10
78.7625
 20
-153.257485
 30
0.0
 11
78.7625
 21
-154.857484
 31
0.0
  0
LINE
  5
1E3
330
6F
100
AcDbEntity
  8
BLACK
  6
Continuous
100
AcDbLine
 10
250.424953
 20
-70.40000299999999
 30
0.0
 11
250.424953
 21
-57.400003
 31
0.0
  0
ARC
  5
1E4
330
6F
100
AcDbEntity
  8
BLACK
100
AcDbCircle
 10
135.625
 20
-70.39999999999999
 30
0.0
 40
0.4999530000090008
100
AcDbArc
 50
269.99461423
 51
359.99965619
  0
LINE
  5
1E5
330
6F
100
AcDbEntity
  8
BLACK
  6
Continuous
100
AcDbLine
 10
216.5088009999999
 20
-152.357484
 30
0.0
 11
216.310173
 21
-152.357484
 31
0.0
  0
ARC
  5
1E6
330
6F
100
AcDbEntity
  8
BLACK
100
AcDbCircle
 10
60.1125
 20
-108.5
 30
0.0
 40
0.5000030022089868
100
AcDbArc
 50
180.00034374
 51
269.99461423
  0
LINE
  5
1E7
330
6F
100
AcDbEntity
  8
BLACK
  6
Continuous
100
AcDbLine
 10
226.299953
 20
-76.45000299999999
 30
0.0
 11
226.299953
 21
-89.450003
 31
0.0
  0
ARC
  5
1E8
330
6F
100
AcDbEntity
  8
BLACK
100
AcDbCircle
 10
112.5
 20
-76.45
 30
0.0
 40
0.5000470000089992
100
AcDbArc
 50
90.00538583999995
 51
180.00034374
  0
CIRCLE
  5
1E9
330
6F
100
AcDbEntity
  8
BLACK
100
AcDbCircle
 10
265.426153
 20
-82.60000299999999
 30
0.0
 40
1.0
  0
LINE
  5
1EA
330
6F
100
AcDbEntity
  8
BLACK
  6
Continuous
100
AcDbLine
 10
269.145331
 20
-48.93540999999999
 30
0.0
 11
264.473635
 21
-53.607107
 31
0.0
  0
LINE
  5
1EB
330
6F
100
AcDbEntity
  8
BLACK
  6
Continuous
100
AcDbLine
 10
203.177438
 20
-48.649975
 30
0.0
 11
203.425
 21
-48.649975
 31
0.0
  0
LINE
  5
1EC
330
6F
100
AcDbEntity
  8
BLACK
  6
Continuous
100
AcDbLine
 10
126.287453
 20
-114.550003
 30
0.0
 11
126.287453
 21
-127.5500029999999
 31
0.0
  0
LINE
  5
1ED
330
6F
100
AcDbEntity
  8
BLACK
  6
Continuous
100
AcDbLine
 10
169.649953
 20
-89.95000299999999
 30
0.0
 11
183.249953
 21
-89.95000299999999
 31
0.0
  0
LINE
  5
1EE
330
6F
100
AcDbEntity
  8
BLACK
  6
Continuous
100
AcDbLine
 10
154.674953
 20
-133.100003
 30
0.0
 11
141.074953
 21
-133.100003
 31
0.0
  0
ARC
  5
1EF
330
6F
100
AcDbEntity
  8
BLACK
100
AcDbCircle
 10
268.4774
 20
-52.0425
 30
0.0
 40
0.3999830066615331
100
AcDbArc
 50
21.97037075
 51
90.01045691999998
  0
LINE
  5
1F0
330
6F
100
AcDbEntity
  8
BLACK
  6
Continuous
100
AcDbLine
 10
273.3
 20
-48.642517
 30
0.0
 11
273.547561
 21
-48.642517
 31
0.0
  0
ARC
  5
1F1
330
6F
100
AcDbEntity
  8
BLACK
100
AcDbCircle
 10
145.15
 20
-76.45
 30
0.0
 40
0.4999970022090133
100
AcDbArc
 50
359.99965619
 51
90.00538584
  0
LINE
  5
1F2
330
6F
100
AcDbEntity
  8
BLACK
  6
Continuous
100
AcDbLine
 10
74.43982699999999
 20
-152.357484
 30
0.0
 11
74.24119799999999
 21
-152.357484
 31
0.0
  0
ARC
  5
1F3
330
6F
100
AcDbEntity
  8
BLACK
100
AcDbCircle
 10
274.425
 20
-57.4
 30
0.0
 40
0.5000470000089992
100
AcDbArc
 50
90.00538583999995
 51
180.00034374
  0
ARC
  5
1F4
330
6F
100
AcDbEntity
  8
BLACK
100
AcDbCircle
 10
45.82499999999999
 20
-70.39999999999999
 30
0.0
 40
0.5000030022089868
100
AcDbArc
 50
180.00034374
 51
269.99461423
  0
ARC
  5
1F5
330
6F
100
AcDbEntity
  8
BLACK
100
AcDbCircle
 10
277.653125
 20
-153.257485
 30
0.0
 40
4.059960480128101
100
AcDbArc
 50
20.80542115
 51
159.19458386
  0
ARC
  5
1F6
330
6F
100
AcDbEntity
  8
BLACK
100
AcDbCircle
 10
154.675
 20
-70.39999999999999
 30
0.0
 40
0.4999530000090008
100
AcDbArc
 50
269.99461423
 51
359.99965619
  0
LINE
  5
1F7
330
6F
100
AcDbEntity
  8
BLACK
  6
Continuous
100
AcDbLine
 10
278.753125
 20
-153.257485
 30
0.0
 11
278.753125
 21
-154.857484
 31
0.0
  0
ARC
  5
1F8
330
6F
100
AcDbEntity
  8
BLACK
100
AcDbCircle
 10
159.4375
 20
-127.55
 30
0.0
 40
0.4999530000090008
100
AcDbArc
 50
269.99461423
 51
359.99965619
  0
LINE
  5
1F9
330
6F
100
AcDbEntity
  8
BLACK
  6
Continuous
100
AcDbLine
 10
97.52495299999999
 20
-56.900003
 30
0.0
 11
83.924953
 21
-56.900003
 31
0.0
  0
LINE
  5
1FA
330
6F
100
AcDbEntity
  8
BLACK
  6
Continuous
100
AcDbLine
 10
221.537453
 20
-133.600003
 30
0.0
 11
221.537453
 21
-146.600003
 31
0.0
  0
ARC
  5
1FB
330
6F
100
AcDbEntity
  8
BLACK
100
AcDbCircle
 10
92.7625
 20
-95.5
 30
0.0
 40
0.4999970022090133
100
AcDbArc
 50
359.99965619
 51
90.00538584
  0
ARC
  5
1FC
330
6F
100
AcDbEntity
  8
BLACK
100
AcDbCircle
 10
36.3
 20
-76.45
 30
0.0
 40
0.5000470000089992
100
AcDbArc
 50
90.00538583999995
 51
180.00034374
  0
LINE
  5
1FD
330
6F
100
AcDbEntity
  8
BLACK
  6
Continuous
100
AcDbLine
 10
87.99995299999999
 20
-75.95000299999999
 30
0.0
 11
74.39995299999999
 21
-75.95000299999999
 31
0.0
  0
LINE
  5
1FE
330
6F
100
AcDbEntity
  8
BLACK
  6
Continuous
100
AcDbLine
 10
88.49995299999999
 20
-89.450003
 30
0.0
 11
88.49995299999999
 21
-76.45000299999999
 31
0.0
  0
CIRCLE
  5
1FF
330
6F
100
AcDbEntity
  8
BLACK
100
AcDbCircle
 10
81.19995299999999
 20
-63.900003
 30
0.0
 40
1.0
  0
ARC
  5
200
330
6F
100
AcDbEntity
  8
BLACK
100
AcDbCircle
 10
15.9994
 20
-154.3573
 30
0.0
 40
1.000136003783985
100
AcDbArc
 50
225.00194438
 51
269.99501595
  0
LINE
  5
201
330
6F
100
AcDbEntity
  8
BLACK
  6
Continuous
100
AcDbLine
 10
141.074953
 20
-147.100003
 30
0.0
 11
154.674953
 21
-147.100003
 31
0.0
  0
ARC
  5
202
330
6F
100
AcDbEntity
  8
BLACK
100
AcDbCircle
 10
288.0249999999999
 20
-57.4
 30
0.0
 40
0.4999970022090133
100
AcDbArc
 50
359.99965619
 51
90.00538584
  0
LINE
  5
203
330
6F
100
AcDbEntity
  8
BLACK
  6
Continuous
100
AcDbLine
 10
285.57916
 20
-150.107437
 30
0.0
 11
289.75
 21
-150.107437
 31
0.0
  0
LINE
  5
204
330
6F
100
AcDbEntity
  8
BLACK
  6
Continuous
100
AcDbLine
 10
259.949953
 20
-146.600003
 30
0.0
 11
259.949953
 21
-133.600003
 31
0.0
  0
LINE
  5
205
330
6F
100
AcDbEntity
  8
BLACK
  6
Continuous
100
AcDbLine
 10
188.012453
 20
-95.00000300000001
 30
0.0
 11
174.412453
 21
-95.00000300000001
 31
0.0
  0
LINE
  5
206
330
6F
100
AcDbEntity
  8
BLACK
  6
Continuous
100
AcDbLine
 10
179.174953
 20
-70.90000299999999
 30
0.0
 11
192.774953
 21
-70.90000299999999
 31
0.0
  0
CIRCLE
  5
207
330
6F
100
AcDbEntity
  8
BLACK
100
AcDbCircle
 10
7.381203
 20
-102.000003
 30
0.0
 40
1.0
  0
ARC
  5
208
330
6F
100
AcDbEntity
  8
BLACK
100
AcDbCircle
 10
79.16249999999999
 20
-108.5
 30
0.0
 40
0.5000030022089868
100
AcDbArc
 50
180.00034374
 51
269.99461423
  0
ARC
  5
209
330
6F
100
AcDbEntity
  8
BLACK
100
AcDbCircle
 10
111.6226
 20
-49.64999999999999
 30
0.0
 40
1.00002500076048
100
AcDbArc
 50
45.00259294000001
 51
90.00223447999999
  0
ARC
  5
20A
330
6F
100
AcDbEntity
  8
BLACK
100
AcDbCircle
 10
245.1625
 20
-95.5
 30
0.0
 40
0.4999970022090133
100
AcDbArc
 50
359.99965619
 51
90.00538584
  0
ARC
  5
20B
330
6F
100
AcDbEntity
  8
BLACK
100
AcDbCircle
 10
14.525
 20
-50.75
 30
0.0
 40
3.075000159649589
100
AcDbArc
 50
201.96876739
 51
338.03123261
  0
ARC
  5
20C
330
6F
100
AcDbEntity
  8
BLACK
100
AcDbCircle
 10
116.575
 20
-57.4
 30
0.0
 40
0.4999970022090133
100
AcDbArc
 50
359.99965619
 51
90.00538584
  0
LINE
  5
20D
330
6F
100
AcDbEntity
  8
BLACK
  6
Continuous
100
AcDbLine
 10
10.431203
 20
-126.293003
 30
0.0
 11
13.431203
 21
-128.025003
 31
0.0
  0
LINE
  5
20E
330
6F
100
AcDbEntity
  8
BLACK
  6
Continuous
100
AcDbLine
 10
197.098986
 20
-53.9
 30
0.0
 11
117.701014
 21
-53.9
 31
0.0
  0
ARC
  5
20F
330
6F
100
AcDbEntity
  8
BLACK
100
AcDbCircle
 10
36.3
 20
-89.45
 30
0.0
 40
0.5000030022089868
100
AcDbArc
 50
180.00034374
 51
269.99461423
  0
LINE
  5
210
330
6F
100
AcDbEntity
  8
BLACK
  6
Continuous
100
AcDbLine
 10
274.422415
 20
-128.052006
 30
0.0
 11
288.022415
 21
-128.052006
 31
0.0
  0
LINE
  5
211
330
6F
100
AcDbEntity
  8
BLACK
  6
Continuous
100
AcDbLine
 10
259.449953
 20
-133.100003
 30
0.0
 11
245.849953
 21
-133.100003
 31
0.0
  0
LINE
  5
212
330
6F
100
AcDbEntity
  8
BLACK
  6
Continuous
100
AcDbLine
 10
16.746875
 20
-154.857436
 30
0.0
 11
16.746875
 21
-153.257437
 31
0.0
  0
ARC
  5
213
330
6F
100
AcDbEntity
  8
BLACK
100
AcDbCircle
 10
77.66249999999999
 20
-153.257485
 30
0.0
 40
1.1
100
AcDbArc
 50
0.0
 51
180.0
  0
LINE
  5
214
330
6F
100
AcDbEntity
  8
BLACK
  6
Continuous
100
AcDbLine
 10
26.087453
 20
-133.100003
 30
0.0
 11
12.487454
 21
-133.100003
 31
0.0
  0
LINE
  5
215
330
6F
100
AcDbEntity
  8
BLACK
  6
Continuous
100
AcDbLine
 10
84.41835299999999
 20
-147.050003
 30
0.0
 11
97.018353
 21
-147.050003
 31
0.0
  0
LINE
  5
216
330
6F
100
AcDbEntity
  8
BLACK
  6
Continuous
100
AcDbLine
 10
93.44995299999999
 20
-89.95000299999999
 30
0.0
 11
107.049953
 21
-89.95000299999999
 31
0.0
  0
LINE
  5
217
330
6F
100
AcDbEntity
  8
BLACK
  6
Continuous
100
AcDbLine
 10
6.0
 20
-150.007437
 30
0.0
 11
9.820887
 21
-150.007437
 31
0.0
  0
ARC
  5
218
330
6F
100
AcDbEntity
  8
BLACK
100
AcDbCircle
 10
159.4375
 20
-114.55
 30
0.0
 40
0.4999970022090133
100
AcDbArc
 50
359.99965619
 51
90.00538584
  0
ARC
  5
219
330
6F
100
AcDbEntity
  8
BLACK
100
AcDbCircle
 10
188.0124999999999
 20
-108.5
 30
0.0
 40
0.4999530000090008
100
AcDbArc
 50
269.99461423
 51
359.99965619
  0
ARC
  5
21A
330
6F
100
AcDbEntity
  8
BLACK
100
AcDbCircle
 10
64.1875
 20
-127.55
 30
0.0
 40
0.4999530000090008
100
AcDbArc
 50
269.99461423
 51
359.99965619
  0
LINE
  5
21B
330
6F
100
AcDbEntity
  8
BLACK
  6
Continuous
100
AcDbLine
 10
280.207793
 20
-155.064591
 30
0.0
 11
284.872053
 21
-150.40033
 31
0.0
  0
ARC
  5
21C
330
6F
100
AcDbEntity
  8
BLACK
100
AcDbCircle
 10
288.0224
 20
-127.552
 30
0.0
 40
0.5000150000359989
100
AcDbArc
 50
270.00171885
 51
359.99931247
  0
LINE
  5
21D
330
6F
100
AcDbEntity
  8
BLACK
  6
Continuous
100
AcDbLine
 10
140.574953
 20
-57.400003
 30
0.0
 11
140.574953
 21
-70.40000299999999
 31
0.0
  0
LINE
  5
21E
330
6F
100
AcDbEntity
  8
BLACK
  6
Continuous
100
AcDbLine
 10
221.349953
 20
-75.95000299999999
 30
0.0
 11
207.749953
 21
-75.95000299999999
 31
0.0
  0
LINE
  5
21F
330
6F
100
AcDbEntity
  8
BLACK
  6
Continuous
100
AcDbLine
 10
221.013535
 20
-150.107437
 30
0.0
 11
269.7270889999999
 21
-150.107437
 31
0.0
  0
LINE
  5
220
330
6F
100
AcDbEntity
  8
BLACK
  6
Continuous
100
AcDbLine
 10
122.024953
 20
-70.90000299999999
 30
0.0
 11
135.624953
 21
-70.90000299999999
 31
0.0
  0
ARC
  5
221
330
6F
100
AcDbEntity
  8
BLACK
100
AcDbCircle
 10
269.6625
 20
-89.45
 30
0.0
 40
0.5000030022089868
100
AcDbArc
 50
180.00034374
 51
269.99461423
  0
ARC
  5
222
330
6F
100
AcDbEntity
  8
BLACK
100
AcDbCircle
 10
98.2125
 20
-95.5
 30
0.0
 40
0.5000470000089992
100
AcDbArc
 50
90.00538583999995
 51
180.00034374
  0
LINE
  5
223
330
6F
100
AcDbEntity
  8
BLACK
  6
Continuous
100
AcDbLine
 10
18.946875
 20
-153.257437
 30
0.0
 11
18.946875
 21
-154.857436
 31
0.0
  0
ARC
  5
224
330
6F
100
AcDbEntity
  8
BLACK
100
AcDbCircle
 10
111.8125
 20
-108.5
 30
0.0
 40
0.4999530000090008
100
AcDbArc
 50
269.99461423
 51
359.99965619
  0
ARC
  5
225
330
6F
100
AcDbEntity
  8
BLACK
100
AcDbCircle
 10
206.8726
 20
-49.64999999999999
 30
0.0
 40
1.00002500076048
100
AcDbArc
 50
45.00259294000001
 51
90.00223447999999
  0
ARC
  5
226
330
6F
100
AcDbEntity
  8
BLACK
100
AcDbCircle
 10
83.2375
 20
-114.55
 30
0.0
 40
0.4999970022090133
100
AcDbArc
 50
359.99965619
 51
90.00538584
  0
ARC
  5
227
330
6F
100
AcDbEntity
  8
BLACK
100
AcDbCircle
 10
145.15
 20
-89.45
 30
0.0
 40
0.4999530000090008
100
AcDbArc
 50
269.99461423
 51
359.99965619
  0
LINE
  5
228
330
6F
100
AcDbEntity
  8
BLACK
  6
Continuous
100
AcDbLine
 10
36.29995299999999
 20
-147.100003
 30
0.0
 11
49.899953
 21
-147.100003
 31
0.0
  0
ARC
  5
229
330
6F
100
AcDbEntity
  8
BLACK
100
AcDbCircle
 10
88.6875
 20
-114.55
 30
0.0
 40
0.5000470000089992
100
AcDbArc
 50
90.00538583999995
 51
180.00034374
  0
LINE
  5
22A
330
6F
100
AcDbEntity
  8
BLACK
  6
Continuous
100
AcDbLine
 10
178.6749529999999
 20
-57.400003
 30
0.0
 11
178.6749529999999
 21
-70.40000299999999
 31
0.0
  0
ARC
  5
22B
330
6F
100
AcDbEntity
  8
BLACK
100
AcDbCircle
 10
85.58849999999999
 20
-151.1073
 30
0.0
 40
0.9998786896839035
100
AcDbArc
 50
89.99799437
 51
135.00413295
  0
LINE
  5
22C
330
6F
100
AcDbEntity
  8
BLACK
  6
Continuous
100
AcDbLine
 10
285.318703
 20
-107.243003
 30
0.0
 11
285.318703
 21
-95.525003
 31
0.0
  0
ARC
  5
22D
330
6F
100
AcDbEntity
  8
BLACK
100
AcDbCircle
 10
211.3249
 20
-133.6501
 30
0.0
 40
0.5000970028084552
100
AcDbArc
 50
0.0111128
 51
89.99392783000001
  0
LINE
  5
22E
330
6F
100
AcDbEntity
  8
BLACK
  6
Continuous
100
AcDbLine
 10
140.887453
 20
-127.5500029999999
 30
0.0
 11
140.887453
 21
-114.550003
 31
0.0
  0
LINE
  5
22F
330
6F
100
AcDbEntity
  8
BLACK
  6
Continuous
100
AcDbLine
 10
79.51006099999999
 20
-155.357484
 30
0.0
 11
79.2625
 21
-155.357484
 31
0.0
  0
ARC
  5
230
330
6F
100
AcDbEntity
  8
BLACK
100
AcDbCircle
 10
213.087499
 20
-153.257485
 30
0.0
 40
4.059959545336011
100
AcDbArc
 50
20.80541614
 51
159.19457885
  0
LINE
  5
231
330
6F
100
AcDbEntity
  8
BLACK
  6
Continuous
100
AcDbLine
 10
21.824953
 20
-70.40000299999999
 30
0.0
 11
21.824953
 21
-57.400003
 31
0.0
  0
LINE
  5
232
330
6F
100
AcDbEntity
  8
BLACK
  6
Continuous
100
AcDbLine
 10
35.79995299999999
 20
-76.45000299999999
 30
0.0
 11
35.79995299999999
 21
-89.450003
 31
0.0
  0
LINE
  5
233
330
6F
100
AcDbEntity
  8
BLACK
  6
Continuous
100
AcDbLine
 10
202.987453
 20
-128.050003
 30
0.0
 11
216.587453
 21
-128.050003
 31
0.0
  0
LINE
  5
234
330
6F
100
AcDbEntity
  8
BLACK
  6
Continuous
100
AcDbLine
 10
249.924953
 20
-56.900003
 30
0.0
 11
236.324953
 21
-56.900003
 31
0.0
  0
LINE
  5
235
330
6F
100
AcDbEntity
  8
BLACK
  6
Continuous
100
AcDbLine
 10
98.21245300000001
 20
-109.000003
 30
0.0
 11
111.812453
 21
-109.000003
 31
0.0
  0
LINE
  5
236
330
6F
100
AcDbEntity
  8
BLACK
  6
Continuous
100
AcDbLine
 10
212.512453
 20
-109.000003
 30
0.0
 11
226.112453
 21
-109.000003
 31
0.0
  0
ARC
  5
237
330
6F
100
AcDbEntity
  8
BLACK
100
AcDbCircle
 10
235.6374
 20
-146.6
 30
0.0
 40
0.500053000008999
100
AcDbArc
 50
270.00607309
 51
359.99965626
  0
LINE
  5
238
330
6F
100
AcDbEntity
  8
BLACK
  6
Continuous
100
AcDbLine
 10
273.922415
 20
-114.552006
 30
0.0
 11
273.922415
 21
-127.552006
 31
0.0
  0
ARC
  5
239
330
6F
100
AcDbEntity
  8
BLACK
100
AcDbCircle
 10
289.7499
 20
-54.90009999999999
 30
0.0
 40
1.000100004999499
100
AcDbArc
 50
0.00572901
 51
89.99427099
  0
LINE
  5
23A
330
6F
100
AcDbEntity
  8
BLACK
  6
Continuous
100
AcDbLine
 10
207.062453
 20
-95.00000300000001
 30
0.0
 11
193.462453
 21
-95.00000300000001
 31
0.0
  0
LINE
  5
23B
330
6F
100
AcDbEntity
  8
BLACK
  6
Continuous
100
AcDbLine
 10
68.94995299999999
 20
-75.95000299999999
 30
0.0
 11
55.349953
 21
-75.95000299999999
 31
0.0
  0
LINE
  5
23C
330
6F
100
AcDbEntity
  8
BLACK
  6
Continuous
100
AcDbLine
 10
60.11245299999998
 20
-147.100003
 30
0.0
 11
73.712453
 21
-147.100003
 31
0.0
  0
ARC
  5
23D
330
6F
100
AcDbEntity
  8
BLACK
100
AcDbCircle
 10
145.8375
 20
-127.55
 30
0.0
 40
0.5000030022089868
100
AcDbArc
 50
180.00034374
 51
269.99461423
  0
LINE
  5
23E
330
6F
100
AcDbEntity
  8
BLACK
  6
Continuous
100
AcDbLine
 10
19.694436
 20
-155.357436
 30
0.0
 11
19.446875
 21
-155.357436
 31
0.0
  0
ARC
  5
23F
330
6F
100
AcDbEntity
  8
BLACK
100
AcDbCircle
 10
253.8187
 20
-95.525
 30
0.0
 40
0.4999970000090001
100
AcDbArc
 50
89.99965621999999
 51
180.00034378
  0
LINE
  5
240
330
6F
100
AcDbEntity
  8
BLACK
  6
Continuous
100
AcDbLine
 10
174.224953
 20
-70.40000299999999
 30
0.0
 11
174.224953
 21
-57.400003
 31
0.0
  0
ARC
  5
241
330
6F
100
AcDbEntity
  8
BLACK
100
AcDbCircle
 10
116.575
 20
-70.39999999999999
 30
0.0
 40
0.4999530000090008
100
AcDbArc
 50
269.99461423
 51
359.99965619
  0
ARC
  5
242
330
6F
100
AcDbEntity
  8
BLACK
100
AcDbCircle
 10
97.01830000000001
 20
-133.6501
 30
0.0
 40
0.5000970028084552
100
AcDbArc
 50
0.0111128
 51
89.99392783000001
  0
ARC
  5
243
330
6F
100
AcDbEntity
  8
BLACK
100
AcDbCircle
 10
73.7124
 20
-133.6001
 30
0.0
 40
0.5000970028084552
100
AcDbArc
 50
0.0111128
 51
89.99392783000001
  0
LINE
  5
244
330
6F
100
AcDbEntity
  8
BLACK
  6
Continuous
100
AcDbLine
 10
106.353698
 20
-51.649975
 30
0.0
 11
106.552327
 21
-51.649975
 31
0.0
  0
LINE
  5
245
330
6F
100
AcDbEntity
  8
BLACK
  6
Continuous
100
AcDbLine
 10
102.787453
 20
-127.5500029999999
 30
0.0
 11
102.787453
 21
-114.550003
 31
0.0
  0
LINE
  5
246
330
6F
100
AcDbEntity
  8
BLACK
  6
Continuous
100
AcDbLine
 10
117.074953
 20
-70.40000299999999
 30
0.0
 11
117.074953
 21
-57.400003
 31
0.0
  0
LINE
  5
247
330
6F
100
AcDbEntity
  8
BLACK
  6
Continuous
100
AcDbLine
 10
83.42495300000001
 20
-57.400003
 30
0.0
 11
83.42495300000001
 21
-70.40000299999999
 31
0.0
  0
ARC
  5
248
330
6F
100
AcDbEntity
  8
BLACK
100
AcDbCircle
 10
273.5475
 20
-49.64259999999999
 30
0.0
 40
1.000083001860345
100
AcDbArc
 50
45.00089122
 51
89.99650524999999
  0
ARC
  5
249
330
6F
100
AcDbEntity
  8
BLACK
100
AcDbCircle
 10
289.75
 20
-149.1074
 30
0.0
 40
1.0000000006845
100
AcDbArc
 50
270.0
 51
359.99788006
  0
LINE
  5
24A
330
6F
100
AcDbEntity
  8
BLACK
  6
Continuous
100
AcDbLine
 10
206.125
 20
-49.149975
 30
0.0
 11
206.125
 21
-50.74997399999999
 31
0.0
  0
LINE
  5
24B
330
6F
100
AcDbEntity
  8
BLACK
  6
Continuous
100
AcDbLine
 10
256.318703
 20
-108.975003
 30
0.0
 11
282.318703
 21
-108.975003
 31
0.0
  0
ARC
  5
24C
330
6F
100
AcDbEntity
  8
BLACK
100
AcDbCircle
 10
111.8125
 20
-95.5
 30
0.0
 40
0.4999970022090133
100
AcDbArc
 50
359.99965619
 51
90.00538584
  0
ARC
  5
24D
330
6F
100
AcDbEntity
  8
BLACK
100
AcDbCircle
 10
17.846875
 20
-153.257437
 30
0.0
 40
1.1
100
AcDbArc
 50
0.0
 51
180.0
  0
ARC
  5
24E
330
6F
100
AcDbEntity
  8
BLACK
100
AcDbCircle
 10
222.0374
 20
-133.6
 30
0.0
 40
0.4999470000090009
100
AcDbArc
 50
89.99392638000001
 51
180.00034381
  0
LINE
  5
24F
330
6F
100
AcDbEntity
  8
BLACK
  6
Continuous
100
AcDbLine
 10
150.412453
 20
-108.500003
 30
0.0
 11
150.412453
 21
-95.500003
 31
0.0
  0
ARC
  5
250
330
6F
100
AcDbEntity
  8
BLACK
100
AcDbCircle
 10
199.4315
 20
-151.7154
 30
0.0
 40
1.999542001722644
100
AcDbArc
 50
69.44160379999999
 51
90.00237831999999
  0
LINE
  5
251
330
6F
100
AcDbEntity
  8
BLACK
  6
Continuous
100
AcDbLine
 10
253.318703
 20
-107.243003
 30
0.0
 11
256.318703
 21
-108.975003
 31
0.0
  0
ARC
  5
252
330
6F
100
AcDbEntity
  8
BLACK
100
AcDbCircle
 10
74.39999999999999
 20
-89.45
 30
0.0
 40
0.5000030022089868
100
AcDbArc
 50
180.00034374
 51
269.99461423
  0
LINE
  5
253
330
6F
100
AcDbEntity
  8
BLACK
  6
Continuous
100
AcDbLine
 10
214.935061
 20
-155.357484
 30
0.0
 11
214.6875
 21
-155.357484
 31
0.0
  0
ARC
  5
254
330
6F
100
AcDbEntity
  8
BLACK
100
AcDbCircle
 10
249.925
 20
-70.39999999999999
 30
0.0
 40
0.4999530000090008
100
AcDbArc
 50
269.99461423
 51
359.99965619
  0
LINE
  5
255
330
6F
100
AcDbEntity
  8
BLACK
  6
Continuous
100
AcDbLine
 10
107.927438
 20
-48.649975
 30
0.0
 11
108.175
 21
-48.649975
 31
0.0
  0
CIRCLE
  5
256
330
6F
100
AcDbEntity
  8
BLACK
100
AcDbCircle
 10
271.699953
 20
-121.0500029999999
 30
0.0
 40
1.0
  0
LINE
  5
257
330
6F
100
AcDbEntity
  8
BLACK
  6
Continuous
100
AcDbLine
 10
50.399953
 20
-146.600003
 30
0.0
 11
50.399953
 21
-133.600003
 31
0.0
  0
LINE
  5
258
330
6F
100
AcDbEntity
  8
BLACK
  6
Continuous
100
AcDbLine
 10
222.037453
 20
-128.050003
 30
0.0
 11
235.637453
 21
-128.050003
 31
0.0
  0
LINE
  5
259
330
6F
100
AcDbEntity
  8
BLACK
  6
Continuous
100
AcDbLine
 10
226.799953
 20
-89.95000299999999
 30
0.0
 11
240.399953
 21
-89.95000299999999
 31
0.0
  0
ARC
  5
25A
330
6F
100
AcDbEntity
  8
BLACK
100
AcDbCircle
 10
188.0124999999999
 20
-95.5
 30
0.0
 40
0.4999970022090133
100
AcDbArc
 50
359.99965619
 51
90.00538584
  0
ARC
  5
25B
330
6F
100
AcDbEntity
  8
BLACK
100
AcDbCircle
 10
212.5125
 20
-95.5
 30
0.0
 40
0.5000470000089992
100
AcDbArc
 50
90.00538583999995
 51
180.00034374
  0
ARC
  5
25C
330
6F
100
AcDbEntity
  8
BLACK
100
AcDbCircle
 10
49.89989999999999
 20
-133.6001
 30
0.0
 40
0.5000970028084552
100
AcDbArc
 50
0.0111128
 51
89.99392783000001
  0
LINE
  5
25D
330
6F
100
AcDbEntity
  8
BLACK
  6
Continuous
100
AcDbLine
 10
212.012453
 20
-95.500003
 30
0.0
 11
212.012453
 21
-108.500003
 31
0.0
  0
LINE
  5
25E
330
6F
100
AcDbEntity
  8
BLACK
  6
Continuous
100
AcDbLine
 10
102.287453
 20
-114.050003
 30
0.0
 11
88.68745299999998
 21
-114.050003
 31
0.0
  0
ARC
  5
25F
330
6F
100
AcDbEntity
  8
BLACK
100
AcDbCircle
 10
11.1037
 20
-52.05
 30
0.0
 40
0.400002681192264
100
AcDbArc
 50
90.00028648000002
 51
200.80555648
  0
CIRCLE
  5
260
330
6F
100
AcDbEntity
  8
BLACK
100
AcDbCircle
 10
30.573703
 20
-82.60000299999999
 30
0.0
 40
1.0
  0
LINE
  5
261
330
6F
100
AcDbEntity
  8
BLACK
  6
Continuous
100
AcDbLine
 10
269.162453
 20
-133.600003
 30
0.0
 11
269.162453
 21
-146.600003
 31
0.0
  0
ARC
  5
262
330
6F
100
AcDbEntity
  8
BLACK
100
AcDbCircle
 10
217.275
 20
-70.39999999999999
 30
0.0
 40
0.5000030022089868
100
AcDbArc
 50
180.00034374
 51
269.99461423
  0
ARC
  5
263
330
6F
100
AcDbEntity
  8
BLACK
100
AcDbCircle
 10
36.2999
 20
-146.6001
 30
0.0
 40
0.499903002809545
100
AcDbArc
 50
179.98888204
 51
270.00607453
  0
LINE
  5
264
330
6F
100
AcDbEntity
  8
BLACK
  6
Continuous
100
AcDbLine
 10
209.864827
 20
-152.357484
 30
0.0
 11
209.666198
 21
-152.357484
 31
0.0
  0
ARC
  5
265
330
6F
100
AcDbEntity
  8
BLACK
100
AcDbCircle
 10
188.7
 20
-76.45
 30
0.0
 40
0.5000470000089992
100
AcDbArc
 50
90.00538583999995
 51
180.00034374
  0
LINE
  5
266
330
6F
100
AcDbEntity
  8
BLACK
  6
Continuous
100
AcDbLine
 10
11.987453
 20
-76.450004
 30
0.0
 11
11.987453
 21
-89.450002
 31
0.0
  0
ARC
  5
267
330
6F
100
AcDbEntity
  8
BLACK
100
AcDbCircle
 10
102.975
 20
-70.39999999999999
 30
0.0
 40
0.5000030022089868
100
AcDbArc
 50
180.00034374
 51
269.99461423
  0
LINE
  5
268
330
6F
100
AcDbEntity
  8
BLACK
  6
Continuous
100
AcDbLine
 10
117.262453
 20
-109.000003
 30
0.0
 11
130.862453
 21
-109.000003
 31
0.0
  0
ARC
  5
269
330
6F
100
AcDbEntity
  8
BLACK
100
AcDbCircle
 10
198.225
 20
-57.4
 30
0.0
 40
0.5000470000089992
100
AcDbArc
 50
90.00538583999995
 51
180.00034374
  0
ARC
  5
26A
330
6F
100
AcDbEntity
  8
BLACK
100
AcDbCircle
 10
193.4625
 20
-95.5
 30
0.0
 40
0.5000470000089992
100
AcDbArc
 50
90.00538583999995
 51
180.00034374
  0
ARC
  5
26B
330
6F
100
AcDbEntity
  8
BLACK
100
AcDbCircle
 10
226.8
 20
-89.45
 30
0.0
 40
0.5000030022089868
100
AcDbArc
 50
180.00034374
 51
269.99461423
  0
ARC
  5
26C
330
6F
100
AcDbEntity
  8
BLACK
100
AcDbCircle
 10
198.7249
 20
-133.65
 30
0.0
 40
0.4999470000090009
100
AcDbArc
 50
89.99392638000001
 51
180.00034381
  0
ARC
  5
26D
330
6F
100
AcDbEntity
  8
BLACK
100
AcDbCircle
 10
80.88509999999999
 20
-151.9575
 30
0.0
 40
0.3999840066615163
100
AcDbArc
 50
201.97050361
 51
270.0104569
  0
LINE
  5
26E
330
6F
100
AcDbEntity
  8
BLACK
  6
Continuous
100
AcDbLine
 10
69.13745299999999
 20
-114.550003
 30
0.0
 11
69.13745299999999
 21
-127.5500029999999
 31
0.0
  0
LINE
  5
26F
330
6F
100
AcDbEntity
  8
BLACK
  6
Continuous
100
AcDbLine
 10
216.774953
 20
-57.400003
 30
0.0
 11
216.774953
 21
-70.40000299999999
 31
0.0
  0
ARC
  5
270
330
6F
100
AcDbEntity
  8
BLACK
100
AcDbCircle
 10
107.9274
 20
-49.64999999999999
 30
0.0
 40
0.9999911180530553
100
AcDbArc
 50
89.99782280999999
 51
134.99744758
  0
ARC
  5
271
330
6F
100
AcDbEntity
  8
BLACK
100
AcDbCircle
 10
259.4499
 20
-146.6
 30
0.0
 40
0.500053000008999
100
AcDbArc
 50
270.00607309
 51
359.99965626
  0
ARC
  5
272
330
6F
100
AcDbEntity
  8
BLACK
100
AcDbCircle
 10
188.7
 20
-89.45
 30
0.0
 40
0.5000030022089868
100
AcDbArc
 50
180.00034374
 51
269.99461423
  0
LINE
  5
273
330
6F
100
AcDbEntity
  8
BLACK
  6
Continuous
100
AcDbLine
 10
50.587453
 20
-128.050003
 30
0.0
 11
64.18745299999999
 21
-128.050003
 31
0.0
  0
LINE
  5
274
330
6F
100
AcDbEntity
  8
BLACK
  6
Continuous
100
AcDbLine
 10
41.062453
 20
-109.000003
 30
0.0
 11
54.662453
 21
-109.000003
 31
0.0
  0
ARC
  5
275
330
6F
100
AcDbEntity
  8
BLACK
100
AcDbCircle
 10
28.4686
 20
-95.50009999999998
 30
0.0
 40
0.5000970106069422
100
AcDbArc
 50
0.01111309
 51
89.98819936
  0
LINE
  5
276
330
6F
100
AcDbEntity
  8
BLACK
  6
Continuous
100
AcDbLine
 10
12.677438
 20
-48.650002
 30
0.0
 11
12.925
 21
-48.650002
 31
0.0
  0
LINE
  5
277
330
6F
100
AcDbEntity
  8
BLACK
  6
Continuous
100
AcDbLine
 10
21.74388
 20
-53.607107
 30
0.0
 11
17.079668
 21
-48.942895
 31
0.0
  0
ARC
  5
278
330
6F
100
AcDbEntity
  8
BLACK
100
AcDbCircle
 10
285.5791
 20
-151.1074
 30
0.0
 40
0.9999317202234358
100
AcDbArc
 50
89.99656212999999
 51
134.99906811
  0
LINE
  5
279
330
6F
100
AcDbEntity
  8
BLACK
  6
Continuous
100
AcDbLine
 10
54.849953
 20
-76.45000299999999
 30
0.0
 11
54.849953
 21
-89.450003
 31
0.0
  0
ARC
  5
27A
330
6F
100
AcDbEntity
  8
BLACK
100
AcDbCircle
 10
40.375
 20
-57.4
 30
0.0
 40
0.4999970022090133
100
AcDbArc
 50
359.99965619
 51
90.00538584
  0
ARC
  5
27B
330
6F
100
AcDbEntity
  8
BLACK
100
AcDbCircle
 10
141.0749
 20
-146.6001
 30
0.0
 40
0.499903002809545
100
AcDbArc
 50
179.98888204
 51
270.00607453
  0
ARC
  5
27C
330
6F
100
AcDbEntity
  8
BLACK
100
AcDbCircle
 10
203.1774
 20
-49.64999999999999
 30
0.0
 40
0.9999911180530553
100
AcDbArc
 50
89.99782280999999
 51
134.99744758
  0
LINE
  5
27D
330
6F
100
AcDbEntity
  8
BLACK
  6
Continuous
100
AcDbLine
 10
200.838297
 20
-150.107437
 30
0.0
 11
200.133663
 21
-149.843199
 31
0.0
  0
ARC
  5
27E
330
6F
100
AcDbEntity
  8
BLACK
100
AcDbCircle
 10
6.498949999999999
 20
-52.99984999999999
 30
0.0
 40
1.000150218022272
100
AcDbArc
 50
270.00355181
 51
314.99643528
  0
LINE
  5
27F
330
6F
100
AcDbEntity
  8
BLACK
  6
Continuous
100
AcDbLine
 10
283.762453
 20
-89.450003
 30
0.0
 11
283.762453
 21
-76.45000299999999
 31
0.0
  0
LINE
  5
280
330
6F
100
AcDbEntity
  8
BLACK
  6
Continuous
100
AcDbLine
 10
290.75
 20
-149.107437
 30
0.0
 11
290.75
 21
-54.9
 31
0.0
  0
LINE
  5
281
330
6F
100
AcDbEntity
  8
BLACK
  6
Continuous
100
AcDbLine
 10
7.224953
 20
-57.40000399999999
 30
0.0
 11
7.224953
 21
-70.400002
 31
0.0
  0
LINE
  5
282
330
6F
100
AcDbEntity
  8
BLACK
  6
Continuous
100
AcDbLine
 10
83.73745300000001
 20
-127.5500029999999
 30
0.0
 11
83.73745300000001
 21
-114.550003
 31
0.0
  0
LINE
  5
283
330
6F
100
AcDbEntity
  8
BLACK
  6
Continuous
100
AcDbLine
 10
200.838297
 20
-150.107437
 30
0.0
 11
205.161464
 21
-150.107437
 31
0.0
  0
ARC
  5
284
330
6F
100
AcDbEntity
  8
BLACK
100
AcDbCircle
 10
78.475
 20
-57.4
 30
0.0
 40
0.4999970022090133
100
AcDbArc
 50
359.99965619
 51
90.00538584
  0
LINE
  5
285
330
6F
100
AcDbEntity
  8
BLACK
  6
Continuous
100
AcDbLine
 10
212.243907
 20
-53.607107
 30
0.0
 11
207.579668
 21
-48.94286799999999
 31
0.0
  0
ARC
  5
286
330
6F
100
AcDbEntity
  8
BLACK
100
AcDbCircle
 10
84.41830000000001
 20
-133.65
 30
0.0
 40
0.4999470000090009
100
AcDbArc
 50
89.99392638000001
 51
180.00034381
  0
LINE
  5
287
330
6F
100
AcDbEntity
  8
BLACK
  6
Continuous
100
AcDbLine
 10
183.437453
 20
-114.550003
 30
0.0
 11
183.437453
 21
-127.5500029999999
 31
0.0
  0
LINE
  5
288
330
6F
100
AcDbEntity
  8
BLACK
  6
Continuous
100
AcDbLine
 10
202.470331
 20
-48.94286799999999
 30
0.0
 11
197.806092
 21
-53.607107
 31
0.0
  0
ARC
  5
289
330
6F
100
AcDbEntity
  8
BLACK
100
AcDbCircle
 10
107.05
 20
-89.45
 30
0.0
 40
0.4999530000090008
100
AcDbArc
 50
269.99461423
 51
359.99965619
  0
LINE
  5
28A
330
6F
100
AcDbEntity
  8
BLACK
  6
Continuous
100
AcDbLine
 10
79.16245299999999
 20
-109.000003
 30
0.0
 11
92.76245299999999
 21
-109.000003
 31
0.0
  0
LINE
  5
28B
330
6F
100
AcDbEntity
  8
BLACK
  6
Continuous
100
AcDbLine
 10
198.037453
 20
-127.5500029999999
 30
0.0
 11
198.037453
 21
-114.550003
 31
0.0
  0
LINE
  5
28C
330
6F
100
AcDbEntity
  8
BLACK
  6
Continuous
100
AcDbLine
 10
274.922673
 20
-51.642517
 30
0.0
 11
275.121301
 21
-51.642517
 31
0.0
  0
ARC
  5
28D
330
6F
100
AcDbEntity
  8
BLACK
100
AcDbCircle
 10
240.3999999999999
 20
-89.45
 30
0.0
 40
0.4999530000090008
100
AcDbArc
 50
269.99461423
 51
359.99965619
  0
LINE
  5
28E
330
6F
100
AcDbEntity
  8
BLACK
  6
Continuous
100
AcDbLine
 10
98.024953
 20
-70.40000299999999
 30
0.0
 11
98.024953
 21
-57.400003
 31
0.0
  0
ARC
  5
28F
330
6F
100
AcDbEntity
  8
BLACK
100
AcDbCircle
 10
97.52500000000001
 20
-57.4
 30
0.0
 40
0.4999970022090133
100
AcDbArc
 50
359.99965619
 51
90.00538584
  0
ARC
  5
290
330
6F
100
AcDbEntity
  8
BLACK
100
AcDbCircle
 10
235.6375
 20
-114.55
 30
0.0
 40
0.4999970022090133
100
AcDbArc
 50
359.99965619
 51
90.00538584
  0
ARC
  5
291
330
6F
100
AcDbEntity
  8
BLACK
100
AcDbCircle
 10
274.4225
 20
-127.5519
 30
0.0
 40
0.5001060072234686
100
AcDbArc
 50
180.01214464
 51
269.99026178
  0
CIRCLE
  5
292
330
6F
100
AcDbEntity
  8
BLACK
100
AcDbCircle
 10
200.262453
 20
-121.0500029999999
 30
0.0
 40
1.0
  0
ARC
  5
293
330
6F
100
AcDbEntity
  8
BLACK
100
AcDbCircle
 10
173.725
 20
-70.39999999999999
 30
0.0
 40
0.4999530000090008
100
AcDbArc
 50
269.99461423
 51
359.99965619
  0
LINE
  5
294
330
6F
100
AcDbEntity
  8
BLACK
  6
Continuous
100
AcDbLine
 10
121.337453
 20
-114.050003
 30
0.0
 11
107.737453
 21
-114.050003
 31
0.0
  0
CIRCLE
  5
295
330
6F
100
AcDbEntity
  8
BLACK
100
AcDbCircle
 10
243.124953
 20
-140.100003
 30
0.0
 40
1.0
  0
ARC
  5
296
330
6F
100
AcDbEntity
  8
BLACK
100
AcDbCircle
 10
79.16249999999999
 20
-95.5
 30
0.0
 40
0.5000470000089992
100
AcDbArc
 50
90.00538583999995
 51
180.00034374
  0
ARC
  5
297
330
6F
100
AcDbEntity
  8
BLACK
100
AcDbCircle
 10
248.2311
 20
-114.552
 30
0.0
 40
0.4998970000360074
100
AcDbArc
 50
89.98819485000002
 51
180.00068769
  0
LINE
  5
298
330
6F
100
AcDbEntity
  8
BLACK
  6
Continuous
100
AcDbLine
 10
276.053125
 20
-155.357484
 30
0.0
 11
275.805563
 21
-155.357484
 31
0.0
  0
ARC
  5
299
330
6F
100
AcDbEntity
  8
BLACK
100
AcDbCircle
 10
164.8875
 20
-127.55
 30
0.0
 40
0.5000030022089868
100
AcDbArc
 50
180.00034374
 51
269.99461423
  0
LINE
  5
29A
330
6F
100
AcDbEntity
  8
BLACK
  6
Continuous
100
AcDbLine
 10
108.675
 20
-50.74997399999999
 30
0.0
 11
108.675
 21
-49.149975
 31
0.0
  0
ARC
  5
29B
330
6F
100
AcDbEntity
  8
BLACK
100
AcDbCircle
 10
216.5088
 20
-151.9575
 30
0.0
 40
0.4000067193935621
100
AcDbArc
 50
270.00014325
 51
20.80748191
  0
ARC
  5
29C
330
6F
100
AcDbEntity
  8
BLACK
100
AcDbCircle
 10
179.175
 20
-70.39999999999999
 30
0.0
 40
0.5000030022089868
100
AcDbArc
 50
180.00034374
 51
269.99461423
  0
ARC
  5
29D
330
6F
100
AcDbEntity
  8
BLACK
100
AcDbCircle
 10
281.0745
 20
-151.9575
 30
0.0
 40
0.3999366118336755
100
AcDbArc
 50
269.98939986
 51
20.81129873
  0
LINE
  5
29E
330
6F
100
AcDbEntity
  8
BLACK
  6
Continuous
100
AcDbLine
 10
55.162453
 20
-108.500003
 30
0.0
 11
55.162453
 21
-95.500003
 31
0.0
  0
CIRCLE
  5
29F
330
6F
100
AcDbEntity
  8
BLACK
100
AcDbCircle
 10
57.387453
 20
-102.000003
 30
0.0
 40
1.0
  0
LINE
  5
2A0
330
6F
100
AcDbEntity
  8
BLACK
  6
Continuous
100
AcDbLine
 10
283.262453
 20
-133.100003
 30
0.0
 11
269.662453
 21
-133.100003
 31
0.0
  0
ARC
  5
2A1
330
6F
100
AcDbEntity
  8
BLACK
100
AcDbCircle
 10
274.4224
 20
-114.552
 30
0.0
 40
0.4999850000360011
100
AcDbArc
 50
89.99828111000001
 51
180.00068757
  0
LINE
  5
2A2
330
6F
100
AcDbEntity
  8
BLACK
  6
Continuous
100
AcDbLine
 10
215.642168
 20
-155.064591
 30
0.0
 11
220.306428
 21
-150.40033
 31
0.0
  0
ARC
  5
2A3
330
6F
100
AcDbEntity
  8
BLACK
100
AcDbCircle
 10
64.875
 20
-70.39999999999999
 30
0.0
 40
0.5000030022089868
100
AcDbArc
 50
180.00034374
 51
269.99461423
  0
ARC
  5
2A4
330
6F
100
AcDbEntity
  8
BLACK
100
AcDbCircle
 10
221.35
 20
-89.45
 30
0.0
 40
0.4999530000090008
100
AcDbArc
 50
269.99461423
 51
359.99965619
  0
LINE
  5
2A5
330
6F
100
AcDbEntity
  8
BLACK
  6
Continuous
100
AcDbLine
 10
64.87495299999999
 20
-70.90000299999999
 30
0.0
 11
78.474953
 21
-70.90000299999999
 31
0.0
  0
ARC
  5
2A6
330
6F
100
AcDbEntity
  8
BLACK
100
AcDbCircle
 10
102.975
 20
-57.4
 30
0.0
 40
0.5000470000089992
100
AcDbArc
 50
90.00538583999995
 51
180.00034374
  0
LINE
  5
2A7
330
6F
100
AcDbEntity
  8
BLACK
  6
Continuous
100
AcDbLine
 10
261.831115
 20
-114.052054
 30
0.0
 11
248.231203
 21
-114.052054
 31
0.0
  0
ARC
  5
2A8
330
6F
100
AcDbEntity
  8
BLACK
100
AcDbCircle
 10
275.8056
 20
-154.3575
 30
0.0
 40
0.9999840006845108
100
AcDbArc
 50
224.99785278
 51
269.99788002
  0
ARC
  5
2A9
330
6F
100
AcDbEntity
  8
BLACK
100
AcDbCircle
 10
59.42499999999999
 20
-57.4
 30
0.0
 40
0.4999970022090133
100
AcDbArc
 50
359.99965619
 51
90.00538584
  0
ARC
  5
2AA
330
6F
100
AcDbEntity
  8
BLACK
100
AcDbCircle
 10
60.11239999999999
 20
-133.6
 30
0.0
 40
0.4999470000090009
100
AcDbArc
 50
89.99392638000001
 51
180.00034381
  0
LINE
  5
2AB
330
6F
100
AcDbEntity
  8
BLACK
  6
Continuous
100
AcDbLine
 10
192.962453
 20
-95.500003
 30
0.0
 11
192.962453
 21
-108.500003
 31
0.0
  0
ARC
  5
2AC
330
6F
100
AcDbEntity
  8
BLACK
100
AcDbCircle
 10
268.2787
 20
-52.0425
 30
0.0
 40
0.4000080094023118
100
AcDbArc
 50
90.00028649000004
 51
200.80756493
  0
ARC
  5
2AD
330
6F
100
AcDbEntity
  8
BLACK
100
AcDbCircle
 10
149.9125
 20
-95.5
 30
0.0
 40
0.4999970022090133
100
AcDbArc
 50
359.99965619
 51
90.00538584
  0
LINE
  5
2AE
330
6F
100
AcDbEntity
  8
BLACK
  6
Continuous
100
AcDbLine
 10
245.349953
 20
-76.45000299999999
 30
0.0
 11
245.349953
 21
-89.450003
 31
0.0
  0
LINE
  5
2AF
330
6F
100
AcDbEntity
  8
BLACK
  6
Continuous
100
AcDbLine
 10
245.162453
 20
-95.00000300000001
 30
0.0
 11
231.562453
 21
-95.00000300000001
 31
0.0
  0
CIRCLE
  5
2B0
330
6F
100
AcDbEntity
  8
BLACK
100
AcDbCircle
 10
30.003078
 20
-140.100003
 30
0.0
 40
1.0
  0
ARC
  5
2B1
330
6F
100
AcDbEntity
  8
BLACK
100
AcDbCircle
 10
280.8757
 20
-151.9576
 30
0.0
 40
0.3998840120084823
100
AcDbArc
 50
201.95855565
 51
270.01404154
  0
ARC
  5
2B2
330
6F
100
AcDbEntity
  8
BLACK
100
AcDbCircle
 10
121.3375
 20
-127.55
 30
0.0
 40
0.4999530000090008
100
AcDbArc
 50
269.99461423
 51
359.99965619
  0
ARC
  5
2B3
330
6F
100
AcDbEntity
  8
BLACK
100
AcDbCircle
 10
17.846874
 20
-153.257437
 30
0.0
 40
4.059959545336011
100
AcDbArc
 50
20.80541614
 51
159.19457885
  0
LINE
  5
2B4
330
6F
100
AcDbEntity
  8
BLACK
  6
Continuous
100
AcDbLine
 10
235.824953
 20
-57.400003
 30
0.0
 11
235.824953
 21
-70.40000299999999
 31
0.0
  0
ARC
  5
2B5
330
6F
100
AcDbEntity
  8
BLACK
100
AcDbCircle
 10
269.6625
 20
-76.45
 30
0.0
 40
0.5000470000089992
100
AcDbArc
 50
90.00538583999995
 51
180.00034374
  0
ARC
  5
2B6
330
6F
100
AcDbEntity
  8
BLACK
100
AcDbCircle
 10
55.35
 20
-76.45
 30
0.0
 40
0.5000470000089992
100
AcDbArc
 50
90.00538583999995
 51
180.00034374
  0
LINE
  5
2B7
330
6F
100
AcDbEntity
  8
BLACK
  6
Continuous
100
AcDbLine
 10
42.431203
 20
-126.293003
 30
0.0
 11
42.431203
 21
-114.575003
 31
0.0
  0
ARC
  5
2B8
330
6F
100
AcDbEntity
  8
BLACK
100
AcDbCircle
 10
235.6375
 20
-127.55
 30
0.0
 40
0.4999530000090008
100
AcDbArc
 50
269.99461423
 51
359.99965619
  0
LINE
  5
2B9
330
6F
100
AcDbEntity
  8
BLACK
  6
Continuous
100
AcDbLine
 10
208.247673
 20
-51.649975
 30
0.0
 11
208.4463009999999
 21
-51.649975
 31
0.0
  0
ARC
  5
2BA
330
6F
100
AcDbEntity
  8
BLACK
100
AcDbCircle
 10
173.725
 20
-57.4
 30
0.0
 40
0.4999970022090133
100
AcDbArc
 50
359.99965619
 51
90.00538584
  0
LINE
  5
2BB
330
6F
100
AcDbEntity
  8
BLACK
  6
Continuous
100
AcDbLine
 10
154.674953
 20
-56.900003
 30
0.0
 11
141.074953
 21
-56.900003
 31
0.0
  0
ARC
  5
2BC
330
6F
100
AcDbEntity
  8
BLACK
100
AcDbCircle
 10
60.1125
 20
-95.5
 30
0.0
 40
0.5000470000089992
100
AcDbArc
 50
90.00538583999995
 51
180.00034374
  0
ARC
  5
2BD
330
6F
100
AcDbEntity
  8
BLACK
100
AcDbCircle
 10
141.0749
 20
-133.6
 30
0.0
 40
0.4999470000090009
100
AcDbArc
 50
89.99392638000001
 51
180.00034381
  0
ARC
  5
2BE
330
6F
100
AcDbEntity
  8
BLACK
100
AcDbCircle
 10
284.8186
 20
-95.52509999999999
 30
0.0
 40
0.5000970106069422
100
AcDbArc
 50
0.01111309
 51
89.98819936
  0
LINE
  5
2BF
330
6F
100
AcDbEntity
  8
BLACK
  6
Continuous
100
AcDbLine
 10
155.362453
 20
-109.000003
 30
0.0
 11
168.962453
 21
-109.000003
 31
0.0
  0
ARC
  5
2C0
330
6F
100
AcDbEntity
  8
BLACK
100
AcDbCircle
 10
14.8687
 20
-95.5
 30
0.0
 40
0.4999970000090001
100
AcDbArc
 50
89.99954162999998
 51
180.00034378
  0
ARC
  5
2C1
330
6F
100
AcDbEntity
  8
BLACK
100
AcDbCircle
 10
288.0249999999999
 20
-70.39999999999999
 30
0.0
 40
0.4999530000090008
100
AcDbArc
 50
269.99461423
 51
359.99965619
  0
LINE
  5
2C2
330
6F
100
AcDbEntity
  8
BLACK
  6
Continuous
100
AcDbLine
 10
25.772862
 20
-150.107437
 30
0.0
 11
69.73646399999999
 21
-150.107437
 31
0.0
  0
LINE
  5
2C3
330
6F
100
AcDbEntity
  8
BLACK
  6
Continuous
100
AcDbLine
 10
268.2786979999999
 20
-51.642517
 30
0.0
 11
268.477327
 21
-51.642517
 31
0.0
  0
LINE
  5
2C4
330
6F
100
AcDbEntity
  8
BLACK
  6
Continuous
100
AcDbLine
 10
70.44357099999999
 20
-150.40033
 30
0.0
 11
75.10783099999999
 21
-155.064591
 31
0.0
  0
ARC
  5
2C5
330
6F
100
AcDbEntity
  8
BLACK
100
AcDbCircle
 10
155.3625
 20
-108.5
 30
0.0
 40
0.5000030022089868
100
AcDbArc
 50
180.00034374
 51
269.99461423
  0
ARC
  5
2C6
330
6F
100
AcDbEntity
  8
BLACK
100
AcDbCircle
 10
168.9625
 20
-108.5
 30
0.0
 40
0.4999530000090008
100
AcDbArc
 50
269.99461423
 51
359.99965619
  0
LINE
  5
2C7
330
6F
100
AcDbEntity
  8
BLACK
  6
Continuous
100
AcDbLine
 10
136.312453
 20
-109.000003
 30
0.0
 11
149.912453
 21
-109.000003
 31
0.0
  0
LINE
  5
2C8
330
6F
100
AcDbEntity
  8
BLACK
  6
Continuous
100
AcDbLine
 10
16.125
 20
-48.650002
 30
0.0
 11
16.372561
 21
-48.650002
 31
0.0
  0
CIRCLE
  5
2C9
330
6F
100
AcDbEntity
  8
BLACK
100
AcDbCircle
 10
109.774953
 20
-82.95000299999999
 30
0.0
 40
1.0
  0
LINE
  5
2CA
330
6F
100
AcDbEntity
  8
BLACK
  6
Continuous
100
AcDbLine
 10
90.61633599999998
 20
-149.843199
 30
0.0
 11
89.91170199999999
 21
-150.107437
 31
0.0
  0
ARC
  5
2CB
330
6F
100
AcDbEntity
  8
BLACK
100
AcDbCircle
 10
14.8687
 20
-108.5
 30
0.0
 40
0.5000030000159999
100
AcDbArc
 50
180.00034378
 51
270.00045836
  0
LINE
  5
2CC
330
6F
100
AcDbEntity
  8
BLACK
  6
Continuous
100
AcDbLine
 10
59.61245299999998
 20
-133.600003
 30
0.0
 11
59.61245299999998
 21
-146.600003
 31
0.0
  0
ARC
  5
2CD
330
6F
100
AcDbEntity
  8
BLACK
100
AcDbCircle
 10
41.93109999999999
 20
-114.5751
 30
0.0
 40
0.5000970106069422
100
AcDbArc
 50
0.01111309
 51
89.98819936
  0
ARC
  5
2CE
330
6F
100
AcDbEntity
  8
BLACK
100
AcDbCircle
 10
83.925
 20
-70.39999999999999
 30
0.0
 40
0.5000030022089868
100
AcDbArc
 50
180.00034374
 51
269.99461423
  0
ARC
  5
2CF
330
6F
100
AcDbEntity
  8
BLACK
100
AcDbCircle
 10
276.0531
 20
-154.8575
 30
0.0
 40
0.5000250002559872
100
AcDbArc
 50
270.00286488
 51
0.00183337
  0
LINE
  5
2D0
330
6F
100
AcDbEntity
  8
BLACK
  6
Continuous
100
AcDbLine
 10
145.837453
 20
-128.050003
 30
0.0
 11
159.437453
 21
-128.050003
 31
0.0
  0
LINE
  5
2D1
330
6F
100
AcDbEntity
  8
BLACK
  6
Continuous
100
AcDbLine
 10
7.724954
 20
-70.90000299999999
 30
0.0
 11
21.324953
 21
-70.90000299999999
 31
0.0
  0
LINE
  5
2D2
330
6F
100
AcDbEntity
  8
BLACK
  6
Continuous
100
AcDbLine
 10
217.087453
 20
-127.5500029999999
 30
0.0
 11
217.087453
 21
-114.550003
 31
0.0
  0
ARC
  5
2D3
330
6F
100
AcDbEntity
  8
BLACK
100
AcDbCircle
 10
259.45
 20
-76.45
 30
0.0
 40
0.4999970022090133
100
AcDbArc
 50
359.99965619
 51
90.00538584
  0
ARC
  5
2D4
330
6F
100
AcDbEntity
  8
BLACK
100
AcDbCircle
 10
213.0875
 20
-153.257485
 30
0.0
 40
3.075000159649589
100
AcDbArc
 50
21.96876739
 51
158.03123261
  0
ARC
  5
2D5
330
6F
100
AcDbEntity
  8
BLACK
100
AcDbCircle
 10
279.6334
 20
-52.90009999999999
 30
0.0
 40
0.9999000025922592
100
AcDbArc
 50
224.99886546
 51
270.00412571
  0
LINE
  5
2D6
330
6F
100
AcDbEntity
  8
BLACK
  6
Continuous
100
AcDbLine
 10
26.587453
 20
-89.450003
 30
0.0
 11
26.587453
 21
-76.45000299999999
 31
0.0
  0
ARC
  5
2D7
330
6F
100
AcDbEntity
  8
BLACK
100
AcDbCircle
 10
12.9249
 20
-49.15009999999999
 30
0.0
 40
0.5000980099980402
100
AcDbArc
 50
0.01122773
 51
89.98854309
  0
LINE
  5
2D8
330
6F
100
AcDbEntity
  8
BLACK
  6
Continuous
100
AcDbLine
 10
102.974953
 20
-70.90000299999999
 30
0.0
 11
116.574953
 21
-70.90000299999999
 31
0.0
  0
ARC
  5
2D9
330
6F
100
AcDbEntity
  8
BLACK
100
AcDbCircle
 10
271.7
 20
-50.742516
 30
0.0
 40
1.1
100
AcDbArc
 50
180.0
 51
0.0
  0
LINE
  5
2DA
330
6F
100
AcDbEntity
  8
BLACK
  6
Continuous
100
AcDbLine
 10
168.962453
 20
-95.00000300000001
 30
0.0
 11
155.362453
 21
-95.00000300000001
 31
0.0
  0
LINE
  5
2DB
330
6F
100
AcDbEntity
  8
BLACK
  6
Continuous
100
AcDbLine
 10
245.662453
 20
-108.500003
 30
0.0
 11
245.662453
 21
-95.500003
 31
0.0
  0
LINE
  5
2DC
330
6F
100
AcDbEntity
  8
BLACK
  6
Continuous
100
AcDbLine
 10
281.0744259999999
 20
-152.357484
 30
0.0
 11
280.875798
 21
-152.357484
 31
0.0
  0
ARC
  5
2DD
330
6F
100
AcDbEntity
  8
BLACK
100
AcDbCircle
 10
248.2312999999999
 20
-127.552
 30
0.0
 40
0.5000540072242197
100
AcDbArc
 50
180.00618754
 51
269.99026077
  0
CIRCLE
  5
2DE
330
6F
100
AcDbEntity
  8
BLACK
100
AcDbCircle
 10
285.9874529999999
 20
-82.95000299999999
 30
0.0
 40
1.0
  0
LINE
  5
2DF
330
6F
100
AcDbEntity
  8
BLACK
  6
Continuous
100
AcDbLine
 10
193.274953
 20
-70.40000299999999
 30
0.0
 11
193.274953
 21
-57.400003
 31
0.0
  0
ARC
  5
2E0
330
6F
100
AcDbEntity
  8
BLACK
100
AcDbCircle
 10
54.66249999999999
 20
-108.5
 30
0.0
 40
0.4999530000090008
100
AcDbArc
 50
269.99461423
 51
359.99965619
  0
ARC
  5
2E1
330
6F
100
AcDbEntity
  8
BLACK
100
AcDbCircle
 10
245.8499
 20
-146.6001
 30
0.0
 40
0.499903002809545
100
AcDbArc
 50
179.98888204
 51
270.00607453
  0
ARC
  5
2E2
330
6F
100
AcDbEntity
  8
BLACK
100
AcDbCircle
 10
221.0135
 20
-151.1073
 30
0.0
 40
0.9998786896839035
100
AcDbArc
 50
89.99799437
 51
135.00413295
  0
ARC
  5
2E3
330
6F
100
AcDbEntity
  8
BLACK
100
AcDbCircle
 10
261.8311999999999
 20
-114.5521
 30
0.0
 40
0.5000460072243353
100
AcDbArc
 50
0.92306973
 51
90.00973938999997
  0
LINE
  5
2E4
330
6F
100
AcDbEntity
  8
BLACK
  6
Continuous
100
AcDbLine
 10
26.587453
 20
-146.600003
 30
0.0
 11
26.587453
 21
-133.600003
 31
0.0
  0
LINE
  5
2E5
330
6F
100
AcDbEntity
  8
BLACK
  6
Continuous
100
AcDbLine
 10
140.387453
 20
-114.050003
 30
0.0
 11
126.787453
 21
-114.050003
 31
0.0
  0
LINE
  5
2E6
330
6F
100
AcDbEntity
  8
BLACK
  6
Continuous
100
AcDbLine
 10
274.424953
 20
-70.90000299999999
 30
0.0
 11
288.024953
 21
-70.90000299999999
 31
0.0
  0
LINE
  5
2E7
330
6F
100
AcDbEntity
  8
BLACK
  6
Continuous
100
AcDbLine
 10
276.5531249999999
 20
-154.857484
 30
0.0
 11
276.5531249999999
 21
-153.257485
 31
0.0
  0
LINE
  5
2E8
330
6F
100
AcDbEntity
  8
BLACK
  6
Continuous
100
AcDbLine
 10
197.724953
 20
-57.400003
 30
0.0
 11
197.724953
 21
-70.40000299999999
 31
0.0
  0
ARC
  5
2E9
330
6F
100
AcDbEntity
  8
BLACK
100
AcDbCircle
 10
64.875
 20
-57.4
 30
0.0
 40
0.5000470000089992
100
AcDbArc
 50
90.00538583999995
 51
180.00034374
  0
ARC
  5
2EA
330
6F
100
AcDbEntity
  8
BLACK
100
AcDbCircle
 10
279.5008
 20
-154.3577
 30
0.0
 40
0.9997669668127667
100
AcDbArc
 50
269.99346687
 51
315.00413342
  0
ARC
  5
2EB
330
6F
100
AcDbEntity
  8
BLACK
100
AcDbCircle
 10
12.48747
 20
-133.60004
 30
0.0
 40
0.5000170012959559
100
AcDbArc
 50
90.00183339999999
 51
179.99587484
  0
ARC
  5
2EC
330
6F
100
AcDbEntity
  8
BLACK
100
AcDbCircle
 10
121.3375
 20
-114.55
 30
0.0
 40
0.4999970022090133
100
AcDbArc
 50
359.99965619
 51
90.00538584
  0
LINE
  5
2ED
330
6F
100
AcDbEntity
  8
BLACK
  6
Continuous
100
AcDbLine
 10
268.974953
 20
-56.900003
 30
0.0
 11
255.374953
 21
-56.900003
 31
0.0
  0
ARC
  5
2EE
330
6F
100
AcDbEntity
  8
BLACK
100
AcDbCircle
 10
231.5625
 20
-95.5
 30
0.0
 40
0.5000470000089992
100
AcDbArc
 50
90.00538583999995
 51
180.00034374
  0
LINE
  5
2EF
330
6F
100
AcDbEntity
  8
BLACK
  6
Continuous
100
AcDbLine
 10
269.662453
 20
-147.100003
 30
0.0
 11
283.262453
 21
-147.100003
 31
0.0
  0
ARC
  5
2F0
330
6F
100
AcDbEntity
  8
BLACK
100
AcDbCircle
 10
240.3999999999999
 20
-76.45
 30
0.0
 40
0.4999970022090133
100
AcDbArc
 50
359.99965619
 51
90.00538584
  0
ARC
  5
2F1
330
6F
100
AcDbEntity
  8
BLACK
100
AcDbCircle
 10
216.5875
 20
-114.55
 30
0.0
 40
0.4999970022090133
100
AcDbArc
 50
359.99965619
 51
90.00538584
  0
ARC
  5
2F2
330
6F
100
AcDbEntity
  8
BLACK
100
AcDbCircle
 10
211.825
 20
-57.4
 30
0.0
 40
0.4999970022090133
100
AcDbArc
 50
359.99965619
 51
90.00538584
  0
ARC
  5
2F3
330
6F
100
AcDbEntity
  8
BLACK
100
AcDbCircle
 10
111.3751
 20
-49.15009999999999
 30
0.0
 40
0.5001000156218753
100
AcDbArc
 50
90.01145628999999
 51
179.98567892
  0
ARC
  5
2F4
330
6F
100
AcDbEntity
  8
BLACK
100
AcDbCircle
 10
217.275
 20
-57.4
 30
0.0
 40
0.5000470000089992
100
AcDbArc
 50
90.00538583999995
 51
180.00034374
  0
LINE
  5
2F5
330
6F
100
AcDbEntity
  8
BLACK
  6
Continuous
100
AcDbLine
 10
269.474953
 20
-70.40000299999999
 30
0.0
 11
269.474953
 21
-57.400003
 31
0.0
  0
LINE
  5
2F6
330
6F
100
AcDbEntity
  8
BLACK
  6
Continuous
100
AcDbLine
 10
16.246875
 20
-155.357436
 30
0.0
 11
15.999313
 21
-155.357436
 31
0.0
  0
LINE
  5
2F7
330
6F
100
AcDbEntity
  8
BLACK
  6
Continuous
100
AcDbLine
 10
45.32495299999999
 20
-57.400003
 30
0.0
 11
45.32495299999999
 21
-70.40000299999999
 31
0.0
  0
ARC
  5
2F8
330
6F
100
AcDbEntity
  8
BLACK
100
AcDbCircle
 10
226.8
 20
-76.45
 30
0.0
 40
0.5000470000089992
100
AcDbArc
 50
90.00538583999995
 51
180.00034374
  0
ARC
  5
2F9
330
6F
100
AcDbEntity
  8
BLACK
100
AcDbCircle
 10
155.3625
 20
-95.5
 30
0.0
 40
0.5000470000089992
100
AcDbArc
 50
90.00538583999995
 51
180.00034374
  0
LINE
  5
2FA
330
6F
100
AcDbEntity
  8
BLACK
  6
Continuous
100
AcDbLine
 10
85.58853499999999
 20
-150.107437
 30
0.0
 11
89.91170199999999
 21
-150.107437
 31
0.0
  0
ARC
  5
2FB
330
6F
100
AcDbEntity
  8
BLACK
100
AcDbCircle
 10
183.9375
 20
-114.55
 30
0.0
 40
0.5000470000089992
100
AcDbArc
 50
90.00538583999995
 51
180.00034374
  0
LINE
  5
2FC
330
6F
100
AcDbEntity
  8
BLACK
  6
Continuous
100
AcDbLine
 10
76.5625
 20
-154.857484
 30
0.0
 11
76.5625
 21
-153.257485
 31
0.0
  0
CIRCLE
  5
2FD
330
6F
100
AcDbEntity
  8
BLACK
100
AcDbCircle
 10
133.587453
 20
-102.000003
 30
0.0
 40
1.0
  0
ARC
  5
2FE
330
6F
100
AcDbEntity
  8
BLACK
100
AcDbCircle
 10
279.2532
 20
-154.8574
 30
0.0
 40
0.5000840056240551
100
AcDbArc
 50
180.00962425
 51
269.99140708
  0
ARC
  5
2FF
330
6F
100
AcDbEntity
  8
BLACK
100
AcDbCircle
 10
221.35
 20
-76.45
 30
0.0
 40
0.4999970022090133
100
AcDbArc
 50
359.99965619
 51
90.00538584
  0
LINE
  5
300
330
6F
100
AcDbEntity
  8
BLACK
  6
Continuous
100
AcDbLine
 10
173.912453
 20
-95.500003
 30
0.0
 11
173.912453
 21
-108.500003
 31
0.0
  0
LINE
  5
301
330
6F
100
AcDbEntity
  8
BLACK
  6
Continuous
100
AcDbLine
 10
101.848986
 20
-53.9
 30
0.0
 11
22.450987
 21
-53.9
 31
0.0
  0
LINE
  5
302
330
6F
100
AcDbEntity
  8
BLACK
  6
Continuous
100
AcDbLine
 10
279.500686
 20
-155.357484
 30
0.0
 11
279.253125
 21
-155.357484
 31
0.0
  0
LINE
  5
303
330
6F
100
AcDbEntity
  8
BLACK
  6
Continuous
100
AcDbLine
 10
284.818703
 20
-95.02500299999999
 30
0.0
 11
253.818703
 21
-95.02500299999999
 31
0.0
  0
LINE
  5
304
330
6F
100
AcDbEntity
  8
BLACK
  6
Continuous
100
AcDbLine
 10
45.824953
 20
-70.90000299999999
 30
0.0
 11
59.42495299999999
 21
-70.90000299999999
 31
0.0
  0
LINE
  5
305
330
6F
100
AcDbEntity
  8
BLACK
  6
Continuous
100
AcDbLine
 10
50.087453
 20
-114.550003
 30
0.0
 11
50.087453
 21
-127.5500029999999
 31
0.0
  0
LINE
  5
306
330
6F
100
AcDbEntity
  8
BLACK
  6
Continuous
100
AcDbLine
 10
81.08380099999999
 20
-152.357484
 30
0.0
 11
80.88517299999999
 21
-152.357484
 31
0.0
  0
LINE
  5
307
330
6F
100
AcDbEntity
  8
BLACK
  6
Continuous
100
AcDbLine
 10
178.487453
 20
-114.050003
 30
0.0
 11
164.887453
 21
-114.050003
 31
0.0
  0
ARC
  5
308
330
6F
100
AcDbEntity
  8
BLACK
100
AcDbCircle
 10
77.662499
 20
-153.257485
 30
0.0
 40
4.059959545336011
100
AcDbArc
 50
20.80541614
 51
159.19457885
  0
ARC
  5
309
330
6F
100
AcDbEntity
  8
BLACK
100
AcDbCircle
 10
25.7728
 20
-151.1074
 30
0.0
 40
0.9999303060338755
100
AcDbArc
 50
89.99644753
 51
134.99898707
  0
ARC
  5
30A
330
6F
100
AcDbEntity
  8
BLACK
100
AcDbCircle
 10
73.7124
 20
-146.6
 30
0.0
 40
0.500053000008999
100
AcDbArc
 50
270.00607309
 51
359.99965626
  0
LINE
  5
30B
330
6F
100
AcDbEntity
  8
BLACK
  6
Continuous
100
AcDbLine
 10
188.199953
 20
-76.45000299999999
 30
0.0
 11
188.199953
 21
-89.450003
 31
0.0
  0
LINE
  5
30C
330
6F
100
AcDbEntity
  8
BLACK
  6
Continuous
100
AcDbLine
 10
116.762453
 20
-95.500003
 30
0.0
 11
116.762453
 21
-108.500003
 31
0.0
  0
LINE
  5
30D
330
6F
100
AcDbEntity
  8
BLACK
  6
Continuous
100
AcDbLine
 10
36.29995299999999
 20
-89.95000299999999
 30
0.0
 11
49.899953
 21
-89.95000299999999
 31
0.0
  0
LINE
  5
30E
330
6F
100
AcDbEntity
  8
BLACK
  6
Continuous
100
AcDbLine
 10
207.249953
 20
-76.45000299999999
 30
0.0
 11
207.249953
 21
-89.450003
 31
0.0
  0
LINE
  5
30F
330
6F
100
AcDbEntity
  8
BLACK
  6
Continuous
100
AcDbLine
 10
64.37495299999999
 20
-57.400003
 30
0.0
 11
64.37495299999999
 21
-70.40000299999999
 31
0.0
  0
ARC
  5
310
330
6F
100
AcDbEntity
  8
BLACK
100
AcDbCircle
 10
141.0749999999999
 20
-57.4
 30
0.0
 40
0.5000470000089992
100
AcDbArc
 50
90.00538583999995
 51
180.00034374
  0
LINE
  5
311
330
6F
100
AcDbEntity
  8
BLACK
  6
Continuous
100
AcDbLine
 10
164.199953
 20
-75.95000299999999
 30
0.0
 11
150.599953
 21
-75.95000299999999
 31
0.0
  0
ARC
  5
312
330
6F
100
AcDbEntity
  8
BLACK
100
AcDbCircle
 10
112.5
 20
-89.45
 30
0.0
 40
0.5000030022089868
100
AcDbArc
 50
180.00034374
 51
269.99461423
  0
ARC
  5
313
330
6F
100
AcDbEntity
  8
BLACK
100
AcDbCircle
 10
131.55
 20
-76.45
 30
0.0
 40
0.5000470000089992
100
AcDbArc
 50
90.00538583999995
 51
180.00034374
  0
LINE
  5
314
330
6F
100
AcDbEntity
  8
BLACK
  6
Continuous
100
AcDbLine
 10
149.912453
 20
-95.00000300000001
 30
0.0
 11
136.312453
 21
-95.00000300000001
 31
0.0
  0
ARC
  5
315
330
6F
100
AcDbEntity
  8
BLACK
100
AcDbCircle
 10
109.775
 20
-50.74997399999999
 30
0.0
 40
4.059959545336011
100
AcDbArc
 50
200.80541614
 51
339.19457885
  0
ARC
  5
316
330
6F
100
AcDbEntity
  8
BLACK
100
AcDbCircle
 10
211.3249
 20
-146.55
 30
0.0
 40
0.500053000008999
100
AcDbArc
 50
270.00607309
 51
359.99965626
  0
ARC
  5
317
330
6F
100
AcDbEntity
  8
BLACK
100
AcDbCircle
 10
277.653125
 20
-153.257485
 30
0.0
 40
1.1
100
AcDbArc
 50
0.0
 51
180.0
  0
ARC
  5
318
330
6F
100
AcDbEntity
  8
BLACK
100
AcDbCircle
 10
14.525
 20
-50.75
 30
0.0
 40
1.1
100
AcDbArc
 50
180.0
 51
0.0
  0
ARC
  5
319
330
6F
100
AcDbEntity
  8
BLACK
100
AcDbCircle
 10
249.925
 20
-57.4
 30
0.0
 40
0.4999970022090133
100
AcDbArc
 50
359.99965619
 51
90.00538584
  0
LINE
  5
31A
330
6F
100
AcDbEntity
  8
BLACK
  6
Continuous
100
AcDbLine
 10
236.137453
 20
-146.600003
 30
0.0
 11
236.137453
 21
-133.600003
 31
0.0
  0
ARC
  5
31B
330
6F
100
AcDbEntity
  8
BLACK
100
AcDbCircle
 10
50.58749999999999
 20
-114.55
 30
0.0
 40
0.5000470000089992
100
AcDbArc
 50
90.00538583999995
 51
180.00034374
  0
LINE
  5
31C
330
6F
100
AcDbEntity
  8
BLACK
  6
Continuous
100
AcDbLine
 10
211.9875
 20
-154.857484
 30
0.0
 11
211.9875
 21
-153.257485
 31
0.0
  0
ARC
  5
31D
330
6F
100
AcDbEntity
  8
BLACK
100
AcDbCircle
 10
106.3538
 20
-52.05
 30
0.0
 40
0.4000865745935497
100
AcDbArc
 50
90.01460950999998
 51
200.79685526
  0
ARC
  5
31E
330
6F
100
AcDbEntity
  8
BLACK
100
AcDbCircle
 10
207.0625
 20
-95.5
 30
0.0
 40
0.4999970022090133
100
AcDbArc
 50
359.99965619
 51
90.00538584
  0
LINE
  5
31F
330
6F
100
AcDbEntity
  8
BLACK
  6
Continuous
100
AcDbLine
 10
97.712453
 20
-95.500003
 30
0.0
 11
97.712453
 21
-108.500003
 31
0.0
  0
LINE
  5
320
330
6F
100
AcDbEntity
  8
BLACK
  6
Continuous
100
AcDbLine
 10
159.437453
 20
-114.050003
 30
0.0
 11
145.837453
 21
-114.050003
 31
0.0
  0
LINE
  5
321
330
6F
100
AcDbEntity
  8
BLACK
  6
Continuous
100
AcDbLine
 10
255.374953
 20
-70.90000299999999
 30
0.0
 11
268.974953
 21
-70.90000299999999
 31
0.0
  0
ARC
  5
322
330
6F
100
AcDbEntity
  8
BLACK
100
AcDbCircle
 10
245.85
 20
-89.45
 30
0.0
 40
0.5000030022089868
100
AcDbArc
 50
180.00034374
 51
269.99461423
  0
ARC
  5
323
330
6F
100
AcDbEntity
  8
BLACK
100
AcDbCircle
 10
81.0838
 20
-151.9575
 30
0.0
 40
0.4000067193935621
100
AcDbArc
 50
270.00014325
 51
20.80748191
  0
LINE
  5
324
330
6F
100
AcDbEntity
  8
BLACK
  6
Continuous
100
AcDbLine
 10
121.837453
 20
-127.5500029999999
 30
0.0
 11
121.837453
 21
-114.550003
 31
0.0
  0
LINE
  5
325
330
6F
100
AcDbEntity
  8
BLACK
  6
Continuous
100
AcDbLine
 10
41.93120299999999
 20
-114.075003
 30
0.0
 11
10.931203
 21
-114.075003
 31
0.0
  0
ARC
  5
326
330
6F
100
AcDbEntity
  8
BLACK
100
AcDbCircle
 10
154.675
 20
-57.4
 30
0.0
 40
0.4999970022090133
100
AcDbArc
 50
359.99965619
 51
90.00538584
  0
ARC
  5
327
330
6F
100
AcDbEntity
  8
BLACK
100
AcDbCircle
 10
201.8024
 20
-52.0499
 30
0.0
 40
0.3999250066624991
100
AcDbArc
 50
21.96266435
 51
90.01045844000001
  0
LINE
  5
328
330
6F
100
AcDbEntity
  8
BLACK
  6
Continuous
100
AcDbLine
 10
202.487453
 20
-114.550003
 30
0.0
 11
202.487453
 21
-127.5500029999999
 31
0.0
  0
ARC
  5
329
330
6F
100
AcDbEntity
  8
BLACK
100
AcDbCircle
 10
93.45
 20
-89.45
 30
0.0
 40
0.5000030022089868
100
AcDbArc
 50
180.00034374
 51
269.99461423
  0
ARC
  5
32A
330
6F
100
AcDbEntity
  8
BLACK
100
AcDbCircle
 10
202.9875
 20
-127.55
 30
0.0
 40
0.5000030022089868
100
AcDbArc
 50
180.00034374
 51
269.99461423
  0
ARC
  5
32B
330
6F
100
AcDbEntity
  8
BLACK
100
AcDbCircle
 10
109.775
 20
-50.74997399999999
 30
0.0
 40
3.075000159649589
100
AcDbArc
 50
201.96876739
 51
338.03123261
  0
LINE
  5
32C
330
6F
100
AcDbEntity
  8
BLACK
  6
Continuous
100
AcDbLine
 10
26.774953
 20
-70.90000299999999
 30
0.0
 11
40.37495299999999
 21
-70.90000299999999
 31
0.0
  0
LINE
  5
32D
330
6F
100
AcDbEntity
  8
BLACK
  6
Continuous
100
AcDbLine
 10
59.42495299999999
 20
-56.900003
 30
0.0
 11
45.824953
 21
-56.900003
 31
0.0
  0
ARC
  5
32E
330
6F
100
AcDbEntity
  8
BLACK
100
AcDbCircle
 10
222.0375
 20
-114.55
 30
0.0
 40
0.5000470000089992
100
AcDbArc
 50
90.00538583999995
 51
180.00034374
  0
ARC
  5
32F
330
6F
100
AcDbEntity
  8
BLACK
100
AcDbCircle
 10
205.025
 20
-50.74997399999999
 30
0.0
 40
3.075000159649589
100
AcDbArc
 50
201.96876739
 51
338.03123261
  0
ARC
  5
330
330
6F
100
AcDbEntity
  8
BLACK
100
AcDbCircle
 10
98.2125
 20
-108.5
 30
0.0
 40
0.5000030022089868
100
AcDbArc
 50
180.00034374
 51
269.99461423
  0
LINE
  5
331
330
6F
100
AcDbEntity
  8
BLACK
  6
Continuous
100
AcDbLine
 10
112.499953
 20
-89.95000299999999
 30
0.0
 11
126.099953
 21
-89.95000299999999
 31
0.0
  0
LINE
  5
332
330
6F
100
AcDbEntity
  8
BLACK
  6
Continuous
100
AcDbLine
 10
150.599953
 20
-89.95000299999999
 30
0.0
 11
164.199953
 21
-89.95000299999999
 31
0.0
  0
ARC
  5
333
330
6F
100
AcDbEntity
  8
BLACK
100
AcDbCircle
 10
73.71249999999999
 20
-108.5
 30
0.0
 40
0.4999530000090008
100
AcDbArc
 50
269.99461423
 51
359.99965619
  0
ARC
  5
334
330
6F
100
AcDbEntity
  8
BLACK
100
AcDbCircle
 10
211.825
 20
-70.39999999999999
 30
0.0
 40
0.4999530000090008
100
AcDbArc
 50
269.99461423
 51
359.99965619
  0
ARC
  5
335
330
6F
100
AcDbEntity
  8
BLACK
100
AcDbCircle
 10
202.3
 20
-89.45
 30
0.0
 40
0.4999530000090008
100
AcDbArc
 50
269.99461423
 51
359.99965619
  0
ARC
  5
336
330
6F
100
AcDbEntity
  8
BLACK
100
AcDbCircle
 10
14.4255
 20
-151.9575
 30
0.0
 40
0.3999360066623159
100
AcDbArc
 50
159.1823245299999
 51
270.01045815
  0
ARC
  5
337
330
6F
100
AcDbEntity
  8
BLACK
100
AcDbCircle
 10
79.5101
 20
-154.3576
 30
0.0
 40
0.9998907093802799
100
AcDbArc
 50
269.99776521
 51
315.00311994
  0
LINE
  5
338
330
6F
100
AcDbEntity
  8
BLACK
  6
Continuous
100
AcDbLine
 10
13.431203
 20
-128.025003
 30
0.0
 11
39.431203
 21
-128.025003
 31
0.0
  0
ARC
  5
339
330
6F
100
AcDbEntity
  8
BLACK
100
AcDbCircle
 10
14.6242
 20
-151.9575
 30
0.0
 40
0.3999775939037085
100
AcDbArc
 50
270.00028652
 51
338.0398924
  0
ARC
  5
33A
330
6F
100
AcDbEntity
  8
BLACK
100
AcDbCircle
 10
222.0374
 20
-146.6001
 30
0.0
 40
0.499903002809545
100
AcDbArc
 50
179.98888204
 51
270.00607453
  0
LINE
  5
33B
330
6F
100
AcDbEntity
  8
BLACK
  6
Continuous
100
AcDbLine
 10
272.8
 20
-49.142517
 30
0.0
 11
272.8
 21
-50.742516
 31
0.0
  0
LINE
  5
33C
330
6F
100
AcDbEntity
  8
BLACK
  6
Continuous
100
AcDbLine
 10
214.1875
 20
-153.257485
 30
0.0
 11
214.1875
 21
-154.857484
 31
0.0
  0
LINE
  5
33D
330
6F
100
AcDbEntity
  8
BLACK
  6
Continuous
100
AcDbLine
 10
198.724953
 20
-133.150003
 30
0.0
 11
211.324953
 21
-133.150003
 31
0.0
  0
ARC
  5
33E
330
6F
100
AcDbEntity
  8
BLACK
100
AcDbCircle
 10
69.6375
 20
-127.55
 30
0.0
 40
0.5000030022089868
100
AcDbArc
 50
180.00034374
 51
269.99461423
  0
LINE
  5
33F
330
6F
100
AcDbEntity
  8
BLACK
  6
Continuous
100
AcDbLine
 10
226.112453
 20
-95.00000300000001
 30
0.0
 11
212.512453
 21
-95.00000300000001
 31
0.0
  0
LINE
  5
340
330
6F
100
AcDbEntity
  8
BLACK
  6
Continuous
100
AcDbLine
 10
13.425
 20
-50.75
 30
0.0
 11
13.425
 21
-49.150002
 31
0.0
  0
ARC
  5
341
330
6F
100
AcDbEntity
  8
BLACK
100
AcDbCircle
 10
26.0875
 20
-76.45
 30
0.0
 40
0.4999970022090133
100
AcDbArc
 50
359.99965619
 51
90.00538584
  0
LINE
  5
342
330
6F
100
AcDbEntity
  8
BLACK
  6
Continuous
100
AcDbLine
 10
74.39995299999999
 20
-89.95000299999999
 30
0.0
 11
87.99995299999999
 21
-89.95000299999999
 31
0.0
  0
ARC
  5
343
330
6F
100
AcDbEntity
  8
BLACK
100
AcDbCircle
 10
209.8648
 20
-151.9575
 30
0.0
 40
0.400018731686405
100
AcDbArc
 50
270.00386762
 51
338.03485514
  0
LINE
  5
344
330
6F
100
AcDbEntity
  8
BLACK
  6
Continuous
100
AcDbLine
 10
97.51835300000001
 20
-146.550003
 30
0.0
 11
97.51835300000001
 21
-133.650003
 31
0.0
  0
ARC
  5
345
330
6F
100
AcDbEntity
  8
BLACK
100
AcDbCircle
 10
208.4462
 20
-52.05
 30
0.0
 40
0.4000250127504529
100
AcDbArc
 50
339.20309389
 51
89.98553372000001
  0
ARC
  5
346
330
6F
100
AcDbEntity
  8
BLACK
100
AcDbCircle
 10
255.375
 20
-57.4
 30
0.0
 40
0.5000470000089992
100
AcDbArc
 50
90.00538583999995
 51
180.00034374
  0
LINE
  5
347
330
6F
100
AcDbEntity
  8
BLACK
  6
Continuous
100
AcDbLine
 10
202.299953
 20
-75.95000299999999
 30
0.0
 11
188.699953
 21
-75.95000299999999
 31
0.0
  0
ARC
  5
348
330
6F
100
AcDbEntity
  8
BLACK
100
AcDbCircle
 10
198.225
 20
-70.39999999999999
 30
0.0
 40
0.5000030022089868
100
AcDbArc
 50
180.00034374
 51
269.99461423
  0
LINE
  5
349
330
6F
100
AcDbEntity
  8
BLACK
  6
Continuous
100
AcDbLine
 10
253.318703
 20
-95.525003
 30
0.0
 11
253.318703
 21
-107.243003
 31
0.0
  0
ARC
  5
34A
330
6F
100
AcDbEntity
  8
BLACK
100
AcDbCircle
 10
212.9511
 20
-52.89979999999999
 30
0.0
 40
1.00020000369726
100
AcDbArc
 50
225.00461769
 51
269.99507355
  0
LINE
  5
34B
330
6F
100
AcDbEntity
  8
BLACK
  6
Continuous
100
AcDbLine
 10
245.849953
 20
-89.95000299999999
 30
0.0
 11
259.449953
 21
-89.95000299999999
 31
0.0
  0
CIRCLE
  5
34C
330
6F
100
AcDbEntity
  8
BLACK
100
AcDbCircle
 10
10.031203
 20
-128.250003
 30
0.0
 40
1.0
  0
ARC
  5
34D
330
6F
100
AcDbEntity
  8
BLACK
100
AcDbCircle
 10
197.5375
 20
-127.55
 30
0.0
 40
0.4999530000090008
100
AcDbArc
 50
269.99461423
 51
359.99965619
  0
LINE
  5
34E
330
6F
100
AcDbEntity
  8
BLACK
  6
Continuous
100
AcDbLine
 10
221.537453
 20
-114.550003
 30
0.0
 11
221.537453
 21
-127.5500029999999
 31
0.0
  0
LINE
  5
34F
330
6F
100
AcDbEntity
  8
BLACK
  6
Continuous
100
AcDbLine
 10
273.9249529999999
 20
-57.400003
 30
0.0
 11
273.9249529999999
 21
-70.40000299999999
 31
0.0
  0
ARC
  5
350
330
6F
100
AcDbEntity
  8
BLACK
100
AcDbCircle
 10
259.45
 20
-89.45
 30
0.0
 40
0.4999530000090008
100
AcDbArc
 50
269.99461423
 51
359.99965619
  0
ARC
  5
351
330
6F
100
AcDbEntity
  8
BLACK
100
AcDbCircle
 10
140.3874999999999
 20
-114.55
 30
0.0
 40
0.4999970022090133
100
AcDbArc
 50
359.99965619
 51
90.00538584
  0
LINE
  5
352
330
6F
100
AcDbEntity
  8
BLACK
  6
Continuous
100
AcDbLine
 10
39.431203
 20
-128.025003
 30
0.0
 11
42.431203
 21
-126.293003
 31
0.0
  0
LINE
  5
353
330
6F
100
AcDbEntity
  8
BLACK
  6
Continuous
100
AcDbLine
 10
121.524953
 20
-57.400003
 30
0.0
 11
121.524953
 21
-70.40000299999999
 31
0.0
  0
CIRCLE
  5
354
330
6F
100
AcDbEntity
  8
BLACK
100
AcDbCircle
 10
252.649953
 20
-63.900003
 30
0.0
 40
1.0
  0
ARC
  5
355
330
6F
100
AcDbEntity
  8
BLACK
100
AcDbCircle
 10
211.24
 20
-154.3574
 30
0.0
 40
1.000084001921838
100
AcDbArc
 50
225.00089122
 51
269.99644796
  0
LINE
  5
356
330
6F
100
AcDbEntity
  8
BLACK
  6
Continuous
100
AcDbLine
 10
211.4875
 20
-155.357484
 30
0.0
 11
211.239938
 21
-155.357484
 31
0.0
  0
LINE
  5
357
330
6F
100
AcDbEntity
  8
BLACK
  6
Continuous
100
AcDbLine
 10
116.993907
 20
-53.607107
 30
0.0
 11
112.329668
 21
-48.94286799999999
 31
0.0
  0
ENDSEC
  0
SECTION
  2
OBJECTS
  0
DICTIONARY
  5
C
330
0
100
AcDbDictionary
281
     1
  3
ACAD_BACKGROUND
350
35C
  3
ACAD_CIP_PREVIOUS_PRODUCT_INFO
350
35B
  3
ACAD_COLOR
350
62
  3
ACAD_DETAILVIEWSTYLE
350
69
  3
ACAD_GROUP
350
D
  3
ACAD_LAST_SAVED_VERSION_INFO
350
35F
  3
ACAD_LAYOUT
350
61
  3
ACAD_MATERIAL
350
10
  3
ACAD_MLEADERSTYLE
350
65
  3
ACAD_MLINESTYLE
350
5E
  3
ACAD_PLOTSETTINGS
350
60
  3
ACAD_PLOTSTYLENAME
350
E
  3
ACAD_SCALELIST
350
42
  3
ACAD_SECTIONVIEWSTYLE
350
67
  3
ACAD_TABLESTYLE
350
63
  3
ACAD_VISUALSTYLE
350
29
  3
ACDB_RECOMPOSE_DATA
350
37A
  3
AcDbVariableDictionary
350
36D
  3
AcDsDecomposeData
350
380
  0
DICTIONARY
  5
367
330
2
100
AcDbDictionary
280
     1
281
     1
  3
ACAD_LAYERSTATES
360
368
  0
DICTIONARY
  5
360
330
54
100
AcDbDictionary
280
     1
281
     1
  3
ADSK_XREC_LAYER_RECONCILED
360
361
  0
DICTIONARY
  5
362
330
7A
100
AcDbDictionary
280
     1
281
     1
  3
ADSK_XREC_LAYER_RECONCILED
360
363
  0
DICTIONARY
  5
35C
102
{ACAD_REACTORS
330
C
102
}
330
C
100
AcDbDictionary
281
     1
  0
XRECORD
  5
35B
102
{ACAD_REACTORS
330
C
102
}
330
C
100
AcDbXrecord
280
     1
300
ACDMAC
300
2025
300

  0
DICTIONARY
  5
62
102
{ACAD_REACTORS
330
C
102
}
330
C
100
AcDbDictionary
281
     1
  0
DICTIONARY
  5
69
102
{ACAD_REACTORS
330
C
102
}
330
C
100
AcDbDictionary
281
     1
  3
Imperial24
350
6A
  3
Metric50
350
359
  0
DICTIONARY
  5
D
102
{ACAD_REACTORS
330
C
102
}
330
C
100
AcDbDictionary
281
     1
  0
XRECORD
  5
35F
102
{ACAD_REACTORS
330
C
102
}
330
C
100
AcDbXrecord
280
     1
300
{6663343D-2766-C247-B84B-1554E851E95F}
301
{53BB00E0-0B4E-F14D-92F0-BAE156CBD021}
302
{6663343D-2766-C247-B84B-1554E851E95F}
303
/Users/junkibeom/Downloads/tofu3.0_ec60x_topre.dxf
  0
DICTIONARY
  5
61
102
{ACAD_REACTORS
330
C
102
}
330
C
100
AcDbDictionary
281
     1
  3
Model
350
72
  3
배치1
350
6E
  0
DICTIONARY
  5
10
102
{ACAD_REACTORS
330
C
102
}
330
C
100
AcDbDictionary
281
     1
  3
ByBlock
350
19
  3
ByLayer
350
11
  3
Global
350
21
  0
DICTIONARY
  5
65
102
{ACAD_REACTORS
330
C
102
}
330
C
100
AcDbDictionary
281
     1
  3
Standard
350
66
  0
DICTIONARY
  5
5E
102
{ACAD_REACTORS
330
C
102
}
330
C
100
AcDbDictionary
281
     1
  3
Standard
350
5F
  0
DICTIONARY
  5
60
102
{ACAD_REACTORS
330
C
102
}
330
C
100
AcDbDictionary
281
     1
  0
ACDBDICTIONARYWDFLT
  5
E
102
{ACAD_REACTORS
330
C
102
}
330
C
100
AcDbDictionary
281
     1
  3
Normal
350
F
100
AcDbDictionaryWithDefault
340
F
  0
DICTIONARY
  5
42
102
{ACAD_REACTORS
330
C
102
}
330
C
100
AcDbDictionary
281
     1
  3
A0
350
43
  3
A1
350
44
  3
A2
350
45
  3
A3
350
46
  3
A4
350
47
  3
A5
350
48
  3
A6
350
49
  3
A7
350
4A
  3
A8
350
4B
  3
A9
350
4C
  3
B0
350
4D
  3
B1
350
4E
  3
B2
350
4F
  3
B3
350
50
  3
B4
350
51
  3
B5
350
52
  3
B6
350
53
  0
DICTIONARY
  5
67
102
{ACAD_REACTORS
330
C
102
}
330
C
100
AcDbDictionary
281
     1
  3
Imperial24
350
68
  3
Metric50
350
358
  0
DICTIONARY
  5
63
102
{ACAD_REACTORS
330
C
102
}
330
C
100
AcDbDictionary
281
     1
  3
Standard
350
64
  0
DICTIONARY
  5
29
102
{ACAD_REACTORS
330
C
102
}
330
C
100
AcDbDictionary
281
     1
  3
2dWireframe
350
2F
  3
Basic
350
2E
  3
Brighten
350
35
  3
ColorChange
350
39
  3
Conceptual
350
32
  3
Dim
350
34
  3
EdgeColorOff
350
41
  3
Facepattern
350
38
  3
Flat
350
2A
  3
FlatWithEdges
350
2B
  3
Gouraud
350
2C
  3
GouraudWithEdges
350
2D
  3
Hidden
350
31
  3
JitterOff
350
3F
  3
Linepattern
350
37
  3
OverhangOff
350
40
  3
Realistic
350
33
  3
Shaded
350
3E
  3
Shaded with edges
350
3D
  3
Shades of Gray
350
3A
  3
Sketchy
350
3B
  3
Thicken
350
36
  3
Wireframe
350
30
  3
X-Ray
350
3C
  0
XRECORD
  5
37A
102
{ACAD_REACTORS
330
C
102
}
330
C
100
AcDbXrecord
280
     1
 90
        1
330
64
  0
DICTIONARY
  5
36D
102
{ACAD_REACTORS
330
C
102
}
330
C
100
AcDbDictionary
281
     1
  3
CANNOSCALE
350
373
  3
CMLEADERSTYLE
350
36F
  3
CTABLESTYLE
350
36E
  3
CVIEWDETAILSTYLE
350
370
  3
CVIEWSECTIONSTYLE
350
371
  3
LAYEREVAL
350
375
  3
LAYERNOTIFY
350
376
  3
LIGHTINGUNITS
350
374
  3
MSLTSCALE
350
372
  0
DICTIONARY
  5
380
102
{ACAD_REACTORS
330
C
102
}
330
C
100
AcDbDictionary
281
     1
  3
AcDsRecords
350
382
  3
AcDsSchemas
350
381
1001
ACAD
1070
     2
  0
DICTIONARY
  5
368
102
{ACAD_REACTORS
330
367
102
}
330
367
100
AcDbDictionary
281
     1
  0
XRECORD
  5
361
102
{ACAD_REACTORS
330
360
102
}
330
360
100
AcDbXrecord
280
     1
290
     1
  0
XRECORD
  5
363
102
{ACAD_REACTORS
330
362
102
}
330
362
100
AcDbXrecord
280
     1
290
     1
  0
ACDBDETAILVIEWSTYLE
  5
6A
102
{ACAD_XDICTIONARY
360
3B5
102
}
102
{ACAD_REACTORS
330
69
102
}
330
69
100
AcDbModelDocViewStyle
 70
     0
  3
Imperial24
290
     0
100
AcDbDetailViewStyle
 70
     0
 71
     0
 90
        3
 71
     1
340
55
 62
   256
 40
0.24
340
0
 62
   256
 40
0.24
300

 40
0.36
280
     3
 71
     2
340
5C
 90
       25
 62
   256
 71
     3
340
55
 62
   256
 40
0.24
 90
        1
 40
0.75
 90
        1
300
%<\AcVar ViewType \f "%tc1">% %<\AcVar ViewDetailId>%\PSCALE %<\AcVar ViewScale \f "%sn">%
 71
     4
340
5C
 90
       25
 62
   256
340
5C
 90
       25
 62
   256
280
     0
  0
ACDBDETAILVIEWSTYLE
  5
359
102
{ACAD_XDICTIONARY
360
3B9
102
}
102
{ACAD_REACTORS
330
69
102
}
330
69
100
AcDbModelDocViewStyle
 70
     0
  3
Metric50
290
     0
100
AcDbDetailViewStyle
 70
     0
 71
     0
 90
        3
 71
     1
340
55
 62
   256
 40
5.0
340
0
 62
   256
 40
5.0
300

 40
0.0
280
     1
 71
     2
340
5C
 90
       25
 62
   256
 71
     3
340
55
 62
   256
 40
5.0
 90
        0
 40
15.0
 90
        1
300
%<\AcVar ViewDetailId>% (%<\AcVar ViewScale \f "%sn">%)
 71
     4
340
5C
 90
       25
 62
   256
340
5C
 90
       25
 62
   256
280
     0
  0
LAYOUT
  5
72
102
{ACAD_REACTORS
330
61
102
}
330
61
100
AcDbPlotSettings
  1

  2

  4

  6

 40
0.0
 41
0.0
 42
0.0
 43
0.0
 44
0.0
 45
0.0
 46
0.0
 47
0.0
 48
0.0
 49
0.0
140
0.0
141
0.0
142
1.0
143
1.0
 70
  1712
 72
     0
 73
     0
 74
     0
  7

 75
     0
147
1.0
 76
     0
 77
     2
 78
   300
148
0.0
149
0.0
100
AcDbLayout
  1
Model
 70
     1
 71
     0
 10
0.0
 20
0.0
 11
12.0
 21
9.0
 12
0.0
 22
0.0
 32
0.0
 14
0.0
 24
0.0
 34
0.0
 15
0.0
 25
0.0
 35
0.0
146
0.0
 13
0.0
 23
0.0
 33
0.0
 16
1.0
 26
0.0
 36
0.0
 17
0.0
 27
1.0
 37
0.0
 76
     0
330
6F
331
7D
  0
LAYOUT
  5
6E
102
{ACAD_REACTORS
330
61
102
}
330
61
100
AcDbPlotSettings
  1

  2

  4

  6

 40
0.0
 41
0.0
 42
0.0
 43
0.0
 44
0.0
 45
0.0
 46
0.0
 47
0.0
 48
0.0
 49
0.0
140
0.0
141
0.0
142
1.0
143
1.0
 70
   688
 72
     0
 73
     0
 74
     5
  7

 75
    16
147
1.0
 76
     0
 77
     2
 78
   300
148
0.0
149
0.0
100
AcDbLayout
  1
배치1
 70
     1
 71
     1
 10
0.0
 20
0.0
 11
12.0
 21
9.0
 12
0.0
 22
0.0
 32
0.0
 14
1.000000000000000E+20
 24
1.000000000000000E+20
 34
1.000000000000000E+20
 15
-1.000000000000000E+20
 25
-1.000000000000000E+20
 35
-1.000000000000000E+20
146
0.0
 13
0.0
 23
0.0
 33
0.0
 16
1.0
 26
0.0
 36
0.0
 17
0.0
 27
1.0
 37
0.0
 76
     0
330
6B
  0
MATERIAL
  5
19
102
{ACAD_XDICTIONARY
360
1A
102
}
102
{ACAD_REACTORS
330
10
102
}
330
10
100
AcDbMaterial
  1
ByBlock
 72
     0
 43
0.0208333333333333
 43
0.0
 43
0.0
 43
0.0
 43
0.0
 43
0.0208333333333333
 43
0.0
 43
0.0
 43
0.0
 43
0.0
 43
1.0
 43
0.0
 43
0.0
 43
0.0
 43
0.0
 43
1.0
 77
     0
 47
0.0208333333333333
 47
0.0
 47
0.0
 47
0.0
 47
0.0
 47
0.0208333333333333
 47
0.0
 47
0.0
 47
0.0
 47
0.0
 47
1.0
 47
0.0
 47
0.0
 47
0.0
 47
0.0
 47
1.0
171
     0
 49
0.0208333333333333
 49
0.0
 49
0.0
 49
0.0
 49
0.0
 49
0.0208333333333333
 49
0.0
 49
0.0
 49
0.0
 49
0.0
 49
1.0
 49
0.0
 49
0.0
 49
0.0
 49
0.0
 49
1.0
175
     0
142
0.0208333333333333
142
0.0
142
0.0
142
0.0
142
0.0
142
0.0208333333333333
142
0.0
142
0.0
142
0.0
142
0.0
142
1.0
142
0.0
142
0.0
142
0.0
142
0.0
142
1.0
179
     0
144
0.0208333333333333
144
0.0
144
0.0
144
0.0
144
0.0
144
0.0208333333333333
144
0.0
144
0.0
144
0.0
144
0.0
144
1.0
144
0.0
144
0.0
144
0.0
144
0.0
144
1.0
147
0.0208333333333333
147
0.0
147
0.0
147
0.0
147
0.0
147
0.0208333333333333
147
0.0
147
0.0
147
0.0
147
0.0
147
1.0
147
0.0
147
0.0
147
0.0
147
0.0
147
1.0
  0
MATERIAL
  5
11
102
{ACAD_XDICTIONARY
360
12
102
}
102
{ACAD_REACTORS
330
10
102
}
330
10
100
AcDbMaterial
  1
ByLayer
 72
     0
 43
0.0208333333333333
 43
0.0
 43
0.0
 43
0.0
 43
0.0
 43
0.0208333333333333
 43
0.0
 43
0.0
 43
0.0
 43
0.0
 43
1.0
 43
0.0
 43
0.0
 43
0.0
 43
0.0
 43
1.0
 77
     0
 47
0.0208333333333333
 47
0.0
 47
0.0
 47
0.0
 47
0.0
 47
0.0208333333333333
 47
0.0
 47
0.0
 47
0.0
 47
0.0
 47
1.0
 47
0.0
 47
0.0
 47
0.0
 47
0.0
 47
1.0
171
     0
 49
0.0208333333333333
 49
0.0
 49
0.0
 49
0.0
 49
0.0
 49
0.0208333333333333
 49
0.0
 49
0.0
 49
0.0
 49
0.0
 49
1.0
 49
0.0
 49
0.0
 49
0.0
 49
0.0
 49
1.0
175
     0
142
0.0208333333333333
142
0.0
142
0.0
142
0.0
142
0.0
142
0.0208333333333333
142
0.0
142
0.0
142
0.0
142
0.0
142
1.0
142
0.0
142
0.0
142
0.0
142
0.0
142
1.0
179
     0
144
0.0208333333333333
144
0.0
144
0.0
144
0.0
144
0.0
144
0.0208333333333333
144
0.0
144
0.0
144
0.0
144
0.0
144
1.0
144
0.0
144
0.0
144
0.0
144
0.0
144
1.0
147
0.0208333333333333
147
0.0
147
0.0
147
0.0
147
0.0
147
0.0208333333333333
147
0.0
147
0.0
147
0.0
147
0.0
147
1.0
147
0.0
147
0.0
147
0.0
147
0.0
147
1.0
  0
MATERIAL
  5
21
102
{ACAD_XDICTIONARY
360
22
102
}
102
{ACAD_REACTORS
330
10
102
}
330
10
100
AcDbMaterial
  1
Global
 72
     0
 43
0.0208333333333333
 43
0.0
 43
0.0
 43
0.0
 43
0.0
 43
0.0208333333333333
 43
0.0
 43
0.0
 43
0.0
 43
0.0
 43
1.0
 43
0.0
 43
0.0
 43
0.0
 43
0.0
 43
1.0
 77
     0
 47
0.0208333333333333
 47
0.0
 47
0.0
 47
0.0
 47
0.0
 47
0.0208333333333333
 47
0.0
 47
0.0
 47
0.0
 47
0.0
 47
1.0
 47
0.0
 47
0.0
 47
0.0
 47
0.0
 47
1.0
171
     0
 49
0.0208333333333333
 49
0.0
 49
0.0
 49
0.0
 49
0.0
 49
0.0208333333333333
 49
0.0
 49
0.0
 49
0.0
 49
0.0
 49
1.0
 49
0.0
 49
0.0
 49
0.0
 49
0.0
 49
1.0
175
     0
142
0.0208333333333333
142
0.0
142
0.0
142
0.0
142
0.0
142
0.0208333333333333
142
0.0
142
0.0
142
0.0
142
0.0
142
1.0
142
0.0
142
0.0
142
0.0
142
0.0
142
1.0
179
     0
144
0.0208333333333333
144
0.0
144
0.0
144
0.0
144
0.0
144
0.0208333333333333
144
0.0
144
0.0
144
0.0
144
0.0
144
1.0
144
0.0
144
0.0
144
0.0
144
0.0
144
1.0
147
0.0208333333333333
147
0.0
147
0.0
147
0.0
147
0.0
147
0.0208333333333333
147
0.0
147
0.0
147
0.0
147
0.0
147
1.0
147
0.0
147
0.0
147
0.0
147
0.0
147
1.0
  0
MLEADERSTYLE
  5
66
102
{ACAD_REACTORS
330
65
102
}
330
65
100
AcDbMLeaderStyle
179
     2
170
     2
171
     1
172
     0
 90
        2
 40
0.0
 41
0.0
173
     1
 91
-1056964608
340
5A
 92
       -2
290
     1
 42
0.09
291
     1
 43
0.36
  3
Standard
 44
0.18
300

342
55
174
     1
178
     6
175
     1
176
     0
 93
-1056964608
 45
0.18
292
     0
297
     0
 46
0.18
 94
-1056964608
 47
1.0
 49
1.0
140
1.0
293
     1
141
0.0
294
     1
177
     0
142
1.0
295
     0
296
     0
143
0.125
271
     0
272
     9
273
     9
  0
MLINESTYLE
  5
5F
102
{ACAD_REACTORS
330
5E
102
}
330
5E
100
AcDbMlineStyle
  2
STANDARD
 70
     0
  3

 62
   256
 51
90.0
 52
90.0
 71
     2
 49
0.5
 62
   256
  6
BYLAYER
 49
-0.5
 62
   256
  6
BYLAYER
  0
ACDBPLACEHOLDER
  5
F
102
{ACAD_REACTORS
330
E
102
}
330
E
  0
SCALE
  5
43
102
{ACAD_REACTORS
330
42
102
}
330
42
100
AcDbScale
 70
     0
300
1:1
140
1.0
141
1.0
290
     1
  0
SCALE
  5
44
102
{ACAD_REACTORS
330
42
102
}
330
42
100
AcDbScale
 70
     0
300
1/128" = 1'-0"
140
0.0078125
141
12.0
290
     0
  0
SCALE
  5
45
102
{ACAD_REACTORS
330
42
102
}
330
42
100
AcDbScale
 70
     0
300
1/64" = 1'-0"
140
0.015625
141
12.0
290
     0
  0
SCALE
  5
46
102
{ACAD_REACTORS
330
42
102
}
330
42
100
AcDbScale
 70
     0
300
1/32" = 1'-0"
140
0.03125
141
12.0
290
     0
  0
SCALE
  5
47
102
{ACAD_REACTORS
330
42
102
}
330
42
100
AcDbScale
 70
     0
300
1/16" = 1'-0"
140
0.0625
141
12.0
290
     0
  0
SCALE
  5
48
102
{ACAD_REACTORS
330
42
102
}
330
42
100
AcDbScale
 70
     0
300
3/32" = 1'-0"
140
0.09375
141
12.0
290
     0
  0
SCALE
  5
49
102
{ACAD_REACTORS
330
42
102
}
330
42
100
AcDbScale
 70
     0
300
1/8" = 1'-0"
140
0.125
141
12.0
290
     0
  0
SCALE
  5
4A
102
{ACAD_REACTORS
330
42
102
}
330
42
100
AcDbScale
 70
     0
300
3/16" = 1'-0"
140
0.1875
141
12.0
290
     0
  0
SCALE
  5
4B
102
{ACAD_REACTORS
330
42
102
}
330
42
100
AcDbScale
 70
     0
300
1/4" = 1'-0"
140
0.25
141
12.0
290
     0
  0
SCALE
  5
4C
102
{ACAD_REACTORS
330
42
102
}
330
42
100
AcDbScale
 70
     0
300
3/8" = 1'-0"
140
0.375
141
12.0
290
     0
  0
SCALE
  5
4D
102
{ACAD_REACTORS
330
42
102
}
330
42
100
AcDbScale
 70
     0
300
1/2" = 1'-0"
140
0.5
141
12.0
290
     0
  0
SCALE
  5
4E
102
{ACAD_REACTORS
330
42
102
}
330
42
100
AcDbScale
 70
     0
300
3/4" = 1'-0"
140
0.75
141
12.0
290
     0
  0
SCALE
  5
4F
102
{ACAD_REACTORS
330
42
102
}
330
42
100
AcDbScale
 70
     0
300
1" = 1'-0"
140
1.0
141
12.0
290
     0
  0
SCALE
  5
50
102
{ACAD_REACTORS
330
42
102
}
330
42
100
AcDbScale
 70
     0
300
1-1/2" = 1'-0"
140
1.5
141
12.0
290
     0
  0
SCALE
  5
51
102
{ACAD_REACTORS
330
42
102
}
330
42
100
AcDbScale
 70
     0
300
3" = 1'-0"
140
3.0
141
12.0
290
     0
  0
SCALE
  5
52
102
{ACAD_REACTORS
330
42
102
}
330
42
100
AcDbScale
 70
     0
300
6" = 1'-0"
140
6.0
141
12.0
290
     0
  0
SCALE
  5
53
102
{ACAD_REACTORS
330
42
102
}
330
42
100
AcDbScale
 70
     0
300
1'-0" = 1'-0"
140
12.0
141
12.0
290
     0
  0
ACDBSECTIONVIEWSTYLE
  5
68
102
{ACAD_XDICTIONARY
360
3B3
102
}
102
{ACAD_REACTORS
330
67
102
}
330
67
100
AcDbModelDocViewStyle
 70
     0
  3
Imperial24
290
     0
100
AcDbSectionViewStyle
 70
     0
 71
     0
 90
       78
 71
     1
340
55
 62
   256
 40
0.24
340
0
340
0
 62
   256
 40
0.24
300
I, O, Q, S, X, Z
 40
0.48
 90
        3
 40
0.18
 90
        1
 71
     2
340
5C
 90
       25
 62
   256
340
5C
 90
       50
 62
   256
 40
0.24
 40
0.0
 40
0.24
 71
     3
340
55
 62
   256
 40
0.24
 90
        1
 40
0.75
 90
        1
300
%<\AcVar ViewType \f "%tc1">% %<\AcVar ViewSectionStartId>%-%<\AcVar ViewSectionEndId>%\PSCALE %<\AcVar ViewScale \f "%sn">%
 71
     4
 62
   256
 62
   257
300
ANSI31
 40
1.0
 90
        0
290
     0
290
     0
 90
        6
 40
0.0
 40
1.570796326794896
 40
0.2617993877991494
 40
1.308996938995747
 40
-0.2617993877991494
 40
1.832595714594046
  0
ACDBSECTIONVIEWSTYLE
  5
358
102
{ACAD_XDICTIONARY
360
3B7
102
}
102
{ACAD_REACTORS
330
67
102
}
330
67
100
AcDbModelDocViewStyle
 70
     0
  3
Metric50
290
     0
100
AcDbSectionViewStyle
 70
     0
 71
     0
 90
      102
 71
     1
340
55
 62
   256
 40
5.0
340
0
340
0
 62
   256
 40
5.0
300
I, O, Q, S, X, Z
 40
10.0
 90
        0
 40
2.5
 90
        0
 71
     2
340
5C
 90
       25
 62
   256
340
5C
 90
       50
 62
   256
 40
5.0
 40
2.5
 40
5.0
 71
     3
340
55
 62
   256
 40
5.0
 90
        0
 40
15.0
 90
        1
300
%<\AcVar ViewSectionStartId>%-%<\AcVar ViewSectionEndId>% (%<\AcVar ViewScale \f "%sn">%)
 71
     4
 62
   256
 62
   257
300
ANSI31
 40
1.0
 90
        0
290
     0
290
     0
 90
        6
 40
0.0
 40
1.570796326794896
 40
0.2617993877991494
 40
1.308996938995747
 40
-0.2617993877991494
 40
1.832595714594046
  0
TABLESTYLE
  5
64
102
{ACAD_XDICTIONARY
360
378
102
}
102
{ACAD_REACTORS
330
63
102
}
330
63
100
AcDbTableStyle
280
     0
  3
Standard
 70
     0
 71
     0
 40
0.06
 41
0.06
280
     0
281
     0
  7
Standard
140
0.18
170
     2
 62
     0
 63
     7
283
     0
 90
      512
 91
        0
  1

274
    -2
284
     1
 64
     0
275
    -2
285
     1
 65
     0
276
    -2
286
     1
 66
     0
277
    -2
287
     1
 67
     0
278
    -2
288
     1
 68
     0
279
    -2
289
     1
 69
     0
  7
Standard
140
0.25
170
     5
 62
     0
 63
     7
283
     0
 90
      512
 91
        0
  1

274
    -2
284
     1
 64
     0
275
    -2
285
     1
 65
     0
276
    -2
286
     1
 66
     0
277
    -2
287
     1
 67
     0
278
    -2
288
     1
 68
     0
279
    -2
289
     1
 69
     0
  7
Standard
140
0.18
170
     5
 62
     0
 63
     7
283
     0
 90
      512
 91
        0
  1

274
    -2
284
     1
 64
     0
275
    -2
285
     1
 65
     0
276
    -2
286
     1
 66
     0
277
    -2
287
     1
 67
     0
278
    -2
288
     1
 68
     0
279
    -2
289
     1
 69
     0
  0
VISUALSTYLE
  5
2F
102
{ACAD_XDICTIONARY
360
38D
102
}
102
{ACAD_REACTORS
330
29
102
}
330
29
100
AcDbVisualStyle
  2
2dWireframe
 70
     4
177
     2
291
     0
 71
     0
176
     1
 72
     2
176
     1
 73
     0
176
     1
 90
        0
176
     1
 40
0.6
176
     1
 41
30.0
176
     1
 63
     7
421
 16777215
176
     1
 74
     1
176
     1
 91
        4
176
     1
 64
     7
176
     1
 65
   257
176
     1
 75
     1
176
     1
175
     1
176
     1
 42
1.0
176
     1
 92
        0
176
     1
 66
   257
176
     1
 43
1.0
176
     1
 76
     1
176
     1
 77
     6
176
     1
 78
     2
176
     1
 67
     7
176
     1
 79
     5
176
     1
170
     0
176
     1
171
     0
176
     1
290
     0
176
     1
 93
        1
176
     1
 44
0.0
176
     1
173
     0
176
     1
1001
ACAD
1000
AcDbSavedByObjectVersion
1070
     0
  0
VISUALSTYLE
  5
2E
102
{ACAD_XDICTIONARY
360
38B
102
}
102
{ACAD_REACTORS
330
29
102
}
330
29
100
AcDbVisualStyle
  2
Basic
 70
     7
177
     2
291
     1
 71
     1
176
     1
 72
     0
176
     1
 73
     1
176
     1
 90
        0
176
     1
 40
0.6
176
     1
 41
30.0
176
     1
 63
     7
421
 16777215
176
     1
 74
     0
176
     1
 91
        4
176
     1
 64
     7
176
     1
 65
   257
176
     1
 75
     1
176
     1
175
     1
176
     1
 42
1.0
176
     1
 92
        8
176
     1
 66
     7
176
     1
 43
1.0
176
     1
 76
     1
176
     1
 77
     6
176
     1
 78
     2
176
     1
 67
     7
176
     1
 79
     5
176
     1
170
     0
176
     1
171
     0
176
     1
290
     0
176
     1
 93
        1
176
     1
 44
0.0
176
     1
173
     0
176
     1
1001
ACAD
1000
AcDbSavedByObjectVersion
1070
     0
  0
VISUALSTYLE
  5
35
102
{ACAD_XDICTIONARY
360
399
102
}
102
{ACAD_REACTORS
330
29
102
}
330
29
100
AcDbVisualStyle
  2
Brighten
 70
    12
177
     2
291
     1
 71
     2
176
     1
 72
     2
176
     1
 73
     0
176
     1
 90
        0
176
     1
 40
0.6
176
     1
 41
30.0
176
     1
 63
     7
421
 16777215
176
     1
 74
     1
176
     1
 91
        4
176
     1
 64
     7
176
     1
 65
   257
176
     1
 75
     1
176
     1
175
     1
176
     1
 42
1.0
176
     1
 92
        8
176
     1
 66
     7
176
     1
 43
1.0
176
     1
 76
     1
176
     1
 77
     6
176
     1
 78
     2
176
     1
 67
     7
176
     1
 79
     5
176
     1
170
     0
176
     1
171
     0
176
     1
290
     0
176
     1
 93
        1
176
     1
 44
50.0
176
     1
173
     0
176
     1
1001
ACAD
1000
AcDbSavedByObjectVersion
1070
     0
  0
VISUALSTYLE
  5
39
102
{ACAD_XDICTIONARY
360
3A1
102
}
102
{ACAD_REACTORS
330
29
102
}
330
29
100
AcDbVisualStyle
  2
ColorChange
 70
    16
177
     2
291
     1
 71
     2
176
     1
 72
     2
176
     1
 73
     3
176
     1
 90
        0
176
     1
 40
0.6
176
     1
 41
30.0
176
     1
 63
     8
421
  8421504
176
     1
 74
     1
176
     1
 91
        4
176
     1
 64
     7
176
     1
 65
   257
176
     1
 75
     1
176
     1
175
     1
176
     1
 42
1.0
176
     1
 92
        8
176
     1
 66
     8
424
  8421504
176
     1
 43
1.0
176
     1
 76
     1
176
     1
 77
     6
176
     1
 78
     2
176
     1
 67
     7
176
     1
 79
     5
176
     1
170
     0
176
     1
171
     0
176
     1
290
     0
176
     1
 93
        1
176
     1
 44
0.0
176
     1
173
     0
176
     1
1001
ACAD
1000
AcDbSavedByObjectVersion
1070
     0
  0
VISUALSTYLE
  5
32
102
{ACAD_XDICTIONARY
360
393
102
}
102
{ACAD_REACTORS
330
29
102
}
330
29
100
AcDbVisualStyle
  2
Conceptual
 70
     9
177
     2
291
     0
 71
     3
176
     1
 72
     2
176
     1
 73
     0
176
     1
 90
        0
176
     1
 40
0.6
176
     1
 41
30.0
176
     1
 63
     7
421
 16777215
176
     1
 74
     2
176
     1
 91
        2
176
     1
 64
     7
176
     1
 65
   257
176
     1
 75
     1
176
     1
175
     1
176
     1
 42
179.0
176
     1
 92
        8
176
     1
 66
     7
176
     1
 43
1.0
176
     1
 76
     1
176
     1
 77
     6
176
     1
 78
     2
176
     1
 67
     7
176
     1
 79
     3
176
     1
170
     0
176
     1
171
     0
176
     1
290
     0
176
     1
 93
        1
176
     1
 44
0.0
176
     1
173
     0
176
     1
1001
ACAD
1000
AcDbSavedByObjectVersion
1070
     0
  0
VISUALSTYLE
  5
34
102
{ACAD_XDICTIONARY
360
397
102
}
102
{ACAD_REACTORS
330
29
102
}
330
29
100
AcDbVisualStyle
  2
Dim
 70
    11
177
     2
291
     1
 71
     2
176
     1
 72
     2
176
     1
 73
     0
176
     1
 90
        0
176
     1
 40
0.6
176
     1
 41
30.0
176
     1
 63
     7
421
 16777215
176
     1
 74
     1
176
     1
 91
        4
176
     1
 64
     7
176
     1
 65
   257
176
     1
 75
     1
176
     1
175
     1
176
     1
 42
1.0
176
     1
 92
        8
176
     1
 66
     7
176
     1
 43
1.0
176
     1
 76
     1
176
     1
 77
     6
176
     1
 78
     2
176
     1
 67
     7
176
     1
 79
     5
176
     1
170
     0
176
     1
171
     0
176
     1
290
     0
176
     1
 93
        1
176
     1
 44
-50.0
176
     1
173
     0
176
     1
1001
ACAD
1000
AcDbSavedByObjectVersion
1070
     0
  0
VISUALSTYLE
  5
41
102
{ACAD_XDICTIONARY
360
3B1
102
}
102
{ACAD_REACTORS
330
29
102
}
330
29
100
AcDbVisualStyle
  2
EdgeColorOff
 70
    22
177
     2
291
     1
 71
     2
176
     0
 72
     2
176
     0
 73
     0
176
     0
 90
        0
176
     0
 40
0.6
176
     0
 41
30.0
176
     0
 63
     7
421
 16777215
176
     0
 74
     1
176
     0
 91
        4
176
     0
 64
     7
176
     0
 65
   257
176
     0
 75
     1
176
     0
175
     1
176
     0
 42
1.0
176
     0
 92
        8
176
     2
 66
     7
176
     0
 43
1.0
176
     0
 76
     1
176
     0
 77
     6
176
     0
 78
     2
176
     0
 67
     7
176
     0
 79
     5
176
     0
170
     0
176
     0
171
     0
176
     0
290
     0
176
     0
 93
        1
176
     0
 44
0.0
176
     0
173
     0
176
     0
1001
ACAD
1000
AcDbSavedByObjectVersion
1070
     0
  0
VISUALSTYLE
  5
38
102
{ACAD_XDICTIONARY
360
39F
102
}
102
{ACAD_REACTORS
330
29
102
}
330
29
100
AcDbVisualStyle
  2
Facepattern
 70
    15
177
     2
291
     1
 71
     2
176
     1
 72
     2
176
     1
 73
     0
176
     1
 90
        0
176
     1
 40
0.6
176
     1
 41
30.0
176
     1
 63
     7
421
 16777215
176
     1
 74
     1
176
     1
 91
        4
176
     1
 64
     7
176
     1
 65
   257
176
     1
 75
     1
176
     1
175
     1
176
     1
 42
1.0
176
     1
 92
        8
176
     1
 66
     7
176
     1
 43
1.0
176
     1
 76
     1
176
     1
 77
     6
176
     1
 78
     2
176
     1
 67
     7
176
     1
 79
     5
176
     1
170
     0
176
     1
171
     0
176
     1
290
     0
176
     1
 93
        1
176
     1
 44
0.0
176
     1
173
     0
176
     1
1001
ACAD
1000
AcDbSavedByObjectVersion
1070
     0
  0
VISUALSTYLE
  5
2A
102
{ACAD_XDICTIONARY
360
383
102
}
102
{ACAD_REACTORS
330
29
102
}
330
29
100
AcDbVisualStyle
  2
Flat
 70
     0
177
     2
291
     1
 71
     2
176
     1
 72
     1
176
     1
 73
     1
176
     1
 90
        2
176
     1
 40
0.6
176
     1
 41
30.0
176
     1
 63
     7
421
 16777215
176
     1
 74
     0
176
     1
 91
        0
176
     1
 64
     7
176
     1
 65
   257
176
     1
 75
     1
176
     1
175
     1
176
     1
 42
1.0
176
     1
 92
        8
176
     1
 66
     7
176
     1
 43
1.0
176
     1
 76
     1
176
     1
 77
     6
176
     1
 78
     2
176
     1
 67
     7
176
     1
 79
     5
176
     1
170
     0
176
     1
171
     0
176
     1
290
     0
176
     1
 93
       13
176
     1
 44
0.0
176
     1
173
     0
176
     1
1001
ACAD
1000
AcDbSavedByObjectVersion
1070
     0
  0
VISUALSTYLE
  5
2B
102
{ACAD_XDICTIONARY
360
385
102
}
102
{ACAD_REACTORS
330
29
102
}
330
29
100
AcDbVisualStyle
  2
FlatWithEdges
 70
     1
177
     2
291
     1
 71
     2
176
     1
 72
     1
176
     1
 73
     1
176
     1
 90
        2
176
     1
 40
0.6
176
     1
 41
30.0
176
     1
 63
     7
421
 16777215
176
     1
 74
     1
176
     1
 91
        0
176
     1
 64
     7
176
     1
 65
   257
176
     1
 75
     1
176
     1
175
     1
176
     1
 42
1.0
176
     1
 92
        0
176
     1
 66
   257
176
     1
 43
1.0
176
     1
 76
     1
176
     1
 77
     6
176
     1
 78
     2
176
     1
 67
     7
176
     1
 79
     5
176
     1
170
     0
176
     1
171
     0
176
     1
290
     0
176
     1
 93
       13
176
     1
 44
0.0
176
     1
173
     0
176
     1
1001
ACAD
1000
AcDbSavedByObjectVersion
1070
     0
  0
VISUALSTYLE
  5
2C
102
{ACAD_XDICTIONARY
360
387
102
}
102
{ACAD_REACTORS
330
29
102
}
330
29
100
AcDbVisualStyle
  2
Gouraud
 70
     2
177
     2
291
     1
 71
     2
176
     1
 72
     2
176
     1
 73
     1
176
     1
 90
        2
176
     1
 40
0.6
176
     1
 41
30.0
176
     1
 63
     7
421
 16777215
176
     1
 74
     0
176
     1
 91
        0
176
     1
 64
     7
176
     1
 65
   257
176
     1
 75
     1
176
     1
175
     1
176
     1
 42
1.0
176
     1
 92
        0
176
     1
 66
     7
176
     1
 43
1.0
176
     1
 76
     1
176
     1
 77
     6
176
     1
 78
     2
176
     1
 67
     7
176
     1
 79
     5
176
     1
170
     0
176
     1
171
     0
176
     1
290
     0
176
     1
 93
       13
176
     1
 44
0.0
176
     1
173
     0
176
     1
1001
ACAD
1000
AcDbSavedByObjectVersion
1070
     0
  0
VISUALSTYLE
  5
2D
102
{ACAD_XDICTIONARY
360
389
102
}
102
{ACAD_REACTORS
330
29
102
}
330
29
100
AcDbVisualStyle
  2
GouraudWithEdges
 70
     3
177
     2
291
     1
 71
     2
176
     1
 72
     2
176
     1
 73
     1
176
     1
 90
        2
176
     1
 40
0.6
176
     1
 41
30.0
176
     1
 63
     7
421
 16777215
176
     1
 74
     1
176
     1
 91
        0
176
     1
 64
     7
176
     1
 65
   257
176
     1
 75
     1
176
     1
175
     1
176
     1
 42
1.0
176
     1
 92
        0
176
     1
 66
   257
176
     1
 43
1.0
176
     1
 76
     1
176
     1
 77
     6
176
     1
 78
     2
176
     1
 67
     7
176
     1
 79
     5
176
     1
170
     0
176
     1
171
     0
176
     1
290
     0
176
     1
 93
       13
176
     1
 44
0.0
176
     1
173
     0
176
     1
1001
ACAD
1000
AcDbSavedByObjectVersion
1070
     0
  0
VISUALSTYLE
  5
31
102
{ACAD_XDICTIONARY
360
391
102
}
102
{ACAD_REACTORS
330
29
102
}
330
29
100
AcDbVisualStyle
  2
Hidden
 70
     6
177
     2
291
     0
 71
     1
176
     1
 72
     2
176
     1
 73
     2
176
     1
 90
        0
176
     1
 40
0.6
176
     1
 41
30.0
176
     1
 63
     7
421
 16777215
176
     1
 74
     2
176
     1
 91
        2
176
     1
 64
     7
176
     1
 65
   257
176
     1
 75
     2
176
     1
175
     1
176
     1
 42
40.0
176
     1
 92
        0
176
     1
 66
   257
176
     1
 43
1.0
176
     1
 76
     1
176
     1
 77
     6
176
     1
 78
     2
176
     1
 67
     7
176
     1
 79
     3
176
     1
170
     0
176
     1
171
     0
176
     1
290
     0
176
     1
 93
        1
176
     1
 44
0.0
176
     1
173
     0
176
     1
1001
ACAD
1000
AcDbSavedByObjectVersion
1070
     0
  0
VISUALSTYLE
  5
3F
102
{ACAD_XDICTIONARY
360
3AD
102
}
102
{ACAD_REACTORS
330
29
102
}
330
29
100
AcDbVisualStyle
  2
JitterOff
 70
    20
177
     2
291
     1
 71
     2
176
     0
 72
     2
176
     0
 73
     0
176
     0
 90
        0
176
     0
 40
0.6
176
     0
 41
30.0
176
     0
 63
     7
421
 16777215
176
     0
 74
     1
176
     0
 91
        4
176
     0
 64
     7
176
     0
 65
   257
176
     0
 75
     1
176
     0
175
     1
176
     0
 42
1.0
176
     0
 92
       10
176
     2
 66
     7
176
     0
 43
1.0
176
     0
 76
     1
176
     0
 77
     6
176
     0
 78
     2
176
     0
 67
     7
176
     0
 79
     5
176
     0
170
     0
176
     0
171
     0
176
     0
290
     0
176
     0
 93
        1
176
     0
 44
0.0
176
     0
173
     0
176
     0
1001
ACAD
1000
AcDbSavedByObjectVersion
1070
     0
  0
VISUALSTYLE
  5
37
102
{ACAD_XDICTIONARY
360
39D
102
}
102
{ACAD_REACTORS
330
29
102
}
330
29
100
AcDbVisualStyle
  2
Linepattern
 70
    14
177
     2
291
     1
 71
     2
176
     1
 72
     2
176
     1
 73
     0
176
     1
 90
        0
176
     1
 40
0.6
176
     1
 41
30.0
176
     1
 63
     7
421
 16777215
176
     1
 74
     1
176
     1
 91
        4
176
     1
 64
     7
176
     1
 65
   257
176
     1
 75
     7
176
     1
175
     7
176
     1
 42
1.0
176
     1
 92
        8
176
     1
 66
     7
176
     1
 43
1.0
176
     1
 76
     1
176
     1
 77
     6
176
     1
 78
     2
176
     1
 67
     7
176
     1
 79
     5
176
     1
170
     0
176
     1
171
     0
176
     1
290
     0
176
     1
 93
        1
176
     1
 44
0.0
176
     1
173
     0
176
     1
1001
ACAD
1000
AcDbSavedByObjectVersion
1070
     0
  0
VISUALSTYLE
  5
40
102
{ACAD_XDICTIONARY
360
3AF
102
}
102
{ACAD_REACTORS
330
29
102
}
330
29
100
AcDbVisualStyle
  2
OverhangOff
 70
    21
177
     2
291
     1
 71
     2
176
     0
 72
     2
176
     0
 73
     0
176
     0
 90
        0
176
     0
 40
0.6
176
     0
 41
30.0
176
     0
 63
     7
421
 16777215
176
     0
 74
     1
176
     0
 91
        4
176
     0
 64
     7
176
     0
 65
   257
176
     0
 75
     1
176
     0
175
     1
176
     0
 42
1.0
176
     0
 92
        9
176
     2
 66
     7
176
     0
 43
1.0
176
     0
 76
     1
176
     0
 77
     6
176
     0
 78
     2
176
     0
 67
     7
176
     0
 79
     5
176
     0
170
     0
176
     0
171
     0
176
     0
290
     0
176
     0
 93
        1
176
     0
 44
0.0
176
     0
173
     0
176
     0
1001
ACAD
1000
AcDbSavedByObjectVersion
1070
     0
  0
VISUALSTYLE
  5
33
102
{ACAD_XDICTIONARY
360
395
102
}
102
{ACAD_REACTORS
330
29
102
}
330
29
100
AcDbVisualStyle
  2
Realistic
 70
     8
177
     2
291
     0
 71
     2
176
     1
 72
     3
176
     1
 73
     0
176
     1
 90
        2
176
     1
 40
0.6
176
     1
 41
30.0
176
     1
 63
     7
421
 16777215
176
     1
 74
     0
176
     1
 91
        0
176
     1
 64
     7
176
     1
 65
   257
176
     1
 75
     1
176
     1
175
     1
176
     1
 42
1.0
176
     1
 92
        8
176
     1
 66
   257
176
     1
 43
1.0
176
     1
 76
     1
176
     1
 77
     6
176
     1
 78
     2
176
     1
 67
     7
176
     1
 79
     3
176
     1
170
     0
176
     1
171
     0
176
     1
290
     0
176
     1
 93
       13
176
     1
 44
0.0
176
     1
173
     0
176
     1
1001
ACAD
1000
AcDbSavedByObjectVersion
1070
     0
  0
VISUALSTYLE
  5
3E
102
{ACAD_XDICTIONARY
360
3AB
102
}
102
{ACAD_REACTORS
330
29
102
}
330
29
100
AcDbVisualStyle
  2
Shaded
 70
    27
177
     2
291
     0
 71
     2
176
     1
 72
     2
176
     1
 73
     1
176
     1
 90
        2
176
     1
 40
0.6
176
     1
 41
30.0
176
     1
 63
     7
421
 16777215
176
     1
 74
     0
176
     1
 91
        4
176
     1
 64
     7
176
     1
 65
   257
176
     1
 75
     1
176
     1
175
     1
176
     1
 42
1.0
176
     1
 92
        8
176
     1
 66
   257
176
     1
 43
1.0
176
     1
 76
     1
176
     1
 77
     6
176
     1
 78
     2
176
     1
 67
     8
425
  7895160
176
     1
 79
     3
176
     1
170
     0
176
     1
171
     0
176
     1
290
     0
176
     1
 93
        5
176
     1
 44
0.0
176
     1
173
     0
176
     1
1001
ACAD
1000
AcDbSavedByObjectVersion
1070
     0
  0
VISUALSTYLE
  5
3D
102
{ACAD_XDICTIONARY
360
3A9
102
}
102
{ACAD_REACTORS
330
29
102
}
330
29
100
AcDbVisualStyle
  2
Shaded with edges
 70
    26
177
     2
291
     0
 71
     2
176
     1
 72
     2
176
     1
 73
     1
176
     1
 90
        2
176
     1
 40
0.6
176
     1
 41
30.0
176
     1
 63
     7
421
 16777215
176
     1
 74
     1
176
     1
 91
        2
176
     1
 64
     7
176
     1
 65
   257
176
     1
 75
     2
176
     1
175
     1
176
     1
 42
1.0
176
     1
 92
        8
176
     1
 66
   257
176
     1
 43
1.0
176
     1
 76
     1
176
     1
 77
     6
176
     1
 78
     2
176
     1
 67
     7
176
     1
 79
     3
176
     1
170
     0
176
     1
171
     0
176
     1
290
     0
176
     1
 93
        5
176
     1
 44
0.0
176
     1
173
     0
176
     1
1001
ACAD
1000
AcDbSavedByObjectVersion
1070
     0
  0
VISUALSTYLE
  5
3A
102
{ACAD_XDICTIONARY
360
3A3
102
}
102
{ACAD_REACTORS
330
29
102
}
330
29
100
AcDbVisualStyle
  2
Shades of Gray
 70
    23
177
     2
291
     0
 71
     2
176
     1
 72
     2
176
     1
 73
     3
176
     1
 90
        0
176
     1
 40
0.6
176
     1
 41
30.0
176
     1
 63
     7
421
 16777215
176
     1
 74
     2
176
     1
 91
        2
176
     1
 64
     7
176
     1
 65
     7
176
     1
 75
     1
176
     1
175
     1
176
     1
 42
40.0
176
     1
 92
        8
176
     1
 66
     7
176
     1
 43
1.0
176
     1
 76
     1
176
     1
 77
     6
176
     1
 78
     2
176
     1
 67
     7
176
     1
 79
     3
176
     1
170
     0
176
     1
171
     0
176
     1
290
     0
176
     1
 93
        1
176
     1
 44
0.0
176
     1
173
     0
176
     1
1001
ACAD
1000
AcDbSavedByObjectVersion
1070
     0
  0
VISUALSTYLE
  5
3B
102
{ACAD_XDICTIONARY
360
3A5
102
}
102
{ACAD_REACTORS
330
29
102
}
330
29
100
AcDbVisualStyle
  2
Sketchy
 70
    24
177
     2
291
     0
 71
     1
176
     1
 72
     2
176
     1
 73
     2
176
     1
 90
        0
176
     1
 40
0.6
176
     1
 41
30.0
176
     1
 63
     7
421
 16777215
176
     1
 74
     2
176
     1
 91
        2
176
     1
 64
     7
176
     1
 65
     7
176
     1
 75
     1
176
     1
175
     1
176
     1
 42
40.0
176
     1
 92
       11
176
     1
 66
     7
176
     1
 43
1.0
176
     1
 76
     1
176
     1
 77
     6
176
     1
 78
     2
176
     1
 67
     7
176
     1
 79
     6
176
     1
170
     0
176
     1
171
     0
176
     1
290
     0
176
     1
 93
        1
176
     1
 44
0.0
176
     1
173
     0
176
     1
1001
ACAD
1000
AcDbSavedByObjectVersion
1070
     0
  0
VISUALSTYLE
  5
36
102
{ACAD_XDICTIONARY
360
39B
102
}
102
{ACAD_REACTORS
330
29
102
}
330
29
100
AcDbVisualStyle
  2
Thicken
 70
    13
177
     2
291
     1
 71
     2
176
     1
 72
     2
176
     1
 73
     0
176
     1
 90
        0
176
     1
 40
0.6
176
     1
 41
30.0
176
     1
 63
     7
421
 16777215
176
     1
 74
     1
176
     1
 91
        4
176
     1
 64
     7
176
     1
 65
   257
176
     1
 75
     1
176
     1
175
     1
176
     1
 42
1.0
176
     1
 92
       12
176
     1
 66
     7
176
     1
 43
1.0
176
     1
 76
     1
176
     1
 77
     6
176
     1
 78
     2
176
     1
 67
     7
176
     1
 79
     5
176
     1
170
     0
176
     1
171
     0
176
     1
290
     0
176
     1
 93
        1
176
     1
 44
0.0
176
     1
173
     0
176
     1
1001
ACAD
1000
AcDbSavedByObjectVersion
1070
     0
  0
VISUALSTYLE
  5
30
102
{ACAD_XDICTIONARY
360
38F
102
}
102
{ACAD_REACTORS
330
29
102
}
330
29
100
AcDbVisualStyle
  2
Wireframe
 70
     5
177
     2
291
     0
 71
     0
176
     1
 72
     2
176
     1
 73
     0
176
     1
 90
        0
176
     1
 40
0.6
176
     1
 41
30.0
176
     1
 63
     7
421
 16777215
176
     1
 74
     1
176
     1
 91
        4
176
     1
 64
     7
176
     1
 65
   257
176
     1
 75
     1
176
     1
175
     1
176
     1
 42
1.0
176
     1
 92
        0
176
     1
 66
   257
176
     1
 43
1.0
176
     1
 76
     1
176
     1
 77
     6
176
     1
 78
     2
176
     1
 67
     7
176
     1
 79
     3
176
     1
170
     0
176
     1
171
     0
176
     1
290
     0
176
     1
 93
        1
176
     1
 44
0.0
176
     1
173
     0
176
     1
1001
ACAD
1000
AcDbSavedByObjectVersion
1070
     0
  0
VISUALSTYLE
  5
3C
102
{ACAD_XDICTIONARY
360
3A7
102
}
102
{ACAD_REACTORS
330
29
102
}
330
29
100
AcDbVisualStyle
  2
X-Ray
 70
    25
177
     2
291
     0
 71
     2
176
     1
 72
     2
176
     1
 73
     1
176
     1
 90
        1
176
     1
 40
0.5
176
     1
 41
30.0
176
     1
 63
     7
421
 16777215
176
     1
 74
     1
176
     1
 91
        0
176
     1
 64
     7
176
     1
 65
   257
176
     1
 75
     1
176
     1
175
     1
176
     1
 42
1.0
176
     1
 92
        8
176
     1
 66
     7
176
     1
 43
1.0
176
     1
 76
     1
176
     1
 77
     6
176
     1
 78
     2
176
     1
 67
     7
176
     1
 79
     3
176
     1
170
     0
176
     1
171
     0
176
     1
290
     0
176
     1
 93
       13
176
     1
 44
0.0
176
     1
173
     0
176
     1
1001
ACAD
1000
AcDbSavedByObjectVersion
1070
     0
  0
DICTIONARYVAR
  5
373
102
{ACAD_REACTORS
330
36D
102
}
330
36D
100
DictionaryVariables
280
     0
  1
1:1
  0
DICTIONARYVAR
  5
36F
102
{ACAD_REACTORS
330
36D
102
}
330
36D
100
DictionaryVariables
280
     0
  1
STANDARD
  0
DICTIONARYVAR
  5
36E
102
{ACAD_REACTORS
330
36D
102
}
330
36D
100
DictionaryVariables
280
     0
  1
STANDARD
  0
DICTIONARYVAR
  5
370
102
{ACAD_REACTORS
330
36D
102
}
330
36D
100
DictionaryVariables
280
     0
  1
Imperial24
  0
DICTIONARYVAR
  5
371
102
{ACAD_REACTORS
330
36D
102
}
330
36D
100
DictionaryVariables
280
     0
  1
Imperial24
  0
DICTIONARYVAR
  5
375
102
{ACAD_REACTORS
330
36D
102
}
330
36D
100
DictionaryVariables
280
     0
  1
1
  0
DICTIONARYVAR
  5
376
102
{ACAD_REACTORS
330
36D
102
}
330
36D
100
DictionaryVariables
280
     0
  1
15
  0
DICTIONARYVAR
  5
374
102
{ACAD_REACTORS
330
36D
102
}
330
36D
100
DictionaryVariables
280
     0
  1
0
  0
DICTIONARYVAR
  5
372
102
{ACAD_REACTORS
330
36D
102
}
330
36D
100
DictionaryVariables
280
     0
  1
0
  0
DICTIONARY
  5
382
102
{ACAD_REACTORS
330
380
102
}
330
380
100
AcDbDictionary
281
     1
  0
DICTIONARY
  5
381
102
{ACAD_REACTORS
330
380
102
}
330
380
100
AcDbDictionary
281
     1
  3
5318191920
350
37B
  3
5318191936
350
37C
  3
5318191952
350
37D
  3
5318191968
350
37E
  3
5318191984
350
37F
  0
DICTIONARY
  5
3B5
330
6A
100
AcDbDictionary
280
     1
281
     1
  3
ACAD_XREC_ROUNDTRIP
360
3B6
  0
DICTIONARY
  5
3B9
330
359
100
AcDbDictionary
280
     1
281
     1
  3
ACAD_XREC_ROUNDTRIP
360
3BA
  0
DICTIONARY
  5
1A
330
19
100
AcDbDictionary
280
     1
281
     1
  3
BUMPTILE
360
1C
  3
DIFFUSETILE
360
1B
  3
OPACITYTILE
360
1F
  3
REFLECTIONTILE
360
1E
  3
REFRACTIONTILE
360
20
  3
SPECULARTILE
360
1D
  0
DICTIONARY
  5
12
330
11
100
AcDbDictionary
280
     1
281
     1
  3
BUMPTILE
360
14
  3
DIFFUSETILE
360
13
  3
OPACITYTILE
360
17
  3
REFLECTIONTILE
360
16
  3
REFRACTIONTILE
360
18
  3
SPECULARTILE
360
15
  0
DICTIONARY
  5
22
330
21
100
AcDbDictionary
280
     1
281
     1
  3
BUMPTILE
360
24
  3
DIFFUSETILE
360
23
  3
OPACITYTILE
360
27
  3
REFLECTIONTILE
360
26
  3
REFRACTIONTILE
360
28
  3
SPECULARTILE
360
25
  0
DICTIONARY
  5
3B3
330
68
100
AcDbDictionary
280
     1
281
     1
  3
ACAD_XREC_ROUNDTRIP
360
3B4
  0
DICTIONARY
  5
3B7
330
358
100
AcDbDictionary
280
     1
281
     1
  3
ACAD_XREC_ROUNDTRIP
360
3B8
  0
DICTIONARY
  5
378
330
64
100
AcDbDictionary
280
     1
281
     1
  3
ACAD_ROUNDTRIP_2008_TABLESTYLE_CELLSTYLEMAP
360
379
  0
DICTIONARY
  5
38D
330
2F
100
AcDbDictionary
280
     1
281
     1
  3
ACAD_XREC_ROUNDTRIP
360
38E
  0
DICTIONARY
  5
38B
330
2E
100
AcDbDictionary
280
     1
281
     1
  3
ACAD_XREC_ROUNDTRIP
360
38C
  0
DICTIONARY
  5
399
330
35
100
AcDbDictionary
280
     1
281
     1
  3
ACAD_XREC_ROUNDTRIP
360
39A
  0
DICTIONARY
  5
3A1
330
39
100
AcDbDictionary
280
     1
281
     1
  3
ACAD_XREC_ROUNDTRIP
360
3A2
  0
DICTIONARY
  5
393
330
32
100
AcDbDictionary
280
     1
281
     1
  3
ACAD_XREC_ROUNDTRIP
360
394
  0
DICTIONARY
  5
397
330
34
100
AcDbDictionary
280
     1
281
     1
  3
ACAD_XREC_ROUNDTRIP
360
398
  0
DICTIONARY
  5
3B1
330
41
100
AcDbDictionary
280
     1
281
     1
  3
ACAD_XREC_ROUNDTRIP
360
3B2
  0
DICTIONARY
  5
39F
330
38
100
AcDbDictionary
280
     1
281
     1
  3
ACAD_XREC_ROUNDTRIP
360
3A0
  0
DICTIONARY
  5
383
330
2A
100
AcDbDictionary
280
     1
281
     1
  3
ACAD_XREC_ROUNDTRIP
360
384
  0
DICTIONARY
  5
385
330
2B
100
AcDbDictionary
280
     1
281
     1
  3
ACAD_XREC_ROUNDTRIP
360
386
  0
DICTIONARY
  5
387
330
2C
100
AcDbDictionary
280
     1
281
     1
  3
ACAD_XREC_ROUNDTRIP
360
388
  0
DICTIONARY
  5
389
330
2D
100
AcDbDictionary
280
     1
281
     1
  3
ACAD_XREC_ROUNDTRIP
360
38A
  0
DICTIONARY
  5
391
330
31
100
AcDbDictionary
280
     1
281
     1
  3
ACAD_XREC_ROUNDTRIP
360
392
  0
DICTIONARY
  5
3AD
330
3F
100
AcDbDictionary
280
     1
281
     1
  3
ACAD_XREC_ROUNDTRIP
360
3AE
  0
DICTIONARY
  5
39D
330
37
100
AcDbDictionary
280
     1
281
     1
  3
ACAD_XREC_ROUNDTRIP
360
39E
  0
DICTIONARY
  5
3AF
330
40
100
AcDbDictionary
280
     1
281
     1
  3
ACAD_XREC_ROUNDTRIP
360
3B0
  0
DICTIONARY
  5
395
330
33
100
AcDbDictionary
280
     1
281
     1
  3
ACAD_XREC_ROUNDTRIP
360
396
  0
DICTIONARY
  5
3AB
330
3E
100
AcDbDictionary
280
     1
281
     1
  3
ACAD_XREC_ROUNDTRIP
360
3AC
  0
DICTIONARY
  5
3A9
330
3D
100
AcDbDictionary
280
     1
281
     1
  3
ACAD_XREC_ROUNDTRIP
360
3AA
  0
DICTIONARY
  5
3A3
330
3A
100
AcDbDictionary
280
     1
281
     1
  3
ACAD_XREC_ROUNDTRIP
360
3A4
  0
DICTIONARY
  5
3A5
330
3B
100
AcDbDictionary
280
     1
281
     1
  3
ACAD_XREC_ROUNDTRIP
360
3A6
  0
DICTIONARY
  5
39B
330
36
100
AcDbDictionary
280
     1
281
     1
  3
ACAD_XREC_ROUNDTRIP
360
39C
  0
DICTIONARY
  5
38F
330
30
100
AcDbDictionary
280
     1
281
     1
  3
ACAD_XREC_ROUNDTRIP
360
390
  0
DICTIONARY
  5
3A7
330
3C
100
AcDbDictionary
280
     1
281
     1
  3
ACAD_XREC_ROUNDTRIP
360
3A8
  0
XRECORD
  5
37B
102
{ACAD_REACTORS
330
381
102
}
330
381
100
AcDbXrecord
280
     1
  1
AcDb_Thumbnail_Schema
102
{ATTRRECORD
341
37C
  2
AcDbDs::TreatedAsObjectData
280
     1
291
     1
102
ATTRRECORD}
102
{ATTRRECORD
341
37D
  2
AcDbDs::Legacy
280
     1
291
     1
102
ATTRRECORD}
  2
AcDbDs::ID
280
    10
 91
        8
102
{ATTRRECORD
341
37E
  2
AcDs:Indexable
280
     1
291
     1
102
ATTRRECORD}
102
{ATTRRECORD
341
37F
  2
AcDbDs::HandleAttribute
280
     7
282
     1
102
ATTRRECORD}
  2
Thumbnail_Data
280
    15
 91
        0
  0
XRECORD
  5
37C
102
{ACAD_REACTORS
330
381
102
}
330
381
100
AcDbXrecord
280
     1
  1
AcDbDs::TreatedAsObjectDataSchema
  2
AcDbDs::TreatedAsObjectData
280
     1
 91
        0
  0
XRECORD
  5
37D
102
{ACAD_REACTORS
330
381
102
}
330
381
100
AcDbXrecord
280
     1
  1
AcDbDs::LegacySchema
  2
AcDbDs::Legacy
280
     1
 91
        0
  0
XRECORD
  5
37E
102
{ACAD_REACTORS
330
381
102
}
330
381
100
AcDbXrecord
280
     1
  1
AcDbDs::IndexedPropertySchema
  2
AcDs:Indexable
280
     1
 91
        0
  0
XRECORD
  5
37F
102
{ACAD_REACTORS
330
381
102
}
330
381
100
AcDbXrecord
280
     1
  1
AcDbDs::HandleAttributeSchema
  2
AcDbDs::HandleAttribute
280
     7
 91
        1
284
     1
  0
XRECORD
  5
3B6
102
{ACAD_REACTORS
330
3B5
102
}
330
3B5
100
AcDbXrecord
280
     1
102
DISPLAYNAME
  1
Imperial24
102
FLAGS
 90
        0
  0
XRECORD
  5
3BA
102
{ACAD_REACTORS
330
3B9
102
}
330
3B9
100
AcDbXrecord
280
     1
102
DISPLAYNAME
  1
Metric50
102
FLAGS
 90
        0
  0
XRECORD
  5
1C
102
{ACAD_REACTORS
330
1A
102
}
330
1A
100
AcDbXrecord
280
     1
270
     1
271
     1
  0
XRECORD
  5
1B
102
{ACAD_REACTORS
330
1A
102
}
330
1A
100
AcDbXrecord
280
     1
270
     1
271
     1
  0
XRECORD
  5
1F
102
{ACAD_REACTORS
330
1A
102
}
330
1A
100
AcDbXrecord
280
     1
270
     1
271
     1
  0
XRECORD
  5
1E
102
{ACAD_REACTORS
330
1A
102
}
330
1A
100
AcDbXrecord
280
     1
270
     1
271
     1
  0
XRECORD
  5
20
102
{ACAD_REACTORS
330
1A
102
}
330
1A
100
AcDbXrecord
280
     1
270
     1
271
     1
  0
XRECORD
  5
1D
102
{ACAD_REACTORS
330
1A
102
}
330
1A
100
AcDbXrecord
280
     1
270
     1
271
     1
  0
XRECORD
  5
14
102
{ACAD_REACTORS
330
12
102
}
330
12
100
AcDbXrecord
280
     1
270
     1
271
     1
  0
XRECORD
  5
13
102
{ACAD_REACTORS
330
12
102
}
330
12
100
AcDbXrecord
280
     1
270
     1
271
     1
  0
XRECORD
  5
17
102
{ACAD_REACTORS
330
12
102
}
330
12
100
AcDbXrecord
280
     1
270
     1
271
     1
  0
XRECORD
  5
16
102
{ACAD_REACTORS
330
12
102
}
330
12
100
AcDbXrecord
280
     1
270
     1
271
     1
  0
XRECORD
  5
18
102
{ACAD_REACTORS
330
12
102
}
330
12
100
AcDbXrecord
280
     1
270
     1
271
     1
  0
XRECORD
  5
15
102
{ACAD_REACTORS
330
12
102
}
330
12
100
AcDbXrecord
280
     1
270
     1
271
     1
  0
XRECORD
  5
24
102
{ACAD_REACTORS
330
22
102
}
330
22
100
AcDbXrecord
280
     1
270
     1
271
     1
  0
XRECORD
  5
23
102
{ACAD_REACTORS
330
22
102
}
330
22
100
AcDbXrecord
280
     1
270
     1
271
     1
  0
XRECORD
  5
27
102
{ACAD_REACTORS
330
22
102
}
330
22
100
AcDbXrecord
280
     1
270
     1
271
     1
  0
XRECORD
  5
26
102
{ACAD_REACTORS
330
22
102
}
330
22
100
AcDbXrecord
280
     1
270
     1
271
     1
  0
XRECORD
  5
28
102
{ACAD_REACTORS
330
22
102
}
330
22
100
AcDbXrecord
280
     1
270
     1
271
     1
  0
XRECORD
  5
25
102
{ACAD_REACTORS
330
22
102
}
330
22
100
AcDbXrecord
280
     1
270
     1
271
     1
  0
XRECORD
  5
3B4
102
{ACAD_REACTORS
330
3B3
102
}
330
3B3
100
AcDbXrecord
280
     1
102
DISPLAYNAME
  1
Imperial24
102
FLAGS
 90
        0
  0
XRECORD
  5
3B8
102
{ACAD_REACTORS
330
3B7
102
}
330
3B7
100
AcDbXrecord
280
     1
102
DISPLAYNAME
  1
Metric50
102
FLAGS
 90
        0
  0
CELLSTYLEMAP
  5
379
102
{ACAD_REACTORS
330
378
102
}
330
378
100
AcDbCellStyleMap
 90
        3
300
CELLSTYLE
  1
TABLEFORMAT_BEGIN
 90
        5
170
     1
 91
        0
 92
    32768
 62
   257
 93
        1
300
CONTENTFORMAT
  1
CONTENTFORMAT_BEGIN
 90
        0
 91
        0
 92
      512
 93
        0
300

 40
0.0
140
1.0
 94
        5
 62
     0
340
55
144
0.25
309
CONTENTFORMAT_END
171
     0
 94
        0
309
TABLEFORMAT_END
  1
CELLSTYLE_BEGIN
 90
        1
 91
        1
300
_TITLE
309
CELLSTYLE_END
300
CELLSTYLE
  1
TABLEFORMAT_BEGIN
 90
        5
170
     1
 91
        0
 92
        0
 62
   257
 93
        1
300
CONTENTFORMAT
  1
CONTENTFORMAT_BEGIN
 90
        0
 91
        0
 92
      512
 93
        0
300

 40
0.0
140
1.0
 94
        5
 62
     0
340
55
144
0.18
309
CONTENTFORMAT_END
171
     0
 94
        0
309
TABLEFORMAT_END
  1
CELLSTYLE_BEGIN
 90
        2
 91
        1
300
_HEADER
309
CELLSTYLE_END
300
CELLSTYLE
  1
TABLEFORMAT_BEGIN
 90
        5
170
     1
 91
        0
 92
        0
 62
   257
 93
        1
300
CONTENTFORMAT
  1
CONTENTFORMAT_BEGIN
 90
        0
 91
        0
 92
      512
 93
        0
300

 40
0.0
140
1.0
 94
        2
 62
     0
340
55
144
0.18
309
CONTENTFORMAT_END
171
     0
 94
        0
309
TABLEFORMAT_END
  1
CELLSTYLE_BEGIN
 90
        3
 91
        2
300
_DATA
309
CELLSTYLE_END
  0
XRECORD
  5
38E
102
{ACAD_REACTORS
330
38D
102
}
330
38D
100
AcDbXrecord
280
     1
102
RTVSPost2010Prop28
280
     1
102
RTVSPost2010PropOp28
 70
     1
102
RTVSPost2010Prop29
280
     1
102
RTVSPost2010PropOp29
 70
     1
102
RTVSPost2010Prop30
280
     0
102
RTVSPost2010PropOp30
 70
     1
102
RTVSPost2010Prop31
280
     0
102
RTVSPost2010PropOp31
 70
     1
102
RTVSPost2010Prop32
280
     0
102
RTVSPost2010PropOp32
 70
     1
102
RTVSPost2010Prop33
280
     0
102
RTVSPost2010PropOp33
 70
     1
102
RTVSPost2010Prop34
280
     0
102
RTVSPost2010PropOp34
 70
     1
102
RTVSPost2010Prop35
280
     0
102
RTVSPost2010PropOp35
 70
     1
102
RTVSPost2010Prop36
280
     0
102
RTVSPost2010PropOp36
 70
     1
102
RTVSPost2010Prop37
 90
       50
102
RTVSPost2010PropOp37
 70
     1
102
RTVSPost2010Prop38
140
0.0
102
RTVSPost2010PropOp38
 70
     1
102
RTVSPost2010Prop39
140
1.0
102
RTVSPost2010PropOp39
 70
     1
102
RTVSPost2010Prop40
 90
        0
102
RTVSPost2010PropOp40
 70
     1
102
RTVSPost2010Prop41ColorIndex
 90
       18
102
RTVSPost2010Prop41ColorRGB
 90
        0
102
RTVSPost2010PropOp41
 70
     1
102
RTVSPost2010Prop42
 90
       50
102
RTVSPost2010PropOp42
 70
     1
102
RTVSPost2010Prop43
 90
        3
102
RTVSPost2010PropOp43
 70
     1
102
RTVSPost2010Prop44ColorIndex
 90
        5
102
RTVSPost2010Prop44ColorRGB
 90
      255
102
RTVSPost2010PropOp44
 70
     1
102
RTVSPost2010Prop45
280
     0
102
RTVSPost2010PropOp45
 70
     1
102
RTVSPost2010Prop46
 90
       50
102
RTVSPost2010PropOp46
 70
     1
102
RTVSPost2010Prop47
 90
       50
102
RTVSPost2010PropOp47
 70
     1
102
RTVSPost2010Prop48
 90
       50
102
RTVSPost2010PropOp48
 70
     1
102
RTVSPost2010Prop49
280
     0
102
RTVSPost2010PropOp49
 70
     1
102
RTVSPost2010Prop50
 90
       50
102
RTVSPost2010PropOp50
 70
     1
102
RTVSPost2010Prop51ColorIndex
 90
      256
102
RTVSPost2010Prop51ColorRGB
 90
-16777216
102
RTVSPost2010PropOp51
 70
     0
102
RTVSPost2010Prop52
140
1.0
102
RTVSPost2010PropOp52
 70
     0
102
RTVSPost2010Prop53
 90
        2
102
RTVSPost2010PropOp53
 70
     1
102
RTVSPost2010Prop54
  1
strokes_ogs.tif
102
RTVSPost2010PropOp54
 70
     1
102
RTVSPost2010Prop55
280
     0
102
RTVSPost2010PropOp55
 70
     1
102
RTVSPost2010Prop56
140
1.0
102
RTVSPost2010PropOp56
 70
     1
102
RTVSPost2010Prop57
140
1.0
102
RTVSPost2010PropOp57
 70
     1
  0
XRECORD
  5
38C
102
{ACAD_REACTORS
330
38B
102
}
330
38B
100
AcDbXrecord
280
     1
102
RTVSPost2010Prop28
280
     0
102
RTVSPost2010PropOp28
 70
     1
102
RTVSPost2010Prop29
280
     1
102
RTVSPost2010PropOp29
 70
     1
102
RTVSPost2010Prop30
280
     1
102
RTVSPost2010PropOp30
 70
     1
102
RTVSPost2010Prop31
280
     0
102
RTVSPost2010PropOp31
 70
     1
102
RTVSPost2010Prop32
280
     0
102
RTVSPost2010PropOp32
 70
     1
102
RTVSPost2010Prop33
280
     0
102
RTVSPost2010PropOp33
 70
     1
102
RTVSPost2010Prop34
280
     0
102
RTVSPost2010PropOp34
 70
     1
102
RTVSPost2010Prop35
280
     0
102
RTVSPost2010PropOp35
 70
     1
102
RTVSPost2010Prop36
280
     0
102
RTVSPost2010PropOp36
 70
     1
102
RTVSPost2010Prop37
 90
       50
102
RTVSPost2010PropOp37
 70
     1
102
RTVSPost2010Prop38
140
0.0
102
RTVSPost2010PropOp38
 70
     1
102
RTVSPost2010Prop39
140
1.0
102
RTVSPost2010PropOp39
 70
     1
102
RTVSPost2010Prop40
 90
        0
102
RTVSPost2010PropOp40
 70
     1
102
RTVSPost2010Prop41ColorIndex
 90
       18
102
RTVSPost2010Prop41ColorRGB
 90
        0
102
RTVSPost2010PropOp41
 70
     1
102
RTVSPost2010Prop42
 90
       50
102
RTVSPost2010PropOp42
 70
     1
102
RTVSPost2010Prop43
 90
        3
102
RTVSPost2010PropOp43
 70
     1
102
RTVSPost2010Prop44ColorIndex
 90
        5
102
RTVSPost2010Prop44ColorRGB
 90
      255
102
RTVSPost2010PropOp44
 70
     1
102
RTVSPost2010Prop45
280
     0
102
RTVSPost2010PropOp45
 70
     1
102
RTVSPost2010Prop46
 90
       50
102
RTVSPost2010PropOp46
 70
     1
102
RTVSPost2010Prop47
 90
       50
102
RTVSPost2010PropOp47
 70
     1
102
RTVSPost2010Prop48
 90
       50
102
RTVSPost2010PropOp48
 70
     1
102
RTVSPost2010Prop49
280
     0
102
RTVSPost2010PropOp49
 70
     1
102
RTVSPost2010Prop50
 90
       50
102
RTVSPost2010PropOp50
 70
     1
102
RTVSPost2010Prop51ColorIndex
 90
      256
102
RTVSPost2010Prop51ColorRGB
 90
-16777216
102
RTVSPost2010PropOp51
 70
     0
102
RTVSPost2010Prop52
140
1.0
102
RTVSPost2010PropOp52
 70
     0
102
RTVSPost2010Prop53
 90
        2
102
RTVSPost2010PropOp53
 70
     1
102
RTVSPost2010Prop54
  1
strokes_ogs.tif
102
RTVSPost2010PropOp54
 70
     1
102
RTVSPost2010Prop55
280
     0
102
RTVSPost2010PropOp55
 70
     1
102
RTVSPost2010Prop56
140
1.0
102
RTVSPost2010PropOp56
 70
     1
102
RTVSPost2010Prop57
140
1.0
102
RTVSPost2010PropOp57
 70
     1
  0
XRECORD
  5
39A
102
{ACAD_REACTORS
330
399
102
}
330
399
100
AcDbXrecord
280
     1
102
RTVSPost2010Prop28
280
     0
102
RTVSPost2010PropOp28
 70
     1
102
RTVSPost2010Prop29
280
     1
102
RTVSPost2010PropOp29
 70
     1
102
RTVSPost2010Prop30
280
     1
102
RTVSPost2010PropOp30
 70
     1
102
RTVSPost2010Prop31
280
     0
102
RTVSPost2010PropOp31
 70
     1
102
RTVSPost2010Prop32
280
     0
102
RTVSPost2010PropOp32
 70
     1
102
RTVSPost2010Prop33
280
     0
102
RTVSPost2010PropOp33
 70
     1
102
RTVSPost2010Prop34
280
     0
102
RTVSPost2010PropOp34
 70
     1
102
RTVSPost2010Prop35
280
     0
102
RTVSPost2010PropOp35
 70
     1
102
RTVSPost2010Prop36
280
     0
102
RTVSPost2010PropOp36
 70
     1
102
RTVSPost2010Prop37
 90
       50
102
RTVSPost2010PropOp37
 70
     1
102
RTVSPost2010Prop38
140
0.0
102
RTVSPost2010PropOp38
 70
     1
102
RTVSPost2010Prop39
140
1.0
102
RTVSPost2010PropOp39
 70
     1
102
RTVSPost2010Prop40
 90
        0
102
RTVSPost2010PropOp40
 70
     1
102
RTVSPost2010Prop41ColorIndex
 90
       18
102
RTVSPost2010Prop41ColorRGB
 90
        0
102
RTVSPost2010PropOp41
 70
     1
102
RTVSPost2010Prop42
 90
       50
102
RTVSPost2010PropOp42
 70
     1
102
RTVSPost2010Prop43
 90
        3
102
RTVSPost2010PropOp43
 70
     1
102
RTVSPost2010Prop44ColorIndex
 90
        5
102
RTVSPost2010Prop44ColorRGB
 90
      255
102
RTVSPost2010PropOp44
 70
     1
102
RTVSPost2010Prop45
280
     0
102
RTVSPost2010PropOp45
 70
     1
102
RTVSPost2010Prop46
 90
       50
102
RTVSPost2010PropOp46
 70
     1
102
RTVSPost2010Prop47
 90
       50
102
RTVSPost2010PropOp47
 70
     1
102
RTVSPost2010Prop48
 90
       50
102
RTVSPost2010PropOp48
 70
     1
102
RTVSPost2010Prop49
280
     0
102
RTVSPost2010PropOp49
 70
     1
102
RTVSPost2010Prop50
 90
       50
102
RTVSPost2010PropOp50
 70
     1
102
RTVSPost2010Prop51ColorIndex
 90
      256
102
RTVSPost2010Prop51ColorRGB
 90
-16777216
102
RTVSPost2010PropOp51
 70
     0
102
RTVSPost2010Prop52
140
1.0
102
RTVSPost2010PropOp52
 70
     0
102
RTVSPost2010Prop53
 90
        2
102
RTVSPost2010PropOp53
 70
     1
102
RTVSPost2010Prop54
  1
strokes_ogs.tif
102
RTVSPost2010PropOp54
 70
     1
102
RTVSPost2010Prop55
280
     0
102
RTVSPost2010PropOp55
 70
     1
102
RTVSPost2010Prop56
140
1.0
102
RTVSPost2010PropOp56
 70
     1
102
RTVSPost2010Prop57
140
1.0
102
RTVSPost2010PropOp57
 70
     1
  0
XRECORD
  5
3A2
102
{ACAD_REACTORS
330
3A1
102
}
330
3A1
100
AcDbXrecord
280
     1
102
RTVSPost2010Prop28
280
     0
102
RTVSPost2010PropOp28
 70
     1
102
RTVSPost2010Prop29
280
     1
102
RTVSPost2010PropOp29
 70
     1
102
RTVSPost2010Prop30
280
     1
102
RTVSPost2010PropOp30
 70
     1
102
RTVSPost2010Prop31
280
     0
102
RTVSPost2010PropOp31
 70
     1
102
RTVSPost2010Prop32
280
     0
102
RTVSPost2010PropOp32
 70
     1
102
RTVSPost2010Prop33
280
     0
102
RTVSPost2010PropOp33
 70
     1
102
RTVSPost2010Prop34
280
     0
102
RTVSPost2010PropOp34
 70
     1
102
RTVSPost2010Prop35
280
     0
102
RTVSPost2010PropOp35
 70
     1
102
RTVSPost2010Prop36
280
     0
102
RTVSPost2010PropOp36
 70
     1
102
RTVSPost2010Prop37
 90
       50
102
RTVSPost2010PropOp37
 70
     1
102
RTVSPost2010Prop38
140
0.0
102
RTVSPost2010PropOp38
 70
     1
102
RTVSPost2010Prop39
140
1.0
102
RTVSPost2010PropOp39
 70
     1
102
RTVSPost2010Prop40
 90
        0
102
RTVSPost2010PropOp40
 70
     1
102
RTVSPost2010Prop41ColorIndex
 90
       18
102
RTVSPost2010Prop41ColorRGB
 90
        0
102
RTVSPost2010PropOp41
 70
     1
102
RTVSPost2010Prop42
 90
       50
102
RTVSPost2010PropOp42
 70
     1
102
RTVSPost2010Prop43
 90
        3
102
RTVSPost2010PropOp43
 70
     1
102
RTVSPost2010Prop44ColorIndex
 90
        5
102
RTVSPost2010Prop44ColorRGB
 90
      255
102
RTVSPost2010PropOp44
 70
     1
102
RTVSPost2010Prop45
280
     0
102
RTVSPost2010PropOp45
 70
     1
102
RTVSPost2010Prop46
 90
       50
102
RTVSPost2010PropOp46
 70
     1
102
RTVSPost2010Prop47
 90
       50
102
RTVSPost2010PropOp47
 70
     1
102
RTVSPost2010Prop48
 90
       50
102
RTVSPost2010PropOp48
 70
     1
102
RTVSPost2010Prop49
280
     0
102
RTVSPost2010PropOp49
 70
     1
102
RTVSPost2010Prop50
 90
       50
102
RTVSPost2010PropOp50
 70
     1
102
RTVSPost2010Prop51ColorIndex
 90
      256
102
RTVSPost2010Prop51ColorRGB
 90
-16777216
102
RTVSPost2010PropOp51
 70
     0
102
RTVSPost2010Prop52
140
1.0
102
RTVSPost2010PropOp52
 70
     0
102
RTVSPost2010Prop53
 90
        2
102
RTVSPost2010PropOp53
 70
     1
102
RTVSPost2010Prop54
  1
strokes_ogs.tif
102
RTVSPost2010PropOp54
 70
     1
102
RTVSPost2010Prop55
280
     0
102
RTVSPost2010PropOp55
 70
     1
102
RTVSPost2010Prop56
140
1.0
102
RTVSPost2010PropOp56
 70
     1
102
RTVSPost2010Prop57
140
1.0
102
RTVSPost2010PropOp57
 70
     1
  0
XRECORD
  5
394
102
{ACAD_REACTORS
330
393
102
}
330
393
100
AcDbXrecord
280
     1
102
RTVSPost2010Prop28
280
     0
102
RTVSPost2010PropOp28
 70
     1
102
RTVSPost2010Prop29
280
     1
102
RTVSPost2010PropOp29
 70
     1
102
RTVSPost2010Prop30
280
     1
102
RTVSPost2010PropOp30
 70
     1
102
RTVSPost2010Prop31
280
     0
102
RTVSPost2010PropOp31
 70
     1
102
RTVSPost2010Prop32
280
     0
102
RTVSPost2010PropOp32
 70
     1
102
RTVSPost2010Prop33
280
     0
102
RTVSPost2010PropOp33
 70
     1
102
RTVSPost2010Prop34
280
     0
102
RTVSPost2010PropOp34
 70
     1
102
RTVSPost2010Prop35
280
     0
102
RTVSPost2010PropOp35
 70
     1
102
RTVSPost2010Prop36
280
     0
102
RTVSPost2010PropOp36
 70
     1
102
RTVSPost2010Prop37
 90
       50
102
RTVSPost2010PropOp37
 70
     1
102
RTVSPost2010Prop38
140
0.0
102
RTVSPost2010PropOp38
 70
     1
102
RTVSPost2010Prop39
140
1.0
102
RTVSPost2010PropOp39
 70
     1
102
RTVSPost2010Prop40
 90
        0
102
RTVSPost2010PropOp40
 70
     1
102
RTVSPost2010Prop41ColorIndex
 90
       18
102
RTVSPost2010Prop41ColorRGB
 90
        0
102
RTVSPost2010PropOp41
 70
     1
102
RTVSPost2010Prop42
 90
       50
102
RTVSPost2010PropOp42
 70
     1
102
RTVSPost2010Prop43
 90
        3
102
RTVSPost2010PropOp43
 70
     1
102
RTVSPost2010Prop44ColorIndex
 90
        5
102
RTVSPost2010Prop44ColorRGB
 90
      255
102
RTVSPost2010PropOp44
 70
     1
102
RTVSPost2010Prop45
280
     0
102
RTVSPost2010PropOp45
 70
     1
102
RTVSPost2010Prop46
 90
       50
102
RTVSPost2010PropOp46
 70
     1
102
RTVSPost2010Prop47
 90
       50
102
RTVSPost2010PropOp47
 70
     1
102
RTVSPost2010Prop48
 90
       50
102
RTVSPost2010PropOp48
 70
     1
102
RTVSPost2010Prop49
280
     0
102
RTVSPost2010PropOp49
 70
     1
102
RTVSPost2010Prop50
 90
       50
102
RTVSPost2010PropOp50
 70
     1
102
RTVSPost2010Prop51ColorIndex
 90
      256
102
RTVSPost2010Prop51ColorRGB
 90
-16777216
102
RTVSPost2010PropOp51
 70
     0
102
RTVSPost2010Prop52
140
1.0
102
RTVSPost2010PropOp52
 70
     0
102
RTVSPost2010Prop53
 90
        2
102
RTVSPost2010PropOp53
 70
     1
102
RTVSPost2010Prop54
  1
strokes_ogs.tif
102
RTVSPost2010PropOp54
 70
     1
102
RTVSPost2010Prop55
280
     0
102
RTVSPost2010PropOp55
 70
     1
102
RTVSPost2010Prop56
140
1.0
102
RTVSPost2010PropOp56
 70
     1
102
RTVSPost2010Prop57
140
1.0
102
RTVSPost2010PropOp57
 70
     1
  0
XRECORD
  5
398
102
{ACAD_REACTORS
330
397
102
}
330
397
100
AcDbXrecord
280
     1
102
RTVSPost2010Prop28
280
     0
102
RTVSPost2010PropOp28
 70
     1
102
RTVSPost2010Prop29
280
     1
102
RTVSPost2010PropOp29
 70
     1
102
RTVSPost2010Prop30
280
     1
102
RTVSPost2010PropOp30
 70
     1
102
RTVSPost2010Prop31
280
     0
102
RTVSPost2010PropOp31
 70
     1
102
RTVSPost2010Prop32
280
     0
102
RTVSPost2010PropOp32
 70
     1
102
RTVSPost2010Prop33
280
     0
102
RTVSPost2010PropOp33
 70
     1
102
RTVSPost2010Prop34
280
     0
102
RTVSPost2010PropOp34
 70
     1
102
RTVSPost2010Prop35
280
     0
102
RTVSPost2010PropOp35
 70
     1
102
RTVSPost2010Prop36
280
     0
102
RTVSPost2010PropOp36
 70
     1
102
RTVSPost2010Prop37
 90
       50
102
RTVSPost2010PropOp37
 70
     1
102
RTVSPost2010Prop38
140
0.0
102
RTVSPost2010PropOp38
 70
     1
102
RTVSPost2010Prop39
140
1.0
102
RTVSPost2010PropOp39
 70
     1
102
RTVSPost2010Prop40
 90
        0
102
RTVSPost2010PropOp40
 70
     1
102
RTVSPost2010Prop41ColorIndex
 90
       18
102
RTVSPost2010Prop41ColorRGB
 90
        0
102
RTVSPost2010PropOp41
 70
     1
102
RTVSPost2010Prop42
 90
       50
102
RTVSPost2010PropOp42
 70
     1
102
RTVSPost2010Prop43
 90
        3
102
RTVSPost2010PropOp43
 70
     1
102
RTVSPost2010Prop44ColorIndex
 90
        5
102
RTVSPost2010Prop44ColorRGB
 90
      255
102
RTVSPost2010PropOp44
 70
     1
102
RTVSPost2010Prop45
280
     0
102
RTVSPost2010PropOp45
 70
     1
102
RTVSPost2010Prop46
 90
       50
102
RTVSPost2010PropOp46
 70
     1
102
RTVSPost2010Prop47
 90
       50
102
RTVSPost2010PropOp47
 70
     1
102
RTVSPost2010Prop48
 90
       50
102
RTVSPost2010PropOp48
 70
     1
102
RTVSPost2010Prop49
280
     0
102
RTVSPost2010PropOp49
 70
     1
102
RTVSPost2010Prop50
 90
       50
102
RTVSPost2010PropOp50
 70
     1
102
RTVSPost2010Prop51ColorIndex
 90
      256
102
RTVSPost2010Prop51ColorRGB
 90
-16777216
102
RTVSPost2010PropOp51
 70
     0
102
RTVSPost2010Prop52
140
1.0
102
RTVSPost2010PropOp52
 70
     0
102
RTVSPost2010Prop53
 90
        2
102
RTVSPost2010PropOp53
 70
     1
102
RTVSPost2010Prop54
  1
strokes_ogs.tif
102
RTVSPost2010PropOp54
 70
     1
102
RTVSPost2010Prop55
280
     0
102
RTVSPost2010PropOp55
 70
     1
102
RTVSPost2010Prop56
140
1.0
102
RTVSPost2010PropOp56
 70
     1
102
RTVSPost2010Prop57
140
1.0
102
RTVSPost2010PropOp57
 70
     1
  0
XRECORD
  5
3B2
102
{ACAD_REACTORS
330
3B1
102
}
330
3B1
100
AcDbXrecord
280
     1
102
RTVSPost2010Prop28
280
     0
102
RTVSPost2010PropOp28
 70
     1
102
RTVSPost2010Prop29
280
     1
102
RTVSPost2010PropOp29
 70
     1
102
RTVSPost2010Prop30
280
     1
102
RTVSPost2010PropOp30
 70
     1
102
RTVSPost2010Prop31
280
     0
102
RTVSPost2010PropOp31
 70
     1
102
RTVSPost2010Prop32
280
     0
102
RTVSPost2010PropOp32
 70
     1
102
RTVSPost2010Prop33
280
     0
102
RTVSPost2010PropOp33
 70
     1
102
RTVSPost2010Prop34
280
     0
102
RTVSPost2010PropOp34
 70
     1
102
RTVSPost2010Prop35
280
     0
102
RTVSPost2010PropOp35
 70
     1
102
RTVSPost2010Prop36
280
     0
102
RTVSPost2010PropOp36
 70
     1
102
RTVSPost2010Prop37
 90
       50
102
RTVSPost2010PropOp37
 70
     0
102
RTVSPost2010Prop38
140
0.0
102
RTVSPost2010PropOp38
 70
     0
102
RTVSPost2010Prop39
140
1.0
102
RTVSPost2010PropOp39
 70
     0
102
RTVSPost2010Prop40
 90
        0
102
RTVSPost2010PropOp40
 70
     0
102
RTVSPost2010Prop41ColorIndex
 90
       18
102
RTVSPost2010Prop41ColorRGB
 90
        0
102
RTVSPost2010PropOp41
 70
     0
102
RTVSPost2010Prop42
 90
       50
102
RTVSPost2010PropOp42
 70
     0
102
RTVSPost2010Prop43
 90
        3
102
RTVSPost2010PropOp43
 70
     0
102
RTVSPost2010Prop44ColorIndex
 90
        5
102
RTVSPost2010Prop44ColorRGB
 90
      255
102
RTVSPost2010PropOp44
 70
     0
102
RTVSPost2010Prop45
280
     0
102
RTVSPost2010PropOp45
 70
     1
102
RTVSPost2010Prop46
 90
       50
102
RTVSPost2010PropOp46
 70
     0
102
RTVSPost2010Prop47
 90
       50
102
RTVSPost2010PropOp47
 70
     0
102
RTVSPost2010Prop48
 90
       50
102
RTVSPost2010PropOp48
 70
     0
102
RTVSPost2010Prop49
280
     0
102
RTVSPost2010PropOp49
 70
     1
102
RTVSPost2010Prop50
 90
       50
102
RTVSPost2010PropOp50
 70
     0
102
RTVSPost2010Prop51ColorIndex
 90
      256
102
RTVSPost2010Prop51ColorRGB
 90
-16777216
102
RTVSPost2010PropOp51
 70
     0
102
RTVSPost2010Prop52
140
1.0
102
RTVSPost2010PropOp52
 70
     0
102
RTVSPost2010Prop53
 90
        2
102
RTVSPost2010PropOp53
 70
     0
102
RTVSPost2010Prop54
  1
strokes_ogs.tif
102
RTVSPost2010PropOp54
 70
     0
102
RTVSPost2010Prop55
280
     0
102
RTVSPost2010PropOp55
 70
     1
102
RTVSPost2010Prop56
140
1.0
102
RTVSPost2010PropOp56
 70
     0
102
RTVSPost2010Prop57
140
1.0
102
RTVSPost2010PropOp57
 70
     0
  0
XRECORD
  5
3A0
102
{ACAD_REACTORS
330
39F
102
}
330
39F
100
AcDbXrecord
280
     1
102
RTVSPost2010Prop28
280
     0
102
RTVSPost2010PropOp28
 70
     1
102
RTVSPost2010Prop29
280
     1
102
RTVSPost2010PropOp29
 70
     1
102
RTVSPost2010Prop30
280
     1
102
RTVSPost2010PropOp30
 70
     1
102
RTVSPost2010Prop31
280
     0
102
RTVSPost2010PropOp31
 70
     1
102
RTVSPost2010Prop32
280
     0
102
RTVSPost2010PropOp32
 70
     1
102
RTVSPost2010Prop33
280
     0
102
RTVSPost2010PropOp33
 70
     1
102
RTVSPost2010Prop34
280
     0
102
RTVSPost2010PropOp34
 70
     1
102
RTVSPost2010Prop35
280
     0
102
RTVSPost2010PropOp35
 70
     1
102
RTVSPost2010Prop36
280
     0
102
RTVSPost2010PropOp36
 70
     1
102
RTVSPost2010Prop37
 90
       50
102
RTVSPost2010PropOp37
 70
     1
102
RTVSPost2010Prop38
140
0.0
102
RTVSPost2010PropOp38
 70
     1
102
RTVSPost2010Prop39
140
1.0
102
RTVSPost2010PropOp39
 70
     1
102
RTVSPost2010Prop40
 90
        0
102
RTVSPost2010PropOp40
 70
     1
102
RTVSPost2010Prop41ColorIndex
 90
       18
102
RTVSPost2010Prop41ColorRGB
 90
        0
102
RTVSPost2010PropOp41
 70
     1
102
RTVSPost2010Prop42
 90
       50
102
RTVSPost2010PropOp42
 70
     1
102
RTVSPost2010Prop43
 90
        3
102
RTVSPost2010PropOp43
 70
     1
102
RTVSPost2010Prop44ColorIndex
 90
        5
102
RTVSPost2010Prop44ColorRGB
 90
      255
102
RTVSPost2010PropOp44
 70
     1
102
RTVSPost2010Prop45
280
     0
102
RTVSPost2010PropOp45
 70
     1
102
RTVSPost2010Prop46
 90
       50
102
RTVSPost2010PropOp46
 70
     1
102
RTVSPost2010Prop47
 90
       50
102
RTVSPost2010PropOp47
 70
     1
102
RTVSPost2010Prop48
 90
       50
102
RTVSPost2010PropOp48
 70
     1
102
RTVSPost2010Prop49
280
     0
102
RTVSPost2010PropOp49
 70
     1
102
RTVSPost2010Prop50
 90
       50
102
RTVSPost2010PropOp50
 70
     1
102
RTVSPost2010Prop51ColorIndex
 90
      256
102
RTVSPost2010Prop51ColorRGB
 90
-16777216
102
RTVSPost2010PropOp51
 70
     0
102
RTVSPost2010Prop52
140
1.0
102
RTVSPost2010PropOp52
 70
     0
102
RTVSPost2010Prop53
 90
        2
102
RTVSPost2010PropOp53
 70
     1
102
RTVSPost2010Prop54
  1
strokes_ogs.tif
102
RTVSPost2010PropOp54
 70
     1
102
RTVSPost2010Prop55
280
     0
102
RTVSPost2010PropOp55
 70
     1
102
RTVSPost2010Prop56
140
1.0
102
RTVSPost2010PropOp56
 70
     1
102
RTVSPost2010Prop57
140
1.0
102
RTVSPost2010PropOp57
 70
     1
  0
XRECORD
  5
384
102
{ACAD_REACTORS
330
383
102
}
330
383
100
AcDbXrecord
280
     1
102
RTVSPost2010Prop28
280
     0
102
RTVSPost2010PropOp28
 70
     1
102
RTVSPost2010Prop29
280
     1
102
RTVSPost2010PropOp29
 70
     1
102
RTVSPost2010Prop30
280
     1
102
RTVSPost2010PropOp30
 70
     1
102
RTVSPost2010Prop31
280
     0
102
RTVSPost2010PropOp31
 70
     1
102
RTVSPost2010Prop32
280
     0
102
RTVSPost2010PropOp32
 70
     1
102
RTVSPost2010Prop33
280
     0
102
RTVSPost2010PropOp33
 70
     1
102
RTVSPost2010Prop34
280
     0
102
RTVSPost2010PropOp34
 70
     1
102
RTVSPost2010Prop35
280
     0
102
RTVSPost2010PropOp35
 70
     1
102
RTVSPost2010Prop36
280
     0
102
RTVSPost2010PropOp36
 70
     1
102
RTVSPost2010Prop37
 90
       50
102
RTVSPost2010PropOp37
 70
     1
102
RTVSPost2010Prop38
140
0.0
102
RTVSPost2010PropOp38
 70
     1
102
RTVSPost2010Prop39
140
1.0
102
RTVSPost2010PropOp39
 70
     1
102
RTVSPost2010Prop40
 90
        0
102
RTVSPost2010PropOp40
 70
     1
102
RTVSPost2010Prop41ColorIndex
 90
       18
102
RTVSPost2010Prop41ColorRGB
 90
        0
102
RTVSPost2010PropOp41
 70
     1
102
RTVSPost2010Prop42
 90
       50
102
RTVSPost2010PropOp42
 70
     1
102
RTVSPost2010Prop43
 90
        3
102
RTVSPost2010PropOp43
 70
     1
102
RTVSPost2010Prop44ColorIndex
 90
        5
102
RTVSPost2010Prop44ColorRGB
 90
      255
102
RTVSPost2010PropOp44
 70
     1
102
RTVSPost2010Prop45
280
     0
102
RTVSPost2010PropOp45
 70
     1
102
RTVSPost2010Prop46
 90
       50
102
RTVSPost2010PropOp46
 70
     1
102
RTVSPost2010Prop47
 90
       50
102
RTVSPost2010PropOp47
 70
     1
102
RTVSPost2010Prop48
 90
       50
102
RTVSPost2010PropOp48
 70
     1
102
RTVSPost2010Prop49
280
     0
102
RTVSPost2010PropOp49
 70
     1
102
RTVSPost2010Prop50
 90
       50
102
RTVSPost2010PropOp50
 70
     1
102
RTVSPost2010Prop51ColorIndex
 90
      256
102
RTVSPost2010Prop51ColorRGB
 90
-16777216
102
RTVSPost2010PropOp51
 70
     0
102
RTVSPost2010Prop52
140
1.0
102
RTVSPost2010PropOp52
 70
     0
102
RTVSPost2010Prop53
 90
        2
102
RTVSPost2010PropOp53
 70
     1
102
RTVSPost2010Prop54
  1
strokes_ogs.tif
102
RTVSPost2010PropOp54
 70
     1
102
RTVSPost2010Prop55
280
     0
102
RTVSPost2010PropOp55
 70
     1
102
RTVSPost2010Prop56
140
1.0
102
RTVSPost2010PropOp56
 70
     1
102
RTVSPost2010Prop57
140
1.0
102
RTVSPost2010PropOp57
 70
     1
  0
XRECORD
  5
386
102
{ACAD_REACTORS
330
385
102
}
330
385
100
AcDbXrecord
280
     1
102
RTVSPost2010Prop28
280
     0
102
RTVSPost2010PropOp28
 70
     1
102
RTVSPost2010Prop29
280
     1
102
RTVSPost2010PropOp29
 70
     1
102
RTVSPost2010Prop30
280
     1
102
RTVSPost2010PropOp30
 70
     1
102
RTVSPost2010Prop31
280
     0
102
RTVSPost2010PropOp31
 70
     1
102
RTVSPost2010Prop32
280
     0
102
RTVSPost2010PropOp32
 70
     1
102
RTVSPost2010Prop33
280
     0
102
RTVSPost2010PropOp33
 70
     1
102
RTVSPost2010Prop34
280
     0
102
RTVSPost2010PropOp34
 70
     1
102
RTVSPost2010Prop35
280
     0
102
RTVSPost2010PropOp35
 70
     1
102
RTVSPost2010Prop36
280
     0
102
RTVSPost2010PropOp36
 70
     1
102
RTVSPost2010Prop37
 90
       50
102
RTVSPost2010PropOp37
 70
     1
102
RTVSPost2010Prop38
140
0.0
102
RTVSPost2010PropOp38
 70
     1
102
RTVSPost2010Prop39
140
1.0
102
RTVSPost2010PropOp39
 70
     1
102
RTVSPost2010Prop40
 90
        0
102
RTVSPost2010PropOp40
 70
     1
102
RTVSPost2010Prop41ColorIndex
 90
       18
102
RTVSPost2010Prop41ColorRGB
 90
        0
102
RTVSPost2010PropOp41
 70
     1
102
RTVSPost2010Prop42
 90
       50
102
RTVSPost2010PropOp42
 70
     1
102
RTVSPost2010Prop43
 90
        3
102
RTVSPost2010PropOp43
 70
     1
102
RTVSPost2010Prop44ColorIndex
 90
        5
102
RTVSPost2010Prop44ColorRGB
 90
      255
102
RTVSPost2010PropOp44
 70
     1
102
RTVSPost2010Prop45
280
     0
102
RTVSPost2010PropOp45
 70
     1
102
RTVSPost2010Prop46
 90
       50
102
RTVSPost2010PropOp46
 70
     1
102
RTVSPost2010Prop47
 90
       50
102
RTVSPost2010PropOp47
 70
     1
102
RTVSPost2010Prop48
 90
       50
102
RTVSPost2010PropOp48
 70
     1
102
RTVSPost2010Prop49
280
     0
102
RTVSPost2010PropOp49
 70
     1
102
RTVSPost2010Prop50
 90
       50
102
RTVSPost2010PropOp50
 70
     1
102
RTVSPost2010Prop51ColorIndex
 90
      256
102
RTVSPost2010Prop51ColorRGB
 90
-16777216
102
RTVSPost2010PropOp51
 70
     0
102
RTVSPost2010Prop52
140
1.0
102
RTVSPost2010PropOp52
 70
     0
102
RTVSPost2010Prop53
 90
        2
102
RTVSPost2010PropOp53
 70
     1
102
RTVSPost2010Prop54
  1
strokes_ogs.tif
102
RTVSPost2010PropOp54
 70
     1
102
RTVSPost2010Prop55
280
     0
102
RTVSPost2010PropOp55
 70
     1
102
RTVSPost2010Prop56
140
1.0
102
RTVSPost2010PropOp56
 70
     1
102
RTVSPost2010Prop57
140
1.0
102
RTVSPost2010PropOp57
 70
     1
  0
XRECORD
  5
388
102
{ACAD_REACTORS
330
387
102
}
330
387
100
AcDbXrecord
280
     1
102
RTVSPost2010Prop28
280
     0
102
RTVSPost2010PropOp28
 70
     1
102
RTVSPost2010Prop29
280
     1
102
RTVSPost2010PropOp29
 70
     1
102
RTVSPost2010Prop30
280
     1
102
RTVSPost2010PropOp30
 70
     1
102
RTVSPost2010Prop31
280
     0
102
RTVSPost2010PropOp31
 70
     1
102
RTVSPost2010Prop32
280
     0
102
RTVSPost2010PropOp32
 70
     1
102
RTVSPost2010Prop33
280
     0
102
RTVSPost2010PropOp33
 70
     1
102
RTVSPost2010Prop34
280
     0
102
RTVSPost2010PropOp34
 70
     1
102
RTVSPost2010Prop35
280
     0
102
RTVSPost2010PropOp35
 70
     1
102
RTVSPost2010Prop36
280
     0
102
RTVSPost2010PropOp36
 70
     1
102
RTVSPost2010Prop37
 90
       50
102
RTVSPost2010PropOp37
 70
     1
102
RTVSPost2010Prop38
140
0.0
102
RTVSPost2010PropOp38
 70
     1
102
RTVSPost2010Prop39
140
1.0
102
RTVSPost2010PropOp39
 70
     1
102
RTVSPost2010Prop40
 90
        0
102
RTVSPost2010PropOp40
 70
     1
102
RTVSPost2010Prop41ColorIndex
 90
       18
102
RTVSPost2010Prop41ColorRGB
 90
        0
102
RTVSPost2010PropOp41
 70
     1
102
RTVSPost2010Prop42
 90
       50
102
RTVSPost2010PropOp42
 70
     1
102
RTVSPost2010Prop43
 90
        3
102
RTVSPost2010PropOp43
 70
     1
102
RTVSPost2010Prop44ColorIndex
 90
        5
102
RTVSPost2010Prop44ColorRGB
 90
      255
102
RTVSPost2010PropOp44
 70
     1
102
RTVSPost2010Prop45
280
     0
102
RTVSPost2010PropOp45
 70
     1
102
RTVSPost2010Prop46
 90
       50
102
RTVSPost2010PropOp46
 70
     1
102
RTVSPost2010Prop47
 90
       50
102
RTVSPost2010PropOp47
 70
     1
102
RTVSPost2010Prop48
 90
       50
102
RTVSPost2010PropOp48
 70
     1
102
RTVSPost2010Prop49
280
     0
102
RTVSPost2010PropOp49
 70
     1
102
RTVSPost2010Prop50
 90
       50
102
RTVSPost2010PropOp50
 70
     1
102
RTVSPost2010Prop51ColorIndex
 90
      256
102
RTVSPost2010Prop51ColorRGB
 90
-16777216
102
RTVSPost2010PropOp51
 70
     0
102
RTVSPost2010Prop52
140
1.0
102
RTVSPost2010PropOp52
 70
     0
102
RTVSPost2010Prop53
 90
        2
102
RTVSPost2010PropOp53
 70
     1
102
RTVSPost2010Prop54
  1
strokes_ogs.tif
102
RTVSPost2010PropOp54
 70
     1
102
RTVSPost2010Prop55
280
     0
102
RTVSPost2010PropOp55
 70
     1
102
RTVSPost2010Prop56
140
1.0
102
RTVSPost2010PropOp56
 70
     1
102
RTVSPost2010Prop57
140
1.0
102
RTVSPost2010PropOp57
 70
     1
  0
XRECORD
  5
38A
102
{ACAD_REACTORS
330
389
102
}
330
389
100
AcDbXrecord
280
     1
102
RTVSPost2010Prop28
280
     0
102
RTVSPost2010PropOp28
 70
     1
102
RTVSPost2010Prop29
280
     1
102
RTVSPost2010PropOp29
 70
     1
102
RTVSPost2010Prop30
280
     1
102
RTVSPost2010PropOp30
 70
     1
102
RTVSPost2010Prop31
280
     0
102
RTVSPost2010PropOp31
 70
     1
102
RTVSPost2010Prop32
280
     0
102
RTVSPost2010PropOp32
 70
     1
102
RTVSPost2010Prop33
280
     0
102
RTVSPost2010PropOp33
 70
     1
102
RTVSPost2010Prop34
280
     0
102
RTVSPost2010PropOp34
 70
     1
102
RTVSPost2010Prop35
280
     0
102
RTVSPost2010PropOp35
 70
     1
102
RTVSPost2010Prop36
280
     0
102
RTVSPost2010PropOp36
 70
     1
102
RTVSPost2010Prop37
 90
       50
102
RTVSPost2010PropOp37
 70
     1
102
RTVSPost2010Prop38
140
0.0
102
RTVSPost2010PropOp38
 70
     1
102
RTVSPost2010Prop39
140
1.0
102
RTVSPost2010PropOp39
 70
     1
102
RTVSPost2010Prop40
 90
        0
102
RTVSPost2010PropOp40
 70
     1
102
RTVSPost2010Prop41ColorIndex
 90
       18
102
RTVSPost2010Prop41ColorRGB
 90
        0
102
RTVSPost2010PropOp41
 70
     1
102
RTVSPost2010Prop42
 90
       50
102
RTVSPost2010PropOp42
 70
     1
102
RTVSPost2010Prop43
 90
        3
102
RTVSPost2010PropOp43
 70
     1
102
RTVSPost2010Prop44ColorIndex
 90
        5
102
RTVSPost2010Prop44ColorRGB
 90
      255
102
RTVSPost2010PropOp44
 70
     1
102
RTVSPost2010Prop45
280
     0
102
RTVSPost2010PropOp45
 70
     1
102
RTVSPost2010Prop46
 90
       50
102
RTVSPost2010PropOp46
 70
     1
102
RTVSPost2010Prop47
 90
       50
102
RTVSPost2010PropOp47
 70
     1
102
RTVSPost2010Prop48
 90
       50
102
RTVSPost2010PropOp48
 70
     1
102
RTVSPost2010Prop49
280
     0
102
RTVSPost2010PropOp49
 70
     1
102
RTVSPost2010Prop50
 90
       50
102
RTVSPost2010PropOp50
 70
     1
102
RTVSPost2010Prop51ColorIndex
 90
      256
102
RTVSPost2010Prop51ColorRGB
 90
-16777216
102
RTVSPost2010PropOp51
 70
     0
102
RTVSPost2010Prop52
140
1.0
102
RTVSPost2010PropOp52
 70
     0
102
RTVSPost2010Prop53
 90
        2
102
RTVSPost2010PropOp53
 70
     1
102
RTVSPost2010Prop54
  1
strokes_ogs.tif
102
RTVSPost2010PropOp54
 70
     1
102
RTVSPost2010Prop55
280
     0
102
RTVSPost2010PropOp55
 70
     1
102
RTVSPost2010Prop56
140
1.0
102
RTVSPost2010PropOp56
 70
     1
102
RTVSPost2010Prop57
140
1.0
102
RTVSPost2010PropOp57
 70
     1
  0
XRECORD
  5
392
102
{ACAD_REACTORS
330
391
102
}
330
391
100
AcDbXrecord
280
     1
102
RTVSPost2010Prop28
280
     0
102
RTVSPost2010PropOp28
 70
     1
102
RTVSPost2010Prop29
280
     1
102
RTVSPost2010PropOp29
 70
     1
102
RTVSPost2010Prop30
280
     1
102
RTVSPost2010PropOp30
 70
     1
102
RTVSPost2010Prop31
280
     0
102
RTVSPost2010PropOp31
 70
     1
102
RTVSPost2010Prop32
280
     0
102
RTVSPost2010PropOp32
 70
     1
102
RTVSPost2010Prop33
280
     0
102
RTVSPost2010PropOp33
 70
     1
102
RTVSPost2010Prop34
280
     0
102
RTVSPost2010PropOp34
 70
     1
102
RTVSPost2010Prop35
280
     0
102
RTVSPost2010PropOp35
 70
     1
102
RTVSPost2010Prop36
280
     0
102
RTVSPost2010PropOp36
 70
     1
102
RTVSPost2010Prop37
 90
       50
102
RTVSPost2010PropOp37
 70
     1
102
RTVSPost2010Prop38
140
0.0
102
RTVSPost2010PropOp38
 70
     1
102
RTVSPost2010Prop39
140
1.0
102
RTVSPost2010PropOp39
 70
     1
102
RTVSPost2010Prop40
 90
        0
102
RTVSPost2010PropOp40
 70
     1
102
RTVSPost2010Prop41ColorIndex
 90
       18
102
RTVSPost2010Prop41ColorRGB
 90
        0
102
RTVSPost2010PropOp41
 70
     1
102
RTVSPost2010Prop42
 90
       50
102
RTVSPost2010PropOp42
 70
     1
102
RTVSPost2010Prop43
 90
        3
102
RTVSPost2010PropOp43
 70
     1
102
RTVSPost2010Prop44ColorIndex
 90
        5
102
RTVSPost2010Prop44ColorRGB
 90
      255
102
RTVSPost2010PropOp44
 70
     1
102
RTVSPost2010Prop45
280
     0
102
RTVSPost2010PropOp45
 70
     1
102
RTVSPost2010Prop46
 90
       50
102
RTVSPost2010PropOp46
 70
     1
102
RTVSPost2010Prop47
 90
       50
102
RTVSPost2010PropOp47
 70
     1
102
RTVSPost2010Prop48
 90
       50
102
RTVSPost2010PropOp48
 70
     1
102
RTVSPost2010Prop49
280
     0
102
RTVSPost2010PropOp49
 70
     1
102
RTVSPost2010Prop50
 90
       50
102
RTVSPost2010PropOp50
 70
     1
102
RTVSPost2010Prop51ColorIndex
 90
      256
102
RTVSPost2010Prop51ColorRGB
 90
-16777216
102
RTVSPost2010PropOp51
 70
     0
102
RTVSPost2010Prop52
140
1.0
102
RTVSPost2010PropOp52
 70
     0
102
RTVSPost2010Prop53
 90
        2
102
RTVSPost2010PropOp53
 70
     1
102
RTVSPost2010Prop54
  1
strokes_ogs.tif
102
RTVSPost2010PropOp54
 70
     1
102
RTVSPost2010Prop55
280
     0
102
RTVSPost2010PropOp55
 70
     1
102
RTVSPost2010Prop56
140
1.0
102
RTVSPost2010PropOp56
 70
     1
102
RTVSPost2010Prop57
140
1.0
102
RTVSPost2010PropOp57
 70
     1
  0
XRECORD
  5
3AE
102
{ACAD_REACTORS
330
3AD
102
}
330
3AD
100
AcDbXrecord
280
     1
102
RTVSPost2010Prop28
280
     0
102
RTVSPost2010PropOp28
 70
     1
102
RTVSPost2010Prop29
280
     1
102
RTVSPost2010PropOp29
 70
     1
102
RTVSPost2010Prop30
280
     1
102
RTVSPost2010PropOp30
 70
     1
102
RTVSPost2010Prop31
280
     0
102
RTVSPost2010PropOp31
 70
     1
102
RTVSPost2010Prop32
280
     0
102
RTVSPost2010PropOp32
 70
     1
102
RTVSPost2010Prop33
280
     0
102
RTVSPost2010PropOp33
 70
     1
102
RTVSPost2010Prop34
280
     0
102
RTVSPost2010PropOp34
 70
     1
102
RTVSPost2010Prop35
280
     0
102
RTVSPost2010PropOp35
 70
     1
102
RTVSPost2010Prop36
280
     0
102
RTVSPost2010PropOp36
 70
     1
102
RTVSPost2010Prop37
 90
       50
102
RTVSPost2010PropOp37
 70
     0
102
RTVSPost2010Prop38
140
0.0
102
RTVSPost2010PropOp38
 70
     0
102
RTVSPost2010Prop39
140
1.0
102
RTVSPost2010PropOp39
 70
     0
102
RTVSPost2010Prop40
 90
        0
102
RTVSPost2010PropOp40
 70
     0
102
RTVSPost2010Prop41ColorIndex
 90
       18
102
RTVSPost2010Prop41ColorRGB
 90
        0
102
RTVSPost2010PropOp41
 70
     0
102
RTVSPost2010Prop42
 90
       50
102
RTVSPost2010PropOp42
 70
     0
102
RTVSPost2010Prop43
 90
        3
102
RTVSPost2010PropOp43
 70
     0
102
RTVSPost2010Prop44ColorIndex
 90
        5
102
RTVSPost2010Prop44ColorRGB
 90
      255
102
RTVSPost2010PropOp44
 70
     0
102
RTVSPost2010Prop45
280
     0
102
RTVSPost2010PropOp45
 70
     1
102
RTVSPost2010Prop46
 90
       50
102
RTVSPost2010PropOp46
 70
     0
102
RTVSPost2010Prop47
 90
       50
102
RTVSPost2010PropOp47
 70
     0
102
RTVSPost2010Prop48
 90
       50
102
RTVSPost2010PropOp48
 70
     0
102
RTVSPost2010Prop49
280
     0
102
RTVSPost2010PropOp49
 70
     1
102
RTVSPost2010Prop50
 90
       50
102
RTVSPost2010PropOp50
 70
     0
102
RTVSPost2010Prop51ColorIndex
 90
      256
102
RTVSPost2010Prop51ColorRGB
 90
-16777216
102
RTVSPost2010PropOp51
 70
     0
102
RTVSPost2010Prop52
140
1.0
102
RTVSPost2010PropOp52
 70
     0
102
RTVSPost2010Prop53
 90
        2
102
RTVSPost2010PropOp53
 70
     0
102
RTVSPost2010Prop54
  1
strokes_ogs.tif
102
RTVSPost2010PropOp54
 70
     0
102
RTVSPost2010Prop55
280
     0
102
RTVSPost2010PropOp55
 70
     1
102
RTVSPost2010Prop56
140
1.0
102
RTVSPost2010PropOp56
 70
     0
102
RTVSPost2010Prop57
140
1.0
102
RTVSPost2010PropOp57
 70
     0
  0
XRECORD
  5
39E
102
{ACAD_REACTORS
330
39D
102
}
330
39D
100
AcDbXrecord
280
     1
102
RTVSPost2010Prop28
280
     0
102
RTVSPost2010PropOp28
 70
     1
102
RTVSPost2010Prop29
280
     1
102
RTVSPost2010PropOp29
 70
     1
102
RTVSPost2010Prop30
280
     1
102
RTVSPost2010PropOp30
 70
     1
102
RTVSPost2010Prop31
280
     0
102
RTVSPost2010PropOp31
 70
     1
102
RTVSPost2010Prop32
280
     0
102
RTVSPost2010PropOp32
 70
     1
102
RTVSPost2010Prop33
280
     0
102
RTVSPost2010PropOp33
 70
     1
102
RTVSPost2010Prop34
280
     0
102
RTVSPost2010PropOp34
 70
     1
102
RTVSPost2010Prop35
280
     0
102
RTVSPost2010PropOp35
 70
     1
102
RTVSPost2010Prop36
280
     0
102
RTVSPost2010PropOp36
 70
     1
102
RTVSPost2010Prop37
 90
       50
102
RTVSPost2010PropOp37
 70
     1
102
RTVSPost2010Prop38
140
0.0
102
RTVSPost2010PropOp38
 70
     1
102
RTVSPost2010Prop39
140
1.0
102
RTVSPost2010PropOp39
 70
     1
102
RTVSPost2010Prop40
 90
        0
102
RTVSPost2010PropOp40
 70
     1
102
RTVSPost2010Prop41ColorIndex
 90
       18
102
RTVSPost2010Prop41ColorRGB
 90
        0
102
RTVSPost2010PropOp41
 70
     1
102
RTVSPost2010Prop42
 90
       50
102
RTVSPost2010PropOp42
 70
     1
102
RTVSPost2010Prop43
 90
        3
102
RTVSPost2010PropOp43
 70
     1
102
RTVSPost2010Prop44ColorIndex
 90
        5
102
RTVSPost2010Prop44ColorRGB
 90
      255
102
RTVSPost2010PropOp44
 70
     1
102
RTVSPost2010Prop45
280
     0
102
RTVSPost2010PropOp45
 70
     1
102
RTVSPost2010Prop46
 90
       50
102
RTVSPost2010PropOp46
 70
     1
102
RTVSPost2010Prop47
 90
       50
102
RTVSPost2010PropOp47
 70
     1
102
RTVSPost2010Prop48
 90
       50
102
RTVSPost2010PropOp48
 70
     1
102
RTVSPost2010Prop49
280
     0
102
RTVSPost2010PropOp49
 70
     1
102
RTVSPost2010Prop50
 90
       50
102
RTVSPost2010PropOp50
 70
     1
102
RTVSPost2010Prop51ColorIndex
 90
      256
102
RTVSPost2010Prop51ColorRGB
 90
-16777216
102
RTVSPost2010PropOp51
 70
     0
102
RTVSPost2010Prop52
140
1.0
102
RTVSPost2010PropOp52
 70
     0
102
RTVSPost2010Prop53
 90
        2
102
RTVSPost2010PropOp53
 70
     1
102
RTVSPost2010Prop54
  1
strokes_ogs.tif
102
RTVSPost2010PropOp54
 70
     1
102
RTVSPost2010Prop55
280
     0
102
RTVSPost2010PropOp55
 70
     1
102
RTVSPost2010Prop56
140
1.0
102
RTVSPost2010PropOp56
 70
     1
102
RTVSPost2010Prop57
140
1.0
102
RTVSPost2010PropOp57
 70
     1
  0
XRECORD
  5
3B0
102
{ACAD_REACTORS
330
3AF
102
}
330
3AF
100
AcDbXrecord
280
     1
102
RTVSPost2010Prop28
280
     0
102
RTVSPost2010PropOp28
 70
     1
102
RTVSPost2010Prop29
280
     1
102
RTVSPost2010PropOp29
 70
     1
102
RTVSPost2010Prop30
280
     1
102
RTVSPost2010PropOp30
 70
     1
102
RTVSPost2010Prop31
280
     0
102
RTVSPost2010PropOp31
 70
     1
102
RTVSPost2010Prop32
280
     0
102
RTVSPost2010PropOp32
 70
     1
102
RTVSPost2010Prop33
280
     0
102
RTVSPost2010PropOp33
 70
     1
102
RTVSPost2010Prop34
280
     0
102
RTVSPost2010PropOp34
 70
     1
102
RTVSPost2010Prop35
280
     0
102
RTVSPost2010PropOp35
 70
     1
102
RTVSPost2010Prop36
280
     0
102
RTVSPost2010PropOp36
 70
     1
102
RTVSPost2010Prop37
 90
       50
102
RTVSPost2010PropOp37
 70
     0
102
RTVSPost2010Prop38
140
0.0
102
RTVSPost2010PropOp38
 70
     0
102
RTVSPost2010Prop39
140
1.0
102
RTVSPost2010PropOp39
 70
     0
102
RTVSPost2010Prop40
 90
        0
102
RTVSPost2010PropOp40
 70
     0
102
RTVSPost2010Prop41ColorIndex
 90
       18
102
RTVSPost2010Prop41ColorRGB
 90
        0
102
RTVSPost2010PropOp41
 70
     0
102
RTVSPost2010Prop42
 90
       50
102
RTVSPost2010PropOp42
 70
     0
102
RTVSPost2010Prop43
 90
        3
102
RTVSPost2010PropOp43
 70
     0
102
RTVSPost2010Prop44ColorIndex
 90
        5
102
RTVSPost2010Prop44ColorRGB
 90
      255
102
RTVSPost2010PropOp44
 70
     0
102
RTVSPost2010Prop45
280
     0
102
RTVSPost2010PropOp45
 70
     1
102
RTVSPost2010Prop46
 90
       50
102
RTVSPost2010PropOp46
 70
     0
102
RTVSPost2010Prop47
 90
       50
102
RTVSPost2010PropOp47
 70
     0
102
RTVSPost2010Prop48
 90
       50
102
RTVSPost2010PropOp48
 70
     0
102
RTVSPost2010Prop49
280
     0
102
RTVSPost2010PropOp49
 70
     1
102
RTVSPost2010Prop50
 90
       50
102
RTVSPost2010PropOp50
 70
     0
102
RTVSPost2010Prop51ColorIndex
 90
      256
102
RTVSPost2010Prop51ColorRGB
 90
-16777216
102
RTVSPost2010PropOp51
 70
     0
102
RTVSPost2010Prop52
140
1.0
102
RTVSPost2010PropOp52
 70
     0
102
RTVSPost2010Prop53
 90
        2
102
RTVSPost2010PropOp53
 70
     0
102
RTVSPost2010Prop54
  1
strokes_ogs.tif
102
RTVSPost2010PropOp54
 70
     0
102
RTVSPost2010Prop55
280
     0
102
RTVSPost2010PropOp55
 70
     1
102
RTVSPost2010Prop56
140
1.0
102
RTVSPost2010PropOp56
 70
     0
102
RTVSPost2010Prop57
140
1.0
102
RTVSPost2010PropOp57
 70
     0
  0
XRECORD
  5
396
102
{ACAD_REACTORS
330
395
102
}
330
395
100
AcDbXrecord
280
     1
102
RTVSPost2010Prop28
280
     0
102
RTVSPost2010PropOp28
 70
     1
102
RTVSPost2010Prop29
280
     1
102
RTVSPost2010PropOp29
 70
     1
102
RTVSPost2010Prop30
280
     1
102
RTVSPost2010PropOp30
 70
     1
102
RTVSPost2010Prop31
280
     0
102
RTVSPost2010PropOp31
 70
     1
102
RTVSPost2010Prop32
280
     0
102
RTVSPost2010PropOp32
 70
     1
102
RTVSPost2010Prop33
280
     0
102
RTVSPost2010PropOp33
 70
     1
102
RTVSPost2010Prop34
280
     0
102
RTVSPost2010PropOp34
 70
     1
102
RTVSPost2010Prop35
280
     0
102
RTVSPost2010PropOp35
 70
     1
102
RTVSPost2010Prop36
280
     0
102
RTVSPost2010PropOp36
 70
     1
102
RTVSPost2010Prop37
 90
       50
102
RTVSPost2010PropOp37
 70
     1
102
RTVSPost2010Prop38
140
0.0
102
RTVSPost2010PropOp38
 70
     1
102
RTVSPost2010Prop39
140
1.0
102
RTVSPost2010PropOp39
 70
     1
102
RTVSPost2010Prop40
 90
        0
102
RTVSPost2010PropOp40
 70
     1
102
RTVSPost2010Prop41ColorIndex
 90
       18
102
RTVSPost2010Prop41ColorRGB
 90
        0
102
RTVSPost2010PropOp41
 70
     1
102
RTVSPost2010Prop42
 90
       50
102
RTVSPost2010PropOp42
 70
     1
102
RTVSPost2010Prop43
 90
        3
102
RTVSPost2010PropOp43
 70
     1
102
RTVSPost2010Prop44ColorIndex
 90
        5
102
RTVSPost2010Prop44ColorRGB
 90
      255
102
RTVSPost2010PropOp44
 70
     1
102
RTVSPost2010Prop45
280
     0
102
RTVSPost2010PropOp45
 70
     1
102
RTVSPost2010Prop46
 90
       50
102
RTVSPost2010PropOp46
 70
     1
102
RTVSPost2010Prop47
 90
       50
102
RTVSPost2010PropOp47
 70
     1
102
RTVSPost2010Prop48
 90
       50
102
RTVSPost2010PropOp48
 70
     1
102
RTVSPost2010Prop49
280
     0
102
RTVSPost2010PropOp49
 70
     1
102
RTVSPost2010Prop50
 90
       50
102
RTVSPost2010PropOp50
 70
     1
102
RTVSPost2010Prop51ColorIndex
 90
      256
102
RTVSPost2010Prop51ColorRGB
 90
-16777216
102
RTVSPost2010PropOp51
 70
     0
102
RTVSPost2010Prop52
140
1.0
102
RTVSPost2010PropOp52
 70
     0
102
RTVSPost2010Prop53
 90
        2
102
RTVSPost2010PropOp53
 70
     1
102
RTVSPost2010Prop54
  1
strokes_ogs.tif
102
RTVSPost2010PropOp54
 70
     1
102
RTVSPost2010Prop55
280
     0
102
RTVSPost2010PropOp55
 70
     1
102
RTVSPost2010Prop56
140
1.0
102
RTVSPost2010PropOp56
 70
     1
102
RTVSPost2010Prop57
140
1.0
102
RTVSPost2010PropOp57
 70
     1
  0
XRECORD
  5
3AC
102
{ACAD_REACTORS
330
3AB
102
}
330
3AB
100
AcDbXrecord
280
     1
102
RTVSPost2010Prop28
280
     0
102
RTVSPost2010PropOp28
 70
     1
102
RTVSPost2010Prop29
280
     1
102
RTVSPost2010PropOp29
 70
     1
102
RTVSPost2010Prop30
280
     1
102
RTVSPost2010PropOp30
 70
     1
102
RTVSPost2010Prop31
280
     0
102
RTVSPost2010PropOp31
 70
     1
102
RTVSPost2010Prop32
280
     0
102
RTVSPost2010PropOp32
 70
     1
102
RTVSPost2010Prop33
280
     0
102
RTVSPost2010PropOp33
 70
     1
102
RTVSPost2010Prop34
280
     0
102
RTVSPost2010PropOp34
 70
     1
102
RTVSPost2010Prop35
280
     0
102
RTVSPost2010PropOp35
 70
     1
102
RTVSPost2010Prop36
280
     0
102
RTVSPost2010PropOp36
 70
     1
102
RTVSPost2010Prop37
 90
       50
102
RTVSPost2010PropOp37
 70
     1
102
RTVSPost2010Prop38
140
0.0
102
RTVSPost2010PropOp38
 70
     1
102
RTVSPost2010Prop39
140
1.0
102
RTVSPost2010PropOp39
 70
     1
102
RTVSPost2010Prop40
 90
        0
102
RTVSPost2010PropOp40
 70
     1
102
RTVSPost2010Prop41ColorIndex
 90
       18
102
RTVSPost2010Prop41ColorRGB
 90
        0
102
RTVSPost2010PropOp41
 70
     1
102
RTVSPost2010Prop42
 90
       50
102
RTVSPost2010PropOp42
 70
     1
102
RTVSPost2010Prop43
 90
        3
102
RTVSPost2010PropOp43
 70
     1
102
RTVSPost2010Prop44ColorIndex
 90
        5
102
RTVSPost2010Prop44ColorRGB
 90
      255
102
RTVSPost2010PropOp44
 70
     1
102
RTVSPost2010Prop45
280
     0
102
RTVSPost2010PropOp45
 70
     1
102
RTVSPost2010Prop46
 90
       50
102
RTVSPost2010PropOp46
 70
     1
102
RTVSPost2010Prop47
 90
       50
102
RTVSPost2010PropOp47
 70
     1
102
RTVSPost2010Prop48
 90
       50
102
RTVSPost2010PropOp48
 70
     1
102
RTVSPost2010Prop49
280
     0
102
RTVSPost2010PropOp49
 70
     1
102
RTVSPost2010Prop50
 90
       50
102
RTVSPost2010PropOp50
 70
     1
102
RTVSPost2010Prop51ColorIndex
 90
      256
102
RTVSPost2010Prop51ColorRGB
 90
-16777216
102
RTVSPost2010PropOp51
 70
     0
102
RTVSPost2010Prop52
140
1.0
102
RTVSPost2010PropOp52
 70
     0
102
RTVSPost2010Prop53
 90
        2
102
RTVSPost2010PropOp53
 70
     1
102
RTVSPost2010Prop54
  1
strokes_ogs.tif
102
RTVSPost2010PropOp54
 70
     1
102
RTVSPost2010Prop55
280
     0
102
RTVSPost2010PropOp55
 70
     1
102
RTVSPost2010Prop56
140
1.0
102
RTVSPost2010PropOp56
 70
     1
102
RTVSPost2010Prop57
140
1.0
102
RTVSPost2010PropOp57
 70
     1
  0
XRECORD
  5
3AA
102
{ACAD_REACTORS
330
3A9
102
}
330
3A9
100
AcDbXrecord
280
     1
102
RTVSPost2010Prop28
280
     0
102
RTVSPost2010PropOp28
 70
     1
102
RTVSPost2010Prop29
280
     1
102
RTVSPost2010PropOp29
 70
     1
102
RTVSPost2010Prop30
280
     1
102
RTVSPost2010PropOp30
 70
     1
102
RTVSPost2010Prop31
280
     0
102
RTVSPost2010PropOp31
 70
     1
102
RTVSPost2010Prop32
280
     0
102
RTVSPost2010PropOp32
 70
     1
102
RTVSPost2010Prop33
280
     0
102
RTVSPost2010PropOp33
 70
     1
102
RTVSPost2010Prop34
280
     0
102
RTVSPost2010PropOp34
 70
     1
102
RTVSPost2010Prop35
280
     0
102
RTVSPost2010PropOp35
 70
     1
102
RTVSPost2010Prop36
280
     0
102
RTVSPost2010PropOp36
 70
     1
102
RTVSPost2010Prop37
 90
       50
102
RTVSPost2010PropOp37
 70
     1
102
RTVSPost2010Prop38
140
0.0
102
RTVSPost2010PropOp38
 70
     1
102
RTVSPost2010Prop39
140
1.0
102
RTVSPost2010PropOp39
 70
     1
102
RTVSPost2010Prop40
 90
        0
102
RTVSPost2010PropOp40
 70
     1
102
RTVSPost2010Prop41ColorIndex
 90
       18
102
RTVSPost2010Prop41ColorRGB
 90
        0
102
RTVSPost2010PropOp41
 70
     1
102
RTVSPost2010Prop42
 90
       50
102
RTVSPost2010PropOp42
 70
     1
102
RTVSPost2010Prop43
 90
        3
102
RTVSPost2010PropOp43
 70
     1
102
RTVSPost2010Prop44ColorIndex
 90
        5
102
RTVSPost2010Prop44ColorRGB
 90
      255
102
RTVSPost2010PropOp44
 70
     1
102
RTVSPost2010Prop45
280
     0
102
RTVSPost2010PropOp45
 70
     1
102
RTVSPost2010Prop46
 90
       50
102
RTVSPost2010PropOp46
 70
     1
102
RTVSPost2010Prop47
 90
       50
102
RTVSPost2010PropOp47
 70
     1
102
RTVSPost2010Prop48
 90
       50
102
RTVSPost2010PropOp48
 70
     1
102
RTVSPost2010Prop49
280
     0
102
RTVSPost2010PropOp49
 70
     1
102
RTVSPost2010Prop50
 90
       50
102
RTVSPost2010PropOp50
 70
     1
102
RTVSPost2010Prop51ColorIndex
 90
      256
102
RTVSPost2010Prop51ColorRGB
 90
-16777216
102
RTVSPost2010PropOp51
 70
     0
102
RTVSPost2010Prop52
140
1.0
102
RTVSPost2010PropOp52
 70
     0
102
RTVSPost2010Prop53
 90
        2
102
RTVSPost2010PropOp53
 70
     1
102
RTVSPost2010Prop54
  1
strokes_ogs.tif
102
RTVSPost2010PropOp54
 70
     1
102
RTVSPost2010Prop55
280
     0
102
RTVSPost2010PropOp55
 70
     1
102
RTVSPost2010Prop56
140
1.0
102
RTVSPost2010PropOp56
 70
     1
102
RTVSPost2010Prop57
140
1.0
102
RTVSPost2010PropOp57
 70
     1
  0
XRECORD
  5
3A4
102
{ACAD_REACTORS
330
3A3
102
}
330
3A3
100
AcDbXrecord
280
     1
102
RTVSPost2010Prop28
280
     0
102
RTVSPost2010PropOp28
 70
     1
102
RTVSPost2010Prop29
280
     1
102
RTVSPost2010PropOp29
 70
     1
102
RTVSPost2010Prop30
280
     1
102
RTVSPost2010PropOp30
 70
     1
102
RTVSPost2010Prop31
280
     0
102
RTVSPost2010PropOp31
 70
     1
102
RTVSPost2010Prop32
280
     0
102
RTVSPost2010PropOp32
 70
     1
102
RTVSPost2010Prop33
280
     0
102
RTVSPost2010PropOp33
 70
     1
102
RTVSPost2010Prop34
280
     0
102
RTVSPost2010PropOp34
 70
     1
102
RTVSPost2010Prop35
280
     0
102
RTVSPost2010PropOp35
 70
     1
102
RTVSPost2010Prop36
280
     0
102
RTVSPost2010PropOp36
 70
     1
102
RTVSPost2010Prop37
 90
       50
102
RTVSPost2010PropOp37
 70
     1
102
RTVSPost2010Prop38
140
0.0
102
RTVSPost2010PropOp38
 70
     1
102
RTVSPost2010Prop39
140
1.0
102
RTVSPost2010PropOp39
 70
     1
102
RTVSPost2010Prop40
 90
        0
102
RTVSPost2010PropOp40
 70
     1
102
RTVSPost2010Prop41ColorIndex
 90
       18
102
RTVSPost2010Prop41ColorRGB
 90
        0
102
RTVSPost2010PropOp41
 70
     1
102
RTVSPost2010Prop42
 90
       50
102
RTVSPost2010PropOp42
 70
     1
102
RTVSPost2010Prop43
 90
        3
102
RTVSPost2010PropOp43
 70
     1
102
RTVSPost2010Prop44ColorIndex
 90
        5
102
RTVSPost2010Prop44ColorRGB
 90
      255
102
RTVSPost2010PropOp44
 70
     1
102
RTVSPost2010Prop45
280
     0
102
RTVSPost2010PropOp45
 70
     1
102
RTVSPost2010Prop46
 90
       50
102
RTVSPost2010PropOp46
 70
     1
102
RTVSPost2010Prop47
 90
       50
102
RTVSPost2010PropOp47
 70
     1
102
RTVSPost2010Prop48
 90
       50
102
RTVSPost2010PropOp48
 70
     1
102
RTVSPost2010Prop49
280
     0
102
RTVSPost2010PropOp49
 70
     1
102
RTVSPost2010Prop50
 90
       50
102
RTVSPost2010PropOp50
 70
     1
102
RTVSPost2010Prop51ColorIndex
 90
      256
102
RTVSPost2010Prop51ColorRGB
 90
-16777216
102
RTVSPost2010PropOp51
 70
     0
102
RTVSPost2010Prop52
140
1.0
102
RTVSPost2010PropOp52
 70
     0
102
RTVSPost2010Prop53
 90
        2
102
RTVSPost2010PropOp53
 70
     1
102
RTVSPost2010Prop54
  1
strokes_ogs.tif
102
RTVSPost2010PropOp54
 70
     1
102
RTVSPost2010Prop55
280
     0
102
RTVSPost2010PropOp55
 70
     1
102
RTVSPost2010Prop56
140
1.0
102
RTVSPost2010PropOp56
 70
     1
102
RTVSPost2010Prop57
140
1.0
102
RTVSPost2010PropOp57
 70
     1
  0
XRECORD
  5
3A6
102
{ACAD_REACTORS
330
3A5
102
}
330
3A5
100
AcDbXrecord
280
     1
102
RTVSPost2010Prop28
280
     0
102
RTVSPost2010PropOp28
 70
     1
102
RTVSPost2010Prop29
280
     1
102
RTVSPost2010PropOp29
 70
     1
102
RTVSPost2010Prop30
280
     1
102
RTVSPost2010PropOp30
 70
     1
102
RTVSPost2010Prop31
280
     0
102
RTVSPost2010PropOp31
 70
     1
102
RTVSPost2010Prop32
280
     0
102
RTVSPost2010PropOp32
 70
     1
102
RTVSPost2010Prop33
280
     0
102
RTVSPost2010PropOp33
 70
     1
102
RTVSPost2010Prop34
280
     0
102
RTVSPost2010PropOp34
 70
     1
102
RTVSPost2010Prop35
280
     0
102
RTVSPost2010PropOp35
 70
     1
102
RTVSPost2010Prop36
280
     0
102
RTVSPost2010PropOp36
 70
     1
102
RTVSPost2010Prop37
 90
       50
102
RTVSPost2010PropOp37
 70
     1
102
RTVSPost2010Prop38
140
0.0
102
RTVSPost2010PropOp38
 70
     1
102
RTVSPost2010Prop39
140
1.0
102
RTVSPost2010PropOp39
 70
     1
102
RTVSPost2010Prop40
 90
        0
102
RTVSPost2010PropOp40
 70
     1
102
RTVSPost2010Prop41ColorIndex
 90
       18
102
RTVSPost2010Prop41ColorRGB
 90
        0
102
RTVSPost2010PropOp41
 70
     1
102
RTVSPost2010Prop42
 90
       50
102
RTVSPost2010PropOp42
 70
     1
102
RTVSPost2010Prop43
 90
        3
102
RTVSPost2010PropOp43
 70
     1
102
RTVSPost2010Prop44ColorIndex
 90
        5
102
RTVSPost2010Prop44ColorRGB
 90
      255
102
RTVSPost2010PropOp44
 70
     1
102
RTVSPost2010Prop45
280
     0
102
RTVSPost2010PropOp45
 70
     1
102
RTVSPost2010Prop46
 90
       50
102
RTVSPost2010PropOp46
 70
     1
102
RTVSPost2010Prop47
 90
       50
102
RTVSPost2010PropOp47
 70
     1
102
RTVSPost2010Prop48
 90
       50
102
RTVSPost2010PropOp48
 70
     1
102
RTVSPost2010Prop49
280
     0
102
RTVSPost2010PropOp49
 70
     1
102
RTVSPost2010Prop50
 90
       50
102
RTVSPost2010PropOp50
 70
     1
102
RTVSPost2010Prop51ColorIndex
 90
      256
102
RTVSPost2010Prop51ColorRGB
 90
-16777216
102
RTVSPost2010PropOp51
 70
     0
102
RTVSPost2010Prop52
140
1.0
102
RTVSPost2010PropOp52
 70
     0
102
RTVSPost2010Prop53
 90
        2
102
RTVSPost2010PropOp53
 70
     1
102
RTVSPost2010Prop54
  1
strokes_ogs.tif
102
RTVSPost2010PropOp54
 70
     1
102
RTVSPost2010Prop55
280
     0
102
RTVSPost2010PropOp55
 70
     1
102
RTVSPost2010Prop56
140
1.0
102
RTVSPost2010PropOp56
 70
     1
102
RTVSPost2010Prop57
140
1.0
102
RTVSPost2010PropOp57
 70
     1
  0
XRECORD
  5
39C
102
{ACAD_REACTORS
330
39B
102
}
330
39B
100
AcDbXrecord
280
     1
102
RTVSPost2010Prop28
280
     0
102
RTVSPost2010PropOp28
 70
     1
102
RTVSPost2010Prop29
280
     1
102
RTVSPost2010PropOp29
 70
     1
102
RTVSPost2010Prop30
280
     1
102
RTVSPost2010PropOp30
 70
     1
102
RTVSPost2010Prop31
280
     0
102
RTVSPost2010PropOp31
 70
     1
102
RTVSPost2010Prop32
280
     0
102
RTVSPost2010PropOp32
 70
     1
102
RTVSPost2010Prop33
280
     0
102
RTVSPost2010PropOp33
 70
     1
102
RTVSPost2010Prop34
280
     0
102
RTVSPost2010PropOp34
 70
     1
102
RTVSPost2010Prop35
280
     0
102
RTVSPost2010PropOp35
 70
     1
102
RTVSPost2010Prop36
280
     0
102
RTVSPost2010PropOp36
 70
     1
102
RTVSPost2010Prop37
 90
       50
102
RTVSPost2010PropOp37
 70
     1
102
RTVSPost2010Prop38
140
0.0
102
RTVSPost2010PropOp38
 70
     1
102
RTVSPost2010Prop39
140
1.0
102
RTVSPost2010PropOp39
 70
     1
102
RTVSPost2010Prop40
 90
        0
102
RTVSPost2010PropOp40
 70
     1
102
RTVSPost2010Prop41ColorIndex
 90
       18
102
RTVSPost2010Prop41ColorRGB
 90
        0
102
RTVSPost2010PropOp41
 70
     1
102
RTVSPost2010Prop42
 90
       50
102
RTVSPost2010PropOp42
 70
     1
102
RTVSPost2010Prop43
 90
        3
102
RTVSPost2010PropOp43
 70
     1
102
RTVSPost2010Prop44ColorIndex
 90
        5
102
RTVSPost2010Prop44ColorRGB
 90
      255
102
RTVSPost2010PropOp44
 70
     1
102
RTVSPost2010Prop45
280
     0
102
RTVSPost2010PropOp45
 70
     1
102
RTVSPost2010Prop46
 90
       50
102
RTVSPost2010PropOp46
 70
     1
102
RTVSPost2010Prop47
 90
       50
102
RTVSPost2010PropOp47
 70
     1
102
RTVSPost2010Prop48
 90
       50
102
RTVSPost2010PropOp48
 70
     1
102
RTVSPost2010Prop49
280
     0
102
RTVSPost2010PropOp49
 70
     1
102
RTVSPost2010Prop50
 90
       50
102
RTVSPost2010PropOp50
 70
     1
102
RTVSPost2010Prop51ColorIndex
 90
      256
102
RTVSPost2010Prop51ColorRGB
 90
-16777216
102
RTVSPost2010PropOp51
 70
     0
102
RTVSPost2010Prop52
140
1.0
102
RTVSPost2010PropOp52
 70
     0
102
RTVSPost2010Prop53
 90
        2
102
RTVSPost2010PropOp53
 70
     1
102
RTVSPost2010Prop54
  1
strokes_ogs.tif
102
RTVSPost2010PropOp54
 70
     1
102
RTVSPost2010Prop55
280
     0
102
RTVSPost2010PropOp55
 70
     1
102
RTVSPost2010Prop56
140
1.0
102
RTVSPost2010PropOp56
 70
     1
102
RTVSPost2010Prop57
140
1.0
102
RTVSPost2010PropOp57
 70
     1
  0
XRECORD
  5
390
102
{ACAD_REACTORS
330
38F
102
}
330
38F
100
AcDbXrecord
280
     1
102
RTVSPost2010Prop28
280
     0
102
RTVSPost2010PropOp28
 70
     1
102
RTVSPost2010Prop29
280
     1
102
RTVSPost2010PropOp29
 70
     1
102
RTVSPost2010Prop30
280
     1
102
RTVSPost2010PropOp30
 70
     1
102
RTVSPost2010Prop31
280
     0
102
RTVSPost2010PropOp31
 70
     1
102
RTVSPost2010Prop32
280
     0
102
RTVSPost2010PropOp32
 70
     1
102
RTVSPost2010Prop33
280
     0
102
RTVSPost2010PropOp33
 70
     1
102
RTVSPost2010Prop34
280
     0
102
RTVSPost2010PropOp34
 70
     1
102
RTVSPost2010Prop35
280
     0
102
RTVSPost2010PropOp35
 70
     1
102
RTVSPost2010Prop36
280
     0
102
RTVSPost2010PropOp36
 70
     1
102
RTVSPost2010Prop37
 90
       50
102
RTVSPost2010PropOp37
 70
     1
102
RTVSPost2010Prop38
140
0.0
102
RTVSPost2010PropOp38
 70
     1
102
RTVSPost2010Prop39
140
1.0
102
RTVSPost2010PropOp39
 70
     1
102
RTVSPost2010Prop40
 90
        0
102
RTVSPost2010PropOp40
 70
     1
102
RTVSPost2010Prop41ColorIndex
 90
       18
102
RTVSPost2010Prop41ColorRGB
 90
        0
102
RTVSPost2010PropOp41
 70
     1
102
RTVSPost2010Prop42
 90
       50
102
RTVSPost2010PropOp42
 70
     1
102
RTVSPost2010Prop43
 90
        3
102
RTVSPost2010PropOp43
 70
     1
102
RTVSPost2010Prop44ColorIndex
 90
        5
102
RTVSPost2010Prop44ColorRGB
 90
      255
102
RTVSPost2010PropOp44
 70
     1
102
RTVSPost2010Prop45
280
     0
102
RTVSPost2010PropOp45
 70
     1
102
RTVSPost2010Prop46
 90
       50
102
RTVSPost2010PropOp46
 70
     1
102
RTVSPost2010Prop47
 90
       50
102
RTVSPost2010PropOp47
 70
     1
102
RTVSPost2010Prop48
 90
       50
102
RTVSPost2010PropOp48
 70
     1
102
RTVSPost2010Prop49
280
     0
102
RTVSPost2010PropOp49
 70
     1
102
RTVSPost2010Prop50
 90
       50
102
RTVSPost2010PropOp50
 70
     1
102
RTVSPost2010Prop51ColorIndex
 90
      256
102
RTVSPost2010Prop51ColorRGB
 90
-16777216
102
RTVSPost2010PropOp51
 70
     0
102
RTVSPost2010Prop52
140
1.0
102
RTVSPost2010PropOp52
 70
     0
102
RTVSPost2010Prop53
 90
        2
102
RTVSPost2010PropOp53
 70
     1
102
RTVSPost2010Prop54
  1
strokes_ogs.tif
102
RTVSPost2010PropOp54
 70
     1
102
RTVSPost2010Prop55
280
     0
102
RTVSPost2010PropOp55
 70
     1
102
RTVSPost2010Prop56
140
1.0
102
RTVSPost2010PropOp56
 70
     1
102
RTVSPost2010Prop57
140
1.0
102
RTVSPost2010PropOp57
 70
     1
  0
XRECORD
  5
3A8
102
{ACAD_REACTORS
330
3A7
102
}
330
3A7
100
AcDbXrecord
280
     1
102
RTVSPost2010Prop28
280
     0
102
RTVSPost2010PropOp28
 70
     1
102
RTVSPost2010Prop29
280
     1
102
RTVSPost2010PropOp29
 70
     1
102
RTVSPost2010Prop30
280
     1
102
RTVSPost2010PropOp30
 70
     1
102
RTVSPost2010Prop31
280
     0
102
RTVSPost2010PropOp31
 70
     1
102
RTVSPost2010Prop32
280
     0
102
RTVSPost2010PropOp32
 70
     1
102
RTVSPost2010Prop33
280
     0
102
RTVSPost2010PropOp33
 70
     1
102
RTVSPost2010Prop34
280
     0
102
RTVSPost2010PropOp34
 70
     1
102
RTVSPost2010Prop35
280
     0
102
RTVSPost2010PropOp35
 70
     1
102
RTVSPost2010Prop36
280
     0
102
RTVSPost2010PropOp36
 70
     1
102
RTVSPost2010Prop37
 90
       50
102
RTVSPost2010PropOp37
 70
     1
102
RTVSPost2010Prop38
140
0.0
102
RTVSPost2010PropOp38
 70
     1
102
RTVSPost2010Prop39
140
1.0
102
RTVSPost2010PropOp39
 70
     1
102
RTVSPost2010Prop40
 90
        0
102
RTVSPost2010PropOp40
 70
     1
102
RTVSPost2010Prop41ColorIndex
 90
       18
102
RTVSPost2010Prop41ColorRGB
 90
        0
102
RTVSPost2010PropOp41
 70
     1
102
RTVSPost2010Prop42
 90
       50
102
RTVSPost2010PropOp42
 70
     1
102
RTVSPost2010Prop43
 90
        3
102
RTVSPost2010PropOp43
 70
     1
102
RTVSPost2010Prop44ColorIndex
 90
        5
102
RTVSPost2010Prop44ColorRGB
 90
      255
102
RTVSPost2010PropOp44
 70
     1
102
RTVSPost2010Prop45
280
     0
102
RTVSPost2010PropOp45
 70
     1
102
RTVSPost2010Prop46
 90
       50
102
RTVSPost2010PropOp46
 70
     1
102
RTVSPost2010Prop47
 90
       50
102
RTVSPost2010PropOp47
 70
     1
102
RTVSPost2010Prop48
 90
       50
102
RTVSPost2010PropOp48
 70
     1
102
RTVSPost2010Prop49
280
     0
102
RTVSPost2010PropOp49
 70
     1
102
RTVSPost2010Prop50
 90
       50
102
RTVSPost2010PropOp50
 70
     1
102
RTVSPost2010Prop51ColorIndex
 90
      256
102
RTVSPost2010Prop51ColorRGB
 90
-16777216
102
RTVSPost2010PropOp51
 70
     0
102
RTVSPost2010Prop52
140
1.0
102
RTVSPost2010PropOp52
 70
     0
102
RTVSPost2010Prop53
 90
        2
102
RTVSPost2010PropOp53
 70
     1
102
RTVSPost2010Prop54
  1
strokes_ogs.tif
102
RTVSPost2010PropOp54
 70
     1
102
RTVSPost2010Prop55
280
     0
102
RTVSPost2010PropOp55
 70
     1
102
RTVSPost2010Prop56
140
1.0
102
RTVSPost2010PropOp56
 70
     1
102
RTVSPost2010Prop57
140
1.0
102
RTVSPost2010PropOp57
 70
     1
  0
ENDSEC
  0
EOF
