  0
SECTION
  2
HEADER
  9
$ACADVER
  1
AC1024
  9
$ACADMAINTVER
 70
   226
  9
$DWGCODEPAGE
  3
ANSI_949
  9
$LASTSAVEDBY
  1
junkibeom
  9
$INSBASE
 10
0.0
 20
0.0
 30
0.0
  9
$EXTMIN
 10
741.3393567829177
 20
-1257.367979727527
 30
-0.0000000100004059
  9
$EXTMAX
 10
1029.49504647777
 20
-1150.653013190932
 30
0.0000000100008875
  9
$LIMMIN
 10
0.0
 20
0.0
  9
$LIMMAX
 10
12.0
 20
9.0
  9
$ORTHOMODE
 70
     0
  9
$REGENMODE
 70
     1
  9
$FILLMODE
 70
     1
  9
$QTEXTMODE
 70
     0
  9
$MIRRTEXT
 70
     0
  9
$LTSCALE
 40
1.0
  9
$ATTMODE
 70
     1
  9
$TEXTSIZE
 40
0.2
  9
$TRACEWID
 40
0.05
  9
$TEXTSTYLE
  7
STANDARD
  9
$CLAYER
  8
0
  9
$CELTYPE
  6
Continuous
  9
$CECOLOR
 62
   256
  9
$CELTSCALE
 40
1.0
  9
$DISPSILH
 70
     0
  9
$DIMSCALE
 40
1.0
  9
$DIMASZ
 40
0.18
  9
$DIMEXO
 40
0.0625
  9
$DIMDLI
 40
0.38
  9
$DIMRND
 40
0.0
  9
$DIMDLE
 40
0.0
  9
$DIMEXE
 40
0.18
  9
$DIMTP
 40
0.0
  9
$DIMTM
 40
0.0
  9
$DIMTXT
 40
0.18
  9
$DIMCEN
 40
0.09
  9
$DIMTSZ
 40
0.0
  9
$DIMTOL
 70
     0
  9
$DIMLIM
 70
     0
  9
$DIMTIH
 70
     1
  9
$DIMTOH
 70
     1
  9
$DIMSE1
 70
     0
  9
$DIMSE2
 70
     0
  9
$DIMTAD
 70
     0
  9
$DIMZIN
 70
     0
  9
$DIMBLK
  1

  9
$DIMASO
 70
     1
  9
$DIMSHO
 70
     1
  9
$DIMPOST
  1

  9
$DIMAPOST
  1

  9
$DIMALT
 70
     0
  9
$DIMALTD
 70
     2
  9
$DIMALTF
 40
25.4
  9
$DIMLFAC
 40
1.0
  9
$DIMTOFL
 70
     0
  9
$DIMTVP
 40
0.0
  9
$DIMTIX
 70
     0
  9
$DIMSOXD
 70
     0
  9
$DIMSAH
 70
     0
  9
$DIMBLK1
  1

  9
$DIMBLK2
  1

  9
$DIMSTYLE
  2
Standard
  9
$DIMCLRD
 70
     0
  9
$DIMCLRE
 70
     0
  9
$DIMCLRT
 70
     0
  9
$DIMTFAC
 40
1.0
  9
$DIMGAP
 40
0.09
  9
$DIMJUST
 70
     0
  9
$DIMSD1
 70
     0
  9
$DIMSD2
 70
     0
  9
$DIMTOLJ
 70
     1
  9
$DIMTZIN
 70
     0
  9
$DIMALTZ
 70
     0
  9
$DIMALTTZ
 70
     0
  9
$DIMUPT
 70
     0
  9
$DIMDEC
 70
     4
  9
$DIMTDEC
 70
     4
  9
$DIMALTU
 70
     2
  9
$DIMALTTD
 70
     2
  9
$DIMTXSTY
  7
STANDARD
  9
$DIMAUNIT
 70
     0
  9
$DIMADEC
 70
     0
  9
$DIMALTRND
 40
0.0
  9
$DIMAZIN
 70
     0
  9
$DIMDSEP
 70
    46
  9
$DIMATFIT
 70
     3
  9
$DIMFRAC
 70
     0
  9
$DIMLDRBLK
  1

  9
$DIMLUNIT
 70
     2
  9
$DIMLWD
 70
    -2
  9
$DIMLWE
 70
    -2
  9
$DIMTMOVE
 70
     0
  9
$DIMFXL
 40
1.0
  9
$DIMFXLON
 70
     0
  9
$DIMJOGANG
 40
0.7853981633974483
  9
$DIMTFILL
 70
     0
  9
$DIMTFILLCLR
 70
     0
  9
$DIMARCSYM
 70
     0
  9
$DIMLTYPE
  6

  9
$DIMLTEX1
  6

  9
$DIMLTEX2
  6

  9
$DIMTXTDIRECTION
 70
     0
  9
$LUNITS
 70
     2
  9
$LUPREC
 70
     4
  9
$SKETCHINC
 40
0.1
  9
$FILLETRAD
 40
0.0
  9
$AUNITS
 70
     0
  9
$AUPREC
 70
     0
  9
$MENU
  1
.
  9
$ELEVATION
 40
0.0
  9
$PELEVATION
 40
0.0
  9
$THICKNESS
 40
0.0
  9
$LIMCHECK
 70
     0
  9
$CHAMFERA
 40
0.0
  9
$CHAMFERB
 40
0.0
  9
$CHAMFERC
 40
0.0
  9
$CHAMFERD
 40
0.0
  9
$SKPOLY
 70
     0
  9
$TDCREATE
 40
2461248.982881945
  9
$TDUCREATE
 40
2461248.607881945
  9
$TDUPDATE
 40
2461248.993750000
  9
$TDUUPDATE
 40
2461248.618750000
  9
$TDINDWG
 40
0.0108680556
  9
$TDUSRTIMER
 40
0.0108680556
  9
$USRTIMER
 70
     1
  9
$ANGBASE
 50
0.0
  9
$ANGDIR
 70
     0
  9
$PDMODE
 70
     0
  9
$PDSIZE
 40
0.0
  9
$PLINEWID
 40
0.0
  9
$SPLFRAME
 70
     0
  9
$SPLINETYPE
 70
     6
  9
$SPLINESEGS
 70
     8
  9
$HANDSEED
  5
10226
  9
$SURFTAB1
 70
     6
  9
$SURFTAB2
 70
     6
  9
$SURFTYPE
 70
     6
  9
$SURFU
 70
     6
  9
$SURFV
 70
     6
  9
$UCSBASE
  2

  9
$UCSNAME
  2

  9
$UCSORG
 10
0.0
 20
0.0
 30
0.0
  9
$UCSXDIR
 10
1.0
 20
0.0
 30
0.0
  9
$UCSYDIR
 10
0.0
 20
1.0
 30
0.0
  9
$UCSORTHOREF
  2

  9
$UCSORTHOVIEW
 70
     0
  9
$UCSORGTOP
 10
0.0
 20
0.0
 30
0.0
  9
$UCSORGBOTTOM
 10
0.0
 20
0.0
 30
0.0
  9
$UCSORGLEFT
 10
0.0
 20
0.0
 30
0.0
  9
$UCSORGRIGHT
 10
0.0
 20
0.0
 30
0.0
  9
$UCSORGFRONT
 10
0.0
 20
0.0
 30
0.0
  9
$UCSORGBACK
 10
0.0
 20
0.0
 30
0.0
  9
$PUCSBASE
  2

  9
$PUCSNAME
  2

  9
$PUCSORG
 10
0.0
 20
0.0
 30
0.0
  9
$PUCSXDIR
 10
1.0
 20
0.0
 30
0.0
  9
$PUCSYDIR
 10
0.0
 20
1.0
 30
0.0
  9
$PUCSORTHOREF
  2

  9
$PUCSORTHOVIEW
 70
     0
  9
$PUCSORGTOP
 10
0.0
 20
0.0
 30
0.0
  9
$PUCSORGBOTTOM
 10
0.0
 20
0.0
 30
0.0
  9
$PUCSORGLEFT
 10
0.0
 20
0.0
 30
0.0
  9
$PUCSORGRIGHT
 10
0.0
 20
0.0
 30
0.0
  9
$PUCSORGFRONT
 10
0.0
 20
0.0
 30
0.0
  9
$PUCSORGBACK
 10
0.0
 20
0.0
 30
0.0
  9
$USERI1
 70
     0
  9
$USERI2
 70
     0
  9
$USERI3
 70
     0
  9
$USERI4
 70
     0
  9
$USERI5
 70
     0
  9
$USERR1
 40
0.0
  9
$USERR2
 40
0.0
  9
$USERR3
 40
0.0
  9
$USERR4
 40
0.0
  9
$USERR5
 40
0.0
  9
$WORLDVIEW
 70
     1
  9
$SHADEDGE
 70
     3
  9
$SHADEDIF
 70
    70
  9
$TILEMODE
 70
     1
  9
$MAXACTVP
 70
    64
  9
$PINSBASE
 10
0.0
 20
0.0
 30
0.0
  9
$PLIMCHECK
 70
     0
  9
$PEXTMIN
 10
1.000000000000000E+20
 20
1.000000000000000E+20
 30
1.000000000000000E+20
  9
$PEXTMAX
 10
-1.000000000000000E+20
 20
-1.000000000000000E+20
 30
-1.000000000000000E+20
  9
$PLIMMIN
 10
0.0
 20
0.0
  9
$PLIMMAX
 10
12.0
 20
9.0
  9
$UNITMODE
 70
     0
  9
$VISRETAIN
 70
     1
  9
$PLINEGEN
 70
     0
  9
$PSLTSCALE
 70
     1
  9
$TREEDEPTH
 70
  3020
  9
$CMLSTYLE
  2
Standard
  9
$CMLJUST
 70
     0
  9
$CMLSCALE
 40
1.0
  9
$PROXYGRAPHICS
 70
     1
  9
$MEASUREMENT
 70
     0
  9
$CELWEIGHT
370
    -1
  9
$ENDCAPS
280
     0
  9
$JOINSTYLE
280
     0
  9
$LWDISPLAY
290
     0
  9
$INSUNITS
 70
     4
  9
$HYPERLINKBASE
  1

  9
$STYLESHEET
  1

  9
$XEDIT
290
     1
  9
$CEPSNTYPE
380
     0
  9
$PSTYLEMODE
290
     1
  9
$FINGERPRINTGUID
  2
{312DFA99-8BEF-234E-A804-4B47B9D1F7EB}
  9
$VERSIONGUID
  2
{F397ECAA-3A9D-6A43-AE8D-7B43284FC765}
  9
$EXTNAMES
290
     1
  9
$PSVPSCALE
 40
0.0
  9
$OLESTARTUP
290
     0
  9
$SORTENTS
280
   127
  9
$INDEXCTL
280
     0
  9
$HIDETEXT
280
     0
  9
$XCLIPFRAME
280
     2
  9
$HALOGAP
280
     0
  9
$OBSCOLOR
 70
   257
  9
$OBSLTYPE
280
     0
  9
$INTERSECTIONDISPLAY
280
     0
  9
$INTERSECTIONCOLOR
 70
   257
  9
$DIMASSOC
280
     1
  9
$PROJECTNAME
  1

  9
$CAMERADISPLAY
290
     0
  9
$LENSLENGTH
 40
50.0
  9
$CAMERAHEIGHT
 40
0.0
  9
$STEPSPERSEC
 40
2.0
  9
$STEPSIZE
 40
6.0
  9
$3DDWFPREC
 40
2.0
  9
$PSOLWIDTH
 40
0.25
  9
$PSOLHEIGHT
 40
4.0
  9
$LOFTANG1
 40
1.570796326794896
  9
$LOFTANG2
 40
1.570796326794896
  9
$LOFTMAG1
 40
0.0
  9
$LOFTMAG2
 40
0.0
  9
$LOFTPARAM
 70
     7
  9
$LOFTNORMALS
280
     1
  9
$LATITUDE
 40
37.795
  9
$LONGITUDE
 40
-122.394
  9
$NORTHDIRECTION
 40
0.0
  9
$TIMEZONE
 70
 -8000
  9
$LIGHTGLYPHDISPLAY
280
     1
  9
$TILEMODELIGHTSYNCH
280
     1
  9
$CMATERIAL
347
10005
  9
$SOLIDHIST
280
     0
  9
$SHOWHIST
280
     1
  9
$DWFFRAME
280
     2
  9
$DGNFRAME
280
     0
  9
$REALWORLDSCALE
290
     1
  9
$INTERFERECOLOR
 62
     1
  9
$INTERFEREOBJVS
345
10027
  9
$INTERFEREVPVS
346
10024
  9
$CSHADOW
280
     0
  9
$SHADOWPLANELOCATION
 40
0.0
  0
ENDSEC
  0
SECTION
  2
CLASSES
  0
CLASS
  1
ACDBDICTIONARYWDFLT
  2
AcDbDictionaryWithDefault
  3
ObjectDBX Classes
 90
        0
 91
        1
280
     0
281
     0
  0
CLASS
  1
MATERIAL
  2
AcDbMaterial
  3
ObjectDBX Classes
 90
     1153
 91
        3
280
     0
281
     0
  0
CLASS
  1
VISUALSTYLE
  2
AcDbVisualStyle
  3
ObjectDBX Classes
 90
     4095
 91
       24
280
     0
281
     0
  0
CLASS
  1
TABLESTYLE
  2
AcDbTableStyle
  3
ObjectDBX Classes
 90
     4095
 91
        1
280
     0
281
     0
  0
CLASS
  1
SCALE
  2
AcDbScale
  3
ObjectDBX Classes
 90
     1153
 91
       17
280
     0
281
     0
  0
CLASS
  1
MLEADERSTYLE
  2
AcDbMLeaderStyle
  3
ACDB_MLEADERSTYLE_CLASS
 90
     4095
 91
        1
280
     0
281
     0
  0
CLASS
  1
ACDBSECTIONVIEWSTYLE
  2
AcDbSectionViewStyle
  3
ObjectDBX Classes
 90
     1025
 91
        1
280
     0
281
     0
  0
CLASS
  1
ACDBDETAILVIEWSTYLE
  2
AcDbDetailViewStyle
  3
ObjectDBX Classes
 90
     1025
 91
        1
280
     0
281
     0
  0
CLASS
  1
SOLID_BACKGROUND
  2
AcDbSolidBackground
  3
SCENEOE
 90
     4095
 91
        1
280
     0
281
     0
  0
CLASS
  1
NPOCOLLECTION
  2
AcDbImpNonPersistentObjectsCollection
  3
ObjectDBX Classes
 90
     1153
 91
        1
280
     0
281
     0
  0
CLASS
  1
DICTIONARYVAR
  2
AcDbDictionaryVar
  3
ObjectDBX Classes
 90
        0
 91
        9
280
     0
281
     0
  0
CLASS
  1
CELLSTYLEMAP
  2
AcDbCellStyleMap
  3
ObjectDBX Classes
 90
     1152
 91
        1
280
     0
281
     0
  0
ENDSEC
  0
SECTION
  2
TABLES
  0
TABLE
  2
VPORT
  5
8
330
0
100
AcDbSymbolTable
 70
     1
  0
VPORT
  5
10059
330
8
100
AcDbSymbolTableRecord
100
AcDbViewportTableRecord
  2
*Active
 70
     0
 10
0.0
 20
0.0
 11
1.0
 21
1.0
 12
0.0
 22
0.0
 13
0.0
 23
0.0
 14
1.0
 24
1.0
 15
0.0
 25
0.0
 16
-0.0000000000001137
 26
0.0
 36
654.6017326109959
 17
885.4171752929687
 27
-1204.010437011719
 37
0.0000000000001067
 40
307.2812337114498
 41
1.42328618063112
 42
50.0
 43
0.0
 44
0.0
 50
0.0
 51
0.0
 71
     0
 72
  1000
 73
     1
 74
     3
 75
     0
 76
     0
 77
     0
 78
     0
281
     0
 65
     1
110
0.0
120
0.0
130
0.0
111
1.0
121
0.0
131
0.0
112
0.0
122
1.0
132
0.0
 79
     0
146
0.0
348
10023
 60
     3
 61
     5
292
     1
282
     1
141
0.0
142
0.0
 63
   250
421
  3355443
1001
ACAD_NAV_VCDISPLAY
1070
     3
  0
ENDTAB
  0
TABLE
  2
LTYPE
  5
5
330
0
100
AcDbSymbolTable
 70
     4
  0
LTYPE
  5
14
330
5
100
AcDbSymbolTableRecord
100
AcDbLinetypeTableRecord
  2
BYBLOCK
 70
     0
  3

 72
    65
 73
     0
 40
0.0
  0
LTYPE
  5
15
330
5
100
AcDbSymbolTableRecord
100
AcDbLinetypeTableRecord
  2
BYLAYER
 70
     0
  3

 72
    65
 73
     0
 40
0.0
  0
LTYPE
  5
10001
330
5
100
AcDbSymbolTableRecord
100
AcDbLinetypeTableRecord
  2
Continuous
 70
     0
  3
Solid line
 72
    65
 73
     0
 40
0.0
  0
LTYPE
  5
16
330
5
100
AcDbSymbolTableRecord
100
AcDbLinetypeTableRecord
  2
DASHED
 70
     0
  3
Dashed __ __ __ __ __ __ __ __ __ __ __ __ __ _
 72
    65
 73
     2
 40
0.75
 49
0.5
 74
     0
 49
-0.25
 74
     0
  0
LTYPE
  5
1006E
330
5
100
AcDbSymbolTableRecord
100
AcDbLinetypeTableRecord
  2
CENTER2
 70
     0
  3
Center (.5x) ___ _ ___ _ ___ _ ___ _ ___ _ ___
 72
    65
 73
     4
 40
28.575
 49
19.05
 74
     0
 49
-3.174999999999999
 74
     0
 49
3.174999999999999
 74
     0
 49
-3.174999999999999
 74
     0
  0
ENDTAB
  0
TABLE
  2
LAYER
  5
2
102
{ACAD_XDICTIONARY
360
10071
102
}
330
0
100
AcDbSymbolTable
 70
     3
  0
LAYER
  5
50
102
{ACAD_XDICTIONARY
360
101DA
102
}
330
2
100
AcDbSymbolTableRecord
100
AcDbLayerTableRecord
  2
0
 70
     0
 62
     7
  6
Continuous
370
    -3
390
10003
347
10015
  0
LAYER
  5
1006F
102
{ACAD_XDICTIONARY
360
101DC
102
}
330
2
100
AcDbSymbolTableRecord
100
AcDbLayerTableRecord
  2
Visible
 70
     0
 62
     7
  6
Continuous
370
    50
390
10003
347
10015
  0
LAYER
  5
10070
102
{ACAD_XDICTIONARY
360
101DE
102
}
330
2
100
AcDbSymbolTableRecord
100
AcDbLayerTableRecord
  2
Smart Centers
 70
     0
 62
     7
  6
CENTER2
370
    25
390
10003
347
10015
  0
ENDTAB
  0
TABLE
  2
STYLE
  5
3
330
0
100
AcDbSymbolTable
 70
     1
  0
STYLE
  5
11
330
3
100
AcDbSymbolTableRecord
100
AcDbTextStyleTableRecord
  2
STANDARD
 70
     0
 40
0.0
 41
1.0
 50
0.0
 71
     0
 42
0.2
  3

  4

  0
ENDTAB
  0
TABLE
  2
VIEW
  5
6
330
0
100
AcDbSymbolTable
 70
     1
  0
ENDTAB
  0
TABLE
  2
UCS
  5
7
330
0
100
AcDbSymbolTable
 70
     0
  0
ENDTAB
  0
TABLE
  2
APPID
  5
9
330
0
100
AcDbSymbolTable
 70
     3
  0
APPID
  5
12
330
9
100
AcDbSymbolTableRecord
100
AcDbRegAppTableRecord
  2
ACAD
 70
     0
  0
APPID
  5
10058
330
9
100
AcDbSymbolTableRecord
100
AcDbRegAppTableRecord
  2
ACAD_NAV_VCDISPLAY
 70
     0
  0
APPID
  5
1005E
330
9
100
AcDbSymbolTableRecord
100
AcDbRegAppTableRecord
  2
ACAD_EXEMPT_FROM_CAD_STANDARDS
 70
     0
  0
ENDTAB
  0
TABLE
  2
DIMSTYLE
  5
A
330
0
100
AcDbSymbolTable
 70
     2
100
AcDbDimStyleTable
 71
     0
  0
DIMSTYLE
105
10053
330
A
100
AcDbSymbolTableRecord
100
AcDbDimStyleTableRecord
  2
Standard
 70
     0
340
11
  0
ENDTAB
  0
TABLE
  2
BLOCK_RECORD
  5
1
330
0
100
AcDbSymbolTable
 70
    43
  0
BLOCK_RECORD
  5
1F
330
1
100
AcDbSymbolTableRecord
100
AcDbBlockTableRecord
  2
*MODEL_SPACE
340
10055
 70
     0
280
     1
281
     0
  0
BLOCK_RECORD
  5
1B
330
1
100
AcDbSymbolTableRecord
100
AcDbBlockTableRecord
  2
*PAPER_SPACE
340
10056
 70
     0
280
     1
281
     0
  0
BLOCK_RECORD
  5
10065
330
1
100
AcDbSymbolTableRecord
100
AcDbBlockTableRecord
  2
*U1
340
0
102
{BLKREFS
331
10079
102
}
 70
     0
280
     1
281
     0
  0
BLOCK_RECORD
  5
10085
330
1
100
AcDbSymbolTableRecord
100
AcDbBlockTableRecord
  2
*U3
340
0
102
{BLKREFS
331
10094
102
}
 70
     0
280
     1
281
     0
  0
BLOCK_RECORD
  5
10096
330
1
100
AcDbSymbolTableRecord
100
AcDbBlockTableRecord
  2
*U5
340
0
102
{BLKREFS
331
100A5
102
}
 70
     0
280
     1
281
     0
  0
BLOCK_RECORD
  5
100A7
330
1
100
AcDbSymbolTableRecord
100
AcDbBlockTableRecord
  2
*U7
340
0
102
{BLKREFS
331
100B6
102
}
 70
     0
280
     1
281
     0
  0
BLOCK_RECORD
  5
100B8
330
1
100
AcDbSymbolTableRecord
100
AcDbBlockTableRecord
  2
*U9
340
0
102
{BLKREFS
331
100C7
102
}
 70
     0
280
     1
281
     0
  0
BLOCK_RECORD
  5
100C9
330
1
100
AcDbSymbolTableRecord
100
AcDbBlockTableRecord
  2
*U11
340
0
102
{BLKREFS
331
100D8
102
}
 70
     0
280
     1
281
     0
  0
BLOCK_RECORD
  5
100DA
330
1
100
AcDbSymbolTableRecord
100
AcDbBlockTableRecord
  2
*U13
340
0
102
{BLKREFS
331
100E9
102
}
 70
     0
280
     1
281
     0
  0
BLOCK_RECORD
  5
100EB
330
1
100
AcDbSymbolTableRecord
100
AcDbBlockTableRecord
  2
*U15
340
0
102
{BLKREFS
331
100FA
102
}
 70
     0
280
     1
281
     0
  0
BLOCK_RECORD
  5
100FC
330
1
100
AcDbSymbolTableRecord
100
AcDbBlockTableRecord
  2
*U17
340
0
102
{BLKREFS
331
1010B
102
}
 70
     0
280
     1
281
     0
  0
BLOCK_RECORD
  5
1010D
330
1
100
AcDbSymbolTableRecord
100
AcDbBlockTableRecord
  2
*U19
340
0
102
{BLKREFS
331
1011C
102
}
 70
     0
280
     1
281
     0
  0
BLOCK_RECORD
  5
1011E
330
1
100
AcDbSymbolTableRecord
100
AcDbBlockTableRecord
  2
*U21
340
0
102
{BLKREFS
331
1012D
102
}
 70
     0
280
     1
281
     0
  0
BLOCK_RECORD
  5
1012F
330
1
100
AcDbSymbolTableRecord
100
AcDbBlockTableRecord
  2
*U23
340
0
102
{BLKREFS
331
1013E
102
}
 70
     0
280
     1
281
     0
  0
BLOCK_RECORD
  5
10140
330
1
100
AcDbSymbolTableRecord
100
AcDbBlockTableRecord
  2
*U25
340
0
102
{BLKREFS
331
1014F
102
}
 70
     0
280
     1
281
     0
  0
BLOCK_RECORD
  5
10151
330
1
100
AcDbSymbolTableRecord
100
AcDbBlockTableRecord
  2
*U27
340
0
102
{BLKREFS
331
10160
102
}
 70
     0
280
     1
281
     0
  0
BLOCK_RECORD
  5
10162
330
1
100
AcDbSymbolTableRecord
100
AcDbBlockTableRecord
  2
*U29
340
0
102
{BLKREFS
331
10171
102
}
 70
     0
280
     1
281
     0
  0
BLOCK_RECORD
  5
10173
330
1
100
AcDbSymbolTableRecord
100
AcDbBlockTableRecord
  2
*U31
340
0
102
{BLKREFS
331
10182
102
}
 70
     0
280
     1
281
     0
  0
BLOCK_RECORD
  5
10184
330
1
100
AcDbSymbolTableRecord
100
AcDbBlockTableRecord
  2
*U33
340
0
102
{BLKREFS
331
10193
102
}
 70
     0
280
     1
281
     0
  0
BLOCK_RECORD
  5
10195
330
1
100
AcDbSymbolTableRecord
100
AcDbBlockTableRecord
  2
*U35
340
0
102
{BLKREFS
331
101A4
102
}
 70
     0
280
     1
281
     0
  0
BLOCK_RECORD
  5
101A6
330
1
100
AcDbSymbolTableRecord
100
AcDbBlockTableRecord
  2
*U37
340
0
102
{BLKREFS
331
101B5
102
}
 70
     0
280
     1
281
     0
  0
BLOCK_RECORD
  5
101B7
330
1
100
AcDbSymbolTableRecord
100
AcDbBlockTableRecord
  2
*U39
340
0
102
{BLKREFS
331
101C6
102
}
 70
     0
280
     1
281
     0
  0
BLOCK_RECORD
  5
101C8
330
1
100
AcDbSymbolTableRecord
100
AcDbBlockTableRecord
  2
*U41
340
0
102
{BLKREFS
331
101D7
102
}
 70
     0
280
     1
281
     0
  0
ENDTAB
  0
ENDSEC
  0
SECTION
  2
BLOCKS
  0
BLOCK
  5
20
330
1F
100
AcDbEntity
  8
0
100
AcDbBlockBegin
  2
*MODEL_SPACE
 70
     0
 10
0.0
 20
0.0
 30
0.0
  3
*MODEL_SPACE
  1

  0
ENDBLK
  5
21
330
1F
100
AcDbEntity
  8
0
100
AcDbBlockEnd
  0
BLOCK
  5
1C
330
1B
100
AcDbEntity
 67
     1
  8
0
100
AcDbBlockBegin
  2
*PAPER_SPACE
 70
     0
 10
0.0
 20
0.0
 30
0.0
  3
*PAPER_SPACE
  1

  0
ENDBLK
  5
1D
330
1B
100
AcDbEntity
 67
     1
  8
0
100
AcDbBlockEnd
  0
BLOCK
  5
10066
330
10065
100
AcDbEntity
  8
0
100
AcDbBlockBegin
  2
*U1
 70
     1
 10
0.0
 20
0.0
 30
0.0
  3
*U1
  1

  0
LINE
  5
10067
330
10065
100
AcDbEntity
  8
Smart Centers
  6
Continuous
 62
     0
440
 16777216
 48
0.75
100
AcDbLine
 10
-0.89296875
 20
0.0
 30
0.0
 11
0.89296875
 21
0.0
 31
0.0
  0
LINE
  5
10068
330
10065
100
AcDbEntity
  8
Smart Centers
  6
Continuous
 62
     0
440
 16777216
 48
0.75
100
AcDbLine
 10
0.0
 20
-0.89296875
 30
0.0
 11
0.0
 21
0.89296875
 31
0.0
  0
LINE
  5
10069
330
10065
100
AcDbEntity
  8
Smart Centers
 62
     0
440
 16777216
 48
0.75
100
AcDbLine
 10
-4.7
 20
0.0
 30
0.0
 11
-2.678906249999999
 21
0.0
 31
0.0
  0
LINE
  5
1006A
330
10065
100
AcDbEntity
  8
Smart Centers
 62
     0
440
 16777216
 48
0.75
100
AcDbLine
 10
2.678906249999999
 20
0.0
 30
0.0
 11
4.7
 21
0.0
 31
0.0
  0
LINE
  5
1006B
330
10065
100
AcDbEntity
  8
Smart Centers
 62
     0
440
 16777216
 48
0.75
100
AcDbLine
 10
0.0
 20
-4.7
 30
0.0
 11
0.0
 21
-2.678906249999999
 31
0.0
  0
LINE
  5
1006C
330
10065
100
AcDbEntity
  8
Smart Centers
 62
     0
440
 16777216
 48
0.75
100
AcDbLine
 10
0.0
 20
2.678906249999999
 30
0.0
 11
0.0
 21
4.7
 31
0.0
  0
ENDBLK
  5
1006D
330
10065
100
AcDbEntity
  8
0
100
AcDbBlockEnd
  0
BLOCK
  5
10086
330
10085
100
AcDbEntity
  8
0
100
AcDbBlockBegin
  2
*U3
 70
     1
 10
0.0
 20
0.0
 30
0.0
  3
*U3
  1

  0
LINE
  5
10087
330
10085
100
AcDbEntity
  8
Smart Centers
  6
Continuous
 62
     0
440
 16777216
 48
0.75
100
AcDbLine
 10
-0.89296875
 20
0.0
 30
0.0
 11
0.89296875
 21
0.0
 31
0.0
  0
LINE
  5
10088
330
10085
100
AcDbEntity
  8
Smart Centers
  6
Continuous
 62
     0
440
 16777216
 48
0.75
100
AcDbLine
 10
0.0
 20
-0.89296875
 30
0.0
 11
0.0
 21
0.89296875
 31
0.0
  0
LINE
  5
10089
330
10085
100
AcDbEntity
  8
Smart Centers
 62
     0
440
 16777216
 48
0.75
100
AcDbLine
 10
-4.7
 20
0.0
 30
0.0
 11
-2.678906249999999
 21
0.0
 31
0.0
  0
LINE
  5
1008A
330
10085
100
AcDbEntity
  8
Smart Centers
 62
     0
440
 16777216
 48
0.75
100
AcDbLine
 10
2.678906249999999
 20
0.0
 30
0.0
 11
4.7
 21
0.0
 31
0.0
  0
LINE
  5
1008B
330
10085
100
AcDbEntity
  8
Smart Centers
 62
     0
440
 16777216
 48
0.75
100
AcDbLine
 10
0.0
 20
-4.7
 30
0.0
 11
0.0
 21
-2.678906249999999
 31
0.0
  0
LINE
  5
1008C
330
10085
100
AcDbEntity
  8
Smart Centers
 62
     0
440
 16777216
 48
0.75
100
AcDbLine
 10
0.0
 20
2.678906249999999
 30
0.0
 11
0.0
 21
4.7
 31
0.0
  0
ENDBLK
  5
1008D
330
10085
100
AcDbEntity
  8
0
100
AcDbBlockEnd
  0
BLOCK
  5
10097
330
10096
100
AcDbEntity
  8
0
100
AcDbBlockBegin
  2
*U5
 70
     1
 10
0.0
 20
0.0
 30
0.0
  3
*U5
  1

  0
LINE
  5
10098
330
10096
100
AcDbEntity
  8
Smart Centers
  6
Continuous
 62
     0
440
 16777216
 48
0.75
100
AcDbLine
 10
-0.89296875
 20
0.0
 30
0.0
 11
0.89296875
 21
0.0
 31
0.0
  0
LINE
  5
10099
330
10096
100
AcDbEntity
  8
Smart Centers
  6
Continuous
 62
     0
440
 16777216
 48
0.75
100
AcDbLine
 10
0.0
 20
-0.89296875
 30
0.0
 11
0.0
 21
0.89296875
 31
0.0
  0
LINE
  5
1009A
330
10096
100
AcDbEntity
  8
Smart Centers
 62
     0
440
 16777216
 48
0.75
100
AcDbLine
 10
-4.7
 20
0.0
 30
0.0
 11
-2.678906249999999
 21
0.0
 31
0.0
  0
LINE
  5
1009B
330
10096
100
AcDbEntity
  8
Smart Centers
 62
     0
440
 16777216
 48
0.75
100
AcDbLine
 10
2.678906249999999
 20
0.0
 30
0.0
 11
4.7
 21
0.0
 31
0.0
  0
LINE
  5
1009C
330
10096
100
AcDbEntity
  8
Smart Centers
 62
     0
440
 16777216
 48
0.75
100
AcDbLine
 10
0.0
 20
-4.7
 30
0.0
 11
0.0
 21
-2.678906249999999
 31
0.0
  0
LINE
  5
1009D
330
10096
100
AcDbEntity
  8
Smart Centers
 62
     0
440
 16777216
 48
0.75
100
AcDbLine
 10
0.0
 20
2.678906249999999
 30
0.0
 11
0.0
 21
4.7
 31
0.0
  0
ENDBLK
  5
1009E
330
10096
100
AcDbEntity
  8
0
100
AcDbBlockEnd
  0
BLOCK
  5
100A8
330
100A7
100
AcDbEntity
  8
0
100
AcDbBlockBegin
  2
*U7
 70
     1
 10
0.0
 20
0.0
 30
0.0
  3
*U7
  1

  0
LINE
  5
100A9
330
100A7
100
AcDbEntity
  8
Smart Centers
  6
Continuous
 62
     0
440
 16777216
 48
0.75
100
AcDbLine
 10
-0.89296875
 20
0.0
 30
0.0
 11
0.89296875
 21
0.0
 31
0.0
  0
LINE
  5
100AA
330
100A7
100
AcDbEntity
  8
Smart Centers
  6
Continuous
 62
     0
440
 16777216
 48
0.75
100
AcDbLine
 10
0.0
 20
-0.89296875
 30
0.0
 11
0.0
 21
0.89296875
 31
0.0
  0
LINE
  5
100AB
330
100A7
100
AcDbEntity
  8
Smart Centers
 62
     0
440
 16777216
 48
0.75
100
AcDbLine
 10
-4.7
 20
0.0
 30
0.0
 11
-2.678906249999999
 21
0.0
 31
0.0
  0
LINE
  5
100AC
330
100A7
100
AcDbEntity
  8
Smart Centers
 62
     0
440
 16777216
 48
0.75
100
AcDbLine
 10
2.678906249999999
 20
0.0
 30
0.0
 11
4.7
 21
0.0
 31
0.0
  0
LINE
  5
100AD
330
100A7
100
AcDbEntity
  8
Smart Centers
 62
     0
440
 16777216
 48
0.75
100
AcDbLine
 10
0.0
 20
-4.7
 30
0.0
 11
0.0
 21
-2.678906249999999
 31
0.0
  0
LINE
  5
100AE
330
100A7
100
AcDbEntity
  8
Smart Centers
 62
     0
440
 16777216
 48
0.75
100
AcDbLine
 10
0.0
 20
2.678906249999999
 30
0.0
 11
0.0
 21
4.7
 31
0.0
  0
ENDBLK
  5
100AF
330
100A7
100
AcDbEntity
  8
0
100
AcDbBlockEnd
  0
BLOCK
  5
100B9
330
100B8
100
AcDbEntity
  8
0
100
AcDbBlockBegin
  2
*U9
 70
     1
 10
0.0
 20
0.0
 30
0.0
  3
*U9
  1

  0
LINE
  5
100BA
330
100B8
100
AcDbEntity
  8
Smart Centers
  6
Continuous
 62
     0
440
 16777216
 48
0.75
100
AcDbLine
 10
-0.89296875
 20
0.0
 30
0.0
 11
0.89296875
 21
0.0
 31
0.0
  0
LINE
  5
100BB
330
100B8
100
AcDbEntity
  8
Smart Centers
  6
Continuous
 62
     0
440
 16777216
 48
0.75
100
AcDbLine
 10
0.0
 20
-0.89296875
 30
0.0
 11
0.0
 21
0.89296875
 31
0.0
  0
LINE
  5
100BC
330
100B8
100
AcDbEntity
  8
Smart Centers
 62
     0
440
 16777216
 48
0.75
100
AcDbLine
 10
-4.7
 20
0.0
 30
0.0
 11
-2.678906249999999
 21
0.0
 31
0.0
  0
LINE
  5
100BD
330
100B8
100
AcDbEntity
  8
Smart Centers
 62
     0
440
 16777216
 48
0.75
100
AcDbLine
 10
2.678906249999999
 20
0.0
 30
0.0
 11
4.7
 21
0.0
 31
0.0
  0
LINE
  5
100BE
330
100B8
100
AcDbEntity
  8
Smart Centers
 62
     0
440
 16777216
 48
0.75
100
AcDbLine
 10
0.0
 20
-4.7
 30
0.0
 11
0.0
 21
-2.678906249999999
 31
0.0
  0
LINE
  5
100BF
330
100B8
100
AcDbEntity
  8
Smart Centers
 62
     0
440
 16777216
 48
0.75
100
AcDbLine
 10
0.0
 20
2.678906249999999
 30
0.0
 11
0.0
 21
4.7
 31
0.0
  0
ENDBLK
  5
100C0
330
100B8
100
AcDbEntity
  8
0
100
AcDbBlockEnd
  0
BLOCK
  5
100CA
330
100C9
100
AcDbEntity
  8
0
100
AcDbBlockBegin
  2
*U11
 70
     1
 10
0.0
 20
0.0
 30
0.0
  3
*U11
  1

  0
LINE
  5
100CB
330
100C9
100
AcDbEntity
  8
Smart Centers
  6
Continuous
 62
     0
440
 16777216
 48
0.75
100
AcDbLine
 10
-0.89296875
 20
0.0
 30
0.0
 11
0.89296875
 21
0.0
 31
0.0
  0
LINE
  5
100CC
330
100C9
100
AcDbEntity
  8
Smart Centers
  6
Continuous
 62
     0
440
 16777216
 48
0.75
100
AcDbLine
 10
0.0
 20
-0.89296875
 30
0.0
 11
0.0
 21
0.89296875
 31
0.0
  0
LINE
  5
100CD
330
100C9
100
AcDbEntity
  8
Smart Centers
 62
     0
440
 16777216
 48
0.75
100
AcDbLine
 10
-4.7
 20
0.0
 30
0.0
 11
-2.678906249999999
 21
0.0
 31
0.0
  0
LINE
  5
100CE
330
100C9
100
AcDbEntity
  8
Smart Centers
 62
     0
440
 16777216
 48
0.75
100
AcDbLine
 10
2.678906249999999
 20
0.0
 30
0.0
 11
4.7
 21
0.0
 31
0.0
  0
LINE
  5
100CF
330
100C9
100
AcDbEntity
  8
Smart Centers
 62
     0
440
 16777216
 48
0.75
100
AcDbLine
 10
0.0
 20
-4.7
 30
0.0
 11
0.0
 21
-2.678906249999999
 31
0.0
  0
LINE
  5
100D0
330
100C9
100
AcDbEntity
  8
Smart Centers
 62
     0
440
 16777216
 48
0.75
100
AcDbLine
 10
0.0
 20
2.678906249999999
 30
0.0
 11
0.0
 21
4.7
 31
0.0
  0
ENDBLK
  5
100D1
330
100C9
100
AcDbEntity
  8
0
100
AcDbBlockEnd
  0
BLOCK
  5
100DB
330
100DA
100
AcDbEntity
  8
0
100
AcDbBlockBegin
  2
*U13
 70
     1
 10
0.0
 20
0.0
 30
0.0
  3
*U13
  1

  0
LINE
  5
100DC
330
100DA
100
AcDbEntity
  8
Smart Centers
  6
Continuous
 62
     0
440
 16777216
 48
0.75
100
AcDbLine
 10
-0.89296875
 20
0.0
 30
0.0
 11
0.89296875
 21
0.0
 31
0.0
  0
LINE
  5
100DD
330
100DA
100
AcDbEntity
  8
Smart Centers
  6
Continuous
 62
     0
440
 16777216
 48
0.75
100
AcDbLine
 10
0.0
 20
-0.89296875
 30
0.0
 11
0.0
 21
0.89296875
 31
0.0
  0
LINE
  5
100DE
330
100DA
100
AcDbEntity
  8
Smart Centers
 62
     0
440
 16777216
 48
0.75
100
AcDbLine
 10
-4.7
 20
0.0
 30
0.0
 11
-2.678906249999999
 21
0.0
 31
0.0
  0
LINE
  5
100DF
330
100DA
100
AcDbEntity
  8
Smart Centers
 62
     0
440
 16777216
 48
0.75
100
AcDbLine
 10
2.678906249999999
 20
0.0
 30
0.0
 11
4.7
 21
0.0
 31
0.0
  0
LINE
  5
100E0
330
100DA
100
AcDbEntity
  8
Smart Centers
 62
     0
440
 16777216
 48
0.75
100
AcDbLine
 10
0.0
 20
-4.7
 30
0.0
 11
0.0
 21
-2.678906249999999
 31
0.0
  0
LINE
  5
100E1
330
100DA
100
AcDbEntity
  8
Smart Centers
 62
     0
440
 16777216
 48
0.75
100
AcDbLine
 10
0.0
 20
2.678906249999999
 30
0.0
 11
0.0
 21
4.7
 31
0.0
  0
ENDBLK
  5
100E2
330
100DA
100
AcDbEntity
  8
0
100
AcDbBlockEnd
  0
BLOCK
  5
100EC
330
100EB
100
AcDbEntity
  8
0
100
AcDbBlockBegin
  2
*U15
 70
     1
 10
0.0
 20
0.0
 30
0.0
  3
*U15
  1

  0
LINE
  5
100ED
330
100EB
100
AcDbEntity
  8
Smart Centers
  6
Continuous
 62
     0
440
 16777216
 48
0.75
100
AcDbLine
 10
-0.89296875
 20
0.0
 30
0.0
 11
0.89296875
 21
0.0
 31
0.0
  0
LINE
  5
100EE
330
100EB
100
AcDbEntity
  8
Smart Centers
  6
Continuous
 62
     0
440
 16777216
 48
0.75
100
AcDbLine
 10
0.0
 20
-0.89296875
 30
0.0
 11
0.0
 21
0.89296875
 31
0.0
  0
LINE
  5
100EF
330
100EB
100
AcDbEntity
  8
Smart Centers
 62
     0
440
 16777216
 48
0.75
100
AcDbLine
 10
-4.7
 20
0.0
 30
0.0
 11
-2.678906249999999
 21
0.0
 31
0.0
  0
LINE
  5
100F0
330
100EB
100
AcDbEntity
  8
Smart Centers
 62
     0
440
 16777216
 48
0.75
100
AcDbLine
 10
2.678906249999999
 20
0.0
 30
0.0
 11
4.7
 21
0.0
 31
0.0
  0
LINE
  5
100F1
330
100EB
100
AcDbEntity
  8
Smart Centers
 62
     0
440
 16777216
 48
0.75
100
AcDbLine
 10
0.0
 20
-4.7
 30
0.0
 11
0.0
 21
-2.678906249999999
 31
0.0
  0
LINE
  5
100F2
330
100EB
100
AcDbEntity
  8
Smart Centers
 62
     0
440
 16777216
 48
0.75
100
AcDbLine
 10
0.0
 20
2.678906249999999
 30
0.0
 11
0.0
 21
4.7
 31
0.0
  0
ENDBLK
  5
100F3
330
100EB
100
AcDbEntity
  8
0
100
AcDbBlockEnd
  0
BLOCK
  5
100FD
330
100FC
100
AcDbEntity
  8
0
100
AcDbBlockBegin
  2
*U17
 70
     1
 10
0.0
 20
0.0
 30
0.0
  3
*U17
  1

  0
LINE
  5
100FE
330
100FC
100
AcDbEntity
  8
Smart Centers
  6
Continuous
 62
     0
440
 16777216
 48
0.75
100
AcDbLine
 10
-0.89296875
 20
0.0
 30
0.0
 11
0.89296875
 21
0.0
 31
0.0
  0
LINE
  5
100FF
330
100FC
100
AcDbEntity
  8
Smart Centers
  6
Continuous
 62
     0
440
 16777216
 48
0.75
100
AcDbLine
 10
0.0
 20
-0.89296875
 30
0.0
 11
0.0
 21
0.89296875
 31
0.0
  0
LINE
  5
10100
330
100FC
100
AcDbEntity
  8
Smart Centers
 62
     0
440
 16777216
 48
0.75
100
AcDbLine
 10
-4.7
 20
0.0
 30
0.0
 11
-2.678906249999999
 21
0.0
 31
0.0
  0
LINE
  5
10101
330
100FC
100
AcDbEntity
  8
Smart Centers
 62
     0
440
 16777216
 48
0.75
100
AcDbLine
 10
2.678906249999999
 20
0.0
 30
0.0
 11
4.7
 21
0.0
 31
0.0
  0
LINE
  5
10102
330
100FC
100
AcDbEntity
  8
Smart Centers
 62
     0
440
 16777216
 48
0.75
100
AcDbLine
 10
0.0
 20
-4.7
 30
0.0
 11
0.0
 21
-2.678906249999999
 31
0.0
  0
LINE
  5
10103
330
100FC
100
AcDbEntity
  8
Smart Centers
 62
     0
440
 16777216
 48
0.75
100
AcDbLine
 10
0.0
 20
2.678906249999999
 30
0.0
 11
0.0
 21
4.7
 31
0.0
  0
ENDBLK
  5
10104
330
100FC
100
AcDbEntity
  8
0
100
AcDbBlockEnd
  0
BLOCK
  5
1010E
330
1010D
100
AcDbEntity
  8
0
100
AcDbBlockBegin
  2
*U19
 70
     1
 10
0.0
 20
0.0
 30
0.0
  3
*U19
  1

  0
LINE
  5
1010F
330
1010D
100
AcDbEntity
  8
Smart Centers
  6
Continuous
 62
     0
440
 16777216
 48
0.75
100
AcDbLine
 10
-0.89296875
 20
0.0
 30
0.0
 11
0.89296875
 21
0.0
 31
0.0
  0
LINE
  5
10110
330
1010D
100
AcDbEntity
  8
Smart Centers
  6
Continuous
 62
     0
440
 16777216
 48
0.75
100
AcDbLine
 10
0.0
 20
-0.89296875
 30
0.0
 11
0.0
 21
0.89296875
 31
0.0
  0
LINE
  5
10111
330
1010D
100
AcDbEntity
  8
Smart Centers
 62
     0
440
 16777216
 48
0.75
100
AcDbLine
 10
-4.7
 20
0.0
 30
0.0
 11
-2.678906249999999
 21
0.0
 31
0.0
  0
LINE
  5
10112
330
1010D
100
AcDbEntity
  8
Smart Centers
 62
     0
440
 16777216
 48
0.75
100
AcDbLine
 10
2.678906249999999
 20
0.0
 30
0.0
 11
4.7
 21
0.0
 31
0.0
  0
LINE
  5
10113
330
1010D
100
AcDbEntity
  8
Smart Centers
 62
     0
440
 16777216
 48
0.75
100
AcDbLine
 10
0.0
 20
-4.7
 30
0.0
 11
0.0
 21
-2.678906249999999
 31
0.0
  0
LINE
  5
10114
330
1010D
100
AcDbEntity
  8
Smart Centers
 62
     0
440
 16777216
 48
0.75
100
AcDbLine
 10
0.0
 20
2.678906249999999
 30
0.0
 11
0.0
 21
4.7
 31
0.0
  0
ENDBLK
  5
10115
330
1010D
100
AcDbEntity
  8
0
100
AcDbBlockEnd
  0
BLOCK
  5
1011F
330
1011E
100
AcDbEntity
  8
0
100
AcDbBlockBegin
  2
*U21
 70
     1
 10
0.0
 20
0.0
 30
0.0
  3
*U21
  1

  0
LINE
  5
10120
330
1011E
100
AcDbEntity
  8
Smart Centers
  6
Continuous
 62
     0
440
 16777216
 48
0.75
100
AcDbLine
 10
-0.89296875
 20
0.0
 30
0.0
 11
0.89296875
 21
0.0
 31
0.0
  0
LINE
  5
10121
330
1011E
100
AcDbEntity
  8
Smart Centers
  6
Continuous
 62
     0
440
 16777216
 48
0.75
100
AcDbLine
 10
0.0
 20
-0.89296875
 30
0.0
 11
0.0
 21
0.89296875
 31
0.0
  0
LINE
  5
10122
330
1011E
100
AcDbEntity
  8
Smart Centers
 62
     0
440
 16777216
 48
0.75
100
AcDbLine
 10
-4.7
 20
0.0
 30
0.0
 11
-2.678906249999999
 21
0.0
 31
0.0
  0
LINE
  5
10123
330
1011E
100
AcDbEntity
  8
Smart Centers
 62
     0
440
 16777216
 48
0.75
100
AcDbLine
 10
2.678906249999999
 20
0.0
 30
0.0
 11
4.7
 21
0.0
 31
0.0
  0
LINE
  5
10124
330
1011E
100
AcDbEntity
  8
Smart Centers
 62
     0
440
 16777216
 48
0.75
100
AcDbLine
 10
0.0
 20
-4.7
 30
0.0
 11
0.0
 21
-2.678906249999999
 31
0.0
  0
LINE
  5
10125
330
1011E
100
AcDbEntity
  8
Smart Centers
 62
     0
440
 16777216
 48
0.75
100
AcDbLine
 10
0.0
 20
2.678906249999999
 30
0.0
 11
0.0
 21
4.7
 31
0.0
  0
ENDBLK
  5
10126
330
1011E
100
AcDbEntity
  8
0
100
AcDbBlockEnd
  0
BLOCK
  5
10130
330
1012F
100
AcDbEntity
  8
0
100
AcDbBlockBegin
  2
*U23
 70
     1
 10
0.0
 20
0.0
 30
0.0
  3
*U23
  1

  0
LINE
  5
10131
330
1012F
100
AcDbEntity
  8
Smart Centers
  6
Continuous
 62
     0
440
 16777216
 48
0.75
100
AcDbLine
 10
-0.89296875
 20
0.0
 30
0.0
 11
0.89296875
 21
0.0
 31
0.0
  0
LINE
  5
10132
330
1012F
100
AcDbEntity
  8
Smart Centers
  6
Continuous
 62
     0
440
 16777216
 48
0.75
100
AcDbLine
 10
0.0
 20
-0.89296875
 30
0.0
 11
0.0
 21
0.89296875
 31
0.0
  0
LINE
  5
10133
330
1012F
100
AcDbEntity
  8
Smart Centers
 62
     0
440
 16777216
 48
0.75
100
AcDbLine
 10
-4.7
 20
0.0
 30
0.0
 11
-2.678906249999999
 21
0.0
 31
0.0
  0
LINE
  5
10134
330
1012F
100
AcDbEntity
  8
Smart Centers
 62
     0
440
 16777216
 48
0.75
100
AcDbLine
 10
2.678906249999999
 20
0.0
 30
0.0
 11
4.7
 21
0.0
 31
0.0
  0
LINE
  5
10135
330
1012F
100
AcDbEntity
  8
Smart Centers
 62
     0
440
 16777216
 48
0.75
100
AcDbLine
 10
0.0
 20
-4.7
 30
0.0
 11
0.0
 21
-2.678906249999999
 31
0.0
  0
LINE
  5
10136
330
1012F
100
AcDbEntity
  8
Smart Centers
 62
     0
440
 16777216
 48
0.75
100
AcDbLine
 10
0.0
 20
2.678906249999999
 30
0.0
 11
0.0
 21
4.7
 31
0.0
  0
ENDBLK
  5
10137
330
1012F
100
AcDbEntity
  8
0
100
AcDbBlockEnd
  0
BLOCK
  5
10141
330
10140
100
AcDbEntity
  8
0
100
AcDbBlockBegin
  2
*U25
 70
     1
 10
0.0
 20
0.0
 30
0.0
  3
*U25
  1

  0
LINE
  5
10142
330
10140
100
AcDbEntity
  8
Smart Centers
  6
Continuous
 62
     0
440
 16777216
 48
0.75
100
AcDbLine
 10
-0.89296875
 20
0.0
 30
0.0
 11
0.89296875
 21
0.0
 31
0.0
  0
LINE
  5
10143
330
10140
100
AcDbEntity
  8
Smart Centers
  6
Continuous
 62
     0
440
 16777216
 48
0.75
100
AcDbLine
 10
0.0
 20
-0.89296875
 30
0.0
 11
0.0
 21
0.89296875
 31
0.0
  0
LINE
  5
10144
330
10140
100
AcDbEntity
  8
Smart Centers
 62
     0
440
 16777216
 48
0.75
100
AcDbLine
 10
-4.7
 20
0.0
 30
0.0
 11
-2.678906249999999
 21
0.0
 31
0.0
  0
LINE
  5
10145
330
10140
100
AcDbEntity
  8
Smart Centers
 62
     0
440
 16777216
 48
0.75
100
AcDbLine
 10
2.678906249999999
 20
0.0
 30
0.0
 11
4.7
 21
0.0
 31
0.0
  0
LINE
  5
10146
330
10140
100
AcDbEntity
  8
Smart Centers
 62
     0
440
 16777216
 48
0.75
100
AcDbLine
 10
0.0
 20
-4.7
 30
0.0
 11
0.0
 21
-2.678906249999999
 31
0.0
  0
LINE
  5
10147
330
10140
100
AcDbEntity
  8
Smart Centers
 62
     0
440
 16777216
 48
0.75
100
AcDbLine
 10
0.0
 20
2.678906249999999
 30
0.0
 11
0.0
 21
4.7
 31
0.0
  0
ENDBLK
  5
10148
330
10140
100
AcDbEntity
  8
0
100
AcDbBlockEnd
  0
BLOCK
  5
10152
330
10151
100
AcDbEntity
  8
0
100
AcDbBlockBegin
  2
*U27
 70
     1
 10
0.0
 20
0.0
 30
0.0
  3
*U27
  1

  0
LINE
  5
10153
330
10151
100
AcDbEntity
  8
Smart Centers
  6
Continuous
 62
     0
440
 16777216
 48
0.75
100
AcDbLine
 10
-0.89296875
 20
0.0
 30
0.0
 11
0.89296875
 21
0.0
 31
0.0
  0
LINE
  5
10154
330
10151
100
AcDbEntity
  8
Smart Centers
  6
Continuous
 62
     0
440
 16777216
 48
0.75
100
AcDbLine
 10
0.0
 20
-0.89296875
 30
0.0
 11
0.0
 21
0.89296875
 31
0.0
  0
LINE
  5
10155
330
10151
100
AcDbEntity
  8
Smart Centers
 62
     0
440
 16777216
 48
0.75
100
AcDbLine
 10
-4.7
 20
0.0
 30
0.0
 11
-2.678906249999999
 21
0.0
 31
0.0
  0
LINE
  5
10156
330
10151
100
AcDbEntity
  8
Smart Centers
 62
     0
440
 16777216
 48
0.75
100
AcDbLine
 10
2.678906249999999
 20
0.0
 30
0.0
 11
4.7
 21
0.0
 31
0.0
  0
LINE
  5
10157
330
10151
100
AcDbEntity
  8
Smart Centers
 62
     0
440
 16777216
 48
0.75
100
AcDbLine
 10
0.0
 20
-4.7
 30
0.0
 11
0.0
 21
-2.678906249999999
 31
0.0
  0
LINE
  5
10158
330
10151
100
AcDbEntity
  8
Smart Centers
 62
     0
440
 16777216
 48
0.75
100
AcDbLine
 10
0.0
 20
2.678906249999999
 30
0.0
 11
0.0
 21
4.7
 31
0.0
  0
ENDBLK
  5
10159
330
10151
100
AcDbEntity
  8
0
100
AcDbBlockEnd
  0
BLOCK
  5
10163
330
10162
100
AcDbEntity
  8
0
100
AcDbBlockBegin
  2
*U29
 70
     1
 10
0.0
 20
0.0
 30
0.0
  3
*U29
  1

  0
LINE
  5
10164
330
10162
100
AcDbEntity
  8
Smart Centers
  6
Continuous
 62
     0
440
 16777216
 48
0.75
100
AcDbLine
 10
-0.89296875
 20
0.0
 30
0.0
 11
0.89296875
 21
0.0
 31
0.0
  0
LINE
  5
10165
330
10162
100
AcDbEntity
  8
Smart Centers
  6
Continuous
 62
     0
440
 16777216
 48
0.75
100
AcDbLine
 10
0.0
 20
-0.89296875
 30
0.0
 11
0.0
 21
0.89296875
 31
0.0
  0
LINE
  5
10166
330
10162
100
AcDbEntity
  8
Smart Centers
 62
     0
440
 16777216
 48
0.75
100
AcDbLine
 10
-4.7
 20
0.0
 30
0.0
 11
-2.678906249999999
 21
0.0
 31
0.0
  0
LINE
  5
10167
330
10162
100
AcDbEntity
  8
Smart Centers
 62
     0
440
 16777216
 48
0.75
100
AcDbLine
 10
2.678906249999999
 20
0.0
 30
0.0
 11
4.7
 21
0.0
 31
0.0
  0
LINE
  5
10168
330
10162
100
AcDbEntity
  8
Smart Centers
 62
     0
440
 16777216
 48
0.75
100
AcDbLine
 10
0.0
 20
-4.7
 30
0.0
 11
0.0
 21
-2.678906249999999
 31
0.0
  0
LINE
  5
10169
330
10162
100
AcDbEntity
  8
Smart Centers
 62
     0
440
 16777216
 48
0.75
100
AcDbLine
 10
0.0
 20
2.678906249999999
 30
0.0
 11
0.0
 21
4.7
 31
0.0
  0
ENDBLK
  5
1016A
330
10162
100
AcDbEntity
  8
0
100
AcDbBlockEnd
  0
BLOCK
  5
10174
330
10173
100
AcDbEntity
  8
0
100
AcDbBlockBegin
  2
*U31
 70
     1
 10
0.0
 20
0.0
 30
0.0
  3
*U31
  1

  0
LINE
  5
10175
330
10173
100
AcDbEntity
  8
Smart Centers
  6
Continuous
 62
     0
440
 16777216
 48
0.75
100
AcDbLine
 10
-0.89296875
 20
0.0
 30
0.0
 11
0.89296875
 21
0.0
 31
0.0
  0
LINE
  5
10176
330
10173
100
AcDbEntity
  8
Smart Centers
  6
Continuous
 62
     0
440
 16777216
 48
0.75
100
AcDbLine
 10
0.0
 20
-0.89296875
 30
0.0
 11
0.0
 21
0.89296875
 31
0.0
  0
LINE
  5
10177
330
10173
100
AcDbEntity
  8
Smart Centers
 62
     0
440
 16777216
 48
0.75
100
AcDbLine
 10
-4.7
 20
0.0
 30
0.0
 11
-2.678906249999999
 21
0.0
 31
0.0
  0
LINE
  5
10178
330
10173
100
AcDbEntity
  8
Smart Centers
 62
     0
440
 16777216
 48
0.75
100
AcDbLine
 10
2.678906249999999
 20
0.0
 30
0.0
 11
4.7
 21
0.0
 31
0.0
  0
LINE
  5
10179
330
10173
100
AcDbEntity
  8
Smart Centers
 62
     0
440
 16777216
 48
0.75
100
AcDbLine
 10
0.0
 20
-4.7
 30
0.0
 11
0.0
 21
-2.678906249999999
 31
0.0
  0
LINE
  5
1017A
330
10173
100
AcDbEntity
  8
Smart Centers
 62
     0
440
 16777216
 48
0.75
100
AcDbLine
 10
0.0
 20
2.678906249999999
 30
0.0
 11
0.0
 21
4.7
 31
0.0
  0
ENDBLK
  5
1017B
330
10173
100
AcDbEntity
  8
0
100
AcDbBlockEnd
  0
BLOCK
  5
10185
330
10184
100
AcDbEntity
  8
0
100
AcDbBlockBegin
  2
*U33
 70
     1
 10
0.0
 20
0.0
 30
0.0
  3
*U33
  1

  0
LINE
  5
10186
330
10184
100
AcDbEntity
  8
Smart Centers
  6
Continuous
 62
     0
440
 16777216
 48
0.75
100
AcDbLine
 10
-0.89296875
 20
0.0
 30
0.0
 11
0.89296875
 21
0.0
 31
0.0
  0
LINE
  5
10187
330
10184
100
AcDbEntity
  8
Smart Centers
  6
Continuous
 62
     0
440
 16777216
 48
0.75
100
AcDbLine
 10
0.0
 20
-0.89296875
 30
0.0
 11
0.0
 21
0.89296875
 31
0.0
  0
LINE
  5
10188
330
10184
100
AcDbEntity
  8
Smart Centers
 62
     0
440
 16777216
 48
0.75
100
AcDbLine
 10
-4.7
 20
0.0
 30
0.0
 11
-2.678906249999999
 21
0.0
 31
0.0
  0
LINE
  5
10189
330
10184
100
AcDbEntity
  8
Smart Centers
 62
     0
440
 16777216
 48
0.75
100
AcDbLine
 10
2.678906249999999
 20
0.0
 30
0.0
 11
4.7
 21
0.0
 31
0.0
  0
LINE
  5
1018A
330
10184
100
AcDbEntity
  8
Smart Centers
 62
     0
440
 16777216
 48
0.75
100
AcDbLine
 10
0.0
 20
-4.7
 30
0.0
 11
0.0
 21
-2.678906249999999
 31
0.0
  0
LINE
  5
1018B
330
10184
100
AcDbEntity
  8
Smart Centers
 62
     0
440
 16777216
 48
0.75
100
AcDbLine
 10
0.0
 20
2.678906249999999
 30
0.0
 11
0.0
 21
4.7
 31
0.0
  0
ENDBLK
  5
1018C
330
10184
100
AcDbEntity
  8
0
100
AcDbBlockEnd
  0
BLOCK
  5
10196
330
10195
100
AcDbEntity
  8
0
100
AcDbBlockBegin
  2
*U35
 70
     1
 10
0.0
 20
0.0
 30
0.0
  3
*U35
  1

  0
LINE
  5
10197
330
10195
100
AcDbEntity
  8
Smart Centers
  6
Continuous
 62
     0
440
 16777216
 48
0.75
100
AcDbLine
 10
-0.89296875
 20
0.0
 30
0.0
 11
0.89296875
 21
0.0
 31
0.0
  0
LINE
  5
10198
330
10195
100
AcDbEntity
  8
Smart Centers
  6
Continuous
 62
     0
440
 16777216
 48
0.75
100
AcDbLine
 10
0.0
 20
-0.89296875
 30
0.0
 11
0.0
 21
0.89296875
 31
0.0
  0
LINE
  5
10199
330
10195
100
AcDbEntity
  8
Smart Centers
 62
     0
440
 16777216
 48
0.75
100
AcDbLine
 10
-4.7
 20
0.0
 30
0.0
 11
-2.678906249999999
 21
0.0
 31
0.0
  0
LINE
  5
1019A
330
10195
100
AcDbEntity
  8
Smart Centers
 62
     0
440
 16777216
 48
0.75
100
AcDbLine
 10
2.678906249999999
 20
0.0
 30
0.0
 11
4.7
 21
0.0
 31
0.0
  0
LINE
  5
1019B
330
10195
100
AcDbEntity
  8
Smart Centers
 62
     0
440
 16777216
 48
0.75
100
AcDbLine
 10
0.0
 20
-4.7
 30
0.0
 11
0.0
 21
-2.678906249999999
 31
0.0
  0
LINE
  5
1019C
330
10195
100
AcDbEntity
  8
Smart Centers
 62
     0
440
 16777216
 48
0.75
100
AcDbLine
 10
0.0
 20
2.678906249999999
 30
0.0
 11
0.0
 21
4.7
 31
0.0
  0
ENDBLK
  5
1019D
330
10195
100
AcDbEntity
  8
0
100
AcDbBlockEnd
  0
BLOCK
  5
101A7
330
101A6
100
AcDbEntity
  8
0
100
AcDbBlockBegin
  2
*U37
 70
     1
 10
0.0
 20
0.0
 30
0.0
  3
*U37
  1

  0
LINE
  5
101A8
330
101A6
100
AcDbEntity
  8
Smart Centers
  6
Continuous
 62
     0
440
 16777216
 48
0.75
100
AcDbLine
 10
-0.89296875
 20
0.0
 30
0.0
 11
0.89296875
 21
0.0
 31
0.0
  0
LINE
  5
101A9
330
101A6
100
AcDbEntity
  8
Smart Centers
  6
Continuous
 62
     0
440
 16777216
 48
0.75
100
AcDbLine
 10
0.0
 20
-0.89296875
 30
0.0
 11
0.0
 21
0.89296875
 31
0.0
  0
LINE
  5
101AA
330
101A6
100
AcDbEntity
  8
Smart Centers
 62
     0
440
 16777216
 48
0.75
100
AcDbLine
 10
-4.7
 20
0.0
 30
0.0
 11
-2.678906249999999
 21
0.0
 31
0.0
  0
LINE
  5
101AB
330
101A6
100
AcDbEntity
  8
Smart Centers
 62
     0
440
 16777216
 48
0.75
100
AcDbLine
 10
2.678906249999999
 20
0.0
 30
0.0
 11
4.7
 21
0.0
 31
0.0
  0
LINE
  5
101AC
330
101A6
100
AcDbEntity
  8
Smart Centers
 62
     0
440
 16777216
 48
0.75
100
AcDbLine
 10
0.0
 20
-4.7
 30
0.0
 11
0.0
 21
-2.678906249999999
 31
0.0
  0
LINE
  5
101AD
330
101A6
100
AcDbEntity
  8
Smart Centers
 62
     0
440
 16777216
 48
0.75
100
AcDbLine
 10
0.0
 20
2.678906249999999
 30
0.0
 11
0.0
 21
4.7
 31
0.0
  0
ENDBLK
  5
101AE
330
101A6
100
AcDbEntity
  8
0
100
AcDbBlockEnd
  0
BLOCK
  5
101B8
330
101B7
100
AcDbEntity
  8
0
100
AcDbBlockBegin
  2
*U39
 70
     1
 10
0.0
 20
0.0
 30
0.0
  3
*U39
  1

  0
LINE
  5
101B9
330
101B7
100
AcDbEntity
  8
Smart Centers
  6
Continuous
 62
     0
440
 16777216
 48
0.75
100
AcDbLine
 10
-0.89296875
 20
0.0
 30
0.0
 11
0.89296875
 21
0.0
 31
0.0
  0
LINE
  5
101BA
330
101B7
100
AcDbEntity
  8
Smart Centers
  6
Continuous
 62
     0
440
 16777216
 48
0.75
100
AcDbLine
 10
0.0
 20
-0.89296875
 30
0.0
 11
0.0
 21
0.89296875
 31
0.0
  0
LINE
  5
101BB
330
101B7
100
AcDbEntity
  8
Smart Centers
 62
     0
440
 16777216
 48
0.75
100
AcDbLine
 10
-4.7
 20
0.0
 30
0.0
 11
-2.678906249999999
 21
0.0
 31
0.0
  0
LINE
  5
101BC
330
101B7
100
AcDbEntity
  8
Smart Centers
 62
     0
440
 16777216
 48
0.75
100
AcDbLine
 10
2.678906249999999
 20
0.0
 30
0.0
 11
4.7
 21
0.0
 31
0.0
  0
LINE
  5
101BD
330
101B7
100
AcDbEntity
  8
Smart Centers
 62
     0
440
 16777216
 48
0.75
100
AcDbLine
 10
0.0
 20
-4.7
 30
0.0
 11
0.0
 21
-2.678906249999999
 31
0.0
  0
LINE
  5
101BE
330
101B7
100
AcDbEntity
  8
Smart Centers
 62
     0
440
 16777216
 48
0.75
100
AcDbLine
 10
0.0
 20
2.678906249999999
 30
0.0
 11
0.0
 21
4.7
 31
0.0
  0
ENDBLK
  5
101BF
330
101B7
100
AcDbEntity
  8
0
100
AcDbBlockEnd
  0
BLOCK
  5
101C9
330
101C8
100
AcDbEntity
  8
0
100
AcDbBlockBegin
  2
*U41
 70
     1
 10
0.0
 20
0.0
 30
0.0
  3
*U41
  1

  0
LINE
  5
101CA
330
101C8
100
AcDbEntity
  8
Smart Centers
  6
Continuous
 62
     0
440
 16777216
 48
0.75
100
AcDbLine
 10
-0.89296875
 20
0.0
 30
0.0
 11
0.89296875
 21
0.0
 31
0.0
  0
LINE
  5
101CB
330
101C8
100
AcDbEntity
  8
Smart Centers
  6
Continuous
 62
     0
440
 16777216
 48
0.75
100
AcDbLine
 10
0.0
 20
-0.89296875
 30
0.0
 11
0.0
 21
0.89296875
 31
0.0
  0
LINE
  5
101CC
330
101C8
100
AcDbEntity
  8
Smart Centers
 62
     0
440
 16777216
 48
0.75
100
AcDbLine
 10
-4.7
 20
0.0
 30
0.0
 11
-2.678906249999999
 21
0.0
 31
0.0
  0
LINE
  5
101CD
330
101C8
100
AcDbEntity
  8
Smart Centers
 62
     0
440
 16777216
 48
0.75
100
AcDbLine
 10
2.678906249999999
 20
0.0
 30
0.0
 11
4.7
 21
0.0
 31
0.0
  0
LINE
  5
101CE
330
101C8
100
AcDbEntity
  8
Smart Centers
 62
     0
440
 16777216
 48
0.75
100
AcDbLine
 10
0.0
 20
-4.7
 30
0.0
 11
0.0
 21
-2.678906249999999
 31
0.0
  0
LINE
  5
101CF
330
101C8
100
AcDbEntity
  8
Smart Centers
 62
     0
440
 16777216
 48
0.75
100
AcDbLine
 10
0.0
 20
2.678906249999999
 30
0.0
 11
0.0
 21
4.7
 31
0.0
  0
ENDBLK
  5
101D0
330
101C8
100
AcDbEntity
  8
0
100
AcDbBlockEnd
  0
ENDSEC
  0
SECTION
  2
ENTITIES
  0
LWPOLYLINE
  5
100
330
1F
100
AcDbEntity
  8
0
100
AcDbPolyline
 90
      126
 70
     1
 43
0.0
 10
1028.17504721777
 20
-1251.117932914796
 10
1028.17504721777
 20
-1156.910496472695
 42
0.4142135623730951
 10
1027.17504721777
 20
-1155.910496472695
 10
1017.05851917316
 20
-1155.910496472695
 42
-0.1989123673808071
 10
1016.35141239197
 20
-1155.617603253879
 10
1011.67971554784
 20
-1150.945906409752
 42
0.1989123673811529
 10
1010.972608766649
 20
-1150.653013190935
 10
1010.725047237679
 20
-1150.65301319094
 42
0.4142135623730951
 10
1010.225047237679
 20
-1151.153013190932
 10
1010.225047237679
 20
-1152.753011955095
 42
-0.9999999999999998
 10
1008.025047237679
 20
-1152.753011955095
 10
1008.025047237679
 20
-1151.153013190932
 42
0.4142135623730118
 10
1007.525047237679
 20
-1150.653013190932
 10
1007.277485708719
 20
-1150.65301319094
 42
0.1989123673809115
 10
1006.57037892753
 20
-1150.945906409752
 10
1001.898682083399
 20
-1155.617603253879
 42
-0.1989123673808071
 10
1001.191575302209
 20
-1155.910496472695
 10
950.3760613651776
 20
-1155.910496472695
 42
-0.1989123673800237
 10
949.6689545839901
 20
-1155.617603253881
 10
945.0047155279287
 20
-1150.953364197818
 42
0.1989123673805153
 10
944.2976087467416
 20
-1150.660470979002
 10
944.050047217769
 20
-1150.660470979008
 42
0.4142135623729285
 10
943.550047217769
 20
-1151.160470979009
 10
943.550047217769
 20
-1152.760469743162
 42
-0.9999999999999998
 10
941.3500472177688
 20
-1152.760469743162
 10
941.3500472177688
 20
-1151.160470979009
 42
0.4142135623729285
 10
940.8500472177696
 20
-1150.660470979009
 10
940.6024856888064
 20
-1150.660470979008
 42
0.1989123673803064
 10
939.8953789076186
 20
-1150.953364197817
 10
935.2311398515583
 20
-1155.617603253881
 42
-0.1989123673800237
 10
934.524033070371
 20
-1155.910496472696
 10
855.1260613651786
 20
-1155.910496472696
 42
-0.1989123673803109
 10
854.4189545839902
 20
-1155.617603253881
 10
849.7547155279278
 20
-1150.953364197818
 42
0.1989123673803694
 10
849.0476087467415
 20
-1150.660470979002
 10
848.800047217769
 20
-1150.660470979007
 42
0.4142135623729285
 10
848.3000472177689
 20
-1151.160470979009
 10
848.3000472177685
 20
-1152.760469743161
 42
-0.9999999999999998
 10
846.1000472177687
 20
-1152.760469743161
 10
846.1000472177687
 20
-1151.160470979009
 42
0.4142135623729285
 10
845.6000472177697
 20
-1150.660470979008
 10
845.3524856888067
 20
-1150.660470979007
 42
0.1989123673803785
 10
844.6453789076183
 20
-1150.953364197817
 10
839.9811398515581
 20
-1155.61760325388
 42
-0.198912367380337
 10
839.2740330703697
 20
-1155.910496472696
 10
759.8760346490985
 20
-1155.910496472696
 42
-0.1989123673801019
 10
759.1689278679109
 20
-1155.617603253881
 10
754.5047155279287
 20
-1150.953390913898
 42
0.1989123673805415
 10
753.7976087467418
 20
-1150.660497695081
 10
753.5500472177687
 20
-1150.660497695086
 42
0.4142135623729285
 10
753.0500472177687
 20
-1151.160497695088
 10
753.0500472177698
 20
-1152.760496459241
 42
-0.9999999999999998
 10
750.8500472177697
 20
-1152.760496459241
 10
750.8500472177685
 20
-1151.160497695088
 42
0.4142135623729285
 10
750.3500472177697
 20
-1150.660497695088
 10
750.1024856888067
 20
-1150.660497695086
 42
0.1989123673801541
 10
749.3953789076189
 20
-1150.953390913896
 10
744.6311665676375
 20
-1155.717603253882
 42
-0.1989123673800497
 10
743.9240597864498
 20
-1156.010496472696
 10
743.425047217768
 20
-1156.010496472701
 42
0.4142135623731367
 10
742.4250472177679
 20
-1157.010496472696
 10
742.4250472177676
 20
-1251.017932914796
 42
0.4142135623730118
 10
743.425047217768
 20
-1252.017932914795
 10
747.2459347864387
 20
-1252.017932914795
 42
-0.1989123673804154
 10
747.9530415676272
 20
-1252.31082613361
 10
752.7172539076087
 20
-1257.075038473595
 42
0.1989123673786656
 10
753.4243606887959
 20
-1257.367931692403
 10
753.6719222177679
 20
-1257.367931692398
 42
0.4142135623729285
 10
754.1719222177678
 20
-1256.867931692405
 10
754.1719222177678
 20
-1255.267932928253
 42
-0.9999999999999998
 10
756.3719222177676
 20
-1255.267932928253
 10
756.3719222177676
 20
-1256.867931692405
 42
0.4142135623730118
 10
756.8719222177676
 20
-1257.367931692406
 10
757.1194837467308
 20
-1257.367931692398
 42
0.1989123673782459
 10
757.8265905279141
 20
-1257.075038473592
 10
762.4908028678988
 20
-1252.410826133612
 42
-0.1989123673805199
 10
763.1979096490876
 20
-1252.117932914796
 10
807.1615117314067
 20
-1252.117932914796
 42
-0.1989123673802325
 10
807.8686185125949
 20
-1252.410826133611
 10
812.5328788876988
 20
-1257.075086508717
 42
0.1989123673788809
 10
813.2399856688858
 20
-1257.367979727525
 10
813.4875471978578
 20
-1257.36797972752
 42
0.4142135623729285
 10
813.9875471978577
 20
-1256.867979727527
 10
813.9875471978578
 20
-1255.267980963374
 42
-0.9999999999999998
 10
816.1875471978579
 20
-1255.267980963374
 10
816.1875471978579
 20
-1256.867979727527
 42
0.4142135623729285
 10
816.6875471978576
 20
-1257.367979727527
 10
816.9351087268207
 20
-1257.367979727519
 42
0.1989123673783721
 10
817.6422155080041
 20
-1257.075086508714
 10
822.3064758831108
 20
-1252.410826133611
 42
-0.1989123673802325
 10
823.0135826642987
 20
-1252.117932914796
 10
827.3367498962088
 20
-1252.117932914801
 10
828.0413834716588
 20
-1251.853695324004
 42
-0.0899339631635942
 10
828.7436303548378
 20
-1251.726353679141
 10
936.8564641047679
 20
-1251.726353679141
 42
-0.0899339631624058
 10
937.5587109879381
 20
-1251.853695324
 10
938.2633445633789
 20
-1252.117932914801
 10
942.5865117404377
 20
-1252.117932914796
 42
-0.1989123673804154
 10
943.2936185216263
 20
-1252.410826133611
 10
947.9578788876988
 20
-1257.075086499686
 42
0.198912367378535
 10
948.6649856688856
 20
-1257.367979718493
 10
948.9125471978576
 20
-1257.367979718488
 42
0.4142135623730951
 10
949.4125471978575
 20
-1256.867979718495
 10
949.4125471978575
 20
-1255.267980954343
 42
-0.9999999999999998
 10
951.6125471978577
 20
-1255.267980954343
 10
951.6125471978577
 20
-1256.867979718495
 42
0.4142135623726789
 10
952.1125471978578
 20
-1257.367979718495
 10
952.3601087268207
 20
-1257.367979718488
 42
0.1989123673783459
 10
953.067215508004
 20
-1257.075086499683
 10
957.7314758740795
 20
-1252.410826133611
 42
-0.1989123673802847
 10
958.4385826552676
 20
-1252.117932914796
 10
1007.15213673141
 20
-1252.117932914796
 42
-0.1989123673790051
 10
1007.859243512594
 20
-1252.410826133608
 10
1012.5235038877
 20
-1257.075086508717
 42
0.1989123673791987
 10
1013.230610668889
 20
-1257.367979727525
 10
1013.478172197859
 20
-1257.36797972752
 42
0.4142135623729285
 10
1013.97817219786
 20
-1256.867979727527
 10
1013.97817219786
 20
-1255.267980963374
 42
-0.9999999999999998
 10
1016.178172197859
 20
-1255.267980963374
 10
1016.178172197859
 20
-1256.867979727527
 42
0.4142135623729285
 10
1016.67817219786
 20
-1257.367979727527
 10
1016.92573372682
 20
-1257.367979727519
 42
0.198912367379251
 10
1017.632840508005
 20
-1257.075086508712
 10
1022.29710088311
 20
-1252.410826133613
 42
-0.1989123673809116
 10
1023.0042076643
 20
-1252.117932914796
 10
1027.17504721777
 20
-1252.117932914801
 42
0.4142135623730951
  0
CIRCLE
  5
101
330
1F
100
AcDbEntity
  8
0
100
AcDbCircle
 10
885.3000432396687
 20
-1247.410961641941
 30
0.0000000000002132
 40
2.04999999999997
  0
CIRCLE
  5
102
330
1F
100
AcDbEntity
  8
0
100
AcDbCircle
 10
809.1128442098897
 20
-1193.833567336928
 30
0.0000000000002132
 40
2.09999999999994
  0
CIRCLE
  5
103
330
1F
100
AcDbEntity
  8
0
100
AcDbCircle
 10
942.4631159904286
 20
-1193.833567336928
 30
0.0000000000002132
 40
2.09999999999994
  0
LWPOLYLINE
  5
104
330
1F
100
AcDbEntity
  8
0
100
AcDbPolyline
 90
       14
 70
     1
 43
0.0
 10
1008.48129721777
 20
-1230.060496459236
 10
993.5432972172788
 20
-1230.060496459236
 10
993.5432972177689
 20
-1231.560496459233
 42
-0.4142135623730118
 10
993.043297217769
 20
-1232.060496459233
 10
987.0432972177685
 20
-1232.060496459233
 42
-0.4142135623729285
 10
986.5432972177689
 20
-1231.560496459233
 10
986.5432972172788
 20
-1230.060496459236
 10
985.9562971606688
 20
-1230.060496459233
 42
-0.4142135623729285
 10
985.4562971606688
 20
-1229.560496459233
 10
985.4562971606688
 20
-1216.56049645923
 42
-0.4142135623730118
 10
985.9562971606688
 20
-1216.06049645923
 10
1008.48129721777
 20
-1216.06049645923
 42
-0.4142135623729285
 10
1008.98129721777
 20
-1216.56049645923
 10
1008.981297217772
 20
-1229.560496459233
 42
-0.4142135623730118
  0
CIRCLE
  5
105
330
1F
100
AcDbEntity
  8
0
100
AcDbCircle
 10
813.8830477289918
 20
-1241.93046943837
 30
0.0000000000002132
 40
2.100000023842
  0
LWPOLYLINE
  5
106
330
1F
100
AcDbEntity
  8
0
100
AcDbPolyline
 90
        4
 70
     1
 43
0.0
 10
873.5364853469787
 20
-1197.010684155761
 10
887.5361260837687
 20
-1197.010684155761
 10
887.5361260837687
 20
-1211.011719079629
 10
873.5364853469787
 20
-1211.011719079629
  0
LWPOLYLINE
  5
107
330
1F
100
AcDbEntity
  8
0
100
AcDbPolyline
 90
        4
 70
     1
 43
0.0
 10
882.7750364209189
 20
-1191.960314131382
 10
868.7739853481685
 20
-1191.960314131382
 10
868.7739853481685
 20
-1177.960678777563
 10
882.7750364209189
 20
-1177.960678777563
  0
LWPOLYLINE
  5
108
330
1F
100
AcDbEntity
  8
0
100
AcDbPolyline
 90
        4
 70
     1
 43
0.0
 10
868.4871811490188
 20
-1211.011719079629
 10
854.4850857816987
 20
-1211.011719079629
 10
854.4850857816987
 20
-1197.010684155761
 10
868.4871811490188
 20
-1197.010684155761
  0
LWPOLYLINE
  5
109
330
1F
100
AcDbEntity
  8
0
100
AcDbPolyline
 90
        4
 70
     1
 43
0.0
 10
864.0129064512487
 20
-1216.060678768031
 10
878.0125364221087
 20
-1216.060678768031
 10
878.0125364221087
 20
-1230.060308738907
 10
864.0129064512487
 20
-1230.060308738907
  0
LWPOLYLINE
  5
110
330
1F
100
AcDbEntity
  8
0
100
AcDbPolyline
 90
        4
 70
     1
 43
0.0
 10
973.2625471642188
 20
-1216.060678768031
 10
973.2625471642188
 20
-1230.060308738907
 10
959.2629279592788
 20
-1230.060308738907
 10
959.2629279592788
 20
-1216.060678768031
  0
LWPOLYLINE
  5
111
330
1F
100
AcDbEntity
  8
0
100
AcDbPolyline
 90
        4
 70
     1
 43
0.0
 10
954.2111260670987
 20
-1216.060678768031
 10
954.2111260670987
 20
-1230.060308738907
 10
940.2114853303087
 20
-1230.060308738907
 10
940.2114853303087
 20
-1216.060678768031
  0
LWPOLYLINE
  5
112
330
1F
100
AcDbEntity
  8
0
100
AcDbPolyline
 90
        4
 70
     1
 43
0.0
 10
935.1625256418987
 20
-1216.060678768031
 10
935.1625256418987
 20
-1230.060308738907
 10
921.1628956710287
 20
-1230.060308738907
 10
921.1628956710287
 20
-1216.060678768031
  0
LWPOLYLINE
  5
113
330
1F
100
AcDbEntity
  8
0
100
AcDbPolyline
 90
        4
 70
     1
 43
0.0
 10
916.1125256466588
 20
-1216.060678768031
 10
916.1125256466588
 20
-1230.060308738907
 10
902.1128956757989
 20
-1230.060308738907
 10
902.1128956757989
 20
-1216.060678768031
  0
LWPOLYLINE
  5
114
330
1F
100
AcDbEntity
  8
0
100
AcDbPolyline
 90
        4
 70
     1
 43
0.0
 10
897.061126081379
 20
-1216.060678768031
 10
897.061126081379
 20
-1230.060308738907
 10
883.0614961105187
 20
-1230.060308738907
 10
883.0614961105187
 20
-1216.060678768031
  0
LWPOLYLINE
  5
115
330
1F
100
AcDbEntity
  8
0
100
AcDbPolyline
 90
        4
 70
     1
 43
0.0
 10
858.9611260909087
 20
-1216.060678768031
 10
858.9611260909087
 20
-1230.060308738907
 10
844.9614853541188
 20
-1230.060308738907
 10
844.9614853541188
 20
-1216.060678768031
  0
LWPOLYLINE
  5
116
330
1F
100
AcDbEntity
  8
0
100
AcDbPolyline
 90
        4
 70
     1
 43
0.0
 10
839.9125364316388
 20
-1216.060678768031
 10
839.9125364316388
 20
-1230.060308738907
 10
825.9129064607689
 20
-1230.060308738907
 10
825.9129064607689
 20
-1216.060678768031
  0
LWPOLYLINE
  5
117
330
1F
100
AcDbEntity
  8
0
100
AcDbPolyline
 90
        4
 70
     1
 43
0.0
 10
820.8625364363996
 20
-1216.060678768031
 10
820.8625364363996
 20
-1230.060308738907
 10
806.8629064655297
 20
-1230.060308738907
 10
806.8629064655297
 20
-1216.060678768031
  0
LWPOLYLINE
  5
118
330
1F
100
AcDbEntity
  8
0
100
AcDbPolyline
 90
        4
 70
     1
 43
0.0
 10
801.8125472070799
 20
-1216.060678768031
 10
801.8125472070799
 20
-1230.060308738907
 10
787.8129172362196
 20
-1230.060308738907
 10
787.8129172362196
 20
-1216.060678768031
  0
LWPOLYLINE
  5
119
330
1F
100
AcDbEntity
  8
0
100
AcDbPolyline
 90
        4
 70
     1
 43
0.0
 10
982.7875471618387
 20
-1197.010684155761
 10
982.7875471618387
 20
-1211.011719079629
 10
968.7879279568987
 20
-1211.011719079629
 10
968.7879279568987
 20
-1197.010684155761
  0
LWPOLYLINE
  5
120
330
1F
100
AcDbEntity
  8
0
100
AcDbPolyline
 90
        4
 70
     1
 43
0.0
 10
963.7375471665988
 20
-1197.010684155761
 10
963.7375471665988
 20
-1211.011719079629
 10
949.7379064298089
 20
-1211.011719079629
 10
949.7379064298089
 20
-1197.010684155761
  0
LWPOLYLINE
  5
121
330
1F
100
AcDbEntity
  8
0
100
AcDbPolyline
 90
        4
 70
     1
 43
0.0
 10
944.6861260694788
 20
-1197.010684155761
 10
944.6861260694788
 20
-1211.011719079629
 10
930.686485332689
 20
-1211.011719079629
 10
930.686485332689
 20
-1197.010684155761
  0
LWPOLYLINE
  5
122
330
1F
100
AcDbEntity
  8
0
100
AcDbPolyline
 90
        4
 70
     1
 43
0.0
 10
925.6375256442789
 20
-1197.010684155761
 10
925.6375256442789
 20
-1211.011719079629
 10
911.6378956734189
 20
-1211.011719079629
 10
911.6378956734189
 20
-1197.010684155761
  0
LWPOLYLINE
  5
123
330
1F
100
AcDbEntity
  8
0
100
AcDbPolyline
 90
        4
 70
     1
 43
0.0
 10
906.5861260789985
 20
-1197.010684155761
 10
906.5861260789985
 20
-1211.011719079629
 10
892.5864961081389
 20
-1211.011719079629
 10
892.5864961081389
 20
-1197.010684155761
  0
LWPOLYLINE
  5
124
330
1F
100
AcDbEntity
  8
0
100
AcDbPolyline
 90
        4
 70
     1
 43
0.0
 10
849.4361260932887
 20
-1197.010684155761
 10
849.4361260932887
 20
-1211.011719079629
 10
835.4364853564986
 20
-1211.011719079629
 10
835.4364853564986
 20
-1197.010684155761
  0
LWPOLYLINE
  5
125
330
1F
100
AcDbEntity
  8
0
100
AcDbPolyline
 90
        4
 70
     1
 43
0.0
 10
830.3861260980488
 20
-1197.010684155761
 10
830.3861260980488
 20
-1211.011719079629
 10
816.3864907442288
 20
-1211.011719079629
 10
816.3864907442288
 20
-1197.010684155761
  0
LWPOLYLINE
  5
126
330
1F
100
AcDbEntity
  8
0
100
AcDbPolyline
 90
        4
 70
     1
 43
0.0
 10
811.3361261028197
 20
-1197.010684155761
 10
811.3361261028197
 20
-1211.011719079629
 10
797.3350804130197
 20
-1211.011719079629
 10
797.3350804130197
 20
-1197.010684155761
  0
LWPOLYLINE
  5
127
330
1F
100
AcDbEntity
  8
0
100
AcDbPolyline
 90
        4
 70
     1
 43
0.0
 10
792.2875364435387
 20
-1197.010684155761
 10
792.2875364435387
 20
-1211.011719079629
 10
778.2879064726696
 20
-1211.011719079629
 10
778.2879064726696
 20
-1197.010684155761
  0
LWPOLYLINE
  5
128
330
1F
100
AcDbEntity
  8
0
100
AcDbPolyline
 90
        4
 70
     1
 43
0.0
 10
766.0937864500697
 20
-1197.010684155761
 10
766.0937864500697
 20
-1211.011719079629
 10
752.0941564792687
 20
-1211.011719079629
 10
752.0941564792687
 20
-1197.010684155761
  0
LWPOLYLINE
  5
129
330
1F
100
AcDbEntity
  8
0
100
AcDbPolyline
 90
        4
 70
     1
 43
0.0
 10
1020.88612605047
 20
-1177.960678777563
 10
1020.88612605047
 20
-1191.960314131382
 10
1006.886485313669
 20
-1191.960314131382
 10
1006.886485313669
 20
-1177.960678777563
  0
LWPOLYLINE
  5
130
330
1F
100
AcDbEntity
  8
0
100
AcDbPolyline
 90
        4
 70
     1
 43
0.0
 10
997.0736260563688
 20
-1177.960678777563
 10
997.0736260563688
 20
-1191.960314131382
 10
983.0739853195888
 20
-1191.960314131382
 10
983.0739853195888
 20
-1177.960678777563
  0
LWPOLYLINE
  5
131
330
1F
100
AcDbEntity
  8
0
100
AcDbPolyline
 90
        4
 70
     1
 43
0.0
 10
978.0250471630287
 20
-1177.960678777563
 10
978.0250471630287
 20
-1191.960314131382
 10
964.0240068561988
 20
-1191.960314131382
 10
964.0239853243487
 20
-1177.960678777563
  0
LWPOLYLINE
  5
132
330
1F
100
AcDbEntity
  8
0
100
AcDbPolyline
 90
        4
 70
     1
 43
0.0
 10
958.9736260659087
 20
-1177.960678777563
 10
958.9736260659087
 20
-1191.960314131382
 10
944.9739853291188
 20
-1191.960314131382
 10
944.9739853291188
 20
-1177.960678777563
  0
LWPOLYLINE
  5
133
330
1F
100
AcDbEntity
  8
0
100
AcDbPolyline
 90
        4
 70
     1
 43
0.0
 10
939.9250256407087
 20
-1177.960678777563
 10
939.9250256407087
 20
-1191.960314131382
 10
925.9239853338788
 20
-1191.960314131382
 10
925.9239853338788
 20
-1177.960678777563
  0
LWPOLYLINE
  5
134
330
1F
100
AcDbEntity
  8
0
100
AcDbPolyline
 90
        4
 70
     1
 43
0.0
 10
920.8750364113988
 20
-1177.960678777563
 10
920.8750364113988
 20
-1191.960314131382
 10
906.8739961045688
 20
-1191.960314131382
 10
906.8739961045688
 20
-1177.960678777563
  0
LWPOLYLINE
  5
135
330
1F
100
AcDbEntity
  8
0
100
AcDbPolyline
 90
        4
 70
     1
 43
0.0
 10
901.8236260801888
 20
-1177.960678777563
 10
901.8236260801888
 20
-1191.960314131382
 10
887.8239961093287
 20
-1191.960314131382
 10
887.8239961093287
 20
-1177.960678777563
  0
LWPOLYLINE
  5
136
330
1F
100
AcDbEntity
  8
0
100
AcDbPolyline
 90
        4
 70
     1
 43
0.0
 10
863.7236260897189
 20
-1177.960678777563
 10
863.7236260897189
 20
-1191.960314131382
 10
849.7239853529288
 20
-1191.960314131382
 10
849.7239853529288
 20
-1177.960678777563
  0
LWPOLYLINE
  5
137
330
1F
100
AcDbEntity
  8
0
100
AcDbPolyline
 90
        4
 70
     1
 43
0.0
 10
844.6750471963685
 20
-1177.960678777563
 10
844.6750471963685
 20
-1191.960314131382
 10
830.6740015065786
 20
-1191.960314131382
 10
830.6740015065786
 20
-1177.960678777563
  0
LWPOLYLINE
  5
138
330
1F
100
AcDbEntity
  8
0
100
AcDbPolyline
 90
        4
 70
     1
 43
0.0
 10
825.6250418181696
 20
-1177.960678777563
 10
825.6250418181696
 20
-1191.960314131382
 10
811.6239961283786
 20
-1191.960314131382
 10
811.6239961283786
 20
-1177.960678777563
  0
LWPOLYLINE
  5
139
330
1F
100
AcDbEntity
  8
0
100
AcDbPolyline
 90
        4
 70
     1
 43
0.0
 10
806.5750418229297
 20
-1177.960678777563
 10
806.5750418229297
 20
-1191.960314131382
 10
792.5739961331397
 20
-1191.960314131382
 10
792.5739961331397
 20
-1177.960678777563
  0
LWPOLYLINE
  5
140
330
1F
100
AcDbEntity
  8
0
100
AcDbPolyline
 90
        4
 70
     1
 43
0.0
 10
787.5236261087686
 20
-1177.960678777563
 10
787.5236261087686
 20
-1191.960314131382
 10
773.5239961378697
 20
-1191.960314131382
 10
773.5239961378697
 20
-1177.960678777563
  0
LWPOLYLINE
  5
141
330
1F
100
AcDbEntity
  8
0
100
AcDbPolyline
 90
        4
 70
     1
 43
0.0
 10
763.7125364506697
 20
-1177.960678777563
 10
763.7125364506697
 20
-1191.960314131382
 10
749.7129064798697
 20
-1191.960314131382
 10
749.7129064798697
 20
-1177.960678777563
  0
CIRCLE
  5
142
330
1F
100
AcDbEntity
  8
0
100
AcDbCircle
 10
746.8000438309687
 20
-1176.011904094195
 30
0.0000000000002132
 40
2.0
  0
LWPOLYLINE
  5
143
330
1F
100
AcDbEntity
  8
0
100
AcDbPolyline
 90
        8
 70
     1
 43
0.0
 10
1000.24379721777
 20
-1197.010496459235
 10
1013.243797217769
 20
-1197.010496459237
 42
-0.4142135623729285
 10
1013.743797217769
 20
-1197.510496459237
 10
1013.743797217769
 20
-1210.510496459231
 42
-0.4142135623729285
 10
1013.243797217769
 20
-1211.010496459231
 10
1000.24379721777
 20
-1211.010496459231
 42
-0.4142135623730951
 10
999.7437972177696
 20
-1210.510496459231
 10
999.7437972177674
 20
-1197.510496459237
 42
-0.4142135623729285
  0
LWPOLYLINE
  5
144
330
1F
100
AcDbEntity
  8
0
100
AcDbPolyline
 90
        8
 70
     1
 43
0.0
 10
991.8057972177686
 20
-1198.01049645923
 10
997.8057972177687
 20
-1198.010496459232
 42
-0.4142135623729285
 10
998.3057972177688
 20
-1198.510496459232
 10
998.3057972177688
 20
-1212.510496459231
 42
-0.4142135623728453
 10
997.8057972177687
 20
-1213.01049645923
 10
991.8057972177686
 20
-1213.01049645923
 42
-0.4142135623732617
 10
991.3057972177687
 20
-1212.510496459231
 10
991.3057972177663
 20
-1198.510496459232
 42
-0.4142135623728453
  0
LWPOLYLINE
  5
145
330
1F
100
AcDbEntity
  8
0
100
AcDbPolyline
 90
       14
 70
     1
 43
0.0
 10
1011.650047160669
 20
-1217.060496459233
 10
1011.650047160669
 20
-1216.56049645923
 42
-0.4142135623729285
 10
1012.15004716067
 20
-1216.06049645923
 10
1025.15004716067
 20
-1216.06049645923
 42
-0.4142135623729285
 10
1025.650047160669
 20
-1216.56049645923
 10
1025.650047160669
 20
-1229.560496459233
 42
-0.4142135623730118
 10
1025.15004716067
 20
-1230.060496459233
 10
1017.41929721728
 20
-1230.060496459236
 10
1017.419297217769
 20
-1231.560496459233
 42
-0.4142135623730118
 10
1016.91929721777
 20
-1232.060496459233
 10
1010.91929721777
 20
-1232.060496459233
 42
-0.4142135623729285
 10
1010.41929721777
 20
-1231.560496459233
 10
1010.41929721777
 20
-1217.560496459235
 42
-0.4142135623729285
 10
1010.91929721777
 20
-1217.060496459235
  0
LWPOLYLINE
  5
146
330
1F
100
AcDbEntity
  8
0
100
AcDbPolyline
 90
        8
 70
     1
 43
0.0
 10
919.8937972177686
 20
-1247.610496459232
 10
919.8937972177686
 20
-1233.610496459233
 42
-0.4142135623731784
 10
920.3937972177691
 20
-1233.110496459233
 10
926.3937972177689
 20
-1233.110496459233
 42
-0.4142135623729285
 10
926.8937972177685
 20
-1233.610496459233
 10
926.8937972177685
 20
-1247.610496459231
 42
-0.4142135623733448
 10
926.3937972177689
 20
-1248.110496459231
 10
920.3937972177691
 20
-1248.110496459231
 42
-0.4142135623730951
  0
LWPOLYLINE
  5
147
330
1F
100
AcDbEntity
  8
0
100
AcDbPolyline
 90
        8
 70
     1
 43
0.0
 10
826.3937972177686
 20
-1248.110496459234
 10
820.3937972177698
 20
-1248.110496459231
 42
-0.4142135623729285
 10
819.8937972177699
 20
-1247.610496459232
 10
819.8937972177699
 20
-1233.610496459233
 42
-0.4142135623731784
 10
820.3937972177698
 20
-1233.110496459233
 10
826.3937972177686
 20
-1233.110496459233
 42
-0.4142135623731784
 10
826.893797217769
 20
-1233.610496459233
 10
826.8937972177713
 20
-1247.610496459231
 42
-0.4142135623733448
  0
LWPOLYLINE
  5
148
330
1F
100
AcDbEntity
  8
0
100
AcDbPolyline
 90
        8
 70
     1
 43
0.0
 10
772.7942972177697
 20
-1217.060496459233
 10
778.7942972177697
 20
-1217.060496459235
 42
-0.4142135623729285
 10
779.2942972177696
 20
-1217.560496459235
 10
779.2942972177696
 20
-1231.560496459233
 42
-0.4142135623729285
 10
778.7942972177697
 20
-1232.060496459233
 10
772.7942972177697
 20
-1232.060496459233
 42
-0.4142135623729285
 10
772.2942972177698
 20
-1231.560496459233
 10
772.2942972177673
 20
-1217.560496459235
 42
-0.4142135623729285
  0
LWPOLYLINE
  5
149
330
1F
100
AcDbEntity
  8
0
100
AcDbPolyline
 90
        8
 70
     1
 43
0.0
 10
757.3562972177686
 20
-1216.060496459238
 10
770.3562972177686
 20
-1216.06049645923
 42
-0.4142135623729285
 10
770.8562972177685
 20
-1216.56049645923
 10
770.8562972177685
 20
-1229.560496459233
 42
-0.4142135623730118
 10
770.3562972177686
 20
-1230.060496459233
 10
757.3562972177686
 20
-1230.060496459233
 42
-0.4142135623729285
 10
756.8562972177686
 20
-1229.560496459233
 10
756.8562972177764
 20
-1216.56049645923
 42
-0.4142135623730118
  0
LWPOLYLINE
  5
150
330
1F
100
AcDbEntity
  8
0
100
AcDbPolyline
 90
        8
 70
     1
 43
0.0
 10
748.9182972177685
 20
-1217.060496459233
 10
754.9182972177698
 20
-1217.060496459235
 42
-0.4142135623729285
 10
755.4182972177698
 20
-1217.560496459235
 10
755.4182972177698
 20
-1231.560496459233
 42
-0.4142135623729285
 10
754.9182972177698
 20
-1232.060496459233
 10
748.9182972177685
 20
-1232.060496459233
 42
-0.4142135623729285
 10
748.4182972177686
 20
-1231.560496459233
 10
748.4182972177664
 20
-1217.560496459235
 42
-0.4142135623729285
  0
CIRCLE
  5
151
330
1F
100
AcDbEntity
  8
0
100
AcDbCircle
 10
823.3950449518896
 20
-1216.905467912497
 30
0.0000000000001421
 40
2.10000002384199
  0
CIRCLE
  5
152
330
1F
100
AcDbEntity
  8
0
100
AcDbCircle
 10
937.6950403742489
 20
-1217.005470201317
 30
0.0000000000002132
 40
2.10000002384202
  0
CIRCLE
  5
153
330
1F
100
AcDbEntity
  8
0
100
AcDbCircle
 10
1024.79504647777
 20
-1178.505466386614
 30
0.0000000000002132
 40
2.10000002384202
  0
LWPOLYLINE
  5
154
330
1F
100
AcDbEntity
  8
0
100
AcDbPolyline
 90
        8
 70
     1
 43
0.0
 10
831.4188007043487
 20
-1232.582309228545
 10
861.8687972177687
 20
-1232.582309228545
 42
-0.4142135623730951
 10
863.8687972177686
 20
-1234.582309228544
 10
863.8687972177686
 20
-1246.610496459236
 42
-0.4142135623730951
 10
861.8687972177687
 20
-1248.610496459236
 10
831.4188007043487
 20
-1248.610496459236
 42
-0.4142135623730951
 10
829.4188007043487
 20
-1246.610496459236
 10
829.4188007043487
 20
-1234.582309228544
 42
-0.4142135623730951
  0
LWPOLYLINE
  5
155
330
1F
100
AcDbEntity
  8
0
100
AcDbPolyline
 90
       14
 70
     1
 43
0.0
 10
888.762776991575
 20
-1246.901574791493
 42
0.3919271756441265
 10
885.0574343535553
 20
-1243.919380205343
 42
-0.4346813716132771
 10
882.9188007043487
 20
-1241.924190813003
 10
882.9188007043487
 20
-1234.582308808755
 42
-0.4142135623731367
 10
884.9188007043487
 20
-1232.582308808755
 10
915.3687972177687
 20
-1232.582308808755
 42
-0.4142135623730951
 10
917.3687972177686
 20
-1234.582308808755
 10
917.3687972177686
 20
-1246.610496591251
 42
-0.4142135623731159
 10
915.3687972177687
 20
-1248.610496591252
 10
902.7372903462488
 20
-1248.610496591252
 42
-0.3723404076922725
 10
900.7582925758926
 20
-1246.899577591881
 42
0.8645381136789714
 10
893.831800379645
 20
-1246.899577591882
 42
-0.3723404076922113
 10
891.8528026092888
 20
-1248.610496591252
 10
890.7414819926646
 20
-1248.610496591241
 42
-0.3720531359461552
  0
LWPOLYLINE
  5
156
330
1F
100
AcDbEntity
  8
0
100
AcDbPolyline
 90
        8
 70
     1
 43
0.0
 10
1024.26991854285
 20
-1206.456144081134
 10
1026.033902209739
 20
-1206.456144081134
 10
1026.033902209739
 20
-1206.720810161613
 10
1024.26991854285
 20
-1206.720810161613
 10
1024.26991854285
 20
-1207.379746662157
 10
1024.03390217994
 20
-1207.379746662157
 10
1024.03390217994
 20
-1205.794480072043
 10
1024.26991854285
 20
-1205.794480072044
  0
LWPOLYLINE
  5
157
330
1F
100
AcDbEntity
  8
0
100
AcDbPolyline
 90
       10
 70
     1
 43
0.0
 10
1025.125307482229
 20
-1203.071425186178
 10
1026.033902209739
 20
-1203.071425186178
 10
1026.033902209739
 20
-1203.336091266647
 10
1024.03390217994
 20
-1203.336091266647
 10
1024.03390217994
 20
-1201.986839996355
 10
1024.26991854285
 20
-1201.986839996355
 10
1024.26991854285
 20
-1203.071425186178
 10
1024.889290970309
 20
-1203.071425186178
 10
1024.889290970309
 20
-1202.132816539779
 10
1025.125307482229
 20
-1202.132816539779
  0
SPLINE
  5
158
330
1F
100
AcDbEntity
  8
0
100
AcDbSpline
210
0.000000000001169
220
-0.0000000000004007
230
1.0
 70
     8
 71
     3
 72
     9
 73
     5
 74
     0
 42
0.000000001
 43
0.0000000001
 40
0.0
 40
0.0
 40
0.0
 40
0.0
 40
0.5227179500604771
 40
1.0
 40
1.0
 40
1.0
 40
1.0
 10
1024.02571667408
 20
-1199.018218742395
 30
0.0000000000001421
 10
1024.0301568853
 20
-1198.944388119381
 30
0.0000000000002132
 10
1024.038651353909
 20
-1198.803144408499
 30
0.0000000000002132
 10
1024.11947424849
 20
-1198.687383727341
 30
0.0000000000002132
 10
1024.158049565299
 20
-1198.632133232141
 30
0.0000000000001421
  0
SPLINE
  5
159
330
1F
100
AcDbEntity
  8
0
100
AcDbSpline
210
-0.000000000000425
220
0.0000000000004648
230
1.0
 70
     8
 71
     3
 72
     9
 73
     5
 74
     0
 42
0.000000001
 43
0.0000000001
 40
0.0
 40
0.0
 40
0.0
 40
0.0
 40
0.4784369074066371
 40
1.0
 40
1.0
 40
1.0
 40
1.0
 10
1024.158049565299
 20
-1198.632133232141
 30
0.0000000000001421
 10
1024.20792011939
 20
-1198.586534652661
 30
0.0000000000002132
 10
1024.31215654706
 20
-1198.491227248978
 30
0.0000000000001421
 10
1024.45116735888
 20
-1198.464583534703
 30
0.0000000000002132
 10
1024.52367026781
 20
-1198.4506871567
 30
0.0000000000002132
  0
LINE
  5
160
330
1F
100
AcDbEntity
  8
0
100
AcDbLine
 10
1024.52367026781
 20
-1198.4506871567
 30
0.0000000000002132
 11
1024.54276983117
 21
-1198.694889770527
 31
0.0000000000002132
  0
SPLINE
  5
161
330
1F
100
AcDbEntity
  8
0
100
AcDbSpline
210
0.0
220
0.0
230
1.0
 70
     8
 71
     3
 72
     9
 73
     5
 74
     0
 42
0.000000001
 43
0.0000000001
 40
0.0
 40
0.0
 40
0.0
 40
0.0
 40
0.56576828168672
 40
1.0
 40
1.0
 40
1.0
 40
1.0
 10
1024.54276983117
 20
-1198.694889770527
 30
0.0000000000002132
 10
1024.49986491731
 20
-1198.705271360983
 30
0.0000000000001421
 10
1024.42403013609
 20
-1198.723620905819
 30
0.0000000000002132
 10
1024.360333455319
 20
-1198.76827026967
 30
0.0000000000002132
 10
1024.33267433618
 20
-1198.787658439655
 30
0.0000000000002132
  0
SPLINE
  5
162
330
1F
100
AcDbEntity
  8
0
100
AcDbSpline
210
0.0
220
0.0
230
1.0
 70
     8
 71
     3
 72
     9
 73
     5
 74
     0
 42
0.000000001
 43
0.0000000001
 40
0.0
 40
0.0
 40
0.0
 40
0.0
 40
0.4988152895693981
 40
1.0
 40
1.0
 40
1.0
 40
1.0
 10
1024.33267433618
 20
-1198.787658439655
 30
0.0000000000002132
 10
1024.302035499189
 20
-1198.822846413808
 30
0.0000000000002132
 10
1024.24061228776
 20
-1198.893389508382
 30
0.0000000000002132
 10
1024.23196203675
 20
-1198.986539470813
 30
0.0000000000002132
 10
1024.2276266632
 20
-1199.03322480776
 30
0.0000000000002132
  0
SPLINE
  5
163
330
1F
100
AcDbEntity
  8
0
100
AcDbSpline
210
0.0000000000013774
220
0.0000000000000929
230
1.0
 70
     8
 71
     3
 72
     9
 73
     5
 74
     0
 42
0.000000001
 43
0.0000000001
 40
0.0
 40
0.0
 40
0.0
 40
0.0
 40
0.508405318377503
 40
1.0
 40
1.0
 40
1.0
 40
1.0
 10
1024.2276266632
 20
-1199.03322480776
 30
0.0000000000002132
 10
1024.23016699978
 20
-1199.070882083362
 30
0.0000000000002132
 10
1024.235163675649
 20
-1199.144951480816
 30
0.0000000000002132
 10
1024.274012924189
 20
-1199.208156664631
 30
0.0000000000001421
 10
1024.293111008149
 20
-1199.239227996841
 30
0.0000000000001421
  0
SPLINE
  5
164
330
1F
100
AcDbEntity
  8
0
100
AcDbSpline
210
-0.0000000000004825
220
-0.0000000000010405
230
-1.0
 70
     8
 71
     3
 72
     9
 73
     5
 74
     0
 42
0.000000001
 43
0.0000000001
 40
0.0
 40
0.0
 40
0.0
 40
0.0
 40
0.4734422564214351
 40
1.0
 40
1.0
 40
1.0
 40
1.0
 10
1024.293111008149
 20
-1199.239227996841
 30
0.0000000000001421
 10
1024.325855325369
 20
-1199.276356697001
 30
0.0000000000002132
 10
1024.39501754478
 20
-1199.354779566196
 30
0.0000000000002132
 10
1024.49001813312
 20
-1199.398838338717
 30
0.0000000000002132
 10
1024.54004142855
 20
-1199.42203782656
 30
0.0000000000002132
  0
SPLINE
  5
165
330
1F
100
AcDbEntity
  8
0
100
AcDbSpline
210
0.0
220
0.0
230
1.0
 70
     8
 71
     3
 72
     9
 73
     5
 74
     0
 42
0.000000001
 43
0.0000000001
 40
0.0
 40
0.0
 40
0.0
 40
0.0
 40
0.4328144955299131
 40
1.0
 40
1.0
 40
1.0
 40
1.0
 10
1024.54004142855
 20
-1199.42203782656
 30
0.0000000000002132
 10
1024.60521014043
 20
-1199.441610728563
 30
0.0000000000002132
 10
1024.75577975523
 20
-1199.486833109515
 30
0.0000000000002132
 10
1024.913224130669
 20
-1199.489884701669
 30
0.0000000000002132
 10
1025.00252429818
 20
-1199.4916155205
 30
0.0000000000002132
  0
SPLINE
  5
166
330
1F
100
AcDbEntity
  8
0
100
AcDbSpline
210
0.0
220
0.0
230
1.0
 70
     8
 71
     3
 72
     9
 73
     5
 74
     0
 42
0.000000001
 43
0.0000000001
 40
0.0
 40
0.0
 40
0.0
 40
0.0
 40
0.5151300260049691
 40
1.0
 40
1.0
 40
1.0
 40
1.0
 10
1025.00252429818
 20
-1199.4916155205
 30
0.0000000000002132
 10
1024.9607591952
 20
-1199.461091104831
 30
0.0000000000002132
 10
1024.87968237794
 20
-1199.401835355548
 30
0.0000000000002132
 10
1024.827352059509
 20
-1199.316214766052
 30
0.0000000000002132
 10
1024.80197865938
 20
-1199.274699913042
 30
0.0000000000002132
  0
SPLINE
  5
167
330
1F
100
AcDbEntity
  8
0
100
AcDbSpline
210
0.0000000000013258
220
0.0000000000005874
230
1.0
 70
     8
 71
     3
 72
     9
 73
     5
 74
     0
 42
0.000000001
 43
0.0000000001
 40
0.0
 40
0.0
 40
0.0
 40
0.0
 40
0.503178409884229
 40
1.0
 40
1.0
 40
1.0
 40
1.0
 10
1024.80197865938
 20
-1199.274699913042
 30
0.0000000000002132
 10
1024.7828793181
 20
-1199.231592782381
 30
0.0000000000002132
 10
1024.744921923859
 20
-1199.145923107745
 30
0.0000000000002132
 10
1024.739291587219
 20
-1199.052402996124
 30
0.0000000000002132
 10
1024.73649431442
 20
-1199.005940185565
 30
0.0000000000001421
  0
SPLINE
  5
168
330
1F
100
AcDbEntity
  8
0
100
AcDbSpline
210
0.0000000000008876
220
-0.0000000000003858
230
1.0
 70
     8
 71
     3
 72
     9
 73
     5
 74
     0
 42
0.000000001
 43
0.0000000001
 40
0.0
 40
0.0
 40
0.0
 40
0.0
 40
0.497500058361792
 40
1.0
 40
1.0
 40
1.0
 40
1.0
 10
1024.73649431442
 20
-1199.005940185565
 30
0.0000000000001421
 10
1024.74420464075
 20
-1198.927012704207
 30
0.0000000000002132
 10
1024.759702782319
 20
-1198.768364519066
 30
0.0000000000002132
 10
1024.86501899775
 20
-1198.648640235707
 30
0.0000000000002132
 10
1024.91794038986
 20
-1198.588478790302
 30
0.0000000000001421
  0
SPLINE
  5
169
330
1F
100
AcDbEntity
  8
0
100
AcDbSpline
210
0.0000000000000338
220
-0.000000000000501
230
1.0
 70
     8
 71
     3
 72
     9
 73
     5
 74
     0
 42
0.000000001
 43
0.0000000001
 40
0.0
 40
0.0
 40
0.0
 40
0.0
 40
0.4809544413875721
 40
1.0
 40
1.0
 40
1.0
 40
1.0
 10
1024.91794038986
 20
-1198.588478790302
 30
0.0000000000001421
 10
1024.984099263209
 20
-1198.537964754893
 30
0.0000000000002132
 10
1025.12165672742
 20
-1198.43293602232
 30
0.0000000000002132
 10
1025.29469922277
 20
-1198.421271857586
 30
0.0000000000002132
 10
1025.384516161429
 20
-1198.415217624683
 30
0.0000000000002132
  0
SPLINE
  5
170
330
1F
100
AcDbEntity
  8
0
100
AcDbSpline
210
0.0
220
0.0
230
1.0
 70
     8
 71
     3
 72
     9
 73
     5
 74
     0
 42
0.000000001
 43
0.0000000001
 40
0.0
 40
0.0
 40
0.0
 40
0.0
 40
0.504540795395947
 40
1.0
 40
1.0
 40
1.0
 40
1.0
 10
1025.384516161429
 20
-1198.415217624683
 30
0.0000000000002132
 10
1025.44594158225
 20
-1198.418502401213
 30
0.0000000000002132
 10
1025.567686783779
 20
-1198.425012829225
 30
0.0000000000002132
 10
1025.67965457883
 20
-1198.473199396935
 30
0.0000000000002132
 10
1025.73513005351
 20
-1198.497073875442
 30
0.0000000000002132
  0
SPLINE
  5
171
330
1F
100
AcDbEntity
  8
0
100
AcDbSpline
210
-0.0000000000005076
220
-0.0000000000008832
230
1.0
 70
     8
 71
     3
 72
     9
 73
     5
 74
     0
 42
0.000000001
 43
0.0000000001
 40
0.0
 40
0.0
 40
0.0
 40
0.0
 40
0.510817083460749
 40
1.0
 40
1.0
 40
1.0
 40
1.0
 10
1025.73513005351
 20
-1198.497073875442
 30
0.0000000000002132
 10
1025.78533783714
 20
-1198.525930786503
 30
0.0000000000001421
 10
1025.88362700024
 20
-1198.582422458356
 30
0.0000000000002132
 10
1025.94972598148
 20
-1198.674435618261
 30
0.0000000000001421
 10
1025.98206047391
 20
-1198.719446884177
 30
0.0000000000001421
  0
SPLINE
  5
172
330
1F
100
AcDbEntity
  8
0
100
AcDbSpline
210
0.0000000000010477
220
0.000000000000059
230
-1.0
 70
     8
 71
     3
 72
     9
 73
     5
 74
     0
 42
0.000000001
 43
0.0000000001
 40
0.0
 40
0.0
 40
0.0
 40
0.0
 40
0.489156534576169
 40
1.0
 40
1.0
 40
1.0
 40
1.0
 10
1025.98206047391
 20
-1198.719446884177
 30
0.0000000000001421
 10
1026.00712544889
 20
-1198.768958151152
 30
0.0000000000002132
 10
1026.05836666353
 20
-1198.870175784925
 30
0.0000000000002132
 10
1026.06474847622
 20
-1198.983514010071
 30
0.0000000000002132
 10
1026.068008583529
 20
-1199.041412101766
 30
0.0000000000002132
  0
SPLINE
  5
173
330
1F
100
AcDbEntity
  8
0
100
AcDbSpline
210
-0.0000000000003976
220
0.0000000000000369
230
1.0
 70
     8
 71
     3
 72
     9
 73
     5
 74
     0
 42
0.000000001
 43
0.0000000001
 40
0.0
 40
0.0
 40
0.0
 40
0.0
 40
0.5047474395321731
 40
1.0
 40
1.0
 40
1.0
 40
1.0
 10
1026.068008583529
 20
-1199.041412101766
 30
0.0000000000002132
 10
1026.05899058772
 20
-1199.138700017144
 30
0.0000000000001421
 10
1026.041124234939
 20
-1199.331445750475
 30
0.0000000000002132
 10
1025.90855936793
 20
-1199.472323457127
 30
0.0000000000002132
 10
1025.84290627812
 20
-1199.542093502067
 30
0.0000000000001421
  0
SPLINE
  5
174
330
1F
100
AcDbEntity
  8
0
100
AcDbSpline
210
-0.0000000000000053
220
0.000000000000387
230
1.0
 70
     8
 71
     3
 72
     9
 73
     5
 74
     0
 42
0.000000001
 43
0.0000000001
 40
0.0
 40
0.0
 40
0.0
 40
0.0
 40
0.4262291783353411
 40
1.0
 40
1.0
 40
1.0
 40
1.0
 10
1025.84290627812
 20
-1199.542093502067
 30
0.0000000000001421
 10
1025.7453213133
 20
-1199.598289733113
 30
0.0000000000002132
 10
1025.516371795559
 20
-1199.730134838769
 30
0.0000000000002132
 10
1025.25054558643
 20
-1199.733746098731
 30
0.0000000000001421
 10
1025.098022263989
 20
-1199.735818134327
 30
0.0000000000002132
  0
SPLINE
  5
175
330
1F
100
AcDbEntity
  8
0
100
AcDbSpline
210
-0.0000000000001605
220
-0.0000000000006316
230
1.0
 70
     8
 71
     3
 72
     9
 73
     5
 74
     0
 42
0.000000001
 43
0.0000000001
 40
0.0
 40
0.0
 40
0.0
 40
0.0
 40
0.5710503479636921
 40
1.0
 40
1.0
 40
1.0
 40
1.0
 10
1025.098022263989
 20
-1199.735818134327
 30
0.0000000000002132
 10
1024.92686289999
 20
-1199.733227024921
 30
0.0000000000001421
 10
1024.62713562618
 20
-1199.728689580156
 30
0.0000000000001421
 10
1024.366647866359
 20
-1199.583786262928
 30
0.0000000000002132
 10
1024.254911732419
 20
-1199.521630035415
 30
0.0000000000002132
  0
SPLINE
  5
176
330
1F
100
AcDbEntity
  8
0
100
AcDbSpline
210
0.0000000000002727
220
0.0000000000002653
230
1.0
 70
     8
 71
     3
 72
     9
 73
     5
 74
     0
 42
0.000000001
 43
0.0000000001
 40
0.0
 40
0.0
 40
0.0
 40
0.0
 40
0.490168085159865
 40
1.0
 40
1.0
 40
1.0
 40
1.0
 10
1024.254911732419
 20
-1199.521630035415
 30
0.0000000000002132
 10
1024.18807041648
 20
-1199.452926138284
 30
0.0000000000002132
 10
1024.051706344719
 20
-1199.312762183897
 30
0.0000000000002132
 10
1024.034492726179
 20
-1199.117678586439
 30
0.0000000000002132
 10
1024.02571667408
 20
-1199.018218742395
 30
0.0000000000001421
  0
LWPOLYLINE
  5
177
330
1F
100
AcDbEntity
  8
0
100
AcDbPolyline
 90
        4
 70
     1
 43
0.0
 10
1025.18669892524
 20
-1195.889978633902
 10
1025.43362934564
 20
-1195.889978633902
 10
1025.43362934564
 20
-1196.644413696304
 10
1025.18669892524
 20
-1196.644413696304
  0
LWPOLYLINE
  5
178
330
1F
100
AcDbEntity
  8
0
100
AcDbPolyline
 90
       12
 70
     1
 43
0.0
 10
1025.091200959429
 20
-1195.314262138386
 10
1026.033902209739
 20
-1195.314262138386
 10
1026.033902209739
 20
-1195.578925834671
 10
1024.03390217994
 20
-1195.578925834671
 10
1024.03390217994
 20
-1195.314262138386
 10
1024.85518459653
 20
-1195.314262138386
 10
1024.85518459653
 20
-1194.274699913047
 10
1024.03390217994
 20
-1194.274699913047
 10
1024.03390217994
 20
-1194.010031448385
 10
1026.033902209739
 20
-1194.010031448385
 10
1026.033902209739
 20
-1194.274699913047
 10
1025.091200959429
 20
-1194.274699913047
  0
LWPOLYLINE
  5
179
330
1F
100
AcDbEntity
  8
0
100
AcDbPolyline
 90
        4
 70
     1
 43
0.0
 10
1025.18669892524
 20
-1191.078245864883
 10
1025.43362934564
 20
-1191.078245864883
 10
1025.43362934564
 20
-1191.832678543111
 10
1025.18669892524
 20
-1191.832678543111
  0
LWPOLYLINE
  5
180
330
1F
100
AcDbEntity
  8
0
100
AcDbPolyline
 90
        4
 70
     1
 43
0.0
 10
1025.75422961687
 20
-1188.903620468155
 10
1026.033902209739
 20
-1188.903620468155
 10
1026.033902209739
 20
-1189.183294998193
 10
1025.75422961687
 20
-1189.183294998193
  0
SPLINE
  5
181
330
1F
100
AcDbEntity
  8
0
100
AcDbSpline
210
-0.0000000000004482
220
0.0000000000003128
230
1.0
 70
     8
 71
     3
 72
     9
 73
     5
 74
     0
 42
0.000000001
 43
0.0000000001
 40
0.0
 40
0.0
 40
0.0
 40
0.0
 40
0.5228870081983321
 40
1.0
 40
1.0
 40
1.0
 40
1.0
 10
1026.068008583529
 20
-1186.348369346633
 30
0.0000000000001421
 10
1026.062891638099
 20
-1186.433701488419
 30
0.0000000000001421
 10
1026.053105689409
 20
-1186.596895716695
 30
0.0000000000002132
 10
1025.95975212571
 20
-1186.730662172711
 30
0.0000000000001421
 10
1025.91521192764
 20
-1186.794483886737
 30
0.0000000000002132
  0
SPLINE
  5
182
330
1F
100
AcDbEntity
  8
0
100
AcDbSpline
210
-0.0000000000003741
220
0.00000000000041
230
1.0
 70
     8
 71
     3
 72
     9
 73
     5
 74
     0
 42
0.000000001
 43
0.0000000001
 40
0.0
 40
0.0
 40
0.0
 40
0.0
 40
0.4864530766316479
 40
1.0
 40
1.0
 40
1.0
 40
1.0
 10
1025.91521192764
 20
-1186.794483886737
 30
0.0000000000002132
 10
1025.85904457632
 20
-1186.845739195369
 30
0.0000000000002132
 10
1025.74358153576
 20
-1186.951104565833
 30
0.0000000000002132
 10
1025.58927261804
 20
-1186.977418050221
 30
0.0000000000002132
 10
1025.510027748099
 20
-1186.990931259177
 30
0.0000000000001421
  0
LINE
  5
183
330
1F
100
AcDbEntity
  8
0
100
AcDbLine
 10
1025.510027748099
 20
-1186.990931259177
 30
0.0000000000001421
 11
1025.48819963311
 21
-1186.733086334252
 31
0.0000000000001421
  0
SPLINE
  5
184
330
1F
100
AcDbEntity
  8
0
100
AcDbSpline
210
0.0
220
0.0
230
1.0
 70
     8
 71
     3
 72
     9
 73
     5
 74
     0
 42
0.000000001
 43
0.0000000001
 40
0.0
 40
0.0
 40
0.0
 40
0.0
 40
0.54061135577224
 40
1.0
 40
1.0
 40
1.0
 40
1.0
 10
1025.48819963311
 20
-1186.733086334252
 30
0.0000000000002132
 10
1025.54551320786
 20
-1186.722017251171
 30
0.0000000000002132
 10
1025.65152943216
 20
-1186.701542129902
 30
0.0000000000002132
 10
1025.73405408879
 20
-1186.632480578544
 30
0.0000000000002132
 10
1025.77196497892
 20
-1186.600754486099
 30
0.0000000000002132
  0
SPLINE
  5
185
330
1F
100
AcDbEntity
  8
0
100
AcDbSpline
210
-0.0000000000007657
220
0.0000000000005671
230
1.0
 70
     8
 71
     3
 72
     9
 73
     5
 74
     0
 42
0.000000001
 43
0.0000000001
 40
0.0
 40
0.0
 40
0.0
 40
0.0
 40
0.4939717444881041
 40
1.0
 40
1.0
 40
1.0
 40
1.0
 10
1025.77196497892
 20
-1186.600754486099
 30
0.0000000000002132
 10
1025.79941955203
 20
-1186.563687707688
 30
0.0000000000002132
 10
1025.85499878994
 20
-1186.488649451283
 30
0.0000000000002132
 10
1025.8623691387
 20
-1186.395503719032
 30
0.0000000000001421
 10
1025.86609874343
 20
-1186.348369346633
 30
0.0000000000001421
  0
SPLINE
  5
186
330
1F
100
AcDbEntity
  8
0
100
AcDbSpline
210
-0.0000000000005132
220
-0.0000000000004653
230
1.0
 70
     8
 71
     3
 72
     9
 73
     5
 74
     0
 42
0.000000001
 43
0.0000000001
 40
0.0
 40
0.0
 40
0.0
 40
0.0
 40
0.4966995586928191
 40
1.0
 40
1.0
 40
1.0
 40
1.0
 10
1025.86609874343
 20
-1186.348369346633
 30
0.0000000000001421
 10
1025.86038244083
 20
-1186.291391290999
 30
0.0000000000002132
 10
1025.848873868909
 20
-1186.176677970558
 30
0.0000000000002132
 10
1025.77139609812
 20
-1186.091236476049
 30
0.0000000000002132
 10
1025.732401501879
 20
-1186.048233734147
 30
0.0000000000002132
  0
SPLINE
  5
187
330
1F
100
AcDbEntity
  8
0
100
AcDbSpline
210
0.0
220
0.0
230
1.0
 70
     8
 71
     3
 72
     9
 73
     5
 74
     0
 42
0.000000001
 43
0.0000000001
 40
0.0
 40
0.0
 40
0.0
 40
0.0
 40
0.472807402997531
 40
1.0
 40
1.0
 40
1.0
 40
1.0
 10
1025.732401501879
 20
-1186.048233734147
 30
0.0000000000002132
 10
1025.68238075781
 20
-1186.012451130903
 30
0.0000000000001421
 10
1025.576585578299
 20
-1185.936769990935
 30
0.0000000000002132
 10
1025.446352677859
 20
-1185.929356502257
 30
0.0000000000002132
 10
1025.37769485687
 20
-1185.925448165911
 30
0.0000000000002132
  0
SPLINE
  5
188
330
1F
100
AcDbEntity
  8
0
100
AcDbSpline
210
0.0
220
0.0
230
1.0
 70
     8
 71
     3
 72
     9
 73
     5
 74
     0
 42
0.000000001
 43
0.0000000001
 40
0.0
 40
0.0
 40
0.0
 40
0.0
 40
0.5296634824354872
 40
1.0
 40
1.0
 40
1.0
 40
1.0
 10
1025.37769485687
 20
-1185.925448165911
 30
0.0000000000002132
 10
1025.31273756032
 20
-1185.929109104409
 30
0.0000000000002132
 10
1025.190098755299
 20
-1185.936020924109
 30
0.0000000000002132
 10
1025.092217606709
 20
-1186.009556163106
 30
0.0000000000001421
 10
1025.04618052815
 20
-1186.044142471333
 30
0.0000000000002132
  0
SPLINE
  5
189
330
1F
100
AcDbEntity
  8
0
100
AcDbSpline
210
0.0
220
0.0
230
1.0
 70
     8
 71
     3
 72
     9
 73
     5
 74
     0
 42
0.000000001
 43
0.0000000001
 40
0.0
 40
0.0
 40
0.0
 40
0.0
 40
0.482625940876745
 40
1.0
 40
1.0
 40
1.0
 40
1.0
 10
1025.04618052815
 20
-1186.044142471333
 30
0.0000000000002132
 10
1025.010778508459
 20
-1186.087358902251
 30
0.0000000000001421
 10
1024.93742559331
 20
-1186.176903262101
 30
0.0000000000002132
 10
1024.92907966251
 20
-1186.292601396191
 30
0.0000000000002132
 10
1024.92476169442
 20
-1186.352460609457
 30
0.0000000000002132
  0
SPLINE
  5
190
330
1F
100
AcDbEntity
  8
0
100
AcDbSpline
210
0.0
220
0.0
230
1.0
 70
     8
 71
     3
 72
     9
 73
     5
 74
     0
 42
0.000000001
 43
0.0000000001
 40
0.0
 40
0.0
 40
0.0
 40
0.0
 40
0.5099963179888422
 40
1.0
 40
1.0
 40
1.0
 40
1.0
 10
1024.92476169442
 20
-1186.352460609457
 30
0.0000000000002132
 10
1024.926848077039
 20
-1186.390725001945
 30
0.0000000000002132
 10
1024.930939052889
 20
-1186.465753764202
 30
0.0000000000002132
 10
1024.96341744846
 20
-1186.533469924615
 30
0.0000000000002132
 10
1024.97933198188
 20
-1186.566651092553
 30
0.0000000000002132
  0
SPLINE
  5
191
330
1F
100
AcDbEntity
  8
0
100
AcDbSpline
210
0.0
220
0.0
230
1.0
 70
     8
 71
     3
 72
     9
 73
     5
 74
     0
 42
0.000000001
 43
0.0000000001
 40
0.0
 40
0.0
 40
0.0
 40
0.0
 40
0.509319277682749
 40
1.0
 40
1.0
 40
1.0
 40
1.0
 10
1024.97933198188
 20
-1186.566651092553
 30
0.0000000000002132
 10
1024.99815536534
 20
-1186.596602091825
 30
0.0000000000002132
 10
1025.03511328992
 20
-1186.655408032599
 30
0.0000000000002132
 10
1025.09104259624
 20
-1186.696539073921
 30
0.0000000000002132
 10
1025.118486028659
 20
-1186.716721282975
 30
0.0000000000002132
  0
LINE
  5
192
330
1F
100
AcDbEntity
  8
0
100
AcDbLine
 10
1025.118486028659
 20
-1186.716721282975
 30
0.0000000000002132
 11
1025.088472407799
 21
-1186.947276817337
 31
0.0000000000002132
  0
LINE
  5
193
330
1F
100
AcDbEntity
  8
0
100
AcDbLine
 10
1025.088472407799
 20
-1186.947276817337
 30
0.0000000000002132
 11
1024.06118739818
 21
-1186.753552185077
 31
0.0000000000002131
  0
LINE
  5
194
330
1F
100
AcDbEntity
  8
0
100
AcDbLine
 10
1024.06118739818
 20
-1186.753552185077
 30
0.0000000000002131
 11
1024.06118739818
 21
-1185.759012924212
 31
0.000000000000142
  0
LINE
  5
195
330
1F
100
AcDbEntity
  8
0
100
AcDbLine
 10
1024.06118739818
 20
-1185.759012924212
 30
0.000000000000142
 11
1024.295839410769
 21
-1185.759012924212
 31
0.0000000000002132
  0
LINE
  5
196
330
1F
100
AcDbEntity
  8
0
100
AcDbLine
 10
1024.295839410769
 20
-1185.759012924212
 30
0.0000000000002132
 11
1024.295839410769
 21
-1186.55710004427
 31
0.0000000000002133
  0
LINE
  5
197
330
1F
100
AcDbEntity
  8
0
100
AcDbLine
 10
1024.295839410769
 20
-1186.55710004427
 30
0.0000000000002133
 11
1024.83335648154
 21
-1186.66487954714
 31
0.0000000000001421
  0
SPLINE
  5
198
330
1F
100
AcDbEntity
  8
0
100
AcDbSpline
210
0.0
220
0.0
230
1.0
 70
     8
 71
     3
 72
     9
 73
     5
 74
     0
 42
0.000000001
 43
0.0000000001
 40
0.0
 40
0.0
 40
0.0
 40
0.0
 40
0.513926626163196
 40
1.0
 40
1.0
 40
1.0
 40
1.0
 10
1024.83335648154
 20
-1186.66487954714
 30
0.0000000000002132
 10
1024.79675728228
 20
-1186.605082776688
 30
0.0000000000002132
 10
1024.72554244849
 20
-1186.488730037969
 30
0.0000000000002132
 10
1024.71363351187
 20
-1186.352967242541
 30
0.0000000000002132
 10
1024.707844894869
 20
-1186.286976562515
 30
0.0000000000002132
  0
SPLINE
  5
199
330
1F
100
AcDbEntity
  8
0
100
AcDbSpline
210
0.0000000000004982
220
-0.0000000000000438
230
1.0
 70
     8
 71
     3
 72
     9
 73
     5
 74
     0
 42
0.000000001
 43
0.0000000001
 40
0.0
 40
0.0
 40
0.0
 40
0.0
 40
0.50341526901518
 40
1.0
 40
1.0
 40
1.0
 40
1.0
 10
1024.707844894869
 20
-1186.286976562515
 30
0.0000000000002132
 10
1024.715196454679
 20
-1186.203284425479
 30
0.0000000000002132
 10
1024.7297998254
 20
-1186.037035719515
 30
0.0000000000002132
 10
1024.836369898989
 20
-1185.90869172273
 30
0.0000000000001421
 10
1024.889290970309
 20
-1185.844958053612
 30
0.0000000000001421
  0
SPLINE
  5
200
330
1F
100
AcDbEntity
  8
0
100
AcDbSpline
210
0.0
220
0.0
230
1.0
 70
     8
 71
     3
 72
     9
 73
     5
 74
     0
 42
0.000000001
 43
0.0000000001
 40
0.0
 40
0.0
 40
0.0
 40
0.0
 40
0.484704569699821
 40
1.0
 40
1.0
 40
1.0
 40
1.0
 10
1024.889290970309
 20
-1185.844958053612
 30
0.0000000000001421
 10
1024.9554683993
 20
-1185.792448838349
 30
0.0000000000001421
 10
1025.09199987254
 20
-1185.684116426117
 30
0.0000000000001421
 10
1025.26613546621
 20
-1185.671418774363
 30
0.0000000000002132
 10
1025.355866741879
 20
-1185.66487573244
 30
0.0000000000001421
  0
SPLINE
  5
201
330
1F
100
AcDbEntity
  8
0
100
AcDbSpline
210
-0.0000000000003489
220
-0.0000000000010345
230
1.0
 70
     8
 71
     3
 72
     9
 73
     5
 74
     0
 42
0.000000001
 43
0.0000000001
 40
0.0
 40
0.0
 40
0.0
 40
0.0
 40
0.5094234135634571
 40
1.0
 40
1.0
 40
1.0
 40
1.0
 10
1025.355866741879
 20
-1185.66487573244
 30
0.0000000000001421
 10
1025.442645370439
 20
-1185.670958179121
 30
0.0000000000001421
 10
1025.61299213161
 20
-1185.6828980439
 30
0.0000000000002132
 10
1025.755338916329
 20
-1185.776976003992
 30
0.0000000000002132
 10
1025.825170916069
 20
-1185.82312844851
 30
0.0000000000001421
  0
SPLINE
  5
202
330
1F
100
AcDbEntity
  8
0
100
AcDbSpline
210
-0.0000000000006153
220
-0.0000000000002845
230
1.0
 70
     8
 71
     3
 72
     9
 73
     5
 74
     0
 42
0.000000001
 43
0.0000000001
 40
0.0
 40
0.0
 40
0.0
 40
0.0
 40
0.489531643847839
 40
1.0
 40
1.0
 40
1.0
 40
1.0
 10
1025.825170916069
 20
-1185.82312844851
 30
0.0000000000001421
 10
1025.89598988042
 20
-1185.894222072717
 30
0.0000000000002132
 10
1026.04065665576
 20
-1186.039449914694
 30
0.0000000000002132
 10
1026.058764898589
 20
-1186.24396888438
 30
0.0000000000002132
 10
1026.068008583529
 20
-1186.348369346633
 30
0.0000000000001421
  0
SPLINE
  5
203
330
1F
100
AcDbEntity
  8
0
100
AcDbSpline
210
0.0000000000064727
220
0.0000000000082612
230
-1.0
 70
     8
 71
     3
 72
     9
 73
     5
 74
     0
 42
0.000000001
 43
0.0000000001
 40
0.0
 40
0.0
 40
0.0
 40
0.0
 40
0.518379508509817
 40
1.0
 40
1.0
 40
1.0
 40
1.0
 10
1025.66555295561
 20
-1188.131449447649
 30
0.0000000000002132
 10
1025.68699720852
 20
-1188.151187521187
 30
0.0000000000002132
 10
1025.72836507231
 20
-1188.189264013806
 30
0.0000000000001421
 10
1025.77528719233
 20
-1188.220222620132
 30
0.0000000000002132
 10
1025.79788584684
 20
-1188.235132919328
 30
0.0000000000002132
  0
LINE
  5
204
330
1F
100
AcDbEntity
  8
0
100
AcDbLine
 10
1025.79788584684
 20
-1188.235132919328
 30
0.0000000000002132
 11
1025.79788584684
 21
-1187.254235969561
 31
0.000000000000213
  0
LINE
  5
205
330
1F
100
AcDbEntity
  8
0
100
AcDbLine
 10
1025.79788584684
 20
-1187.254235969561
 30
0.000000000000213
 11
1026.033902209739
 21
-1187.254235969561
 31
0.0000000000002132
  0
LINE
  5
206
330
1F
100
AcDbEntity
  8
0
100
AcDbLine
 10
1026.033902209739
 20
-1187.254235969561
 30
0.0000000000002132
 11
1026.033902209739
 21
-1188.576200233484
 31
0.0000000000002133
  0
SPLINE
  5
207
330
1F
100
AcDbEntity
  8
0
100
AcDbSpline
210
0.0
220
0.0
230
1.0
 70
     8
 71
     3
 72
     9
 73
     5
 74
     0
 42
0.000000001
 43
0.0000000001
 40
0.0
 40
0.0
 40
0.0
 40
0.0
 40
0.5015417606576241
 40
1.0
 40
1.0
 40
1.0
 40
1.0
 10
1026.033902209739
 20
-1188.576200233484
 30
0.0000000000002132
 10
1026.0046698578
 20
-1188.575704625608
 30
0.0000000000002132
 10
1025.946384876879
 20
-1188.574716456902
 30
0.0000000000002132
 10
1025.89098481106
 20
-1188.55658809058
 30
0.0000000000002132
 10
1025.8633701918
 20
-1188.54755185701
 30
0.0000000000002132
  0
SPLINE
  5
208
330
1F
100
AcDbEntity
  8
0
100
AcDbSpline
210
0.0
220
0.0
230
1.0
 70
     8
 71
     3
 72
     9
 73
     5
 74
     0
 42
0.000000001
 43
0.0000000001
 40
0.0
 40
0.0
 40
0.0
 40
0.0
 40
0.477989364173171
 40
1.0
 40
1.0
 40
1.0
 40
1.0
 10
1025.8633701918
 20
-1188.54755185701
 30
0.0000000000002132
 10
1025.81764103227
 20
-1188.527473544009
 30
0.0000000000002132
 10
1025.72197120579
 20
-1188.485467770431
 30
0.0000000000002132
 10
1025.640085445719
 20
-1188.420487339893
 30
0.0000000000002132
 10
1025.597340208039
 20
-1188.386566864037
 30
0.0000000000002132
  0
SPLINE
  5
209
330
1F
100
AcDbEntity
  8
0
100
AcDbSpline
210
0.0000000000016409
220
0.0000000000017642
230
1.0
 70
     8
 71
     3
 72
     9
 73
     5
 74
     0
 42
0.000000001
 43
0.0000000001
 40
0.0
 40
0.0
 40
0.0
 40
0.0
 40
0.4437761748478851
 40
1.0
 40
1.0
 40
1.0
 40
1.0
 10
1025.597340208039
 20
-1188.386566864037
 30
0.0000000000002132
 10
1025.54936969088
 20
-1188.341950869114
 30
0.0000000000002132
 10
1025.441273493109
 20
-1188.241413712211
 30
0.0000000000002132
 10
1025.34694374962
 20
-1188.127800686544
 30
0.0000000000002132
 10
1025.29447529887
 20
-1188.064606414815
 30
0.0000000000001421
  0
SPLINE
  5
210
330
1F
100
AcDbEntity
  8
0
100
AcDbSpline
210
-0.0000000000011518
220
-0.0000000000009442
230
-1.0
 70
     8
 71
     3
 72
     9
 73
     5
 74
     0
 42
0.000000001
 43
0.0000000001
 40
0.0
 40
0.0
 40
0.0
 40
0.0
 40
0.593874948780095
 40
1.0
 40
1.0
 40
1.0
 40
1.0
 10
1025.29447529887
 20
-1188.064606414815
 30
0.0000000000001421
 10
1025.21752611005
 20
-1187.970738790019
 30
0.0000000000002132
 10
1025.08795474326
 20
-1187.812679210318
 30
0.0000000000001421
 10
1024.93405723975
 20
-1187.678461026817
 30
0.0000000000002132
 10
1024.871555608259
 20
-1187.62395166018
 30
0.0000000000002132
  0
SPLINE
  5
211
330
1F
100
AcDbEntity
  8
0
100
AcDbSpline
210
0.0
220
0.0
230
1.0
 70
     8
 71
     3
 72
     9
 73
     5
 74
     0
 42
0.000000001
 43
0.0000000001
 40
0.0
 40
0.0
 40
0.0
 40
0.0
 40
0.544486127438602
 40
1.0
 40
1.0
 40
1.0
 40
1.0
 10
1024.871555608259
 20
-1187.62395166018
 30
0.0000000000002132
 10
1024.82247748897
 20
-1187.590607486683
 30
0.0000000000002132
 10
1024.73234090546
 20
-1187.52936777495
 30
0.0000000000002132
 10
1024.62459277281
 20
-1187.515613761501
 30
0.0000000000002132
 10
1024.575512003649
 20
-1187.509348617573
 30
0.0000000000002132
  0
SPLINE
  5
212
330
1F
100
AcDbEntity
  8
0
100
AcDbSpline
210
0.0
220
0.0
230
1.0
 70
     8
 71
     3
 72
     9
 73
     5
 74
     0
 42
0.000000001
 43
0.0000000001
 40
0.0
 40
0.0
 40
0.0
 40
0.0
 40
0.501189117423934
 40
1.0
 40
1.0
 40
1.0
 40
1.0
 10
1024.575512003649
 20
-1187.509348617573
 30
0.0000000000002132
 10
1024.52882596868
 20
-1187.513684592378
 30
0.0000000000002132
 10
1024.4356754326
 20
-1187.522335966995
 30
0.0000000000002132
 10
1024.3651331779
 20
-1187.583761091386
 30
0.0000000000002132
 10
1024.329945933569
 20
-1187.614400611897
 30
0.0000000000002132
  0
SPLINE
  5
213
330
1F
100
AcDbEntity
  8
0
100
AcDbSpline
210
0.0
220
0.0
230
1.0
 70
     8
 71
     3
 72
     9
 73
     5
 74
     0
 42
0.000000001
 43
0.0000000001
 40
0.0
 40
0.0
 40
0.0
 40
0.0
 40
0.479330501404671
 40
1.0
 40
1.0
 40
1.0
 40
1.0
 10
1024.329945933569
 20
-1187.614400611897
 30
0.0000000000002132
 10
1024.30051451131
 20
-1187.65270482319
 30
0.0000000000001421
 10
1024.239113406689
 20
-1187.73261672359
 30
0.0000000000002132
 10
1024.23245677144
 20
-1187.83340859485
 30
0.0000000000002132
 10
1024.2289908645
 20
-1187.88588784792
 30
0.0000000000002132
  0
SPLINE
  5
214
330
1F
100
AcDbEntity
  8
0
100
AcDbSpline
210
0.0
220
0.0
230
1.0
 70
     8
 71
     3
 72
     9
 73
     5
 74
     0
 42
0.000000001
 43
0.0000000001
 40
0.0
 40
0.0
 40
0.0
 40
0.0
 40
0.522994255502141
 40
1.0
 40
1.0
 40
1.0
 40
1.0
 10
1024.2289908645
 20
-1187.88588784792
 30
0.0000000000002132
 10
1024.23255012021
 20
-1187.941141541384
 30
0.0000000000002132
 10
1024.239355655219
 20
-1188.046790299248
 30
0.0000000000002132
 10
1024.3043839958
 20
-1188.129974364021
 30
0.0000000000002132
 10
1024.335402887809
 20
-1188.169653640762
 30
0.0000000000002132
  0
SPLINE
  5
215
330
1F
100
AcDbEntity
  8
0
100
AcDbSpline
210
0.0
220
0.0
230
1.0
 70
     8
 71
     3
 72
     9
 73
     5
 74
     0
 42
0.000000001
 43
0.0000000001
 40
0.0
 40
0.0
 40
0.0
 40
0.0
 40
0.468774243912062
 40
1.0
 40
1.0
 40
1.0
 40
1.0
 10
1024.335402887809
 20
-1188.169653640762
 30
0.0000000000002132
 10
1024.37603846719
 20
-1188.200726245245
 30
0.0000000000002132
 10
1024.462723219829
 20
-1188.26701103987
 30
0.0000000000002132
 10
1024.572020670329
 20
-1188.273814305388
 30
0.0000000000002132
 10
1024.63008229111
 20
-1188.277428375266
 30
0.0000000000002132
  0
LINE
  5
216
330
1F
100
AcDbEntity
  8
0
100
AcDbLine
 10
1024.63008229111
 20
-1188.277428375266
 30
0.0000000000002132
 11
1024.604161423189
 21
-1188.529813514731
 31
0.0000000000002132
  0
SPLINE
  5
217
330
1F
100
AcDbEntity
  8
0
100
AcDbSpline
210
0.0
220
0.0
230
1.0
 70
     8
 71
     3
 72
     9
 73
     5
 74
     0
 42
0.000000001
 43
0.0000000001
 40
0.0
 40
0.0
 40
0.0
 40
0.0
 40
0.5325111085365731
 40
1.0
 40
1.0
 40
1.0
 40
1.0
 10
1024.604161423189
 20
-1188.529813514731
 30
0.0000000000002132
 10
1024.51752499855
 20
-1188.51723702634
 30
0.0000000000002132
 10
1024.35483088146
 20
-1188.493619700447
 30
0.0000000000002132
 10
1024.231892877319
 20
-1188.385343192753
 30
0.0000000000002132
 10
1024.174420726049
 20
-1188.334725128193
 30
0.0000000000002132
  0
SPLINE
  5
218
330
1F
100
AcDbEntity
  8
0
100
AcDbSpline
210
-0.0000000000010113
220
-0.000000000000331
230
1.0
 70
     8
 71
     3
 72
     9
 73
     5
 74
     0
 42
0.000000001
 43
0.0000000001
 40
0.0
 40
0.0
 40
0.0
 40
0.0
 40
0.467675451889034
 40
1.0
 40
1.0
 40
1.0
 40
1.0
 10
1024.174420726049
 20
-1188.334725128193
 30
0.0000000000002132
 10
1024.131097358329
 20
-1188.270766580325
 30
0.0000000000002132
 10
1024.038461818989
 20
-1188.134008177438
 30
0.0000000000001421
 10
1024.03014429583
 20
-1187.968520966977
 30
0.0000000000001421
 10
1024.02571667408
 20
-1187.880428062461
 30
0.0000000000002132
  0
SPLINE
  5
219
330
1F
100
AcDbEntity
  8
0
100
AcDbSpline
210
0.0
220
0.0
230
1.0
 70
     8
 71
     3
 72
     9
 73
     5
 74
     0
 42
0.000000001
 43
0.0000000001
 40
0.0
 40
0.0
 40
0.0
 40
0.0
 40
0.530160762456961
 40
1.0
 40
1.0
 40
1.0
 40
1.0
 10
1024.02571667408
 20
-1187.880428062461
 30
0.0000000000002132
 10
1024.03060816844
 20
-1187.791422159084
 30
0.0000000000002132
 10
1024.039834604479
 20
-1187.623537416058
 30
0.0000000000002132
 10
1024.13882504257
 20
-1187.488304821544
 30
0.0000000000001421
 10
1024.185334634529
 20
-1187.424767242451
 30
0.0000000000002132
  0
SPLINE
  5
220
330
1F
100
AcDbEntity
  8
0
100
AcDbSpline
210
0.0
220
0.0
230
1.0
 70
     8
 71
     3
 72
     9
 73
     5
 74
     0
 42
0.000000001
 43
0.0000000001
 40
0.0
 40
0.0
 40
0.0
 40
0.0
 40
0.49732308433593
 40
1.0
 40
1.0
 40
1.0
 40
1.0
 10
1024.185334634529
 20
-1187.424767242451
 30
0.0000000000002132
 10
1024.24193246871
 20
-1187.375825470463
 30
0.0000000000002132
 10
1024.355737429649
 20
-1187.27741505373
 30
0.0000000000002132
 10
1024.505624391309
 20
-1187.263804958696
 30
0.0000000000002132
 10
1024.5809691069
 20
-1187.256963478107
 30
0.0000000000002132
  0
SPLINE
  5
221
330
1F
100
AcDbEntity
  8
0
100
AcDbSpline
210
0.0
220
0.0
230
1.0
 70
     8
 71
     3
 72
     9
 73
     5
 74
     0
 42
0.000000001
 43
0.0000000001
 40
0.0
 40
0.0
 40
0.0
 40
0.0
 40
0.493841696511802
 40
1.0
 40
1.0
 40
1.0
 40
1.0
 10
1024.5809691069
 20
-1187.256963478107
 30
0.0000000000002132
 10
1024.62104892369
 20
-1187.259108884368
 30
0.0000000000002132
 10
1024.70220816373
 20
-1187.263453204174
 30
0.0000000000002132
 10
1024.77841350404
 20
-1187.291753351064
 30
0.0000000000002132
 10
1024.8169854698
 20
-1187.306077705405
 30
0.0000000000002132
  0
SPLINE
  5
222
330
1F
100
AcDbEntity
  8
0
100
AcDbSpline
210
-0.0000000000008725
220
-0.0000000000017355
230
1.0
 70
     8
 71
     3
 72
     9
 73
     5
 74
     0
 42
0.000000001
 43
0.0000000001
 40
0.0
 40
0.0
 40
0.0
 40
0.0
 40
0.460577971341702
 40
1.0
 40
1.0
 40
1.0
 40
1.0
 10
1024.8169854698
 20
-1187.306077705405
 30
0.0000000000002132
 10
1024.85759574595
 20
-1187.326494283835
 30
0.0000000000002132
 10
1024.94576816987
 20
-1187.370822453432
 30
0.0000000000002132
 10
1025.02074382083
 20
-1187.435111356448
 30
0.0000000000002132
 10
1025.06118733858
 20
-1187.469790206924
 30
0.0000000000001421
  0
SPLINE
  5
223
330
1F
100
AcDbEntity
  8
0
100
AcDbSpline
210
0.0000000000022355
220
0.0000000000018942
230
-1.0
 70
     8
 71
     3
 72
     9
 73
     5
 74
     0
 42
0.000000001
 43
0.0000000001
 40
0.0
 40
0.0
 40
0.0
 40
0.0
 40
0.4149380575328411
 40
1.0
 40
1.0
 40
1.0
 40
1.0
 10
1025.06118733858
 20
-1187.469790206924
 30
0.0000000000001421
 10
1025.11260911369
 20
-1187.519478364973
 30
0.0000000000002132
 10
1025.23653550267
 20
-1187.639226739788
 30
0.0000000000002132
 10
1025.34796958897
 20
-1187.770743166874
 30
0.0000000000002132
 10
1025.41316543196
 20
-1187.847688423173
 30
0.0000000000002132
  0
SPLINE
  5
224
330
1F
100
AcDbEntity
  8
0
100
AcDbSpline
210
0.0
220
0.0
230
1.0
 70
     8
 71
     3
 72
     9
 73
     5
 74
     0
 42
0.000000001
 43
0.0000000001
 40
0.0
 40
0.0
 40
0.0
 40
0.0
 40
0.629709816119598
 40
1.0
 40
1.0
 40
1.0
 40
1.0
 10
1025.41316543196
 20
-1187.847688423173
 30
0.0000000000002132
 10
1025.464252351889
 20
-1187.908952426161
 30
0.0000000000002132
 10
1025.54538006917
 20
-1188.006241687693
 30
0.0000000000002132
 10
1025.633078928769
 20
-1188.097614859179
 30
0.0000000000002132
 10
1025.66555295561
 20
-1188.131449447649
 30
0.0000000000002132
  0
SPLINE
  5
225
330
1F
100
AcDbEntity
  8
0
100
AcDbSpline
210
0.0
220
0.0
230
1.0
 70
     8
 71
     3
 72
     9
 73
     5
 74
     0
 42
0.000000001
 43
0.0000000001
 40
0.0
 40
0.0
 40
0.0
 40
0.0
 40
0.5227179500604771
 40
1.0
 40
1.0
 40
1.0
 40
1.0
 10
1024.02571667408
 20
-1190.168287979141
 30
0.0000000000002132
 10
1024.0301568853
 20
-1190.094457356136
 30
0.0000000000002132
 10
1024.038651353909
 20
-1189.953213645256
 30
0.0000000000002132
 10
1024.11947424849
 20
-1189.837452964096
 30
0.0000000000001421
 10
1024.158049565299
 20
-1189.782202468887
 30
0.0000000000002132
  0
SPLINE
  5
226
330
1F
100
AcDbEntity
  8
0
100
AcDbSpline
210
0.000000000000425
220
-0.0000000000004648
230
1.0
 70
     8
 71
     3
 72
     9
 73
     5
 74
     0
 42
0.000000001
 43
0.0000000001
 40
0.0
 40
0.0
 40
0.0
 40
0.0
 40
0.4784369074066371
 40
1.0
 40
1.0
 40
1.0
 40
1.0
 10
1024.158049565299
 20
-1189.782202468887
 30
0.0000000000002132
 10
1024.20792011939
 20
-1189.736603889418
 30
0.0000000000002132
 10
1024.31215654706
 20
-1189.641296485735
 30
0.0000000000002132
 10
1024.45116735888
 20
-1189.614652771459
 30
0.0000000000002132
 10
1024.52367026781
 20
-1189.600756393456
 30
0.0000000000001421
  0
LINE
  5
227
330
1F
100
AcDbEntity
  8
0
100
AcDbLine
 10
1024.52367026781
 20
-1189.600756393456
 30
0.0000000000001421
 11
1024.54276983117
 21
-1189.844959007283
 31
0.0000000000001421
  0
SPLINE
  5
228
330
1F
100
AcDbEntity
  8
0
100
AcDbSpline
210
0.0
220
0.0
230
1.0
 70
     8
 71
     3
 72
     9
 73
     5
 74
     0
 42
0.000000001
 43
0.0000000001
 40
0.0
 40
0.0
 40
0.0
 40
0.0
 40
0.56576828168672
 40
1.0
 40
1.0
 40
1.0
 40
1.0
 10
1024.54276983117
 20
-1189.844959007283
 30
0.0000000000002132
 10
1024.49986491731
 20
-1189.855340597739
 30
0.0000000000002132
 10
1024.42403013609
 20
-1189.873690142576
 30
0.0000000000002132
 10
1024.360333455319
 20
-1189.918339506426
 30
0.0000000000002132
 10
1024.33267433618
 20
-1189.937727676411
 30
0.0000000000002132
  0
SPLINE
  5
229
330
1F
100
AcDbEntity
  8
0
100
AcDbSpline
210
-0.0000000000015172
220
0.000000000000649
230
1.0
 70
     8
 71
     3
 72
     9
 73
     5
 74
     0
 42
0.000000001
 43
0.0000000001
 40
0.0
 40
0.0
 40
0.0
 40
0.0
 40
0.4988152895693981
 40
1.0
 40
1.0
 40
1.0
 40
1.0
 10
1024.33267433618
 20
-1189.937727676411
 30
0.0000000000002132
 10
1024.302035499189
 20
-1189.972915650564
 30
0.0000000000001421
 10
1024.24061228776
 20
-1190.043458745138
 30
0.0000000000001421
 10
1024.23196203675
 20
-1190.136608707569
 30
0.0000000000002132
 10
1024.2276266632
 20
-1190.183294044517
 30
0.0000000000002132
  0
SPLINE
  5
230
330
1F
100
AcDbEntity
  8
0
100
AcDbSpline
210
0.0
220
0.0
230
1.0
 70
     8
 71
     3
 72
     9
 73
     5
 74
     0
 42
0.000000001
 43
0.0000000001
 40
0.0
 40
0.0
 40
0.0
 40
0.0
 40
0.508405318377503
 40
1.0
 40
1.0
 40
1.0
 40
1.0
 10
1024.2276266632
 20
-1190.183294044517
 30
0.0000000000002132
 10
1024.23016699978
 20
-1190.220951320118
 30
0.0000000000002132
 10
1024.235163675649
 20
-1190.295020717572
 30
0.0000000000002132
 10
1024.274012924189
 20
-1190.358225901388
 30
0.0000000000001421
 10
1024.293111008149
 20
-1190.389297233597
 30
0.0000000000002132
  0
SPLINE
  5
231
330
1F
100
AcDbEntity
  8
0
100
AcDbSpline
210
0.0
220
0.0
230
1.0
 70
     8
 71
     3
 72
     9
 73
     5
 74
     0
 42
0.000000001
 43
0.0000000001
 40
0.0
 40
0.0
 40
0.0
 40
0.0
 40
0.4734422564214351
 40
1.0
 40
1.0
 40
1.0
 40
1.0
 10
1024.293111008149
 20
-1190.389297233597
 30
0.0000000000002132
 10
1024.325855325369
 20
-1190.426425933748
 30
0.0000000000002132
 10
1024.39501754478
 20
-1190.504848802953
 30
0.0000000000002132
 10
1024.49001813312
 20
-1190.548907575474
 30
0.0000000000002132
 10
1024.54004142855
 20
-1190.572107063316
 30
0.0000000000002132
  0
SPLINE
  5
232
330
1F
100
AcDbEntity
  8
0
100
AcDbSpline
210
0.0
220
0.0
230
1.0
 70
     8
 71
     3
 72
     9
 73
     5
 74
     0
 42
0.000000001
 43
0.0000000001
 40
0.0
 40
0.0
 40
0.0
 40
0.0
 40
0.4328137755444521
 40
1.0
 40
1.0
 40
1.0
 40
1.0
 10
1024.54004142855
 20
-1190.572107063316
 30
0.0000000000002132
 10
1024.605210184029
 20
-1190.591678997251
 30
0.0000000000001421
 10
1024.755780150069
 20
-1190.636899216762
 30
0.0000000000002132
 10
1024.913224201229
 20
-1190.639951283093
 30
0.0000000000002132
 10
1025.00252429818
 20
-1190.641682373063
 30
0.0000000000002132
  0
SPLINE
  5
233
330
1F
100
AcDbEntity
  8
0
100
AcDbSpline
210
0.000000000000738
220
0.0000000000010099
230
1.0
 70
     8
 71
     3
 72
     9
 73
     5
 74
     0
 42
0.000000001
 43
0.0000000001
 40
0.0
 40
0.0
 40
0.0
 40
0.0
 40
0.5151158000352361
 40
1.0
 40
1.0
 40
1.0
 40
1.0
 10
1025.00252429818
 20
-1190.641682373063
 30
0.0000000000002132
 10
1024.960758834879
 20
-1190.611160711359
 30
0.0000000000002132
 10
1024.879679079029
 20
-1190.5519086719
 30
0.0000000000002132
 10
1024.82735148362
 20
-1190.466286155269
 30
0.0000000000002132
 10
1024.80197865938
 20
-1190.424769149798
 30
0.0000000000001421
  0
SPLINE
  5
234
330
1F
100
AcDbEntity
  8
0
100
AcDbSpline
210
-0.0000000000013258
220
-0.0000000000005874
230
1.0
 70
     8
 71
     3
 72
     9
 73
     5
 74
     0
 42
0.000000001
 43
0.0000000001
 40
0.0
 40
0.0
 40
0.0
 40
0.0
 40
0.503186667512185
 40
1.0
 40
1.0
 40
1.0
 40
1.0
 10
1024.80197865938
 20
-1190.424769149798
 30
0.0000000000001421
 10
1024.78287931926
 20
-1190.381661218469
 30
0.0000000000002132
 10
1024.74492255023
 20
-1190.295991358513
 30
0.0000000000001421
 10
1024.73929176406
 20
-1190.202471389689
 30
0.0000000000001421
 10
1024.73649431442
 20
-1190.156009422321
 30
0.0000000000002132
  0
SPLINE
  5
235
330
1F
100
AcDbEntity
  8
0
100
AcDbSpline
210
0.0000000000005051
220
-0.0000000000000493
230
1.0
 70
     8
 71
     3
 72
     9
 73
     5
 74
     0
 42
0.000000001
 43
0.0000000001
 40
0.0
 40
0.0
 40
0.0
 40
0.0
 40
0.4975005094151231
 40
1.0
 40
1.0
 40
1.0
 40
1.0
 10
1024.73649431442
 20
-1190.156009422321
 30
0.0000000000002132
 10
1024.744204613879
 20
-1190.077081169536
 30
0.0000000000002132
 10
1024.75970268737
 20
-1189.918431577656
 30
0.0000000000002132
 10
1024.865018997609
 20
-1189.798705534419
 30
0.0000000000002132
 10
1024.91794038986
 20
-1189.738543258691
 30
0.0000000000001421
  0
SPLINE
  5
236
330
1F
100
AcDbEntity
  8
0
100
AcDbSpline
210
0.0000000000000338
220
-0.0000000000005011
230
1.0
 70
     8
 71
     3
 72
     9
 73
     5
 74
     0
 42
0.000000001
 43
0.0000000001
 40
0.0
 40
0.0
 40
0.0
 40
0.0
 40
0.48095314382083
 40
1.0
 40
1.0
 40
1.0
 40
1.0
 10
1024.91794038986
 20
-1189.738543258691
 30
0.0000000000001421
 10
1024.984099370929
 20
-1189.688030211823
 30
0.0000000000002132
 10
1025.121657430219
 20
-1189.583003251267
 30
0.0000000000002132
 10
1025.294699315099
 20
-1189.571338848725
 30
0.0000000000002132
 10
1025.384516161429
 20
-1189.565284477256
 30
0.0000000000002132
  0
SPLINE
  5
237
330
1F
100
AcDbEntity
  8
0
100
AcDbSpline
210
0.0
220
0.0
230
1.0
 70
     8
 71
     3
 72
     9
 73
     5
 74
     0
 42
0.000000001
 43
0.0000000001
 40
0.0
 40
0.0
 40
0.0
 40
0.0
 40
0.5045411598580621
 40
1.0
 40
1.0
 40
1.0
 40
1.0
 10
1025.384516161429
 20
-1189.565284477256
 30
0.0000000000002132
 10
1025.44594156177
 20
-1189.568570238773
 30
0.0000000000002132
 10
1025.56768663477
 20
-1189.575082614342
 30
0.0000000000002132
 10
1025.679654556749
 20
-1189.623268827112
 30
0.0000000000002132
 10
1025.73513005351
 20
-1189.647143112199
 30
0.0000000000002132
  0
SPLINE
  5
238
330
1F
100
AcDbEntity
  8
0
100
AcDbSpline
210
0.0
220
0.0
230
1.0
 70
     8
 71
     3
 72
     9
 73
     5
 74
     0
 42
0.000000001
 43
0.0000000001
 40
0.0
 40
0.0
 40
0.0
 40
0.0
 40
0.510817083460749
 40
1.0
 40
1.0
 40
1.0
 40
1.0
 10
1025.73513005351
 20
-1189.647143112199
 30
0.0000000000002132
 10
1025.78533783714
 20
-1189.676000023259
 30
0.0000000000002132
 10
1025.88362700024
 20
-1189.732491695112
 30
0.0000000000002132
 10
1025.94972598148
 20
-1189.824504855007
 30
0.0000000000002132
 10
1025.98206047391
 20
-1189.869516120933
 30
0.0000000000002132
  0
SPLINE
  5
239
330
1F
100
AcDbEntity
  8
0
100
AcDbSpline
210
-0.0000000000019699
220
-0.0000000000005259
230
-1.0
 70
     8
 71
     3
 72
     9
 73
     5
 74
     0
 42
0.000000001
 43
0.0000000001
 40
0.0
 40
0.0
 40
0.0
 40
0.0
 40
0.489156534576169
 40
1.0
 40
1.0
 40
1.0
 40
1.0
 10
1025.98206047391
 20
-1189.869516120933
 30
0.0000000000002132
 10
1026.00712544889
 20
-1189.919027387909
 30
0.0000000000002132
 10
1026.05836666353
 20
-1190.020245021681
 30
0.0000000000001421
 10
1026.06474847622
 20
-1190.133583246827
 30
0.0000000000001421
 10
1026.068008583529
 20
-1190.191481338522
 30
0.0000000000002132
  0
SPLINE
  5
240
330
1F
100
AcDbEntity
  8
0
100
AcDbSpline
210
0.0
220
0.0
230
1.0
 70
     8
 71
     3
 72
     9
 73
     5
 74
     0
 42
0.000000001
 43
0.0000000001
 40
0.0
 40
0.0
 40
0.0
 40
0.0
 40
0.504741628536608
 40
1.0
 40
1.0
 40
1.0
 40
1.0
 10
1026.068008583529
 20
-1190.191481338522
 30
0.0000000000002132
 10
1026.058990139099
 20
-1190.28876745071
 30
0.0000000000002132
 10
1026.041122691839
 20
-1190.481511830567
 30
0.0000000000002132
 10
1025.90855937201
 20
-1190.622389506349
 30
0.0000000000002132
 10
1025.84290627812
 20
-1190.69216035463
 30
0.0000000000002132
  0
SPLINE
  5
241
330
1F
100
AcDbEntity
  8
0
100
AcDbSpline
210
-0.0000000000001739
220
0.0000000000003021
230
1.0
 70
     8
 71
     3
 72
     9
 73
     5
 74
     0
 42
0.000000001
 43
0.0000000001
 40
0.0
 40
0.0
 40
0.0
 40
0.0
 40
0.4262291783353411
 40
1.0
 40
1.0
 40
1.0
 40
1.0
 10
1025.84290627812
 20
-1190.69216035463
 30
0.0000000000002132
 10
1025.7453213133
 20
-1190.748356585686
 30
0.0000000000001421
 10
1025.516371795559
 20
-1190.880201691341
 30
0.0000000000002132
 10
1025.25054558643
 20
-1190.883812951304
 30
0.0000000000002132
 10
1025.098022263989
 20
-1190.885884986901
 30
0.0000000000001421
  0
SPLINE
  5
242
330
1F
100
AcDbEntity
  8
0
100
AcDbSpline
210
0.0000000000001551
220
0.0000000000002789
230
1.0
 70
     8
 71
     3
 72
     9
 73
     5
 74
     0
 42
0.000000001
 43
0.0000000001
 40
0.0
 40
0.0
 40
0.0
 40
0.0
 40
0.5710504713018431
 40
1.0
 40
1.0
 40
1.0
 40
1.0
 10
1025.098022263989
 20
-1190.885884986901
 30
0.0000000000001421
 10
1024.92686292091
 20
-1190.883292869392
 30
0.0000000000002132
 10
1024.62713574849
 20
-1190.878753660265
 30
0.0000000000002132
 10
1024.36664788059
 20
-1190.733850602248
 30
0.0000000000001421
 10
1024.254911732419
 20
-1190.671694503804
 30
0.0000000000002132
  0
SPLINE
  5
243
330
1F
100
AcDbEntity
  8
0
100
AcDbSpline
210
0.0
220
0.0
230
1.0
 70
     8
 71
     3
 72
     9
 73
     5
 74
     0
 42
0.000000001
 43
0.0000000001
 40
0.0
 40
0.0
 40
0.0
 40
0.0
 40
0.490164719359055
 40
1.0
 40
1.0
 40
1.0
 40
1.0
 10
1024.254911732419
 20
-1190.671694503804
 30
0.0000000000002132
 10
1024.188070421399
 20
-1190.602992254936
 30
0.0000000000002132
 10
1024.05170542329
 20
-1190.46283070076
 30
0.0000000000002132
 10
1024.034492453409
 20
-1190.267748014997
 30
0.0000000000002132
 10
1024.02571667408
 20
-1190.168287979141
 30
0.0000000000002132
  0
LWPOLYLINE
  5
244
330
1F
100
AcDbEntity
  8
0
100
AcDbPolyline
 90
       12
 70
     1
 43
0.0
 10
1025.79788584684
 20
-1192.071426139856
 10
1026.033902209739
 20
-1192.071426139856
 10
1026.033902209739
 20
-1193.563921676658
 10
1024.03390217994
 20
-1193.563921676658
 10
1024.03390217994
 20
-1192.117808090231
 10
1024.26991854285
 20
-1192.117808090232
 10
1024.26991854285
 20
-1193.299257980363
 10
1024.882469814759
 20
-1193.299257980363
 10
1024.882469814759
 20
-1192.192843185448
 10
1025.117121976359
 20
-1192.192843185448
 10
1025.117121976359
 20
-1193.299257980362
 10
1025.79788584684
 20
-1193.299257980363
  0
SPLINE
  5
245
330
1F
100
AcDbEntity
  8
0
100
AcDbSpline
210
0.0
220
0.0
230
1.0
 70
     8
 71
     3
 72
     9
 73
     5
 74
     0
 42
0.000000001
 43
0.0000000001
 40
0.0
 40
0.0
 40
0.0
 40
0.0
 40
0.40371743898674
 40
1.0
 40
1.0
 40
1.0
 40
1.0
 10
1025.696930926789
 20
-1184.149191604633
 30
0.0000000000002132
 10
1025.63383016198
 20
-1184.113303074605
 30
0.0000000000002132
 10
1025.477530833019
 20
-1184.024407905459
 30
0.0000000000002132
 10
1025.296192194399
 20
-1184.024805314211
 30
0.0000000000002132
 10
1025.18806312655
 20
-1184.025042282129
 30
0.0000000000002132
  0
LINE
  5
246
330
1F
100
AcDbEntity
  8
0
100
AcDbLine
 10
1025.18806312655
 20
-1184.025042282129
 30
0.0000000000002132
 11
1024.03390217994
 21
-1184.025042282129
 31
0.0000000000002132
  0
LINE
  5
247
330
1F
100
AcDbEntity
  8
0
100
AcDbLine
 10
1024.03390217994
 20
-1184.025042282129
 30
0.0000000000002132
 11
1024.03390217994
 21
-1183.760378585833
 31
0.0000000000002131
  0
LINE
  5
248
330
1F
100
AcDbEntity
  8
0
100
AcDbLine
 10
1024.03390217994
 20
-1183.760378585833
 30
0.0000000000002131
 11
1025.18942747687
 21
-1183.760378585833
 31
0.0000000000002132
  0
SPLINE
  5
249
330
1F
100
AcDbEntity
  8
0
100
AcDbSpline
210
-0.000000000000016
220
-0.0000000000011542
230
1.0
 70
     8
 71
     3
 72
     9
 73
     5
 74
     0
 42
0.000000001
 43
0.0000000001
 40
0.0
 40
0.0
 40
0.0
 40
0.0
 40
0.558099574687387
 40
1.0
 40
1.0
 40
1.0
 40
1.0
 10
1025.18942747687
 20
-1183.760378585833
 30
0.0000000000002132
 10
1025.280258942349
 20
-1183.761639100045
 30
0.0000000000002132
 10
1025.443010303579
 20
-1183.76389768304
 30
0.0000000000002132
 10
1025.59924245367
 20
-1183.808760482699
 30
0.0000000000002132
 10
1025.668281507239
 20
-1183.828585372945
 30
0.0000000000001421
  0
SPLINE
  5
250
330
1F
100
AcDbEntity
  8
0
100
AcDbSpline
210
-0.000000000000633
220
-0.0000000000004536
230
1.0
 70
     8
 71
     3
 72
     9
 73
     5
 74
     0
 42
0.000000001
 43
0.0000000001
 40
0.0
 40
0.0
 40
0.0
 40
0.0
 40
0.485963986891295
 40
1.0
 40
1.0
 40
1.0
 40
1.0
 10
1025.668281507239
 20
-1183.828585372945
 30
0.0000000000001421
 10
1025.72516143553
 20
-1183.856727138153
 30
0.0000000000002132
 10
1025.842206998209
 20
-1183.914636295961
 30
0.0000000000002132
 10
1025.91835895766
 20
-1184.020897947817
 30
0.0000000000002132
 10
1025.95750380729
 20
-1184.075520263695
 30
0.0000000000002132
  0
SPLINE
  5
251
330
1F
100
AcDbEntity
  8
0
100
AcDbSpline
210
0.0
220
0.0
230
1.0
 70
     8
 71
     3
 72
     9
 73
     5
 74
     0
 42
0.000000001
 43
0.0000000001
 40
0.0
 40
0.0
 40
0.0
 40
0.0
 40
0.4573528318965561
 40
1.0
 40
1.0
 40
1.0
 40
1.0
 10
1025.95750380729
 20
-1184.075520263695
 30
0.0000000000002132
 10
1025.98967265519
 20
-1184.14282733964
 30
0.0000000000002132
 10
1026.06000970278
 20
-1184.28999397174
 30
0.0000000000002132
 10
1026.0651948682
 20
-1184.453415601596
 30
0.0000000000002132
 10
1026.068008583529
 20
-1184.542095886247
 30
0.0000000000002132
  0
SPLINE
  5
252
330
1F
100
AcDbEntity
  8
0
100
AcDbSpline
210
0.0
220
0.0
230
1.0
 70
     8
 71
     3
 72
     9
 73
     5
 74
     0
 42
0.000000001
 43
0.0000000001
 40
0.0
 40
0.0
 40
0.0
 40
0.0
 40
0.5420052592482501
 40
1.0
 40
1.0
 40
1.0
 40
1.0
 10
1026.068008583529
 20
-1184.542095886247
 30
0.0000000000002132
 10
1026.06551546284
 20
-1184.628484152609
 30
0.0000000000002132
 10
1026.06091565379
 20
-1184.787870551334
 30
0.0000000000002132
 10
1025.99934531004
 20
-1184.934631998243
 30
0.0000000000002132
 10
1025.971146416409
 20
-1185.001847969071
 30
0.0000000000002132
  0
SPLINE
  5
253
330
1F
100
AcDbEntity
  8
0
100
AcDbSpline
210
-0.0000000000006181
220
0.0000000000003991
230
1.0
 70
     8
 71
     3
 72
     9
 73
     5
 74
     0
 42
0.000000001
 43
0.0000000001
 40
0.0
 40
0.0
 40
0.0
 40
0.0
 40
0.5034919614554921
 40
1.0
 40
1.0
 40
1.0
 40
1.0
 10
1025.971146416409
 20
-1185.001847969071
 30
0.0000000000002132
 10
1025.935493224079
 20
-1185.057065708512
 30
0.0000000000002132
 10
1025.86468138385
 20
-1185.166735263673
 30
0.0000000000002132
 10
1025.748940234549
 20
-1185.227029040558
 30
0.0000000000002132
 10
1025.69147382353
 20
-1185.25696538546
 30
0.0000000000001421
  0
SPLINE
  5
254
330
1F
100
AcDbEntity
  8
0
100
AcDbSpline
210
0.0000000000000149
220
-0.0000000000010277
230
-1.0
 70
     8
 71
     3
 72
     9
 73
     5
 74
     0
 42
0.000000001
 43
0.0000000001
 40
0.0
 40
0.0
 40
0.0
 40
0.0
 40
0.4411195276699831
 40
1.0
 40
1.0
 40
1.0
 40
1.0
 10
1025.69147382353
 20
-1185.25696538546
 30
0.0000000000001421
 10
1025.61944906622
 20
-1185.279170503936
 30
0.0000000000002132
 10
1025.45617187536
 20
-1185.329508602997
 30
0.0000000000002132
 10
1025.28505907792
 20
-1185.331981936911
 30
0.0000000000002132
 10
1025.18942747687
 20
-1185.333364234944
 30
0.0000000000002132
  0
LINE
  5
255
330
1F
100
AcDbEntity
  8
0
100
AcDbLine
 10
1025.18942747687
 20
-1185.333364234944
 30
0.0000000000002132
 11
1024.03390217994
 21
-1185.333364234944
 31
0.0000000000002132
  0
LINE
  5
256
330
1F
100
AcDbEntity
  8
0
100
AcDbLine
 10
1024.03390217994
 20
-1185.333364234944
 30
0.0000000000002132
 11
1024.03390217994
 21
-1185.068695770282
 31
0.0000000000002131
  0
LINE
  5
257
330
1F
100
AcDbEntity
  8
0
100
AcDbLine
 10
1024.03390217994
 20
-1185.068695770282
 30
0.0000000000002131
 11
1025.18806312655
 21
-1185.068695770282
 31
0.0000000000002132
  0
SPLINE
  5
258
330
1F
100
AcDbEntity
  8
0
100
AcDbSpline
210
0.0
220
0.0
230
1.0
 70
     8
 71
     3
 72
     9
 73
     5
 74
     0
 42
0.000000001
 43
0.0000000001
 40
0.0
 40
0.0
 40
0.0
 40
0.0
 40
0.582930657148958
 40
1.0
 40
1.0
 40
1.0
 40
1.0
 10
1025.18806312655
 20
-1185.068695770282
 30
0.0000000000002132
 10
1025.264064721279
 20
-1185.068418513642
 30
0.0000000000002132
 10
1025.39444316988
 20
-1185.067942888224
 30
0.0000000000002132
 10
1025.520294718679
 20
-1185.034777545116
 30
0.0000000000002132
 10
1025.57278354143
 20
-1185.020945297261
 30
0.0000000000002132
  0
SPLINE
  5
259
330
1F
100
AcDbEntity
  8
0
100
AcDbSpline
210
0.0
220
0.0
230
1.0
 70
     8
 71
     3
 72
     9
 73
     5
 74
     0
 42
0.000000001
 43
0.0000000001
 40
0.0
 40
0.0
 40
0.0
 40
0.0
 40
0.4971605196539511
 40
1.0
 40
1.0
 40
1.0
 40
1.0
 10
1025.57278354143
 20
-1185.020945297261
 30
0.0000000000002132
 10
1025.611442986619
 20
-1185.00162196696
 30
0.0000000000002132
 10
1025.68920347576
 20
-1184.96275457998
 30
0.0000000000002132
 10
1025.737919022519
 20
-1184.890727909242
 30
0.0000000000001421
 10
1025.76241512273
 20
-1184.854510055563
 30
0.0000000000002132
  0
SPLINE
  5
260
330
1F
100
AcDbEntity
  8
0
100
AcDbSpline
210
0.0
220
0.0
230
1.0
 70
     8
 71
     3
 72
     9
 73
     5
 74
     0
 42
0.000000001
 43
0.0000000001
 40
0.0
 40
0.0
 40
0.0
 40
0.0
 40
0.470647815354185
 40
1.0
 40
1.0
 40
1.0
 40
1.0
 10
1025.76241512273
 20
-1184.854510055563
 30
0.0000000000002132
 10
1025.78189442828
 20
-1184.811286990021
 30
0.0000000000001421
 10
1025.82328271249
 20
-1184.719449603073
 30
0.0000000000002132
 10
1025.82719349025
 20
-1184.618648519453
 30
0.0000000000001421
 10
1025.829263669
 20
-1184.565289245628
 30
0.0000000000002132
  0
SPLINE
  5
261
330
1F
100
AcDbEntity
  8
0
100
AcDbSpline
210
-0.0000000000010046
220
-0.0000000000003195
230
-1.0
 70
     8
 71
     3
 72
     9
 73
     5
 74
     0
 42
0.000000001
 43
0.0000000001
 40
0.0
 40
0.0
 40
0.0
 40
0.0
 40
0.565844500262526
 40
1.0
 40
1.0
 40
1.0
 40
1.0
 10
1025.829263669
 20
-1184.565289245628
 30
0.0000000000002132
 10
1025.827314965459
 20
-1184.478794084048
 30
0.0000000000001421
 10
1025.823871080179
 20
-1184.325933781376
 30
0.0000000000001421
 10
1025.735358953419
 20
-1184.202695975727
 30
0.0000000000002132
 10
1025.696930926789
 20
-1184.149191604633
 30
0.0000000000002132
  0
SPLINE
  5
262
330
1F
100
AcDbEntity
  8
0
100
AcDbSpline
210
-0.0000000000002957
220
0.0000000000002914
230
1.0
 70
     8
 71
     3
 72
     9
 73
     5
 74
     0
 42
0.000000001
 43
0.0000000001
 40
0.0
 40
0.0
 40
0.0
 40
0.0
 40
0.512697682878418
 40
1.0
 40
1.0
 40
1.0
 40
1.0
 10
1026.068008583529
 20
-1197.518899665855
 30
0.0000000000001421
 10
1026.06028029266
 20
-1197.60939256604
 30
0.0000000000002132
 10
1026.04520651501
 20
-1197.78589599723
 30
0.0000000000002132
 10
1025.921112796659
 20
-1197.911829193327
 30
0.0000000000002132
 10
1025.86064164017
 20
-1197.973196731587
 30
0.0000000000002132
  0
SPLINE
  5
263
330
1F
100
AcDbEntity
  8
0
100
AcDbSpline
210
0.0000000000001648
220
-0.0000000000006772
230
1.0
 70
     8
 71
     3
 72
     9
 73
     5
 74
     0
 42
0.000000001
 43
0.0000000001
 40
0.0
 40
0.0
 40
0.0
 40
0.0
 40
0.4248355678964251
 40
1.0
 40
1.0
 40
1.0
 40
1.0
 10
1025.86064164017
 20
-1197.973196731587
 30
0.0000000000002132
 10
1025.75340697891
 20
-1198.030570692897
 30
0.0000000000002132
 10
1025.50099246994
 20
-1198.165620499559
 30
0.0000000000001421
 10
1025.213119291599
 20
-1198.169045228547
 30
0.0000000000002132
 10
1025.04754487847
 20
-1198.171015010855
 30
0.0000000000002132
  0
SPLINE
  5
264
330
1F
100
AcDbEntity
  8
0
100
AcDbSpline
210
0.0
220
0.0
230
1.0
 70
     8
 71
     3
 72
     9
 73
     5
 74
     0
 42
0.000000001
 43
0.0000000001
 40
0.0
 40
0.0
 40
0.0
 40
0.0
 40
0.555744185175584
 40
1.0
 40
1.0
 40
1.0
 40
1.0
 10
1025.04754487847
 20
-1198.171015010855
 30
0.0000000000002132
 10
1024.94027998857
 20
-1198.169598377478
 30
0.0000000000002132
 10
1024.747268720499
 20
-1198.167049302889
 30
0.0000000000002132
 10
1024.560332941869
 20
-1198.119731165883
 30
0.0000000000002132
 10
1024.47728563522
 20
-1198.098709808369
 30
0.0000000000002132
  0
SPLINE
  5
265
330
1F
100
AcDbEntity
  8
0
100
AcDbSpline
210
0.0000000000003166
220
0.0000000000008154
230
1.0
 70
     8
 71
     3
 72
     9
 73
     5
 74
     0
 42
0.000000001
 43
0.0000000001
 40
0.0
 40
0.0
 40
0.0
 40
0.0
 40
0.528089481174651
 40
1.0
 40
1.0
 40
1.0
 40
1.0
 10
1024.47728563522
 20
-1198.098709808369
 30
0.0000000000002132
 10
1024.41038672055
 20
-1198.072734626355
 30
0.0000000000002132
 10
1024.283705699519
 20
-1198.023547541692
 30
0.0000000000002132
 10
1024.188140824589
 20
-1197.9272402437
 30
0.0000000000002132
 10
1024.14304275488
 20
-1197.881791816728
 30
0.0000000000001421
  0
SPLINE
  5
266
330
1F
100
AcDbEntity
  8
0
100
AcDbSpline
210
0.0000000000013402
220
0.0000000000004333
230
1.0
 70
     8
 71
     3
 72
     9
 73
     5
 74
     0
 42
0.000000001
 43
0.0000000001
 40
0.0
 40
0.0
 40
0.0
 40
0.0
 40
0.478374935750578
 40
1.0
 40
1.0
 40
1.0
 40
1.0
 10
1024.14304275488
 20
-1197.881791816728
 30
0.0000000000001421
 10
1024.108840178689
 20
-1197.829065869756
 30
0.0000000000002132
 10
1024.0373427535
 20
-1197.718846995314
 30
0.0000000000002132
 10
1024.02970218573
 20
-1197.587443186212
 30
0.0000000000002132
 10
1024.02571667408
 20
-1197.518899665855
 30
0.0000000000001421
  0
SPLINE
  5
267
330
1F
100
AcDbEntity
  8
0
100
AcDbSpline
210
0.0000000000011935
220
-0.0000000000005284
230
1.0
 70
     8
 71
     3
 72
     9
 73
     5
 74
     0
 42
0.000000001
 43
0.0000000001
 40
0.0
 40
0.0
 40
0.0
 40
0.0
 40
0.520162375892577
 40
1.0
 40
1.0
 40
1.0
 40
1.0
 10
1024.02571667408
 20
-1197.518899665855
 30
0.0000000000001421
 10
1024.027977342419
 20
-1197.46777785001
 30
0.0000000000002132
 10
1024.032323424429
 20
-1197.369497354898
 30
0.0000000000002132
 10
1024.072109948059
 20
-1197.279624424743
 30
0.0000000000002132
 10
1024.091201019039
 20
-1197.236500011464
 30
0.0000000000002132
  0
SPLINE
  5
268
330
1F
100
AcDbEntity
  8
0
100
AcDbSpline
210
-0.0000000000019315
220
0.0000000000018001
230
1.0
 70
     8
 71
     3
 72
     9
 73
     5
 74
     0
 42
0.000000001
 43
0.0000000001
 40
0.0
 40
0.0
 40
0.0
 40
0.0
 40
0.491878731285477
 40
1.0
 40
1.0
 40
1.0
 40
1.0
 10
1024.091201019039
 20
-1197.236500011464
 30
0.0000000000002132
 10
1024.115341679339
 20
-1197.197582934346
 30
0.0000000000002132
 10
1024.16442015898
 20
-1197.118463682707
 30
0.0000000000001421
 10
1024.239801390649
 20
-1197.063753586932
 30
0.0000000000002132
 10
1024.27810419773
 20
-1197.03595422365
 30
0.0000000000002132
  0
SPLINE
  5
269
330
1F
100
AcDbEntity
  8
0
100
AcDbSpline
210
0.0
220
0.0
230
1.0
 70
     8
 71
     3
 72
     9
 73
     5
 74
     0
 42
0.000000001
 43
0.0000000001
 40
0.0
 40
0.0
 40
0.0
 40
0.0
 40
0.4713172772056561
 40
1.0
 40
1.0
 40
1.0
 40
1.0
 10
1024.27810419773
 20
-1197.03595422365
 30
0.0000000000002132
 10
1024.32236505512
 20
-1197.010624837879
 30
0.0000000000002132
 10
1024.4162738922
 20
-1196.956883150498
 30
0.0000000000002132
 10
1024.520440773309
 20
-1196.927394854015
 30
0.0000000000002132
 10
1024.575512003649
 20
-1196.911804901146
 30
0.0000000000002132
  0
SPLINE
  5
270
330
1F
100
AcDbEntity
  8
0
100
AcDbSpline
210
-0.0000000000003142
220
0.0000000000032942
230
1.0
 70
     8
 71
     3
 72
     9
 73
     5
 74
     0
 42
0.000000001
 43
0.0000000001
 40
0.0
 40
0.0
 40
0.0
 40
0.0
 40
0.4380342126453901
 40
1.0
 40
1.0
 40
1.0
 40
1.0
 10
1024.575512003649
 20
-1196.911804901146
 30
0.0000000000002132
 10
1024.64376441228
 20
-1196.898725307888
 30
0.0000000000001421
 10
1024.79957965835
 20
-1196.868865555213
 30
0.0000000000001421
 10
1024.95833167592
 20
-1196.86753463606
 30
0.0000000000002132
 10
1025.04754487847
 20
-1196.866786705038
 30
0.0000000000002132
  0
SPLINE
  5
271
330
1F
100
AcDbEntity
  8
0
100
AcDbSpline
210
-0.0000000000000152
220
-0.0000000000011023
230
1.0
 70
     8
 71
     3
 72
     9
 73
     5
 74
     0
 42
0.000000001
 43
0.0000000001
 40
0.0
 40
0.0
 40
0.0
 40
0.0
 40
0.5541070263896551
 40
1.0
 40
1.0
 40
1.0
 40
1.0
 10
1025.04754487847
 20
-1196.866786705038
 30
0.0000000000002132
 10
1025.154233876689
 20
-1196.868258306008
 30
0.0000000000002132
 10
1025.34677609892
 20
-1196.870914112371
 30
0.0000000000002132
 10
1025.5332793031
 20
-1196.918066838333
 30
0.0000000000001421
 10
1025.6164397714
 20
-1196.939091907524
 30
0.0000000000001421
  0
SPLINE
  5
272
330
1F
100
AcDbEntity
  8
0
100
AcDbSpline
210
-0.0000000000009076
220
-0.0000000000013985
230
1.0
 70
     8
 71
     3
 72
     9
 73
     5
 74
     0
 42
0.000000001
 43
0.0000000001
 40
0.0
 40
0.0
 40
0.0
 40
0.0
 40
0.525760378370197
 40
1.0
 40
1.0
 40
1.0
 40
1.0
 10
1025.6164397714
 20
-1196.939091907524
 30
0.0000000000001421
 10
1025.68310224243
 20
-1196.964846889379
 30
0.0000000000002132
 10
1025.80989473911
 20
-1197.013833049072
 30
0.0000000000002132
 10
1025.905393300919
 20
-1197.110272232918
 30
0.0000000000002132
 10
1025.95068250273
 20
-1197.156007514973
 30
0.0000000000001421
  0
SPLINE
  5
273
330
1F
100
AcDbEntity
  8
0
100
AcDbSpline
210
0.0000000000013316
220
0.0000000000004305
230
-1.0
 70
     8
 71
     3
 72
     9
 73
     5
 74
     0
 42
0.000000001
 43
0.0000000001
 40
0.0
 40
0.0
 40
0.0
 40
0.0
 40
0.4767455325286841
 40
1.0
 40
1.0
 40
1.0
 40
1.0
 10
1025.95068250273
 20
-1197.156007514973
 30
0.0000000000001421
 10
1025.98488243686
 20
-1197.208505247758
 30
0.0000000000002132
 10
1026.05661868144
 20
-1197.318622132336
 30
0.0000000000002132
 10
1026.06409602836
 20
-1197.450102156057
 30
0.0000000000002132
 10
1026.068008583529
 20
-1197.518899665855
 30
0.0000000000001421
  0
SPLINE
  5
274
330
1F
100
AcDbEntity
  8
0
100
AcDbSpline
210
0.0
220
0.0
230
1.0
 70
     8
 71
     3
 72
     9
 73
     5
 74
     0
 42
0.000000001
 43
0.0000000001
 40
0.0
 40
0.0
 40
0.0
 40
0.0
 40
0.40371743898674
 40
1.0
 40
1.0
 40
1.0
 40
1.0
 10
1025.696930926789
 20
-1200.454781280538
 30
0.0000000000002132
 10
1025.63383016198
 20
-1200.41889275051
 30
0.0000000000002132
 10
1025.477530833019
 20
-1200.329997581365
 30
0.0000000000002132
 10
1025.296192194399
 20
-1200.330394990116
 30
0.0000000000001421
 10
1025.18806312655
 20
-1200.330631958024
 30
0.0000000000002132
  0
LINE
  5
275
330
1F
100
AcDbEntity
  8
0
100
AcDbLine
 10
1025.18806312655
 20
-1200.330631958024
 30
0.0000000000002132
 11
1024.03390217994
 21
-1200.330631958024
 31
0.0000000000002132
  0
LINE
  5
276
330
1F
100
AcDbEntity
  8
0
100
AcDbLine
 10
1024.03390217994
 20
-1200.330631958024
 30
0.0000000000002132
 11
1024.03390217994
 21
-1200.065968261739
 31
0.0000000000002131
  0
LINE
  5
277
330
1F
100
AcDbEntity
  8
0
100
AcDbLine
 10
1024.03390217994
 20
-1200.065968261739
 30
0.0000000000002131
 11
1025.18942747687
 21
-1200.065968261739
 31
0.0000000000002132
  0
SPLINE
  5
278
330
1F
100
AcDbEntity
  8
0
100
AcDbSpline
210
0.0
220
0.0
230
1.0
 70
     8
 71
     3
 72
     9
 73
     5
 74
     0
 42
0.000000001
 43
0.0000000001
 40
0.0
 40
0.0
 40
0.0
 40
0.0
 40
0.5580982680758499
 40
1.0
 40
1.0
 40
1.0
 40
1.0
 10
1025.18942747687
 20
-1200.065968261739
 30
0.0000000000002132
 10
1025.28025907046
 20
-1200.067228257983
 30
0.0000000000002132
 10
1025.44301104228
 20
-1200.069485918167
 30
0.0000000000002132
 10
1025.59924253849
 20
-1200.114352983392
 30
0.0000000000002132
 10
1025.668281507239
 20
-1200.134179817217
 30
0.0000000000002132
  0
SPLINE
  5
279
330
1F
100
AcDbEntity
  8
0
100
AcDbSpline
210
0.0
220
0.0
230
1.0
 70
     8
 71
     3
 72
     9
 73
     5
 74
     0
 42
0.000000001
 43
0.0000000001
 40
0.0
 40
0.0
 40
0.0
 40
0.0
 40
0.485960734492015
 40
1.0
 40
1.0
 40
1.0
 40
1.0
 10
1025.668281507239
 20
-1200.134179817217
 30
0.0000000000002132
 10
1025.72516154183
 20
-1200.16231978286
 30
0.0000000000002132
 10
1025.84220810661
 20
-1200.220225625137
 30
0.0000000000002132
 10
1025.918359170399
 20
-1200.326487277742
 30
0.0000000000001421
 10
1025.95750380729
 20
-1200.38110993959
 30
0.0000000000002132
  0
SPLINE
  5
280
330
1F
100
AcDbEntity
  8
0
100
AcDbSpline
210
0.0
220
0.0
230
1.0
 70
     8
 71
     3
 72
     9
 73
     5
 74
     0
 42
0.000000001
 43
0.0000000001
 40
0.0
 40
0.0
 40
0.0
 40
0.0
 40
0.4573528318965561
 40
1.0
 40
1.0
 40
1.0
 40
1.0
 10
1025.95750380729
 20
-1200.38110993959
 30
0.0000000000002132
 10
1025.98967265519
 20
-1200.448417015545
 30
0.0000000000002132
 10
1026.06000970278
 20
-1200.595583647645
 30
0.0000000000002132
 10
1026.0651948682
 20
-1200.759005277501
 30
0.0000000000002132
 10
1026.068008583529
 20
-1200.847685562152
 30
0.0000000000002132
  0
SPLINE
  5
281
330
1F
100
AcDbEntity
  8
0
100
AcDbSpline
210
0.0
220
0.0
230
1.0
 70
     8
 71
     3
 72
     9
 73
     5
 74
     0
 42
0.000000001
 43
0.0000000001
 40
0.0
 40
0.0
 40
0.0
 40
0.0
 40
0.542007555401169
 40
1.0
 40
1.0
 40
1.0
 40
1.0
 10
1026.068008583529
 20
-1200.847685562152
 30
0.0000000000002132
 10
1026.065515558309
 20
-1200.934074641837
 30
0.0000000000002132
 10
1026.060915944889
 20
-1201.093461865904
 30
0.0000000000002132
 10
1025.999345304509
 20
-1201.240224055283
 30
0.0000000000001421
 10
1025.971146416409
 20
-1201.30744002916
 30
0.0000000000002132
  0
SPLINE
  5
282
330
1F
100
AcDbEntity
  8
0
100
AcDbSpline
210
0.0
220
0.0
230
1.0
 70
     8
 71
     3
 72
     9
 73
     5
 74
     0
 42
0.000000001
 43
0.0000000001
 40
0.0
 40
0.0
 40
0.0
 40
0.0
 40
0.503496066822605
 40
1.0
 40
1.0
 40
1.0
 40
1.0
 10
1025.971146416409
 20
-1201.30744002916
 30
0.0000000000002132
 10
1025.93549348048
 20
-1201.362658857791
 30
0.0000000000002132
 10
1025.864682726879
 20
-1201.472329681995
 30
0.0000000000002132
 10
1025.74894036262
 20
-1201.532622048455
 30
0.0000000000002132
 10
1025.69147382353
 20
-1201.562557445549
 30
0.0000000000002132
  0
SPLINE
  5
283
330
1F
100
AcDbEntity
  8
0
100
AcDbSpline
210
-0.0000000000002795
220
0.0000000000009066
230
1.0
 70
     8
 71
     3
 72
     9
 73
     5
 74
     0
 42
0.000000001
 43
0.0000000001
 40
0.0
 40
0.0
 40
0.0
 40
0.0
 40
0.4411188624860091
 40
1.0
 40
1.0
 40
1.0
 40
1.0
 10
1025.69147382353
 20
-1201.562557445549
 30
0.0000000000002132
 10
1025.61944902092
 20
-1201.584761592321
 30
0.0000000000002132
 10
1025.45617148115
 20
-1201.635097564466
 30
0.0000000000002132
 10
1025.28505900961
 20
-1201.63757135563
 30
0.0000000000002132
 10
1025.18942747687
 20
-1201.638953910849
 30
0.0000000000001421
  0
LINE
  5
284
330
1F
100
AcDbEntity
  8
0
100
AcDbLine
 10
1025.18942747687
 20
-1201.638953910849
 30
0.0000000000001421
 11
1024.03390217994
 21
-1201.638953910849
 31
0.0000000000001421
  0
LINE
  5
285
330
1F
100
AcDbEntity
  8
0
100
AcDbLine
 10
1024.03390217994
 20
-1201.638953910849
 30
0.0000000000001421
 11
1024.03390217994
 21
-1201.374290214554
 31
0.0000000000001421
  0
LINE
  5
286
330
1F
100
AcDbEntity
  8
0
100
AcDbLine
 10
1024.03390217994
 20
-1201.374290214554
 30
0.0000000000001421
 11
1025.18806312655
 21
-1201.374290214554
 31
0.0000000000001421
  0
SPLINE
  5
287
330
1F
100
AcDbEntity
  8
0
100
AcDbSpline
210
0.0000000000003491
220
-0.0000000000013244
230
-1.0
 70
     8
 71
     3
 72
     9
 73
     5
 74
     0
 42
0.000000001
 43
0.0000000001
 40
0.0
 40
0.0
 40
0.0
 40
0.0
 40
0.582928811043848
 40
1.0
 40
1.0
 40
1.0
 40
1.0
 10
1025.18806312655
 20
-1201.374290214554
 30
0.0000000000001421
 10
1025.26406488283
 20
-1201.3740156095
 30
0.0000000000002132
 10
1025.39444402148
 20
-1201.373544531285
 30
0.0000000000002132
 10
1025.520294805359
 20
-1201.340374151335
 30
0.0000000000002132
 10
1025.57278354143
 20
-1201.326539741533
 30
0.0000000000002132
  0
SPLINE
  5
288
330
1F
100
AcDbEntity
  8
0
100
AcDbSpline
210
0.0
220
0.0
230
1.0
 70
     8
 71
     3
 72
     9
 73
     5
 74
     0
 42
0.000000001
 43
0.0000000001
 40
0.0
 40
0.0
 40
0.0
 40
0.0
 40
0.4971533139990141
 40
1.0
 40
1.0
 40
1.0
 40
1.0
 10
1025.57278354143
 20
-1201.326539741533
 30
0.0000000000002132
 10
1025.6114431428
 20
-1201.307216525499
 30
0.0000000000002132
 10
1025.68920507315
 20
-1201.268348805033
 30
0.0000000000002132
 10
1025.73791932342
 20
-1201.196319452619
 30
0.0000000000002132
 10
1025.76241512273
 20
-1201.160099731468
 30
0.0000000000002132
  0
SPLINE
  5
289
330
1F
100
AcDbEntity
  8
0
100
AcDbSpline
210
0.0
220
0.0
230
1.0
 70
     8
 71
     3
 72
     9
 73
     5
 74
     0
 42
0.000000001
 43
0.0000000001
 40
0.0
 40
0.0
 40
0.0
 40
0.0
 40
0.470632479035918
 40
1.0
 40
1.0
 40
1.0
 40
1.0
 10
1025.76241512273
 20
-1201.160099731468
 30
0.0000000000002132
 10
1025.78189440985
 20
-1201.116878263951
 30
0.0000000000002132
 10
1025.823284003619
 20
-1201.025041279822
 30
0.0000000000002132
 10
1025.82719389794
 20
-1200.92423989874
 30
0.0000000000002132
 10
1025.829263669
 20
-1200.870878921533
 30
0.0000000000002132
  0
SPLINE
  5
290
330
1F
100
AcDbEntity
  8
0
100
AcDbSpline
210
-0.0000000000010046
220
-0.0000000000003195
230
-1.0
 70
     8
 71
     3
 72
     9
 73
     5
 74
     0
 42
0.000000001
 43
0.0000000001
 40
0.0
 40
0.0
 40
0.0
 40
0.0
 40
0.5658395992362891
 40
1.0
 40
1.0
 40
1.0
 40
1.0
 10
1025.829263669
 20
-1200.870878921533
 30
0.0000000000002132
 10
1025.82731464345
 20
-1200.784384692667
 30
0.0000000000002132
 10
1025.823870159269
 20
-1200.631524714367
 30
0.0000000000001421
 10
1025.73535897711
 20
-1200.508286453332
 30
0.0000000000002132
 10
1025.696930926789
 20
-1200.454781280538
 30
0.0000000000002132
  0
SPLINE
  5
291
330
1F
100
AcDbEntity
  8
0
100
AcDbSpline
210
0.0000000000005378
220
-0.0000000000003836
230
1.0
 70
     8
 71
     3
 72
     9
 73
     5
 74
     0
 42
0.000000001
 43
0.0000000001
 40
0.0
 40
0.0
 40
0.0
 40
0.0
 40
0.499248106934553
 40
1.0
 40
1.0
 40
1.0
 40
1.0
 10
1025.93158293937
 20
-1205.151915775317
 30
0.0000000000001421
 10
1025.88189915447
 20
-1205.221578112971
 30
0.0000000000002132
 10
1025.782381932029
 20
-1205.361112618336
 30
0.0000000000001421
 10
1025.633629162999
 20
-1205.446252900705
 30
0.0000000000002132
 10
1025.559140932309
 20
-1205.488887058282
 30
0.0000000000002132
  0
SPLINE
  5
292
330
1F
100
AcDbEntity
  8
0
100
AcDbSpline
210
-0.000000000000315
220
0.0000000000007526
230
1.0
 70
     8
 71
     3
 72
     9
 73
     5
 74
     0
 42
0.000000001
 43
0.0000000001
 40
0.0
 40
0.0
 40
0.0
 40
0.0
 40
0.4995385527629021
 40
1.0
 40
1.0
 40
1.0
 40
1.0
 10
1025.559140932309
 20
-1205.488887058282
 30
0.0000000000002132
 10
1025.47929156214
 20
-1205.522312142484
 30
0.0000000000002132
 10
1025.319445300589
 20
-1205.589224063536
 30
0.0000000000002132
 10
1025.1464170873
 20
-1205.598728652275
 30
0.0000000000002132
 10
1025.05982313727
 20
-1205.603485332513
 30
0.0000000000001421
  0
SPLINE
  5
293
330
1F
100
AcDbEntity
  8
0
100
AcDbSpline
210
0.0000000000001738
220
0.0000000000002405
230
1.0
 70
     8
 71
     3
 72
     9
 73
     5
 74
     0
 42
0.000000001
 43
0.0000000001
 40
0.0
 40
0.0
 40
0.0
 40
0.0
 40
0.53458611504938
 40
1.0
 40
1.0
 40
1.0
 40
1.0
 10
1025.05982313727
 20
-1205.603485332513
 30
0.0000000000001421
 10
1024.906691275099
 20
-1205.595769565781
 30
0.0000000000002132
 10
1024.62024189331
 20
-1205.581336406165
 30
0.0000000000002132
 10
1024.388628629339
 20
-1205.41397955949
 30
0.0000000000002132
 10
1024.28083260034
 20
-1205.336089359304
 30
0.0000000000002132
  0
SPLINE
  5
294
330
1F
100
AcDbEntity
  8
0
100
AcDbSpline
210
0.0
220
0.0
230
1.0
 70
     8
 71
     3
 72
     9
 73
     5
 74
     0
 42
0.000000001
 43
0.0000000001
 40
0.0
 40
0.0
 40
0.0
 40
0.0
 40
0.488138501971592
 40
1.0
 40
1.0
 40
1.0
 40
1.0
 10
1024.28083260034
 20
-1205.336089359304
 30
0.0000000000002132
 10
1024.19847858056
 20
-1205.238876169299
 30
0.0000000000002132
 10
1024.029768225919
 20
-1205.039725334835
 30
0.0000000000002132
 10
1024.00904104879
 20
-1204.779153608125
 30
0.0000000000002132
 10
1023.99843160485
 20
-1204.64577697374
 30
0.0000000000002132
  0
SPLINE
  5
295
330
1F
100
AcDbEntity
  8
0
100
AcDbSpline
210
0.0
220
0.0
230
1.0
 70
     8
 71
     3
 72
     9
 73
     5
 74
     0
 42
0.000000001
 43
0.0000000001
 40
0.0
 40
0.0
 40
0.0
 40
0.0
 40
0.508954587784217
 40
1.0
 40
1.0
 40
1.0
 40
1.0
 10
1023.99843160485
 20
-1204.64577697374
 30
0.0000000000002132
 10
1024.00353967525
 20
-1204.556425057014
 30
0.0000000000002132
 10
1024.013576072459
 20
-1204.380865353105
 30
0.0000000000002132
 10
1024.09217087759
 20
-1204.223656173915
 30
0.0000000000002132
 10
1024.13076449608
 20
-1204.146459327717
 30
0.0000000000002132
  0
SPLINE
  5
296
330
1F
100
AcDbEntity
  8
0
100
AcDbSpline
210
-0.0000000000008561
220
0.0000000000009355
230
1.0
 70
     8
 71
     3
 72
     9
 73
     5
 74
     0
 42
0.000000001
 43
0.0000000001
 40
0.0
 40
0.0
 40
0.0
 40
0.0
 40
0.497239506975605
 40
1.0
 40
1.0
 40
1.0
 40
1.0
 10
1024.13076449608
 20
-1204.146459327717
 30
0.0000000000002132
 10
1024.1794687606
 20
-1204.076663518759
 30
0.0000000000002132
 10
1024.27741806641
 20
-1203.936296938916
 30
0.0000000000001421
 10
1024.42585149019
 20
-1203.851005470963
 30
0.0000000000002132
 10
1024.50047795151
 20
-1203.808124290485
 30
0.0000000000002132
  0
SPLINE
  5
297
330
1F
100
AcDbEntity
  8
0
100
AcDbSpline
210
0.0
220
0.0
230
1.0
 70
     8
 71
     3
 72
     9
 73
     5
 74
     0
 42
0.000000001
 43
0.0000000001
 40
0.0
 40
0.0
 40
0.0
 40
0.0
 40
0.4831237136672011
 40
1.0
 40
1.0
 40
1.0
 40
1.0
 10
1024.50047795151
 20
-1203.808124290485
 30
0.0000000000002132
 10
1024.583405769149
 20
-1203.77391464168
 30
0.0000000000002132
 10
1024.75505500783
 20
-1203.703105348246
 30
0.0000000000002132
 10
1024.940683635999
 20
-1203.694990497467
 30
0.0000000000002132
 10
1025.03663067197
 20
-1203.690796123524
 30
0.0000000000002132
  0
SPLINE
  5
298
330
1F
100
AcDbEntity
  8
0
100
AcDbSpline
210
0.0
220
0.0
230
1.0
 70
     8
 71
     3
 72
     9
 73
     5
 74
     0
 42
0.000000001
 43
0.0000000001
 40
0.0
 40
0.0
 40
0.0
 40
0.0
 40
0.5156930398211611
 40
1.0
 40
1.0
 40
1.0
 40
1.0
 10
1025.03663067197
 20
-1203.690796123524
 30
0.0000000000002132
 10
1025.134025887809
 20
-1203.695238895722
 30
0.0000000000002132
 10
1025.32288865756
 20
-1203.703854044368
 30
0.0000000000002132
 10
1025.496761311029
 20
-1203.777777610142
 30
0.0000000000001421
 10
1025.580969047289
 20
-1203.813579307577
 30
0.0000000000002132
  0
SPLINE
  5
299
330
1F
100
AcDbEntity
  8
0
100
AcDbSpline
210
0.0
220
0.0
230
1.0
 70
     8
 71
     3
 72
     9
 73
     5
 74
     0
 42
0.000000001
 43
0.0000000001
 40
0.0
 40
0.0
 40
0.0
 40
0.0
 40
0.506397313916498
 40
1.0
 40
1.0
 40
1.0
 40
1.0
 10
1025.580969047289
 20
-1203.813579307577
 30
0.0000000000002132
 10
1025.655900441649
 20
-1203.8582793106
 30
0.0000000000002132
 10
1025.80387001473
 20
-1203.946549926963
 30
0.0000000000002132
 10
1025.898510667879
 20
-1204.090440580168
 30
0.0000000000002132
 10
1025.945225548489
 20
-1204.161465393083
 30
0.0000000000002132
  0
SPLINE
  5
300
330
1F
100
AcDbEntity
  8
0
100
AcDbSpline
210
0.0
220
0.0
230
1.0
 70
     8
 71
     3
 72
     9
 73
     5
 74
     0
 42
0.000000001
 43
0.0000000001
 40
0.0
 40
0.0
 40
0.0
 40
0.0
 40
0.4978903109172891
 40
1.0
 40
1.0
 40
1.0
 40
1.0
 10
1025.945225548489
 20
-1204.161465393083
 30
0.0000000000002132
 10
1025.98103706708
 20
-1204.238159048386
 30
0.0000000000002132
 10
1026.05296358944
 20
-1204.392196300398
 30
0.0000000000002132
 10
1026.06297949853
 20
-1204.561920541892
 30
0.0000000000002132
 10
1026.068008583529
 20
-1204.647140728018
 30
0.0000000000002132
  0
SPLINE
  5
301
330
1F
100
AcDbEntity
  8
0
100
AcDbSpline
210
-0.0000000000006606
220
0.0000000000000378
230
1.0
 70
     8
 71
     3
 72
     9
 73
     5
 74
     0
 42
0.000000001
 43
0.0000000001
 40
0.0
 40
0.0
 40
0.0
 40
0.0
 40
0.5104779869494301
 40
1.0
 40
1.0
 40
1.0
 40
1.0
 10
1026.068008583529
 20
-1204.647140728018
 30
0.0000000000002132
 10
1026.06281598781
 20
-1204.737960760394
 30
0.0000000000002132
 10
1026.0526439611
 20
-1204.915872511154
 30
0.0000000000002132
 10
1025.971368880459
 20
-1205.074341645613
 30
0.0000000000002132
 10
1025.93158293937
 20
-1205.151915775317
 30
0.0000000000001421
  0
LWPOLYLINE
  5
302
330
1F
100
AcDbEntity
  8
0
100
AcDbPolyline
 90
        8
 70
     1
 43
0.0
 10
1021.68179721777
 20
-1213.01049645923
 42
0.4142135623730951
 10
1022.18179721777
 20
-1212.510496459231
 10
1022.18179721777
 20
-1198.510496459232
 42
0.4142135623731784
 10
1021.68179721777
 20
-1198.01049645923
 10
1015.68179721777
 20
-1198.010496459232
 42
0.4142135623728453
 10
1015.18179721777
 20
-1198.510496459232
 10
1015.18179721777
 20
-1212.510496459231
 42
0.4142135623730951
 10
1015.68179721777
 20
-1213.010496459232
  0
LWPOLYLINE
  5
303
330
1F
100
AcDbEntity
  8
0
100
AcDbPolyline
 90
        4
 70
     1
 43
0.0
 10
1023.26737604987
 20
-1249.100496459224
 10
1009.26773531307
 20
-1249.100496459224
 10
1009.26773531307
 20
-1235.110678763276
 10
1023.26737604987
 20
-1235.110678763275
  0
LWPOLYLINE
  5
304
330
1F
100
AcDbEntity
  8
0
100
AcDbPolyline
 90
        8
 70
     1
 43
0.0
 10
818.4284953016526
 20
-1254.367979740988
 42
0.527583635283328
 10
818.8012691352948
 20
-1253.822929167215
 42
0.6839252201127304
 10
811.3738252604205
 20
-1253.822929167215
 42
0.527583635283328
 10
811.7465990940628
 20
-1254.36797974099
 10
811.7841403470766
 20
-1254.367979740988
 42
0.3082072082639892
 10
812.1563552035036
 20
-1254.11445875196
 42
-0.6811146429268415
 10
818.0187391922119
 20
-1254.11445875196
 42
0.3082072082638468
 10
818.3909540486387
 20
-1254.36797974099
  0
LWPOLYLINE
  5
305
330
1F
100
AcDbEntity
  8
0
100
AcDbPolyline
 90
        8
 70
     1
 43
0.0
 10
954.2262691352956
 20
-1253.822929158184
 42
0.6839252201126608
 10
946.79882526042
 20
-1253.822929158184
 42
0.5275836352833984
 10
947.1715990940628
 20
-1254.36797973196
 10
947.2091403470768
 20
-1254.367979731957
 42
0.3082072082642415
 10
947.5813552035035
 20
-1254.114458742928
 42
-0.681114642926805
 10
953.4437391922121
 20
-1254.114458742929
 42
0.3082072082638468
 10
953.8159540486388
 20
-1254.36797973196
 10
953.8534953016526
 20
-1254.367979731957
 42
0.5275836352833984
  0
LWPOLYLINE
  5
306
330
1F
100
AcDbEntity
  8
0
100
AcDbPolyline
 90
        8
 70
     1
 43
0.0
 10
1018.791894135296
 20
-1253.822929167213
 42
0.6839252201126465
 10
1011.364450260421
 20
-1253.822929167216
 42
0.5275836352836577
 10
1011.73722409406
 20
-1254.36797974099
 10
1011.77476534708
 20
-1254.367979740988
 42
0.3082072082562268
 10
1012.146980203502
 20
-1254.114458751971
 42
-0.6811146429278662
 10
1018.009364192212
 20
-1254.114458751958
 42
0.3082072082651109
 10
1018.381579048639
 20
-1254.36797974099
 10
1018.419120301649
 20
-1254.367979740988
 42
0.5275836352836859
  0
LWPOLYLINE
  5
307
330
1F
100
AcDbEntity
  8
0
100
AcDbPolyline
 90
        8
 70
     1
 43
0.0
 10
758.9856441552057
 20
-1253.822881132093
 42
0.683925220112675
 10
751.5582002803296
 20
-1253.822881132093
 42
0.5275836352833807
 10
751.9309741139728
 20
-1254.367931705869
 10
751.9685153669867
 20
-1254.367931705867
 42
0.3082072082640441
 10
752.3407302234134
 20
-1254.114410716838
 42
-0.6811146429268689
 10
758.2031142121222
 20
-1254.114410716838
 42
0.3082072082640278
 10
758.5753290685487
 20
-1254.367931705869
 10
758.6128703215628
 20
-1254.367931705867
 42
0.527583635283757
  0
LWPOLYLINE
  5
308
330
1F
100
AcDbEntity
  8
0
100
AcDbPolyline
 90
        4
 70
     1
 43
0.0
 10
985.455235318969
 20
-1249.100496459224
 10
985.455235318969
 20
-1235.110678763276
 10
999.4548760557687
 20
-1235.110678763275
 10
999.4548760557687
 20
-1249.100496459224
  0
LWPOLYLINE
  5
309
330
1F
100
AcDbEntity
  8
0
100
AcDbPolyline
 90
        4
 70
     1
 43
0.0
 10
961.6441779586789
 20
-1249.100496459224
 10
961.6441779586789
 20
-1235.110678763276
 10
975.6437971636287
 20
-1235.110678763275
 10
975.6437971636287
 20
-1249.100496459224
  0
LWPOLYLINE
  5
310
330
1F
100
AcDbEntity
  8
0
100
AcDbPolyline
 90
        4
 70
     1
 43
0.0
 10
937.8302353308988
 20
-1249.100496459224
 10
937.8302353308988
 20
-1235.110678763276
 10
951.8298760676886
 20
-1235.110678763275
 10
951.8298760676886
 20
-1249.100496459224
  0
CIRCLE
  5
311
330
1F
100
AcDbEntity
  8
0
100
AcDbCircle
 10
897.2950464777687
 20
-1247.405469343007
 30
0.0000000000002132
 40
2.100000023842
  0
LWPOLYLINE
  5
312
330
1F
100
AcDbEntity
  8
0
100
AcDbPolyline
 90
        8
 70
     1
 43
0.0
 10
866.3937972177686
 20
-1248.610496459236
 42
0.3566822415809612
 10
866.7942984740337
 20
-1249.100496459231
 10
879.9932959615039
 20
-1249.100496459231
 42
0.3566822415809453
 10
880.3937972177687
 20
-1248.610496459236
 10
880.3937972177687
 20
-1235.610496459233
 42
0.4142135623729285
 10
879.8937972177689
 20
-1235.11049645923
 10
866.8937972177685
 20
-1235.110496459233
 42
0.4142135623729285
 10
866.3937972177686
 20
-1235.610496459233
  0
LWPOLYLINE
  5
313
330
1F
100
AcDbEntity
  8
0
100
AcDbPolyline
 90
        4
 70
     1
 43
0.0
 10
794.9552461325487
 20
-1249.100496459224
 10
794.9552461325487
 20
-1235.110678763276
 10
808.9562918223396
 20
-1235.110678763275
 10
808.9562918223396
 20
-1249.100496459224
  0
LWPOLYLINE
  5
314
330
1F
100
AcDbEntity
  8
0
100
AcDbPolyline
 90
        4
 70
     1
 43
0.0
 10
771.1427461384696
 20
-1249.100496459224
 10
771.1427461384696
 20
-1235.110678763276
 10
785.1423761093698
 20
-1235.110678763275
 10
785.1423761093698
 20
-1249.100496459224
  0
LWPOLYLINE
  5
315
330
1F
100
AcDbEntity
  8
0
100
AcDbPolyline
 90
        4
 70
     1
 43
0.0
 10
747.3302461444697
 20
-1249.100496459224
 10
747.3302461444697
 20
-1235.110678763275
 10
761.3312972171696
 20
-1235.110678763275
 10
761.3312972171696
 20
-1249.100496459224
  0
LWPOLYLINE
  5
316
330
1F
100
AcDbEntity
  8
0
100
AcDbPolyline
 90
        8
 70
     1
 43
0.0
 10
974.0500472177677
 20
-1158.910496459229
 10
987.0500472177676
 20
-1158.910496459232
 42
-0.0067516611943471
 10
987.0635486936498
 20
-1158.910678782325
 10
987.5500471606688
 20
-1158.910678782319
 10
987.5500471606688
 20
-1172.910314136148
 10
973.5489853219686
 20
-1172.910314136148
 10
973.5489853219686
 20
-1158.910678782319
 10
974.0365457418857
 20
-1158.910678782322
 42
-0.0067516611944766
  0
LWPOLYLINE
  5
317
330
1F
100
AcDbEntity
  8
0
100
AcDbPolyline
 90
        8
 70
     1
 43
0.0
 10
1005.411325300244
 20
-1154.198063751258
 42
0.6839252201119127
 10
1012.838769175116
 20
-1154.198063751258
 42
0.5275836352850966
 10
1012.46599534147
 20
-1153.653013177479
 10
1012.42845408846
 20
-1153.65301317748
 42
0.3082072082627638
 10
1012.056239232034
 20
-1153.906534166507
 42
-0.6811146429276088
 10
1006.193855243324
 20
-1153.906534166504
 42
0.3082072082602713
 10
1005.8216403869
 20
-1153.653013177479
 10
1005.78409913388
 20
-1153.65301317748
 42
0.5275836352880198
  0
LWPOLYLINE
  5
318
330
1F
100
AcDbEntity
  8
0
100
AcDbPolyline
 90
        8
 70
     1
 43
0.0
 10
938.7363252803332
 20
-1154.205521539326
 42
0.6839252201117283
 10
946.1637691552045
 20
-1154.205521539326
 42
0.5275836352873374
 10
945.7909953215635
 20
-1153.660470965546
 10
945.7534540685509
 20
-1153.660470965548
 42
0.3082072082615102
 10
945.3812392121244
 20
-1153.913991954572
 42
-0.6811146429276971
 10
939.5188552234131
 20
-1153.913991954573
 42
0.3082072082617518
 10
939.1466403669879
 20
-1153.660470965546
 10
939.1090991139737
 20
-1153.660470965548
 42
0.5275836352875491
  0
LWPOLYLINE
  5
319
330
1F
100
AcDbEntity
  8
0
100
AcDbPolyline
 90
        8
 70
     1
 43
0.0
 10
843.486325280333
 20
-1154.205521539326
 42
0.6839252201116798
 10
850.9137691552043
 20
-1154.205521539326
 42
0.5275836352875491
 10
850.5409953215634
 20
-1153.660470965545
 10
850.5034540685509
 20
-1153.660470965547
 42
0.3082072082617268
 10
850.1312392121244
 20
-1153.913991954572
 42
-0.6811146429276971
 10
844.2688552234132
 20
-1153.913991954572
 42
0.3082072082617518
 10
843.8966403669876
 20
-1153.660470965545
 10
843.8590991139736
 20
-1153.660470965547
 42
0.5275836352875491
  0
LWPOLYLINE
  5
320
330
1F
100
AcDbEntity
  8
0
100
AcDbPolyline
 90
        8
 70
     1
 43
0.0
 10
748.6090991139749
 20
-1153.660497681627
 42
0.5275836352877136
 10
748.2363252803349
 20
-1154.205548255405
 42
0.6839252201116492
 10
755.6637691552046
 20
-1154.205548255405
 42
0.5275836352878606
 10
755.2909953215647
 20
-1153.660497681625
 10
755.2534540685509
 20
-1153.660497681626
 42
0.3082072082618751
 10
754.8812392121261
 20
-1153.914018670652
 42
-0.6811146429276721
 10
749.0188552234132
 20
-1153.914018670652
 42
0.3082072082617518
 10
748.6466403669876
 20
-1153.660497681625
  0
LWPOLYLINE
  5
321
330
1F
100
AcDbEntity
  8
0
100
AcDbPolyline
 90
        8
 70
     1
 43
0.0
 10
955.0000472177679
 20
-1158.910496459229
 10
968.0000472177679
 20
-1158.910496459232
 42
-0.0067516611944869
 10
968.0135486936499
 20
-1158.910678782325
 10
968.5000256335685
 20
-1158.910678782319
 10
968.5000256335685
 20
-1172.910314136148
 10
954.4989853267388
 20
-1172.910314136148
 10
954.4989853267388
 20
-1158.910678782319
 10
954.9865457418857
 20
-1158.910678782322
 42
-0.0067516611944766
  0
LWPOLYLINE
  5
322
330
1F
100
AcDbEntity
  8
0
100
AcDbPolyline
 90
        8
 70
     1
 43
0.0
 10
935.9500472177677
 20
-1158.910496459229
 10
948.9500472177676
 20
-1158.910496459232
 42
-0.006751661196478
 10
948.963548693649
 20
-1158.910678782325
 10
949.4486260682887
 20
-1158.910678782319
 10
949.4486260682887
 20
-1172.910314136148
 10
935.4489853314989
 20
-1172.910314136148
 10
935.4489853314989
 20
-1158.910678782319
 10
935.9365457418856
 20
-1158.910678782322
 42
-0.0067516611944766
  0
LWPOLYLINE
  5
323
330
1F
100
AcDbEntity
  8
0
100
AcDbPolyline
 90
        8
 70
     1
 43
0.0
 10
916.9000472177676
 20
-1158.910496459229
 10
929.9000472177679
 20
-1158.910496459232
 42
-0.0067516611944869
 10
929.9135486936499
 20
-1158.910678782325
 10
930.4000256430887
 20
-1158.910678782319
 10
930.4000256430887
 20
-1172.910314136148
 10
916.3989961021787
 20
-1172.910314136148
 10
916.3989961021787
 20
-1158.910678782319
 10
916.8865457418856
 20
-1158.910678782322
 42
-0.0067516611944766
  0
LWPOLYLINE
  5
324
330
1F
100
AcDbEntity
  8
0
100
AcDbPolyline
 90
        8
 70
     1
 43
0.0
 10
897.8500472177676
 20
-1158.910496459229
 10
910.8500472177675
 20
-1158.910496459232
 42
-0.0067516611937787
 10
910.8635486936501
 20
-1158.910678782325
 10
911.3486260778087
 20
-1158.910678782319
 10
911.3486260778087
 20
-1172.910314136148
 10
897.3489961069487
 20
-1172.910314136148
 10
897.3489961069487
 20
-1158.910678782319
 10
897.8365457418856
 20
-1158.910678782322
 42
-0.0067516611944766
  0
LWPOLYLINE
  5
325
330
1F
100
AcDbEntity
  8
0
100
AcDbPolyline
 90
        8
 70
     1
 43
0.0
 10
878.800047217768
 20
-1158.910496459229
 10
891.8000472177679
 20
-1158.910496459232
 42
-0.0067516611944869
 10
891.8135486936499
 20
-1158.910678782325
 10
892.3000364185385
 20
-1158.910678782319
 10
892.3000364185385
 20
-1172.910314136148
 10
878.2989853457888
 20
-1172.910314136148
 10
878.2989853457888
 20
-1158.910678782319
 10
878.7865457418856
 20
-1158.910678782322
 42
-0.0067516611944766
  0
LWPOLYLINE
  5
326
330
1F
100
AcDbEntity
  8
0
100
AcDbPolyline
 90
        8
 70
     1
 43
0.0
 10
859.750047217768
 20
-1158.910496459229
 10
872.7500472177679
 20
-1158.910496459232
 42
-0.0067516611944869
 10
872.7635486936499
 20
-1158.910678782325
 10
873.2500364232988
 20
-1158.910678782319
 10
873.2500364232988
 20
-1172.910314136148
 10
859.2489853505487
 20
-1172.910314136148
 10
859.2489853505487
 20
-1158.910678782319
 10
859.7365457418858
 20
-1158.910678782322
 42
-0.0067516611937664
  0
LWPOLYLINE
  5
327
330
1F
100
AcDbEntity
  8
0
100
AcDbPolyline
 90
        8
 70
     1
 43
0.0
 10
840.7000472177676
 20
-1158.910496459229
 10
853.7000472177679
 20
-1158.910496459232
 42
-0.0067516611944869
 10
853.7135486936499
 20
-1158.910678782325
 10
854.2000256621385
 20
-1158.910678782319
 10
854.2000256621385
 20
-1172.910314136148
 10
840.1989853553086
 20
-1172.910314136148
 10
840.1989853553086
 20
-1158.910678782319
 10
840.6865457418856
 20
-1158.910678782322
 42
-0.0067516611944766
  0
LWPOLYLINE
  5
328
330
1F
100
AcDbEntity
  8
0
100
AcDbPolyline
 90
        8
 70
     1
 43
0.0
 10
821.6500472177679
 20
-1158.910496459229
 10
834.6500472177678
 20
-1158.910496459232
 42
-0.0067516611944869
 10
834.6635486936499
 20
-1158.910678782325
 10
835.1500364328286
 20
-1158.910678782319
 10
835.1500364328286
 20
-1172.910314136148
 10
821.1489961259987
 20
-1172.910314136148
 10
821.1489961259987
 20
-1158.910678782319
 10
821.6365457418856
 20
-1158.910678782322
 42
-0.0067516611943348
  0
LWPOLYLINE
  5
329
330
1F
100
AcDbEntity
  8
0
100
AcDbPolyline
 90
        8
 70
     1
 43
0.0
 10
802.6000472177676
 20
-1158.910496459229
 10
815.6000472177677
 20
-1158.910496459232
 42
-0.0067516611944869
 10
815.6135486936499
 20
-1158.910678782325
 10
816.0986314845896
 20
-1158.910678782319
 10
816.0986314845896
 20
-1172.910314136148
 10
802.0989961307599
 20
-1172.910314136148
 10
802.0989961307599
 20
-1158.910678782319
 10
802.5865457418856
 20
-1158.910678782322
 42
-0.0067516611944766
  0
LWPOLYLINE
  5
330
330
1F
100
AcDbEntity
  8
0
100
AcDbPolyline
 90
        8
 70
     1
 43
0.0
 10
783.5500472177679
 20
-1158.910496459229
 10
796.550047217768
 20
-1158.910496459232
 42
-0.0067516611944869
 10
796.5635486936498
 20
-1158.910678782325
 10
797.0500364423497
 20
-1158.910678782319
 10
797.0500364423497
 20
-1172.910314136148
 10
783.0489853695699
 20
-1172.910314136148
 10
783.0489853695699
 20
-1158.910678782319
 10
783.5365457418856
 20
-1158.910678782322
 42
-0.0067516611943348
  0
LWPOLYLINE
  5
331
330
1F
100
AcDbEntity
  8
0
100
AcDbPolyline
 90
        8
 70
     1
 43
0.0
 10
764.5000472177679
 20
-1158.910496459229
 10
777.5000472177679
 20
-1158.910496459232
 42
-0.0067516611944869
 10
777.5135486936499
 20
-1158.910678782325
 10
778.0000472130698
 20
-1158.910678782319
 10
778.0000472130698
 20
-1172.910314136148
 10
763.9989961402687
 20
-1172.910314136148
 10
763.9989961402687
 20
-1158.910678782319
 10
764.4865457418855
 20
-1158.910678782322
 42
-0.0067516611937664
  0
LWPOLYLINE
  5
332
330
1F
100
AcDbEntity
  8
0
100
AcDbPolyline
 90
        8
 70
     1
 43
0.0
 10
745.4500472177676
 20
-1158.910496459229
 10
758.4500472177676
 20
-1158.910496459232
 42
-0.0067516611944869
 10
758.4635486936499
 20
-1158.910678782325
 10
758.9500472177697
 20
-1158.910678782319
 10
758.9500472177697
 20
-1172.910314136148
 10
744.9489961450687
 20
-1172.910314136148
 10
744.9489961450687
 20
-1158.910678782319
 10
745.4365457418856
 20
-1158.910678782322
 42
-0.0067516611943348
  0
LWPOLYLINE
  5
333
330
1F
100
AcDbEntity
  8
0
100
AcDbPolyline
 90
       22
 70
     1
 43
0.0
 10
1025.163548636477
 20
-1158.910678780781
 42
0.006751632611813
 10
1025.15004721777
 20
-1158.910496459232
 10
993.1000472177675
 20
-1158.910496459232
 42
0.00675168967633
 10
993.0865456848989
 20
-1158.910678782322
 42
0.4063255591457766
 10
992.6000471606688
 20
-1159.410496459232
 10
992.6000471606688
 20
-1172.410496459235
 42
0.4142135623730951
 10
993.1000471606687
 20
-1172.910496459237
 10
993.6870472172788
 20
-1172.910496459238
 10
993.6870472177687
 20
-1174.410496459235
 42
0.4142135623730951
 10
994.1870472177686
 20
-1174.910496459237
 10
1000.18704721777
 20
-1174.910496459235
 42
0.4142135623730118
 10
1000.68704721777
 20
-1174.410496459235
 10
1000.687047217279
 20
-1172.910496459237
 10
1017.563047217279
 20
-1172.910496459238
 10
1017.563047217769
 20
-1174.410496459235
 42
0.4142135623729285
 10
1018.063047217769
 20
-1174.910496459237
 10
1024.06304721777
 20
-1174.910496459235
 42
0.4142135623731784
 10
1024.56304721777
 20
-1174.410496459235
 10
1024.563047217279
 20
-1172.910496459237
 10
1025.15004716067
 20
-1172.910496459235
 42
0.4142135623728453
 10
1025.650047160669
 20
-1172.410496459235
 10
1025.650047160669
 20
-1159.410496459232
 42
0.4063255591482554
  0
LWPOLYLINE
  5
334
330
1F
100
AcDbEntity
  8
0
100
AcDbPolyline
 90
        2
 70
     1
 43
0.0
 10
1002.30004466925
 20
-1242.010034460594
 42
1.907725643425465
 10
1005.28107374338
 20
-1243.754769620018
 42
1.742077526088388
  0
CIRCLE
  5
335
330
1F
100
AcDbEntity
  8
0
100
AcDbCircle
 10
978.9624509823518
 20
-1215.4293565615
 30
0.0000000000002132
 40
2.09999999999994
  0
CIRCLE
  5
336
330
1F
100
AcDbEntity
  8
0
100
AcDbCircle
 10
880.5502153046298
 20
-1228.187598324987
 30
0.0000000000001421
 40
2.09999999999994
  0
LWPOLYLINE
  5
337
330
1F
100
AcDbEntity
  8
0
100
AcDbPolyline
 90
        2
 70
     1
 43
0.0
 10
765.3622287568667
 20
-1243.778398632412
 42
1.990057831414037
 10
768.2970192595855
 20
-1242.121854061526
 42
1.82631070007459
  0
CIRCLE
  5
338
330
1F
100
AcDbEntity
  8
0
100
AcDbCircle
 10
746.0393567829178
 20
-1181.284527458851
 30
0.0000000000002132
 40
2.09999999999994
  0
LWPOLYLINE
  5
339
330
1F
100
AcDbEntity
  8
0
100
AcDbPolyline
 90
        2
 70
     1
 43
0.0
 10
887.3489219949027
 20
-1176.567750199747
 42
1.254104953283044
 10
883.2547624458992
 20
-1176.508232870613
 42
1.254105017236478
  0
LWPOLYLINE
  5
340
330
1F
100
AcDbEntity
  8
0
100
AcDbPolyline
 90
        2
 70
     1
 43
0.0
 10
1004.055726185011
 20
-1180.144570917023
 42
1.300927162198921
 10
1000.779630770605
 20
-1177.748628715373
 42
1.300927162204395
  0
CIRCLE
  5
341
330
1F
100
AcDbEntity
  8
0
100
AcDbCircle
 10
875.8000437953695
 20
-1175.01190409418
 30
0.0000000000002132
 40
2.10000000000007
  0
INSERT
  5
10079
330
1F
100
AcDbEntity
  8
Smart Centers
 48
0.75
100
AcDbBlockReference
  2
*U1
 10
746.8000438309687
 20
-1176.011904094195
 30
0.0000000000002132
  0
CIRCLE
  5
1007A
330
1F
100
AcDbEntity
  8
Visible
100
AcDbCircle
 10
-746.8000438309687
 20
-1176.011904094195
 30
-0.0000000000002132
 40
1.1
210
0.0
220
0.0
230
-1.0
  0
INSERT
  5
10094
330
1F
100
AcDbEntity
  8
Smart Centers
 48
0.75
100
AcDbBlockReference
  2
*U3
 10
746.0393567829178
 20
-1181.284527458851
 30
0.0000000000002132
  0
CIRCLE
  5
10095
330
1F
100
AcDbEntity
  8
Visible
100
AcDbCircle
 10
-746.0393567829178
 20
-1181.284527458851
 30
-0.0000000000002132
 40
1.1
210
0.0
220
0.0
230
-1.0
  0
INSERT
  5
100A5
330
1F
100
AcDbEntity
  8
Smart Centers
 48
0.75
100
AcDbBlockReference
  2
*U5
 10
766.3000437953704
 20
-1242.011904094195
 30
0.0
  0
CIRCLE
  5
100A6
330
1F
100
AcDbEntity
  8
Visible
100
AcDbCircle
 10
-766.3000437953704
 20
-1242.011904094195
 30
0.0
 40
1.1
210
0.0
220
0.0
230
-1.0
  0
INSERT
  5
100B6
330
1F
100
AcDbEntity
  8
Smart Centers
 48
0.75
100
AcDbBlockReference
  2
*U7
 10
767.4456763155587
 20
-1244.041545492891
 30
0.0
  0
CIRCLE
  5
100B7
330
1F
100
AcDbEntity
  8
Visible
100
AcDbCircle
 10
-767.4456763155587
 20
-1244.041545492891
 30
0.0
 40
1.1
210
0.0
220
0.0
230
-1.0
  0
INSERT
  5
100C7
330
1F
100
AcDbEntity
  8
Smart Centers
 48
0.75
100
AcDbBlockReference
  2
*U9
 10
809.1128442098897
 20
-1193.833567336928
 30
0.0000000000002132
  0
CIRCLE
  5
100C8
330
1F
100
AcDbEntity
  8
Visible
100
AcDbCircle
 10
-809.1128442098897
 20
-1193.833567336928
 30
-0.0000000000002132
 40
1.1
210
0.0
220
0.0
230
-1.0
  0
INSERT
  5
100D8
330
1F
100
AcDbEntity
  8
Smart Centers
 48
0.75
100
AcDbBlockReference
  2
*U11
 10
813.8830477289918
 20
-1241.93046943837
 30
0.0000000000002132
  0
CIRCLE
  5
100D9
330
1F
100
AcDbEntity
  8
Visible
100
AcDbCircle
 10
-813.8830477289918
 20
-1241.93046943837
 30
-0.0000000000002132
 40
1.1
210
0.0
220
0.0
230
-1.0
  0
INSERT
  5
100E9
330
1F
100
AcDbEntity
  8
Smart Centers
 48
0.75
100
AcDbBlockReference
  2
*U13
 10
823.3950449518896
 20
-1216.905467912497
 30
0.0000000000001421
  0
CIRCLE
  5
100EA
330
1F
100
AcDbEntity
  8
Visible
100
AcDbCircle
 10
-823.3950449518896
 20
-1216.905467912497
 30
-0.0000000000001421
 40
1.1
210
0.0
220
0.0
230
-1.0
  0
INSERT
  5
100FA
330
1F
100
AcDbEntity
  8
Smart Centers
 48
0.75
100
AcDbBlockReference
  2
*U15
 10
875.8000437953695
 20
-1175.01190409418
 30
0.0000000000002132
  0
CIRCLE
  5
100FB
330
1F
100
AcDbEntity
  8
Visible
100
AcDbCircle
 10
-875.8000437953695
 20
-1175.01190409418
 30
-0.0000000000002132
 40
1.1
210
0.0
220
0.0
230
-1.0
  0
INSERT
  5
1010B
330
1F
100
AcDbEntity
  8
Smart Centers
 48
0.75
100
AcDbBlockReference
  2
*U17
 10
885.3086379614778
 20
-1176.070516790823
 30
0.0
  0
CIRCLE
  5
1010C
330
1F
100
AcDbEntity
  8
Visible
100
AcDbCircle
 10
-885.3086379614778
 20
-1176.070516790823
 30
0.0
 40
1.1
210
0.0
220
0.0
230
-1.0
  0
INSERT
  5
1011C
330
1F
100
AcDbEntity
  8
Smart Centers
 48
0.75
100
AcDbBlockReference
  2
*U19
 10
885.2950464777675
 20
-1177.005466386616
 30
0.0
  0
CIRCLE
  5
1011D
330
1F
100
AcDbEntity
  8
Visible
100
AcDbCircle
 10
-885.2950464777675
 20
-1177.005466386616
 30
0.0
 40
1.1
210
0.0
220
0.0
230
-1.0
  0
INSERT
  5
1012D
330
1F
100
AcDbEntity
  8
Smart Centers
 48
0.75
100
AcDbBlockReference
  2
*U21
 10
885.3000432396687
 20
-1247.410961641941
 30
0.0000000000002132
  0
CIRCLE
  5
1012E
330
1F
100
AcDbEntity
  8
Visible
100
AcDbCircle
 10
-885.3000432396687
 20
-1247.410961641941
 30
-0.0000000000002132
 40
1.1
210
0.0
220
0.0
230
-1.0
  0
INSERT
  5
1013E
330
1F
100
AcDbEntity
  8
Smart Centers
 48
0.75
100
AcDbBlockReference
  2
*U23
 10
897.2950464777687
 20
-1247.405469343007
 30
0.0000000000002132
  0
CIRCLE
  5
1013F
330
1F
100
AcDbEntity
  8
Visible
100
AcDbCircle
 10
-897.2950464777687
 20
-1247.405469343007
 30
-0.0000000000002132
 40
1.1
210
0.0
220
0.0
230
-1.0
  0
INSERT
  5
1014F
330
1F
100
AcDbEntity
  8
Smart Centers
 48
0.75
100
AcDbBlockReference
  2
*U25
 10
880.5502153046298
 20
-1228.187598324987
 30
0.0000000000001421
  0
CIRCLE
  5
10150
330
1F
100
AcDbEntity
  8
Visible
100
AcDbCircle
 10
-880.5502153046298
 20
-1228.187598324987
 30
-0.0000000000001421
 40
1.1
210
0.0
220
0.0
230
-1.0
  0
INSERT
  5
10160
330
1F
100
AcDbEntity
  8
Smart Centers
 48
0.75
100
AcDbBlockReference
  2
*U27
 10
937.6950403742489
 20
-1217.005470201317
 30
0.0000000000002132
  0
CIRCLE
  5
10161
330
1F
100
AcDbEntity
  8
Visible
100
AcDbCircle
 10
-937.6950403742489
 20
-1217.005470201317
 30
-0.0000000000002132
 40
1.1
210
0.0
220
0.0
230
-1.0
  0
INSERT
  5
10171
330
1F
100
AcDbEntity
  8
Smart Centers
 48
0.75
100
AcDbBlockReference
  2
*U29
 10
942.4631159904286
 20
-1193.833567336928
 30
0.0000000000002132
  0
CIRCLE
  5
10172
330
1F
100
AcDbEntity
  8
Visible
100
AcDbCircle
 10
-942.4631159904286
 20
-1193.833567336928
 30
-0.0000000000002132
 40
1.1
210
0.0
220
0.0
230
-1.0
  0
INSERT
  5
10182
330
1F
100
AcDbEntity
  8
Smart Centers
 48
0.75
100
AcDbBlockReference
  2
*U31
 10
978.9624509823518
 20
-1215.4293565615
 30
0.0000000000002132
  0
CIRCLE
  5
10183
330
1F
100
AcDbEntity
  8
Visible
100
AcDbCircle
 10
-978.9624509823518
 20
-1215.4293565615
 30
-0.0000000000002132
 40
1.1
210
0.0
220
0.0
230
-1.0
  0
INSERT
  5
10193
330
1F
100
AcDbEntity
  8
Smart Centers
 48
0.75
100
AcDbBlockReference
  2
*U33
 10
1004.300043795368
 20
-1242.011904094195
 30
0.0
  0
CIRCLE
  5
10194
330
1F
100
AcDbEntity
  8
Visible
100
AcDbCircle
 10
-1004.300043795368
 20
-1242.011904094195
 30
0.0
 40
1.1
210
0.0
220
0.0
230
-1.0
  0
INSERT
  5
101A4
330
1F
100
AcDbEntity
  8
Smart Centers
 48
0.75
100
AcDbBlockReference
  2
*U35
 10
1003.18708093836
 20
-1243.913496216786
 30
0.0
  0
CIRCLE
  5
101A5
330
1F
100
AcDbEntity
  8
Visible
100
AcDbCircle
 10
-1003.18708093836
 20
-1243.913496216786
 30
0.0
 40
1.1
210
0.0
220
0.0
230
-1.0
  0
INSERT
  5
101B5
330
1F
100
AcDbEntity
  8
Smart Centers
 48
0.75
100
AcDbBlockReference
  2
*U37
 10
1024.79504647777
 20
-1178.505466386614
 30
0.0000000000002132
  0
CIRCLE
  5
101B6
330
1F
100
AcDbEntity
  8
Visible
100
AcDbCircle
 10
-1024.79504647777
 20
-1178.505466386614
 30
-0.0000000000002132
 40
1.1
210
0.0
220
0.0
230
-1.0
  0
INSERT
  5
101C6
330
1F
100
AcDbEntity
  8
Smart Centers
 48
0.75
100
AcDbBlockReference
  2
*U39
 10
1002.73648531367
 20
-1178.510678777566
 30
0.0
  0
CIRCLE
  5
101C7
330
1F
100
AcDbEntity
  8
Visible
100
AcDbCircle
 10
-1002.73648531367
 20
-1178.510678777566
 30
0.0
 40
1.1
210
0.0
220
0.0
230
-1.0
  0
INSERT
  5
101D7
330
1F
100
AcDbEntity
  8
Smart Centers
 48
0.75
100
AcDbBlockReference
  2
*U41
 10
1002.098871641942
 20
-1179.382520854838
 30
0.0
  0
CIRCLE
  5
101D8
330
1F
100
AcDbEntity
  8
Visible
100
AcDbCircle
 10
-1002.098871641942
 20
-1179.382520854838
 30
0.0
 40
1.1
210
0.0
220
0.0
230
-1.0
  0
ENDSEC
  0
SECTION
  2
OBJECTS
  0
DICTIONARY
  5
C
330
0
100
AcDbDictionary
281
     1
  3
ACAD_BACKGROUND
350
1005B
  3
ACAD_CIP_PREVIOUS_PRODUCT_INFO
350
1005A
  3
ACAD_COLOR
350
10036
  3
ACAD_DETAILVIEWSTYLE
350
10051
  3
ACAD_GROUP
350
D
  3
ACAD_LAST_SAVED_VERSION_INFO
350
101D9
  3
ACAD_LAYOUT
350
10037
  3
ACAD_MATERIAL
350
10004
  3
ACAD_MLEADERSTYLE
350
1004D
  3
ACAD_MLINESTYLE
350
17
  3
ACAD_PLOTSETTINGS
350
10054
  3
ACAD_PLOTSTYLENAME
350
10002
  3
ACAD_SCALELIST
350
1003B
  3
ACAD_SECTIONVIEWSTYLE
350
1004F
  3
ACAD_TABLESTYLE
350
10038
  3
ACAD_VISUALSTYLE
350
1001D
  3
ACDB_RECOMPOSE_DATA
350
101E9
  3
AcDbVariableDictionary
350
1007B
  3
AcDsDecomposeData
350
101EF
  0
DICTIONARY
  5
10071
330
2
100
AcDbDictionary
280
     1
281
     1
  3
ACAD_LAYERSTATES
360
10072
  0
DICTIONARY
  5
101DA
330
50
100
AcDbDictionary
280
     1
281
     1
  3
ADSK_XREC_LAYER_RECONCILED
360
101DB
  0
DICTIONARY
  5
101DC
330
1006F
100
AcDbDictionary
280
     1
281
     1
  3
ADSK_XREC_LAYER_RECONCILED
360
101DD
  0
DICTIONARY
  5
101DE
330
10070
100
AcDbDictionary
280
     1
281
     1
  3
ADSK_XREC_LAYER_RECONCILED
360
101DF
  0
DICTIONARY
  5
1005B
102
{ACAD_REACTORS
330
C
102
}
330
C
100
AcDbDictionary
281
     1
  0
XRECORD
  5
1005A
102
{ACAD_REACTORS
330
C
102
}
330
C
100
AcDbXrecord
280
     1
300
ACDMAC
300
2025
300

  0
DICTIONARY
  5
10036
102
{ACAD_REACTORS
330
C
102
}
330
C
100
AcDbDictionary
281
     1
  0
DICTIONARY
  5
10051
102
{ACAD_REACTORS
330
C
102
}
330
C
100
AcDbDictionary
281
     1
  3
Imperial24
350
10052
  0
DICTIONARY
  5
D
330
C
100
AcDbDictionary
281
     1
  0
XRECORD
  5
101D9
102
{ACAD_REACTORS
330
C
102
}
330
C
100
AcDbXrecord
280
     1
300
{F397ECAA-3A9D-6A43-AE8D-7B43284FC765}
301
{53BB00E0-0B4E-F14D-92F0-BAE156CBD021}
302
{F397ECAA-3A9D-6A43-AE8D-7B43284FC765}
303
/Users/junkibeom/Downloads/Tofu 3.0 多兼容HE定位板 260113.dxf
  0
DICTIONARY
  5
10037
102
{ACAD_REACTORS
330
C
102
}
330
C
100
AcDbDictionary
281
     1
  3
Model
350
10055
  3
배치1
350
10056
  0
DICTIONARY
  5
10004
102
{ACAD_REACTORS
330
C
102
}
330
C
100
AcDbDictionary
281
     1
  3
ByBlock
350
1000D
  3
ByLayer
350
10005
  3
Global
350
10015
  0
DICTIONARY
  5
1004D
102
{ACAD_REACTORS
330
C
102
}
330
C
100
AcDbDictionary
281
     1
  3
Standard
350
1004E
  0
DICTIONARY
  5
17
330
C
100
AcDbDictionary
281
     1
  3
Standard
350
1003A
  0
DICTIONARY
  5
10054
102
{ACAD_REACTORS
330
C
102
}
330
C
100
AcDbDictionary
281
     1
  0
ACDBDICTIONARYWDFLT
  5
10002
102
{ACAD_REACTORS
330
C
102
}
330
C
100
AcDbDictionary
281
     1
  3
Normal
350
10003
100
AcDbDictionaryWithDefault
340
10003
  0
DICTIONARY
  5
1003B
102
{ACAD_REACTORS
330
C
102
}
330
C
100
AcDbDictionary
281
     1
  3
A0
350
1003C
  3
A1
350
1003D
  3
A2
350
1003E
  3
A3
350
1003F
  3
A4
350
10040
  3
A5
350
10041
  3
A6
350
10042
  3
A7
350
10043
  3
A8
350
10044
  3
A9
350
10045
  3
B0
350
10046
  3
B1
350
10047
  3
B2
350
10048
  3
B3
350
10049
  3
B4
350
1004A
  3
B5
350
1004B
  3
B6
350
1004C
  0
DICTIONARY
  5
1004F
102
{ACAD_REACTORS
330
C
102
}
330
C
100
AcDbDictionary
281
     1
  3
Imperial24
350
10050
  0
DICTIONARY
  5
10038
102
{ACAD_REACTORS
330
C
102
}
330
C
100
AcDbDictionary
281
     1
  3
Standard
350
10039
  0
DICTIONARY
  5
1001D
102
{ACAD_REACTORS
330
C
102
}
330
C
100
AcDbDictionary
281
     1
  3
2dWireframe
350
10023
  3
Basic
350
10022
  3
Brighten
350
10029
  3
ColorChange
350
1002D
  3
Conceptual
350
10026
  3
Dim
350
10028
  3
EdgeColorOff
350
10035
  3
Facepattern
350
1002C
  3
Flat
350
1001E
  3
FlatWithEdges
350
1001F
  3
Gouraud
350
10020
  3
GouraudWithEdges
350
10021
  3
Hidden
350
10025
  3
JitterOff
350
10033
  3
Linepattern
350
1002B
  3
OverhangOff
350
10034
  3
Realistic
350
10027
  3
Shaded
350
10032
  3
Shaded with edges
350
10031
  3
Shades of Gray
350
1002E
  3
Sketchy
350
1002F
  3
Thicken
350
1002A
  3
Wireframe
350
10024
  3
X-Ray
350
10030
  0
XRECORD
  5
101E9
102
{ACAD_REACTORS
330
C
102
}
330
C
100
AcDbXrecord
280
     1
 90
        1
330
10039
  0
DICTIONARY
  5
1007B
102
{ACAD_REACTORS
330
C
102
}
330
C
100
AcDbDictionary
281
     1
  3
CANNOSCALE
350
10081
  3
CMLEADERSTYLE
350
1007D
  3
CTABLESTYLE
350
1007C
  3
CVIEWDETAILSTYLE
350
1007E
  3
CVIEWSECTIONSTYLE
350
1007F
  3
LAYEREVAL
350
10083
  3
LAYERNOTIFY
350
10084
  3
LIGHTINGUNITS
350
10082
  3
MSLTSCALE
350
10080
  0
DICTIONARY
  5
101EF
102
{ACAD_REACTORS
330
C
102
}
330
C
100
AcDbDictionary
281
     1
  3
AcDsRecords
350
101F1
  3
AcDsSchemas
350
101F0
1001
ACAD
1070
     2
  0
DICTIONARY
  5
10072
102
{ACAD_REACTORS
330
10071
102
}
330
10071
100
AcDbDictionary
281
     1
  0
XRECORD
  5
101DB
102
{ACAD_REACTORS
330
101DA
102
}
330
101DA
100
AcDbXrecord
280
     1
290
     1
  0
XRECORD
  5
101DD
102
{ACAD_REACTORS
330
101DC
102
}
330
101DC
100
AcDbXrecord
280
     1
290
     1
  0
XRECORD
  5
101DF
102
{ACAD_REACTORS
330
101DE
102
}
330
101DE
100
AcDbXrecord
280
     1
290
     1
  0
ACDBDETAILVIEWSTYLE
  5
10052
102
{ACAD_XDICTIONARY
360
10224
102
}
102
{ACAD_REACTORS
330
10051
102
}
330
10051
100
AcDbModelDocViewStyle
 70
     0
  3
Imperial24
290
     0
100
AcDbDetailViewStyle
 70
     0
 71
     0
 90
        3
 71
     1
340
11
 62
   256
 40
0.24
340
0
 62
   256
 40
0.24
300

 40
0.36
280
     3
 71
     2
340
10001
 90
       25
 62
   256
 71
     3
340
11
 62
   256
 40
0.24
 90
        1
 40
0.75
 90
        1
300
%<\AcVar ViewType \f "%tc1">% %<\AcVar ViewDetailId>%\PSCALE %<\AcVar ViewScale \f "%sn">%
 71
     4
340
10001
 90
       25
 62
   256
340
10001
 90
       25
 62
   256
280
     0
  0
LAYOUT
  5
10055
102
{ACAD_REACTORS
330
10037
102
}
330
10037
100
AcDbPlotSettings
  1

  2

  4

  6

 40
0.0
 41
0.0
 42
0.0
 43
0.0
 44
0.0
 45
0.0
 46
0.0
 47
0.0
 48
0.0
 49
0.0
140
0.0
141
0.0
142
1.0
143
1.0
 70
  1712
 72
     0
 73
     0
 74
     0
  7

 75
     0
147
1.0
 76
     0
 77
     2
 78
   300
148
0.0
149
0.0
100
AcDbLayout
  1
Model
 70
     1
 71
     0
 10
0.0
 20
0.0
 11
12.0
 21
9.0
 12
0.0
 22
0.0
 32
0.0
 14
0.0
 24
0.0
 34
0.0
 15
0.0
 25
0.0
 35
0.0
146
0.0
 13
0.0
 23
0.0
 33
0.0
 16
1.0
 26
0.0
 36
0.0
 17
0.0
 27
1.0
 37
0.0
 76
     0
330
1F
331
10059
  0
LAYOUT
  5
10056
102
{ACAD_REACTORS
330
10037
102
}
330
10037
100
AcDbPlotSettings
  1

  2

  4

  6

 40
0.0
 41
0.0
 42
0.0
 43
0.0
 44
0.0
 45
0.0
 46
0.0
 47
0.0
 48
0.0
 49
0.0
140
0.0
141
0.0
142
1.0
143
1.0
 70
   688
 72
     0
 73
     0
 74
     5
  7

 75
    16
147
1.0
 76
     0
 77
     2
 78
   300
148
0.0
149
0.0
100
AcDbLayout
  1
배치1
 70
     1
 71
     1
 10
0.0
 20
0.0
 11
12.0
 21
9.0
 12
0.0
 22
0.0
 32
0.0
 14
1.000000000000000E+20
 24
1.000000000000000E+20
 34
1.000000000000000E+20
 15
-1.000000000000000E+20
 25
-1.000000000000000E+20
 35
-1.000000000000000E+20
146
0.0
 13
0.0
 23
0.0
 33
0.0
 16
1.0
 26
0.0
 36
0.0
 17
0.0
 27
1.0
 37
0.0
 76
     0
330
1B
  0
MATERIAL
  5
1000D
102
{ACAD_XDICTIONARY
360
1000E
102
}
102
{ACAD_REACTORS
330
10004
102
}
330
10004
100
AcDbMaterial
  1
ByBlock
 72
     0
 43
0.0008202099737533
 43
0.0
 43
0.0
 43
0.0
 43
0.0
 43
0.0008202099737533
 43
0.0
 43
0.0
 43
0.0
 43
0.0
 43
1.0
 43
0.0
 43
0.0
 43
0.0
 43
0.0
 43
1.0
 77
     0
 47
0.0008202099737533
 47
0.0
 47
0.0
 47
0.0
 47
0.0
 47
0.0008202099737533
 47
0.0
 47
0.0
 47
0.0
 47
0.0
 47
1.0
 47
0.0
 47
0.0
 47
0.0
 47
0.0
 47
1.0
171
     0
 49
0.0008202099737533
 49
0.0
 49
0.0
 49
0.0
 49
0.0
 49
0.0008202099737533
 49
0.0
 49
0.0
 49
0.0
 49
0.0
 49
1.0
 49
0.0
 49
0.0
 49
0.0
 49
0.0
 49
1.0
175
     0
142
0.0008202099737533
142
0.0
142
0.0
142
0.0
142
0.0
142
0.0008202099737533
142
0.0
142
0.0
142
0.0
142
0.0
142
1.0
142
0.0
142
0.0
142
0.0
142
0.0
142
1.0
179
     0
144
0.0008202099737533
144
0.0
144
0.0
144
0.0
144
0.0
144
0.0008202099737533
144
0.0
144
0.0
144
0.0
144
0.0
144
1.0
144
0.0
144
0.0
144
0.0
144
0.0
144
1.0
147
0.0008202099737533
147
0.0
147
0.0
147
0.0
147
0.0
147
0.0008202099737533
147
0.0
147
0.0
147
0.0
147
0.0
147
1.0
147
0.0
147
0.0
147
0.0
147
0.0
147
1.0
  0
MATERIAL
  5
10005
102
{ACAD_XDICTIONARY
360
10006
102
}
102
{ACAD_REACTORS
330
10004
102
}
330
10004
100
AcDbMaterial
  1
ByLayer
 72
     0
 43
0.0008202099737533
 43
0.0
 43
0.0
 43
0.0
 43
0.0
 43
0.0008202099737533
 43
0.0
 43
0.0
 43
0.0
 43
0.0
 43
1.0
 43
0.0
 43
0.0
 43
0.0
 43
0.0
 43
1.0
 77
     0
 47
0.0008202099737533
 47
0.0
 47
0.0
 47
0.0
 47
0.0
 47
0.0008202099737533
 47
0.0
 47
0.0
 47
0.0
 47
0.0
 47
1.0
 47
0.0
 47
0.0
 47
0.0
 47
0.0
 47
1.0
171
     0
 49
0.0008202099737533
 49
0.0
 49
0.0
 49
0.0
 49
0.0
 49
0.0008202099737533
 49
0.0
 49
0.0
 49
0.0
 49
0.0
 49
1.0
 49
0.0
 49
0.0
 49
0.0
 49
0.0
 49
1.0
175
     0
142
0.0008202099737533
142
0.0
142
0.0
142
0.0
142
0.0
142
0.0008202099737533
142
0.0
142
0.0
142
0.0
142
0.0
142
1.0
142
0.0
142
0.0
142
0.0
142
0.0
142
1.0
179
     0
144
0.0008202099737533
144
0.0
144
0.0
144
0.0
144
0.0
144
0.0008202099737533
144
0.0
144
0.0
144
0.0
144
0.0
144
1.0
144
0.0
144
0.0
144
0.0
144
0.0
144
1.0
147
0.0008202099737533
147
0.0
147
0.0
147
0.0
147
0.0
147
0.0008202099737533
147
0.0
147
0.0
147
0.0
147
0.0
147
1.0
147
0.0
147
0.0
147
0.0
147
0.0
147
1.0
  0
MATERIAL
  5
10015
102
{ACAD_XDICTIONARY
360
10016
102
}
102
{ACAD_REACTORS
330
10004
102
}
330
10004
100
AcDbMaterial
  1
Global
 72
     0
 43
0.0008202099737533
 43
0.0
 43
0.0
 43
0.0
 43
0.0
 43
0.0008202099737533
 43
0.0
 43
0.0
 43
0.0
 43
0.0
 43
1.0
 43
0.0
 43
0.0
 43
0.0
 43
0.0
 43
1.0
 77
     0
 47
0.0008202099737533
 47
0.0
 47
0.0
 47
0.0
 47
0.0
 47
0.0008202099737533
 47
0.0
 47
0.0
 47
0.0
 47
0.0
 47
1.0
 47
0.0
 47
0.0
 47
0.0
 47
0.0
 47
1.0
171
     0
 49
0.0008202099737533
 49
0.0
 49
0.0
 49
0.0
 49
0.0
 49
0.0008202099737533
 49
0.0
 49
0.0
 49
0.0
 49
0.0
 49
1.0
 49
0.0
 49
0.0
 49
0.0
 49
0.0
 49
1.0
175
     0
142
0.0008202099737533
142
0.0
142
0.0
142
0.0
142
0.0
142
0.0008202099737533
142
0.0
142
0.0
142
0.0
142
0.0
142
1.0
142
0.0
142
0.0
142
0.0
142
0.0
142
1.0
179
     0
144
0.0008202099737533
144
0.0
144
0.0
144
0.0
144
0.0
144
0.0008202099737533
144
0.0
144
0.0
144
0.0
144
0.0
144
1.0
144
0.0
144
0.0
144
0.0
144
0.0
144
1.0
147
0.0008202099737533
147
0.0
147
0.0
147
0.0
147
0.0
147
0.0008202099737533
147
0.0
147
0.0
147
0.0
147
0.0
147
1.0
147
0.0
147
0.0
147
0.0
147
0.0
147
1.0
  0
MLEADERSTYLE
  5
1004E
102
{ACAD_REACTORS
330
1004D
102
}
330
1004D
100
AcDbMLeaderStyle
179
     2
170
     2
171
     1
172
     0
 90
        2
 40
0.0
 41
0.0
173
     1
 91
-1056964608
340
14
 92
       -2
290
     1
 42
0.09
291
     1
 43
0.36
  3
Standard
 44
0.18
300

342
11
174
     1
178
     6
175
     1
176
     0
 93
-1056964608
 45
0.18
292
     0
297
     0
 46
0.18
 94
-1056964608
 47
1.0
 49
1.0
140
1.0
293
     1
141
0.0
294
     1
177
     0
142
1.0
295
     0
296
     0
143
0.125
271
     0
272
     9
273
     9
  0
MLINESTYLE
  5
1003A
102
{ACAD_REACTORS
330
17
102
}
330
17
100
AcDbMlineStyle
  2
STANDARD
 70
     0
  3

 62
   256
 51
90.0
 52
90.0
 71
     2
 49
0.5
 62
   256
  6
BYLAYER
 49
-0.5
 62
   256
  6
BYLAYER
  0
ACDBPLACEHOLDER
  5
10003
102
{ACAD_REACTORS
330
10002
102
}
330
10002
  0
SCALE
  5
1003C
102
{ACAD_REACTORS
330
1003B
102
}
330
1003B
100
AcDbScale
 70
     0
300
1:1
140
1.0
141
1.0
290
     1
  0
SCALE
  5
1003D
102
{ACAD_REACTORS
330
1003B
102
}
330
1003B
100
AcDbScale
 70
     0
300
1/128" = 1'-0"
140
0.0078125
141
12.0
290
     0
  0
SCALE
  5
1003E
102
{ACAD_REACTORS
330
1003B
102
}
330
1003B
100
AcDbScale
 70
     0
300
1/64" = 1'-0"
140
0.015625
141
12.0
290
     0
  0
SCALE
  5
1003F
102
{ACAD_REACTORS
330
1003B
102
}
330
1003B
100
AcDbScale
 70
     0
300
1/32" = 1'-0"
140
0.03125
141
12.0
290
     0
  0
SCALE
  5
10040
102
{ACAD_REACTORS
330
1003B
102
}
330
1003B
100
AcDbScale
 70
     0
300
1/16" = 1'-0"
140
0.0625
141
12.0
290
     0
  0
SCALE
  5
10041
102
{ACAD_REACTORS
330
1003B
102
}
330
1003B
100
AcDbScale
 70
     0
300
3/32" = 1'-0"
140
0.09375
141
12.0
290
     0
  0
SCALE
  5
10042
102
{ACAD_REACTORS
330
1003B
102
}
330
1003B
100
AcDbScale
 70
     0
300
1/8" = 1'-0"
140
0.125
141
12.0
290
     0
  0
SCALE
  5
10043
102
{ACAD_REACTORS
330
1003B
102
}
330
1003B
100
AcDbScale
 70
     0
300
3/16" = 1'-0"
140
0.1875
141
12.0
290
     0
  0
SCALE
  5
10044
102
{ACAD_REACTORS
330
1003B
102
}
330
1003B
100
AcDbScale
 70
     0
300
1/4" = 1'-0"
140
0.25
141
12.0
290
     0
  0
SCALE
  5
10045
102
{ACAD_REACTORS
330
1003B
102
}
330
1003B
100
AcDbScale
 70
     0
300
3/8" = 1'-0"
140
0.375
141
12.0
290
     0
  0
SCALE
  5
10046
102
{ACAD_REACTORS
330
1003B
102
}
330
1003B
100
AcDbScale
 70
     0
300
1/2" = 1'-0"
140
0.5
141
12.0
290
     0
  0
SCALE
  5
10047
102
{ACAD_REACTORS
330
1003B
102
}
330
1003B
100
AcDbScale
 70
     0
300
3/4" = 1'-0"
140
0.75
141
12.0
290
     0
  0
SCALE
  5
10048
102
{ACAD_REACTORS
330
1003B
102
}
330
1003B
100
AcDbScale
 70
     0
300
1" = 1'-0"
140
1.0
141
12.0
290
     0
  0
SCALE
  5
10049
102
{ACAD_REACTORS
330
1003B
102
}
330
1003B
100
AcDbScale
 70
     0
300
1-1/2" = 1'-0"
140
1.5
141
12.0
290
     0
  0
SCALE
  5
1004A
102
{ACAD_REACTORS
330
1003B
102
}
330
1003B
100
AcDbScale
 70
     0
300
3" = 1'-0"
140
3.0
141
12.0
290
     0
  0
SCALE
  5
1004B
102
{ACAD_REACTORS
330
1003B
102
}
330
1003B
100
AcDbScale
 70
     0
300
6" = 1'-0"
140
6.0
141
12.0
290
     0
  0
SCALE
  5
1004C
102
{ACAD_REACTORS
330
1003B
102
}
330
1003B
100
AcDbScale
 70
     0
300
1'-0" = 1'-0"
140
12.0
141
12.0
290
     0
  0
ACDBSECTIONVIEWSTYLE
  5
10050
102
{ACAD_XDICTIONARY
360
10222
102
}
102
{ACAD_REACTORS
330
1004F
102
}
330
1004F
100
AcDbModelDocViewStyle
 70
     0
  3
Imperial24
290
     0
100
AcDbSectionViewStyle
 70
     0
 71
     0
 90
       78
 71
     1
340
11
 62
   256
 40
0.24
340
0
340
0
 62
   256
 40
0.24
300
I, O, Q, S, X, Z
 40
0.48
 90
        3
 40
0.18
 90
        1
 71
     2
340
10001
 90
       25
 62
   256
340
10001
 90
       50
 62
   256
 40
0.24
 40
0.0
 40
0.24
 71
     3
340
11
 62
   256
 40
0.24
 90
        1
 40
0.75
 90
        1
300
%<\AcVar ViewType \f "%tc1">% %<\AcVar ViewSectionStartId>%-%<\AcVar ViewSectionEndId>%\PSCALE %<\AcVar ViewScale \f "%sn">%
 71
     4
 62
   256
 62
   257
300
ANSI31
 40
1.0
 90
        0
290
     0
290
     0
 90
        6
 40
0.0
 40
1.570796326794896
 40
0.2617993877991494
 40
1.308996938995747
 40
-0.2617993877991494
 40
1.832595714594046
  0
TABLESTYLE
  5
10039
102
{ACAD_XDICTIONARY
360
101E7
102
}
102
{ACAD_REACTORS
330
10038
102
}
330
10038
100
AcDbTableStyle
280
     0
  3
Standard
 70
     0
 71
     0
 40
0.06
 41
0.06
280
     0
281
     0
  7
STANDARD
140
0.18
170
     2
 62
     0
 63
     7
283
     0
 90
      512
 91
        0
  1

274
    -2
284
     1
 64
     0
275
    -2
285
     1
 65
     0
276
    -2
286
     1
 66
     0
277
    -2
287
     1
 67
     0
278
    -2
288
     1
 68
     0
279
    -2
289
     1
 69
     0
  7
STANDARD
140
0.25
170
     5
 62
     0
 63
     7
283
     0
 90
      512
 91
        0
  1

274
    -2
284
     1
 64
     0
275
    -2
285
     1
 65
     0
276
    -2
286
     1
 66
     0
277
    -2
287
     1
 67
     0
278
    -2
288
     1
 68
     0
279
    -2
289
     1
 69
     0
  7
STANDARD
140
0.18
170
     5
 62
     0
 63
     7
283
     0
 90
      512
 91
        0
  1

274
    -2
284
     1
 64
     0
275
    -2
285
     1
 65
     0
276
    -2
286
     1
 66
     0
277
    -2
287
     1
 67
     0
278
    -2
288
     1
 68
     0
279
    -2
289
     1
 69
     0
  0
VISUALSTYLE
  5
10023
102
{ACAD_XDICTIONARY
360
101FC
102
}
102
{ACAD_REACTORS
330
1001D
102
}
330
1001D
100
AcDbVisualStyle
  2
2dWireframe
 70
     4
177
     2
291
     0
 71
     0
176
     1
 72
     2
176
     1
 73
     0
176
     1
 90
        0
176
     1
 40
0.6
176
     1
 41
30.0
176
     1
 63
     7
421
 16777215
176
     1
 74
     1
176
     1
 91
        4
176
     1
 64
     7
176
     1
 65
   257
176
     1
 75
     1
176
     1
175
     1
176
     1
 42
1.0
176
     1
 92
        0
176
     1
 66
   257
176
     1
 43
1.0
176
     1
 76
     1
176
     1
 77
     6
176
     1
 78
     2
176
     1
 67
     7
176
     1
 79
     5
176
     1
170
     0
176
     1
171
     0
176
     1
290
     0
176
     1
 93
        1
176
     1
 44
0.0
176
     1
173
     0
176
     1
1001
ACAD
1000
AcDbSavedByObjectVersion
1070
     0
  0
VISUALSTYLE
  5
10022
102
{ACAD_XDICTIONARY
360
101FA
102
}
102
{ACAD_REACTORS
330
1001D
102
}
330
1001D
100
AcDbVisualStyle
  2
Basic
 70
     7
177
     2
291
     1
 71
     1
176
     1
 72
     0
176
     1
 73
     1
176
     1
 90
        0
176
     1
 40
0.6
176
     1
 41
30.0
176
     1
 63
     7
421
 16777215
176
     1
 74
     0
176
     1
 91
        4
176
     1
 64
     7
176
     1
 65
   257
176
     1
 75
     1
176
     1
175
     1
176
     1
 42
1.0
176
     1
 92
        8
176
     1
 66
     7
176
     1
 43
1.0
176
     1
 76
     1
176
     1
 77
     6
176
     1
 78
     2
176
     1
 67
     7
176
     1
 79
     5
176
     1
170
     0
176
     1
171
     0
176
     1
290
     0
176
     1
 93
        1
176
     1
 44
0.0
176
     1
173
     0
176
     1
1001
ACAD
1000
AcDbSavedByObjectVersion
1070
     0
  0
VISUALSTYLE
  5
10029
102
{ACAD_XDICTIONARY
360
10208
102
}
102
{ACAD_REACTORS
330
1001D
102
}
330
1001D
100
AcDbVisualStyle
  2
Brighten
 70
    12
177
     2
291
     1
 71
     2
176
     1
 72
     2
176
     1
 73
     0
176
     1
 90
        0
176
     1
 40
0.6
176
     1
 41
30.0
176
     1
 63
     7
421
 16777215
176
     1
 74
     1
176
     1
 91
        4
176
     1
 64
     7
176
     1
 65
   257
176
     1
 75
     1
176
     1
175
     1
176
     1
 42
1.0
176
     1
 92
        8
176
     1
 66
     7
176
     1
 43
1.0
176
     1
 76
     1
176
     1
 77
     6
176
     1
 78
     2
176
     1
 67
     7
176
     1
 79
     5
176
     1
170
     0
176
     1
171
     0
176
     1
290
     0
176
     1
 93
        1
176
     1
 44
50.0
176
     1
173
     0
176
     1
1001
ACAD
1000
AcDbSavedByObjectVersion
1070
     0
  0
VISUALSTYLE
  5
1002D
102
{ACAD_XDICTIONARY
360
10210
102
}
102
{ACAD_REACTORS
330
1001D
102
}
330
1001D
100
AcDbVisualStyle
  2
ColorChange
 70
    16
177
     2
291
     1
 71
     2
176
     1
 72
     2
176
     1
 73
     3
176
     1
 90
        0
176
     1
 40
0.6
176
     1
 41
30.0
176
     1
 63
     8
421
  8421504
176
     1
 74
     1
176
     1
 91
        4
176
     1
 64
     7
176
     1
 65
   257
176
     1
 75
     1
176
     1
175
     1
176
     1
 42
1.0
176
     1
 92
        8
176
     1
 66
     8
424
  8421504
176
     1
 43
1.0
176
     1
 76
     1
176
     1
 77
     6
176
     1
 78
     2
176
     1
 67
     7
176
     1
 79
     5
176
     1
170
     0
176
     1
171
     0
176
     1
290
     0
176
     1
 93
        1
176
     1
 44
0.0
176
     1
173
     0
176
     1
1001
ACAD
1000
AcDbSavedByObjectVersion
1070
     0
  0
VISUALSTYLE
  5
10026
102
{ACAD_XDICTIONARY
360
10202
102
}
102
{ACAD_REACTORS
330
1001D
102
}
330
1001D
100
AcDbVisualStyle
  2
Conceptual
 70
     9
177
     2
291
     0
 71
     3
176
     1
 72
     2
176
     1
 73
     0
176
     1
 90
        0
176
     1
 40
0.6
176
     1
 41
30.0
176
     1
 63
     7
421
 16777215
176
     1
 74
     2
176
     1
 91
        2
176
     1
 64
     7
176
     1
 65
   257
176
     1
 75
     1
176
     1
175
     1
176
     1
 42
179.0
176
     1
 92
        8
176
     1
 66
     7
176
     1
 43
1.0
176
     1
 76
     1
176
     1
 77
     6
176
     1
 78
     2
176
     1
 67
     7
176
     1
 79
     3
176
     1
170
     0
176
     1
171
     0
176
     1
290
     0
176
     1
 93
        1
176
     1
 44
0.0
176
     1
173
     0
176
     1
1001
ACAD
1000
AcDbSavedByObjectVersion
1070
     0
  0
VISUALSTYLE
  5
10028
102
{ACAD_XDICTIONARY
360
10206
102
}
102
{ACAD_REACTORS
330
1001D
102
}
330
1001D
100
AcDbVisualStyle
  2
Dim
 70
    11
177
     2
291
     1
 71
     2
176
     1
 72
     2
176
     1
 73
     0
176
     1
 90
        0
176
     1
 40
0.6
176
     1
 41
30.0
176
     1
 63
     7
421
 16777215
176
     1
 74
     1
176
     1
 91
        4
176
     1
 64
     7
176
     1
 65
   257
176
     1
 75
     1
176
     1
175
     1
176
     1
 42
1.0
176
     1
 92
        8
176
     1
 66
     7
176
     1
 43
1.0
176
     1
 76
     1
176
     1
 77
     6
176
     1
 78
     2
176
     1
 67
     7
176
     1
 79
     5
176
     1
170
     0
176
     1
171
     0
176
     1
290
     0
176
     1
 93
        1
176
     1
 44
-50.0
176
     1
173
     0
176
     1
1001
ACAD
1000
AcDbSavedByObjectVersion
1070
     0
  0
VISUALSTYLE
  5
10035
102
{ACAD_XDICTIONARY
360
10220
102
}
102
{ACAD_REACTORS
330
1001D
102
}
330
1001D
100
AcDbVisualStyle
  2
EdgeColorOff
 70
    22
177
     2
291
     1
 71
     2
176
     0
 72
     2
176
     0
 73
     0
176
     0
 90
        0
176
     0
 40
0.6
176
     0
 41
30.0
176
     0
 63
     7
421
 16777215
176
     0
 74
     1
176
     0
 91
        4
176
     0
 64
     7
176
     0
 65
   257
176
     0
 75
     1
176
     0
175
     1
176
     0
 42
1.0
176
     0
 92
        8
176
     2
 66
     7
176
     0
 43
1.0
176
     0
 76
     1
176
     0
 77
     6
176
     0
 78
     2
176
     0
 67
     7
176
     0
 79
     5
176
     0
170
     0
176
     0
171
     0
176
     0
290
     0
176
     0
 93
        1
176
     0
 44
0.0
176
     0
173
     0
176
     0
1001
ACAD
1000
AcDbSavedByObjectVersion
1070
     0
  0
VISUALSTYLE
  5
1002C
102
{ACAD_XDICTIONARY
360
1020E
102
}
102
{ACAD_REACTORS
330
1001D
102
}
330
1001D
100
AcDbVisualStyle
  2
Facepattern
 70
    15
177
     2
291
     1
 71
     2
176
     1
 72
     2
176
     1
 73
     0
176
     1
 90
        0
176
     1
 40
0.6
176
     1
 41
30.0
176
     1
 63
     7
421
 16777215
176
     1
 74
     1
176
     1
 91
        4
176
     1
 64
     7
176
     1
 65
   257
176
     1
 75
     1
176
     1
175
     1
176
     1
 42
1.0
176
     1
 92
        8
176
     1
 66
     7
176
     1
 43
1.0
176
     1
 76
     1
176
     1
 77
     6
176
     1
 78
     2
176
     1
 67
     7
176
     1
 79
     5
176
     1
170
     0
176
     1
171
     0
176
     1
290
     0
176
     1
 93
        1
176
     1
 44
0.0
176
     1
173
     0
176
     1
1001
ACAD
1000
AcDbSavedByObjectVersion
1070
     0
  0
VISUALSTYLE
  5
1001E
102
{ACAD_XDICTIONARY
360
101F2
102
}
102
{ACAD_REACTORS
330
1001D
102
}
330
1001D
100
AcDbVisualStyle
  2
Flat
 70
     0
177
     2
291
     1
 71
     2
176
     1
 72
     1
176
     1
 73
     1
176
     1
 90
        2
176
     1
 40
0.6
176
     1
 41
30.0
176
     1
 63
     7
421
 16777215
176
     1
 74
     0
176
     1
 91
        0
176
     1
 64
     7
176
     1
 65
   257
176
     1
 75
     1
176
     1
175
     1
176
     1
 42
1.0
176
     1
 92
        8
176
     1
 66
     7
176
     1
 43
1.0
176
     1
 76
     1
176
     1
 77
     6
176
     1
 78
     2
176
     1
 67
     7
176
     1
 79
     5
176
     1
170
     0
176
     1
171
     0
176
     1
290
     0
176
     1
 93
       13
176
     1
 44
0.0
176
     1
173
     0
176
     1
1001
ACAD
1000
AcDbSavedByObjectVersion
1070
     0
  0
VISUALSTYLE
  5
1001F
102
{ACAD_XDICTIONARY
360
101F4
102
}
102
{ACAD_REACTORS
330
1001D
102
}
330
1001D
100
AcDbVisualStyle
  2
FlatWithEdges
 70
     1
177
     2
291
     1
 71
     2
176
     1
 72
     1
176
     1
 73
     1
176
     1
 90
        2
176
     1
 40
0.6
176
     1
 41
30.0
176
     1
 63
     7
421
 16777215
176
     1
 74
     1
176
     1
 91
        0
176
     1
 64
     7
176
     1
 65
   257
176
     1
 75
     1
176
     1
175
     1
176
     1
 42
1.0
176
     1
 92
        0
176
     1
 66
   257
176
     1
 43
1.0
176
     1
 76
     1
176
     1
 77
     6
176
     1
 78
     2
176
     1
 67
     7
176
     1
 79
     5
176
     1
170
     0
176
     1
171
     0
176
     1
290
     0
176
     1
 93
       13
176
     1
 44
0.0
176
     1
173
     0
176
     1
1001
ACAD
1000
AcDbSavedByObjectVersion
1070
     0
  0
VISUALSTYLE
  5
10020
102
{ACAD_XDICTIONARY
360
101F6
102
}
102
{ACAD_REACTORS
330
1001D
102
}
330
1001D
100
AcDbVisualStyle
  2
Gouraud
 70
     2
177
     2
291
     1
 71
     2
176
     1
 72
     2
176
     1
 73
     1
176
     1
 90
        2
176
     1
 40
0.6
176
     1
 41
30.0
176
     1
 63
     7
421
 16777215
176
     1
 74
     0
176
     1
 91
        0
176
     1
 64
     7
176
     1
 65
   257
176
     1
 75
     1
176
     1
175
     1
176
     1
 42
1.0
176
     1
 92
        0
176
     1
 66
     7
176
     1
 43
1.0
176
     1
 76
     1
176
     1
 77
     6
176
     1
 78
     2
176
     1
 67
     7
176
     1
 79
     5
176
     1
170
     0
176
     1
171
     0
176
     1
290
     0
176
     1
 93
       13
176
     1
 44
0.0
176
     1
173
     0
176
     1
1001
ACAD
1000
AcDbSavedByObjectVersion
1070
     0
  0
VISUALSTYLE
  5
10021
102
{ACAD_XDICTIONARY
360
101F8
102
}
102
{ACAD_REACTORS
330
1001D
102
}
330
1001D
100
AcDbVisualStyle
  2
GouraudWithEdges
 70
     3
177
     2
291
     1
 71
     2
176
     1
 72
     2
176
     1
 73
     1
176
     1
 90
        2
176
     1
 40
0.6
176
     1
 41
30.0
176
     1
 63
     7
421
 16777215
176
     1
 74
     1
176
     1
 91
        0
176
     1
 64
     7
176
     1
 65
   257
176
     1
 75
     1
176
     1
175
     1
176
     1
 42
1.0
176
     1
 92
        0
176
     1
 66
   257
176
     1
 43
1.0
176
     1
 76
     1
176
     1
 77
     6
176
     1
 78
     2
176
     1
 67
     7
176
     1
 79
     5
176
     1
170
     0
176
     1
171
     0
176
     1
290
     0
176
     1
 93
       13
176
     1
 44
0.0
176
     1
173
     0
176
     1
1001
ACAD
1000
AcDbSavedByObjectVersion
1070
     0
  0
VISUALSTYLE
  5
10025
102
{ACAD_XDICTIONARY
360
10200
102
}
102
{ACAD_REACTORS
330
1001D
102
}
330
1001D
100
AcDbVisualStyle
  2
Hidden
 70
     6
177
     2
291
     0
 71
     1
176
     1
 72
     2
176
     1
 73
     2
176
     1
 90
        0
176
     1
 40
0.6
176
     1
 41
30.0
176
     1
 63
     7
421
 16777215
176
     1
 74
     2
176
     1
 91
        2
176
     1
 64
     7
176
     1
 65
   257
176
     1
 75
     2
176
     1
175
     1
176
     1
 42
40.0
176
     1
 92
        0
176
     1
 66
   257
176
     1
 43
1.0
176
     1
 76
     1
176
     1
 77
     6
176
     1
 78
     2
176
     1
 67
     7
176
     1
 79
     3
176
     1
170
     0
176
     1
171
     0
176
     1
290
     0
176
     1
 93
        1
176
     1
 44
0.0
176
     1
173
     0
176
     1
1001
ACAD
1000
AcDbSavedByObjectVersion
1070
     0
  0
VISUALSTYLE
  5
10033
102
{ACAD_XDICTIONARY
360
1021C
102
}
102
{ACAD_REACTORS
330
1001D
102
}
330
1001D
100
AcDbVisualStyle
  2
JitterOff
 70
    20
177
     2
291
     1
 71
     2
176
     0
 72
     2
176
     0
 73
     0
176
     0
 90
        0
176
     0
 40
0.6
176
     0
 41
30.0
176
     0
 63
     7
421
 16777215
176
     0
 74
     1
176
     0
 91
        4
176
     0
 64
     7
176
     0
 65
   257
176
     0
 75
     1
176
     0
175
     1
176
     0
 42
1.0
176
     0
 92
       10
176
     2
 66
     7
176
     0
 43
1.0
176
     0
 76
     1
176
     0
 77
     6
176
     0
 78
     2
176
     0
 67
     7
176
     0
 79
     5
176
     0
170
     0
176
     0
171
     0
176
     0
290
     0
176
     0
 93
        1
176
     0
 44
0.0
176
     0
173
     0
176
     0
1001
ACAD
1000
AcDbSavedByObjectVersion
1070
     0
  0
VISUALSTYLE
  5
1002B
102
{ACAD_XDICTIONARY
360
1020C
102
}
102
{ACAD_REACTORS
330
1001D
102
}
330
1001D
100
AcDbVisualStyle
  2
Linepattern
 70
    14
177
     2
291
     1
 71
     2
176
     1
 72
     2
176
     1
 73
     0
176
     1
 90
        0
176
     1
 40
0.6
176
     1
 41
30.0
176
     1
 63
     7
421
 16777215
176
     1
 74
     1
176
     1
 91
        4
176
     1
 64
     7
176
     1
 65
   257
176
     1
 75
     7
176
     1
175
     7
176
     1
 42
1.0
176
     1
 92
        8
176
     1
 66
     7
176
     1
 43
1.0
176
     1
 76
     1
176
     1
 77
     6
176
     1
 78
     2
176
     1
 67
     7
176
     1
 79
     5
176
     1
170
     0
176
     1
171
     0
176
     1
290
     0
176
     1
 93
        1
176
     1
 44
0.0
176
     1
173
     0
176
     1
1001
ACAD
1000
AcDbSavedByObjectVersion
1070
     0
  0
VISUALSTYLE
  5
10034
102
{ACAD_XDICTIONARY
360
1021E
102
}
102
{ACAD_REACTORS
330
1001D
102
}
330
1001D
100
AcDbVisualStyle
  2
OverhangOff
 70
    21
177
     2
291
     1
 71
     2
176
     0
 72
     2
176
     0
 73
     0
176
     0
 90
        0
176
     0
 40
0.6
176
     0
 41
30.0
176
     0
 63
     7
421
 16777215
176
     0
 74
     1
176
     0
 91
        4
176
     0
 64
     7
176
     0
 65
   257
176
     0
 75
     1
176
     0
175
     1
176
     0
 42
1.0
176
     0
 92
        9
176
     2
 66
     7
176
     0
 43
1.0
176
     0
 76
     1
176
     0
 77
     6
176
     0
 78
     2
176
     0
 67
     7
176
     0
 79
     5
176
     0
170
     0
176
     0
171
     0
176
     0
290
     0
176
     0
 93
        1
176
     0
 44
0.0
176
     0
173
     0
176
     0
1001
ACAD
1000
AcDbSavedByObjectVersion
1070
     0
  0
VISUALSTYLE
  5
10027
102
{ACAD_XDICTIONARY
360
10204
102
}
102
{ACAD_REACTORS
330
1001D
102
}
330
1001D
100
AcDbVisualStyle
  2
Realistic
 70
     8
177
     2
291
     0
 71
     2
176
     1
 72
     3
176
     1
 73
     0
176
     1
 90
        2
176
     1
 40
0.6
176
     1
 41
30.0
176
     1
 63
     7
421
 16777215
176
     1
 74
     0
176
     1
 91
        0
176
     1
 64
     7
176
     1
 65
   257
176
     1
 75
     1
176
     1
175
     1
176
     1
 42
1.0
176
     1
 92
        8
176
     1
 66
   257
176
     1
 43
1.0
176
     1
 76
     1
176
     1
 77
     6
176
     1
 78
     2
176
     1
 67
     7
176
     1
 79
     3
176
     1
170
     0
176
     1
171
     0
176
     1
290
     0
176
     1
 93
       13
176
     1
 44
0.0
176
     1
173
     0
176
     1
1001
ACAD
1000
AcDbSavedByObjectVersion
1070
     0
  0
VISUALSTYLE
  5
10032
102
{ACAD_XDICTIONARY
360
1021A
102
}
102
{ACAD_REACTORS
330
1001D
102
}
330
1001D
100
AcDbVisualStyle
  2
Shaded
 70
    27
177
     2
291
     0
 71
     2
176
     1
 72
     2
176
     1
 73
     1
176
     1
 90
        2
176
     1
 40
0.6
176
     1
 41
30.0
176
     1
 63
     7
421
 16777215
176
     1
 74
     0
176
     1
 91
        4
176
     1
 64
     7
176
     1
 65
   257
176
     1
 75
     1
176
     1
175
     1
176
     1
 42
1.0
176
     1
 92
        8
176
     1
 66
   257
176
     1
 43
1.0
176
     1
 76
     1
176
     1
 77
     6
176
     1
 78
     2
176
     1
 67
     8
425
  7895160
176
     1
 79
     3
176
     1
170
     0
176
     1
171
     0
176
     1
290
     0
176
     1
 93
        5
176
     1
 44
0.0
176
     1
173
     0
176
     1
1001
ACAD
1000
AcDbSavedByObjectVersion
1070
     0
  0
VISUALSTYLE
  5
10031
102
{ACAD_XDICTIONARY
360
10218
102
}
102
{ACAD_REACTORS
330
1001D
102
}
330
1001D
100
AcDbVisualStyle
  2
Shaded with edges
 70
    26
177
     2
291
     0
 71
     2
176
     1
 72
     2
176
     1
 73
     1
176
     1
 90
        2
176
     1
 40
0.6
176
     1
 41
30.0
176
     1
 63
     7
421
 16777215
176
     1
 74
     1
176
     1
 91
        2
176
     1
 64
     7
176
     1
 65
   257
176
     1
 75
     2
176
     1
175
     1
176
     1
 42
1.0
176
     1
 92
        8
176
     1
 66
   257
176
     1
 43
1.0
176
     1
 76
     1
176
     1
 77
     6
176
     1
 78
     2
176
     1
 67
     7
176
     1
 79
     3
176
     1
170
     0
176
     1
171
     0
176
     1
290
     0
176
     1
 93
        5
176
     1
 44
0.0
176
     1
173
     0
176
     1
1001
ACAD
1000
AcDbSavedByObjectVersion
1070
     0
  0
VISUALSTYLE
  5
1002E
102
{ACAD_XDICTIONARY
360
10212
102
}
102
{ACAD_REACTORS
330
1001D
102
}
330
1001D
100
AcDbVisualStyle
  2
Shades of Gray
 70
    23
177
     2
291
     0
 71
     2
176
     1
 72
     2
176
     1
 73
     3
176
     1
 90
        0
176
     1
 40
0.6
176
     1
 41
30.0
176
     1
 63
     7
421
 16777215
176
     1
 74
     2
176
     1
 91
        2
176
     1
 64
     7
176
     1
 65
     7
176
     1
 75
     1
176
     1
175
     1
176
     1
 42
40.0
176
     1
 92
        8
176
     1
 66
     7
176
     1
 43
1.0
176
     1
 76
     1
176
     1
 77
     6
176
     1
 78
     2
176
     1
 67
     7
176
     1
 79
     3
176
     1
170
     0
176
     1
171
     0
176
     1
290
     0
176
     1
 93
        1
176
     1
 44
0.0
176
     1
173
     0
176
     1
1001
ACAD
1000
AcDbSavedByObjectVersion
1070
     0
  0
VISUALSTYLE
  5
1002F
102
{ACAD_XDICTIONARY
360
10214
102
}
102
{ACAD_REACTORS
330
1001D
102
}
330
1001D
100
AcDbVisualStyle
  2
Sketchy
 70
    24
177
     2
291
     0
 71
     1
176
     1
 72
     2
176
     1
 73
     2
176
     1
 90
        0
176
     1
 40
0.6
176
     1
 41
30.0
176
     1
 63
     7
421
 16777215
176
     1
 74
     2
176
     1
 91
        2
176
     1
 64
     7
176
     1
 65
     7
176
     1
 75
     1
176
     1
175
     1
176
     1
 42
40.0
176
     1
 92
       11
176
     1
 66
     7
176
     1
 43
1.0
176
     1
 76
     1
176
     1
 77
     6
176
     1
 78
     2
176
     1
 67
     7
176
     1
 79
     6
176
     1
170
     0
176
     1
171
     0
176
     1
290
     0
176
     1
 93
        1
176
     1
 44
0.0
176
     1
173
     0
176
     1
1001
ACAD
1000
AcDbSavedByObjectVersion
1070
     0
  0
VISUALSTYLE
  5
1002A
102
{ACAD_XDICTIONARY
360
1020A
102
}
102
{ACAD_REACTORS
330
1001D
102
}
330
1001D
100
AcDbVisualStyle
  2
Thicken
 70
    13
177
     2
291
     1
 71
     2
176
     1
 72
     2
176
     1
 73
     0
176
     1
 90
        0
176
     1
 40
0.6
176
     1
 41
30.0
176
     1
 63
     7
421
 16777215
176
     1
 74
     1
176
     1
 91
        4
176
     1
 64
     7
176
     1
 65
   257
176
     1
 75
     1
176
     1
175
     1
176
     1
 42
1.0
176
     1
 92
       12
176
     1
 66
     7
176
     1
 43
1.0
176
     1
 76
     1
176
     1
 77
     6
176
     1
 78
     2
176
     1
 67
     7
176
     1
 79
     5
176
     1
170
     0
176
     1
171
     0
176
     1
290
     0
176
     1
 93
        1
176
     1
 44
0.0
176
     1
173
     0
176
     1
1001
ACAD
1000
AcDbSavedByObjectVersion
1070
     0
  0
VISUALSTYLE
  5
10024
102
{ACAD_XDICTIONARY
360
101FE
102
}
102
{ACAD_REACTORS
330
1001D
102
}
330
1001D
100
AcDbVisualStyle
  2
Wireframe
 70
     5
177
     2
291
     0
 71
     0
176
     1
 72
     2
176
     1
 73
     0
176
     1
 90
        0
176
     1
 40
0.6
176
     1
 41
30.0
176
     1
 63
     7
421
 16777215
176
     1
 74
     1
176
     1
 91
        4
176
     1
 64
     7
176
     1
 65
   257
176
     1
 75
     1
176
     1
175
     1
176
     1
 42
1.0
176
     1
 92
        0
176
     1
 66
   257
176
     1
 43
1.0
176
     1
 76
     1
176
     1
 77
     6
176
     1
 78
     2
176
     1
 67
     7
176
     1
 79
     3
176
     1
170
     0
176
     1
171
     0
176
     1
290
     0
176
     1
 93
        1
176
     1
 44
0.0
176
     1
173
     0
176
     1
1001
ACAD
1000
AcDbSavedByObjectVersion
1070
     0
  0
VISUALSTYLE
  5
10030
102
{ACAD_XDICTIONARY
360
10216
102
}
102
{ACAD_REACTORS
330
1001D
102
}
330
1001D
100
AcDbVisualStyle
  2
X-Ray
 70
    25
177
     2
291
     0
 71
     2
176
     1
 72
     2
176
     1
 73
     1
176
     1
 90
        1
176
     1
 40
0.5
176
     1
 41
30.0
176
     1
 63
     7
421
 16777215
176
     1
 74
     1
176
     1
 91
        0
176
     1
 64
     7
176
     1
 65
   257
176
     1
 75
     1
176
     1
175
     1
176
     1
 42
1.0
176
     1
 92
        8
176
     1
 66
     7
176
     1
 43
1.0
176
     1
 76
     1
176
     1
 77
     6
176
     1
 78
     2
176
     1
 67
     7
176
     1
 79
     3
176
     1
170
     0
176
     1
171
     0
176
     1
290
     0
176
     1
 93
       13
176
     1
 44
0.0
176
     1
173
     0
176
     1
1001
ACAD
1000
AcDbSavedByObjectVersion
1070
     0
  0
DICTIONARYVAR
  5
10081
102
{ACAD_REACTORS
330
1007B
102
}
330
1007B
100
DictionaryVariables
280
     0
  1
1:1
  0
DICTIONARYVAR
  5
1007D
102
{ACAD_REACTORS
330
1007B
102
}
330
1007B
100
DictionaryVariables
280
     0
  1
STANDARD
  0
DICTIONARYVAR
  5
1007C
102
{ACAD_REACTORS
330
1007B
102
}
330
1007B
100
DictionaryVariables
280
     0
  1
STANDARD
  0
DICTIONARYVAR
  5
1007E
102
{ACAD_REACTORS
330
1007B
102
}
330
1007B
100
DictionaryVariables
280
     0
  1
Imperial24
  0
DICTIONARYVAR
  5
1007F
102
{ACAD_REACTORS
330
1007B
102
}
330
1007B
100
DictionaryVariables
280
     0
  1
Imperial24
  0
DICTIONARYVAR
  5
10083
102
{ACAD_REACTORS
330
1007B
102
}
330
1007B
100
DictionaryVariables
280
     0
  1
1
  0
DICTIONARYVAR
  5
10084
102
{ACAD_REACTORS
330
1007B
102
}
330
1007B
100
DictionaryVariables
280
     0
  1
15
  0
DICTIONARYVAR
  5
10082
102
{ACAD_REACTORS
330
1007B
102
}
330
1007B
100
DictionaryVariables
280
     0
  1
0
  0
DICTIONARYVAR
  5
10080
102
{ACAD_REACTORS
330
1007B
102
}
330
1007B
100
DictionaryVariables
280
     0
  1
0
  0
DICTIONARY
  5
101F1
102
{ACAD_REACTORS
330
101EF
102
}
330
101EF
100
AcDbDictionary
281
     1
  0
DICTIONARY
  5
101F0
102
{ACAD_REACTORS
330
101EF
102
}
330
101EF
100
AcDbDictionary
281
     1
  3
27373733408
350
101EA
  3
27373733424
350
101EB
  3
27373733440
350
101EC
  3
27373733456
350
101ED
  3
27373733472
350
101EE
  0
DICTIONARY
  5
10224
330
10052
100
AcDbDictionary
280
     1
281
     1
  3
ACAD_XREC_ROUNDTRIP
360
10225
  0
DICTIONARY
  5
1000E
330
1000D
100
AcDbDictionary
280
     1
281
     1
  3
BUMPTILE
360
10010
  3
DIFFUSETILE
360
1000F
  3
OPACITYTILE
360
10013
  3
REFLECTIONTILE
360
10012
  3
REFRACTIONTILE
360
10014
  3
SPECULARTILE
360
10011
  0
DICTIONARY
  5
10006
330
10005
100
AcDbDictionary
280
     1
281
     1
  3
BUMPTILE
360
10008
  3
DIFFUSETILE
360
10007
  3
OPACITYTILE
360
1000B
  3
REFLECTIONTILE
360
1000A
  3
REFRACTIONTILE
360
1000C
  3
SPECULARTILE
360
10009
  0
DICTIONARY
  5
10016
330
10015
100
AcDbDictionary
280
     1
281
     1
  3
BUMPTILE
360
10018
  3
DIFFUSETILE
360
10017
  3
OPACITYTILE
360
1001B
  3
REFLECTIONTILE
360
1001A
  3
REFRACTIONTILE
360
1001C
  3
SPECULARTILE
360
10019
  0
DICTIONARY
  5
10222
330
10050
100
AcDbDictionary
280
     1
281
     1
  3
ACAD_XREC_ROUNDTRIP
360
10223
  0
DICTIONARY
  5
101E7
330
10039
100
AcDbDictionary
280
     1
281
     1
  3
ACAD_ROUNDTRIP_2008_TABLESTYLE_CELLSTYLEMAP
360
101E8
  0
DICTIONARY
  5
101FC
330
10023
100
AcDbDictionary
280
     1
281
     1
  3
ACAD_XREC_ROUNDTRIP
360
101FD
  0
DICTIONARY
  5
101FA
330
10022
100
AcDbDictionary
280
     1
281
     1
  3
ACAD_XREC_ROUNDTRIP
360
101FB
  0
DICTIONARY
  5
10208
330
10029
100
AcDbDictionary
280
     1
281
     1
  3
ACAD_XREC_ROUNDTRIP
360
10209
  0
DICTIONARY
  5
10210
330
1002D
100
AcDbDictionary
280
     1
281
     1
  3
ACAD_XREC_ROUNDTRIP
360
10211
  0
DICTIONARY
  5
10202
330
10026
100
AcDbDictionary
280
     1
281
     1
  3
ACAD_XREC_ROUNDTRIP
360
10203
  0
DICTIONARY
  5
10206
330
10028
100
AcDbDictionary
280
     1
281
     1
  3
ACAD_XREC_ROUNDTRIP
360
10207
  0
DICTIONARY
  5
10220
330
10035
100
AcDbDictionary
280
     1
281
     1
  3
ACAD_XREC_ROUNDTRIP
360
10221
  0
DICTIONARY
  5
1020E
330
1002C
100
AcDbDictionary
280
     1
281
     1
  3
ACAD_XREC_ROUNDTRIP
360
1020F
  0
DICTIONARY
  5
101F2
330
1001E
100
AcDbDictionary
280
     1
281
     1
  3
ACAD_XREC_ROUNDTRIP
360
101F3
  0
DICTIONARY
  5
101F4
330
1001F
100
AcDbDictionary
280
     1
281
     1
  3
ACAD_XREC_ROUNDTRIP
360
101F5
  0
DICTIONARY
  5
101F6
330
10020
100
AcDbDictionary
280
     1
281
     1
  3
ACAD_XREC_ROUNDTRIP
360
101F7
  0
DICTIONARY
  5
101F8
330
10021
100
AcDbDictionary
280
     1
281
     1
  3
ACAD_XREC_ROUNDTRIP
360
101F9
  0
DICTIONARY
  5
10200
330
10025
100
AcDbDictionary
280
     1
281
     1
  3
ACAD_XREC_ROUNDTRIP
360
10201
  0
DICTIONARY
  5
1021C
330
10033
100
AcDbDictionary
280
     1
281
     1
  3
ACAD_XREC_ROUNDTRIP
360
1021D
  0
DICTIONARY
  5
1020C
330
1002B
100
AcDbDictionary
280
     1
281
     1
  3
ACAD_XREC_ROUNDTRIP
360
1020D
  0
DICTIONARY
  5
1021E
330
10034
100
AcDbDictionary
280
     1
281
     1
  3
ACAD_XREC_ROUNDTRIP
360
1021F
  0
DICTIONARY
  5
10204
330
10027
100
AcDbDictionary
280
     1
281
     1
  3
ACAD_XREC_ROUNDTRIP
360
10205
  0
DICTIONARY
  5
1021A
330
10032
100
AcDbDictionary
280
     1
281
     1
  3
ACAD_XREC_ROUNDTRIP
360
1021B
  0
DICTIONARY
  5
10218
330
10031
100
AcDbDictionary
280
     1
281
     1
  3
ACAD_XREC_ROUNDTRIP
360
10219
  0
DICTIONARY
  5
10212
330
1002E
100
AcDbDictionary
280
     1
281
     1
  3
ACAD_XREC_ROUNDTRIP
360
10213
  0
DICTIONARY
  5
10214
330
1002F
100
AcDbDictionary
280
     1
281
     1
  3
ACAD_XREC_ROUNDTRIP
360
10215
  0
DICTIONARY
  5
1020A
330
1002A
100
AcDbDictionary
280
     1
281
     1
  3
ACAD_XREC_ROUNDTRIP
360
1020B
  0
DICTIONARY
  5
101FE
330
10024
100
AcDbDictionary
280
     1
281
     1
  3
ACAD_XREC_ROUNDTRIP
360
101FF
  0
DICTIONARY
  5
10216
330
10030
100
AcDbDictionary
280
     1
281
     1
  3
ACAD_XREC_ROUNDTRIP
360
10217
  0
XRECORD
  5
101EA
102
{ACAD_REACTORS
330
101F0
102
}
330
101F0
100
AcDbXrecord
280
     1
  1
AcDb_Thumbnail_Schema
102
{ATTRRECORD
341
101EB
  2
AcDbDs::TreatedAsObjectData
280
     1
291
     1
102
ATTRRECORD}
102
{ATTRRECORD
341
101EC
  2
AcDbDs::Legacy
280
     1
291
     1
102
ATTRRECORD}
  2
AcDbDs::ID
280
    10
 91
        8
102
{ATTRRECORD
341
101ED
  2
AcDs:Indexable
280
     1
291
     1
102
ATTRRECORD}
102
{ATTRRECORD
341
101EE
  2
AcDbDs::HandleAttribute
280
     7
282
     1
102
ATTRRECORD}
  2
Thumbnail_Data
280
    15
 91
        0
  0
XRECORD
  5
101EB
102
{ACAD_REACTORS
330
101F0
102
}
330
101F0
100
AcDbXrecord
280
     1
  1
AcDbDs::TreatedAsObjectDataSchema
  2
AcDbDs::TreatedAsObjectData
280
     1
 91
        0
  0
XRECORD
  5
101EC
102
{ACAD_REACTORS
330
101F0
102
}
330
101F0
100
AcDbXrecord
280
     1
  1
AcDbDs::LegacySchema
  2
AcDbDs::Legacy
280
     1
 91
        0
  0
XRECORD
  5
101ED
102
{ACAD_REACTORS
330
101F0
102
}
330
101F0
100
AcDbXrecord
280
     1
  1
AcDbDs::IndexedPropertySchema
  2
AcDs:Indexable
280
     1
 91
        0
  0
XRECORD
  5
101EE
102
{ACAD_REACTORS
330
101F0
102
}
330
101F0
100
AcDbXrecord
280
     1
  1
AcDbDs::HandleAttributeSchema
  2
AcDbDs::HandleAttribute
280
     7
 91
        1
284
     1
  0
XRECORD
  5
10225
102
{ACAD_REACTORS
330
10224
102
}
330
10224
100
AcDbXrecord
280
     1
102
DISPLAYNAME
  1
Imperial24
102
FLAGS
 90
        0
  0
XRECORD
  5
10010
102
{ACAD_REACTORS
330
1000E
102
}
330
1000E
100
AcDbXrecord
280
     1
270
     1
271
     1
  0
XRECORD
  5
1000F
102
{ACAD_REACTORS
330
1000E
102
}
330
1000E
100
AcDbXrecord
280
     1
270
     1
271
     1
  0
XRECORD
  5
10013
102
{ACAD_REACTORS
330
1000E
102
}
330
1000E
100
AcDbXrecord
280
     1
270
     1
271
     1
  0
XRECORD
  5
10012
102
{ACAD_REACTORS
330
1000E
102
}
330
1000E
100
AcDbXrecord
280
     1
270
     1
271
     1
  0
XRECORD
  5
10014
102
{ACAD_REACTORS
330
1000E
102
}
330
1000E
100
AcDbXrecord
280
     1
270
     1
271
     1
  0
XRECORD
  5
10011
102
{ACAD_REACTORS
330
1000E
102
}
330
1000E
100
AcDbXrecord
280
     1
270
     1
271
     1
  0
XRECORD
  5
10008
102
{ACAD_REACTORS
330
10006
102
}
330
10006
100
AcDbXrecord
280
     1
270
     1
271
     1
  0
XRECORD
  5
10007
102
{ACAD_REACTORS
330
10006
102
}
330
10006
100
AcDbXrecord
280
     1
270
     1
271
     1
  0
XRECORD
  5
1000B
102
{ACAD_REACTORS
330
10006
102
}
330
10006
100
AcDbXrecord
280
     1
270
     1
271
     1
  0
XRECORD
  5
1000A
102
{ACAD_REACTORS
330
10006
102
}
330
10006
100
AcDbXrecord
280
     1
270
     1
271
     1
  0
XRECORD
  5
1000C
102
{ACAD_REACTORS
330
10006
102
}
330
10006
100
AcDbXrecord
280
     1
270
     1
271
     1
  0
XRECORD
  5
10009
102
{ACAD_REACTORS
330
10006
102
}
330
10006
100
AcDbXrecord
280
     1
270
     1
271
     1
  0
XRECORD
  5
10018
102
{ACAD_REACTORS
330
10016
102
}
330
10016
100
AcDbXrecord
280
     1
270
     1
271
     1
  0
XRECORD
  5
10017
102
{ACAD_REACTORS
330
10016
102
}
330
10016
100
AcDbXrecord
280
     1
270
     1
271
     1
  0
XRECORD
  5
1001B
102
{ACAD_REACTORS
330
10016
102
}
330
10016
100
AcDbXrecord
280
     1
270
     1
271
     1
  0
XRECORD
  5
1001A
102
{ACAD_REACTORS
330
10016
102
}
330
10016
100
AcDbXrecord
280
     1
270
     1
271
     1
  0
XRECORD
  5
1001C
102
{ACAD_REACTORS
330
10016
102
}
330
10016
100
AcDbXrecord
280
     1
270
     1
271
     1
  0
XRECORD
  5
10019
102
{ACAD_REACTORS
330
10016
102
}
330
10016
100
AcDbXrecord
280
     1
270
     1
271
     1
  0
XRECORD
  5
10223
102
{ACAD_REACTORS
330
10222
102
}
330
10222
100
AcDbXrecord
280
     1
102
DISPLAYNAME
  1
Imperial24
102
FLAGS
 90
        0
  0
CELLSTYLEMAP
  5
101E8
102
{ACAD_REACTORS
330
101E7
102
}
330
101E7
100
AcDbCellStyleMap
 90
        3
300
CELLSTYLE
  1
TABLEFORMAT_BEGIN
 90
        5
170
     1
 91
        0
 92
    32768
 62
   257
 93
        1
300
CONTENTFORMAT
  1
CONTENTFORMAT_BEGIN
 90
        0
 91
        0
 92
      512
 93
        0
300

 40
0.0
140
1.0
 94
        5
 62
     0
340
11
144
0.25
309
CONTENTFORMAT_END
171
     0
 94
        0
309
TABLEFORMAT_END
  1
CELLSTYLE_BEGIN
 90
        1
 91
        1
300
_TITLE
309
CELLSTYLE_END
300
CELLSTYLE
  1
TABLEFORMAT_BEGIN
 90
        5
170
     1
 91
        0
 92
        0
 62
   257
 93
        1
300
CONTENTFORMAT
  1
CONTENTFORMAT_BEGIN
 90
        0
 91
        0
 92
      512
 93
        0
300

 40
0.0
140
1.0
 94
        5
 62
     0
340
11
144
0.18
309
CONTENTFORMAT_END
171
     0
 94
        0
309
TABLEFORMAT_END
  1
CELLSTYLE_BEGIN
 90
        2
 91
        1
300
_HEADER
309
CELLSTYLE_END
300
CELLSTYLE
  1
TABLEFORMAT_BEGIN
 90
        5
170
     1
 91
        0
 92
        0
 62
   257
 93
        1
300
CONTENTFORMAT
  1
CONTENTFORMAT_BEGIN
 90
        0
 91
        0
 92
      512
 93
        0
300

 40
0.0
140
1.0
 94
        2
 62
     0
340
11
144
0.18
309
CONTENTFORMAT_END
171
     0
 94
        0
309
TABLEFORMAT_END
  1
CELLSTYLE_BEGIN
 90
        3
 91
        2
300
_DATA
309
CELLSTYLE_END
  0
XRECORD
  5
101FD
102
{ACAD_REACTORS
330
101FC
102
}
330
101FC
100
AcDbXrecord
280
     1
102
RTVSPost2010Prop28
280
     1
102
RTVSPost2010PropOp28
 70
     1
102
RTVSPost2010Prop29
280
     1
102
RTVSPost2010PropOp29
 70
     1
102
RTVSPost2010Prop30
280
     0
102
RTVSPost2010PropOp30
 70
     1
102
RTVSPost2010Prop31
280
     0
102
RTVSPost2010PropOp31
 70
     1
102
RTVSPost2010Prop32
280
     0
102
RTVSPost2010PropOp32
 70
     1
102
RTVSPost2010Prop33
280
     0
102
RTVSPost2010PropOp33
 70
     1
102
RTVSPost2010Prop34
280
     0
102
RTVSPost2010PropOp34
 70
     1
102
RTVSPost2010Prop35
280
     0
102
RTVSPost2010PropOp35
 70
     1
102
RTVSPost2010Prop36
280
     0
102
RTVSPost2010PropOp36
 70
     1
102
RTVSPost2010Prop37
 90
       50
102
RTVSPost2010PropOp37
 70
     1
102
RTVSPost2010Prop38
140
0.0
102
RTVSPost2010PropOp38
 70
     1
102
RTVSPost2010Prop39
140
1.0
102
RTVSPost2010PropOp39
 70
     1
102
RTVSPost2010Prop40
 90
        0
102
RTVSPost2010PropOp40
 70
     1
102
RTVSPost2010Prop41ColorIndex
 90
       18
102
RTVSPost2010Prop41ColorRGB
 90
        0
102
RTVSPost2010PropOp41
 70
     1
102
RTVSPost2010Prop42
 90
       50
102
RTVSPost2010PropOp42
 70
     1
102
RTVSPost2010Prop43
 90
        3
102
RTVSPost2010PropOp43
 70
     1
102
RTVSPost2010Prop44ColorIndex
 90
        5
102
RTVSPost2010Prop44ColorRGB
 90
      255
102
RTVSPost2010PropOp44
 70
     1
102
RTVSPost2010Prop45
280
     0
102
RTVSPost2010PropOp45
 70
     1
102
RTVSPost2010Prop46
 90
       50
102
RTVSPost2010PropOp46
 70
     1
102
RTVSPost2010Prop47
 90
       50
102
RTVSPost2010PropOp47
 70
     1
102
RTVSPost2010Prop48
 90
       50
102
RTVSPost2010PropOp48
 70
     1
102
RTVSPost2010Prop49
280
     0
102
RTVSPost2010PropOp49
 70
     1
102
RTVSPost2010Prop50
 90
       50
102
RTVSPost2010PropOp50
 70
     1
102
RTVSPost2010Prop51ColorIndex
 90
      256
102
RTVSPost2010Prop51ColorRGB
 90
-16777216
102
RTVSPost2010PropOp51
 70
     0
102
RTVSPost2010Prop52
140
1.0
102
RTVSPost2010PropOp52
 70
     0
102
RTVSPost2010Prop53
 90
        2
102
RTVSPost2010PropOp53
 70
     1
102
RTVSPost2010Prop54
  1
strokes_ogs.tif
102
RTVSPost2010PropOp54
 70
     1
102
RTVSPost2010Prop55
280
     0
102
RTVSPost2010PropOp55
 70
     1
102
RTVSPost2010Prop56
140
1.0
102
RTVSPost2010PropOp56
 70
     1
102
RTVSPost2010Prop57
140
1.0
102
RTVSPost2010PropOp57
 70
     1
  0
XRECORD
  5
101FB
102
{ACAD_REACTORS
330
101FA
102
}
330
101FA
100
AcDbXrecord
280
     1
102
RTVSPost2010Prop28
280
     0
102
RTVSPost2010PropOp28
 70
     1
102
RTVSPost2010Prop29
280
     1
102
RTVSPost2010PropOp29
 70
     1
102
RTVSPost2010Prop30
280
     1
102
RTVSPost2010PropOp30
 70
     1
102
RTVSPost2010Prop31
280
     0
102
RTVSPost2010PropOp31
 70
     1
102
RTVSPost2010Prop32
280
     0
102
RTVSPost2010PropOp32
 70
     1
102
RTVSPost2010Prop33
280
     0
102
RTVSPost2010PropOp33
 70
     1
102
RTVSPost2010Prop34
280
     0
102
RTVSPost2010PropOp34
 70
     1
102
RTVSPost2010Prop35
280
     0
102
RTVSPost2010PropOp35
 70
     1
102
RTVSPost2010Prop36
280
     0
102
RTVSPost2010PropOp36
 70
     1
102
RTVSPost2010Prop37
 90
       50
102
RTVSPost2010PropOp37
 70
     1
102
RTVSPost2010Prop38
140
0.0
102
RTVSPost2010PropOp38
 70
     1
102
RTVSPost2010Prop39
140
1.0
102
RTVSPost2010PropOp39
 70
     1
102
RTVSPost2010Prop40
 90
        0
102
RTVSPost2010PropOp40
 70
     1
102
RTVSPost2010Prop41ColorIndex
 90
       18
102
RTVSPost2010Prop41ColorRGB
 90
        0
102
RTVSPost2010PropOp41
 70
     1
102
RTVSPost2010Prop42
 90
       50
102
RTVSPost2010PropOp42
 70
     1
102
RTVSPost2010Prop43
 90
        3
102
RTVSPost2010PropOp43
 70
     1
102
RTVSPost2010Prop44ColorIndex
 90
        5
102
RTVSPost2010Prop44ColorRGB
 90
      255
102
RTVSPost2010PropOp44
 70
     1
102
RTVSPost2010Prop45
280
     0
102
RTVSPost2010PropOp45
 70
     1
102
RTVSPost2010Prop46
 90
       50
102
RTVSPost2010PropOp46
 70
     1
102
RTVSPost2010Prop47
 90
       50
102
RTVSPost2010PropOp47
 70
     1
102
RTVSPost2010Prop48
 90
       50
102
RTVSPost2010PropOp48
 70
     1
102
RTVSPost2010Prop49
280
     0
102
RTVSPost2010PropOp49
 70
     1
102
RTVSPost2010Prop50
 90
       50
102
RTVSPost2010PropOp50
 70
     1
102
RTVSPost2010Prop51ColorIndex
 90
      256
102
RTVSPost2010Prop51ColorRGB
 90
-16777216
102
RTVSPost2010PropOp51
 70
     0
102
RTVSPost2010Prop52
140
1.0
102
RTVSPost2010PropOp52
 70
     0
102
RTVSPost2010Prop53
 90
        2
102
RTVSPost2010PropOp53
 70
     1
102
RTVSPost2010Prop54
  1
strokes_ogs.tif
102
RTVSPost2010PropOp54
 70
     1
102
RTVSPost2010Prop55
280
     0
102
RTVSPost2010PropOp55
 70
     1
102
RTVSPost2010Prop56
140
1.0
102
RTVSPost2010PropOp56
 70
     1
102
RTVSPost2010Prop57
140
1.0
102
RTVSPost2010PropOp57
 70
     1
  0
XRECORD
  5
10209
102
{ACAD_REACTORS
330
10208
102
}
330
10208
100
AcDbXrecord
280
     1
102
RTVSPost2010Prop28
280
     0
102
RTVSPost2010PropOp28
 70
     1
102
RTVSPost2010Prop29
280
     1
102
RTVSPost2010PropOp29
 70
     1
102
RTVSPost2010Prop30
280
     1
102
RTVSPost2010PropOp30
 70
     1
102
RTVSPost2010Prop31
280
     0
102
RTVSPost2010PropOp31
 70
     1
102
RTVSPost2010Prop32
280
     0
102
RTVSPost2010PropOp32
 70
     1
102
RTVSPost2010Prop33
280
     0
102
RTVSPost2010PropOp33
 70
     1
102
RTVSPost2010Prop34
280
     0
102
RTVSPost2010PropOp34
 70
     1
102
RTVSPost2010Prop35
280
     0
102
RTVSPost2010PropOp35
 70
     1
102
RTVSPost2010Prop36
280
     0
102
RTVSPost2010PropOp36
 70
     1
102
RTVSPost2010Prop37
 90
       50
102
RTVSPost2010PropOp37
 70
     1
102
RTVSPost2010Prop38
140
0.0
102
RTVSPost2010PropOp38
 70
     1
102
RTVSPost2010Prop39
140
1.0
102
RTVSPost2010PropOp39
 70
     1
102
RTVSPost2010Prop40
 90
        0
102
RTVSPost2010PropOp40
 70
     1
102
RTVSPost2010Prop41ColorIndex
 90
       18
102
RTVSPost2010Prop41ColorRGB
 90
        0
102
RTVSPost2010PropOp41
 70
     1
102
RTVSPost2010Prop42
 90
       50
102
RTVSPost2010PropOp42
 70
     1
102
RTVSPost2010Prop43
 90
        3
102
RTVSPost2010PropOp43
 70
     1
102
RTVSPost2010Prop44ColorIndex
 90
        5
102
RTVSPost2010Prop44ColorRGB
 90
      255
102
RTVSPost2010PropOp44
 70
     1
102
RTVSPost2010Prop45
280
     0
102
RTVSPost2010PropOp45
 70
     1
102
RTVSPost2010Prop46
 90
       50
102
RTVSPost2010PropOp46
 70
     1
102
RTVSPost2010Prop47
 90
       50
102
RTVSPost2010PropOp47
 70
     1
102
RTVSPost2010Prop48
 90
       50
102
RTVSPost2010PropOp48
 70
     1
102
RTVSPost2010Prop49
280
     0
102
RTVSPost2010PropOp49
 70
     1
102
RTVSPost2010Prop50
 90
       50
102
RTVSPost2010PropOp50
 70
     1
102
RTVSPost2010Prop51ColorIndex
 90
      256
102
RTVSPost2010Prop51ColorRGB
 90
-16777216
102
RTVSPost2010PropOp51
 70
     0
102
RTVSPost2010Prop52
140
1.0
102
RTVSPost2010PropOp52
 70
     0
102
RTVSPost2010Prop53
 90
        2
102
RTVSPost2010PropOp53
 70
     1
102
RTVSPost2010Prop54
  1
strokes_ogs.tif
102
RTVSPost2010PropOp54
 70
     1
102
RTVSPost2010Prop55
280
     0
102
RTVSPost2010PropOp55
 70
     1
102
RTVSPost2010Prop56
140
1.0
102
RTVSPost2010PropOp56
 70
     1
102
RTVSPost2010Prop57
140
1.0
102
RTVSPost2010PropOp57
 70
     1
  0
XRECORD
  5
10211
102
{ACAD_REACTORS
330
10210
102
}
330
10210
100
AcDbXrecord
280
     1
102
RTVSPost2010Prop28
280
     0
102
RTVSPost2010PropOp28
 70
     1
102
RTVSPost2010Prop29
280
     1
102
RTVSPost2010PropOp29
 70
     1
102
RTVSPost2010Prop30
280
     1
102
RTVSPost2010PropOp30
 70
     1
102
RTVSPost2010Prop31
280
     0
102
RTVSPost2010PropOp31
 70
     1
102
RTVSPost2010Prop32
280
     0
102
RTVSPost2010PropOp32
 70
     1
102
RTVSPost2010Prop33
280
     0
102
RTVSPost2010PropOp33
 70
     1
102
RTVSPost2010Prop34
280
     0
102
RTVSPost2010PropOp34
 70
     1
102
RTVSPost2010Prop35
280
     0
102
RTVSPost2010PropOp35
 70
     1
102
RTVSPost2010Prop36
280
     0
102
RTVSPost2010PropOp36
 70
     1
102
RTVSPost2010Prop37
 90
       50
102
RTVSPost2010PropOp37
 70
     1
102
RTVSPost2010Prop38
140
0.0
102
RTVSPost2010PropOp38
 70
     1
102
RTVSPost2010Prop39
140
1.0
102
RTVSPost2010PropOp39
 70
     1
102
RTVSPost2010Prop40
 90
        0
102
RTVSPost2010PropOp40
 70
     1
102
RTVSPost2010Prop41ColorIndex
 90
       18
102
RTVSPost2010Prop41ColorRGB
 90
        0
102
RTVSPost2010PropOp41
 70
     1
102
RTVSPost2010Prop42
 90
       50
102
RTVSPost2010PropOp42
 70
     1
102
RTVSPost2010Prop43
 90
        3
102
RTVSPost2010PropOp43
 70
     1
102
RTVSPost2010Prop44ColorIndex
 90
        5
102
RTVSPost2010Prop44ColorRGB
 90
      255
102
RTVSPost2010PropOp44
 70
     1
102
RTVSPost2010Prop45
280
     0
102
RTVSPost2010PropOp45
 70
     1
102
RTVSPost2010Prop46
 90
       50
102
RTVSPost2010PropOp46
 70
     1
102
RTVSPost2010Prop47
 90
       50
102
RTVSPost2010PropOp47
 70
     1
102
RTVSPost2010Prop48
 90
       50
102
RTVSPost2010PropOp48
 70
     1
102
RTVSPost2010Prop49
280
     0
102
RTVSPost2010PropOp49
 70
     1
102
RTVSPost2010Prop50
 90
       50
102
RTVSPost2010PropOp50
 70
     1
102
RTVSPost2010Prop51ColorIndex
 90
      256
102
RTVSPost2010Prop51ColorRGB
 90
-16777216
102
RTVSPost2010PropOp51
 70
     0
102
RTVSPost2010Prop52
140
1.0
102
RTVSPost2010PropOp52
 70
     0
102
RTVSPost2010Prop53
 90
        2
102
RTVSPost2010PropOp53
 70
     1
102
RTVSPost2010Prop54
  1
strokes_ogs.tif
102
RTVSPost2010PropOp54
 70
     1
102
RTVSPost2010Prop55
280
     0
102
RTVSPost2010PropOp55
 70
     1
102
RTVSPost2010Prop56
140
1.0
102
RTVSPost2010PropOp56
 70
     1
102
RTVSPost2010Prop57
140
1.0
102
RTVSPost2010PropOp57
 70
     1
  0
XRECORD
  5
10203
102
{ACAD_REACTORS
330
10202
102
}
330
10202
100
AcDbXrecord
280
     1
102
RTVSPost2010Prop28
280
     0
102
RTVSPost2010PropOp28
 70
     1
102
RTVSPost2010Prop29
280
     1
102
RTVSPost2010PropOp29
 70
     1
102
RTVSPost2010Prop30
280
     1
102
RTVSPost2010PropOp30
 70
     1
102
RTVSPost2010Prop31
280
     0
102
RTVSPost2010PropOp31
 70
     1
102
RTVSPost2010Prop32
280
     0
102
RTVSPost2010PropOp32
 70
     1
102
RTVSPost2010Prop33
280
     0
102
RTVSPost2010PropOp33
 70
     1
102
RTVSPost2010Prop34
280
     0
102
RTVSPost2010PropOp34
 70
     1
102
RTVSPost2010Prop35
280
     0
102
RTVSPost2010PropOp35
 70
     1
102
RTVSPost2010Prop36
280
     0
102
RTVSPost2010PropOp36
 70
     1
102
RTVSPost2010Prop37
 90
       50
102
RTVSPost2010PropOp37
 70
     1
102
RTVSPost2010Prop38
140
0.0
102
RTVSPost2010PropOp38
 70
     1
102
RTVSPost2010Prop39
140
1.0
102
RTVSPost2010PropOp39
 70
     1
102
RTVSPost2010Prop40
 90
        0
102
RTVSPost2010PropOp40
 70
     1
102
RTVSPost2010Prop41ColorIndex
 90
       18
102
RTVSPost2010Prop41ColorRGB
 90
        0
102
RTVSPost2010PropOp41
 70
     1
102
RTVSPost2010Prop42
 90
       50
102
RTVSPost2010PropOp42
 70
     1
102
RTVSPost2010Prop43
 90
        3
102
RTVSPost2010PropOp43
 70
     1
102
RTVSPost2010Prop44ColorIndex
 90
        5
102
RTVSPost2010Prop44ColorRGB
 90
      255
102
RTVSPost2010PropOp44
 70
     1
102
RTVSPost2010Prop45
280
     0
102
RTVSPost2010PropOp45
 70
     1
102
RTVSPost2010Prop46
 90
       50
102
RTVSPost2010PropOp46
 70
     1
102
RTVSPost2010Prop47
 90
       50
102
RTVSPost2010PropOp47
 70
     1
102
RTVSPost2010Prop48
 90
       50
102
RTVSPost2010PropOp48
 70
     1
102
RTVSPost2010Prop49
280
     0
102
RTVSPost2010PropOp49
 70
     1
102
RTVSPost2010Prop50
 90
       50
102
RTVSPost2010PropOp50
 70
     1
102
RTVSPost2010Prop51ColorIndex
 90
      256
102
RTVSPost2010Prop51ColorRGB
 90
-16777216
102
RTVSPost2010PropOp51
 70
     0
102
RTVSPost2010Prop52
140
1.0
102
RTVSPost2010PropOp52
 70
     0
102
RTVSPost2010Prop53
 90
        2
102
RTVSPost2010PropOp53
 70
     1
102
RTVSPost2010Prop54
  1
strokes_ogs.tif
102
RTVSPost2010PropOp54
 70
     1
102
RTVSPost2010Prop55
280
     0
102
RTVSPost2010PropOp55
 70
     1
102
RTVSPost2010Prop56
140
1.0
102
RTVSPost2010PropOp56
 70
     1
102
RTVSPost2010Prop57
140
1.0
102
RTVSPost2010PropOp57
 70
     1
  0
XRECORD
  5
10207
102
{ACAD_REACTORS
330
10206
102
}
330
10206
100
AcDbXrecord
280
     1
102
RTVSPost2010Prop28
280
     0
102
RTVSPost2010PropOp28
 70
     1
102
RTVSPost2010Prop29
280
     1
102
RTVSPost2010PropOp29
 70
     1
102
RTVSPost2010Prop30
280
     1
102
RTVSPost2010PropOp30
 70
     1
102
RTVSPost2010Prop31
280
     0
102
RTVSPost2010PropOp31
 70
     1
102
RTVSPost2010Prop32
280
     0
102
RTVSPost2010PropOp32
 70
     1
102
RTVSPost2010Prop33
280
     0
102
RTVSPost2010PropOp33
 70
     1
102
RTVSPost2010Prop34
280
     0
102
RTVSPost2010PropOp34
 70
     1
102
RTVSPost2010Prop35
280
     0
102
RTVSPost2010PropOp35
 70
     1
102
RTVSPost2010Prop36
280
     0
102
RTVSPost2010PropOp36
 70
     1
102
RTVSPost2010Prop37
 90
       50
102
RTVSPost2010PropOp37
 70
     1
102
RTVSPost2010Prop38
140
0.0
102
RTVSPost2010PropOp38
 70
     1
102
RTVSPost2010Prop39
140
1.0
102
RTVSPost2010PropOp39
 70
     1
102
RTVSPost2010Prop40
 90
        0
102
RTVSPost2010PropOp40
 70
     1
102
RTVSPost2010Prop41ColorIndex
 90
       18
102
RTVSPost2010Prop41ColorRGB
 90
        0
102
RTVSPost2010PropOp41
 70
     1
102
RTVSPost2010Prop42
 90
       50
102
RTVSPost2010PropOp42
 70
     1
102
RTVSPost2010Prop43
 90
        3
102
RTVSPost2010PropOp43
 70
     1
102
RTVSPost2010Prop44ColorIndex
 90
        5
102
RTVSPost2010Prop44ColorRGB
 90
      255
102
RTVSPost2010PropOp44
 70
     1
102
RTVSPost2010Prop45
280
     0
102
RTVSPost2010PropOp45
 70
     1
102
RTVSPost2010Prop46
 90
       50
102
RTVSPost2010PropOp46
 70
     1
102
RTVSPost2010Prop47
 90
       50
102
RTVSPost2010PropOp47
 70
     1
102
RTVSPost2010Prop48
 90
       50
102
RTVSPost2010PropOp48
 70
     1
102
RTVSPost2010Prop49
280
     0
102
RTVSPost2010PropOp49
 70
     1
102
RTVSPost2010Prop50
 90
       50
102
RTVSPost2010PropOp50
 70
     1
102
RTVSPost2010Prop51ColorIndex
 90
      256
102
RTVSPost2010Prop51ColorRGB
 90
-16777216
102
RTVSPost2010PropOp51
 70
     0
102
RTVSPost2010Prop52
140
1.0
102
RTVSPost2010PropOp52
 70
     0
102
RTVSPost2010Prop53
 90
        2
102
RTVSPost2010PropOp53
 70
     1
102
RTVSPost2010Prop54
  1
strokes_ogs.tif
102
RTVSPost2010PropOp54
 70
     1
102
RTVSPost2010Prop55
280
     0
102
RTVSPost2010PropOp55
 70
     1
102
RTVSPost2010Prop56
140
1.0
102
RTVSPost2010PropOp56
 70
     1
102
RTVSPost2010Prop57
140
1.0
102
RTVSPost2010PropOp57
 70
     1
  0
XRECORD
  5
10221
102
{ACAD_REACTORS
330
10220
102
}
330
10220
100
AcDbXrecord
280
     1
102
RTVSPost2010Prop28
280
     0
102
RTVSPost2010PropOp28
 70
     1
102
RTVSPost2010Prop29
280
     1
102
RTVSPost2010PropOp29
 70
     1
102
RTVSPost2010Prop30
280
     1
102
RTVSPost2010PropOp30
 70
     1
102
RTVSPost2010Prop31
280
     0
102
RTVSPost2010PropOp31
 70
     1
102
RTVSPost2010Prop32
280
     0
102
RTVSPost2010PropOp32
 70
     1
102
RTVSPost2010Prop33
280
     0
102
RTVSPost2010PropOp33
 70
     1
102
RTVSPost2010Prop34
280
     0
102
RTVSPost2010PropOp34
 70
     1
102
RTVSPost2010Prop35
280
     0
102
RTVSPost2010PropOp35
 70
     1
102
RTVSPost2010Prop36
280
     0
102
RTVSPost2010PropOp36
 70
     1
102
RTVSPost2010Prop37
 90
       50
102
RTVSPost2010PropOp37
 70
     0
102
RTVSPost2010Prop38
140
0.0
102
RTVSPost2010PropOp38
 70
     0
102
RTVSPost2010Prop39
140
1.0
102
RTVSPost2010PropOp39
 70
     0
102
RTVSPost2010Prop40
 90
        0
102
RTVSPost2010PropOp40
 70
     0
102
RTVSPost2010Prop41ColorIndex
 90
       18
102
RTVSPost2010Prop41ColorRGB
 90
        0
102
RTVSPost2010PropOp41
 70
     0
102
RTVSPost2010Prop42
 90
       50
102
RTVSPost2010PropOp42
 70
     0
102
RTVSPost2010Prop43
 90
        3
102
RTVSPost2010PropOp43
 70
     0
102
RTVSPost2010Prop44ColorIndex
 90
        5
102
RTVSPost2010Prop44ColorRGB
 90
      255
102
RTVSPost2010PropOp44
 70
     0
102
RTVSPost2010Prop45
280
     0
102
RTVSPost2010PropOp45
 70
     1
102
RTVSPost2010Prop46
 90
       50
102
RTVSPost2010PropOp46
 70
     0
102
RTVSPost2010Prop47
 90
       50
102
RTVSPost2010PropOp47
 70
     0
102
RTVSPost2010Prop48
 90
       50
102
RTVSPost2010PropOp48
 70
     0
102
RTVSPost2010Prop49
280
     0
102
RTVSPost2010PropOp49
 70
     1
102
RTVSPost2010Prop50
 90
       50
102
RTVSPost2010PropOp50
 70
     0
102
RTVSPost2010Prop51ColorIndex
 90
      256
102
RTVSPost2010Prop51ColorRGB
 90
-16777216
102
RTVSPost2010PropOp51
 70
     0
102
RTVSPost2010Prop52
140
1.0
102
RTVSPost2010PropOp52
 70
     0
102
RTVSPost2010Prop53
 90
        2
102
RTVSPost2010PropOp53
 70
     0
102
RTVSPost2010Prop54
  1
strokes_ogs.tif
102
RTVSPost2010PropOp54
 70
     0
102
RTVSPost2010Prop55
280
     0
102
RTVSPost2010PropOp55
 70
     1
102
RTVSPost2010Prop56
140
1.0
102
RTVSPost2010PropOp56
 70
     0
102
RTVSPost2010Prop57
140
1.0
102
RTVSPost2010PropOp57
 70
     0
  0
XRECORD
  5
1020F
102
{ACAD_REACTORS
330
1020E
102
}
330
1020E
100
AcDbXrecord
280
     1
102
RTVSPost2010Prop28
280
     0
102
RTVSPost2010PropOp28
 70
     1
102
RTVSPost2010Prop29
280
     1
102
RTVSPost2010PropOp29
 70
     1
102
RTVSPost2010Prop30
280
     1
102
RTVSPost2010PropOp30
 70
     1
102
RTVSPost2010Prop31
280
     0
102
RTVSPost2010PropOp31
 70
     1
102
RTVSPost2010Prop32
280
     0
102
RTVSPost2010PropOp32
 70
     1
102
RTVSPost2010Prop33
280
     0
102
RTVSPost2010PropOp33
 70
     1
102
RTVSPost2010Prop34
280
     0
102
RTVSPost2010PropOp34
 70
     1
102
RTVSPost2010Prop35
280
     0
102
RTVSPost2010PropOp35
 70
     1
102
RTVSPost2010Prop36
280
     0
102
RTVSPost2010PropOp36
 70
     1
102
RTVSPost2010Prop37
 90
       50
102
RTVSPost2010PropOp37
 70
     1
102
RTVSPost2010Prop38
140
0.0
102
RTVSPost2010PropOp38
 70
     1
102
RTVSPost2010Prop39
140
1.0
102
RTVSPost2010PropOp39
 70
     1
102
RTVSPost2010Prop40
 90
        0
102
RTVSPost2010PropOp40
 70
     1
102
RTVSPost2010Prop41ColorIndex
 90
       18
102
RTVSPost2010Prop41ColorRGB
 90
        0
102
RTVSPost2010PropOp41
 70
     1
102
RTVSPost2010Prop42
 90
       50
102
RTVSPost2010PropOp42
 70
     1
102
RTVSPost2010Prop43
 90
        3
102
RTVSPost2010PropOp43
 70
     1
102
RTVSPost2010Prop44ColorIndex
 90
        5
102
RTVSPost2010Prop44ColorRGB
 90
      255
102
RTVSPost2010PropOp44
 70
     1
102
RTVSPost2010Prop45
280
     0
102
RTVSPost2010PropOp45
 70
     1
102
RTVSPost2010Prop46
 90
       50
102
RTVSPost2010PropOp46
 70
     1
102
RTVSPost2010Prop47
 90
       50
102
RTVSPost2010PropOp47
 70
     1
102
RTVSPost2010Prop48
 90
       50
102
RTVSPost2010PropOp48
 70
     1
102
RTVSPost2010Prop49
280
     0
102
RTVSPost2010PropOp49
 70
     1
102
RTVSPost2010Prop50
 90
       50
102
RTVSPost2010PropOp50
 70
     1
102
RTVSPost2010Prop51ColorIndex
 90
      256
102
RTVSPost2010Prop51ColorRGB
 90
-16777216
102
RTVSPost2010PropOp51
 70
     0
102
RTVSPost2010Prop52
140
1.0
102
RTVSPost2010PropOp52
 70
     0
102
RTVSPost2010Prop53
 90
        2
102
RTVSPost2010PropOp53
 70
     1
102
RTVSPost2010Prop54
  1
strokes_ogs.tif
102
RTVSPost2010PropOp54
 70
     1
102
RTVSPost2010Prop55
280
     0
102
RTVSPost2010PropOp55
 70
     1
102
RTVSPost2010Prop56
140
1.0
102
RTVSPost2010PropOp56
 70
     1
102
RTVSPost2010Prop57
140
1.0
102
RTVSPost2010PropOp57
 70
     1
  0
XRECORD
  5
101F3
102
{ACAD_REACTORS
330
101F2
102
}
330
101F2
100
AcDbXrecord
280
     1
102
RTVSPost2010Prop28
280
     0
102
RTVSPost2010PropOp28
 70
     1
102
RTVSPost2010Prop29
280
     1
102
RTVSPost2010PropOp29
 70
     1
102
RTVSPost2010Prop30
280
     1
102
RTVSPost2010PropOp30
 70
     1
102
RTVSPost2010Prop31
280
     0
102
RTVSPost2010PropOp31
 70
     1
102
RTVSPost2010Prop32
280
     0
102
RTVSPost2010PropOp32
 70
     1
102
RTVSPost2010Prop33
280
     0
102
RTVSPost2010PropOp33
 70
     1
102
RTVSPost2010Prop34
280
     0
102
RTVSPost2010PropOp34
 70
     1
102
RTVSPost2010Prop35
280
     0
102
RTVSPost2010PropOp35
 70
     1
102
RTVSPost2010Prop36
280
     0
102
RTVSPost2010PropOp36
 70
     1
102
RTVSPost2010Prop37
 90
       50
102
RTVSPost2010PropOp37
 70
     1
102
RTVSPost2010Prop38
140
0.0
102
RTVSPost2010PropOp38
 70
     1
102
RTVSPost2010Prop39
140
1.0
102
RTVSPost2010PropOp39
 70
     1
102
RTVSPost2010Prop40
 90
        0
102
RTVSPost2010PropOp40
 70
     1
102
RTVSPost2010Prop41ColorIndex
 90
       18
102
RTVSPost2010Prop41ColorRGB
 90
        0
102
RTVSPost2010PropOp41
 70
     1
102
RTVSPost2010Prop42
 90
       50
102
RTVSPost2010PropOp42
 70
     1
102
RTVSPost2010Prop43
 90
        3
102
RTVSPost2010PropOp43
 70
     1
102
RTVSPost2010Prop44ColorIndex
 90
        5
102
RTVSPost2010Prop44ColorRGB
 90
      255
102
RTVSPost2010PropOp44
 70
     1
102
RTVSPost2010Prop45
280
     0
102
RTVSPost2010PropOp45
 70
     1
102
RTVSPost2010Prop46
 90
       50
102
RTVSPost2010PropOp46
 70
     1
102
RTVSPost2010Prop47
 90
       50
102
RTVSPost2010PropOp47
 70
     1
102
RTVSPost2010Prop48
 90
       50
102
RTVSPost2010PropOp48
 70
     1
102
RTVSPost2010Prop49
280
     0
102
RTVSPost2010PropOp49
 70
     1
102
RTVSPost2010Prop50
 90
       50
102
RTVSPost2010PropOp50
 70
     1
102
RTVSPost2010Prop51ColorIndex
 90
      256
102
RTVSPost2010Prop51ColorRGB
 90
-16777216
102
RTVSPost2010PropOp51
 70
     0
102
RTVSPost2010Prop52
140
1.0
102
RTVSPost2010PropOp52
 70
     0
102
RTVSPost2010Prop53
 90
        2
102
RTVSPost2010PropOp53
 70
     1
102
RTVSPost2010Prop54
  1
strokes_ogs.tif
102
RTVSPost2010PropOp54
 70
     1
102
RTVSPost2010Prop55
280
     0
102
RTVSPost2010PropOp55
 70
     1
102
RTVSPost2010Prop56
140
1.0
102
RTVSPost2010PropOp56
 70
     1
102
RTVSPost2010Prop57
140
1.0
102
RTVSPost2010PropOp57
 70
     1
  0
XRECORD
  5
101F5
102
{ACAD_REACTORS
330
101F4
102
}
330
101F4
100
AcDbXrecord
280
     1
102
RTVSPost2010Prop28
280
     0
102
RTVSPost2010PropOp28
 70
     1
102
RTVSPost2010Prop29
280
     1
102
RTVSPost2010PropOp29
 70
     1
102
RTVSPost2010Prop30
280
     1
102
RTVSPost2010PropOp30
 70
     1
102
RTVSPost2010Prop31
280
     0
102
RTVSPost2010PropOp31
 70
     1
102
RTVSPost2010Prop32
280
     0
102
RTVSPost2010PropOp32
 70
     1
102
RTVSPost2010Prop33
280
     0
102
RTVSPost2010PropOp33
 70
     1
102
RTVSPost2010Prop34
280
     0
102
RTVSPost2010PropOp34
 70
     1
102
RTVSPost2010Prop35
280
     0
102
RTVSPost2010PropOp35
 70
     1
102
RTVSPost2010Prop36
280
     0
102
RTVSPost2010PropOp36
 70
     1
102
RTVSPost2010Prop37
 90
       50
102
RTVSPost2010PropOp37
 70
     1
102
RTVSPost2010Prop38
140
0.0
102
RTVSPost2010PropOp38
 70
     1
102
RTVSPost2010Prop39
140
1.0
102
RTVSPost2010PropOp39
 70
     1
102
RTVSPost2010Prop40
 90
        0
102
RTVSPost2010PropOp40
 70
     1
102
RTVSPost2010Prop41ColorIndex
 90
       18
102
RTVSPost2010Prop41ColorRGB
 90
        0
102
RTVSPost2010PropOp41
 70
     1
102
RTVSPost2010Prop42
 90
       50
102
RTVSPost2010PropOp42
 70
     1
102
RTVSPost2010Prop43
 90
        3
102
RTVSPost2010PropOp43
 70
     1
102
RTVSPost2010Prop44ColorIndex
 90
        5
102
RTVSPost2010Prop44ColorRGB
 90
      255
102
RTVSPost2010PropOp44
 70
     1
102
RTVSPost2010Prop45
280
     0
102
RTVSPost2010PropOp45
 70
     1
102
RTVSPost2010Prop46
 90
       50
102
RTVSPost2010PropOp46
 70
     1
102
RTVSPost2010Prop47
 90
       50
102
RTVSPost2010PropOp47
 70
     1
102
RTVSPost2010Prop48
 90
       50
102
RTVSPost2010PropOp48
 70
     1
102
RTVSPost2010Prop49
280
     0
102
RTVSPost2010PropOp49
 70
     1
102
RTVSPost2010Prop50
 90
       50
102
RTVSPost2010PropOp50
 70
     1
102
RTVSPost2010Prop51ColorIndex
 90
      256
102
RTVSPost2010Prop51ColorRGB
 90
-16777216
102
RTVSPost2010PropOp51
 70
     0
102
RTVSPost2010Prop52
140
1.0
102
RTVSPost2010PropOp52
 70
     0
102
RTVSPost2010Prop53
 90
        2
102
RTVSPost2010PropOp53
 70
     1
102
RTVSPost2010Prop54
  1
strokes_ogs.tif
102
RTVSPost2010PropOp54
 70
     1
102
RTVSPost2010Prop55
280
     0
102
RTVSPost2010PropOp55
 70
     1
102
RTVSPost2010Prop56
140
1.0
102
RTVSPost2010PropOp56
 70
     1
102
RTVSPost2010Prop57
140
1.0
102
RTVSPost2010PropOp57
 70
     1
  0
XRECORD
  5
101F7
102
{ACAD_REACTORS
330
101F6
102
}
330
101F6
100
AcDbXrecord
280
     1
102
RTVSPost2010Prop28
280
     0
102
RTVSPost2010PropOp28
 70
     1
102
RTVSPost2010Prop29
280
     1
102
RTVSPost2010PropOp29
 70
     1
102
RTVSPost2010Prop30
280
     1
102
RTVSPost2010PropOp30
 70
     1
102
RTVSPost2010Prop31
280
     0
102
RTVSPost2010PropOp31
 70
     1
102
RTVSPost2010Prop32
280
     0
102
RTVSPost2010PropOp32
 70
     1
102
RTVSPost2010Prop33
280
     0
102
RTVSPost2010PropOp33
 70
     1
102
RTVSPost2010Prop34
280
     0
102
RTVSPost2010PropOp34
 70
     1
102
RTVSPost2010Prop35
280
     0
102
RTVSPost2010PropOp35
 70
     1
102
RTVSPost2010Prop36
280
     0
102
RTVSPost2010PropOp36
 70
     1
102
RTVSPost2010Prop37
 90
       50
102
RTVSPost2010PropOp37
 70
     1
102
RTVSPost2010Prop38
140
0.0
102
RTVSPost2010PropOp38
 70
     1
102
RTVSPost2010Prop39
140
1.0
102
RTVSPost2010PropOp39
 70
     1
102
RTVSPost2010Prop40
 90
        0
102
RTVSPost2010PropOp40
 70
     1
102
RTVSPost2010Prop41ColorIndex
 90
       18
102
RTVSPost2010Prop41ColorRGB
 90
        0
102
RTVSPost2010PropOp41
 70
     1
102
RTVSPost2010Prop42
 90
       50
102
RTVSPost2010PropOp42
 70
     1
102
RTVSPost2010Prop43
 90
        3
102
RTVSPost2010PropOp43
 70
     1
102
RTVSPost2010Prop44ColorIndex
 90
        5
102
RTVSPost2010Prop44ColorRGB
 90
      255
102
RTVSPost2010PropOp44
 70
     1
102
RTVSPost2010Prop45
280
     0
102
RTVSPost2010PropOp45
 70
     1
102
RTVSPost2010Prop46
 90
       50
102
RTVSPost2010PropOp46
 70
     1
102
RTVSPost2010Prop47
 90
       50
102
RTVSPost2010PropOp47
 70
     1
102
RTVSPost2010Prop48
 90
       50
102
RTVSPost2010PropOp48
 70
     1
102
RTVSPost2010Prop49
280
     0
102
RTVSPost2010PropOp49
 70
     1
102
RTVSPost2010Prop50
 90
       50
102
RTVSPost2010PropOp50
 70
     1
102
RTVSPost2010Prop51ColorIndex
 90
      256
102
RTVSPost2010Prop51ColorRGB
 90
-16777216
102
RTVSPost2010PropOp51
 70
     0
102
RTVSPost2010Prop52
140
1.0
102
RTVSPost2010PropOp52
 70
     0
102
RTVSPost2010Prop53
 90
        2
102
RTVSPost2010PropOp53
 70
     1
102
RTVSPost2010Prop54
  1
strokes_ogs.tif
102
RTVSPost2010PropOp54
 70
     1
102
RTVSPost2010Prop55
280
     0
102
RTVSPost2010PropOp55
 70
     1
102
RTVSPost2010Prop56
140
1.0
102
RTVSPost2010PropOp56
 70
     1
102
RTVSPost2010Prop57
140
1.0
102
RTVSPost2010PropOp57
 70
     1
  0
XRECORD
  5
101F9
102
{ACAD_REACTORS
330
101F8
102
}
330
101F8
100
AcDbXrecord
280
     1
102
RTVSPost2010Prop28
280
     0
102
RTVSPost2010PropOp28
 70
     1
102
RTVSPost2010Prop29
280
     1
102
RTVSPost2010PropOp29
 70
     1
102
RTVSPost2010Prop30
280
     1
102
RTVSPost2010PropOp30
 70
     1
102
RTVSPost2010Prop31
280
     0
102
RTVSPost2010PropOp31
 70
     1
102
RTVSPost2010Prop32
280
     0
102
RTVSPost2010PropOp32
 70
     1
102
RTVSPost2010Prop33
280
     0
102
RTVSPost2010PropOp33
 70
     1
102
RTVSPost2010Prop34
280
     0
102
RTVSPost2010PropOp34
 70
     1
102
RTVSPost2010Prop35
280
     0
102
RTVSPost2010PropOp35
 70
     1
102
RTVSPost2010Prop36
280
     0
102
RTVSPost2010PropOp36
 70
     1
102
RTVSPost2010Prop37
 90
       50
102
RTVSPost2010PropOp37
 70
     1
102
RTVSPost2010Prop38
140
0.0
102
RTVSPost2010PropOp38
 70
     1
102
RTVSPost2010Prop39
140
1.0
102
RTVSPost2010PropOp39
 70
     1
102
RTVSPost2010Prop40
 90
        0
102
RTVSPost2010PropOp40
 70
     1
102
RTVSPost2010Prop41ColorIndex
 90
       18
102
RTVSPost2010Prop41ColorRGB
 90
        0
102
RTVSPost2010PropOp41
 70
     1
102
RTVSPost2010Prop42
 90
       50
102
RTVSPost2010PropOp42
 70
     1
102
RTVSPost2010Prop43
 90
        3
102
RTVSPost2010PropOp43
 70
     1
102
RTVSPost2010Prop44ColorIndex
 90
        5
102
RTVSPost2010Prop44ColorRGB
 90
      255
102
RTVSPost2010PropOp44
 70
     1
102
RTVSPost2010Prop45
280
     0
102
RTVSPost2010PropOp45
 70
     1
102
RTVSPost2010Prop46
 90
       50
102
RTVSPost2010PropOp46
 70
     1
102
RTVSPost2010Prop47
 90
       50
102
RTVSPost2010PropOp47
 70
     1
102
RTVSPost2010Prop48
 90
       50
102
RTVSPost2010PropOp48
 70
     1
102
RTVSPost2010Prop49
280
     0
102
RTVSPost2010PropOp49
 70
     1
102
RTVSPost2010Prop50
 90
       50
102
RTVSPost2010PropOp50
 70
     1
102
RTVSPost2010Prop51ColorIndex
 90
      256
102
RTVSPost2010Prop51ColorRGB
 90
-16777216
102
RTVSPost2010PropOp51
 70
     0
102
RTVSPost2010Prop52
140
1.0
102
RTVSPost2010PropOp52
 70
     0
102
RTVSPost2010Prop53
 90
        2
102
RTVSPost2010PropOp53
 70
     1
102
RTVSPost2010Prop54
  1
strokes_ogs.tif
102
RTVSPost2010PropOp54
 70
     1
102
RTVSPost2010Prop55
280
     0
102
RTVSPost2010PropOp55
 70
     1
102
RTVSPost2010Prop56
140
1.0
102
RTVSPost2010PropOp56
 70
     1
102
RTVSPost2010Prop57
140
1.0
102
RTVSPost2010PropOp57
 70
     1
  0
XRECORD
  5
10201
102
{ACAD_REACTORS
330
10200
102
}
330
10200
100
AcDbXrecord
280
     1
102
RTVSPost2010Prop28
280
     0
102
RTVSPost2010PropOp28
 70
     1
102
RTVSPost2010Prop29
280
     1
102
RTVSPost2010PropOp29
 70
     1
102
RTVSPost2010Prop30
280
     1
102
RTVSPost2010PropOp30
 70
     1
102
RTVSPost2010Prop31
280
     0
102
RTVSPost2010PropOp31
 70
     1
102
RTVSPost2010Prop32
280
     0
102
RTVSPost2010PropOp32
 70
     1
102
RTVSPost2010Prop33
280
     0
102
RTVSPost2010PropOp33
 70
     1
102
RTVSPost2010Prop34
280
     0
102
RTVSPost2010PropOp34
 70
     1
102
RTVSPost2010Prop35
280
     0
102
RTVSPost2010PropOp35
 70
     1
102
RTVSPost2010Prop36
280
     0
102
RTVSPost2010PropOp36
 70
     1
102
RTVSPost2010Prop37
 90
       50
102
RTVSPost2010PropOp37
 70
     1
102
RTVSPost2010Prop38
140
0.0
102
RTVSPost2010PropOp38
 70
     1
102
RTVSPost2010Prop39
140
1.0
102
RTVSPost2010PropOp39
 70
     1
102
RTVSPost2010Prop40
 90
        0
102
RTVSPost2010PropOp40
 70
     1
102
RTVSPost2010Prop41ColorIndex
 90
       18
102
RTVSPost2010Prop41ColorRGB
 90
        0
102
RTVSPost2010PropOp41
 70
     1
102
RTVSPost2010Prop42
 90
       50
102
RTVSPost2010PropOp42
 70
     1
102
RTVSPost2010Prop43
 90
        3
102
RTVSPost2010PropOp43
 70
     1
102
RTVSPost2010Prop44ColorIndex
 90
        5
102
RTVSPost2010Prop44ColorRGB
 90
      255
102
RTVSPost2010PropOp44
 70
     1
102
RTVSPost2010Prop45
280
     0
102
RTVSPost2010PropOp45
 70
     1
102
RTVSPost2010Prop46
 90
       50
102
RTVSPost2010PropOp46
 70
     1
102
RTVSPost2010Prop47
 90
       50
102
RTVSPost2010PropOp47
 70
     1
102
RTVSPost2010Prop48
 90
       50
102
RTVSPost2010PropOp48
 70
     1
102
RTVSPost2010Prop49
280
     0
102
RTVSPost2010PropOp49
 70
     1
102
RTVSPost2010Prop50
 90
       50
102
RTVSPost2010PropOp50
 70
     1
102
RTVSPost2010Prop51ColorIndex
 90
      256
102
RTVSPost2010Prop51ColorRGB
 90
-16777216
102
RTVSPost2010PropOp51
 70
     0
102
RTVSPost2010Prop52
140
1.0
102
RTVSPost2010PropOp52
 70
     0
102
RTVSPost2010Prop53
 90
        2
102
RTVSPost2010PropOp53
 70
     1
102
RTVSPost2010Prop54
  1
strokes_ogs.tif
102
RTVSPost2010PropOp54
 70
     1
102
RTVSPost2010Prop55
280
     0
102
RTVSPost2010PropOp55
 70
     1
102
RTVSPost2010Prop56
140
1.0
102
RTVSPost2010PropOp56
 70
     1
102
RTVSPost2010Prop57
140
1.0
102
RTVSPost2010PropOp57
 70
     1
  0
XRECORD
  5
1021D
102
{ACAD_REACTORS
330
1021C
102
}
330
1021C
100
AcDbXrecord
280
     1
102
RTVSPost2010Prop28
280
     0
102
RTVSPost2010PropOp28
 70
     1
102
RTVSPost2010Prop29
280
     1
102
RTVSPost2010PropOp29
 70
     1
102
RTVSPost2010Prop30
280
     1
102
RTVSPost2010PropOp30
 70
     1
102
RTVSPost2010Prop31
280
     0
102
RTVSPost2010PropOp31
 70
     1
102
RTVSPost2010Prop32
280
     0
102
RTVSPost2010PropOp32
 70
     1
102
RTVSPost2010Prop33
280
     0
102
RTVSPost2010PropOp33
 70
     1
102
RTVSPost2010Prop34
280
     0
102
RTVSPost2010PropOp34
 70
     1
102
RTVSPost2010Prop35
280
     0
102
RTVSPost2010PropOp35
 70
     1
102
RTVSPost2010Prop36
280
     0
102
RTVSPost2010PropOp36
 70
     1
102
RTVSPost2010Prop37
 90
       50
102
RTVSPost2010PropOp37
 70
     0
102
RTVSPost2010Prop38
140
0.0
102
RTVSPost2010PropOp38
 70
     0
102
RTVSPost2010Prop39
140
1.0
102
RTVSPost2010PropOp39
 70
     0
102
RTVSPost2010Prop40
 90
        0
102
RTVSPost2010PropOp40
 70
     0
102
RTVSPost2010Prop41ColorIndex
 90
       18
102
RTVSPost2010Prop41ColorRGB
 90
        0
102
RTVSPost2010PropOp41
 70
     0
102
RTVSPost2010Prop42
 90
       50
102
RTVSPost2010PropOp42
 70
     0
102
RTVSPost2010Prop43
 90
        3
102
RTVSPost2010PropOp43
 70
     0
102
RTVSPost2010Prop44ColorIndex
 90
        5
102
RTVSPost2010Prop44ColorRGB
 90
      255
102
RTVSPost2010PropOp44
 70
     0
102
RTVSPost2010Prop45
280
     0
102
RTVSPost2010PropOp45
 70
     1
102
RTVSPost2010Prop46
 90
       50
102
RTVSPost2010PropOp46
 70
     0
102
RTVSPost2010Prop47
 90
       50
102
RTVSPost2010PropOp47
 70
     0
102
RTVSPost2010Prop48
 90
       50
102
RTVSPost2010PropOp48
 70
     0
102
RTVSPost2010Prop49
280
     0
102
RTVSPost2010PropOp49
 70
     1
102
RTVSPost2010Prop50
 90
       50
102
RTVSPost2010PropOp50
 70
     0
102
RTVSPost2010Prop51ColorIndex
 90
      256
102
RTVSPost2010Prop51ColorRGB
 90
-16777216
102
RTVSPost2010PropOp51
 70
     0
102
RTVSPost2010Prop52
140
1.0
102
RTVSPost2010PropOp52
 70
     0
102
RTVSPost2010Prop53
 90
        2
102
RTVSPost2010PropOp53
 70
     0
102
RTVSPost2010Prop54
  1
strokes_ogs.tif
102
RTVSPost2010PropOp54
 70
     0
102
RTVSPost2010Prop55
280
     0
102
RTVSPost2010PropOp55
 70
     1
102
RTVSPost2010Prop56
140
1.0
102
RTVSPost2010PropOp56
 70
     0
102
RTVSPost2010Prop57
140
1.0
102
RTVSPost2010PropOp57
 70
     0
  0
XRECORD
  5
1020D
102
{ACAD_REACTORS
330
1020C
102
}
330
1020C
100
AcDbXrecord
280
     1
102
RTVSPost2010Prop28
280
     0
102
RTVSPost2010PropOp28
 70
     1
102
RTVSPost2010Prop29
280
     1
102
RTVSPost2010PropOp29
 70
     1
102
RTVSPost2010Prop30
280
     1
102
RTVSPost2010PropOp30
 70
     1
102
RTVSPost2010Prop31
280
     0
102
RTVSPost2010PropOp31
 70
     1
102
RTVSPost2010Prop32
280
     0
102
RTVSPost2010PropOp32
 70
     1
102
RTVSPost2010Prop33
280
     0
102
RTVSPost2010PropOp33
 70
     1
102
RTVSPost2010Prop34
280
     0
102
RTVSPost2010PropOp34
 70
     1
102
RTVSPost2010Prop35
280
     0
102
RTVSPost2010PropOp35
 70
     1
102
RTVSPost2010Prop36
280
     0
102
RTVSPost2010PropOp36
 70
     1
102
RTVSPost2010Prop37
 90
       50
102
RTVSPost2010PropOp37
 70
     1
102
RTVSPost2010Prop38
140
0.0
102
RTVSPost2010PropOp38
 70
     1
102
RTVSPost2010Prop39
140
1.0
102
RTVSPost2010PropOp39
 70
     1
102
RTVSPost2010Prop40
 90
        0
102
RTVSPost2010PropOp40
 70
     1
102
RTVSPost2010Prop41ColorIndex
 90
       18
102
RTVSPost2010Prop41ColorRGB
 90
        0
102
RTVSPost2010PropOp41
 70
     1
102
RTVSPost2010Prop42
 90
       50
102
RTVSPost2010PropOp42
 70
     1
102
RTVSPost2010Prop43
 90
        3
102
RTVSPost2010PropOp43
 70
     1
102
RTVSPost2010Prop44ColorIndex
 90
        5
102
RTVSPost2010Prop44ColorRGB
 90
      255
102
RTVSPost2010PropOp44
 70
     1
102
RTVSPost2010Prop45
280
     0
102
RTVSPost2010PropOp45
 70
     1
102
RTVSPost2010Prop46
 90
       50
102
RTVSPost2010PropOp46
 70
     1
102
RTVSPost2010Prop47
 90
       50
102
RTVSPost2010PropOp47
 70
     1
102
RTVSPost2010Prop48
 90
       50
102
RTVSPost2010PropOp48
 70
     1
102
RTVSPost2010Prop49
280
     0
102
RTVSPost2010PropOp49
 70
     1
102
RTVSPost2010Prop50
 90
       50
102
RTVSPost2010PropOp50
 70
     1
102
RTVSPost2010Prop51ColorIndex
 90
      256
102
RTVSPost2010Prop51ColorRGB
 90
-16777216
102
RTVSPost2010PropOp51
 70
     0
102
RTVSPost2010Prop52
140
1.0
102
RTVSPost2010PropOp52
 70
     0
102
RTVSPost2010Prop53
 90
        2
102
RTVSPost2010PropOp53
 70
     1
102
RTVSPost2010Prop54
  1
strokes_ogs.tif
102
RTVSPost2010PropOp54
 70
     1
102
RTVSPost2010Prop55
280
     0
102
RTVSPost2010PropOp55
 70
     1
102
RTVSPost2010Prop56
140
1.0
102
RTVSPost2010PropOp56
 70
     1
102
RTVSPost2010Prop57
140
1.0
102
RTVSPost2010PropOp57
 70
     1
  0
XRECORD
  5
1021F
102
{ACAD_REACTORS
330
1021E
102
}
330
1021E
100
AcDbXrecord
280
     1
102
RTVSPost2010Prop28
280
     0
102
RTVSPost2010PropOp28
 70
     1
102
RTVSPost2010Prop29
280
     1
102
RTVSPost2010PropOp29
 70
     1
102
RTVSPost2010Prop30
280
     1
102
RTVSPost2010PropOp30
 70
     1
102
RTVSPost2010Prop31
280
     0
102
RTVSPost2010PropOp31
 70
     1
102
RTVSPost2010Prop32
280
     0
102
RTVSPost2010PropOp32
 70
     1
102
RTVSPost2010Prop33
280
     0
102
RTVSPost2010PropOp33
 70
     1
102
RTVSPost2010Prop34
280
     0
102
RTVSPost2010PropOp34
 70
     1
102
RTVSPost2010Prop35
280
     0
102
RTVSPost2010PropOp35
 70
     1
102
RTVSPost2010Prop36
280
     0
102
RTVSPost2010PropOp36
 70
     1
102
RTVSPost2010Prop37
 90
       50
102
RTVSPost2010PropOp37
 70
     0
102
RTVSPost2010Prop38
140
0.0
102
RTVSPost2010PropOp38
 70
     0
102
RTVSPost2010Prop39
140
1.0
102
RTVSPost2010PropOp39
 70
     0
102
RTVSPost2010Prop40
 90
        0
102
RTVSPost2010PropOp40
 70
     0
102
RTVSPost2010Prop41ColorIndex
 90
       18
102
RTVSPost2010Prop41ColorRGB
 90
        0
102
RTVSPost2010PropOp41
 70
     0
102
RTVSPost2010Prop42
 90
       50
102
RTVSPost2010PropOp42
 70
     0
102
RTVSPost2010Prop43
 90
        3
102
RTVSPost2010PropOp43
 70
     0
102
RTVSPost2010Prop44ColorIndex
 90
        5
102
RTVSPost2010Prop44ColorRGB
 90
      255
102
RTVSPost2010PropOp44
 70
     0
102
RTVSPost2010Prop45
280
     0
102
RTVSPost2010PropOp45
 70
     1
102
RTVSPost2010Prop46
 90
       50
102
RTVSPost2010PropOp46
 70
     0
102
RTVSPost2010Prop47
 90
       50
102
RTVSPost2010PropOp47
 70
     0
102
RTVSPost2010Prop48
 90
       50
102
RTVSPost2010PropOp48
 70
     0
102
RTVSPost2010Prop49
280
     0
102
RTVSPost2010PropOp49
 70
     1
102
RTVSPost2010Prop50
 90
       50
102
RTVSPost2010PropOp50
 70
     0
102
RTVSPost2010Prop51ColorIndex
 90
      256
102
RTVSPost2010Prop51ColorRGB
 90
-16777216
102
RTVSPost2010PropOp51
 70
     0
102
RTVSPost2010Prop52
140
1.0
102
RTVSPost2010PropOp52
 70
     0
102
RTVSPost2010Prop53
 90
        2
102
RTVSPost2010PropOp53
 70
     0
102
RTVSPost2010Prop54
  1
strokes_ogs.tif
102
RTVSPost2010PropOp54
 70
     0
102
RTVSPost2010Prop55
280
     0
102
RTVSPost2010PropOp55
 70
     1
102
RTVSPost2010Prop56
140
1.0
102
RTVSPost2010PropOp56
 70
     0
102
RTVSPost2010Prop57
140
1.0
102
RTVSPost2010PropOp57
 70
     0
  0
XRECORD
  5
10205
102
{ACAD_REACTORS
330
10204
102
}
330
10204
100
AcDbXrecord
280
     1
102
RTVSPost2010Prop28
280
     0
102
RTVSPost2010PropOp28
 70
     1
102
RTVSPost2010Prop29
280
     1
102
RTVSPost2010PropOp29
 70
     1
102
RTVSPost2010Prop30
280
     1
102
RTVSPost2010PropOp30
 70
     1
102
RTVSPost2010Prop31
280
     0
102
RTVSPost2010PropOp31
 70
     1
102
RTVSPost2010Prop32
280
     0
102
RTVSPost2010PropOp32
 70
     1
102
RTVSPost2010Prop33
280
     0
102
RTVSPost2010PropOp33
 70
     1
102
RTVSPost2010Prop34
280
     0
102
RTVSPost2010PropOp34
 70
     1
102
RTVSPost2010Prop35
280
     0
102
RTVSPost2010PropOp35
 70
     1
102
RTVSPost2010Prop36
280
     0
102
RTVSPost2010PropOp36
 70
     1
102
RTVSPost2010Prop37
 90
       50
102
RTVSPost2010PropOp37
 70
     1
102
RTVSPost2010Prop38
140
0.0
102
RTVSPost2010PropOp38
 70
     1
102
RTVSPost2010Prop39
140
1.0
102
RTVSPost2010PropOp39
 70
     1
102
RTVSPost2010Prop40
 90
        0
102
RTVSPost2010PropOp40
 70
     1
102
RTVSPost2010Prop41ColorIndex
 90
       18
102
RTVSPost2010Prop41ColorRGB
 90
        0
102
RTVSPost2010PropOp41
 70
     1
102
RTVSPost2010Prop42
 90
       50
102
RTVSPost2010PropOp42
 70
     1
102
RTVSPost2010Prop43
 90
        3
102
RTVSPost2010PropOp43
 70
     1
102
RTVSPost2010Prop44ColorIndex
 90
        5
102
RTVSPost2010Prop44ColorRGB
 90
      255
102
RTVSPost2010PropOp44
 70
     1
102
RTVSPost2010Prop45
280
     0
102
RTVSPost2010PropOp45
 70
     1
102
RTVSPost2010Prop46
 90
       50
102
RTVSPost2010PropOp46
 70
     1
102
RTVSPost2010Prop47
 90
       50
102
RTVSPost2010PropOp47
 70
     1
102
RTVSPost2010Prop48
 90
       50
102
RTVSPost2010PropOp48
 70
     1
102
RTVSPost2010Prop49
280
     0
102
RTVSPost2010PropOp49
 70
     1
102
RTVSPost2010Prop50
 90
       50
102
RTVSPost2010PropOp50
 70
     1
102
RTVSPost2010Prop51ColorIndex
 90
      256
102
RTVSPost2010Prop51ColorRGB
 90
-16777216
102
RTVSPost2010PropOp51
 70
     0
102
RTVSPost2010Prop52
140
1.0
102
RTVSPost2010PropOp52
 70
     0
102
RTVSPost2010Prop53
 90
        2
102
RTVSPost2010PropOp53
 70
     1
102
RTVSPost2010Prop54
  1
strokes_ogs.tif
102
RTVSPost2010PropOp54
 70
     1
102
RTVSPost2010Prop55
280
     0
102
RTVSPost2010PropOp55
 70
     1
102
RTVSPost2010Prop56
140
1.0
102
RTVSPost2010PropOp56
 70
     1
102
RTVSPost2010Prop57
140
1.0
102
RTVSPost2010PropOp57
 70
     1
  0
XRECORD
  5
1021B
102
{ACAD_REACTORS
330
1021A
102
}
330
1021A
100
AcDbXrecord
280
     1
102
RTVSPost2010Prop28
280
     0
102
RTVSPost2010PropOp28
 70
     1
102
RTVSPost2010Prop29
280
     1
102
RTVSPost2010PropOp29
 70
     1
102
RTVSPost2010Prop30
280
     1
102
RTVSPost2010PropOp30
 70
     1
102
RTVSPost2010Prop31
280
     0
102
RTVSPost2010PropOp31
 70
     1
102
RTVSPost2010Prop32
280
     0
102
RTVSPost2010PropOp32
 70
     1
102
RTVSPost2010Prop33
280
     0
102
RTVSPost2010PropOp33
 70
     1
102
RTVSPost2010Prop34
280
     0
102
RTVSPost2010PropOp34
 70
     1
102
RTVSPost2010Prop35
280
     0
102
RTVSPost2010PropOp35
 70
     1
102
RTVSPost2010Prop36
280
     0
102
RTVSPost2010PropOp36
 70
     1
102
RTVSPost2010Prop37
 90
       50
102
RTVSPost2010PropOp37
 70
     1
102
RTVSPost2010Prop38
140
0.0
102
RTVSPost2010PropOp38
 70
     1
102
RTVSPost2010Prop39
140
1.0
102
RTVSPost2010PropOp39
 70
     1
102
RTVSPost2010Prop40
 90
        0
102
RTVSPost2010PropOp40
 70
     1
102
RTVSPost2010Prop41ColorIndex
 90
       18
102
RTVSPost2010Prop41ColorRGB
 90
        0
102
RTVSPost2010PropOp41
 70
     1
102
RTVSPost2010Prop42
 90
       50
102
RTVSPost2010PropOp42
 70
     1
102
RTVSPost2010Prop43
 90
        3
102
RTVSPost2010PropOp43
 70
     1
102
RTVSPost2010Prop44ColorIndex
 90
        5
102
RTVSPost2010Prop44ColorRGB
 90
      255
102
RTVSPost2010PropOp44
 70
     1
102
RTVSPost2010Prop45
280
     0
102
RTVSPost2010PropOp45
 70
     1
102
RTVSPost2010Prop46
 90
       50
102
RTVSPost2010PropOp46
 70
     1
102
RTVSPost2010Prop47
 90
       50
102
RTVSPost2010PropOp47
 70
     1
102
RTVSPost2010Prop48
 90
       50
102
RTVSPost2010PropOp48
 70
     1
102
RTVSPost2010Prop49
280
     0
102
RTVSPost2010PropOp49
 70
     1
102
RTVSPost2010Prop50
 90
       50
102
RTVSPost2010PropOp50
 70
     1
102
RTVSPost2010Prop51ColorIndex
 90
      256
102
RTVSPost2010Prop51ColorRGB
 90
-16777216
102
RTVSPost2010PropOp51
 70
     0
102
RTVSPost2010Prop52
140
1.0
102
RTVSPost2010PropOp52
 70
     0
102
RTVSPost2010Prop53
 90
        2
102
RTVSPost2010PropOp53
 70
     1
102
RTVSPost2010Prop54
  1
strokes_ogs.tif
102
RTVSPost2010PropOp54
 70
     1
102
RTVSPost2010Prop55
280
     0
102
RTVSPost2010PropOp55
 70
     1
102
RTVSPost2010Prop56
140
1.0
102
RTVSPost2010PropOp56
 70
     1
102
RTVSPost2010Prop57
140
1.0
102
RTVSPost2010PropOp57
 70
     1
  0
XRECORD
  5
10219
102
{ACAD_REACTORS
330
10218
102
}
330
10218
100
AcDbXrecord
280
     1
102
RTVSPost2010Prop28
280
     0
102
RTVSPost2010PropOp28
 70
     1
102
RTVSPost2010Prop29
280
     1
102
RTVSPost2010PropOp29
 70
     1
102
RTVSPost2010Prop30
280
     1
102
RTVSPost2010PropOp30
 70
     1
102
RTVSPost2010Prop31
280
     0
102
RTVSPost2010PropOp31
 70
     1
102
RTVSPost2010Prop32
280
     0
102
RTVSPost2010PropOp32
 70
     1
102
RTVSPost2010Prop33
280
     0
102
RTVSPost2010PropOp33
 70
     1
102
RTVSPost2010Prop34
280
     0
102
RTVSPost2010PropOp34
 70
     1
102
RTVSPost2010Prop35
280
     0
102
RTVSPost2010PropOp35
 70
     1
102
RTVSPost2010Prop36
280
     0
102
RTVSPost2010PropOp36
 70
     1
102
RTVSPost2010Prop37
 90
       50
102
RTVSPost2010PropOp37
 70
     1
102
RTVSPost2010Prop38
140
0.0
102
RTVSPost2010PropOp38
 70
     1
102
RTVSPost2010Prop39
140
1.0
102
RTVSPost2010PropOp39
 70
     1
102
RTVSPost2010Prop40
 90
        0
102
RTVSPost2010PropOp40
 70
     1
102
RTVSPost2010Prop41ColorIndex
 90
       18
102
RTVSPost2010Prop41ColorRGB
 90
        0
102
RTVSPost2010PropOp41
 70
     1
102
RTVSPost2010Prop42
 90
       50
102
RTVSPost2010PropOp42
 70
     1
102
RTVSPost2010Prop43
 90
        3
102
RTVSPost2010PropOp43
 70
     1
102
RTVSPost2010Prop44ColorIndex
 90
        5
102
RTVSPost2010Prop44ColorRGB
 90
      255
102
RTVSPost2010PropOp44
 70
     1
102
RTVSPost2010Prop45
280
     0
102
RTVSPost2010PropOp45
 70
     1
102
RTVSPost2010Prop46
 90
       50
102
RTVSPost2010PropOp46
 70
     1
102
RTVSPost2010Prop47
 90
       50
102
RTVSPost2010PropOp47
 70
     1
102
RTVSPost2010Prop48
 90
       50
102
RTVSPost2010PropOp48
 70
     1
102
RTVSPost2010Prop49
280
     0
102
RTVSPost2010PropOp49
 70
     1
102
RTVSPost2010Prop50
 90
       50
102
RTVSPost2010PropOp50
 70
     1
102
RTVSPost2010Prop51ColorIndex
 90
      256
102
RTVSPost2010Prop51ColorRGB
 90
-16777216
102
RTVSPost2010PropOp51
 70
     0
102
RTVSPost2010Prop52
140
1.0
102
RTVSPost2010PropOp52
 70
     0
102
RTVSPost2010Prop53
 90
        2
102
RTVSPost2010PropOp53
 70
     1
102
RTVSPost2010Prop54
  1
strokes_ogs.tif
102
RTVSPost2010PropOp54
 70
     1
102
RTVSPost2010Prop55
280
     0
102
RTVSPost2010PropOp55
 70
     1
102
RTVSPost2010Prop56
140
1.0
102
RTVSPost2010PropOp56
 70
     1
102
RTVSPost2010Prop57
140
1.0
102
RTVSPost2010PropOp57
 70
     1
  0
XRECORD
  5
10213
102
{ACAD_REACTORS
330
10212
102
}
330
10212
100
AcDbXrecord
280
     1
102
RTVSPost2010Prop28
280
     0
102
RTVSPost2010PropOp28
 70
     1
102
RTVSPost2010Prop29
280
     1
102
RTVSPost2010PropOp29
 70
     1
102
RTVSPost2010Prop30
280
     1
102
RTVSPost2010PropOp30
 70
     1
102
RTVSPost2010Prop31
280
     0
102
RTVSPost2010PropOp31
 70
     1
102
RTVSPost2010Prop32
280
     0
102
RTVSPost2010PropOp32
 70
     1
102
RTVSPost2010Prop33
280
     0
102
RTVSPost2010PropOp33
 70
     1
102
RTVSPost2010Prop34
280
     0
102
RTVSPost2010PropOp34
 70
     1
102
RTVSPost2010Prop35
280
     0
102
RTVSPost2010PropOp35
 70
     1
102
RTVSPost2010Prop36
280
     0
102
RTVSPost2010PropOp36
 70
     1
102
RTVSPost2010Prop37
 90
       50
102
RTVSPost2010PropOp37
 70
     1
102
RTVSPost2010Prop38
140
0.0
102
RTVSPost2010PropOp38
 70
     1
102
RTVSPost2010Prop39
140
1.0
102
RTVSPost2010PropOp39
 70
     1
102
RTVSPost2010Prop40
 90
        0
102
RTVSPost2010PropOp40
 70
     1
102
RTVSPost2010Prop41ColorIndex
 90
       18
102
RTVSPost2010Prop41ColorRGB
 90
        0
102
RTVSPost2010PropOp41
 70
     1
102
RTVSPost2010Prop42
 90
       50
102
RTVSPost2010PropOp42
 70
     1
102
RTVSPost2010Prop43
 90
        3
102
RTVSPost2010PropOp43
 70
     1
102
RTVSPost2010Prop44ColorIndex
 90
        5
102
RTVSPost2010Prop44ColorRGB
 90
      255
102
RTVSPost2010PropOp44
 70
     1
102
RTVSPost2010Prop45
280
     0
102
RTVSPost2010PropOp45
 70
     1
102
RTVSPost2010Prop46
 90
       50
102
RTVSPost2010PropOp46
 70
     1
102
RTVSPost2010Prop47
 90
       50
102
RTVSPost2010PropOp47
 70
     1
102
RTVSPost2010Prop48
 90
       50
102
RTVSPost2010PropOp48
 70
     1
102
RTVSPost2010Prop49
280
     0
102
RTVSPost2010PropOp49
 70
     1
102
RTVSPost2010Prop50
 90
       50
102
RTVSPost2010PropOp50
 70
     1
102
RTVSPost2010Prop51ColorIndex
 90
      256
102
RTVSPost2010Prop51ColorRGB
 90
-16777216
102
RTVSPost2010PropOp51
 70
     0
102
RTVSPost2010Prop52
140
1.0
102
RTVSPost2010PropOp52
 70
     0
102
RTVSPost2010Prop53
 90
        2
102
RTVSPost2010PropOp53
 70
     1
102
RTVSPost2010Prop54
  1
strokes_ogs.tif
102
RTVSPost2010PropOp54
 70
     1
102
RTVSPost2010Prop55
280
     0
102
RTVSPost2010PropOp55
 70
     1
102
RTVSPost2010Prop56
140
1.0
102
RTVSPost2010PropOp56
 70
     1
102
RTVSPost2010Prop57
140
1.0
102
RTVSPost2010PropOp57
 70
     1
  0
XRECORD
  5
10215
102
{ACAD_REACTORS
330
10214
102
}
330
10214
100
AcDbXrecord
280
     1
102
RTVSPost2010Prop28
280
     0
102
RTVSPost2010PropOp28
 70
     1
102
RTVSPost2010Prop29
280
     1
102
RTVSPost2010PropOp29
 70
     1
102
RTVSPost2010Prop30
280
     1
102
RTVSPost2010PropOp30
 70
     1
102
RTVSPost2010Prop31
280
     0
102
RTVSPost2010PropOp31
 70
     1
102
RTVSPost2010Prop32
280
     0
102
RTVSPost2010PropOp32
 70
     1
102
RTVSPost2010Prop33
280
     0
102
RTVSPost2010PropOp33
 70
     1
102
RTVSPost2010Prop34
280
     0
102
RTVSPost2010PropOp34
 70
     1
102
RTVSPost2010Prop35
280
     0
102
RTVSPost2010PropOp35
 70
     1
102
RTVSPost2010Prop36
280
     0
102
RTVSPost2010PropOp36
 70
     1
102
RTVSPost2010Prop37
 90
       50
102
RTVSPost2010PropOp37
 70
     1
102
RTVSPost2010Prop38
140
0.0
102
RTVSPost2010PropOp38
 70
     1
102
RTVSPost2010Prop39
140
1.0
102
RTVSPost2010PropOp39
 70
     1
102
RTVSPost2010Prop40
 90
        0
102
RTVSPost2010PropOp40
 70
     1
102
RTVSPost2010Prop41ColorIndex
 90
       18
102
RTVSPost2010Prop41ColorRGB
 90
        0
102
RTVSPost2010PropOp41
 70
     1
102
RTVSPost2010Prop42
 90
       50
102
RTVSPost2010PropOp42
 70
     1
102
RTVSPost2010Prop43
 90
        3
102
RTVSPost2010PropOp43
 70
     1
102
RTVSPost2010Prop44ColorIndex
 90
        5
102
RTVSPost2010Prop44ColorRGB
 90
      255
102
RTVSPost2010PropOp44
 70
     1
102
RTVSPost2010Prop45
280
     0
102
RTVSPost2010PropOp45
 70
     1
102
RTVSPost2010Prop46
 90
       50
102
RTVSPost2010PropOp46
 70
     1
102
RTVSPost2010Prop47
 90
       50
102
RTVSPost2010PropOp47
 70
     1
102
RTVSPost2010Prop48
 90
       50
102
RTVSPost2010PropOp48
 70
     1
102
RTVSPost2010Prop49
280
     0
102
RTVSPost2010PropOp49
 70
     1
102
RTVSPost2010Prop50
 90
       50
102
RTVSPost2010PropOp50
 70
     1
102
RTVSPost2010Prop51ColorIndex
 90
      256
102
RTVSPost2010Prop51ColorRGB
 90
-16777216
102
RTVSPost2010PropOp51
 70
     0
102
RTVSPost2010Prop52
140
1.0
102
RTVSPost2010PropOp52
 70
     0
102
RTVSPost2010Prop53
 90
        2
102
RTVSPost2010PropOp53
 70
     1
102
RTVSPost2010Prop54
  1
strokes_ogs.tif
102
RTVSPost2010PropOp54
 70
     1
102
RTVSPost2010Prop55
280
     0
102
RTVSPost2010PropOp55
 70
     1
102
RTVSPost2010Prop56
140
1.0
102
RTVSPost2010PropOp56
 70
     1
102
RTVSPost2010Prop57
140
1.0
102
RTVSPost2010PropOp57
 70
     1
  0
XRECORD
  5
1020B
102
{ACAD_REACTORS
330
1020A
102
}
330
1020A
100
AcDbXrecord
280
     1
102
RTVSPost2010Prop28
280
     0
102
RTVSPost2010PropOp28
 70
     1
102
RTVSPost2010Prop29
280
     1
102
RTVSPost2010PropOp29
 70
     1
102
RTVSPost2010Prop30
280
     1
102
RTVSPost2010PropOp30
 70
     1
102
RTVSPost2010Prop31
280
     0
102
RTVSPost2010PropOp31
 70
     1
102
RTVSPost2010Prop32
280
     0
102
RTVSPost2010PropOp32
 70
     1
102
RTVSPost2010Prop33
280
     0
102
RTVSPost2010PropOp33
 70
     1
102
RTVSPost2010Prop34
280
     0
102
RTVSPost2010PropOp34
 70
     1
102
RTVSPost2010Prop35
280
     0
102
RTVSPost2010PropOp35
 70
     1
102
RTVSPost2010Prop36
280
     0
102
RTVSPost2010PropOp36
 70
     1
102
RTVSPost2010Prop37
 90
       50
102
RTVSPost2010PropOp37
 70
     1
102
RTVSPost2010Prop38
140
0.0
102
RTVSPost2010PropOp38
 70
     1
102
RTVSPost2010Prop39
140
1.0
102
RTVSPost2010PropOp39
 70
     1
102
RTVSPost2010Prop40
 90
        0
102
RTVSPost2010PropOp40
 70
     1
102
RTVSPost2010Prop41ColorIndex
 90
       18
102
RTVSPost2010Prop41ColorRGB
 90
        0
102
RTVSPost2010PropOp41
 70
     1
102
RTVSPost2010Prop42
 90
       50
102
RTVSPost2010PropOp42
 70
     1
102
RTVSPost2010Prop43
 90
        3
102
RTVSPost2010PropOp43
 70
     1
102
RTVSPost2010Prop44ColorIndex
 90
        5
102
RTVSPost2010Prop44ColorRGB
 90
      255
102
RTVSPost2010PropOp44
 70
     1
102
RTVSPost2010Prop45
280
     0
102
RTVSPost2010PropOp45
 70
     1
102
RTVSPost2010Prop46
 90
       50
102
RTVSPost2010PropOp46
 70
     1
102
RTVSPost2010Prop47
 90
       50
102
RTVSPost2010PropOp47
 70
     1
102
RTVSPost2010Prop48
 90
       50
102
RTVSPost2010PropOp48
 70
     1
102
RTVSPost2010Prop49
280
     0
102
RTVSPost2010PropOp49
 70
     1
102
RTVSPost2010Prop50
 90
       50
102
RTVSPost2010PropOp50
 70
     1
102
RTVSPost2010Prop51ColorIndex
 90
      256
102
RTVSPost2010Prop51ColorRGB
 90
-16777216
102
RTVSPost2010PropOp51
 70
     0
102
RTVSPost2010Prop52
140
1.0
102
RTVSPost2010PropOp52
 70
     0
102
RTVSPost2010Prop53
 90
        2
102
RTVSPost2010PropOp53
 70
     1
102
RTVSPost2010Prop54
  1
strokes_ogs.tif
102
RTVSPost2010PropOp54
 70
     1
102
RTVSPost2010Prop55
280
     0
102
RTVSPost2010PropOp55
 70
     1
102
RTVSPost2010Prop56
140
1.0
102
RTVSPost2010PropOp56
 70
     1
102
RTVSPost2010Prop57
140
1.0
102
RTVSPost2010PropOp57
 70
     1
  0
XRECORD
  5
101FF
102
{ACAD_REACTORS
330
101FE
102
}
330
101FE
100
AcDbXrecord
280
     1
102
RTVSPost2010Prop28
280
     0
102
RTVSPost2010PropOp28
 70
     1
102
RTVSPost2010Prop29
280
     1
102
RTVSPost2010PropOp29
 70
     1
102
RTVSPost2010Prop30
280
     1
102
RTVSPost2010PropOp30
 70
     1
102
RTVSPost2010Prop31
280
     0
102
RTVSPost2010PropOp31
 70
     1
102
RTVSPost2010Prop32
280
     0
102
RTVSPost2010PropOp32
 70
     1
102
RTVSPost2010Prop33
280
     0
102
RTVSPost2010PropOp33
 70
     1
102
RTVSPost2010Prop34
280
     0
102
RTVSPost2010PropOp34
 70
     1
102
RTVSPost2010Prop35
280
     0
102
RTVSPost2010PropOp35
 70
     1
102
RTVSPost2010Prop36
280
     0
102
RTVSPost2010PropOp36
 70
     1
102
RTVSPost2010Prop37
 90
       50
102
RTVSPost2010PropOp37
 70
     1
102
RTVSPost2010Prop38
140
0.0
102
RTVSPost2010PropOp38
 70
     1
102
RTVSPost2010Prop39
140
1.0
102
RTVSPost2010PropOp39
 70
     1
102
RTVSPost2010Prop40
 90
        0
102
RTVSPost2010PropOp40
 70
     1
102
RTVSPost2010Prop41ColorIndex
 90
       18
102
RTVSPost2010Prop41ColorRGB
 90
        0
102
RTVSPost2010PropOp41
 70
     1
102
RTVSPost2010Prop42
 90
       50
102
RTVSPost2010PropOp42
 70
     1
102
RTVSPost2010Prop43
 90
        3
102
RTVSPost2010PropOp43
 70
     1
102
RTVSPost2010Prop44ColorIndex
 90
        5
102
RTVSPost2010Prop44ColorRGB
 90
      255
102
RTVSPost2010PropOp44
 70
     1
102
RTVSPost2010Prop45
280
     0
102
RTVSPost2010PropOp45
 70
     1
102
RTVSPost2010Prop46
 90
       50
102
RTVSPost2010PropOp46
 70
     1
102
RTVSPost2010Prop47
 90
       50
102
RTVSPost2010PropOp47
 70
     1
102
RTVSPost2010Prop48
 90
       50
102
RTVSPost2010PropOp48
 70
     1
102
RTVSPost2010Prop49
280
     0
102
RTVSPost2010PropOp49
 70
     1
102
RTVSPost2010Prop50
 90
       50
102
RTVSPost2010PropOp50
 70
     1
102
RTVSPost2010Prop51ColorIndex
 90
      256
102
RTVSPost2010Prop51ColorRGB
 90
-16777216
102
RTVSPost2010PropOp51
 70
     0
102
RTVSPost2010Prop52
140
1.0
102
RTVSPost2010PropOp52
 70
     0
102
RTVSPost2010Prop53
 90
        2
102
RTVSPost2010PropOp53
 70
     1
102
RTVSPost2010Prop54
  1
strokes_ogs.tif
102
RTVSPost2010PropOp54
 70
     1
102
RTVSPost2010Prop55
280
     0
102
RTVSPost2010PropOp55
 70
     1
102
RTVSPost2010Prop56
140
1.0
102
RTVSPost2010PropOp56
 70
     1
102
RTVSPost2010Prop57
140
1.0
102
RTVSPost2010PropOp57
 70
     1
  0
XRECORD
  5
10217
102
{ACAD_REACTORS
330
10216
102
}
330
10216
100
AcDbXrecord
280
     1
102
RTVSPost2010Prop28
280
     0
102
RTVSPost2010PropOp28
 70
     1
102
RTVSPost2010Prop29
280
     1
102
RTVSPost2010PropOp29
 70
     1
102
RTVSPost2010Prop30
280
     1
102
RTVSPost2010PropOp30
 70
     1
102
RTVSPost2010Prop31
280
     0
102
RTVSPost2010PropOp31
 70
     1
102
RTVSPost2010Prop32
280
     0
102
RTVSPost2010PropOp32
 70
     1
102
RTVSPost2010Prop33
280
     0
102
RTVSPost2010PropOp33
 70
     1
102
RTVSPost2010Prop34
280
     0
102
RTVSPost2010PropOp34
 70
     1
102
RTVSPost2010Prop35
280
     0
102
RTVSPost2010PropOp35
 70
     1
102
RTVSPost2010Prop36
280
     0
102
RTVSPost2010PropOp36
 70
     1
102
RTVSPost2010Prop37
 90
       50
102
RTVSPost2010PropOp37
 70
     1
102
RTVSPost2010Prop38
140
0.0
102
RTVSPost2010PropOp38
 70
     1
102
RTVSPost2010Prop39
140
1.0
102
RTVSPost2010PropOp39
 70
     1
102
RTVSPost2010Prop40
 90
        0
102
RTVSPost2010PropOp40
 70
     1
102
RTVSPost2010Prop41ColorIndex
 90
       18
102
RTVSPost2010Prop41ColorRGB
 90
        0
102
RTVSPost2010PropOp41
 70
     1
102
RTVSPost2010Prop42
 90
       50
102
RTVSPost2010PropOp42
 70
     1
102
RTVSPost2010Prop43
 90
        3
102
RTVSPost2010PropOp43
 70
     1
102
RTVSPost2010Prop44ColorIndex
 90
        5
102
RTVSPost2010Prop44ColorRGB
 90
      255
102
RTVSPost2010PropOp44
 70
     1
102
RTVSPost2010Prop45
280
     0
102
RTVSPost2010PropOp45
 70
     1
102
RTVSPost2010Prop46
 90
       50
102
RTVSPost2010PropOp46
 70
     1
102
RTVSPost2010Prop47
 90
       50
102
RTVSPost2010PropOp47
 70
     1
102
RTVSPost2010Prop48
 90
       50
102
RTVSPost2010PropOp48
 70
     1
102
RTVSPost2010Prop49
280
     0
102
RTVSPost2010PropOp49
 70
     1
102
RTVSPost2010Prop50
 90
       50
102
RTVSPost2010PropOp50
 70
     1
102
RTVSPost2010Prop51ColorIndex
 90
      256
102
RTVSPost2010Prop51ColorRGB
 90
-16777216
102
RTVSPost2010PropOp51
 70
     0
102
RTVSPost2010Prop52
140
1.0
102
RTVSPost2010PropOp52
 70
     0
102
RTVSPost2010Prop53
 90
        2
102
RTVSPost2010PropOp53
 70
     1
102
RTVSPost2010Prop54
  1
strokes_ogs.tif
102
RTVSPost2010PropOp54
 70
     1
102
RTVSPost2010Prop55
280
     0
102
RTVSPost2010PropOp55
 70
     1
102
RTVSPost2010Prop56
140
1.0
102
RTVSPost2010PropOp56
 70
     1
102
RTVSPost2010Prop57
140
1.0
102
RTVSPost2010PropOp57
 70
     1
  0
ENDSEC
  0
EOF
