  0
SECTION
  2
HEADER
  9
$ACADVER
  1
AC1024
  9
$ACADMAINTVER
 70
   226
  9
$DWGCODEPAGE
  3
ANSI_949
  9
$LASTSAVEDBY
  1
junkibeom
  9
$INSBASE
 10
0.0
 20
0.0
 30
0.0
  9
$EXTMIN
 10
889.5998455779404
 20
-532.0733850035169
 30
0.0
  9
$EXTMAX
 10
1238.61984557794
 20
-402.573385003517
 30
0.0
  9
$LIMMIN
 10
0.0
 20
0.0
  9
$LIMMAX
 10
420.0
 20
297.0
  9
$ORTHOMODE
 70
     0
  9
$REGENMODE
 70
     1
  9
$FILLMODE
 70
     1
  9
$QTEXTMODE
 70
     0
  9
$MIRRTEXT
 70
     0
  9
$LTSCALE
 40
23.1
  9
$ATTMODE
 70
     1
  9
$TEXTSIZE
 40
0.2
  9
$TRACEWID
 40
0.05
  9
$TEXTSTYLE
  7
STANDARD
  9
$CLAYER
  8
0
  9
$CELTYPE
  6
BYLAYER
  9
$CECOLOR
 62
   256
  9
$CELTSCALE
 40
1.0
  9
$DISPSILH
 70
     0
  9
$DIMSCALE
 40
1.0
  9
$DIMASZ
 40
3.0
  9
$DIMEXO
 40
1.5
  9
$DIMDLI
 40
15.96
  9
$DIMRND
 40
0.0
  9
$DIMDLE
 40
0.0
  9
$DIMEXE
 40
2.0
  9
$DIMTP
 40
0.01
  9
$DIMTM
 40
0.01
  9
$DIMTXT
 40
6.0
  9
$DIMCEN
 40
3.779999999999999
  9
$DIMTSZ
 40
0.0
  9
$DIMTOL
 70
     0
  9
$DIMLIM
 70
     0
  9
$DIMTIH
 70
     1
  9
$DIMTOH
 70
     1
  9
$DIMSE1
 70
     0
  9
$DIMSE2
 70
     0
  9
$DIMTAD
 70
     0
  9
$DIMZIN
 70
     0
  9
$DIMBLK
  1

  9
$DIMASO
 70
     1
  9
$DIMSHO
 70
     1
  9
$DIMPOST
  1

  9
$DIMAPOST
  1

  9
$DIMALT
 70
     0
  9
$DIMALTD
 70
     2
  9
$DIMALTF
 40
0.0393700787
  9
$DIMLFAC
 40
1.0
  9
$DIMTOFL
 70
     0
  9
$DIMTVP
 40
0.0
  9
$DIMTIX
 70
     0
  9
$DIMSOXD
 70
     0
  9
$DIMSAH
 70
     0
  9
$DIMBLK1
  1

  9
$DIMBLK2
  1

  9
$DIMSTYLE
  2
STANDARD
  9
$DIMCLRD
 70
     0
  9
$DIMCLRE
 70
     0
  9
$DIMCLRT
 70
     0
  9
$DIMTFAC
 40
1.0
  9
$DIMGAP
 40
0.625
  9
$DIMJUST
 70
     0
  9
$DIMSD1
 70
     0
  9
$DIMSD2
 70
     0
  9
$DIMTOLJ
 70
     1
  9
$DIMTZIN
 70
     0
  9
$DIMALTZ
 70
     0
  9
$DIMALTTZ
 70
     0
  9
$DIMUPT
 70
     0
  9
$DIMDEC
 70
     2
  9
$DIMTDEC
 70
     2
  9
$DIMALTU
 70
     2
  9
$DIMALTTD
 70
     2
  9
$DIMTXSTY
  7
STANDARD
  9
$DIMAUNIT
 70
     0
  9
$DIMADEC
 70
     0
  9
$DIMALTRND
 40
0.0
  9
$DIMAZIN
 70
     0
  9
$DIMDSEP
 70
    46
  9
$DIMATFIT
 70
     3
  9
$DIMFRAC
 70
     0
  9
$DIMLDRBLK
  1

  9
$DIMLUNIT
 70
     2
  9
$DIMLWD
 70
    -2
  9
$DIMLWE
 70
    -2
  9
$DIMTMOVE
 70
     0
  9
$DIMFXL
 40
1.0
  9
$DIMFXLON
 70
     0
  9
$DIMJOGANG
 40
0.7853981633974483
  9
$DIMTFILL
 70
     0
  9
$DIMTFILLCLR
 70
     0
  9
$DIMARCSYM
 70
     0
  9
$DIMLTYPE
  6

  9
$DIMLTEX1
  6

  9
$DIMLTEX2
  6

  9
$DIMTXTDIRECTION
 70
     0
  9
$LUNITS
 70
     2
  9
$LUPREC
 70
     4
  9
$SKETCHINC
 40
0.1
  9
$FILLETRAD
 40
0.5
  9
$AUNITS
 70
     0
  9
$AUPREC
 70
     0
  9
$MENU
  1
.
  9
$ELEVATION
 40
0.0
  9
$PELEVATION
 40
0.0
  9
$THICKNESS
 40
0.0
  9
$LIMCHECK
 70
     0
  9
$CHAMFERA
 40
0.0
  9
$CHAMFERB
 40
0.0
  9
$CHAMFERC
 40
0.0
  9
$CHAMFERD
 40
0.0
  9
$SKPOLY
 70
     0
  9
$TDCREATE
 40
2459369.851990741
  9
$TDUCREATE
 40
2459369.477001632
  9
$TDUPDATE
 40
2461263.954988426
  9
$TDUUPDATE
 40
2461263.579988426
  9
$TDINDWG
 40
1.7326099421
  9
$TDUSRTIMER
 40
1.7326099421
  9
$USRTIMER
 70
     1
  9
$ANGBASE
 50
0.0
  9
$ANGDIR
 70
     0
  9
$PDMODE
 70
     3
  9
$PDSIZE
 40
0.3
  9
$PLINEWID
 40
0.0
  9
$SPLFRAME
 70
     0
  9
$SPLINETYPE
 70
     6
  9
$SPLINESEGS
 70
     8
  9
$HANDSEED
  5
BE42
  9
$SURFTAB1
 70
     6
  9
$SURFTAB2
 70
     6
  9
$SURFTYPE
 70
     6
  9
$SURFU
 70
     6
  9
$SURFV
 70
     6
  9
$UCSBASE
  2

  9
$UCSNAME
  2

  9
$UCSORG
 10
0.0
 20
0.0
 30
0.0
  9
$UCSXDIR
 10
1.0
 20
0.0
 30
0.0
  9
$UCSYDIR
 10
0.0
 20
1.0
 30
0.0
  9
$UCSORTHOREF
  2

  9
$UCSORTHOVIEW
 70
     0
  9
$UCSORGTOP
 10
0.0
 20
0.0
 30
0.0
  9
$UCSORGBOTTOM
 10
0.0
 20
0.0
 30
0.0
  9
$UCSORGLEFT
 10
0.0
 20
0.0
 30
0.0
  9
$UCSORGRIGHT
 10
0.0
 20
0.0
 30
0.0
  9
$UCSORGFRONT
 10
0.0
 20
0.0
 30
0.0
  9
$UCSORGBACK
 10
0.0
 20
0.0
 30
0.0
  9
$PUCSBASE
  2

  9
$PUCSNAME
  2

  9
$PUCSORG
 10
0.0
 20
0.0
 30
0.0
  9
$PUCSXDIR
 10
1.0
 20
0.0
 30
0.0
  9
$PUCSYDIR
 10
0.0
 20
1.0
 30
0.0
  9
$PUCSORTHOREF
  2

  9
$PUCSORTHOVIEW
 70
     0
  9
$PUCSORGTOP
 10
0.0
 20
0.0
 30
0.0
  9
$PUCSORGBOTTOM
 10
0.0
 20
0.0
 30
0.0
  9
$PUCSORGLEFT
 10
0.0
 20
0.0
 30
0.0
  9
$PUCSORGRIGHT
 10
0.0
 20
0.0
 30
0.0
  9
$PUCSORGFRONT
 10
0.0
 20
0.0
 30
0.0
  9
$PUCSORGBACK
 10
0.0
 20
0.0
 30
0.0
  9
$USERI1
 70
     0
  9
$USERI2
 70
     0
  9
$USERI3
 70
     0
  9
$USERI4
 70
     0
  9
$USERI5
 70
     0
  9
$USERR1
 40
0.0
  9
$USERR2
 40
0.0
  9
$USERR3
 40
0.0
  9
$USERR4
 40
0.0
  9
$USERR5
 40
0.0
  9
$WORLDVIEW
 70
     1
  9
$SHADEDGE
 70
     3
  9
$SHADEDIF
 70
    70
  9
$TILEMODE
 70
     1
  9
$MAXACTVP
 70
    64
  9
$PINSBASE
 10
0.0
 20
0.0
 30
0.0
  9
$PLIMCHECK
 70
     0
  9
$PEXTMIN
 10
1.000000000000000E+20
 20
1.000000000000000E+20
 30
1.000000000000000E+20
  9
$PEXTMAX
 10
-1.000000000000000E+20
 20
-1.000000000000000E+20
 30
-1.000000000000000E+20
  9
$PLIMMIN
 10
0.0
 20
0.0
  9
$PLIMMAX
 10
12.0
 20
9.0
  9
$UNITMODE
 70
     0
  9
$VISRETAIN
 70
     1
  9
$PLINEGEN
 70
     0
  9
$PSLTSCALE
 70
     1
  9
$TREEDEPTH
 70
  3020
  9
$CMLSTYLE
  2
Standard
  9
$CMLJUST
 70
     0
  9
$CMLSCALE
 40
1.0
  9
$PROXYGRAPHICS
 70
     1
  9
$MEASUREMENT
 70
     1
  9
$CELWEIGHT
370
    -1
  9
$ENDCAPS
280
     0
  9
$JOINSTYLE
280
     0
  9
$LWDISPLAY
290
     0
  9
$INSUNITS
 70
     4
  9
$HYPERLINKBASE
  1

  9
$STYLESHEET
  1

  9
$XEDIT
290
     1
  9
$CEPSNTYPE
380
     0
  9
$PSTYLEMODE
290
     1
  9
$FINGERPRINTGUID
  2
{075D6FB8-834B-4E06-AF57-F48C126C4530}
  9
$VERSIONGUID
  2
{B746648D-37B9-8343-A263-76BBA977D4C5}
  9
$EXTNAMES
290
     1
  9
$PSVPSCALE
 40
0.0
  9
$OLESTARTUP
290
     0
  9
$SORTENTS
280
   127
  9
$INDEXCTL
280
     0
  9
$HIDETEXT
280
     1
  9
$XCLIPFRAME
280
     2
  9
$HALOGAP
280
     0
  9
$OBSCOLOR
 70
   257
  9
$OBSLTYPE
280
     0
  9
$INTERSECTIONDISPLAY
280
     0
  9
$INTERSECTIONCOLOR
 70
   257
  9
$DIMASSOC
280
     2
  9
$PROJECTNAME
  1

  9
$CAMERADISPLAY
290
     0
  9
$LENSLENGTH
 40
50.0
  9
$CAMERAHEIGHT
 40
0.0
  9
$STEPSPERSEC
 40
2.0
  9
$STEPSIZE
 40
6.0
  9
$3DDWFPREC
 40
2.0
  9
$PSOLWIDTH
 40
0.25
  9
$PSOLHEIGHT
 40
4.0
  9
$LOFTANG1
 40
1.570796326794896
  9
$LOFTANG2
 40
1.570796326794896
  9
$LOFTMAG1
 40
0.0
  9
$LOFTMAG2
 40
0.0
  9
$LOFTPARAM
 70
     7
  9
$LOFTNORMALS
280
     1
  9
$LATITUDE
 40
37.795
  9
$LONGITUDE
 40
-122.394
  9
$NORTHDIRECTION
 40
0.0
  9
$TIMEZONE
 70
 -8000
  9
$LIGHTGLYPHDISPLAY
280
     1
  9
$TILEMODELIGHTSYNCH
280
     1
  9
$CMATERIAL
347
558
  9
$SOLIDHIST
280
     1
  9
$SHOWHIST
280
     1
  9
$DWFFRAME
280
     2
  9
$DGNFRAME
280
     0
  9
$REALWORLDSCALE
290
     1
  9
$INTERFERECOLOR
 62
     1
  9
$INTERFEREOBJVS
345
57A
  9
$INTERFEREVPVS
346
666
  9
$CSHADOW
280
     0
  9
$SHADOWPLANELOCATION
 40
0.0
  0
ENDSEC
  0
SECTION
  2
CLASSES
  0
CLASS
  1
ACDBDICTIONARYWDFLT
  2
AcDbDictionaryWithDefault
  3
ObjectDBX Classes
 90
        0
 91
        1
280
     0
281
     0
  0
CLASS
  1
RASTERVARIABLES
  2
AcDbRasterVariables
  3
ISM
 90
        0
 91
        1
280
     0
281
     0
  0
CLASS
  1
IMAGEDEF
  2
AcDbRasterImageDef
  3
ISM
 90
        0
 91
        3
280
     0
281
     0
  0
CLASS
  1
IMAGEDEF_REACTOR
  2
AcDbRasterImageDefReactor
  3
ISM
 90
        1
 91
        0
280
     0
281
     0
  0
CLASS
  1
IMAGE
  2
AcDbRasterImage
  3
ISM
 90
     2175
 91
        0
280
     0
281
     1
  0
CLASS
  1
TABLESTYLE
  2
AcDbTableStyle
  3
ObjectDBX Classes
 90
     4095
 91
        1
280
     0
281
     0
  0
CLASS
  1
ACAD_TABLE
  2
AcDbTable
  3
ObjectDBX Classes
 90
     1025
 91
        0
280
     0
281
     1
  0
CLASS
  1
MATERIAL
  2
AcDbMaterial
  3
ObjectDBX Classes
 90
     1153
 91
        3
280
     0
281
     0
  0
CLASS
  1
VISUALSTYLE
  2
AcDbVisualStyle
  3
ObjectDBX Classes
 90
     4095
 91
       26
280
     0
281
     0
  0
CLASS
  1
SCALE
  2
AcDbScale
  3
ObjectDBX Classes
 90
     1153
 91
       17
280
     0
281
     0
  0
CLASS
  1
MLEADERSTYLE
  2
AcDbMLeaderStyle
  3
ACDB_MLEADERSTYLE_CLASS
 90
     4095
 91
        1
280
     0
281
     0
  0
CLASS
  1
ACDBSECTIONVIEWSTYLE
  2
AcDbSectionViewStyle
  3
ObjectDBX Classes
 90
     1025
 91
        2
280
     0
281
     0
  0
CLASS
  1
ACDBDETAILVIEWSTYLE
  2
AcDbDetailViewStyle
  3
ObjectDBX Classes
 90
     1025
 91
        2
280
     0
281
     0
  0
CLASS
  1
CELLSTYLEMAP
  2
AcDbCellStyleMap
  3
ObjectDBX Classes
 90
     1152
 91
        4
280
     0
281
     0
  0
CLASS
  1
DATATABLE
  2
AcDbDataTable
  3
ObjectDBX Classes
 90
        0
 91
        0
280
     0
281
     0
  0
CLASS
  1
DICTIONARYVAR
  2
AcDbDictionaryVar
  3
ObjectDBX Classes
 90
        0
 91
       11
280
     0
281
     0
  0
CLASS
  1
SORTENTSTABLE
  2
AcDbSortentsTable
  3
ObjectDBX Classes
 90
        0
 91
        7
280
     0
281
     0
  0
CLASS
  1
ACAD_EVALUATION_GRAPH
  2
AcDbEvalGraph
  3
ObjectDBX Classes
 90
     1153
 91
        0
280
     0
281
     0
  0
CLASS
  1
ACAECUSTOBJ
  2
AcAeEditorObj
  3
AcAeEditorObj
 90
     1024
 91
        0
280
     0
281
     0
  0
CLASS
  1
ACDB_DYNAMICBLOCKPURGEPREVENTER_VERSION
  2
AcDbDynamicBlockPurgePreventer
  3
ObjectDBX Classes
 90
     1153
 91
        0
280
     0
281
     0
  0
CLASS
  1
DIMASSOC
  2
AcDbDimAssoc
  3
"AcDbDimAssoc|Product Desc:     AcDim ARX App For Dimension|Company:          Autodesk, Inc.|WEB Address:      www.autodesk.com"
 90
        0
 91
        0
280
     0
281
     0
  0
CLASS
  1
ACDB_BLOCKREPRESENTATION_DATA
  2
AcDbBlockRepresentationData
  3
ObjectDBX Classes
 90
     1153
 91
        0
280
     0
281
     0
  0
CLASS
  1
SOLID_BACKGROUND
  2
AcDbSolidBackground
  3
SCENEOE
 90
     4095
 91
        1
280
     0
281
     0
  0
CLASS
  1
NPOCOLLECTION
  2
AcDbImpNonPersistentObjectsCollection
  3
ObjectDBX Classes
 90
     1153
 91
        1
280
     0
281
     0
  0
CLASS
  1
ACDBASSOCPERSSUBENTMANAGER
  2
AcDbAssocPersSubentManager
  3
ObjectDBX Classes
 90
     1024
 91
        1
280
     0
281
     0
  0
ENDSEC
  0
SECTION
  2
TABLES
  0
TABLE
  2
VPORT
  5
8
102
{ACAD_XDICTIONARY
360
5A8
102
}
330
0
100
AcDbSymbolTable
 70
     1
  0
VPORT
  5
1F4
330
8
100
AcDbSymbolTableRecord
100
AcDbViewportTableRecord
  2
*ACTIVE
 70
     0
 10
0.0
 20
0.0
 11
1.0
 21
1.0
 12
0.0
 22
0.0
 13
0.0
 23
0.0
 14
1.0
 24
1.0
 15
0.0
 25
0.0
 16
-0.0000000000002274
 26
0.0
 36
796.6766720208599
 17
1064.10986328125
 27
-467.3233795166015
 37
0.0
 40
372.270353546374
 41
1.433566433566433
 42
50.0
 43
0.0
 44
0.0
 50
0.0
 51
0.0
 71
     0
 72
   100
 73
     1
 74
     1
 75
     0
 76
     0
 77
     0
 78
     0
281
     0
 65
     1
110
0.0
120
0.0
130
0.0
111
1.0
121
0.0
131
0.0
112
0.0
122
1.0
132
0.0
 79
     0
146
0.0
348
576
 60
     3
 61
     5
292
     1
282
     1
141
0.0
142
0.0
 63
   250
421
  3355443
1001
ACAD_NAV_VCDISPLAY
1070
     3
  0
ENDTAB
  0
TABLE
  2
LTYPE
  5
5
330
0
100
AcDbSymbolTable
 70
     3
  0
LTYPE
  5
14
330
5
100
AcDbSymbolTableRecord
100
AcDbLinetypeTableRecord
  2
BYBLOCK
 70
     0
  3

 72
    65
 73
     0
 40
0.0
  0
LTYPE
  5
15
330
5
100
AcDbSymbolTableRecord
100
AcDbLinetypeTableRecord
  2
BYLAYER
 70
     0
  3

 72
    65
 73
     0
 40
0.0
  0
LTYPE
  5
16
330
5
100
AcDbSymbolTableRecord
100
AcDbLinetypeTableRecord
  2
CONTINUOUS
 70
     0
  3
Solid line
 72
    65
 73
     0
 40
0.0
  0
ENDTAB
  0
TABLE
  2
LAYER
  5
2
102
{ACAD_XDICTIONARY
360
7A64
102
}
330
0
100
AcDbSymbolTable
 70
    11
  0
LAYER
  5
10
102
{ACAD_XDICTIONARY
360
B85E
102
}
330
2
100
AcDbSymbolTableRecord
100
AcDbLayerTableRecord
  2
0
 70
     0
 62
     7
  6
CONTINUOUS
370
    -3
390
F
347
568
  0
LAYER
  5
5DA
330
2
100
AcDbSymbolTableRecord
100
AcDbLayerTableRecord
  2
Defpoints
 70
     0
 62
     7
  6
CONTINUOUS
290
     0
370
    -3
390
F
347
568
  0
LAYER
  5
7583
102
{ACAD_XDICTIONARY
360
B860
102
}
330
2
100
AcDbSymbolTableRecord
100
AcDbLayerTableRecord
  2
SUIT-00-06_PBL7
 70
     0
 62
     7
  6
CONTINUOUS
370
    -3
390
F
347
568
  0
LAYER
  5
9C30
102
{ACAD_XDICTIONARY
360
B86A
102
}
330
2
100
AcDbSymbolTableRecord
100
AcDbLayerTableRecord
  2
PCB-RCB_PBL1
 70
     0
 62
     7
  6
CONTINUOUS
370
    -3
390
F
347
568
  0
ENDTAB
  0
TABLE
  2
STYLE
  5
3
330
0
100
AcDbSymbolTable
 70
     1
  0
STYLE
  5
11
330
3
100
AcDbSymbolTableRecord
100
AcDbTextStyleTableRecord
  2
STANDARD
 70
     0
 40
0.0
 41
0.7
 50
0.0
 71
     0
 42
0.2
  3
NSimSun.ttf
  4

1001
ACAD
1000
NSimSun
1071
    34353
  0
ENDTAB
  0
TABLE
  2
VIEW
  5
6
330
0
100
AcDbSymbolTable
 70
     4
  0
ENDTAB
  0
TABLE
  2
UCS
  5
7
330
0
100
AcDbSymbolTable
 70
     0
  0
ENDTAB
  0
TABLE
  2
APPID
  5
9
330
0
100
AcDbSymbolTable
 70
    16
  0
APPID
  5
202
330
9
100
AcDbSymbolTableRecord
100
AcDbRegAppTableRecord
  2
ACAD
 70
     0
  0
APPID
  5
65D
330
9
100
AcDbSymbolTableRecord
100
AcDbRegAppTableRecord
  2
ACAD_MLEADERVER
 70
     0
  0
APPID
  5
AFD
330
9
100
AcDbSymbolTableRecord
100
AcDbRegAppTableRecord
  2
ACAD_EXEMPT_FROM_CAD_STANDARDS
 70
     0
  0
APPID
  5
C45
330
9
100
AcDbSymbolTableRecord
100
AcDbRegAppTableRecord
  2
ACAUTHENVIRON
 70
     0
  0
APPID
  5
C5A
330
9
100
AcDbSymbolTableRecord
100
AcDbRegAppTableRecord
  2
AcDbDynamicBlockTrueName
 70
     0
  0
APPID
  5
C5B
330
9
100
AcDbSymbolTableRecord
100
AcDbRegAppTableRecord
  2
AcDbDynamicBlockGUID
 70
     0
  0
APPID
  5
C5D
330
9
100
AcDbSymbolTableRecord
100
AcDbRegAppTableRecord
  2
AcDbBlockRepETag
 70
     0
  0
APPID
  5
7A63
330
9
100
AcDbSymbolTableRecord
100
AcDbRegAppTableRecord
  2
AcAecLayerStandard
 70
     0
  0
APPID
  5
B014
330
9
100
AcDbSymbolTableRecord
100
AcDbRegAppTableRecord
  2
AcDbBlockRepBTag
 70
     0
  0
APPID
  5
B859
330
9
100
AcDbSymbolTableRecord
100
AcDbRegAppTableRecord
  2
ACAD_NAV_VCDISPLAY
 70
     0
  0
APPID
  5
B87F
330
9
100
AcDbSymbolTableRecord
100
AcDbRegAppTableRecord
  2
AcadStringInfo
 70
     0
  0
APPID
  5
B886
330
9
100
AcDbSymbolTableRecord
100
AcDbRegAppTableRecord
  2
ACAD_PSEXT
 70
     0
  0
APPID
  5
B887
330
9
100
AcDbSymbolTableRecord
100
AcDbRegAppTableRecord
  2
AcadAnnotative
 70
     0
  0
APPID
  5
B888
330
9
100
AcDbSymbolTableRecord
100
AcDbRegAppTableRecord
  2
ACAD_DSTYLE_DIMJAG
 70
     0
  0
APPID
  5
B889
330
9
100
AcDbSymbolTableRecord
100
AcDbRegAppTableRecord
  2
ACAD_DSTYLE_DIMTALN
 70
     0
  0
APPID
  5
BCAE
330
9
100
AcDbSymbolTableRecord
100
AcDbRegAppTableRecord
  2
AcCmTransparency
 70
     0
  0
ENDTAB
  0
TABLE
  2
DIMSTYLE
  5
A
330
0
100
AcDbSymbolTable
 70
     4
100
AcDbDimStyleTable
 71
     1
340
215
  0
DIMSTYLE
105
215
330
A
100
AcDbSymbolTableRecord
100
AcDbDimStyleTableRecord
  2
STANDARD
 70
     0
 41
3.0
 42
1.5
 44
2.0
 47
0.01
 48
0.01
 71
     1
 73
     0
 74
     0
 77
     1
 78
     8
140
3.0
147
0.625
271
     2
272
     2
284
     8
340
11
  0
ENDTAB
  0
TABLE
  2
BLOCK_RECORD
  5
1
330
0
100
AcDbSymbolTable
 70
    14
  0
BLOCK_RECORD
  5
203
102
{ACAD_XDICTIONARY
360
66E
102
}
330
1
100
AcDbSymbolTableRecord
100
AcDbBlockTableRecord
  2
*Model_Space
340
54E
 70
     0
280
     1
281
     0
  0
BLOCK_RECORD
  5
204
330
1
100
AcDbSymbolTableRecord
100
AcDbBlockTableRecord
  2
*Paper_Space
340
54F
 70
     0
280
     1
281
     0
  0
ENDTAB
  0
ENDSEC
  0
SECTION
  2
BLOCKS
  0
BLOCK
  5
20
330
203
100
AcDbEntity
  8
0
100
AcDbBlockBegin
  2
*Model_Space
 70
     0
 10
0.0
 20
0.0
 30
0.0
  3
*Model_Space
  1

  0
ENDBLK
  5
21
330
203
100
AcDbEntity
  8
0
100
AcDbBlockEnd
  0
BLOCK
  5
1C
330
204
100
AcDbEntity
 67
     1
  8
0
100
AcDbBlockBegin
  2
*Paper_Space
 70
     0
 10
0.0
 20
0.0
 30
0.0
  3
*Paper_Space
  1

  0
ENDBLK
  5
1D
330
204
100
AcDbEntity
 67
     1
  8
0
100
AcDbBlockEnd
  0
ENDSEC
  0
SECTION
  2
ENTITIES
  0
LINE
  5
858D
330
203
100
AcDbEntity
  8
0
  6
Continuous
 62
     7
100
AcDbLine
 10
892.7998455779404
 20
-411.073385003517
 30
0.0
 11
892.7998455779404
 21
-424.0733850035169
 31
0.0
  0
LINE
  5
858E
330
203
100
AcDbEntity
  8
0
  6
Continuous
 62
     7
100
AcDbLine
 10
892.7998455779404
 20
-434.8933850035169
 30
0.0
 11
892.7998455779404
 21
-447.8933850035169
 31
0.0
  0
LINE
  5
8591
330
203
100
AcDbEntity
  8
0
  6
Continuous
 62
     7
100
AcDbLine
 10
895.1910955779403
 20
-472.993385003517
 30
0.0
 11
895.1910955779403
 21
-485.993385003517
 31
0.0
  0
LINE
  5
8598
330
203
100
AcDbEntity
  8
0
  6
Continuous
 62
     7
100
AcDbLine
 10
897.5723455779403
 20
-453.943385003517
 30
0.0
 11
897.5723455779403
 21
-466.9433850035169
 31
0.0
  0
LINE
  5
859D
330
203
100
AcDbEntity
  8
0
  6
Continuous
100
AcDbLine
 10
904.7060705779404
 20
-492.0433850035169
 30
0.0
 11
904.7060705779404
 21
-505.0433850035169
 31
0.0
  0
LINE
  5
859E
330
203
100
AcDbEntity
  8
0
  6
Continuous
 62
     7
100
AcDbLine
 10
906.7998455779404
 20
-447.8933850035169
 30
0.0
 11
906.7998455779404
 21
-434.8933850035169
 31
0.0
  0
LINE
  5
859F
330
203
100
AcDbEntity
  8
0
  6
Continuous
 62
     7
100
AcDbLine
 10
906.7998455779404
 20
-424.0733850035169
 30
0.0
 11
906.7998455779404
 21
-411.073385003517
 31
0.0
  0
LINE
  5
85A7
330
203
100
AcDbEntity
  8
0
  6
Continuous
 62
     7
100
AcDbLine
 10
911.5723455779404
 20
-466.9433850035169
 30
0.0
 11
911.5723455779404
 21
-453.943385003517
 31
0.0
  0
LINE
  5
85A8
330
203
100
AcDbEntity
  8
0
  6
Continuous
 62
     7
100
AcDbLine
 10
911.8498455779404
 20
-434.8933850035169
 30
0.0
 11
911.8498455779404
 21
-447.8933850035169
 31
0.0
  0
LINE
  5
85AD
330
203
100
AcDbEntity
  8
0
  6
Continuous
 62
     7
100
AcDbLine
 10
913.9535955779404
 20
-485.993385003517
 30
0.0
 11
913.9535955779404
 21
-472.993385003517
 31
0.0
  0
LINE
  5
85B2
330
203
100
AcDbEntity
  8
0
  6
Continuous
 62
     7
100
AcDbLine
 10
916.6123455779404
 20
-411.073385003517
 30
0.0
 11
916.6123455779404
 21
-424.0733850035169
 31
0.0
  0
LINE
  5
85B3
330
203
100
AcDbEntity
  8
0
  6
Continuous
100
AcDbLine
 10
918.7060705779403
 20
-505.0433850035169
 30
0.0
 11
918.7060705779403
 21
-492.0433850035169
 31
0.0
  0
LINE
  5
85BB
330
203
100
AcDbEntity
  8
0
  6
Continuous
 62
     7
100
AcDbLine
 10
921.3848455779404
 20
-453.943385003517
 30
0.0
 11
921.3848455779404
 21
-466.9433850035169
 31
0.0
  0
LINE
  5
85BE
330
203
100
AcDbEntity
  8
0
  6
Continuous
 62
     7
100
AcDbLine
 10
925.8498455779404
 20
-447.8933850035169
 30
0.0
 11
925.8498455779404
 21
-434.8933850035169
 31
0.0
  0
LINE
  5
85BF
330
203
100
AcDbEntity
  8
0
  6
Continuous
 62
     7
100
AcDbLine
 10
926.1473455779404
 20
-472.993385003517
 30
0.0
 11
926.1473455779404
 21
-485.993385003517
 31
0.0
  0
LINE
  5
85C5
330
203
100
AcDbEntity
  8
0
  6
Continuous
 62
     7
100
AcDbLine
 10
930.6123455779404
 20
-424.0733850035169
 30
0.0
 11
930.6123455779404
 21
-411.073385003517
 31
0.0
  0
LINE
  5
85C6
330
203
100
AcDbEntity
  8
0
  6
Continuous
 62
     7
100
AcDbLine
 10
930.8998455779404
 20
-434.8933850035169
 30
0.0
 11
930.8998455779404
 21
-447.8933850035169
 31
0.0
  0
LINE
  5
85CE
330
203
100
AcDbEntity
  8
0
  6
Continuous
 62
     7
100
AcDbLine
 10
935.3848455779404
 20
-466.9433850035169
 30
0.0
 11
935.3848455779404
 21
-453.943385003517
 31
0.0
  0
LINE
  5
85CF
330
203
100
AcDbEntity
  8
0
  6
Continuous
 62
     7
100
AcDbLine
 10
935.6623455779404
 20
-411.073385003517
 30
0.0
 11
935.6623455779404
 21
-424.0733850035169
 31
0.0
  0
LINE
  5
85D0
330
203
100
AcDbEntity
  8
0
  6
Continuous
 62
     7
100
AcDbLine
 10
935.6723455779404
 20
-492.0433850035169
 30
0.0
 11
935.6723455779404
 21
-505.0433850035169
 31
0.0
  0
LINE
  5
85D7
330
203
100
AcDbEntity
  8
0
  6
Continuous
 62
     7
100
AcDbLine
 10
940.1473455779402
 20
-485.993385003517
 30
0.0
 11
940.1473455779402
 21
-472.993385003517
 31
0.0
  0
LINE
  5
85D8
330
203
100
AcDbEntity
  8
0
  6
Continuous
 62
     7
100
AcDbLine
 10
940.4348455779404
 20
-453.943385003517
 30
0.0
 11
940.4348455779404
 21
-466.9433850035169
 31
0.0
  0
LINE
  5
85DF
330
203
100
AcDbEntity
  8
0
  6
Continuous
 62
     7
100
AcDbLine
 10
944.8998455779403
 20
-447.8933850035169
 30
0.0
 11
944.8998455779403
 21
-434.8933850035169
 31
0.0
  0
LINE
  5
85E1
330
203
100
AcDbEntity
  8
0
  6
Continuous
 62
     7
100
AcDbLine
 10
945.1973455779404
 20
-472.993385003517
 30
0.0
 11
945.1973455779404
 21
-485.993385003517
 31
0.0
  0
LINE
  5
85E8
330
203
100
AcDbEntity
  8
0
  6
Continuous
 62
     7
100
AcDbLine
 10
949.6623455779404
 20
-424.0733850035169
 30
0.0
 11
949.6623455779404
 21
-411.073385003517
 31
0.0
  0
LINE
  5
85E9
330
203
100
AcDbEntity
  8
0
  6
Continuous
 62
     7
100
AcDbLine
 10
949.6723455779404
 20
-505.0433850035169
 30
0.0
 11
949.6723455779404
 21
-492.0433850035169
 31
0.0
  0
LINE
  5
85EA
330
203
100
AcDbEntity
  8
0
  6
Continuous
 62
     7
100
AcDbLine
 10
949.9498455779402
 20
-434.8933850035169
 30
0.0
 11
949.9498455779402
 21
-447.8933850035169
 31
0.0
  0
LINE
  5
85F3
330
203
100
AcDbEntity
  8
0
  6
Continuous
 62
     7
100
AcDbLine
 10
954.4348455779404
 20
-466.9433850035169
 30
0.0
 11
954.4348455779404
 21
-453.943385003517
 31
0.0
  0
LINE
  5
85F4
330
203
100
AcDbEntity
  8
0
  6
Continuous
 62
     7
100
AcDbLine
 10
954.7223455779404
 20
-411.073385003517
 30
0.0
 11
954.7223455779404
 21
-424.0733850035169
 31
0.0
  0
LINE
  5
85F5
330
203
100
AcDbEntity
  8
0
  6
Continuous
 62
     7
100
AcDbLine
 10
954.7223455779404
 20
-492.0433850035169
 30
0.0
 11
954.7223455779404
 21
-505.0433850035169
 31
0.0
  0
LINE
  5
85FB
330
203
100
AcDbEntity
  8
0
  6
Continuous
 62
     7
100
AcDbLine
 10
959.1973455779404
 20
-485.993385003517
 30
0.0
 11
959.1973455779404
 21
-472.993385003517
 31
0.0
  0
LINE
  5
85FC
330
203
100
AcDbEntity
  8
0
  6
Continuous
 62
     7
100
AcDbLine
 10
959.4848455779404
 20
-453.943385003517
 30
0.0
 11
959.4848455779404
 21
-466.9433850035169
 31
0.0
  0
LINE
  5
8605
330
203
100
AcDbEntity
  8
0
  6
Continuous
 62
     7
100
AcDbLine
 10
963.9498455779403
 20
-447.8933850035169
 30
0.0
 11
963.9498455779403
 21
-434.8933850035169
 31
0.0
  0
LINE
  5
8606
330
203
100
AcDbEntity
  8
0
  6
Continuous
 62
     7
100
AcDbLine
 10
964.2473455779404
 20
-472.993385003517
 30
0.0
 11
964.2473455779404
 21
-485.993385003517
 31
0.0
  0
LINE
  5
860B
330
203
100
AcDbEntity
  8
0
  6
Continuous
 62
     7
100
AcDbLine
 10
968.7223455779403
 20
-505.0433850035169
 30
0.0
 11
968.7223455779403
 21
-492.0433850035169
 31
0.0
  0
LINE
  5
860C
330
203
100
AcDbEntity
  8
0
  6
Continuous
 62
     7
100
AcDbLine
 10
968.7223455779403
 20
-424.0733850035169
 30
0.0
 11
968.7223455779403
 21
-411.073385003517
 31
0.0
  0
LINE
  5
860D
330
203
100
AcDbEntity
  8
0
  6
Continuous
 62
     7
100
AcDbLine
 10
969.0098455779404
 20
-434.8933850035169
 30
0.0
 11
969.0098455779404
 21
-447.8933850035169
 31
0.0
  0
LINE
  5
8617
330
203
100
AcDbEntity
  8
0
  6
Continuous
 62
     7
100
AcDbLine
 10
973.4848455779404
 20
-466.9433850035169
 30
0.0
 11
973.4848455779404
 21
-453.943385003517
 31
0.0
  0
LINE
  5
8618
330
203
100
AcDbEntity
  8
0
  6
Continuous
 62
     7
100
AcDbLine
 10
973.7723455779402
 20
-411.073385003517
 30
0.0
 11
973.7723455779402
 21
-424.0733850035169
 31
0.0
  0
LINE
  5
8619
330
203
100
AcDbEntity
  8
0
  6
Continuous
 62
     7
100
AcDbLine
 10
973.7723455779402
 20
-492.0433850035169
 30
0.0
 11
973.7723455779402
 21
-505.0433850035169
 31
0.0
  0
LINE
  5
861E
330
203
100
AcDbEntity
  8
0
  6
Continuous
 62
     7
100
AcDbLine
 10
978.2473455779404
 20
-485.993385003517
 30
0.0
 11
978.2473455779404
 21
-472.993385003517
 31
0.0
  0
LINE
  5
861F
330
203
100
AcDbEntity
  8
0
  6
Continuous
 62
     7
100
AcDbLine
 10
978.5348455779404
 20
-453.943385003517
 30
0.0
 11
978.5348455779404
 21
-466.9433850035169
 31
0.0
  0
LINE
  5
8625
330
203
100
AcDbEntity
  8
0
  6
Continuous
 62
     7
100
AcDbLine
 10
983.0098455779404
 20
-447.8933850035169
 30
0.0
 11
983.0098455779404
 21
-434.8933850035169
 31
0.0
  0
LINE
  5
8626
330
203
100
AcDbEntity
  8
0
  6
Continuous
 62
     7
100
AcDbLine
 10
983.2973455779404
 20
-472.993385003517
 30
0.0
 11
983.2973455779404
 21
-485.993385003517
 31
0.0
  0
LINE
  5
862B
330
203
100
AcDbEntity
  8
0
  6
Continuous
 62
     7
100
AcDbLine
 10
987.7723455779403
 20
-505.0433850035169
 30
0.0
 11
987.7723455779403
 21
-492.0433850035169
 31
0.0
  0
LINE
  5
862C
330
203
100
AcDbEntity
  8
0
  6
Continuous
 62
     7
100
AcDbLine
 10
987.7723455779403
 20
-424.0733850035169
 30
0.0
 11
987.7723455779403
 21
-411.073385003517
 31
0.0
  0
LINE
  5
862D
330
203
100
AcDbEntity
  8
0
  6
Continuous
 62
     7
100
AcDbLine
 10
988.0598455779404
 20
-434.393385003517
 30
0.0
 11
988.0598455779404
 21
-448.3933850035169
 31
0.0
  0
LINE
  5
8634
330
203
100
AcDbEntity
  8
0
  6
Continuous
 62
     7
100
AcDbLine
 10
992.5348455779403
 20
-466.9433850035169
 30
0.0
 11
992.5348455779403
 21
-453.943385003517
 31
0.0
  0
LINE
  5
8635
330
203
100
AcDbEntity
  8
0
  6
Continuous
 62
     7
100
AcDbLine
 10
992.8223455779404
 20
-492.0433850035169
 30
0.0
 11
992.8223455779404
 21
-505.0433850035169
 31
0.0
  0
LINE
  5
863C
330
203
100
AcDbEntity
  8
0
  6
Continuous
 62
     7
100
AcDbLine
 10
997.2973455779404
 20
-485.993385003517
 30
0.0
 11
997.2973455779404
 21
-472.993385003517
 31
0.0
  0
LINE
  5
863D
330
203
100
AcDbEntity
  8
0
  6
Continuous
 62
     7
100
AcDbLine
 10
997.5848455779402
 20
-411.073385003517
 30
0.0
 11
997.5848455779402
 21
-424.0733850035169
 31
0.0
  0
LINE
  5
863E
330
203
100
AcDbEntity
  8
0
  6
Continuous
 62
     7
100
AcDbLine
 10
997.5848455779402
 20
-453.943385003517
 30
0.0
 11
997.5848455779402
 21
-466.9433850035169
 31
0.0
  0
LINE
  5
8643
330
203
100
AcDbEntity
  8
0
  6
Continuous
 62
     7
100
AcDbLine
 10
1002.05984557794
 20
-447.8933850035169
 30
0.0
 11
1002.05984557794
 21
-434.8933850035169
 31
0.0
  0
LINE
  5
8644
330
203
100
AcDbEntity
  8
0
  6
Continuous
 62
     7
100
AcDbLine
 10
1002.34734557794
 20
-472.993385003517
 30
0.0
 11
1002.34734557794
 21
-485.993385003517
 31
0.0
  0
LINE
  5
8655
330
203
100
AcDbEntity
  8
0
  6
Continuous
 62
     7
100
AcDbLine
 10
1006.82234557794
 20
-505.0433850035169
 30
0.0
 11
1006.82234557794
 21
-492.0433850035169
 31
0.0
  0
LINE
  5
8656
330
203
100
AcDbEntity
  8
0
  6
Continuous
 62
     7
100
AcDbLine
 10
1007.10984557794
 20
-434.8933850035169
 30
0.0
 11
1007.10984557794
 21
-447.8933850035169
 31
0.0
  0
LINE
  5
865B
330
203
100
AcDbEntity
  8
0
  6
Continuous
 62
     7
100
AcDbLine
 10
1011.58484557794
 20
-466.9433850035169
 30
0.0
 11
1011.58484557794
 21
-453.943385003517
 31
0.0
  0
LINE
  5
865C
330
203
100
AcDbEntity
  8
0
  6
Continuous
 62
     7
100
AcDbLine
 10
1011.58484557794
 20
-424.0733850035169
 30
0.0
 11
1011.58484557794
 21
-411.073385003517
 31
0.0
  0
LINE
  5
865D
330
203
100
AcDbEntity
  8
0
  6
Continuous
 62
     7
100
AcDbLine
 10
1011.87234557794
 20
-492.0433850035169
 30
0.0
 11
1011.87234557794
 21
-505.0433850035169
 31
0.0
  0
LINE
  5
869A
330
203
100
AcDbEntity
  8
0
  6
Continuous
 62
     7
100
AcDbLine
 10
1183.81984557794
 20
-524.5933850035169
 30
0.0
 11
1196.81984557794
 21
-524.5933850035169
 31
0.0
  0
LINE
  5
869B
330
203
100
AcDbEntity
  8
0
  6
Continuous
 62
     7
100
AcDbLine
 10
1202.86984557794
 20
-524.5933850035169
 30
0.0
 11
1215.86984557794
 21
-524.5933850035169
 31
0.0
  0
LINE
  5
869C
330
203
100
AcDbEntity
  8
0
  6
Continuous
 62
     7
100
AcDbLine
 10
1221.91984557794
 20
-524.5933850035169
 30
0.0
 11
1234.91984557794
 21
-524.5933850035169
 31
0.0
  0
LINE
  5
86A3
330
203
100
AcDbEntity
  8
0
  6
Continuous
 62
     7
100
AcDbLine
 10
1016.34734557794
 20
-485.993385003517
 30
0.0
 11
1016.34734557794
 21
-472.993385003517
 31
0.0
  0
LINE
  5
86A4
330
203
100
AcDbEntity
  8
0
  6
Continuous
 62
     7
100
AcDbLine
 10
1016.63484557794
 20
-411.073385003517
 30
0.0
 11
1016.63484557794
 21
-424.0733850035169
 31
0.0
  0
LINE
  5
86A5
330
203
100
AcDbEntity
  8
0
  6
Continuous
 62
     7
100
AcDbLine
 10
1016.63484557794
 20
-453.943385003517
 30
0.0
 11
1016.63484557794
 21
-466.9433850035169
 31
0.0
  0
LINE
  5
86AA
330
203
100
AcDbEntity
  8
0
  6
Continuous
 62
     7
100
AcDbLine
 10
1021.10984557794
 20
-447.8933850035169
 30
0.0
 11
1021.10984557794
 21
-434.8933850035169
 31
0.0
  0
LINE
  5
86AB
330
203
100
AcDbEntity
  8
0
  6
Continuous
 62
     7
100
AcDbLine
 10
1021.39734557794
 20
-472.993385003517
 30
0.0
 11
1021.39734557794
 21
-485.993385003517
 31
0.0
  0
LINE
  5
86B2
330
203
100
AcDbEntity
  8
0
  6
Continuous
 62
     7
100
AcDbLine
 10
1025.87234557794
 20
-505.0433850035169
 30
0.0
 11
1025.87234557794
 21
-492.0433850035169
 31
0.0
  0
LINE
  5
86B4
330
203
100
AcDbEntity
  8
0
  6
Continuous
 62
     7
100
AcDbLine
 10
1026.15984557794
 20
-434.8933850035169
 30
0.0
 11
1026.15984557794
 21
-447.8933850035169
 31
0.0
  0
LINE
  5
86B7
330
203
100
AcDbEntity
  8
0
  6
Continuous
 62
     7
100
AcDbLine
 10
1234.91984557794
 20
-510.5933850035169
 30
0.0
 11
1221.91984557794
 21
-510.5933850035169
 31
0.0
  0
LINE
  5
86B8
330
203
100
AcDbEntity
  8
0
  6
Continuous
 62
     7
100
AcDbLine
 10
1215.86984557794
 20
-510.5933850035169
 30
0.0
 11
1202.86984557794
 21
-510.5933850035169
 31
0.0
  0
LINE
  5
86B9
330
203
100
AcDbEntity
  8
0
  6
Continuous
 62
     7
100
AcDbLine
 10
1196.81984557794
 20
-510.5933850035169
 30
0.0
 11
1183.81984557794
 21
-510.5933850035169
 31
0.0
  0
LINE
  5
870F
330
203
100
AcDbEntity
  8
0
  6
Continuous
100
AcDbLine
 10
905.2060705779403
 20
-505.543385003517
 30
0.0
 11
918.2060705779404
 21
-505.543385003517
 31
0.0
  0
LINE
  5
8710
330
203
100
AcDbEntity
  8
0
  6
Continuous
 62
     7
100
AcDbLine
 10
936.1723455779404
 20
-505.543385003517
 30
0.0
 11
949.1723455779403
 21
-505.543385003517
 31
0.0
  0
LINE
  5
8711
330
203
100
AcDbEntity
  8
0
  6
Continuous
 62
     7
100
AcDbLine
 10
955.2223455779403
 20
-505.543385003517
 30
0.0
 11
968.2223455779404
 21
-505.543385003517
 31
0.0
  0
LINE
  5
8712
330
203
100
AcDbEntity
  8
0
  6
Continuous
 62
     7
100
AcDbLine
 10
974.2723455779403
 20
-505.543385003517
 30
0.0
 11
987.2723455779404
 21
-505.543385003517
 31
0.0
  0
LINE
  5
8713
330
203
100
AcDbEntity
  8
0
  6
Continuous
 62
     7
100
AcDbLine
 10
993.3223455779403
 20
-505.543385003517
 30
0.0
 11
1006.32234557794
 21
-505.543385003517
 31
0.0
  0
LINE
  5
8714
330
203
100
AcDbEntity
  8
0
  6
Continuous
 62
     7
100
AcDbLine
 10
1012.37234557794
 20
-505.543385003517
 30
0.0
 11
1025.37234557794
 21
-505.543385003517
 31
0.0
  0
LINE
  5
8715
330
203
100
AcDbEntity
  8
0
  6
Continuous
 62
     7
100
AcDbLine
 10
1031.42234557794
 20
-505.543385003517
 30
0.0
 11
1044.42234557794
 21
-505.543385003517
 31
0.0
  0
LINE
  5
8716
330
203
100
AcDbEntity
  8
0
  6
Continuous
 62
     7
100
AcDbLine
 10
1050.47234557794
 20
-505.543385003517
 30
0.0
 11
1063.47234557794
 21
-505.543385003517
 31
0.0
  0
LINE
  5
8717
330
203
100
AcDbEntity
  8
0
  6
Continuous
 62
     7
100
AcDbLine
 10
1069.52234557794
 20
-505.543385003517
 30
0.0
 11
1082.52234557794
 21
-505.543385003517
 31
0.0
  0
LINE
  5
8718
330
203
100
AcDbEntity
  8
0
  6
Continuous
 62
     7
100
AcDbLine
 10
1088.57234557794
 20
-505.543385003517
 30
0.0
 11
1101.57234557794
 21
-505.543385003517
 31
0.0
  0
LINE
  5
8719
330
203
100
AcDbEntity
  8
0
  6
Continuous
 62
     7
100
AcDbLine
 10
1107.62234557794
 20
-505.543385003517
 30
0.0
 11
1120.62234557794
 21
-505.543385003517
 31
0.0
  0
LINE
  5
871A
330
203
100
AcDbEntity
  8
0
  6
Continuous
100
AcDbLine
 10
1143.34109557794
 20
-505.543385003517
 30
0.0
 11
1156.34109557794
 21
-505.543385003517
 31
0.0
  0
LINE
  5
871B
330
203
100
AcDbEntity
  8
0
  6
Continuous
 62
     7
100
AcDbLine
 10
1202.86984557794
 20
-505.543385003517
 30
0.0
 11
1215.86984557794
 21
-505.543385003517
 31
0.0
  0
LINE
  5
871E
330
203
100
AcDbEntity
  8
0
  6
Continuous
 62
     7
100
AcDbLine
 10
1030.63484557794
 20
-466.9433850035169
 30
0.0
 11
1030.63484557794
 21
-453.943385003517
 31
0.0
  0
LINE
  5
871F
330
203
100
AcDbEntity
  8
0
  6
Continuous
 62
     7
100
AcDbLine
 10
1030.63484557794
 20
-424.0733850035169
 30
0.0
 11
1030.63484557794
 21
-411.073385003517
 31
0.0
  0
LINE
  5
8720
330
203
100
AcDbEntity
  8
0
  6
Continuous
 62
     7
100
AcDbLine
 10
1030.92234557794
 20
-492.0433850035169
 30
0.0
 11
1030.92234557794
 21
-505.0433850035169
 31
0.0
  0
LINE
  5
8729
330
203
100
AcDbEntity
  8
0
  6
Continuous
 62
     7
100
AcDbLine
 10
1035.39734557794
 20
-485.993385003517
 30
0.0
 11
1035.39734557794
 21
-472.993385003517
 31
0.0
  0
LINE
  5
872A
330
203
100
AcDbEntity
  8
0
  6
Continuous
 62
     7
100
AcDbLine
 10
1035.68484557794
 20
-411.073385003517
 30
0.0
 11
1035.68484557794
 21
-424.0733850035169
 31
0.0
  0
LINE
  5
872B
330
203
100
AcDbEntity
  8
0
  6
Continuous
 62
     7
100
AcDbLine
 10
1035.68484557794
 20
-453.943385003517
 30
0.0
 11
1035.68484557794
 21
-466.9433850035169
 31
0.0
  0
LINE
  5
8731
330
203
100
AcDbEntity
  8
0
  6
Continuous
 62
     7
100
AcDbLine
 10
1040.15984557794
 20
-447.8933850035169
 30
0.0
 11
1040.15984557794
 21
-434.8933850035169
 31
0.0
  0
LINE
  5
8732
330
203
100
AcDbEntity
  8
0
  6
Continuous
 62
     7
100
AcDbLine
 10
1040.44734557794
 20
-472.993385003517
 30
0.0
 11
1040.44734557794
 21
-485.993385003517
 31
0.0
  0
LINE
  5
8737
330
203
100
AcDbEntity
  8
0
  6
Continuous
 62
     7
100
AcDbLine
 10
1215.86984557794
 20
-491.5433850035169
 30
0.0
 11
1202.86984557794
 21
-491.5433850035169
 31
0.0
  0
LINE
  5
8738
330
203
100
AcDbEntity
  8
0
  6
Continuous
100
AcDbLine
 10
1156.34109557794
 20
-491.5433850035169
 30
0.0
 11
1143.34109557794
 21
-491.5433850035169
 31
0.0
  0
LINE
  5
8739
330
203
100
AcDbEntity
  8
0
  6
Continuous
 62
     7
100
AcDbLine
 10
1120.62234557794
 20
-491.5433850035169
 30
0.0
 11
1107.62234557794
 21
-491.5433850035169
 31
0.0
  0
LINE
  5
873A
330
203
100
AcDbEntity
  8
0
  6
Continuous
 62
     7
100
AcDbLine
 10
1101.57234557794
 20
-491.5433850035169
 30
0.0
 11
1088.57234557794
 21
-491.5433850035169
 31
0.0
  0
LINE
  5
873B
330
203
100
AcDbEntity
  8
0
  6
Continuous
 62
     7
100
AcDbLine
 10
1082.52234557794
 20
-491.5433850035169
 30
0.0
 11
1069.52234557794
 21
-491.5433850035169
 31
0.0
  0
LINE
  5
873C
330
203
100
AcDbEntity
  8
0
  6
Continuous
 62
     7
100
AcDbLine
 10
1063.47234557794
 20
-491.5433850035169
 30
0.0
 11
1050.47234557794
 21
-491.5433850035169
 31
0.0
  0
LINE
  5
873D
330
203
100
AcDbEntity
  8
0
  6
Continuous
 62
     7
100
AcDbLine
 10
1044.42234557794
 20
-491.5433850035169
 30
0.0
 11
1031.42234557794
 21
-491.5433850035169
 31
0.0
  0
LINE
  5
873E
330
203
100
AcDbEntity
  8
0
  6
Continuous
 62
     7
100
AcDbLine
 10
1025.37234557794
 20
-491.5433850035169
 30
0.0
 11
1012.37234557794
 21
-491.5433850035169
 31
0.0
  0
LINE
  5
873F
330
203
100
AcDbEntity
  8
0
  6
Continuous
 62
     7
100
AcDbLine
 10
1006.32234557794
 20
-491.5433850035169
 30
0.0
 11
993.3223455779403
 21
-491.5433850035169
 31
0.0
  0
LINE
  5
8740
330
203
100
AcDbEntity
  8
0
  6
Continuous
 62
     7
100
AcDbLine
 10
987.2723455779404
 20
-491.5433850035169
 30
0.0
 11
974.2723455779403
 21
-491.5433850035169
 31
0.0
  0
LINE
  5
8741
330
203
100
AcDbEntity
  8
0
  6
Continuous
 62
     7
100
AcDbLine
 10
968.2223455779404
 20
-491.5433850035169
 30
0.0
 11
955.2223455779403
 21
-491.5433850035169
 31
0.0
  0
LINE
  5
8742
330
203
100
AcDbEntity
  8
0
  6
Continuous
 62
     7
100
AcDbLine
 10
949.1723455779403
 20
-491.5433850035169
 30
0.0
 11
936.1723455779404
 21
-491.5433850035169
 31
0.0
  0
LINE
  5
8743
330
203
100
AcDbEntity
  8
0
  6
Continuous
100
AcDbLine
 10
918.2060705779404
 20
-491.5433850035169
 30
0.0
 11
905.2060705779403
 21
-491.5433850035169
 31
0.0
  0
LINE
  5
8757
330
203
100
AcDbEntity
  8
0
  6
Continuous
 62
     7
100
AcDbLine
 10
1044.92234557794
 20
-505.0433850035169
 30
0.0
 11
1044.92234557794
 21
-492.0433850035169
 31
0.0
  0
LINE
  5
8758
330
203
100
AcDbEntity
  8
0
  6
Continuous
 62
     7
100
AcDbLine
 10
1045.20984557794
 20
-434.8933850035169
 30
0.0
 11
1045.20984557794
 21
-447.8933850035169
 31
0.0
  0
LINE
  5
875D
330
203
100
AcDbEntity
  8
0
  6
Continuous
 62
     7
100
AcDbLine
 10
1049.68484557794
 20
-466.9433850035169
 30
0.0
 11
1049.68484557794
 21
-453.943385003517
 31
0.0
  0
LINE
  5
875E
330
203
100
AcDbEntity
  8
0
  6
Continuous
 62
     7
100
AcDbLine
 10
1049.68484557794
 20
-424.0733850035169
 30
0.0
 11
1049.68484557794
 21
-411.073385003517
 31
0.0
  0
LINE
  5
875F
330
203
100
AcDbEntity
  8
0
  6
Continuous
 62
     7
100
AcDbLine
 10
1049.97234557794
 20
-492.0433850035169
 30
0.0
 11
1049.97234557794
 21
-505.0433850035169
 31
0.0
  0
LINE
  5
87A7
330
203
100
AcDbEntity
  8
0
  6
Continuous
100
AcDbLine
 10
895.6910955779404
 20
-486.4933850035169
 30
0.0
 11
913.4535955779403
 21
-486.4933850035169
 31
0.0
  0
LINE
  5
87A8
330
203
100
AcDbEntity
  8
0
  6
Continuous
 62
     7
100
AcDbLine
 10
926.6473455779403
 20
-486.4933850035169
 30
0.0
 11
939.6473455779403
 21
-486.4933850035169
 31
0.0
  0
LINE
  5
87A9
330
203
100
AcDbEntity
  8
0
  6
Continuous
 62
     7
100
AcDbLine
 10
945.6973455779403
 20
-486.4933850035169
 30
0.0
 11
958.6973455779403
 21
-486.4933850035169
 31
0.0
  0
LINE
  5
87AA
330
203
100
AcDbEntity
  8
0
  6
Continuous
 62
     7
100
AcDbLine
 10
964.7473455779405
 20
-486.4933850035169
 30
0.0
 11
977.7473455779404
 21
-486.4933850035169
 31
0.0
  0
LINE
  5
87AB
330
203
100
AcDbEntity
  8
0
  6
Continuous
 62
     7
100
AcDbLine
 10
983.7973455779403
 20
-486.4933850035169
 30
0.0
 11
996.7973455779404
 21
-486.4933850035169
 31
0.0
  0
LINE
  5
87AC
330
203
100
AcDbEntity
  8
0
  6
Continuous
 62
     7
100
AcDbLine
 10
1002.84734557794
 20
-486.4933850035169
 30
0.0
 11
1015.84734557794
 21
-486.4933850035169
 31
0.0
  0
LINE
  5
87AD
330
203
100
AcDbEntity
  8
0
  6
Continuous
 62
     7
100
AcDbLine
 10
1021.89734557794
 20
-486.4933850035169
 30
0.0
 11
1034.89734557794
 21
-486.4933850035169
 31
0.0
  0
LINE
  5
87AE
330
203
100
AcDbEntity
  8
0
  6
Continuous
 62
     7
100
AcDbLine
 10
1040.94734557794
 20
-486.4933850035169
 30
0.0
 11
1053.94734557794
 21
-486.4933850035169
 31
0.0
  0
LINE
  5
87AF
330
203
100
AcDbEntity
  8
0
  6
Continuous
 62
     7
100
AcDbLine
 10
1059.99734557794
 20
-486.4933850035169
 30
0.0
 11
1072.99734557794
 21
-486.4933850035169
 31
0.0
  0
LINE
  5
87B0
330
203
100
AcDbEntity
  8
0
  6
Continuous
 62
     7
100
AcDbLine
 10
1079.04734557794
 20
-486.4933850035169
 30
0.0
 11
1092.04734557794
 21
-486.4933850035169
 31
0.0
  0
LINE
  5
87B1
330
203
100
AcDbEntity
  8
0
  6
Continuous
 62
     7
100
AcDbLine
 10
1098.09734557794
 20
-486.4933850035169
 30
0.0
 11
1111.09734557794
 21
-486.4933850035169
 31
0.0
  0
LINE
  5
87B2
330
203
100
AcDbEntity
  8
0
  6
Continuous
 62
     7
100
AcDbLine
 10
1117.14734557794
 20
-486.4933850035169
 30
0.0
 11
1130.14734557794
 21
-486.4933850035169
 31
0.0
  0
LINE
  5
87B3
330
203
100
AcDbEntity
  8
0
  6
Continuous
100
AcDbLine
 10
1148.09359557794
 20
-486.4933850035169
 30
0.0
 11
1161.09359557794
 21
-486.4933850035169
 31
0.0
  0
LINE
  5
87BA
330
203
100
AcDbEntity
  8
0
  6
Continuous
 62
     7
100
AcDbLine
 10
1054.44734557794
 20
-485.993385003517
 30
0.0
 11
1054.44734557794
 21
-472.993385003517
 31
0.0
  0
LINE
  5
87BB
330
203
100
AcDbEntity
  8
0
  6
Continuous
 62
     7
100
AcDbLine
 10
1054.73484557794
 20
-411.073385003517
 30
0.0
 11
1054.73484557794
 21
-424.0733850035169
 31
0.0
  0
LINE
  5
87BC
330
203
100
AcDbEntity
  8
0
  6
Continuous
 62
     7
100
AcDbLine
 10
1054.73484557794
 20
-453.943385003517
 30
0.0
 11
1054.73484557794
 21
-466.9433850035169
 31
0.0
  0
LINE
  5
87C3
330
203
100
AcDbEntity
  8
0
  6
Continuous
 62
     7
100
AcDbLine
 10
1059.20984557794
 20
-447.8933850035169
 30
0.0
 11
1059.20984557794
 21
-434.8933850035169
 31
0.0
  0
LINE
  5
87C4
330
203
100
AcDbEntity
  8
0
  6
Continuous
 62
     7
100
AcDbLine
 10
1059.49734557794
 20
-472.993385003517
 30
0.0
 11
1059.49734557794
 21
-485.993385003517
 31
0.0
  0
LINE
  5
87C9
330
203
100
AcDbEntity
  8
0
  6
Continuous
 62
     7
100
AcDbLine
 10
1063.97234557794
 20
-505.0433850035169
 30
0.0
 11
1063.97234557794
 21
-492.0433850035169
 31
0.0
  0
LINE
  5
87CA
330
203
100
AcDbEntity
  8
0
  6
Continuous
 62
     7
100
AcDbLine
 10
1064.25984557794
 20
-434.8933850035169
 30
0.0
 11
1064.25984557794
 21
-447.8933850035169
 31
0.0
  0
LINE
  5
87CD
330
203
100
AcDbEntity
  8
0
  6
Continuous
100
AcDbLine
 10
1161.09359557794
 20
-472.493385003517
 30
0.0
 11
1148.09359557794
 21
-472.493385003517
 31
0.0
  0
LINE
  5
87CE
330
203
100
AcDbEntity
  8
0
  6
Continuous
 62
     7
100
AcDbLine
 10
1130.14734557794
 20
-472.493385003517
 30
0.0
 11
1117.14734557794
 21
-472.493385003517
 31
0.0
  0
LINE
  5
87CF
330
203
100
AcDbEntity
  8
0
  6
Continuous
 62
     7
100
AcDbLine
 10
1111.09734557794
 20
-472.493385003517
 30
0.0
 11
1098.09734557794
 21
-472.493385003517
 31
0.0
  0
LINE
  5
87D0
330
203
100
AcDbEntity
  8
0
  6
Continuous
 62
     7
100
AcDbLine
 10
1092.04734557794
 20
-472.493385003517
 30
0.0
 11
1079.04734557794
 21
-472.493385003517
 31
0.0
  0
LINE
  5
87D1
330
203
100
AcDbEntity
  8
0
  6
Continuous
 62
     7
100
AcDbLine
 10
1072.99734557794
 20
-472.493385003517
 30
0.0
 11
1059.99734557794
 21
-472.493385003517
 31
0.0
  0
LINE
  5
87D2
330
203
100
AcDbEntity
  8
0
  6
Continuous
 62
     7
100
AcDbLine
 10
1053.94734557794
 20
-472.493385003517
 30
0.0
 11
1040.94734557794
 21
-472.493385003517
 31
0.0
  0
LINE
  5
87D3
330
203
100
AcDbEntity
  8
0
  6
Continuous
 62
     7
100
AcDbLine
 10
1034.89734557794
 20
-472.493385003517
 30
0.0
 11
1021.89734557794
 21
-472.493385003517
 31
0.0
  0
LINE
  5
87D4
330
203
100
AcDbEntity
  8
0
  6
Continuous
 62
     7
100
AcDbLine
 10
1015.84734557794
 20
-472.493385003517
 30
0.0
 11
1002.84734557794
 21
-472.493385003517
 31
0.0
  0
LINE
  5
87D5
330
203
100
AcDbEntity
  8
0
  6
Continuous
 62
     7
100
AcDbLine
 10
996.7973455779404
 20
-472.493385003517
 30
0.0
 11
983.7973455779403
 21
-472.493385003517
 31
0.0
  0
LINE
  5
87D6
330
203
100
AcDbEntity
  8
0
  6
Continuous
 62
     7
100
AcDbLine
 10
977.7473455779404
 20
-472.493385003517
 30
0.0
 11
964.7473455779405
 21
-472.493385003517
 31
0.0
  0
LINE
  5
87D7
330
203
100
AcDbEntity
  8
0
  6
Continuous
 62
     7
100
AcDbLine
 10
958.6973455779403
 20
-472.493385003517
 30
0.0
 11
945.6973455779403
 21
-472.493385003517
 31
0.0
  0
LINE
  5
87D8
330
203
100
AcDbEntity
  8
0
  6
Continuous
 62
     7
100
AcDbLine
 10
939.6473455779403
 20
-472.493385003517
 30
0.0
 11
926.6473455779403
 21
-472.493385003517
 31
0.0
  0
LINE
  5
87D9
330
203
100
AcDbEntity
  8
0
  6
Continuous
 62
     7
100
AcDbLine
 10
913.4535955779403
 20
-472.493385003517
 30
0.0
 11
895.6910955779404
 21
-472.493385003517
 31
0.0
  0
LINE
  5
8818
330
203
100
AcDbEntity
  8
0
  6
Continuous
 62
     7
100
AcDbLine
 10
898.0723455779404
 20
-467.4433850035169
 30
0.0
 11
911.0723455779403
 21
-467.4433850035169
 31
0.0
  0
LINE
  5
8819
330
203
100
AcDbEntity
  8
0
  6
Continuous
 62
     7
100
AcDbLine
 10
921.8848455779404
 20
-467.4433850035169
 30
0.0
 11
934.8848455779403
 21
-467.4433850035169
 31
0.0
  0
LINE
  5
881A
330
203
100
AcDbEntity
  8
0
  6
Continuous
 62
     7
100
AcDbLine
 10
940.9348455779404
 20
-467.4433850035169
 30
0.0
 11
953.9348455779403
 21
-467.4433850035169
 31
0.0
  0
LINE
  5
881B
330
203
100
AcDbEntity
  8
0
  6
Continuous
 62
     7
100
AcDbLine
 10
959.9848455779405
 20
-467.4433850035169
 30
0.0
 11
972.9848455779404
 21
-467.4433850035169
 31
0.0
  0
LINE
  5
881C
330
203
100
AcDbEntity
  8
0
  6
Continuous
 62
     7
100
AcDbLine
 10
979.0348455779403
 20
-467.4433850035169
 30
0.0
 11
992.0348455779404
 21
-467.4433850035169
 31
0.0
  0
LINE
  5
881D
330
203
100
AcDbEntity
  8
0
  6
Continuous
 62
     7
100
AcDbLine
 10
998.0848455779403
 20
-467.4433850035169
 30
0.0
 11
1011.08484557794
 21
-467.4433850035169
 31
0.0
  0
LINE
  5
881E
330
203
100
AcDbEntity
  8
0
  6
Continuous
 62
     7
100
AcDbLine
 10
1017.13484557794
 20
-467.4433850035169
 30
0.0
 11
1030.13484557794
 21
-467.4433850035169
 31
0.0
  0
LINE
  5
881F
330
203
100
AcDbEntity
  8
0
  6
Continuous
 62
     7
100
AcDbLine
 10
1036.18484557794
 20
-467.4433850035169
 30
0.0
 11
1049.18484557794
 21
-467.4433850035169
 31
0.0
  0
LINE
  5
8820
330
203
100
AcDbEntity
  8
0
  6
Continuous
 62
     7
100
AcDbLine
 10
1055.23484557794
 20
-467.4433850035169
 30
0.0
 11
1068.23484557794
 21
-467.4433850035169
 31
0.0
  0
LINE
  5
8821
330
203
100
AcDbEntity
  8
0
  6
Continuous
 62
     7
100
AcDbLine
 10
1074.28484557794
 20
-467.4433850035169
 30
0.0
 11
1087.28484557794
 21
-467.4433850035169
 31
0.0
  0
LINE
  5
8822
330
203
100
AcDbEntity
  8
0
  6
Continuous
 62
     7
100
AcDbLine
 10
1093.33484557794
 20
-467.4433850035169
 30
0.0
 11
1106.33484557794
 21
-467.4433850035169
 31
0.0
  0
LINE
  5
8823
330
203
100
AcDbEntity
  8
0
  6
Continuous
 62
     7
100
AcDbLine
 10
1112.38484557794
 20
-467.4433850035169
 30
0.0
 11
1125.38484557794
 21
-467.4433850035169
 31
0.0
  0
LINE
  5
8824
330
203
100
AcDbEntity
  8
0
  6
Continuous
 62
     7
100
AcDbLine
 10
1131.43484557794
 20
-467.4433850035169
 30
0.0
 11
1144.43484557794
 21
-467.4433850035169
 31
0.0
  0
LINE
  5
8825
330
203
100
AcDbEntity
  8
0
  6
Continuous
100
AcDbLine
 10
1155.24734557794
 20
-467.4433850035169
 30
0.0
 11
1168.24734557794
 21
-467.4433850035169
 31
0.0
  0
LINE
  5
8826
330
203
100
AcDbEntity
  8
0
  6
Continuous
 62
     7
100
AcDbLine
 10
1183.81984557794
 20
-467.4433850035169
 30
0.0
 11
1196.81984557794
 21
-467.4433850035169
 31
0.0
  0
LINE
  5
8827
330
203
100
AcDbEntity
  8
0
  6
Continuous
 62
     7
100
AcDbLine
 10
1202.86984557794
 20
-467.4433850035169
 30
0.0
 11
1215.86984557794
 21
-467.4433850035169
 31
0.0
  0
LINE
  5
8828
330
203
100
AcDbEntity
  8
0
  6
Continuous
 62
     7
100
AcDbLine
 10
1221.91984557794
 20
-467.4433850035169
 30
0.0
 11
1234.91984557794
 21
-467.4433850035169
 31
0.0
  0
LINE
  5
882B
330
203
100
AcDbEntity
  8
0
  6
Continuous
 62
     7
100
AcDbLine
 10
1068.73484557794
 20
-466.9433850035169
 30
0.0
 11
1068.73484557794
 21
-453.943385003517
 31
0.0
  0
LINE
  5
882C
330
203
100
AcDbEntity
  8
0
  6
Continuous
 62
     7
100
AcDbLine
 10
1068.73484557794
 20
-424.0733850035169
 30
0.0
 11
1068.73484557794
 21
-411.073385003517
 31
0.0
  0
LINE
  5
882D
330
203
100
AcDbEntity
  8
0
  6
Continuous
 62
     7
100
AcDbLine
 10
1069.02234557794
 20
-492.0433850035169
 30
0.0
 11
1069.02234557794
 21
-505.0433850035169
 31
0.0
  0
LINE
  5
8836
330
203
100
AcDbEntity
  8
0
  6
Continuous
 62
     7
100
AcDbLine
 10
1073.49734557794
 20
-485.993385003517
 30
0.0
 11
1073.49734557794
 21
-472.993385003517
 31
0.0
  0
LINE
  5
8837
330
203
100
AcDbEntity
  8
0
  6
Continuous
 62
     7
100
AcDbLine
 10
1073.78484557794
 20
-453.943385003517
 30
0.0
 11
1073.78484557794
 21
-466.9433850035169
 31
0.0
  0
LINE
  5
883E
330
203
100
AcDbEntity
  8
0
  6
Continuous
 62
     7
100
AcDbLine
 10
1234.91984557794
 20
-453.443385003517
 30
0.0
 11
1221.91984557794
 21
-453.443385003517
 31
0.0
  0
LINE
  5
883F
330
203
100
AcDbEntity
  8
0
  6
Continuous
 62
     7
100
AcDbLine
 10
1215.86984557794
 20
-453.443385003517
 30
0.0
 11
1202.86984557794
 21
-453.443385003517
 31
0.0
  0
LINE
  5
8840
330
203
100
AcDbEntity
  8
0
  6
Continuous
 62
     7
100
AcDbLine
 10
1196.81984557794
 20
-453.443385003517
 30
0.0
 11
1183.81984557794
 21
-453.443385003517
 31
0.0
  0
LINE
  5
8841
330
203
100
AcDbEntity
  8
0
  6
Continuous
100
AcDbLine
 10
1168.24734557794
 20
-453.443385003517
 30
0.0
 11
1155.24734557794
 21
-453.443385003517
 31
0.0
  0
LINE
  5
8842
330
203
100
AcDbEntity
  8
0
  6
Continuous
 62
     7
100
AcDbLine
 10
1144.43484557794
 20
-453.443385003517
 30
0.0
 11
1131.43484557794
 21
-453.443385003517
 31
0.0
  0
LINE
  5
8843
330
203
100
AcDbEntity
  8
0
  6
Continuous
 62
     7
100
AcDbLine
 10
1125.38484557794
 20
-453.443385003517
 30
0.0
 11
1112.38484557794
 21
-453.443385003517
 31
0.0
  0
LINE
  5
8844
330
203
100
AcDbEntity
  8
0
  6
Continuous
 62
     7
100
AcDbLine
 10
1106.33484557794
 20
-453.443385003517
 30
0.0
 11
1093.33484557794
 21
-453.443385003517
 31
0.0
  0
LINE
  5
8845
330
203
100
AcDbEntity
  8
0
  6
Continuous
 62
     7
100
AcDbLine
 10
1087.28484557794
 20
-453.443385003517
 30
0.0
 11
1074.28484557794
 21
-453.443385003517
 31
0.0
  0
LINE
  5
8846
330
203
100
AcDbEntity
  8
0
  6
Continuous
 62
     7
100
AcDbLine
 10
1068.23484557794
 20
-453.443385003517
 30
0.0
 11
1055.23484557794
 21
-453.443385003517
 31
0.0
  0
LINE
  5
8847
330
203
100
AcDbEntity
  8
0
  6
Continuous
 62
     7
100
AcDbLine
 10
1049.18484557794
 20
-453.443385003517
 30
0.0
 11
1036.18484557794
 21
-453.443385003517
 31
0.0
  0
LINE
  5
8848
330
203
100
AcDbEntity
  8
0
  6
Continuous
 62
     7
100
AcDbLine
 10
1030.13484557794
 20
-453.443385003517
 30
0.0
 11
1017.13484557794
 21
-453.443385003517
 31
0.0
  0
LINE
  5
8849
330
203
100
AcDbEntity
  8
0
  6
Continuous
 62
     7
100
AcDbLine
 10
1011.08484557794
 20
-453.443385003517
 30
0.0
 11
998.0848455779403
 21
-453.443385003517
 31
0.0
  0
LINE
  5
884A
330
203
100
AcDbEntity
  8
0
  6
Continuous
 62
     7
100
AcDbLine
 10
992.0348455779404
 20
-453.443385003517
 30
0.0
 11
979.0348455779403
 21
-453.443385003517
 31
0.0
  0
LINE
  5
884B
330
203
100
AcDbEntity
  8
0
  6
Continuous
 62
     7
100
AcDbLine
 10
972.9848455779404
 20
-453.443385003517
 30
0.0
 11
959.9848455779405
 21
-453.443385003517
 31
0.0
  0
LINE
  5
884C
330
203
100
AcDbEntity
  8
0
  6
Continuous
 62
     7
100
AcDbLine
 10
953.9348455779403
 20
-453.443385003517
 30
0.0
 11
940.9348455779404
 21
-453.443385003517
 31
0.0
  0
LINE
  5
884D
330
203
100
AcDbEntity
  8
0
  6
Continuous
 62
     7
100
AcDbLine
 10
934.8848455779403
 20
-453.443385003517
 30
0.0
 11
921.8848455779404
 21
-453.443385003517
 31
0.0
  0
LINE
  5
884E
330
203
100
AcDbEntity
  8
0
  6
Continuous
 62
     7
100
AcDbLine
 10
911.0723455779403
 20
-453.443385003517
 30
0.0
 11
898.0723455779404
 21
-453.443385003517
 31
0.0
  0
LINE
  5
884F
330
203
100
AcDbEntity
  8
0
  6
Continuous
 62
     7
100
AcDbLine
 10
1078.25984557794
 20
-447.8933850035169
 30
0.0
 11
1078.25984557794
 21
-434.8933850035169
 31
0.0
  0
LINE
  5
8850
330
203
100
AcDbEntity
  8
0
  6
Continuous
 62
     7
100
AcDbLine
 10
1078.54734557794
 20
-411.073385003517
 30
0.0
 11
1078.54734557794
 21
-424.0733850035169
 31
0.0
  0
LINE
  5
8851
330
203
100
AcDbEntity
  8
0
  6
Continuous
 62
     7
100
AcDbLine
 10
1078.54734557794
 20
-472.993385003517
 30
0.0
 11
1078.54734557794
 21
-485.993385003517
 31
0.0
  0
LINE
  5
8856
330
203
100
AcDbEntity
  8
0
  6
Continuous
 62
     7
100
AcDbLine
 10
1083.02234557794
 20
-505.0433850035169
 30
0.0
 11
1083.02234557794
 21
-492.0433850035169
 31
0.0
  0
LINE
  5
8857
330
203
100
AcDbEntity
  8
0
  6
Continuous
 62
     7
100
AcDbLine
 10
1083.30984557794
 20
-434.8933850035169
 30
0.0
 11
1083.30984557794
 21
-447.8933850035169
 31
0.0
  0
LINE
  5
885D
330
203
100
AcDbEntity
  8
0
  6
Continuous
 62
     7
100
AcDbLine
 10
1087.78484557794
 20
-466.9433850035169
 30
0.0
 11
1087.78484557794
 21
-453.943385003517
 31
0.0
  0
LINE
  5
885E
330
203
100
AcDbEntity
  8
0
  6
Continuous
 62
     7
100
AcDbLine
 10
1088.07234557794
 20
-492.0433850035169
 30
0.0
 11
1088.07234557794
 21
-505.0433850035169
 31
0.0
  0
LINE
  5
88C9
330
203
100
AcDbEntity
  8
0
  6
Continuous
 62
     7
100
AcDbLine
 10
893.2998455779404
 20
-448.3933850035169
 30
0.0
 11
906.2998455779405
 21
-448.3933850035169
 31
0.0
  0
LINE
  5
88CA
330
203
100
AcDbEntity
  8
0
  6
Continuous
 62
     7
100
AcDbLine
 10
912.3498455779404
 20
-448.3933850035169
 30
0.0
 11
925.3498455779403
 21
-448.3933850035169
 31
0.0
  0
LINE
  5
88CB
330
203
100
AcDbEntity
  8
0
  6
Continuous
 62
     7
100
AcDbLine
 10
931.3998455779403
 20
-448.3933850035169
 30
0.0
 11
944.3998455779404
 21
-448.3933850035169
 31
0.0
  0
LINE
  5
88CC
330
203
100
AcDbEntity
  8
0
  6
Continuous
 62
     7
100
AcDbLine
 10
950.4498455779403
 20
-448.3933850035169
 30
0.0
 11
963.4498455779404
 21
-448.3933850035169
 31
0.0
  0
LINE
  5
88CD
330
203
100
AcDbEntity
  8
0
  6
Continuous
 62
     7
100
AcDbLine
 10
969.5098455779403
 20
-448.3933850035169
 30
0.0
 11
982.5098455779404
 21
-448.3933850035169
 31
0.0
  0
LINE
  5
88CE
330
203
100
AcDbEntity
  8
0
  6
Continuous
 62
     7
100
AcDbLine
 10
988.0598455779404
 20
-448.3933850035169
 30
0.0
 11
1001.55984557794
 21
-448.3933850035169
 31
0.0
  0
LINE
  5
88CF
330
203
100
AcDbEntity
  8
0
  6
Continuous
 62
     7
100
AcDbLine
 10
1007.60984557794
 20
-448.3933850035169
 30
0.0
 11
1020.60984557794
 21
-448.3933850035169
 31
0.0
  0
LINE
  5
88D0
330
203
100
AcDbEntity
  8
0
  6
Continuous
 62
     7
100
AcDbLine
 10
1026.65984557794
 20
-448.3933850035169
 30
0.0
 11
1039.65984557794
 21
-448.3933850035169
 31
0.0
  0
LINE
  5
88D1
330
203
100
AcDbEntity
  8
0
  6
Continuous
 62
     7
100
AcDbLine
 10
1045.70984557794
 20
-448.3933850035169
 30
0.0
 11
1058.70984557794
 21
-448.3933850035169
 31
0.0
  0
LINE
  5
88D2
330
203
100
AcDbEntity
  8
0
  6
Continuous
 62
     7
100
AcDbLine
 10
1064.75984557794
 20
-448.3933850035169
 30
0.0
 11
1077.75984557794
 21
-448.3933850035169
 31
0.0
  0
LINE
  5
88D3
330
203
100
AcDbEntity
  8
0
  6
Continuous
 62
     7
100
AcDbLine
 10
1083.80984557794
 20
-448.3933850035169
 30
0.0
 11
1096.80984557794
 21
-448.3933850035169
 31
0.0
  0
LINE
  5
88D4
330
203
100
AcDbEntity
  8
0
  6
Continuous
 62
     7
100
AcDbLine
 10
1102.85984557794
 20
-448.3933850035169
 30
0.0
 11
1115.85984557794
 21
-448.3933850035169
 31
0.0
  0
LINE
  5
88D5
330
203
100
AcDbEntity
  8
0
  6
Continuous
 62
     7
100
AcDbLine
 10
1121.90984557794
 20
-448.3933850035169
 30
0.0
 11
1134.90984557794
 21
-448.3933850035169
 31
0.0
  0
LINE
  5
88D6
330
203
100
AcDbEntity
  8
0
  6
Continuous
 62
     7
100
AcDbLine
 10
1183.81984557794
 20
-448.3933850035169
 30
0.0
 11
1196.81984557794
 21
-448.3933850035169
 31
0.0
  0
LINE
  5
88D7
330
203
100
AcDbEntity
  8
0
  6
Continuous
 62
     7
100
AcDbLine
 10
1202.86984557794
 20
-448.3933850035169
 30
0.0
 11
1215.86984557794
 21
-448.3933850035169
 31
0.0
  0
LINE
  5
88D8
330
203
100
AcDbEntity
  8
0
  6
Continuous
 62
     7
100
AcDbLine
 10
1221.91984557794
 20
-448.3933850035169
 30
0.0
 11
1234.91984557794
 21
-448.3933850035169
 31
0.0
  0
LINE
  5
88D9
330
203
100
AcDbEntity
  8
0
  6
Continuous
100
AcDbLine
 10
1150.47484557794
 20
-448.3858850035169
 30
0.0
 11
1163.47484557794
 21
-448.3858850035169
 31
0.0
  0
LINE
  5
88DC
330
203
100
AcDbEntity
  8
0
  6
Continuous
 62
     7
100
AcDbLine
 10
1092.54734557794
 20
-485.993385003517
 30
0.0
 11
1092.54734557794
 21
-472.993385003517
 31
0.0
  0
LINE
  5
88DD
330
203
100
AcDbEntity
  8
0
  6
Continuous
 62
     7
100
AcDbLine
 10
1092.54734557794
 20
-424.0733850035169
 30
0.0
 11
1092.54734557794
 21
-411.073385003517
 31
0.0
  0
LINE
  5
88DE
330
203
100
AcDbEntity
  8
0
  6
Continuous
 62
     7
100
AcDbLine
 10
1092.83484557794
 20
-453.943385003517
 30
0.0
 11
1092.83484557794
 21
-466.9433850035169
 31
0.0
  0
LINE
  5
88E8
330
203
100
AcDbEntity
  8
0
  6
Continuous
 62
     7
100
AcDbLine
 10
1097.30984557794
 20
-447.8933850035169
 30
0.0
 11
1097.30984557794
 21
-434.8933850035169
 31
0.0
  0
LINE
  5
88E9
330
203
100
AcDbEntity
  8
0
  6
Continuous
 62
     7
100
AcDbLine
 10
1097.59734557794
 20
-411.073385003517
 30
0.0
 11
1097.59734557794
 21
-424.0733850035169
 31
0.0
  0
LINE
  5
88EA
330
203
100
AcDbEntity
  8
0
  6
Continuous
 62
     7
100
AcDbLine
 10
1097.59734557794
 20
-472.993385003517
 30
0.0
 11
1097.59734557794
 21
-485.993385003517
 31
0.0
  0
LINE
  5
88EF
330
203
100
AcDbEntity
  8
0
  6
Continuous
 62
     7
100
AcDbLine
 10
1102.07234557794
 20
-505.0433850035169
 30
0.0
 11
1102.07234557794
 21
-492.0433850035169
 31
0.0
  0
LINE
  5
88F0
330
203
100
AcDbEntity
  8
0
  6
Continuous
 62
     7
100
AcDbLine
 10
1102.35984557794
 20
-434.8933850035169
 30
0.0
 11
1102.35984557794
 21
-447.8933850035169
 31
0.0
  0
LINE
  5
88F3
330
203
100
AcDbEntity
  8
0
  6
Continuous
 62
     7
100
AcDbLine
 10
1234.91984557794
 20
-434.393385003517
 30
0.0
 11
1221.91984557794
 21
-434.393385003517
 31
0.0
  0
LINE
  5
88F4
330
203
100
AcDbEntity
  8
0
  6
Continuous
 62
     7
100
AcDbLine
 10
1215.86984557794
 20
-434.393385003517
 30
0.0
 11
1202.86984557794
 21
-434.393385003517
 31
0.0
  0
LINE
  5
88F5
330
203
100
AcDbEntity
  8
0
  6
Continuous
 62
     7
100
AcDbLine
 10
1196.81984557794
 20
-434.393385003517
 30
0.0
 11
1183.81984557794
 21
-434.393385003517
 31
0.0
  0
LINE
  5
88F6
330
203
100
AcDbEntity
  8
0
  6
Continuous
 62
     7
100
AcDbLine
 10
1134.90984557794
 20
-434.393385003517
 30
0.0
 11
1121.90984557794
 21
-434.393385003517
 31
0.0
  0
LINE
  5
88F7
330
203
100
AcDbEntity
  8
0
  6
Continuous
 62
     7
100
AcDbLine
 10
1115.85984557794
 20
-434.393385003517
 30
0.0
 11
1102.85984557794
 21
-434.393385003517
 31
0.0
  0
LINE
  5
88F8
330
203
100
AcDbEntity
  8
0
  6
Continuous
 62
     7
100
AcDbLine
 10
1096.80984557794
 20
-434.393385003517
 30
0.0
 11
1083.80984557794
 21
-434.393385003517
 31
0.0
  0
LINE
  5
88F9
330
203
100
AcDbEntity
  8
0
  6
Continuous
 62
     7
100
AcDbLine
 10
1077.75984557794
 20
-434.393385003517
 30
0.0
 11
1064.75984557794
 21
-434.393385003517
 31
0.0
  0
LINE
  5
88FA
330
203
100
AcDbEntity
  8
0
  6
Continuous
 62
     7
100
AcDbLine
 10
1058.70984557794
 20
-434.393385003517
 30
0.0
 11
1045.70984557794
 21
-434.393385003517
 31
0.0
  0
LINE
  5
88FB
330
203
100
AcDbEntity
  8
0
  6
Continuous
 62
     7
100
AcDbLine
 10
1039.65984557794
 20
-434.393385003517
 30
0.0
 11
1026.65984557794
 21
-434.393385003517
 31
0.0
  0
LINE
  5
88FC
330
203
100
AcDbEntity
  8
0
  6
Continuous
 62
     7
100
AcDbLine
 10
1020.60984557794
 20
-434.393385003517
 30
0.0
 11
1007.60984557794
 21
-434.393385003517
 31
0.0
  0
LINE
  5
88FD
330
203
100
AcDbEntity
  8
0
  6
Continuous
 62
     7
100
AcDbLine
 10
1001.55984557794
 20
-434.393385003517
 30
0.0
 11
988.0598455779404
 21
-434.393385003517
 31
0.0
  0
LINE
  5
88FE
330
203
100
AcDbEntity
  8
0
  6
Continuous
 62
     7
100
AcDbLine
 10
982.5098455779404
 20
-434.393385003517
 30
0.0
 11
969.5098455779403
 21
-434.393385003517
 31
0.0
  0
LINE
  5
88FF
330
203
100
AcDbEntity
  8
0
  6
Continuous
 62
     7
100
AcDbLine
 10
963.4498455779404
 20
-434.393385003517
 30
0.0
 11
950.4498455779403
 21
-434.393385003517
 31
0.0
  0
LINE
  5
8900
330
203
100
AcDbEntity
  8
0
  6
Continuous
 62
     7
100
AcDbLine
 10
944.3998455779404
 20
-434.393385003517
 30
0.0
 11
931.3998455779403
 21
-434.393385003517
 31
0.0
  0
LINE
  5
8901
330
203
100
AcDbEntity
  8
0
  6
Continuous
 62
     7
100
AcDbLine
 10
925.3498455779403
 20
-434.393385003517
 30
0.0
 11
912.3498455779404
 21
-434.393385003517
 31
0.0
  0
LINE
  5
8902
330
203
100
AcDbEntity
  8
0
  6
Continuous
 62
     7
100
AcDbLine
 10
906.2998455779405
 20
-434.393385003517
 30
0.0
 11
893.2998455779404
 21
-434.393385003517
 31
0.0
  0
LINE
  5
8903
330
203
100
AcDbEntity
  8
0
  6
Continuous
100
AcDbLine
 10
1163.47484557794
 20
-434.385885003517
 30
0.0
 11
1150.47484557794
 21
-434.385885003517
 31
0.0
  0
LINE
  5
8954
330
203
100
AcDbEntity
  8
0
  6
Continuous
 62
     7
100
AcDbLine
 10
1106.83484557794
 20
-466.9433850035169
 30
0.0
 11
1106.83484557794
 21
-453.943385003517
 31
0.0
  0
LINE
  5
8956
330
203
100
AcDbEntity
  8
0
  6
Continuous
 62
     7
100
AcDbLine
 10
1107.12234557794
 20
-492.0433850035169
 30
0.0
 11
1107.12234557794
 21
-505.0433850035169
 31
0.0
  0
LINE
  5
895B
330
203
100
AcDbEntity
  8
0
  6
Continuous
 62
     7
100
AcDbLine
 10
1111.59734557794
 20
-485.993385003517
 30
0.0
 11
1111.59734557794
 21
-472.993385003517
 31
0.0
  0
LINE
  5
895C
330
203
100
AcDbEntity
  8
0
  6
Continuous
 62
     7
100
AcDbLine
 10
1111.59734557794
 20
-424.0733850035169
 30
0.0
 11
1111.59734557794
 21
-411.073385003517
 31
0.0
  0
LINE
  5
895D
330
203
100
AcDbEntity
  8
0
  6
Continuous
 62
     7
100
AcDbLine
 10
1111.88484557794
 20
-453.943385003517
 30
0.0
 11
1111.88484557794
 21
-466.9433850035169
 31
0.0
  0
LINE
  5
8986
330
203
100
AcDbEntity
  8
0
  6
Continuous
 62
     7
100
AcDbLine
 10
893.2998455779404
 20
-424.5733850035169
 30
0.0
 11
906.2998455779405
 21
-424.5733850035169
 31
0.0
  0
LINE
  5
8987
330
203
100
AcDbEntity
  8
0
  6
Continuous
 62
     7
100
AcDbLine
 10
917.1123455779405
 20
-424.5733850035169
 30
0.0
 11
930.1123455779404
 21
-424.5733850035169
 31
0.0
  0
LINE
  5
8988
330
203
100
AcDbEntity
  8
0
  6
Continuous
 62
     7
100
AcDbLine
 10
936.1623455779405
 20
-424.5733850035169
 30
0.0
 11
949.1623455779404
 21
-424.5733850035169
 31
0.0
  0
LINE
  5
8989
330
203
100
AcDbEntity
  8
0
  6
Continuous
 62
     7
100
AcDbLine
 10
955.2223455779403
 20
-424.5733850035169
 30
0.0
 11
968.2223455779404
 21
-424.5733850035169
 31
0.0
  0
LINE
  5
898A
330
203
100
AcDbEntity
  8
0
  6
Continuous
 62
     7
100
AcDbLine
 10
974.2723455779403
 20
-424.5733850035169
 30
0.0
 11
987.2723455779404
 21
-424.5733850035169
 31
0.0
  0
LINE
  5
898B
330
203
100
AcDbEntity
  8
0
  6
Continuous
 62
     7
100
AcDbLine
 10
998.0848455779403
 20
-424.5733850035169
 30
0.0
 11
1011.08484557794
 21
-424.5733850035169
 31
0.0
  0
LINE
  5
898C
330
203
100
AcDbEntity
  8
0
  6
Continuous
 62
     7
100
AcDbLine
 10
1017.13484557794
 20
-424.5733850035169
 30
0.0
 11
1030.13484557794
 21
-424.5733850035169
 31
0.0
  0
LINE
  5
898D
330
203
100
AcDbEntity
  8
0
  6
Continuous
 62
     7
100
AcDbLine
 10
1036.18484557794
 20
-424.5733850035169
 30
0.0
 11
1049.18484557794
 21
-424.5733850035169
 31
0.0
  0
LINE
  5
898E
330
203
100
AcDbEntity
  8
0
  6
Continuous
 62
     7
100
AcDbLine
 10
1055.23484557794
 20
-424.5733850035169
 30
0.0
 11
1068.23484557794
 21
-424.5733850035169
 31
0.0
  0
LINE
  5
898F
330
203
100
AcDbEntity
  8
0
  6
Continuous
 62
     7
100
AcDbLine
 10
1079.04734557794
 20
-424.5733850035169
 30
0.0
 11
1092.04734557794
 21
-424.5733850035169
 31
0.0
  0
LINE
  5
8990
330
203
100
AcDbEntity
  8
0
  6
Continuous
 62
     7
100
AcDbLine
 10
1098.09734557794
 20
-424.5733850035169
 30
0.0
 11
1111.09734557794
 21
-424.5733850035169
 31
0.0
  0
LINE
  5
8991
330
203
100
AcDbEntity
  8
0
  6
Continuous
 62
     7
100
AcDbLine
 10
1117.14734557794
 20
-424.5733850035169
 30
0.0
 11
1130.14734557794
 21
-424.5733850035169
 31
0.0
  0
LINE
  5
8992
330
203
100
AcDbEntity
  8
0
  6
Continuous
 62
     7
100
AcDbLine
 10
1136.19734557794
 20
-424.5733850035169
 30
0.0
 11
1149.19734557794
 21
-424.5733850035169
 31
0.0
  0
LINE
  5
8993
330
203
100
AcDbEntity
  8
0
  6
Continuous
100
AcDbLine
 10
1160.00984557794
 20
-424.5733850035169
 30
0.0
 11
1173.00984557794
 21
-424.5733850035169
 31
0.0
  0
LINE
  5
8994
330
203
100
AcDbEntity
  8
0
  6
Continuous
 62
     7
100
AcDbLine
 10
1183.81984557794
 20
-424.5733850035169
 30
0.0
 11
1196.81984557794
 21
-424.5733850035169
 31
0.0
  0
LINE
  5
8995
330
203
100
AcDbEntity
  8
0
  6
Continuous
 62
     7
100
AcDbLine
 10
1202.86984557794
 20
-424.5733850035169
 30
0.0
 11
1215.86984557794
 21
-424.5733850035169
 31
0.0
  0
LINE
  5
8996
330
203
100
AcDbEntity
  8
0
  6
Continuous
 62
     7
100
AcDbLine
 10
1221.91984557794
 20
-424.5733850035169
 30
0.0
 11
1234.91984557794
 21
-424.5733850035169
 31
0.0
  0
LINE
  5
8999
330
203
100
AcDbEntity
  8
0
  6
Continuous
 62
     7
100
AcDbLine
 10
1116.35984557794
 20
-447.8933850035169
 30
0.0
 11
1116.35984557794
 21
-434.8933850035169
 31
0.0
  0
LINE
  5
899A
330
203
100
AcDbEntity
  8
0
  6
Continuous
 62
     7
100
AcDbLine
 10
1116.64734557794
 20
-411.073385003517
 30
0.0
 11
1116.64734557794
 21
-424.0733850035169
 31
0.0
  0
LINE
  5
899B
330
203
100
AcDbEntity
  8
0
  6
Continuous
 62
     7
100
AcDbLine
 10
1116.64734557794
 20
-472.993385003517
 30
0.0
 11
1116.64734557794
 21
-485.993385003517
 31
0.0
  0
LINE
  5
89A1
330
203
100
AcDbEntity
  8
0
  6
Continuous
 62
     7
100
AcDbLine
 10
1121.12234557794
 20
-505.0433850035169
 30
0.0
 11
1121.12234557794
 21
-492.0433850035169
 31
0.0
  0
LINE
  5
89A2
330
203
100
AcDbEntity
  8
0
  6
Continuous
 62
     7
100
AcDbLine
 10
1121.40984557794
 20
-434.8933850035169
 30
0.0
 11
1121.40984557794
 21
-447.8933850035169
 31
0.0
  0
LINE
  5
89A7
330
203
100
AcDbEntity
  8
0
  6
Continuous
 62
     7
100
AcDbLine
 10
1125.88484557794
 20
-466.9433850035169
 30
0.0
 11
1125.88484557794
 21
-453.943385003517
 31
0.0
  0
LINE
  5
89AA
330
203
100
AcDbEntity
  8
0
  6
Continuous
 62
     7
100
AcDbLine
 10
1234.91984557794
 20
-410.573385003517
 30
0.0
 11
1221.91984557794
 21
-410.573385003517
 31
0.0
  0
LINE
  5
89AB
330
203
100
AcDbEntity
  8
0
  6
Continuous
 62
     7
100
AcDbLine
 10
1215.86984557794
 20
-410.573385003517
 30
0.0
 11
1202.86984557794
 21
-410.573385003517
 31
0.0
  0
LINE
  5
89AC
330
203
100
AcDbEntity
  8
0
  6
Continuous
 62
     7
100
AcDbLine
 10
1196.81984557794
 20
-410.573385003517
 30
0.0
 11
1183.81984557794
 21
-410.573385003517
 31
0.0
  0
LINE
  5
89AD
330
203
100
AcDbEntity
  8
0
  6
Continuous
100
AcDbLine
 10
1173.00984557794
 20
-410.573385003517
 30
0.0
 11
1160.00984557794
 21
-410.573385003517
 31
0.0
  0
LINE
  5
89AE
330
203
100
AcDbEntity
  8
0
  6
Continuous
 62
     7
100
AcDbLine
 10
1149.19734557794
 20
-410.573385003517
 30
0.0
 11
1136.19734557794
 21
-410.573385003517
 31
0.0
  0
LINE
  5
89AF
330
203
100
AcDbEntity
  8
0
  6
Continuous
 62
     7
100
AcDbLine
 10
1130.14734557794
 20
-410.573385003517
 30
0.0
 11
1117.14734557794
 21
-410.573385003517
 31
0.0
  0
LINE
  5
89B0
330
203
100
AcDbEntity
  8
0
  6
Continuous
 62
     7
100
AcDbLine
 10
1111.09734557794
 20
-410.573385003517
 30
0.0
 11
1098.09734557794
 21
-410.573385003517
 31
0.0
  0
LINE
  5
89B1
330
203
100
AcDbEntity
  8
0
  6
Continuous
 62
     7
100
AcDbLine
 10
1092.04734557794
 20
-410.573385003517
 30
0.0
 11
1079.04734557794
 21
-410.573385003517
 31
0.0
  0
LINE
  5
89B2
330
203
100
AcDbEntity
  8
0
  6
Continuous
 62
     7
100
AcDbLine
 10
1068.23484557794
 20
-410.573385003517
 30
0.0
 11
1055.23484557794
 21
-410.573385003517
 31
0.0
  0
LINE
  5
89B3
330
203
100
AcDbEntity
  8
0
  6
Continuous
 62
     7
100
AcDbLine
 10
1049.18484557794
 20
-410.573385003517
 30
0.0
 11
1036.18484557794
 21
-410.573385003517
 31
0.0
  0
LINE
  5
89B4
330
203
100
AcDbEntity
  8
0
  6
Continuous
 62
     7
100
AcDbLine
 10
1030.13484557794
 20
-410.573385003517
 30
0.0
 11
1017.13484557794
 21
-410.573385003517
 31
0.0
  0
LINE
  5
89B5
330
203
100
AcDbEntity
  8
0
  6
Continuous
 62
     7
100
AcDbLine
 10
1011.08484557794
 20
-410.573385003517
 30
0.0
 11
998.0848455779403
 21
-410.573385003517
 31
0.0
  0
LINE
  5
89B6
330
203
100
AcDbEntity
  8
0
  6
Continuous
 62
     7
100
AcDbLine
 10
987.2723455779404
 20
-410.573385003517
 30
0.0
 11
974.2723455779403
 21
-410.573385003517
 31
0.0
  0
LINE
  5
89B7
330
203
100
AcDbEntity
  8
0
  6
Continuous
 62
     7
100
AcDbLine
 10
968.2223455779404
 20
-410.573385003517
 30
0.0
 11
955.2223455779403
 21
-410.573385003517
 31
0.0
  0
LINE
  5
89B8
330
203
100
AcDbEntity
  8
0
  6
Continuous
 62
     7
100
AcDbLine
 10
949.1623455779404
 20
-410.573385003517
 30
0.0
 11
936.1623455779405
 21
-410.573385003517
 31
0.0
  0
LINE
  5
89B9
330
203
100
AcDbEntity
  8
0
  6
Continuous
 62
     7
100
AcDbLine
 10
930.1123455779404
 20
-410.573385003517
 30
0.0
 11
917.1123455779405
 21
-410.573385003517
 31
0.0
  0
LINE
  5
89BA
330
203
100
AcDbEntity
  8
0
  6
Continuous
 62
     7
100
AcDbLine
 10
906.2998455779405
 20
-410.573385003517
 30
0.0
 11
893.2998455779404
 21
-410.573385003517
 31
0.0
  0
LINE
  5
8A10
330
203
100
AcDbEntity
  8
0
  6
Continuous
 62
     7
100
AcDbLine
 10
1130.64734557794
 20
-485.993385003517
 30
0.0
 11
1130.64734557794
 21
-472.993385003517
 31
0.0
  0
LINE
  5
8A11
330
203
100
AcDbEntity
  8
0
  6
Continuous
 62
     7
100
AcDbLine
 10
1130.64734557794
 20
-424.0733850035169
 30
0.0
 11
1130.64734557794
 21
-411.073385003517
 31
0.0
  0
LINE
  5
8A13
330
203
100
AcDbEntity
  8
0
  6
Continuous
 62
     7
100
AcDbLine
 10
1130.93484557794
 20
-453.943385003517
 30
0.0
 11
1130.93484557794
 21
-466.9433850035169
 31
0.0
  0
LINE
  5
8A1B
330
203
100
AcDbEntity
  8
0
  6
Continuous
 62
     7
100
AcDbLine
 10
1135.40984557794
 20
-447.8933850035169
 30
0.0
 11
1135.40984557794
 21
-434.8933850035169
 31
0.0
  0
LINE
  5
8A1C
330
203
100
AcDbEntity
  8
0
  6
Continuous
 62
     7
100
AcDbLine
 10
1135.69734557794
 20
-411.073385003517
 30
0.0
 11
1135.69734557794
 21
-424.0733850035169
 31
0.0
  0
LINE
  5
8A27
330
203
100
AcDbEntity
  8
0
  6
Continuous
100
AcDbLine
 10
1142.84109557794
 20
-492.0433850035169
 30
0.0
 11
1142.84109557794
 21
-505.0433850035169
 31
0.0
  0
LINE
  5
8A29
330
203
100
AcDbEntity
  8
0
  6
Continuous
100
AcDbLine
 10
1144.93484557794
 20
-466.9433850035169
 30
0.0
 11
1144.93484557794
 21
-453.943385003517
 31
0.0
  0
LINE
  5
8A31
330
203
100
AcDbEntity
  8
0
  6
Continuous
100
AcDbLine
 10
1147.59359557794
 20
-472.993385003517
 30
0.0
 11
1147.59359557794
 21
-485.993385003517
 31
0.0
  0
LINE
  5
8A35
330
203
100
AcDbEntity
  8
0
  6
Continuous
100
AcDbLine
 10
1149.69734557794
 20
-424.0733850035169
 30
0.0
 11
1149.69734557794
 21
-411.073385003517
 31
0.0
  0
LINE
  5
8A36
330
203
100
AcDbEntity
  8
0
  6
Continuous
100
AcDbLine
 10
1149.97484557794
 20
-434.885885003517
 30
0.0
 11
1149.97484557794
 21
-447.885885003517
 31
0.0
  0
LINE
  5
8A3E
330
203
100
AcDbEntity
  8
0
  6
Continuous
100
AcDbLine
 10
1154.74734557794
 20
-453.943385003517
 30
0.0
 11
1154.74734557794
 21
-466.9433850035169
 31
0.0
  0
LINE
  5
8A3F
330
203
100
AcDbEntity
  8
0
  6
Continuous
100
AcDbLine
 10
1156.84109557794
 20
-505.0433850035169
 30
0.0
 11
1156.84109557794
 21
-492.0433850035169
 31
0.0
  0
LINE
  5
8A44
330
203
100
AcDbEntity
  8
0
  6
Continuous
100
AcDbLine
 10
1159.50984557794
 20
-411.073385003517
 30
0.0
 11
1159.50984557794
 21
-424.0733850035169
 31
0.0
  0
LINE
  5
8A45
330
203
100
AcDbEntity
  8
0
  6
Continuous
100
AcDbLine
 10
1161.59359557794
 20
-485.993385003517
 30
0.0
 11
1161.59359557794
 21
-472.993385003517
 31
0.0
  0
LINE
  5
8A49
330
203
100
AcDbEntity
  8
0
  6
Continuous
100
AcDbLine
 10
1163.97484557794
 20
-447.885885003517
 30
0.0
 11
1163.97484557794
 21
-434.885885003517
 31
0.0
  0
LINE
  5
8A51
330
203
100
AcDbEntity
  8
0
  6
Continuous
100
AcDbLine
 10
1168.74734557794
 20
-466.9433850035169
 30
0.0
 11
1168.74734557794
 21
-453.943385003517
 31
0.0
  0
LINE
  5
8A58
330
203
100
AcDbEntity
  8
0
  6
Continuous
100
AcDbLine
 10
1173.50984557794
 20
-424.0733850035169
 30
0.0
 11
1173.50984557794
 21
-411.073385003517
 31
0.0
  0
LINE
  5
8A69
330
203
100
AcDbEntity
  8
0
  6
Continuous
 62
     7
100
AcDbLine
 10
1183.31984557794
 20
-411.073385003517
 30
0.0
 11
1183.31984557794
 21
-424.0733850035169
 31
0.0
  0
LINE
  5
8A6A
330
203
100
AcDbEntity
  8
0
  6
Continuous
 62
     7
100
AcDbLine
 10
1183.31984557794
 20
-434.8933850035169
 30
0.0
 11
1183.31984557794
 21
-447.8933850035169
 31
0.0
  0
LINE
  5
8A6B
330
203
100
AcDbEntity
  8
0
  6
Continuous
 62
     7
100
AcDbLine
 10
1183.31984557794
 20
-453.943385003517
 30
0.0
 11
1183.31984557794
 21
-466.9433850035169
 31
0.0
  0
LINE
  5
8A6C
330
203
100
AcDbEntity
  8
0
  6
Continuous
 62
     7
100
AcDbLine
 10
1183.31984557794
 20
-511.0933850035169
 30
0.0
 11
1183.31984557794
 21
-524.0933850035169
 31
0.0
  0
LINE
  5
8A6D
330
203
100
AcDbEntity
  8
0
  6
Continuous
 62
     7
100
AcDbLine
 10
1197.31984557794
 20
-524.0933850035169
 30
0.0
 11
1197.31984557794
 21
-511.0933850035169
 31
0.0
  0
LINE
  5
8A6E
330
203
100
AcDbEntity
  8
0
  6
Continuous
 62
     7
100
AcDbLine
 10
1197.31984557794
 20
-466.9433850035169
 30
0.0
 11
1197.31984557794
 21
-453.943385003517
 31
0.0
  0
LINE
  5
8A6F
330
203
100
AcDbEntity
  8
0
  6
Continuous
 62
     7
100
AcDbLine
 10
1197.31984557794
 20
-447.8933850035169
 30
0.0
 11
1197.31984557794
 21
-434.8933850035169
 31
0.0
  0
LINE
  5
8A70
330
203
100
AcDbEntity
  8
0
  6
Continuous
 62
     7
100
AcDbLine
 10
1197.31984557794
 20
-424.0733850035169
 30
0.0
 11
1197.31984557794
 21
-411.073385003517
 31
0.0
  0
LINE
  5
8A83
330
203
100
AcDbEntity
  8
0
  6
Continuous
 62
     7
100
AcDbLine
 10
1202.36984557794
 20
-411.073385003517
 30
0.0
 11
1202.36984557794
 21
-424.0733850035169
 31
0.0
  0
LINE
  5
8A84
330
203
100
AcDbEntity
  8
0
  6
Continuous
 62
     7
100
AcDbLine
 10
1202.36984557794
 20
-434.8933850035169
 30
0.0
 11
1202.36984557794
 21
-447.8933850035169
 31
0.0
  0
LINE
  5
8A85
330
203
100
AcDbEntity
  8
0
  6
Continuous
 62
     7
100
AcDbLine
 10
1202.36984557794
 20
-453.943385003517
 30
0.0
 11
1202.36984557794
 21
-466.9433850035169
 31
0.0
  0
LINE
  5
8A86
330
203
100
AcDbEntity
  8
0
  6
Continuous
 62
     7
100
AcDbLine
 10
1202.36984557794
 20
-492.0433850035169
 30
0.0
 11
1202.36984557794
 21
-505.0433850035169
 31
0.0
  0
LINE
  5
8A87
330
203
100
AcDbEntity
  8
0
  6
Continuous
 62
     7
100
AcDbLine
 10
1202.36984557794
 20
-511.0933850035169
 30
0.0
 11
1202.36984557794
 21
-524.0933850035169
 31
0.0
  0
LINE
  5
8A88
330
203
100
AcDbEntity
  8
0
  6
Continuous
 62
     7
100
AcDbLine
 10
1216.36984557794
 20
-524.0933850035169
 30
0.0
 11
1216.36984557794
 21
-511.0933850035169
 31
0.0
  0
LINE
  5
8A89
330
203
100
AcDbEntity
  8
0
  6
Continuous
 62
     7
100
AcDbLine
 10
1216.36984557794
 20
-505.0433850035169
 30
0.0
 11
1216.36984557794
 21
-492.0433850035169
 31
0.0
  0
LINE
  5
8A8A
330
203
100
AcDbEntity
  8
0
  6
Continuous
 62
     7
100
AcDbLine
 10
1216.36984557794
 20
-466.9433850035169
 30
0.0
 11
1216.36984557794
 21
-453.943385003517
 31
0.0
  0
LINE
  5
8A8B
330
203
100
AcDbEntity
  8
0
  6
Continuous
 62
     7
100
AcDbLine
 10
1216.36984557794
 20
-447.8933850035169
 30
0.0
 11
1216.36984557794
 21
-434.8933850035169
 31
0.0
  0
LINE
  5
8A8C
330
203
100
AcDbEntity
  8
0
  6
Continuous
 62
     7
100
AcDbLine
 10
1216.36984557794
 20
-424.0733850035169
 30
0.0
 11
1216.36984557794
 21
-411.073385003517
 31
0.0
  0
LINE
  5
8A9F
330
203
100
AcDbEntity
  8
0
  6
Continuous
 62
     7
100
AcDbLine
 10
1221.41984557794
 20
-411.073385003517
 30
0.0
 11
1221.41984557794
 21
-424.0733850035169
 31
0.0
  0
LINE
  5
8AA0
330
203
100
AcDbEntity
  8
0
  6
Continuous
 62
     7
100
AcDbLine
 10
1221.41984557794
 20
-434.8933850035169
 30
0.0
 11
1221.41984557794
 21
-447.8933850035169
 31
0.0
  0
LINE
  5
8AA1
330
203
100
AcDbEntity
  8
0
  6
Continuous
 62
     7
100
AcDbLine
 10
1221.41984557794
 20
-453.943385003517
 30
0.0
 11
1221.41984557794
 21
-466.9433850035169
 31
0.0
  0
LINE
  5
8AA2
330
203
100
AcDbEntity
  8
0
  6
Continuous
 62
     7
100
AcDbLine
 10
1221.41984557794
 20
-511.0933850035169
 30
0.0
 11
1221.41984557794
 21
-524.0933850035169
 31
0.0
  0
LINE
  5
8AA3
330
203
100
AcDbEntity
  8
0
  6
Continuous
 62
     7
100
AcDbLine
 10
1235.41984557794
 20
-524.0933850035169
 30
0.0
 11
1235.41984557794
 21
-511.0933850035169
 31
0.0
  0
LINE
  5
8AA4
330
203
100
AcDbEntity
  8
0
  6
Continuous
 62
     7
100
AcDbLine
 10
1235.41984557794
 20
-466.9433850035169
 30
0.0
 11
1235.41984557794
 21
-453.943385003517
 31
0.0
  0
LINE
  5
8AA5
330
203
100
AcDbEntity
  8
0
  6
Continuous
 62
     7
100
AcDbLine
 10
1235.41984557794
 20
-447.8933850035169
 30
0.0
 11
1235.41984557794
 21
-434.8933850035169
 31
0.0
  0
LINE
  5
8AA6
330
203
100
AcDbEntity
  8
0
  6
Continuous
 62
     7
100
AcDbLine
 10
1235.41984557794
 20
-424.0733850035169
 30
0.0
 11
1235.41984557794
 21
-411.073385003517
 31
0.0
  0
ARC
  5
8AC9
330
203
100
AcDbEntity
  8
0
  6
Continuous
100
AcDbCircle
 10
905.2060705779403
 20
-505.0433850035169
 30
0.0
 40
0.5
100
AcDbArc
 50
180.0
 51
270.0
  0
ARC
  5
8ACA
330
203
100
AcDbEntity
  8
0
  6
Continuous
100
AcDbCircle
 10
918.2060705779404
 20
-505.0433850035169
 30
0.0
 40
0.5
100
AcDbArc
 50
270.0
 51
0.0
  0
ARC
  5
8AEB
330
203
100
AcDbEntity
  8
0
  6
Continuous
 62
     7
100
AcDbCircle
 10
936.1723455779404
 20
-505.0433850035169
 30
0.0
 40
0.5
100
AcDbArc
 50
180.0
 51
270.0
  0
ARC
  5
8AEC
330
203
100
AcDbEntity
  8
0
  6
Continuous
 62
     7
100
AcDbCircle
 10
949.1723455779403
 20
-505.0433850035169
 30
0.0
 40
0.5
100
AcDbArc
 50
270.0
 51
0.0
  0
ARC
  5
8AED
330
203
100
AcDbEntity
  8
0
  6
Continuous
 62
     7
100
AcDbCircle
 10
955.2223455779403
 20
-505.0433850035169
 30
0.0
 40
0.5
100
AcDbArc
 50
180.0
 51
270.0
  0
ARC
  5
8AEE
330
203
100
AcDbEntity
  8
0
  6
Continuous
 62
     7
100
AcDbCircle
 10
974.2723455779403
 20
-505.0433850035169
 30
0.0
 40
0.5
100
AcDbArc
 50
180.0
 51
270.0
  0
ARC
  5
8AEF
330
203
100
AcDbEntity
  8
0
  6
Continuous
 62
     7
100
AcDbCircle
 10
968.2223455779404
 20
-505.0433850035169
 30
0.0
 40
0.5
100
AcDbArc
 50
270.0
 51
0.0
  0
ARC
  5
8B09
330
203
100
AcDbEntity
  8
0
  6
Continuous
 62
     7
100
AcDbCircle
 10
926.6473455779403
 20
-485.993385003517
 30
0.0
 40
0.5
100
AcDbArc
 50
180.0
 51
270.0
  0
ARC
  5
8B0A
330
203
100
AcDbEntity
  8
0
  6
Continuous
100
AcDbCircle
 10
905.2060705779403
 20
-492.0433850035169
 30
0.0
 40
0.5
100
AcDbArc
 50
90.0
 51
180.0
  0
ARC
  5
8B0B
330
203
100
AcDbEntity
  8
0
  6
Continuous
100
AcDbCircle
 10
918.2060705779404
 20
-492.0433850035169
 30
0.0
 40
0.5
100
AcDbArc
 50
0.0
 51
90.0
  0
ARC
  5
8B0C
330
203
100
AcDbEntity
  8
0
  6
Continuous
 62
     7
100
AcDbCircle
 10
913.4535955779403
 20
-485.993385003517
 30
0.0
 40
0.5
100
AcDbArc
 50
270.0
 51
0.0
  0
ARC
  5
8B0D
330
203
100
AcDbEntity
  8
0
  6
Continuous
 62
     7
100
AcDbCircle
 10
895.6910955779404
 20
-485.993385003517
 30
0.0
 40
0.5
100
AcDbArc
 50
180.0
 51
270.0
  0
ARC
  5
8B20
330
203
100
AcDbEntity
  8
0
  6
Continuous
 62
     7
100
AcDbCircle
 10
926.6473455779403
 20
-472.993385003517
 30
0.0
 40
0.5
100
AcDbArc
 50
90.0
 51
180.0
  0
ARC
  5
8B21
330
203
100
AcDbEntity
  8
0
  6
Continuous
 62
     7
100
AcDbCircle
 10
895.6910955779404
 20
-472.993385003517
 30
0.0
 40
0.5
100
AcDbArc
 50
90.0
 51
180.0
  0
ARC
  5
8B22
330
203
100
AcDbEntity
  8
0
  6
Continuous
 62
     7
100
AcDbCircle
 10
913.4535955779403
 20
-472.993385003517
 30
0.0
 40
0.5
100
AcDbArc
 50
0.0
 51
90.0
  0
ARC
  5
8B2F
330
203
100
AcDbEntity
  8
0
  6
Continuous
 62
     7
100
AcDbCircle
 10
964.7473455779405
 20
-485.993385003517
 30
0.0
 40
0.5
100
AcDbArc
 50
180.0
 51
270.0
  0
ARC
  5
8B30
330
203
100
AcDbEntity
  8
0
  6
Continuous
 62
     7
100
AcDbCircle
 10
958.6973455779403
 20
-485.993385003517
 30
0.0
 40
0.5
100
AcDbArc
 50
270.0
 51
0.0
  0
ARC
  5
8B31
330
203
100
AcDbEntity
  8
0
  6
Continuous
 62
     7
100
AcDbCircle
 10
945.6973455779403
 20
-485.993385003517
 30
0.0
 40
0.5
100
AcDbArc
 50
180.0
 51
270.0
  0
ARC
  5
8B32
330
203
100
AcDbEntity
  8
0
  6
Continuous
 62
     7
100
AcDbCircle
 10
939.6473455779403
 20
-485.993385003517
 30
0.0
 40
0.5
100
AcDbArc
 50
270.0
 51
0.0
  0
ARC
  5
8B33
330
203
100
AcDbEntity
  8
0
  6
Continuous
 62
     7
100
AcDbCircle
 10
936.1723455779404
 20
-492.0433850035169
 30
0.0
 40
0.5
100
AcDbArc
 50
90.0
 51
180.0
  0
ARC
  5
8B34
330
203
100
AcDbEntity
  8
0
  6
Continuous
 62
     7
100
AcDbCircle
 10
955.2223455779403
 20
-492.0433850035169
 30
0.0
 40
0.5
100
AcDbArc
 50
90.0
 51
180.0
  0
ARC
  5
8B35
330
203
100
AcDbEntity
  8
0
  6
Continuous
 62
     7
100
AcDbCircle
 10
949.1723455779403
 20
-492.0433850035169
 30
0.0
 40
0.5
100
AcDbArc
 50
0.0
 51
90.0
  0
ARC
  5
8B36
330
203
100
AcDbEntity
  8
0
  6
Continuous
 62
     7
100
AcDbCircle
 10
974.2723455779403
 20
-492.0433850035169
 30
0.0
 40
0.5
100
AcDbArc
 50
90.0
 51
180.0
  0
ARC
  5
8B37
330
203
100
AcDbEntity
  8
0
  6
Continuous
 62
     7
100
AcDbCircle
 10
968.2223455779404
 20
-492.0433850035169
 30
0.0
 40
0.5
100
AcDbArc
 50
0.0
 51
90.0
  0
ARC
  5
8B4C
330
203
100
AcDbEntity
  8
0
  6
Continuous
 62
     7
100
AcDbCircle
 10
964.7473455779405
 20
-472.993385003517
 30
0.0
 40
0.5
100
AcDbArc
 50
90.0
 51
180.0
  0
ARC
  5
8B4D
330
203
100
AcDbEntity
  8
0
  6
Continuous
 62
     7
100
AcDbCircle
 10
958.6973455779403
 20
-472.993385003517
 30
0.0
 40
0.5
100
AcDbArc
 50
0.0
 51
90.0
  0
ARC
  5
8B4E
330
203
100
AcDbEntity
  8
0
  6
Continuous
 62
     7
100
AcDbCircle
 10
945.6973455779403
 20
-472.993385003517
 30
0.0
 40
0.5
100
AcDbArc
 50
90.0
 51
180.0
  0
ARC
  5
8B4F
330
203
100
AcDbEntity
  8
0
  6
Continuous
 62
     7
100
AcDbCircle
 10
939.6473455779403
 20
-472.993385003517
 30
0.0
 40
0.5
100
AcDbArc
 50
0.0
 51
90.0
  0
ARC
  5
8B68
330
203
100
AcDbEntity
  8
0
  6
Continuous
 62
     7
100
AcDbCircle
 10
993.3223455779403
 20
-505.0433850035169
 30
0.0
 40
0.5
100
AcDbArc
 50
180.0
 51
270.0
  0
ARC
  5
8B69
330
203
100
AcDbEntity
  8
0
  6
Continuous
 62
     7
100
AcDbCircle
 10
1012.37234557794
 20
-505.0433850035169
 30
0.0
 40
0.5
100
AcDbArc
 50
180.0
 51
270.0
  0
ARC
  5
8B6A
330
203
100
AcDbEntity
  8
0
  6
Continuous
 62
     7
100
AcDbCircle
 10
1006.32234557794
 20
-505.0433850035169
 30
0.0
 40
0.5
100
AcDbArc
 50
270.0
 51
0.0
  0
ARC
  5
8B6B
330
203
100
AcDbEntity
  8
0
  6
Continuous
 62
     7
100
AcDbCircle
 10
987.2723455779404
 20
-505.0433850035169
 30
0.0
 40
0.5
100
AcDbArc
 50
270.0
 51
0.0
  0
ARC
  5
8B86
330
203
100
AcDbEntity
  8
0
  6
Continuous
 62
     7
100
AcDbCircle
 10
1025.37234557794
 20
-505.0433850035169
 30
0.0
 40
0.5
100
AcDbArc
 50
270.0
 51
0.0
  0
ARC
  5
8B87
330
203
100
AcDbEntity
  8
0
  6
Continuous
 62
     7
100
AcDbCircle
 10
1031.42234557794
 20
-505.0433850035169
 30
0.0
 40
0.5
100
AcDbArc
 50
180.0
 51
270.0
  0
ARC
  5
8B88
330
203
100
AcDbEntity
  8
0
  6
Continuous
 62
     7
100
AcDbCircle
 10
1044.42234557794
 20
-505.0433850035169
 30
0.0
 40
0.5
100
AcDbArc
 50
270.0
 51
0.0
  0
ARC
  5
8B89
330
203
100
AcDbEntity
  8
0
  6
Continuous
 62
     7
100
AcDbCircle
 10
1050.47234557794
 20
-505.0433850035169
 30
0.0
 40
0.5
100
AcDbArc
 50
180.0
 51
270.0
  0
ARC
  5
8B8A
330
203
100
AcDbEntity
  8
0
  6
Continuous
 62
     7
100
AcDbCircle
 10
1063.47234557794
 20
-505.0433850035169
 30
0.0
 40
0.5
100
AcDbArc
 50
270.0
 51
0.0
  0
ARC
  5
8B9D
330
203
100
AcDbEntity
  8
0
  6
Continuous
 62
     7
100
AcDbCircle
 10
1015.84734557794
 20
-485.993385003517
 30
0.0
 40
0.5
100
AcDbArc
 50
270.0
 51
0.0
  0
ARC
  5
8B9E
330
203
100
AcDbEntity
  8
0
  6
Continuous
 62
     7
100
AcDbCircle
 10
1002.84734557794
 20
-485.993385003517
 30
0.0
 40
0.5
100
AcDbArc
 50
180.0
 51
270.0
  0
ARC
  5
8B9F
330
203
100
AcDbEntity
  8
0
  6
Continuous
 62
     7
100
AcDbCircle
 10
996.7973455779404
 20
-485.993385003517
 30
0.0
 40
0.5
100
AcDbArc
 50
270.0
 51
0.0
  0
ARC
  5
8BA0
330
203
100
AcDbEntity
  8
0
  6
Continuous
 62
     7
100
AcDbCircle
 10
983.7973455779403
 20
-485.993385003517
 30
0.0
 40
0.5
100
AcDbArc
 50
180.0
 51
270.0
  0
ARC
  5
8BA1
330
203
100
AcDbEntity
  8
0
  6
Continuous
 62
     7
100
AcDbCircle
 10
977.7473455779404
 20
-485.993385003517
 30
0.0
 40
0.5
100
AcDbArc
 50
270.0
 51
0.0
  0
ARC
  5
8BA2
330
203
100
AcDbEntity
  8
0
  6
Continuous
 62
     7
100
AcDbCircle
 10
987.2723455779404
 20
-492.0433850035169
 30
0.0
 40
0.5
100
AcDbArc
 50
0.0
 51
90.0
  0
ARC
  5
8BA3
330
203
100
AcDbEntity
  8
0
  6
Continuous
 62
     7
100
AcDbCircle
 10
993.3223455779403
 20
-492.0433850035169
 30
0.0
 40
0.5
100
AcDbArc
 50
90.0
 51
180.0
  0
ARC
  5
8BA4
330
203
100
AcDbEntity
  8
0
  6
Continuous
 62
     7
100
AcDbCircle
 10
1006.32234557794
 20
-492.0433850035169
 30
0.0
 40
0.5
100
AcDbArc
 50
0.0
 51
90.0
  0
ARC
  5
8BA5
330
203
100
AcDbEntity
  8
0
  6
Continuous
 62
     7
100
AcDbCircle
 10
1012.37234557794
 20
-492.0433850035169
 30
0.0
 40
0.5
100
AcDbArc
 50
90.0
 51
180.0
  0
ARC
  5
8BBD
330
203
100
AcDbEntity
  8
0
  6
Continuous
 62
     7
100
AcDbCircle
 10
977.7473455779404
 20
-472.993385003517
 30
0.0
 40
0.5
100
AcDbArc
 50
0.0
 51
90.0
  0
ARC
  5
8BBE
330
203
100
AcDbEntity
  8
0
  6
Continuous
 62
     7
100
AcDbCircle
 10
1015.84734557794
 20
-472.993385003517
 30
0.0
 40
0.5
100
AcDbArc
 50
0.0
 51
90.0
  0
ARC
  5
8BBF
330
203
100
AcDbEntity
  8
0
  6
Continuous
 62
     7
100
AcDbCircle
 10
1002.84734557794
 20
-472.993385003517
 30
0.0
 40
0.5
100
AcDbArc
 50
90.0
 51
180.0
  0
ARC
  5
8BC0
330
203
100
AcDbEntity
  8
0
  6
Continuous
 62
     7
100
AcDbCircle
 10
996.7973455779404
 20
-472.993385003517
 30
0.0
 40
0.5
100
AcDbArc
 50
0.0
 51
90.0
  0
ARC
  5
8BC1
330
203
100
AcDbEntity
  8
0
  6
Continuous
 62
     7
100
AcDbCircle
 10
983.7973455779403
 20
-472.993385003517
 30
0.0
 40
0.5
100
AcDbArc
 50
90.0
 51
180.0
  0
ARC
  5
8BD6
330
203
100
AcDbEntity
  8
0
  6
Continuous
 62
     7
100
AcDbCircle
 10
1059.99734557794
 20
-485.993385003517
 30
0.0
 40
0.5
100
AcDbArc
 50
180.0
 51
270.0
  0
ARC
  5
8BD7
330
203
100
AcDbEntity
  8
0
  6
Continuous
 62
     7
100
AcDbCircle
 10
1053.94734557794
 20
-485.993385003517
 30
0.0
 40
0.5
100
AcDbArc
 50
270.0
 51
0.0
  0
ARC
  5
8BD8
330
203
100
AcDbEntity
  8
0
  6
Continuous
 62
     7
100
AcDbCircle
 10
1040.94734557794
 20
-485.993385003517
 30
0.0
 40
0.5
100
AcDbArc
 50
180.0
 51
270.0
  0
ARC
  5
8BD9
330
203
100
AcDbEntity
  8
0
  6
Continuous
 62
     7
100
AcDbCircle
 10
1034.89734557794
 20
-485.993385003517
 30
0.0
 40
0.5
100
AcDbArc
 50
270.0
 51
0.0
  0
ARC
  5
8BDA
330
203
100
AcDbEntity
  8
0
  6
Continuous
 62
     7
100
AcDbCircle
 10
1021.89734557794
 20
-485.993385003517
 30
0.0
 40
0.5
100
AcDbArc
 50
180.0
 51
270.0
  0
ARC
  5
8BDB
330
203
100
AcDbEntity
  8
0
  6
Continuous
 62
     7
100
AcDbCircle
 10
1025.37234557794
 20
-492.0433850035169
 30
0.0
 40
0.5
100
AcDbArc
 50
0.0
 51
90.0
  0
ARC
  5
8BDC
330
203
100
AcDbEntity
  8
0
  6
Continuous
 62
     7
100
AcDbCircle
 10
1031.42234557794
 20
-492.0433850035169
 30
0.0
 40
0.5
100
AcDbArc
 50
90.0
 51
180.0
  0
ARC
  5
8BDD
330
203
100
AcDbEntity
  8
0
  6
Continuous
 62
     7
100
AcDbCircle
 10
1050.47234557794
 20
-492.0433850035169
 30
0.0
 40
0.5
100
AcDbArc
 50
90.0
 51
180.0
  0
ARC
  5
8BDE
330
203
100
AcDbEntity
  8
0
  6
Continuous
 62
     7
100
AcDbCircle
 10
1044.42234557794
 20
-492.0433850035169
 30
0.0
 40
0.5
100
AcDbArc
 50
0.0
 51
90.0
  0
ARC
  5
8BDF
330
203
100
AcDbEntity
  8
0
  6
Continuous
 62
     7
100
AcDbCircle
 10
1063.47234557794
 20
-492.0433850035169
 30
0.0
 40
0.5
100
AcDbArc
 50
0.0
 51
90.0
  0
ARC
  5
8BF5
330
203
100
AcDbEntity
  8
0
  6
Continuous
 62
     7
100
AcDbCircle
 10
1059.99734557794
 20
-472.993385003517
 30
0.0
 40
0.5
100
AcDbArc
 50
90.0
 51
180.0
  0
ARC
  5
8BF6
330
203
100
AcDbEntity
  8
0
  6
Continuous
 62
     7
100
AcDbCircle
 10
1053.94734557794
 20
-472.993385003517
 30
0.0
 40
0.5
100
AcDbArc
 50
0.0
 51
90.0
  0
ARC
  5
8BF7
330
203
100
AcDbEntity
  8
0
  6
Continuous
 62
     7
100
AcDbCircle
 10
1040.94734557794
 20
-472.993385003517
 30
0.0
 40
0.5
100
AcDbArc
 50
90.0
 51
180.0
  0
ARC
  5
8BF8
330
203
100
AcDbEntity
  8
0
  6
Continuous
 62
     7
100
AcDbCircle
 10
1034.89734557794
 20
-472.993385003517
 30
0.0
 40
0.5
100
AcDbArc
 50
0.0
 51
90.0
  0
ARC
  5
8BF9
330
203
100
AcDbEntity
  8
0
  6
Continuous
 62
     7
100
AcDbCircle
 10
1021.89734557794
 20
-472.993385003517
 30
0.0
 40
0.5
100
AcDbArc
 50
90.0
 51
180.0
  0
ARC
  5
8C0B
330
203
100
AcDbEntity
  8
0
  6
Continuous
 62
     7
100
AcDbCircle
 10
921.8848455779404
 20
-466.9433850035169
 30
0.0
 40
0.5
100
AcDbArc
 50
180.0
 51
270.0
  0
ARC
  5
8C0C
330
203
100
AcDbEntity
  8
0
  6
Continuous
 62
     7
100
AcDbCircle
 10
911.0723455779403
 20
-466.9433850035169
 30
0.0
 40
0.5
100
AcDbArc
 50
270.0
 51
0.0
  0
ARC
  5
8C0D
330
203
100
AcDbEntity
  8
0
  6
Continuous
 62
     7
100
AcDbCircle
 10
898.0723455779404
 20
-466.9433850035169
 30
0.0
 40
0.5
100
AcDbArc
 50
180.0
 51
270.0
  0
ARC
  5
8C0E
330
203
100
AcDbEntity
  8
0
  6
Continuous
 62
     7
100
AcDbCircle
 10
898.0723455779404
 20
-453.943385003517
 30
0.0
 40
0.5
100
AcDbArc
 50
90.0
 51
180.0
  0
ARC
  5
8C0F
330
203
100
AcDbEntity
  8
0
  6
Continuous
 62
     7
100
AcDbCircle
 10
931.3998455779403
 20
-447.8933850035169
 30
0.0
 40
0.5
100
AcDbArc
 50
180.0
 51
270.0
  0
ARC
  5
8C10
330
203
100
AcDbEntity
  8
0
  6
Continuous
 62
     7
100
AcDbCircle
 10
912.3498455779404
 20
-447.8933850035169
 30
0.0
 40
0.5
100
AcDbArc
 50
180.0
 51
270.0
  0
ARC
  5
8C11
330
203
100
AcDbEntity
  8
0
  6
Continuous
 62
     7
100
AcDbCircle
 10
925.3498455779403
 20
-447.8933850035169
 30
0.0
 40
0.5
100
AcDbArc
 50
270.0
 51
0.0
  0
ARC
  5
8C12
330
203
100
AcDbEntity
  8
0
  6
Continuous
 62
     7
100
AcDbCircle
 10
893.2998455779404
 20
-447.8933850035169
 30
0.0
 40
0.5
100
AcDbArc
 50
180.0
 51
270.0
  0
ARC
  5
8C13
330
203
100
AcDbEntity
  8
0
  6
Continuous
 62
     7
100
AcDbCircle
 10
906.2998455779405
 20
-447.8933850035169
 30
0.0
 40
0.5
100
AcDbArc
 50
270.0
 51
0.0
  0
ARC
  5
8C14
330
203
100
AcDbEntity
  8
0
  6
Continuous
 62
     7
100
AcDbCircle
 10
911.0723455779403
 20
-453.943385003517
 30
0.0
 40
0.5
100
AcDbArc
 50
0.0
 51
90.0
  0
ARC
  5
8C15
330
203
100
AcDbEntity
  8
0
  6
Continuous
 62
     7
100
AcDbCircle
 10
921.8848455779404
 20
-453.943385003517
 30
0.0
 40
0.5
100
AcDbArc
 50
90.0
 51
180.0
  0
ARC
  5
8C2A
330
203
100
AcDbEntity
  8
0
  6
Continuous
 62
     7
100
AcDbCircle
 10
953.9348455779403
 20
-466.9433850035169
 30
0.0
 40
0.5
100
AcDbArc
 50
270.0
 51
0.0
  0
ARC
  5
8C2B
330
203
100
AcDbEntity
  8
0
  6
Continuous
 62
     7
100
AcDbCircle
 10
940.9348455779404
 20
-466.9433850035169
 30
0.0
 40
0.5
100
AcDbArc
 50
180.0
 51
270.0
  0
ARC
  5
8C2C
330
203
100
AcDbEntity
  8
0
  6
Continuous
 62
     7
100
AcDbCircle
 10
934.8848455779403
 20
-466.9433850035169
 30
0.0
 40
0.5
100
AcDbArc
 50
270.0
 51
0.0
  0
ARC
  5
8C2D
330
203
100
AcDbEntity
  8
0
  6
Continuous
 62
     7
100
AcDbCircle
 10
959.9848455779405
 20
-466.9433850035169
 30
0.0
 40
0.5
100
AcDbArc
 50
180.0
 51
270.0
  0
ARC
  5
8C2E
330
203
100
AcDbEntity
  8
0
  6
Continuous
 62
     7
100
AcDbCircle
 10
972.9848455779404
 20
-466.9433850035169
 30
0.0
 40
0.5
100
AcDbArc
 50
270.0
 51
0.0
  0
ARC
  5
8C2F
330
203
100
AcDbEntity
  8
0
  6
Continuous
 62
     7
100
AcDbCircle
 10
944.3998455779404
 20
-447.8933850035169
 30
0.0
 40
0.5
100
AcDbArc
 50
270.0
 51
0.0
  0
ARC
  5
8C30
330
203
100
AcDbEntity
  8
0
  6
Continuous
 62
     7
100
AcDbCircle
 10
969.5098455779403
 20
-447.8933850035169
 30
0.0
 40
0.5
100
AcDbArc
 50
180.0
 51
270.0
  0
ARC
  5
8C31
330
203
100
AcDbEntity
  8
0
  6
Continuous
 62
     7
100
AcDbCircle
 10
963.4498455779404
 20
-447.8933850035169
 30
0.0
 40
0.5
100
AcDbArc
 50
270.0
 51
0.0
  0
ARC
  5
8C32
330
203
100
AcDbEntity
  8
0
  6
Continuous
 62
     7
100
AcDbCircle
 10
950.4498455779403
 20
-447.8933850035169
 30
0.0
 40
0.5
100
AcDbArc
 50
180.0
 51
270.0
  0
ARC
  5
8C33
330
203
100
AcDbEntity
  8
0
  6
Continuous
 62
     7
100
AcDbCircle
 10
959.9848455779405
 20
-453.943385003517
 30
0.0
 40
0.5
100
AcDbArc
 50
90.0
 51
180.0
  0
ARC
  5
8C34
330
203
100
AcDbEntity
  8
0
  6
Continuous
 62
     7
100
AcDbCircle
 10
972.9848455779404
 20
-453.943385003517
 30
0.0
 40
0.5
100
AcDbArc
 50
0.0
 51
90.0
  0
ARC
  5
8C35
330
203
100
AcDbEntity
  8
0
  6
Continuous
 62
     7
100
AcDbCircle
 10
953.9348455779403
 20
-453.943385003517
 30
0.0
 40
0.5
100
AcDbArc
 50
0.0
 51
90.0
  0
ARC
  5
8C36
330
203
100
AcDbEntity
  8
0
  6
Continuous
 62
     7
100
AcDbCircle
 10
940.9348455779404
 20
-453.943385003517
 30
0.0
 40
0.5
100
AcDbArc
 50
90.0
 51
180.0
  0
ARC
  5
8C37
330
203
100
AcDbEntity
  8
0
  6
Continuous
 62
     7
100
AcDbCircle
 10
934.8848455779403
 20
-453.943385003517
 30
0.0
 40
0.5
100
AcDbArc
 50
0.0
 51
90.0
  0
ARC
  5
8C4F
330
203
100
AcDbEntity
  8
0
  6
Continuous
 62
     7
100
AcDbCircle
 10
931.3998455779403
 20
-434.8933850035169
 30
0.0
 40
0.5
100
AcDbArc
 50
90.0
 51
180.0
  0
ARC
  5
8C50
330
203
100
AcDbEntity
  8
0
  6
Continuous
 62
     7
100
AcDbCircle
 10
925.3498455779403
 20
-434.8933850035169
 30
0.0
 40
0.5
100
AcDbArc
 50
0.0
 51
90.0
  0
ARC
  5
8C51
330
203
100
AcDbEntity
  8
0
  6
Continuous
 62
     7
100
AcDbCircle
 10
912.3498455779404
 20
-434.8933850035169
 30
0.0
 40
0.5
100
AcDbArc
 50
90.0
 51
180.0
  0
ARC
  5
8C52
330
203
100
AcDbEntity
  8
0
  6
Continuous
 62
     7
100
AcDbCircle
 10
906.2998455779405
 20
-434.8933850035169
 30
0.0
 40
0.5
100
AcDbArc
 50
0.0
 51
90.0
  0
ARC
  5
8C53
330
203
100
AcDbEntity
  8
0
  6
Continuous
 62
     7
100
AcDbCircle
 10
893.2998455779404
 20
-434.8933850035169
 30
0.0
 40
0.5
100
AcDbArc
 50
90.0
 51
180.0
  0
ARC
  5
8C54
330
203
100
AcDbEntity
  8
0
  6
Continuous
 62
     7
100
AcDbCircle
 10
893.2998455779404
 20
-424.0733850035169
 30
0.0
 40
0.5
100
AcDbArc
 50
180.0
 51
270.0
  0
ARC
  5
8C55
330
203
100
AcDbEntity
  8
0
  6
Continuous
 62
     7
100
AcDbCircle
 10
906.2998455779405
 20
-424.0733850035169
 30
0.0
 40
0.5
100
AcDbArc
 50
270.0
 51
0.0
  0
ARC
  5
8C56
330
203
100
AcDbEntity
  8
0
  6
Continuous
 62
     7
100
AcDbCircle
 10
917.1123455779405
 20
-424.0733850035169
 30
0.0
 40
0.5
100
AcDbArc
 50
180.0
 51
270.0
  0
ARC
  5
8C57
330
203
100
AcDbEntity
  8
0
  6
Continuous
 62
     7
100
AcDbCircle
 10
930.1123455779404
 20
-424.0733850035169
 30
0.0
 40
0.5
100
AcDbArc
 50
270.0
 51
0.0
  0
ARC
  5
8C71
330
203
100
AcDbEntity
  8
0
  6
Continuous
 62
     7
100
AcDbCircle
 10
893.2998455779404
 20
-411.073385003517
 30
0.0
 40
0.5
100
AcDbArc
 50
90.0
 51
180.0
  0
ARC
  5
8C72
330
203
100
AcDbEntity
  8
0
  6
Continuous
 62
     7
100
AcDbCircle
 10
906.2998455779405
 20
-411.073385003517
 30
0.0
 40
0.5
100
AcDbArc
 50
0.0
 51
90.0
  0
ARC
  5
8C73
330
203
100
AcDbEntity
  8
0
  6
Continuous
 62
     7
100
AcDbCircle
 10
917.1123455779405
 20
-411.073385003517
 30
0.0
 40
0.5
100
AcDbArc
 50
90.0
 51
180.0
  0
ARC
  5
8C74
330
203
100
AcDbEntity
  8
0
  6
Continuous
 62
     7
100
AcDbCircle
 10
930.1123455779404
 20
-411.073385003517
 30
0.0
 40
0.5
100
AcDbArc
 50
0.0
 51
90.0
  0
ARC
  5
8C85
330
203
100
AcDbEntity
  8
0
  6
Continuous
 62
     7
100
AcDbCircle
 10
944.3998455779404
 20
-434.8933850035169
 30
0.0
 40
0.5
100
AcDbArc
 50
0.0
 51
90.0
  0
ARC
  5
8C86
330
203
100
AcDbEntity
  8
0
  6
Continuous
 62
     7
100
AcDbCircle
 10
950.4498455779403
 20
-434.8933850035169
 30
0.0
 40
0.5
100
AcDbArc
 50
90.0
 51
180.0
  0
ARC
  5
8C87
330
203
100
AcDbEntity
  8
0
  6
Continuous
 62
     7
100
AcDbCircle
 10
969.5098455779403
 20
-434.8933850035169
 30
0.0
 40
0.5
100
AcDbArc
 50
90.0
 51
180.0
  0
ARC
  5
8C88
330
203
100
AcDbEntity
  8
0
  6
Continuous
 62
     7
100
AcDbCircle
 10
963.4498455779404
 20
-434.8933850035169
 30
0.0
 40
0.5
100
AcDbArc
 50
0.0
 51
90.0
  0
ARC
  5
8C89
330
203
100
AcDbEntity
  8
0
  6
Continuous
 62
     7
100
AcDbCircle
 10
974.2723455779403
 20
-424.0733850035169
 30
0.0
 40
0.5
100
AcDbArc
 50
180.0
 51
270.0
  0
ARC
  5
8C8A
330
203
100
AcDbEntity
  8
0
  6
Continuous
 62
     7
100
AcDbCircle
 10
955.2223455779403
 20
-424.0733850035169
 30
0.0
 40
0.5
100
AcDbArc
 50
180.0
 51
270.0
  0
ARC
  5
8C8B
330
203
100
AcDbEntity
  8
0
  6
Continuous
 62
     7
100
AcDbCircle
 10
936.1623455779405
 20
-424.0733850035169
 30
0.0
 40
0.5
100
AcDbArc
 50
180.0
 51
270.0
  0
ARC
  5
8C8C
330
203
100
AcDbEntity
  8
0
  6
Continuous
 62
     7
100
AcDbCircle
 10
949.1623455779404
 20
-424.0733850035169
 30
0.0
 40
0.5
100
AcDbArc
 50
270.0
 51
0.0
  0
ARC
  5
8C8D
330
203
100
AcDbEntity
  8
0
  6
Continuous
 62
     7
100
AcDbCircle
 10
968.2223455779404
 20
-424.0733850035169
 30
0.0
 40
0.5
100
AcDbArc
 50
270.0
 51
0.0
  0
ARC
  5
8CA9
330
203
100
AcDbEntity
  8
0
  6
Continuous
 62
     7
100
AcDbCircle
 10
974.2723455779403
 20
-411.073385003517
 30
0.0
 40
0.5
100
AcDbArc
 50
90.0
 51
180.0
  0
ARC
  5
8CAA
330
203
100
AcDbEntity
  8
0
  6
Continuous
 62
     7
100
AcDbCircle
 10
955.2223455779403
 20
-411.073385003517
 30
0.0
 40
0.5
100
AcDbArc
 50
90.0
 51
180.0
  0
ARC
  5
8CAB
330
203
100
AcDbEntity
  8
0
  6
Continuous
 62
     7
100
AcDbCircle
 10
936.1623455779405
 20
-411.073385003517
 30
0.0
 40
0.5
100
AcDbArc
 50
90.0
 51
180.0
  0
ARC
  5
8CAC
330
203
100
AcDbEntity
  8
0
  6
Continuous
 62
     7
100
AcDbCircle
 10
949.1623455779404
 20
-411.073385003517
 30
0.0
 40
0.5
100
AcDbArc
 50
0.0
 51
90.0
  0
ARC
  5
8CAD
330
203
100
AcDbEntity
  8
0
  6
Continuous
 62
     7
100
AcDbCircle
 10
968.2223455779404
 20
-411.073385003517
 30
0.0
 40
0.5
100
AcDbArc
 50
0.0
 51
90.0
  0
ARC
  5
8CBC
330
203
100
AcDbEntity
  8
0
  6
Continuous
 62
     7
100
AcDbCircle
 10
1017.13484557794
 20
-466.9433850035169
 30
0.0
 40
0.5
100
AcDbArc
 50
180.0
 51
270.0
  0
ARC
  5
8CBD
330
203
100
AcDbEntity
  8
0
  6
Continuous
 62
     7
100
AcDbCircle
 10
1011.08484557794
 20
-466.9433850035169
 30
0.0
 40
0.5
100
AcDbArc
 50
270.0
 51
0.0
  0
ARC
  5
8CBE
330
203
100
AcDbEntity
  8
0
  6
Continuous
 62
     7
100
AcDbCircle
 10
998.0848455779403
 20
-466.9433850035169
 30
0.0
 40
0.5
100
AcDbArc
 50
180.0
 51
270.0
  0
ARC
  5
8CBF
330
203
100
AcDbEntity
  8
0
  6
Continuous
 62
     7
100
AcDbCircle
 10
992.0348455779404
 20
-466.9433850035169
 30
0.0
 40
0.5
100
AcDbArc
 50
270.0
 51
0.0
  0
ARC
  5
8CC0
330
203
100
AcDbEntity
  8
0
  6
Continuous
 62
     7
100
AcDbCircle
 10
979.0348455779403
 20
-466.9433850035169
 30
0.0
 40
0.5
100
AcDbArc
 50
180.0
 51
270.0
  0
ARC
  5
8CC1
330
203
100
AcDbEntity
  8
0
  6
Continuous
 62
     7
100
AcDbCircle
 10
1007.60984557794
 20
-447.8933850035169
 30
0.0
 40
0.5
100
AcDbArc
 50
180.0
 51
270.0
  0
ARC
  5
8CC2
330
203
100
AcDbEntity
  8
0
  6
Continuous
 62
     7
100
AcDbCircle
 10
1001.55984557794
 20
-447.8933850035169
 30
0.0
 40
0.5
100
AcDbArc
 50
270.0
 51
0.0
  0
ARC
  5
8CC3
330
203
100
AcDbEntity
  8
0
  6
Continuous
 62
     7
100
AcDbCircle
 10
982.5098455779404
 20
-447.8933850035169
 30
0.0
 40
0.5
100
AcDbArc
 50
270.0
 51
0.0
  0
ARC
  5
8CC4
330
203
100
AcDbEntity
  8
0
  6
Continuous
 62
     7
100
AcDbCircle
 10
1017.13484557794
 20
-453.943385003517
 30
0.0
 40
0.5
100
AcDbArc
 50
90.0
 51
180.0
  0
ARC
  5
8CC5
330
203
100
AcDbEntity
  8
0
  6
Continuous
 62
     7
100
AcDbCircle
 10
1011.08484557794
 20
-453.943385003517
 30
0.0
 40
0.5
100
AcDbArc
 50
0.0
 51
90.0
  0
ARC
  5
8CC6
330
203
100
AcDbEntity
  8
0
  6
Continuous
 62
     7
100
AcDbCircle
 10
998.0848455779403
 20
-453.943385003517
 30
0.0
 40
0.5
100
AcDbArc
 50
90.0
 51
180.0
  0
ARC
  5
8CC7
330
203
100
AcDbEntity
  8
0
  6
Continuous
 62
     7
100
AcDbCircle
 10
992.0348455779404
 20
-453.943385003517
 30
0.0
 40
0.5
100
AcDbArc
 50
0.0
 51
90.0
  0
ARC
  5
8CC8
330
203
100
AcDbEntity
  8
0
  6
Continuous
 62
     7
100
AcDbCircle
 10
979.0348455779403
 20
-453.943385003517
 30
0.0
 40
0.5
100
AcDbArc
 50
90.0
 51
180.0
  0
ARC
  5
8CDF
330
203
100
AcDbEntity
  8
0
  6
Continuous
 62
     7
100
AcDbCircle
 10
1055.23484557794
 20
-466.9433850035169
 30
0.0
 40
0.5
100
AcDbArc
 50
180.0
 51
270.0
  0
ARC
  5
8CE0
330
203
100
AcDbEntity
  8
0
  6
Continuous
 62
     7
100
AcDbCircle
 10
1049.18484557794
 20
-466.9433850035169
 30
0.0
 40
0.5
100
AcDbArc
 50
270.0
 51
0.0
  0
ARC
  5
8CE1
330
203
100
AcDbEntity
  8
0
  6
Continuous
 62
     7
100
AcDbCircle
 10
1036.18484557794
 20
-466.9433850035169
 30
0.0
 40
0.5
100
AcDbArc
 50
180.0
 51
270.0
  0
ARC
  5
8CE2
330
203
100
AcDbEntity
  8
0
  6
Continuous
 62
     7
100
AcDbCircle
 10
1030.13484557794
 20
-466.9433850035169
 30
0.0
 40
0.5
100
AcDbArc
 50
270.0
 51
0.0
  0
ARC
  5
8CE3
330
203
100
AcDbEntity
  8
0
  6
Continuous
 62
     7
100
AcDbCircle
 10
1058.70984557794
 20
-447.8933850035169
 30
0.0
 40
0.5
100
AcDbArc
 50
270.0
 51
0.0
  0
ARC
  5
8CE4
330
203
100
AcDbEntity
  8
0
  6
Continuous
 62
     7
100
AcDbCircle
 10
1045.70984557794
 20
-447.8933850035169
 30
0.0
 40
0.5
100
AcDbArc
 50
180.0
 51
270.0
  0
ARC
  5
8CE5
330
203
100
AcDbEntity
  8
0
  6
Continuous
 62
     7
100
AcDbCircle
 10
1039.65984557794
 20
-447.8933850035169
 30
0.0
 40
0.5
100
AcDbArc
 50
270.0
 51
0.0
  0
ARC
  5
8CE6
330
203
100
AcDbEntity
  8
0
  6
Continuous
 62
     7
100
AcDbCircle
 10
1026.65984557794
 20
-447.8933850035169
 30
0.0
 40
0.5
100
AcDbArc
 50
180.0
 51
270.0
  0
ARC
  5
8CE7
330
203
100
AcDbEntity
  8
0
  6
Continuous
 62
     7
100
AcDbCircle
 10
1020.60984557794
 20
-447.8933850035169
 30
0.0
 40
0.5
100
AcDbArc
 50
270.0
 51
0.0
  0
ARC
  5
8CE8
330
203
100
AcDbEntity
  8
0
  6
Continuous
 62
     7
100
AcDbCircle
 10
1055.23484557794
 20
-453.943385003517
 30
0.0
 40
0.5
100
AcDbArc
 50
90.0
 51
180.0
  0
ARC
  5
8CE9
330
203
100
AcDbEntity
  8
0
  6
Continuous
 62
     7
100
AcDbCircle
 10
1036.18484557794
 20
-453.943385003517
 30
0.0
 40
0.5
100
AcDbArc
 50
90.0
 51
180.0
  0
ARC
  5
8CEA
330
203
100
AcDbEntity
  8
0
  6
Continuous
 62
     7
100
AcDbCircle
 10
1049.18484557794
 20
-453.943385003517
 30
0.0
 40
0.5
100
AcDbArc
 50
0.0
 51
90.0
  0
ARC
  5
8CEB
330
203
100
AcDbEntity
  8
0
  6
Continuous
 62
     7
100
AcDbCircle
 10
1030.13484557794
 20
-453.943385003517
 30
0.0
 40
0.5
100
AcDbArc
 50
0.0
 51
90.0
  0
ARC
  5
8D06
330
203
100
AcDbEntity
  8
0
  6
Continuous
 62
     7
100
AcDbCircle
 10
1007.60984557794
 20
-434.8933850035169
 30
0.0
 40
0.5
100
AcDbArc
 50
90.0
 51
180.0
  0
ARC
  5
8D07
330
203
100
AcDbEntity
  8
0
  6
Continuous
 62
     7
100
AcDbCircle
 10
1020.60984557794
 20
-434.8933850035169
 30
0.0
 40
0.5
100
AcDbArc
 50
0.0
 51
90.0
  0
ARC
  5
8D08
330
203
100
AcDbEntity
  8
0
  6
Continuous
 62
     7
100
AcDbCircle
 10
1001.55984557794
 20
-434.8933850035169
 30
0.0
 40
0.5
100
AcDbArc
 50
0.0
 51
90.0
  0
ARC
  5
8D09
330
203
100
AcDbEntity
  8
0
  6
Continuous
 62
     7
100
AcDbCircle
 10
982.5098455779404
 20
-434.8933850035169
 30
0.0
 40
0.5
100
AcDbArc
 50
0.0
 51
90.0
  0
ARC
  5
8D0A
330
203
100
AcDbEntity
  8
0
  6
Continuous
 62
     7
100
AcDbCircle
 10
987.2723455779404
 20
-424.0733850035169
 30
0.0
 40
0.5
100
AcDbArc
 50
270.0
 51
0.0
  0
ARC
  5
8D0B
330
203
100
AcDbEntity
  8
0
  6
Continuous
 62
     7
100
AcDbCircle
 10
998.0848455779403
 20
-424.0733850035169
 30
0.0
 40
0.5
100
AcDbArc
 50
180.0
 51
270.0
  0
ARC
  5
8D0C
330
203
100
AcDbEntity
  8
0
  6
Continuous
 62
     7
100
AcDbCircle
 10
1011.08484557794
 20
-424.0733850035169
 30
0.0
 40
0.5
100
AcDbArc
 50
270.0
 51
0.0
  0
ARC
  5
8D0D
330
203
100
AcDbEntity
  8
0
  6
Continuous
 62
     7
100
AcDbCircle
 10
1017.13484557794
 20
-424.0733850035169
 30
0.0
 40
0.5
100
AcDbArc
 50
180.0
 51
270.0
  0
ARC
  5
8D23
330
203
100
AcDbEntity
  8
0
  6
Continuous
 62
     7
100
AcDbCircle
 10
1011.08484557794
 20
-411.073385003517
 30
0.0
 40
0.5
100
AcDbArc
 50
0.0
 51
90.0
  0
ARC
  5
8D24
330
203
100
AcDbEntity
  8
0
  6
Continuous
 62
     7
100
AcDbCircle
 10
987.2723455779404
 20
-411.073385003517
 30
0.0
 40
0.5
100
AcDbArc
 50
0.0
 51
90.0
  0
ARC
  5
8D25
330
203
100
AcDbEntity
  8
0
  6
Continuous
 62
     7
100
AcDbCircle
 10
998.0848455779403
 20
-411.073385003517
 30
0.0
 40
0.5
100
AcDbArc
 50
90.0
 51
180.0
  0
ARC
  5
8D26
330
203
100
AcDbEntity
  8
0
  6
Continuous
 62
     7
100
AcDbCircle
 10
1017.13484557794
 20
-411.073385003517
 30
0.0
 40
0.5
100
AcDbArc
 50
90.0
 51
180.0
  0
ARC
  5
8D39
330
203
100
AcDbEntity
  8
0
  6
Continuous
 62
     7
100
AcDbCircle
 10
1058.70984557794
 20
-434.8933850035169
 30
0.0
 40
0.5
100
AcDbArc
 50
0.0
 51
90.0
  0
ARC
  5
8D3A
330
203
100
AcDbEntity
  8
0
  6
Continuous
 62
     7
100
AcDbCircle
 10
1045.70984557794
 20
-434.8933850035169
 30
0.0
 40
0.5
100
AcDbArc
 50
90.0
 51
180.0
  0
ARC
  5
8D3B
330
203
100
AcDbEntity
  8
0
  6
Continuous
 62
     7
100
AcDbCircle
 10
1026.65984557794
 20
-434.8933850035169
 30
0.0
 40
0.5
100
AcDbArc
 50
90.0
 51
180.0
  0
ARC
  5
8D3C
330
203
100
AcDbEntity
  8
0
  6
Continuous
 62
     7
100
AcDbCircle
 10
1039.65984557794
 20
-434.8933850035169
 30
0.0
 40
0.5
100
AcDbArc
 50
0.0
 51
90.0
  0
ARC
  5
8D3D
330
203
100
AcDbEntity
  8
0
  6
Continuous
 62
     7
100
AcDbCircle
 10
1055.23484557794
 20
-424.0733850035169
 30
0.0
 40
0.5
100
AcDbArc
 50
180.0
 51
270.0
  0
ARC
  5
8D3E
330
203
100
AcDbEntity
  8
0
  6
Continuous
 62
     7
100
AcDbCircle
 10
1030.13484557794
 20
-424.0733850035169
 30
0.0
 40
0.5
100
AcDbArc
 50
270.0
 51
0.0
  0
ARC
  5
8D3F
330
203
100
AcDbEntity
  8
0
  6
Continuous
 62
     7
100
AcDbCircle
 10
1049.18484557794
 20
-424.0733850035169
 30
0.0
 40
0.5
100
AcDbArc
 50
270.0
 51
0.0
  0
ARC
  5
8D40
330
203
100
AcDbEntity
  8
0
  6
Continuous
 62
     7
100
AcDbCircle
 10
1036.18484557794
 20
-424.0733850035169
 30
0.0
 40
0.5
100
AcDbArc
 50
180.0
 51
270.0
  0
ARC
  5
8D5B
330
203
100
AcDbEntity
  8
0
  6
Continuous
 62
     7
100
AcDbCircle
 10
1049.18484557794
 20
-411.073385003517
 30
0.0
 40
0.5
100
AcDbArc
 50
0.0
 51
90.0
  0
ARC
  5
8D5C
330
203
100
AcDbEntity
  8
0
  6
Continuous
 62
     7
100
AcDbCircle
 10
1030.13484557794
 20
-411.073385003517
 30
0.0
 40
0.5
100
AcDbArc
 50
0.0
 51
90.0
  0
ARC
  5
8D5D
330
203
100
AcDbEntity
  8
0
  6
Continuous
 62
     7
100
AcDbCircle
 10
1036.18484557794
 20
-411.073385003517
 30
0.0
 40
0.5
100
AcDbArc
 50
90.0
 51
180.0
  0
ARC
  5
8D5E
330
203
100
AcDbEntity
  8
0
  6
Continuous
 62
     7
100
AcDbCircle
 10
1055.23484557794
 20
-411.073385003517
 30
0.0
 40
0.5
100
AcDbArc
 50
90.0
 51
180.0
  0
ARC
  5
8D78
330
203
100
AcDbEntity
  8
0
  6
Continuous
 62
     7
100
AcDbCircle
 10
1082.52234557794
 20
-505.0433850035169
 30
0.0
 40
0.5
100
AcDbArc
 50
270.0
 51
0.0
  0
ARC
  5
8D79
330
203
100
AcDbEntity
  8
0
  6
Continuous
 62
     7
100
AcDbCircle
 10
1088.57234557794
 20
-505.0433850035169
 30
0.0
 40
0.5
100
AcDbArc
 50
180.0
 51
270.0
  0
ARC
  5
8D7A
330
203
100
AcDbEntity
  8
0
  6
Continuous
 62
     7
100
AcDbCircle
 10
1101.57234557794
 20
-505.0433850035169
 30
0.0
 40
0.5
100
AcDbArc
 50
270.0
 51
0.0
  0
ARC
  5
8D7B
330
203
100
AcDbEntity
  8
0
  6
Continuous
 62
     7
100
AcDbCircle
 10
1069.52234557794
 20
-505.0433850035169
 30
0.0
 40
0.5
100
AcDbArc
 50
180.0
 51
270.0
  0
ARC
  5
8D9F
330
203
100
AcDbEntity
  8
0
  6
Continuous
 62
     7
100
AcDbCircle
 10
1107.62234557794
 20
-505.0433850035169
 30
0.0
 40
0.5
100
AcDbArc
 50
180.0
 51
270.0
  0
ARC
  5
8DA0
330
203
100
AcDbEntity
  8
0
  6
Continuous
 62
     7
100
AcDbCircle
 10
1120.62234557794
 20
-505.0433850035169
 30
0.0
 40
0.5
100
AcDbArc
 50
270.0
 51
0.0
  0
ARC
  5
8DA5
330
203
100
AcDbEntity
  8
0
  6
Continuous
100
AcDbCircle
 10
1143.34109557794
 20
-505.0433850035169
 30
0.0
 40
0.5
100
AcDbArc
 50
180.0
 51
270.0
  0
ARC
  5
8DB4
330
203
100
AcDbEntity
  8
0
  6
Continuous
 62
     7
100
AcDbCircle
 10
1072.99734557794
 20
-485.993385003517
 30
0.0
 40
0.5
100
AcDbArc
 50
270.0
 51
0.0
  0
ARC
  5
8DB5
330
203
100
AcDbEntity
  8
0
  6
Continuous
 62
     7
100
AcDbCircle
 10
1098.09734557794
 20
-485.993385003517
 30
0.0
 40
0.5
100
AcDbArc
 50
180.0
 51
270.0
  0
ARC
  5
8DB6
330
203
100
AcDbEntity
  8
0
  6
Continuous
 62
     7
100
AcDbCircle
 10
1092.04734557794
 20
-485.993385003517
 30
0.0
 40
0.5
100
AcDbArc
 50
270.0
 51
0.0
  0
ARC
  5
8DB7
330
203
100
AcDbEntity
  8
0
  6
Continuous
 62
     7
100
AcDbCircle
 10
1079.04734557794
 20
-485.993385003517
 30
0.0
 40
0.5
100
AcDbArc
 50
180.0
 51
270.0
  0
ARC
  5
8DB8
330
203
100
AcDbEntity
  8
0
  6
Continuous
 62
     7
100
AcDbCircle
 10
1101.57234557794
 20
-492.0433850035169
 30
0.0
 40
0.5
100
AcDbArc
 50
0.0
 51
90.0
  0
ARC
  5
8DB9
330
203
100
AcDbEntity
  8
0
  6
Continuous
 62
     7
100
AcDbCircle
 10
1082.52234557794
 20
-492.0433850035169
 30
0.0
 40
0.5
100
AcDbArc
 50
0.0
 51
90.0
  0
ARC
  5
8DBA
330
203
100
AcDbEntity
  8
0
  6
Continuous
 62
     7
100
AcDbCircle
 10
1069.52234557794
 20
-492.0433850035169
 30
0.0
 40
0.5
100
AcDbArc
 50
90.0
 51
180.0
  0
ARC
  5
8DBB
330
203
100
AcDbEntity
  8
0
  6
Continuous
 62
     7
100
AcDbCircle
 10
1088.57234557794
 20
-492.0433850035169
 30
0.0
 40
0.5
100
AcDbArc
 50
90.0
 51
180.0
  0
ARC
  5
8DD6
330
203
100
AcDbEntity
  8
0
  6
Continuous
 62
     7
100
AcDbCircle
 10
1072.99734557794
 20
-472.993385003517
 30
0.0
 40
0.5
100
AcDbArc
 50
0.0
 51
90.0
  0
ARC
  5
8DD7
330
203
100
AcDbEntity
  8
0
  6
Continuous
 62
     7
100
AcDbCircle
 10
1098.09734557794
 20
-472.993385003517
 30
0.0
 40
0.5
100
AcDbArc
 50
90.0
 51
180.0
  0
ARC
  5
8DD8
330
203
100
AcDbEntity
  8
0
  6
Continuous
 62
     7
100
AcDbCircle
 10
1092.04734557794
 20
-472.993385003517
 30
0.0
 40
0.5
100
AcDbArc
 50
0.0
 51
90.0
  0
ARC
  5
8DD9
330
203
100
AcDbEntity
  8
0
  6
Continuous
 62
     7
100
AcDbCircle
 10
1079.04734557794
 20
-472.993385003517
 30
0.0
 40
0.5
100
AcDbArc
 50
90.0
 51
180.0
  0
ARC
  5
8DEC
330
203
100
AcDbEntity
  8
0
  6
Continuous
 62
     7
100
AcDbCircle
 10
1117.14734557794
 20
-485.993385003517
 30
0.0
 40
0.5
100
AcDbArc
 50
180.0
 51
270.0
  0
ARC
  5
8DED
330
203
100
AcDbEntity
  8
0
  6
Continuous
 62
     7
100
AcDbCircle
 10
1111.09734557794
 20
-485.993385003517
 30
0.0
 40
0.5
100
AcDbArc
 50
270.0
 51
0.0
  0
ARC
  5
8DEE
330
203
100
AcDbEntity
  8
0
  6
Continuous
 62
     7
100
AcDbCircle
 10
1107.62234557794
 20
-492.0433850035169
 30
0.0
 40
0.5
100
AcDbArc
 50
90.0
 51
180.0
  0
ARC
  5
8DEF
330
203
100
AcDbEntity
  8
0
  6
Continuous
 62
     7
100
AcDbCircle
 10
1120.62234557794
 20
-492.0433850035169
 30
0.0
 40
0.5
100
AcDbArc
 50
0.0
 51
90.0
  0
ARC
  5
8DF0
330
203
100
AcDbEntity
  8
0
  6
Continuous
 62
     7
100
AcDbCircle
 10
1130.14734557794
 20
-485.993385003517
 30
0.0
 40
0.5
100
AcDbArc
 50
270.0
 51
0.0
  0
ARC
  5
8DF1
330
203
100
AcDbEntity
  8
0
  6
Continuous
100
AcDbCircle
 10
1143.34109557794
 20
-492.0433850035169
 30
0.0
 40
0.5
100
AcDbArc
 50
90.0
 51
180.0
  0
ARC
  5
8DF2
330
203
100
AcDbEntity
  8
0
  6
Continuous
100
AcDbCircle
 10
1148.09359557794
 20
-485.993385003517
 30
0.0
 40
0.5
100
AcDbArc
 50
180.0
 51
270.0
  0
ARC
  5
8E04
330
203
100
AcDbEntity
  8
0
  6
Continuous
 62
     7
100
AcDbCircle
 10
1117.14734557794
 20
-472.993385003517
 30
0.0
 40
0.5
100
AcDbArc
 50
90.0
 51
180.0
  0
ARC
  5
8E05
330
203
100
AcDbEntity
  8
0
  6
Continuous
 62
     7
100
AcDbCircle
 10
1111.09734557794
 20
-472.993385003517
 30
0.0
 40
0.5
100
AcDbArc
 50
0.0
 51
90.0
  0
ARC
  5
8E06
330
203
100
AcDbEntity
  8
0
  6
Continuous
 62
     7
100
AcDbCircle
 10
1130.14734557794
 20
-472.993385003517
 30
0.0
 40
0.5
100
AcDbArc
 50
0.0
 51
90.0
  0
ARC
  5
8E07
330
203
100
AcDbEntity
  8
0
  6
Continuous
100
AcDbCircle
 10
1148.09359557794
 20
-472.993385003517
 30
0.0
 40
0.5
100
AcDbArc
 50
90.0
 51
180.0
  0
ARC
  5
8E21
330
203
100
AcDbEntity
  8
0
  6
Continuous
 62
     7
100
AcDbCircle
 10
1183.81984557794
 20
-524.0933850035169
 30
0.0
 40
0.5
100
AcDbArc
 50
180.0
 51
270.0
  0
ARC
  5
8E2F
330
203
100
AcDbEntity
  8
0
  6
Continuous
100
AcDbCircle
 10
1156.34109557794
 20
-505.0433850035169
 30
0.0
 40
0.5
100
AcDbArc
 50
270.0
 51
0.0
  0
ARC
  5
8E30
330
203
100
AcDbEntity
  8
0
  6
Continuous
 62
     7
100
AcDbCircle
 10
1183.81984557794
 20
-511.0933850035169
 30
0.0
 40
0.5
100
AcDbArc
 50
90.0
 51
180.0
  0
ARC
  5
8E3E
330
203
100
AcDbEntity
  8
0
  6
Continuous
 62
     7
100
AcDbCircle
 10
1202.86984557794
 20
-524.0933850035169
 30
0.0
 40
0.5
100
AcDbArc
 50
180.0
 51
270.0
  0
ARC
  5
8E3F
330
203
100
AcDbEntity
  8
0
  6
Continuous
 62
     7
100
AcDbCircle
 10
1215.86984557794
 20
-524.0933850035169
 30
0.0
 40
0.5
100
AcDbArc
 50
270.0
 51
0.0
  0
ARC
  5
8E40
330
203
100
AcDbEntity
  8
0
  6
Continuous
 62
     7
100
AcDbCircle
 10
1196.81984557794
 20
-524.0933850035169
 30
0.0
 40
0.5
100
AcDbArc
 50
270.0
 51
0.0
  0
ARC
  5
8E41
330
203
100
AcDbEntity
  8
0
  6
Continuous
 62
     7
100
AcDbCircle
 10
1221.91984557794
 20
-524.0933850035169
 30
0.0
 40
0.5
100
AcDbArc
 50
180.0
 51
270.0
  0
ARC
  5
8E42
330
203
100
AcDbEntity
  8
0
  6
Continuous
 62
     7
100
AcDbCircle
 10
1234.91984557794
 20
-524.0933850035169
 30
0.0
 40
0.5
100
AcDbArc
 50
270.0
 51
0.0
  0
ARC
  5
8E53
330
203
100
AcDbEntity
  8
0
  6
Continuous
 62
     7
100
AcDbCircle
 10
1196.81984557794
 20
-511.0933850035169
 30
0.0
 40
0.5
100
AcDbArc
 50
0.0
 51
90.0
  0
ARC
  5
8E54
330
203
100
AcDbEntity
  8
0
  6
Continuous
 62
     7
100
AcDbCircle
 10
1215.86984557794
 20
-505.0433850035169
 30
0.0
 40
0.5
100
AcDbArc
 50
270.0
 51
0.0
  0
ARC
  5
8E55
330
203
100
AcDbEntity
  8
0
  6
Continuous
 62
     7
100
AcDbCircle
 10
1202.86984557794
 20
-505.0433850035169
 30
0.0
 40
0.5
100
AcDbArc
 50
180.0
 51
270.0
  0
ARC
  5
8E56
330
203
100
AcDbEntity
  8
0
  6
Continuous
 62
     7
100
AcDbCircle
 10
1221.91984557794
 20
-511.0933850035169
 30
0.0
 40
0.5
100
AcDbArc
 50
90.0
 51
180.0
  0
ARC
  5
8E57
330
203
100
AcDbEntity
  8
0
  6
Continuous
 62
     7
100
AcDbCircle
 10
1234.91984557794
 20
-511.0933850035169
 30
0.0
 40
0.5
100
AcDbArc
 50
0.0
 51
90.0
  0
ARC
  5
8E58
330
203
100
AcDbEntity
  8
0
  6
Continuous
 62
     7
100
AcDbCircle
 10
1202.86984557794
 20
-511.0933850035169
 30
0.0
 40
0.5
100
AcDbArc
 50
90.0
 51
180.0
  0
ARC
  5
8E59
330
203
100
AcDbEntity
  8
0
  6
Continuous
 62
     7
100
AcDbCircle
 10
1215.86984557794
 20
-511.0933850035169
 30
0.0
 40
0.5
100
AcDbArc
 50
0.0
 51
90.0
  0
ARC
  5
8E6C
330
203
100
AcDbEntity
  8
0
  6
Continuous
100
AcDbCircle
 10
1156.34109557794
 20
-492.0433850035169
 30
0.0
 40
0.5
100
AcDbArc
 50
0.0
 51
90.0
  0
ARC
  5
8E6D
330
203
100
AcDbEntity
  8
0
  6
Continuous
100
AcDbCircle
 10
1161.09359557794
 20
-485.993385003517
 30
0.0
 40
0.5
100
AcDbArc
 50
270.0
 51
0.0
  0
ARC
  5
8E78
330
203
100
AcDbEntity
  8
0
  6
Continuous
100
AcDbCircle
 10
1161.09359557794
 20
-472.993385003517
 30
0.0
 40
0.5
100
AcDbArc
 50
0.0
 51
90.0
  0
ARC
  5
8E81
330
203
100
AcDbEntity
  8
0
  6
Continuous
 62
     7
100
AcDbCircle
 10
1202.86984557794
 20
-492.0433850035169
 30
0.0
 40
0.5
100
AcDbArc
 50
90.0
 51
180.0
  0
ARC
  5
8E82
330
203
100
AcDbEntity
  8
0
  6
Continuous
 62
     7
100
AcDbCircle
 10
1215.86984557794
 20
-492.0433850035169
 30
0.0
 40
0.5
100
AcDbArc
 50
0.0
 51
90.0
  0
ARC
  5
8E92
330
203
100
AcDbEntity
  8
0
  6
Continuous
 62
     7
100
AcDbCircle
 10
1087.28484557794
 20
-453.943385003517
 30
0.0
 40
0.5
100
AcDbArc
 50
0.0
 51
90.0
  0
ARC
  5
8E93
330
203
100
AcDbEntity
  8
0
  6
Continuous
 62
     7
100
AcDbCircle
 10
1074.28484557794
 20
-466.9433850035169
 30
0.0
 40
0.5
100
AcDbArc
 50
180.0
 51
270.0
  0
ARC
  5
8E94
330
203
100
AcDbEntity
  8
0
  6
Continuous
 62
     7
100
AcDbCircle
 10
1074.28484557794
 20
-453.943385003517
 30
0.0
 40
0.5
100
AcDbArc
 50
90.0
 51
180.0
  0
ARC
  5
8E95
330
203
100
AcDbEntity
  8
0
  6
Continuous
 62
     7
100
AcDbCircle
 10
1068.23484557794
 20
-453.943385003517
 30
0.0
 40
0.5
100
AcDbArc
 50
0.0
 51
90.0
  0
ARC
  5
8E96
330
203
100
AcDbEntity
  8
0
  6
Continuous
 62
     7
100
AcDbCircle
 10
1068.23484557794
 20
-466.9433850035169
 30
0.0
 40
0.5
100
AcDbArc
 50
270.0
 51
0.0
  0
ARC
  5
8E97
330
203
100
AcDbEntity
  8
0
  6
Continuous
 62
     7
100
AcDbCircle
 10
1087.28484557794
 20
-466.9433850035169
 30
0.0
 40
0.5
100
AcDbArc
 50
270.0
 51
0.0
  0
ARC
  5
8E98
330
203
100
AcDbEntity
  8
0
  6
Continuous
 62
     7
100
AcDbCircle
 10
1106.33484557794
 20
-466.9433850035169
 30
0.0
 40
0.5
100
AcDbArc
 50
270.0
 51
0.0
  0
ARC
  5
8E99
330
203
100
AcDbEntity
  8
0
  6
Continuous
 62
     7
100
AcDbCircle
 10
1093.33484557794
 20
-466.9433850035169
 30
0.0
 40
0.5
100
AcDbArc
 50
180.0
 51
270.0
  0
ARC
  5
8E9A
330
203
100
AcDbEntity
  8
0
  6
Continuous
 62
     7
100
AcDbCircle
 10
1106.33484557794
 20
-453.943385003517
 30
0.0
 40
0.5
100
AcDbArc
 50
0.0
 51
90.0
  0
ARC
  5
8E9B
330
203
100
AcDbEntity
  8
0
  6
Continuous
 62
     7
100
AcDbCircle
 10
1093.33484557794
 20
-453.943385003517
 30
0.0
 40
0.5
100
AcDbArc
 50
90.0
 51
180.0
  0
ARC
  5
8EA9
330
203
100
AcDbEntity
  8
0
  6
Continuous
 62
     7
100
AcDbCircle
 10
1064.75984557794
 20
-447.8933850035169
 30
0.0
 40
0.5
100
AcDbArc
 50
180.0
 51
270.0
  0
ARC
  5
8EAA
330
203
100
AcDbEntity
  8
0
  6
Continuous
 62
     7
100
AcDbCircle
 10
1077.75984557794
 20
-447.8933850035169
 30
0.0
 40
0.5
100
AcDbArc
 50
270.0
 51
0.0
  0
ARC
  5
8EAB
330
203
100
AcDbEntity
  8
0
  6
Continuous
 62
     7
100
AcDbCircle
 10
1102.85984557794
 20
-447.8933850035169
 30
0.0
 40
0.5
100
AcDbArc
 50
180.0
 51
270.0
  0
ARC
  5
8EAC
330
203
100
AcDbEntity
  8
0
  6
Continuous
 62
     7
100
AcDbCircle
 10
1083.80984557794
 20
-447.8933850035169
 30
0.0
 40
0.5
100
AcDbArc
 50
180.0
 51
270.0
  0
ARC
  5
8EAD
330
203
100
AcDbEntity
  8
0
  6
Continuous
 62
     7
100
AcDbCircle
 10
1096.80984557794
 20
-447.8933850035169
 30
0.0
 40
0.5
100
AcDbArc
 50
270.0
 51
0.0
  0
ARC
  5
8EB6
330
203
100
AcDbEntity
  8
0
  6
Continuous
100
AcDbCircle
 10
1144.43484557794
 20
-466.9433850035169
 30
0.0
 40
0.5
100
AcDbArc
 50
270.0
 51
0.0
  0
ARC
  5
8EB7
330
203
100
AcDbEntity
  8
0
  6
Continuous
100
AcDbCircle
 10
1144.43484557794
 20
-453.943385003517
 30
0.0
 40
0.5
100
AcDbArc
 50
0.0
 51
90.0
  0
ARC
  5
8EB8
330
203
100
AcDbEntity
  8
0
  6
Continuous
 62
     7
100
AcDbCircle
 10
1131.43484557794
 20
-453.943385003517
 30
0.0
 40
0.5
100
AcDbArc
 50
90.0
 51
180.0
  0
ARC
  5
8EB9
330
203
100
AcDbEntity
  8
0
  6
Continuous
 62
     7
100
AcDbCircle
 10
1131.43484557794
 20
-466.9433850035169
 30
0.0
 40
0.5
100
AcDbArc
 50
180.0
 51
270.0
  0
ARC
  5
8EBA
330
203
100
AcDbEntity
  8
0
  6
Continuous
 62
     7
100
AcDbCircle
 10
1125.38484557794
 20
-466.9433850035169
 30
0.0
 40
0.5
100
AcDbArc
 50
270.0
 51
0.0
  0
ARC
  5
8EBB
330
203
100
AcDbEntity
  8
0
  6
Continuous
 62
     7
100
AcDbCircle
 10
1112.38484557794
 20
-466.9433850035169
 30
0.0
 40
0.5
100
AcDbArc
 50
180.0
 51
270.0
  0
ARC
  5
8EBC
330
203
100
AcDbEntity
  8
0
  6
Continuous
 62
     7
100
AcDbCircle
 10
1112.38484557794
 20
-453.943385003517
 30
0.0
 40
0.5
100
AcDbArc
 50
90.0
 51
180.0
  0
ARC
  5
8EBD
330
203
100
AcDbEntity
  8
0
  6
Continuous
 62
     7
100
AcDbCircle
 10
1125.38484557794
 20
-453.943385003517
 30
0.0
 40
0.5
100
AcDbArc
 50
0.0
 51
90.0
  0
ARC
  5
8ECD
330
203
100
AcDbEntity
  8
0
  6
Continuous
 62
     7
100
AcDbCircle
 10
1134.90984557794
 20
-447.8933850035169
 30
0.0
 40
0.5
100
AcDbArc
 50
270.0
 51
0.0
  0
ARC
  5
8ECE
330
203
100
AcDbEntity
  8
0
  6
Continuous
 62
     7
100
AcDbCircle
 10
1121.90984557794
 20
-447.8933850035169
 30
0.0
 40
0.5
100
AcDbArc
 50
180.0
 51
270.0
  0
ARC
  5
8ECF
330
203
100
AcDbEntity
  8
0
  6
Continuous
100
AcDbCircle
 10
1150.47484557794
 20
-447.885885003517
 30
0.0
 40
0.5
100
AcDbArc
 50
180.0
 51
270.0
  0
ARC
  5
8ED8
330
203
100
AcDbEntity
  8
0
  6
Continuous
 62
     7
100
AcDbCircle
 10
1077.75984557794
 20
-434.8933850035169
 30
0.0
 40
0.5
100
AcDbArc
 50
0.0
 51
90.0
  0
ARC
  5
8ED9
330
203
100
AcDbEntity
  8
0
  6
Continuous
 62
     7
100
AcDbCircle
 10
1064.75984557794
 20
-434.8933850035169
 30
0.0
 40
0.5
100
AcDbArc
 50
90.0
 51
180.0
  0
ARC
  5
8EDA
330
203
100
AcDbEntity
  8
0
  6
Continuous
 62
     7
100
AcDbCircle
 10
1083.80984557794
 20
-434.8933850035169
 30
0.0
 40
0.5
100
AcDbArc
 50
90.0
 51
180.0
  0
ARC
  5
8EDB
330
203
100
AcDbEntity
  8
0
  6
Continuous
 62
     7
100
AcDbCircle
 10
1102.85984557794
 20
-434.8933850035169
 30
0.0
 40
0.5
100
AcDbArc
 50
90.0
 51
180.0
  0
ARC
  5
8EDC
330
203
100
AcDbEntity
  8
0
  6
Continuous
 62
     7
100
AcDbCircle
 10
1096.80984557794
 20
-434.8933850035169
 30
0.0
 40
0.5
100
AcDbArc
 50
0.0
 51
90.0
  0
ARC
  5
8EDD
330
203
100
AcDbEntity
  8
0
  6
Continuous
 62
     7
100
AcDbCircle
 10
1068.23484557794
 20
-424.0733850035169
 30
0.0
 40
0.5
100
AcDbArc
 50
270.0
 51
0.0
  0
ARC
  5
8EDE
330
203
100
AcDbEntity
  8
0
  6
Continuous
 62
     7
100
AcDbCircle
 10
1079.04734557794
 20
-424.0733850035169
 30
0.0
 40
0.5
100
AcDbArc
 50
180.0
 51
270.0
  0
ARC
  5
8EDF
330
203
100
AcDbEntity
  8
0
  6
Continuous
 62
     7
100
AcDbCircle
 10
1092.04734557794
 20
-424.0733850035169
 30
0.0
 40
0.5
100
AcDbArc
 50
270.0
 51
0.0
  0
ARC
  5
8EE0
330
203
100
AcDbEntity
  8
0
  6
Continuous
 62
     7
100
AcDbCircle
 10
1098.09734557794
 20
-424.0733850035169
 30
0.0
 40
0.5
100
AcDbArc
 50
180.0
 51
270.0
  0
ARC
  5
8EF8
330
203
100
AcDbEntity
  8
0
  6
Continuous
 62
     7
100
AcDbCircle
 10
1092.04734557794
 20
-411.073385003517
 30
0.0
 40
0.5
100
AcDbArc
 50
0.0
 51
90.0
  0
ARC
  5
8EF9
330
203
100
AcDbEntity
  8
0
  6
Continuous
 62
     7
100
AcDbCircle
 10
1098.09734557794
 20
-411.073385003517
 30
0.0
 40
0.5
100
AcDbArc
 50
90.0
 51
180.0
  0
ARC
  5
8EFA
330
203
100
AcDbEntity
  8
0
  6
Continuous
 62
     7
100
AcDbCircle
 10
1079.04734557794
 20
-411.073385003517
 30
0.0
 40
0.5
100
AcDbArc
 50
90.0
 51
180.0
  0
ARC
  5
8EFB
330
203
100
AcDbEntity
  8
0
  6
Continuous
 62
     7
100
AcDbCircle
 10
1068.23484557794
 20
-411.073385003517
 30
0.0
 40
0.5
100
AcDbArc
 50
0.0
 51
90.0
  0
ARC
  5
8F08
330
203
100
AcDbEntity
  8
0
  6
Continuous
 62
     7
100
AcDbCircle
 10
1134.90984557794
 20
-434.8933850035169
 30
0.0
 40
0.5
100
AcDbArc
 50
0.0
 51
90.0
  0
ARC
  5
8F09
330
203
100
AcDbEntity
  8
0
  6
Continuous
 62
     7
100
AcDbCircle
 10
1121.90984557794
 20
-434.8933850035169
 30
0.0
 40
0.5
100
AcDbArc
 50
90.0
 51
180.0
  0
ARC
  5
8F0A
330
203
100
AcDbEntity
  8
0
  6
Continuous
 62
     7
100
AcDbCircle
 10
1115.85984557794
 20
-434.8933850035169
 30
0.0
 40
0.5
100
AcDbArc
 50
0.0
 51
90.0
  0
ARC
  5
8F0B
330
203
100
AcDbEntity
  8
0
  6
Continuous
100
AcDbCircle
 10
1150.47484557794
 20
-434.885885003517
 30
0.0
 40
0.5
100
AcDbArc
 50
90.0
 51
180.0
  0
ARC
  5
8F0C
330
203
100
AcDbEntity
  8
0
  6
Continuous
 62
     7
100
AcDbCircle
 10
1111.09734557794
 20
-424.0733850035169
 30
0.0
 40
0.5
100
AcDbArc
 50
270.0
 51
0.0
  0
ARC
  5
8F0D
330
203
100
AcDbEntity
  8
0
  6
Continuous
 62
     7
100
AcDbCircle
 10
1130.14734557794
 20
-424.0733850035169
 30
0.0
 40
0.5
100
AcDbArc
 50
270.0
 51
0.0
  0
ARC
  5
8F0E
330
203
100
AcDbEntity
  8
0
  6
Continuous
 62
     7
100
AcDbCircle
 10
1117.14734557794
 20
-424.0733850035169
 30
0.0
 40
0.5
100
AcDbArc
 50
180.0
 51
270.0
  0
ARC
  5
8F0F
330
203
100
AcDbEntity
  8
0
  6
Continuous
 62
     7
100
AcDbCircle
 10
1136.19734557794
 20
-424.0733850035169
 30
0.0
 40
0.5
100
AcDbArc
 50
180.0
 51
270.0
  0
ARC
  5
8F10
330
203
100
AcDbEntity
  8
0
  6
Continuous
100
AcDbCircle
 10
1149.19734557794
 20
-424.0733850035169
 30
0.0
 40
0.5
100
AcDbArc
 50
270.0
 51
0.0
  0
ARC
  5
8F26
330
203
100
AcDbEntity
  8
0
  6
Continuous
100
AcDbCircle
 10
1149.19734557794
 20
-411.073385003517
 30
0.0
 40
0.5
100
AcDbArc
 50
0.0
 51
90.0
  0
ARC
  5
8F27
330
203
100
AcDbEntity
  8
0
  6
Continuous
 62
     7
100
AcDbCircle
 10
1130.14734557794
 20
-411.073385003517
 30
0.0
 40
0.5
100
AcDbArc
 50
0.0
 51
90.0
  0
ARC
  5
8F28
330
203
100
AcDbEntity
  8
0
  6
Continuous
 62
     7
100
AcDbCircle
 10
1111.09734557794
 20
-411.073385003517
 30
0.0
 40
0.5
100
AcDbArc
 50
0.0
 51
90.0
  0
ARC
  5
8F29
330
203
100
AcDbEntity
  8
0
  6
Continuous
 62
     7
100
AcDbCircle
 10
1117.14734557794
 20
-411.073385003517
 30
0.0
 40
0.5
100
AcDbArc
 50
90.0
 51
180.0
  0
ARC
  5
8F2A
330
203
100
AcDbEntity
  8
0
  6
Continuous
 62
     7
100
AcDbCircle
 10
1136.19734557794
 20
-411.073385003517
 30
0.0
 40
0.5
100
AcDbArc
 50
90.0
 51
180.0
  0
ARC
  5
8F3A
330
203
100
AcDbEntity
  8
0
  6
Continuous
100
AcDbCircle
 10
1168.24734557794
 20
-466.9433850035169
 30
0.0
 40
0.5
100
AcDbArc
 50
270.0
 51
0.0
  0
ARC
  5
8F3B
330
203
100
AcDbEntity
  8
0
  6
Continuous
100
AcDbCircle
 10
1155.24734557794
 20
-466.9433850035169
 30
0.0
 40
0.5
100
AcDbArc
 50
180.0
 51
270.0
  0
ARC
  5
8F3C
330
203
100
AcDbEntity
  8
0
  6
Continuous
100
AcDbCircle
 10
1155.24734557794
 20
-453.943385003517
 30
0.0
 40
0.5
100
AcDbArc
 50
90.0
 51
180.0
  0
ARC
  5
8F3D
330
203
100
AcDbEntity
  8
0
  6
Continuous
100
AcDbCircle
 10
1168.24734557794
 20
-453.943385003517
 30
0.0
 40
0.5
100
AcDbArc
 50
0.0
 51
90.0
  0
ARC
  5
8F3E
330
203
100
AcDbEntity
  8
0
  6
Continuous
 62
     7
100
AcDbCircle
 10
1183.81984557794
 20
-466.9433850035169
 30
0.0
 40
0.5
100
AcDbArc
 50
180.0
 51
270.0
  0
ARC
  5
8F3F
330
203
100
AcDbEntity
  8
0
  6
Continuous
 62
     7
100
AcDbCircle
 10
1183.81984557794
 20
-453.943385003517
 30
0.0
 40
0.5
100
AcDbArc
 50
90.0
 51
180.0
  0
ARC
  5
8F4C
330
203
100
AcDbEntity
  8
0
  6
Continuous
100
AcDbCircle
 10
1163.47484557794
 20
-447.885885003517
 30
0.0
 40
0.5
100
AcDbArc
 50
270.0
 51
0.0
  0
ARC
  5
8F4D
330
203
100
AcDbEntity
  8
0
  6
Continuous
 62
     7
100
AcDbCircle
 10
1183.81984557794
 20
-447.8933850035169
 30
0.0
 40
0.5
100
AcDbArc
 50
180.0
 51
270.0
  0
ARC
  5
8F52
330
203
100
AcDbEntity
  8
0
  6
Continuous
 62
     7
100
AcDbCircle
 10
1221.91984557794
 20
-466.9433850035169
 30
0.0
 40
0.5
100
AcDbArc
 50
180.0
 51
270.0
  0
ARC
  5
8F53
330
203
100
AcDbEntity
  8
0
  6
Continuous
 62
     7
100
AcDbCircle
 10
1202.86984557794
 20
-466.9433850035169
 30
0.0
 40
0.5
100
AcDbArc
 50
180.0
 51
270.0
  0
ARC
  5
8F54
330
203
100
AcDbEntity
  8
0
  6
Continuous
 62
     7
100
AcDbCircle
 10
1215.86984557794
 20
-466.9433850035169
 30
0.0
 40
0.5
100
AcDbArc
 50
270.0
 51
0.0
  0
ARC
  5
8F55
330
203
100
AcDbEntity
  8
0
  6
Continuous
 62
     7
100
AcDbCircle
 10
1234.91984557794
 20
-466.9433850035169
 30
0.0
 40
0.5
100
AcDbArc
 50
270.0
 51
0.0
  0
ARC
  5
8F56
330
203
100
AcDbEntity
  8
0
  6
Continuous
 62
     7
100
AcDbCircle
 10
1196.81984557794
 20
-466.9433850035169
 30
0.0
 40
0.5
100
AcDbArc
 50
270.0
 51
0.0
  0
ARC
  5
8F57
330
203
100
AcDbEntity
  8
0
  6
Continuous
 62
     7
100
AcDbCircle
 10
1196.81984557794
 20
-453.943385003517
 30
0.0
 40
0.5
100
AcDbArc
 50
0.0
 51
90.0
  0
ARC
  5
8F58
330
203
100
AcDbEntity
  8
0
  6
Continuous
 62
     7
100
AcDbCircle
 10
1215.86984557794
 20
-453.943385003517
 30
0.0
 40
0.5
100
AcDbArc
 50
0.0
 51
90.0
  0
ARC
  5
8F59
330
203
100
AcDbEntity
  8
0
  6
Continuous
 62
     7
100
AcDbCircle
 10
1234.91984557794
 20
-453.943385003517
 30
0.0
 40
0.5
100
AcDbArc
 50
0.0
 51
90.0
  0
ARC
  5
8F5A
330
203
100
AcDbEntity
  8
0
  6
Continuous
 62
     7
100
AcDbCircle
 10
1221.91984557794
 20
-453.943385003517
 30
0.0
 40
0.5
100
AcDbArc
 50
90.0
 51
180.0
  0
ARC
  5
8F5B
330
203
100
AcDbEntity
  8
0
  6
Continuous
 62
     7
100
AcDbCircle
 10
1202.86984557794
 20
-453.943385003517
 30
0.0
 40
0.5
100
AcDbArc
 50
90.0
 51
180.0
  0
ARC
  5
8F6A
330
203
100
AcDbEntity
  8
0
  6
Continuous
 62
     7
100
AcDbCircle
 10
1196.81984557794
 20
-447.8933850035169
 30
0.0
 40
0.5
100
AcDbArc
 50
270.0
 51
0.0
  0
ARC
  5
8F6B
330
203
100
AcDbEntity
  8
0
  6
Continuous
 62
     7
100
AcDbCircle
 10
1221.91984557794
 20
-447.8933850035169
 30
0.0
 40
0.5
100
AcDbArc
 50
180.0
 51
270.0
  0
ARC
  5
8F6C
330
203
100
AcDbEntity
  8
0
  6
Continuous
 62
     7
100
AcDbCircle
 10
1234.91984557794
 20
-447.8933850035169
 30
0.0
 40
0.5
100
AcDbArc
 50
270.0
 51
0.0
  0
ARC
  5
8F6D
330
203
100
AcDbEntity
  8
0
  6
Continuous
 62
     7
100
AcDbCircle
 10
1215.86984557794
 20
-447.8933850035169
 30
0.0
 40
0.5
100
AcDbArc
 50
270.0
 51
0.0
  0
ARC
  5
8F6E
330
203
100
AcDbEntity
  8
0
  6
Continuous
 62
     7
100
AcDbCircle
 10
1202.86984557794
 20
-447.8933850035169
 30
0.0
 40
0.5
100
AcDbArc
 50
180.0
 51
270.0
  0
ARC
  5
8F7D
330
203
100
AcDbEntity
  8
0
  6
Continuous
100
AcDbCircle
 10
1163.47484557794
 20
-434.885885003517
 30
0.0
 40
0.5
100
AcDbArc
 50
0.0
 51
90.0
  0
ARC
  5
8F7E
330
203
100
AcDbEntity
  8
0
  6
Continuous
100
AcDbCircle
 10
1160.00984557794
 20
-424.0733850035169
 30
0.0
 40
0.5
100
AcDbArc
 50
180.0
 51
270.0
  0
ARC
  5
8F7F
330
203
100
AcDbEntity
  8
0
  6
Continuous
100
AcDbCircle
 10
1173.00984557794
 20
-424.0733850035169
 30
0.0
 40
0.5
100
AcDbArc
 50
270.0
 51
0.0
  0
ARC
  5
8F80
330
203
100
AcDbEntity
  8
0
  6
Continuous
 62
     7
100
AcDbCircle
 10
1183.81984557794
 20
-434.8933850035169
 30
0.0
 40
0.5
100
AcDbArc
 50
90.0
 51
180.0
  0
ARC
  5
8F81
330
203
100
AcDbEntity
  8
0
  6
Continuous
 62
     7
100
AcDbCircle
 10
1183.81984557794
 20
-424.0733850035169
 30
0.0
 40
0.5
100
AcDbArc
 50
180.0
 51
270.0
  0
ARC
  5
8F97
330
203
100
AcDbEntity
  8
0
  6
Continuous
100
AcDbCircle
 10
1160.00984557794
 20
-411.073385003517
 30
0.0
 40
0.5
100
AcDbArc
 50
90.0
 51
180.0
  0
ARC
  5
8F98
330
203
100
AcDbEntity
  8
0
  6
Continuous
100
AcDbCircle
 10
1173.00984557794
 20
-411.073385003517
 30
0.0
 40
0.5
100
AcDbArc
 50
0.0
 51
90.0
  0
ARC
  5
8F99
330
203
100
AcDbEntity
  8
0
  6
Continuous
 62
     7
100
AcDbCircle
 10
1183.81984557794
 20
-411.073385003517
 30
0.0
 40
0.5
100
AcDbArc
 50
90.0
 51
180.0
  0
ARC
  5
8FA6
330
203
100
AcDbEntity
  8
0
  6
Continuous
 62
     7
100
AcDbCircle
 10
1221.91984557794
 20
-434.8933850035169
 30
0.0
 40
0.5
100
AcDbArc
 50
90.0
 51
180.0
  0
ARC
  5
8FA7
330
203
100
AcDbEntity
  8
0
  6
Continuous
 62
     7
100
AcDbCircle
 10
1234.91984557794
 20
-434.8933850035169
 30
0.0
 40
0.5
100
AcDbArc
 50
0.0
 51
90.0
  0
ARC
  5
8FA8
330
203
100
AcDbEntity
  8
0
  6
Continuous
 62
     7
100
AcDbCircle
 10
1215.86984557794
 20
-434.8933850035169
 30
0.0
 40
0.5
100
AcDbArc
 50
0.0
 51
90.0
  0
ARC
  5
8FA9
330
203
100
AcDbEntity
  8
0
  6
Continuous
 62
     7
100
AcDbCircle
 10
1196.81984557794
 20
-434.8933850035169
 30
0.0
 40
0.5
100
AcDbArc
 50
0.0
 51
90.0
  0
ARC
  5
8FAA
330
203
100
AcDbEntity
  8
0
  6
Continuous
 62
     7
100
AcDbCircle
 10
1202.86984557794
 20
-434.8933850035169
 30
0.0
 40
0.5
100
AcDbArc
 50
90.0
 51
180.0
  0
ARC
  5
8FAB
330
203
100
AcDbEntity
  8
0
  6
Continuous
 62
     7
100
AcDbCircle
 10
1196.81984557794
 20
-424.0733850035169
 30
0.0
 40
0.5
100
AcDbArc
 50
270.0
 51
0.0
  0
ARC
  5
8FAC
330
203
100
AcDbEntity
  8
0
  6
Continuous
 62
     7
100
AcDbCircle
 10
1202.86984557794
 20
-424.0733850035169
 30
0.0
 40
0.5
100
AcDbArc
 50
180.0
 51
270.0
  0
ARC
  5
8FAD
330
203
100
AcDbEntity
  8
0
  6
Continuous
 62
     7
100
AcDbCircle
 10
1215.86984557794
 20
-424.0733850035169
 30
0.0
 40
0.5
100
AcDbArc
 50
270.0
 51
0.0
  0
ARC
  5
8FAE
330
203
100
AcDbEntity
  8
0
  6
Continuous
 62
     7
100
AcDbCircle
 10
1221.91984557794
 20
-424.0733850035169
 30
0.0
 40
0.5
100
AcDbArc
 50
180.0
 51
270.0
  0
ARC
  5
8FAF
330
203
100
AcDbEntity
  8
0
  6
Continuous
 62
     7
100
AcDbCircle
 10
1234.91984557794
 20
-424.0733850035169
 30
0.0
 40
0.5
100
AcDbArc
 50
270.0
 51
0.0
  0
ARC
  5
8FCB
330
203
100
AcDbEntity
  8
0
  6
Continuous
 62
     7
100
AcDbCircle
 10
1196.81984557794
 20
-411.073385003517
 30
0.0
 40
0.5
100
AcDbArc
 50
0.0
 51
90.0
  0
ARC
  5
8FCC
330
203
100
AcDbEntity
  8
0
  6
Continuous
 62
     7
100
AcDbCircle
 10
1202.86984557794
 20
-411.073385003517
 30
0.0
 40
0.5
100
AcDbArc
 50
90.0
 51
180.0
  0
ARC
  5
8FCD
330
203
100
AcDbEntity
  8
0
  6
Continuous
 62
     7
100
AcDbCircle
 10
1215.86984557794
 20
-411.073385003517
 30
0.0
 40
0.5
100
AcDbArc
 50
0.0
 51
90.0
  0
ARC
  5
8FCE
330
203
100
AcDbEntity
  8
0
  6
Continuous
 62
     7
100
AcDbCircle
 10
1221.91984557794
 20
-411.073385003517
 30
0.0
 40
0.5
100
AcDbArc
 50
90.0
 51
180.0
  0
ARC
  5
8FCF
330
203
100
AcDbEntity
  8
0
  6
Continuous
 62
     7
100
AcDbCircle
 10
1234.91984557794
 20
-411.073385003517
 30
0.0
 40
0.5
100
AcDbArc
 50
0.0
 51
90.0
  0
ARC
  5
AB04
330
203
100
AcDbEntity
  8
0
  6
Continuous
 62
     7
100
AcDbCircle
 10
1115.85984557794
 20
-447.8933850035169
 30
0.0
 40
0.5
100
AcDbArc
 50
270.0
 51
0.0
  0
LINE
  5
ADBC
330
203
100
AcDbEntity
  8
0
  6
Continuous
100
AcDbLine
 10
893.5498455779404
 20
-430.233385003517
 30
0.0
 11
954.2098455779383
 21
-430.233385003517
 31
0.0
1001
AcDbBlockRepETag
1070
     1
1071
      332
1005
ADBC
  0
LINE
  5
ADBD
330
203
100
AcDbEntity
  8
0
  6
Continuous
100
AcDbLine
 10
1043.43984557794
 20
-430.233385003517
 30
0.0
 11
1106.609845577938
 21
-430.233385003517
 31
0.0
1001
AcDbBlockRepETag
1070
     1
1071
      333
1005
ADBD
  0
LINE
  5
ADBE
330
203
100
AcDbEntity
  8
0
  6
Continuous
100
AcDbLine
 10
1184.06984557794
 20
-430.233385003517
 30
0.0
 11
1234.66984557794
 21
-430.233385003517
 31
0.0
1001
AcDbBlockRepETag
1070
     1
1071
      334
1005
ADBE
  0
LINE
  5
ADBF
330
203
100
AcDbEntity
  8
0
  6
Continuous
100
AcDbLine
 10
1234.66984557794
 20
-428.733385003517
 30
0.0
 11
1184.06984557794
 21
-428.733385003517
 31
0.0
1001
AcDbBlockRepETag
1070
     1
1071
      335
1005
ADBF
  0
LINE
  5
ADC0
330
203
100
AcDbEntity
  8
0
  6
Continuous
100
AcDbLine
 10
1172.75984557794
 20
-428.733385003517
 30
0.0
 11
1112.10984557794
 21
-428.733385003517
 31
0.0
1001
AcDbBlockRepETag
1070
     1
1071
      336
1005
ADC0
  0
LINE
  5
ADC1
330
203
100
AcDbEntity
  8
0
  6
Continuous
100
AcDbLine
 10
1022.88484557794
 20
-428.733385003517
 30
0.0
 11
959.7098455779397
 21
-428.733385003517
 31
0.0
1001
AcDbBlockRepETag
1070
     1
1071
      337
1005
ADC1
  0
LINE
  5
ADC6
330
203
100
AcDbEntity
  8
0
  6
Continuous
100
AcDbLine
 10
1177.66484557794
 20
-411.286471459917
 30
0.0
 11
1177.66484557794
 21
-423.8233850035171
 31
0.0
1001
AcDbBlockRepETag
1070
     1
1071
      342
1005
ADC6
  0
LINE
  5
ADC7
330
203
100
AcDbEntity
  8
0
  6
Continuous
100
AcDbLine
 10
1177.66484557794
 20
-435.143385003517
 30
0.0
 11
1177.66484557794
 21
-523.9093421092169
 31
0.0
1001
AcDbBlockRepETag
1070
     1
1071
      343
1005
ADC7
  0
LINE
  5
ADC8
330
203
100
AcDbEntity
  8
0
  6
Continuous
100
AcDbLine
 10
1179.16484557794
 20
-523.9093421092169
 30
0.0
 11
1179.16484557794
 21
-435.143385003517
 31
0.0
1001
AcDbBlockRepETag
1070
     1
1071
      344
1005
ADC8
  0
LINE
  5
ADC9
330
203
100
AcDbEntity
  8
0
  6
Continuous
100
AcDbLine
 10
1179.16484557794
 20
-423.8233850035171
 30
0.0
 11
1179.16484557794
 21
-411.286471459917
 31
0.0
1001
AcDbBlockRepETag
1070
     1
1071
      345
1005
ADC9
  0
ARC
  5
ADD7
330
203
100
AcDbEntity
  8
0
  6
Continuous
100
AcDbCircle
 10
893.5498455779404
 20
-429.4833850035169
 30
0.0
 40
0.75
100
AcDbArc
 50
90.0
 51
270.0
1001
AcDbBlockRepETag
1070
     1
1071
      359
1005
ADD7
  0
CIRCLE
  5
ADD8
330
203
100
AcDbEntity
  8
0
  6
Continuous
100
AcDbCircle
 10
1033.15984557794
 20
-429.4833850035169
 30
0.0
 40
2.299999999999999
1001
AcDbBlockRepETag
1070
     1
1071
      360
1005
ADD8
  0
CIRCLE
  5
ADD9
330
203
100
AcDbEntity
  8
0
  6
Continuous
100
AcDbCircle
 10
1033.15984557794
 20
-429.4833850035169
 30
0.0
 40
1.1
1001
AcDbBlockRepETag
1070
     1
1071
      361
1005
ADD9
  0
ARC
  5
ADDA
330
203
100
AcDbEntity
  8
0
  6
Continuous
100
AcDbCircle
 10
1043.43984557794
 20
-429.4833850035169
 30
0.0
 40
0.75
100
AcDbArc
 50
90.0
 51
270.0
1001
AcDbBlockRepETag
1070
     1
1071
      362
1005
ADDA
  0
ARC
  5
ADDB
330
203
100
AcDbEntity
  8
0
  6
Continuous
100
AcDbCircle
 10
1022.88484557794
 20
-429.4833850035169
 30
0.0
 40
0.75
100
AcDbArc
 50
270.0
 51
90.0
1001
AcDbBlockRepETag
1070
     1
1071
      363
1005
ADDB
  0
ARC
  5
ADE7
330
203
100
AcDbEntity
  8
0
  6
Continuous
100
AcDbCircle
 10
1178.41484557794
 20
-523.9093421092169
 30
0.0
 40
0.75
100
AcDbArc
 50
180.0
 51
0.0
1001
AcDbBlockRepETag
1070
     1
1071
      375
1005
ADE7
  0
ARC
  5
ADEC
330
203
100
AcDbEntity
  8
0
  6
Continuous
100
AcDbCircle
 10
1178.41484557794
 20
-423.8233850035171
 30
0.0
 40
0.75
100
AcDbArc
 50
180.0
 51
0.0
1001
AcDbBlockRepETag
1070
     1
1071
      298
1005
ADEC
  0
ARC
  5
ADED
330
203
100
AcDbEntity
  8
0
  6
Continuous
100
AcDbCircle
 10
1178.41484557794
 20
-435.143385003517
 30
0.0
 40
0.75
100
AcDbArc
 50
0.0
 51
180.0
1001
AcDbBlockRepETag
1070
     1
1071
      299
1005
ADED
  0
ARC
  5
ADEE
330
203
100
AcDbEntity
  8
0
  6
Continuous
100
AcDbCircle
 10
1172.75984557794
 20
-429.4833850035169
 30
0.0
 40
0.75
100
AcDbArc
 50
270.0
 51
90.0
1001
AcDbBlockRepETag
1070
     1
1071
      300
1005
ADEE
  0
ARC
  5
ADEF
330
203
100
AcDbEntity
  8
0
  6
Continuous
100
AcDbCircle
 10
1184.06984557794
 20
-429.4833850035169
 30
0.0
 40
0.75
100
AcDbArc
 50
90.0
 51
270.0
1001
AcDbBlockRepETag
1070
     1
1071
      301
1005
ADEF
  0
ARC
  5
ADF0
330
203
100
AcDbEntity
  8
0
  6
Continuous
100
AcDbCircle
 10
1178.41484557794
 20
-411.286471459917
 30
0.0
 40
0.75
100
AcDbArc
 50
0.0
 51
180.0
1001
AcDbBlockRepETag
1070
     1
1071
      302
1005
ADF0
  0
ARC
  5
ADF1
330
203
100
AcDbEntity
  8
0
  6
Continuous
100
AcDbCircle
 10
1234.66984557794
 20
-429.4833850035169
 30
0.0
 40
0.75
100
AcDbArc
 50
270.0
 51
90.0
1001
AcDbBlockRepETag
1070
     1
1071
      303
1005
ADF1
  0
LINE
  5
ADF2
330
203
100
AcDbEntity
  8
0
  6
Continuous
100
AcDbLine
 10
889.5998455779404
 20
-409.0733850035169
 30
0.0
 11
889.5998455779404
 21
-525.5733850035169
 31
0.0
1001
AcDbBlockRepETag
1070
     1
1071
      188
1005
ADF2
  0
LINE
  5
ADF3
330
203
100
AcDbEntity
  8
0
  6
Continuous
100
AcDbLine
 10
891.7998455779404
 20
-403.5733850035169
 30
0.0
 11
891.7998455779404
 21
-405.073385003517
 31
0.0
1001
AcDbBlockRepETag
1070
     1
1071
      189
1005
ADF3
  0
LINE
  5
ADF4
330
203
100
AcDbEntity
  8
0
  6
Continuous
100
AcDbLine
 10
891.7998455779404
 20
-529.5733850035169
 30
0.0
 11
891.7998455779404
 21
-531.0733850035169
 31
0.0
1001
AcDbBlockRepETag
1070
     1
1071
      190
1005
ADF4
  0
LINE
  5
ADF5
330
203
100
AcDbEntity
  8
0
  6
Continuous
100
AcDbLine
 10
948.7998455779404
 20
-531.0733850035169
 30
0.0
 11
948.7998455779404
 21
-529.5733850035169
 31
0.0
1001
AcDbBlockRepETag
1070
     1
1071
      191
1005
ADF5
  0
LINE
  5
ADF6
330
203
100
AcDbEntity
  8
0
  6
Continuous
100
AcDbLine
 10
948.7998455779404
 20
-405.073385003517
 30
0.0
 11
948.7998455779404
 21
-403.5733850035169
 31
0.0
1001
AcDbBlockRepETag
1070
     1
1071
      192
1005
ADF6
  0
LINE
  5
ADF7
330
203
100
AcDbEntity
  8
0
  6
Continuous
100
AcDbLine
 10
960.1098455779403
 20
-403.5733850035169
 30
0.0
 11
960.1098455779403
 21
-405.073385003517
 31
0.0
1001
AcDbBlockRepETag
1070
     1
1071
      193
1005
ADF7
  0
LINE
  5
ADF8
330
203
100
AcDbEntity
  8
0
  6
Continuous
100
AcDbLine
 10
960.1098455779403
 20
-529.5733850035169
 30
0.0
 11
960.1098455779403
 21
-531.0733850035169
 31
0.0
1001
AcDbBlockRepETag
1070
     1
1071
      194
1005
ADF8
  0
LINE
  5
ADF9
330
203
100
AcDbEntity
  8
0
  6
Continuous
100
AcDbLine
 10
892.7998455779404
 20
-532.0733850035169
 30
0.0
 11
947.7998455779404
 21
-532.0733850035169
 31
0.0
1001
AcDbBlockRepETag
1070
     1
1071
      195
1005
ADF9
  0
LINE
  5
ADFA
330
203
100
AcDbEntity
  8
0
  6
Continuous
100
AcDbLine
 10
961.1098455779403
 20
-532.0733850035169
 30
0.0
 11
1057.10984557794
 21
-532.0733850035169
 31
0.0
1001
AcDbBlockRepETag
1070
     1
1071
      196
1005
ADFA
  0
LINE
  5
ADFB
330
203
100
AcDbEntity
  8
0
  6
Continuous
100
AcDbLine
 10
1071.10984557794
 20
-532.0733850035169
 30
0.0
 11
1167.10984557794
 21
-532.0733850035169
 31
0.0
1001
AcDbBlockRepETag
1070
     1
1071
      197
1005
ADFB
  0
LINE
  5
ADFC
330
203
100
AcDbEntity
  8
0
  6
Continuous
100
AcDbLine
 10
1180.41984557794
 20
-532.0733850035169
 30
0.0
 11
1235.41984557794
 21
-532.0733850035169
 31
0.0
1001
AcDbBlockRepETag
1070
     1
1071
      198
1005
ADFC
  0
LINE
  5
ADFD
330
203
100
AcDbEntity
  8
0
  6
Continuous
100
AcDbLine
 10
1235.41984557794
 20
-528.5733850035169
 30
0.0
 11
1212.66984557794
 21
-528.5733850035169
 31
0.0
1001
AcDbBlockRepETag
1070
     1
1071
      199
1005
ADFD
  0
LINE
  5
ADFE
330
203
100
AcDbEntity
  8
0
  6
Continuous
100
AcDbLine
 10
1203.16984557794
 20
-528.5733850035169
 30
0.0
 11
1180.41984557794
 21
-528.5733850035169
 31
0.0
1001
AcDbBlockRepETag
1070
     1
1071
      200
1005
ADFE
  0
LINE
  5
ADFF
330
203
100
AcDbEntity
  8
0
  6
Continuous
100
AcDbLine
 10
1167.10984557794
 20
-528.5733850035169
 30
0.0
 11
1127.35984557794
 21
-528.5733850035169
 31
0.0
1001
AcDbBlockRepETag
1070
     1
1071
      201
1005
ADFF
  0
LINE
  5
AE00
330
203
100
AcDbEntity
  8
0
  6
Continuous
100
AcDbLine
 10
1110.85984557794
 20
-528.5733850035169
 30
0.0
 11
1071.10984557794
 21
-528.5733850035169
 31
0.0
1001
AcDbBlockRepETag
1070
     1
1071
      202
1005
AE00
  0
LINE
  5
AE01
330
203
100
AcDbEntity
  8
0
  6
Continuous
100
AcDbLine
 10
1057.10984557794
 20
-528.5733850035169
 30
0.0
 11
1017.35984557794
 21
-528.5733850035169
 31
0.0
1001
AcDbBlockRepETag
1070
     1
1071
      203
1005
AE01
  0
LINE
  5
AE02
330
203
100
AcDbEntity
  8
0
  6
Continuous
100
AcDbLine
 10
1000.85984557794
 20
-528.5733850035169
 30
0.0
 11
961.1098455779403
 21
-528.5733850035169
 31
0.0
1001
AcDbBlockRepETag
1070
     1
1071
      204
1005
AE02
  0
LINE
  5
AE03
330
203
100
AcDbEntity
  8
0
  6
Continuous
100
AcDbLine
 10
947.7998455779404
 20
-528.5733850035169
 30
0.0
 11
925.0498455779407
 21
-528.5733850035169
 31
0.0
1001
AcDbBlockRepETag
1070
     1
1071
      205
1005
AE03
  0
LINE
  5
AE04
330
203
100
AcDbEntity
  8
0
  6
Continuous
100
AcDbLine
 10
915.5498455779403
 20
-528.5733850035169
 30
0.0
 11
892.7998455779404
 21
-528.5733850035169
 31
0.0
1001
AcDbBlockRepETag
1070
     1
1071
      206
1005
AE04
  0
LINE
  5
AE05
330
203
100
AcDbEntity
  8
0
  6
Continuous
100
AcDbLine
 10
891.0998455779404
 20
-527.0733850035169
 30
0.0
 11
915.5498455779403
 21
-527.0733850035168
 31
0.0
1001
AcDbBlockRepETag
1070
     1
1071
      207
1005
AE05
  0
LINE
  5
AE06
330
203
100
AcDbEntity
  8
0
  6
Continuous
100
AcDbLine
 10
925.0498455779407
 20
-527.0733850035168
 30
0.0
 11
1000.85984557794
 21
-527.073385003517
 31
0.0
1001
AcDbBlockRepETag
1070
     1
1071
      208
1005
AE06
  0
LINE
  5
AE07
330
203
100
AcDbEntity
  8
0
  6
Continuous
100
AcDbLine
 10
1017.35984557794
 20
-527.0733850035169
 30
0.0
 11
1110.85984557794
 21
-527.073385003517
 31
0.0
1001
AcDbBlockRepETag
1070
     1
1071
      209
1005
AE07
  0
LINE
  5
AE08
330
203
100
AcDbEntity
  8
0
  6
Continuous
100
AcDbLine
 10
1127.35984557794
 20
-527.0733850035169
 30
0.0
 11
1203.16984557794
 21
-527.0733850035168
 31
0.0
1001
AcDbBlockRepETag
1070
     1
1071
      210
1005
AE08
  0
LINE
  5
AE09
330
203
100
AcDbEntity
  8
0
  6
Continuous
100
AcDbLine
 10
1212.66984557794
 20
-527.0733850035168
 30
0.0
 11
1237.11984557794
 21
-527.0733850035169
 31
0.0
1001
AcDbBlockRepETag
1070
     1
1071
      211
1005
AE09
  0
LINE
  5
AE0A
330
203
100
AcDbEntity
  8
0
  6
Continuous
100
AcDbLine
 10
1058.10984557794
 20
-531.0733850035169
 30
0.0
 11
1058.10984557794
 21
-529.5733850035169
 31
0.0
1001
AcDbBlockRepETag
1070
     1
1071
      212
1005
AE0A
  0
LINE
  5
AE0B
330
203
100
AcDbEntity
  8
0
  6
Continuous
100
AcDbLine
 10
1058.10984557794
 20
-405.073385003517
 30
0.0
 11
1058.10984557794
 21
-403.5733850035169
 31
0.0
1001
AcDbBlockRepETag
1070
     1
1071
      213
1005
AE0B
  0
LINE
  5
AE0C
330
203
100
AcDbEntity
  8
0
  6
Continuous
100
AcDbLine
 10
1070.10984557794
 20
-403.5733850035169
 30
0.0
 11
1070.10984557794
 21
-405.073385003517
 31
0.0
1001
AcDbBlockRepETag
1070
     1
1071
      214
1005
AE0C
  0
LINE
  5
AE0D
330
203
100
AcDbEntity
  8
0
  6
Continuous
100
AcDbLine
 10
1070.10984557794
 20
-529.5733850035169
 30
0.0
 11
1070.10984557794
 21
-531.0733850035169
 31
0.0
1001
AcDbBlockRepETag
1070
     1
1071
      215
1005
AE0D
  0
LINE
  5
AE0E
330
203
100
AcDbEntity
  8
0
  6
Continuous
100
AcDbLine
 10
1237.11984557794
 20
-407.5733850035169
 30
0.0
 11
1212.66984557794
 21
-407.573385003517
 31
0.0
1001
AcDbBlockRepETag
1070
     1
1071
      216
1005
AE0E
  0
LINE
  5
AE0F
330
203
100
AcDbEntity
  8
0
  6
Continuous
100
AcDbLine
 10
1203.16984557794
 20
-407.5733850035169
 30
0.0
 11
1127.35984557794
 21
-407.573385003517
 31
0.0
1001
AcDbBlockRepETag
1070
     1
1071
      217
1005
AE0F
  0
LINE
  5
AE10
330
203
100
AcDbEntity
  8
0
  6
Continuous
100
AcDbLine
 10
1110.85984557794
 20
-407.573385003517
 30
0.0
 11
1017.35984557794
 21
-407.573385003517
 31
0.0
1001
AcDbBlockRepETag
1070
     1
1071
      218
1005
AE10
  0
LINE
  5
AE11
330
203
100
AcDbEntity
  8
0
  6
Continuous
100
AcDbLine
 10
1000.85984557794
 20
-407.5733850035169
 30
0.0
 11
925.0498455779407
 21
-407.5733850035169
 31
0.0
1001
AcDbBlockRepETag
1070
     1
1071
      219
1005
AE11
  0
LINE
  5
AE12
330
203
100
AcDbEntity
  8
0
  6
Continuous
100
AcDbLine
 10
915.5498455779403
 20
-407.573385003517
 30
0.0
 11
891.0998455779404
 21
-407.5733850035169
 31
0.0
1001
AcDbBlockRepETag
1070
     1
1071
      220
1005
AE12
  0
LINE
  5
AE13
330
203
100
AcDbEntity
  8
0
  6
Continuous
100
AcDbLine
 10
892.7998455779404
 20
-406.073385003517
 30
0.0
 11
915.5498455779403
 21
-406.073385003517
 31
0.0
1001
AcDbBlockRepETag
1070
     1
1071
      221
1005
AE13
  0
LINE
  5
AE14
330
203
100
AcDbEntity
  8
0
  6
Continuous
100
AcDbLine
 10
925.0498455779407
 20
-406.073385003517
 30
0.0
 11
947.7998455779404
 21
-406.073385003517
 31
0.0
1001
AcDbBlockRepETag
1070
     1
1071
      222
1005
AE14
  0
LINE
  5
AE15
330
203
100
AcDbEntity
  8
0
  6
Continuous
100
AcDbLine
 10
961.1098455779403
 20
-406.073385003517
 30
0.0
 11
1000.85984557794
 21
-406.073385003517
 31
0.0
1001
AcDbBlockRepETag
1070
     1
1071
      223
1005
AE15
  0
LINE
  5
AE16
330
203
100
AcDbEntity
  8
0
  6
Continuous
100
AcDbLine
 10
1017.35984557794
 20
-406.073385003517
 30
0.0
 11
1057.10984557794
 21
-406.073385003517
 31
0.0
1001
AcDbBlockRepETag
1070
     1
1071
      224
1005
AE16
  0
LINE
  5
AE17
330
203
100
AcDbEntity
  8
0
  6
Continuous
100
AcDbLine
 10
1071.10984557794
 20
-406.073385003517
 30
0.0
 11
1110.85984557794
 21
-406.073385003517
 31
0.0
1001
AcDbBlockRepETag
1070
     1
1071
      225
1005
AE17
  0
LINE
  5
AE18
330
203
100
AcDbEntity
  8
0
  6
Continuous
100
AcDbLine
 10
1127.35984557794
 20
-406.073385003517
 30
0.0
 11
1167.10984557794
 21
-406.073385003517
 31
0.0
1001
AcDbBlockRepETag
1070
     1
1071
      226
1005
AE18
  0
LINE
  5
AE19
330
203
100
AcDbEntity
  8
0
  6
Continuous
100
AcDbLine
 10
1180.41984557794
 20
-406.073385003517
 30
0.0
 11
1203.16984557794
 21
-406.073385003517
 31
0.0
1001
AcDbBlockRepETag
1070
     1
1071
      227
1005
AE19
  0
LINE
  5
AE1A
330
203
100
AcDbEntity
  8
0
  6
Continuous
100
AcDbLine
 10
1212.66984557794
 20
-406.073385003517
 30
0.0
 11
1235.41984557794
 21
-406.073385003517
 31
0.0
1001
AcDbBlockRepETag
1070
     1
1071
      228
1005
AE1A
  0
LINE
  5
AE1B
330
203
100
AcDbEntity
  8
0
  6
Continuous
100
AcDbLine
 10
1235.41984557794
 20
-402.573385003517
 30
0.0
 11
1180.41984557794
 21
-402.573385003517
 31
0.0
1001
AcDbBlockRepETag
1070
     1
1071
      229
1005
AE1B
  0
LINE
  5
AE1C
330
203
100
AcDbEntity
  8
0
  6
Continuous
100
AcDbLine
 10
1167.10984557794
 20
-402.573385003517
 30
0.0
 11
1071.10984557794
 21
-402.573385003517
 31
0.0
1001
AcDbBlockRepETag
1070
     1
1071
      230
1005
AE1C
  0
LINE
  5
AE1D
330
203
100
AcDbEntity
  8
0
  6
Continuous
100
AcDbLine
 10
1057.10984557794
 20
-402.573385003517
 30
0.0
 11
961.1098455779403
 21
-402.573385003517
 31
0.0
1001
AcDbBlockRepETag
1070
     1
1071
      231
1005
AE1D
  0
LINE
  5
AE1E
330
203
100
AcDbEntity
  8
0
  6
Continuous
100
AcDbLine
 10
947.7998455779404
 20
-402.573385003517
 30
0.0
 11
892.7998455779404
 21
-402.573385003517
 31
0.0
1001
AcDbBlockRepETag
1070
     1
1071
      232
1005
AE1E
  0
LINE
  5
AE1F
330
203
100
AcDbEntity
  8
0
  6
Continuous
100
AcDbLine
 10
1168.10984557794
 20
-531.0733850035169
 30
0.0
 11
1168.10984557794
 21
-529.5733850035169
 31
0.0
1001
AcDbBlockRepETag
1070
     1
1071
      233
1005
AE1F
  0
LINE
  5
AE20
330
203
100
AcDbEntity
  8
0
  6
Continuous
100
AcDbLine
 10
1168.10984557794
 20
-405.073385003517
 30
0.0
 11
1168.10984557794
 21
-403.5733850035169
 31
0.0
1001
AcDbBlockRepETag
1070
     1
1071
      234
1005
AE20
  0
LINE
  5
AE21
330
203
100
AcDbEntity
  8
0
  6
Continuous
100
AcDbLine
 10
1179.41984557794
 20
-403.5733850035169
 30
0.0
 11
1179.41984557794
 21
-405.073385003517
 31
0.0
1001
AcDbBlockRepETag
1070
     1
1071
      235
1005
AE21
  0
LINE
  5
AE22
330
203
100
AcDbEntity
  8
0
  6
Continuous
100
AcDbLine
 10
1179.41984557794
 20
-529.5733850035169
 30
0.0
 11
1179.41984557794
 21
-531.0733850035169
 31
0.0
1001
AcDbBlockRepETag
1070
     1
1071
      236
1005
AE22
  0
LINE
  5
AE23
330
203
100
AcDbEntity
  8
0
  6
Continuous
100
AcDbLine
 10
1236.41984557794
 20
-531.0733850035169
 30
0.0
 11
1236.41984557794
 21
-529.5733850035169
 31
0.0
1001
AcDbBlockRepETag
1070
     1
1071
      237
1005
AE23
  0
LINE
  5
AE24
330
203
100
AcDbEntity
  8
0
  6
Continuous
100
AcDbLine
 10
1236.41984557794
 20
-405.073385003517
 30
0.0
 11
1236.41984557794
 21
-403.5733850035169
 31
0.0
1001
AcDbBlockRepETag
1070
     1
1071
      238
1005
AE24
  0
LINE
  5
AE25
330
203
100
AcDbEntity
  8
0
  6
Continuous
100
AcDbLine
 10
1238.61984557794
 20
-526.0733850035169
 30
0.0
 11
1238.61984557794
 21
-409.0733850035169
 31
0.0
1001
AcDbBlockRepETag
1070
     1
1071
      239
1005
AE25
  0
ARC
  5
AE26
330
203
100
AcDbEntity
  8
0
  6
Continuous
100
AcDbCircle
 10
891.0998455779404
 20
-525.5733850035169
 30
0.0
 40
1.5
100
AcDbArc
 50
180.0
 51
270.0
1001
AcDbBlockRepETag
1070
     1
1071
      240
1005
AE26
  0
ARC
  5
AE27
330
203
100
AcDbEntity
  8
0
  6
Continuous
100
AcDbCircle
 10
892.7998455779404
 20
-531.0733850035169
 30
0.0
 40
1.0
100
AcDbArc
 50
180.0
 51
270.0
1001
AcDbBlockRepETag
1070
     1
1071
      241
1005
AE27
  0
ARC
  5
AE28
330
203
100
AcDbEntity
  8
0
  6
Continuous
100
AcDbCircle
 10
892.7998455779404
 20
-529.5733850035169
 30
0.0
 40
1.0
100
AcDbArc
 50
90.0
 51
180.0
1001
AcDbBlockRepETag
1070
     1
1071
      242
1005
AE28
  0
ARC
  5
AE2B
330
203
100
AcDbEntity
  8
0
  6
Continuous
100
AcDbCircle
 10
961.1098455779403
 20
-531.0733850035169
 30
0.0
 40
1.0
100
AcDbArc
 50
180.0
 51
270.0
1001
AcDbBlockRepETag
1070
     1
1071
      245
1005
AE2B
  0
ARC
  5
AE2C
330
203
100
AcDbEntity
  8
0
  6
Continuous
100
AcDbCircle
 10
961.1098455779403
 20
-529.5733850035169
 30
0.0
 40
1.0
100
AcDbArc
 50
90.0
 51
180.0
1001
AcDbBlockRepETag
1070
     1
1071
      246
1005
AE2C
  0
ARC
  5
AE2D
330
203
100
AcDbEntity
  8
0
  6
Continuous
100
AcDbCircle
 10
947.7998455779404
 20
-529.5733850035169
 30
0.0
 40
1.0
100
AcDbArc
 50
0.0
 51
90.0
1001
AcDbBlockRepETag
1070
     1
1071
      247
1005
AE2D
  0
ARC
  5
AE2E
330
203
100
AcDbEntity
  8
0
  6
Continuous
100
AcDbCircle
 10
947.7998455779404
 20
-531.0733850035169
 30
0.0
 40
1.0
100
AcDbArc
 50
270.0
 51
0.0
1001
AcDbBlockRepETag
1070
     1
1071
      248
1005
AE2E
  0
ARC
  5
AE31
330
203
100
AcDbEntity
  8
0
  6
Continuous
100
AcDbCircle
 10
1057.10984557794
 20
-529.5733850035169
 30
0.0
 40
1.0
100
AcDbArc
 50
0.0
 51
90.0
1001
AcDbBlockRepETag
1070
     1
1071
      251
1005
AE31
  0
ARC
  5
AE32
330
203
100
AcDbEntity
  8
0
  6
Continuous
100
AcDbCircle
 10
1057.10984557794
 20
-531.0733850035169
 30
0.0
 40
1.0
100
AcDbArc
 50
270.0
 51
0.0
1001
AcDbBlockRepETag
1070
     1
1071
      252
1005
AE32
  0
ARC
  5
AE33
330
203
100
AcDbEntity
  8
0
  6
Continuous
100
AcDbCircle
 10
891.0998455779404
 20
-409.0733850035169
 30
0.0
 40
1.5
100
AcDbArc
 50
90.0
 51
180.0
1001
AcDbBlockRepETag
1070
     1
1071
      253
1005
AE33
  0
ARC
  5
AE34
330
203
100
AcDbEntity
  8
0
  6
Continuous
100
AcDbCircle
 10
892.7998455779404
 20
-405.073385003517
 30
0.0
 40
1.0
100
AcDbArc
 50
180.0
 51
270.0
1001
AcDbBlockRepETag
1070
     1
1071
      254
1005
AE34
  0
ARC
  5
AE35
330
203
100
AcDbEntity
  8
0
  6
Continuous
100
AcDbCircle
 10
892.7998455779404
 20
-403.5733850035169
 30
0.0
 40
1.0
100
AcDbArc
 50
90.0
 51
180.0
1001
AcDbBlockRepETag
1070
     1
1071
      255
1005
AE35
  0
ARC
  5
AE38
330
203
100
AcDbEntity
  8
0
  6
Continuous
100
AcDbCircle
 10
947.7998455779404
 20
-403.5733850035169
 30
0.0
 40
1.0
100
AcDbArc
 50
0.0
 51
90.0
1001
AcDbBlockRepETag
1070
     1
1071
      258
1005
AE38
  0
ARC
  5
AE39
330
203
100
AcDbEntity
  8
0
  6
Continuous
100
AcDbCircle
 10
947.7998455779404
 20
-405.073385003517
 30
0.0
 40
1.0
100
AcDbArc
 50
270.0
 51
0.0
1001
AcDbBlockRepETag
1070
     1
1071
      259
1005
AE39
  0
ARC
  5
AE3A
330
203
100
AcDbEntity
  8
0
  6
Continuous
100
AcDbCircle
 10
961.1098455779403
 20
-405.073385003517
 30
0.0
 40
1.0
100
AcDbArc
 50
180.0
 51
270.0
1001
AcDbBlockRepETag
1070
     1
1071
      260
1005
AE3A
  0
ARC
  5
AE3B
330
203
100
AcDbEntity
  8
0
  6
Continuous
100
AcDbCircle
 10
961.1098455779403
 20
-403.5733850035169
 30
0.0
 40
1.0
100
AcDbArc
 50
90.0
 51
180.0
1001
AcDbBlockRepETag
1070
     1
1071
      261
1005
AE3B
  0
ARC
  5
AE3E
330
203
100
AcDbEntity
  8
0
  6
Continuous
100
AcDbCircle
 10
1057.10984557794
 20
-403.5733850035169
 30
0.0
 40
1.0
100
AcDbArc
 50
0.0
 51
90.0
1001
AcDbBlockRepETag
1070
     1
1071
      264
1005
AE3E
  0
ARC
  5
AE3F
330
203
100
AcDbEntity
  8
0
  6
Continuous
100
AcDbCircle
 10
1057.10984557794
 20
-405.073385003517
 30
0.0
 40
1.0
100
AcDbArc
 50
270.0
 51
0.0
1001
AcDbBlockRepETag
1070
     1
1071
      265
1005
AE3F
  0
ARC
  5
AE40
330
203
100
AcDbEntity
  8
0
  6
Continuous
100
AcDbCircle
 10
1071.10984557794
 20
-531.0733850035169
 30
0.0
 40
1.0
100
AcDbArc
 50
180.0
 51
270.0
1001
AcDbBlockRepETag
1070
     1
1071
      266
1005
AE40
  0
ARC
  5
AE41
330
203
100
AcDbEntity
  8
0
  6
Continuous
100
AcDbCircle
 10
1071.10984557794
 20
-529.5733850035169
 30
0.0
 40
1.0
100
AcDbArc
 50
90.0
 51
180.0
1001
AcDbBlockRepETag
1070
     1
1071
      267
1005
AE41
  0
ARC
  5
AE44
330
203
100
AcDbEntity
  8
0
  6
Continuous
100
AcDbCircle
 10
1180.41984557794
 20
-531.0733850035169
 30
0.0
 40
1.0
100
AcDbArc
 50
180.0
 51
270.0
1001
AcDbBlockRepETag
1070
     1
1071
      270
1005
AE44
  0
ARC
  5
AE45
330
203
100
AcDbEntity
  8
0
  6
Continuous
100
AcDbCircle
 10
1180.41984557794
 20
-529.5733850035169
 30
0.0
 40
1.0
100
AcDbArc
 50
90.0
 51
180.0
1001
AcDbBlockRepETag
1070
     1
1071
      271
1005
AE45
  0
ARC
  5
AE46
330
203
100
AcDbEntity
  8
0
  6
Continuous
100
AcDbCircle
 10
1167.10984557794
 20
-529.5733850035169
 30
0.0
 40
1.0
100
AcDbArc
 50
0.0
 51
90.0
1001
AcDbBlockRepETag
1070
     1
1071
      272
1005
AE46
  0
ARC
  5
AE47
330
203
100
AcDbEntity
  8
0
  6
Continuous
100
AcDbCircle
 10
1167.10984557794
 20
-531.0733850035169
 30
0.0
 40
1.0
100
AcDbArc
 50
270.0
 51
0.0
1001
AcDbBlockRepETag
1070
     1
1071
      273
1005
AE47
  0
ARC
  5
AE48
330
203
100
AcDbEntity
  8
0
  6
Continuous
100
AcDbCircle
 10
1237.11984557794
 20
-525.5733850035169
 30
0.0
 40
1.5
100
AcDbArc
 50
270.0
 51
0.0
1001
AcDbBlockRepETag
1070
     1
1071
      274
1005
AE48
  0
ARC
  5
AE49
330
203
100
AcDbEntity
  8
0
  6
Continuous
100
AcDbCircle
 10
1235.41984557794
 20
-529.5733850035169
 30
0.0
 40
1.0
100
AcDbArc
 50
0.0
 51
90.0
1001
AcDbBlockRepETag
1070
     1
1071
      275
1005
AE49
  0
ARC
  5
AE4A
330
203
100
AcDbEntity
  8
0
  6
Continuous
100
AcDbCircle
 10
1235.41984557794
 20
-531.0733850035169
 30
0.0
 40
1.0
100
AcDbArc
 50
270.0
 51
0.0
1001
AcDbBlockRepETag
1070
     1
1071
      276
1005
AE4A
  0
ARC
  5
AE4D
330
203
100
AcDbEntity
  8
0
  6
Continuous
100
AcDbCircle
 10
1071.10984557794
 20
-405.073385003517
 30
0.0
 40
1.0
100
AcDbArc
 50
180.0
 51
270.0
1001
AcDbBlockRepETag
1070
     1
1071
      279
1005
AE4D
  0
ARC
  5
AE4E
330
203
100
AcDbEntity
  8
0
  6
Continuous
100
AcDbCircle
 10
1071.10984557794
 20
-403.5733850035169
 30
0.0
 40
1.0
100
AcDbArc
 50
90.0
 51
180.0
1001
AcDbBlockRepETag
1070
     1
1071
      280
1005
AE4E
  0
ARC
  5
AE51
330
203
100
AcDbEntity
  8
0
  6
Continuous
100
AcDbCircle
 10
1167.10984557794
 20
-403.5733850035169
 30
0.0
 40
1.0
100
AcDbArc
 50
0.0
 51
90.0
1001
AcDbBlockRepETag
1070
     1
1071
      283
1005
AE51
  0
ARC
  5
AE52
330
203
100
AcDbEntity
  8
0
  6
Continuous
100
AcDbCircle
 10
1167.10984557794
 20
-405.073385003517
 30
0.0
 40
1.0
100
AcDbArc
 50
270.0
 51
0.0
1001
AcDbBlockRepETag
1070
     1
1071
      284
1005
AE52
  0
ARC
  5
AE53
330
203
100
AcDbEntity
  8
0
  6
Continuous
100
AcDbCircle
 10
1180.41984557794
 20
-405.073385003517
 30
0.0
 40
1.0
100
AcDbArc
 50
180.0
 51
270.0
1001
AcDbBlockRepETag
1070
     1
1071
      285
1005
AE53
  0
ARC
  5
AE54
330
203
100
AcDbEntity
  8
0
  6
Continuous
100
AcDbCircle
 10
1180.41984557794
 20
-403.5733850035169
 30
0.0
 40
1.0
100
AcDbArc
 50
90.0
 51
180.0
1001
AcDbBlockRepETag
1070
     1
1071
      286
1005
AE54
  0
ARC
  5
AE55
330
203
100
AcDbEntity
  8
0
  6
Continuous
100
AcDbCircle
 10
1237.11984557794
 20
-409.0733850035169
 30
0.0
 40
1.5
100
AcDbArc
 50
0.0
 51
90.0
1001
AcDbBlockRepETag
1070
     1
1071
      287
1005
AE55
  0
ARC
  5
AE56
330
203
100
AcDbEntity
  8
0
  6
Continuous
100
AcDbCircle
 10
1235.41984557794
 20
-403.5733850035169
 30
0.0
 40
1.0
100
AcDbArc
 50
0.0
 51
90.0
1001
AcDbBlockRepETag
1070
     1
1071
      288
1005
AE56
  0
ARC
  5
AE57
330
203
100
AcDbEntity
  8
0
  6
Continuous
100
AcDbCircle
 10
1235.41984557794
 20
-405.073385003517
 30
0.0
 40
1.0
100
AcDbArc
 50
270.0
 51
0.0
1001
AcDbBlockRepETag
1070
     1
1071
      289
1005
AE57
  0
LINE
  5
B110
330
203
100
AcDbEntity
  8
SUIT-00-06_PBL7
  6
Continuous
 62
     7
100
AcDbLine
 10
1142.42484557794
 20
-449.3858850035169
 30
0.0
 11
1147.72484557794
 21
-449.3858850035169
 31
0.0
1001
AcDbBlockRepETag
1070
     1
1071
      267
1005
B0FC
  0
LINE
  5
B111
330
203
100
AcDbEntity
  8
SUIT-00-06_PBL7
  6
Continuous
 62
     7
100
AcDbLine
 10
1166.22484557794
 20
-449.3858850035169
 30
0.0
 11
1171.52484557794
 21
-449.3858850035169
 31
0.0
1001
AcDbBlockRepETag
1070
     1
1071
      268
1005
B0FD
  0
LINE
  5
B112
330
203
100
AcDbEntity
  8
SUIT-00-06_PBL7
  6
Continuous
 62
     7
100
AcDbLine
 10
1171.52484557794
 20
-434.885885003517
 30
0.0
 11
1166.22484557794
 21
-434.885885003517
 31
0.0
1001
AcDbBlockRepETag
1070
     1
1071
      295
1005
B0FF
  0
LINE
  5
B113
330
203
100
AcDbEntity
  8
SUIT-00-06_PBL7
  6
Continuous
 62
     7
100
AcDbLine
 10
1147.72484557794
 20
-434.885885003517
 30
0.0
 11
1142.42484557794
 21
-434.885885003517
 31
0.0
1001
AcDbBlockRepETag
1070
     1
1071
      296
1005
B100
  0
LINE
  5
B114
330
203
100
AcDbEntity
  8
SUIT-00-06_PBL7
  6
Continuous
 62
     7
100
AcDbLine
 10
1141.42484557794
 20
-435.8858850035169
 30
0.0
 11
1141.42484557794
 21
-448.3858850035169
 31
0.0
1001
AcDbBlockRepETag
1070
     1
1071
      396
1005
B102
  0
LINE
  5
B115
330
203
100
AcDbEntity
  8
SUIT-00-06_PBL7
  6
Continuous
 62
     7
100
AcDbLine
 10
1148.72484557794
 20
-448.3858850035169
 30
0.0
 11
1148.72484557794
 21
-435.8858850035169
 31
0.0
1001
AcDbBlockRepETag
1070
     1
1071
      403
1005
B103
  0
LINE
  5
B116
330
203
100
AcDbEntity
  8
SUIT-00-06_PBL7
  6
Continuous
 62
     7
100
AcDbLine
 10
1165.22484557794
 20
-435.8858850035169
 30
0.0
 11
1165.22484557794
 21
-448.3858850035169
 31
0.0
1001
AcDbBlockRepETag
1070
     1
1071
      414
1005
B106
  0
LINE
  5
B117
330
203
100
AcDbEntity
  8
SUIT-00-06_PBL7
  6
Continuous
 62
     7
100
AcDbLine
 10
1172.52484557794
 20
-448.3858850035169
 30
0.0
 11
1172.52484557794
 21
-435.8858850035169
 31
0.0
1001
AcDbBlockRepETag
1070
     1
1071
      421
1005
B107
  0
ARC
  5
B118
330
203
100
AcDbEntity
  8
SUIT-00-06_PBL7
  6
Continuous
 62
     7
100
AcDbCircle
 10
1166.22484557794
 20
-448.3858850035169
 30
0.0
 40
1.0
100
AcDbArc
 50
180.0
 51
270.0
1001
AcDbBlockRepETag
1070
     1
1071
      555
1005
B108
  0
ARC
  5
B119
330
203
100
AcDbEntity
  8
SUIT-00-06_PBL7
  6
Continuous
 62
     7
100
AcDbCircle
 10
1166.22484557794
 20
-435.8858850035169
 30
0.0
 40
1.0
100
AcDbArc
 50
90.0
 51
180.0
1001
AcDbBlockRepETag
1070
     1
1071
      556
1005
B109
  0
ARC
  5
B11A
330
203
100
AcDbEntity
  8
SUIT-00-06_PBL7
  6
Continuous
 62
     7
100
AcDbCircle
 10
1171.52484557794
 20
-435.8858850035169
 30
0.0
 40
1.0
100
AcDbArc
 50
0.0
 51
90.0
1001
AcDbBlockRepETag
1070
     1
1071
      557
1005
B10A
  0
ARC
  5
B11B
330
203
100
AcDbEntity
  8
SUIT-00-06_PBL7
  6
Continuous
 62
     7
100
AcDbCircle
 10
1171.52484557794
 20
-448.3858850035169
 30
0.0
 40
1.0
100
AcDbArc
 50
270.0
 51
0.0
1001
AcDbBlockRepETag
1070
     1
1071
      558
1005
B10B
  0
ARC
  5
B11C
330
203
100
AcDbEntity
  8
SUIT-00-06_PBL7
  6
Continuous
 62
     7
100
AcDbCircle
 10
1142.42484557794
 20
-448.3858850035169
 30
0.0
 40
1.0
100
AcDbArc
 50
180.0
 51
270.0
1001
AcDbBlockRepETag
1070
     1
1071
      559
1005
B10C
  0
ARC
  5
B11D
330
203
100
AcDbEntity
  8
SUIT-00-06_PBL7
  6
Continuous
 62
     7
100
AcDbCircle
 10
1142.42484557794
 20
-435.8858850035169
 30
0.0
 40
1.0
100
AcDbArc
 50
90.0
 51
180.0
1001
AcDbBlockRepETag
1070
     1
1071
      560
1005
B10D
  0
ARC
  5
B11E
330
203
100
AcDbEntity
  8
SUIT-00-06_PBL7
  6
Continuous
 62
     7
100
AcDbCircle
 10
1147.72484557794
 20
-435.8858850035169
 30
0.0
 40
1.0
100
AcDbArc
 50
0.0
 51
90.0
1001
AcDbBlockRepETag
1070
     1
1071
      561
1005
B10E
  0
ARC
  5
B11F
330
203
100
AcDbEntity
  8
SUIT-00-06_PBL7
  6
Continuous
 62
     7
100
AcDbCircle
 10
1147.72484557794
 20
-448.3858850035169
 30
0.0
 40
1.0
100
AcDbArc
 50
270.0
 51
0.0
1001
AcDbBlockRepETag
1070
     1
1071
      562
1005
B10F
  0
LINE
  5
B121
330
203
100
AcDbEntity
  8
SUIT-00-06_PBL7
  6
Continuous
 62
     7
100
AcDbLine
 10
1163.84359557794
 20
-471.493385003517
 30
0.0
 11
1169.14359557794
 21
-471.493385003517
 31
0.0
1001
AcDbBlockRepETag
1070
     1
1071
      268
1005
B0FD
  0
LINE
  5
B122
330
203
100
AcDbEntity
  8
SUIT-00-06_PBL7
  6
Continuous
 62
     7
100
AcDbLine
 10
1169.14359557794
 20
-485.993385003517
 30
0.0
 11
1163.84359557794
 21
-485.993385003517
 31
0.0
1001
AcDbBlockRepETag
1070
     1
1071
      295
1005
B0FF
  0
LINE
  5
B123
330
203
100
AcDbEntity
  8
SUIT-00-06_PBL7
  6
Continuous
 62
     7
100
AcDbLine
 10
1145.34359557794
 20
-485.993385003517
 30
0.0
 11
1140.04359557794
 21
-485.993385003517
 31
0.0
1001
AcDbBlockRepETag
1070
     1
1071
      296
1005
B100
  0
LINE
  5
B124
330
203
100
AcDbEntity
  8
SUIT-00-06_PBL7
  6
Continuous
 62
     7
100
AcDbLine
 10
1139.04359557794
 20
-484.993385003517
 30
0.0
 11
1139.04359557794
 21
-471.1433850035168
 31
0.0
1001
AcDbBlockRepETag
1070
     1
1071
      396
1005
B102
  0
LINE
  5
B125
330
203
100
AcDbEntity
  8
SUIT-00-06_PBL7
  6
Continuous
 62
     7
100
AcDbLine
 10
1146.34359557794
 20
-471.1433850035168
 30
0.0
 11
1146.34359557794
 21
-484.993385003517
 31
0.0
1001
AcDbBlockRepETag
1070
     1
1071
      403
1005
B103
  0
LINE
  5
B126
330
203
100
AcDbEntity
  8
SUIT-00-06_PBL7
  6
Continuous
 62
     7
100
AcDbLine
 10
1162.84359557794
 20
-484.993385003517
 30
0.0
 11
1162.84359557794
 21
-472.493385003517
 31
0.0
1001
AcDbBlockRepETag
1070
     1
1071
      414
1005
B106
  0
LINE
  5
B127
330
203
100
AcDbEntity
  8
SUIT-00-06_PBL7
  6
Continuous
 62
     7
100
AcDbLine
 10
1170.14359557794
 20
-472.493385003517
 30
0.0
 11
1170.14359557794
 21
-484.993385003517
 31
0.0
1001
AcDbBlockRepETag
1070
     1
1071
      421
1005
B107
  0
ARC
  5
B128
330
203
100
AcDbEntity
  8
SUIT-00-06_PBL7
  6
Continuous
 62
     7
100
AcDbCircle
 10
1163.84359557794
 20
-472.493385003517
 30
0.0
 40
1.0
100
AcDbArc
 50
90.0
 51
180.0
1001
AcDbBlockRepETag
1070
     1
1071
      555
1005
B108
  0
ARC
  5
B129
330
203
100
AcDbEntity
  8
SUIT-00-06_PBL7
  6
Continuous
 62
     7
100
AcDbCircle
 10
1163.84359557794
 20
-484.993385003517
 30
0.0
 40
1.0
100
AcDbArc
 50
180.0
 51
270.0
1001
AcDbBlockRepETag
1070
     1
1071
      556
1005
B109
  0
ARC
  5
B12A
330
203
100
AcDbEntity
  8
SUIT-00-06_PBL7
  6
Continuous
 62
     7
100
AcDbCircle
 10
1169.14359557794
 20
-484.993385003517
 30
0.0
 40
1.0
100
AcDbArc
 50
270.0
 51
0.0
1001
AcDbBlockRepETag
1070
     1
1071
      557
1005
B10A
  0
ARC
  5
B12B
330
203
100
AcDbEntity
  8
SUIT-00-06_PBL7
  6
Continuous
 62
     7
100
AcDbCircle
 10
1169.14359557794
 20
-472.493385003517
 30
0.0
 40
1.0
100
AcDbArc
 50
0.0
 51
90.0
1001
AcDbBlockRepETag
1070
     1
1071
      558
1005
B10B
  0
ARC
  5
B12D
330
203
100
AcDbEntity
  8
SUIT-00-06_PBL7
  6
Continuous
 62
     7
100
AcDbCircle
 10
1140.04359557794
 20
-484.993385003517
 30
0.0
 40
1.0
100
AcDbArc
 50
180.0
 51
270.0
1001
AcDbBlockRepETag
1070
     1
1071
      560
1005
B10D
  0
ARC
  5
B12E
330
203
100
AcDbEntity
  8
SUIT-00-06_PBL7
  6
Continuous
 62
     7
100
AcDbCircle
 10
1145.34359557794
 20
-484.993385003517
 30
0.0
 40
1.0
100
AcDbArc
 50
270.0
 51
0.0
1001
AcDbBlockRepETag
1070
     1
1071
      561
1005
B10E
  0
LINE
  5
B130
330
203
100
AcDbEntity
  8
SUIT-00-06_PBL7
  6
Continuous
 62
     7
100
AcDbLine
 10
1135.29109557794
 20
-506.5433850035169
 30
0.0
 11
1140.59109557794
 21
-506.5433850035169
 31
0.0
1001
AcDbBlockRepETag
1070
     1
1071
      267
1005
B0FC
  0
LINE
  5
B131
330
203
100
AcDbEntity
  8
SUIT-00-06_PBL7
  6
Continuous
 62
     7
100
AcDbLine
 10
1159.09109557794
 20
-506.5433850035169
 30
0.0
 11
1164.39109557794
 21
-506.5433850035169
 31
0.0
1001
AcDbBlockRepETag
1070
     1
1071
      268
1005
B0FD
  0
LINE
  5
B132
330
203
100
AcDbEntity
  8
SUIT-00-06_PBL7
  6
Continuous
 62
     7
100
AcDbLine
 10
1164.39109557794
 20
-492.0433850035169
 30
0.0
 11
1159.09109557794
 21
-492.0433850035169
 31
0.0
1001
AcDbBlockRepETag
1070
     1
1071
      295
1005
B0FF
  0
LINE
  5
B133
330
203
100
AcDbEntity
  8
SUIT-00-06_PBL7
  6
Continuous
 62
     7
100
AcDbLine
 10
1140.59109557794
 20
-492.0433850035169
 30
0.0
 11
1135.29109557794
 21
-492.0433850035169
 31
0.0
1001
AcDbBlockRepETag
1070
     1
1071
      296
1005
B100
  0
LINE
  5
B134
330
203
100
AcDbEntity
  8
SUIT-00-06_PBL7
  6
Continuous
 62
     7
100
AcDbLine
 10
1134.29109557794
 20
-493.043385003517
 30
0.0
 11
1134.29109557794
 21
-505.543385003517
 31
0.0
1001
AcDbBlockRepETag
1070
     1
1071
      396
1005
B102
  0
LINE
  5
B135
330
203
100
AcDbEntity
  8
SUIT-00-06_PBL7
  6
Continuous
 62
     7
100
AcDbLine
 10
1141.59109557794
 20
-505.543385003517
 30
0.0
 11
1141.59109557794
 21
-493.043385003517
 31
0.0
1001
AcDbBlockRepETag
1070
     1
1071
      403
1005
B103
  0
LINE
  5
B136
330
203
100
AcDbEntity
  8
SUIT-00-06_PBL7
  6
Continuous
 62
     7
100
AcDbLine
 10
1158.09109557794
 20
-493.043385003517
 30
0.0
 11
1158.09109557794
 21
-505.543385003517
 31
0.0
1001
AcDbBlockRepETag
1070
     1
1071
      414
1005
B106
  0
LINE
  5
B137
330
203
100
AcDbEntity
  8
SUIT-00-06_PBL7
  6
Continuous
 62
     7
100
AcDbLine
 10
1165.39109557794
 20
-505.543385003517
 30
0.0
 11
1165.39109557794
 21
-493.043385003517
 31
0.0
1001
AcDbBlockRepETag
1070
     1
1071
      421
1005
B107
  0
ARC
  5
B138
330
203
100
AcDbEntity
  8
SUIT-00-06_PBL7
  6
Continuous
 62
     7
100
AcDbCircle
 10
1159.09109557794
 20
-505.543385003517
 30
0.0
 40
1.0
100
AcDbArc
 50
180.0
 51
270.0
1001
AcDbBlockRepETag
1070
     1
1071
      555
1005
B108
  0
ARC
  5
B139
330
203
100
AcDbEntity
  8
SUIT-00-06_PBL7
  6
Continuous
 62
     7
100
AcDbCircle
 10
1159.09109557794
 20
-493.043385003517
 30
0.0
 40
1.0
100
AcDbArc
 50
90.0
 51
180.0
1001
AcDbBlockRepETag
1070
     1
1071
      556
1005
B109
  0
ARC
  5
B13A
330
203
100
AcDbEntity
  8
SUIT-00-06_PBL7
  6
Continuous
 62
     7
100
AcDbCircle
 10
1164.39109557794
 20
-493.043385003517
 30
0.0
 40
1.0
100
AcDbArc
 50
0.0
 51
90.0
1001
AcDbBlockRepETag
1070
     1
1071
      557
1005
B10A
  0
ARC
  5
B13B
330
203
100
AcDbEntity
  8
SUIT-00-06_PBL7
  6
Continuous
 62
     7
100
AcDbCircle
 10
1164.39109557794
 20
-505.543385003517
 30
0.0
 40
1.0
100
AcDbArc
 50
270.0
 51
0.0
1001
AcDbBlockRepETag
1070
     1
1071
      558
1005
B10B
  0
ARC
  5
B13C
330
203
100
AcDbEntity
  8
SUIT-00-06_PBL7
  6
Continuous
 62
     7
100
AcDbCircle
 10
1135.29109557794
 20
-505.543385003517
 30
0.0
 40
1.0
100
AcDbArc
 50
180.0
 51
270.0
1001
AcDbBlockRepETag
1070
     1
1071
      559
1005
B10C
  0
ARC
  5
B13D
330
203
100
AcDbEntity
  8
SUIT-00-06_PBL7
  6
Continuous
 62
     7
100
AcDbCircle
 10
1135.29109557794
 20
-493.043385003517
 30
0.0
 40
1.0
100
AcDbArc
 50
90.0
 51
180.0
1001
AcDbBlockRepETag
1070
     1
1071
      560
1005
B10D
  0
ARC
  5
B13E
330
203
100
AcDbEntity
  8
SUIT-00-06_PBL7
  6
Continuous
 62
     7
100
AcDbCircle
 10
1140.59109557794
 20
-493.043385003517
 30
0.0
 40
1.0
100
AcDbArc
 50
0.0
 51
90.0
1001
AcDbBlockRepETag
1070
     1
1071
      561
1005
B10E
  0
ARC
  5
B13F
330
203
100
AcDbEntity
  8
SUIT-00-06_PBL7
  6
Continuous
 62
     7
100
AcDbCircle
 10
1140.59109557794
 20
-505.543385003517
 30
0.0
 40
1.0
100
AcDbArc
 50
270.0
 51
0.0
1001
AcDbBlockRepETag
1070
     1
1071
      562
1005
B10F
  0
ARC
  5
B178
330
203
100
AcDbEntity
  8
PCB-RCB_PBL1
  6
Continuous
 62
     7
100
AcDbCircle
 10
1122.922345577939
 20
-490.2888850035171
 30
0.0
 40
0.5999999999999944
100
AcDbArc
 50
0.0
 51
90.0
1001
AcDbBlockRepETag
1070
     1
1071
        0
1005
B178
  0
ARC
  5
B179
330
203
100
AcDbEntity
  8
PCB-RCB_PBL1
  6
Continuous
 62
     7
100
AcDbCircle
 10
1124.122345577939
 20
-489.0888850035175
 30
0.0
 40
0.6000000000003638
100
AcDbArc
 50
0.0000000000195413
 51
90.0
1001
AcDbBlockRepETag
1070
     1
1071
        1
1005
B179
  0
LWPOLYLINE
  5
B17A
330
203
100
AcDbEntity
  8
PCB-RCB_PBL1
  6
Continuous
 62
     7
100
AcDbPolyline
 90
        2
 70
     0
 43
0.0
 10
1108.759845577939
 20
-469.443385003517
 10
1090.909845577939
 20
-469.443385003517
1001
AcDbBlockRepETag
1070
     1
1071
        2
1005
B17A
  0
LWPOLYLINE
  5
B17B
330
203
100
AcDbEntity
  8
PCB-RCB_PBL1
  6
Continuous
 62
     7
100
AcDbPolyline
 90
        2
 70
     0
 43
0.0
 10
1089.709845577939
 20
-469.443385003517
 10
1071.85984557794
 20
-469.443385003517
1001
AcDbBlockRepETag
1070
     1
1071
        3
1005
B17B
  0
LWPOLYLINE
  5
B17C
330
203
100
AcDbEntity
  8
PCB-RCB_PBL1
  6
Continuous
 62
     7
100
AcDbPolyline
 90
        2
 70
     0
 43
0.0
 10
1070.659845577939
 20
-469.443385003517
 10
1052.809845577939
 20
-469.443385003517
1001
AcDbBlockRepETag
1070
     1
1071
        4
1005
B17C
  0
LWPOLYLINE
  5
B17D
330
203
100
AcDbEntity
  8
PCB-RCB_PBL1
  6
Continuous
 62
     7
100
AcDbPolyline
 90
        2
 70
     0
 43
0.0
 10
1051.60984557794
 20
-469.443385003517
 10
1033.759845577939
 20
-469.443385003517
1001
AcDbBlockRepETag
1070
     1
1071
        5
1005
B17D
  0
LWPOLYLINE
  5
B17E
330
203
100
AcDbEntity
  8
PCB-RCB_PBL1
  6
Continuous
 62
     7
100
AcDbPolyline
 90
        2
 70
     0
 43
0.0
 10
1032.559845577939
 20
-469.443385003517
 10
1014.709845577939
 20
-469.443385003517
1001
AcDbBlockRepETag
1070
     1
1071
        6
1005
B17E
  0
LWPOLYLINE
  5
B17F
330
203
100
AcDbEntity
  8
PCB-RCB_PBL1
  6
Continuous
 62
     7
100
AcDbPolyline
 90
        2
 70
     0
 43
0.0
 10
1013.509845577939
 20
-469.443385003517
 10
995.6598455779392
 20
-469.443385003517
1001
AcDbBlockRepETag
1070
     1
1071
        7
1005
B17F
  0
LWPOLYLINE
  5
B180
330
203
100
AcDbEntity
  8
PCB-RCB_PBL1
  6
Continuous
 62
     7
100
AcDbPolyline
 90
        2
 70
     0
 43
0.0
 10
994.4598455779399
 20
-469.443385003517
 10
976.609845577939
 20
-469.443385003517
1001
AcDbBlockRepETag
1070
     1
1071
        8
1005
B180
  0
LWPOLYLINE
  5
B181
330
203
100
AcDbEntity
  8
PCB-RCB_PBL1
  6
Continuous
 62
     7
100
AcDbPolyline
 90
        2
 70
     0
 43
0.0
 10
975.4098455779391
 20
-469.443385003517
 10
957.5598455779388
 20
-469.443385003517
1001
AcDbBlockRepETag
1070
     1
1071
        9
1005
B181
  0
LWPOLYLINE
  5
B182
330
203
100
AcDbEntity
  8
PCB-RCB_PBL1
  6
Continuous
 62
     7
100
AcDbPolyline
 90
        2
 70
     0
 43
0.0
 10
956.3598455779398
 20
-469.443385003517
 10
938.5098455779392
 20
-469.443385003517
1001
AcDbBlockRepETag
1070
     1
1071
       10
1005
B182
  0
LWPOLYLINE
  5
B183
330
203
100
AcDbEntity
  8
PCB-RCB_PBL1
  6
Continuous
 62
     7
100
AcDbPolyline
 90
        2
 70
     0
 43
0.0
 10
1109.959845577939
 20
-469.443385003517
 10
1127.809845577939
 20
-469.443385003517
1001
AcDbBlockRepETag
1070
     1
1071
       11
1005
B183
  0
LINE
  5
B184
330
203
100
AcDbEntity
  8
PCB-RCB_PBL1
  6
Continuous
 62
     7
100
AcDbLine
 10
1129.00984557794
 20
-469.443385003517
 30
0.0
 11
1146.83484557794
 21
-469.4433850035171
 31
0.0
1001
AcDbBlockRepETag
1070
     1
1071
       12
1005
B184
  0
LINE
  5
B185
330
203
100
AcDbEntity
  8
PCB-RCB_PBL1
  6
Continuous
 62
     7
100
AcDbLine
 10
1147.33484557794
 20
-468.9433850035167
 30
0.0
 11
1147.33484557794
 21
-454.0433850035167
 31
0.0
1001
AcDbBlockRepETag
1070
     1
1071
       13
1005
B185
  0
ARC
  5
B186
330
203
100
AcDbEntity
  8
PCB-RCB_PBL1
  6
Continuous
 62
     7
100
AcDbCircle
 10
1147.93484557794
 20
-454.0433850035167
 30
0.0
 40
0.5999999999999091
100
AcDbArc
 50
90.0
 51
180.0000000000065
1001
AcDbBlockRepETag
1070
     1
1071
       14
1005
B186
  0
ARC
  5
B188
330
203
100
AcDbEntity
  8
PCB-RCB_PBL1
  6
Continuous
 62
     7
100
AcDbCircle
 10
1147.934845577941
 20
-454.0433850035163
 30
0.0
 40
0.5999999999994971
100
AcDbArc
 50
359.9999999999544
 51
89.99999999994789
1001
AcDbBlockRepETag
1070
     1
1071
       16
1005
B188
  0
LINE
  5
B189
330
203
100
AcDbEntity
  8
PCB-RCB_PBL1
  6
Continuous
 62
     7
100
AcDbLine
 10
1148.53484557794
 20
-454.0433850035167
 30
0.0
 11
1148.534845577941
 21
-470.1433850035167
 31
0.0
1001
AcDbBlockRepETag
1070
     1
1071
       17
1005
B189
  0
LINE
  5
B18B
330
203
100
AcDbEntity
  8
PCB-RCB_PBL1
  6
Continuous
 62
     7
100
AcDbLine
 10
1148.03484557794
 20
-470.6433850035167
 30
0.0
 11
1146.84359557794
 21
-470.6433850035169
 31
0.0
1001
AcDbBlockRepETag
1070
     1
1071
       19
1005
B18B
  0
LINE
  5
B18C
330
203
100
AcDbEntity
  8
PCB-RCB_PBL1
  6
Continuous
 62
     7
100
AcDbLine
 10
1133.047345577939
 20
-470.6433850035168
 30
0.0
 11
1114.722345577939
 21
-470.6433850035168
 31
0.0
1001
AcDbBlockRepETag
1070
     1
1071
       20
1005
B18C
  0
LINE
  5
B18D
330
203
100
AcDbEntity
  8
PCB-RCB_PBL1
  6
Continuous
 62
     7
100
AcDbLine
 10
1113.522345577939
 20
-470.6433850035168
 30
0.0
 11
1095.672345577939
 21
-470.6433850035168
 31
0.0
1001
AcDbBlockRepETag
1070
     1
1071
       21
1005
B18D
  0
LINE
  5
B18E
330
203
100
AcDbEntity
  8
PCB-RCB_PBL1
  6
Continuous
 62
     7
100
AcDbLine
 10
1094.472345577939
 20
-470.6433850035168
 30
0.0
 11
1076.622345577939
 21
-470.6433850035168
 31
0.0
1001
AcDbBlockRepETag
1070
     1
1071
       22
1005
B18E
  0
LINE
  5
B18F
330
203
100
AcDbEntity
  8
PCB-RCB_PBL1
  6
Continuous
 62
     7
100
AcDbLine
 10
1075.422345577939
 20
-470.6433850035168
 30
0.0
 11
1057.572345577939
 21
-470.6433850035168
 31
0.0
1001
AcDbBlockRepETag
1070
     1
1071
       23
1005
B18F
  0
LINE
  5
B190
330
203
100
AcDbEntity
  8
PCB-RCB_PBL1
  6
Continuous
 62
     7
100
AcDbLine
 10
1056.372345577939
 20
-470.6433850035168
 30
0.0
 11
1038.522345577939
 21
-470.6433850035168
 31
0.0
1001
AcDbBlockRepETag
1070
     1
1071
       24
1005
B190
  0
LINE
  5
B191
330
203
100
AcDbEntity
  8
PCB-RCB_PBL1
  6
Continuous
 62
     7
100
AcDbLine
 10
1037.322345577939
 20
-470.6433850035168
 30
0.0
 11
1019.472345577939
 21
-470.6433850035168
 31
0.0
1001
AcDbBlockRepETag
1070
     1
1071
       25
1005
B191
  0
LINE
  5
B192
330
203
100
AcDbEntity
  8
PCB-RCB_PBL1
  6
Continuous
 62
     7
100
AcDbLine
 10
1018.272345577939
 20
-470.6433850035168
 30
0.0
 11
1000.422345577939
 21
-470.6433850035168
 31
0.0
1001
AcDbBlockRepETag
1070
     1
1071
       26
1005
B192
  0
LINE
  5
B193
330
203
100
AcDbEntity
  8
PCB-RCB_PBL1
  6
Continuous
 62
     7
100
AcDbLine
 10
999.2223455779392
 20
-470.6433850035168
 30
0.0
 11
981.3723455779388
 21
-470.6433850035168
 31
0.0
1001
AcDbBlockRepETag
1070
     1
1071
       27
1005
B193
  0
LINE
  5
B194
330
203
100
AcDbEntity
  8
PCB-RCB_PBL1
  6
Continuous
 62
     7
100
AcDbLine
 10
980.172345577939
 20
-470.6433850035168
 30
0.0
 11
962.3223455779392
 21
-470.6433850035168
 31
0.0
1001
AcDbBlockRepETag
1070
     1
1071
       28
1005
B194
  0
LINE
  5
B195
330
203
100
AcDbEntity
  8
PCB-RCB_PBL1
  6
Continuous
 62
     7
100
AcDbLine
 10
961.1223455779388
 20
-470.6433850035168
 30
0.0
 11
943.272345577939
 21
-470.6433850035168
 31
0.0
1001
AcDbBlockRepETag
1070
     1
1071
       29
1005
B195
  0
LINE
  5
B196
330
203
100
AcDbEntity
  8
PCB-RCB_PBL1
  6
Continuous
 62
     7
100
AcDbLine
 10
942.0723455779391
 20
-470.6433850035168
 30
0.0
 11
924.8173455779381
 21
-470.6433850035168
 31
0.0
1001
AcDbBlockRepETag
1070
     1
1071
       30
1005
B196
  0
LINE
  5
B197
330
203
100
AcDbEntity
  8
PCB-RCB_PBL1
  6
Continuous
 62
     7
100
AcDbLine
 10
923.0173455779379
 20
-470.6433850035168
 30
0.0
 11
919.3348455779398
 21
-470.6433850035168
 31
0.0
1001
AcDbBlockRepETag
1070
     1
1071
       31
1005
B197
  0
ARC
  5
B198
330
203
100
AcDbEntity
  8
PCB-RCB_PBL1
  6
Continuous
 62
     7
100
AcDbCircle
 10
919.3348455779398
 20
-470.0433850035167
 30
0.0
 40
0.5999999999999517
100
AcDbArc
 50
180.0
 51
269.9999999999479
1001
AcDbBlockRepETag
1070
     1
1071
       32
1005
B198
  0
LINE
  5
B199
330
203
100
AcDbEntity
  8
PCB-RCB_PBL1
  6
Continuous
 62
     7
100
AcDbLine
 10
918.73484557794
 20
-470.0433850035167
 30
0.0
 11
918.73484557794
 21
-454.0433850035167
 31
0.0
1001
AcDbBlockRepETag
1070
     1
1071
       33
1005
B199
  0
LWPOLYLINE
  5
B19A
330
203
100
AcDbEntity
  8
PCB-RCB_PBL1
  6
Continuous
 62
     7
100
AcDbPolyline
 90
        6
 70
     0
 43
0.0
 10
1109.959845577939
 20
-469.443385003517
 10
1109.959845577939
 20
-454.0433850035169
 42
0.4142135623730987
 10
1109.35984557794
 20
-453.4433850035169
 10
1109.35984557794
 20
-453.4433850035169
 42
0.4142135623730951
 10
1108.759845577939
 20
-454.0433850035169
 10
1108.759845577939
 20
-469.443385003517
1001
AcDbBlockRepETag
1070
     1
1071
       34
1005
B19A
  0
LWPOLYLINE
  5
B19B
330
203
100
AcDbEntity
  8
PCB-RCB_PBL1
  6
Continuous
 62
     7
100
AcDbPolyline
 90
        6
 70
     0
 43
0.0
 10
1090.909845577939
 20
-469.443385003517
 10
1090.909845577939
 20
-454.0433850035169
 42
0.4142135623730951
 10
1090.309845577939
 20
-453.4433850035169
 10
1090.309845577939
 20
-453.4433850035167
 42
0.4142135623730987
 10
1089.709845577939
 20
-454.0433850035167
 10
1089.709845577939
 20
-469.4433850035167
1001
AcDbBlockRepETag
1070
     1
1071
       35
1005
B19B
  0
LWPOLYLINE
  5
B19C
330
203
100
AcDbEntity
  8
PCB-RCB_PBL1
  6
Continuous
 62
     7
100
AcDbPolyline
 90
        6
 70
     0
 43
0.0
 10
1071.85984557794
 20
-469.443385003517
 10
1071.85984557794
 20
-454.0433850035167
 42
0.4142135623730987
 10
1071.259845577939
 20
-453.4433850035167
 10
1071.259845577939
 20
-453.4433850035169
 42
0.4142135623730951
 10
1070.659845577939
 20
-454.0433850035169
 10
1070.659845577939
 20
-469.4433850035167
1001
AcDbBlockRepETag
1070
     1
1071
       36
1005
B19C
  0
LWPOLYLINE
  5
B19D
330
203
100
AcDbEntity
  8
PCB-RCB_PBL1
  6
Continuous
 62
     7
100
AcDbPolyline
 90
        6
 70
     0
 43
0.0
 10
1052.809845577939
 20
-469.4433850035167
 10
1052.809845577939
 20
-454.0433850035167
 42
0.4142135623730987
 10
1052.209845577939
 20
-453.4433850035167
 10
1052.209845577939
 20
-453.4433850035169
 42
0.4142135623730951
 10
1051.60984557794
 20
-454.0433850035169
 10
1051.60984557794
 20
-469.4433850035167
1001
AcDbBlockRepETag
1070
     1
1071
       37
1005
B19D
  0
LWPOLYLINE
  5
B19E
330
203
100
AcDbEntity
  8
PCB-RCB_PBL1
  6
Continuous
 62
     7
100
AcDbPolyline
 90
        6
 70
     0
 43
0.0
 10
1033.759845577939
 20
-469.4433850035167
 10
1033.759845577939
 20
-454.0433850035167
 42
0.4142135623730987
 10
1033.159845577939
 20
-453.4433850035167
 10
1033.159845577939
 20
-453.4433850035169
 42
0.4142135623730951
 10
1032.559845577939
 20
-454.0433850035169
 10
1032.559845577939
 20
-469.4433850035167
1001
AcDbBlockRepETag
1070
     1
1071
       38
1005
B19E
  0
LWPOLYLINE
  5
B19F
330
203
100
AcDbEntity
  8
PCB-RCB_PBL1
  6
Continuous
 62
     7
100
AcDbPolyline
 90
        6
 70
     0
 43
0.0
 10
1014.709845577939
 20
-469.4433850035167
 10
1014.709845577939
 20
-454.0433850035167
 42
0.4142135623730987
 10
1014.10984557794
 20
-453.4433850035167
 10
1014.10984557794
 20
-453.4433850035169
 42
0.4142135623730951
 10
1013.509845577939
 20
-454.0433850035169
 10
1013.509845577939
 20
-469.4433850035167
1001
AcDbBlockRepETag
1070
     1
1071
       39
1005
B19F
  0
LWPOLYLINE
  5
B1A0
330
203
100
AcDbEntity
  8
PCB-RCB_PBL1
  6
Continuous
 62
     7
100
AcDbPolyline
 90
        6
 70
     0
 43
0.0
 10
995.6598455779392
 20
-469.4433850035167
 10
995.6598455779392
 20
-454.0433850035169
 42
0.4142135623730987
 10
995.0598455779388
 20
-453.4433850035169
 10
995.0598455779388
 20
-453.4433850035169
 42
0.4142135623730951
 10
994.4598455779399
 20
-454.0433850035169
 10
994.4598455779399
 20
-469.4433850035167
1001
AcDbBlockRepETag
1070
     1
1071
       40
1005
B1A0
  0
LWPOLYLINE
  5
B1A1
330
203
100
AcDbEntity
  8
PCB-RCB_PBL1
  6
Continuous
 62
     7
100
AcDbPolyline
 90
        6
 70
     0
 43
0.0
 10
976.609845577939
 20
-469.4433850035167
 10
976.609845577939
 20
-454.0433850035169
 42
0.4142135623730987
 10
976.0098455779392
 20
-453.4433850035169
 10
976.0098455779392
 20
-453.4433850035169
 42
0.4142135623730951
 10
975.4098455779391
 20
-454.0433850035169
 10
975.4098455779391
 20
-469.4433850035167
1001
AcDbBlockRepETag
1070
     1
1071
       41
1005
B1A1
  0
LWPOLYLINE
  5
B1A2
330
203
100
AcDbEntity
  8
PCB-RCB_PBL1
  6
Continuous
 62
     7
100
AcDbPolyline
 90
        6
 70
     0
 43
0.0
 10
957.5598455779388
 20
-469.4433850035167
 10
957.5598455779388
 20
-454.0433850035169
 42
0.4142135623730987
 10
956.9598455779399
 20
-453.4433850035169
 10
956.9598455779399
 20
-453.4433850035169
 42
0.4142135623730951
 10
956.3598455779398
 20
-454.0433850035169
 10
956.3598455779398
 20
-469.4433850035167
1001
AcDbBlockRepETag
1070
     1
1071
       42
1005
B1A2
  0
LWPOLYLINE
  5
B1A3
330
203
100
AcDbEntity
  8
PCB-RCB_PBL1
  6
Continuous
 62
     7
100
AcDbPolyline
 90
        2
 70
     0
 43
0.0
 10
938.5098455779392
 20
-469.4433850035167
 10
938.5098455779392
 20
-459.3433850035169
1001
AcDbBlockRepETag
1070
     1
1071
       43
1005
B1A3
  0
LINE
  5
B1A4
330
203
100
AcDbEntity
  8
PCB-RCB_PBL1
  6
Continuous
 62
     7
100
AcDbLine
 10
937.3098455779388
 20
-469.443385003517
 30
0.0
 11
920.5348455779382
 21
-469.443385003517
 31
0.0
1001
AcDbBlockRepETag
1070
     1
1071
       44
1005
B1A4
  0
ARC
  5
B1A5
330
203
100
AcDbEntity
  8
PCB-RCB_PBL1
  6
Continuous
 62
     7
100
AcDbCircle
 10
920.5348455779391
 20
-468.8433850035173
 30
0.0
 40
0.5999999999997101
100
AcDbArc
 50
179.9999999999739
 51
269.9999999999479
1001
AcDbBlockRepETag
1070
     1
1071
       45
1005
B1A5
  0
LINE
  5
B1A6
330
203
100
AcDbEntity
  8
PCB-RCB_PBL1
  6
Continuous
 62
     7
100
AcDbLine
 10
919.9348455779388
 20
-468.8433850035173
 30
0.0
 11
919.9348455779388
 21
-454.0433850035167
 31
0.0
1001
AcDbBlockRepETag
1070
     1
1071
       46
1005
B1A6
  0
ARC
  5
B1A8
330
203
100
AcDbEntity
  8
PCB-RCB_PBL1
  6
Continuous
 62
     7
100
AcDbCircle
 10
919.3348455779398
 20
-454.0433850035167
 30
0.0
 40
0.6
100
AcDbArc
 50
0.0
 51
90.0
1001
AcDbBlockRepETag
1070
     1
1071
       48
1005
B1A8
  0
ARC
  5
B1A9
330
203
100
AcDbEntity
  8
PCB-RCB_PBL1
  6
Continuous
 62
     7
100
AcDbCircle
 10
919.3348455779398
 20
-454.0433850035167
 30
0.0
 40
0.6
100
AcDbArc
 50
90.0
 51
180.0
1001
AcDbBlockRepETag
1070
     1
1071
       49
1005
B1A9
  0
LWPOLYLINE
  5
B1AA
330
203
100
AcDbEntity
  8
PCB-RCB_PBL1
  6
Continuous
 62
     7
100
AcDbPolyline
 90
        6
 70
     0
 43
0.0
 10
1129.00984557794
 20
-469.443385003517
 10
1129.00984557794
 20
-454.0433850035169
 42
0.4142135623730987
 10
1128.40984557794
 20
-453.4433850035169
 10
1128.40984557794
 20
-453.4433850035169
 42
0.4142135623730951
 10
1127.809845577939
 20
-454.0433850035169
 10
1127.809845577939
 20
-469.4433850035167
1001
AcDbBlockRepETag
1070
     1
1071
       50
1005
B1AA
  0
LWPOLYLINE
  5
B1AB
330
203
100
AcDbEntity
  8
PCB-RCB_PBL1
  6
Continuous
 62
     7
100
AcDbPolyline
 90
        2
 70
     0
 43
0.0
 10
1099.234845577939
 20
-450.393385003517
 10
1092.409845577939
 20
-450.393385003517
1001
AcDbBlockRepETag
1070
     1
1071
       51
1005
B1AB
  0
LWPOLYLINE
  5
B1AC
330
203
100
AcDbEntity
  8
PCB-RCB_PBL1
  6
Continuous
 62
     7
100
AcDbPolyline
 90
        2
 70
     0
 43
0.0
 10
1080.184845577939
 20
-450.393385003517
 10
1073.35984557794
 20
-450.393385003517
1001
AcDbBlockRepETag
1070
     1
1071
       52
1005
B1AC
  0
LWPOLYLINE
  5
B1AD
330
203
100
AcDbEntity
  8
PCB-RCB_PBL1
  6
Continuous
 62
     7
100
AcDbPolyline
 90
        2
 70
     0
 43
0.0
 10
1061.134845577939
 20
-450.393385003517
 10
1054.309845577939
 20
-450.393385003517
1001
AcDbBlockRepETag
1070
     1
1071
       53
1005
B1AD
  0
LWPOLYLINE
  5
B1AE
330
203
100
AcDbEntity
  8
PCB-RCB_PBL1
  6
Continuous
 62
     7
100
AcDbPolyline
 90
        2
 70
     0
 43
0.0
 10
1042.084845577939
 20
-450.393385003517
 10
1035.25984557794
 20
-450.393385003517
1001
AcDbBlockRepETag
1070
     1
1071
       54
1005
B1AE
  0
LWPOLYLINE
  5
B1AF
330
203
100
AcDbEntity
  8
PCB-RCB_PBL1
  6
Continuous
 62
     7
100
AcDbPolyline
 90
        2
 70
     0
 43
0.0
 10
1023.034845577939
 20
-450.393385003517
 10
1016.20984557794
 20
-450.393385003517
1001
AcDbBlockRepETag
1070
     1
1071
       55
1005
B1AF
  0
LWPOLYLINE
  5
B1B0
330
203
100
AcDbEntity
  8
PCB-RCB_PBL1
  6
Continuous
 62
     7
100
AcDbPolyline
 90
        2
 70
     0
 43
0.0
 10
1003.984845577939
 20
-450.393385003517
 10
997.1598455779394
 20
-450.393385003517
1001
AcDbBlockRepETag
1070
     1
1071
       56
1005
B1B0
  0
LWPOLYLINE
  5
B1B1
330
203
100
AcDbEntity
  8
PCB-RCB_PBL1
  6
Continuous
 62
     7
100
AcDbPolyline
 90
        2
 70
     0
 43
0.0
 10
984.9348455779388
 20
-450.393385003517
 10
978.1098455779398
 20
-450.393385003517
1001
AcDbBlockRepETag
1070
     1
1071
       57
1005
B1B1
  0
LWPOLYLINE
  5
B1B2
330
203
100
AcDbEntity
  8
PCB-RCB_PBL1
  6
Continuous
 62
     7
100
AcDbPolyline
 90
        2
 70
     0
 43
0.0
 10
965.8848455779391
 20
-450.393385003517
 10
959.0598455779405
 20
-450.393385003517
1001
AcDbBlockRepETag
1070
     1
1071
       58
1005
B1B2
  0
LWPOLYLINE
  5
B1B3
330
203
100
AcDbEntity
  8
PCB-RCB_PBL1
  6
Continuous
 62
     7
100
AcDbPolyline
 90
        2
 70
     0
 43
0.0
 10
946.8348455779398
 20
-450.393385003517
 10
940.0098455779398
 20
-450.393385003517
1001
AcDbBlockRepETag
1070
     1
1071
       59
1005
B1B3
  0
LWPOLYLINE
  5
B1B4
330
203
100
AcDbEntity
  8
PCB-RCB_PBL1
  6
Continuous
 62
     7
100
AcDbPolyline
 90
        2
 70
     0
 43
0.0
 10
1100.90984557794
 20
-450.393385003517
 10
1107.25984557794
 20
-450.393385003517
1001
AcDbBlockRepETag
1070
     1
1071
       60
1005
B1B4
  0
ARC
  5
B1B6
330
203
100
AcDbEntity
  8
PCB-RCB_PBL1
  6
Continuous
 62
     7
100
AcDbCircle
 10
1137.20984557794
 20
-449.7933850035169
 30
0.0
 40
0.5999999999999944
100
AcDbArc
 50
270.0000000000521
 51
0.0
1001
AcDbBlockRepETag
1070
     1
1071
       62
1005
B1B6
  0
LINE
  5
B1B7
330
203
100
AcDbEntity
  8
PCB-RCB_PBL1
  6
Continuous
 62
     7
100
AcDbLine
 10
1137.809845577939
 20
-449.7933850035169
 30
0.0
 11
1137.809845577939
 21
-434.9933850035169
 31
0.0
1001
AcDbBlockRepETag
1070
     1
1071
       63
1005
B1B7
  0
ARC
  5
B1B8
330
203
100
AcDbEntity
  8
PCB-RCB_PBL1
  6
Continuous
 62
     7
100
AcDbCircle
 10
1138.409845577941
 20
-434.9933850035176
 30
0.0
 40
0.6000000000008186
100
AcDbArc
 50
89.99999999994789
 51
179.9999999999413
1001
AcDbBlockRepETag
1070
     1
1071
       64
1005
B1B8
  0
ARC
  5
B1BA
330
203
100
AcDbEntity
  8
PCB-RCB_PBL1
  6
Continuous
 62
     7
100
AcDbCircle
 10
1138.409845577941
 20
-434.9933850035164
 30
0.0
 40
0.5999999999994971
100
AcDbArc
 50
359.9999999999544
 51
89.99999999992184
1001
AcDbBlockRepETag
1070
     1
1071
       66
1005
B1BA
  0
LINE
  5
B1BB
330
203
100
AcDbEntity
  8
PCB-RCB_PBL1
  6
Continuous
 62
     7
100
AcDbLine
 10
1139.00984557794
 20
-434.9933850035169
 30
0.0
 11
1139.00984557794
 21
-450.9933850035168
 31
0.0
1001
AcDbBlockRepETag
1070
     1
1071
       67
1005
B1BB
  0
ARC
  5
B1BC
330
203
100
AcDbEntity
  8
PCB-RCB_PBL1
  6
Continuous
 62
     7
100
AcDbCircle
 10
1138.409845577941
 20
-450.9933850035173
 30
0.0
 40
0.5999999999999091
100
AcDbArc
 50
270.0000000000782
 51
0.0000000000455964
1001
AcDbBlockRepETag
1070
     1
1071
       68
1005
B1BC
  0
LINE
  5
B1BD
330
203
100
AcDbEntity
  8
PCB-RCB_PBL1
  6
Continuous
 62
     7
100
AcDbLine
 10
1138.409845577941
 20
-451.5933850035168
 30
0.0
 11
1130.50984557794
 21
-451.5933850035168
 31
0.0
1001
AcDbBlockRepETag
1070
     1
1071
       69
1005
B1BD
  0
ARC
  5
B1BE
330
203
100
AcDbEntity
  8
PCB-RCB_PBL1
  6
Continuous
 62
     7
100
AcDbCircle
 10
909.8098455779398
 20
-450.9933850035168
 30
0.0
 40
0.5999999999999517
100
AcDbArc
 50
179.9999999999935
 51
270.0
1001
AcDbBlockRepETag
1070
     1
1071
       70
1005
B1BE
  0
LINE
  5
B1BF
330
203
100
AcDbEntity
  8
PCB-RCB_PBL1
  6
Continuous
 62
     7
100
AcDbLine
 10
909.2098455779398
 20
-450.9933850035168
 30
0.0
 11
909.2098455779398
 21
-434.9933850035169
 31
0.0
1001
AcDbBlockRepETag
1070
     1
1071
       71
1005
B1BF
  0
LWPOLYLINE
  5
B1C0
330
203
100
AcDbEntity
  8
PCB-RCB_PBL1
  6
Continuous
 62
     7
100
AcDbPolyline
 90
        6
 70
     0
 43
0.0
 10
1100.434845577939
 20
-450.393385003517
 10
1100.434845577939
 20
-434.9933850035169
 42
0.4142135623730987
 10
1099.834845577939
 20
-434.3933850035169
 10
1099.834845577939
 20
-434.3933850035169
 42
0.4142135623730951
 10
1099.234845577939
 20
-434.9933850035169
 10
1099.234845577939
 20
-450.393385003517
1001
AcDbBlockRepETag
1070
     1
1071
       72
1005
B1C0
  0
LWPOLYLINE
  5
B1C1
330
203
100
AcDbEntity
  8
PCB-RCB_PBL1
  6
Continuous
 62
     7
100
AcDbPolyline
 90
        6
 70
     0
 43
0.0
 10
1081.384845577939
 20
-450.393385003517
 10
1081.384845577939
 20
-434.9933850035169
 42
0.4142135623730951
 10
1080.784845577939
 20
-434.3933850035169
 10
1080.784845577939
 20
-434.3933850035169
 42
0.4142135623730987
 10
1080.184845577939
 20
-434.9933850035169
 10
1080.184845577939
 20
-450.393385003517
1001
AcDbBlockRepETag
1070
     1
1071
       73
1005
B1C1
  0
LWPOLYLINE
  5
B1C2
330
203
100
AcDbEntity
  8
PCB-RCB_PBL1
  6
Continuous
 62
     7
100
AcDbPolyline
 90
        6
 70
     0
 43
0.0
 10
1062.334845577939
 20
-450.393385003517
 10
1062.334845577939
 20
-434.9933850035169
 42
0.4142135623730987
 10
1061.734845577939
 20
-434.3933850035169
 10
1061.734845577939
 20
-434.3933850035169
 42
0.4142135623730951
 10
1061.134845577939
 20
-434.9933850035169
 10
1061.134845577939
 20
-450.393385003517
1001
AcDbBlockRepETag
1070
     1
1071
       74
1005
B1C2
  0
LWPOLYLINE
  5
B1C3
330
203
100
AcDbEntity
  8
PCB-RCB_PBL1
  6
Continuous
 62
     7
100
AcDbPolyline
 90
        6
 70
     0
 43
0.0
 10
1043.284845577939
 20
-450.393385003517
 10
1043.284845577939
 20
-434.9933850035169
 42
0.4142135623730987
 10
1042.684845577939
 20
-434.3933850035169
 10
1042.684845577939
 20
-434.3933850035169
 42
0.4142135623730951
 10
1042.084845577939
 20
-434.9933850035169
 10
1042.084845577939
 20
-450.393385003517
1001
AcDbBlockRepETag
1070
     1
1071
       75
1005
B1C3
  0
LWPOLYLINE
  5
B1C4
330
203
100
AcDbEntity
  8
PCB-RCB_PBL1
  6
Continuous
 62
     7
100
AcDbPolyline
 90
        6
 70
     0
 43
0.0
 10
1024.234845577939
 20
-450.393385003517
 10
1024.234845577939
 20
-434.9933850035169
 42
0.4142135623730987
 10
1023.634845577939
 20
-434.3933850035169
 10
1023.634845577939
 20
-434.3933850035169
 42
0.4142135623730951
 10
1023.034845577939
 20
-434.9933850035169
 10
1023.034845577939
 20
-450.393385003517
1001
AcDbBlockRepETag
1070
     1
1071
       76
1005
B1C4
  0
LWPOLYLINE
  5
B1C5
330
203
100
AcDbEntity
  8
PCB-RCB_PBL1
  6
Continuous
 62
     7
100
AcDbPolyline
 90
        6
 70
     0
 43
0.0
 10
1005.184845577939
 20
-450.393385003517
 10
1005.184845577939
 20
-434.9933850035169
 42
0.4142135623730987
 10
1004.584845577939
 20
-434.3933850035169
 10
1004.584845577939
 20
-434.3933850035169
 42
0.4142135623730951
 10
1003.984845577939
 20
-434.9933850035169
 10
1003.984845577939
 20
-450.393385003517
1001
AcDbBlockRepETag
1070
     1
1071
       77
1005
B1C5
  0
LWPOLYLINE
  5
B1C6
330
203
100
AcDbEntity
  8
PCB-RCB_PBL1
  6
Continuous
 62
     7
100
AcDbPolyline
 90
        6
 70
     0
 43
0.0
 10
986.134845577939
 20
-450.393385003517
 10
986.134845577939
 20
-434.9933850035169
 42
0.4142135623730987
 10
985.5348455779392
 20
-434.3933850035169
 10
985.5348455779392
 20
-434.3933850035169
 42
0.4142135623730951
 10
984.9348455779388
 20
-434.9933850035169
 10
984.9348455779388
 20
-450.393385003517
1001
AcDbBlockRepETag
1070
     1
1071
       78
1005
B1C6
  0
LWPOLYLINE
  5
B1C7
330
203
100
AcDbEntity
  8
PCB-RCB_PBL1
  6
Continuous
 62
     7
100
AcDbPolyline
 90
        6
 70
     0
 43
0.0
 10
967.084845577939
 20
-450.393385003517
 10
967.084845577939
 20
-434.9933850035169
 42
0.4142135623730987
 10
966.484845577939
 20
-434.3933850035169
 10
966.484845577939
 20
-434.3933850035169
 42
0.4142135623730951
 10
965.8848455779391
 20
-434.9933850035169
 10
965.8848455779391
 20
-450.393385003517
1001
AcDbBlockRepETag
1070
     1
1071
       79
1005
B1C7
  0
LWPOLYLINE
  5
B1C8
330
203
100
AcDbEntity
  8
PCB-RCB_PBL1
  6
Continuous
 62
     7
100
AcDbPolyline
 90
        6
 70
     0
 43
0.0
 10
948.0348455779392
 20
-450.393385003517
 10
948.0348455779392
 20
-434.9933850035169
 42
0.4142135623730987
 10
947.4348455779388
 20
-434.3933850035169
 10
947.4348455779388
 20
-434.3933850035169
 42
0.4142135623730951
 10
946.8348455779398
 20
-434.9933850035169
 10
946.8348455779398
 20
-450.393385003517
1001
AcDbBlockRepETag
1070
     1
1071
       80
1005
B1C8
  0
LWPOLYLINE
  5
B1C9
330
203
100
AcDbEntity
  8
PCB-RCB_PBL1
  6
Continuous
 62
     7
100
AcDbPolyline
 90
        6
 70
     0
 43
0.0
 10
928.984845577939
 20
-450.393385003517
 10
928.984845577939
 20
-434.9933850035169
 42
0.4142135623730987
 10
928.3848455779391
 20
-434.3933850035169
 10
928.3848455779391
 20
-434.3933850035169
 42
0.4142135623730951
 10
927.7848455779391
 20
-434.9933850035169
 10
927.7848455779391
 20
-450.393385003517
1001
AcDbBlockRepETag
1070
     1
1071
       81
1005
B1C9
  0
LWPOLYLINE
  5
B1CA
330
203
100
AcDbEntity
  8
PCB-RCB_PBL1
  6
Continuous
 62
     7
100
AcDbPolyline
 90
        2
 70
     0
 43
0.0
 10
927.7848455779391
 20
-450.393385003517
 10
921.4348455779404
 20
-450.393385003517
1001
AcDbBlockRepETag
1070
     1
1071
       82
1005
B1CA
  0
LWPOLYLINE
  5
B1CB
330
203
100
AcDbEntity
  8
PCB-RCB_PBL1
  6
Continuous
 62
     7
100
AcDbPolyline
 90
       10
 70
     0
 43
0.0
 10
1126.30984557794
 20
-450.393385003517
 10
1119.984845577939
 20
-450.393385003517
 42
-0.4142135623730951
 10
1119.484845577939
 20
-449.893385003517
 10
1119.484845577939
 20
-434.9933850035169
 42
0.4142135623730987
 10
1118.88484557794
 20
-434.3933850035169
 10
1118.88484557794
 20
-434.3933850035169
 42
0.4142135623730951
 10
1118.284845577939
 20
-434.9933850035169
 10
1118.284845577939
 20
-449.893385003517
 42
-0.4142135623730951
 10
1117.784845577939
 20
-450.393385003517
 10
1111.45984557794
 20
-450.393385003517
1001
AcDbBlockRepETag
1070
     1
1071
       83
1005
B1CB
  0
LINE
  5
B1CC
330
203
100
AcDbEntity
  8
PCB-RCB_PBL1
  6
Continuous
 62
     7
100
AcDbLine
 10
1100.434845577939
 20
-450.393385003517
 30
0.0
 11
1107.25984557794
 21
-450.393385003517
 31
0.0
1001
AcDbBlockRepETag
1070
     1
1071
       84
1005
B1CC
  0
ARC
  5
B1CE
330
203
100
AcDbEntity
  8
PCB-RCB_PBL1
  6
Continuous
 62
     7
100
AcDbCircle
 10
909.8098455779389
 20
-434.9933850035169
 30
0.0
 40
0.6
100
AcDbArc
 50
0.0
 51
90.0
1001
AcDbBlockRepETag
1070
     1
1071
       86
1005
B1CE
  0
ARC
  5
B1CF
330
203
100
AcDbEntity
  8
PCB-RCB_PBL1
  6
Continuous
 62
     7
100
AcDbCircle
 10
909.8098455779389
 20
-434.9933850035169
 30
0.0
 40
0.6
100
AcDbArc
 50
90.0
 51
180.0
1001
AcDbBlockRepETag
1070
     1
1071
       87
1005
B1CF
  0
LWPOLYLINE
  5
B1D0
330
203
100
AcDbEntity
  8
PCB-RCB_PBL1
  6
Continuous
 62
     7
100
AcDbPolyline
 90
        2
 70
     0
 43
0.0
 10
1113.522345577939
 20
-470.6433850035166
 10
1095.672345577939
 20
-470.6433850035166
1001
AcDbBlockRepETag
1070
     1
1071
       88
1005
B1D0
  0
LWPOLYLINE
  5
B1D1
330
203
100
AcDbEntity
  8
PCB-RCB_PBL1
  6
Continuous
 62
     7
100
AcDbPolyline
 90
        2
 70
     0
 43
0.0
 10
961.1223455779388
 20
-470.6433850035166
 10
943.272345577939
 20
-470.6433850035166
1001
AcDbBlockRepETag
1070
     1
1071
       89
1005
B1D1
  0
LINE
  5
B1D2
330
203
100
AcDbEntity
  8
PCB-RCB_PBL1
  6
Continuous
 62
     7
100
AcDbLine
 10
1114.722345577939
 20
-470.6433850035166
 30
0.0
 11
1132.447345577939
 21
-470.6433850035166
 31
0.0
1001
AcDbBlockRepETag
1070
     1
1071
       90
1005
B1D2
  0
LINE
  5
B1D3
330
203
100
AcDbEntity
  8
PCB-RCB_PBL1
  6
Continuous
 62
     7
100
AcDbLine
 10
1133.047345577939
 20
-470.6433850035168
 30
0.0
 11
1133.047345577939
 21
-485.8933850035167
 31
0.0
1001
AcDbBlockRepETag
1070
     1
1071
       91
1005
B1D3
  0
ARC
  5
B1D4
330
203
100
AcDbEntity
  8
PCB-RCB_PBL1
  6
Continuous
 62
     7
100
AcDbCircle
 10
1133.64734557794
 20
-485.8933850035167
 30
0.0
 40
0.6000000000003638
100
AcDbArc
 50
179.9999999999935
 51
269.9999999999479
1001
AcDbBlockRepETag
1070
     1
1071
       92
1005
B1D4
  0
ARC
  5
B1D6
330
203
100
AcDbEntity
  8
PCB-RCB_PBL1
  6
Continuous
 62
     7
100
AcDbCircle
 10
1133.64734557794
 20
-485.8933850035172
 30
0.0
 40
0.5999999999994971
100
AcDbArc
 50
270.0000000000521
 51
0.0000000000455964
1001
AcDbBlockRepETag
1070
     1
1071
       94
1005
B1D6
  0
LINE
  5
B1D7
330
203
100
AcDbEntity
  8
PCB-RCB_PBL1
  6
Continuous
 62
     7
100
AcDbLine
 10
1134.247345577939
 20
-485.8933850035167
 30
0.0
 11
1134.247345577939
 21
-470.6433850035168
 31
0.0
1001
AcDbBlockRepETag
1070
     1
1071
       95
1005
B1D7
  0
LINE
  5
B1D8
330
203
100
AcDbEntity
  8
PCB-RCB_PBL1
  6
Continuous
 62
     7
100
AcDbLine
 10
1127.809845577939
 20
-469.4433850035167
 30
0.0
 11
1109.959845577939
 21
-469.4433850035167
 31
0.0
1001
AcDbBlockRepETag
1070
     1
1071
       96
1005
B1D8
  0
LINE
  5
B1D9
330
203
100
AcDbEntity
  8
PCB-RCB_PBL1
  6
Continuous
 62
     7
100
AcDbLine
 10
1108.759845577939
 20
-469.4433850035167
 30
0.0
 11
1090.909845577939
 21
-469.4433850035167
 31
0.0
1001
AcDbBlockRepETag
1070
     1
1071
       97
1005
B1D9
  0
LINE
  5
B1DA
330
203
100
AcDbEntity
  8
PCB-RCB_PBL1
  6
Continuous
 62
     7
100
AcDbLine
 10
1089.709845577939
 20
-469.4433850035167
 30
0.0
 11
1071.85984557794
 21
-469.4433850035167
 31
0.0
1001
AcDbBlockRepETag
1070
     1
1071
       98
1005
B1DA
  0
LINE
  5
B1DB
330
203
100
AcDbEntity
  8
PCB-RCB_PBL1
  6
Continuous
 62
     7
100
AcDbLine
 10
1070.659845577939
 20
-469.4433850035167
 30
0.0
 11
1052.809845577939
 21
-469.4433850035167
 31
0.0
1001
AcDbBlockRepETag
1070
     1
1071
       99
1005
B1DB
  0
LINE
  5
B1DC
330
203
100
AcDbEntity
  8
PCB-RCB_PBL1
  6
Continuous
 62
     7
100
AcDbLine
 10
1032.559845577939
 20
-469.4433850035167
 30
0.0
 11
1014.709845577939
 21
-469.4433850035167
 31
0.0
1001
AcDbBlockRepETag
1070
     1
1071
      100
1005
B1DC
  0
LINE
  5
B1DD
330
203
100
AcDbEntity
  8
PCB-RCB_PBL1
  6
Continuous
 62
     7
100
AcDbLine
 10
1013.509845577939
 20
-469.4433850035167
 30
0.0
 11
995.6598455779392
 21
-469.4433850035167
 31
0.0
1001
AcDbBlockRepETag
1070
     1
1071
      101
1005
B1DD
  0
LINE
  5
B1DE
330
203
100
AcDbEntity
  8
PCB-RCB_PBL1
  6
Continuous
 62
     7
100
AcDbLine
 10
994.4598455779399
 20
-469.4433850035167
 30
0.0
 11
976.609845577939
 21
-469.4433850035167
 31
0.0
1001
AcDbBlockRepETag
1070
     1
1071
      102
1005
B1DE
  0
LINE
  5
B1DF
330
203
100
AcDbEntity
  8
PCB-RCB_PBL1
  6
Continuous
 62
     7
100
AcDbLine
 10
975.4098455779391
 20
-469.4433850035167
 30
0.0
 11
957.5598455779388
 21
-469.4433850035167
 31
0.0
1001
AcDbBlockRepETag
1070
     1
1071
      103
1005
B1DF
  0
LINE
  5
B1E0
330
203
100
AcDbEntity
  8
PCB-RCB_PBL1
  6
Continuous
 62
     7
100
AcDbLine
 10
956.3598455779398
 20
-469.4433850035167
 30
0.0
 11
938.5098455779392
 21
-469.4433850035167
 31
0.0
1001
AcDbBlockRepETag
1070
     1
1071
      104
1005
B1E0
  0
LINE
  5
B1E1
330
203
100
AcDbEntity
  8
PCB-RCB_PBL1
  6
Continuous
 62
     7
100
AcDbLine
 10
937.3098455779388
 20
-469.4433850035167
 30
0.0
 11
924.0973455779393
 21
-469.4433850035167
 31
0.0
1001
AcDbBlockRepETag
1070
     1
1071
      105
1005
B1E1
  0
LINE
  5
B1E2
330
203
100
AcDbEntity
  8
PCB-RCB_PBL1
  6
Continuous
 62
     7
100
AcDbLine
 10
923.0173455779379
 20
-470.6433850035168
 30
0.0
 11
923.0173455779388
 21
-485.8933850035167
 31
0.0
1001
AcDbBlockRepETag
1070
     1
1071
      106
1005
B1E2
  0
LWPOLYLINE
  5
B1E3
330
203
100
AcDbEntity
  8
PCB-RCB_PBL1
  6
Continuous
 62
     7
100
AcDbPolyline
 90
        6
 70
     0
 43
0.0
 10
1114.722345577939
 20
-470.6433850035166
 10
1114.722345577939
 20
-485.8933850035167
 42
-0.4142135623730987
 10
1114.122345577939
 20
-486.4933850035167
 10
1114.122345577939
 20
-486.4933850035167
 42
-0.4142135623730951
 10
1113.522345577939
 20
-485.8933850035167
 10
1113.522345577939
 20
-470.6433850035166
1001
AcDbBlockRepETag
1070
     1
1071
      107
1005
B1E3
  0
LWPOLYLINE
  5
B1E4
330
203
100
AcDbEntity
  8
PCB-RCB_PBL1
  6
Continuous
 62
     7
100
AcDbPolyline
 90
        6
 70
     0
 43
0.0
 10
1095.672345577939
 20
-470.6433850035166
 10
1095.672345577939
 20
-485.8933850035167
 42
-0.4142135623730951
 10
1095.072345577939
 20
-486.4933850035167
 10
1095.072345577939
 20
-486.4933850035168
 42
-0.4142135623730987
 10
1094.472345577939
 20
-485.8933850035167
 10
1094.472345577939
 20
-470.6433850035166
1001
AcDbBlockRepETag
1070
     1
1071
      108
1005
B1E4
  0
LWPOLYLINE
  5
B1E5
330
203
100
AcDbEntity
  8
PCB-RCB_PBL1
  6
Continuous
 62
     7
100
AcDbPolyline
 90
        6
 70
     0
 43
0.0
 10
1076.622345577939
 20
-470.6433850035166
 10
1076.622345577939
 20
-485.8933850035167
 42
-0.4142135623730987
 10
1076.022345577939
 20
-486.4933850035168
 10
1076.022345577939
 20
-486.4933850035167
 42
-0.4142135623730951
 10
1075.422345577939
 20
-485.8933850035167
 10
1075.422345577939
 20
-470.6433850035166
1001
AcDbBlockRepETag
1070
     1
1071
      109
1005
B1E5
  0
LWPOLYLINE
  5
B1E6
330
203
100
AcDbEntity
  8
PCB-RCB_PBL1
  6
Continuous
 62
     7
100
AcDbPolyline
 90
        6
 70
     0
 43
0.0
 10
1057.572345577939
 20
-470.6433850035166
 10
1057.572345577939
 20
-485.8933850035167
 42
-0.4142135623730987
 10
1056.972345577939
 20
-486.4933850035168
 10
1056.972345577939
 20
-486.4933850035167
 42
-0.4142135623730951
 10
1056.372345577939
 20
-485.8933850035167
 10
1056.372345577939
 20
-470.6433850035166
1001
AcDbBlockRepETag
1070
     1
1071
      110
1005
B1E6
  0
LWPOLYLINE
  5
B1E7
330
203
100
AcDbEntity
  8
PCB-RCB_PBL1
  6
Continuous
 62
     7
100
AcDbPolyline
 90
        6
 70
     0
 43
0.0
 10
1038.522345577939
 20
-470.6433850035166
 10
1038.522345577939
 20
-485.8933850035167
 42
-0.4142135623730987
 10
1037.922345577939
 20
-486.4933850035168
 10
1037.922345577939
 20
-486.4933850035167
 42
-0.4142135623730951
 10
1037.322345577939
 20
-485.8933850035167
 10
1037.322345577939
 20
-470.6433850035166
1001
AcDbBlockRepETag
1070
     1
1071
      111
1005
B1E7
  0
LWPOLYLINE
  5
B1E8
330
203
100
AcDbEntity
  8
PCB-RCB_PBL1
  6
Continuous
 62
     7
100
AcDbPolyline
 90
        6
 70
     0
 43
0.0
 10
1019.472345577939
 20
-470.6433850035166
 10
1019.472345577939
 20
-485.8933850035167
 42
-0.4142135623730987
 10
1018.872345577939
 20
-486.4933850035168
 10
1018.872345577939
 20
-486.4933850035167
 42
-0.4142135623730951
 10
1018.272345577939
 20
-485.8933850035167
 10
1018.272345577939
 20
-470.6433850035166
1001
AcDbBlockRepETag
1070
     1
1071
      112
1005
B1E8
  0
LWPOLYLINE
  5
B1E9
330
203
100
AcDbEntity
  8
PCB-RCB_PBL1
  6
Continuous
 62
     7
100
AcDbPolyline
 90
        6
 70
     0
 43
0.0
 10
1000.422345577939
 20
-470.6433850035166
 10
1000.422345577939
 20
-485.8933850035167
 42
-0.4142135623730987
 10
999.8223455779392
 20
-486.4933850035167
 10
999.8223455779392
 20
-486.4933850035167
 42
-0.4142135623730951
 10
999.2223455779392
 20
-485.8933850035167
 10
999.2223455779392
 20
-470.6433850035166
1001
AcDbBlockRepETag
1070
     1
1071
      113
1005
B1E9
  0
LWPOLYLINE
  5
B1EA
330
203
100
AcDbEntity
  8
PCB-RCB_PBL1
  6
Continuous
 62
     7
100
AcDbPolyline
 90
        6
 70
     0
 43
0.0
 10
981.3723455779388
 20
-470.6433850035166
 10
981.3723455779388
 20
-485.8933850035167
 42
-0.4142135623730987
 10
980.772345577939
 20
-486.4933850035167
 10
980.772345577939
 20
-486.4933850035167
 42
-0.4142135623730951
 10
980.172345577939
 20
-485.8933850035167
 10
980.172345577939
 20
-470.6433850035166
1001
AcDbBlockRepETag
1070
     1
1071
      114
1005
B1EA
  0
LWPOLYLINE
  5
B1EB
330
203
100
AcDbEntity
  8
PCB-RCB_PBL1
  6
Continuous
 62
     7
100
AcDbPolyline
 90
        6
 70
     0
 43
0.0
 10
962.3223455779392
 20
-470.6433850035166
 10
962.3223455779392
 20
-485.8933850035167
 42
-0.4142135623730987
 10
961.7223455779392
 20
-486.4933850035167
 10
961.7223455779392
 20
-486.4933850035167
 42
-0.4142135623730951
 10
961.1223455779388
 20
-485.8933850035167
 10
961.1223455779388
 20
-470.6433850035166
1001
AcDbBlockRepETag
1070
     1
1071
      115
1005
B1EB
  0
LWPOLYLINE
  5
B1EC
330
203
100
AcDbEntity
  8
PCB-RCB_PBL1
  6
Continuous
 62
     7
100
AcDbPolyline
 90
        6
 70
     0
 43
0.0
 10
943.272345577939
 20
-470.6433850035166
 10
943.272345577939
 20
-485.8933850035167
 42
-0.4142135623730987
 10
942.672345577939
 20
-486.4933850035167
 10
942.672345577939
 20
-486.4933850035167
 42
-0.4142135623730951
 10
942.0723455779391
 20
-485.8933850035167
 10
942.0723455779391
 20
-470.6433850035166
1001
AcDbBlockRepETag
1070
     1
1071
      116
1005
B1EC
  0
LWPOLYLINE
  5
B1ED
330
203
100
AcDbEntity
  8
PCB-RCB_PBL1
  6
Continuous
 62
     7
100
AcDbPolyline
 90
        3
 70
     0
 43
0.0
 10
942.0723455779391
 20
-470.6433850035166
 10
924.2173455779381
 20
-470.6433850035166
 10
924.2173455779392
 20
-485.8933850035167
1001
AcDbBlockRepETag
1070
     1
1071
      117
1005
B1ED
  0
ARC
  5
B1EF
330
203
100
AcDbEntity
  8
PCB-RCB_PBL1
  6
Continuous
 62
     7
100
AcDbCircle
 10
923.6173455779391
 20
-485.8933850035167
 30
0.0
 40
0.6
100
AcDbArc
 50
270.0
 51
0.0
1001
AcDbBlockRepETag
1070
     1
1071
      119
1005
B1EF
  0
ARC
  5
B1F0
330
203
100
AcDbEntity
  8
PCB-RCB_PBL1
  6
Continuous
 62
     7
100
AcDbCircle
 10
923.6173455779391
 20
-485.8933850035167
 30
0.0
 40
0.6
100
AcDbArc
 50
180.0
 51
270.0
1001
AcDbBlockRepETag
1070
     1
1071
      120
1005
B1F0
  0
LWPOLYLINE
  5
B1F1
330
203
100
AcDbEntity
  8
PCB-RCB_PBL1
  6
Continuous
 62
     7
100
AcDbPolyline
 90
        2
 70
     0
 43
0.0
 10
1103.997345577939
 20
-489.688885003517
 10
1097.17234557794
 20
-489.688885003517
1001
AcDbBlockRepETag
1070
     1
1071
      121
1005
B1F1
  0
LWPOLYLINE
  5
B1F2
330
203
100
AcDbEntity
  8
PCB-RCB_PBL1
  6
Continuous
 62
     7
100
AcDbPolyline
 90
        2
 70
     0
 43
0.0
 10
1084.947345577939
 20
-489.688885003517
 10
1078.122345577939
 20
-489.688885003517
1001
AcDbBlockRepETag
1070
     1
1071
      122
1005
B1F2
  0
LWPOLYLINE
  5
B1F3
330
203
100
AcDbEntity
  8
PCB-RCB_PBL1
  6
Continuous
 62
     7
100
AcDbPolyline
 90
        2
 70
     0
 43
0.0
 10
1065.897345577939
 20
-489.688885003517
 10
1059.072345577939
 20
-489.688885003517
1001
AcDbBlockRepETag
1070
     1
1071
      123
1005
B1F3
  0
LWPOLYLINE
  5
B1F4
330
203
100
AcDbEntity
  8
PCB-RCB_PBL1
  6
Continuous
 62
     7
100
AcDbPolyline
 90
        2
 70
     0
 43
0.0
 10
1046.847345577939
 20
-489.688885003517
 10
1040.022345577939
 20
-489.688885003517
1001
AcDbBlockRepETag
1070
     1
1071
      124
1005
B1F4
  0
LWPOLYLINE
  5
B1F5
330
203
100
AcDbEntity
  8
PCB-RCB_PBL1
  6
Continuous
 62
     7
100
AcDbPolyline
 90
        2
 70
     0
 43
0.0
 10
1027.797345577939
 20
-489.688885003517
 10
1020.972345577939
 20
-489.688885003517
1001
AcDbBlockRepETag
1070
     1
1071
      125
1005
B1F5
  0
LWPOLYLINE
  5
B1F6
330
203
100
AcDbEntity
  8
PCB-RCB_PBL1
  6
Continuous
 62
     7
100
AcDbPolyline
 90
        2
 70
     0
 43
0.0
 10
1008.747345577939
 20
-489.688885003517
 10
1002.422345577939
 20
-489.688885003517
1001
AcDbBlockRepETag
1070
     1
1071
      126
1005
B1F6
  0
LWPOLYLINE
  5
B1F7
330
203
100
AcDbEntity
  8
PCB-RCB_PBL1
  6
Continuous
 62
     7
100
AcDbPolyline
 90
        2
 70
     0
 43
0.0
 10
989.6973455779392
 20
-489.688885003517
 10
982.8723455779392
 20
-489.688885003517
1001
AcDbBlockRepETag
1070
     1
1071
      127
1005
B1F7
  0
LWPOLYLINE
  5
B1F8
330
203
100
AcDbEntity
  8
PCB-RCB_PBL1
  6
Continuous
 62
     7
100
AcDbPolyline
 90
        2
 70
     0
 43
0.0
 10
970.647345577939
 20
-489.6888850035169
 10
963.8223455779396
 20
-489.6888850035169
1001
AcDbBlockRepETag
1070
     1
1071
      128
1005
B1F8
  0
LINE
  5
B1F9
330
203
100
AcDbEntity
  8
PCB-RCB_PBL1
  6
Continuous
 62
     7
100
AcDbLine
 10
1105.197345577939
 20
-489.688885003517
 30
0.0
 11
1112.022345577939
 21
-489.688885003517
 31
0.0
1001
AcDbBlockRepETag
1070
     1
1071
      129
1005
B1F9
  0
LINE
  5
B1FA
330
203
100
AcDbEntity
  8
PCB-RCB_PBL1
  6
Continuous
 62
     7
100
AcDbLine
 10
1123.522345577939
 20
-490.2888850035171
 30
0.0
 11
1123.522345577939
 21
-504.9388850035173
 31
0.0
1001
AcDbBlockRepETag
1070
     1
1071
      130
1005
B1FA
  0
ARC
  5
B1FB
330
203
100
AcDbEntity
  8
PCB-RCB_PBL1
  6
Continuous
 62
     7
100
AcDbCircle
 10
1124.122345577939
 20
-504.9388850035173
 30
0.0
 40
0.5999999999999091
100
AcDbArc
 50
179.9999999999935
 51
270.0
1001
AcDbBlockRepETag
1070
     1
1071
      131
1005
B1FB
  0
ARC
  5
B1FD
330
203
100
AcDbEntity
  8
PCB-RCB_PBL1
  6
Continuous
 62
     7
100
AcDbCircle
 10
1124.122345577939
 20
-504.938885003517
 30
0.0
 40
0.6000000000001791
100
AcDbArc
 50
270.0
 51
359.9999999999805
1001
AcDbBlockRepETag
1070
     1
1071
      133
1005
B1FD
  0
LINE
  5
B1FE
330
203
100
AcDbEntity
  8
PCB-RCB_PBL1
  6
Continuous
 62
     7
100
AcDbLine
 10
1124.722345577939
 20
-504.9388850035173
 30
0.0
 11
1124.722345577939
 21
-489.0888850035173
 31
0.0
1001
AcDbBlockRepETag
1070
     1
1071
      134
1005
B1FE
  0
LWPOLYLINE
  5
B1FF
330
203
100
AcDbEntity
  8
PCB-RCB_PBL1
  6
Continuous
 62
     7
100
AcDbPolyline
 90
        2
 70
     0
 43
0.0
 10
1124.122345577939
 20
-488.4888850035173
 10
1116.222345577939
 20
-488.4888850035173
1001
AcDbBlockRepETag
1070
     1
1071
      135
1005
B1FF
  0
ARC
  5
B201
330
203
100
AcDbEntity
  8
PCB-RCB_PBL1
  6
Continuous
 62
     7
100
AcDbCircle
 10
933.6223455779387
 20
-489.0888850035172
 30
0.0
 40
0.5999999999999446
100
AcDbArc
 50
90.0
 51
180.0000000000065
1001
AcDbBlockRepETag
1070
     1
1071
      137
1005
B201
  0
LINE
  5
B202
330
203
100
AcDbEntity
  8
PCB-RCB_PBL1
  6
Continuous
 62
     7
100
AcDbLine
 10
933.0223455779389
 20
-489.0888850035173
 30
0.0
 11
933.0223455779389
 21
-504.9388850035173
 31
0.0
1001
AcDbBlockRepETag
1070
     1
1071
      138
1005
B202
  0
LWPOLYLINE
  5
B203
330
203
100
AcDbEntity
  8
PCB-RCB_PBL1
  6
Continuous
 62
     7
100
AcDbPolyline
 90
        6
 70
     0
 43
0.0
 10
1105.197345577939
 20
-489.688885003517
 10
1105.197345577939
 20
-504.9388850035173
 42
-0.4142135623730987
 10
1104.597345577939
 20
-505.5388850035172
 10
1104.597345577939
 20
-505.5388850035172
 42
-0.4142135623730951
 10
1103.997345577939
 20
-504.9388850035173
 10
1103.997345577939
 20
-489.688885003517
1001
AcDbBlockRepETag
1070
     1
1071
      139
1005
B203
  0
LWPOLYLINE
  5
B204
330
203
100
AcDbEntity
  8
PCB-RCB_PBL1
  6
Continuous
 62
     7
100
AcDbPolyline
 90
        6
 70
     0
 43
0.0
 10
1086.147345577939
 20
-489.688885003517
 10
1086.147345577939
 20
-504.9388850035173
 42
-0.4142135623730951
 10
1085.547345577939
 20
-505.5388850035172
 10
1085.547345577939
 20
-505.5388850035172
 42
-0.4142135623730987
 10
1084.947345577939
 20
-504.9388850035173
 10
1084.947345577939
 20
-489.688885003517
1001
AcDbBlockRepETag
1070
     1
1071
      140
1005
B204
  0
LWPOLYLINE
  5
B205
330
203
100
AcDbEntity
  8
PCB-RCB_PBL1
  6
Continuous
 62
     7
100
AcDbPolyline
 90
        6
 70
     0
 43
0.0
 10
1067.097345577939
 20
-489.688885003517
 10
1067.097345577939
 20
-504.9388850035173
 42
-0.4142135623730951
 10
1066.497345577939
 20
-505.5388850035172
 10
1066.497345577939
 20
-505.5388850035172
 42
-0.4142135623730987
 10
1065.897345577939
 20
-504.9388850035173
 10
1065.897345577939
 20
-489.688885003517
1001
AcDbBlockRepETag
1070
     1
1071
      141
1005
B205
  0
LWPOLYLINE
  5
B206
330
203
100
AcDbEntity
  8
PCB-RCB_PBL1
  6
Continuous
 62
     7
100
AcDbPolyline
 90
        6
 70
     0
 43
0.0
 10
1048.047345577939
 20
-489.688885003517
 10
1048.047345577939
 20
-504.9388850035173
 42
-0.4142135623730987
 10
1047.447345577939
 20
-505.5388850035172
 10
1047.447345577939
 20
-505.5388850035172
 42
-0.4142135623730951
 10
1046.847345577939
 20
-504.9388850035173
 10
1046.847345577939
 20
-489.688885003517
1001
AcDbBlockRepETag
1070
     1
1071
      142
1005
B206
  0
LWPOLYLINE
  5
B207
330
203
100
AcDbEntity
  8
PCB-RCB_PBL1
  6
Continuous
 62
     7
100
AcDbPolyline
 90
        6
 70
     0
 43
0.0
 10
1028.997345577939
 20
-489.688885003517
 10
1028.997345577939
 20
-504.9388850035173
 42
-0.4142135623730951
 10
1028.397345577939
 20
-505.5388850035172
 10
1028.397345577939
 20
-505.5388850035172
 42
-0.4142135623730987
 10
1027.797345577939
 20
-504.9388850035173
 10
1027.797345577939
 20
-489.688885003517
1001
AcDbBlockRepETag
1070
     1
1071
      143
1005
B207
  0
LWPOLYLINE
  5
B208
330
203
100
AcDbEntity
  8
PCB-RCB_PBL1
  6
Continuous
 62
     7
100
AcDbPolyline
 90
        6
 70
     0
 43
0.0
 10
1009.947345577939
 20
-489.688885003517
 10
1009.947345577939
 20
-504.9388850035173
 42
-0.4142135623730987
 10
1009.347345577939
 20
-505.5388850035172
 10
1009.347345577939
 20
-505.5388850035172
 42
-0.4142135623730951
 10
1008.747345577939
 20
-504.9388850035173
 10
1008.747345577939
 20
-489.688885003517
1001
AcDbBlockRepETag
1070
     1
1071
      144
1005
B208
  0
LWPOLYLINE
  5
B209
330
203
100
AcDbEntity
  8
PCB-RCB_PBL1
  6
Continuous
 62
     7
100
AcDbPolyline
 90
        6
 70
     0
 43
0.0
 10
990.8973455779388
 20
-489.688885003517
 10
990.8973455779388
 20
-504.9388850035173
 42
-0.4142135623730987
 10
990.297345577939
 20
-505.5388850035172
 10
990.297345577939
 20
-505.5388850035172
 42
-0.4142135623730951
 10
989.6973455779392
 20
-504.9388850035173
 10
989.6973455779392
 20
-489.688885003517
1001
AcDbBlockRepETag
1070
     1
1071
      145
1005
B209
  0
LWPOLYLINE
  5
B20A
330
203
100
AcDbEntity
  8
PCB-RCB_PBL1
  6
Continuous
 62
     7
100
AcDbPolyline
 90
        6
 70
     0
 43
0.0
 10
971.8473455779392
 20
-489.6888850035169
 10
971.8473455779392
 20
-504.9388850035173
 42
-0.4142135623730951
 10
971.2473455779388
 20
-505.5388850035172
 10
971.2473455779388
 20
-505.5388850035172
 42
-0.4142135623730987
 10
970.647345577939
 20
-504.9388850035173
 10
970.647345577939
 20
-489.6888850035169
1001
AcDbBlockRepETag
1070
     1
1071
      146
1005
B20A
  0
LWPOLYLINE
  5
B20B
330
203
100
AcDbEntity
  8
PCB-RCB_PBL1
  6
Continuous
 62
     7
100
AcDbPolyline
 90
        6
 70
     0
 43
0.0
 10
952.797345577939
 20
-489.688885003517
 10
952.797345577939
 20
-504.9388850035173
 42
-0.4142135623730987
 10
952.1973455779392
 20
-505.5388850035172
 10
952.1973455779392
 20
-505.5388850035172
 42
-0.4142135623730951
 10
951.5973455779391
 20
-504.9388850035173
 10
951.5973455779391
 20
-489.688885003517
1001
AcDbBlockRepETag
1070
     1
1071
      147
1005
B20B
  0
LWPOLYLINE
  5
B20D
330
203
100
AcDbEntity
  8
PCB-RCB_PBL1
  6
Continuous
 62
     7
100
AcDbPolyline
 90
        2
 70
     0
 43
0.0
 10
951.5973455779391
 20
-489.688885003517
 10
944.7723455779394
 20
-489.688885003517
1001
AcDbBlockRepETag
1070
     1
1071
      149
1005
B20D
  0
ARC
  5
B20E
330
203
100
AcDbEntity
  8
PCB-RCB_PBL1
  6
Continuous
 62
     7
100
AcDbCircle
 10
933.6223455779387
 20
-504.9388850035173
 30
0.0
 40
0.6
100
AcDbArc
 50
180.0
 51
270.0
1001
AcDbBlockRepETag
1070
     1
1071
      150
1005
B20E
  0
ARC
  5
B20F
330
203
100
AcDbEntity
  8
PCB-RCB_PBL1
  6
Continuous
 62
     7
100
AcDbCircle
 10
933.6223455779387
 20
-504.9388850035173
 30
0.0
 40
0.6
100
AcDbArc
 50
270.0
 51
0.0
1001
AcDbBlockRepETag
1070
     1
1071
      151
1005
B20F
  0
LINE
  5
B210
330
203
100
AcDbEntity
  8
PCB-RCB_PBL1
  6
Continuous
 62
     7
100
AcDbLine
 10
1146.83484557794
 20
-469.4433850035167
 30
0.0
 11
1146.570386564204
 21
-469.4433850035167
 31
0.0
1001
AcDbBlockRepETag
1070
     1
1071
      152
1005
B210
  0
LINE
  5
B211
330
203
100
AcDbEntity
  8
PCB-RCB_PBL1
  6
Continuous
 62
     7
100
AcDbLine
 10
1183.91984557794
 20
-489.6888850035173
 30
0.0
 11
1199.247345577939
 21
-489.6888850035173
 31
0.0
1001
AcDbBlockRepETag
1070
     1
1071
      153
1005
B211
  0
LINE
  5
B212
330
203
100
AcDbEntity
  8
PCB-RCB_PBL1
  6
Continuous
 62
     7
100
AcDbLine
 10
1200.447345577939
 20
-489.6888850035173
 30
0.0
 11
1207.27234557794
 21
-489.6888850035174
 31
0.0
1001
AcDbBlockRepETag
1070
     1
1071
      154
1005
B212
  0
LINE
  5
B213
330
203
100
AcDbEntity
  8
PCB-RCB_PBL1
  6
Continuous
 62
     7
100
AcDbLine
 10
1219.97234557794
 20
-489.6888850035173
 30
0.0
 11
1234.81984557794
 21
-489.6888850035173
 31
0.0
1001
AcDbBlockRepETag
1070
     1
1071
      155
1005
B213
  0
LINE
  5
B214
330
203
100
AcDbEntity
  8
PCB-RCB_PBL1
  6
Continuous
 62
     7
100
AcDbLine
 10
1234.81984557794
 20
-488.4888850035173
 30
0.0
 11
1211.472345577939
 21
-488.4888850035173
 31
0.0
1001
AcDbBlockRepETag
1070
     1
1071
      156
1005
B214
  0
ARC
  5
B215
330
203
100
AcDbEntity
  8
PCB-RCB_PBL1
  6
Continuous
 62
     7
100
AcDbCircle
 10
1183.91984557794
 20
-489.0888850035173
 30
0.0
 40
0.6
100
AcDbArc
 50
90.0
 51
270.0
1001
AcDbBlockRepETag
1070
     1
1071
      157
1005
B215
  0
ARC
  5
B216
330
203
100
AcDbEntity
  8
PCB-RCB_PBL1
  6
Continuous
 62
     7
100
AcDbCircle
 10
1234.81984557794
 20
-489.0888850035173
 30
0.0
 40
0.6
100
AcDbArc
 50
270.0
 51
90.0
1001
AcDbBlockRepETag
1070
     1
1071
      158
1005
B216
  0
LINE
  5
B218
330
203
100
AcDbEntity
  8
PCB-RCB_PBL1
  6
Continuous
 62
     7
100
AcDbLine
 10
1200.447345577938
 20
-450.393385003517
 30
0.0
 11
1207.27234557794
 21
-450.393385003517
 31
0.0
1001
AcDbBlockRepETag
1070
     1
1071
      160
1005
B218
  0
LINE
  5
B219
330
203
100
AcDbEntity
  8
PCB-RCB_PBL1
  6
Continuous
 62
     7
100
AcDbLine
 10
1219.97234557794
 20
-450.393385003517
 30
0.0
 11
1234.81984557794
 21
-450.393385003517
 31
0.0
1001
AcDbBlockRepETag
1070
     1
1071
      161
1005
B219
  0
LINE
  5
B21A
330
203
100
AcDbEntity
  8
PCB-RCB_PBL1
  6
Continuous
 62
     7
100
AcDbLine
 10
1218.772345577939
 20
-450.393385003517
 30
0.0
 11
1218.772345577939
 21
-434.9933850035176
 31
0.0
1001
AcDbBlockRepETag
1070
     1
1071
      162
1005
B21A
  0
ARC
  5
B21B
330
203
100
AcDbEntity
  8
PCB-RCB_PBL1
  6
Continuous
 62
     7
100
AcDbCircle
 10
1219.372345577941
 20
-434.9933850035176
 30
0.0
 40
0.6000000000008186
100
AcDbArc
 50
89.99999999994789
 51
179.9999999999413
1001
AcDbBlockRepETag
1070
     1
1071
      163
1005
B21B
  0
ARC
  5
B21D
330
203
100
AcDbEntity
  8
PCB-RCB_PBL1
  6
Continuous
 62
     7
100
AcDbCircle
 10
1219.372345577941
 20
-434.9933850035164
 30
0.0
 40
0.5999999999994971
100
AcDbArc
 50
359.9999999999544
 51
89.99999999992184
1001
AcDbBlockRepETag
1070
     1
1071
      165
1005
B21D
  0
ARC
  5
B221
330
203
100
AcDbEntity
  8
PCB-RCB_PBL1
  6
Continuous
 62
     7
100
AcDbCircle
 10
1183.91984557794
 20
-450.9933850035166
 30
0.0
 40
0.6
100
AcDbArc
 50
90.0
 51
270.0
1001
AcDbBlockRepETag
1070
     1
1071
      169
1005
B221
  0
ARC
  5
B222
330
203
100
AcDbEntity
  8
PCB-RCB_PBL1
  6
Continuous
 62
     7
100
AcDbCircle
 10
1234.81984557794
 20
-450.9933850035172
 30
0.0
 40
0.6
100
AcDbArc
 50
270.0
 51
90.0
1001
AcDbBlockRepETag
1070
     1
1071
      170
1005
B222
  0
LINE
  5
B224
330
203
100
AcDbEntity
  8
PCB-RCB_PBL1
  6
Continuous
 62
     7
100
AcDbLine
 10
1200.447345577938
 20
-469.4433850035172
 30
0.0
 11
1207.27234557794
 21
-469.4433850035172
 31
0.0
1001
AcDbBlockRepETag
1070
     1
1071
      172
1005
B224
  0
LINE
  5
B225
330
203
100
AcDbEntity
  8
PCB-RCB_PBL1
  6
Continuous
 62
     7
100
AcDbLine
 10
1219.97234557794
 20
-469.4433850035172
 30
0.0
 11
1234.81984557794
 21
-469.4433850035172
 31
0.0
1001
AcDbBlockRepETag
1070
     1
1071
      173
1005
B225
  0
LINE
  5
B226
330
203
100
AcDbEntity
  8
PCB-RCB_PBL1
  6
Continuous
 62
     7
100
AcDbLine
 10
1218.772345577939
 20
-469.4433850035172
 30
0.0
 11
1218.772345577939
 21
-454.0433850035175
 31
0.0
1001
AcDbBlockRepETag
1070
     1
1071
      174
1005
B226
  0
ARC
  5
B227
330
203
100
AcDbEntity
  8
PCB-RCB_PBL1
  6
Continuous
 62
     7
100
AcDbCircle
 10
1219.372345577941
 20
-454.0433850035175
 30
0.0
 40
0.6000000000008186
100
AcDbArc
 50
89.99999999994789
 51
179.9999999999413
1001
AcDbBlockRepETag
1070
     1
1071
      175
1005
B227
  0
ARC
  5
B229
330
203
100
AcDbEntity
  8
PCB-RCB_PBL1
  6
Continuous
 62
     7
100
AcDbCircle
 10
1219.372345577941
 20
-454.0433850035164
 30
0.0
 40
0.5999999999994971
100
AcDbArc
 50
359.9999999999544
 51
89.99999999992184
1001
AcDbBlockRepETag
1070
     1
1071
      177
1005
B229
  0
LWPOLYLINE
  5
B22B
330
203
100
AcDbEntity
  8
PCB-RCB_PBL1
  6
Continuous
 62
     7
100
AcDbPolyline
 90
        2
 70
     0
 43
0.0
 10
1200.447345577938
 20
-469.4433850035172
 10
1200.447345577938
 20
-459.3433850035173
1001
AcDbBlockRepETag
1070
     1
1071
      179
1005
B22B
  0
ARC
  5
B22D
330
203
100
AcDbEntity
  8
PCB-RCB_PBL1
  6
Continuous
 62
     7
100
AcDbCircle
 10
1183.91984557794
 20
-470.0433850035167
 30
0.0
 40
0.6
100
AcDbArc
 50
90.0
 51
270.0
1001
AcDbBlockRepETag
1070
     1
1071
      181
1005
B22D
  0
ARC
  5
B22E
330
203
100
AcDbEntity
  8
PCB-RCB_PBL1
  6
Continuous
 62
     7
100
AcDbCircle
 10
1234.81984557794
 20
-470.0433850035174
 30
0.0
 40
0.6
100
AcDbArc
 50
270.0
 51
90.0
1001
AcDbBlockRepETag
1070
     1
1071
      182
1005
B22E
  0
LINE
  5
B22F
330
203
100
AcDbEntity
  8
PCB-RCB_PBL1
  6
Continuous
 62
     7
100
AcDbLine
 10
1218.772345577939
 20
-489.6888850035173
 30
0.0
 11
1218.772345577939
 21
-504.9388850035172
 31
0.0
1001
AcDbBlockRepETag
1070
     1
1071
      183
1005
B22F
  0
ARC
  5
B230
330
203
100
AcDbEntity
  8
PCB-RCB_PBL1
  6
Continuous
 62
     7
100
AcDbCircle
 10
1219.372345577939
 20
-504.9388850035174
 30
0.0
 40
0.5999999999999091
100
AcDbArc
 50
179.9999999999935
 51
270.0
1001
AcDbBlockRepETag
1070
     1
1071
      184
1005
B230
  0
ARC
  5
B232
330
203
100
AcDbEntity
  8
PCB-RCB_PBL1
  6
Continuous
 62
     7
100
AcDbCircle
 10
1219.372345577939
 20
-504.9388850035171
 30
0.0
 40
0.6000000000001791
100
AcDbArc
 50
270.0
 51
359.9999999999805
1001
AcDbBlockRepETag
1070
     1
1071
      186
1005
B232
  0
LINE
  5
B233
330
203
100
AcDbEntity
  8
PCB-RCB_PBL1
  6
Continuous
 62
     7
100
AcDbLine
 10
1219.97234557794
 20
-504.9388850035172
 30
0.0
 11
1219.97234557794
 21
-489.6888850035173
 31
0.0
1001
AcDbBlockRepETag
1070
     1
1071
      187
1005
B233
  0
LWPOLYLINE
  5
B234
330
203
100
AcDbEntity
  8
PCB-RCB_PBL1
  6
Continuous
 62
     7
100
AcDbPolyline
 90
        6
 70
     0
 43
0.0
 10
1200.447345577939
 20
-489.688885003517
 10
1200.447345577939
 20
-504.9388850035172
 42
-0.4142135623730987
 10
1199.847345577939
 20
-505.5388850035172
 10
1199.847345577939
 20
-505.5388850035172
 42
-0.4142135623730951
 10
1199.247345577939
 20
-504.9388850035172
 10
1199.247345577939
 20
-489.688885003517
1001
AcDbBlockRepETag
1070
     1
1071
      188
1005
B234
  0
LINE
  5
B235
330
203
100
AcDbEntity
  8
PCB-RCB_PBL1
  6
Continuous
 62
     7
100
AcDbLine
 10
1138.54359557794
 20
-470.6433850035167
 30
0.0
 11
1134.247345577939
 21
-470.6433850035168
 31
0.0
1001
AcDbBlockRepETag
1070
     1
1071
       19
1005
B18B
  0
ARC
  5
B236
330
203
100
AcDbEntity
  8
0
100
AcDbCircle
 10
1138.54359557794
 20
-471.1433850035168
 30
0.0
 40
0.5
100
AcDbArc
 50
0.0
 51
90.0
1001
AcDbBlockRepETag
1070
     1
1071
      396
1005
B102
  0
ARC
  5
B237
330
203
100
AcDbEntity
  8
0
100
AcDbCircle
 10
1146.84359557794
 20
-471.1433850035168
 30
0.0
 40
0.5
100
AcDbArc
 50
90.0
 51
180.0
1001
AcDbBlockRepETag
1070
     1
1071
      403
1005
B103
  0
ARC
  5
B238
330
203
100
AcDbEntity
  8
PCB-RCB_PBL1
  6
Continuous
 62
     7
100
AcDbCircle
 10
1148.03484557794
 20
-470.1433850035167
 30
0.0
 40
0.5
100
AcDbArc
 50
270.0000000000019
 51
0.0000000000031297
1001
AcDbBlockRepETag
1070
     1
1071
       19
1005
B18B
  0
LINE
  5
B239
330
203
100
AcDbEntity
  8
SUIT-00-06_PBL7
  6
Continuous
 62
     7
100
AcDbLine
 10
897.1560705779404
 20
-506.5433850035169
 30
0.0
 11
902.4560705779403
 21
-506.5433850035169
 31
0.0
1001
AcDbBlockRepETag
1070
     1
1071
      267
1005
B0FC
  0
LINE
  5
B23A
330
203
100
AcDbEntity
  8
SUIT-00-06_PBL7
  6
Continuous
 62
     7
100
AcDbLine
 10
920.9560705779404
 20
-506.5433850035169
 30
0.0
 11
926.2560705779403
 21
-506.5433850035169
 31
0.0
1001
AcDbBlockRepETag
1070
     1
1071
      268
1005
B0FD
  0
LINE
  5
B23B
330
203
100
AcDbEntity
  8
SUIT-00-06_PBL7
  6
Continuous
 62
     7
100
AcDbLine
 10
926.2560705779403
 20
-492.0433850035169
 30
0.0
 11
920.9560705779404
 21
-492.0433850035169
 31
0.0
1001
AcDbBlockRepETag
1070
     1
1071
      295
1005
B0FF
  0
LINE
  5
B23C
330
203
100
AcDbEntity
  8
SUIT-00-06_PBL7
  6
Continuous
 62
     7
100
AcDbLine
 10
902.4560705779403
 20
-492.0433850035169
 30
0.0
 11
897.1560705779404
 21
-492.0433850035169
 31
0.0
1001
AcDbBlockRepETag
1070
     1
1071
      296
1005
B100
  0
LINE
  5
B23D
330
203
100
AcDbEntity
  8
SUIT-00-06_PBL7
  6
Continuous
 62
     7
100
AcDbLine
 10
896.1560705779405
 20
-493.043385003517
 30
0.0
 11
896.1560705779405
 21
-505.543385003517
 31
0.0
1001
AcDbBlockRepETag
1070
     1
1071
      396
1005
B102
  0
LINE
  5
B23E
330
203
100
AcDbEntity
  8
SUIT-00-06_PBL7
  6
Continuous
 62
     7
100
AcDbLine
 10
903.4560705779403
 20
-505.543385003517
 30
0.0
 11
903.4560705779403
 21
-493.043385003517
 31
0.0
1001
AcDbBlockRepETag
1070
     1
1071
      403
1005
B103
  0
LINE
  5
B23F
330
203
100
AcDbEntity
  8
SUIT-00-06_PBL7
  6
Continuous
 62
     7
100
AcDbLine
 10
919.9560705779404
 20
-493.043385003517
 30
0.0
 11
919.9560705779404
 21
-505.543385003517
 31
0.0
1001
AcDbBlockRepETag
1070
     1
1071
      414
1005
B106
  0
LINE
  5
B240
330
203
100
AcDbEntity
  8
SUIT-00-06_PBL7
  6
Continuous
 62
     7
100
AcDbLine
 10
927.2560705779403
 20
-505.543385003517
 30
0.0
 11
927.2560705779403
 21
-493.043385003517
 31
0.0
1001
AcDbBlockRepETag
1070
     1
1071
      421
1005
B107
  0
ARC
  5
B241
330
203
100
AcDbEntity
  8
SUIT-00-06_PBL7
  6
Continuous
 62
     7
100
AcDbCircle
 10
920.9560705779404
 20
-505.543385003517
 30
0.0
 40
1.0
100
AcDbArc
 50
180.0
 51
270.0
1001
AcDbBlockRepETag
1070
     1
1071
      555
1005
B108
  0
ARC
  5
B242
330
203
100
AcDbEntity
  8
SUIT-00-06_PBL7
  6
Continuous
 62
     7
100
AcDbCircle
 10
920.9560705779404
 20
-493.043385003517
 30
0.0
 40
1.0
100
AcDbArc
 50
90.0
 51
180.0
1001
AcDbBlockRepETag
1070
     1
1071
      556
1005
B109
  0
ARC
  5
B243
330
203
100
AcDbEntity
  8
SUIT-00-06_PBL7
  6
Continuous
 62
     7
100
AcDbCircle
 10
926.2560705779403
 20
-493.043385003517
 30
0.0
 40
1.0
100
AcDbArc
 50
0.0
 51
90.0
1001
AcDbBlockRepETag
1070
     1
1071
      557
1005
B10A
  0
ARC
  5
B244
330
203
100
AcDbEntity
  8
SUIT-00-06_PBL7
  6
Continuous
 62
     7
100
AcDbCircle
 10
926.2560705779403
 20
-505.543385003517
 30
0.0
 40
1.0
100
AcDbArc
 50
270.0
 51
0.0
1001
AcDbBlockRepETag
1070
     1
1071
      558
1005
B10B
  0
ARC
  5
B245
330
203
100
AcDbEntity
  8
SUIT-00-06_PBL7
  6
Continuous
 62
     7
100
AcDbCircle
 10
897.1560705779404
 20
-505.543385003517
 30
0.0
 40
1.0
100
AcDbArc
 50
180.0
 51
270.0
1001
AcDbBlockRepETag
1070
     1
1071
      559
1005
B10C
  0
ARC
  5
B246
330
203
100
AcDbEntity
  8
SUIT-00-06_PBL7
  6
Continuous
 62
     7
100
AcDbCircle
 10
897.1560705779404
 20
-493.043385003517
 30
0.0
 40
1.0
100
AcDbArc
 50
90.0
 51
180.0
1001
AcDbBlockRepETag
1070
     1
1071
      560
1005
B10D
  0
ARC
  5
B247
330
203
100
AcDbEntity
  8
SUIT-00-06_PBL7
  6
Continuous
 62
     7
100
AcDbCircle
 10
902.4560705779403
 20
-493.043385003517
 30
0.0
 40
1.0
100
AcDbArc
 50
0.0
 51
90.0
1001
AcDbBlockRepETag
1070
     1
1071
      561
1005
B10E
  0
ARC
  5
B248
330
203
100
AcDbEntity
  8
SUIT-00-06_PBL7
  6
Continuous
 62
     7
100
AcDbCircle
 10
902.4560705779403
 20
-505.543385003517
 30
0.0
 40
1.0
100
AcDbArc
 50
270.0
 51
0.0
1001
AcDbBlockRepETag
1070
     1
1071
      562
1005
B10F
  0
ARC
  5
B249
330
203
100
AcDbEntity
  8
PCB-RCB_PBL1
  6
Continuous
 62
     7
100
AcDbCircle
 10
1146.83484557794
 20
-468.9433850035167
 30
0.0
 40
0.5
100
AcDbArc
 50
270.0
 51
0.0
1001
AcDbBlockRepETag
1070
     1
1071
      152
1005
B210
  0
ARC
  5
B623
330
203
100
AcDbEntity
  8
0
100
AcDbCircle
 10
1212.66984557794
 20
-406.823385003517
 30
0.0
 40
0.75
100
AcDbArc
 50
90.0
 51
270.0
  0
ARC
  5
B624
330
203
100
AcDbEntity
  8
0
100
AcDbCircle
 10
1203.16984557794
 20
-406.823385003517
 30
0.0
 40
0.75
100
AcDbArc
 50
270.0
 51
90.0
  0
ARC
  5
B625
330
203
100
AcDbEntity
  8
0
100
AcDbCircle
 10
925.0498455779407
 20
-406.823385003517
 30
0.0
 40
0.75
100
AcDbArc
 50
90.0
 51
270.0
  0
ARC
  5
B626
330
203
100
AcDbEntity
  8
0
100
AcDbCircle
 10
915.5498455779403
 20
-406.823385003517
 30
0.0
 40
0.75
100
AcDbArc
 50
270.0
 51
90.0
  0
ARC
  5
B627
330
203
100
AcDbEntity
  8
0
100
AcDbCircle
 10
915.5498455779403
 20
-527.8233850035169
 30
0.0
 40
0.75
100
AcDbArc
 50
270.0
 51
90.0
  0
ARC
  5
B628
330
203
100
AcDbEntity
  8
0
100
AcDbCircle
 10
925.0498455779407
 20
-527.8233850035169
 30
0.0
 40
0.75
100
AcDbArc
 50
90.0
 51
270.0
  0
ARC
  5
B629
330
203
100
AcDbEntity
  8
0
100
AcDbCircle
 10
1203.16984557794
 20
-527.8233850035169
 30
0.0
 40
0.75
100
AcDbArc
 50
270.0
 51
90.0
  0
ARC
  5
B62A
330
203
100
AcDbEntity
  8
0
100
AcDbCircle
 10
1212.66984557794
 20
-527.8233850035169
 30
0.0
 40
0.75
100
AcDbArc
 50
90.0
 51
270.0
  0
ARC
  5
B62B
330
203
100
AcDbEntity
  8
0
100
AcDbCircle
 10
1000.85984557794
 20
-527.8233850035169
 30
0.0
 40
0.75
100
AcDbArc
 50
270.0
 51
90.0
  0
ARC
  5
B62D
330
203
100
AcDbEntity
  8
0
100
AcDbCircle
 10
1017.35984557794
 20
-527.8233850035169
 30
0.0
 40
0.75
100
AcDbArc
 50
90.0
 51
270.0
  0
ARC
  5
B62E
330
203
100
AcDbEntity
  8
0
100
AcDbCircle
 10
1110.85984557794
 20
-527.8233850035169
 30
0.0
 40
0.75
100
AcDbArc
 50
270.0
 51
90.0
  0
ARC
  5
B62F
330
203
100
AcDbEntity
  8
0
100
AcDbCircle
 10
1127.35984557794
 20
-527.8233850035169
 30
0.0
 40
0.75
100
AcDbArc
 50
90.0
 51
270.0
  0
ARC
  5
B644
330
203
100
AcDbEntity
  8
0
100
AcDbCircle
 10
1017.35984557794
 20
-406.823385003517
 30
0.0
 40
0.75
100
AcDbArc
 50
90.0
 51
270.0
  0
ARC
  5
B645
330
203
100
AcDbEntity
  8
0
100
AcDbCircle
 10
1000.85984557794
 20
-406.823385003517
 30
0.0
 40
0.75
100
AcDbArc
 50
270.0
 51
90.0
  0
ARC
  5
B646
330
203
100
AcDbEntity
  8
0
100
AcDbCircle
 10
1127.35984557794
 20
-406.823385003517
 30
0.0
 40
0.75
100
AcDbArc
 50
90.0
 51
270.0
  0
ARC
  5
B647
330
203
100
AcDbEntity
  8
0
100
AcDbCircle
 10
1110.85984557794
 20
-406.823385003517
 30
0.0
 40
0.75
100
AcDbArc
 50
270.0
 51
90.0
  0
ARC
  5
B668
330
203
100
AcDbEntity
  8
PCB-RCB_PBL1
  6
Continuous
 62
     7
100
AcDbCircle
 10
997.2223455779394
 20
-489.0888850035171
 30
0.0
 40
0.5999999999998238
100
AcDbArc
 50
270.0
 51
90.0
  0
ARC
  5
B669
330
203
100
AcDbEntity
  8
PCB-RCB_PBL1
  6
Continuous
 62
     7
100
AcDbCircle
 10
1002.422345577939
 20
-489.0888850035171
 30
0.0
 40
0.5999999999998238
100
AcDbArc
 50
90.0
 51
270.0
  0
ARC
  5
B66A
330
203
100
AcDbEntity
  8
PCB-RCB_PBL1
  6
Continuous
 62
     7
100
AcDbCircle
 10
1054.872345577939
 20
-489.0888850035171
 30
0.0
 40
0.5999999999998238
100
AcDbArc
 50
270.0
 51
90.0
  0
ARC
  5
B66B
330
203
100
AcDbEntity
  8
PCB-RCB_PBL1
  6
Continuous
 62
     7
100
AcDbCircle
 10
1059.072345577939
 20
-489.0888850035171
 30
0.0
 40
0.5999999999998238
100
AcDbArc
 50
90.0
 51
270.0
  0
ARC
  5
B66C
330
203
100
AcDbEntity
  8
PCB-RCB_PBL1
  6
Continuous
 62
     7
100
AcDbCircle
 10
992.9598455779391
 20
-450.9933850035168
 30
0.0
 40
0.5999999999998238
100
AcDbArc
 50
270.0
 51
90.0
  0
ARC
  5
B66D
330
203
100
AcDbEntity
  8
PCB-RCB_PBL1
  6
Continuous
 62
     7
100
AcDbCircle
 10
997.1598455779394
 20
-450.9933850035168
 30
0.0
 40
0.5999999999998238
100
AcDbArc
 50
90.0
 51
270.0
  0
LINE
  5
B674
330
203
100
AcDbEntity
  8
PCB-RCB_PBL1
  6
Continuous
 62
     7
100
AcDbLine
 10
1069.159845577939
 20
-451.5933850035168
 30
0.0
 11
1054.309845577939
 21
-451.5933850035168
 31
0.0
1001
AcDbBlockRepETag
1070
     1
1071
       69
1005
B1BD
  0
LWPOLYLINE
  5
B675
330
203
100
AcDbEntity
  8
PCB-RCB_PBL1
  6
Continuous
 62
     7
100
AcDbPolyline
 90
        2
 70
     0
 43
0.0
 10
1069.159845577939
 20
-450.393385003517
 10
1062.334845577939
 20
-450.393385003517
1001
AcDbBlockRepETag
1070
     1
1071
       52
1005
B1AC
  0
LINE
  5
B676
330
203
100
AcDbEntity
  8
PCB-RCB_PBL1
  6
Continuous
 62
     7
100
AcDbLine
 10
992.9598455779391
 20
-451.5933850035168
 30
0.0
 11
978.1098455779398
 21
-451.5933850035168
 31
0.0
1001
AcDbBlockRepETag
1070
     1
1071
       69
1005
B1BD
  0
LWPOLYLINE
  5
B677
330
203
100
AcDbEntity
  8
PCB-RCB_PBL1
  6
Continuous
 62
     7
100
AcDbPolyline
 90
        2
 70
     0
 43
0.0
 10
992.9598455779391
 20
-450.393385003517
 10
986.134845577939
 20
-450.393385003517
1001
AcDbBlockRepETag
1070
     1
1071
       56
1005
B1B0
  0
LWPOLYLINE
  5
B678
330
203
100
AcDbEntity
  8
PCB-RCB_PBL1
  6
Continuous
 62
     7
100
AcDbPolyline
 90
        2
 70
     0
 43
0.0
 10
1054.872345577939
 20
-488.4888850035173
 10
1040.022345577939
 20
-488.4888850035173
1001
AcDbBlockRepETag
1070
     1
1071
      135
1005
B1FF
  0
LWPOLYLINE
  5
B679
330
203
100
AcDbEntity
  8
PCB-RCB_PBL1
  6
Continuous
 62
     7
100
AcDbPolyline
 90
        2
 70
     0
 43
0.0
 10
1054.872345577939
 20
-489.688885003517
 10
1048.047345577939
 20
-489.688885003517
1001
AcDbBlockRepETag
1070
     1
1071
      123
1005
B1F3
  0
LWPOLYLINE
  5
B67A
330
203
100
AcDbEntity
  8
PCB-RCB_PBL1
  6
Continuous
 62
     7
100
AcDbPolyline
 90
        2
 70
     0
 43
0.0
 10
997.2223455779394
 20
-488.4888850035173
 10
982.8723455779392
 20
-488.4888850035173
1001
AcDbBlockRepETag
1070
     1
1071
      135
1005
B1FF
  0
LWPOLYLINE
  5
B67B
330
203
100
AcDbEntity
  8
PCB-RCB_PBL1
  6
Continuous
 62
     7
100
AcDbPolyline
 90
        2
 70
     0
 43
0.0
 10
997.2223455779394
 20
-489.688885003517
 10
990.8973455779388
 20
-489.688885003517
1001
AcDbBlockRepETag
1070
     1
1071
      126
1005
B1F6
  0
ARC
  5
B67C
330
203
100
AcDbEntity
  8
PCB-RCB_PBL1
  6
Continuous
 62
     7
100
AcDbCircle
 10
1207.27234557794
 20
-450.9933850035167
 30
0.0
 40
0.5999999999998238
100
AcDbArc
 50
270.0
 51
90.0
  0
ARC
  5
B67D
330
203
100
AcDbEntity
  8
PCB-RCB_PBL1
  6
Continuous
 62
     7
100
AcDbCircle
 10
1211.472345577939
 20
-450.9933850035167
 30
0.0
 40
0.5999999999998238
100
AcDbArc
 50
90.0
 51
270.0
  0
LINE
  5
B67F
330
203
100
AcDbEntity
  8
PCB-RCB_PBL1
  6
Continuous
 62
     7
100
AcDbLine
 10
1211.472345577939
 20
-451.5933850035168
 30
0.0
 11
1234.81984557794
 21
-451.5933850035172
 31
0.0
1001
AcDbBlockRepETag
1070
     1
1071
      168
1005
B220
  0
LINE
  5
B680
330
203
100
AcDbEntity
  8
PCB-RCB_PBL1
  6
Continuous
 62
     7
100
AcDbLine
 10
1211.472345577939
 20
-450.393385003517
 30
0.0
 11
1218.772345577939
 21
-450.393385003517
 31
0.0
1001
AcDbBlockRepETag
1070
     1
1071
      160
1005
B218
  0
ARC
  5
B6B8
330
203
100
AcDbEntity
  8
0
100
AcDbCircle
 10
954.2098455779383
 20
-429.4833850035177
 30
0.0
 40
0.7500000000006822
100
AcDbArc
 50
270.0
 51
90.0
  0
ARC
  5
B6B9
330
203
100
AcDbEntity
  8
0
100
AcDbCircle
 10
959.7098455779397
 20
-429.4833850035177
 30
0.0
 40
0.7500000000006822
100
AcDbArc
 50
90.0
 51
270.0
  0
ARC
  5
B6BB
330
203
100
AcDbEntity
  8
0
100
AcDbCircle
 10
1106.609845577938
 20
-429.4833850035172
 30
0.0
 40
0.7500000000006822
100
AcDbArc
 50
270.0
 51
90.0
  0
ARC
  5
B6BC
330
203
100
AcDbEntity
  8
0
100
AcDbCircle
 10
1112.10984557794
 20
-429.4833850035172
 30
0.0
 40
0.7500000000006822
100
AcDbArc
 50
90.0
 51
270.0
  0
LINE
  5
B6BD
330
203
100
AcDbEntity
  8
0
  6
Continuous
100
AcDbLine
 10
954.2098455779383
 20
-428.733385003517
 30
0.0
 11
893.5498455779404
 21
-428.733385003517
 31
0.0
1001
AcDbBlockRepETag
1070
     1
1071
      337
1005
ADC1
  0
LINE
  5
B6BE
330
203
100
AcDbEntity
  8
0
  6
Continuous
100
AcDbLine
 10
959.7098455779397
 20
-430.233385003517
 30
0.0
 11
1022.88484557794
 21
-430.233385003517
 31
0.0
1001
AcDbBlockRepETag
1070
     1
1071
      332
1005
ADBC
  0
LINE
  5
B6BF
330
203
100
AcDbEntity
  8
0
  6
Continuous
100
AcDbLine
 10
1106.609845577938
 20
-428.733385003517
 30
0.0
 11
1043.43984557794
 21
-428.733385003517
 31
0.0
1001
AcDbBlockRepETag
1070
     1
1071
      336
1005
ADC0
  0
LINE
  5
B6C0
330
203
100
AcDbEntity
  8
0
  6
Continuous
100
AcDbLine
 10
1112.10984557794
 20
-430.233385003517
 30
0.0
 11
1172.75984557794
 21
-430.233385003517
 31
0.0
1001
AcDbBlockRepETag
1070
     1
1071
      333
1005
ADBD
  0
LWPOLYLINE
  5
B6F8
330
203
100
AcDbEntity
  8
PCB-RCB_PBL1
  6
Continuous
 62
     7
100
AcDbPolyline
 90
        6
 70
     0
 43
0.0
 10
938.5098455779392
 20
-459.3433850035169
 10
938.5098455779392
 20
-454.0433850035169
 42
0.4142135623730987
 10
937.9098455779391
 20
-453.4433850035169
 10
937.9098455779391
 20
-453.4433850035169
 42
0.4142135623730951
 10
937.3098455779388
 20
-454.0433850035169
 10
937.3098455779388
 20
-459.3433850035169
1001
AcDbBlockRepETag
1070
     1
1071
       43
1005
B1A3
  0
LWPOLYLINE
  5
B6F9
330
203
100
AcDbEntity
  8
PCB-RCB_PBL1
  6
Continuous
 62
     7
100
AcDbPolyline
 90
        2
 70
     0
 43
0.0
 10
937.3098455779388
 20
-454.043385003517
 10
937.3098455779388
 20
-469.4433850035167
1001
AcDbBlockRepETag
1070
     1
1071
       43
1005
B1A3
  0
ARC
  5
B706
330
203
100
AcDbEntity
  8
PCB-RCB_PBL1
  6
Continuous
 62
     7
100
AcDbCircle
 10
973.9098455779394
 20
-450.9933850035167
 30
0.0
 40
0.5999999999998238
100
AcDbArc
 50
270.0
 51
90.0
  0
ARC
  5
B707
330
203
100
AcDbEntity
  8
PCB-RCB_PBL1
  6
Continuous
 62
     7
100
AcDbCircle
 10
978.1098455779398
 20
-450.9933850035167
 30
0.0
 40
0.5999999999998238
100
AcDbArc
 50
90.0
 51
270.0
  0
ARC
  5
B708
330
203
100
AcDbEntity
  8
PCB-RCB_PBL1
  6
Continuous
 62
     7
100
AcDbCircle
 10
954.8598455779401
 20
-450.9933850035168
 30
0.0
 40
0.5999999999998238
100
AcDbArc
 50
270.0
 51
90.0
  0
ARC
  5
B709
330
203
100
AcDbEntity
  8
PCB-RCB_PBL1
  6
Continuous
 62
     7
100
AcDbCircle
 10
959.0598455779405
 20
-450.9933850035168
 30
0.0
 40
0.5999999999998238
100
AcDbArc
 50
90.0
 51
270.0
  0
ARC
  5
B70A
330
203
100
AcDbEntity
  8
PCB-RCB_PBL1
  6
Continuous
 62
     7
100
AcDbCircle
 10
935.8098455779396
 20
-450.9933850035167
 30
0.0
 40
0.5999999999998238
100
AcDbArc
 50
270.0
 51
90.0
  0
ARC
  5
B70B
330
203
100
AcDbEntity
  8
PCB-RCB_PBL1
  6
Continuous
 62
     7
100
AcDbCircle
 10
940.0098455779398
 20
-450.9933850035167
 30
0.0
 40
0.5999999999998238
100
AcDbArc
 50
90.0
 51
270.0
  0
ARC
  5
B70C
330
203
100
AcDbEntity
  8
PCB-RCB_PBL1
  6
Continuous
 62
     7
100
AcDbCircle
 10
917.2348455779401
 20
-450.9933850035166
 30
0.0
 40
0.5999999999998238
100
AcDbArc
 50
270.0
 51
90.0
  0
ARC
  5
B70D
330
203
100
AcDbEntity
  8
PCB-RCB_PBL1
  6
Continuous
 62
     7
100
AcDbCircle
 10
921.4348455779404
 20
-450.9933850035166
 30
0.0
 40
0.5999999999998238
100
AcDbArc
 50
90.0
 51
270.0
  0
ARC
  5
B70E
330
203
100
AcDbEntity
  8
PCB-RCB_PBL1
  6
Continuous
 62
     7
100
AcDbCircle
 10
1012.00984557794
 20
-450.9933850035167
 30
0.0
 40
0.5999999999998238
100
AcDbArc
 50
270.0
 51
90.0
  0
ARC
  5
B70F
330
203
100
AcDbEntity
  8
PCB-RCB_PBL1
  6
Continuous
 62
     7
100
AcDbCircle
 10
1016.20984557794
 20
-450.9933850035167
 30
0.0
 40
0.5999999999998238
100
AcDbArc
 50
90.0
 51
270.0
  0
ARC
  5
B710
330
203
100
AcDbEntity
  8
PCB-RCB_PBL1
  6
Continuous
 62
     7
100
AcDbCircle
 10
1031.059845577939
 20
-450.9933850035168
 30
0.0
 40
0.5999999999998238
100
AcDbArc
 50
270.0
 51
90.0
  0
ARC
  5
B711
330
203
100
AcDbEntity
  8
PCB-RCB_PBL1
  6
Continuous
 62
     7
100
AcDbCircle
 10
1035.25984557794
 20
-450.9933850035168
 30
0.0
 40
0.5999999999998238
100
AcDbArc
 50
90.0
 51
270.0
  0
ARC
  5
B712
330
203
100
AcDbEntity
  8
PCB-RCB_PBL1
  6
Continuous
 62
     7
100
AcDbCircle
 10
1088.209845577939
 20
-450.9933850035166
 30
0.0
 40
0.5999999999998238
100
AcDbArc
 50
270.0
 51
90.0
  0
ARC
  5
B713
330
203
100
AcDbEntity
  8
PCB-RCB_PBL1
  6
Continuous
 62
     7
100
AcDbCircle
 10
1092.409845577939
 20
-450.9933850035166
 30
0.0
 40
0.5999999999998238
100
AcDbArc
 50
90.0
 51
270.0
  0
ARC
  5
B714
330
203
100
AcDbEntity
  8
PCB-RCB_PBL1
  6
Continuous
 62
     7
100
AcDbCircle
 10
1107.25984557794
 20
-450.9933850035167
 30
0.0
 40
0.5999999999998238
100
AcDbArc
 50
270.0
 51
90.0
  0
ARC
  5
B715
330
203
100
AcDbEntity
  8
PCB-RCB_PBL1
  6
Continuous
 62
     7
100
AcDbCircle
 10
1111.45984557794
 20
-450.9933850035167
 30
0.0
 40
0.5999999999998238
100
AcDbArc
 50
90.0
 51
270.0
  0
ARC
  5
B716
330
203
100
AcDbEntity
  8
PCB-RCB_PBL1
  6
Continuous
 62
     7
100
AcDbCircle
 10
1126.30984557794
 20
-450.9933850035168
 30
0.0
 40
0.5999999999998238
100
AcDbArc
 50
270.0
 51
90.0
  0
ARC
  5
B717
330
203
100
AcDbEntity
  8
PCB-RCB_PBL1
  6
Continuous
 62
     7
100
AcDbCircle
 10
1130.50984557794
 20
-450.9933850035168
 30
0.0
 40
0.5999999999998238
100
AcDbArc
 50
90.0
 51
270.0
  0
LINE
  5
B718
330
203
100
AcDbEntity
  8
PCB-RCB_PBL1
  6
Continuous
 62
     7
100
AcDbLine
 10
1126.30984557794
 20
-451.5933850035168
 30
0.0
 11
1111.45984557794
 21
-451.5933850035168
 31
0.0
1001
AcDbBlockRepETag
1070
     1
1071
       69
1005
B1BD
  0
LINE
  5
B719
330
203
100
AcDbEntity
  8
PCB-RCB_PBL1
  6
Continuous
 62
     7
100
AcDbLine
 10
1130.50984557794
 20
-450.393385003517
 30
0.0
 11
1137.20984557794
 21
-450.393385003517
 31
0.0
1001
AcDbBlockRepETag
1070
     1
1071
       61
1005
B1B5
  0
LINE
  5
B71B
330
203
100
AcDbEntity
  8
PCB-RCB_PBL1
  6
Continuous
 62
     7
100
AcDbLine
 10
1107.25984557794
 20
-451.5933850035168
 30
0.0
 11
1092.409845577939
 21
-451.5933850035168
 31
0.0
1001
AcDbBlockRepETag
1070
     1
1071
       69
1005
B1BD
  0
LWPOLYLINE
  5
B71C
330
203
100
AcDbEntity
  8
PCB-RCB_PBL1
  6
Continuous
 62
     7
100
AcDbPolyline
 90
        2
 70
     0
 43
0.0
 10
1111.45984557794
 20
-450.393385003517
 10
1117.784845577939
 20
-450.393385003517
1001
AcDbBlockRepETag
1070
     1
1071
       60
1005
B1B4
  0
LINE
  5
B71D
330
203
100
AcDbEntity
  8
PCB-RCB_PBL1
  6
Continuous
 62
     7
100
AcDbLine
 10
1088.209845577939
 20
-451.5933850035168
 30
0.0
 11
1073.35984557794
 21
-451.5933850035168
 31
0.0
1001
AcDbBlockRepETag
1070
     1
1071
       69
1005
B1BD
  0
LWPOLYLINE
  5
B71E
330
203
100
AcDbEntity
  8
PCB-RCB_PBL1
  6
Continuous
 62
     7
100
AcDbPolyline
 90
        2
 70
     0
 43
0.0
 10
1088.209845577939
 20
-450.393385003517
 10
1081.384845577939
 20
-450.393385003517
1001
AcDbBlockRepETag
1070
     1
1071
       51
1005
B1AB
  0
LINE
  5
B71F
330
203
100
AcDbEntity
  8
PCB-RCB_PBL1
  6
Continuous
 62
     7
100
AcDbLine
 10
1031.059845577939
 20
-451.5933850035168
 30
0.0
 11
1016.20984557794
 21
-451.5933850035168
 31
0.0
1001
AcDbBlockRepETag
1070
     1
1071
       69
1005
B1BD
  0
LWPOLYLINE
  5
B720
330
203
100
AcDbEntity
  8
PCB-RCB_PBL1
  6
Continuous
 62
     7
100
AcDbPolyline
 90
        2
 70
     0
 43
0.0
 10
1031.059845577939
 20
-450.393385003517
 10
1024.234845577939
 20
-450.393385003517
1001
AcDbBlockRepETag
1070
     1
1071
       54
1005
B1AE
  0
LINE
  5
B721
330
203
100
AcDbEntity
  8
PCB-RCB_PBL1
  6
Continuous
 62
     7
100
AcDbLine
 10
1012.00984557794
 20
-451.5933850035168
 30
0.0
 11
997.1598455779394
 21
-451.5933850035168
 31
0.0
1001
AcDbBlockRepETag
1070
     1
1071
       69
1005
B1BD
  0
LWPOLYLINE
  5
B722
330
203
100
AcDbEntity
  8
PCB-RCB_PBL1
  6
Continuous
 62
     7
100
AcDbPolyline
 90
        2
 70
     0
 43
0.0
 10
1012.00984557794
 20
-450.393385003517
 10
1005.184845577939
 20
-450.393385003517
1001
AcDbBlockRepETag
1070
     1
1071
       55
1005
B1AF
  0
LINE
  5
B723
330
203
100
AcDbEntity
  8
PCB-RCB_PBL1
  6
Continuous
 62
     7
100
AcDbLine
 10
973.9098455779394
 20
-451.5933850035168
 30
0.0
 11
959.0598455779405
 21
-451.5933850035168
 31
0.0
1001
AcDbBlockRepETag
1070
     1
1071
       69
1005
B1BD
  0
LWPOLYLINE
  5
B724
330
203
100
AcDbEntity
  8
PCB-RCB_PBL1
  6
Continuous
 62
     7
100
AcDbPolyline
 90
        2
 70
     0
 43
0.0
 10
973.9098455779394
 20
-450.393385003517
 10
967.084845577939
 20
-450.393385003517
1001
AcDbBlockRepETag
1070
     1
1071
       57
1005
B1B1
  0
LINE
  5
B725
330
203
100
AcDbEntity
  8
PCB-RCB_PBL1
  6
Continuous
 62
     7
100
AcDbLine
 10
954.8598455779401
 20
-451.5933850035168
 30
0.0
 11
940.0098455779398
 21
-451.5933850035168
 31
0.0
1001
AcDbBlockRepETag
1070
     1
1071
       69
1005
B1BD
  0
LWPOLYLINE
  5
B726
330
203
100
AcDbEntity
  8
PCB-RCB_PBL1
  6
Continuous
 62
     7
100
AcDbPolyline
 90
        2
 70
     0
 43
0.0
 10
954.8598455779401
 20
-450.393385003517
 10
948.0348455779392
 20
-450.393385003517
1001
AcDbBlockRepETag
1070
     1
1071
       58
1005
B1B2
  0
LINE
  5
B727
330
203
100
AcDbEntity
  8
PCB-RCB_PBL1
  6
Continuous
 62
     7
100
AcDbLine
 10
935.8098455779396
 20
-451.5933850035168
 30
0.0
 11
921.4348455779404
 21
-451.5933850035168
 31
0.0
1001
AcDbBlockRepETag
1070
     1
1071
       69
1005
B1BD
  0
LWPOLYLINE
  5
B728
330
203
100
AcDbEntity
  8
PCB-RCB_PBL1
  6
Continuous
 62
     7
100
AcDbPolyline
 90
        2
 70
     0
 43
0.0
 10
935.8098455779396
 20
-450.393385003517
 10
928.984845577939
 20
-450.393385003517
1001
AcDbBlockRepETag
1070
     1
1071
       59
1005
B1B3
  0
LWPOLYLINE
  5
B729
330
203
100
AcDbEntity
  8
PCB-RCB_PBL1
  6
Continuous
 62
     7
100
AcDbPolyline
 90
        4
 70
     0
 43
0.0
 10
917.2348455779401
 20
-450.393385003517
 10
911.0098455779382
 20
-450.393385003517
 42
-0.4142135623730951
 10
910.4098455779391
 20
-449.7933850035169
 10
910.4098455779391
 20
-434.9933850035169
1001
AcDbBlockRepETag
1070
     1
1071
       82
1005
B1CA
  0
LINE
  5
B72A
330
203
100
AcDbEntity
  8
PCB-RCB_PBL1
  6
Continuous
 62
     7
100
AcDbLine
 10
917.2348455779401
 20
-451.5933850035168
 30
0.0
 11
909.8098455779398
 21
-451.5933850035168
 31
0.0
1001
AcDbBlockRepETag
1070
     1
1071
       69
1005
B1BD
  0
ARC
  5
B72B
330
203
100
AcDbEntity
  8
PCB-RCB_PBL1
  6
Continuous
 62
     7
100
AcDbCircle
 10
1069.159845577939
 20
-450.9933850035169
 30
0.0
 40
0.5999999999998238
100
AcDbArc
 50
270.0
 51
90.0
  0
ARC
  5
B72C
330
203
100
AcDbEntity
  8
PCB-RCB_PBL1
  6
Continuous
 62
     7
100
AcDbCircle
 10
1073.35984557794
 20
-450.9933850035169
 30
0.0
 40
0.5999999999998238
100
AcDbArc
 50
90.0
 51
270.0
  0
ARC
  5
B72D
330
203
100
AcDbEntity
  8
PCB-RCB_PBL1
  6
Continuous
 62
     7
100
AcDbCircle
 10
1050.109845577939
 20
-450.9933850035166
 30
0.0
 40
0.5999999999998238
100
AcDbArc
 50
270.0
 51
90.0
  0
ARC
  5
B72E
330
203
100
AcDbEntity
  8
PCB-RCB_PBL1
  6
Continuous
 62
     7
100
AcDbCircle
 10
1054.309845577939
 20
-450.9933850035166
 30
0.0
 40
0.5999999999998238
100
AcDbArc
 50
90.0
 51
270.0
  0
LINE
  5
B72F
330
203
100
AcDbEntity
  8
PCB-RCB_PBL1
  6
Continuous
 62
     7
100
AcDbLine
 10
1050.109845577939
 20
-451.5933850035168
 30
0.0
 11
1035.25984557794
 21
-451.5933850035168
 31
0.0
1001
AcDbBlockRepETag
1070
     1
1071
       69
1005
B1BD
  0
LWPOLYLINE
  5
B730
330
203
100
AcDbEntity
  8
PCB-RCB_PBL1
  6
Continuous
 62
     7
100
AcDbPolyline
 90
        2
 70
     0
 43
0.0
 10
1050.109845577939
 20
-450.393385003517
 10
1043.284845577939
 20
-450.393385003517
1001
AcDbBlockRepETag
1070
     1
1071
       53
1005
B1AD
  0
ARC
  5
B731
330
203
100
AcDbEntity
  8
PCB-RCB_PBL1
  6
Continuous
 62
     7
100
AcDbCircle
 10
1073.922345577939
 20
-489.0888850035171
 30
0.0
 40
0.5999999999998238
100
AcDbArc
 50
270.0
 51
90.0
  0
ARC
  5
B732
330
203
100
AcDbEntity
  8
PCB-RCB_PBL1
  6
Continuous
 62
     7
100
AcDbCircle
 10
1078.122345577939
 20
-489.0888850035171
 30
0.0
 40
0.5999999999998238
100
AcDbArc
 50
90.0
 51
270.0
  0
ARC
  5
B733
330
203
100
AcDbEntity
  8
PCB-RCB_PBL1
  6
Continuous
 62
     7
100
AcDbCircle
 10
1092.972345577939
 20
-489.088885003517
 30
0.0
 40
0.5999999999998238
100
AcDbArc
 50
270.0
 51
90.0
  0
ARC
  5
B734
330
203
100
AcDbEntity
  8
PCB-RCB_PBL1
  6
Continuous
 62
     7
100
AcDbCircle
 10
1097.17234557794
 20
-489.088885003517
 30
0.0
 40
0.5999999999998238
100
AcDbArc
 50
90.0
 51
270.0
  0
ARC
  5
B735
330
203
100
AcDbEntity
  8
PCB-RCB_PBL1
  6
Continuous
 62
     7
100
AcDbCircle
 10
1112.022345577939
 20
-489.088885003517
 30
0.0
 40
0.5999999999998238
100
AcDbArc
 50
270.0
 51
90.0
  0
ARC
  5
B736
330
203
100
AcDbEntity
  8
PCB-RCB_PBL1
  6
Continuous
 62
     7
100
AcDbCircle
 10
1116.222345577939
 20
-489.088885003517
 30
0.0
 40
0.5999999999998238
100
AcDbArc
 50
90.0
 51
270.0
  0
ARC
  5
B737
330
203
100
AcDbEntity
  8
PCB-RCB_PBL1
  6
Continuous
 62
     7
100
AcDbCircle
 10
1035.822345577939
 20
-489.0888850035171
 30
0.0
 40
0.5999999999998238
100
AcDbArc
 50
270.0
 51
90.0
  0
ARC
  5
B738
330
203
100
AcDbEntity
  8
PCB-RCB_PBL1
  6
Continuous
 62
     7
100
AcDbCircle
 10
1040.022345577939
 20
-489.0888850035171
 30
0.0
 40
0.5999999999998238
100
AcDbArc
 50
90.0
 51
270.0
  0
ARC
  5
B739
330
203
100
AcDbEntity
  8
PCB-RCB_PBL1
  6
Continuous
 62
     7
100
AcDbCircle
 10
1016.772345577939
 20
-489.088885003517
 30
0.0
 40
0.5999999999998238
100
AcDbArc
 50
270.0
 51
90.0
  0
ARC
  5
B73A
330
203
100
AcDbEntity
  8
PCB-RCB_PBL1
  6
Continuous
 62
     7
100
AcDbCircle
 10
1020.972345577939
 20
-489.088885003517
 30
0.0
 40
0.5999999999998238
100
AcDbArc
 50
90.0
 51
270.0
  0
ARC
  5
B73B
330
203
100
AcDbEntity
  8
PCB-RCB_PBL1
  6
Continuous
 62
     7
100
AcDbCircle
 10
959.6223455779393
 20
-489.088885003517
 30
0.0
 40
0.5999999999998238
100
AcDbArc
 50
270.0
 51
90.0
  0
ARC
  5
B73C
330
203
100
AcDbEntity
  8
PCB-RCB_PBL1
  6
Continuous
 62
     7
100
AcDbCircle
 10
963.8223455779396
 20
-489.088885003517
 30
0.0
 40
0.5999999999998238
100
AcDbArc
 50
90.0
 51
270.0
  0
ARC
  5
B73D
330
203
100
AcDbEntity
  8
PCB-RCB_PBL1
  6
Continuous
 62
     7
100
AcDbCircle
 10
978.6723455779391
 20
-489.088885003517
 30
0.0
 40
0.5999999999998238
100
AcDbArc
 50
270.0
 51
90.0
  0
ARC
  5
B73E
330
203
100
AcDbEntity
  8
PCB-RCB_PBL1
  6
Continuous
 62
     7
100
AcDbCircle
 10
982.8723455779392
 20
-489.088885003517
 30
0.0
 40
0.5999999999998238
100
AcDbArc
 50
90.0
 51
270.0
  0
ARC
  5
B73F
330
203
100
AcDbEntity
  8
PCB-RCB_PBL1
  6
Continuous
 62
     7
100
AcDbCircle
 10
940.5723455779391
 20
-489.088885003517
 30
0.0
 40
0.5999999999998238
100
AcDbArc
 50
270.0
 51
90.0
  0
ARC
  5
B740
330
203
100
AcDbEntity
  8
PCB-RCB_PBL1
  6
Continuous
 62
     7
100
AcDbCircle
 10
944.7723455779394
 20
-489.088885003517
 30
0.0
 40
0.5999999999998238
100
AcDbArc
 50
90.0
 51
270.0
  0
LWPOLYLINE
  5
B741
330
203
100
AcDbEntity
  8
PCB-RCB_PBL1
  6
Continuous
 62
     7
100
AcDbPolyline
 90
        4
 70
     0
 43
0.0
 10
940.5723455779391
 20
-489.688885003517
 10
934.8223455779391
 20
-489.688885003517
 42
0.4142135623730951
 10
934.2223455779391
 20
-490.2888850035171
 10
934.2223455779391
 20
-504.9388850035173
1001
AcDbBlockRepETag
1070
     1
1071
      149
1005
B20D
  0
LINE
  5
B742
330
203
100
AcDbEntity
  8
PCB-RCB_PBL1
  6
Continuous
 62
     7
100
AcDbLine
 10
940.5723455779391
 20
-488.4888850035173
 30
0.0
 11
933.6223455779387
 21
-488.4888850035173
 31
0.0
1001
AcDbBlockRepETag
1070
     1
1071
      136
1005
B200
  0
LWPOLYLINE
  5
B743
330
203
100
AcDbEntity
  8
PCB-RCB_PBL1
  6
Continuous
 62
     7
100
AcDbPolyline
 90
        2
 70
     0
 43
0.0
 10
940.5723455779391
 20
-488.4888850035173
 10
933.6223455779387
 20
-488.4888850035173
1001
AcDbBlockRepETag
1070
     1
1071
      135
1005
B1FF
  0
LINE
  5
B744
330
203
100
AcDbEntity
  8
PCB-RCB_PBL1
  6
Continuous
 62
     7
100
AcDbLine
 10
959.6223455779393
 20
-488.4888850035173
 30
0.0
 11
944.7723455779394
 21
-488.4888850035173
 31
0.0
1001
AcDbBlockRepETag
1070
     1
1071
      136
1005
B200
  0
LWPOLYLINE
  5
B745
330
203
100
AcDbEntity
  8
PCB-RCB_PBL1
  6
Continuous
 62
     7
100
AcDbPolyline
 90
        2
 70
     0
 43
0.0
 10
959.6223455779393
 20
-488.4888850035173
 10
944.7723455779394
 20
-488.4888850035173
1001
AcDbBlockRepETag
1070
     1
1071
      135
1005
B1FF
  0
LWPOLYLINE
  5
B746
330
203
100
AcDbEntity
  8
PCB-RCB_PBL1
  6
Continuous
 62
     7
100
AcDbPolyline
 90
        2
 70
     0
 43
0.0
 10
959.6223455779393
 20
-489.6888850035169
 10
952.797345577939
 20
-489.6888850035169
1001
AcDbBlockRepETag
1070
     1
1071
      128
1005
B1F8
  0
LWPOLYLINE
  5
B747
330
203
100
AcDbEntity
  8
PCB-RCB_PBL1
  6
Continuous
 62
     7
100
AcDbPolyline
 90
        2
 70
     0
 43
0.0
 10
978.6723455779391
 20
-488.4888850035173
 10
963.8223455779396
 20
-488.4888850035173
1001
AcDbBlockRepETag
1070
     1
1071
      135
1005
B1FF
  0
LWPOLYLINE
  5
B748
330
203
100
AcDbEntity
  8
PCB-RCB_PBL1
  6
Continuous
 62
     7
100
AcDbPolyline
 90
        2
 70
     0
 43
0.0
 10
978.6723455779391
 20
-489.688885003517
 10
971.8473455779392
 20
-489.6888850035169
1001
AcDbBlockRepETag
1070
     1
1071
      127
1005
B1F7
  0
LWPOLYLINE
  5
B749
330
203
100
AcDbEntity
  8
PCB-RCB_PBL1
  6
Continuous
 62
     7
100
AcDbPolyline
 90
        2
 70
     0
 43
0.0
 10
1016.772345577939
 20
-488.4888850035173
 10
1002.422345577939
 20
-488.4888850035173
1001
AcDbBlockRepETag
1070
     1
1071
      135
1005
B1FF
  0
LWPOLYLINE
  5
B74A
330
203
100
AcDbEntity
  8
PCB-RCB_PBL1
  6
Continuous
 62
     7
100
AcDbPolyline
 90
        2
 70
     0
 43
0.0
 10
1016.772345577939
 20
-489.688885003517
 10
1009.947345577939
 20
-489.688885003517
1001
AcDbBlockRepETag
1070
     1
1071
      125
1005
B1F5
  0
LWPOLYLINE
  5
B74B
330
203
100
AcDbEntity
  8
PCB-RCB_PBL1
  6
Continuous
 62
     7
100
AcDbPolyline
 90
        2
 70
     0
 43
0.0
 10
1035.822345577939
 20
-488.4888850035173
 10
1020.972345577939
 20
-488.4888850035173
1001
AcDbBlockRepETag
1070
     1
1071
      135
1005
B1FF
  0
LWPOLYLINE
  5
B74C
330
203
100
AcDbEntity
  8
PCB-RCB_PBL1
  6
Continuous
 62
     7
100
AcDbPolyline
 90
        2
 70
     0
 43
0.0
 10
1035.822345577939
 20
-489.688885003517
 10
1028.997345577939
 20
-489.688885003517
1001
AcDbBlockRepETag
1070
     1
1071
      124
1005
B1F4
  0
LWPOLYLINE
  5
B74D
330
203
100
AcDbEntity
  8
PCB-RCB_PBL1
  6
Continuous
 62
     7
100
AcDbPolyline
 90
        2
 70
     0
 43
0.0
 10
1073.922345577939
 20
-488.4888850035173
 10
1059.072345577939
 20
-488.4888850035173
1001
AcDbBlockRepETag
1070
     1
1071
      135
1005
B1FF
  0
LWPOLYLINE
  5
B74E
330
203
100
AcDbEntity
  8
PCB-RCB_PBL1
  6
Continuous
 62
     7
100
AcDbPolyline
 90
        2
 70
     0
 43
0.0
 10
1073.922345577939
 20
-489.688885003517
 10
1067.097345577939
 20
-489.688885003517
1001
AcDbBlockRepETag
1070
     1
1071
      122
1005
B1F2
  0
LWPOLYLINE
  5
B74F
330
203
100
AcDbEntity
  8
PCB-RCB_PBL1
  6
Continuous
 62
     7
100
AcDbPolyline
 90
        2
 70
     0
 43
0.0
 10
1092.972345577939
 20
-488.4888850035173
 10
1078.122345577939
 20
-488.4888850035173
1001
AcDbBlockRepETag
1070
     1
1071
      135
1005
B1FF
  0
LWPOLYLINE
  5
B750
330
203
100
AcDbEntity
  8
PCB-RCB_PBL1
  6
Continuous
 62
     7
100
AcDbPolyline
 90
        2
 70
     0
 43
0.0
 10
1092.972345577939
 20
-489.688885003517
 10
1086.147345577939
 20
-489.688885003517
1001
AcDbBlockRepETag
1070
     1
1071
      121
1005
B1F1
  0
LWPOLYLINE
  5
B751
330
203
100
AcDbEntity
  8
PCB-RCB_PBL1
  6
Continuous
 62
     7
100
AcDbPolyline
 90
        2
 70
     0
 43
0.0
 10
1112.022345577939
 20
-488.4888850035173
 10
1097.17234557794
 20
-488.4888850035173
1001
AcDbBlockRepETag
1070
     1
1071
      135
1005
B1FF
  0
LINE
  5
B752
330
203
100
AcDbEntity
  8
PCB-RCB_PBL1
  6
Continuous
 62
     7
100
AcDbLine
 10
1116.222345577939
 20
-489.688885003517
 30
0.0
 11
1122.922345577939
 21
-489.688885003517
 31
0.0
1001
AcDbBlockRepETag
1070
     1
1071
      129
1005
B1F9
  0
LINE
  5
B754
330
203
100
AcDbEntity
  8
0
  6
Continuous
100
AcDbLine
 10
970.4973455779404
 20
-411.286471459917
 30
0.0
 11
970.4973455779402
 21
-423.8233850035171
 31
0.0
1001
AcDbBlockRepETag
1070
     1
1071
      342
1005
ADC6
  0
LINE
  5
B755
330
203
100
AcDbEntity
  8
0
  6
Continuous
100
AcDbLine
 10
971.9973455779403
 20
-423.8233850035171
 30
0.0
 11
971.9973455779403
 21
-411.286471459917
 31
0.0
1001
AcDbBlockRepETag
1070
     1
1071
      345
1005
ADC9
  0
ARC
  5
B756
330
203
100
AcDbEntity
  8
0
  6
Continuous
100
AcDbCircle
 10
971.2473455779402
 20
-423.8233850035171
 30
0.0
 40
0.75
100
AcDbArc
 50
180.0
 51
0.0
1001
AcDbBlockRepETag
1070
     1
1071
      298
1005
ADEC
  0
ARC
  5
B757
330
203
100
AcDbEntity
  8
0
  6
Continuous
100
AcDbCircle
 10
971.2473455779402
 20
-411.286471459917
 30
0.0
 40
0.75
100
AcDbArc
 50
0.0
 51
180.0
1001
AcDbBlockRepETag
1070
     1
1071
      302
1005
ADF0
  0
LINE
  5
B760
330
203
100
AcDbEntity
  8
0
  6
Continuous
100
AcDbLine
 10
951.4373455779404
 20
-411.286471459917
 30
0.0
 11
951.4373455779402
 21
-423.8233850035171
 31
0.0
1001
AcDbBlockRepETag
1070
     1
1071
      342
1005
ADC6
  0
LINE
  5
B761
330
203
100
AcDbEntity
  8
0
  6
Continuous
100
AcDbLine
 10
952.9373455779403
 20
-423.8233850035171
 30
0.0
 11
952.9373455779404
 21
-411.286471459917
 31
0.0
1001
AcDbBlockRepETag
1070
     1
1071
      345
1005
ADC9
  0
ARC
  5
B762
330
203
100
AcDbEntity
  8
0
  6
Continuous
100
AcDbCircle
 10
952.1873455779402
 20
-423.8233850035171
 30
0.0
 40
0.75
100
AcDbArc
 50
180.0
 51
0.0
1001
AcDbBlockRepETag
1070
     1
1071
      298
1005
ADEC
  0
ARC
  5
B763
330
203
100
AcDbEntity
  8
0
  6
Continuous
100
AcDbCircle
 10
952.1873455779404
 20
-411.286471459917
 30
0.0
 40
0.75
100
AcDbArc
 50
0.0
 51
180.0
1001
AcDbBlockRepETag
1070
     1
1071
      302
1005
ADF0
  0
LINE
  5
B764
330
203
100
AcDbEntity
  8
0
  6
Continuous
100
AcDbLine
 10
932.3873455779404
 20
-411.286471459917
 30
0.0
 11
932.3873455779404
 21
-423.8233850035171
 31
0.0
1001
AcDbBlockRepETag
1070
     1
1071
      342
1005
ADC6
  0
LINE
  5
B765
330
203
100
AcDbEntity
  8
0
  6
Continuous
100
AcDbLine
 10
933.8873455779403
 20
-423.8233850035171
 30
0.0
 11
933.8873455779404
 21
-411.286471459917
 31
0.0
1001
AcDbBlockRepETag
1070
     1
1071
      345
1005
ADC9
  0
ARC
  5
B766
330
203
100
AcDbEntity
  8
0
  6
Continuous
100
AcDbCircle
 10
933.1373455779402
 20
-423.8233850035171
 30
0.0
 40
0.75
100
AcDbArc
 50
180.0
 51
0.0
1001
AcDbBlockRepETag
1070
     1
1071
      298
1005
ADEC
  0
ARC
  5
B767
330
203
100
AcDbEntity
  8
0
  6
Continuous
100
AcDbCircle
 10
933.1373455779404
 20
-411.286471459917
 30
0.0
 40
0.75
100
AcDbArc
 50
0.0
 51
180.0
1001
AcDbBlockRepETag
1070
     1
1071
      302
1005
ADF0
  0
LINE
  5
B768
330
203
100
AcDbEntity
  8
0
  6
Continuous
100
AcDbLine
 10
1013.35984557794
 20
-411.286471459917
 30
0.0
 11
1013.35984557794
 21
-423.8233850035171
 31
0.0
1001
AcDbBlockRepETag
1070
     1
1071
      342
1005
ADC6
  0
LINE
  5
B769
330
203
100
AcDbEntity
  8
0
  6
Continuous
100
AcDbLine
 10
1014.85984557794
 20
-423.8233850035171
 30
0.0
 11
1014.85984557794
 21
-411.286471459917
 31
0.0
1001
AcDbBlockRepETag
1070
     1
1071
      345
1005
ADC9
  0
ARC
  5
B76A
330
203
100
AcDbEntity
  8
0
  6
Continuous
100
AcDbCircle
 10
1014.10984557794
 20
-423.8233850035171
 30
0.0
 40
0.75
100
AcDbArc
 50
180.0
 51
0.0
1001
AcDbBlockRepETag
1070
     1
1071
      298
1005
ADEC
  0
ARC
  5
B76B
330
203
100
AcDbEntity
  8
0
  6
Continuous
100
AcDbCircle
 10
1014.10984557794
 20
-411.286471459917
 30
0.0
 40
0.75
100
AcDbArc
 50
0.0
 51
180.0
1001
AcDbBlockRepETag
1070
     1
1071
      302
1005
ADF0
  0
LINE
  5
B76C
330
203
100
AcDbEntity
  8
0
  6
Continuous
100
AcDbLine
 10
1032.40984557794
 20
-411.286471459917
 30
0.0
 11
1032.40984557794
 21
-423.8233850035171
 31
0.0
1001
AcDbBlockRepETag
1070
     1
1071
      342
1005
ADC6
  0
LINE
  5
B76D
330
203
100
AcDbEntity
  8
0
  6
Continuous
100
AcDbLine
 10
1033.90984557794
 20
-423.8233850035171
 30
0.0
 11
1033.90984557794
 21
-411.286471459917
 31
0.0
1001
AcDbBlockRepETag
1070
     1
1071
      345
1005
ADC9
  0
ARC
  5
B76E
330
203
100
AcDbEntity
  8
0
  6
Continuous
100
AcDbCircle
 10
1033.15984557794
 20
-423.8233850035171
 30
0.0
 40
0.75
100
AcDbArc
 50
180.0
 51
0.0
1001
AcDbBlockRepETag
1070
     1
1071
      298
1005
ADEC
  0
ARC
  5
B76F
330
203
100
AcDbEntity
  8
0
  6
Continuous
100
AcDbCircle
 10
1033.15984557794
 20
-411.286471459917
 30
0.0
 40
0.75
100
AcDbArc
 50
0.0
 51
180.0
1001
AcDbBlockRepETag
1070
     1
1071
      302
1005
ADF0
  0
LINE
  5
B770
330
203
100
AcDbEntity
  8
0
  6
Continuous
100
AcDbLine
 10
1051.45984557794
 20
-411.286471459917
 30
0.0
 11
1051.45984557794
 21
-423.8233850035171
 31
0.0
1001
AcDbBlockRepETag
1070
     1
1071
      342
1005
ADC6
  0
LINE
  5
B771
330
203
100
AcDbEntity
  8
0
  6
Continuous
100
AcDbLine
 10
1052.95984557794
 20
-423.8233850035171
 30
0.0
 11
1052.95984557794
 21
-411.286471459917
 31
0.0
1001
AcDbBlockRepETag
1070
     1
1071
      345
1005
ADC9
  0
ARC
  5
B772
330
203
100
AcDbEntity
  8
0
  6
Continuous
100
AcDbCircle
 10
1052.20984557794
 20
-423.8233850035171
 30
0.0
 40
0.75
100
AcDbArc
 50
180.0
 51
0.0
1001
AcDbBlockRepETag
1070
     1
1071
      298
1005
ADEC
  0
ARC
  5
B773
330
203
100
AcDbEntity
  8
0
  6
Continuous
100
AcDbCircle
 10
1052.20984557794
 20
-411.286471459917
 30
0.0
 40
0.75
100
AcDbArc
 50
0.0
 51
180.0
1001
AcDbBlockRepETag
1070
     1
1071
      302
1005
ADF0
  0
LINE
  5
B774
330
203
100
AcDbEntity
  8
0
  6
Continuous
100
AcDbLine
 10
1094.32234557794
 20
-411.286471459917
 30
0.0
 11
1094.32234557794
 21
-423.8233850035171
 31
0.0
1001
AcDbBlockRepETag
1070
     1
1071
      342
1005
ADC6
  0
LINE
  5
B775
330
203
100
AcDbEntity
  8
0
  6
Continuous
100
AcDbLine
 10
1095.82234557794
 20
-423.8233850035171
 30
0.0
 11
1095.82234557794
 21
-411.286471459917
 31
0.0
1001
AcDbBlockRepETag
1070
     1
1071
      345
1005
ADC9
  0
ARC
  5
B776
330
203
100
AcDbEntity
  8
0
  6
Continuous
100
AcDbCircle
 10
1095.07234557794
 20
-423.8233850035171
 30
0.0
 40
0.75
100
AcDbArc
 50
180.0
 51
0.0
1001
AcDbBlockRepETag
1070
     1
1071
      298
1005
ADEC
  0
ARC
  5
B777
330
203
100
AcDbEntity
  8
0
  6
Continuous
100
AcDbCircle
 10
1095.07234557794
 20
-411.286471459917
 30
0.0
 40
0.75
100
AcDbArc
 50
0.0
 51
180.0
1001
AcDbBlockRepETag
1070
     1
1071
      302
1005
ADF0
  0
LINE
  5
B778
330
203
100
AcDbEntity
  8
0
  6
Continuous
100
AcDbLine
 10
1113.37234557794
 20
-411.286471459917
 30
0.0
 11
1113.37234557794
 21
-423.8233850035171
 31
0.0
1001
AcDbBlockRepETag
1070
     1
1071
      342
1005
ADC6
  0
LINE
  5
B779
330
203
100
AcDbEntity
  8
0
  6
Continuous
100
AcDbLine
 10
1114.87234557794
 20
-423.8233850035171
 30
0.0
 11
1114.87234557794
 21
-411.286471459917
 31
0.0
1001
AcDbBlockRepETag
1070
     1
1071
      345
1005
ADC9
  0
ARC
  5
B77A
330
203
100
AcDbEntity
  8
0
  6
Continuous
100
AcDbCircle
 10
1114.12234557794
 20
-423.8233850035171
 30
0.0
 40
0.75
100
AcDbArc
 50
180.0
 51
0.0
1001
AcDbBlockRepETag
1070
     1
1071
      298
1005
ADEC
  0
ARC
  5
B77B
330
203
100
AcDbEntity
  8
0
  6
Continuous
100
AcDbCircle
 10
1114.12234557794
 20
-411.286471459917
 30
0.0
 40
0.75
100
AcDbArc
 50
0.0
 51
180.0
1001
AcDbBlockRepETag
1070
     1
1071
      302
1005
ADF0
  0
LINE
  5
B77C
330
203
100
AcDbEntity
  8
0
  6
Continuous
100
AcDbLine
 10
1132.42234557794
 20
-411.286471459917
 30
0.0
 11
1132.42234557794
 21
-423.8233850035171
 31
0.0
1001
AcDbBlockRepETag
1070
     1
1071
      342
1005
ADC6
  0
LINE
  5
B77D
330
203
100
AcDbEntity
  8
0
  6
Continuous
100
AcDbLine
 10
1133.92234557794
 20
-423.8233850035171
 30
0.0
 11
1133.92234557794
 21
-411.286471459917
 31
0.0
1001
AcDbBlockRepETag
1070
     1
1071
      345
1005
ADC9
  0
ARC
  5
B77E
330
203
100
AcDbEntity
  8
0
  6
Continuous
100
AcDbCircle
 10
1133.17234557794
 20
-423.8233850035171
 30
0.0
 40
0.75
100
AcDbArc
 50
180.0
 51
0.0
1001
AcDbBlockRepETag
1070
     1
1071
      298
1005
ADEC
  0
ARC
  5
B77F
330
203
100
AcDbEntity
  8
0
  6
Continuous
100
AcDbCircle
 10
1133.17234557794
 20
-411.286471459917
 30
0.0
 40
0.75
100
AcDbArc
 50
0.0
 51
180.0
1001
AcDbBlockRepETag
1070
     1
1071
      302
1005
ADF0
  0
LINE
  5
B780
330
203
100
AcDbEntity
  8
0
  6
Continuous
100
AcDbLine
 10
1199.09484557794
 20
-411.286471459917
 30
0.0
 11
1199.09484557794
 21
-423.8233850035171
 31
0.0
1001
AcDbBlockRepETag
1070
     1
1071
      342
1005
ADC6
  0
LINE
  5
B781
330
203
100
AcDbEntity
  8
0
  6
Continuous
100
AcDbLine
 10
1200.59484557794
 20
-423.8233850035171
 30
0.0
 11
1200.59484557794
 21
-411.286471459917
 31
0.0
1001
AcDbBlockRepETag
1070
     1
1071
      345
1005
ADC9
  0
ARC
  5
B782
330
203
100
AcDbEntity
  8
0
  6
Continuous
100
AcDbCircle
 10
1199.84484557794
 20
-423.8233850035171
 30
0.0
 40
0.75
100
AcDbArc
 50
180.0
 51
0.0
1001
AcDbBlockRepETag
1070
     1
1071
      298
1005
ADEC
  0
ARC
  5
B783
330
203
100
AcDbEntity
  8
0
  6
Continuous
100
AcDbCircle
 10
1199.84484557794
 20
-411.286471459917
 30
0.0
 40
0.75
100
AcDbArc
 50
0.0
 51
180.0
1001
AcDbBlockRepETag
1070
     1
1071
      302
1005
ADF0
  0
LINE
  5
B784
330
203
100
AcDbEntity
  8
0
  6
Continuous
100
AcDbLine
 10
1218.14484557794
 20
-411.286471459917
 30
0.0
 11
1218.14484557794
 21
-423.8233850035171
 31
0.0
1001
AcDbBlockRepETag
1070
     1
1071
      342
1005
ADC6
  0
LINE
  5
B785
330
203
100
AcDbEntity
  8
0
  6
Continuous
100
AcDbLine
 10
1219.64484557794
 20
-423.8233850035171
 30
0.0
 11
1219.64484557794
 21
-411.286471459917
 31
0.0
1001
AcDbBlockRepETag
1070
     1
1071
      345
1005
ADC9
  0
ARC
  5
B786
330
203
100
AcDbEntity
  8
0
  6
Continuous
100
AcDbCircle
 10
1218.89484557794
 20
-423.8233850035171
 30
0.0
 40
0.75
100
AcDbArc
 50
180.0
 51
0.0
1001
AcDbBlockRepETag
1070
     1
1071
      298
1005
ADEC
  0
ARC
  5
B787
330
203
100
AcDbEntity
  8
0
  6
Continuous
100
AcDbCircle
 10
1218.89484557794
 20
-411.286471459917
 30
0.0
 40
0.75
100
AcDbArc
 50
0.0
 51
180.0
1001
AcDbBlockRepETag
1070
     1
1071
      302
1005
ADF0
  0
LINE
  5
B78C
330
203
100
AcDbEntity
  8
0
  6
Continuous
100
AcDbLine
 10
1199.09484557794
 20
-511.3064714599169
 30
0.0
 11
1199.09484557794
 21
-523.8433850035171
 31
0.0
1001
AcDbBlockRepETag
1070
     1
1071
      342
1005
ADC6
  0
LINE
  5
B78D
330
203
100
AcDbEntity
  8
0
  6
Continuous
100
AcDbLine
 10
1200.59484557794
 20
-523.8433850035171
 30
0.0
 11
1200.59484557794
 21
-511.3064714599169
 31
0.0
1001
AcDbBlockRepETag
1070
     1
1071
      345
1005
ADC9
  0
ARC
  5
B78E
330
203
100
AcDbEntity
  8
0
  6
Continuous
100
AcDbCircle
 10
1199.84484557794
 20
-523.8433850035171
 30
0.0
 40
0.75
100
AcDbArc
 50
180.0
 51
0.0
1001
AcDbBlockRepETag
1070
     1
1071
      298
1005
ADEC
  0
ARC
  5
B78F
330
203
100
AcDbEntity
  8
0
  6
Continuous
100
AcDbCircle
 10
1199.84484557794
 20
-511.3064714599169
 30
0.0
 40
0.75
100
AcDbArc
 50
0.0
 51
180.0
1001
AcDbBlockRepETag
1070
     1
1071
      302
1005
ADF0
  0
LINE
  5
B790
330
203
100
AcDbEntity
  8
0
  6
Continuous
100
AcDbLine
 10
1218.14484557794
 20
-511.3064714599169
 30
0.0
 11
1218.14484557794
 21
-523.8433850035171
 31
0.0
1001
AcDbBlockRepETag
1070
     1
1071
      342
1005
ADC6
  0
LINE
  5
B791
330
203
100
AcDbEntity
  8
0
  6
Continuous
100
AcDbLine
 10
1219.64484557794
 20
-523.8433850035171
 30
0.0
 11
1219.64484557794
 21
-511.3064714599169
 31
0.0
1001
AcDbBlockRepETag
1070
     1
1071
      345
1005
ADC9
  0
ARC
  5
B792
330
203
100
AcDbEntity
  8
0
  6
Continuous
100
AcDbCircle
 10
1218.89484557794
 20
-523.8433850035171
 30
0.0
 40
0.75
100
AcDbArc
 50
180.0
 51
0.0
1001
AcDbBlockRepETag
1070
     1
1071
      298
1005
ADEC
  0
ARC
  5
B793
330
203
100
AcDbEntity
  8
0
  6
Continuous
100
AcDbCircle
 10
1218.89484557794
 20
-511.3064714599169
 30
0.0
 40
0.75
100
AcDbArc
 50
0.0
 51
180.0
1001
AcDbBlockRepETag
1070
     1
1071
      302
1005
ADF0
  0
ARC
  5
B7B8
330
203
100
AcDbEntity
  8
PCB-RCB_PBL1
  6
Continuous
 62
     7
100
AcDbCircle
 10
1207.27234557794
 20
-470.0433850035167
 30
0.0
 40
0.5999999999998238
100
AcDbArc
 50
270.0
 51
90.0
  0
ARC
  5
B7B9
330
203
100
AcDbEntity
  8
PCB-RCB_PBL1
  6
Continuous
 62
     7
100
AcDbCircle
 10
1211.472345577939
 20
-470.0433850035167
 30
0.0
 40
0.5999999999998238
100
AcDbArc
 50
90.0
 51
270.0
  0
LINE
  5
B7BA
330
203
100
AcDbEntity
  8
PCB-RCB_PBL1
  6
Continuous
 62
     7
100
AcDbLine
 10
1211.472345577939
 20
-470.643385003517
 30
0.0
 11
1234.81984557794
 21
-470.6433850035175
 31
0.0
1001
AcDbBlockRepETag
1070
     1
1071
      180
1005
B22C
  0
LINE
  5
B7BB
330
203
100
AcDbEntity
  8
PCB-RCB_PBL1
  6
Continuous
 62
     7
100
AcDbLine
 10
1211.472345577939
 20
-469.4433850035172
 30
0.0
 11
1218.772345577939
 21
-469.4433850035172
 31
0.0
1001
AcDbBlockRepETag
1070
     1
1071
      172
1005
B224
  0
LINE
  5
B7CD
330
203
100
AcDbEntity
  8
PCB-RCB_PBL1
  6
Continuous
 62
     7
100
AcDbLine
 10
1200.447345577938
 20
-450.393385003517
 30
0.0
 11
1200.447345577938
 21
-434.9933850035164
 31
0.0
1001
AcDbBlockRepETag
1070
     1
1071
      167
1005
B21F
  0
ARC
  5
B7CE
330
203
100
AcDbEntity
  8
PCB-RCB_PBL1
  6
Continuous
 62
     7
100
AcDbCircle
 10
1199.847345577939
 20
-434.9933850035164
 30
0.0
 40
0.5999999999994543
100
AcDbArc
 50
359.9999999999512
 51
89.99999999995656
1001
AcDbBlockRepETag
1070
     1
1071
      167
1005
B21F
  0
ARC
  5
B7D0
330
203
100
AcDbEntity
  8
PCB-RCB_PBL1
  6
Continuous
 62
     7
100
AcDbCircle
 10
1199.847345577939
 20
-434.9933850035171
 30
0.0
 40
0.6000000000001933
100
AcDbArc
 50
89.99999999997831
 51
179.9999999999837
1001
AcDbBlockRepETag
1070
     1
1071
      167
1005
B21F
  0
LINE
  5
B7EA
330
203
100
AcDbEntity
  8
PCB-RCB_PBL1
  6
Continuous
 62
     7
100
AcDbLine
 10
1199.247345577939
 20
-434.9933850035171
 30
0.0
 11
1199.247345577939
 21
-450.393385003517
 31
0.0
1001
AcDbBlockRepETag
1070
     1
1071
      167
1005
B21F
  0
LINE
  5
B7EC
330
203
100
AcDbEntity
  8
PCB-RCB_PBL1
  6
Continuous
 62
     7
100
AcDbLine
 10
1219.97234557794
 20
-434.9933850035164
 30
0.0
 11
1219.97234557794
 21
-450.393385003517
 31
0.0
1001
AcDbBlockRepETag
1070
     1
1071
      166
1005
B21E
  0
LWPOLYLINE
  5
B7EE
330
203
100
AcDbEntity
  8
PCB-RCB_PBL1
  6
Continuous
 62
     7
100
AcDbPolyline
 90
        6
 70
     0
 43
0.0
 10
1200.447345577938
 20
-459.3433850035173
 10
1200.447345577938
 20
-454.0433850035168
 42
0.4142135623730987
 10
1199.847345577939
 20
-453.4433850035168
 10
1199.847345577939
 20
-453.4433850035168
 42
0.4142135623730951
 10
1199.247345577939
 20
-454.0433850035168
 10
1199.247345577939
 20
-459.3433850035166
1001
AcDbBlockRepETag
1070
     1
1071
      179
1005
B22B
  0
LWPOLYLINE
  5
B7EF
330
203
100
AcDbEntity
  8
PCB-RCB_PBL1
  6
Continuous
 62
     7
100
AcDbPolyline
 90
        2
 70
     0
 43
0.0
 10
1199.247345577939
 20
-454.043385003517
 10
1199.247345577939
 20
-469.4433850035172
1001
AcDbBlockRepETag
1070
     1
1071
      179
1005
B22B
  0
LINE
  5
B7F0
330
203
100
AcDbEntity
  8
PCB-RCB_PBL1
  6
Continuous
 62
     7
100
AcDbLine
 10
1219.97234557794
 20
-454.0433850035164
 30
0.0
 11
1219.97234557794
 21
-469.4433850035172
 31
0.0
1001
AcDbBlockRepETag
1070
     1
1071
      178
1005
B22A
  0
ARC
  5
B7F2
330
203
100
AcDbEntity
  8
PCB-RCB_PBL1
  6
Continuous
 62
     7
100
AcDbCircle
 10
1207.27234557794
 20
-489.0888850035171
 30
0.0
 40
0.5999999999998238
100
AcDbArc
 50
270.0
 51
90.0
  0
ARC
  5
B7F3
330
203
100
AcDbEntity
  8
PCB-RCB_PBL1
  6
Continuous
 62
     7
100
AcDbCircle
 10
1211.472345577939
 20
-489.0888850035171
 30
0.0
 40
0.5999999999998238
100
AcDbArc
 50
90.0
 51
270.0
  0
LINE
  5
B7F4
330
203
100
AcDbEntity
  8
PCB-RCB_PBL1
  6
Continuous
 62
     7
100
AcDbLine
 10
1211.472345577939
 20
-489.6888850035174
 30
0.0
 11
1218.772345577939
 21
-489.6888850035173
 31
0.0
1001
AcDbBlockRepETag
1070
     1
1071
      154
1005
B212
  0
LINE
  5
B7F5
330
203
100
AcDbEntity
  8
PCB-RCB_PBL1
  6
Continuous
 62
     7
100
AcDbLine
 10
1207.27234557794
 20
-488.4888850035173
 30
0.0
 11
1183.91984557794
 21
-488.4888850035173
 31
0.0
1001
AcDbBlockRepETag
1070
     1
1071
      156
1005
B214
  0
LINE
  5
B808
330
203
100
AcDbEntity
  8
PCB-RCB_PBL1
  6
Continuous
 62
     7
100
AcDbLine
 10
1183.91984557794
 20
-470.6433850035166
 30
0.0
 11
1207.27234557794
 21
-470.643385003517
 31
0.0
1001
AcDbBlockRepETag
1070
     1
1071
      180
1005
B22C
  0
LINE
  5
B809
330
203
100
AcDbEntity
  8
PCB-RCB_PBL1
  6
Continuous
 62
     7
100
AcDbLine
 10
1183.91984557794
 20
-469.4433850035172
 30
0.0
 11
1199.247345577939
 21
-469.4433850035172
 31
0.0
1001
AcDbBlockRepETag
1070
     1
1071
      171
1005
B223
  0
LINE
  5
B80A
330
203
100
AcDbEntity
  8
PCB-RCB_PBL1
  6
Continuous
 62
     7
100
AcDbLine
 10
1183.91984557794
 20
-451.5933850035166
 30
0.0
 11
1207.27234557794
 21
-451.5933850035168
 31
0.0
1001
AcDbBlockRepETag
1070
     1
1071
      168
1005
B220
  0
LINE
  5
B80B
330
203
100
AcDbEntity
  8
PCB-RCB_PBL1
  6
Continuous
 62
     7
100
AcDbLine
 10
1183.91984557794
 20
-450.393385003517
 30
0.0
 11
1199.247345577939
 21
-450.393385003517
 31
0.0
1001
AcDbBlockRepETag
1070
     1
1071
      159
1005
B217
  0
LINE
  5
B80E
330
203
100
AcDbEntity
  8
0
  6
Continuous
100
AcDbLine
 10
1153.85359557794
 20
-411.2864725015843
 30
0.0
 11
1153.85359557794
 21
-423.8233860451845
 31
0.0
1001
AcDbBlockRepETag
1070
     1
1071
      342
1005
ADC6
  0
LINE
  5
B80F
330
203
100
AcDbEntity
  8
0
  6
Continuous
100
AcDbLine
 10
1155.35359557794
 20
-423.8233860451845
 30
0.0
 11
1155.35359557794
 21
-411.2864725015843
 31
0.0
1001
AcDbBlockRepETag
1070
     1
1071
      345
1005
ADC9
  0
ARC
  5
B810
330
203
100
AcDbEntity
  8
0
  6
Continuous
100
AcDbCircle
 10
1154.60359557794
 20
-423.8233860451845
 30
0.0
 40
0.75
100
AcDbArc
 50
180.0
 51
0.0
1001
AcDbBlockRepETag
1070
     1
1071
      298
1005
ADEC
  0
ARC
  5
B811
330
203
100
AcDbEntity
  8
0
  6
Continuous
100
AcDbCircle
 10
1154.60359557794
 20
-411.2864725015843
 30
0.0
 40
0.75
100
AcDbArc
 50
0.0
 51
180.0
1001
AcDbBlockRepETag
1070
     1
1071
      302
1005
ADF0
  0
LINE
  5
B812
330
203
100
AcDbEntity
  8
0
  6
Continuous
100
AcDbLine
 10
1072.89109557794
 20
-411.286471459917
 30
0.0
 11
1072.89109557794
 21
-423.8233850035171
 31
0.0
1001
AcDbBlockRepETag
1070
     1
1071
      342
1005
ADC6
  0
LINE
  5
B813
330
203
100
AcDbEntity
  8
0
  6
Continuous
100
AcDbLine
 10
1074.39109557794
 20
-423.8233850035171
 30
0.0
 11
1074.39109557794
 21
-411.286471459917
 31
0.0
1001
AcDbBlockRepETag
1070
     1
1071
      345
1005
ADC9
  0
ARC
  5
B814
330
203
100
AcDbEntity
  8
0
  6
Continuous
100
AcDbCircle
 10
1073.64109557794
 20
-423.8233850035171
 30
0.0
 40
0.75
100
AcDbArc
 50
180.0
 51
0.0
1001
AcDbBlockRepETag
1070
     1
1071
      298
1005
ADEC
  0
ARC
  5
B815
330
203
100
AcDbEntity
  8
0
  6
Continuous
100
AcDbCircle
 10
1073.64109557794
 20
-411.286471459917
 30
0.0
 40
0.75
100
AcDbArc
 50
0.0
 51
180.0
1001
AcDbBlockRepETag
1070
     1
1071
      302
1005
ADF0
  0
LINE
  5
B816
330
203
100
AcDbEntity
  8
0
  6
Continuous
100
AcDbLine
 10
910.9560955779405
 20
-411.2864725015843
 30
0.0
 11
910.9560955779405
 21
-423.8233860451845
 31
0.0
1001
AcDbBlockRepETag
1070
     1
1071
      342
1005
ADC6
  0
LINE
  5
B817
330
203
100
AcDbEntity
  8
0
  6
Continuous
100
AcDbLine
 10
912.4560955779406
 20
-423.8233860451845
 30
0.0
 11
912.4560955779406
 21
-411.2864725015843
 31
0.0
1001
AcDbBlockRepETag
1070
     1
1071
      345
1005
ADC9
  0
ARC
  5
B818
330
203
100
AcDbEntity
  8
0
  6
Continuous
100
AcDbCircle
 10
911.7060955779406
 20
-423.8233860451845
 30
0.0
 40
0.75
100
AcDbArc
 50
180.0
 51
0.0
1001
AcDbBlockRepETag
1070
     1
1071
      298
1005
ADEC
  0
ARC
  5
B819
330
203
100
AcDbEntity
  8
0
  6
Continuous
100
AcDbCircle
 10
911.7060955779406
 20
-411.2864725015843
 30
0.0
 40
0.75
100
AcDbArc
 50
0.0
 51
180.0
1001
AcDbBlockRepETag
1070
     1
1071
      302
1005
ADF0
  0
LINE
  5
B81A
330
203
100
AcDbEntity
  8
0
  6
Continuous
100
AcDbLine
 10
991.9285955779404
 20
-411.2864725015843
 30
0.0
 11
991.9285955779402
 21
-423.8233860451845
 31
0.0
1001
AcDbBlockRepETag
1070
     1
1071
      342
1005
ADC6
  0
LINE
  5
B81B
330
203
100
AcDbEntity
  8
0
  6
Continuous
100
AcDbLine
 10
993.4285955779403
 20
-423.8233860451845
 30
0.0
 11
993.4285955779404
 21
-411.2864725015843
 31
0.0
1001
AcDbBlockRepETag
1070
     1
1071
      345
1005
ADC9
  0
ARC
  5
B81C
330
203
100
AcDbEntity
  8
0
  6
Continuous
100
AcDbCircle
 10
992.6785955779402
 20
-423.8233860451845
 30
0.0
 40
0.75
100
AcDbArc
 50
180.0
 51
0.0
1001
AcDbBlockRepETag
1070
     1
1071
      298
1005
ADEC
  0
ARC
  5
B81D
330
203
100
AcDbEntity
  8
0
  6
Continuous
100
AcDbCircle
 10
992.6785955779404
 20
-411.2864725015843
 30
0.0
 40
0.75
100
AcDbArc
 50
0.0
 51
180.0
1001
AcDbBlockRepETag
1070
     1
1071
      302
1005
ADF0
  0
LWPOLYLINE
  5
BC9F
330
203
100
AcDbEntity
  8
0
100
AcDbPolyline
 90
       64
 70
     0
 43
0.0
 10
911.5697845779402
 20
-511.0933850035169
 10
911.5448815779403
 20
-511.018312003517
 10
911.5448815779403
 20
-510.9433610035169
 10
911.5448815779403
 20
-510.9433610035169
 10
911.4948335779402
 20
-510.8684090035168
 10
911.4699305779403
 20
-510.8183610035169
 10
911.4699305779403
 20
-510.8183610035169
 10
911.4198815779403
 20
-510.7434090035169
 10
911.3449305779402
 20
-510.6933610035169
 10
911.3449305779402
 20
-510.6933610035169
 10
911.2948815779404
 20
-510.643312003517
 10
911.2199305779403
 20
-510.6184090035169
 10
911.2199305779403
 20
-510.6184090035169
 10
911.1449795779403
 20
-510.6184090035169
 10
911.0697845779402
 20
-510.5933850035169
 10
898.0697845779403
 20
-510.5933850035169
 10
898.0697845779403
 20
-510.5933850035169
 10
897.9699305779403
 20
-510.6184090035169
 10
897.8949795779403
 20
-510.6184090035169
 10
897.8949795779403
 20
-510.6184090035169
 10
897.8449305779403
 20
-510.643312003517
 10
897.7699795779402
 20
-510.6933610035169
 10
897.7699795779402
 20
-510.6933610035169
 10
897.6947845779402
 20
-510.7434090035169
 10
897.6449795779402
 20
-510.8183610035169
 10
897.6449795779402
 20
-510.8183610035169
 10
897.6198335779402
 20
-510.8684090035168
 10
897.5949305779403
 20
-510.9433610035169
 10
897.5949305779403
 20
-510.9433610035169
 10
897.5697845779402
 20
-511.018312003517
 10
897.5697845779402
 20
-511.0933850035169
 10
897.5697845779402
 20
-524.0933850035169
 10
897.5697845779402
 20
-524.0933850035169
 10
897.5697845779402
 20
-524.1683360035169
 10
897.5949305779403
 20
-524.2435310035171
 10
897.5949305779403
 20
-524.2435310035171
 10
897.6198335779402
 20
-524.3182390035169
 10
897.6449795779402
 20
-524.3934340035171
 10
897.6449795779402
 20
-524.3934340035171
 10
897.6947845779402
 20
-524.443239003517
 10
897.7699795779402
 20
-524.493531003517
 10
897.7699795779402
 20
-524.493531003517
 10
897.8449305779403
 20
-524.5433360035169
 10
897.8949795779403
 20
-524.5682390035169
 10
897.8949795779403
 20
-524.5682390035169
 10
897.9699305779403
 20
-524.5933850035169
 10
898.0697845779403
 20
-524.5933850035169
 10
911.0697845779402
 20
-524.5933850035169
 10
911.0697845779402
 20
-524.5933850035169
 10
911.1449795779403
 20
-524.5933850035169
 10
911.2199305779403
 20
-524.5682390035169
 10
911.2199305779403
 20
-524.5682390035169
 10
911.2948815779404
 20
-524.5433360035169
 10
911.3449305779402
 20
-524.493531003517
 10
911.3449305779402
 20
-524.493531003517
 10
911.4198815779403
 20
-524.443239003517
 10
911.4699305779403
 20
-524.3934340035171
 10
911.4699305779403
 20
-524.3934340035171
 10
911.4948335779402
 20
-524.3182390035169
 10
911.5448815779403
 20
-524.2435310035171
 10
911.5448815779403
 20
-524.2435310035171
 10
911.5448815779403
 20
-524.1683360035169
 10
911.5697845779402
 20
-524.0933850035169
 10
911.5697845779402
 20
-511.0933850035169
  0
LWPOLYLINE
  5
BCA0
330
203
100
AcDbEntity
  8
0
100
AcDbPolyline
 90
       64
 70
     0
 43
0.0
 10
935.3698335779403
 20
-511.0933850035169
 10
935.3698335779403
 20
-511.018312003517
 10
935.3449305779403
 20
-510.9433610035169
 10
935.3449305779403
 20
-510.9433610035169
 10
935.3197845779403
 20
-510.8684090035168
 10
935.2699795779402
 20
-510.8183610035169
 10
935.2699795779402
 20
-510.8183610035169
 10
935.2199305779404
 20
-510.7434090035169
 10
935.1698815779403
 20
-510.6933610035169
 10
935.1698815779403
 20
-510.6933610035169
 10
935.0949305779403
 20
-510.643312003517
 10
935.0199795779403
 20
-510.6184090035169
 10
935.0199795779403
 20
-510.6184090035169
 10
934.9447845779403
 20
-510.6184090035169
 10
934.8698335779403
 20
-510.5933850035169
 10
921.8698335779404
 20
-510.5933850035169
 10
921.8698335779404
 20
-510.5933850035169
 10
921.7948815779404
 20
-510.6184090035169
 10
921.7199305779402
 20
-510.6184090035169
 10
921.7199305779402
 20
-510.6184090035169
 10
921.6449795779402
 20
-510.643312003517
 10
921.5697845779402
 20
-510.6933610035169
 10
921.5697845779402
 20
-510.6933610035169
 10
921.5199795779403
 20
-510.7434090035169
 10
921.4699305779403
 20
-510.8183610035169
 10
921.4699305779403
 20
-510.8183610035169
 10
921.4198815779404
 20
-510.8684090035168
 10
921.3949795779402
 20
-510.9433610035169
 10
921.3949795779402
 20
-510.9433610035169
 10
921.3698335779403
 20
-511.018312003517
 10
921.3698335779403
 20
-511.0933850035169
 10
921.3698335779403
 20
-524.0933850035169
 10
921.3698335779403
 20
-524.0933850035169
 10
921.3698335779403
 20
-524.1683360035169
 10
921.3949795779402
 20
-524.2435310035171
 10
921.3949795779402
 20
-524.2435310035171
 10
921.4198815779404
 20
-524.3182390035169
 10
921.4699305779403
 20
-524.3934340035171
 10
921.4699305779403
 20
-524.3934340035171
 10
921.5199795779403
 20
-524.443239003517
 10
921.5697845779402
 20
-524.493531003517
 10
921.5697845779402
 20
-524.493531003517
 10
921.6449795779402
 20
-524.5433360035169
 10
921.7199305779402
 20
-524.5682390035169
 10
921.7199305779402
 20
-524.5682390035169
 10
921.7948815779404
 20
-524.5933850035169
 10
921.8698335779404
 20
-524.5933850035169
 10
934.8698335779403
 20
-524.5933850035169
 10
934.8698335779403
 20
-524.5933850035169
 10
934.9447845779403
 20
-524.5933850035169
 10
935.0199795779403
 20
-524.5682390035169
 10
935.0199795779403
 20
-524.5682390035169
 10
935.0949305779403
 20
-524.5433360035169
 10
935.1698815779403
 20
-524.493531003517
 10
935.1698815779403
 20
-524.493531003517
 10
935.2199305779404
 20
-524.443239003517
 10
935.2699795779402
 20
-524.3934340035171
 10
935.2699795779402
 20
-524.3934340035171
 10
935.3197845779403
 20
-524.3182390035169
 10
935.3449305779403
 20
-524.2435310035171
 10
935.3449305779403
 20
-524.2435310035171
 10
935.3698335779403
 20
-524.1683360035169
 10
935.3698335779403
 20
-524.0933850035169
 10
935.3698335779403
 20
-511.0933850035169
  0
LWPOLYLINE
  5
BCA1
330
203
100
AcDbEntity
  8
0
100
AcDbPolyline
 90
       64
 70
     0
 43
0.0
 10
959.1947845779403
 20
-511.0933850035169
 10
959.1698815779404
 20
-511.018312003517
 10
959.1698815779404
 20
-510.9433610035169
 10
959.1698815779404
 20
-510.9433610035169
 10
959.1198335779402
 20
-510.8684090035168
 10
959.0949305779403
 20
-510.8183610035169
 10
959.0949305779403
 20
-510.8183610035169
 10
959.0448815779403
 20
-510.7434090035169
 10
958.9699305779403
 20
-510.6933610035169
 10
958.9699305779403
 20
-510.6933610035169
 10
958.9198815779404
 20
-510.643312003517
 10
958.8449305779404
 20
-510.6184090035169
 10
958.8449305779404
 20
-510.6184090035169
 10
958.7699795779402
 20
-510.6184090035169
 10
958.6947845779402
 20
-510.5933850035169
 10
945.6947845779403
 20
-510.5933850035169
 10
945.6947845779403
 20
-510.5933850035169
 10
945.5949305779403
 20
-510.6184090035169
 10
945.5199795779403
 20
-510.6184090035169
 10
945.5199795779403
 20
-510.6184090035169
 10
945.4699305779403
 20
-510.643312003517
 10
945.3949795779402
 20
-510.6933610035169
 10
945.3949795779402
 20
-510.6933610035169
 10
945.3197845779403
 20
-510.7434090035169
 10
945.2699795779402
 20
-510.8183610035169
 10
945.2699795779402
 20
-510.8183610035169
 10
945.2448335779402
 20
-510.8684090035168
 10
945.2199305779403
 20
-510.9433610035169
 10
945.2199305779403
 20
-510.9433610035169
 10
945.1947845779402
 20
-511.018312003517
 10
945.1947845779402
 20
-511.0933850035169
 10
945.1947845779402
 20
-524.0933850035169
 10
945.1947845779402
 20
-524.0933850035169
 10
945.1947845779402
 20
-524.1683360035169
 10
945.2199305779403
 20
-524.2435310035171
 10
945.2199305779403
 20
-524.2435310035171
 10
945.2448335779402
 20
-524.3182390035169
 10
945.2699795779402
 20
-524.3934340035171
 10
945.2699795779402
 20
-524.3934340035171
 10
945.3197845779403
 20
-524.443239003517
 10
945.3949795779402
 20
-524.493531003517
 10
945.3949795779402
 20
-524.493531003517
 10
945.4699305779403
 20
-524.5433360035169
 10
945.5199795779403
 20
-524.5682390035169
 10
945.5199795779403
 20
-524.5682390035169
 10
945.5949305779403
 20
-524.5933850035169
 10
945.6947845779403
 20
-524.5933850035169
 10
958.6947845779402
 20
-524.5933850035169
 10
958.6947845779402
 20
-524.5933850035169
 10
958.7699795779402
 20
-524.5933850035169
 10
958.8449305779404
 20
-524.5682390035169
 10
958.8449305779404
 20
-524.5682390035169
 10
958.9198815779404
 20
-524.5433360035169
 10
958.9699305779403
 20
-524.493531003517
 10
958.9699305779403
 20
-524.493531003517
 10
959.0448815779403
 20
-524.443239003517
 10
959.0949305779403
 20
-524.3934340035171
 10
959.0949305779403
 20
-524.3934340035171
 10
959.1198335779402
 20
-524.3182390035169
 10
959.1698815779404
 20
-524.2435310035171
 10
959.1698815779404
 20
-524.2435310035171
 10
959.1698815779404
 20
-524.1683360035169
 10
959.1947845779403
 20
-524.0933850035169
 10
959.1947845779403
 20
-511.0933850035169
  0
LWPOLYLINE
  5
BCA2
330
203
100
AcDbEntity
  8
0
100
AcDbPolyline
 90
       64
 70
     0
 43
0.0
 10
1040.14491857794
 20
-511.0933850035169
 10
1040.14491857794
 20
-511.018312003517
 10
1040.11977257794
 20
-510.9433610035169
 10
1040.11977257794
 20
-510.9433610035169
 10
1040.09486957794
 20
-510.8684090035168
 10
1040.04482057794
 20
-510.8183610035169
 10
1040.04482057794
 20
-510.8183610035169
 10
1039.99477257794
 20
-510.7434090035169
 10
1039.94472357794
 20
-510.6933610035169
 10
1039.94472357794
 20
-510.6933610035169
 10
1039.86977257794
 20
-510.643312003517
 10
1039.79482057794
 20
-510.6184090035169
 10
1039.79482057794
 20
-510.6184090035169
 10
1039.71986957794
 20
-510.6184090035169
 10
1039.64491857794
 20
-510.5933850035169
 10
1026.64491857794
 20
-510.5933850035169
 10
1026.64491857794
 20
-510.5933850035169
 10
1026.56972357794
 20
-510.6184090035169
 10
1026.49477257794
 20
-510.6184090035169
 10
1026.49477257794
 20
-510.6184090035169
 10
1026.41982057794
 20
-510.643312003517
 10
1026.34486957794
 20
-510.6933610035169
 10
1026.34486957794
 20
-510.6933610035169
 10
1026.29482057794
 20
-510.7434090035169
 10
1026.24477257794
 20
-510.8183610035169
 10
1026.24477257794
 20
-510.8183610035169
 10
1026.19472357794
 20
-510.8684090035168
 10
1026.16982057794
 20
-510.9433610035169
 10
1026.16982057794
 20
-510.9433610035169
 10
1026.14491857794
 20
-511.018312003517
 10
1026.14491857794
 20
-511.0933850035169
 10
1026.14491857794
 20
-524.0933850035169
 10
1026.14491857794
 20
-524.0933850035169
 10
1026.14491857794
 20
-524.1683360035169
 10
1026.16982057794
 20
-524.2435310035171
 10
1026.16982057794
 20
-524.2435310035171
 10
1026.19472357794
 20
-524.3182390035169
 10
1026.24477257794
 20
-524.3934340035171
 10
1026.24477257794
 20
-524.3934340035171
 10
1026.29482057794
 20
-524.443239003517
 10
1026.34486957794
 20
-524.493531003517
 10
1026.34486957794
 20
-524.493531003517
 10
1026.41982057794
 20
-524.5433360035169
 10
1026.49477257794
 20
-524.5682390035169
 10
1026.49477257794
 20
-524.5682390035169
 10
1026.56972357794
 20
-524.5933850035169
 10
1026.64491857794
 20
-524.5933850035169
 10
1039.64491857794
 20
-524.5933850035169
 10
1039.64491857794
 20
-524.5933850035169
 10
1039.71986957794
 20
-524.5933850035169
 10
1039.79482057794
 20
-524.5682390035169
 10
1039.79482057794
 20
-524.5682390035169
 10
1039.86977257794
 20
-524.5433360035169
 10
1039.94472357794
 20
-524.493531003517
 10
1039.94472357794
 20
-524.493531003517
 10
1039.99477257794
 20
-524.443239003517
 10
1040.04482057794
 20
-524.3934340035171
 10
1040.04482057794
 20
-524.3934340035171
 10
1040.09486957794
 20
-524.3182390035169
 10
1040.11977257794
 20
-524.2435310035171
 10
1040.11977257794
 20
-524.2435310035171
 10
1040.14491857794
 20
-524.1683360035169
 10
1040.14491857794
 20
-524.0933850035169
 10
1040.14491857794
 20
-511.0933850035169
  0
LWPOLYLINE
  5
BCA3
330
203
100
AcDbEntity
  8
0
100
AcDbPolyline
 90
       64
 70
     0
 43
0.0
 10
1121.11989457794
 20
-511.0933850035169
 10
1121.09486957794
 20
-511.018312003517
 10
1121.09486957794
 20
-510.9433610035169
 10
1121.09486957794
 20
-510.9433610035169
 10
1121.04494257794
 20
-510.8684090035168
 10
1121.01991857794
 20
-510.8183610035169
 10
1121.01991857794
 20
-510.8183610035169
 10
1120.96986957794
 20
-510.7434090035169
 10
1120.89491857794
 20
-510.6933610035169
 10
1120.89491857794
 20
-510.6933610035169
 10
1120.84486957794
 20
-510.643312003517
 10
1120.76991857794
 20
-510.6184090035169
 10
1120.76991857794
 20
-510.6184090035169
 10
1120.69484557794
 20
-510.6184090035169
 10
1120.61989457794
 20
-510.5933850035169
 10
1107.61977257794
 20
-510.5933850035169
 10
1107.61977257794
 20
-510.5933850035169
 10
1107.51991857794
 20
-510.6184090035169
 10
1107.44472357794
 20
-510.6184090035169
 10
1107.44472357794
 20
-510.6184090035169
 10
1107.39491857794
 20
-510.643312003517
 10
1107.31972357794
 20
-510.6933610035169
 10
1107.31972357794
 20
-510.6933610035169
 10
1107.24477257794
 20
-510.7434090035169
 10
1107.19472357794
 20
-510.8183610035169
 10
1107.19472357794
 20
-510.8183610035169
 10
1107.16982057794
 20
-510.8684090035168
 10
1107.14491857794
 20
-510.9433610035169
 10
1107.14491857794
 20
-510.9433610035169
 10
1107.11977257794
 20
-511.018312003517
 10
1107.11977257794
 20
-511.0933850035169
 10
1107.11977257794
 20
-524.0933850035169
 10
1107.11977257794
 20
-524.0933850035169
 10
1107.11977257794
 20
-524.1683360035169
 10
1107.14491857794
 20
-524.2435310035171
 10
1107.14491857794
 20
-524.2435310035171
 10
1107.16982057794
 20
-524.3182390035169
 10
1107.19472357794
 20
-524.3934340035171
 10
1107.19472357794
 20
-524.3934340035171
 10
1107.24477257794
 20
-524.443239003517
 10
1107.31972357794
 20
-524.493531003517
 10
1107.31972357794
 20
-524.493531003517
 10
1107.39491857794
 20
-524.5433360035169
 10
1107.44472357794
 20
-524.5682390035169
 10
1107.44472357794
 20
-524.5682390035169
 10
1107.51991857794
 20
-524.5933850035169
 10
1107.61977257794
 20
-524.5933850035169
 10
1120.61989457794
 20
-524.5933850035169
 10
1120.61989457794
 20
-524.5933850035169
 10
1120.69484557794
 20
-524.5933850035169
 10
1120.76991857794
 20
-524.5682390035169
 10
1120.76991857794
 20
-524.5682390035169
 10
1120.84486957794
 20
-524.5433360035169
 10
1120.89491857794
 20
-524.493531003517
 10
1120.89491857794
 20
-524.493531003517
 10
1120.96986957794
 20
-524.443239003517
 10
1121.01991857794
 20
-524.3934340035171
 10
1121.01991857794
 20
-524.3934340035171
 10
1121.04494257794
 20
-524.3182390035169
 10
1121.09486957794
 20
-524.2435310035171
 10
1121.09486957794
 20
-524.2435310035171
 10
1121.09486957794
 20
-524.1683360035169
 10
1121.11989457794
 20
-524.0933850035169
 10
1121.11989457794
 20
-511.0933850035169
  0
LWPOLYLINE
  5
BCA4
330
203
100
AcDbEntity
  8
0
100
AcDbPolyline
 90
       64
 70
     0
 43
0.0
 10
1144.91994257794
 20
-511.0933850035169
 10
1144.91994257794
 20
-511.018312003517
 10
1144.89491857794
 20
-510.9433610035169
 10
1144.89491857794
 20
-510.9433610035169
 10
1144.86989457794
 20
-510.8684090035168
 10
1144.81984557794
 20
-510.8183610035169
 10
1144.81984557794
 20
-510.8183610035169
 10
1144.76991857794
 20
-510.7434090035169
 10
1144.71986957794
 20
-510.6933610035169
 10
1144.71986957794
 20
-510.6933610035169
 10
1144.64491857794
 20
-510.643312003517
 10
1144.56984557794
 20
-510.6184090035169
 10
1144.56984557794
 20
-510.6184090035169
 10
1144.49489457794
 20
-510.6184090035169
 10
1144.41994257794
 20
-510.5933850035169
 10
1131.41994257794
 20
-510.5933850035169
 10
1131.41994257794
 20
-510.5933850035169
 10
1131.34486957794
 20
-510.6184090035169
 10
1131.26991857794
 20
-510.6184090035169
 10
1131.26991857794
 20
-510.6184090035169
 10
1131.19484557794
 20
-510.643312003517
 10
1131.11989457794
 20
-510.6933610035169
 10
1131.11989457794
 20
-510.6933610035169
 10
1131.06984557794
 20
-510.7434090035169
 10
1131.01991857794
 20
-510.8183610035169
 10
1131.01991857794
 20
-510.8183610035169
 10
1130.96986957794
 20
-510.8684090035168
 10
1130.94484557794
 20
-510.9433610035169
 10
1130.94484557794
 20
-510.9433610035169
 10
1130.91994257794
 20
-511.018312003517
 10
1130.91994257794
 20
-511.0933850035169
 10
1130.91994257794
 20
-524.0933850035169
 10
1130.91994257794
 20
-524.0933850035169
 10
1130.91994257794
 20
-524.1683360035169
 10
1130.94484557794
 20
-524.2435310035171
 10
1130.94484557794
 20
-524.2435310035171
 10
1130.96986957794
 20
-524.3182390035169
 10
1131.01991857794
 20
-524.3934340035171
 10
1131.01991857794
 20
-524.3934340035171
 10
1131.06984557794
 20
-524.443239003517
 10
1131.11989457794
 20
-524.493531003517
 10
1131.11989457794
 20
-524.493531003517
 10
1131.19484557794
 20
-524.5433360035169
 10
1131.26991857794
 20
-524.5682390035169
 10
1131.26991857794
 20
-524.5682390035169
 10
1131.34486957794
 20
-524.5933850035169
 10
1131.41994257794
 20
-524.5933850035169
 10
1144.41994257794
 20
-524.5933850035169
 10
1144.41994257794
 20
-524.5933850035169
 10
1144.49489457794
 20
-524.5933850035169
 10
1144.56984557794
 20
-524.5682390035169
 10
1144.56984557794
 20
-524.5682390035169
 10
1144.64491857794
 20
-524.5433360035169
 10
1144.71986957794
 20
-524.493531003517
 10
1144.71986957794
 20
-524.493531003517
 10
1144.76991857794
 20
-524.443239003517
 10
1144.81984557794
 20
-524.3934340035171
 10
1144.81984557794
 20
-524.3934340035171
 10
1144.86989457794
 20
-524.3182390035169
 10
1144.89491857794
 20
-524.2435310035171
 10
1144.89491857794
 20
-524.2435310035171
 10
1144.91994257794
 20
-524.1683360035169
 10
1144.91994257794
 20
-524.0933850035169
 10
1144.91994257794
 20
-511.0933850035169
  0
LWPOLYLINE
  5
BCA5
330
203
100
AcDbEntity
  8
0
100
AcDbPolyline
 90
       64
 70
     0
 43
0.0
 10
1155.24489457794
 20
-510.5933850035169
 10
1155.14491857794
 20
-510.6184090035169
 10
1155.06984557794
 20
-510.6184090035169
 10
1155.06984557794
 20
-510.6184090035169
 10
1155.01991857794
 20
-510.643312003517
 10
1154.94484557794
 20
-510.6933610035169
 10
1154.94484557794
 20
-510.6933610035169
 10
1154.86989457794
 20
-510.7434090035169
 10
1154.81984557794
 20
-510.8183610035169
 10
1154.81984557794
 20
-510.8183610035169
 10
1154.79494257794
 20
-510.8684090035168
 10
1154.76991857794
 20
-510.9433610035169
 10
1154.76991857794
 20
-510.9433610035169
 10
1154.74489457794
 20
-511.018312003517
 10
1154.74489457794
 20
-511.0933850035169
 10
1154.74489457794
 20
-524.0933850035169
 10
1154.74489457794
 20
-524.0933850035169
 10
1154.74489457794
 20
-524.1683360035169
 10
1154.76991857794
 20
-524.2435310035171
 10
1154.76991857794
 20
-524.2435310035171
 10
1154.79494257794
 20
-524.3182390035169
 10
1154.81984557794
 20
-524.3934340035171
 10
1154.81984557794
 20
-524.3934340035171
 10
1154.86989457794
 20
-524.443239003517
 10
1154.94484557794
 20
-524.493531003517
 10
1154.94484557794
 20
-524.493531003517
 10
1155.01991857794
 20
-524.5433360035169
 10
1155.06984557794
 20
-524.5682390035169
 10
1155.06984557794
 20
-524.5682390035169
 10
1155.14491857794
 20
-524.5933850035169
 10
1155.24489457794
 20
-524.5933850035169
 10
1168.24489457794
 20
-524.5933850035169
 10
1168.24489457794
 20
-524.5933850035169
 10
1168.31984557794
 20
-524.5933850035169
 10
1168.39491857794
 20
-524.5682390035169
 10
1168.39491857794
 20
-524.5682390035169
 10
1168.46986957794
 20
-524.5433360035169
 10
1168.51991857794
 20
-524.493531003517
 10
1168.51991857794
 20
-524.493531003517
 10
1168.59486957794
 20
-524.443239003517
 10
1168.64491857794
 20
-524.3934340035171
 10
1168.64491857794
 20
-524.3934340035171
 10
1168.66994257794
 20
-524.3182390035169
 10
1168.71986957794
 20
-524.2435310035171
 10
1168.71986957794
 20
-524.2435310035171
 10
1168.71986957794
 20
-524.1683360035169
 10
1168.74489457794
 20
-524.0933850035169
 10
1168.74489457794
 20
-511.0933850035169
 10
1168.74489457794
 20
-511.0933850035169
 10
1168.71986957794
 20
-511.018312003517
 10
1168.71986957794
 20
-510.9433610035169
 10
1168.71986957794
 20
-510.9433610035169
 10
1168.66994257794
 20
-510.8684090035168
 10
1168.64491857794
 20
-510.8183610035169
 10
1168.64491857794
 20
-510.8183610035169
 10
1168.59486957794
 20
-510.7434090035169
 10
1168.51991857794
 20
-510.6933610035169
 10
1168.51991857794
 20
-510.6933610035169
 10
1168.46986957794
 20
-510.643312003517
 10
1168.39491857794
 20
-510.6184090035169
 10
1168.39491857794
 20
-510.6184090035169
 10
1168.31984557794
 20
-510.6184090035169
 10
1168.24489457794
 20
-510.5933850035169
 10
1155.24489457794
 20
-510.5933850035169
  0
LWPOLYLINE
  5
BCA7
330
203
100
AcDbEntity
  8
0
100
AcDbPolyline
 90
       64
 70
     0
 43
0.0
 10
979.6449795779402
 20
-510.5933850035169
 10
979.6449795779402
 20
-510.4433610035169
 10
979.5949305779403
 20
-510.2933360035168
 10
979.5949305779403
 20
-510.2933360035168
 10
979.5448815779403
 20
-510.143312003517
 10
979.4447845779401
 20
-510.0183120035169
 10
979.4447845779401
 20
-510.0183120035169
 10
979.3449305779402
 20
-509.8933120035169
 10
979.2448335779402
 20
-509.7933360035169
 10
979.2448335779402
 20
-509.7933360035169
 10
979.0949305779403
 20
-509.7183850035169
 10
978.9447845779402
 20
-509.643312003517
 10
978.9447845779402
 20
-509.643312003517
 10
978.7948815779403
 20
-509.6184090035168
 10
978.6449795779402
 20
-509.5933850035169
 10
973.3449305779403
 20
-509.5933850035169
 10
973.3449305779403
 20
-509.5933850035169
 10
973.1947845779401
 20
-509.6184090035168
 10
973.0448815779404
 20
-509.643312003517
 10
973.0448815779404
 20
-509.643312003517
 10
972.8949795779403
 20
-509.7183850035169
 10
972.7699795779402
 20
-509.7933360035169
 10
972.7699795779402
 20
-509.7933360035169
 10
972.6449795779402
 20
-509.8933120035169
 10
972.5448815779403
 20
-510.0183120035169
 10
972.5448815779403
 20
-510.0183120035169
 10
972.4447845779403
 20
-510.143312003517
 10
972.3949795779402
 20
-510.2933360035168
 10
972.3949795779402
 20
-510.2933360035168
 10
972.3698335779403
 20
-510.4433610035169
 10
972.3449305779404
 20
-510.5933850035169
 10
972.3449305779404
 20
-523.0933850035169
 10
972.3449305779404
 20
-523.0933850035169
 10
972.3698335779403
 20
-523.268434003517
 10
972.3949795779402
 20
-523.4183360035169
 10
972.3949795779402
 20
-523.4183360035169
 10
972.4447845779403
 20
-523.568239003517
 10
972.5448815779403
 20
-523.6932390035169
 10
972.5448815779403
 20
-523.6932390035169
 10
972.6449795779402
 20
-523.8182390035169
 10
972.7699795779402
 20
-523.9183360035169
 10
972.7699795779402
 20
-523.9183360035169
 10
972.8949795779403
 20
-523.993531003517
 10
973.0448815779404
 20
-524.043336003517
 10
973.0448815779404
 20
-524.043336003517
 10
973.1947845779401
 20
-524.0933850035169
 10
973.3449305779403
 20
-524.0933850035169
 10
978.6449795779402
 20
-524.0933850035169
 10
978.6449795779402
 20
-524.0933850035169
 10
978.7948815779403
 20
-524.0933850035169
 10
978.9447845779402
 20
-524.043336003517
 10
978.9447845779402
 20
-524.043336003517
 10
979.0949305779403
 20
-523.993531003517
 10
979.2448335779402
 20
-523.9183360035169
 10
979.2448335779402
 20
-523.9183360035169
 10
979.3449305779402
 20
-523.8182390035169
 10
979.4447845779401
 20
-523.6932390035169
 10
979.4447845779401
 20
-523.6932390035169
 10
979.5448815779403
 20
-523.568239003517
 10
979.5949305779403
 20
-523.4183360035169
 10
979.5949305779403
 20
-523.4183360035169
 10
979.6449795779402
 20
-523.268434003517
 10
979.6449795779402
 20
-523.0933850035169
 10
979.6449795779402
 20
-510.5933850035169
  0
LWPOLYLINE
  5
BCA8
330
203
100
AcDbEntity
  8
0
100
AcDbPolyline
 90
       64
 70
     0
 43
0.0
 10
1087.64491857794
 20
-509.5933850035169
 10
1087.49477257794
 20
-509.6184090035168
 10
1087.34486957794
 20
-509.643312003517
 10
1087.34486957794
 20
-509.643312003517
 10
1087.19472357794
 20
-509.7183850035169
 10
1087.06972357794
 20
-509.7933360035169
 10
1087.06972357794
 20
-509.7933360035169
 10
1086.94472357794
 20
-509.8933120035169
 10
1086.84486957794
 20
-510.0183120035169
 10
1086.84486957794
 20
-510.0183120035169
 10
1086.74477257794
 20
-510.143312003517
 10
1086.69472357794
 20
-510.2933360035168
 10
1086.69472357794
 20
-510.2933360035168
 10
1086.66982057794
 20
-510.4433610035169
 10
1086.64491857794
 20
-510.5933850035169
 10
1086.64491857794
 20
-523.0933850035169
 10
1086.64491857794
 20
-523.0933850035169
 10
1086.66982057794
 20
-523.268434003517
 10
1086.69472357794
 20
-523.4183360035169
 10
1086.69472357794
 20
-523.4183360035169
 10
1086.74477257794
 20
-523.568239003517
 10
1086.84486957794
 20
-523.6932390035169
 10
1086.84486957794
 20
-523.6932390035169
 10
1086.94472357794
 20
-523.8182390035169
 10
1087.06972357794
 20
-523.9183360035169
 10
1087.06972357794
 20
-523.9183360035169
 10
1087.19472357794
 20
-523.993531003517
 10
1087.34486957794
 20
-524.043336003517
 10
1087.34486957794
 20
-524.043336003517
 10
1087.49477257794
 20
-524.0933850035169
 10
1087.64491857794
 20
-524.0933850035169
 10
1092.94472357794
 20
-524.0933850035169
 10
1092.94472357794
 20
-524.0933850035169
 10
1093.09486957794
 20
-524.0933850035169
 10
1093.24477257794
 20
-524.043336003517
 10
1093.24477257794
 20
-524.043336003517
 10
1093.39491857794
 20
-523.993531003517
 10
1093.54482057794
 20
-523.9183360035169
 10
1093.54482057794
 20
-523.9183360035169
 10
1093.64491857794
 20
-523.8182390035169
 10
1093.74477257794
 20
-523.6932390035169
 10
1093.74477257794
 20
-523.6932390035169
 10
1093.84486957794
 20
-523.568239003517
 10
1093.89491857794
 20
-523.4183360035169
 10
1093.89491857794
 20
-523.4183360035169
 10
1093.94472357794
 20
-523.268434003517
 10
1093.94472357794
 20
-523.0933850035169
 10
1093.94472357794
 20
-510.5933850035169
 10
1093.94472357794
 20
-510.5933850035169
 10
1093.94472357794
 20
-510.4433610035169
 10
1093.89491857794
 20
-510.2933360035168
 10
1093.89491857794
 20
-510.2933360035168
 10
1093.84486957794
 20
-510.143312003517
 10
1093.74477257794
 20
-510.0183120035169
 10
1093.74477257794
 20
-510.0183120035169
 10
1093.64491857794
 20
-509.8933120035169
 10
1093.54482057794
 20
-509.7933360035169
 10
1093.54482057794
 20
-509.7933360035169
 10
1093.39491857794
 20
-509.7183850035169
 10
1093.24477257794
 20
-509.643312003517
 10
1093.24477257794
 20
-509.643312003517
 10
1093.09486957794
 20
-509.6184090035168
 10
1092.94472357794
 20
-509.5933850035169
 10
1087.64491857794
 20
-509.5933850035169
  0
LWPOLYLINE
  5
BCA9
330
203
100
AcDbEntity
  8
0
100
AcDbPolyline
 90
       62
 70
     0
 43
0.0
 10
1021.14491857794
 20
-518.3433850035169
 10
1021.26991857794
 20
-518.3433850035169
 10
1021.36977257794
 20
-518.3182390035169
 10
1021.36977257794
 20
-518.3182390035169
 10
1021.49477257794
 20
-518.268434003517
 10
1021.59486957794
 20
-518.2183850035169
 10
1021.59486957794
 20
-518.2183850035169
 10
1021.66982057794
 20
-518.1434340035171
 10
1021.74477257794
 20
-518.0433360035169
 10
1021.74477257794
 20
-518.0433360035169
 10
1021.81972357794
 20
-517.9432390035169
 10
1021.86977257794
 20
-517.8433850035169
 10
1021.86977257794
 20
-517.8433850035169
 10
1021.89491857794
 20
-517.7183850035169
 10
1021.89491857794
 20
-517.5933850035169
 10
1021.89491857794
 20
-517.5933850035169
 10
1021.89491857794
 20
-517.4934090035169
 10
1021.86977257794
 20
-517.3684090035169
 10
1021.86977257794
 20
-517.3684090035169
 10
1021.81972357794
 20
-517.2683120035169
 10
1021.74477257794
 20
-517.1683360035169
 10
1021.74477257794
 20
-517.1683360035169
 10
1021.66982057794
 20
-517.0683610035168
 10
1021.59486957794
 20
-516.9934090035169
 10
1021.59486957794
 20
-516.9934090035169
 10
1021.49477257794
 20
-516.9433610035168
 10
1021.36977257794
 20
-516.8933120035169
 10
1021.36977257794
 20
-516.8933120035169
 10
1021.26991857794
 20
-516.8684090035169
 10
1021.14491857794
 20
-516.8433850035169
 10
984.6449795779403
 20
-516.8433850035169
 10
984.6449795779403
 20
-516.8433850035169
 10
984.5199795779402
 20
-516.8684090035169
 10
984.4198815779403
 20
-516.8933120035169
 10
984.4198815779403
 20
-516.8933120035169
 10
984.2948815779404
 20
-516.9433610035168
 10
984.1947845779403
 20
-516.9934090035169
 10
984.1947845779403
 20
-516.9934090035169
 10
984.1198335779402
 20
-517.0683610035168
 10
984.0448815779403
 20
-517.1683360035169
 10
984.0448815779403
 20
-517.1683360035169
 10
983.9699305779403
 20
-517.2683120035169
 10
983.9447845779401
 20
-517.3684090035169
 10
983.9447845779401
 20
-517.3684090035169
 10
983.8949795779402
 20
-517.4934090035169
 10
983.8949795779402
 20
-517.5933850035169
 10
983.8949795779402
 20
-517.5933850035169
 10
983.8949795779402
 20
-517.7183850035169
 10
983.9447845779401
 20
-517.8433850035169
 10
983.9447845779401
 20
-517.8433850035169
 10
983.9699305779403
 20
-517.9432390035169
 10
984.0448815779403
 20
-518.0433360035169
 10
984.0448815779403
 20
-518.0433360035169
 10
984.1198335779402
 20
-518.1434340035171
 10
984.1947845779403
 20
-518.2183850035169
 10
984.1947845779403
 20
-518.2183850035169
 10
984.2948815779404
 20
-518.268434003517
 10
984.4198815779403
 20
-518.3182390035169
 10
984.4198815779403
 20
-518.3182390035169
 10
984.5199795779402
 20
-518.3433850035169
 10
984.6449795779403
 20
-518.3433850035169
 10
1021.14491857794
 20
-518.3433850035169
  0
LWPOLYLINE
  5
BCAA
330
203
100
AcDbEntity
  8
0
100
AcDbPolyline
 90
       62
 70
     0
 43
0.0
 10
1081.64491857794
 20
-518.3433850035169
 10
1081.76991857794
 20
-518.3433850035169
 10
1081.86977257794
 20
-518.3182390035169
 10
1081.86977257794
 20
-518.3182390035169
 10
1081.99477257794
 20
-518.268434003517
 10
1082.09486957794
 20
-518.2183850035169
 10
1082.09486957794
 20
-518.2183850035169
 10
1082.16982057794
 20
-518.1434340035171
 10
1082.24477257794
 20
-518.0433360035169
 10
1082.24477257794
 20
-518.0433360035169
 10
1082.31972357794
 20
-517.9432390035169
 10
1082.36977257794
 20
-517.8433850035169
 10
1082.36977257794
 20
-517.8433850035169
 10
1082.39491857794
 20
-517.7183850035169
 10
1082.39491857794
 20
-517.5933850035169
 10
1082.39491857794
 20
-517.5933850035169
 10
1082.39491857794
 20
-517.4934090035169
 10
1082.36977257794
 20
-517.3684090035169
 10
1082.36977257794
 20
-517.3684090035169
 10
1082.31972357794
 20
-517.2683120035169
 10
1082.24477257794
 20
-517.1683360035169
 10
1082.24477257794
 20
-517.1683360035169
 10
1082.16982057794
 20
-517.0683610035168
 10
1082.09486957794
 20
-516.9934090035169
 10
1082.09486957794
 20
-516.9934090035169
 10
1081.99477257794
 20
-516.9433610035168
 10
1081.86977257794
 20
-516.8933120035169
 10
1081.86977257794
 20
-516.8933120035169
 10
1081.76991857794
 20
-516.8684090035169
 10
1081.64491857794
 20
-516.8433850035169
 10
1045.14491857794
 20
-516.8433850035169
 10
1045.14491857794
 20
-516.8433850035169
 10
1045.01991857794
 20
-516.8684090035169
 10
1044.91982057794
 20
-516.8933120035169
 10
1044.91982057794
 20
-516.8933120035169
 10
1044.79482057794
 20
-516.9433610035168
 10
1044.69472357794
 20
-516.9934090035169
 10
1044.69472357794
 20
-516.9934090035169
 10
1044.61977257794
 20
-517.0683610035168
 10
1044.54482057794
 20
-517.1683360035169
 10
1044.54482057794
 20
-517.1683360035169
 10
1044.46986957794
 20
-517.2683120035169
 10
1044.44472357794
 20
-517.3684090035169
 10
1044.44472357794
 20
-517.3684090035169
 10
1044.39491857794
 20
-517.4934090035169
 10
1044.39491857794
 20
-517.5933850035169
 10
1044.39491857794
 20
-517.5933850035169
 10
1044.39491857794
 20
-517.7183850035169
 10
1044.44472357794
 20
-517.8433850035169
 10
1044.44472357794
 20
-517.8433850035169
 10
1044.46986957794
 20
-517.9432390035169
 10
1044.54482057794
 20
-518.0433360035169
 10
1044.54482057794
 20
-518.0433360035169
 10
1044.61977257794
 20
-518.1434340035171
 10
1044.69472357794
 20
-518.2183850035169
 10
1044.69472357794
 20
-518.2183850035169
 10
1044.79482057794
 20
-518.268434003517
 10
1044.91982057794
 20
-518.3182390035169
 10
1044.91982057794
 20
-518.3182390035169
 10
1045.01991857794
 20
-518.3433850035169
 10
1045.14491857794
 20
-518.3433850035169
 10
1081.64491857794
 20
-518.3433850035169
  0
CIRCLE
  5
BD08
330
203
100
AcDbEntity
  8
0
  6
Continuous
100
AcDbCircle
 10
965.6448610984469
 20
-517.6022138695697
 30
0.0
 40
2.299999999999999
1001
AcDbBlockRepETag
1070
     1
1071
      360
1005
BD08
  0
CIRCLE
  5
BD09
330
203
100
AcDbEntity
  8
0
  6
Continuous
100
AcDbCircle
 10
965.6448610984469
 20
-517.6022138695697
 30
0.0
 40
1.1
1001
AcDbBlockRepETag
1070
     1
1071
      361
1005
BD09
  0
CIRCLE
  5
BD0B
330
203
100
AcDbEntity
  8
0
  6
Continuous
100
AcDbCircle
 10
1100.644800098447
 20
-517.6022138695697
 30
0.0
 40
2.299999999999999
1001
AcDbBlockRepETag
1070
     1
1071
      360
1005
BD0B
  0
CIRCLE
  5
BD0C
330
203
100
AcDbEntity
  8
0
  6
Continuous
100
AcDbCircle
 10
1100.644800098447
 20
-517.6022138695697
 30
0.0
 40
1.1
1001
AcDbBlockRepETag
1070
     1
1071
      361
1005
BD0C
  0
LINE
  5
BD17
330
203
100
AcDbEntity
  8
0
  6
Continuous
100
AcDbLine
 10
915.7198090779401
 20
-511.3249282317168
 30
0.0
 11
915.7198090779401
 21
-523.8618417753169
 31
0.0
1001
AcDbBlockRepETag
1070
     1
1071
      342
1005
0
  0
LINE
  5
BD18
330
203
100
AcDbEntity
  8
0
  6
Continuous
100
AcDbLine
 10
917.2198090779401
 20
-523.8618417753169
 30
0.0
 11
917.2198090779401
 21
-511.3249282317168
 31
0.0
1001
AcDbBlockRepETag
1070
     1
1071
      345
1005
0
  0
ARC
  5
BD19
330
203
100
AcDbEntity
  8
0
  6
Continuous
100
AcDbCircle
 10
916.4698090779401
 20
-523.8618417753169
 30
0.0
 40
0.75
100
AcDbArc
 50
180.0
 51
0.0
1001
AcDbBlockRepETag
1070
     1
1071
      298
1005
0
  0
ARC
  5
BD1A
330
203
100
AcDbEntity
  8
0
  6
Continuous
100
AcDbCircle
 10
916.4698090779401
 20
-511.3249282317168
 30
0.0
 40
0.75
100
AcDbArc
 50
0.0
 51
180.0
1001
AcDbBlockRepETag
1070
     1
1071
      302
1005
0
  0
LINE
  5
BD2D
330
203
100
AcDbEntity
  8
0
  6
Continuous
100
AcDbLine
 10
939.5198580779402
 20
-511.3249282317168
 30
0.0
 11
939.5198580779402
 21
-523.8618417753169
 31
0.0
1001
AcDbBlockRepETag
1070
     1
1071
      342
1005
0
  0
LINE
  5
BD2E
330
203
100
AcDbEntity
  8
0
  6
Continuous
100
AcDbLine
 10
941.0198580779402
 20
-523.8618417753169
 30
0.0
 11
941.0198580779402
 21
-511.3249282317168
 31
0.0
1001
AcDbBlockRepETag
1070
     1
1071
      345
1005
0
  0
ARC
  5
BD2F
330
203
100
AcDbEntity
  8
0
  6
Continuous
100
AcDbCircle
 10
940.2698580779402
 20
-523.8618417753169
 30
0.0
 40
0.75
100
AcDbArc
 50
180.0
 51
0.0
1001
AcDbBlockRepETag
1070
     1
1071
      298
1005
0
  0
ARC
  5
BD30
330
203
100
AcDbEntity
  8
0
  6
Continuous
100
AcDbCircle
 10
940.2698580779402
 20
-511.3249282317168
 30
0.0
 40
0.75
100
AcDbArc
 50
0.0
 51
180.0
1001
AcDbBlockRepETag
1070
     1
1071
      302
1005
0
  0
LINE
  5
BD3D
330
203
100
AcDbEntity
  8
0
  6
Continuous
100
AcDbLine
 10
1125.26991907794
 20
-511.3249282317168
 30
0.0
 11
1125.26991907794
 21
-523.8618417753169
 31
0.0
1001
AcDbBlockRepETag
1070
     1
1071
      342
1005
0
  0
LINE
  5
BD3E
330
203
100
AcDbEntity
  8
0
  6
Continuous
100
AcDbLine
 10
1126.76991907794
 20
-523.8618417753169
 30
0.0
 11
1126.76991907794
 21
-511.3249282317168
 31
0.0
1001
AcDbBlockRepETag
1070
     1
1071
      345
1005
0
  0
ARC
  5
BD3F
330
203
100
AcDbEntity
  8
0
  6
Continuous
100
AcDbCircle
 10
1126.01991907794
 20
-523.8618417753169
 30
0.0
 40
0.75
100
AcDbArc
 50
180.0
 51
0.0
1001
AcDbBlockRepETag
1070
     1
1071
      298
1005
0
  0
ARC
  5
BD40
330
203
100
AcDbEntity
  8
0
  6
Continuous
100
AcDbCircle
 10
1126.01991907794
 20
-511.3249282317168
 30
0.0
 40
0.75
100
AcDbArc
 50
0.0
 51
180.0
1001
AcDbBlockRepETag
1070
     1
1071
      302
1005
0
  0
LINE
  5
BD4D
330
203
100
AcDbEntity
  8
0
  6
Continuous
100
AcDbLine
 10
1149.06996707794
 20
-511.3249282317168
 30
0.0
 11
1149.06996707794
 21
-523.8618417753169
 31
0.0
1001
AcDbBlockRepETag
1070
     1
1071
      342
1005
0
  0
LINE
  5
BD4E
330
203
100
AcDbEntity
  8
0
  6
Continuous
100
AcDbLine
 10
1150.56996707794
 20
-523.8618417753169
 30
0.0
 11
1150.56996707794
 21
-511.3249282317168
 31
0.0
1001
AcDbBlockRepETag
1070
     1
1071
      345
1005
0
  0
ARC
  5
BD4F
330
203
100
AcDbEntity
  8
0
  6
Continuous
100
AcDbCircle
 10
1149.81996707794
 20
-523.8618417753169
 30
0.0
 40
0.75
100
AcDbArc
 50
180.0
 51
0.0
1001
AcDbBlockRepETag
1070
     1
1071
      298
1005
0
  0
ARC
  5
BD50
330
203
100
AcDbEntity
  8
0
  6
Continuous
100
AcDbCircle
 10
1149.81996707794
 20
-511.3249282317168
 30
0.0
 40
0.75
100
AcDbArc
 50
0.0
 51
180.0
1001
AcDbBlockRepETag
1070
     1
1071
      302
1005
0
  0
ENDSEC
  0
SECTION
  2
OBJECTS
  0
DICTIONARY
  5
C
330
0
100
AcDbDictionary
281
     1
  3
ACAD_ASSOCPERSSUBENTMANAGER
350
BDF1
  3
ACAD_BACKGROUND
350
BC88
  3
ACAD_CIP_PREVIOUS_PRODUCT_INFO
350
B852
  3
ACAD_COLOR
350
589
  3
ACAD_DETAILVIEWSTYLE
350
5A0
  3
ACAD_GROUP
350
D
  3
ACAD_IMAGE_DICT
350
54B
  3
ACAD_IMAGE_VARS
350
54C
  3
ACAD_LAST_SAVED_VERSION_INFO
350
BCAF
  3
ACAD_LAYOUT
350
1A
  3
ACAD_MATERIAL
350
557
  3
ACAD_MLEADERSTYLE
350
59C
  3
ACAD_MLINESTYLE
350
17
  3
ACAD_PLOTSETTINGS
350
19
  3
ACAD_PLOTSTYLENAME
350
E
  3
ACAD_SCALELIST
350
58A
  3
ACAD_SECTIONVIEWSTYLE
350
59E
  3
ACAD_TABLESTYLE
350
54D
  3
ACAD_VISUALSTYLE
350
570
  3
ACDB_RECOMPOSE_DATA
350
BDFB
  3
AcDbVariableDictionary
350
65E
  3
AcDsDecomposeData
350
BE01
  0
DICTIONARY
  5
5A8
330
8
100
AcDbDictionary
280
     1
281
     1
  0
DICTIONARY
  5
7A64
330
2
100
AcDbDictionary
280
     1
281
     1
  3
ACAD_LAYERFILTERS
360
9010
  3
ACAD_LAYERSTATES
360
B871
  3
ACLYDICTIONARY
360
900F
  0
DICTIONARY
  5
B85E
330
10
100
AcDbDictionary
280
     1
281
     1
  3
ADSK_XREC_LAYER_RECONCILED
360
B85F
  0
DICTIONARY
  5
B860
330
7583
100
AcDbDictionary
280
     1
281
     1
  3
ADSK_XREC_LAYER_RECONCILED
360
B861
  0
DICTIONARY
  5
B86A
330
9C30
100
AcDbDictionary
280
     1
281
     1
  3
ADSK_XREC_LAYER_RECONCILED
360
B86B
  0
DICTIONARY
  5
66E
330
203
100
AcDbDictionary
280
     1
281
     1
  3
ACAD_SORTENTS
360
66F
  0
ACDBASSOCPERSSUBENTMANAGER
  5
BDF1
102
{ACAD_REACTORS
330
C
102
}
330
C
100
AcDbAssocPersSubentManager
 90
        1
 90
        3
 90
        0
 90
        2
 90
        0
 90
        0
 90
        0
 90
        0
290
     0
  0
DICTIONARY
  5
BC88
102
{ACAD_REACTORS
330
C
102
}
330
C
100
AcDbDictionary
281
     1
  0
XRECORD
  5
B852
102
{ACAD_REACTORS
330
C
102
}
330
C
100
AcDbXrecord
280
     1
300
ACDMAC
300
2025
300

  0
DICTIONARY
  5
589
102
{ACAD_REACTORS
330
C
102
}
330
C
100
AcDbDictionary
281
     1
  0
DICTIONARY
  5
5A0
102
{ACAD_REACTORS
330
C
102
}
330
C
100
AcDbDictionary
281
     1
  3
Imperial24
350
BC8C
  3
Metric50
350
5A1
  0
DICTIONARY
  5
D
102
{ACAD_REACTORS
330
C
102
}
330
C
100
AcDbDictionary
281
     1
  0
DICTIONARY
  5
54B
330
C
100
AcDbDictionary
281
     1
  3
suit-00-06_img_1
350
550
  3
suit-00-06_img_2
350
551
  3
suit-00-06_img_3
350
552
  0
RASTERVARIABLES
  5
54C
330
C
100
AcDbRasterVariables
 90
        0
 70
     0
 71
     1
 72
     1
  0
XRECORD
  5
BCAF
102
{ACAD_REACTORS
330
C
102
}
330
C
100
AcDbXrecord
280
     1
300
{B746648D-37B9-8343-A263-76BBA977D4C5}
301
{0F4FA204-1A8D-354D-97ED-1A3949CF1BCE}
302
{B746648D-37B9-8343-A263-76BBA977D4C5}
303
/Users/junkibeom/Downloads/SUIT_7u_og.dxf
  0
DICTIONARY
  5
1A
102
{ACAD_REACTORS
330
C
102
}
330
C
100
AcDbDictionary
281
     1
  3
Layout1
350
54F
  3
Model
350
54E
  0
DICTIONARY
  5
557
102
{ACAD_REACTORS
330
C
102
}
330
C
100
AcDbDictionary
281
     1
  3
ByBlock
350
560
  3
ByLayer
350
558
  3
Global
350
568
  0
DICTIONARY
  5
59C
102
{ACAD_REACTORS
330
C
102
}
330
C
100
AcDbDictionary
281
     1
  3
Standard
350
59D
  0
DICTIONARY
  5
17
102
{ACAD_REACTORS
330
C
102
}
330
C
100
AcDbDictionary
281
     1
  3
Standard
350
18
  0
DICTIONARY
  5
19
102
{ACAD_REACTORS
330
C
102
}
330
C
100
AcDbDictionary
281
     1
  0
ACDBDICTIONARYWDFLT
  5
E
102
{ACAD_REACTORS
330
C
102
}
330
C
100
AcDbDictionary
281
     1
  3
Normal
350
F
100
AcDbDictionaryWithDefault
340
F
  0
DICTIONARY
  5
58A
102
{ACAD_REACTORS
330
C
102
}
330
C
100
AcDbDictionary
281
     1
  3
A0
350
58B
  3
A1
350
58C
  3
A2
350
58D
  3
A3
350
58E
  3
A4
350
58F
  3
A5
350
590
  3
A6
350
591
  3
A7
350
592
  3
A8
350
593
  3
A9
350
594
  3
B0
350
595
  3
B1
350
596
  3
B2
350
597
  3
B3
350
598
  3
B4
350
599
  3
B5
350
59A
  3
B6
350
59B
  0
DICTIONARY
  5
59E
102
{ACAD_REACTORS
330
C
102
}
330
C
100
AcDbDictionary
281
     1
  3
Imperial24
350
BC8B
  3
Metric50
350
59F
  0
DICTIONARY
  5
54D
330
C
100
AcDbDictionary
281
     1
  3
Standard
350
553
  0
DICTIONARY
  5
570
102
{ACAD_REACTORS
330
C
102
}
330
C
100
AcDbDictionary
281
     1
  3
2dWireframe
350
576
  3
3D Hidden
350
667
  3
3dWireframe
350
666
  3
Basic
350
575
  3
Brighten
350
57C
  3
ColorChange
350
580
  3
Conceptual
350
579
  3
Dim
350
57B
  3
EdgeColorOff
350
588
  3
Facepattern
350
57F
  3
Flat
350
571
  3
FlatWithEdges
350
572
  3
Gouraud
350
573
  3
GouraudWithEdges
350
574
  3
Hidden
350
578
  3
JitterOff
350
586
  3
Linepattern
350
57E
  3
OverhangOff
350
587
  3
Realistic
350
57A
  3
Shaded
350
585
  3
Shaded with edges
350
584
  3
Shades of Gray
350
581
  3
Sketchy
350
582
  3
Thicken
350
57D
  3
Wireframe
350
577
  3
X-Ray
350
583
  0
XRECORD
  5
BDFB
102
{ACAD_REACTORS
330
C
102
}
330
C
100
AcDbXrecord
280
     1
 90
        1
330
553
  0
DICTIONARY
  5
65E
102
{ACAD_REACTORS
330
C
102
}
330
C
100
AcDbDictionary
281
     1
  3
CANNOSCALE
350
663
  3
CMLEADERSTYLE
350
660
  3
CTABLESTYLE
350
65F
  3
CVIEWDETAILSTYLE
350
661
  3
CVIEWSECTIONSTYLE
350
662
  3
LAYEREVAL
350
B85C
  3
LAYERNOTIFY
350
B85D
  3
LIGHTINGUNITS
350
B85B
  3
MSLTSCALE
350
B85A
  0
DICTIONARY
  5
BE01
102
{ACAD_REACTORS
330
C
102
}
330
C
100
AcDbDictionary
281
     1
  3
AcDsRecords
350
BE03
  3
AcDsSchemas
350
BE02
1001
ACAD
1070
     2
  0
DICTIONARY
  5
9010
102
{ACAD_REACTORS
330
7A64
102
}
330
7A64
100
AcDbDictionary
281
     1
  0
DICTIONARY
  5
B871
102
{ACAD_REACTORS
330
7A64
102
}
330
7A64
100
AcDbDictionary
281
     1
  0
DICTIONARY
  5
900F
102
{ACAD_REACTORS
330
7A64
102
}
330
7A64
100
AcDbDictionary
281
     1
1001
ACAD
1000
<All
  0
XRECORD
  5
B85F
102
{ACAD_REACTORS
330
B85E
102
}
330
B85E
100
AcDbXrecord
280
     1
290
     1
  0
XRECORD
  5
B861
102
{ACAD_REACTORS
330
B860
102
}
330
B860
100
AcDbXrecord
280
     1
290
     1
  0
XRECORD
  5
B86B
102
{ACAD_REACTORS
330
B86A
102
}
330
B86A
100
AcDbXrecord
280
     1
290
     1
  0
SORTENTSTABLE
  5
66F
102
{ACAD_REACTORS
330
66E
102
}
330
66E
100
AcDbSortentsTable
330
203
331
858D
  5
8592
331
858E
  5
8593
331
8591
  5
859D
331
8598
  5
85A1
331
859D
  5
85A9
331
859E
  5
85AA
331
859F
  5
85AB
331
85A7
  5
85B7
331
85A8
  5
85B8
331
85AD
  5
85BD
331
85B2
  5
85C4
331
85B3
  5
85C5
331
85BB
  5
85CC
331
85BE
  5
85CF
331
85BF
  5
85D0
331
85C5
  5
85D9
331
85C6
  5
85DA
331
85CE
  5
85E0
331
85CF
  5
85E1
331
85D0
  5
85E2
331
85D7
  5
85E9
331
85D8
  5
85EB
331
85DF
  5
85F2
331
85E1
  5
85F3
331
85E8
  5
85FC
331
85E9
  5
85FD
331
85EA
  5
85FE
331
85F3
  5
8603
331
85F4
  5
8604
331
85F5
  5
8605
331
85FB
  5
860F
331
85FC
  5
8610
331
8605
  5
8615
331
8606
  5
8616
331
860B
  5
8620
331
860C
  5
8621
331
860D
  5
8622
331
8617
  5
8627
331
8618
  5
8628
331
8619
  5
8629
331
861E
  5
862F
331
861F
  5
8630
331
8625
  5
8635
331
8626
  5
8636
331
862B
  5
863D
331
862C
  5
863E
331
862D
  5
863F
331
8634
  5
8646
331
8635
  5
8647
331
863C
  5
864C
331
863D
  5
864D
331
863E
  5
864E
331
8643
  5
865F
331
8644
  5
8660
331
8655
  5
8665
331
8656
  5
8666
331
865B
  5
866E
331
865C
  5
8683
331
865D
  5
8684
331
869A
  5
86B0
331
869B
  5
86B1
331
869C
  5
86B2
331
86A3
  5
86B3
331
86A4
  5
86B4
331
86A5
  5
86B5
331
86AA
  5
86BC
331
86AB
  5
86BD
331
86B2
  5
86C2
331
86B4
  5
86C4
331
86B7
  5
86C7
331
86B8
  5
86C8
331
86B9
  5
86C9
331
870F
  5
871F
331
8710
  5
8720
331
8711
  5
8721
331
8712
  5
8722
331
8713
  5
8723
331
8714
  5
8724
331
8715
  5
8725
331
8716
  5
8726
331
8717
  5
8727
331
8718
  5
8728
331
8719
  5
8729
331
871A
  5
872A
331
871B
  5
872C
331
871E
  5
8731
331
871F
  5
8733
331
8720
  5
8734
331
8729
  5
8739
331
872A
  5
873A
331
872B
  5
873B
331
8731
  5
8745
331
8732
  5
8746
331
8737
  5
8747
331
8738
  5
8748
331
8739
  5
8749
331
873A
  5
874A
331
873B
  5
874B
331
873C
  5
874C
331
873D
  5
874D
331
873E
  5
874E
331
873F
  5
874F
331
8740
  5
8750
331
8741
  5
8751
331
8742
  5
8752
331
8743
  5
8753
331
8757
  5
8767
331
8758
  5
8768
331
875D
  5
8770
331
875E
  5
8772
331
875F
  5
8773
331
87A7
  5
87BB
331
87A8
  5
87BC
331
87A9
  5
87BD
331
87AA
  5
87C2
331
87AB
  5
87C4
331
87AC
  5
87C5
331
87AD
  5
87C6
331
87AE
  5
87C7
331
87AF
  5
87C8
331
87B0
  5
87C9
331
87B1
  5
87CC
331
87B2
  5
87CD
331
87B3
  5
87CE
331
87BA
  5
87D0
331
87BB
  5
87D1
331
87BC
  5
87D2
331
87C3
  5
87D7
331
87C4
  5
87D8
331
87C9
  5
87DD
331
87CA
  5
87DE
331
87CD
  5
87E1
331
87CE
  5
87E2
331
87CF
  5
87E3
331
87D0
  5
87E6
331
87D1
  5
87E7
331
87D2
  5
87E8
331
87D3
  5
87E9
331
87D4
  5
87EA
331
87D5
  5
87EB
331
87D6
  5
87EC
331
87D7
  5
87ED
331
87D8
  5
87EE
331
87D9
  5
87EF
331
8818
  5
882C
331
8819
  5
882D
331
881A
  5
882E
331
881B
  5
882F
331
881C
  5
8830
331
881D
  5
8831
331
881E
  5
8832
331
881F
  5
8833
331
8820
  5
8834
331
8821
  5
8835
331
8822
  5
8836
331
8823
  5
8837
331
8824
  5
8839
331
8825
  5
883C
331
8826
  5
883E
331
8827
  5
883F
331
8828
  5
8840
331
882B
  5
8843
331
882C
  5
8845
331
882D
  5
8846
331
8836
  5
884C
331
8837
  5
884D
331
883E
  5
8852
331
883F
  5
8853
331
8840
  5
8854
331
8841
  5
8855
331
8842
  5
8856
331
8843
  5
8857
331
8844
  5
8858
331
8845
  5
8859
331
8846
  5
885A
331
8847
  5
885B
331
8848
  5
885C
331
8849
  5
885D
331
884A
  5
885E
331
884B
  5
885F
331
884C
  5
8860
331
884D
  5
8861
331
884E
  5
8862
331
884F
  5
8863
331
8850
  5
8864
331
8851
  5
8866
331
8856
  5
886B
331
8857
  5
886C
331
885D
  5
8871
331
885E
  5
8872
331
88C9
  5
88DD
331
88CA
  5
88DE
331
88CB
  5
88DF
331
88CC
  5
88E0
331
88CD
  5
88E1
331
88CE
  5
88E2
331
88CF
  5
88E3
331
88D0
  5
88E4
331
88D1
  5
88E5
331
88D2
  5
88E6
331
88D3
  5
88E7
331
88D4
  5
88E8
331
88D5
  5
88EC
331
88D6
  5
88EF
331
88D7
  5
88F0
331
88D8
  5
88F2
331
88D9
  5
88F5
331
88DC
  5
88F6
331
88DD
  5
88F7
331
88DE
  5
88FC
331
88E8
  5
88FD
331
88E9
  5
88FE
331
88EA
  5
8903
331
88EF
  5
8904
331
88F0
  5
8905
331
88F3
  5
8909
331
88F4
  5
890A
331
88F5
  5
890B
331
88F6
  5
890C
331
88F7
  5
890D
331
88F8
  5
890E
331
88F9
  5
890F
331
88FA
  5
8910
331
88FB
  5
8911
331
88FC
  5
8912
331
88FD
  5
8913
331
88FE
  5
8914
331
88FF
  5
8915
331
8900
  5
8916
331
8901
  5
8917
331
8902
  5
8969
331
8903
  5
896A
331
8954
  5
896D
331
8956
  5
8993
331
895B
  5
8994
331
895C
  5
8998
331
895D
  5
899E
331
8986
  5
899F
331
8987
  5
89A0
331
8988
  5
89A1
331
8989
  5
89A2
331
898A
  5
89A3
331
898B
  5
89A4
331
898C
  5
89A6
331
898D
  5
89A7
331
898E
  5
89A8
331
898F
  5
89A9
331
8990
  5
89AA
331
8991
  5
89AB
331
8992
  5
89AC
331
8993
  5
89AD
331
8994
  5
89AE
331
8995
  5
89B1
331
8996
  5
89B3
331
8999
  5
89B4
331
899A
  5
89B9
331
899B
  5
89BA
331
89A1
  5
89BE
331
89A2
  5
89C1
331
89A7
  5
89C2
331
89AA
  5
89C3
331
89AB
  5
89C4
331
89AC
  5
89C5
331
89AD
  5
89C6
331
89AE
  5
89C7
331
89AF
  5
89C8
331
89B0
  5
89C9
331
89B1
  5
89CA
331
89B2
  5
8A0B
331
89B3
  5
8A0C
331
89B4
  5
8A1B
331
89B5
  5
8A1D
331
89B6
  5
8A1E
331
89B7
  5
8A1F
331
89B8
  5
8A20
331
89B9
  5
8A21
331
89BA
  5
8A35
331
8A10
  5
8A36
331
8A11
  5
8A37
331
8A13
  5
8A40
331
8A1B
  5
8A43
331
8A1C
  5
8A44
331
8A27
  5
8A4A
331
8A29
  5
8A58
331
8A31
  5
8A5A
331
8A35
  5
8A5F
331
8A36
  5
8A60
331
8A3E
  5
8A65
331
8A3F
  5
8A66
331
8A44
  5
8A72
331
8A45
  5
8A79
331
8A49
  5
8A7A
331
8A51
  5
8A7E
331
8A58
  5
8A8B
331
8A69
  5
8A8C
331
8A6A
  5
8A8D
331
8A6B
  5
8A91
331
8A6C
  5
8A92
331
8A6D
  5
8A93
331
8A6E
  5
8A94
331
8A6F
  5
8A95
331
8A70
  5
8A9A
331
8A83
  5
8A9E
331
8A84
  5
8A9F
331
8A85
  5
8AA0
331
8A86
  5
8AA1
331
8A87
  5
8AA8
331
8A88
  5
8AA9
331
8A89
  5
8AAD
331
8A8A
  5
8AAE
331
8A8B
  5
8AAF
331
8A8C
  5
8AB0
331
8A9F
  5
8AC5
331
8AA0
  5
8AD4
331
8AA1
  5
8AD5
331
8AA2
  5
8AD6
331
8AA3
  5
8AD7
331
8AA4
  5
8AD8
331
8AA5
  5
8AD9
331
8AA6
  5
8ADF
331
8AC9
  5
8B00
331
8ACA
  5
8B04
331
8AEB
  5
8B08
331
8AEC
  5
8B09
331
8AED
  5
8B0A
331
8AEE
  5
8B0B
331
8AEF
  5
8B0C
331
8B09
  5
8B25
331
8B0A
  5
8B28
331
8B0B
  5
8B29
331
8B0C
  5
8B38
331
8B0D
  5
8B39
331
8B20
  5
8B3A
331
8B21
  5
8B47
331
8B22
  5
8B48
331
8B2F
  5
8B49
331
8B30
  5
8B4A
331
8B31
  5
8B4B
331
8B32
  5
8B4C
331
8B33
  5
8B4D
331
8B34
  5
8B4E
331
8B35
  5
8B4F
331
8B36
  5
8B64
331
8B37
  5
8B65
331
8B4C
  5
8B66
331
8B4D
  5
8B67
331
8B4E
  5
8B80
331
8B4F
  5
8B81
331
8B68
  5
8B82
331
8B69
  5
8B83
331
8B6A
  5
8B9E
331
8B6B
  5
8B9F
331
8B86
  5
8BA2
331
8B87
  5
8BA3
331
8B88
  5
8BA4
331
8B89
  5
8BA5
331
8B8A
  5
8BA6
331
8B9D
  5
8BB7
331
8B9E
  5
8BB8
331
8B9F
  5
8BB9
331
8BA0
  5
8BBA
331
8BA1
  5
8BBB
331
8BA2
  5
8BBC
331
8BA3
  5
8BBD
331
8BA4
  5
8BD5
331
8BA5
  5
8BD6
331
8BBD
  5
8BD7
331
8BBE
  5
8BD8
331
8BBF
  5
8BD9
331
8BC0
  5
8BEE
331
8BC1
  5
8BEF
331
8BD6
  5
8BF0
331
8BD7
  5
8BF1
331
8BD8
  5
8BF2
331
8BD9
  5
8BF3
331
8BDA
  5
8BF4
331
8BDB
  5
8BF5
331
8BDC
  5
8BF6
331
8BDD
  5
8BF7
331
8BDE
  5
8C0D
331
8BDF
  5
8C0E
331
8BF5
  5
8C0F
331
8BF6
  5
8C10
331
8BF7
  5
8C11
331
8BF8
  5
8C23
331
8BF9
  5
8C24
331
8C0B
  5
8C25
331
8C0C
  5
8C26
331
8C0D
  5
8C27
331
8C0E
  5
8C28
331
8C0F
  5
8C29
331
8C10
  5
8C2A
331
8C11
  5
8C2B
331
8C12
  5
8C2C
331
8C13
  5
8C2D
331
8C14
  5
8C42
331
8C15
  5
8C43
331
8C2A
  5
8C44
331
8C2B
  5
8C45
331
8C2C
  5
8C46
331
8C2D
  5
8C47
331
8C2E
  5
8C48
331
8C2F
  5
8C49
331
8C30
  5
8C4A
331
8C31
  5
8C4B
331
8C32
  5
8C4C
331
8C33
  5
8C4D
331
8C34
  5
8C4E
331
8C35
  5
8C4F
331
8C36
  5
8C6B
331
8C37
  5
8C6C
331
8C4F
  5
8C6E
331
8C50
  5
8C6F
331
8C51
  5
8C71
331
8C52
  5
8C72
331
8C53
  5
8C73
331
8C54
  5
8C74
331
8C55
  5
8C75
331
8C56
  5
8C99
331
8C57
  5
8C9A
331
8C71
  5
8C9B
331
8C72
  5
8CA1
331
8C73
  5
8CA2
331
8C74
  5
8CA3
331
8C85
  5
8CA4
331
8C86
  5
8CAA
331
8C87
  5
8CAB
331
8C88
  5
8CAC
331
8C89
  5
8CAD
331
8C8A
  5
8CAE
331
8C8B
  5
8CAF
331
8C8C
  5
8CCF
331
8C8D
  5
8CD0
331
8CA9
  5
8CD1
331
8CAA
  5
8CD2
331
8CAB
  5
8CD3
331
8CAC
  5
8CD4
331
8CAD
  5
8CD5
331
8CBC
  5
8CD6
331
8CBD
  5
8CD7
331
8CBE
  5
8CD8
331
8CBF
  5
8CD9
331
8CC0
  5
8CDA
331
8CC1
  5
8CDB
331
8CC2
  5
8CDC
331
8CC3
  5
8CDD
331
8CC4
  5
8CDE
331
8CC5
  5
8CDF
331
8CC6
  5
8CE0
331
8CC7
  5
8CF7
331
8CC8
  5
8CF8
331
8CDF
  5
8CF9
331
8CE0
  5
8CFA
331
8CE1
  5
8CFB
331
8CE2
  5
8CFC
331
8CE3
  5
8CFD
331
8CE4
  5
8CFE
331
8CE5
  5
8CFF
331
8CE6
  5
8D00
331
8CE7
  5
8D01
331
8CE8
  5
8D02
331
8CE9
  5
8D03
331
8CEA
  5
8D22
331
8CEB
  5
8D23
331
8D06
  5
8D26
331
8D07
  5
8D27
331
8D08
  5
8D28
331
8D09
  5
8D29
331
8D0A
  5
8D2A
331
8D0B
  5
8D2B
331
8D0C
  5
8D34
331
8D0D
  5
8D4E
331
8D23
  5
8D53
331
8D24
  5
8D54
331
8D25
  5
8D55
331
8D26
  5
8D56
331
8D39
  5
8D57
331
8D3A
  5
8D58
331
8D3B
  5
8D5D
331
8D3C
  5
8D5E
331
8D3D
  5
8D5F
331
8D3E
  5
8D60
331
8D3F
  5
8D8F
331
8D40
  5
8D90
331
8D5B
  5
8D92
331
8D5C
  5
8D93
331
8D5D
  5
8D94
331
8D5E
  5
8D95
331
8D78
  5
8D96
331
8D79
  5
8D97
331
8D7A
  5
8DB3
331
8D7B
  5
8DC2
331
8D9F
  5
8DC7
331
8DA0
  5
8DC8
331
8DA5
  5
8DCD
331
8DB4
  5
8DCE
331
8DB5
  5
8DCF
331
8DB6
  5
8DD0
331
8DB7
  5
8DD1
331
8DB8
  5
8DD2
331
8DB9
  5
8DD3
331
8DBA
  5
8DEE
331
8DBB
  5
8DEF
331
8DD6
  5
8DF0
331
8DD7
  5
8DF1
331
8DD8
  5
8E06
331
8DD9
  5
8E09
331
8DEC
  5
8E0A
331
8DED
  5
8E0B
331
8DEE
  5
8E0C
331
8DEF
  5
8E0D
331
8DF0
  5
8E0E
331
8DF1
  5
8E1D
331
8DF2
  5
8E1E
331
8E04
  5
8E1F
331
8E05
  5
8E20
331
8E06
  5
8E3E
331
8E07
  5
8E3F
331
8E21
  5
8E51
331
8E2F
  5
8E54
331
8E30
  5
8E57
331
8E3E
  5
8E58
331
8E3F
  5
8E59
331
8E40
  5
8E5A
331
8E41
  5
8E5D
331
8E42
  5
8E6C
331
8E53
  5
8E6D
331
8E54
  5
8E6E
331
8E55
  5
8E6F
331
8E56
  5
8E70
331
8E57
  5
8E71
331
8E58
  5
8E72
331
8E59
  5
8E88
331
8E6C
  5
8E94
331
8E6D
  5
8EA4
331
8E78
  5
8EA5
331
8E81
  5
8EA6
331
8E82
  5
8EAB
331
8E92
  5
8EAC
331
8E93
  5
8EAD
331
8E94
  5
8EAE
331
8E95
  5
8EAF
331
8E96
  5
8EB0
331
8E97
  5
8EB1
331
8E98
  5
8EB2
331
8E99
  5
8EB3
331
8E9A
  5
8EC1
331
8E9B
  5
8EC2
331
8EA9
  5
8EC3
331
8EAA
  5
8EC4
331
8EAB
  5
8EC5
331
8EAC
  5
8ECE
331
8EAD
  5
8ECF
331
8EB6
  5
8ED0
331
8EB7
  5
8ED1
331
8EB8
  5
8ED2
331
8EB9
  5
8ED3
331
8EBA
  5
8ED4
331
8EBB
  5
8ED5
331
8EBC
  5
8EE3
331
8EBD
  5
8EE4
331
8ECD
  5
8EE7
331
8ECE
  5
8EF4
331
8ECF
  5
8EF5
331
8ED8
  5
8EF6
331
8ED9
  5
8EF9
331
8EDA
  5
8EFA
331
8EDB
  5
8EFB
331
8EDC
  5
8EFC
331
8EDD
  5
8EFD
331
8EDE
  5
8EFE
331
8EDF
  5
8F1C
331
8EE0
  5
8F1D
331
8EF8
  5
8F1E
331
8EF9
  5
8F21
331
8EFA
  5
8F24
331
8EFB
  5
8F25
331
8F08
  5
8F26
331
8F09
  5
8F2C
331
8F0A
  5
8F2D
331
8F0B
  5
8F2E
331
8F0C
  5
8F2F
331
8F0D
  5
8F30
331
8F0E
  5
8F31
331
8F0F
  5
8F4D
331
8F10
  5
8F4E
331
8F26
  5
8F4F
331
8F27
  5
8F51
331
8F28
  5
8F52
331
8F29
  5
8F53
331
8F2A
  5
8F54
331
8F3A
  5
8F58
331
8F3B
  5
8F59
331
8F3C
  5
8F5A
331
8F3D
  5
8F5B
331
8F3E
  5
8F64
331
8F3F
  5
8F65
331
8F4C
  5
8F78
331
8F4D
  5
8F79
331
8F52
  5
8F7A
331
8F53
  5
8F7B
331
8F54
  5
8F7C
331
8F55
  5
8F8B
331
8F56
  5
8F8C
331
8F57
  5
8F8D
331
8F58
  5
8F8E
331
8F59
  5
8F8F
331
8F5A
  5
8F91
331
8F5B
  5
8F9C
331
8F6A
  5
8F9D
331
8F6B
  5
8F9E
331
8F6C
  5
8F9F
331
8F6D
  5
8FA5
331
8F6E
  5
8FA6
331
8F7D
  5
8FA7
331
8F7E
  5
8FB4
331
8F7F
  5
8FB5
331
8F80
  5
8FBB
331
8F81
  5
8FBC
331
8F97
  5
8FBD
331
8F98
  5
8FD9
331
8F99
  5
8FDA
331
8FA6
  5
8FDB
331
8FA7
  5
8FDC
331
8FA8
  5
8FDD
331
8FA9
  5
9098
331
8FAA
  5
9099
331
8FAB
  5
909A
331
8FAC
  5
909B
331
8FAD
  5
909C
331
8FAE
  5
909D
331
8FAF
  5
909E
331
8FCB
  5
909F
331
8FCC
  5
90A0
331
8FCD
  5
90A1
331
8FCE
  5
90A2
331
8FCF
  5
90A3
331
AB04
  5
88EA
331
ADBC
  5
910B
331
ADBD
  5
910D
331
ADBE
  5
9376
331
ADBF
  5
9377
331
ADC0
  5
937C
331
ADC1
  5
937E
331
ADC6
  5
9382
331
ADC7
  5
9383
331
ADC8
  5
93A3
331
ADC9
  5
93A4
331
ADD7
  5
93B4
331
ADD8
  5
93B5
331
ADD9
  5
96C6
331
ADDA
  5
96C7
331
ADDB
  5
96C8
331
ADE7
  5
96DA
331
ADEC
  5
96DB
331
ADED
  5
96DC
331
ADEE
  5
96DD
331
ADEF
  5
96DE
331
ADF0
  5
96DF
331
ADF1
  5
96E0
331
ADF2
  5
96E1
331
ADF3
  5
96E2
331
ADF4
  5
96E3
331
ADF5
  5
96E4
331
ADF6
  5
96E5
331
ADF7
  5
96E6
331
ADF8
  5
96E7
331
ADF9
  5
96E8
331
ADFA
  5
96EB
331
ADFB
  5
96EC
331
ADFC
  5
96ED
331
ADFD
  5
96EE
331
ADFE
  5
96EF
331
ADFF
  5
96F0
331
AE00
  5
96F1
331
AE01
  5
96F2
331
AE02
  5
96F3
331
AE03
  5
96F4
331
AE04
  5
96FA
331
AE05
  5
96FB
331
AE06
  5
96FC
331
AE07
  5
96FD
331
AE08
  5
96FE
331
AE09
  5
9701
331
AE0A
  5
9702
331
AE0B
  5
9703
331
AE0C
  5
9704
331
AE0D
  5
9705
331
AE0E
  5
9706
331
AE0F
  5
9707
331
AE10
  5
9708
331
AE11
  5
9709
331
AE12
  5
970A
331
AE13
  5
970B
331
AE14
  5
970C
331
AE15
  5
970D
331
AE16
  5
970E
331
AE17
  5
970F
331
AE18
  5
9710
331
AE19
  5
9711
331
AE1A
  5
A016
331
AE1B
  5
A017
331
AE1C
  5
A018
331
AE1D
  5
A019
331
AE1E
  5
A01A
331
AE1F
  5
A01B
331
AE20
  5
A01C
331
AE21
  5
A01D
331
AE22
  5
A01E
331
AE23
  5
A01F
331
AE24
  5
A020
331
AE25
  5
A023
331
AE26
  5
A024
331
AE27
  5
A025
331
AE28
  5
A026
331
AE2B
  5
A029
331
AE2C
  5
A02A
331
AE2D
  5
A02B
331
AE2E
  5
A02C
331
AE31
  5
A02D
331
AE32
  5
A030
331
AE33
  5
A031
331
AE34
  5
A032
331
AE35
  5
A033
331
AE38
  5
A036
331
AE39
  5
A037
331
AE3A
  5
A038
331
AE3B
  5
A039
331
AE3E
  5
A03C
331
AE3F
  5
A03D
331
AE40
  5
A03E
331
AE41
  5
A03F
331
AE44
  5
A040
331
AE45
  5
A041
331
AE46
  5
A042
331
AE47
  5
A045
331
AE48
  5
A046
331
AE49
  5
A049
331
AE4A
  5
A04A
331
AE4D
  5
A04B
331
AE4E
  5
A04C
331
AE51
  5
A04D
331
AE52
  5
A04E
331
AE53
  5
A04F
331
AE54
  5
A0F3
331
AE55
  5
A0F4
331
AE56
  5
A0F5
331
AE57
  5
A0F6
331
B110
  5
B263
331
B111
  5
B264
331
B112
  5
B265
331
B113
  5
B266
331
B114
  5
B267
331
B115
  5
B268
331
B116
  5
B269
331
B117
  5
B26A
331
B118
  5
B26B
331
B119
  5
B26C
331
B11A
  5
B26D
331
B11B
  5
B26E
331
B11C
  5
B26F
331
B11D
  5
B4D4
331
B11E
  5
B4D5
331
B11F
  5
B4D6
331
B121
  5
B4D7
331
B122
  5
B4D8
331
B123
  5
B4D9
331
B124
  5
B4DA
331
B125
  5
B4DC
331
B126
  5
B4DE
331
B127
  5
B4DF
331
B128
  5
B4E0
331
B129
  5
B4E1
331
B12A
  5
B4E2
331
B12B
  5
B4E3
331
B12D
  5
B4E4
331
B12E
  5
B4E5
331
B130
  5
B4E6
331
B131
  5
B4E7
331
B132
  5
B4E8
331
B133
  5
B4E9
331
B134
  5
B4EA
331
B135
  5
B4EB
331
B136
  5
B4EC
331
B137
  5
B4FD
331
B138
  5
B4FE
331
B139
  5
B4FF
331
B13A
  5
B500
331
B13B
  5
B501
331
B13C
  5
B502
331
B13D
  5
B503
331
B13E
  5
B504
331
B13F
  5
B505
331
B178
  5
B114
331
B179
  5
B115
331
B17A
  5
B116
331
B17B
  5
B117
331
B17C
  5
B118
331
B17D
  5
B119
331
B17E
  5
B11A
331
B17F
  5
B11B
331
B180
  5
B11C
331
B181
  5
B11D
331
B182
  5
B11E
331
B183
  5
B11F
331
B184
  5
B121
331
B185
  5
B122
331
B186
  5
B124
331
B188
  5
B126
331
B189
  5
B127
331
B18B
  5
B128
331
B18C
  5
B12B
331
B18D
  5
B12D
331
B18E
  5
B12E
331
B18F
  5
B130
331
B190
  5
B131
331
B191
  5
B132
331
B192
  5
B133
331
B193
  5
B134
331
B194
  5
B135
331
B195
  5
B136
331
B196
  5
B137
331
B197
  5
B138
331
B198
  5
B139
331
B199
  5
B13A
331
B19A
  5
B13C
331
B19B
  5
B13D
331
B19C
  5
B13E
331
B19D
  5
B13F
331
B19E
  5
B178
331
B19F
  5
B179
331
B1A0
  5
B17A
331
B1A1
  5
B17B
331
B1A2
  5
B17C
331
B1A3
  5
B17D
331
B1A4
  5
B180
331
B1A5
  5
B181
331
B1A6
  5
B182
331
B1A8
  5
B185
331
B1A9
  5
B186
331
B1AA
  5
B187
331
B1AB
  5
B188
331
B1AC
  5
B18A
331
B1AD
  5
B18C
331
B1AE
  5
B18E
331
B1AF
  5
B190
331
B1B0
  5
B192
331
B1B1
  5
B194
331
B1B2
  5
B196
331
B1B3
  5
B198
331
B1B4
  5
B19A
331
B1B6
  5
B19E
331
B1B7
  5
B19F
331
B1B8
  5
B1A0
331
B1BA
  5
B1A2
331
B1BB
  5
B1A3
331
B1BC
  5
B1A4
331
B1BD
  5
B1A5
331
B1BE
  5
B1B2
331
B1BF
  5
B1B3
331
B1C0
  5
B1B4
331
B1C1
  5
B1B5
331
B1C2
  5
B1B6
331
B1C3
  5
B1B7
331
B1C4
  5
B1B8
331
B1C5
  5
B1B9
331
B1C6
  5
B1BA
331
B1C7
  5
B1BB
331
B1C8
  5
B1BC
331
B1C9
  5
B1BD
331
B1CA
  5
B1BE
331
B1CB
  5
B1C0
331
B1CC
  5
B1C1
331
B1CE
  5
B1C4
331
B1CF
  5
B1C5
331
B1D0
  5
B1C6
331
B1D1
  5
B1C7
331
B1D2
  5
B1C8
331
B1D3
  5
B1C9
331
B1D4
  5
B1CA
331
B1D6
  5
B1CC
331
B1D7
  5
B1CD
331
B1D8
  5
B1CE
331
B1D9
  5
B1CF
331
B1DA
  5
B1D0
331
B1DB
  5
B1D1
331
B1DC
  5
B1D2
331
B1DD
  5
B1D3
331
B1DE
  5
B1D4
331
B1DF
  5
B1D5
331
B1E0
  5
B1D6
331
B1E1
  5
B1D7
331
B1E2
  5
B1D8
331
B1E3
  5
B1D9
331
B1E4
  5
B1DA
331
B1E5
  5
B1DB
331
B1E6
  5
B1DC
331
B1E7
  5
B1DD
331
B1E8
  5
B1DE
331
B1E9
  5
B1DF
331
B1EA
  5
B1E0
331
B1EB
  5
B1E1
331
B1EC
  5
B1E2
331
B1ED
  5
B1E3
331
B1EF
  5
B1E5
331
B1F0
  5
B1E6
331
B1F1
  5
B1E7
331
B1F2
  5
B1E9
331
B1F3
  5
B1EB
331
B1F4
  5
B1ED
331
B1F5
  5
B1EF
331
B1F6
  5
B1F1
331
B1F7
  5
B1F3
331
B1F8
  5
B1F5
331
B1F9
  5
B1F7
331
B1FA
  5
B1F9
331
B1FB
  5
B1FA
331
B1FD
  5
B1FC
331
B1FE
  5
B1FD
331
B1FF
  5
B1FE
331
B201
  5
B20C
331
B202
  5
B20D
331
B203
  5
B20E
331
B204
  5
B20F
331
B205
  5
B210
331
B206
  5
B211
331
B207
  5
B212
331
B208
  5
B213
331
B209
  5
B214
331
B20A
  5
B215
331
B20B
  5
B216
331
B20D
  5
B218
331
B20E
  5
B21A
331
B20F
  5
B21B
331
B210
  5
B21C
331
B211
  5
B21E
331
B212
  5
B21F
331
B213
  5
B221
331
B214
  5
B222
331
B215
  5
B224
331
B216
  5
B225
331
B218
  5
B228
331
B219
  5
B22A
331
B21A
  5
B22C
331
B21B
  5
B22F
331
B21D
  5
B231
331
B221
  5
B23F
331
B222
  5
B240
331
B224
  5
B243
331
B225
  5
B245
331
B226
  5
B247
331
B227
  5
B249
331
B229
  5
B251
331
B22B
  5
B254
331
B22D
  5
B25B
331
B22E
  5
B25C
331
B22F
  5
B25D
331
B230
  5
B25E
331
B232
  5
B260
331
B233
  5
B261
331
B234
  5
B262
331
B235
  5
B12A
331
B236
  5
B4DB
331
B237
  5
B4DD
331
B238
  5
B129
331
B239
  5
B506
331
B23A
  5
B507
331
B23B
  5
B508
331
B23C
  5
B509
331
B23D
  5
B50A
331
B23E
  5
B50B
331
B23F
  5
B50C
331
B240
  5
B70E
331
B241
  5
B70F
331
B242
  5
B710
331
B243
  5
B713
331
B244
  5
B714
331
B245
  5
B715
331
B246
  5
B716
331
B247
  5
B717
331
B248
  5
B718
331
B249
  5
B21D
331
B623
  5
B72A
331
B624
  5
B72B
331
B625
  5
B72C
331
B626
  5
B72D
331
B627
  5
B72E
331
B628
  5
B72F
331
B629
  5
B730
331
B62A
  5
B731
331
B62B
  5
B732
331
B62D
  5
B733
331
B62E
  5
B734
331
B62F
  5
B735
331
B644
  5
B736
331
B645
  5
B737
331
B646
  5
B738
331
B647
  5
B739
331
B668
  5
B73A
331
B669
  5
B73B
331
B66A
  5
B73C
331
B66B
  5
B73D
331
B66C
  5
B73E
331
B66D
  5
B73F
331
B674
  5
B1A9
331
B675
  5
B18B
331
B676
  5
B1AD
331
B677
  5
B193
331
B678
  5
B202
331
B679
  5
B1EC
331
B67A
  5
B205
331
B67B
  5
B1F2
331
B67C
  5
B740
331
B67D
  5
B741
331
B67F
  5
B23D
331
B680
  5
B229
331
B6B8
  5
B742
331
B6B9
  5
B743
331
B6BB
  5
B744
331
B6BC
  5
B745
331
B6BD
  5
937F
331
B6BE
  5
910C
331
B6BF
  5
937D
331
B6C0
  5
932A
331
B6F8
  5
B17E
331
B6F9
  5
B17F
331
B706
  5
B746
331
B707
  5
B747
331
B708
  5
B748
331
B709
  5
B749
331
B70A
  5
B74A
331
B70B
  5
B74B
331
B70C
  5
B74C
331
B70D
  5
B74D
331
B70E
  5
B74E
331
B70F
  5
B74F
331
B710
  5
B750
331
B711
  5
B751
331
B712
  5
B752
331
B713
  5
B754
331
B714
  5
B755
331
B715
  5
B756
331
B716
  5
B757
331
B717
  5
B760
331
B718
  5
B1A6
331
B719
  5
B19D
331
B71B
  5
B1A7
331
B71C
  5
B19B
331
B71D
  5
B1A8
331
B71E
  5
B189
331
B71F
  5
B1AB
331
B720
  5
B18F
331
B721
  5
B1AC
331
B722
  5
B191
331
B723
  5
B1AE
331
B724
  5
B195
331
B725
  5
B1AF
331
B726
  5
B197
331
B727
  5
B1B0
331
B728
  5
B199
331
B729
  5
B1BF
331
B72A
  5
B1B1
331
B72B
  5
B761
331
B72C
  5
B762
331
B72D
  5
B763
331
B72E
  5
B764
331
B72F
  5
B1AA
331
B730
  5
B18D
331
B731
  5
B765
331
B732
  5
B766
331
B733
  5
B767
331
B734
  5
B768
331
B735
  5
B769
331
B736
  5
B76A
331
B737
  5
B76B
331
B738
  5
B76C
331
B739
  5
B76D
331
B73A
  5
B76E
331
B73B
  5
B76F
331
B73C
  5
B770
331
B73D
  5
B771
331
B73E
  5
B772
331
B73F
  5
B773
331
B740
  5
B774
331
B741
  5
B219
331
B742
  5
B20B
331
B743
  5
B208
331
B744
  5
B20A
331
B745
  5
B207
331
B746
  5
B1F6
331
B747
  5
B206
331
B748
  5
B1F4
331
B749
  5
B204
331
B74A
  5
B1F0
331
B74B
  5
B203
331
B74C
  5
B1EE
331
B74D
  5
B201
331
B74E
  5
B1EA
331
B74F
  5
B200
331
B750
  5
B1E8
331
B751
  5
B1FF
331
B752
  5
B1F8
331
B754
  5
B775
331
B755
  5
B776
331
B756
  5
B777
331
B757
  5
B778
331
B760
  5
B779
331
B761
  5
B77A
331
B762
  5
B77B
331
B763
  5
B77C
331
B764
  5
B77D
331
B765
  5
B77E
331
B766
  5
B77F
331
B767
  5
B780
331
B768
  5
B781
331
B769
  5
B782
331
B76A
  5
B783
331
B76B
  5
B784
331
B76C
  5
B785
331
B76D
  5
B786
331
B76E
  5
B787
331
B76F
  5
B78C
331
B770
  5
B78D
331
B771
  5
B78E
331
B772
  5
B78F
331
B773
  5
B790
331
B774
  5
B791
331
B775
  5
B792
331
B776
  5
B793
331
B777
  5
B794
331
B778
  5
B795
331
B779
  5
B798
331
B77A
  5
B79A
331
B77B
  5
B79C
331
B77C
  5
B79D
331
B77D
  5
B79E
331
B77E
  5
B79F
331
B77F
  5
B7A0
331
B780
  5
B7A1
331
B781
  5
B7A2
331
B782
  5
B7A3
331
B783
  5
B7A4
331
B784
  5
B7A5
331
B785
  5
B7A6
331
B786
  5
B7A7
331
B787
  5
B7A8
331
B78C
  5
B7A9
331
B78D
  5
B7AA
331
B78E
  5
B7AB
331
B78F
  5
B7AC
331
B790
  5
B7AD
331
B791
  5
B7AE
331
B792
  5
B7AF
331
B793
  5
B7B0
331
B7B8
  5
B7EE
331
B7B9
  5
B7EF
331
B7BA
  5
B259
331
B7BB
  5
B244
331
B7CD
  5
B234
331
B7CE
  5
B236
331
B7D0
  5
B238
331
B7EA
  5
B23A
331
B7EC
  5
B233
331
B7EE
  5
B255
331
B7EF
  5
B256
331
B7F0
  5
B253
331
B7F2
  5
B804
331
B7F3
  5
B805
331
B7F4
  5
B220
331
B7F5
  5
B223
331
B808
  5
B258
331
B809
  5
B242
331
B80A
  5
B23C
331
B80B
  5
B227
  0
ACDBDETAILVIEWSTYLE
  5
BC8C
102
{ACAD_XDICTIONARY
360
BE40
102
}
102
{ACAD_REACTORS
330
5A0
102
}
330
5A0
100
AcDbModelDocViewStyle
 70
     0
  3
Imperial24
290
     0
100
AcDbDetailViewStyle
 70
     0
 71
     0
 90
        3
 71
     1
340
11
 62
   256
 40
0.24
340
0
 62
   256
 40
0.24
300

 40
0.36
280
     3
 71
     2
340
16
 90
       25
 62
   256
 71
     3
340
11
 62
   256
 40
0.24
 90
        1
 40
0.75
 90
        1
300
%<\AcVar ViewType \f "%tc1">% %<\AcVar ViewDetailId>%\PSCALE %<\AcVar ViewScale \f "%sn">%
 71
     4
340
16
 90
       25
 62
   256
340
16
 90
       25
 62
   256
280
     0
  0
ACDBDETAILVIEWSTYLE
  5
5A1
102
{ACAD_XDICTIONARY
360
BE38
102
}
102
{ACAD_REACTORS
330
5A0
102
}
330
5A0
100
AcDbModelDocViewStyle
 70
     0
  3
Metric50
290
     0
100
AcDbDetailViewStyle
 70
     0
 71
     0
 90
        3
 71
     1
340
11
 62
   256
 40
5.0
340
0
 62
   256
 40
5.0
300

 40
0.0
280
     1
 71
     2
340
16
 90
       25
 62
   256
 71
     3
340
11
 62
   256
 40
5.0
 90
        0
 40
15.0
 90
        1
300
%<\AcVar ViewDetailId>% (%<\AcVar ViewScale \f "%sn">%)
 71
     4
340
16
 90
       25
 62
   256
340
16
 90
       25
 62
   256
280
     0
  0
IMAGEDEF
  5
550
102
{ACAD_REACTORS
330
54B
102
}
330
54B
100
AcDbRasterImageDef
 90
        0
  1
suit-00-06_img_1.png
 10
11.0
 20
767.0
 11
0.1693333333
 21
0.1693333333
280
     1
281
     0
  0
IMAGEDEF
  5
551
102
{ACAD_REACTORS
330
54B
102
}
330
54B
100
AcDbRasterImageDef
 90
        0
  1
suit-00-06_img_2.png
 10
2061.0
 20
767.0
 11
0.1693333333
 21
0.1693333333
280
     1
281
     0
  0
IMAGEDEF
  5
552
102
{ACAD_REACTORS
330
54B
102
}
330
54B
100
AcDbRasterImageDef
 90
        0
  1
suit-00-06_img_3.png
 10
2061.0
 20
11.0
 11
0.1693333333
 21
0.1693333333
280
     1
281
     0
  0
LAYOUT
  5
54F
102
{ACAD_REACTORS
330
1A
102
}
330
1A
100
AcDbPlotSettings
  1

  2
none_device
  4
ISO_A3_(420.00_x_297.00_MM)
  6

 40
0.0
 41
0.0
 42
0.0
 43
0.0
 44
420.0
 45
297.0
 46
0.0
 47
0.0
 48
0.0
 49
0.0
140
0.0
141
0.0
142
1.0
143
1.0
 70
     0
 72
     1
 73
     0
 74
     0
  7

 75
     0
147
1.0
 76
     0
 77
     2
 78
   300
148
0.0
149
0.0
100
AcDbLayout
  1
Layout1
 70
     1
 71
     1
 10
0.0
 20
0.0
 11
12.0
 21
9.0
 12
0.0
 22
0.0
 32
0.0
 14
1.000000000000000E+20
 24
1.000000000000000E+20
 34
1.000000000000000E+20
 15
-1.000000000000000E+20
 25
-1.000000000000000E+20
 35
-1.000000000000000E+20
146
0.0
 13
0.0
 23
0.0
 33
0.0
 16
1.0
 26
0.0
 36
0.0
 17
0.0
 27
1.0
 37
0.0
 76
     0
330
204
  0
LAYOUT
  5
54E
102
{ACAD_REACTORS
330
1A
102
}
330
1A
100
AcDbPlotSettings
  1

  2
none_device
  4
ISO_A3_(420.00_x_297.00_MM)
  6

 40
0.0
 41
0.0
 42
0.0
 43
0.0
 44
420.0
 45
297.0
 46
0.0
 47
0.0
 48
0.0
 49
0.0
140
0.0
141
0.0
142
1.0
143
1.0
 70
  1024
 72
     1
 73
     0
 74
     0
  7

 75
     0
147
1.0
 76
     0
 77
     2
 78
   300
148
0.0
149
0.0
100
AcDbLayout
  1
Model
 70
     0
 71
     0
 10
0.0
 20
0.0
 11
420.0
 21
297.0
 12
0.0
 22
0.0
 32
0.0
 14
0.0
 24
0.0
 34
0.0
 15
0.0
 25
0.0
 35
0.0
146
0.0
 13
0.0
 23
0.0
 33
0.0
 16
1.0
 26
0.0
 36
0.0
 17
0.0
 27
1.0
 37
0.0
 76
     0
330
203
331
1F4
  0
MATERIAL
  5
560
102
{ACAD_XDICTIONARY
360
561
102
}
102
{ACAD_REACTORS
330
557
102
}
330
557
100
AcDbMaterial
  1
ByBlock
 72
     0
 43
0.0008202099737533
 43
0.0
 43
0.0
 43
0.0
 43
0.0
 43
0.0008202099737533
 43
0.0
 43
0.0
 43
0.0
 43
0.0
 43
1.0
 43
0.0
 43
0.0
 43
0.0
 43
0.0
 43
1.0
 77
     0
 47
0.0008202099737533
 47
0.0
 47
0.0
 47
0.0
 47
0.0
 47
0.0008202099737533
 47
0.0
 47
0.0
 47
0.0
 47
0.0
 47
1.0
 47
0.0
 47
0.0
 47
0.0
 47
0.0
 47
1.0
171
     0
 49
0.0008202099737533
 49
0.0
 49
0.0
 49
0.0
 49
0.0
 49
0.0008202099737533
 49
0.0
 49
0.0
 49
0.0
 49
0.0
 49
1.0
 49
0.0
 49
0.0
 49
0.0
 49
0.0
 49
1.0
175
     0
142
0.0008202099737533
142
0.0
142
0.0
142
0.0
142
0.0
142
0.0008202099737533
142
0.0
142
0.0
142
0.0
142
0.0
142
1.0
142
0.0
142
0.0
142
0.0
142
0.0
142
1.0
179
     0
144
0.0008202099737533
144
0.0
144
0.0
144
0.0
144
0.0
144
0.0008202099737533
144
0.0
144
0.0
144
0.0
144
0.0
144
1.0
144
0.0
144
0.0
144
0.0
144
0.0
144
1.0
147
0.0008202099737533
147
0.0
147
0.0
147
0.0
147
0.0
147
0.0008202099737533
147
0.0
147
0.0
147
0.0
147
0.0
147
1.0
147
0.0
147
0.0
147
0.0
147
0.0
147
1.0
  0
MATERIAL
  5
558
102
{ACAD_XDICTIONARY
360
559
102
}
102
{ACAD_REACTORS
330
557
102
}
330
557
100
AcDbMaterial
  1
ByLayer
 72
     0
 43
0.0008202099737533
 43
0.0
 43
0.0
 43
0.0
 43
0.0
 43
0.0008202099737533
 43
0.0
 43
0.0
 43
0.0
 43
0.0
 43
1.0
 43
0.0
 43
0.0
 43
0.0
 43
0.0
 43
1.0
 77
     0
 47
0.0008202099737533
 47
0.0
 47
0.0
 47
0.0
 47
0.0
 47
0.0008202099737533
 47
0.0
 47
0.0
 47
0.0
 47
0.0
 47
1.0
 47
0.0
 47
0.0
 47
0.0
 47
0.0
 47
1.0
171
     0
 49
0.0008202099737533
 49
0.0
 49
0.0
 49
0.0
 49
0.0
 49
0.0008202099737533
 49
0.0
 49
0.0
 49
0.0
 49
0.0
 49
1.0
 49
0.0
 49
0.0
 49
0.0
 49
0.0
 49
1.0
175
     0
142
0.0008202099737533
142
0.0
142
0.0
142
0.0
142
0.0
142
0.0008202099737533
142
0.0
142
0.0
142
0.0
142
0.0
142
1.0
142
0.0
142
0.0
142
0.0
142
0.0
142
1.0
179
     0
144
0.0008202099737533
144
0.0
144
0.0
144
0.0
144
0.0
144
0.0008202099737533
144
0.0
144
0.0
144
0.0
144
0.0
144
1.0
144
0.0
144
0.0
144
0.0
144
0.0
144
1.0
147
0.0008202099737533
147
0.0
147
0.0
147
0.0
147
0.0
147
0.0008202099737533
147
0.0
147
0.0
147
0.0
147
0.0
147
1.0
147
0.0
147
0.0
147
0.0
147
0.0
147
1.0
  0
MATERIAL
  5
568
102
{ACAD_XDICTIONARY
360
569
102
}
102
{ACAD_REACTORS
330
557
102
}
330
557
100
AcDbMaterial
  1
Global
 72
     0
 43
0.0008202099737533
 43
0.0
 43
0.0
 43
0.0
 43
0.0
 43
0.0008202099737533
 43
0.0
 43
0.0
 43
0.0
 43
0.0
 43
1.0
 43
0.0
 43
0.0
 43
0.0
 43
0.0
 43
1.0
 77
     0
 47
0.0008202099737533
 47
0.0
 47
0.0
 47
0.0
 47
0.0
 47
0.0008202099737533
 47
0.0
 47
0.0
 47
0.0
 47
0.0
 47
1.0
 47
0.0
 47
0.0
 47
0.0
 47
0.0
 47
1.0
171
     0
 49
0.0008202099737533
 49
0.0
 49
0.0
 49
0.0
 49
0.0
 49
0.0008202099737533
 49
0.0
 49
0.0
 49
0.0
 49
0.0
 49
1.0
 49
0.0
 49
0.0
 49
0.0
 49
0.0
 49
1.0
175
     0
142
0.0008202099737533
142
0.0
142
0.0
142
0.0
142
0.0
142
0.0008202099737533
142
0.0
142
0.0
142
0.0
142
0.0
142
1.0
142
0.0
142
0.0
142
0.0
142
0.0
142
1.0
179
     0
144
0.0008202099737533
144
0.0
144
0.0
144
0.0
144
0.0
144
0.0008202099737533
144
0.0
144
0.0
144
0.0
144
0.0
144
1.0
144
0.0
144
0.0
144
0.0
144
0.0
144
1.0
147
0.0008202099737533
147
0.0
147
0.0
147
0.0
147
0.0
147
0.0008202099737533
147
0.0
147
0.0
147
0.0
147
0.0
147
1.0
147
0.0
147
0.0
147
0.0
147
0.0
147
1.0
  0
MLEADERSTYLE
  5
59D
102
{ACAD_XDICTIONARY
360
BE34
102
}
102
{ACAD_REACTORS
330
59C
102
}
330
59C
100
AcDbMLeaderStyle
179
     2
170
     2
171
     1
172
     0
 90
        2
 40
0.0
 41
0.0
173
     1
 91
-1056964608
340
14
 92
       -2
290
     1
 42
2.0
291
     1
 43
0.36
  3
Standard
 44
4.0
300

342
11
174
     1
178
     6
175
     1
176
     0
 93
-1056964608
 45
4.0
292
     0
297
     0
 46
4.0
 94
-1056964608
 47
1.0
 49
1.0
140
1.0
293
     1
141
0.0
294
     1
177
     0
142
1.0
295
     0
296
     0
143
0.125
271
     0
272
     9
273
     9
  0
MLINESTYLE
  5
18
102
{ACAD_REACTORS
330
17
102
}
330
17
100
AcDbMlineStyle
  2
STANDARD
 70
     0
  3

 62
   256
 51
90.0
 52
90.0
 71
     2
 49
0.5
 62
   256
  6
BYLAYER
 49
-0.5
 62
   256
  6
BYLAYER
  0
ACDBPLACEHOLDER
  5
F
102
{ACAD_REACTORS
330
E
102
}
330
E
  0
SCALE
  5
58B
102
{ACAD_REACTORS
330
58A
102
}
330
58A
100
AcDbScale
 70
     0
300
1:1
140
1.0
141
1.0
290
     1
  0
SCALE
  5
58C
102
{ACAD_REACTORS
330
58A
102
}
330
58A
100
AcDbScale
 70
     0
300
1:2
140
1.0
141
2.0
290
     0
  0
SCALE
  5
58D
102
{ACAD_REACTORS
330
58A
102
}
330
58A
100
AcDbScale
 70
     0
300
1:4
140
1.0
141
4.0
290
     0
  0
SCALE
  5
58E
102
{ACAD_REACTORS
330
58A
102
}
330
58A
100
AcDbScale
 70
     0
300
1:5
140
1.0
141
5.0
290
     0
  0
SCALE
  5
58F
102
{ACAD_REACTORS
330
58A
102
}
330
58A
100
AcDbScale
 70
     0
300
1:8
140
1.0
141
8.0
290
     0
  0
SCALE
  5
590
102
{ACAD_REACTORS
330
58A
102
}
330
58A
100
AcDbScale
 70
     0
300
1:10
140
1.0
141
10.0
290
     0
  0
SCALE
  5
591
102
{ACAD_REACTORS
330
58A
102
}
330
58A
100
AcDbScale
 70
     0
300
1:16
140
1.0
141
16.0
290
     0
  0
SCALE
  5
592
102
{ACAD_REACTORS
330
58A
102
}
330
58A
100
AcDbScale
 70
     0
300
1:20
140
1.0
141
20.0
290
     0
  0
SCALE
  5
593
102
{ACAD_REACTORS
330
58A
102
}
330
58A
100
AcDbScale
 70
     0
300
1:30
140
1.0
141
30.0
290
     0
  0
SCALE
  5
594
102
{ACAD_REACTORS
330
58A
102
}
330
58A
100
AcDbScale
 70
     0
300
1:40
140
1.0
141
40.0
290
     0
  0
SCALE
  5
595
102
{ACAD_REACTORS
330
58A
102
}
330
58A
100
AcDbScale
 70
     0
300
1:50
140
1.0
141
50.0
290
     0
  0
SCALE
  5
596
102
{ACAD_REACTORS
330
58A
102
}
330
58A
100
AcDbScale
 70
     0
300
1:100
140
1.0
141
100.0
290
     0
  0
SCALE
  5
597
102
{ACAD_REACTORS
330
58A
102
}
330
58A
100
AcDbScale
 70
     0
300
2:1
140
2.0
141
1.0
290
     0
  0
SCALE
  5
598
102
{ACAD_REACTORS
330
58A
102
}
330
58A
100
AcDbScale
 70
     0
300
4:1
140
4.0
141
1.0
290
     0
  0
SCALE
  5
599
102
{ACAD_REACTORS
330
58A
102
}
330
58A
100
AcDbScale
 70
     0
300
8:1
140
8.0
141
1.0
290
     0
  0
SCALE
  5
59A
102
{ACAD_REACTORS
330
58A
102
}
330
58A
100
AcDbScale
 70
     0
300
10:1
140
10.0
141
1.0
290
     0
  0
SCALE
  5
59B
102
{ACAD_REACTORS
330
58A
102
}
330
58A
100
AcDbScale
 70
     0
300
100:1
140
100.0
141
1.0
290
     0
  0
ACDBSECTIONVIEWSTYLE
  5
BC8B
102
{ACAD_XDICTIONARY
360
BE3E
102
}
102
{ACAD_REACTORS
330
59E
102
}
330
59E
100
AcDbModelDocViewStyle
 70
     0
  3
Imperial24
290
     0
100
AcDbSectionViewStyle
 70
     0
 71
     0
 90
       78
 71
     1
340
11
 62
   256
 40
0.24
340
0
340
0
 62
   256
 40
0.24
300
I, O, Q, S, X, Z
 40
0.48
 90
        3
 40
0.18
 90
        1
 71
     2
340
16
 90
       25
 62
   256
340
16
 90
       50
 62
   256
 40
0.24
 40
0.0
 40
0.24
 71
     3
340
11
 62
   256
 40
0.24
 90
        1
 40
0.75
 90
        1
300
%<\AcVar ViewType \f "%tc1">% %<\AcVar ViewSectionStartId>%-%<\AcVar ViewSectionEndId>%\PSCALE %<\AcVar ViewScale \f "%sn">%
 71
     4
 62
   256
 62
   257
300
ANSI31
 40
1.0
 90
        0
290
     0
290
     0
 90
        6
 40
0.0
 40
1.570796326794896
 40
0.2617993877991494
 40
1.308996938995747
 40
-0.2617993877991494
 40
1.832595714594046
  0
ACDBSECTIONVIEWSTYLE
  5
59F
102
{ACAD_XDICTIONARY
360
BE36
102
}
102
{ACAD_REACTORS
330
59E
102
}
330
59E
100
AcDbModelDocViewStyle
 70
     0
  3
Metric50
290
     0
100
AcDbSectionViewStyle
 70
     0
 71
     0
 90
      102
 71
     1
340
11
 62
   256
 40
5.0
340
0
340
0
 62
   256
 40
5.0
300
I, O, Q, S, X, Z
 40
10.0
 90
        0
 40
2.5
 90
        0
 71
     2
340
16
 90
       25
 62
   256
340
16
 90
       50
 62
   256
 40
5.0
 40
2.5
 40
5.0
 71
     3
340
11
 62
   256
 40
5.0
 90
        0
 40
15.0
 90
        1
300
%<\AcVar ViewSectionStartId>%-%<\AcVar ViewSectionEndId>% (%<\AcVar ViewScale \f "%sn">%)
 71
     4
 62
   256
 62
   257
300
ANSI31
 40
1.0
 90
        0
290
     0
290
     0
 90
        6
 40
0.0
 40
1.570796326794896
 40
0.2617993877991494
 40
1.308996938995747
 40
-0.2617993877991494
 40
1.832595714594046
  0
TABLESTYLE
  5
553
102
{ACAD_XDICTIONARY
360
5A3
102
}
102
{ACAD_REACTORS
330
54D
102
}
330
54D
100
AcDbTableStyle
280
     0
  3
Standard
 70
     0
 71
     0
 40
0.06
 41
0.06
280
     0
281
     0
  7
STANDARD
140
0.18
170
     1
 62
     0
 63
     7
283
     0
 90
        4
 91
        0
  1

274
    -2
284
     1
 64
     0
275
    -2
285
     1
 65
     0
276
    -2
286
     1
 66
     0
277
    -2
287
     1
 67
     0
278
    -2
288
     1
 68
     0
279
    -2
289
     1
 69
     0
  7
STANDARD
140
0.18
170
     1
 62
     0
 63
     7
283
     0
 90
        4
 91
        0
  1

274
    -2
284
     1
 64
     0
275
    -2
285
     1
 65
     0
276
    -2
286
     1
 66
     0
277
    -2
287
     1
 67
     0
278
    -2
288
     1
 68
     0
279
    -2
289
     1
 69
     0
  7
STANDARD
140
0.18
170
     1
 62
     0
 63
     7
283
     0
 90
        4
 91
        0
  1

274
    -2
284
     1
 64
     0
275
    -2
285
     1
 65
     0
276
    -2
286
     1
 66
     0
277
    -2
287
     1
 67
     0
278
    -2
288
     1
 68
     0
279
    -2
289
     1
 69
     0
  0
VISUALSTYLE
  5
576
102
{ACAD_XDICTIONARY
360
BE0E
102
}
102
{ACAD_REACTORS
330
570
102
}
330
570
100
AcDbVisualStyle
  2
2dWireframe
 70
     4
177
     2
291
     0
 71
     0
176
     1
 72
     2
176
     1
 73
     0
176
     1
 90
        0
176
     1
 40
0.6
176
     1
 41
30.0
176
     1
 63
     7
421
 16777215
176
     1
 74
     1
176
     1
 91
        4
176
     1
 64
     7
176
     1
 65
   257
176
     1
 75
     1
176
     1
175
     1
176
     1
 42
1.0
176
     1
 92
        0
176
     1
 66
   257
176
     1
 43
1.0
176
     1
 76
     1
176
     1
 77
     6
176
     1
 78
     2
176
     1
 67
     7
176
     1
 79
     5
176
     1
170
     0
176
     1
171
     0
176
     1
290
     0
176
     1
 93
        1
176
     1
 44
0.0
176
     1
173
     0
176
     1
1001
ACAD
1000
AcDbSavedByObjectVersion
1070
     0
  0
VISUALSTYLE
  5
667
102
{ACAD_XDICTIONARY
360
BE3C
102
}
102
{ACAD_REACTORS
330
570
102
}
330
570
100
AcDbVisualStyle
  2
3D Hidden
 70
     6
177
     2
291
     0
 71
     1
176
     1
 72
     2
176
     1
 73
     2
176
     1
 90
        0
176
     1
 40
0.6
176
     1
 41
30.0
176
     1
 63
     7
421
 16777215
176
     1
 74
     2
176
     1
 91
        2
176
     1
 64
     7
176
     1
 65
   257
176
     1
 75
     2
176
     1
175
     1
176
     1
 42
40.0
176
     1
 92
        0
176
     1
 66
   257
176
     1
 43
1.0
176
     1
 76
     1
176
     1
 77
     6
176
     1
 78
     2
176
     1
 67
     7
176
     1
 79
     3
176
     1
170
     0
176
     1
171
     0
176
     1
290
     0
176
     1
 93
        1
176
     1
 44
0.0
176
     1
173
     0
176
     1
1001
ACAD
1000
AcDbSavedByObjectVersion
1070
     0
  0
VISUALSTYLE
  5
666
102
{ACAD_XDICTIONARY
360
BE3A
102
}
102
{ACAD_REACTORS
330
570
102
}
330
570
100
AcDbVisualStyle
  2
3dWireframe
 70
     5
177
     2
291
     0
 71
     0
176
     1
 72
     2
176
     1
 73
     0
176
     1
 90
        0
176
     1
 40
0.6
176
     1
 41
30.0
176
     1
 63
     7
421
 16777215
176
     1
 74
     1
176
     1
 91
        4
176
     1
 64
     7
176
     1
 65
   257
176
     1
 75
     1
176
     1
175
     1
176
     1
 42
1.0
176
     1
 92
        0
176
     1
 66
   257
176
     1
 43
1.0
176
     1
 76
     1
176
     1
 77
     6
176
     1
 78
     2
176
     1
 67
     7
176
     1
 79
     5
176
     1
170
     0
176
     1
171
     0
176
     1
290
     0
176
     1
 93
        1
176
     1
 44
0.0
176
     1
173
     0
176
     1
1001
ACAD
1000
AcDbSavedByObjectVersion
1070
     0
  0
VISUALSTYLE
  5
575
102
{ACAD_XDICTIONARY
360
BE0C
102
}
102
{ACAD_REACTORS
330
570
102
}
330
570
100
AcDbVisualStyle
  2
Basic
 70
     7
177
     2
291
     1
 71
     1
176
     1
 72
     0
176
     1
 73
     1
176
     1
 90
        0
176
     1
 40
0.6
176
     1
 41
30.0
176
     1
 63
     7
421
 16777215
176
     1
 74
     0
176
     1
 91
        4
176
     1
 64
     7
176
     1
 65
   257
176
     1
 75
     1
176
     1
175
     1
176
     1
 42
1.0
176
     1
 92
        8
176
     1
 66
     7
176
     1
 43
1.0
176
     1
 76
     1
176
     1
 77
     6
176
     1
 78
     2
176
     1
 67
     7
176
     1
 79
     5
176
     1
170
     0
176
     1
171
     0
176
     1
290
     0
176
     1
 93
        1
176
     1
 44
0.0
176
     1
173
     0
176
     1
1001
ACAD
1000
AcDbSavedByObjectVersion
1070
     0
  0
VISUALSTYLE
  5
57C
102
{ACAD_XDICTIONARY
360
BE1A
102
}
102
{ACAD_REACTORS
330
570
102
}
330
570
100
AcDbVisualStyle
  2
Brighten
 70
    12
177
     2
291
     1
 71
     2
176
     1
 72
     2
176
     1
 73
     0
176
     1
 90
        0
176
     1
 40
0.6
176
     1
 41
30.0
176
     1
 63
     7
421
 16777215
176
     1
 74
     1
176
     1
 91
        4
176
     1
 64
     7
176
     1
 65
   257
176
     1
 75
     1
176
     1
175
     1
176
     1
 42
1.0
176
     1
 92
        8
176
     1
 66
     7
176
     1
 43
1.0
176
     1
 76
     1
176
     1
 77
     6
176
     1
 78
     2
176
     1
 67
     7
176
     1
 79
     5
176
     1
170
     0
176
     1
171
     0
176
     1
290
     0
176
     1
 93
        1
176
     1
 44
50.0
176
     1
173
     0
176
     1
1001
ACAD
1000
AcDbSavedByObjectVersion
1070
     0
  0
VISUALSTYLE
  5
580
102
{ACAD_XDICTIONARY
360
BE22
102
}
102
{ACAD_REACTORS
330
570
102
}
330
570
100
AcDbVisualStyle
  2
ColorChange
 70
    16
177
     2
291
     1
 71
     2
176
     1
 72
     2
176
     1
 73
     3
176
     1
 90
        0
176
     1
 40
0.6
176
     1
 41
30.0
176
     1
 63
     8
421
  8421504
176
     1
 74
     1
176
     1
 91
        4
176
     1
 64
     7
176
     1
 65
   257
176
     1
 75
     1
176
     1
175
     1
176
     1
 42
1.0
176
     1
 92
        8
176
     1
 66
     8
424
  8421504
176
     1
 43
1.0
176
     1
 76
     1
176
     1
 77
     6
176
     1
 78
     2
176
     1
 67
     7
176
     1
 79
     5
176
     1
170
     0
176
     1
171
     0
176
     1
290
     0
176
     1
 93
        1
176
     1
 44
0.0
176
     1
173
     0
176
     1
1001
ACAD
1000
AcDbSavedByObjectVersion
1070
     0
  0
VISUALSTYLE
  5
579
102
{ACAD_XDICTIONARY
360
BE14
102
}
102
{ACAD_REACTORS
330
570
102
}
330
570
100
AcDbVisualStyle
  2
Conceptual
 70
     9
177
     2
291
     0
 71
     3
176
     1
 72
     2
176
     1
 73
     0
176
     1
 90
        0
176
     1
 40
0.6
176
     1
 41
30.0
176
     1
 63
     7
421
 16777215
176
     1
 74
     2
176
     1
 91
        2
176
     1
 64
     7
176
     1
 65
   257
176
     1
 75
     1
176
     1
175
     1
176
     1
 42
179.0
176
     1
 92
        8
176
     1
 66
     7
176
     1
 43
1.0
176
     1
 76
     1
176
     1
 77
     6
176
     1
 78
     2
176
     1
 67
     7
176
     1
 79
     3
176
     1
170
     0
176
     1
171
     0
176
     1
290
     0
176
     1
 93
        1
176
     1
 44
0.0
176
     1
173
     0
176
     1
1001
ACAD
1000
AcDbSavedByObjectVersion
1070
     0
  0
VISUALSTYLE
  5
57B
102
{ACAD_XDICTIONARY
360
BE18
102
}
102
{ACAD_REACTORS
330
570
102
}
330
570
100
AcDbVisualStyle
  2
Dim
 70
    11
177
     2
291
     1
 71
     2
176
     1
 72
     2
176
     1
 73
     0
176
     1
 90
        0
176
     1
 40
0.6
176
     1
 41
30.0
176
     1
 63
     7
421
 16777215
176
     1
 74
     1
176
     1
 91
        4
176
     1
 64
     7
176
     1
 65
   257
176
     1
 75
     1
176
     1
175
     1
176
     1
 42
1.0
176
     1
 92
        8
176
     1
 66
     7
176
     1
 43
1.0
176
     1
 76
     1
176
     1
 77
     6
176
     1
 78
     2
176
     1
 67
     7
176
     1
 79
     5
176
     1
170
     0
176
     1
171
     0
176
     1
290
     0
176
     1
 93
        1
176
     1
 44
-50.0
176
     1
173
     0
176
     1
1001
ACAD
1000
AcDbSavedByObjectVersion
1070
     0
  0
VISUALSTYLE
  5
588
102
{ACAD_XDICTIONARY
360
BE32
102
}
102
{ACAD_REACTORS
330
570
102
}
330
570
100
AcDbVisualStyle
  2
EdgeColorOff
 70
    22
177
     2
291
     1
 71
     2
176
     0
 72
     2
176
     0
 73
     0
176
     0
 90
        0
176
     0
 40
0.6
176
     0
 41
30.0
176
     0
 63
     7
421
 16777215
176
     0
 74
     1
176
     0
 91
        4
176
     0
 64
     7
176
     0
 65
   257
176
     0
 75
     1
176
     0
175
     1
176
     0
 42
1.0
176
     0
 92
        8
176
     2
 66
     7
176
     0
 43
1.0
176
     0
 76
     1
176
     0
 77
     6
176
     0
 78
     2
176
     0
 67
     7
176
     0
 79
     5
176
     0
170
     0
176
     0
171
     0
176
     0
290
     0
176
     0
 93
        1
176
     0
 44
0.0
176
     0
173
     0
176
     0
1001
ACAD
1000
AcDbSavedByObjectVersion
1070
     0
  0
VISUALSTYLE
  5
57F
102
{ACAD_XDICTIONARY
360
BE20
102
}
102
{ACAD_REACTORS
330
570
102
}
330
570
100
AcDbVisualStyle
  2
Facepattern
 70
    15
177
     2
291
     1
 71
     2
176
     1
 72
     2
176
     1
 73
     0
176
     1
 90
        0
176
     1
 40
0.6
176
     1
 41
30.0
176
     1
 63
     7
421
 16777215
176
     1
 74
     1
176
     1
 91
        4
176
     1
 64
     7
176
     1
 65
   257
176
     1
 75
     1
176
     1
175
     1
176
     1
 42
1.0
176
     1
 92
        8
176
     1
 66
     7
176
     1
 43
1.0
176
     1
 76
     1
176
     1
 77
     6
176
     1
 78
     2
176
     1
 67
     7
176
     1
 79
     5
176
     1
170
     0
176
     1
171
     0
176
     1
290
     0
176
     1
 93
        1
176
     1
 44
0.0
176
     1
173
     0
176
     1
1001
ACAD
1000
AcDbSavedByObjectVersion
1070
     0
  0
VISUALSTYLE
  5
571
102
{ACAD_XDICTIONARY
360
BE04
102
}
102
{ACAD_REACTORS
330
570
102
}
330
570
100
AcDbVisualStyle
  2
Flat
 70
     0
177
     2
291
     1
 71
     2
176
     1
 72
     1
176
     1
 73
     1
176
     1
 90
        2
176
     1
 40
0.6
176
     1
 41
30.0
176
     1
 63
     7
421
 16777215
176
     1
 74
     0
176
     1
 91
        0
176
     1
 64
     7
176
     1
 65
   257
176
     1
 75
     1
176
     1
175
     1
176
     1
 42
1.0
176
     1
 92
        8
176
     1
 66
     7
176
     1
 43
1.0
176
     1
 76
     1
176
     1
 77
     6
176
     1
 78
     2
176
     1
 67
     7
176
     1
 79
     5
176
     1
170
     0
176
     1
171
     0
176
     1
290
     0
176
     1
 93
       13
176
     1
 44
0.0
176
     1
173
     0
176
     1
1001
ACAD
1000
AcDbSavedByObjectVersion
1070
     0
  0
VISUALSTYLE
  5
572
102
{ACAD_XDICTIONARY
360
BE06
102
}
102
{ACAD_REACTORS
330
570
102
}
330
570
100
AcDbVisualStyle
  2
FlatWithEdges
 70
     1
177
     2
291
     1
 71
     2
176
     1
 72
     1
176
     1
 73
     1
176
     1
 90
        2
176
     1
 40
0.6
176
     1
 41
30.0
176
     1
 63
     7
421
 16777215
176
     1
 74
     1
176
     1
 91
        0
176
     1
 64
     7
176
     1
 65
   257
176
     1
 75
     1
176
     1
175
     1
176
     1
 42
1.0
176
     1
 92
        0
176
     1
 66
   257
176
     1
 43
1.0
176
     1
 76
     1
176
     1
 77
     6
176
     1
 78
     2
176
     1
 67
     7
176
     1
 79
     5
176
     1
170
     0
176
     1
171
     0
176
     1
290
     0
176
     1
 93
       13
176
     1
 44
0.0
176
     1
173
     0
176
     1
1001
ACAD
1000
AcDbSavedByObjectVersion
1070
     0
  0
VISUALSTYLE
  5
573
102
{ACAD_XDICTIONARY
360
BE08
102
}
102
{ACAD_REACTORS
330
570
102
}
330
570
100
AcDbVisualStyle
  2
Gouraud
 70
     2
177
     2
291
     1
 71
     2
176
     1
 72
     2
176
     1
 73
     1
176
     1
 90
        2
176
     1
 40
0.6
176
     1
 41
30.0
176
     1
 63
     7
421
 16777215
176
     1
 74
     0
176
     1
 91
        0
176
     1
 64
     7
176
     1
 65
   257
176
     1
 75
     1
176
     1
175
     1
176
     1
 42
1.0
176
     1
 92
        0
176
     1
 66
     7
176
     1
 43
1.0
176
     1
 76
     1
176
     1
 77
     6
176
     1
 78
     2
176
     1
 67
     7
176
     1
 79
     5
176
     1
170
     0
176
     1
171
     0
176
     1
290
     0
176
     1
 93
       13
176
     1
 44
0.0
176
     1
173
     0
176
     1
1001
ACAD
1000
AcDbSavedByObjectVersion
1070
     0
  0
VISUALSTYLE
  5
574
102
{ACAD_XDICTIONARY
360
BE0A
102
}
102
{ACAD_REACTORS
330
570
102
}
330
570
100
AcDbVisualStyle
  2
GouraudWithEdges
 70
     3
177
     2
291
     1
 71
     2
176
     1
 72
     2
176
     1
 73
     1
176
     1
 90
        2
176
     1
 40
0.6
176
     1
 41
30.0
176
     1
 63
     7
421
 16777215
176
     1
 74
     1
176
     1
 91
        0
176
     1
 64
     7
176
     1
 65
   257
176
     1
 75
     1
176
     1
175
     1
176
     1
 42
1.0
176
     1
 92
        0
176
     1
 66
   257
176
     1
 43
1.0
176
     1
 76
     1
176
     1
 77
     6
176
     1
 78
     2
176
     1
 67
     7
176
     1
 79
     5
176
     1
170
     0
176
     1
171
     0
176
     1
290
     0
176
     1
 93
       13
176
     1
 44
0.0
176
     1
173
     0
176
     1
1001
ACAD
1000
AcDbSavedByObjectVersion
1070
     0
  0
VISUALSTYLE
  5
578
102
{ACAD_XDICTIONARY
360
BE12
102
}
102
{ACAD_REACTORS
330
570
102
}
330
570
100
AcDbVisualStyle
  2
Hidden
 70
     6
177
     2
291
     0
 71
     1
176
     1
 72
     2
176
     1
 73
     2
176
     1
 90
        0
176
     1
 40
0.6
176
     1
 41
30.0
176
     1
 63
     7
421
 16777215
176
     1
 74
     2
176
     1
 91
        2
176
     1
 64
     7
176
     1
 65
   257
176
     1
 75
     2
176
     1
175
     1
176
     1
 42
40.0
176
     1
 92
        0
176
     1
 66
   257
176
     1
 43
1.0
176
     1
 76
     1
176
     1
 77
     6
176
     1
 78
     2
176
     1
 67
     7
176
     1
 79
     3
176
     1
170
     0
176
     1
171
     0
176
     1
290
     0
176
     1
 93
        1
176
     1
 44
0.0
176
     1
173
     0
176
     1
1001
ACAD
1000
AcDbSavedByObjectVersion
1070
     0
  0
VISUALSTYLE
  5
586
102
{ACAD_XDICTIONARY
360
BE2E
102
}
102
{ACAD_REACTORS
330
570
102
}
330
570
100
AcDbVisualStyle
  2
JitterOff
 70
    20
177
     2
291
     1
 71
     2
176
     0
 72
     2
176
     0
 73
     0
176
     0
 90
        0
176
     0
 40
0.6
176
     0
 41
30.0
176
     0
 63
     7
421
 16777215
176
     0
 74
     1
176
     0
 91
        4
176
     0
 64
     7
176
     0
 65
   257
176
     0
 75
     1
176
     0
175
     1
176
     0
 42
1.0
176
     0
 92
       10
176
     2
 66
     7
176
     0
 43
1.0
176
     0
 76
     1
176
     0
 77
     6
176
     0
 78
     2
176
     0
 67
     7
176
     0
 79
     5
176
     0
170
     0
176
     0
171
     0
176
     0
290
     0
176
     0
 93
        1
176
     0
 44
0.0
176
     0
173
     0
176
     0
1001
ACAD
1000
AcDbSavedByObjectVersion
1070
     0
  0
VISUALSTYLE
  5
57E
102
{ACAD_XDICTIONARY
360
BE1E
102
}
102
{ACAD_REACTORS
330
570
102
}
330
570
100
AcDbVisualStyle
  2
Linepattern
 70
    14
177
     2
291
     1
 71
     2
176
     1
 72
     2
176
     1
 73
     0
176
     1
 90
        0
176
     1
 40
0.6
176
     1
 41
30.0
176
     1
 63
     7
421
 16777215
176
     1
 74
     1
176
     1
 91
        4
176
     1
 64
     7
176
     1
 65
   257
176
     1
 75
     7
176
     1
175
     7
176
     1
 42
1.0
176
     1
 92
        8
176
     1
 66
     7
176
     1
 43
1.0
176
     1
 76
     1
176
     1
 77
     6
176
     1
 78
     2
176
     1
 67
     7
176
     1
 79
     5
176
     1
170
     0
176
     1
171
     0
176
     1
290
     0
176
     1
 93
        1
176
     1
 44
0.0
176
     1
173
     0
176
     1
1001
ACAD
1000
AcDbSavedByObjectVersion
1070
     0
  0
VISUALSTYLE
  5
587
102
{ACAD_XDICTIONARY
360
BE30
102
}
102
{ACAD_REACTORS
330
570
102
}
330
570
100
AcDbVisualStyle
  2
OverhangOff
 70
    21
177
     2
291
     1
 71
     2
176
     0
 72
     2
176
     0
 73
     0
176
     0
 90
        0
176
     0
 40
0.6
176
     0
 41
30.0
176
     0
 63
     7
421
 16777215
176
     0
 74
     1
176
     0
 91
        4
176
     0
 64
     7
176
     0
 65
   257
176
     0
 75
     1
176
     0
175
     1
176
     0
 42
1.0
176
     0
 92
        9
176
     2
 66
     7
176
     0
 43
1.0
176
     0
 76
     1
176
     0
 77
     6
176
     0
 78
     2
176
     0
 67
     7
176
     0
 79
     5
176
     0
170
     0
176
     0
171
     0
176
     0
290
     0
176
     0
 93
        1
176
     0
 44
0.0
176
     0
173
     0
176
     0
1001
ACAD
1000
AcDbSavedByObjectVersion
1070
     0
  0
VISUALSTYLE
  5
57A
102
{ACAD_XDICTIONARY
360
BE16
102
}
102
{ACAD_REACTORS
330
570
102
}
330
570
100
AcDbVisualStyle
  2
Realistic
 70
     8
177
     2
291
     0
 71
     2
176
     1
 72
     2
176
     1
 73
     0
176
     1
 90
        2
176
     1
 40
0.6
176
     1
 41
30.0
176
     1
 63
     7
421
 16777215
176
     1
 74
     0
176
     1
 91
        0
176
     1
 64
     7
176
     1
 65
   257
176
     1
 75
     1
176
     1
175
     1
176
     1
 42
1.0
176
     1
 92
        8
176
     1
 66
   257
176
     1
 43
1.0
176
     1
 76
     1
176
     1
 77
     6
176
     1
 78
     2
176
     1
 67
     7
176
     1
 79
     3
176
     1
170
     0
176
     1
171
     0
176
     1
290
     0
176
     1
 93
       13
176
     1
 44
0.0
176
     1
173
     0
176
     1
1001
ACAD
1000
AcDbSavedByObjectVersion
1070
     0
  0
VISUALSTYLE
  5
585
102
{ACAD_XDICTIONARY
360
BE2C
102
}
102
{ACAD_REACTORS
330
570
102
}
330
570
100
AcDbVisualStyle
  2
Shaded
 70
    27
177
     2
291
     0
 71
     2
176
     1
 72
     2
176
     1
 73
     1
176
     1
 90
        2
176
     1
 40
0.6
176
     1
 41
30.0
176
     1
 63
     7
421
 16777215
176
     1
 74
     0
176
     1
 91
        4
176
     1
 64
     7
176
     1
 65
   257
176
     1
 75
     1
176
     1
175
     1
176
     1
 42
1.0
176
     1
 92
        8
176
     1
 66
   257
176
     1
 43
1.0
176
     1
 76
     1
176
     1
 77
     6
176
     1
 78
     2
176
     1
 67
     8
425
  7895160
176
     1
 79
     3
176
     1
170
     0
176
     1
171
     0
176
     1
290
     0
176
     1
 93
        5
176
     1
 44
0.0
176
     1
173
     0
176
     1
1001
ACAD
1000
AcDbSavedByObjectVersion
1070
     0
  0
VISUALSTYLE
  5
584
102
{ACAD_XDICTIONARY
360
BE2A
102
}
102
{ACAD_REACTORS
330
570
102
}
330
570
100
AcDbVisualStyle
  2
Shaded with edges
 70
    26
177
     2
291
     0
 71
     2
176
     1
 72
     2
176
     1
 73
     1
176
     1
 90
        2
176
     1
 40
0.6
176
     1
 41
30.0
176
     1
 63
     7
421
 16777215
176
     1
 74
     1
176
     1
 91
        2
176
     1
 64
     7
176
     1
 65
   257
176
     1
 75
     2
176
     1
175
     1
176
     1
 42
1.0
176
     1
 92
        8
176
     1
 66
   257
176
     1
 43
1.0
176
     1
 76
     1
176
     1
 77
     6
176
     1
 78
     2
176
     1
 67
     7
176
     1
 79
     3
176
     1
170
     0
176
     1
171
     0
176
     1
290
     0
176
     1
 93
        5
176
     1
 44
0.0
176
     1
173
     0
176
     1
1001
ACAD
1000
AcDbSavedByObjectVersion
1070
     0
  0
VISUALSTYLE
  5
581
102
{ACAD_XDICTIONARY
360
BE24
102
}
102
{ACAD_REACTORS
330
570
102
}
330
570
100
AcDbVisualStyle
  2
Shades of Gray
 70
    23
177
     2
291
     0
 71
     2
176
     1
 72
     2
176
     1
 73
     3
176
     1
 90
        0
176
     1
 40
0.6
176
     1
 41
30.0
176
     1
 63
     7
421
 16777215
176
     1
 74
     2
176
     1
 91
        2
176
     1
 64
     7
176
     1
 65
     7
176
     1
 75
     1
176
     1
175
     1
176
     1
 42
40.0
176
     1
 92
        8
176
     1
 66
     7
176
     1
 43
1.0
176
     1
 76
     1
176
     1
 77
     6
176
     1
 78
     2
176
     1
 67
     7
176
     1
 79
     3
176
     1
170
     0
176
     1
171
     0
176
     1
290
     0
176
     1
 93
        1
176
     1
 44
0.0
176
     1
173
     0
176
     1
1001
ACAD
1000
AcDbSavedByObjectVersion
1070
     0
  0
VISUALSTYLE
  5
582
102
{ACAD_XDICTIONARY
360
BE26
102
}
102
{ACAD_REACTORS
330
570
102
}
330
570
100
AcDbVisualStyle
  2
Sketchy
 70
    24
177
     2
291
     0
 71
     1
176
     1
 72
     2
176
     1
 73
     2
176
     1
 90
        0
176
     1
 40
0.6
176
     1
 41
30.0
176
     1
 63
     7
421
 16777215
176
     1
 74
     2
176
     1
 91
        2
176
     1
 64
     7
176
     1
 65
     7
176
     1
 75
     1
176
     1
175
     1
176
     1
 42
40.0
176
     1
 92
       11
176
     1
 66
     7
176
     1
 43
1.0
176
     1
 76
     1
176
     1
 77
     6
176
     1
 78
     2
176
     1
 67
     7
176
     1
 79
     6
176
     1
170
     0
176
     1
171
     0
176
     1
290
     0
176
     1
 93
        1
176
     1
 44
0.0
176
     1
173
     0
176
     1
1001
ACAD
1000
AcDbSavedByObjectVersion
1070
     0
  0
VISUALSTYLE
  5
57D
102
{ACAD_XDICTIONARY
360
BE1C
102
}
102
{ACAD_REACTORS
330
570
102
}
330
570
100
AcDbVisualStyle
  2
Thicken
 70
    13
177
     2
291
     1
 71
     2
176
     1
 72
     2
176
     1
 73
     0
176
     1
 90
        0
176
     1
 40
0.6
176
     1
 41
30.0
176
     1
 63
     7
421
 16777215
176
     1
 74
     1
176
     1
 91
        4
176
     1
 64
     7
176
     1
 65
   257
176
     1
 75
     1
176
     1
175
     1
176
     1
 42
1.0
176
     1
 92
       12
176
     1
 66
     7
176
     1
 43
1.0
176
     1
 76
     1
176
     1
 77
     6
176
     1
 78
     2
176
     1
 67
     7
176
     1
 79
     5
176
     1
170
     0
176
     1
171
     0
176
     1
290
     0
176
     1
 93
        1
176
     1
 44
0.0
176
     1
173
     0
176
     1
1001
ACAD
1000
AcDbSavedByObjectVersion
1070
     0
  0
VISUALSTYLE
  5
577
102
{ACAD_XDICTIONARY
360
BE10
102
}
102
{ACAD_REACTORS
330
570
102
}
330
570
100
AcDbVisualStyle
  2
Wireframe
 70
     5
177
     2
291
     0
 71
     0
176
     1
 72
     2
176
     1
 73
     0
176
     1
 90
        0
176
     1
 40
0.6
176
     1
 41
30.0
176
     1
 63
     7
421
 16777215
176
     1
 74
     1
176
     1
 91
        4
176
     1
 64
     7
176
     1
 65
   257
176
     1
 75
     1
176
     1
175
     1
176
     1
 42
1.0
176
     1
 92
        0
176
     1
 66
   257
176
     1
 43
1.0
176
     1
 76
     1
176
     1
 77
     6
176
     1
 78
     2
176
     1
 67
     7
176
     1
 79
     3
176
     1
170
     0
176
     1
171
     0
176
     1
290
     0
176
     1
 93
        1
176
     1
 44
0.0
176
     1
173
     0
176
     1
1001
ACAD
1000
AcDbSavedByObjectVersion
1070
     0
  0
VISUALSTYLE
  5
583
102
{ACAD_XDICTIONARY
360
BE28
102
}
102
{ACAD_REACTORS
330
570
102
}
330
570
100
AcDbVisualStyle
  2
X-Ray
 70
    25
177
     2
291
     0
 71
     2
176
     1
 72
     2
176
     1
 73
     1
176
     1
 90
        1
176
     1
 40
0.5
176
     1
 41
30.0
176
     1
 63
     7
421
 16777215
176
     1
 74
     1
176
     1
 91
        0
176
     1
 64
     7
176
     1
 65
   257
176
     1
 75
     1
176
     1
175
     1
176
     1
 42
1.0
176
     1
 92
        8
176
     1
 66
     7
176
     1
 43
1.0
176
     1
 76
     1
176
     1
 77
     6
176
     1
 78
     2
176
     1
 67
     7
176
     1
 79
     3
176
     1
170
     0
176
     1
171
     0
176
     1
290
     0
176
     1
 93
       13
176
     1
 44
0.0
176
     1
173
     0
176
     1
1001
ACAD
1000
AcDbSavedByObjectVersion
1070
     0
  0
DICTIONARYVAR
  5
663
102
{ACAD_REACTORS
330
65E
102
}
330
65E
100
DictionaryVariables
280
     0
  1
1:1
  0
DICTIONARYVAR
  5
660
102
{ACAD_REACTORS
330
65E
102
}
330
65E
100
DictionaryVariables
280
     0
  1
STANDARD
  0
DICTIONARYVAR
  5
65F
102
{ACAD_REACTORS
330
65E
102
}
330
65E
100
DictionaryVariables
280
     0
  1
STANDARD
  0
DICTIONARYVAR
  5
661
102
{ACAD_REACTORS
330
65E
102
}
330
65E
100
DictionaryVariables
280
     0
  1
Metric50
  0
DICTIONARYVAR
  5
662
102
{ACAD_REACTORS
330
65E
102
}
330
65E
100
DictionaryVariables
280
     0
  1
Metric50
  0
DICTIONARYVAR
  5
B85C
102
{ACAD_REACTORS
330
65E
102
}
330
65E
100
DictionaryVariables
280
     0
  1
1
  0
DICTIONARYVAR
  5
B85D
102
{ACAD_REACTORS
330
65E
102
}
330
65E
100
DictionaryVariables
280
     0
  1
15
  0
DICTIONARYVAR
  5
B85B
102
{ACAD_REACTORS
330
65E
102
}
330
65E
100
DictionaryVariables
280
     0
  1
0
  0
DICTIONARYVAR
  5
B85A
102
{ACAD_REACTORS
330
65E
102
}
330
65E
100
DictionaryVariables
280
     0
  1
0
  0
DICTIONARY
  5
BE03
102
{ACAD_REACTORS
330
BE01
102
}
330
BE01
100
AcDbDictionary
281
     1
  0
DICTIONARY
  5
BE02
102
{ACAD_REACTORS
330
BE01
102
}
330
BE01
100
AcDbDictionary
281
     1
  3
140261328707136
350
BDFC
  3
140261328707152
350
BDFD
  3
140261328707168
350
BDFE
  3
140261328707184
350
BDFF
  3
140261328707200
350
BE00
  0
DICTIONARY
  5
BE40
330
BC8C
100
AcDbDictionary
280
     1
281
     1
  3
ACAD_XREC_ROUNDTRIP
360
BE41
  0
DICTIONARY
  5
BE38
330
5A1
100
AcDbDictionary
280
     1
281
     1
  3
ACAD_XREC_ROUNDTRIP
360
BE39
  0
DICTIONARY
  5
561
330
560
100
AcDbDictionary
280
     1
281
     1
  3
BUMPTILE
360
563
  3
DIFFUSETILE
360
562
  3
OPACITYTILE
360
566
  3
REFLECTIONTILE
360
565
  3
REFRACTIONTILE
360
567
  3
SPECULARTILE
360
564
  0
DICTIONARY
  5
559
330
558
100
AcDbDictionary
280
     1
281
     1
  3
BUMPTILE
360
55B
  3
DIFFUSETILE
360
55A
  3
OPACITYTILE
360
55E
  3
REFLECTIONTILE
360
55D
  3
REFRACTIONTILE
360
55F
  3
SPECULARTILE
360
55C
  0
DICTIONARY
  5
569
330
568
100
AcDbDictionary
280
     1
281
     1
  3
BUMPTILE
360
56B
  3
DIFFUSETILE
360
56A
  3
OPACITYTILE
360
56E
  3
REFLECTIONTILE
360
56D
  3
REFRACTIONTILE
360
56F
  3
SPECULARTILE
360
56C
  0
DICTIONARY
  5
BE34
330
59D
100
AcDbDictionary
280
     1
281
     1
  3
ACAD_XREC_ROUNDTRIP
360
BE35
  0
DICTIONARY
  5
BE3E
330
BC8B
100
AcDbDictionary
280
     1
281
     1
  3
ACAD_XREC_ROUNDTRIP
360
BE3F
  0
DICTIONARY
  5
BE36
330
59F
100
AcDbDictionary
280
     1
281
     1
  3
ACAD_XREC_ROUNDTRIP
360
BE37
  0
DICTIONARY
  5
5A3
330
553
100
AcDbDictionary
280
     1
281
     1
  3
ACAD_ROUNDTRIP_2008_TABLESTYLE_CELLSTYLEMAP
360
BDFA
  0
DICTIONARY
  5
BE0E
330
576
100
AcDbDictionary
280
     1
281
     1
  3
ACAD_XREC_ROUNDTRIP
360
BE0F
  0
DICTIONARY
  5
BE3C
330
667
100
AcDbDictionary
280
     1
281
     1
  3
ACAD_XREC_ROUNDTRIP
360
BE3D
  0
DICTIONARY
  5
BE3A
330
666
100
AcDbDictionary
280
     1
281
     1
  3
ACAD_XREC_ROUNDTRIP
360
BE3B
  0
DICTIONARY
  5
BE0C
330
575
100
AcDbDictionary
280
     1
281
     1
  3
ACAD_XREC_ROUNDTRIP
360
BE0D
  0
DICTIONARY
  5
BE1A
330
57C
100
AcDbDictionary
280
     1
281
     1
  3
ACAD_XREC_ROUNDTRIP
360
BE1B
  0
DICTIONARY
  5
BE22
330
580
100
AcDbDictionary
280
     1
281
     1
  3
ACAD_XREC_ROUNDTRIP
360
BE23
  0
DICTIONARY
  5
BE14
330
579
100
AcDbDictionary
280
     1
281
     1
  3
ACAD_XREC_ROUNDTRIP
360
BE15
  0
DICTIONARY
  5
BE18
330
57B
100
AcDbDictionary
280
     1
281
     1
  3
ACAD_XREC_ROUNDTRIP
360
BE19
  0
DICTIONARY
  5
BE32
330
588
100
AcDbDictionary
280
     1
281
     1
  3
ACAD_XREC_ROUNDTRIP
360
BE33
  0
DICTIONARY
  5
BE20
330
57F
100
AcDbDictionary
280
     1
281
     1
  3
ACAD_XREC_ROUNDTRIP
360
BE21
  0
DICTIONARY
  5
BE04
330
571
100
AcDbDictionary
280
     1
281
     1
  3
ACAD_XREC_ROUNDTRIP
360
BE05
  0
DICTIONARY
  5
BE06
330
572
100
AcDbDictionary
280
     1
281
     1
  3
ACAD_XREC_ROUNDTRIP
360
BE07
  0
DICTIONARY
  5
BE08
330
573
100
AcDbDictionary
280
     1
281
     1
  3
ACAD_XREC_ROUNDTRIP
360
BE09
  0
DICTIONARY
  5
BE0A
330
574
100
AcDbDictionary
280
     1
281
     1
  3
ACAD_XREC_ROUNDTRIP
360
BE0B
  0
DICTIONARY
  5
BE12
330
578
100
AcDbDictionary
280
     1
281
     1
  3
ACAD_XREC_ROUNDTRIP
360
BE13
  0
DICTIONARY
  5
BE2E
330
586
100
AcDbDictionary
280
     1
281
     1
  3
ACAD_XREC_ROUNDTRIP
360
BE2F
  0
DICTIONARY
  5
BE1E
330
57E
100
AcDbDictionary
280
     1
281
     1
  3
ACAD_XREC_ROUNDTRIP
360
BE1F
  0
DICTIONARY
  5
BE30
330
587
100
AcDbDictionary
280
     1
281
     1
  3
ACAD_XREC_ROUNDTRIP
360
BE31
  0
DICTIONARY
  5
BE16
330
57A
100
AcDbDictionary
280
     1
281
     1
  3
ACAD_XREC_ROUNDTRIP
360
BE17
  0
DICTIONARY
  5
BE2C
330
585
100
AcDbDictionary
280
     1
281
     1
  3
ACAD_XREC_ROUNDTRIP
360
BE2D
  0
DICTIONARY
  5
BE2A
330
584
100
AcDbDictionary
280
     1
281
     1
  3
ACAD_XREC_ROUNDTRIP
360
BE2B
  0
DICTIONARY
  5
BE24
330
581
100
AcDbDictionary
280
     1
281
     1
  3
ACAD_XREC_ROUNDTRIP
360
BE25
  0
DICTIONARY
  5
BE26
330
582
100
AcDbDictionary
280
     1
281
     1
  3
ACAD_XREC_ROUNDTRIP
360
BE27
  0
DICTIONARY
  5
BE1C
330
57D
100
AcDbDictionary
280
     1
281
     1
  3
ACAD_XREC_ROUNDTRIP
360
BE1D
  0
DICTIONARY
  5
BE10
330
577
100
AcDbDictionary
280
     1
281
     1
  3
ACAD_XREC_ROUNDTRIP
360
BE11
  0
DICTIONARY
  5
BE28
330
583
100
AcDbDictionary
280
     1
281
     1
  3
ACAD_XREC_ROUNDTRIP
360
BE29
  0
XRECORD
  5
BDFC
102
{ACAD_REACTORS
330
BE02
102
}
330
BE02
100
AcDbXrecord
280
     1
  1
AcDb_Thumbnail_Schema
102
{ATTRRECORD
341
BDFD
  2
AcDbDs::TreatedAsObjectData
280
     1
291
     1
102
ATTRRECORD}
102
{ATTRRECORD
341
BDFE
  2
AcDbDs::Legacy
280
     1
291
     1
102
ATTRRECORD}
  2
AcDbDs::ID
280
    10
 91
        8
102
{ATTRRECORD
341
BDFF
  2
AcDs:Indexable
280
     1
291
     1
102
ATTRRECORD}
102
{ATTRRECORD
341
BE00
  2
AcDbDs::HandleAttribute
280
     7
282
     1
102
ATTRRECORD}
  2
Thumbnail_Data
280
    15
 91
        0
  0
XRECORD
  5
BDFD
102
{ACAD_REACTORS
330
BE02
102
}
330
BE02
100
AcDbXrecord
280
     1
  1
AcDbDs::TreatedAsObjectDataSchema
  2
AcDbDs::TreatedAsObjectData
280
     1
 91
        0
  0
XRECORD
  5
BDFE
102
{ACAD_REACTORS
330
BE02
102
}
330
BE02
100
AcDbXrecord
280
     1
  1
AcDbDs::LegacySchema
  2
AcDbDs::Legacy
280
     1
 91
        0
  0
XRECORD
  5
BDFF
102
{ACAD_REACTORS
330
BE02
102
}
330
BE02
100
AcDbXrecord
280
     1
  1
AcDbDs::IndexedPropertySchema
  2
AcDs:Indexable
280
     1
 91
        0
  0
XRECORD
  5
BE00
102
{ACAD_REACTORS
330
BE02
102
}
330
BE02
100
AcDbXrecord
280
     1
  1
AcDbDs::HandleAttributeSchema
  2
AcDbDs::HandleAttribute
280
     7
 91
        1
284
     1
  0
XRECORD
  5
BE41
102
{ACAD_REACTORS
330
BE40
102
}
330
BE40
100
AcDbXrecord
280
     1
102
DISPLAYNAME
  1
Imperial24
102
FLAGS
 90
        0
  0
XRECORD
  5
BE39
102
{ACAD_REACTORS
330
BE38
102
}
330
BE38
100
AcDbXrecord
280
     1
102
DISPLAYNAME
  1
Metric50
102
FLAGS
 90
        0
  0
XRECORD
  5
563
102
{ACAD_REACTORS
330
561
102
}
330
561
100
AcDbXrecord
280
     1
270
     1
271
     1
  0
XRECORD
  5
562
102
{ACAD_REACTORS
330
561
102
}
330
561
100
AcDbXrecord
280
     1
270
     1
271
     1
  0
XRECORD
  5
566
102
{ACAD_REACTORS
330
561
102
}
330
561
100
AcDbXrecord
280
     1
270
     1
271
     1
  0
XRECORD
  5
565
102
{ACAD_REACTORS
330
561
102
}
330
561
100
AcDbXrecord
280
     1
270
     1
271
     1
  0
XRECORD
  5
567
102
{ACAD_REACTORS
330
561
102
}
330
561
100
AcDbXrecord
280
     1
270
     1
271
     1
  0
XRECORD
  5
564
102
{ACAD_REACTORS
330
561
102
}
330
561
100
AcDbXrecord
280
     1
270
     1
271
     1
  0
XRECORD
  5
55B
102
{ACAD_REACTORS
330
559
102
}
330
559
100
AcDbXrecord
280
     1
270
     1
271
     1
  0
XRECORD
  5
55A
102
{ACAD_REACTORS
330
559
102
}
330
559
100
AcDbXrecord
280
     1
270
     1
271
     1
  0
XRECORD
  5
55E
102
{ACAD_REACTORS
330
559
102
}
330
559
100
AcDbXrecord
280
     1
270
     1
271
     1
  0
XRECORD
  5
55D
102
{ACAD_REACTORS
330
559
102
}
330
559
100
AcDbXrecord
280
     1
270
     1
271
     1
  0
XRECORD
  5
55F
102
{ACAD_REACTORS
330
559
102
}
330
559
100
AcDbXrecord
280
     1
270
     1
271
     1
  0
XRECORD
  5
55C
102
{ACAD_REACTORS
330
559
102
}
330
559
100
AcDbXrecord
280
     1
270
     1
271
     1
  0
XRECORD
  5
56B
102
{ACAD_REACTORS
330
569
102
}
330
569
100
AcDbXrecord
280
     1
270
     1
271
     1
  0
XRECORD
  5
56A
102
{ACAD_REACTORS
330
569
102
}
330
569
100
AcDbXrecord
280
     1
270
     1
271
     1
  0
XRECORD
  5
56E
102
{ACAD_REACTORS
330
569
102
}
330
569
100
AcDbXrecord
280
     1
270
     1
271
     1
  0
XRECORD
  5
56D
102
{ACAD_REACTORS
330
569
102
}
330
569
100
AcDbXrecord
280
     1
270
     1
271
     1
  0
XRECORD
  5
56F
102
{ACAD_REACTORS
330
569
102
}
330
569
100
AcDbXrecord
280
     1
270
     1
271
     1
  0
XRECORD
  5
56C
102
{ACAD_REACTORS
330
569
102
}
330
569
100
AcDbXrecord
280
     1
270
     1
271
     1
  0
XRECORD
  5
BE35
102
{ACAD_REACTORS
330
BE34
102
}
330
BE34
100
AcDbXrecord
280
     1
102
ACAD_ROUNDTRIP_2012_MLEADER_STYLE
298
     1
  0
XRECORD
  5
BE3F
102
{ACAD_REACTORS
330
BE3E
102
}
330
BE3E
100
AcDbXrecord
280
     1
102
DISPLAYNAME
  1
Imperial24
102
FLAGS
 90
        0
  0
XRECORD
  5
BE37
102
{ACAD_REACTORS
330
BE36
102
}
330
BE36
100
AcDbXrecord
280
     1
102
DISPLAYNAME
  1
Metric50
102
FLAGS
 90
        0
  0
CELLSTYLEMAP
  5
BDFA
102
{ACAD_REACTORS
330
5A3
102
}
330
5A3
100
AcDbCellStyleMap
 90
        3
300
CELLSTYLE
  1
TABLEFORMAT_BEGIN
 90
        5
170
     1
 91
        0
 92
    32768
 62
   257
 93
        1
300
CONTENTFORMAT
  1
CONTENTFORMAT_BEGIN
 90
        0
 91
        0
 92
        4
 93
        0
300

 40
0.0
140
1.0
 94
        1
 62
     0
340
11
144
0.18
309
CONTENTFORMAT_END
171
     1
301
MARGIN
  1
CELLMARGIN_BEGIN
 40
0.06
 40
0.06
 40
0.06
 40
0.06
 40
0.18
 40
0.18
309
CELLMARGIN_END
 94
        6
 95
        1
302
GRIDFORMAT
  1
GRIDFORMAT_BEGIN
 90
        0
 91
        1
 62
     0
 92
       -2
340
0
 93
        0
 40
0.045
309
GRIDFORMAT_END
 95
        2
302
GRIDFORMAT
  1
GRIDFORMAT_BEGIN
 90
        0
 91
        1
 62
     0
 92
       -2
340
0
 93
        0
 40
0.045
309
GRIDFORMAT_END
 95
        4
302
GRIDFORMAT
  1
GRIDFORMAT_BEGIN
 90
        0
 91
        1
 62
     0
 92
       -2
340
0
 93
        0
 40
0.045
309
GRIDFORMAT_END
 95
        8
302
GRIDFORMAT
  1
GRIDFORMAT_BEGIN
 90
        0
 91
        1
 62
     0
 92
       -2
340
0
 93
        0
 40
0.045
309
GRIDFORMAT_END
 95
       16
302
GRIDFORMAT
  1
GRIDFORMAT_BEGIN
 90
        0
 91
        1
 62
     0
 92
       -2
340
0
 93
        0
 40
0.045
309
GRIDFORMAT_END
 95
       32
302
GRIDFORMAT
  1
GRIDFORMAT_BEGIN
 90
        0
 91
        1
 62
     0
 92
       -2
340
0
 93
        0
 40
0.045
309
GRIDFORMAT_END
309
TABLEFORMAT_END
  1
CELLSTYLE_BEGIN
 90
        1
 91
        1
300
_TITLE
309
CELLSTYLE_END
300
CELLSTYLE
  1
TABLEFORMAT_BEGIN
 90
        5
170
     1
 91
        0
 92
        0
 62
   257
 93
        1
300
CONTENTFORMAT
  1
CONTENTFORMAT_BEGIN
 90
        0
 91
        0
 92
        4
 93
        0
300

 40
0.0
140
1.0
 94
        1
 62
     0
340
11
144
0.18
309
CONTENTFORMAT_END
171
     1
301
MARGIN
  1
CELLMARGIN_BEGIN
 40
0.06
 40
0.06
 40
0.06
 40
0.06
 40
0.18
 40
0.18
309
CELLMARGIN_END
 94
        6
 95
        1
302
GRIDFORMAT
  1
GRIDFORMAT_BEGIN
 90
        0
 91
        1
 62
     0
 92
       -2
340
0
 93
        0
 40
0.045
309
GRIDFORMAT_END
 95
        2
302
GRIDFORMAT
  1
GRIDFORMAT_BEGIN
 90
        0
 91
        1
 62
     0
 92
       -2
340
0
 93
        0
 40
0.045
309
GRIDFORMAT_END
 95
        4
302
GRIDFORMAT
  1
GRIDFORMAT_BEGIN
 90
        0
 91
        1
 62
     0
 92
       -2
340
0
 93
        0
 40
0.045
309
GRIDFORMAT_END
 95
        8
302
GRIDFORMAT
  1
GRIDFORMAT_BEGIN
 90
        0
 91
        1
 62
     0
 92
       -2
340
0
 93
        0
 40
0.045
309
GRIDFORMAT_END
 95
       16
302
GRIDFORMAT
  1
GRIDFORMAT_BEGIN
 90
        0
 91
        1
 62
     0
 92
       -2
340
0
 93
        0
 40
0.045
309
GRIDFORMAT_END
 95
       32
302
GRIDFORMAT
  1
GRIDFORMAT_BEGIN
 90
        0
 91
        1
 62
     0
 92
       -2
340
0
 93
        0
 40
0.045
309
GRIDFORMAT_END
309
TABLEFORMAT_END
  1
CELLSTYLE_BEGIN
 90
        2
 91
        1
300
_HEADER
309
CELLSTYLE_END
300
CELLSTYLE
  1
TABLEFORMAT_BEGIN
 90
        5
170
     1
 91
        0
 92
        0
 62
   257
 93
        1
300
CONTENTFORMAT
  1
CONTENTFORMAT_BEGIN
 90
        0
 91
        0
 92
        4
 93
        0
300

 40
0.0
140
1.0
 94
        1
 62
     0
340
11
144
0.18
309
CONTENTFORMAT_END
171
     1
301
MARGIN
  1
CELLMARGIN_BEGIN
 40
0.06
 40
0.06
 40
0.06
 40
0.06
 40
0.18
 40
0.18
309
CELLMARGIN_END
 94
        6
 95
        1
302
GRIDFORMAT
  1
GRIDFORMAT_BEGIN
 90
        0
 91
        1
 62
     0
 92
       -2
340
0
 93
        0
 40
0.045
309
GRIDFORMAT_END
 95
        2
302
GRIDFORMAT
  1
GRIDFORMAT_BEGIN
 90
        0
 91
        1
 62
     0
 92
       -2
340
0
 93
        0
 40
0.045
309
GRIDFORMAT_END
 95
        4
302
GRIDFORMAT
  1
GRIDFORMAT_BEGIN
 90
        0
 91
        1
 62
     0
 92
       -2
340
0
 93
        0
 40
0.045
309
GRIDFORMAT_END
 95
        8
302
GRIDFORMAT
  1
GRIDFORMAT_BEGIN
 90
        0
 91
        1
 62
     0
 92
       -2
340
0
 93
        0
 40
0.045
309
GRIDFORMAT_END
 95
       16
302
GRIDFORMAT
  1
GRIDFORMAT_BEGIN
 90
        0
 91
        1
 62
     0
 92
       -2
340
0
 93
        0
 40
0.045
309
GRIDFORMAT_END
 95
       32
302
GRIDFORMAT
  1
GRIDFORMAT_BEGIN
 90
        0
 91
        1
 62
     0
 92
       -2
340
0
 93
        0
 40
0.045
309
GRIDFORMAT_END
309
TABLEFORMAT_END
  1
CELLSTYLE_BEGIN
 90
        3
 91
        2
300
_DATA
309
CELLSTYLE_END
  0
XRECORD
  5
BE0F
102
{ACAD_REACTORS
330
BE0E
102
}
330
BE0E
100
AcDbXrecord
280
     1
102
RTVSPost2010Prop28
280
     1
102
RTVSPost2010PropOp28
 70
     1
102
RTVSPost2010Prop29
280
     1
102
RTVSPost2010PropOp29
 70
     1
102
RTVSPost2010Prop30
280
     0
102
RTVSPost2010PropOp30
 70
     1
102
RTVSPost2010Prop31
280
     0
102
RTVSPost2010PropOp31
 70
     1
102
RTVSPost2010Prop32
280
     0
102
RTVSPost2010PropOp32
 70
     1
102
RTVSPost2010Prop33
280
     0
102
RTVSPost2010PropOp33
 70
     1
102
RTVSPost2010Prop34
280
     0
102
RTVSPost2010PropOp34
 70
     1
102
RTVSPost2010Prop35
280
     0
102
RTVSPost2010PropOp35
 70
     1
102
RTVSPost2010Prop36
280
     0
102
RTVSPost2010PropOp36
 70
     1
102
RTVSPost2010Prop37
 90
       50
102
RTVSPost2010PropOp37
 70
     1
102
RTVSPost2010Prop38
140
0.0
102
RTVSPost2010PropOp38
 70
     1
102
RTVSPost2010Prop39
140
1.0
102
RTVSPost2010PropOp39
 70
     1
102
RTVSPost2010Prop40
 90
        0
102
RTVSPost2010PropOp40
 70
     1
102
RTVSPost2010Prop41ColorIndex
 90
       18
102
RTVSPost2010Prop41ColorRGB
 90
        0
102
RTVSPost2010PropOp41
 70
     1
102
RTVSPost2010Prop42
 90
       50
102
RTVSPost2010PropOp42
 70
     1
102
RTVSPost2010Prop43
 90
        3
102
RTVSPost2010PropOp43
 70
     1
102
RTVSPost2010Prop44ColorIndex
 90
        5
102
RTVSPost2010Prop44ColorRGB
 90
      255
102
RTVSPost2010PropOp44
 70
     1
102
RTVSPost2010Prop45
280
     0
102
RTVSPost2010PropOp45
 70
     1
102
RTVSPost2010Prop46
 90
       50
102
RTVSPost2010PropOp46
 70
     1
102
RTVSPost2010Prop47
 90
       50
102
RTVSPost2010PropOp47
 70
     1
102
RTVSPost2010Prop48
 90
       50
102
RTVSPost2010PropOp48
 70
     1
102
RTVSPost2010Prop49
280
     0
102
RTVSPost2010PropOp49
 70
     1
102
RTVSPost2010Prop50
 90
       50
102
RTVSPost2010PropOp50
 70
     1
102
RTVSPost2010Prop51ColorIndex
 90
      256
102
RTVSPost2010Prop51ColorRGB
 90
-16777216
102
RTVSPost2010PropOp51
 70
     0
102
RTVSPost2010Prop52
140
1.0
102
RTVSPost2010PropOp52
 70
     0
102
RTVSPost2010Prop53
 90
        2
102
RTVSPost2010PropOp53
 70
     1
102
RTVSPost2010Prop54
  1
strokes_ogs.tif
102
RTVSPost2010PropOp54
 70
     1
102
RTVSPost2010Prop55
280
     0
102
RTVSPost2010PropOp55
 70
     1
102
RTVSPost2010Prop56
140
1.0
102
RTVSPost2010PropOp56
 70
     1
102
RTVSPost2010Prop57
140
1.0
102
RTVSPost2010PropOp57
 70
     1
  0
XRECORD
  5
BE3D
102
{ACAD_REACTORS
330
BE3C
102
}
330
BE3C
100
AcDbXrecord
280
     1
102
RTVSPost2010Prop28
280
     0
102
RTVSPost2010PropOp28
 70
     1
102
RTVSPost2010Prop29
280
     1
102
RTVSPost2010PropOp29
 70
     1
102
RTVSPost2010Prop30
280
     1
102
RTVSPost2010PropOp30
 70
     1
102
RTVSPost2010Prop31
280
     0
102
RTVSPost2010PropOp31
 70
     1
102
RTVSPost2010Prop32
280
     0
102
RTVSPost2010PropOp32
 70
     1
102
RTVSPost2010Prop33
280
     0
102
RTVSPost2010PropOp33
 70
     1
102
RTVSPost2010Prop34
280
     0
102
RTVSPost2010PropOp34
 70
     1
102
RTVSPost2010Prop35
280
     0
102
RTVSPost2010PropOp35
 70
     1
102
RTVSPost2010Prop36
280
     0
102
RTVSPost2010PropOp36
 70
     1
102
RTVSPost2010Prop37
 90
       50
102
RTVSPost2010PropOp37
 70
     1
102
RTVSPost2010Prop38
140
0.0
102
RTVSPost2010PropOp38
 70
     1
102
RTVSPost2010Prop39
140
1.0
102
RTVSPost2010PropOp39
 70
     1
102
RTVSPost2010Prop40
 90
        0
102
RTVSPost2010PropOp40
 70
     1
102
RTVSPost2010Prop41ColorIndex
 90
       18
102
RTVSPost2010Prop41ColorRGB
 90
        0
102
RTVSPost2010PropOp41
 70
     1
102
RTVSPost2010Prop42
 90
       50
102
RTVSPost2010PropOp42
 70
     1
102
RTVSPost2010Prop43
 90
        3
102
RTVSPost2010PropOp43
 70
     1
102
RTVSPost2010Prop44ColorIndex
 90
        5
102
RTVSPost2010Prop44ColorRGB
 90
      255
102
RTVSPost2010PropOp44
 70
     1
102
RTVSPost2010Prop45
280
     0
102
RTVSPost2010PropOp45
 70
     1
102
RTVSPost2010Prop46
 90
       50
102
RTVSPost2010PropOp46
 70
     1
102
RTVSPost2010Prop47
 90
       50
102
RTVSPost2010PropOp47
 70
     1
102
RTVSPost2010Prop48
 90
       50
102
RTVSPost2010PropOp48
 70
     1
102
RTVSPost2010Prop49
280
     0
102
RTVSPost2010PropOp49
 70
     1
102
RTVSPost2010Prop50
 90
       50
102
RTVSPost2010PropOp50
 70
     1
102
RTVSPost2010Prop51ColorIndex
 90
      256
102
RTVSPost2010Prop51ColorRGB
 90
-16777216
102
RTVSPost2010PropOp51
 70
     0
102
RTVSPost2010Prop52
140
1.0
102
RTVSPost2010PropOp52
 70
     0
102
RTVSPost2010Prop53
 90
        2
102
RTVSPost2010PropOp53
 70
     1
102
RTVSPost2010Prop54
  1
strokes_ogs.tif
102
RTVSPost2010PropOp54
 70
     1
102
RTVSPost2010Prop55
280
     0
102
RTVSPost2010PropOp55
 70
     1
102
RTVSPost2010Prop56
140
1.0
102
RTVSPost2010PropOp56
 70
     1
102
RTVSPost2010Prop57
140
1.0
102
RTVSPost2010PropOp57
 70
     1
  0
XRECORD
  5
BE3B
102
{ACAD_REACTORS
330
BE3A
102
}
330
BE3A
100
AcDbXrecord
280
     1
102
RTVSPost2010Prop28
280
     0
102
RTVSPost2010PropOp28
 70
     1
102
RTVSPost2010Prop29
280
     1
102
RTVSPost2010PropOp29
 70
     1
102
RTVSPost2010Prop30
280
     1
102
RTVSPost2010PropOp30
 70
     1
102
RTVSPost2010Prop31
280
     0
102
RTVSPost2010PropOp31
 70
     1
102
RTVSPost2010Prop32
280
     0
102
RTVSPost2010PropOp32
 70
     1
102
RTVSPost2010Prop33
280
     0
102
RTVSPost2010PropOp33
 70
     1
102
RTVSPost2010Prop34
280
     0
102
RTVSPost2010PropOp34
 70
     1
102
RTVSPost2010Prop35
280
     0
102
RTVSPost2010PropOp35
 70
     1
102
RTVSPost2010Prop36
280
     0
102
RTVSPost2010PropOp36
 70
     1
102
RTVSPost2010Prop37
 90
       50
102
RTVSPost2010PropOp37
 70
     1
102
RTVSPost2010Prop38
140
0.0
102
RTVSPost2010PropOp38
 70
     1
102
RTVSPost2010Prop39
140
1.0
102
RTVSPost2010PropOp39
 70
     1
102
RTVSPost2010Prop40
 90
        0
102
RTVSPost2010PropOp40
 70
     1
102
RTVSPost2010Prop41ColorIndex
 90
       18
102
RTVSPost2010Prop41ColorRGB
 90
        0
102
RTVSPost2010PropOp41
 70
     1
102
RTVSPost2010Prop42
 90
       50
102
RTVSPost2010PropOp42
 70
     1
102
RTVSPost2010Prop43
 90
        3
102
RTVSPost2010PropOp43
 70
     1
102
RTVSPost2010Prop44ColorIndex
 90
        5
102
RTVSPost2010Prop44ColorRGB
 90
      255
102
RTVSPost2010PropOp44
 70
     1
102
RTVSPost2010Prop45
280
     0
102
RTVSPost2010PropOp45
 70
     1
102
RTVSPost2010Prop46
 90
       50
102
RTVSPost2010PropOp46
 70
     1
102
RTVSPost2010Prop47
 90
       50
102
RTVSPost2010PropOp47
 70
     1
102
RTVSPost2010Prop48
 90
       50
102
RTVSPost2010PropOp48
 70
     1
102
RTVSPost2010Prop49
280
     0
102
RTVSPost2010PropOp49
 70
     1
102
RTVSPost2010Prop50
 90
       50
102
RTVSPost2010PropOp50
 70
     1
102
RTVSPost2010Prop51ColorIndex
 90
      256
102
RTVSPost2010Prop51ColorRGB
 90
-16777216
102
RTVSPost2010PropOp51
 70
     0
102
RTVSPost2010Prop52
140
1.0
102
RTVSPost2010PropOp52
 70
     0
102
RTVSPost2010Prop53
 90
        2
102
RTVSPost2010PropOp53
 70
     1
102
RTVSPost2010Prop54
  1
strokes_ogs.tif
102
RTVSPost2010PropOp54
 70
     1
102
RTVSPost2010Prop55
280
     0
102
RTVSPost2010PropOp55
 70
     1
102
RTVSPost2010Prop56
140
1.0
102
RTVSPost2010PropOp56
 70
     1
102
RTVSPost2010Prop57
140
1.0
102
RTVSPost2010PropOp57
 70
     1
  0
XRECORD
  5
BE0D
102
{ACAD_REACTORS
330
BE0C
102
}
330
BE0C
100
AcDbXrecord
280
     1
102
RTVSPost2010Prop28
280
     0
102
RTVSPost2010PropOp28
 70
     1
102
RTVSPost2010Prop29
280
     1
102
RTVSPost2010PropOp29
 70
     1
102
RTVSPost2010Prop30
280
     1
102
RTVSPost2010PropOp30
 70
     1
102
RTVSPost2010Prop31
280
     0
102
RTVSPost2010PropOp31
 70
     1
102
RTVSPost2010Prop32
280
     0
102
RTVSPost2010PropOp32
 70
     1
102
RTVSPost2010Prop33
280
     0
102
RTVSPost2010PropOp33
 70
     1
102
RTVSPost2010Prop34
280
     0
102
RTVSPost2010PropOp34
 70
     1
102
RTVSPost2010Prop35
280
     0
102
RTVSPost2010PropOp35
 70
     1
102
RTVSPost2010Prop36
280
     0
102
RTVSPost2010PropOp36
 70
     1
102
RTVSPost2010Prop37
 90
       50
102
RTVSPost2010PropOp37
 70
     1
102
RTVSPost2010Prop38
140
0.0
102
RTVSPost2010PropOp38
 70
     1
102
RTVSPost2010Prop39
140
1.0
102
RTVSPost2010PropOp39
 70
     1
102
RTVSPost2010Prop40
 90
        0
102
RTVSPost2010PropOp40
 70
     1
102
RTVSPost2010Prop41ColorIndex
 90
       18
102
RTVSPost2010Prop41ColorRGB
 90
        0
102
RTVSPost2010PropOp41
 70
     1
102
RTVSPost2010Prop42
 90
       50
102
RTVSPost2010PropOp42
 70
     1
102
RTVSPost2010Prop43
 90
        3
102
RTVSPost2010PropOp43
 70
     1
102
RTVSPost2010Prop44ColorIndex
 90
        5
102
RTVSPost2010Prop44ColorRGB
 90
      255
102
RTVSPost2010PropOp44
 70
     1
102
RTVSPost2010Prop45
280
     0
102
RTVSPost2010PropOp45
 70
     1
102
RTVSPost2010Prop46
 90
       50
102
RTVSPost2010PropOp46
 70
     1
102
RTVSPost2010Prop47
 90
       50
102
RTVSPost2010PropOp47
 70
     1
102
RTVSPost2010Prop48
 90
       50
102
RTVSPost2010PropOp48
 70
     1
102
RTVSPost2010Prop49
280
     0
102
RTVSPost2010PropOp49
 70
     1
102
RTVSPost2010Prop50
 90
       50
102
RTVSPost2010PropOp50
 70
     1
102
RTVSPost2010Prop51ColorIndex
 90
      256
102
RTVSPost2010Prop51ColorRGB
 90
-16777216
102
RTVSPost2010PropOp51
 70
     0
102
RTVSPost2010Prop52
140
1.0
102
RTVSPost2010PropOp52
 70
     0
102
RTVSPost2010Prop53
 90
        2
102
RTVSPost2010PropOp53
 70
     1
102
RTVSPost2010Prop54
  1
strokes_ogs.tif
102
RTVSPost2010PropOp54
 70
     1
102
RTVSPost2010Prop55
280
     0
102
RTVSPost2010PropOp55
 70
     1
102
RTVSPost2010Prop56
140
1.0
102
RTVSPost2010PropOp56
 70
     1
102
RTVSPost2010Prop57
140
1.0
102
RTVSPost2010PropOp57
 70
     1
  0
XRECORD
  5
BE1B
102
{ACAD_REACTORS
330
BE1A
102
}
330
BE1A
100
AcDbXrecord
280
     1
102
RTVSPost2010Prop28
280
     0
102
RTVSPost2010PropOp28
 70
     1
102
RTVSPost2010Prop29
280
     1
102
RTVSPost2010PropOp29
 70
     1
102
RTVSPost2010Prop30
280
     1
102
RTVSPost2010PropOp30
 70
     1
102
RTVSPost2010Prop31
280
     0
102
RTVSPost2010PropOp31
 70
     1
102
RTVSPost2010Prop32
280
     0
102
RTVSPost2010PropOp32
 70
     1
102
RTVSPost2010Prop33
280
     0
102
RTVSPost2010PropOp33
 70
     1
102
RTVSPost2010Prop34
280
     0
102
RTVSPost2010PropOp34
 70
     1
102
RTVSPost2010Prop35
280
     0
102
RTVSPost2010PropOp35
 70
     1
102
RTVSPost2010Prop36
280
     0
102
RTVSPost2010PropOp36
 70
     1
102
RTVSPost2010Prop37
 90
       50
102
RTVSPost2010PropOp37
 70
     1
102
RTVSPost2010Prop38
140
0.0
102
RTVSPost2010PropOp38
 70
     1
102
RTVSPost2010Prop39
140
1.0
102
RTVSPost2010PropOp39
 70
     1
102
RTVSPost2010Prop40
 90
        0
102
RTVSPost2010PropOp40
 70
     1
102
RTVSPost2010Prop41ColorIndex
 90
       18
102
RTVSPost2010Prop41ColorRGB
 90
        0
102
RTVSPost2010PropOp41
 70
     1
102
RTVSPost2010Prop42
 90
       50
102
RTVSPost2010PropOp42
 70
     1
102
RTVSPost2010Prop43
 90
        3
102
RTVSPost2010PropOp43
 70
     1
102
RTVSPost2010Prop44ColorIndex
 90
        5
102
RTVSPost2010Prop44ColorRGB
 90
      255
102
RTVSPost2010PropOp44
 70
     1
102
RTVSPost2010Prop45
280
     0
102
RTVSPost2010PropOp45
 70
     1
102
RTVSPost2010Prop46
 90
       50
102
RTVSPost2010PropOp46
 70
     1
102
RTVSPost2010Prop47
 90
       50
102
RTVSPost2010PropOp47
 70
     1
102
RTVSPost2010Prop48
 90
       50
102
RTVSPost2010PropOp48
 70
     1
102
RTVSPost2010Prop49
280
     0
102
RTVSPost2010PropOp49
 70
     1
102
RTVSPost2010Prop50
 90
       50
102
RTVSPost2010PropOp50
 70
     1
102
RTVSPost2010Prop51ColorIndex
 90
      256
102
RTVSPost2010Prop51ColorRGB
 90
-16777216
102
RTVSPost2010PropOp51
 70
     0
102
RTVSPost2010Prop52
140
1.0
102
RTVSPost2010PropOp52
 70
     0
102
RTVSPost2010Prop53
 90
        2
102
RTVSPost2010PropOp53
 70
     1
102
RTVSPost2010Prop54
  1
strokes_ogs.tif
102
RTVSPost2010PropOp54
 70
     1
102
RTVSPost2010Prop55
280
     0
102
RTVSPost2010PropOp55
 70
     1
102
RTVSPost2010Prop56
140
1.0
102
RTVSPost2010PropOp56
 70
     1
102
RTVSPost2010Prop57
140
1.0
102
RTVSPost2010PropOp57
 70
     1
  0
XRECORD
  5
BE23
102
{ACAD_REACTORS
330
BE22
102
}
330
BE22
100
AcDbXrecord
280
     1
102
RTVSPost2010Prop28
280
     0
102
RTVSPost2010PropOp28
 70
     1
102
RTVSPost2010Prop29
280
     1
102
RTVSPost2010PropOp29
 70
     1
102
RTVSPost2010Prop30
280
     1
102
RTVSPost2010PropOp30
 70
     1
102
RTVSPost2010Prop31
280
     0
102
RTVSPost2010PropOp31
 70
     1
102
RTVSPost2010Prop32
280
     0
102
RTVSPost2010PropOp32
 70
     1
102
RTVSPost2010Prop33
280
     0
102
RTVSPost2010PropOp33
 70
     1
102
RTVSPost2010Prop34
280
     0
102
RTVSPost2010PropOp34
 70
     1
102
RTVSPost2010Prop35
280
     0
102
RTVSPost2010PropOp35
 70
     1
102
RTVSPost2010Prop36
280
     0
102
RTVSPost2010PropOp36
 70
     1
102
RTVSPost2010Prop37
 90
       50
102
RTVSPost2010PropOp37
 70
     1
102
RTVSPost2010Prop38
140
0.0
102
RTVSPost2010PropOp38
 70
     1
102
RTVSPost2010Prop39
140
1.0
102
RTVSPost2010PropOp39
 70
     1
102
RTVSPost2010Prop40
 90
        0
102
RTVSPost2010PropOp40
 70
     1
102
RTVSPost2010Prop41ColorIndex
 90
       18
102
RTVSPost2010Prop41ColorRGB
 90
        0
102
RTVSPost2010PropOp41
 70
     1
102
RTVSPost2010Prop42
 90
       50
102
RTVSPost2010PropOp42
 70
     1
102
RTVSPost2010Prop43
 90
        3
102
RTVSPost2010PropOp43
 70
     1
102
RTVSPost2010Prop44ColorIndex
 90
        5
102
RTVSPost2010Prop44ColorRGB
 90
      255
102
RTVSPost2010PropOp44
 70
     1
102
RTVSPost2010Prop45
280
     0
102
RTVSPost2010PropOp45
 70
     1
102
RTVSPost2010Prop46
 90
       50
102
RTVSPost2010PropOp46
 70
     1
102
RTVSPost2010Prop47
 90
       50
102
RTVSPost2010PropOp47
 70
     1
102
RTVSPost2010Prop48
 90
       50
102
RTVSPost2010PropOp48
 70
     1
102
RTVSPost2010Prop49
280
     0
102
RTVSPost2010PropOp49
 70
     1
102
RTVSPost2010Prop50
 90
       50
102
RTVSPost2010PropOp50
 70
     1
102
RTVSPost2010Prop51ColorIndex
 90
      256
102
RTVSPost2010Prop51ColorRGB
 90
-16777216
102
RTVSPost2010PropOp51
 70
     0
102
RTVSPost2010Prop52
140
1.0
102
RTVSPost2010PropOp52
 70
     0
102
RTVSPost2010Prop53
 90
        2
102
RTVSPost2010PropOp53
 70
     1
102
RTVSPost2010Prop54
  1
strokes_ogs.tif
102
RTVSPost2010PropOp54
 70
     1
102
RTVSPost2010Prop55
280
     0
102
RTVSPost2010PropOp55
 70
     1
102
RTVSPost2010Prop56
140
1.0
102
RTVSPost2010PropOp56
 70
     1
102
RTVSPost2010Prop57
140
1.0
102
RTVSPost2010PropOp57
 70
     1
  0
XRECORD
  5
BE15
102
{ACAD_REACTORS
330
BE14
102
}
330
BE14
100
AcDbXrecord
280
     1
102
RTVSPost2010Prop28
280
     0
102
RTVSPost2010PropOp28
 70
     1
102
RTVSPost2010Prop29
280
     1
102
RTVSPost2010PropOp29
 70
     1
102
RTVSPost2010Prop30
280
     1
102
RTVSPost2010PropOp30
 70
     1
102
RTVSPost2010Prop31
280
     0
102
RTVSPost2010PropOp31
 70
     1
102
RTVSPost2010Prop32
280
     0
102
RTVSPost2010PropOp32
 70
     1
102
RTVSPost2010Prop33
280
     0
102
RTVSPost2010PropOp33
 70
     1
102
RTVSPost2010Prop34
280
     0
102
RTVSPost2010PropOp34
 70
     1
102
RTVSPost2010Prop35
280
     0
102
RTVSPost2010PropOp35
 70
     1
102
RTVSPost2010Prop36
280
     0
102
RTVSPost2010PropOp36
 70
     1
102
RTVSPost2010Prop37
 90
       50
102
RTVSPost2010PropOp37
 70
     1
102
RTVSPost2010Prop38
140
0.0
102
RTVSPost2010PropOp38
 70
     1
102
RTVSPost2010Prop39
140
1.0
102
RTVSPost2010PropOp39
 70
     1
102
RTVSPost2010Prop40
 90
        0
102
RTVSPost2010PropOp40
 70
     1
102
RTVSPost2010Prop41ColorIndex
 90
       18
102
RTVSPost2010Prop41ColorRGB
 90
        0
102
RTVSPost2010PropOp41
 70
     1
102
RTVSPost2010Prop42
 90
       50
102
RTVSPost2010PropOp42
 70
     1
102
RTVSPost2010Prop43
 90
        3
102
RTVSPost2010PropOp43
 70
     1
102
RTVSPost2010Prop44ColorIndex
 90
        5
102
RTVSPost2010Prop44ColorRGB
 90
      255
102
RTVSPost2010PropOp44
 70
     1
102
RTVSPost2010Prop45
280
     0
102
RTVSPost2010PropOp45
 70
     1
102
RTVSPost2010Prop46
 90
       50
102
RTVSPost2010PropOp46
 70
     1
102
RTVSPost2010Prop47
 90
       50
102
RTVSPost2010PropOp47
 70
     1
102
RTVSPost2010Prop48
 90
       50
102
RTVSPost2010PropOp48
 70
     1
102
RTVSPost2010Prop49
280
     0
102
RTVSPost2010PropOp49
 70
     1
102
RTVSPost2010Prop50
 90
       50
102
RTVSPost2010PropOp50
 70
     1
102
RTVSPost2010Prop51ColorIndex
 90
      256
102
RTVSPost2010Prop51ColorRGB
 90
-16777216
102
RTVSPost2010PropOp51
 70
     0
102
RTVSPost2010Prop52
140
1.0
102
RTVSPost2010PropOp52
 70
     0
102
RTVSPost2010Prop53
 90
        2
102
RTVSPost2010PropOp53
 70
     1
102
RTVSPost2010Prop54
  1
strokes_ogs.tif
102
RTVSPost2010PropOp54
 70
     1
102
RTVSPost2010Prop55
280
     0
102
RTVSPost2010PropOp55
 70
     1
102
RTVSPost2010Prop56
140
1.0
102
RTVSPost2010PropOp56
 70
     1
102
RTVSPost2010Prop57
140
1.0
102
RTVSPost2010PropOp57
 70
     1
  0
XRECORD
  5
BE19
102
{ACAD_REACTORS
330
BE18
102
}
330
BE18
100
AcDbXrecord
280
     1
102
RTVSPost2010Prop28
280
     0
102
RTVSPost2010PropOp28
 70
     1
102
RTVSPost2010Prop29
280
     1
102
RTVSPost2010PropOp29
 70
     1
102
RTVSPost2010Prop30
280
     1
102
RTVSPost2010PropOp30
 70
     1
102
RTVSPost2010Prop31
280
     0
102
RTVSPost2010PropOp31
 70
     1
102
RTVSPost2010Prop32
280
     0
102
RTVSPost2010PropOp32
 70
     1
102
RTVSPost2010Prop33
280
     0
102
RTVSPost2010PropOp33
 70
     1
102
RTVSPost2010Prop34
280
     0
102
RTVSPost2010PropOp34
 70
     1
102
RTVSPost2010Prop35
280
     0
102
RTVSPost2010PropOp35
 70
     1
102
RTVSPost2010Prop36
280
     0
102
RTVSPost2010PropOp36
 70
     1
102
RTVSPost2010Prop37
 90
       50
102
RTVSPost2010PropOp37
 70
     1
102
RTVSPost2010Prop38
140
0.0
102
RTVSPost2010PropOp38
 70
     1
102
RTVSPost2010Prop39
140
1.0
102
RTVSPost2010PropOp39
 70
     1
102
RTVSPost2010Prop40
 90
        0
102
RTVSPost2010PropOp40
 70
     1
102
RTVSPost2010Prop41ColorIndex
 90
       18
102
RTVSPost2010Prop41ColorRGB
 90
        0
102
RTVSPost2010PropOp41
 70
     1
102
RTVSPost2010Prop42
 90
       50
102
RTVSPost2010PropOp42
 70
     1
102
RTVSPost2010Prop43
 90
        3
102
RTVSPost2010PropOp43
 70
     1
102
RTVSPost2010Prop44ColorIndex
 90
        5
102
RTVSPost2010Prop44ColorRGB
 90
      255
102
RTVSPost2010PropOp44
 70
     1
102
RTVSPost2010Prop45
280
     0
102
RTVSPost2010PropOp45
 70
     1
102
RTVSPost2010Prop46
 90
       50
102
RTVSPost2010PropOp46
 70
     1
102
RTVSPost2010Prop47
 90
       50
102
RTVSPost2010PropOp47
 70
     1
102
RTVSPost2010Prop48
 90
       50
102
RTVSPost2010PropOp48
 70
     1
102
RTVSPost2010Prop49
280
     0
102
RTVSPost2010PropOp49
 70
     1
102
RTVSPost2010Prop50
 90
       50
102
RTVSPost2010PropOp50
 70
     1
102
RTVSPost2010Prop51ColorIndex
 90
      256
102
RTVSPost2010Prop51ColorRGB
 90
-16777216
102
RTVSPost2010PropOp51
 70
     0
102
RTVSPost2010Prop52
140
1.0
102
RTVSPost2010PropOp52
 70
     0
102
RTVSPost2010Prop53
 90
        2
102
RTVSPost2010PropOp53
 70
     1
102
RTVSPost2010Prop54
  1
strokes_ogs.tif
102
RTVSPost2010PropOp54
 70
     1
102
RTVSPost2010Prop55
280
     0
102
RTVSPost2010PropOp55
 70
     1
102
RTVSPost2010Prop56
140
1.0
102
RTVSPost2010PropOp56
 70
     1
102
RTVSPost2010Prop57
140
1.0
102
RTVSPost2010PropOp57
 70
     1
  0
XRECORD
  5
BE33
102
{ACAD_REACTORS
330
BE32
102
}
330
BE32
100
AcDbXrecord
280
     1
102
RTVSPost2010Prop28
280
     0
102
RTVSPost2010PropOp28
 70
     1
102
RTVSPost2010Prop29
280
     1
102
RTVSPost2010PropOp29
 70
     1
102
RTVSPost2010Prop30
280
     1
102
RTVSPost2010PropOp30
 70
     1
102
RTVSPost2010Prop31
280
     0
102
RTVSPost2010PropOp31
 70
     1
102
RTVSPost2010Prop32
280
     0
102
RTVSPost2010PropOp32
 70
     1
102
RTVSPost2010Prop33
280
     0
102
RTVSPost2010PropOp33
 70
     1
102
RTVSPost2010Prop34
280
     0
102
RTVSPost2010PropOp34
 70
     1
102
RTVSPost2010Prop35
280
     0
102
RTVSPost2010PropOp35
 70
     1
102
RTVSPost2010Prop36
280
     0
102
RTVSPost2010PropOp36
 70
     1
102
RTVSPost2010Prop37
 90
       50
102
RTVSPost2010PropOp37
 70
     0
102
RTVSPost2010Prop38
140
0.0
102
RTVSPost2010PropOp38
 70
     0
102
RTVSPost2010Prop39
140
1.0
102
RTVSPost2010PropOp39
 70
     0
102
RTVSPost2010Prop40
 90
        0
102
RTVSPost2010PropOp40
 70
     0
102
RTVSPost2010Prop41ColorIndex
 90
       18
102
RTVSPost2010Prop41ColorRGB
 90
        0
102
RTVSPost2010PropOp41
 70
     0
102
RTVSPost2010Prop42
 90
       50
102
RTVSPost2010PropOp42
 70
     0
102
RTVSPost2010Prop43
 90
        3
102
RTVSPost2010PropOp43
 70
     0
102
RTVSPost2010Prop44ColorIndex
 90
        5
102
RTVSPost2010Prop44ColorRGB
 90
      255
102
RTVSPost2010PropOp44
 70
     0
102
RTVSPost2010Prop45
280
     0
102
RTVSPost2010PropOp45
 70
     1
102
RTVSPost2010Prop46
 90
       50
102
RTVSPost2010PropOp46
 70
     0
102
RTVSPost2010Prop47
 90
       50
102
RTVSPost2010PropOp47
 70
     0
102
RTVSPost2010Prop48
 90
       50
102
RTVSPost2010PropOp48
 70
     0
102
RTVSPost2010Prop49
280
     0
102
RTVSPost2010PropOp49
 70
     1
102
RTVSPost2010Prop50
 90
       50
102
RTVSPost2010PropOp50
 70
     0
102
RTVSPost2010Prop51ColorIndex
 90
      256
102
RTVSPost2010Prop51ColorRGB
 90
-16777216
102
RTVSPost2010PropOp51
 70
     0
102
RTVSPost2010Prop52
140
1.0
102
RTVSPost2010PropOp52
 70
     0
102
RTVSPost2010Prop53
 90
        2
102
RTVSPost2010PropOp53
 70
     0
102
RTVSPost2010Prop54
  1
strokes_ogs.tif
102
RTVSPost2010PropOp54
 70
     0
102
RTVSPost2010Prop55
280
     0
102
RTVSPost2010PropOp55
 70
     1
102
RTVSPost2010Prop56
140
1.0
102
RTVSPost2010PropOp56
 70
     0
102
RTVSPost2010Prop57
140
1.0
102
RTVSPost2010PropOp57
 70
     0
  0
XRECORD
  5
BE21
102
{ACAD_REACTORS
330
BE20
102
}
330
BE20
100
AcDbXrecord
280
     1
102
RTVSPost2010Prop28
280
     0
102
RTVSPost2010PropOp28
 70
     1
102
RTVSPost2010Prop29
280
     1
102
RTVSPost2010PropOp29
 70
     1
102
RTVSPost2010Prop30
280
     1
102
RTVSPost2010PropOp30
 70
     1
102
RTVSPost2010Prop31
280
     0
102
RTVSPost2010PropOp31
 70
     1
102
RTVSPost2010Prop32
280
     0
102
RTVSPost2010PropOp32
 70
     1
102
RTVSPost2010Prop33
280
     0
102
RTVSPost2010PropOp33
 70
     1
102
RTVSPost2010Prop34
280
     0
102
RTVSPost2010PropOp34
 70
     1
102
RTVSPost2010Prop35
280
     0
102
RTVSPost2010PropOp35
 70
     1
102
RTVSPost2010Prop36
280
     0
102
RTVSPost2010PropOp36
 70
     1
102
RTVSPost2010Prop37
 90
       50
102
RTVSPost2010PropOp37
 70
     1
102
RTVSPost2010Prop38
140
0.0
102
RTVSPost2010PropOp38
 70
     1
102
RTVSPost2010Prop39
140
1.0
102
RTVSPost2010PropOp39
 70
     1
102
RTVSPost2010Prop40
 90
        0
102
RTVSPost2010PropOp40
 70
     1
102
RTVSPost2010Prop41ColorIndex
 90
       18
102
RTVSPost2010Prop41ColorRGB
 90
        0
102
RTVSPost2010PropOp41
 70
     1
102
RTVSPost2010Prop42
 90
       50
102
RTVSPost2010PropOp42
 70
     1
102
RTVSPost2010Prop43
 90
        3
102
RTVSPost2010PropOp43
 70
     1
102
RTVSPost2010Prop44ColorIndex
 90
        5
102
RTVSPost2010Prop44ColorRGB
 90
      255
102
RTVSPost2010PropOp44
 70
     1
102
RTVSPost2010Prop45
280
     0
102
RTVSPost2010PropOp45
 70
     1
102
RTVSPost2010Prop46
 90
       50
102
RTVSPost2010PropOp46
 70
     1
102
RTVSPost2010Prop47
 90
       50
102
RTVSPost2010PropOp47
 70
     1
102
RTVSPost2010Prop48
 90
       50
102
RTVSPost2010PropOp48
 70
     1
102
RTVSPost2010Prop49
280
     0
102
RTVSPost2010PropOp49
 70
     1
102
RTVSPost2010Prop50
 90
       50
102
RTVSPost2010PropOp50
 70
     1
102
RTVSPost2010Prop51ColorIndex
 90
      256
102
RTVSPost2010Prop51ColorRGB
 90
-16777216
102
RTVSPost2010PropOp51
 70
     0
102
RTVSPost2010Prop52
140
1.0
102
RTVSPost2010PropOp52
 70
     0
102
RTVSPost2010Prop53
 90
        2
102
RTVSPost2010PropOp53
 70
     1
102
RTVSPost2010Prop54
  1
strokes_ogs.tif
102
RTVSPost2010PropOp54
 70
     1
102
RTVSPost2010Prop55
280
     0
102
RTVSPost2010PropOp55
 70
     1
102
RTVSPost2010Prop56
140
1.0
102
RTVSPost2010PropOp56
 70
     1
102
RTVSPost2010Prop57
140
1.0
102
RTVSPost2010PropOp57
 70
     1
  0
XRECORD
  5
BE05
102
{ACAD_REACTORS
330
BE04
102
}
330
BE04
100
AcDbXrecord
280
     1
102
RTVSPost2010Prop28
280
     0
102
RTVSPost2010PropOp28
 70
     1
102
RTVSPost2010Prop29
280
     1
102
RTVSPost2010PropOp29
 70
     1
102
RTVSPost2010Prop30
280
     1
102
RTVSPost2010PropOp30
 70
     1
102
RTVSPost2010Prop31
280
     0
102
RTVSPost2010PropOp31
 70
     1
102
RTVSPost2010Prop32
280
     0
102
RTVSPost2010PropOp32
 70
     1
102
RTVSPost2010Prop33
280
     0
102
RTVSPost2010PropOp33
 70
     1
102
RTVSPost2010Prop34
280
     0
102
RTVSPost2010PropOp34
 70
     1
102
RTVSPost2010Prop35
280
     0
102
RTVSPost2010PropOp35
 70
     1
102
RTVSPost2010Prop36
280
     0
102
RTVSPost2010PropOp36
 70
     1
102
RTVSPost2010Prop37
 90
       50
102
RTVSPost2010PropOp37
 70
     1
102
RTVSPost2010Prop38
140
0.0
102
RTVSPost2010PropOp38
 70
     1
102
RTVSPost2010Prop39
140
1.0
102
RTVSPost2010PropOp39
 70
     1
102
RTVSPost2010Prop40
 90
        0
102
RTVSPost2010PropOp40
 70
     1
102
RTVSPost2010Prop41ColorIndex
 90
       18
102
RTVSPost2010Prop41ColorRGB
 90
        0
102
RTVSPost2010PropOp41
 70
     1
102
RTVSPost2010Prop42
 90
       50
102
RTVSPost2010PropOp42
 70
     1
102
RTVSPost2010Prop43
 90
        3
102
RTVSPost2010PropOp43
 70
     1
102
RTVSPost2010Prop44ColorIndex
 90
        5
102
RTVSPost2010Prop44ColorRGB
 90
      255
102
RTVSPost2010PropOp44
 70
     1
102
RTVSPost2010Prop45
280
     0
102
RTVSPost2010PropOp45
 70
     1
102
RTVSPost2010Prop46
 90
       50
102
RTVSPost2010PropOp46
 70
     1
102
RTVSPost2010Prop47
 90
       50
102
RTVSPost2010PropOp47
 70
     1
102
RTVSPost2010Prop48
 90
       50
102
RTVSPost2010PropOp48
 70
     1
102
RTVSPost2010Prop49
280
     0
102
RTVSPost2010PropOp49
 70
     1
102
RTVSPost2010Prop50
 90
       50
102
RTVSPost2010PropOp50
 70
     1
102
RTVSPost2010Prop51ColorIndex
 90
      256
102
RTVSPost2010Prop51ColorRGB
 90
-16777216
102
RTVSPost2010PropOp51
 70
     0
102
RTVSPost2010Prop52
140
1.0
102
RTVSPost2010PropOp52
 70
     0
102
RTVSPost2010Prop53
 90
        2
102
RTVSPost2010PropOp53
 70
     1
102
RTVSPost2010Prop54
  1
strokes_ogs.tif
102
RTVSPost2010PropOp54
 70
     1
102
RTVSPost2010Prop55
280
     0
102
RTVSPost2010PropOp55
 70
     1
102
RTVSPost2010Prop56
140
1.0
102
RTVSPost2010PropOp56
 70
     1
102
RTVSPost2010Prop57
140
1.0
102
RTVSPost2010PropOp57
 70
     1
  0
XRECORD
  5
BE07
102
{ACAD_REACTORS
330
BE06
102
}
330
BE06
100
AcDbXrecord
280
     1
102
RTVSPost2010Prop28
280
     0
102
RTVSPost2010PropOp28
 70
     1
102
RTVSPost2010Prop29
280
     1
102
RTVSPost2010PropOp29
 70
     1
102
RTVSPost2010Prop30
280
     1
102
RTVSPost2010PropOp30
 70
     1
102
RTVSPost2010Prop31
280
     0
102
RTVSPost2010PropOp31
 70
     1
102
RTVSPost2010Prop32
280
     0
102
RTVSPost2010PropOp32
 70
     1
102
RTVSPost2010Prop33
280
     0
102
RTVSPost2010PropOp33
 70
     1
102
RTVSPost2010Prop34
280
     0
102
RTVSPost2010PropOp34
 70
     1
102
RTVSPost2010Prop35
280
     0
102
RTVSPost2010PropOp35
 70
     1
102
RTVSPost2010Prop36
280
     0
102
RTVSPost2010PropOp36
 70
     1
102
RTVSPost2010Prop37
 90
       50
102
RTVSPost2010PropOp37
 70
     1
102
RTVSPost2010Prop38
140
0.0
102
RTVSPost2010PropOp38
 70
     1
102
RTVSPost2010Prop39
140
1.0
102
RTVSPost2010PropOp39
 70
     1
102
RTVSPost2010Prop40
 90
        0
102
RTVSPost2010PropOp40
 70
     1
102
RTVSPost2010Prop41ColorIndex
 90
       18
102
RTVSPost2010Prop41ColorRGB
 90
        0
102
RTVSPost2010PropOp41
 70
     1
102
RTVSPost2010Prop42
 90
       50
102
RTVSPost2010PropOp42
 70
     1
102
RTVSPost2010Prop43
 90
        3
102
RTVSPost2010PropOp43
 70
     1
102
RTVSPost2010Prop44ColorIndex
 90
        5
102
RTVSPost2010Prop44ColorRGB
 90
      255
102
RTVSPost2010PropOp44
 70
     1
102
RTVSPost2010Prop45
280
     0
102
RTVSPost2010PropOp45
 70
     1
102
RTVSPost2010Prop46
 90
       50
102
RTVSPost2010PropOp46
 70
     1
102
RTVSPost2010Prop47
 90
       50
102
RTVSPost2010PropOp47
 70
     1
102
RTVSPost2010Prop48
 90
       50
102
RTVSPost2010PropOp48
 70
     1
102
RTVSPost2010Prop49
280
     0
102
RTVSPost2010PropOp49
 70
     1
102
RTVSPost2010Prop50
 90
       50
102
RTVSPost2010PropOp50
 70
     1
102
RTVSPost2010Prop51ColorIndex
 90
      256
102
RTVSPost2010Prop51ColorRGB
 90
-16777216
102
RTVSPost2010PropOp51
 70
     0
102
RTVSPost2010Prop52
140
1.0
102
RTVSPost2010PropOp52
 70
     0
102
RTVSPost2010Prop53
 90
        2
102
RTVSPost2010PropOp53
 70
     1
102
RTVSPost2010Prop54
  1
strokes_ogs.tif
102
RTVSPost2010PropOp54
 70
     1
102
RTVSPost2010Prop55
280
     0
102
RTVSPost2010PropOp55
 70
     1
102
RTVSPost2010Prop56
140
1.0
102
RTVSPost2010PropOp56
 70
     1
102
RTVSPost2010Prop57
140
1.0
102
RTVSPost2010PropOp57
 70
     1
  0
XRECORD
  5
BE09
102
{ACAD_REACTORS
330
BE08
102
}
330
BE08
100
AcDbXrecord
280
     1
102
RTVSPost2010Prop28
280
     0
102
RTVSPost2010PropOp28
 70
     1
102
RTVSPost2010Prop29
280
     1
102
RTVSPost2010PropOp29
 70
     1
102
RTVSPost2010Prop30
280
     1
102
RTVSPost2010PropOp30
 70
     1
102
RTVSPost2010Prop31
280
     0
102
RTVSPost2010PropOp31
 70
     1
102
RTVSPost2010Prop32
280
     0
102
RTVSPost2010PropOp32
 70
     1
102
RTVSPost2010Prop33
280
     0
102
RTVSPost2010PropOp33
 70
     1
102
RTVSPost2010Prop34
280
     0
102
RTVSPost2010PropOp34
 70
     1
102
RTVSPost2010Prop35
280
     0
102
RTVSPost2010PropOp35
 70
     1
102
RTVSPost2010Prop36
280
     0
102
RTVSPost2010PropOp36
 70
     1
102
RTVSPost2010Prop37
 90
       50
102
RTVSPost2010PropOp37
 70
     1
102
RTVSPost2010Prop38
140
0.0
102
RTVSPost2010PropOp38
 70
     1
102
RTVSPost2010Prop39
140
1.0
102
RTVSPost2010PropOp39
 70
     1
102
RTVSPost2010Prop40
 90
        0
102
RTVSPost2010PropOp40
 70
     1
102
RTVSPost2010Prop41ColorIndex
 90
       18
102
RTVSPost2010Prop41ColorRGB
 90
        0
102
RTVSPost2010PropOp41
 70
     1
102
RTVSPost2010Prop42
 90
       50
102
RTVSPost2010PropOp42
 70
     1
102
RTVSPost2010Prop43
 90
        3
102
RTVSPost2010PropOp43
 70
     1
102
RTVSPost2010Prop44ColorIndex
 90
        5
102
RTVSPost2010Prop44ColorRGB
 90
      255
102
RTVSPost2010PropOp44
 70
     1
102
RTVSPost2010Prop45
280
     0
102
RTVSPost2010PropOp45
 70
     1
102
RTVSPost2010Prop46
 90
       50
102
RTVSPost2010PropOp46
 70
     1
102
RTVSPost2010Prop47
 90
       50
102
RTVSPost2010PropOp47
 70
     1
102
RTVSPost2010Prop48
 90
       50
102
RTVSPost2010PropOp48
 70
     1
102
RTVSPost2010Prop49
280
     0
102
RTVSPost2010PropOp49
 70
     1
102
RTVSPost2010Prop50
 90
       50
102
RTVSPost2010PropOp50
 70
     1
102
RTVSPost2010Prop51ColorIndex
 90
      256
102
RTVSPost2010Prop51ColorRGB
 90
-16777216
102
RTVSPost2010PropOp51
 70
     0
102
RTVSPost2010Prop52
140
1.0
102
RTVSPost2010PropOp52
 70
     0
102
RTVSPost2010Prop53
 90
        2
102
RTVSPost2010PropOp53
 70
     1
102
RTVSPost2010Prop54
  1
strokes_ogs.tif
102
RTVSPost2010PropOp54
 70
     1
102
RTVSPost2010Prop55
280
     0
102
RTVSPost2010PropOp55
 70
     1
102
RTVSPost2010Prop56
140
1.0
102
RTVSPost2010PropOp56
 70
     1
102
RTVSPost2010Prop57
140
1.0
102
RTVSPost2010PropOp57
 70
     1
  0
XRECORD
  5
BE0B
102
{ACAD_REACTORS
330
BE0A
102
}
330
BE0A
100
AcDbXrecord
280
     1
102
RTVSPost2010Prop28
280
     0
102
RTVSPost2010PropOp28
 70
     1
102
RTVSPost2010Prop29
280
     1
102
RTVSPost2010PropOp29
 70
     1
102
RTVSPost2010Prop30
280
     1
102
RTVSPost2010PropOp30
 70
     1
102
RTVSPost2010Prop31
280
     0
102
RTVSPost2010PropOp31
 70
     1
102
RTVSPost2010Prop32
280
     0
102
RTVSPost2010PropOp32
 70
     1
102
RTVSPost2010Prop33
280
     0
102
RTVSPost2010PropOp33
 70
     1
102
RTVSPost2010Prop34
280
     0
102
RTVSPost2010PropOp34
 70
     1
102
RTVSPost2010Prop35
280
     0
102
RTVSPost2010PropOp35
 70
     1
102
RTVSPost2010Prop36
280
     0
102
RTVSPost2010PropOp36
 70
     1
102
RTVSPost2010Prop37
 90
       50
102
RTVSPost2010PropOp37
 70
     1
102
RTVSPost2010Prop38
140
0.0
102
RTVSPost2010PropOp38
 70
     1
102
RTVSPost2010Prop39
140
1.0
102
RTVSPost2010PropOp39
 70
     1
102
RTVSPost2010Prop40
 90
        0
102
RTVSPost2010PropOp40
 70
     1
102
RTVSPost2010Prop41ColorIndex
 90
       18
102
RTVSPost2010Prop41ColorRGB
 90
        0
102
RTVSPost2010PropOp41
 70
     1
102
RTVSPost2010Prop42
 90
       50
102
RTVSPost2010PropOp42
 70
     1
102
RTVSPost2010Prop43
 90
        3
102
RTVSPost2010PropOp43
 70
     1
102
RTVSPost2010Prop44ColorIndex
 90
        5
102
RTVSPost2010Prop44ColorRGB
 90
      255
102
RTVSPost2010PropOp44
 70
     1
102
RTVSPost2010Prop45
280
     0
102
RTVSPost2010PropOp45
 70
     1
102
RTVSPost2010Prop46
 90
       50
102
RTVSPost2010PropOp46
 70
     1
102
RTVSPost2010Prop47
 90
       50
102
RTVSPost2010PropOp47
 70
     1
102
RTVSPost2010Prop48
 90
       50
102
RTVSPost2010PropOp48
 70
     1
102
RTVSPost2010Prop49
280
     0
102
RTVSPost2010PropOp49
 70
     1
102
RTVSPost2010Prop50
 90
       50
102
RTVSPost2010PropOp50
 70
     1
102
RTVSPost2010Prop51ColorIndex
 90
      256
102
RTVSPost2010Prop51ColorRGB
 90
-16777216
102
RTVSPost2010PropOp51
 70
     0
102
RTVSPost2010Prop52
140
1.0
102
RTVSPost2010PropOp52
 70
     0
102
RTVSPost2010Prop53
 90
        2
102
RTVSPost2010PropOp53
 70
     1
102
RTVSPost2010Prop54
  1
strokes_ogs.tif
102
RTVSPost2010PropOp54
 70
     1
102
RTVSPost2010Prop55
280
     0
102
RTVSPost2010PropOp55
 70
     1
102
RTVSPost2010Prop56
140
1.0
102
RTVSPost2010PropOp56
 70
     1
102
RTVSPost2010Prop57
140
1.0
102
RTVSPost2010PropOp57
 70
     1
  0
XRECORD
  5
BE13
102
{ACAD_REACTORS
330
BE12
102
}
330
BE12
100
AcDbXrecord
280
     1
102
RTVSPost2010Prop28
280
     0
102
RTVSPost2010PropOp28
 70
     1
102
RTVSPost2010Prop29
280
     1
102
RTVSPost2010PropOp29
 70
     1
102
RTVSPost2010Prop30
280
     1
102
RTVSPost2010PropOp30
 70
     1
102
RTVSPost2010Prop31
280
     0
102
RTVSPost2010PropOp31
 70
     1
102
RTVSPost2010Prop32
280
     0
102
RTVSPost2010PropOp32
 70
     1
102
RTVSPost2010Prop33
280
     0
102
RTVSPost2010PropOp33
 70
     1
102
RTVSPost2010Prop34
280
     0
102
RTVSPost2010PropOp34
 70
     1
102
RTVSPost2010Prop35
280
     0
102
RTVSPost2010PropOp35
 70
     1
102
RTVSPost2010Prop36
280
     0
102
RTVSPost2010PropOp36
 70
     1
102
RTVSPost2010Prop37
 90
       50
102
RTVSPost2010PropOp37
 70
     1
102
RTVSPost2010Prop38
140
0.0
102
RTVSPost2010PropOp38
 70
     1
102
RTVSPost2010Prop39
140
1.0
102
RTVSPost2010PropOp39
 70
     1
102
RTVSPost2010Prop40
 90
        0
102
RTVSPost2010PropOp40
 70
     1
102
RTVSPost2010Prop41ColorIndex
 90
       18
102
RTVSPost2010Prop41ColorRGB
 90
        0
102
RTVSPost2010PropOp41
 70
     1
102
RTVSPost2010Prop42
 90
       50
102
RTVSPost2010PropOp42
 70
     1
102
RTVSPost2010Prop43
 90
        3
102
RTVSPost2010PropOp43
 70
     1
102
RTVSPost2010Prop44ColorIndex
 90
        5
102
RTVSPost2010Prop44ColorRGB
 90
      255
102
RTVSPost2010PropOp44
 70
     1
102
RTVSPost2010Prop45
280
     0
102
RTVSPost2010PropOp45
 70
     1
102
RTVSPost2010Prop46
 90
       50
102
RTVSPost2010PropOp46
 70
     1
102
RTVSPost2010Prop47
 90
       50
102
RTVSPost2010PropOp47
 70
     1
102
RTVSPost2010Prop48
 90
       50
102
RTVSPost2010PropOp48
 70
     1
102
RTVSPost2010Prop49
280
     0
102
RTVSPost2010PropOp49
 70
     1
102
RTVSPost2010Prop50
 90
       50
102
RTVSPost2010PropOp50
 70
     1
102
RTVSPost2010Prop51ColorIndex
 90
      256
102
RTVSPost2010Prop51ColorRGB
 90
-16777216
102
RTVSPost2010PropOp51
 70
     0
102
RTVSPost2010Prop52
140
1.0
102
RTVSPost2010PropOp52
 70
     0
102
RTVSPost2010Prop53
 90
        2
102
RTVSPost2010PropOp53
 70
     1
102
RTVSPost2010Prop54
  1
strokes_ogs.tif
102
RTVSPost2010PropOp54
 70
     1
102
RTVSPost2010Prop55
280
     0
102
RTVSPost2010PropOp55
 70
     1
102
RTVSPost2010Prop56
140
1.0
102
RTVSPost2010PropOp56
 70
     1
102
RTVSPost2010Prop57
140
1.0
102
RTVSPost2010PropOp57
 70
     1
  0
XRECORD
  5
BE2F
102
{ACAD_REACTORS
330
BE2E
102
}
330
BE2E
100
AcDbXrecord
280
     1
102
RTVSPost2010Prop28
280
     0
102
RTVSPost2010PropOp28
 70
     1
102
RTVSPost2010Prop29
280
     1
102
RTVSPost2010PropOp29
 70
     1
102
RTVSPost2010Prop30
280
     1
102
RTVSPost2010PropOp30
 70
     1
102
RTVSPost2010Prop31
280
     0
102
RTVSPost2010PropOp31
 70
     1
102
RTVSPost2010Prop32
280
     0
102
RTVSPost2010PropOp32
 70
     1
102
RTVSPost2010Prop33
280
     0
102
RTVSPost2010PropOp33
 70
     1
102
RTVSPost2010Prop34
280
     0
102
RTVSPost2010PropOp34
 70
     1
102
RTVSPost2010Prop35
280
     0
102
RTVSPost2010PropOp35
 70
     1
102
RTVSPost2010Prop36
280
     0
102
RTVSPost2010PropOp36
 70
     1
102
RTVSPost2010Prop37
 90
       50
102
RTVSPost2010PropOp37
 70
     0
102
RTVSPost2010Prop38
140
0.0
102
RTVSPost2010PropOp38
 70
     0
102
RTVSPost2010Prop39
140
1.0
102
RTVSPost2010PropOp39
 70
     0
102
RTVSPost2010Prop40
 90
        0
102
RTVSPost2010PropOp40
 70
     0
102
RTVSPost2010Prop41ColorIndex
 90
       18
102
RTVSPost2010Prop41ColorRGB
 90
        0
102
RTVSPost2010PropOp41
 70
     0
102
RTVSPost2010Prop42
 90
       50
102
RTVSPost2010PropOp42
 70
     0
102
RTVSPost2010Prop43
 90
        3
102
RTVSPost2010PropOp43
 70
     0
102
RTVSPost2010Prop44ColorIndex
 90
        5
102
RTVSPost2010Prop44ColorRGB
 90
      255
102
RTVSPost2010PropOp44
 70
     0
102
RTVSPost2010Prop45
280
     0
102
RTVSPost2010PropOp45
 70
     1
102
RTVSPost2010Prop46
 90
       50
102
RTVSPost2010PropOp46
 70
     0
102
RTVSPost2010Prop47
 90
       50
102
RTVSPost2010PropOp47
 70
     0
102
RTVSPost2010Prop48
 90
       50
102
RTVSPost2010PropOp48
 70
     0
102
RTVSPost2010Prop49
280
     0
102
RTVSPost2010PropOp49
 70
     1
102
RTVSPost2010Prop50
 90
       50
102
RTVSPost2010PropOp50
 70
     0
102
RTVSPost2010Prop51ColorIndex
 90
      256
102
RTVSPost2010Prop51ColorRGB
 90
-16777216
102
RTVSPost2010PropOp51
 70
     0
102
RTVSPost2010Prop52
140
1.0
102
RTVSPost2010PropOp52
 70
     0
102
RTVSPost2010Prop53
 90
        2
102
RTVSPost2010PropOp53
 70
     0
102
RTVSPost2010Prop54
  1
strokes_ogs.tif
102
RTVSPost2010PropOp54
 70
     0
102
RTVSPost2010Prop55
280
     0
102
RTVSPost2010PropOp55
 70
     1
102
RTVSPost2010Prop56
140
1.0
102
RTVSPost2010PropOp56
 70
     0
102
RTVSPost2010Prop57
140
1.0
102
RTVSPost2010PropOp57
 70
     0
  0
XRECORD
  5
BE1F
102
{ACAD_REACTORS
330
BE1E
102
}
330
BE1E
100
AcDbXrecord
280
     1
102
RTVSPost2010Prop28
280
     0
102
RTVSPost2010PropOp28
 70
     1
102
RTVSPost2010Prop29
280
     1
102
RTVSPost2010PropOp29
 70
     1
102
RTVSPost2010Prop30
280
     1
102
RTVSPost2010PropOp30
 70
     1
102
RTVSPost2010Prop31
280
     0
102
RTVSPost2010PropOp31
 70
     1
102
RTVSPost2010Prop32
280
     0
102
RTVSPost2010PropOp32
 70
     1
102
RTVSPost2010Prop33
280
     0
102
RTVSPost2010PropOp33
 70
     1
102
RTVSPost2010Prop34
280
     0
102
RTVSPost2010PropOp34
 70
     1
102
RTVSPost2010Prop35
280
     0
102
RTVSPost2010PropOp35
 70
     1
102
RTVSPost2010Prop36
280
     0
102
RTVSPost2010PropOp36
 70
     1
102
RTVSPost2010Prop37
 90
       50
102
RTVSPost2010PropOp37
 70
     1
102
RTVSPost2010Prop38
140
0.0
102
RTVSPost2010PropOp38
 70
     1
102
RTVSPost2010Prop39
140
1.0
102
RTVSPost2010PropOp39
 70
     1
102
RTVSPost2010Prop40
 90
        0
102
RTVSPost2010PropOp40
 70
     1
102
RTVSPost2010Prop41ColorIndex
 90
       18
102
RTVSPost2010Prop41ColorRGB
 90
        0
102
RTVSPost2010PropOp41
 70
     1
102
RTVSPost2010Prop42
 90
       50
102
RTVSPost2010PropOp42
 70
     1
102
RTVSPost2010Prop43
 90
        3
102
RTVSPost2010PropOp43
 70
     1
102
RTVSPost2010Prop44ColorIndex
 90
        5
102
RTVSPost2010Prop44ColorRGB
 90
      255
102
RTVSPost2010PropOp44
 70
     1
102
RTVSPost2010Prop45
280
     0
102
RTVSPost2010PropOp45
 70
     1
102
RTVSPost2010Prop46
 90
       50
102
RTVSPost2010PropOp46
 70
     1
102
RTVSPost2010Prop47
 90
       50
102
RTVSPost2010PropOp47
 70
     1
102
RTVSPost2010Prop48
 90
       50
102
RTVSPost2010PropOp48
 70
     1
102
RTVSPost2010Prop49
280
     0
102
RTVSPost2010PropOp49
 70
     1
102
RTVSPost2010Prop50
 90
       50
102
RTVSPost2010PropOp50
 70
     1
102
RTVSPost2010Prop51ColorIndex
 90
      256
102
RTVSPost2010Prop51ColorRGB
 90
-16777216
102
RTVSPost2010PropOp51
 70
     0
102
RTVSPost2010Prop52
140
1.0
102
RTVSPost2010PropOp52
 70
     0
102
RTVSPost2010Prop53
 90
        2
102
RTVSPost2010PropOp53
 70
     1
102
RTVSPost2010Prop54
  1
strokes_ogs.tif
102
RTVSPost2010PropOp54
 70
     1
102
RTVSPost2010Prop55
280
     0
102
RTVSPost2010PropOp55
 70
     1
102
RTVSPost2010Prop56
140
1.0
102
RTVSPost2010PropOp56
 70
     1
102
RTVSPost2010Prop57
140
1.0
102
RTVSPost2010PropOp57
 70
     1
  0
XRECORD
  5
BE31
102
{ACAD_REACTORS
330
BE30
102
}
330
BE30
100
AcDbXrecord
280
     1
102
RTVSPost2010Prop28
280
     0
102
RTVSPost2010PropOp28
 70
     1
102
RTVSPost2010Prop29
280
     1
102
RTVSPost2010PropOp29
 70
     1
102
RTVSPost2010Prop30
280
     1
102
RTVSPost2010PropOp30
 70
     1
102
RTVSPost2010Prop31
280
     0
102
RTVSPost2010PropOp31
 70
     1
102
RTVSPost2010Prop32
280
     0
102
RTVSPost2010PropOp32
 70
     1
102
RTVSPost2010Prop33
280
     0
102
RTVSPost2010PropOp33
 70
     1
102
RTVSPost2010Prop34
280
     0
102
RTVSPost2010PropOp34
 70
     1
102
RTVSPost2010Prop35
280
     0
102
RTVSPost2010PropOp35
 70
     1
102
RTVSPost2010Prop36
280
     0
102
RTVSPost2010PropOp36
 70
     1
102
RTVSPost2010Prop37
 90
       50
102
RTVSPost2010PropOp37
 70
     0
102
RTVSPost2010Prop38
140
0.0
102
RTVSPost2010PropOp38
 70
     0
102
RTVSPost2010Prop39
140
1.0
102
RTVSPost2010PropOp39
 70
     0
102
RTVSPost2010Prop40
 90
        0
102
RTVSPost2010PropOp40
 70
     0
102
RTVSPost2010Prop41ColorIndex
 90
       18
102
RTVSPost2010Prop41ColorRGB
 90
        0
102
RTVSPost2010PropOp41
 70
     0
102
RTVSPost2010Prop42
 90
       50
102
RTVSPost2010PropOp42
 70
     0
102
RTVSPost2010Prop43
 90
        3
102
RTVSPost2010PropOp43
 70
     0
102
RTVSPost2010Prop44ColorIndex
 90
        5
102
RTVSPost2010Prop44ColorRGB
 90
      255
102
RTVSPost2010PropOp44
 70
     0
102
RTVSPost2010Prop45
280
     0
102
RTVSPost2010PropOp45
 70
     1
102
RTVSPost2010Prop46
 90
       50
102
RTVSPost2010PropOp46
 70
     0
102
RTVSPost2010Prop47
 90
       50
102
RTVSPost2010PropOp47
 70
     0
102
RTVSPost2010Prop48
 90
       50
102
RTVSPost2010PropOp48
 70
     0
102
RTVSPost2010Prop49
280
     0
102
RTVSPost2010PropOp49
 70
     1
102
RTVSPost2010Prop50
 90
       50
102
RTVSPost2010PropOp50
 70
     0
102
RTVSPost2010Prop51ColorIndex
 90
      256
102
RTVSPost2010Prop51ColorRGB
 90
-16777216
102
RTVSPost2010PropOp51
 70
     0
102
RTVSPost2010Prop52
140
1.0
102
RTVSPost2010PropOp52
 70
     0
102
RTVSPost2010Prop53
 90
        2
102
RTVSPost2010PropOp53
 70
     0
102
RTVSPost2010Prop54
  1
strokes_ogs.tif
102
RTVSPost2010PropOp54
 70
     0
102
RTVSPost2010Prop55
280
     0
102
RTVSPost2010PropOp55
 70
     1
102
RTVSPost2010Prop56
140
1.0
102
RTVSPost2010PropOp56
 70
     0
102
RTVSPost2010Prop57
140
1.0
102
RTVSPost2010PropOp57
 70
     0
  0
XRECORD
  5
BE17
102
{ACAD_REACTORS
330
BE16
102
}
330
BE16
100
AcDbXrecord
280
     1
102
RTVSPost2010Prop28
280
     0
102
RTVSPost2010PropOp28
 70
     1
102
RTVSPost2010Prop29
280
     1
102
RTVSPost2010PropOp29
 70
     1
102
RTVSPost2010Prop30
280
     1
102
RTVSPost2010PropOp30
 70
     1
102
RTVSPost2010Prop31
280
     0
102
RTVSPost2010PropOp31
 70
     1
102
RTVSPost2010Prop32
280
     0
102
RTVSPost2010PropOp32
 70
     1
102
RTVSPost2010Prop33
280
     0
102
RTVSPost2010PropOp33
 70
     1
102
RTVSPost2010Prop34
280
     0
102
RTVSPost2010PropOp34
 70
     1
102
RTVSPost2010Prop35
280
     0
102
RTVSPost2010PropOp35
 70
     1
102
RTVSPost2010Prop36
280
     0
102
RTVSPost2010PropOp36
 70
     1
102
RTVSPost2010Prop37
 90
       50
102
RTVSPost2010PropOp37
 70
     1
102
RTVSPost2010Prop38
140
0.0
102
RTVSPost2010PropOp38
 70
     1
102
RTVSPost2010Prop39
140
1.0
102
RTVSPost2010PropOp39
 70
     1
102
RTVSPost2010Prop40
 90
        0
102
RTVSPost2010PropOp40
 70
     1
102
RTVSPost2010Prop41ColorIndex
 90
       18
102
RTVSPost2010Prop41ColorRGB
 90
        0
102
RTVSPost2010PropOp41
 70
     1
102
RTVSPost2010Prop42
 90
       50
102
RTVSPost2010PropOp42
 70
     1
102
RTVSPost2010Prop43
 90
        3
102
RTVSPost2010PropOp43
 70
     1
102
RTVSPost2010Prop44ColorIndex
 90
        5
102
RTVSPost2010Prop44ColorRGB
 90
      255
102
RTVSPost2010PropOp44
 70
     1
102
RTVSPost2010Prop45
280
     0
102
RTVSPost2010PropOp45
 70
     1
102
RTVSPost2010Prop46
 90
       50
102
RTVSPost2010PropOp46
 70
     1
102
RTVSPost2010Prop47
 90
       50
102
RTVSPost2010PropOp47
 70
     1
102
RTVSPost2010Prop48
 90
       50
102
RTVSPost2010PropOp48
 70
     1
102
RTVSPost2010Prop49
280
     0
102
RTVSPost2010PropOp49
 70
     1
102
RTVSPost2010Prop50
 90
       50
102
RTVSPost2010PropOp50
 70
     1
102
RTVSPost2010Prop51ColorIndex
 90
      256
102
RTVSPost2010Prop51ColorRGB
 90
-16777216
102
RTVSPost2010PropOp51
 70
     0
102
RTVSPost2010Prop52
140
1.0
102
RTVSPost2010PropOp52
 70
     0
102
RTVSPost2010Prop53
 90
        2
102
RTVSPost2010PropOp53
 70
     1
102
RTVSPost2010Prop54
  1
strokes_ogs.tif
102
RTVSPost2010PropOp54
 70
     1
102
RTVSPost2010Prop55
280
     0
102
RTVSPost2010PropOp55
 70
     1
102
RTVSPost2010Prop56
140
1.0
102
RTVSPost2010PropOp56
 70
     1
102
RTVSPost2010Prop57
140
1.0
102
RTVSPost2010PropOp57
 70
     1
  0
XRECORD
  5
BE2D
102
{ACAD_REACTORS
330
BE2C
102
}
330
BE2C
100
AcDbXrecord
280
     1
102
RTVSPost2010Prop28
280
     0
102
RTVSPost2010PropOp28
 70
     1
102
RTVSPost2010Prop29
280
     1
102
RTVSPost2010PropOp29
 70
     1
102
RTVSPost2010Prop30
280
     1
102
RTVSPost2010PropOp30
 70
     1
102
RTVSPost2010Prop31
280
     0
102
RTVSPost2010PropOp31
 70
     1
102
RTVSPost2010Prop32
280
     0
102
RTVSPost2010PropOp32
 70
     1
102
RTVSPost2010Prop33
280
     0
102
RTVSPost2010PropOp33
 70
     1
102
RTVSPost2010Prop34
280
     0
102
RTVSPost2010PropOp34
 70
     1
102
RTVSPost2010Prop35
280
     0
102
RTVSPost2010PropOp35
 70
     1
102
RTVSPost2010Prop36
280
     0
102
RTVSPost2010PropOp36
 70
     1
102
RTVSPost2010Prop37
 90
       50
102
RTVSPost2010PropOp37
 70
     1
102
RTVSPost2010Prop38
140
0.0
102
RTVSPost2010PropOp38
 70
     1
102
RTVSPost2010Prop39
140
1.0
102
RTVSPost2010PropOp39
 70
     1
102
RTVSPost2010Prop40
 90
        0
102
RTVSPost2010PropOp40
 70
     1
102
RTVSPost2010Prop41ColorIndex
 90
       18
102
RTVSPost2010Prop41ColorRGB
 90
        0
102
RTVSPost2010PropOp41
 70
     1
102
RTVSPost2010Prop42
 90
       50
102
RTVSPost2010PropOp42
 70
     1
102
RTVSPost2010Prop43
 90
        3
102
RTVSPost2010PropOp43
 70
     1
102
RTVSPost2010Prop44ColorIndex
 90
        5
102
RTVSPost2010Prop44ColorRGB
 90
      255
102
RTVSPost2010PropOp44
 70
     1
102
RTVSPost2010Prop45
280
     0
102
RTVSPost2010PropOp45
 70
     1
102
RTVSPost2010Prop46
 90
       50
102
RTVSPost2010PropOp46
 70
     1
102
RTVSPost2010Prop47
 90
       50
102
RTVSPost2010PropOp47
 70
     1
102
RTVSPost2010Prop48
 90
       50
102
RTVSPost2010PropOp48
 70
     1
102
RTVSPost2010Prop49
280
     0
102
RTVSPost2010PropOp49
 70
     1
102
RTVSPost2010Prop50
 90
       50
102
RTVSPost2010PropOp50
 70
     1
102
RTVSPost2010Prop51ColorIndex
 90
      256
102
RTVSPost2010Prop51ColorRGB
 90
-16777216
102
RTVSPost2010PropOp51
 70
     0
102
RTVSPost2010Prop52
140
1.0
102
RTVSPost2010PropOp52
 70
     0
102
RTVSPost2010Prop53
 90
        2
102
RTVSPost2010PropOp53
 70
     1
102
RTVSPost2010Prop54
  1
strokes_ogs.tif
102
RTVSPost2010PropOp54
 70
     1
102
RTVSPost2010Prop55
280
     0
102
RTVSPost2010PropOp55
 70
     1
102
RTVSPost2010Prop56
140
1.0
102
RTVSPost2010PropOp56
 70
     1
102
RTVSPost2010Prop57
140
1.0
102
RTVSPost2010PropOp57
 70
     1
  0
XRECORD
  5
BE2B
102
{ACAD_REACTORS
330
BE2A
102
}
330
BE2A
100
AcDbXrecord
280
     1
102
RTVSPost2010Prop28
280
     0
102
RTVSPost2010PropOp28
 70
     1
102
RTVSPost2010Prop29
280
     1
102
RTVSPost2010PropOp29
 70
     1
102
RTVSPost2010Prop30
280
     1
102
RTVSPost2010PropOp30
 70
     1
102
RTVSPost2010Prop31
280
     0
102
RTVSPost2010PropOp31
 70
     1
102
RTVSPost2010Prop32
280
     0
102
RTVSPost2010PropOp32
 70
     1
102
RTVSPost2010Prop33
280
     0
102
RTVSPost2010PropOp33
 70
     1
102
RTVSPost2010Prop34
280
     0
102
RTVSPost2010PropOp34
 70
     1
102
RTVSPost2010Prop35
280
     0
102
RTVSPost2010PropOp35
 70
     1
102
RTVSPost2010Prop36
280
     0
102
RTVSPost2010PropOp36
 70
     1
102
RTVSPost2010Prop37
 90
       50
102
RTVSPost2010PropOp37
 70
     1
102
RTVSPost2010Prop38
140
0.0
102
RTVSPost2010PropOp38
 70
     1
102
RTVSPost2010Prop39
140
1.0
102
RTVSPost2010PropOp39
 70
     1
102
RTVSPost2010Prop40
 90
        0
102
RTVSPost2010PropOp40
 70
     1
102
RTVSPost2010Prop41ColorIndex
 90
       18
102
RTVSPost2010Prop41ColorRGB
 90
        0
102
RTVSPost2010PropOp41
 70
     1
102
RTVSPost2010Prop42
 90
       50
102
RTVSPost2010PropOp42
 70
     1
102
RTVSPost2010Prop43
 90
        3
102
RTVSPost2010PropOp43
 70
     1
102
RTVSPost2010Prop44ColorIndex
 90
        5
102
RTVSPost2010Prop44ColorRGB
 90
      255
102
RTVSPost2010PropOp44
 70
     1
102
RTVSPost2010Prop45
280
     0
102
RTVSPost2010PropOp45
 70
     1
102
RTVSPost2010Prop46
 90
       50
102
RTVSPost2010PropOp46
 70
     1
102
RTVSPost2010Prop47
 90
       50
102
RTVSPost2010PropOp47
 70
     1
102
RTVSPost2010Prop48
 90
       50
102
RTVSPost2010PropOp48
 70
     1
102
RTVSPost2010Prop49
280
     0
102
RTVSPost2010PropOp49
 70
     1
102
RTVSPost2010Prop50
 90
       50
102
RTVSPost2010PropOp50
 70
     1
102
RTVSPost2010Prop51ColorIndex
 90
      256
102
RTVSPost2010Prop51ColorRGB
 90
-16777216
102
RTVSPost2010PropOp51
 70
     0
102
RTVSPost2010Prop52
140
1.0
102
RTVSPost2010PropOp52
 70
     0
102
RTVSPost2010Prop53
 90
        2
102
RTVSPost2010PropOp53
 70
     1
102
RTVSPost2010Prop54
  1
strokes_ogs.tif
102
RTVSPost2010PropOp54
 70
     1
102
RTVSPost2010Prop55
280
     0
102
RTVSPost2010PropOp55
 70
     1
102
RTVSPost2010Prop56
140
1.0
102
RTVSPost2010PropOp56
 70
     1
102
RTVSPost2010Prop57
140
1.0
102
RTVSPost2010PropOp57
 70
     1
  0
XRECORD
  5
BE25
102
{ACAD_REACTORS
330
BE24
102
}
330
BE24
100
AcDbXrecord
280
     1
102
RTVSPost2010Prop28
280
     0
102
RTVSPost2010PropOp28
 70
     1
102
RTVSPost2010Prop29
280
     1
102
RTVSPost2010PropOp29
 70
     1
102
RTVSPost2010Prop30
280
     1
102
RTVSPost2010PropOp30
 70
     1
102
RTVSPost2010Prop31
280
     0
102
RTVSPost2010PropOp31
 70
     1
102
RTVSPost2010Prop32
280
     0
102
RTVSPost2010PropOp32
 70
     1
102
RTVSPost2010Prop33
280
     0
102
RTVSPost2010PropOp33
 70
     1
102
RTVSPost2010Prop34
280
     0
102
RTVSPost2010PropOp34
 70
     1
102
RTVSPost2010Prop35
280
     0
102
RTVSPost2010PropOp35
 70
     1
102
RTVSPost2010Prop36
280
     0
102
RTVSPost2010PropOp36
 70
     1
102
RTVSPost2010Prop37
 90
       50
102
RTVSPost2010PropOp37
 70
     1
102
RTVSPost2010Prop38
140
0.0
102
RTVSPost2010PropOp38
 70
     1
102
RTVSPost2010Prop39
140
1.0
102
RTVSPost2010PropOp39
 70
     1
102
RTVSPost2010Prop40
 90
        0
102
RTVSPost2010PropOp40
 70
     1
102
RTVSPost2010Prop41ColorIndex
 90
       18
102
RTVSPost2010Prop41ColorRGB
 90
        0
102
RTVSPost2010PropOp41
 70
     1
102
RTVSPost2010Prop42
 90
       50
102
RTVSPost2010PropOp42
 70
     1
102
RTVSPost2010Prop43
 90
        3
102
RTVSPost2010PropOp43
 70
     1
102
RTVSPost2010Prop44ColorIndex
 90
        5
102
RTVSPost2010Prop44ColorRGB
 90
      255
102
RTVSPost2010PropOp44
 70
     1
102
RTVSPost2010Prop45
280
     0
102
RTVSPost2010PropOp45
 70
     1
102
RTVSPost2010Prop46
 90
       50
102
RTVSPost2010PropOp46
 70
     1
102
RTVSPost2010Prop47
 90
       50
102
RTVSPost2010PropOp47
 70
     1
102
RTVSPost2010Prop48
 90
       50
102
RTVSPost2010PropOp48
 70
     1
102
RTVSPost2010Prop49
280
     0
102
RTVSPost2010PropOp49
 70
     1
102
RTVSPost2010Prop50
 90
       50
102
RTVSPost2010PropOp50
 70
     1
102
RTVSPost2010Prop51ColorIndex
 90
      256
102
RTVSPost2010Prop51ColorRGB
 90
-16777216
102
RTVSPost2010PropOp51
 70
     0
102
RTVSPost2010Prop52
140
1.0
102
RTVSPost2010PropOp52
 70
     0
102
RTVSPost2010Prop53
 90
        2
102
RTVSPost2010PropOp53
 70
     1
102
RTVSPost2010Prop54
  1
strokes_ogs.tif
102
RTVSPost2010PropOp54
 70
     1
102
RTVSPost2010Prop55
280
     0
102
RTVSPost2010PropOp55
 70
     1
102
RTVSPost2010Prop56
140
1.0
102
RTVSPost2010PropOp56
 70
     1
102
RTVSPost2010Prop57
140
1.0
102
RTVSPost2010PropOp57
 70
     1
  0
XRECORD
  5
BE27
102
{ACAD_REACTORS
330
BE26
102
}
330
BE26
100
AcDbXrecord
280
     1
102
RTVSPost2010Prop28
280
     0
102
RTVSPost2010PropOp28
 70
     1
102
RTVSPost2010Prop29
280
     1
102
RTVSPost2010PropOp29
 70
     1
102
RTVSPost2010Prop30
280
     1
102
RTVSPost2010PropOp30
 70
     1
102
RTVSPost2010Prop31
280
     0
102
RTVSPost2010PropOp31
 70
     1
102
RTVSPost2010Prop32
280
     0
102
RTVSPost2010PropOp32
 70
     1
102
RTVSPost2010Prop33
280
     0
102
RTVSPost2010PropOp33
 70
     1
102
RTVSPost2010Prop34
280
     0
102
RTVSPost2010PropOp34
 70
     1
102
RTVSPost2010Prop35
280
     0
102
RTVSPost2010PropOp35
 70
     1
102
RTVSPost2010Prop36
280
     0
102
RTVSPost2010PropOp36
 70
     1
102
RTVSPost2010Prop37
 90
       50
102
RTVSPost2010PropOp37
 70
     1
102
RTVSPost2010Prop38
140
0.0
102
RTVSPost2010PropOp38
 70
     1
102
RTVSPost2010Prop39
140
1.0
102
RTVSPost2010PropOp39
 70
     1
102
RTVSPost2010Prop40
 90
        0
102
RTVSPost2010PropOp40
 70
     1
102
RTVSPost2010Prop41ColorIndex
 90
       18
102
RTVSPost2010Prop41ColorRGB
 90
        0
102
RTVSPost2010PropOp41
 70
     1
102
RTVSPost2010Prop42
 90
       50
102
RTVSPost2010PropOp42
 70
     1
102
RTVSPost2010Prop43
 90
        3
102
RTVSPost2010PropOp43
 70
     1
102
RTVSPost2010Prop44ColorIndex
 90
        5
102
RTVSPost2010Prop44ColorRGB
 90
      255
102
RTVSPost2010PropOp44
 70
     1
102
RTVSPost2010Prop45
280
     0
102
RTVSPost2010PropOp45
 70
     1
102
RTVSPost2010Prop46
 90
       50
102
RTVSPost2010PropOp46
 70
     1
102
RTVSPost2010Prop47
 90
       50
102
RTVSPost2010PropOp47
 70
     1
102
RTVSPost2010Prop48
 90
       50
102
RTVSPost2010PropOp48
 70
     1
102
RTVSPost2010Prop49
280
     0
102
RTVSPost2010PropOp49
 70
     1
102
RTVSPost2010Prop50
 90
       50
102
RTVSPost2010PropOp50
 70
     1
102
RTVSPost2010Prop51ColorIndex
 90
      256
102
RTVSPost2010Prop51ColorRGB
 90
-16777216
102
RTVSPost2010PropOp51
 70
     0
102
RTVSPost2010Prop52
140
1.0
102
RTVSPost2010PropOp52
 70
     0
102
RTVSPost2010Prop53
 90
        2
102
RTVSPost2010PropOp53
 70
     1
102
RTVSPost2010Prop54
  1
strokes_ogs.tif
102
RTVSPost2010PropOp54
 70
     1
102
RTVSPost2010Prop55
280
     0
102
RTVSPost2010PropOp55
 70
     1
102
RTVSPost2010Prop56
140
1.0
102
RTVSPost2010PropOp56
 70
     1
102
RTVSPost2010Prop57
140
1.0
102
RTVSPost2010PropOp57
 70
     1
  0
XRECORD
  5
BE1D
102
{ACAD_REACTORS
330
BE1C
102
}
330
BE1C
100
AcDbXrecord
280
     1
102
RTVSPost2010Prop28
280
     0
102
RTVSPost2010PropOp28
 70
     1
102
RTVSPost2010Prop29
280
     1
102
RTVSPost2010PropOp29
 70
     1
102
RTVSPost2010Prop30
280
     1
102
RTVSPost2010PropOp30
 70
     1
102
RTVSPost2010Prop31
280
     0
102
RTVSPost2010PropOp31
 70
     1
102
RTVSPost2010Prop32
280
     0
102
RTVSPost2010PropOp32
 70
     1
102
RTVSPost2010Prop33
280
     0
102
RTVSPost2010PropOp33
 70
     1
102
RTVSPost2010Prop34
280
     0
102
RTVSPost2010PropOp34
 70
     1
102
RTVSPost2010Prop35
280
     0
102
RTVSPost2010PropOp35
 70
     1
102
RTVSPost2010Prop36
280
     0
102
RTVSPost2010PropOp36
 70
     1
102
RTVSPost2010Prop37
 90
       50
102
RTVSPost2010PropOp37
 70
     1
102
RTVSPost2010Prop38
140
0.0
102
RTVSPost2010PropOp38
 70
     1
102
RTVSPost2010Prop39
140
1.0
102
RTVSPost2010PropOp39
 70
     1
102
RTVSPost2010Prop40
 90
        0
102
RTVSPost2010PropOp40
 70
     1
102
RTVSPost2010Prop41ColorIndex
 90
       18
102
RTVSPost2010Prop41ColorRGB
 90
        0
102
RTVSPost2010PropOp41
 70
     1
102
RTVSPost2010Prop42
 90
       50
102
RTVSPost2010PropOp42
 70
     1
102
RTVSPost2010Prop43
 90
        3
102
RTVSPost2010PropOp43
 70
     1
102
RTVSPost2010Prop44ColorIndex
 90
        5
102
RTVSPost2010Prop44ColorRGB
 90
      255
102
RTVSPost2010PropOp44
 70
     1
102
RTVSPost2010Prop45
280
     0
102
RTVSPost2010PropOp45
 70
     1
102
RTVSPost2010Prop46
 90
       50
102
RTVSPost2010PropOp46
 70
     1
102
RTVSPost2010Prop47
 90
       50
102
RTVSPost2010PropOp47
 70
     1
102
RTVSPost2010Prop48
 90
       50
102
RTVSPost2010PropOp48
 70
     1
102
RTVSPost2010Prop49
280
     0
102
RTVSPost2010PropOp49
 70
     1
102
RTVSPost2010Prop50
 90
       50
102
RTVSPost2010PropOp50
 70
     1
102
RTVSPost2010Prop51ColorIndex
 90
      256
102
RTVSPost2010Prop51ColorRGB
 90
-16777216
102
RTVSPost2010PropOp51
 70
     0
102
RTVSPost2010Prop52
140
1.0
102
RTVSPost2010PropOp52
 70
     0
102
RTVSPost2010Prop53
 90
        2
102
RTVSPost2010PropOp53
 70
     1
102
RTVSPost2010Prop54
  1
strokes_ogs.tif
102
RTVSPost2010PropOp54
 70
     1
102
RTVSPost2010Prop55
280
     0
102
RTVSPost2010PropOp55
 70
     1
102
RTVSPost2010Prop56
140
1.0
102
RTVSPost2010PropOp56
 70
     1
102
RTVSPost2010Prop57
140
1.0
102
RTVSPost2010PropOp57
 70
     1
  0
XRECORD
  5
BE11
102
{ACAD_REACTORS
330
BE10
102
}
330
BE10
100
AcDbXrecord
280
     1
102
RTVSPost2010Prop28
280
     0
102
RTVSPost2010PropOp28
 70
     1
102
RTVSPost2010Prop29
280
     1
102
RTVSPost2010PropOp29
 70
     1
102
RTVSPost2010Prop30
280
     1
102
RTVSPost2010PropOp30
 70
     1
102
RTVSPost2010Prop31
280
     0
102
RTVSPost2010PropOp31
 70
     1
102
RTVSPost2010Prop32
280
     0
102
RTVSPost2010PropOp32
 70
     1
102
RTVSPost2010Prop33
280
     0
102
RTVSPost2010PropOp33
 70
     1
102
RTVSPost2010Prop34
280
     0
102
RTVSPost2010PropOp34
 70
     1
102
RTVSPost2010Prop35
280
     0
102
RTVSPost2010PropOp35
 70
     1
102
RTVSPost2010Prop36
280
     0
102
RTVSPost2010PropOp36
 70
     1
102
RTVSPost2010Prop37
 90
       50
102
RTVSPost2010PropOp37
 70
     1
102
RTVSPost2010Prop38
140
0.0
102
RTVSPost2010PropOp38
 70
     1
102
RTVSPost2010Prop39
140
1.0
102
RTVSPost2010PropOp39
 70
     1
102
RTVSPost2010Prop40
 90
        0
102
RTVSPost2010PropOp40
 70
     1
102
RTVSPost2010Prop41ColorIndex
 90
       18
102
RTVSPost2010Prop41ColorRGB
 90
        0
102
RTVSPost2010PropOp41
 70
     1
102
RTVSPost2010Prop42
 90
       50
102
RTVSPost2010PropOp42
 70
     1
102
RTVSPost2010Prop43
 90
        3
102
RTVSPost2010PropOp43
 70
     1
102
RTVSPost2010Prop44ColorIndex
 90
        5
102
RTVSPost2010Prop44ColorRGB
 90
      255
102
RTVSPost2010PropOp44
 70
     1
102
RTVSPost2010Prop45
280
     0
102
RTVSPost2010PropOp45
 70
     1
102
RTVSPost2010Prop46
 90
       50
102
RTVSPost2010PropOp46
 70
     1
102
RTVSPost2010Prop47
 90
       50
102
RTVSPost2010PropOp47
 70
     1
102
RTVSPost2010Prop48
 90
       50
102
RTVSPost2010PropOp48
 70
     1
102
RTVSPost2010Prop49
280
     0
102
RTVSPost2010PropOp49
 70
     1
102
RTVSPost2010Prop50
 90
       50
102
RTVSPost2010PropOp50
 70
     1
102
RTVSPost2010Prop51ColorIndex
 90
      256
102
RTVSPost2010Prop51ColorRGB
 90
-16777216
102
RTVSPost2010PropOp51
 70
     0
102
RTVSPost2010Prop52
140
1.0
102
RTVSPost2010PropOp52
 70
     0
102
RTVSPost2010Prop53
 90
        2
102
RTVSPost2010PropOp53
 70
     1
102
RTVSPost2010Prop54
  1
strokes_ogs.tif
102
RTVSPost2010PropOp54
 70
     1
102
RTVSPost2010Prop55
280
     0
102
RTVSPost2010PropOp55
 70
     1
102
RTVSPost2010Prop56
140
1.0
102
RTVSPost2010PropOp56
 70
     1
102
RTVSPost2010Prop57
140
1.0
102
RTVSPost2010PropOp57
 70
     1
  0
XRECORD
  5
BE29
102
{ACAD_REACTORS
330
BE28
102
}
330
BE28
100
AcDbXrecord
280
     1
102
RTVSPost2010Prop28
280
     0
102
RTVSPost2010PropOp28
 70
     1
102
RTVSPost2010Prop29
280
     1
102
RTVSPost2010PropOp29
 70
     1
102
RTVSPost2010Prop30
280
     1
102
RTVSPost2010PropOp30
 70
     1
102
RTVSPost2010Prop31
280
     0
102
RTVSPost2010PropOp31
 70
     1
102
RTVSPost2010Prop32
280
     0
102
RTVSPost2010PropOp32
 70
     1
102
RTVSPost2010Prop33
280
     0
102
RTVSPost2010PropOp33
 70
     1
102
RTVSPost2010Prop34
280
     0
102
RTVSPost2010PropOp34
 70
     1
102
RTVSPost2010Prop35
280
     0
102
RTVSPost2010PropOp35
 70
     1
102
RTVSPost2010Prop36
280
     0
102
RTVSPost2010PropOp36
 70
     1
102
RTVSPost2010Prop37
 90
       50
102
RTVSPost2010PropOp37
 70
     1
102
RTVSPost2010Prop38
140
0.0
102
RTVSPost2010PropOp38
 70
     1
102
RTVSPost2010Prop39
140
1.0
102
RTVSPost2010PropOp39
 70
     1
102
RTVSPost2010Prop40
 90
        0
102
RTVSPost2010PropOp40
 70
     1
102
RTVSPost2010Prop41ColorIndex
 90
       18
102
RTVSPost2010Prop41ColorRGB
 90
        0
102
RTVSPost2010PropOp41
 70
     1
102
RTVSPost2010Prop42
 90
       50
102
RTVSPost2010PropOp42
 70
     1
102
RTVSPost2010Prop43
 90
        3
102
RTVSPost2010PropOp43
 70
     1
102
RTVSPost2010Prop44ColorIndex
 90
        5
102
RTVSPost2010Prop44ColorRGB
 90
      255
102
RTVSPost2010PropOp44
 70
     1
102
RTVSPost2010Prop45
280
     0
102
RTVSPost2010PropOp45
 70
     1
102
RTVSPost2010Prop46
 90
       50
102
RTVSPost2010PropOp46
 70
     1
102
RTVSPost2010Prop47
 90
       50
102
RTVSPost2010PropOp47
 70
     1
102
RTVSPost2010Prop48
 90
       50
102
RTVSPost2010PropOp48
 70
     1
102
RTVSPost2010Prop49
280
     0
102
RTVSPost2010PropOp49
 70
     1
102
RTVSPost2010Prop50
 90
       50
102
RTVSPost2010PropOp50
 70
     1
102
RTVSPost2010Prop51ColorIndex
 90
      256
102
RTVSPost2010Prop51ColorRGB
 90
-16777216
102
RTVSPost2010PropOp51
 70
     0
102
RTVSPost2010Prop52
140
1.0
102
RTVSPost2010PropOp52
 70
     0
102
RTVSPost2010Prop53
 90
        2
102
RTVSPost2010PropOp53
 70
     1
102
RTVSPost2010Prop54
  1
strokes_ogs.tif
102
RTVSPost2010PropOp54
 70
     1
102
RTVSPost2010Prop55
280
     0
102
RTVSPost2010PropOp55
 70
     1
102
RTVSPost2010Prop56
140
1.0
102
RTVSPost2010PropOp56
 70
     1
102
RTVSPost2010Prop57
140
1.0
102
RTVSPost2010PropOp57
 70
     1
  0
ENDSEC
  0
EOF
