  0
SECTION
  2
HEADER
  9
$ACADVER
  1
AC1024
  9
$ACADMAINTVER
 70
   226
  9
$DWGCODEPAGE
  3
ANSI_949
  9
$LASTSAVEDBY
  1
junkibeom
  9
$INSBASE
 10
0.0
 20
0.0
 30
0.0
  9
$EXTMIN
 10
34.0117289702245
 20
37.64998487686026
 30
-0.0000000100047022
  9
$EXTMAX
 10
381.7821311476054
 20
167.4204902180197
 30
0.0000000100051373
  9
$LIMMIN
 10
0.0
 20
0.0
  9
$LIMMAX
 10
12.0
 20
9.0
  9
$ORTHOMODE
 70
     0
  9
$REGENMODE
 70
     1
  9
$FILLMODE
 70
     1
  9
$QTEXTMODE
 70
     0
  9
$MIRRTEXT
 70
     0
  9
$LTSCALE
 40
1.0
  9
$ATTMODE
 70
     1
  9
$TEXTSIZE
 40
0.2
  9
$TRACEWID
 40
0.05
  9
$TEXTSTYLE
  7
STANDARD
  9
$CLAYER
  8
0
  9
$CELTYPE
  6
Continuous
  9
$CECOLOR
 62
   256
  9
$CELTSCALE
 40
1.0
  9
$DISPSILH
 70
     0
  9
$DIMSCALE
 40
1.0
  9
$DIMASZ
 40
0.18
  9
$DIMEXO
 40
0.0625
  9
$DIMDLI
 40
0.38
  9
$DIMRND
 40
0.0
  9
$DIMDLE
 40
0.0
  9
$DIMEXE
 40
0.18
  9
$DIMTP
 40
0.0
  9
$DIMTM
 40
0.0
  9
$DIMTXT
 40
0.18
  9
$DIMCEN
 40
0.09
  9
$DIMTSZ
 40
0.0
  9
$DIMTOL
 70
     0
  9
$DIMLIM
 70
     0
  9
$DIMTIH
 70
     1
  9
$DIMTOH
 70
     1
  9
$DIMSE1
 70
     0
  9
$DIMSE2
 70
     0
  9
$DIMTAD
 70
     0
  9
$DIMZIN
 70
     0
  9
$DIMBLK
  1

  9
$DIMASO
 70
     1
  9
$DIMSHO
 70
     1
  9
$DIMPOST
  1

  9
$DIMAPOST
  1

  9
$DIMALT
 70
     0
  9
$DIMALTD
 70
     2
  9
$DIMALTF
 40
25.4
  9
$DIMLFAC
 40
1.0
  9
$DIMTOFL
 70
     0
  9
$DIMTVP
 40
0.0
  9
$DIMTIX
 70
     0
  9
$DIMSOXD
 70
     0
  9
$DIMSAH
 70
     0
  9
$DIMBLK1
  1

  9
$DIMBLK2
  1

  9
$DIMSTYLE
  2
Standard
  9
$DIMCLRD
 70
     0
  9
$DIMCLRE
 70
     0
  9
$DIMCLRT
 70
     0
  9
$DIMTFAC
 40
1.0
  9
$DIMGAP
 40
0.09
  9
$DIMJUST
 70
     0
  9
$DIMSD1
 70
     0
  9
$DIMSD2
 70
     0
  9
$DIMTOLJ
 70
     1
  9
$DIMTZIN
 70
     0
  9
$DIMALTZ
 70
     0
  9
$DIMALTTZ
 70
     0
  9
$DIMUPT
 70
     0
  9
$DIMDEC
 70
     4
  9
$DIMTDEC
 70
     4
  9
$DIMALTU
 70
     2
  9
$DIMALTTD
 70
     2
  9
$DIMTXSTY
  7
STANDARD
  9
$DIMAUNIT
 70
     0
  9
$DIMADEC
 70
     0
  9
$DIMALTRND
 40
0.0
  9
$DIMAZIN
 70
     0
  9
$DIMDSEP
 70
    46
  9
$DIMATFIT
 70
     3
  9
$DIMFRAC
 70
     0
  9
$DIMLDRBLK
  1

  9
$DIMLUNIT
 70
     2
  9
$DIMLWD
 70
    -2
  9
$DIMLWE
 70
    -2
  9
$DIMTMOVE
 70
     0
  9
$DIMFXL
 40
1.0
  9
$DIMFXLON
 70
     0
  9
$DIMJOGANG
 40
0.7853981633974483
  9
$DIMTFILL
 70
     0
  9
$DIMTFILLCLR
 70
     0
  9
$DIMARCSYM
 70
     0
  9
$DIMLTYPE
  6

  9
$DIMLTEX1
  6

  9
$DIMLTEX2
  6

  9
$DIMTXTDIRECTION
 70
     0
  9
$LUNITS
 70
     2
  9
$LUPREC
 70
     4
  9
$SKETCHINC
 40
0.1
  9
$FILLETRAD
 40
0.0
  9
$AUNITS
 70
     0
  9
$AUPREC
 70
     0
  9
$MENU
  1
.
  9
$ELEVATION
 40
0.0
  9
$PELEVATION
 40
0.0
  9
$THICKNESS
 40
0.0
  9
$LIMCHECK
 70
     0
  9
$CHAMFERA
 40
0.0
  9
$CHAMFERB
 40
0.0
  9
$CHAMFERC
 40
0.0
  9
$CHAMFERD
 40
0.0
  9
$SKPOLY
 70
     0
  9
$TDCREATE
 40
2461314.867534722
  9
$TDUCREATE
 40
2461314.492534722
  9
$TDUPDATE
 40
2461314.872951389
  9
$TDUUPDATE
 40
2461314.497951389
  9
$TDINDWG
 40
0.0042708333
  9
$TDUSRTIMER
 40
0.0042708333
  9
$USRTIMER
 70
     1
  9
$ANGBASE
 50
0.0
  9
$ANGDIR
 70
     0
  9
$PDMODE
 70
     0
  9
$PDSIZE
 40
0.0
  9
$PLINEWID
 40
0.0
  9
$SPLFRAME
 70
     0
  9
$SPLINETYPE
 70
     6
  9
$SPLINESEGS
 70
     8
  9
$HANDSEED
  5
100FD
  9
$SURFTAB1
 70
     6
  9
$SURFTAB2
 70
     6
  9
$SURFTYPE
 70
     6
  9
$SURFU
 70
     6
  9
$SURFV
 70
     6
  9
$UCSBASE
  2

  9
$UCSNAME
  2

  9
$UCSORG
 10
0.0
 20
0.0
 30
0.0
  9
$UCSXDIR
 10
1.0
 20
0.0
 30
0.0
  9
$UCSYDIR
 10
0.0
 20
1.0
 30
0.0
  9
$UCSORTHOREF
  2

  9
$UCSORTHOVIEW
 70
     0
  9
$UCSORGTOP
 10
0.0
 20
0.0
 30
0.0
  9
$UCSORGBOTTOM
 10
0.0
 20
0.0
 30
0.0
  9
$UCSORGLEFT
 10
0.0
 20
0.0
 30
0.0
  9
$UCSORGRIGHT
 10
0.0
 20
0.0
 30
0.0
  9
$UCSORGFRONT
 10
0.0
 20
0.0
 30
0.0
  9
$UCSORGBACK
 10
0.0
 20
0.0
 30
0.0
  9
$PUCSBASE
  2

  9
$PUCSNAME
  2

  9
$PUCSORG
 10
0.0
 20
0.0
 30
0.0
  9
$PUCSXDIR
 10
1.0
 20
0.0
 30
0.0
  9
$PUCSYDIR
 10
0.0
 20
1.0
 30
0.0
  9
$PUCSORTHOREF
  2

  9
$PUCSORTHOVIEW
 70
     0
  9
$PUCSORGTOP
 10
0.0
 20
0.0
 30
0.0
  9
$PUCSORGBOTTOM
 10
0.0
 20
0.0
 30
0.0
  9
$PUCSORGLEFT
 10
0.0
 20
0.0
 30
0.0
  9
$PUCSORGRIGHT
 10
0.0
 20
0.0
 30
0.0
  9
$PUCSORGFRONT
 10
0.0
 20
0.0
 30
0.0
  9
$PUCSORGBACK
 10
0.0
 20
0.0
 30
0.0
  9
$USERI1
 70
     0
  9
$USERI2
 70
     0
  9
$USERI3
 70
     0
  9
$USERI4
 70
     0
  9
$USERI5
 70
     0
  9
$USERR1
 40
0.0
  9
$USERR2
 40
0.0
  9
$USERR3
 40
0.0
  9
$USERR4
 40
0.0
  9
$USERR5
 40
0.0
  9
$WORLDVIEW
 70
     1
  9
$SHADEDGE
 70
     3
  9
$SHADEDIF
 70
    70
  9
$TILEMODE
 70
     1
  9
$MAXACTVP
 70
    64
  9
$PINSBASE
 10
0.0
 20
0.0
 30
0.0
  9
$PLIMCHECK
 70
     0
  9
$PEXTMIN
 10
1.000000000000000E+20
 20
1.000000000000000E+20
 30
1.000000000000000E+20
  9
$PEXTMAX
 10
-1.000000000000000E+20
 20
-1.000000000000000E+20
 30
-1.000000000000000E+20
  9
$PLIMMIN
 10
0.0
 20
0.0
  9
$PLIMMAX
 10
12.0
 20
9.0
  9
$UNITMODE
 70
     0
  9
$VISRETAIN
 70
     1
  9
$PLINEGEN
 70
     0
  9
$PSLTSCALE
 70
     1
  9
$TREEDEPTH
 70
  3020
  9
$CMLSTYLE
  2
Standard
  9
$CMLJUST
 70
     0
  9
$CMLSCALE
 40
1.0
  9
$PROXYGRAPHICS
 70
     1
  9
$MEASUREMENT
 70
     0
  9
$CELWEIGHT
370
    -1
  9
$ENDCAPS
280
     0
  9
$JOINSTYLE
280
     0
  9
$LWDISPLAY
290
     0
  9
$INSUNITS
 70
     4
  9
$HYPERLINKBASE
  1

  9
$STYLESHEET
  1

  9
$XEDIT
290
     1
  9
$CEPSNTYPE
380
     0
  9
$PSTYLEMODE
290
     1
  9
$FINGERPRINTGUID
  2
{615347E6-4103-2A42-A2F9-BFECD37A56C8}
  9
$VERSIONGUID
  2
{0DF1E5CE-A70A-2C4B-BB87-1D48911042A2}
  9
$EXTNAMES
290
     1
  9
$PSVPSCALE
 40
0.0
  9
$OLESTARTUP
290
     0
  9
$SORTENTS
280
   127
  9
$INDEXCTL
280
     0
  9
$HIDETEXT
280
     0
  9
$XCLIPFRAME
280
     2
  9
$HALOGAP
280
     0
  9
$OBSCOLOR
 70
   257
  9
$OBSLTYPE
280
     0
  9
$INTERSECTIONDISPLAY
280
     0
  9
$INTERSECTIONCOLOR
 70
   257
  9
$DIMASSOC
280
     1
  9
$PROJECTNAME
  1

  9
$CAMERADISPLAY
290
     0
  9
$LENSLENGTH
 40
50.0
  9
$CAMERAHEIGHT
 40
0.0
  9
$STEPSPERSEC
 40
2.0
  9
$STEPSIZE
 40
6.0
  9
$3DDWFPREC
 40
2.0
  9
$PSOLWIDTH
 40
0.25
  9
$PSOLHEIGHT
 40
4.0
  9
$LOFTANG1
 40
1.570796326794896
  9
$LOFTANG2
 40
1.570796326794896
  9
$LOFTMAG1
 40
0.0
  9
$LOFTMAG2
 40
0.0
  9
$LOFTPARAM
 70
     7
  9
$LOFTNORMALS
280
     1
  9
$LATITUDE
 40
37.795
  9
$LONGITUDE
 40
-122.394
  9
$NORTHDIRECTION
 40
0.0
  9
$TIMEZONE
 70
 -8000
  9
$LIGHTGLYPHDISPLAY
280
     1
  9
$TILEMODELIGHTSYNCH
280
     1
  9
$CMATERIAL
347
10005
  9
$SOLIDHIST
280
     0
  9
$SHOWHIST
280
     1
  9
$DWFFRAME
280
     2
  9
$DGNFRAME
280
     0
  9
$REALWORLDSCALE
290
     1
  9
$INTERFERECOLOR
 62
     1
  9
$INTERFEREOBJVS
345
10027
  9
$INTERFEREVPVS
346
10024
  9
$CSHADOW
280
     0
  9
$SHADOWPLANELOCATION
 40
0.0
  0
ENDSEC
  0
SECTION
  2
CLASSES
  0
CLASS
  1
ACDBDICTIONARYWDFLT
  2
AcDbDictionaryWithDefault
  3
ObjectDBX Classes
 90
        0
 91
        1
280
     0
281
     0
  0
CLASS
  1
MATERIAL
  2
AcDbMaterial
  3
ObjectDBX Classes
 90
     1153
 91
        3
280
     0
281
     0
  0
CLASS
  1
VISUALSTYLE
  2
AcDbVisualStyle
  3
ObjectDBX Classes
 90
     4095
 91
       24
280
     0
281
     0
  0
CLASS
  1
TABLESTYLE
  2
AcDbTableStyle
  3
ObjectDBX Classes
 90
     4095
 91
        1
280
     0
281
     0
  0
CLASS
  1
SCALE
  2
AcDbScale
  3
ObjectDBX Classes
 90
     1153
 91
       17
280
     0
281
     0
  0
CLASS
  1
MLEADERSTYLE
  2
AcDbMLeaderStyle
  3
ACDB_MLEADERSTYLE_CLASS
 90
     4095
 91
        1
280
     0
281
     0
  0
CLASS
  1
ACDBSECTIONVIEWSTYLE
  2
AcDbSectionViewStyle
  3
ObjectDBX Classes
 90
     1025
 91
        1
280
     0
281
     0
  0
CLASS
  1
ACDBDETAILVIEWSTYLE
  2
AcDbDetailViewStyle
  3
ObjectDBX Classes
 90
     1025
 91
        1
280
     0
281
     0
  0
CLASS
  1
SOLID_BACKGROUND
  2
AcDbSolidBackground
  3
SCENEOE
 90
     4095
 91
        1
280
     0
281
     0
  0
CLASS
  1
NPOCOLLECTION
  2
AcDbImpNonPersistentObjectsCollection
  3
ObjectDBX Classes
 90
     1153
 91
        1
280
     0
281
     0
  0
CLASS
  1
DICTIONARYVAR
  2
AcDbDictionaryVar
  3
ObjectDBX Classes
 90
        0
 91
        9
280
     0
281
     0
  0
CLASS
  1
CELLSTYLEMAP
  2
AcDbCellStyleMap
  3
ObjectDBX Classes
 90
     1152
 91
        2
280
     0
281
     0
  0
ENDSEC
  0
SECTION
  2
TABLES
  0
TABLE
  2
VPORT
  5
8
330
0
100
AcDbSymbolTable
 70
     1
  0
VPORT
  5
10059
330
8
100
AcDbSymbolTableRecord
100
AcDbViewportTableRecord
  2
*Active
 70
     0
 10
0.0
 20
0.0
 11
1.0
 21
1.0
 12
0.0
 22
0.0
 13
0.0
 23
0.0
 14
1.0
 24
1.0
 15
0.0
 25
0.0
 16
-0.0000000000001705
 26
0.0
 36
792.9432189167338
 17
208.2256984710693
 27
102.4612770080566
 37
0.0000000000003552
 40
370.5257889622294
 41
1.433566433566433
 42
50.0
 43
0.0
 44
0.0
 50
0.0
 51
0.0
 71
     0
 72
  1000
 73
     1
 74
     3
 75
     0
 76
     0
 77
     0
 78
     0
281
     0
 65
     1
110
0.0
120
0.0
130
0.0
111
1.0
121
0.0
131
0.0
112
0.0
122
1.0
132
0.0
 79
     0
146
0.0
348
10023
 60
     3
 61
     5
292
     1
282
     1
141
0.0
142
0.0
 63
   250
421
  3355443
1001
ACAD_NAV_VCDISPLAY
1070
     3
  0
ENDTAB
  0
TABLE
  2
LTYPE
  5
5
330
0
100
AcDbSymbolTable
 70
     2
  0
LTYPE
  5
14
330
5
100
AcDbSymbolTableRecord
100
AcDbLinetypeTableRecord
  2
BYBLOCK
 70
     0
  3

 72
    65
 73
     0
 40
0.0
  0
LTYPE
  5
15
330
5
100
AcDbSymbolTableRecord
100
AcDbLinetypeTableRecord
  2
BYLAYER
 70
     0
  3

 72
    65
 73
     0
 40
0.0
  0
LTYPE
  5
10001
330
5
100
AcDbSymbolTableRecord
100
AcDbLinetypeTableRecord
  2
Continuous
 70
     0
  3
Solid line
 72
    65
 73
     0
 40
0.0
  0
LTYPE
  5
16
330
5
100
AcDbSymbolTableRecord
100
AcDbLinetypeTableRecord
  2
DASHED
 70
     0
  3
Dashed __ __ __ __ __ __ __ __ __ __ __ __ __ _
 72
    65
 73
     2
 40
0.75
 49
0.5
 74
     0
 49
-0.25
 74
     0
  0
ENDTAB
  0
TABLE
  2
LAYER
  5
2
102
{ACAD_XDICTIONARY
360
1006E
102
}
330
0
100
AcDbSymbolTable
 70
     1
  0
LAYER
  5
50
102
{ACAD_XDICTIONARY
360
10069
102
}
330
2
100
AcDbSymbolTableRecord
100
AcDbLayerTableRecord
  2
0
 70
     0
 62
     7
  6
Continuous
370
    -3
390
10003
347
10015
  0
ENDTAB
  0
TABLE
  2
STYLE
  5
3
330
0
100
AcDbSymbolTable
 70
     1
  0
STYLE
  5
11
330
3
100
AcDbSymbolTableRecord
100
AcDbTextStyleTableRecord
  2
STANDARD
 70
     0
 40
0.0
 41
1.0
 50
0.0
 71
     0
 42
0.2
  3

  4

  0
ENDTAB
  0
TABLE
  2
VIEW
  5
6
330
0
100
AcDbSymbolTable
 70
     1
  0
ENDTAB
  0
TABLE
  2
UCS
  5
7
330
0
100
AcDbSymbolTable
 70
     0
  0
ENDTAB
  0
TABLE
  2
APPID
  5
9
330
0
100
AcDbSymbolTable
 70
     2
  0
APPID
  5
12
330
9
100
AcDbSymbolTableRecord
100
AcDbRegAppTableRecord
  2
ACAD
 70
     0
  0
APPID
  5
10058
330
9
100
AcDbSymbolTableRecord
100
AcDbRegAppTableRecord
  2
ACAD_NAV_VCDISPLAY
 70
     0
  0
ENDTAB
  0
TABLE
  2
DIMSTYLE
  5
A
330
0
100
AcDbSymbolTable
 70
     1
100
AcDbDimStyleTable
 71
     0
  0
DIMSTYLE
105
10053
330
A
100
AcDbSymbolTableRecord
100
AcDbDimStyleTableRecord
  2
Standard
 70
     0
340
11
  0
ENDTAB
  0
TABLE
  2
BLOCK_RECORD
  5
1
330
0
100
AcDbSymbolTable
 70
     0
  0
BLOCK_RECORD
  5
1F
330
1
100
AcDbSymbolTableRecord
100
AcDbBlockTableRecord
  2
*MODEL_SPACE
340
10055
 70
     0
280
     1
281
     0
  0
BLOCK_RECORD
  5
1B
330
1
100
AcDbSymbolTableRecord
100
AcDbBlockTableRecord
  2
*PAPER_SPACE
340
10056
 70
     0
280
     1
281
     0
  0
ENDTAB
  0
ENDSEC
  0
SECTION
  2
BLOCKS
  0
BLOCK
  5
20
330
1F
100
AcDbEntity
  8
0
100
AcDbBlockBegin
  2
*MODEL_SPACE
 70
     0
 10
0.0
 20
0.0
 30
0.0
  3
*MODEL_SPACE
  1

  0
ENDBLK
  5
21
330
1F
100
AcDbEntity
  8
0
100
AcDbBlockEnd
  0
BLOCK
  5
1C
330
1B
100
AcDbEntity
 67
     1
  8
0
100
AcDbBlockBegin
  2
*PAPER_SPACE
 70
     0
 10
0.0
 20
0.0
 30
0.0
  3
*PAPER_SPACE
  1

  0
ENDBLK
  5
1D
330
1B
100
AcDbEntity
 67
     1
  8
0
100
AcDbBlockEnd
  0
ENDSEC
  0
SECTION
  2
ENTITIES
  0
ARC
  5
100
330
1F
100
AcDbEntity
  8
0
100
AcDbCircle
 10
346.8238324761222
 20
39.65001754859498
 30
0.0
 40
2.000029859403201
100
AcDbArc
 50
269.9999999919506
 51
314.9999999974345
  0
LINE
  5
101
330
1F
100
AcDbEntity
  8
0
100
AcDbLine
 10
346.8238324758413
 20
37.64998768919179
 30
0.0
 11
341.0907904444623
 21
37.64998768999857
 31
0.0
  0
ARC
  5
102
330
1F
100
AcDbEntity
  8
0
100
AcDbCircle
 10
341.0907904447441
 20
39.65001754894638
 30
0.0
 40
2.000029858947797
100
AcDbArc
 50
224.9999999974264
 51
269.9999999919213
  0
LINE
  5
103
330
1F
100
AcDbEntity
  8
0
100
AcDbLine
 10
339.6765557688433
 20
38.23578287317236
 30
0.0
 11
335.5431119250773
 21
42.36922671730917
 31
0.0
  0
ARC
  5
104
330
1F
100
AcDbEntity
  8
0
100
AcDbCircle
 10
334.1288772488523
 20
40.95499204121091
 30
0.0
 40
2.000029859406262
100
AcDbArc
 50
44.99999999743449
 51
89.99999999742218
  0
LINE
  5
105
330
1F
100
AcDbEntity
  8
0
100
AcDbLine
 10
334.1288772489422
 20
42.95502190061722
 30
0.0
 11
279.9665454847416
 21
42.95502544780089
 31
-0.0000000000000089
  0
ARC
  5
106
330
1F
100
AcDbEntity
  8
0
100
AcDbCircle
 10
279.966545484651
 20
40.95499558894494
 30
0.0
 40
2.000029859396261
100
AcDbArc
 50
89.99999999740426
 51
134.9999999974114
  0
LINE
  5
107
330
1F
100
AcDbEntity
  8
0
100
AcDbLine
 10
278.5523108085602
 20
42.36923026516359
 30
0.0
 11
274.418870028865
 21
38.2357894858414
 31
0.0
  0
ARC
  5
108
330
1F
100
AcDbEntity
  8
0
100
AcDbCircle
 10
273.0046353529568
 20
39.6500241618773
 30
0.0
 40
2.000029859137985
100
AcDbArc
 50
270.0000942016568
 51
314.9999999974114
  0
LINE
  5
109
330
1F
100
AcDbEntity
  8
0
100
AcDbLine
 10
273.0046386412641
 20
37.6499943027423
 30
0.0
 11
267.2715857235171
 21
37.64998487686296
 31
0.0
  0
ARC
  5
110
330
1F
100
AcDbEntity
  8
0
100
AcDbCircle
 10
267.2715824352099
 20
39.65001473651586
 30
0.0
 40
2.0000298596556
100
AcDbArc
 50
224.9999999974356
 51
270.0000942016552
  0
LINE
  5
111
330
1F
100
AcDbEntity
  8
0
100
AcDbLine
 10
265.8573477588088
 20
38.23578006024127
 30
0.0
 11
261.723901531306
 21
42.36922628811408
 31
0.0
  0
ARC
  5
112
330
1F
100
AcDbEntity
  8
0
100
AcDbCircle
 10
260.3096668550904
 20
40.95499161202496
 30
0.0
 40
2.000029859392861
100
AcDbArc
 50
44.99999999743909
 51
89.99999981625451
  0
LINE
  5
113
330
1F
100
AcDbEntity
  8
0
100
AcDbLine
 10
260.3096668615044
 20
42.95502147141786
 30
0.0
 11
94.22859159104026
 21
42.95502200455849
 31
-0.0000000000000089
  0
ARC
  5
114
330
1F
100
AcDbEntity
  8
0
100
AcDbCircle
 10
94.22859158462626
 20
40.95499214463745
 30
0.0
 40
2.000029859394766
100
AcDbArc
 50
89.99999981625451
 51
134.9999999974563
  0
LINE
  5
115
330
1F
100
AcDbEntity
  8
0
100
AcDbLine
 10
92.81435690853546
 20
42.36922682085389
 30
0.0
 11
88.68092312788226
 21
38.23579304057188
 31
0.0
  0
ARC
  5
116
330
1F
100
AcDbEntity
  8
0
100
AcDbCircle
 10
87.26668845197227
 20
39.65002771660778
 30
0.0
 40
2.000029859139266
100
AcDbArc
 50
270.0000942016503
 51
314.9999999974483
  0
LINE
  5
117
330
1F
100
AcDbEntity
  8
0
100
AcDbLine
 10
87.26669174027927
 20
37.64999785747057
 30
0.0
 11
81.53363882253227
 21
37.6499884315935
 31
0.0
  0
ARC
  5
118
330
1F
100
AcDbEntity
  8
0
100
AcDbCircle
 10
81.53363553422527
 20
39.65001829124276
 30
0.0
 40
2.000029859652001
100
AcDbArc
 50
224.9999999974253
 51
270.0000942016503
  0
LINE
  5
119
330
1F
100
AcDbEntity
  8
0
100
AcDbLine
 10
80.11940085782605
 20
38.23578361497056
 30
0.0
 11
75.98594545321326
 21
42.36923901995521
 31
0.0
  0
SPLINE
  5
120
330
1F
100
AcDbEntity
  8
0
100
AcDbSpline
210
0.0
220
0.0
230
1.0
 70
     8
 71
     3
 72
    10
 73
     6
 74
     0
 42
0.000000001
 43
0.0000000001
 40
-0.1577024332825973
 40
-0.1577024332825973
 40
-0.1577024332825973
 40
-0.1577024332825973
 40
-0.0788512166413006
 40
-0.0788512166413006
 40
0.0
 40
0.0
 40
0.0
 40
0.0
 10
74.57173189086427
 20
42.95502545764622
 30
0.0
 10
74.83456927966855
 20
42.9550254576348
 30
0.0
 10
75.09446215653146
 20
42.90328789270557
 30
0.0
 10
75.57973535464675
 20
42.70228115256481
 30
0.0
 10
75.80009135324907
 20
42.55509311993677
 30
0.0
 10
75.98594545321326
 20
42.36923901995521
 30
0.0
  0
LINE
  5
121
330
1F
100
AcDbEntity
  8
0
100
AcDbLine
 10
74.57173189086427
 20
42.95502545764622
 30
0.0
 11
37.66926252612027
 21
42.95502545931833
 31
0.0
  0
ARC
  5
122
330
1F
100
AcDbEntity
  8
0
100
AcDbCircle
 10
37.66926252625626
 20
45.95502545931799
 30
0.0
 40
2.9999999999997
100
AcDbArc
 50
180.0
 51
269.9999999974027
  0
LINE
  5
123
330
1F
100
AcDbEntity
  8
0
100
AcDbLine
 10
34.66926252625626
 20
45.95502545945277
 30
0.0
 11
34.66926253133528
 21
158.9675254594852
 31
0.0
  0
SPLINE
  5
124
330
1F
100
AcDbEntity
  8
0
100
AcDbSpline
210
0.0
220
0.0
230
1.0
 70
     8
 71
     3
 72
     8
 73
     4
 74
     0
 42
0.000000001
 43
0.0000000001
 40
0.0
 40
0.0
 40
0.0
 40
0.0
 40
1.0
 40
1.0
 40
1.0
 40
1.0
 10
34.66926253133528
 20
158.9675254594852
 30
0.0
 10
34.66926253141025
 20
160.6243797089781
 30
0.0
 10
36.01240828197726
 20
161.9675254594242
 30
0.0
 10
37.66926253147128
 20
161.9675254593492
 30
0.0
  0
LINE
  5
125
330
1F
100
AcDbEntity
  8
0
100
AcDbLine
 10
37.66926253147128
 20
161.9675254593492
 30
0.0
 11
45.99610276501226
 21
161.9675254589742
 31
0.0
  0
SPLINE
  5
126
330
1F
100
AcDbEntity
  8
0
100
AcDbSpline
210
0.0
220
0.0
230
1.0
 70
     8
 71
     3
 72
    10
 73
     6
 74
     0
 42
0.000000001
 43
0.0000000001
 40
0.0
 40
0.0
 40
0.0
 40
0.0
 40
0.0788512166418653
 40
0.0788512166418653
 40
0.1577024332838097
 40
0.1577024332838097
 40
0.1577024332838097
 40
0.1577024332838097
 10
45.99610276501226
 20
161.9675254589742
 30
0.0
 10
46.25894015381857
 20
161.9675254589628
 30
0.0
 10
46.51883303068837
 20
162.01926302387
 30
0.0
 10
47.00410622882574
 20
162.2202697639694
 30
0.0
 10
47.22446222744358
 20
162.3674577965787
 30
0.0
 10
47.41031632742624
 20
162.5533118965453
 30
0.0
  0
LINE
  5
127
330
1F
100
AcDbEntity
  8
0
100
AcDbLine
 10
47.41031632742624
 20
162.5533118965453
 30
0.0
 11
51.54379152754927
 21
166.6867870963282
 31
0.0
  0
SPLINE
  5
128
330
1F
100
AcDbEntity
  8
0
100
AcDbSpline
210
0.0
220
0.0
230
1.0
 70
     8
 71
     3
 72
    10
 73
     6
 74
     0
 42
0.000000001
 43
0.0000000001
 40
0.0
 40
0.0
 40
0.0
 40
0.0
 40
0.0788512166423199
 40
0.0788512166423199
 40
0.1577024332846307
 40
0.1577024332846307
 40
0.1577024332846307
 40
0.1577024332846307
 10
51.54379152754927
 20
166.6867870963282
 30
0.0
 10
51.72964562753207
 20
166.8726411962961
 30
0.0
 10
51.95000162615065
 20
167.0198292289061
 30
0.0
 10
52.43527482429036
 20
167.2208359690048
 30
0.0
 10
52.69516770116187
 20
167.2725735339106
 30
0.0
 10
52.95800508996928
 20
167.2725735338972
 30
0.0
  0
LINE
  5
129
330
1F
100
AcDbEntity
  8
0
100
AcDbLine
 10
52.95800508996928
 20
167.2725735338972
 30
0.0
 11
58.69105121898624
 21
167.2725735336392
 31
0.0
  0
SPLINE
  5
130
330
1F
100
AcDbEntity
  8
0
100
AcDbSpline
210
0.0
220
0.0
230
1.0
 70
     8
 71
     3
 72
    10
 73
     6
 74
     0
 42
0.000000001
 43
0.0000000001
 40
0.0
 40
0.0
 40
0.0
 40
0.0
 40
0.0788512166420234
 40
0.0788512166420234
 40
0.1577024332840993
 40
0.1577024332840993
 40
0.1577024332840993
 40
0.1577024332840993
 10
58.69105121898624
 20
167.2725735336392
 30
0.0
 10
58.95388860779306
 20
167.2725735336273
 30
0.0
 10
59.21378148465868
 20
167.2208359686977
 30
0.0
 10
59.69905468277926
 20
167.0198292285569
 30
0.0
 10
59.91941068138487
 20
166.872641195929
 30
0.0
 10
60.10526478135227
 20
166.6867870959472
 30
0.0
  0
LINE
  5
131
330
1F
100
AcDbEntity
  8
0
100
AcDbLine
 10
60.10526478135227
 20
166.6867870959472
 30
0.0
 11
64.23873998106424
 21
162.5533118958052
 31
0.0
  0
SPLINE
  5
132
330
1F
100
AcDbEntity
  8
0
100
AcDbSpline
210
0.0
220
0.0
230
1.0
 70
     8
 71
     3
 72
    10
 73
     6
 74
     0
 42
0.000000001
 43
0.0000000001
 40
0.0
 40
0.0
 40
0.0
 40
0.0
 40
0.0788512166410834
 40
0.0788512166410834
 40
0.1577024332820248
 40
0.1577024332820248
 40
0.1577024332820248
 40
0.1577024332820248
 10
64.23873998106424
 20
162.5533118958052
 30
0.0
 10
64.42459408102855
 20
162.3674577958245
 30
0.0
 10
64.64495007963077
 20
162.2202697631971
 30
0.0
 10
65.13022327774485
 20
162.019263023057
 30
0.0
 10
65.39011615460705
 20
161.9675254581276
 30
0.0
 10
65.65295354341026
 20
161.9675254581162
 30
0.0
  0
LINE
  5
133
330
1F
100
AcDbEntity
  8
0
100
AcDbLine
 10
65.65295354341026
 20
161.9675254581162
 30
0.0
 11
148.3907696639046
 21
161.9675254543772
 31
0.0
  0
SPLINE
  5
134
330
1F
100
AcDbEntity
  8
0
100
AcDbSpline
210
0.0
220
0.0
230
1.0
 70
     8
 71
     3
 72
    10
 73
     6
 74
     0
 42
0.000000001
 43
0.0000000001
 40
0.0
 40
0.0
 40
0.0
 40
0.0
 40
0.0788512166421695
 40
0.0788512166421695
 40
0.1577024332842831
 40
0.1577024332842831
 40
0.1577024332842831
 40
0.1577024332842831
 10
148.3907696639046
 20
161.9675254543772
 30
0.0
 10
148.6536070527119
 20
161.9675254543653
 30
0.0
 10
148.9134999295826
 20
162.0192630192726
 30
0.0
 10
149.398773127721
 20
162.220269759373
 30
0.0
 10
149.6191291263391
 20
162.3674577919832
 30
0.0
 10
149.8049832263217
 20
162.5533118919502
 30
0.0
  0
LINE
  5
135
330
1F
100
AcDbEntity
  8
0
100
AcDbLine
 10
149.8049832263217
 20
162.5533118919502
 30
0.0
 11
153.9384584257094
 21
166.6867870909892
 31
0.0
  0
SPLINE
  5
136
330
1F
100
AcDbEntity
  8
0
100
AcDbSpline
210
0.0
220
0.0
230
1.0
 70
     8
 71
     3
 72
    10
 73
     6
 74
     0
 42
0.000000001
 43
0.0000000001
 40
0.0
 40
0.0
 40
0.0
 40
0.0
 40
0.0788512166420933
 40
0.0788512166420933
 40
0.1577024332842128
 40
0.1577024332842128
 40
0.1577024332842128
 40
0.1577024332842128
 10
153.9384584257094
 20
166.6867870909892
 30
0.0
 10
154.124312525692
 20
166.8726411909562
 30
0.0
 10
154.3446685243101
 20
167.0198292235659
 30
0.0
 10
154.8299417224484
 20
167.2208359636645
 30
0.0
 10
155.089834599319
 20
167.2725735285706
 30
0.0
 10
155.3526719881258
 20
167.2725735285572
 30
0.0
  0
LINE
  5
137
330
1F
100
AcDbEntity
  8
0
100
AcDbLine
 10
155.3526719881258
 20
167.2725735285572
 30
0.0
 11
161.0857181186446
 21
167.2725735282582
 31
0.0
  0
SPLINE
  5
138
330
1F
100
AcDbEntity
  8
0
100
AcDbSpline
210
0.0
220
0.0
230
1.0
 70
     8
 71
     3
 72
    10
 73
     6
 74
     0
 42
0.000000001
 43
0.0000000001
 40
0.0
 40
0.0
 40
0.0
 40
0.0
 40
0.0788512166402579
 40
0.0788512166402579
 40
0.1577024332804391
 40
0.1577024332804391
 40
0.1577024332804391
 40
0.1577024332804391
 10
161.0857181186446
 20
167.2725735282582
 30
0.0
 10
161.3485555074455
 20
167.2725735282463
 30
0.0
 10
161.6084483843055
 20
167.2208359633175
 30
0.0
 10
162.0937215824152
 20
167.0198292231807
 30
0.0
 10
162.3140775810159
 20
166.8726411905563
 30
0.0
 10
162.4999316809795
 20
166.6867870905792
 30
0.0
  0
LINE
  5
139
330
1F
100
AcDbEntity
  8
0
100
AcDbLine
 10
162.4999316809795
 20
166.6867870905792
 30
0.0
 11
166.6334068800137
 21
162.5533118911722
 31
0.0
  0
SPLINE
  5
140
330
1F
100
AcDbEntity
  8
0
100
AcDbSpline
210
0.0
220
0.0
230
1.0
 70
     8
 71
     3
 72
    10
 73
     6
 74
     0
 42
0.000000001
 43
0.0000000001
 40
0.0
 40
0.0
 40
0.0
 40
0.0
 40
0.0788512166407809
 40
0.0788512166407809
 40
0.1577024332816357
 40
0.1577024332816357
 40
0.1577024332816357
 40
0.1577024332816357
 10
166.6334068800137
 20
162.5533118911722
 30
0.0
 10
166.8192609799776
 20
162.3674577911927
 30
0.0
 10
167.0396169785792
 20
162.2202697585663
 30
0.0
 10
167.5248901766913
 20
162.0192630184265
 30
0.0
 10
167.7847830535529
 20
161.9675254534967
 30
0.0
 10
168.0476204423556
 20
161.9675254534842
 30
0.0
  0
LINE
  5
141
330
1F
100
AcDbEntity
  8
0
100
AcDbLine
 10
168.0476204423556
 20
161.9675254534842
 30
0.0
 11
248.4034953819878
 21
161.9675254498552
 31
0.0
  0
SPLINE
  5
142
330
1F
100
AcDbEntity
  8
0
100
AcDbSpline
210
0.0
220
0.0
230
1.0
 70
     8
 71
     3
 72
    10
 73
     6
 74
     0
 42
0.000000001
 43
0.0000000001
 40
0.0
 40
0.0
 40
0.0
 40
0.0
 40
0.0788512166413163
 40
0.0788512166413163
 40
0.1577024332826444
 40
0.1577024332826444
 40
0.1577024332826444
 40
0.1577024332826444
 10
248.4034953819879
 20
161.9675254498552
 30
0.0
 10
248.6663327707923
 20
161.9675254498438
 30
0.0
 10
248.9262256476601
 20
162.01926301475
 30
0.0
 10
249.4114988457939
 20
162.2202697548473
 30
0.0
 10
249.6318548444097
 20
162.3674577874554
 30
0.0
 10
249.8177089443909
 20
162.5533118874202
 30
0.0
  0
LINE
  5
143
330
1F
100
AcDbEntity
  8
0
100
AcDbLine
 10
249.8177089443909
 20
162.5533118874202
 30
0.0
 11
253.9511841431199
 21
166.6867870857782
 31
0.0
  0
SPLINE
  5
144
330
1F
100
AcDbEntity
  8
0
100
AcDbSpline
210
0.0
220
0.0
230
1.0
 70
     8
 71
     3
 72
    10
 73
     6
 74
     0
 42
0.000000001
 43
0.0000000001
 40
0.0
 40
0.0
 40
0.0
 40
0.0
 40
0.0788512166417781
 40
0.0788512166417781
 40
0.1577024332835506
 40
0.1577024332835506
 40
0.1577024332835506
 40
0.1577024332835506
 10
253.9511841431199
 20
166.6867870857782
 30
0.0
 10
254.1370382431021
 20
166.872641185744
 30
0.0
 10
254.3573942417197
 20
167.019829218353
 30
0.0
 10
254.842667439857
 20
167.2208359584503
 30
0.0
 10
255.1025603167269
 20
167.2725735233556
 30
0.0
 10
255.3653977055329
 20
167.2725735233412
 30
0.0
  0
LINE
  5
145
330
1F
100
AcDbEntity
  8
0
100
AcDbLine
 10
255.3653977055329
 20
167.2725735233412
 30
0.0
 11
261.0984438375119
 21
167.2725735230422
 31
0.0
  0
SPLINE
  5
146
330
1F
100
AcDbEntity
  8
0
100
AcDbSpline
210
0.0
220
0.0
230
1.0
 70
     8
 71
     3
 72
    10
 73
     6
 74
     0
 42
0.000000001
 43
0.0000000001
 40
0.0
 40
0.0
 40
0.0
 40
0.0
 40
0.0788512166403421
 40
0.0788512166403421
 40
0.1577024332807369
 40
0.1577024332807369
 40
0.1577024332807369
 40
0.1577024332807369
 10
261.0984438375119
 20
167.2725735230422
 30
0.0
 10
261.361281226313
 20
167.2725735230308
 30
0.0
 10
261.6211741031732
 20
167.2208359581024
 30
0.0
 10
262.106447301284
 20
167.0198292179659
 30
0.0
 10
262.326803299885
 20
166.8726411853409
 30
0.0
 10
262.5126573998489
 20
166.6867870853632
 30
0.0
  0
LINE
  5
147
330
1F
100
AcDbEntity
  8
0
100
AcDbLine
 10
262.5126573998489
 20
166.6867870853632
 30
0.0
 11
266.6461238524364
 21
162.5533206324032
 31
0.0
  0
ARC
  5
148
330
1F
100
AcDbEntity
  8
0
100
AcDbCircle
 10
268.0603585286516
 20
163.9675553084912
 30
0.0
 40
2.000029859391715
100
AcDbArc
 50
224.9999999974253
 51
269.9999999972903
  0
LINE
  5
149
330
1F
100
AcDbEntity
  8
0
100
AcDbLine
 10
268.0603585285569
 20
161.9675254490994
 30
0.0
 11
345.8373361435342
 21
161.9675254102994
 31
-0.0000000000000089
  0
LINE
  5
150
330
1F
100
AcDbEntity
  8
0
100
AcDbLine
 10
345.8373361435342
 20
161.9675254102994
 30
-0.0000000000000089
 11
350.1789142281133
 21
161.9675254451592
 31
0.0
  0
SPLINE
  5
151
330
1F
100
AcDbEntity
  8
0
100
AcDbSpline
210
0.0
220
0.0
230
1.0
 70
     8
 71
     3
 72
    10
 73
     6
 74
     0
 42
0.000000001
 43
0.0000000001
 40
0.0
 40
0.0
 40
0.0
 40
0.0
 40
0.0788512166416539
 40
0.0788512166416539
 40
0.1577024332832443
 40
0.1577024332832443
 40
0.1577024332832443
 40
0.1577024332832443
 10
350.1789142281133
 20
161.9675254451592
 30
0.0
 10
350.4417516169187
 20
161.9675254451468
 30
0.0
 10
350.7016444937879
 20
162.0192630100536
 30
0.0
 10
351.1869176919237
 20
162.2202697501523
 30
0.0
 10
351.4072736905408
 20
162.3674577827612
 30
0.0
 10
351.5931277905232
 20
162.5533118827262
 30
0.0
  0
LINE
  5
152
330
1F
100
AcDbEntity
  8
0
100
AcDbLine
 10
351.5931277905232
 20
162.5533118827262
 30
0.0
 11
355.7266029884553
 21
166.6867870803102
 31
0.0
  0
SPLINE
  5
153
330
1F
100
AcDbEntity
  8
0
100
AcDbSpline
210
0.0
220
0.0
230
1.0
 70
     8
 71
     3
 72
    10
 73
     6
 74
     0
 42
0.000000001
 43
0.0000000001
 40
0.0
 40
0.0
 40
0.0
 40
0.0
 40
0.0788512166421932
 40
0.0788512166421932
 40
0.1577024332844232
 40
0.1577024332844232
 40
0.1577024332844232
 40
0.1577024332844232
 10
355.7266029884553
 20
166.6867870803102
 30
0.0
 10
355.9124570884379
 20
166.8726411802776
 30
0.0
 10
356.132813087056
 20
167.0198292128875
 30
0.0
 10
356.6180862851952
 20
167.2208359529864
 30
0.0
 10
356.877979162066
 20
167.2725735178921
 30
0.0
 10
357.1408165508733
 20
167.2725735178782
 30
0.0
  0
LINE
  5
154
330
1F
100
AcDbEntity
  8
0
100
AcDbLine
 10
357.1408165508733
 20
167.2725735178782
 30
0.0
 11
362.8738626843373
 21
167.2725735175792
 31
0.0
  0
SPLINE
  5
155
330
1F
100
AcDbEntity
  8
0
100
AcDbSpline
210
0.0
220
0.0
230
1.0
 70
     8
 71
     3
 72
    10
 73
     6
 74
     0
 42
0.000000001
 43
0.0000000001
 40
0.0
 40
0.0
 40
0.0
 40
0.0
 40
0.0788512166400482
 40
0.0788512166400482
 40
0.1577024332800777
 40
0.1577024332800777
 40
0.1577024332800777
 40
0.1577024332800777
 10
362.8738626843373
 20
167.2725735175792
 30
0.0
 10
363.1367000731374
 20
167.2725735175668
 30
0.0
 10
363.3965929499967
 20
167.2208359526379
 30
0.0
 10
363.8818661481054
 20
167.0198292125018
 30
0.0
 10
364.1022221467057
 20
166.8726411798776
 30
0.0
 10
364.2880762466693
 20
166.6867870799012
 30
0.0
  0
LINE
  5
156
330
1F
100
AcDbEntity
  8
0
100
AcDbLine
 10
364.2880762466693
 20
166.6867870799012
 30
0.0
 11
368.4215514442193
 21
162.5533118819792
 31
0.0
  0
SPLINE
  5
157
330
1F
100
AcDbEntity
  8
0
100
AcDbSpline
210
0.0
220
0.0
230
1.0
 70
     8
 71
     3
 72
    10
 73
     6
 74
     0
 42
0.000000001
 43
0.0000000001
 40
0.0
 40
0.0
 40
0.0
 40
0.0
 40
0.0788512166410447
 40
0.0788512166410447
 40
0.157702433282068
 40
0.157702433282068
 40
0.157702433282068
 40
0.157702433282068
 10
368.4215514442193
 20
162.5533118819792
 30
0.0
 10
368.6074055441832
 20
162.3674577819985
 30
0.0
 10
368.8277615427852
 20
162.220269749371
 30
0.0
 10
369.3130347408993
 20
162.0192630092307
 30
0.0
 10
369.5729276177617
 20
161.967525444301
 30
0.0
 10
369.8357650065653
 20
161.9675254442892
 30
0.0
  0
LINE
  5
158
330
1F
100
AcDbEntity
  8
0
100
AcDbLine
 10
369.8357650065653
 20
161.9675254442892
 30
0.0
 11
378.7812647439173
 21
161.9675254438662
 31
0.0
  0
ARC
  5
159
330
1F
100
AcDbEntity
  8
0
100
AcDbCircle
 10
378.7812647437752
 20
158.9666590400362
 30
0.0
 40
3.000866403830002
100
AcDbArc
 50
0.0
 51
89.99999999728863
  0
LINE
  5
160
330
1F
100
AcDbEntity
  8
0
100
AcDbLine
 10
381.7821311476054
 20
158.9666590399012
 30
0.0
 11
381.7821311425262
 21
45.95675495637823
 31
0.0
  0
ARC
  5
161
330
1F
100
AcDbEntity
  8
0
100
AcDbCircle
 10
378.7803980846482
 20
45.95675495651306
 30
0.0
 40
3.001733057877976
100
AcDbArc
 50
269.9999999974238
 51
0.0
  0
LINE
  5
162
330
1F
100
AcDbEntity
  8
0
100
AcDbLine
 10
378.7803980845133
 20
42.95502189863447
 30
0.0
 11
353.7857368502053
 21
42.9550218997569
 31
0.0
  0
SPLINE
  5
163
330
1F
100
AcDbEntity
  8
0
100
AcDbSpline
210
0.0
220
0.0
230
1.0
 70
     8
 71
     3
 72
    10
 73
     6
 74
     0
 42
0.000000001
 43
0.0000000001
 40
-0.1577024332820796
 40
-0.1577024332820796
 40
-0.1577024332820796
 40
-0.1577024332820796
 40
-0.0788512166410366
 40
-0.0788512166410366
 40
0.0
 40
0.0
 40
0.0
 40
0.0
 10
352.3715232878072
 20
42.3692390075912
 30
0.0
 10
352.5573773877878
 20
42.55509310755508
 30
0.0
 10
352.7777333864031
 20
42.70228114016259
 30
0.0
 10
353.2630065845349
 20
42.90328788025925
 30
0.0
 10
353.5228994614017
 20
42.95502544516557
 30
0.0
 10
353.7857368502053
 20
42.95502544515421
 30
0.0
  0
LINE
  5
164
330
1F
100
AcDbEntity
  8
0
100
AcDbLine
 10
352.3715232878072
 20
42.3692390075912
 30
0.0
 11
348.2380671522186
 21
38.23578287237211
 31
0.0
  0
LWPOLYLINE
  5
165
330
1F
100
AcDbEntity
  8
0
100
AcDbPolyline
 90
       14
 70
     1
 43
0.0
 10
295.1411281476059
 20
50.0050205931762
 42
-1.0
 10
295.1411281476059
 20
54.90502059317617
 10
296.3911281476602
 20
54.90502059317617
 42
0.4142135623599735
 10
297.3911281476602
 20
55.90502059313141
 10
297.3911281478063
 20
59.15502544766496
 42
0.4142135623733162
 10
296.8911281478283
 20
59.65502544768736
 10
291.0100826336089
 20
59.65502544795109
 42
0.4142135623730925
 10
290.5100826335864
 20
59.15502544797348
 10
290.5100826329857
 20
45.75502544797046
 42
0.4142135623730951
 10
291.0100826329633
 20
45.25502544794806
 10
296.8911281471823
 20
45.25502544768437
 42
0.4142135623734592
 10
297.3911281472053
 20
45.75502544766197
 10
297.3911281473509
 20
49.0050205931314
 42
0.4142135623862166
 10
296.3911281473508
 20
50.0050205931762
  0
SPLINE
  5
166
330
1F
100
AcDbEntity
  8
0
100
AcDbSpline
210
0.0
220
0.0
230
1.0
 70
     8
 71
     3
 72
     8
 73
     4
 74
     0
 42
0.000000001
 43
0.0000000001
 40
-8.0
 40
-8.0
 40
-8.0
 40
-8.0
 40
-7.0
 40
-7.0
 40
-7.0
 40
-7.0
 10
291.6381731413529
 20
116.6050254527195
 30
0.0
 10
291.1963453421819
 20
116.6050254527837
 30
0.0
 10
290.8381731423239
 20
116.2468532536989
 30
0.0
 10
290.8381731414369
 20
115.8050254545271
 30
0.0
  0
LINE
  5
167
330
1F
100
AcDbEntity
  8
0
100
AcDbLine
 10
290.8381731414369
 20
115.8050254545271
 30
0.0
 11
290.8381731165168
 21
103.4050254576787
 31
0.0
  0
SPLINE
  5
168
330
1F
100
AcDbEntity
  8
0
100
AcDbSpline
210
0.0
220
0.0
230
1.0
 70
     8
 71
     3
 72
     8
 73
     4
 74
     0
 42
0.000000001
 43
0.0000000001
 40
-6.0
 40
-6.0
 40
-6.0
 40
-6.0
 40
-5.0
 40
-5.0
 40
-5.0
 40
-5.0
 10
290.8381731165168
 20
103.4050254576787
 30
0.0
 10
290.8381731156298
 20
102.9631976576239
 30
0.0
 10
291.1963453154248
 20
102.6050254567334
 30
0.0
 10
291.6381731154798
 20
102.6050254562714
 30
0.0
  0
LINE
  5
169
330
1F
100
AcDbEntity
  8
0
100
AcDbLine
 10
291.6381731154798
 20
102.6050254562714
 30
0.0
 11
296.2629269409198
 21
102.6050254514323
 31
0.0
  0
SPLINE
  5
170
330
1F
100
AcDbEntity
  8
0
100
AcDbSpline
210
0.0
220
0.0
230
1.0
 70
     8
 71
     3
 72
     8
 73
     4
 74
     0
 42
0.000000001
 43
0.0000000001
 40
-4.0
 40
-4.0
 40
-4.0
 40
-4.0
 40
-3.0
 40
-3.0
 40
-3.0
 40
-3.0
 10
296.2629269409198
 20
102.6050254514323
 30
0.0
 10
296.7047547416303
 20
102.6050254509703
 30
0.0
 10
297.0629269424463
 20
102.9631976521329
 30
0.0
 10
297.0629269415573
 20
103.4050254528434
 30
0.0
  0
LINE
  5
171
330
1F
100
AcDbEntity
  8
0
100
AcDbLine
 10
297.0629269415573
 20
103.4050254528434
 30
0.0
 11
297.0629269165903
 21
115.8050254538546
 31
0.0
  0
SPLINE
  5
172
330
1F
100
AcDbEntity
  8
0
100
AcDbSpline
210
0.0
220
0.0
230
1.0
 70
     8
 71
     3
 72
     8
 73
     4
 74
     0
 42
0.000000001
 43
0.0000000001
 40
-2.0
 40
-2.0
 40
-2.0
 40
-2.0
 40
-1.0
 40
-1.0
 40
-1.0
 40
-1.0
 10
297.0629269165903
 20
115.8050254538546
 30
0.0
 10
297.0629269157013
 20
116.2468532529338
 30
0.0
 10
296.7047547159863
 20
116.6050254519795
 30
0.0
 10
296.2629269169068
 20
116.6050254520438
 30
0.0
  0
LINE
  5
173
330
1F
100
AcDbEntity
  8
0
100
AcDbLine
 10
296.2629269169068
 20
116.6050254520438
 30
0.0
 11
291.6381731413529
 21
116.6050254527195
 31
0.0
  0
SPLINE
  5
174
330
1F
100
AcDbEntity
  8
0
100
AcDbSpline
210
0.0
220
0.0
230
1.0
 70
     8
 71
     3
 72
     8
 73
     4
 74
     0
 42
0.000000001
 43
0.0000000001
 40
-8.0
 40
-8.0
 40
-8.0
 40
-8.0
 40
-7.0
 40
-7.0
 40
-7.0
 40
-7.0
 10
230.9190375288234
 20
61.45511545201919
 30
0.0
 10
230.3667527789925
 20
61.45511545201919
 30
0.0
 10
229.9190375288233
 20
61.00740020184921
 30
0.0
 10
229.9190375288233
 20
60.45511545201819
 30
0.0
  0
LINE
  5
175
330
1F
100
AcDbEntity
  8
0
100
AcDbLine
 10
229.9190375288233
 20
60.45511545201819
 30
0.0
 11
229.9190375288233
 21
46.45511045201817
 31
0.0
  0
SPLINE
  5
176
330
1F
100
AcDbEntity
  8
0
100
AcDbSpline
210
0.0
220
0.0
230
1.0
 70
     8
 71
     3
 72
     8
 73
     4
 74
     0
 42
0.000000001
 43
0.0000000001
 40
-6.0
 40
-6.0
 40
-6.0
 40
-6.0
 40
-5.0
 40
-5.0
 40
-5.0
 40
-5.0
 10
229.9190375288233
 20
46.45511045201817
 30
0.0
 10
229.9190375288233
 20
45.90282570218721
 30
0.0
 10
230.3667527789925
 20
45.45511045201817
 30
0.0
 10
230.9190375288234
 20
45.45511045201817
 30
0.0
  0
LINE
  5
177
330
1F
100
AcDbEntity
  8
0
100
AcDbLine
 10
230.9190375288234
 20
45.45511045201817
 30
0.0
 11
237.9190375288229
 21
45.45511045201817
 31
0.0
  0
SPLINE
  5
178
330
1F
100
AcDbEntity
  8
0
100
AcDbSpline
210
0.0
220
0.0
230
1.0
 70
     8
 71
     3
 72
     8
 73
     4
 74
     0
 42
0.000000001
 43
0.0000000001
 40
-4.0
 40
-4.0
 40
-4.0
 40
-4.0
 40
-3.0
 40
-3.0
 40
-3.0
 40
-3.0
 10
237.9190375288229
 20
45.45511045201817
 30
0.0
 10
238.4713222786539
 20
45.45511045201817
 30
0.0
 10
238.9190375288229
 20
45.90282570218721
 30
0.0
 10
238.9190375288229
 20
46.45511045201817
 30
0.0
  0
LINE
  5
179
330
1F
100
AcDbEntity
  8
0
100
AcDbLine
 10
238.9190375288229
 20
46.45511045201817
 30
0.0
 11
238.9190375288229
 21
60.45511545201819
 31
0.0
  0
SPLINE
  5
180
330
1F
100
AcDbEntity
  8
0
100
AcDbSpline
210
0.0
220
0.0
230
1.0
 70
     8
 71
     3
 72
     8
 73
     4
 74
     0
 42
0.000000001
 43
0.0000000001
 40
-2.0
 40
-2.0
 40
-2.0
 40
-2.0
 40
-1.0
 40
-1.0
 40
-1.0
 40
-1.0
 10
238.9190375288229
 20
60.45511545201819
 30
0.0
 10
238.9190375288229
 20
61.00740020184921
 30
0.0
 10
238.4713222786539
 20
61.45511545201919
 30
0.0
 10
237.9190375288229
 20
61.45511545201919
 30
0.0
  0
LINE
  5
181
330
1F
100
AcDbEntity
  8
0
100
AcDbLine
 10
237.9190375288229
 20
61.45511545201919
 30
0.0
 11
230.9190375288234
 21
61.45511545201919
 31
0.0
  0
SPLINE
  5
182
330
1F
100
AcDbEntity
  8
0
100
AcDbSpline
210
0.0
220
0.0
230
1.0
 70
     8
 71
     3
 72
     8
 73
     4
 74
     0
 42
0.000000001
 43
0.0000000001
 40
-10.0
 40
-10.0
 40
-10.0
 40
-10.0
 40
-9.0
 40
-9.0
 40
-9.0
 40
-9.0
 10
116.6190375288231
 20
61.45511545201919
 30
0.0
 10
116.0667527789925
 20
61.45511545201919
 30
0.0
 10
115.6190375288231
 20
61.00740020184921
 30
0.0
 10
115.6190375288231
 20
60.45511545201819
 30
0.0
  0
LINE
  5
183
330
1F
100
AcDbEntity
  8
0
100
AcDbLine
 10
115.6190375288231
 20
60.45511545201819
 30
0.0
 11
115.6190375288231
 21
46.45511545201919
 31
0.0
  0
SPLINE
  5
184
330
1F
100
AcDbEntity
  8
0
100
AcDbSpline
210
0.0
220
0.0
230
1.0
 70
     8
 71
     3
 72
     8
 73
     4
 74
     0
 42
0.000000001
 43
0.0000000001
 40
-8.0
 40
-8.0
 40
-8.0
 40
-8.0
 40
-7.0
 40
-7.0
 40
-7.0
 40
-7.0
 10
115.6190375288231
 20
46.45511545201919
 30
0.0
 10
115.6190375288231
 20
45.90283070218816
 30
0.0
 10
116.0667527789925
 20
45.45511545201918
 30
0.0
 10
116.6190375288231
 20
45.45511545201918
 30
0.0
  0
LINE
  5
185
330
1F
100
AcDbEntity
  8
0
100
AcDbLine
 10
116.6190375288231
 20
45.45511545201918
 30
0.0
 11
123.6190375288231
 21
45.45511545201918
 31
0.0
  0
SPLINE
  5
186
330
1F
100
AcDbEntity
  8
0
100
AcDbSpline
210
0.0
220
0.0
230
1.0
 70
     8
 71
     3
 72
     8
 73
     4
 74
     0
 42
0.000000001
 43
0.0000000001
 40
-6.0
 40
-6.0
 40
-6.0
 40
-6.0
 40
-5.0
 40
-5.0
 40
-5.0
 40
-5.0
 10
123.6190375288231
 20
45.45511545201918
 30
0.0
 10
124.171322278654
 20
45.45511545201918
 30
0.0
 10
124.6190375288231
 20
45.90283070218816
 30
0.0
 10
124.6190375288231
 20
46.45511545201919
 30
0.0
  0
LINE
  5
187
330
1F
100
AcDbEntity
  8
0
100
AcDbLine
 10
124.6190375288231
 20
46.45511545201919
 30
0.0
 11
124.6190375288231
 21
60.45511512040619
 31
0.0
  0
SPLINE
  5
188
330
1F
100
AcDbEntity
  8
0
100
AcDbSpline
210
0.0
220
0.0
230
1.0
 70
     8
 71
     3
 72
     8
 73
     4
 74
     0
 42
0.000000001
 43
0.0000000001
 40
-3.0
 40
-3.0
 40
-3.0
 40
-3.0
 40
-2.0
 40
-2.0
 40
-2.0
 40
-2.0
 10
124.6190375288231
 20
60.45511512040619
 30
0.0
 10
124.6190377119676
 20
61.00739987023721
 30
0.0
 10
124.1713226102664
 20
61.4551153604462
 30
0.0
 10
123.6190378604358
 20
61.45511545201919
 30
0.0
  0
LINE
  5
189
330
1F
100
AcDbEntity
  8
0
100
AcDbLine
 10
123.6190378604358
 20
61.45511545201919
 30
0.0
 11
116.6190375288231
 21
61.45511545201919
 31
0.0
  0
LINE
  5
190
330
1F
100
AcDbEntity
  8
0
100
AcDbLine
 10
312.4565847777083
 20
59.45502544698823
 30
0.0
 11
299.2569421901162
 21
59.45502544758122
 31
0.0
  0
SPLINE
  5
191
330
1F
100
AcDbEntity
  8
0
100
AcDbSpline
210
0.0
220
0.0
230
1.0
 70
     8
 71
     3
 72
     8
 73
     4
 74
     0
 42
0.000000001
 43
0.0000000001
 40
-8.0
 40
-8.0
 40
-8.0
 40
-8.0
 40
-7.0
 40
-7.0
 40
-7.0
 40
-7.0
 10
299.2569421901162
 20
59.45502544758122
 30
0.0
 10
299.0360282901832
 20
59.45502544759219
 30
0.0
 10
298.8569421901093
 20
59.27593934753218
 30
0.0
 10
298.8569421900983
 20
59.0550254475992
 30
0.0
  0
LINE
  5
192
330
1F
100
AcDbEntity
  8
0
100
AcDbLine
 10
298.8569421900983
 20
59.0550254475992
 30
0.0
 11
298.8569421895053
 21
45.85502544759617
 31
0.0
  0
SPLINE
  5
193
330
1F
100
AcDbEntity
  8
0
100
AcDbSpline
210
0.0
220
0.0
230
1.0
 70
     8
 71
     3
 72
     8
 73
     4
 74
     0
 42
0.000000001
 43
0.0000000001
 40
-14.0
 40
-14.0
 40
-14.0
 40
-14.0
 40
-13.0
 40
-13.0
 40
-13.0
 40
-13.0
 10
298.8569421895053
 20
45.85502544759617
 30
0.0
 10
298.8569421894953
 20
45.63411154766424
 30
0.0
 10
299.0360282895533
 20
45.4550254475892
 30
0.0
 10
299.2569421894873
 20
45.45502544757818
 30
0.0
  0
LINE
  5
194
330
1F
100
AcDbEntity
  8
0
100
AcDbLine
 10
299.2569421894873
 20
45.45502544757818
 30
0.0
 11
312.4565847770773
 21
45.45502544698422
 31
0.0
  0
SPLINE
  5
195
330
1F
100
AcDbEntity
  8
0
100
AcDbSpline
210
0.0
220
0.0
230
1.0
 70
     8
 71
     3
 72
     8
 73
     4
 74
     0
 42
0.000000001
 43
0.0000000001
 40
-12.0
 40
-12.0
 40
-12.0
 40
-12.0
 40
-11.0
 40
-11.0
 40
-11.0
 40
-11.0
 10
312.4565847770773
 20
45.45502544698422
 30
0.0
 10
312.6774986770103
 20
45.45502544697422
 30
0.0
 10
312.8565847770862
 20
45.63411154703419
 30
0.0
 10
312.8565847770953
 20
45.85502544696618
 30
0.0
  0
LINE
  5
196
330
1F
100
AcDbEntity
  8
0
100
AcDbLine
 10
312.8565847770953
 20
45.85502544696618
 30
0.0
 11
312.8565847776903
 21
59.05502544697021
 31
0.0
  0
SPLINE
  5
197
330
1F
100
AcDbEntity
  8
0
100
AcDbSpline
210
0.0
220
0.0
230
1.0
 70
     8
 71
     3
 72
     8
 73
     4
 74
     0
 42
0.000000001
 43
0.0000000001
 40
-10.0
 40
-10.0
 40
-10.0
 40
-10.0
 40
-9.0
 40
-9.0
 40
-9.0
 40
-9.0
 10
312.8565847776903
 20
59.05502544697021
 30
0.0
 10
312.8565847777003
 20
59.27593934690318
 30
0.0
 10
312.6774986776393
 20
59.4550254469782
 30
0.0
 10
312.4565847777083
 20
59.45502544698823
 30
0.0
  0
LINE
  5
198
330
1F
100
AcDbEntity
  8
0
100
AcDbLine
 10
251.6317585025269
 20
45.45502544971919
 30
0.0
 11
264.8315847889849
 21
45.45502544912619
 31
0.0
  0
SPLINE
  5
199
330
1F
100
AcDbEntity
  8
0
100
AcDbSpline
210
0.0
220
0.0
230
1.0
 70
     8
 71
     3
 72
     8
 73
     4
 74
     0
 42
0.000000001
 43
0.0000000001
 40
-8.0
 40
-8.0
 40
-8.0
 40
-8.0
 40
-7.0
 40
-7.0
 40
-7.0
 40
-7.0
 10
264.8315847889849
 20
45.45502544912619
 30
0.0
 10
265.0524986889169
 20
45.45502544911619
 30
0.0
 10
265.2315847889929
 20
45.63411154917623
 30
0.0
 10
265.2315847890029
 20
45.85502544910821
 30
0.0
  0
LINE
  5
200
330
1F
100
AcDbEntity
  8
0
100
AcDbLine
 10
265.2315847890029
 20
45.85502544910821
 30
0.0
 11
265.2315847895959
 21
59.05502544911022
 31
0.0
  0
SPLINE
  5
201
330
1F
100
AcDbEntity
  8
0
100
AcDbSpline
210
0.0
220
0.0
230
1.0
 70
     8
 71
     3
 72
     8
 73
     4
 74
     0
 42
0.000000001
 43
0.0000000001
 40
-14.0
 40
-14.0
 40
-14.0
 40
-14.0
 40
-13.0
 40
-13.0
 40
-13.0
 40
-13.0
 10
265.2315847895959
 20
59.05502544911022
 30
0.0
 10
265.2315847896058
 20
59.2759393490432
 30
0.0
 10
265.0524986895459
 20
59.45502544911718
 30
0.0
 10
264.8315847896129
 20
59.45502544912819
 30
0.0
  0
LINE
  5
202
330
1F
100
AcDbEntity
  8
0
100
AcDbLine
 10
264.8315847896129
 20
59.45502544912819
 30
0.0
 11
251.6317585031559
 21
59.4550254497222
 31
0.0
  0
SPLINE
  5
203
330
1F
100
AcDbEntity
  8
0
100
AcDbSpline
210
0.0
220
0.0
230
1.0
 70
     8
 71
     3
 72
     8
 73
     4
 74
     0
 42
0.000000001
 43
0.0000000001
 40
-12.0
 40
-12.0
 40
-12.0
 40
-12.0
 40
-11.0
 40
-11.0
 40
-11.0
 40
-11.0
 10
251.6317585031559
 20
59.4550254497222
 30
0.0
 10
251.4108446032238
 20
59.4550254497322
 30
0.0
 10
251.2317585031479
 20
59.27593934967219
 30
0.0
 10
251.2317585031379
 20
59.05502544974021
 30
0.0
  0
LINE
  5
204
330
1F
100
AcDbEntity
  8
0
100
AcDbLine
 10
251.2317585031379
 20
59.05502544974021
 30
0.0
 11
251.2317585025449
 21
45.85502544973718
 31
0.0
  0
SPLINE
  5
205
330
1F
100
AcDbEntity
  8
0
100
AcDbSpline
210
0.0
220
0.0
230
1.0
 70
     8
 71
     3
 72
     8
 73
     4
 74
     0
 42
0.000000001
 43
0.0000000001
 40
-10.0
 40
-10.0
 40
-10.0
 40
-10.0
 40
-9.0
 40
-9.0
 40
-9.0
 40
-9.0
 10
251.2317585025449
 20
45.85502544973718
 30
0.0
 10
251.2317585025348
 20
45.63411154980417
 30
0.0
 10
251.4108446025959
 20
45.45502544972919
 30
0.0
 10
251.6317585025269
 20
45.45502544971919
 30
0.0
  0
LINE
  5
206
330
1F
100
AcDbEntity
  8
0
100
AcDbLine
 10
275.4444347214768
 20
45.45502544864922
 30
0.0
 11
288.6440826329718
 21
45.45502544805623
 31
0.0
  0
SPLINE
  5
207
330
1F
100
AcDbEntity
  8
0
100
AcDbSpline
210
0.0
220
0.0
230
1.0
 70
     8
 71
     3
 72
     8
 73
     4
 74
     0
 42
0.000000001
 43
0.0000000001
 40
-8.0
 40
-8.0
 40
-8.0
 40
-8.0
 40
-7.0
 40
-7.0
 40
-7.0
 40
-7.0
 10
288.6440826329718
 20
45.45502544805623
 30
0.0
 10
288.8649965329039
 20
45.4550254480452
 30
0.0
 10
289.0440826329789
 20
45.63411154810421
 30
0.0
 10
289.0440826329898
 20
45.85502544803619
 30
0.0
  0
LINE
  5
208
330
1F
100
AcDbEntity
  8
0
100
AcDbLine
 10
289.0440826329898
 20
45.85502544803619
 30
0.0
 11
289.0440826335828
 21
59.0550254480392
 31
0.0
  0
SPLINE
  5
209
330
1F
100
AcDbEntity
  8
0
100
AcDbSpline
210
0.0
220
0.0
230
1.0
 70
     8
 71
     3
 72
     8
 73
     4
 74
     0
 42
0.000000001
 43
0.0000000001
 40
-14.0
 40
-14.0
 40
-14.0
 40
-14.0
 40
-13.0
 40
-13.0
 40
-13.0
 40
-13.0
 10
289.0440826335828
 20
59.0550254480392
 30
0.0
 10
289.0440826335929
 20
59.27593934797221
 30
0.0
 10
288.8649965335318
 20
59.45502544804722
 30
0.0
 10
288.6440826335999
 20
59.45502544805719
 30
0.0
  0
LINE
  5
210
330
1F
100
AcDbEntity
  8
0
100
AcDbLine
 10
288.6440826335999
 20
59.45502544805719
 30
0.0
 11
275.4444347221058
 21
59.45502544865218
 31
0.0
  0
SPLINE
  5
211
330
1F
100
AcDbEntity
  8
0
100
AcDbSpline
210
0.0
220
0.0
230
1.0
 70
     8
 71
     3
 72
     8
 73
     4
 74
     0
 42
0.000000001
 43
0.0000000001
 40
-12.0
 40
-12.0
 40
-12.0
 40
-12.0
 40
-11.0
 40
-11.0
 40
-11.0
 40
-11.0
 10
275.4444347221058
 20
59.45502544865218
 30
0.0
 10
275.2235208221739
 20
59.45502544866219
 30
0.0
 10
275.0444347220979
 20
59.27593934860221
 30
0.0
 10
275.0444347220879
 20
59.05502544867019
 30
0.0
  0
LINE
  5
212
330
1F
100
AcDbEntity
  8
0
100
AcDbLine
 10
275.0444347220879
 20
59.05502544867019
 30
0.0
 11
275.0444347214949
 21
45.85502544866722
 31
0.0
  0
SPLINE
  5
213
330
1F
100
AcDbEntity
  8
0
100
AcDbSpline
210
0.0
220
0.0
230
1.0
 70
     8
 71
     3
 72
     8
 73
     4
 74
     0
 42
0.000000001
 43
0.0000000001
 40
-10.0
 40
-10.0
 40
-10.0
 40
-10.0
 40
-9.0
 40
-9.0
 40
-9.0
 40
-9.0
 10
275.0444347214949
 20
45.85502544866722
 30
0.0
 10
275.0444347214838
 20
45.63411154873421
 30
0.0
 10
275.2235208215438
 20
45.45502544865922
 30
0.0
 10
275.4444347214768
 20
45.45502544864922
 30
0.0
  0
LINE
  5
214
330
1F
100
AcDbEntity
  8
0
100
AcDbLine
 10
55.18158484200228
 20
59.45502545855219
 30
0.0
 11
42.18176252567426
 21
59.45502545913718
 31
0.0
  0
SPLINE
  5
215
330
1F
100
AcDbEntity
  8
0
100
AcDbSpline
210
0.0
220
0.0
230
1.0
 70
     8
 71
     3
 72
     8
 73
     4
 74
     0
 42
0.000000001
 43
0.0000000001
 40
-8.0
 40
-8.0
 40
-8.0
 40
-8.0
 40
-7.0
 40
-7.0
 40
-7.0
 40
-7.0
 10
42.18176252567426
 20
59.45502545913718
 30
0.0
 10
41.90562015075826
 20
59.45502545914919
 30
0.0
 10
41.68176252566425
 20
59.23116783407519
 30
0.0
 10
41.68176252565126
 20
58.9550254591602
 30
0.0
  0
LINE
  5
216
330
1F
100
AcDbEntity
  8
0
100
AcDbLine
 10
41.68176252565126
 20
58.9550254591602
 30
0.0
 11
41.68176252506825
 21
45.95502545916019
 31
0.0
  0
SPLINE
  5
217
330
1F
100
AcDbEntity
  8
0
100
AcDbSpline
210
0.0
220
0.0
230
1.0
 70
     8
 71
     3
 72
     8
 73
     4
 74
     0
 42
0.000000001
 43
0.0000000001
 40
-14.0
 40
-14.0
 40
-14.0
 40
-14.0
 40
-13.0
 40
-13.0
 40
-13.0
 40
-13.0
 10
41.68176252506825
 20
45.95502545916019
 30
0.0
 10
41.68176252505526
 20
45.67888308424516
 30
0.0
 10
41.90562015013026
 20
45.45502545915121
 30
0.0
 10
42.18176252504625
 20
45.45502545913819
 30
0.0
  0
LINE
  5
218
330
1F
100
AcDbEntity
  8
0
100
AcDbLine
 10
42.18176252504625
 20
45.45502545913819
 30
0.0
 11
55.18158484137328
 21
45.45502545855419
 31
0.0
  0
SPLINE
  5
219
330
1F
100
AcDbEntity
  8
0
100
AcDbSpline
210
0.0
220
0.0
230
1.0
 70
     8
 71
     3
 72
     8
 73
     4
 74
     0
 42
0.000000001
 43
0.0000000001
 40
-12.0
 40
-12.0
 40
-12.0
 40
-12.0
 40
-11.0
 40
-11.0
 40
-11.0
 40
-11.0
 10
55.18158484137328
 20
45.45502545855419
 30
0.0
 10
55.45772721628927
 20
45.45502545854122
 30
0.0
 10
55.68158484138326
 20
45.67888308361517
 30
0.0
 10
55.68158484139525
 20
45.9550254585302
 30
0.0
  0
LINE
  5
220
330
1F
100
AcDbEntity
  8
0
100
AcDbLine
 10
55.68158484139525
 20
45.9550254585302
 30
0.0
 11
55.68158484198026
 21
58.9550254585302
 31
0.0
  0
SPLINE
  5
221
330
1F
100
AcDbEntity
  8
0
100
AcDbSpline
210
0.0
220
0.0
230
1.0
 70
     8
 71
     3
 72
     8
 73
     4
 74
     0
 42
0.000000001
 43
0.0000000001
 40
-10.0
 40
-10.0
 40
-10.0
 40
-10.0
 40
-9.0
 40
-9.0
 40
-9.0
 40
-9.0
 10
55.68158484198026
 20
58.9550254585302
 30
0.0
 10
55.68158484199225
 20
59.2311678334452
 30
0.0
 10
55.45772721691725
 20
59.45502545853918
 30
0.0
 10
55.18158484200228
 20
59.45502545855219
 30
0.0
  0
LINE
  5
222
330
1F
100
AcDbEntity
  8
0
100
AcDbLine
 10
78.99408925825527
 20
59.45502545748118
 30
0.0
 11
65.99426251972125
 21
59.45502545806721
 31
0.0
  0
SPLINE
  5
223
330
1F
100
AcDbEntity
  8
0
100
AcDbSpline
210
0.0
220
0.0
230
1.0
 70
     8
 71
     3
 72
     8
 73
     4
 74
     0
 42
0.000000001
 43
0.0000000001
 40
-8.0
 40
-8.0
 40
-8.0
 40
-8.0
 40
-7.0
 40
-7.0
 40
-7.0
 40
-7.0
 10
65.99426251972125
 20
59.45502545806721
 30
0.0
 10
65.71812014480525
 20
59.45502545807818
 30
0.0
 10
65.49426251971127
 20
59.2311678330052
 30
0.0
 10
65.49426251969828
 20
58.95502545808921
 30
0.0
  0
LINE
  5
224
330
1F
100
AcDbEntity
  8
0
100
AcDbLine
 10
65.49426251969828
 20
58.95502545808921
 30
0.0
 11
65.49426251911427
 21
45.95502545809023
 31
0.0
  0
SPLINE
  5
225
330
1F
100
AcDbEntity
  8
0
100
AcDbSpline
210
0.0
220
0.0
230
1.0
 70
     8
 71
     3
 72
     8
 73
     4
 74
     0
 42
0.000000001
 43
0.0000000001
 40
-14.0
 40
-14.0
 40
-14.0
 40
-14.0
 40
-13.0
 40
-13.0
 40
-13.0
 40
-13.0
 10
65.49426251911427
 20
45.95502545809023
 30
0.0
 10
65.49426251910225
 20
45.67888308317418
 30
0.0
 10
65.71812014417727
 20
45.4550254580792
 30
0.0
 10
65.99426251909227
 20
45.45502545806818
 30
0.0
  0
LINE
  5
226
330
1F
100
AcDbEntity
  8
0
100
AcDbLine
 10
65.99426251909227
 20
45.45502545806818
 30
0.0
 11
78.99408925762526
 21
45.4550254574832
 31
0.0
  0
SPLINE
  5
227
330
1F
100
AcDbEntity
  8
0
100
AcDbSpline
210
0.0
220
0.0
230
1.0
 70
     8
 71
     3
 72
     8
 73
     4
 74
     0
 42
0.000000001
 43
0.0000000001
 40
-12.0
 40
-12.0
 40
-12.0
 40
-12.0
 40
-11.0
 40
-11.0
 40
-11.0
 40
-11.0
 10
78.99408925762526
 20
45.4550254574832
 30
0.0
 10
79.27023163254126
 20
45.45502545747121
 30
0.0
 10
79.49408925763626
 20
45.67888308254419
 30
0.0
 10
79.49408925764827
 20
45.95502545745921
 30
0.0
  0
LINE
  5
228
330
1F
100
AcDbEntity
  8
0
100
AcDbLine
 10
79.49408925764827
 20
45.95502545745921
 30
0.0
 11
79.49408925823227
 21
58.95502545745921
 31
0.0
  0
SPLINE
  5
229
330
1F
100
AcDbEntity
  8
0
100
AcDbSpline
210
0.0
220
0.0
230
1.0
 70
     8
 71
     3
 72
     8
 73
     4
 74
     0
 42
0.000000001
 43
0.0000000001
 40
-10.0
 40
-10.0
 40
-10.0
 40
-10.0
 40
-9.0
 40
-9.0
 40
-9.0
 40
-9.0
 10
79.49408925823227
 20
58.95502545745921
 30
0.0
 10
79.49408925824426
 20
59.23116783237418
 30
0.0
 10
79.27023163317025
 20
59.45502545746922
 30
0.0
 10
78.99408925825527
 20
59.45502545748118
 30
0.0
  0
LINE
  5
230
330
1F
100
AcDbEntity
  8
0
100
AcDbLine
 10
89.80676251313926
 20
45.45502545699616
 30
0.0
 11
102.8065663634877
 21
45.45502545641221
 31
0.0
  0
SPLINE
  5
231
330
1F
100
AcDbEntity
  8
0
100
AcDbSpline
210
0.0
220
0.0
230
1.0
 70
     8
 71
     3
 72
     8
 73
     4
 74
     0
 42
0.000000001
 43
0.0000000001
 40
-8.0
 40
-8.0
 40
-8.0
 40
-8.0
 40
-7.0
 40
-7.0
 40
-7.0
 40
-7.0
 10
102.8065663634877
 20
45.45502545641221
 30
0.0
 10
103.0827087384042
 20
45.45502545639919
 30
0.0
 10
103.3065663634983
 20
45.67888308147416
 30
0.0
 10
103.3065663635106
 20
45.95502545638919
 30
0.0
  0
LINE
  5
232
330
1F
100
AcDbEntity
  8
0
100
AcDbLine
 10
103.3065663635106
 20
45.95502545638919
 30
0.0
 11
103.3065663640946
 21
58.95502545638919
 31
0.0
  0
SPLINE
  5
233
330
1F
100
AcDbEntity
  8
0
100
AcDbSpline
210
0.0
220
0.0
230
1.0
 70
     8
 71
     3
 72
     8
 73
     4
 74
     0
 42
0.000000001
 43
0.0000000001
 40
-14.0
 40
-14.0
 40
-14.0
 40
-14.0
 40
-13.0
 40
-13.0
 40
-13.0
 40
-13.0
 10
103.3065663640946
 20
58.95502545638919
 30
0.0
 10
103.3065663641073
 20
59.23116783130419
 30
0.0
 10
103.082708739033
 20
59.4550254563982
 30
0.0
 10
102.8065663641179
 20
59.45502545641119
 30
0.0
  0
LINE
  5
234
330
1F
100
AcDbEntity
  8
0
100
AcDbLine
 10
102.8065663641179
 20
59.45502545641119
 30
0.0
 11
89.80676251376726
 21
59.4550254569952
 31
0.0
  0
SPLINE
  5
235
330
1F
100
AcDbEntity
  8
0
100
AcDbSpline
210
0.0
220
0.0
230
1.0
 70
     8
 71
     3
 72
     8
 73
     4
 74
     0
 42
0.000000001
 43
0.0000000001
 40
-12.0
 40
-12.0
 40
-12.0
 40
-12.0
 40
-11.0
 40
-11.0
 40
-11.0
 40
-11.0
 10
89.80676251376726
 20
59.4550254569952
 30
0.0
 10
89.53062013885228
 20
59.45502545700822
 30
0.0
 10
89.30676251375727
 20
59.23116783193322
 30
0.0
 10
89.30676251374526
 20
58.9550254570182
 30
0.0
  0
LINE
  5
236
330
1F
100
AcDbEntity
  8
0
100
AcDbLine
 10
89.30676251374526
 20
58.9550254570182
 30
0.0
 11
89.30676251316127
 21
45.95502545701822
 31
0.0
  0
SPLINE
  5
237
330
1F
100
AcDbEntity
  8
0
100
AcDbSpline
210
0.0
220
0.0
230
1.0
 70
     8
 71
     3
 72
     8
 73
     4
 74
     0
 42
0.000000001
 43
0.0000000001
 40
-10.0
 40
-10.0
 40
-10.0
 40
-10.0
 40
-9.0
 40
-9.0
 40
-9.0
 40
-9.0
 10
89.30676251316127
 20
45.95502545701822
 30
0.0
 10
89.30676251314826
 20
45.6788830821032
 30
0.0
 10
89.53062013822227
 20
45.45502545700919
 30
0.0
 10
89.80676251313926
 20
45.45502545699616
 30
0.0
  0
SPLINE
  5
238
330
1F
100
AcDbEntity
  8
0
100
AcDbSpline
210
0.0
220
0.0
230
1.0
 70
     8
 71
     3
 72
   146
 73
   142
 74
     0
 42
0.000000001
 43
0.0000000001
 40
-73.0
 40
-73.0
 40
-73.0
 40
-73.0
 40
-71.99810905054474
 40
-71.99810905054474
 40
-71.99810905054474
 40
-71.1541222953154
 40
-71.1541222953154
 40
-71.1541222953154
 40
-71.0123234086829
 40
-71.0123234086829
 40
-71.0123234086829
 40
-70.99903166155391
 40
-70.99903166155391
 40
-70.99903166155391
 40
-70.8836833166242
 40
-70.8836833166242
 40
-70.8836833166242
 40
-70.773642563352
 40
-70.773642563352
 40
-70.773642563352
 40
-70.1460152052404
 40
-70.1460152052404
 40
-70.1460152052404
 40
-70.1109836390407
 40
-70.1109836390407
 40
-70.1109836390407
 40
-70.0982539257606
 40
-70.0982539257606
 40
-70.0982539257606
 40
-70.07644301968531
 40
-70.07644301968531
 40
-70.07644301968531
 40
-69.75395487791478
 40
-69.75395487791478
 40
-69.75395487791478
 40
-69.00303727759321
 40
-69.00303727759321
 40
-69.00303727759321
 40
-68.9900313931153
 40
-68.9900313931153
 40
-68.9900313931153
 40
-68.90587200820011
 40
-68.90587200820011
 40
-68.90587200820011
 40
-68.8465736874077
 40
-68.8465736874077
 40
-68.8465736874077
 40
-68.80862449608949
 40
-68.80862449608949
 40
-68.80862449608949
 40
-68.79119799106875
 40
-68.79119799106875
 40
-68.79119799106875
 40
-68.7460747119605
 40
-68.7460747119605
 40
-68.7460747119605
 40
-68.68519879464439
 40
-68.68519879464439
 40
-68.68519879464439
 40
-68.5724752859711
 40
-68.5724752859711
 40
-68.5724752859711
 40
-68.55500833151601
 40
-68.55500833151601
 40
-68.55500833151601
 40
-68.31485882795759
 40
-68.31485882795759
 40
-68.31485882795759
 40
-68.04944365594362
 40
-68.04944365594362
 40
-68.04944365594362
 40
-68.0
 40
-68.0
 40
-68.0
 40
-67.6295764890921
 40
-67.6295764890921
 40
-67.6295764890921
 40
-66.99967085925813
 40
-66.99967085925813
 40
-66.99967085925813
 40
-66.90094358220971
 40
-66.90094358220971
 40
-66.90094358220971
 40
-66.88642925086225
 40
-66.88642925086225
 40
-66.88642925086225
 40
-66.7618891137737
 40
-66.7618891137737
 40
-66.7618891137737
 40
-66.6760242788923
 40
-66.6760242788923
 40
-66.6760242788923
 40
-66.66204911103889
 40
-66.66204911103889
 40
-66.66204911103889
 40
-66.43236860129539
 40
-66.43236860129539
 40
-66.43236860129539
 40
-66.0056821828305
 40
-66.0056821828305
 40
-66.0056821828305
 40
-65.00158344057408
 40
-65.00158344057408
 40
-65.00158344057408
 40
-64.9617429203094
 40
-64.9617429203094
 40
-64.9617429203094
 40
-64.8436575294872
 40
-64.8436575294872
 40
-64.8436575294872
 40
-63.99627704983454
 40
-63.99627704983454
 40
-63.99627704983454
 40
-63.78293639184589
 40
-63.78293639184589
 40
-63.78293639184589
 40
-63.6712352498336
 40
-63.6712352498336
 40
-63.6712352498336
 40
-63.5147707908952
 40
-63.5147707908952
 40
-63.5147707908952
 40
-62.99061468474741
 40
-62.99061468474741
 40
-62.99061468474741
 40
-62.6853146080516
 40
-62.6853146080516
 40
-62.6853146080516
 40
-62.1067631598816
 40
-62.1067631598816
 40
-62.1067631598816
 40
-62.03633252498421
 40
-62.03633252498421
 40
-62.03633252498421
 40
-61.96124299321779
 40
-61.96124299321779
 40
-61.96124299321779
 40
-61.6188635395879
 40
-61.6188635395879
 40
-61.6188635395879
 40
-61.0
 40
-61.0
 40
-61.0
 40
-61.0
 10
60.58225345013426
 20
106.7211295483353
 30
0.0
 10
60.60093937318234
 20
106.6885447561555
 30
0.0
 10
60.62298577129226
 20
106.6578831175412
 30
0.0
 10
60.64551150290225
 20
106.6322071154264
 30
0.0
 10
60.66430345795956
 20
106.6107870663
 30
0.0
 10
60.68633898506806
 20
106.589592755788
 30
0.0
 10
60.70870413075366
 20
106.5717289688427
 30
0.0
 10
60.71246171668474
 20
106.5687276597768
 30
0.0
 10
60.71628125681698
 20
106.5657714263518
 30
0.0
 10
60.72004982857944
 20
106.5629429528055
 30
0.0
 10
60.72040308172626
 20
106.5626778212799
 30
0.0
 10
60.72075479111126
 20
106.5624146207069
 30
0.0
 10
60.72110416313297
 20
106.5621539155944
 30
0.0000000000000089
 10
60.72413608091517
 20
106.5598914663502
 30
0.0000000000000622
 10
60.72688077629317
 20
106.557891416694
 30
0.0
 10
60.73003765156727
 20
106.5556487722065
 30
0.0
 10
60.73304926767116
 20
106.553509319847
 30
0.0
 10
60.73613114555417
 20
106.5513740711086
 30
0.0
 10
60.73921951635466
 20
106.5492889577132
 30
0.0
 10
60.75683431767817
 20
106.537396325458
 30
0.0
 10
60.77574352612518
 20
106.5262321290671
 30
0.0
 10
60.79827605749625
 20
106.5154594063002
 30
0.0
 10
60.79953373030827
 20
106.514858117421
 30
0.0
 10
60.80080224562428
 20
106.5142587218067
 30
0.0000000000000089
 10
60.80208194938936
 20
106.5136613380845
 30
0.0
 10
60.80254696605234
 20
106.5134442617638
 30
0.0
 10
60.80301118175725
 20
106.5132285037812
 30
0.0
 10
60.80348264309026
 20
106.5130103598042
 30
0.0
 10
60.80429043809906
 20
106.5126365950784
 30
0.0
 10
60.80513200231826
 20
106.5122494456457
 30
0.0
 10
60.80622595202524
 20
106.5117520381929
 30
0.0
 10
60.83139409179276
 20
106.5003083491346
 30
0.0
 10
60.84349702989595
 20
106.4964650872317
 30
0.0
 10
60.85828378382004
 20
106.4918193312801
 30
0.0
 10
60.89271492200777
 20
106.4810016314672
 30
0.0
 10
60.91204666550396
 20
106.4777607968964
 30
0.0
 10
60.93704464170776
 20
106.4745041950647
 30
0.0
 10
60.93747760637725
 20
106.4744477907572
 30
0.0
 10
60.93791439096526
 20
106.4743914893544
 30
0.0000000000000089
 10
60.93836381431074
 20
106.4743342236226
 30
0.0000000000000089
 10
60.94127197425826
 20
106.4739636645281
 30
0.0000000000000178
 10
60.94460458939426
 20
106.4735711293767
 30
0.0
 10
60.94764163593246
 20
106.4732445700042
 30
0.0
 10
60.94978152514454
 20
106.473014477752
 30
0.0
 10
60.95177409252468
 20
106.4728156954521
 30
0.0
 10
60.95336163951856
 20
106.4726642264481
 30
0.0
 10
60.95437762317186
 20
106.4725672907147
 30
0.0
 10
60.95568132050215
 20
106.4724480827655
 30
0.0
 10
60.95636183300754
 20
106.4723874482584
 30
0.0
 10
60.95667432858866
 20
106.4723596045151
 30
0.0
 10
60.95695450941267
 20
106.472334936572
 30
0.0
 10
60.95721636778325
 20
106.4723120738039
 30
0.0
 10
60.95739077999366
 20
106.4722968459312
 30
0.0
 10
60.95854375977427
 20
106.4721971589113
 30
0.0
 10
60.95945594059378
 20
106.4721218124028
 30
0.0
 10
60.96068656578856
 20
106.4720201622588
 30
0.0
 10
60.96202849414786
 20
106.4719147787194
 30
0.0
 10
60.96321976470335
 20
106.471825783774
 30
0.0
 10
60.96542563202698
 20
106.4716609924581
 30
0.0
 10
60.96778703278204
 20
106.471502277438
 30
0.0
 10
60.96977498213647
 20
106.4713809714829
 30
0.0
 10
60.97008302276825
 20
106.4713621746444
 30
0.0
 10
60.97038577041027
 20
106.471343990947
 30
0.0
 10
60.97069271400417
 20
106.4713258470168
 30
0.0
 10
60.97491281727926
 20
106.4710763899149
 30
-0.0000000000000089
 10
60.97939022827827
 20
106.4708704799132
 30
0.0
 10
60.98376544148234
 20
106.4707299445016
 30
0.0
 10
60.98860096247236
 20
106.4705746236292
 30
0.0
 10
60.99331199116827
 20
106.4704995529901
 30
0.0000000000000089
 10
60.99738916556884
 20
106.4704814468594
 30
0.0
 10
60.99814869414728
 20
106.4704780739049
 30
0.0
 10
60.99888616128726
 20
106.4704765444094
 30
0.0
 10
60.99959819287346
 20
106.4704765444085
 30
0.0
 10
61.00493261313395
 20
106.4704765444031
 30
0.0
 10
61.03816038350348
 20
106.4715725868723
 30
0.0
 10
61.05643422422935
 20
106.4735803064114
 30
0.0
 10
61.08750891256036
 20
106.4769944359243
 30
0.0
 10
61.11567162988297
 20
106.4830847597903
 30
0.0
 10
61.13751883052856
 20
106.4890015508014
 30
0.0
 10
61.14094301746814
 20
106.489928909818
 30
0.0
 10
61.14456343357687
 20
106.4909515967427
 30
0.0
 10
61.14723987792524
 20
106.4917280895298
 30
0.0
 10
61.14763335378384
 20
106.4918422451507
 30
0.0
 10
61.14810573757904
 20
106.4919800296195
 30
0.0
 10
61.14818922386925
 20
106.4920044078125
 30
0.0
 10
61.14854929984677
 20
106.492109550845
 30
0.0
 10
61.15356499033385
 20
106.4935915844334
 30
0.0
 10
61.15700140501778
 20
106.4946574667123
 30
0.0000000000000089
 10
61.15937065870827
 20
106.4953923447043
 30
0.0000000000000178
 10
61.16184793080828
 20
106.4961797648478
 30
0.0000000000000089
 10
61.16411836947796
 20
106.496917725578
 30
0.0
 10
61.16448790098127
 20
106.4970378344106
 30
0.0
 10
61.16485061796627
 20
106.4971561559879
 30
0.0
 10
61.16520947203935
 20
106.4972736170658
 30
0.0
 10
61.17110720345024
 20
106.4992040783343
 30
-0.0000000000000089
 10
61.17737775463925
 20
106.5013706683326
 30
0.0
 10
61.18365907407147
 20
106.5036741695456
 30
0.0
 10
61.19532812554968
 20
106.5079534733644
 30
0.0
 10
61.20697284978198
 20
106.5127139298608
 30
0.0
 10
61.21666662580128
 20
106.5169844466828
 30
0.0
 10
61.24019079251067
 20
106.5273478334034
 30
0.0
 10
61.26111965289976
 20
106.5383240081226
 30
0.0
 10
61.28236619485227
 20
106.5512289496952
 30
0.0
 10
61.28321498916116
 20
106.5517444990485
 30
0.0
 10
61.28404381828676
 20
106.5522508900306
 30
0.0
 10
61.28488202729696
 20
106.5527659685443
 30
0.0
 10
61.28736643859224
 20
106.5542926365497
 30
-0.0000000000000089
 10
61.28985276986725
 20
106.5558469177913
 30
0.0
 10
61.29232126298856
 20
106.5574167720999
 30
0.0
 10
61.31003516367195
 20
106.5686820428313
 30
0.0
 10
61.32778927113855
 20
106.5814887510408
 30
0.0
 10
61.34311002629525
 20
106.5938013318328
 30
0.0
 10
61.34689261157717
 20
106.5968412202991
 30
0.0
 10
61.35097506154696
 20
106.6002077659788
 30
0.0
 10
61.35497228746527
 20
106.6036042791423
 30
0.0
 10
61.35706515951395
 20
106.6053826293302
 30
0.0
 10
61.35912851183917
 20
106.607162165811
 30
0.0
 10
61.36118863610917
 20
106.6089654044225
 30
0.0
 10
61.36407433829126
 20
106.6114912761244
 30
0.0
 10
61.36693762873318
 20
106.614050265769
 30
0.0
 10
61.36975869823885
 20
106.6166242232122
 30
0.0
 10
61.37920928412424
 20
106.6252469834219
 30
0.0
 10
61.38907199524687
 20
106.6349525838545
 30
0.0
 10
61.39691543495627
 20
106.6431633305972
 30
0.0
 10
61.40125166992337
 20
106.6477026307568
 30
0.0
 10
61.40645490590618
 20
106.653336648803
 30
0.0
 10
61.41123336050483
 20
106.6587426273005
 30
0.0
 10
61.42028865409668
 20
106.6689870947189
 30
0.0
 10
61.42879582658034
 20
106.6794124143079
 30
0.0
 10
61.43644040706354
 20
106.6894661925784
 30
0.0
 10
61.43737102897927
 20
106.6906901009948
 30
0.0
 10
61.43828788679835
 20
106.6919068717692
 30
0.0
 10
61.43918960091918
 20
106.6931140323937
 30
0.0
 10
61.44015096228148
 20
106.6944010451572
 30
0.0
 10
61.44124121329347
 20
106.6958764716376
 30
-0.0000000000001066
 10
61.44201158120975
 20
106.6969271345328
 30
0.0000000000000089
 10
61.44552416332434
 20
106.7017177542042
 30
0.0000000000005151
 10
61.44929919165554
 20
106.7070385337627
 30
0.0
 10
61.45313600038955
 20
106.7126920849458
 30
0.0
 10
61.46007117424034
 20
106.7229110880409
 30
0.0
 10
61.46709104942698
 20
106.7341260708335
 30
0.0
 10
61.47301076008128
 20
106.7443540153523
 30
0.0
  0
ELLIPSE
  5
239
330
1F
100
AcDbEntity
  8
0
100
AcDbEllipse
 10
60.79042779430526
 20
107.0212588893733
 30
-0.0000000000001954
 11
0.7423363188910958
 21
-0.1057758965648212
 31
0.0
210
0.0
220
0.0
230
-1.0
 40
0.7853245344689129
 41
5.733153052003668
 42
6.589993258289408
  0
ELLIPSE
  5
240
330
1F
100
AcDbEntity
  8
0
100
AcDbEllipse
 10
56.64189959728426
 20
106.6257124084361
 30
0.0
 11
6.381008549299823
 21
-9.359920852140987
 31
0.0
210
0.0
220
0.0
230
-1.0
 40
0.3897674765824978
 41
4.684081533125743
 42
4.909068483969249
  0
SPLINE
  5
241
330
1F
100
AcDbEntity
  8
0
100
AcDbSpline
210
0.0
220
0.0
230
1.0
 70
     8
 71
     3
 72
     8
 73
     4
 74
     0
 42
0.000000001
 43
0.0000000001
 40
-59.0
 40
-59.0
 40
-59.0
 40
-59.0
 40
-58.0
 40
-58.0
 40
-58.0
 40
-58.0
 10
60.10802481647226
 20
109.3767456824113
 30
0.0
 10
61.24489993770826
 20
108.7306345873173
 30
0.0
 10
62.44704704902727
 20
108.1819164185887
 30
0.0
 10
63.76875467998226
 20
107.5926357014015
 30
0.0
  0
SPLINE
  5
242
330
1F
100
AcDbEntity
  8
0
100
AcDbSpline
210
0.0
220
0.0
230
1.0
 70
     8
 71
     3
 72
    11
 73
     7
 74
     0
 42
0.000000001
 43
0.0000000001
 40
-58.0
 40
-58.0
 40
-58.0
 40
-58.0
 40
-57.0
 40
-57.0
 40
-57.0
 40
-56.0
 40
-56.0
 40
-56.0
 40
-56.0
 10
63.76875467998226
 20
107.5926357014015
 30
0.0
 10
63.85286310416725
 20
107.5551768835643
 30
0.0
 10
63.93750665432225
 20
107.5362334242548
 30
0.0
 10
64.02037091063025
 20
107.536233424251
 30
0.0
 10
64.23969228905026
 20
107.5362334242419
 30
0.0
 10
64.42108661441827
 20
107.6699078913057
 30
0.0
 10
64.50546260201125
 20
107.8940186482644
 30
0.0
  0
SPLINE
  5
243
330
1F
100
AcDbEntity
  8
0
100
AcDbSpline
210
0.0000000000000077
220
0.000000000000001
230
1.0
 70
     8
 71
     3
 72
   398
 73
   394
 74
     0
 42
0.000000001
 43
0.0000000001
 40
-56.0
 40
-56.0
 40
-56.0
 40
-56.0
 40
-55.00454475702021
 40
-55.00454475702021
 40
-55.00454475702021
 40
-54.98093575378878
 40
-54.98093575378878
 40
-54.98093575378878
 40
-54.83103533659929
 40
-54.83103533659929
 40
-54.83103533659929
 40
-54.7874848796859
 40
-54.7874848796859
 40
-54.7874848796859
 40
-54.3855017149767
 40
-54.3855017149767
 40
-54.3855017149767
 40
-54.00259169570722
 40
-54.00259169570722
 40
-54.00259169570722
 40
-53.42662884011911
 40
-53.42662884011911
 40
-53.42662884011911
 40
-53.21424309026628
 40
-53.21424309026628
 40
-53.21424309026628
 40
-53.00634712941857
 40
-53.00634712941857
 40
-53.00634712941857
 40
-52.018966682309
 40
-52.018966682309
 40
-52.018966682309
 40
-51.9849869792536
 40
-51.9849869792536
 40
-51.9849869792536
 40
-51.9463215256447
 40
-51.9463215256447
 40
-51.9463215256447
 40
-51.83714711070972
 40
-51.83714711070972
 40
-51.83714711070972
 40
-51.7912573264099
 40
-51.7912573264099
 40
-51.7912573264099
 40
-51.7793476935158
 40
-51.7793476935158
 40
-51.7793476935158
 40
-51.76538113803061
 40
-51.76538113803061
 40
-51.76538113803061
 40
-51.67753009313851
 40
-51.67753009313851
 40
-51.67753009313851
 40
-51.6016212921146
 40
-51.6016212921146
 40
-51.6016212921146
 40
-51.18821362529679
 40
-51.18821362529679
 40
-51.18821362529679
 40
-50.99999547032422
 40
-50.99999547032422
 40
-50.99999547032422
 40
-50.48782096400181
 40
-50.48782096400181
 40
-50.48782096400181
 40
-50.15097651825326
 40
-50.15097651825326
 40
-50.15097651825326
 40
-49.9756464576794
 40
-49.9756464576794
 40
-49.9756464576794
 40
-49.8762121882887
 40
-49.8762121882887
 40
-49.8762121882887
 40
-49.8288751663456
 40
-49.8288751663456
 40
-49.8288751663456
 40
-49.6390040513727
 40
-49.6390040513727
 40
-49.6390040513727
 40
-49.08618325700729
 40
-49.08618325700729
 40
-49.08618325700729
 40
-48.98734386362693
 40
-48.98734386362693
 40
-48.98734386362693
 40
-47.91397659177788
 40
-47.91397659177788
 40
-47.91397659177788
 40
-47.89828299828314
 40
-47.89828299828314
 40
-47.89828299828314
 40
-47.0
 40
-47.0
 40
-47.0
 40
-46.3220409560507
 40
-46.3220409560507
 40
-46.3220409560507
 40
-45.94180419556798
 40
-45.94180419556798
 40
-45.94180419556798
 40
-45.21792884352264
 40
-45.21792884352264
 40
-45.21792884352264
 40
-45.10498858975272
 40
-45.10498858975272
 40
-45.10498858975272
 40
-45.091365702784
 40
-45.091365702784
 40
-45.091365702784
 40
-45.04068775441378
 40
-45.04068775441378
 40
-45.04068775441378
 40
-45.0246083231375
 40
-45.0246083231375
 40
-45.0246083231375
 40
-44.60400540395633
 40
-44.60400540395633
 40
-44.60400540395633
 40
-44.0116041527287
 40
-44.0116041527287
 40
-44.0116041527287
 40
-43.9851908890091
 40
-43.9851908890091
 40
-43.9851908890091
 40
-43.91976356637429
 40
-43.91976356637429
 40
-43.91976356637429
 40
-43.8543362437396
 40
-43.8543362437396
 40
-43.8543362437396
 40
-43.8436896499111
 40
-43.8436896499111
 40
-43.8436896499111
 40
-43.667115780363
 40
-43.667115780363
 40
-43.667115780363
 40
-43.4627976381182
 40
-43.4627976381182
 40
-43.4627976381182
 40
-43.1342652702983
 40
-43.1342652702983
 40
-43.1342652702983
 40
-43.11041033345168
 40
-43.11041033345168
 40
-43.11041033345168
 40
-43.08704079068171
 40
-43.08704079068171
 40
-43.08704079068171
 40
-43.02240369713664
 40
-43.02240369713664
 40
-43.02240369713664
 40
-42.9171190928067
 40
-42.9171190928067
 40
-42.9171190928067
 40
-42.6463885275979
 40
-42.6463885275979
 40
-42.6463885275979
 40
-42.23390636914409
 40
-42.23390636914409
 40
-42.23390636914409
 40
-41.8214242106902
 40
-41.8214242106902
 40
-41.8214242106902
 40
-41.7445755905127
 40
-41.7445755905127
 40
-41.7445755905127
 40
-41.70257601449231
 40
-41.70257601449231
 40
-41.70257601449231
 40
-41.67762890879859
 40
-41.67762890879859
 40
-41.67762890879859
 40
-41.66211310336961
 40
-41.66211310336961
 40
-41.66211310336961
 40
-41.0
 40
-41.0
 40
-41.0
 40
-40.0966386240036
 40
-40.0966386240036
 40
-40.0966386240036
 40
-40.00364170162449
 40
-40.00364170162449
 40
-40.00364170162449
 40
-39.99110890519009
 40
-39.99110890519009
 40
-39.99110890519009
 40
-39.93658735552202
 40
-39.93658735552202
 40
-39.93658735552202
 40
-39.48658749730308
 40
-39.48658749730308
 40
-39.48658749730308
 40
-39.04439311021965
 40
-39.04439311021965
 40
-39.04439311021965
 40
-38.87178426027891
 40
-38.87178426027891
 40
-38.87178426027891
 40
-38.7644390038008
 40
-38.7644390038008
 40
-38.7644390038008
 40
-38.7483506159907
 40
-38.7483506159907
 40
-38.7483506159907
 40
-38.6566261034212
 40
-38.6566261034212
 40
-38.6566261034212
 40
-38.6423693687648
 40
-38.6423693687648
 40
-38.6423693687648
 40
-38.5554913249943
 40
-38.5554913249943
 40
-38.5554913249943
 40
-38.14466545443223
 40
-38.14466545443223
 40
-38.14466545443223
 40
-37.94175449334009
 40
-37.94175449334009
 40
-37.94175449334009
 40
-37.7020495622454
 40
-37.7020495622454
 40
-37.7020495622454
 40
-37.5295806249053
 40
-37.5295806249053
 40
-37.5295806249053
 40
-37.1011901739593
 40
-37.1011901739593
 40
-37.1011901739593
 40
-36.8415019030282
 40
-36.8415019030282
 40
-36.8415019030282
 40
-36.7920767346282
 40
-36.7920767346282
 40
-36.7920767346282
 40
-36.7754385413607
 40
-36.7754385413607
 40
-36.7754385413607
 40
-36.76526930958883
 40
-36.76526930958883
 40
-36.76526930958883
 40
-36.5851349149983
 40
-36.5851349149983
 40
-36.5851349149983
 40
-36.55681706199471
 40
-36.55681706199471
 40
-36.55681706199471
 40
-36.44177567070729
 40
-36.44177567070729
 40
-36.44177567070729
 40
-35.9634764022144
 40
-35.9634764022144
 40
-35.9634764022144
 40
-35.9231961624739
 40
-35.9231961624739
 40
-35.9231961624739
 40
-35.91235496297747
 40
-35.91235496297747
 40
-35.91235496297747
 40
-35.069621012792
 40
-35.069621012792
 40
-35.069621012792
 40
-35.0
 40
-35.0
 40
-35.0
 40
-34.7972798951278
 40
-34.7972798951278
 40
-34.7972798951278
 40
-34.0639951951057
 40
-34.0639951951057
 40
-34.0639951951057
 40
-33.79743384262489
 40
-33.79743384262489
 40
-33.79743384262489
 40
-33.70610824689431
 40
-33.70610824689431
 40
-33.70610824689431
 40
-33.6653955186342
 40
-33.6653955186342
 40
-33.6653955186342
 40
-33.642597304487
 40
-33.642597304487
 40
-33.642597304487
 40
-33.62806691116628
 40
-33.62806691116628
 40
-33.62806691116628
 40
-33.4017645505863
 40
-33.4017645505863
 40
-33.4017645505863
 40
-33.36411411150561
 40
-33.36411411150561
 40
-33.36411411150561
 40
-33.3260176718205
 40
-33.3260176718205
 40
-33.3260176718205
 40
-33.16300883591031
 40
-33.16300883591031
 40
-33.16300883591031
 40
-33.1117620810173
 40
-33.1117620810173
 40
-33.1117620810173
 40
-33.0
 40
-33.0
 40
-33.0
 40
-32.0774435675642
 40
-32.0774435675642
 40
-32.0774435675642
 40
-32.0191075106762
 40
-32.0191075106762
 40
-32.0191075106762
 40
-31.999179645845
 40
-31.999179645845
 40
-31.999179645845
 40
-31.9606689703685
 40
-31.9606689703685
 40
-31.9606689703685
 40
-31.8939556821355
 40
-31.8939556821355
 40
-31.8939556821355
 40
-31.76530626387409
 40
-31.76530626387409
 40
-31.76530626387409
 40
-31.1670410353707
 40
-31.1670410353707
 40
-31.1670410353707
 40
-31.0310582684929
 40
-31.0310582684929
 40
-31.0310582684929
 40
-31.0114981629547
 40
-31.0114981629547
 40
-31.0114981629547
 40
-30.9994022837901
 40
-30.9994022837901
 40
-30.9994022837901
 40
-30.9859542268807
 40
-30.9859542268807
 40
-30.9859542268807
 40
-30.940514864248
 40
-30.940514864248
 40
-30.940514864248
 40
-30.9177951829316
 40
-30.9177951829316
 40
-30.9177951829316
 40
-30.8920804033021
 40
-30.8920804033021
 40
-30.8920804033021
 40
-30.6133433253188
 40
-30.6133433253188
 40
-30.6133433253188
 40
-30.35519211656617
 40
-30.35519211656617
 40
-30.35519211656617
 40
-30.20742378481094
 40
-30.20742378481094
 40
-30.20742378481094
 40
-30.11107598986258
 40
-30.11107598986258
 40
-30.11107598986258
 40
-30.09704090781355
 40
-30.09704090781355
 40
-30.09704090781355
 40
-30.02562154378884
 40
-30.02562154378884
 40
-30.02562154378884
 40
-29.72784415815104
 40
-29.72784415815104
 40
-29.72784415815104
 40
-29.0
 40
-29.0
 40
-29.0
 40
-28.3086568833606
 40
-28.3086568833606
 40
-28.3086568833606
 40
-28.0271626977984
 40
-28.0271626977984
 40
-28.0271626977984
 40
-28.00626123538211
 40
-28.00626123538211
 40
-28.00626123538211
 40
-27.8102746425079
 40
-27.8102746425079
 40
-27.8102746425079
 40
-27.7456685122362
 40
-27.7456685122362
 40
-27.7456685122362
 40
-27.71838358248081
 40
-27.71838358248081
 40
-27.71838358248081
 40
-27.69572405226643
 40
-27.69572405226643
 40
-27.69572405226643
 40
-27.0
 40
-27.0
 40
-27.0
 40
-27.0
 10
64.50546260201125
 20
107.8940186482644
 30
0.0
 10
64.50853234563076
 20
107.9024021087031
 30
0.0
 10
64.51210074537318
 20
107.9124763446788
 30
0.0
 10
64.51612752724327
 20
107.9248070323914
 30
0.0
 10
64.51622496879386
 20
107.9251054149136
 30
0.0
 10
64.51631744895656
 20
107.9253890996269
 30
0.0
 10
64.51641200165624
 20
107.9256796236143
 30
0.0
 10
64.51701234420307
 20
107.9275242447739
 30
0.0
 10
64.51762516511746
 20
107.9294273070078
 30
0.0
 10
64.51824367387246
 20
107.9313714101639
 30
0.0
 10
64.51842336876186
 20
107.9319362290104
 30
0.0
 10
64.51860353632017
 20
107.9325044807124
 30
0.0
 10
64.51878378768956
 20
107.933075004202
 30
0.0
 10
64.52044755934685
 20
107.9383410990749
 30
-0.0000000000000089
 10
64.52213724504904
 20
107.9438589889637
 30
0.0
 10
64.52384609671475
 20
107.9496661121144
 30
0.0
 10
64.52547386743185
 20
107.9551977010784
 30
0.0
 10
64.52711873045046
 20
107.9609888753279
 30
0.0
 10
64.52878760015025
 20
107.9671370090953
 30
0.0
 10
64.53132492154995
 20
107.9764845281858
 30
0.0
 10
64.53378726675507
 20
107.9861671788612
 30
0.0
 10
64.53620088999426
 20
107.9965475074099
 30
0.0
 10
64.53709091124565
 20
108.0003752435932
 30
0.0
 10
64.53797022646876
 20
108.0042828878267
 30
0.0
 10
64.53883807486585
 20
108.0082859053925
 30
0.0
 10
64.53968757713465
 20
108.0122043000293
 30
0.0
 10
64.54051038103918
 20
108.0161347522072
 30
0.0
 10
64.54135891451727
 20
108.0203650842424
 30
0.0
 10
64.54551467008926
 20
108.0410834487894
 30
0.0
 10
64.54859605666834
 20
108.0614878524656
 30
0.0
 10
64.55035946267196
 20
108.0756468641867
 30
0.0
 10
64.55042014851247
 20
108.0761341323063
 30
0.0
 10
64.55047787719656
 20
108.0766013441562
 30
0.0
 10
64.55053971643747
 20
108.0771061568506
 30
0.0
 10
64.55061008321777
 20
108.0776805824654
 30
0.0
 10
64.55068460132517
 20
108.0782947850424
 30
0.0
 10
64.55075884985245
 20
108.0789136987275
 30
0.0
 10
64.55096849538285
 20
108.0806612416417
 30
-0.0000000000000089
 10
64.55117493209215
 20
108.0824489615249
 30
0.0
 10
64.55129143637117
 20
108.0834748671444
 30
0.0
 10
64.55134040715098
 20
108.0839060907752
 30
0.0
 10
64.55141002904034
 20
108.0845254637379
 30
0.0
 10
64.55144271641817
 20
108.0848181681702
 30
0.0
 10
64.55145119967167
 20
108.0848941328405
 30
0.0
 10
64.55146274650449
 20
108.0849976929894
 30
0.0
 10
64.55147170583535
 20
108.0850781843838
 30
0.0
 10
64.55148221253967
 20
108.0851725775138
 30
0.0
 10
64.55149011467185
 20
108.0852437213563
 30
0.0
 10
64.55149677354225
 20
108.0853037162244
 30
0.0
 10
64.55150647000926
 20
108.0853910791285
 30
0.0
 10
64.55160891569917
 20
108.0863174628118
 30
0.0
 10
64.55168544687168
 20
108.087022405417
 30
0.0
 10
64.55175157459436
 20
108.0876315199476
 30
0.0
 10
64.55182464725178
 20
108.0883128843168
 30
0.0
 10
64.55189102990735
 20
108.088940011926
 30
0.0
 10
64.55225255713975
 20
108.0923554177577
 30
0.0
 10
64.55255060857516
 20
108.095398558001
 30
0.0
 10
64.55280820684845
 20
108.0981763953068
 30
0.0
 10
64.55292548738206
 20
108.0994411019255
 30
0.0
 10
64.55303229086254
 20
108.1006307924689
 30
0.0
 10
64.55312369898027
 20
108.1016725566068
 30
0.0
 10
64.55398367105306
 20
108.1114735249016
 30
0.0
 10
64.55468808107176
 20
108.1216363323777
 30
0.0
 10
64.55519015971034
 20
108.1322726358509
 30
0.0
 10
64.55552036435475
 20
108.1392678683429
 30
0.0
 10
64.55575933853134
 20
108.1464702890231
 30
0.0
 10
64.55589784920767
 20
108.1534821294138
 30
0.0
 10
64.55596994505356
 20
108.1571318449306
 30
0.0
 10
64.55602131596157
 20
108.1616555055876
 30
0.0
 10
64.55603756559725
 20
108.1641200286858
 30
0.0
 10
64.55604678119127
 20
108.1655177242826
 30
-0.0000000000000089
 10
64.55605337882118
 20
108.1669406129414
 30
0.0
 10
64.55605479030026
 20
108.168809229068
 30
0.0
 10
64.55605546225385
 20
108.1696988089194
 30
0.0
 10
64.55605465068547
 20
108.1706324364511
 30
0.0
 10
64.55605213167735
 20
108.1715729417628
 30
0.0
 10
64.55604202781248
 20
108.1753453546615
 30
0.0
 10
64.55600473360679
 20
108.1792020773705
 30
0.0
 10
64.55593992513846
 20
108.1830453083332
 30
0.0
 10
64.55575123151366
 20
108.1942350988075
 30
0.0
 10
64.55528527229057
 20
108.2066233215453
 30
0.0
 10
64.55458272310486
 20
108.2183997963345
 30
0.0
 10
64.55445711361974
 20
108.2205053242672
 30
0.0
 10
64.55431188899686
 20
108.2227812973204
 30
0.0
 10
64.55419060747226
 20
108.2245918855907
 30
0.0
 10
64.55296384996086
 20
108.2429059096629
 30
0.0
 10
64.54957903649997
 20
108.2739296067835
 30
0.0
 10
64.54756144220517
 20
108.2882676403978
 30
0.0
 10
64.54753194316467
 20
108.2884772753262
 30
0.0
 10
64.54748912101468
 20
108.2887805423024
 30
0.0
 10
64.54748216150128
 20
108.2888297774026
 30
0.0
 10
64.54725532352717
 20
108.2904345433948
 30
0.0
 10
64.54322411148104
 20
108.316496816788
 30
0.0
 10
64.54092176995326
 20
108.3288500368218
 30
0.0
 10
64.53536984092664
 20
108.358638927846
 30
0.0
 10
64.52817526003935
 20
108.3889385627509
 30
0.0
 10
64.52052695074707
 20
108.4166179372632
 30
0.0
 10
64.51623735777755
 20
108.4321420545247
 30
0.0
 10
64.50950618679417
 20
108.4541403292572
 30
0.0
 10
64.50782551954927
 20
108.459452126529
 30
0.0
 10
64.50560329726235
 20
108.4664755241222
 30
0.0
 10
64.49305167292997
 20
108.5043630288497
 30
0.0
 10
64.48233381765326
 20
108.5327107506154
 30
0.0
 10
64.48066159978935
 20
108.5371336099944
 30
0.0
 10
64.47888385504845
 20
108.5417836628673
 30
0.0
 10
64.47666423271525
 20
108.5474830133733
 30
0.0
 10
64.47619635392445
 20
108.5486843912759
 30
0.0
 10
64.47607642436946
 20
108.548991405515
 30
0.0
 10
64.47562769175255
 20
108.5501377734803
 30
0.0
 10
64.47395837977436
 20
108.5544023303754
 30
0.0
 10
64.47315124205687
 20
108.5564322421265
 30
0.0
 10
64.47218572456427
 20
108.5588589023088
 30
0.0000000000000089
 10
64.47187937885235
 20
108.5596288489402
 30
0.0000000000000089
 10
64.47155592904517
 20
108.5604402937166
 30
0.0
 10
64.47118096515416
 20
108.5613783720173
 30
0.0
 10
64.46137272601948
 20
108.5859164582782
 30
0.0
 10
64.45058912026116
 20
108.6109329820786
 30
0.0
 10
64.44386636611955
 20
108.6261155970363
 30
0.0
 10
64.43439765398375
 20
108.6474996618815
 30
0.0
 10
64.42854757182278
 20
108.6601801811485
 30
0.0
 10
64.41909445021105
 20
108.6802042498449
 30
0.0
 10
64.41867296596607
 20
108.6810970585723
 30
0.0
 10
64.41824513677204
 20
108.6820021118867
 30
0.0000000000000089
 10
64.41780111717855
 20
108.6829400667707
 30
0.0000000000000089
 10
64.41670125259907
 20
108.6852634402648
 30
0.0000000000000178
 10
64.41551458170327
 20
108.6877609007575
 30
0.0
 10
64.41449038093018
 20
108.6899097400828
 30
0.0
 10
64.41346618015706
 20
108.6920585794078
 30
0.0
 10
64.41252260637657
 20
108.6940306408896
 30
0.0
 10
64.41205220419774
 20
108.6950128433872
 30
0.0
 10
64.41197565848665
 20
108.695172671279
 30
0.0
 10
64.41189084516205
 20
108.6953497107216
 30
0.0
 10
64.41186588602568
 20
108.6954018067929
 30
0.0
 10
64.41145193848908
 20
108.6962658206797
 30
0.0
 10
64.40847633438605
 20
108.7024639847103
 30
0.0
 10
64.40615112878396
 20
108.7072662534392
 30
0.0
 10
64.40346057388936
 20
108.7128230814555
 30
0.0
 10
64.40055601578269
 20
108.7187777443935
 30
0.0
 10
64.39790293561674
 20
108.7241826187624
 30
0.0
 10
64.39363692820617
 20
108.7328733603417
 30
0.0
 10
64.38905200262905
 20
108.7421220528297
 30
0.0
 10
64.38453847089897
 20
108.7511487700777
 30
0.0000000000000089
 10
64.38421074059016
 20
108.7518042055567
 30
0.0000000000000089
 10
64.38388339447516
 20
108.7524584810633
 30
0.0
 10
64.38355658538276
 20
108.7531113025812
 30
0.0
 10
64.38323642611718
 20
108.7537508406558
 30
0.0
 10
64.38295120868819
 20
108.7543204055012
 30
0.0
 10
64.38247959678026
 20
108.7552612853651
 30
0.0
 10
64.38027877979317
 20
108.7596519810897
 30
0.0
 10
64.37970922828416
 20
108.7607806180913
 30
0.0
 10
64.37823801222766
 20
108.7636995712353
 30
0.0
 10
64.37584161115376
 20
108.7684541294925
 30
0.0
 10
64.37352744079626
 20
108.7730243000422
 30
0.0
 10
64.37142429218636
 20
108.7771659333932
 30
0.0
 10
64.36601622121997
 20
108.7878157975888
 30
0.0
 10
64.36172261829546
 20
108.7961984166689
 30
0.0
 10
64.35813864986426
 20
108.8031869934138
 30
0.0
 10
64.35267815435935
 20
108.8138347132899
 30
0.0
 10
64.34886142132637
 20
108.8212446183961
 30
0.0
 10
64.34515109980828
 20
108.8284521722675
 30
0.0
 10
64.34144077829017
 20
108.835659726139
 30
0.0
 10
64.33546683863105
 20
108.8472663823643
 30
0.0
 10
64.33341105053966
 20
108.8512656321852
 30
0.0
 10
64.33302804129926
 20
108.8520107233949
 30
0.0
 10
64.33237452692927
 20
108.8532823749915
 30
0.0
 10
64.33216334712034
 20
108.8536933704091
 30
0.0
 10
64.33204793239437
 20
108.8539179890587
 30
0.0
 10
64.33182095621237
 20
108.8543597671348
 30
0.0
 10
64.33175262775316
 20
108.854492767216
 30
0.0
 10
64.33171204169358
 20
108.8545717672298
 30
0.0
 10
64.33162458697745
 20
108.854742001993
 30
0.0
 10
64.33159949067416
 20
108.854790854309
 30
0.0
 10
64.33158388207556
 20
108.854821237915
 30
0.0
 10
64.33154815759135
 20
108.8548907788322
 30
0.0
 10
64.33149310969025
 20
108.8549979391088
 30
0.0
 10
64.33111469848928
 20
108.8557345820729
 30
0.0
 10
64.32507251400136
 20
108.8675093200822
 30
0.0
 10
64.32325217002826
 20
108.8710517176477
 30
0.0
 10
64.27833856898104
 20
108.9584537874569
 30
0.0
 10
64.23228790253077
 20
109.045295436811
 30
0.0
 10
64.19135842493847
 20
109.1211838985889
 30
0.0
 10
64.18714492240017
 20
109.1289962686736
 30
0.0
 10
64.18298611617348
 20
109.1366928021219
 30
0.0000000000000089
 10
64.17888904825867
 20
109.1442622913222
 30
0.0
 10
64.17833690398507
 20
109.1452823989219
 30
0.0
 10
64.17778542377845
 20
109.1463010456123
 30
0.0
 10
64.17722863793585
 20
109.1473292537327
 30
0.0
 10
64.17480644691668
 20
109.1518022778021
 30
0.0
 10
64.17129714475155
 20
109.1582740316154
 30
0.0
 10
64.17062149760425
 20
109.1595194835401
 30
0.0
 10
64.16672120024705
 20
109.1667090837185
 30
0.0
 10
64.13759495434965
 20
109.2201685499168
 30
0.0
 10
64.12026413440926
 20
109.2516168993131
 30
0.0
 10
64.10323392615206
 20
109.2825197614629
 30
0.0
 10
64.08654436018827
 20
109.312535132883
 30
0.0
 10
64.07346102269707
 20
109.3359388959413
 30
0.0
 10
64.06835399306555
 20
109.3450744633384
 30
0.0
 10
64.06111730186356
 20
109.3579786763136
 30
0.0
 10
64.06033337797726
 20
109.359375433983
 30
0.0
 10
64.06008961727017
 20
109.3598097550224
 30
0.0
 10
64.05773355820818
 20
109.3640072477814
 30
0.0000000000000089
 10
64.05545195734385
 20
109.3680665345052
 30
0.0
 10
64.05511000204256
 20
109.3686749207645
 30
0.0
 10
64.05476621986517
 20
109.3692864651767
 30
0.0
 10
64.05441220582045
 20
109.3699161090935
 30
0.0
 10
64.05239387023098
 20
109.3735058896258
 30
0.0
 10
64.05011472625725
 20
109.377555888943
 30
0.0
 10
64.04792657470077
 20
109.3814401448131
 30
0.0
 10
64.04758647045546
 20
109.3820438744347
 30
0.0
 10
64.04724980085735
 20
109.3826414154345
 30
0.0
 10
64.04691380681256
 20
109.3832376682059
 30
0.0
 10
64.04486631795606
 20
109.3868711281545
 30
-0.0000000000000089
 10
64.04275944823405
 20
109.3906065184522
 30
0.0
 10
64.04069220244105
 20
109.3942682265861
 30
0.0
 10
64.03091668246244
 20
109.4115835846052
 30
0.0
 10
64.02232248982585
 20
109.4267336849274
 30
0.0
 10
64.01447456905947
 20
109.4405269621834
 30
0.0
 10
64.01059840336646
 20
109.4473395982543
 30
0.0
 10
64.00601155012148
 20
109.455383680443
 30
0.0000000000002842
 10
64.00414042104376
 20
109.4586623284378
 30
0.0
 10
64.00192999897376
 20
109.4625354957001
 30
-0.000000000000373
 10
63.99940463605815
 20
109.4669583606165
 30
0.0
 10
63.99564694623896
 20
109.4735263094726
 30
0.0
 10
63.99294326898448
 20
109.4782519826348
 30
0.0
 10
63.99014440125975
 20
109.4831379865707
 30
0.0
 10
63.98756811756825
 20
109.4876303677352
 30
0.0
 10
63.98116896332396
 20
109.4987888593603
 30
0.0
 10
63.97566070280348
 20
109.5083626368539
 30
0.0
 10
63.97131135181027
 20
109.5159110042063
 30
0.0
 10
63.96867479575127
 20
109.5204867888947
 30
0.0
 10
63.96589020975196
 20
109.5253126282258
 30
0.0
 10
63.96443095493248
 20
109.5278401461938
 30
0.0
 10
63.96415322226886
 20
109.5283211960337
 30
0.0
 10
63.96374570015197
 20
109.5290269392049
 30
0.0
 10
63.96357009796346
 20
109.5293310171504
 30
0.0
 10
63.96351098429235
 20
109.5294333801324
 30
0.0
 10
63.96342355441356
 20
109.5295847713138
 30
0.0
 10
63.96338397297657
 20
109.5296533080128
 30
0.0
 10
63.96335978087828
 20
109.5296951975116
 30
0.0
 10
63.96334184789856
 20
109.52972624892
 30
0.0
 10
63.96331054637224
 20
109.5297804475018
 30
0.0
 10
63.96317540005035
 20
109.5300144533107
 30
0.0
 10
63.96181424881646
 20
109.5323709265318
 30
0.0
 10
63.96091770355986
 20
109.5339222209163
 30
0.0
 10
63.96077676303128
 20
109.5341660906472
 30
0.0
 10
63.96064061622547
 20
109.5344016514252
 30
0.0000000000000089
 10
63.96050171645135
 20
109.5346419611653
 30
0.0000000000000089
 10
63.95993743556246
 20
109.5356182204468
 30
0.0000000000000178
 10
63.95936028176535
 20
109.5366164965286
 30
0.0
 10
63.95882770580306
 20
109.5375374582619
 30
0.0
 10
63.95661345326027
 20
109.5413664742223
 30
0.0
 10
63.95501376905196
 20
109.5441295650861
 30
0.0
 10
63.95367233547796
 20
109.5464458062303
 30
0.0
 10
63.95355936590118
 20
109.5466408697705
 30
0.0
 10
63.95344727983837
 20
109.5468343965408
 30
0.0
 10
63.95337256831166
 20
109.5469633891086
 30
0.0
 10
63.95335246012535
 20
109.5469981067313
 30
0.0
 10
63.95333150238278
 20
109.5470342907447
 30
0.0
 10
63.95332347698925
 20
109.5470481467253
 30
0.0
 10
63.95294334371667
 20
109.5477044533936
 30
0.0
 10
63.94957565415785
 20
109.55351621879
 30
0.0
 10
63.94769106383757
 20
109.5567647292189
 30
0.0
 10
63.94753537165647
 20
109.5570330993089
 30
0.0
 10
63.94738765481005
 20
109.5572877042594
 30
0.0000000000000089
 10
63.94724671049226
 20
109.557530622114
 30
0.0000000000000178
 10
63.93096789712436
 20
109.5855871942613
 30
0.0000000000000178
 10
63.91476275691605
 20
109.6133181340116
 30
0.0
 10
63.89895427167934
 20
109.6401920766734
 30
0.0
 10
63.84177138712075
 20
109.7374012360489
 30
0.0
 10
63.78994003726325
 20
109.8229469088324
 30
0.0
 10
63.75732832178144
 20
109.8762424341428
 30
0.0
 10
63.74547341333277
 20
109.895616256217
 30
0.0
 10
63.72977007213674
 20
109.9211171719739
 30
0.0
 10
63.72406754194478
 20
109.9303522056439
 30
0.0
 10
63.72211381923856
 20
109.9335161862572
 30
0.0
 10
63.71808160382747
 20
109.9400386935803
 30
0.0
 10
63.71676991993467
 20
109.9421587029158
 30
0.0
 10
63.71618517444836
 20
109.9431037979167
 30
0.0
 10
63.71473308508658
 20
109.9454498554321
 30
0.0
 10
63.71436925188965
 20
109.946037517304
 30
0.0
 10
63.71416551346456
 20
109.9463665947639
 30
0.0
 10
63.71354309692404
 20
109.9473717727778
 30
0.0
 10
63.71342285625897
 20
109.9475659350642
 30
0.0
 10
63.71334622112667
 20
109.9476896839847
 30
0.0
 10
63.71304929054137
 20
109.9481691854637
 30
0.0
 10
63.71255141539527
 20
109.9489729542448
 30
0.0
 10
63.71225638795966
 20
109.9494492460303
 30
0.0
 10
63.71010653007167
 20
109.9529187496309
 30
0.0
 10
63.70885912595577
 20
109.9549299626514
 30
0.0000000000000089
 10
63.70865159249238
 20
109.9552645727416
 30
0.0000000000000089
 10
63.70844912178649
 20
109.9555909826006
 30
0.0
 10
63.70825582101236
 20
109.9559025780734
 30
0.0
 10
63.70806023043056
 20
109.9562178646526
 30
0.0
 10
63.70787357807206
 20
109.9565187111075
 30
0.0
 10
63.70768609713048
 20
109.9568208634928
 30
0.0
 10
63.70688389486955
 20
109.958113727315
 30
-0.0000000000000089
 10
63.70612111076326
 20
109.9593424628828
 30
0.0
 10
63.70550443901698
 20
109.9603355311744
 30
0.0000000000000089
 10
63.70531056961306
 20
109.9606477322097
 30
0.0000000000000089
 10
63.70513297453567
 20
109.9609336939045
 30
0.0
 10
63.70495793654078
 20
109.9612155128407
 30
0.0
 10
63.70457620289556
 20
109.961830120943
 30
0.0
 10
63.70421947691918
 20
109.9624043345257
 30
0.0
 10
63.70389741263835
 20
109.9629226687574
 30
0.0
 10
63.62765736740647
 20
110.085624339296
 30
0.0
 10
63.55407985057024
 20
110.1996710191758
 30
0.0
 10
63.48973817749487
 20
110.297251308738
 30
0.0
 10
63.48566965727338
 20
110.3034216080531
 30
0.0
 10
63.48163721645227
 20
110.3095277691252
 30
0.0
 10
63.47764216043007
 20
110.3155684766409
 30
0.0000000000000089
 10
63.47627743095316
 20
110.3176320100589
 30
0.0000000000000089
 10
63.47491846373547
 20
110.3196857913999
 30
0.0
 10
63.47356069115005
 20
110.3217367457183
 30
0.0
 10
63.47093679040367
 20
110.3257002228318
 30
0.0
 10
63.46784396549836
 20
110.3303665688744
 30
-0.0000000000027267
 10
63.46605926464196
 20
110.3330574768625
 30
0.0000000000000888
 10
63.46296756964648
 20
110.3377190237715
 30
0.0000000000049738
 10
63.45972845772156
 20
110.3425984057093
 30
0.0000000000000089
 10
63.45564917186786
 20
110.3487330139185
 30
0.0000000000000089
 10
63.44778270679185
 20
110.3605629476286
 30
0.0000000000000089
 10
63.43957035270785
 20
110.372875418279
 30
0.0000000000000089
 10
63.43195703300776
 20
110.3842574658975
 30
0.0000000000000089
 10
63.39655240769636
 20
110.437188006987
 30
0.0000000000000178
 10
63.35955431436786
 20
110.49170132721
 30
0.0000000000000089
 10
63.32973857973996
 20
110.5351896334634
 30
0.0000000000000089
 10
63.32296160876118
 20
110.54507431325
 30
0.0000000000000089
 10
63.31654746069645
 20
110.5544060846298
 30
0.0000000000000089
 10
63.31058498558267
 20
110.5630639442761
 30
0.0000000000000178
 10
63.30972732806348
 20
110.564309312732
 30
0.0000000000000178
 10
63.30887900904006
 20
110.5655407492085
 30
0.0000000000000089
 10
63.30804028637146
 20
110.5667579045602
 30
0.0000000000000089
 10
63.30752162413657
 20
110.5675105878232
 30
0.0000000000000089
 10
63.30700796684306
 20
110.5682558729639
 30
0.0000000000000089
 10
63.30649497208316
 20
110.5690000651652
 30
0.0000000000000089
 10
63.30592463051218
 20
110.5698274493462
 30
0.0000000000000089
 10
63.30534962235614
 20
110.570661439734
 30
0.0000000000000089
 10
63.30476824106526
 20
110.5715045021637
 30
0.0000000000000089
 10
63.30280382379036
 20
110.5743531084514
 30
0.0000000000000178
 10
63.30079217585915
 20
110.5772681060648
 30
0.0000000000000089
 10
63.29897786645066
 20
110.5798955274589
 30
0.0000000000000089
 10
63.29807071174636
 20
110.5812092381559
 30
0.0000000000000089
 10
63.29721282585234
 20
110.5824511810372
 30
0.0
 10
63.29643445052866
 20
110.5835777383407
 30
0.0000000000000089
 10
63.29555346326296
 20
110.5848528078452
 30
0.0000000000000178
 10
63.29453300422625
 20
110.5863291553254
 30
0.0000000000000622
 10
63.29419529291005
 20
110.5868176799696
 30
0.0
 10
63.29053464845435
 20
110.5921130756053
 30
-0.0000000000006128
 10
63.27650281540425
 20
110.6123742522404
 30
0.0
 10
63.26692042112106
 20
110.6261494904001
 30
0.0000000000000089
 10
63.25804572570977
 20
110.6389073710793
 30
0.0000000000000089
 10
63.24851573144096
 20
110.6525673704447
 30
0.0000000000000089
 10
63.23874675385005
 20
110.6665214898955
 30
0.0000000000000089
 10
63.23315489344958
 20
110.6745089673212
 30
0.0000000000000089
 10
63.22748425641407
 20
110.682593762584
 30
0.0000000000000089
 10
63.22180830828068
 20
110.6906706516573
 30
0.0000000000000089
 10
63.21810748090857
 20
110.6959369387095
 30
0.0000000000000089
 10
63.21492361988527
 20
110.7004631885529
 30
0.0000000000000089
 10
63.21047667152348
 20
110.7067752958974
 30
0.0000000000000089
 10
63.20982887999736
 20
110.7076947870443
 30
0.0000000000000089
 10
63.20911003417265
 20
110.7087149306511
 30
0.0000000000000089
 10
63.20835419889426
 20
110.7097872780093
 30
0.0000000000000089
 10
63.20162818780506
 20
110.7193298601418
 30
0.0000000000000089
 10
63.19981350172816
 20
110.7218958523738
 30
0.0000000000000089
 10
63.19543977075406
 20
110.728083120626
 30
0.0000000000000089
 10
63.17720384562775
 20
110.7538804458973
 30
0.0000000000000089
 10
63.16030628467785
 20
110.7776130932081
 30
0.0000000000000089
 10
63.14808019015976
 20
110.7947278462188
 30
0.0000000000000089
 10
63.11819648541515
 20
110.8365606837605
 30
0.0000000000000089
 10
63.10358408350476
 20
110.8568477046894
 30
0.0000000000000089
 10
63.07327068305125
 20
110.8986121711463
 30
0.0000000000000089
 10
63.04447748534435
 20
110.938282169293
 30
0.0000000000000089
 10
63.01759037189746
 20
110.9749469044412
 30
0.0000000000000089
 10
62.99751185292897
 20
111.002189815205
 30
0.0000000000000089
 10
62.98933648210615
 20
111.0132823115258
 30
0.0000000000000089
 10
62.98225778462827
 20
111.022860101358
 30
0.0000000000000089
 10
62.97651327304166
 20
111.0306223981252
 30
0.0000000000000178
 10
62.97608673246227
 20
111.0311987629756
 30
0.0000000000000178
 10
62.97566753930417
 20
111.0317651283156
 30
0.0000000000000089
 10
62.97525578809436
 20
111.0323213738442
 30
0.0000000000000089
 10
62.97139492347557
 20
111.037537117306
 30
0.0000000000000089
 10
62.96578124362435
 20
111.0451099627898
 30
0.0000000000000089
 10
62.96324928498328
 20
111.0485226055655
 30
0.0000000000000089
 10
62.96241463579926
 20
111.0496475684545
 30
0.0000000000000089
 10
62.96095892872736
 20
111.0516089728384
 30
0.0000000000000089
 10
62.96046078956795
 20
111.0522800246296
 30
0.0000000000000089
 10
62.96025041182335
 20
111.0525634280914
 30
0.0000000000000089
 10
62.95981736511757
 20
111.0531467425337
 30
0.0000000000000089
 10
62.95968111905065
 20
111.0533302549888
 30
0.0000000000000089
 10
62.95956796970776
 20
111.0534826580207
 30
0.0000000000000089
 10
62.95949089177034
 20
111.0535864823599
 30
0.0000000000000089
 10
62.95919399466427
 20
111.053986342147
 30
0.0000000000000089
 10
62.95828478835045
 20
111.055210857427
 30
0.0000000000000089
 10
62.95137474173086
 20
111.0645101039817
 30
0.0000000000000089
 10
62.94904872073326
 20
111.0676367193174
 30
0.0000000000000089
  0
SPLINE
  5
244
330
1F
100
AcDbEntity
  8
0
100
AcDbSpline
210
0.0
220
0.0
230
1.0
 70
     8
 71
     3
 72
    11
 73
     7
 74
     0
 42
0.000000001
 43
0.0000000001
 40
-27.0
 40
-27.0
 40
-27.0
 40
-27.0
 40
-26.0
 40
-26.0
 40
-26.0
 40
-25.0
 40
-25.0
 40
-25.0
 40
-25.0
 10
62.94904872073326
 20
111.0676367193174
 30
0.0
 10
62.96361752524126
 20
111.0668875429607
 30
0.0
 10
63.01322370257128
 20
111.0645329886948
 30
0.0
 10
63.02339109598427
 20
111.0645329886935
 30
0.0
 10
63.29424510522327
 20
111.0645329886819
 30
0.0
 10
63.48856272274727
 20
111.2608171941235
 30
0.0
 10
63.49584043593927
 20
111.5418653530729
 30
0.0
  0
SPLINE
  5
245
330
1F
100
AcDbEntity
  8
0
100
AcDbSpline
210
0.0
220
0.0
230
1.0
 70
     8
 71
     3
 72
     8
 73
     4
 74
     0
 42
0.000000001
 43
0.0000000001
 40
-25.0
 40
-25.0
 40
-25.0
 40
-25.0
 40
-24.0
 40
-24.0
 40
-24.0
 40
-24.0
 10
63.49584043593927
 20
111.5418653530729
 30
0.0
 10
63.50256964501136
 20
111.8003311961283
 30
0.0
 10
63.33615884679526
 20
112.0712119616743
 30
0.0
 10
63.00511654418625
 20
112.0885500430863
 30
0.0
  0
SPLINE
  5
246
330
1F
100
AcDbEntity
  8
0
100
AcDbSpline
210
0.0
220
0.0
230
1.0
 70
     8
 71
     3
 72
    11
 73
     7
 74
     0
 42
0.000000001
 43
0.0000000001
 40
-24.0
 40
-24.0
 40
-24.0
 40
-24.0
 40
-23.0
 40
-23.0
 40
-23.0
 40
-22.0
 40
-22.0
 40
-22.0
 40
-22.0
 10
63.00511654418625
 20
112.0885500430863
 30
0.0
 10
62.88417807517928
 20
112.0948645295271
 30
0.0
 10
62.76228975757627
 20
112.0979682601536
 30
0.0
 10
62.64287639758126
 20
112.0979682601574
 30
0.0
 10
62.39661142662026
 20
112.097968260169
 30
0.0
 10
62.15627297576634
 20
112.0849111865352
 30
0.0
 10
61.90836249244927
 20
112.0582619132872
 30
0.0
  0
ELLIPSE
  5
247
330
1F
100
AcDbEntity
  8
0
100
AcDbEllipse
 10
62.07104979559426
 20
111.445770570594
 30
0.0
 11
0.5723022818148377
 21
-0.3727347710648648
 31
0.0
210
0.0
220
0.0
230
-1.0
 40
0.8575080322238013
 41
2.973582783832633
 42
3.952246790375716
  0
ELLIPSE
  5
248
330
1F
100
AcDbEntity
  8
0
100
AcDbEllipse
 10
62.08183977773927
 20
111.5150225343091
 30
0.0000000000000977
 11
0.6561791900841103
 21
-0.1210524230731701
 31
0.0
210
0.0
220
0.0
230
-1.0
 40
0.8572081303153689
 41
2.336425712959803
 42
3.314780564236121
  0
ELLIPSE
  5
249
330
1F
100
AcDbEntity
  8
0
100
AcDbEllipse
 10
59.17198506152525
 20
109.2802247638748
 30
0.0
 11
-4.488666312755051
 21
5.302212922813772
 31
0.0
210
0.0
220
0.0
230
-1.0
 40
0.4394768221094111
 41
1.581994632750635
 42
1.857529618047015
  0
ARC
  5
250
330
1F
100
AcDbEntity
  8
0
100
AcDbCircle
 10
49.63448399286225
 20
101.2403029652042
 30
0.0
 40
15.53067095930258
100
AcDbArc
 50
30.0731908583665
 51
32.88510923081376
  0
SPLINE
  5
251
330
1F
100
AcDbEntity
  8
0
100
AcDbSpline
210
0.0
220
0.0
230
1.0
 70
     8
 71
     3
 72
     8
 73
     4
 74
     0
 42
0.000000001
 43
0.0000000001
 40
-18.0
 40
-18.0
 40
-18.0
 40
-18.0
 40
-17.0
 40
-17.0
 40
-17.0
 40
-17.0
 10
63.07450900408625
 20
109.0228133663411
 30
0.0
 10
61.11503824322125
 20
109.9204336669294
 30
0.0
 10
59.10210839805526
 20
110.9548321652129
 30
0.0
 10
57.51036282501025
 20
112.5847188418454
 30
0.0
  0
SPLINE
  5
252
330
1F
100
AcDbEntity
  8
0
100
AcDbSpline
210
0.0
220
0.0
230
1.0
 70
     8
 71
     3
 72
    56
 73
    52
 74
     0
 42
0.000000001
 43
0.0000000001
 40
-0.160105877504392
 40
-0.160105877504392
 40
-0.160105877504392
 40
-0.160105877504392
 40
-0.1501215190494661
 40
-0.1501215190494661
 40
-0.1501215190494661
 40
-0.140188469462515
 40
-0.140188469462515
 40
-0.140188469462515
 40
-0.130086025472318
 40
-0.130086025472318
 40
-0.130086025472318
 40
-0.1218418291868393
 40
-0.1218418291868393
 40
-0.1218418291868393
 40
-0.1181601986792031
 40
-0.1181601986792031
 40
-0.1181601986792031
 40
-0.1102245024359837
 40
-0.1102245024359837
 40
-0.1102245024359837
 40
-0.0992190565582074
 40
-0.0992190565582074
 40
-0.0992190565582074
 40
-0.0903113096854369
 40
-0.0903113096854369
 40
-0.0903113096854369
 40
-0.0795915462817136
 40
-0.0795915462817136
 40
-0.0795915462817136
 40
-0.0704076341592099
 40
-0.0704076341592099
 40
-0.0704076341592099
 40
-0.0600397040641469
 40
-0.0600397040641469
 40
-0.0600397040641469
 40
-0.0501013200867775
 40
-0.0501013200867775
 40
-0.0501013200867775
 40
-0.0400427441850935
 40
-0.0400427441850935
 40
-0.0400427441850935
 40
-0.0300805154152912
 40
-0.0300805154152912
 40
-0.0300805154152912
 40
-0.0200516543941086
 40
-0.0200516543941086
 40
-0.0200516543941086
 40
-0.0100250663182587
 40
-0.0100250663182587
 40
-0.0100250663182587
 40
0.0
 40
0.0
 40
0.0
 40
0.0
 10
56.68378049689625
 20
112.4102677759696
 30
0.0
 10
56.69788092039258
 20
112.4427722425879
 30
0.0
 10
56.71347260733867
 20
112.4705589074173
 30
0.0
 10
56.72986668591526
 20
112.4954587413065
 30
0.0
 10
56.74639565485097
 20
112.5205634508436
 30
0.0
 10
56.76330469237178
 20
112.5421636892969
 30
0.0
 10
56.78189491470925
 20
112.5627923029089
 30
0.0
 10
56.80192021491087
 20
112.5850133486232
 30
0.0
 10
56.82129337733406
 20
112.603393172217
 30
0.0
 10
56.84385004317926
 20
112.6217936442202
 30
0.0
 10
56.89193768779836
 20
112.6610208671009
 30
0.0
 10
56.95757640933635
 20
112.6981710965229
 30
0.0
 10
57.01074141802397
 20
112.7152114952921
 30
0.0
 10
57.03448344346156
 20
112.7228212670392
 30
0.0
 10
57.04720672766566
 20
112.7268661534188
 30
0.0
 10
57.08713142737526
 20
112.7334052808462
 30
0.0
 10
57.09281192096105
 20
112.7343356690943
 30
0.0
 10
57.10343707508306
 20
112.7358341380767
 30
0.0
 10
57.11005949694026
 20
112.7365888607832
 30
0.0
 10
57.12013051791107
 20
112.7377366022545
 30
0.0
 10
57.12534722116206
 20
112.7381234446862
 30
0.0
 10
57.13182806179426
 20
112.7385564129061
 30
0.0
 10
57.13483888635526
 20
112.738757558316
 30
0.0
 10
57.13965415077154
 20
112.7390347013385
 30
0.0
 10
57.14413881284227
 20
112.7392145650294
 30
0.0
 10
57.15042437107635
 20
112.739466656201
 30
0.0
 10
57.15431150436535
 20
112.7395842973082
 30
0.0
 10
57.16255770142627
 20
112.7395842973082
 30
0.0
 10
57.16787672668854
 20
112.7395842973071
 30
0.0
 10
57.17279209219475
 20
112.7394941652367
 30
0.0
 10
57.17739423196727
 20
112.7393461148765
 30
0.0
 10
57.18385742589777
 20
112.739138194596
 30
0.0
 10
57.18781914683257
 20
112.738921992388
 30
0.0
 10
57.19304247611737
 20
112.7385744716609
 30
0.0
 10
57.21333858933636
 20
112.7372241221732
 30
0.0
 10
57.23269707196834
 20
112.7346135711734
 30
0.0
 10
57.25205475828326
 20
112.7307188905223
 30
0.0
 10
57.27265090478247
 20
112.7265750371735
 30
0.0
 10
57.29088128250086
 20
112.7215344842642
 30
0.0
 10
57.30946744470526
 20
112.7151621971653
 30
0.0
 10
57.32805607613127
 20
112.7087890634902
 30
0.0
 10
57.34568031938215
 20
112.7014466455197
 30
0.0
 10
57.36314699669126
 20
112.6929004200764
 30
0.0
 10
57.38138181731097
 20
112.6839783517757
 30
0.0
 10
57.39798085089737
 20
112.6745141904308
 30
0.0
 10
57.41480102865626
 20
112.6636018356181
 30
0.0
 10
57.43200922684465
 20
112.6524377464508
 30
0.0
 10
57.44802708285956
 20
112.6406395771078
 30
0.0
 10
57.46396615075525
 20
112.627485560906
 30
0.0
 10
57.48008006285949
 20
112.6141872512263
 30
0.0
 10
57.49538014089885
 20
112.6000727962619
 30
0.0
 10
57.51036282501025
 20
112.5847188418454
 30
0.0
  0
ELLIPSE
  5
253
330
1F
100
AcDbEntity
  8
0
100
AcDbEllipse
 10
57.36766840582927
 20
112.2334702184625
 30
0.0000000000000977
 11
0.7243260509207225
 21
0.0669698987310456
 31
0.0
210
0.0
220
0.0
230
-1.0
 40
0.8089303288323716
 41
2.580701328736245
 42
3.5598649601199
  0
ELLIPSE
  5
254
330
1F
100
AcDbEntity
  8
0
100
AcDbEllipse
 10
43.18866785779227
 20
97.22591405945747
 30
0.0000000000009059
 11
-12.74971134117101
 21
19.74494328611244
 31
0.0
210
0.0
220
0.0
230
-1.0
 40
0.8424664675761619
 41
1.359746851996524
 42
1.632891966474218
  0
SPLINE
  5
255
330
1F
100
AcDbEntity
  8
0
100
AcDbSpline
210
0.0
220
0.0
230
1.0
 70
     8
 71
     3
 72
     8
 73
     4
 74
     0
 42
0.000000001
 43
0.0000000001
 40
-26.0
 40
-26.0
 40
-26.0
 40
-26.0
 40
-25.0
 40
-25.0
 40
-25.0
 40
-25.0
 10
308.9548608990262
 20
118.693018233456
 30
0.0
 10
308.9548608990133
 20
118.4168877536851
 30
0.0
 10
309.1787088811683
 20
118.1930397715103
 30
0.0
 10
309.4548393609373
 20
118.1930397714987
 30
0.0
  0
LINE
  5
256
330
1F
100
AcDbEntity
  8
0
100
AcDbLine
 10
309.4548393609373
 20
118.1930397714987
 30
0.0
 11
316.8596684697032
 21
118.1930397711663
 31
0.0
  0
SPLINE
  5
257
330
1F
100
AcDbEntity
  8
0
100
AcDbSpline
210
0.0
220
0.0
230
1.0
 70
     8
 71
     3
 72
     8
 73
     4
 74
     0
 42
0.000000001
 43
0.0000000001
 40
-24.0
 40
-24.0
 40
-24.0
 40
-24.0
 40
-23.0
 40
-23.0
 40
-23.0
 40
-23.0
 10
316.8596684697032
 20
118.1930397711663
 30
0.0
 10
317.1358108446183
 20
118.1930397711534
 30
0.0
 10
317.3596684697143
 20
118.4168973962284
 30
0.0
 10
317.3596684697252
 20
118.6930397711435
 30
0.0
  0
LINE
  5
258
330
1F
100
AcDbEntity
  8
0
100
AcDbLine
 10
317.3596684697252
 20
118.6930397711435
 30
0.0
 11
317.3596684705543
 21
137.1465607804632
 31
0.0
  0
SPLINE
  5
259
330
1F
100
AcDbEntity
  8
0
100
AcDbSpline
210
0.0
220
0.0
230
1.0
 70
     8
 71
     3
 72
     8
 73
     4
 74
     0
 42
0.000000001
 43
0.0000000001
 40
-21.0
 40
-21.0
 40
-21.0
 40
-21.0
 40
-20.0
 40
-20.0
 40
-20.0
 40
-20.0
 10
317.3596684705543
 20
137.1465607804632
 30
0.0
 10
317.3596684703803
 20
137.4180218676962
 30
0.0
 10
317.1396057786302
 20
137.6380845591642
 30
0.0
 10
316.8681446913953
 20
137.6380845589892
 30
0.0
  0
LINE
  5
260
330
1F
100
AcDbEntity
  8
0
100
AcDbLine
 10
316.8681446913953
 20
137.6380845589892
 30
0.0
 11
309.4463846744853
 21
137.6380845542252
 31
0.0
  0
SPLINE
  5
261
330
1F
100
AcDbEntity
  8
0
100
AcDbSpline
210
0.0
220
0.0
230
1.0
 70
     8
 71
     3
 72
     8
 73
     4
 74
     0
 42
0.000000001
 43
0.0000000001
 40
-19.0
 40
-19.0
 40
-19.0
 40
-19.0
 40
-18.0
 40
-18.0
 40
-18.0
 40
-18.0
 10
309.4463846744853
 20
137.6380845542252
 30
0.0
 10
309.1749235895353
 20
137.6380845540512
 30
0.0
 10
308.9548608998653
 20
137.4180218642522
 30
0.0
 10
308.9548608998542
 20
137.1465607793012
 30
0.0
  0
LINE
  5
262
330
1F
100
AcDbEntity
  8
0
100
AcDbLine
 10
308.9548608998542
 20
137.1465607793012
 30
0.0
 11
308.9548608998103
 21
136.1551674082281
 31
0.0
  0
SPLINE
  5
263
330
1F
100
AcDbEntity
  8
0
100
AcDbSpline
210
0.0
220
0.0
230
1.0
 70
     8
 71
     3
 72
     8
 73
     4
 74
     0
 42
0.000000001
 43
0.0000000001
 40
-17.0
 40
-17.0
 40
-17.0
 40
-17.0
 40
-16.0
 40
-16.0
 40
-16.0
 40
-16.0
 10
308.9548608998103
 20
136.1551674082281
 30
0.0
 10
308.9548608997973
 20
135.8789452831702
 30
0.0
 10
308.7309386244833
 20
135.6550230078083
 30
0.0
 10
308.4547164994283
 20
135.6550230077372
 30
0.0
  0
LINE
  5
264
330
1F
100
AcDbEntity
  8
0
100
AcDbLine
 10
308.4547164994283
 20
135.6550230077372
 30
0.0
 11
293.7338073838589
 21
135.6550230038982
 31
0.0
  0
SPLINE
  5
265
330
1F
100
AcDbEntity
  8
0
100
AcDbSpline
210
0.0
220
0.0
230
1.0
 70
     8
 71
     3
 72
     8
 73
     4
 74
     0
 42
0.000000001
 43
0.0000000001
 40
-15.0
 40
-15.0
 40
-15.0
 40
-15.0
 40
-14.0
 40
-14.0
 40
-14.0
 40
-14.0
 10
293.7338073838589
 20
135.6550230038982
 30
0.0
 10
293.4575852587409
 20
135.6550230038252
 30
0.0
 10
293.2336629832859
 20
135.8789452791651
 30
0.0
 10
293.2336629832128
 20
136.1551674042812
 30
0.0
  0
LINE
  5
266
330
1F
100
AcDbEntity
  8
0
100
AcDbLine
 10
293.2336629832128
 20
136.1551674042812
 30
0.0
 11
293.2336629832579
 21
137.1465607808632
 31
0.0
  0
SPLINE
  5
267
330
1F
100
AcDbEntity
  8
0
100
AcDbSpline
210
0.0
220
0.0
230
1.0
 70
     8
 71
     3
 72
     8
 73
     4
 74
     0
 42
0.000000001
 43
0.0000000001
 40
-12.0
 40
-12.0
 40
-12.0
 40
-12.0
 40
-11.0
 40
-11.0
 40
-11.0
 40
-11.0
 10
293.2336629832579
 20
137.1465607808632
 30
0.0
 10
293.2336629832709
 20
137.4180218684702
 30
0.0
 10
293.0136002913699
 20
137.6380845603912
 30
0.0
 10
292.7421392037638
 20
137.6380845604032
 30
0.0
  0
LINE
  5
268
330
1F
100
AcDbEntity
  8
0
100
AcDbLine
 10
292.7421392037638
 20
137.6380845604032
 30
0.0
 11
285.3203828981508
 21
137.6380845607422
 31
0.0
  0
SPLINE
  5
269
330
1F
100
AcDbEntity
  8
0
100
AcDbSpline
210
0.0
220
0.0
230
1.0
 70
     8
 71
     3
 72
     8
 73
     4
 74
     0
 42
0.000000001
 43
0.0000000001
 40
-10.0
 40
-10.0
 40
-10.0
 40
-10.0
 40
-9.0
 40
-9.0
 40
-9.0
 40
-9.0
 10
285.3203828981508
 20
137.6380845607422
 30
0.0
 10
285.0489218105419
 20
137.6380845607552
 30
0.0
 10
284.8288591186179
 20
137.4180218688531
 30
0.0
 10
284.8288591186058
 20
137.1465607812432
 30
0.0
  0
LINE
  5
270
330
1F
100
AcDbEntity
  8
0
100
AcDbLine
 10
284.8288591186058
 20
137.1465607812432
 30
0.0
 11
284.8288591177769
 21
118.6930397726053
 31
0.0
  0
SPLINE
  5
271
330
1F
100
AcDbEntity
  8
0
100
AcDbSpline
210
0.0
220
0.0
230
1.0
 70
     8
 71
     3
 72
     8
 73
     4
 74
     0
 42
0.000000001
 43
0.0000000001
 40
-8.0
 40
-8.0
 40
-8.0
 40
-8.0
 40
-7.0
 40
-7.0
 40
-7.0
 40
-7.0
 10
284.8288591177769
 20
118.6930397726053
 30
0.0
 10
284.8288591177639
 20
118.4168973976889
 30
0.0
 10
285.0527167428388
 20
118.1930397725947
 30
0.0
 10
285.3288591177548
 20
118.1930397725819
 30
0.0
  0
LINE
  5
272
330
1F
100
AcDbEntity
  8
0
100
AcDbLine
 10
285.3288591177548
 20
118.1930397725819
 30
0.0
 11
292.7336629824059
 21
118.1930397722495
 31
0.0
  0
SPLINE
  5
273
330
1F
100
AcDbEntity
  8
0
100
AcDbSpline
210
0.0
220
0.0
230
1.0
 70
     8
 71
     3
 72
     8
 73
     4
 74
     0
 42
0.000000001
 43
0.0000000001
 40
-6.0
 40
-6.0
 40
-6.0
 40
-6.0
 40
-5.0
 40
-5.0
 40
-5.0
 40
-5.0
 10
292.7336629824059
 20
118.1930397722495
 30
0.0
 10
293.0098053573228
 20
118.1930397722367
 30
0.0
 10
293.2336629824179
 20
118.4168973973116
 30
0.0
 10
293.2336629824298
 20
118.6930397722279
 30
0.0
  0
LINE
  5
274
330
1F
100
AcDbEntity
  8
0
100
AcDbLine
 10
293.2336629824298
 20
118.6930397722279
 30
0.0
 11
293.2336629825509
 21
121.3799463687783
 31
0.0
  0
SPLINE
  5
275
330
1F
100
AcDbEntity
  8
0
100
AcDbSpline
210
0.0
220
0.0
230
1.0
 70
     8
 71
     3
 72
     8
 73
     4
 74
     0
 42
0.000000001
 43
0.0000000001
 40
-4.0
 40
-4.0
 40
-4.0
 40
-4.0
 40
-3.0
 40
-3.0
 40
-3.0
 40
-3.0
 10
293.2336629825509
 20
121.3799463687783
 30
0.0
 10
293.2336629825579
 20
121.5456814234362
 30
0.0
 10
293.3680177904438
 20
121.6800362313092
 30
0.0
 10
293.5337528451018
 20
121.6800362313027
 30
0.0
  0
LINE
  5
276
330
1F
100
AcDbEntity
  8
0
100
AcDbLine
 10
293.5337528451018
 20
121.6800362313027
 30
0.0
 11
308.6547710366212
 21
121.6800362306238
 31
0.0
  0
SPLINE
  5
277
330
1F
100
AcDbEntity
  8
0
100
AcDbSpline
210
0.0
220
0.0
230
1.0
 70
     8
 71
     3
 72
     8
 73
     4
 74
     0
 42
0.000000001
 43
0.0000000001
 40
-2.0
 40
-2.0
 40
-2.0
 40
-2.0
 40
-1.0
 40
-1.0
 40
-1.0
 40
-1.0
 10
308.6547710366212
 20
121.6800362306238
 30
0.0
 10
308.8205060912803
 20
121.6800362306161
 30
0.0
 10
308.9548608991543
 20
121.5456814227304
 30
0.0
 10
308.9548608991472
 20
121.3799463680724
 30
0.0
  0
LINE
  5
278
330
1F
100
AcDbEntity
  8
0
100
AcDbLine
 10
308.9548608991472
 20
121.3799463680724
 30
0.0
 11
308.9548608990262
 21
118.693018233456
 31
0.0
  0
SPLINE
  5
279
330
1F
100
AcDbEntity
  8
0
100
AcDbSpline
210
0.0
220
0.0
230
1.0
 70
     8
 71
     3
 72
     8
 73
     4
 74
     0
 42
0.000000001
 43
0.0000000001
 40
6.0
 40
6.0
 40
6.0
 40
6.0
 40
7.0
 40
7.0
 40
7.0
 40
7.0
 10
36.91926253249727
 20
145.8709509883252
 30
0.0
 10
36.91926253248727
 20
145.6481480582602
 30
0.0
 10
37.09987999403828
 20
145.4675305966922
 30
0.0
 10
37.32268292410325
 20
145.4675305966822
 30
0.0
  0
LINE
  5
280
330
1F
100
AcDbEntity
  8
0
100
AcDbLine
 10
37.32268292410325
 20
145.4675305966822
 30
0.0
 11
50.51584213735228
 21
145.4675305960892
 31
0.0
  0
SPLINE
  5
281
330
1F
100
AcDbEntity
  8
0
100
AcDbSpline
210
0.0
220
0.0
230
1.0
 70
     8
 71
     3
 72
     8
 73
     4
 74
     0
 42
0.000000001
 43
0.0000000001
 40
0.0
 40
0.0
 40
0.0
 40
0.0
 40
1.0
 40
1.0
 40
1.0
 40
1.0
 10
50.51584213735228
 20
145.4675305960892
 30
0.0
 10
50.73864506741827
 20
145.4675305960802
 30
0.0
 10
50.91926252898625
 20
145.6481480576312
 30
0.0
 10
50.91926252899725
 20
145.8709509876962
 30
0.0
  0
LINE
  5
282
330
1F
100
AcDbEntity
  8
0
100
AcDbLine
 10
50.91926252899725
 20
145.8709509876962
 30
0.0
 11
50.91926252958927
 21
159.0641102009452
 31
0.0
  0
SPLINE
  5
283
330
1F
100
AcDbEntity
  8
0
100
AcDbSpline
210
0.0
220
0.0
230
1.0
 70
     8
 71
     3
 72
     8
 73
     4
 74
     0
 42
0.000000001
 43
0.0000000001
 40
2.0
 40
2.0
 40
2.0
 40
2.0
 40
3.0
 40
3.0
 40
3.0
 40
3.0
 10
50.91926252958927
 20
159.0641102009452
 30
0.0
 10
50.91926252959925
 20
159.2869131310102
 30
0.0
 10
50.73864506804728
 20
159.4675305925782
 30
0.0
 10
50.51584213798228
 20
159.4675305925882
 30
0.0
  0
LINE
  5
284
330
1F
100
AcDbEntity
  8
0
100
AcDbLine
 10
50.51584213798228
 20
159.4675305925882
 30
0.0
 11
37.41926253310825
 21
159.4675305931762
 31
0.0
  0
SPLINE
  5
285
330
1F
100
AcDbEntity
  8
0
100
AcDbSpline
210
0.0
220
0.0
230
1.0
 70
     8
 71
     3
 72
     8
 73
     4
 74
     0
 42
0.000000001
 43
0.0000000001
 40
4.0
 40
4.0
 40
4.0
 40
4.0
 40
5.0
 40
5.0
 40
5.0
 40
5.0
 10
37.41926253310825
 20
159.4675305931762
 30
0.0
 10
37.14312015819326
 20
159.4675305931892
 30
0.0
 10
36.91926253309726
 20
159.2436729681142
 30
0.0
 10
36.91926253308526
 20
158.9675305931992
 30
0.0
  0
LINE
  5
286
330
1F
100
AcDbEntity
  8
0
100
AcDbLine
 10
36.91926253308526
 20
158.9675305931992
 30
0.0
 11
36.91926253249727
 21
145.8709509883252
 31
0.0
  0
SPLINE
  5
287
330
1F
100
AcDbEntity
  8
0
100
AcDbSpline
210
0.0
220
0.0
230
1.0
 70
     8
 71
     3
 72
     8
 73
     4
 74
     0
 42
0.000000001
 43
0.0000000001
 40
-10.0
 40
-10.0
 40
-10.0
 40
-10.0
 40
-9.0
 40
-9.0
 40
-9.0
 40
-9.0
 10
242.8184534945299
 20
158.7047406609302
 30
0.0
 10
242.8184534944419
 20
158.9808830357522
 30
0.0
 10
242.5945958694309
 20
159.2047406607262
 30
0.0
 10
242.3184534946098
 20
159.2047406607712
 30
0.0
  0
LINE
  5
288
330
1F
100
AcDbEntity
  8
0
100
AcDbLine
 10
242.3184534946099
 20
159.2047406607712
 30
0.0
 11
236.0514535138739
 21
159.2047406617782
 31
0.0
  0
SPLINE
  5
289
330
1F
100
AcDbEntity
  8
0
100
AcDbSpline
210
0.0
220
0.0
230
1.0
 70
     8
 71
     3
 72
     8
 73
     4
 74
     0
 42
0.000000001
 43
0.0000000001
 40
-8.0
 40
-8.0
 40
-8.0
 40
-8.0
 40
-7.0
 40
-7.0
 40
-7.0
 40
-7.0
 10
236.0514535138739
 20
159.2047406617782
 30
0.0
 10
235.7753111391458
 20
159.2047406618222
 30
0.0
 10
235.5514535141029
 20
158.9808830370652
 30
0.0
 10
235.5514535137939
 20
158.7047406623372
 30
0.0
  0
LINE
  5
290
330
1F
100
AcDbEntity
  8
0
100
AcDbLine
 10
235.5514535137939
 20
158.7047406623372
 30
0.0
 11
235.5514534998278
 21
146.2303203325572
 31
0.0
  0
SPLINE
  5
291
330
1F
100
AcDbEntity
  8
0
100
AcDbSpline
210
0.0
220
0.0
230
1.0
 70
     8
 71
     3
 72
     8
 73
     4
 74
     0
 42
0.000000001
 43
0.0000000001
 40
-5.0
 40
-5.0
 40
-5.0
 40
-5.0
 40
-4.0
 40
-4.0
 40
-4.0
 40
-4.0
 10
235.5514534998278
 20
146.2303203325572
 30
0.0
 10
235.5514534996239
 20
145.9541779576412
 30
0.0
 10
235.7753111245439
 20
145.7303203323922
 30
0.0
 10
236.0514534994589
 20
145.7303203321882
 30
0.0
  0
LINE
  5
292
330
1F
100
AcDbEntity
  8
0
100
AcDbLine
 10
236.0514534994589
 20
145.7303203321882
 30
0.0
 11
242.3184534986448
 21
145.7303203275542
 31
0.0
  0
SPLINE
  5
293
330
1F
100
AcDbEntity
  8
0
100
AcDbSpline
210
0.0
220
0.0
230
1.0
 70
     8
 71
     3
 72
     8
 73
     4
 74
     0
 42
0.000000001
 43
0.0000000001
 40
-2.0
 40
-2.0
 40
-2.0
 40
-2.0
 40
-1.0
 40
-1.0
 40
-1.0
 40
-1.0
 10
242.3184534986448
 20
145.7303203275542
 30
0.0
 10
242.5945958735598
 20
145.7303203276422
 30
0.0
 10
242.8184534985739
 20
145.9541779527982
 30
0.0
 10
242.8184534984858
 20
146.2303203277132
 30
0.0
  0
LINE
  5
294
330
1F
100
AcDbEntity
  8
0
100
AcDbLine
 10
242.8184534984858
 20
146.2303203277132
 30
0.0
 11
242.8184534945299
 21
158.7047406609302
 31
0.0
  0
SPLINE
  5
295
330
1F
100
AcDbEntity
  8
0
100
AcDbSpline
210
0.0
220
0.0
230
1.0
 70
     8
 71
     3
 72
     8
 73
     4
 74
     0
 42
0.000000001
 43
0.0000000001
 40
-9.0
 40
-9.0
 40
-9.0
 40
-9.0
 40
-8.0
 40
-8.0
 40
-8.0
 40
-8.0
 10
157.101358061652
 20
158.7045963026432
 30
0.0
 10
157.101358061751
 20
158.9808184276962
 30
0.0
 10
156.8774357865341
 20
159.2047407031453
 30
0.0
 10
156.6012136614818
 20
159.2047407033343
 30
0.0
  0
LINE
  5
296
330
1F
100
AcDbEntity
  8
0
100
AcDbLine
 10
156.6012136614818
 20
159.2047407033343
 30
0.0
 11
150.3275024672131
 21
159.2047407076382
 31
0.0
  0
SPLINE
  5
297
330
1F
100
AcDbEntity
  8
0
100
AcDbSpline
210
0.0
220
0.0
230
1.0
 70
     8
 71
     3
 72
     8
 73
     4
 74
     0
 42
0.000000001
 43
0.0000000001
 40
-7.0
 40
-7.0
 40
-7.0
 40
-7.0
 40
-6.0
 40
-6.0
 40
-6.0
 40
-6.0
 10
150.3275024672131
 20
159.2047407076382
 30
0.0
 10
150.051280342089
 20
159.2047407078252
 30
0.0
 10
149.8273580665423
 20
158.9808184325782
 30
0.0
 10
149.8273580663569
 20
158.7045963074613
 30
0.0
  0
LINE
  5
298
330
1F
100
AcDbEntity
  8
0
100
AcDbLine
 10
149.8273580663569
 20
158.7045963074613
 30
0.0
 11
149.8273580579988
 21
146.2304647785442
 31
0.0
  0
SPLINE
  5
299
330
1F
100
AcDbEntity
  8
0
100
AcDbSpline
210
0.0
220
0.0
230
1.0
 70
     8
 71
     3
 72
     8
 73
     4
 74
     0
 42
0.000000001
 43
0.0000000001
 40
-5.0
 40
-5.0
 40
-5.0
 40
-5.0
 40
-4.0
 40
-4.0
 40
-4.0
 40
-4.0
 10
149.8273580579988
 20
146.2304647785442
 30
0.0
 10
149.8273580578127
 20
145.9542426534422
 30
0.0
 10
150.0512803330384
 20
145.7303203779012
 30
0.0
 10
150.3275024581415
 20
145.7303203776972
 30
0.0
  0
LINE
  5
300
330
1F
100
AcDbEntity
  8
0
100
AcDbLine
 10
150.3275024581415
 20
145.7303203776972
 30
0.0
 11
156.601213656524
 21
145.7303203730572
 31
0.0
  0
SPLINE
  5
301
330
1F
100
AcDbEntity
  8
0
100
AcDbSpline
210
0.0
220
0.0
230
1.0
 70
     8
 71
     3
 72
     8
 73
     4
 74
     0
 42
0.000000001
 43
0.0000000001
 40
-2.0
 40
-2.0
 40
-2.0
 40
-2.0
 40
-1.0
 40
-1.0
 40
-1.0
 40
-1.0
 10
156.601213656524
 20
145.7303203730572
 30
0.0
 10
156.8774357816418
 20
145.7303203729592
 30
0.0
 10
157.1013580571178
 20
145.9542426482752
 30
0.0
 10
157.1013580572166
 20
146.2304647733932
 30
0.0
  0
LINE
  5
302
330
1F
100
AcDbEntity
  8
0
100
AcDbLine
 10
157.1013580572166
 20
146.2304647733932
 30
0.0
 11
157.101358061652
 21
158.7045963026432
 31
0.0
  0
SPLINE
  5
303
330
1F
100
AcDbEntity
  8
0
100
AcDbSpline
210
0.0
220
0.0
230
1.0
 70
     8
 71
     3
 72
     8
 73
     4
 74
     0
 42
0.000000001
 43
0.0000000001
 40
-10.0
 40
-10.0
 40
-10.0
 40
-10.0
 40
-9.0
 40
-9.0
 40
-9.0
 40
-9.0
 10
71.37692574401727
 20
158.7045963422212
 30
0.0
 10
71.37692574407225
 20
158.9808184672422
 30
0.0
 10
71.15300346886826
 20
159.2047407426442
 30
0.0
 10
70.87678134384626
 20
159.2047407428342
 30
0.0
  0
LINE
  5
304
330
1F
100
AcDbEntity
  8
0
100
AcDbLine
 10
70.87678134384626
 20
159.2047407428342
 30
0.0
 11
55.06907015479427
 21
159.2047407536792
 31
0.0
  0
SPLINE
  5
305
330
1F
100
AcDbEntity
  8
0
100
AcDbSpline
210
0.0
220
0.0
230
1.0
 70
     8
 71
     3
 72
     8
 73
     4
 74
     0
 42
0.000000001
 43
0.0000000001
 40
-8.0
 40
-8.0
 40
-8.0
 40
-8.0
 40
-7.0
 40
-7.0
 40
-7.0
 40
-7.0
 10
55.06907015479427
 20
159.2047407536792
 30
0.0
 10
54.79284802972228
 20
159.2047407538682
 30
0.0
 10
54.56892575419127
 20
158.9808184786962
 30
0.0
 10
54.56892575393826
 20
158.7045963536252
 30
0.0
  0
LINE
  5
306
330
1F
100
AcDbEntity
  8
0
100
AcDbLine
 10
54.56892575393826
 20
158.7045963536252
 30
0.0
 11
54.56892574251026
 21
146.2304648244912
 31
0.0
  0
SPLINE
  5
307
330
1F
100
AcDbEntity
  8
0
100
AcDbSpline
210
0.0
220
0.0
230
1.0
 70
     8
 71
     3
 72
     8
 73
     4
 74
     0
 42
0.000000001
 43
0.0000000001
 40
-5.0
 40
-5.0
 40
-5.0
 40
-5.0
 40
-4.0
 40
-4.0
 40
-4.0
 40
-4.0
 10
54.56892574251026
 20
146.2304648244912
 30
0.0
 10
54.56892574230628
 20
145.9542426993752
 30
0.0
 10
54.79284801753727
 20
145.7303204238122
 30
0.0
 10
55.06907014265528
 20
145.7303204236092
 30
0.0
  0
LINE
  5
308
330
1F
100
AcDbEntity
  8
0
100
AcDbLine
 10
55.06907014265528
 20
145.7303204236092
 30
0.0
 11
70.87678134091326
 21
145.7303204119252
 31
0.0
  0
SPLINE
  5
309
330
1F
100
AcDbEntity
  8
0
100
AcDbSpline
210
0.0
220
0.0
230
1.0
 70
     8
 71
     3
 72
     8
 73
     4
 74
     0
 42
0.000000001
 43
0.0000000001
 40
-2.0
 40
-2.0
 40
-2.0
 40
-2.0
 40
-1.0
 40
-1.0
 40
-1.0
 40
-1.0
 10
70.87678134091326
 20
145.7303204119252
 30
0.0
 10
71.15300346603027
 20
145.7303204118702
 30
0.0
 10
71.37692574147127
 20
145.9542426872212
 30
0.0
 10
71.37692574152726
 20
146.2304648123372
 30
0.0
  0
LINE
  5
310
330
1F
100
AcDbEntity
  8
0
100
AcDbLine
 10
71.37692574152726
 20
146.2304648123372
 30
0.0
 11
71.37692574401727
 21
158.7045963422212
 31
0.0
  0
SPLINE
  5
311
330
1F
100
AcDbEntity
  8
0
100
AcDbSpline
210
0.0
220
0.0
230
1.0
 70
     8
 71
     3
 72
     8
 73
     4
 74
     0
 42
0.000000001
 43
0.0000000001
 40
-9.0
 40
-9.0
 40
-9.0
 40
-9.0
 40
-8.0
 40
-8.0
 40
-8.0
 40
-8.0
 10
141.926932126904
 20
139.8112805241522
 30
0.0
 10
141.9269321267551
 20
139.5351381493072
 30
0.0
 10
142.15078975166
 20
139.3112805241592
 30
0.0
 10
142.4269321265046
 20
139.3112805240082
 30
0.0
  0
LINE
  5
312
330
1F
100
AcDbEntity
  8
0
100
AcDbLine
 10
142.4269321265046
 20
139.3112805240082
 30
0.0
 11
212.0318972526781
 21
139.3112805064292
 31
0.0
  0
SPLINE
  5
313
330
1F
100
AcDbEntity
  8
0
100
AcDbSpline
210
0.0
220
0.0
230
1.0
 70
     8
 71
     3
 72
     8
 73
     4
 74
     0
 42
0.000000001
 43
0.0000000001
 40
15.0
 40
15.0
 40
15.0
 40
15.0
 40
16.0
 40
16.0
 40
16.0
 40
16.0
 10
212.0318972526781
 20
139.3112805064292
 30
0.0
 10
212.3080396275112
 20
139.3112805062762
 30
0.0
 10
212.5318972526553
 20
139.5351381311612
 30
0.0
 10
212.5318972528274
 20
139.8112805059922
 30
0.0
  0
LINE
  5
314
330
1F
100
AcDbEntity
  8
0
100
AcDbLine
 10
212.5318972528274
 20
139.8112805059922
 30
0.0
 11
212.5318972537605
 21
141.3112805049212
 31
0.0
  0
SPLINE
  5
315
330
1F
100
AcDbEntity
  8
0
100
AcDbSpline
210
0.0
220
0.0
230
1.0
 70
     8
 71
     3
 72
     8
 73
     4
 74
     0
 42
0.000000001
 43
0.0000000001
 40
-13.0
 40
-13.0
 40
-13.0
 40
-13.0
 40
-12.0
 40
-12.0
 40
-12.0
 40
-12.0
 10
212.5318972537605
 20
141.3112805049212
 30
0.0
 10
212.5318972539337
 20
141.5874228797772
 30
0.0
 10
212.3080396290269
 20
141.8112805049492
 30
0.0
 10
212.0318972541708
 20
141.8112805051062
 30
0.0
  0
LINE
  5
316
330
1F
100
AcDbEntity
  8
0
100
AcDbLine
 10
212.0318972541708
 20
141.8112805051062
 30
0.0
 11
142.4269321278733
 21
141.8112805233732
 31
0.0
  0
SPLINE
  5
317
330
1F
100
AcDbEntity
  8
0
100
AcDbSpline
210
0.0
220
0.0
230
1.0
 70
     8
 71
     3
 72
     8
 73
     4
 74
     0
 42
0.000000001
 43
0.0000000001
 40
-11.0
 40
-11.0
 40
-11.0
 40
-11.0
 40
-10.0
 40
-10.0
 40
-10.0
 40
-10.0
 10
142.4269321278733
 20
141.8112805233732
 30
0.0
 10
142.150789753021
 20
141.8112805235302
 30
0.0
 10
141.9269321278627
 20
141.5874228986192
 30
0.0
 10
141.9269321277132
 20
141.3112805237672
 30
0.0
  0
LINE
  5
318
330
1F
100
AcDbEntity
  8
0
100
AcDbLine
 10
141.9269321277132
 20
141.3112805237672
 30
0.0
 11
141.926932126904
 21
139.8112805241522
 31
0.0
  0
SPLINE
  5
319
330
1F
100
AcDbEntity
  8
0
100
AcDbSpline
210
0.0
220
0.0
230
1.0
 70
     8
 71
     3
 72
     8
 73
     4
 74
     0
 42
0.000000001
 43
0.0000000001
 40
-9.0
 40
-9.0
 40
-9.0
 40
-9.0
 40
-8.0
 40
-8.0
 40
-8.0
 40
-8.0
 10
321.7756069394163
 20
159.2047406044662
 30
0.0
 10
321.4994645646843
 20
159.2047406046552
 30
0.0
 10
321.2756069395473
 20
158.9808829799583
 30
0.0
 10
321.2756069391982
 20
158.7047406052262
 30
0.0
  0
LINE
  5
320
330
1F
100
AcDbEntity
  8
0
100
AcDbLine
 10
321.2756069391982
 20
158.7047406052262
 30
0.0
 11
321.2756069233633
 21
145.0612584614692
 31
0.0
  0
SPLINE
  5
321
330
1F
100
AcDbEntity
  8
0
100
AcDbSpline
210
0.0
220
0.0
230
1.0
 70
     8
 71
     3
 72
     8
 73
     4
 74
     0
 42
0.000000001
 43
0.0000000001
 40
15.0
 40
15.0
 40
15.0
 40
15.0
 40
16.0
 40
16.0
 40
16.0
 40
16.0
 10
321.2756069233633
 20
145.0612584614692
 30
0.0
 10
321.2756069230123
 20
144.7851160865192
 30
0.0
 10
321.4994645479182
 20
144.5612584611632
 30
0.0
 10
321.7756069228693
 20
144.5612584609592
 30
0.0
  0
LINE
  5
322
330
1F
100
AcDbEntity
  8
0
100
AcDbLine
 10
321.7756069228693
 20
144.5612584609592
 30
0.0
 11
323.2756069215462
 21
144.5612584598492
 31
0.0
  0
SPLINE
  5
323
330
1F
100
AcDbEntity
  8
0
100
AcDbSpline
210
0.0
220
0.0
230
1.0
 70
     8
 71
     3
 72
     8
 73
     4
 74
     0
 42
0.000000001
 43
0.0000000001
 40
-13.0
 40
-13.0
 40
-13.0
 40
-13.0
 40
-12.0
 40
-12.0
 40
-12.0
 40
-12.0
 10
323.2756069215462
 20
144.5612584598492
 30
0.0
 10
323.5517492966583
 20
144.5612584596462
 30
0.0
 10
323.7756069219632
 20
144.7851160849252
 30
0.0
 10
323.7756069217913
 20
145.0612584600382
 30
0.0
  0
LINE
  5
324
330
1F
100
AcDbEntity
  8
0
100
AcDbLine
 10
323.7756069217913
 20
145.0612584600382
 30
0.0
 11
323.7756069139813
 21
158.7047406038742
 31
0.0
  0
SPLINE
  5
325
330
1F
100
AcDbEntity
  8
0
100
AcDbSpline
210
0.0
220
0.0
230
1.0
 70
     8
 71
     3
 72
     8
 73
     4
 74
     0
 42
0.000000001
 43
0.0000000001
 40
-11.0
 40
-11.0
 40
-11.0
 40
-11.0
 40
-10.0
 40
-10.0
 40
-10.0
 40
-10.0
 10
323.7756069139813
 20
158.7047406038742
 30
0.0
 10
323.7756069138072
 20
158.9808829784652
 30
0.0
 10
323.5517492890383
 20
159.2047406032472
 30
0.0
 10
323.2756069144482
 20
159.2047406034372
 30
0.0
  0
LINE
  5
326
330
1F
100
AcDbEntity
  8
0
100
AcDbLine
 10
323.2756069144482
 20
159.2047406034372
 30
0.0
 11
321.7756069394163
 21
159.2047406044662
 31
0.0
  0
SPLINE
  5
327
330
1F
100
AcDbEntity
  8
0
100
AcDbSpline
210
0.0
220
0.0
230
1.0
 70
     8
 71
     3
 72
     8
 73
     4
 74
     0
 42
0.000000001
 43
0.0000000001
 40
-9.0
 40
-9.0
 40
-9.0
 40
-9.0
 40
-8.0
 40
-8.0
 40
-8.0
 40
-8.0
 10
321.7756069394163
 20
136.5613025699522
 30
0.0
 10
321.4994645646843
 20
136.5613025701412
 30
0.0
 10
321.2756069395473
 20
136.3374449454442
 30
0.0
 10
321.2756069391982
 20
136.0613025707112
 30
0.0
  0
LINE
  5
328
330
1F
100
AcDbEntity
  8
0
100
AcDbLine
 10
321.2756069391982
 20
136.0613025707112
 30
0.0
 11
321.2756069233633
 21
105.5799884875316
 31
0.0
  0
SPLINE
  5
329
330
1F
100
AcDbEntity
  8
0
100
AcDbSpline
210
0.0
220
0.0
230
1.0
 70
     8
 71
     3
 72
     8
 73
     4
 74
     0
 42
0.000000001
 43
0.0000000001
 40
15.0
 40
15.0
 40
15.0
 40
15.0
 40
16.0
 40
16.0
 40
16.0
 40
16.0
 10
321.2756069233633
 20
105.5799884875316
 30
0.0
 10
321.2756069230123
 20
105.303846112583
 30
0.0
 10
321.4994645479182
 20
105.0799884872259
 30
0.0
 10
321.7756069228693
 20
105.0799884870218
 30
0.0
  0
LINE
  5
330
330
1F
100
AcDbEntity
  8
0
100
AcDbLine
 10
321.7756069228693
 20
105.0799884870218
 30
0.0
 11
323.2756069215462
 21
105.0799884859129
 31
0.0
  0
SPLINE
  5
331
330
1F
100
AcDbEntity
  8
0
100
AcDbSpline
210
0.0
220
0.0
230
1.0
 70
     8
 71
     3
 72
     8
 73
     4
 74
     0
 42
0.000000001
 43
0.0000000001
 40
-13.0
 40
-13.0
 40
-13.0
 40
-13.0
 40
-12.0
 40
-12.0
 40
-12.0
 40
-12.0
 10
323.2756069215462
 20
105.0799884859129
 30
0.0
 10
323.5517492966583
 20
105.0799884857089
 30
0.0
 10
323.7756069219632
 20
105.3038461109879
 30
0.0
 10
323.7756069217913
 20
105.5799884861019
 30
0.0
  0
LINE
  5
332
330
1F
100
AcDbEntity
  8
0
100
AcDbLine
 10
323.7756069217913
 20
105.5799884861019
 30
0.0
 11
323.7756069139813
 21
136.0613025693602
 31
0.0
  0
SPLINE
  5
333
330
1F
100
AcDbEntity
  8
0
100
AcDbSpline
210
0.0
220
0.0
230
1.0
 70
     8
 71
     3
 72
     8
 73
     4
 74
     0
 42
0.000000001
 43
0.0000000001
 40
-11.0
 40
-11.0
 40
-11.0
 40
-11.0
 40
-10.0
 40
-10.0
 40
-10.0
 40
-10.0
 10
323.7756069139813
 20
136.0613025693602
 30
0.0
 10
323.7756069138072
 20
136.3374449439502
 30
0.0
 10
323.5517492890383
 20
136.5613025687332
 30
0.0
 10
323.2756069144482
 20
136.5613025689232
 30
0.0
  0
LINE
  5
334
330
1F
100
AcDbEntity
  8
0
100
AcDbLine
 10
323.2756069144482
 20
136.5613025689232
 30
0.0
 11
321.7756069394163
 21
136.5613025699522
 31
0.0
  0
SPLINE
  5
335
330
1F
100
AcDbEntity
  8
0
100
AcDbSpline
210
0.0
220
0.0
230
1.0
 70
     8
 71
     3
 72
     8
 73
     4
 74
     0
 42
0.000000001
 43
0.0000000001
 40
-9.0
 40
-9.0
 40
-9.0
 40
-9.0
 40
-8.0
 40
-8.0
 40
-8.0
 40
-8.0
 10
321.7756069394163
 20
95.08003269941786
 30
0.0
 10
321.4994645646843
 20
95.08003269960781
 30
0.0
 10
321.2756069395473
 20
94.85617507491019
 30
0.0
 10
321.2756069391982
 20
94.5800327001773
 30
0.0
  0
LINE
  5
336
330
1F
100
AcDbEntity
  8
0
100
AcDbLine
 10
321.2756069391982
 20
94.5800327001773
 30
0.0
 11
321.2756069233633
 21
45.70503059398521
 31
0.0
  0
SPLINE
  5
337
330
1F
100
AcDbEntity
  8
0
100
AcDbSpline
210
0.0
220
0.0
230
1.0
 70
     8
 71
     3
 72
     8
 73
     4
 74
     0
 42
0.000000001
 43
0.0000000001
 40
15.0
 40
15.0
 40
15.0
 40
15.0
 40
16.0
 40
16.0
 40
16.0
 40
16.0
 10
321.2756069233633
 20
45.70503059398521
 30
0.0
 10
321.2756069230123
 20
45.42888821903619
 30
0.0
 10
321.4994645479182
 20
45.20503059367917
 30
0.0
 10
321.7756069228693
 20
45.20503059347515
 30
0.0
  0
LINE
  5
338
330
1F
100
AcDbEntity
  8
0
100
AcDbLine
 10
321.7756069228693
 20
45.20503059347515
 30
0.0
 11
323.2756069215462
 21
45.20503059236619
 31
0.0
  0
SPLINE
  5
339
330
1F
100
AcDbEntity
  8
0
100
AcDbSpline
210
0.0
220
0.0
230
1.0
 70
     8
 71
     3
 72
     8
 73
     4
 74
     0
 42
0.000000001
 43
0.0000000001
 40
-13.0
 40
-13.0
 40
-13.0
 40
-13.0
 40
-12.0
 40
-12.0
 40
-12.0
 40
-12.0
 10
323.2756069215462
 20
45.20503059236619
 30
0.0
 10
323.5517492966583
 20
45.20503059216219
 30
0.0
 10
323.7756069219632
 20
45.42888821744123
 30
0.0
 10
323.7756069217913
 20
45.7050305925552
 30
0.0
  0
LINE
  5
340
330
1F
100
AcDbEntity
  8
0
100
AcDbLine
 10
323.7756069217913
 20
45.7050305925552
 30
0.0
 11
323.7756069139813
 21
94.58003269882722
 31
0.0
  0
SPLINE
  5
341
330
1F
100
AcDbEntity
  8
0
100
AcDbSpline
210
0.0
220
0.0
230
1.0
 70
     8
 71
     3
 72
     8
 73
     4
 74
     0
 42
0.000000001
 43
0.0000000001
 40
-11.0
 40
-11.0
 40
-11.0
 40
-11.0
 40
-10.0
 40
-10.0
 40
-10.0
 40
-10.0
 10
323.7756069139813
 20
94.58003269882722
 30
0.0
 10
323.7756069138072
 20
94.85617507341757
 30
0.0
 10
323.5517492890383
 20
95.08003269819857
 30
0.0
 10
323.2756069144482
 20
95.08003269838857
 30
0.0
  0
LINE
  5
342
330
1F
100
AcDbEntity
  8
0
100
AcDbLine
 10
323.2756069144482
 20
95.08003269838857
 30
0.0
 11
321.7756069394163
 21
95.08003269941786
 31
0.0
  0
SPLINE
  5
343
330
1F
100
AcDbEntity
  8
0
100
AcDbSpline
210
0.0
220
0.0
230
1.0
 70
     8
 71
     3
 72
     8
 73
     4
 74
     0
 42
0.000000001
 43
0.0000000001
 40
-9.0
 40
-9.0
 40
-9.0
 40
-9.0
 40
-8.0
 40
-8.0
 40
-8.0
 40
-8.0
 10
222.5318530414515
 20
139.8112804815212
 30
0.0
 10
222.5318530413026
 20
139.5351381066752
 30
0.0
 10
222.7557106662082
 20
139.3112804815272
 30
0.0
 10
223.0318530410527
 20
139.3112804813772
 30
0.0
  0
LINE
  5
344
330
1F
100
AcDbEntity
  8
0
100
AcDbLine
 10
223.0318530410527
 20
139.3112804813772
 30
0.0
 11
299.0318972526783
 21
139.3112804637971
 31
0.0
  0
SPLINE
  5
345
330
1F
100
AcDbEntity
  8
0
100
AcDbSpline
210
0.0
220
0.0
230
1.0
 70
     8
 71
     3
 72
     8
 73
     4
 74
     0
 42
0.000000001
 43
0.0000000001
 40
15.0
 40
15.0
 40
15.0
 40
15.0
 40
16.0
 40
16.0
 40
16.0
 40
16.0
 10
299.0318972526783
 20
139.3112804637971
 30
0.0
 10
299.3080396275102
 20
139.3112804636462
 30
0.0
 10
299.5318972526553
 20
139.5351380885282
 30
0.0
 10
299.5318972528273
 20
139.8112804633612
 30
0.0
  0
LINE
  5
346
330
1F
100
AcDbEntity
  8
0
100
AcDbLine
 10
299.5318972528273
 20
139.8112804633612
 30
0.0
 11
299.5318972537603
 21
141.3112804622892
 31
0.0
  0
SPLINE
  5
347
330
1F
100
AcDbEntity
  8
0
100
AcDbSpline
210
0.0
220
0.0
230
1.0
 70
     8
 71
     3
 72
     8
 73
     4
 74
     0
 42
0.000000001
 43
0.0000000001
 40
-13.0
 40
-13.0
 40
-13.0
 40
-13.0
 40
-12.0
 40
-12.0
 40
-12.0
 40
-12.0
 10
299.5318972537603
 20
141.3112804622892
 30
0.0
 10
299.5318972539313
 20
141.5874228371452
 30
0.0
 10
299.3080396290272
 20
141.8112804623182
 30
0.0
 10
299.0318972541702
 20
141.8112804624762
 30
0.0
  0
LINE
  5
348
330
1F
100
AcDbEntity
  8
0
100
AcDbLine
 10
299.0318972541702
 20
141.8112804624762
 30
0.0
 11
223.0318530424222
 21
141.8112804807412
 31
0.0
  0
SPLINE
  5
349
330
1F
100
AcDbEntity
  8
0
100
AcDbSpline
210
0.0
220
0.0
230
1.0
 70
     8
 71
     3
 72
     8
 73
     4
 74
     0
 42
0.000000001
 43
0.0000000001
 40
-11.0
 40
-11.0
 40
-11.0
 40
-11.0
 40
-10.0
 40
-10.0
 40
-10.0
 40
-10.0
 10
223.0318530424222
 20
141.8112804807412
 30
0.0
 10
222.7557106675699
 20
141.8112804808982
 30
0.0
 10
222.5318530424102
 20
141.5874228559882
 30
0.0
 10
222.5318530422615
 20
141.3112804811362
 30
0.0
  0
LINE
  5
350
330
1F
100
AcDbEntity
  8
0
100
AcDbLine
 10
222.5318530422615
 20
141.3112804811362
 30
0.0
 11
222.5318530414515
 21
139.8112804815212
 31
0.0
  0
SPLINE
  5
351
330
1F
100
AcDbEntity
  8
0
100
AcDbSpline
210
0.0
220
0.0
230
1.0
 70
     8
 71
     3
 72
     8
 73
     4
 74
     0
 42
0.000000001
 43
0.0000000001
 40
-9.0
 40
-9.0
 40
-9.0
 40
-9.0
 40
-8.0
 40
-8.0
 40
-8.0
 40
-8.0
 10
326.3958884741872
 20
139.8112804815212
 30
0.0
 10
326.3958884740383
 20
139.5351381066752
 30
0.0
 10
326.6197460989442
 20
139.3112804815272
 30
0.0
 10
326.8958884737882
 20
139.3112804813772
 30
0.0
  0
LINE
  5
352
330
1F
100
AcDbEntity
  8
0
100
AcDbLine
 10
326.8958884737882
 20
139.3112804813772
 30
0.0
 11
357.5067752526793
 21
139.3112804637971
 31
0.0
  0
SPLINE
  5
353
330
1F
100
AcDbEntity
  8
0
100
AcDbSpline
210
0.0
220
0.0
230
1.0
 70
     8
 71
     3
 72
     8
 73
     4
 74
     0
 42
0.000000001
 43
0.0000000001
 40
15.0
 40
15.0
 40
15.0
 40
15.0
 40
16.0
 40
16.0
 40
16.0
 40
16.0
 10
357.5067752526793
 20
139.3112804637971
 30
0.0
 10
357.7829176275113
 20
139.3112804636462
 30
0.0
 10
358.0067752526563
 20
139.5351380885282
 30
0.0
 10
358.0067752528283
 20
139.8112804633612
 30
0.0
  0
LINE
  5
354
330
1F
100
AcDbEntity
  8
0
100
AcDbLine
 10
358.0067752528283
 20
139.8112804633612
 30
0.0
 11
358.0067752537612
 21
141.3112804622892
 31
0.0
  0
SPLINE
  5
355
330
1F
100
AcDbEntity
  8
0
100
AcDbSpline
210
0.0
220
0.0
230
1.0
 70
     8
 71
     3
 72
     8
 73
     4
 74
     0
 42
0.000000001
 43
0.0000000001
 40
-13.0
 40
-13.0
 40
-13.0
 40
-13.0
 40
-12.0
 40
-12.0
 40
-12.0
 40
-12.0
 10
358.0067752537612
 20
141.3112804622892
 30
0.0
 10
358.0067752539322
 20
141.5874228371452
 30
0.0
 10
357.7829176290283
 20
141.8112804623182
 30
0.0
 10
357.5067752541703
 20
141.8112804624762
 30
0.0
  0
LINE
  5
356
330
1F
100
AcDbEntity
  8
0
100
AcDbLine
 10
357.5067752541703
 20
141.8112804624762
 30
0.0
 11
326.8958884751583
 21
141.8112804807412
 31
0.0
  0
SPLINE
  5
357
330
1F
100
AcDbEntity
  8
0
100
AcDbSpline
210
0.0
220
0.0
230
1.0
 70
     8
 71
     3
 72
     8
 73
     4
 74
     0
 42
0.000000001
 43
0.0000000001
 40
-11.0
 40
-11.0
 40
-11.0
 40
-11.0
 40
-10.0
 40
-10.0
 40
-10.0
 40
-10.0
 10
326.8958884751583
 20
141.8112804807412
 30
0.0
 10
326.6197461003053
 20
141.8112804808982
 30
0.0
 10
326.3958884751453
 20
141.5874228559882
 30
0.0
 10
326.3958884749962
 20
141.3112804811362
 30
0.0
  0
LINE
  5
358
330
1F
100
AcDbEntity
  8
0
100
AcDbLine
 10
326.3958884749962
 20
141.3112804811362
 30
0.0
 11
326.3958884741872
 21
139.8112804815212
 31
0.0
  0
SPLINE
  5
359
330
1F
100
AcDbEntity
  8
0
100
AcDbSpline
210
0.0
220
0.0
230
1.0
 70
     8
 71
     3
 72
     8
 73
     4
 74
     0
 42
0.000000001
 43
0.0000000001
 40
-9.0
 40
-9.0
 40
-9.0
 40
-9.0
 40
-8.0
 40
-8.0
 40
-8.0
 40
-8.0
 10
309.5318530414523
 20
139.8112804815212
 30
0.0
 10
309.5318530413033
 20
139.5351381066752
 30
0.0
 10
309.7557106662082
 20
139.3112804815272
 30
0.0
 10
310.0318530410533
 20
139.3112804813772
 30
0.0
  0
LINE
  5
360
330
1F
100
AcDbEntity
  8
0
100
AcDbLine
 10
310.0318530410533
 20
139.3112804813772
 30
0.0
 11
317.8959326860372
 21
139.3112804637971
 31
0.0
  0
SPLINE
  5
361
330
1F
100
AcDbEntity
  8
0
100
AcDbSpline
210
0.0
220
0.0
230
1.0
 70
     8
 71
     3
 72
     8
 73
     4
 74
     0
 42
0.000000001
 43
0.0000000001
 40
15.0
 40
15.0
 40
15.0
 40
15.0
 40
16.0
 40
16.0
 40
16.0
 40
16.0
 10
317.8959326860372
 20
139.3112804637971
 30
0.0
 10
318.1720750608692
 20
139.3112804636462
 30
0.0
 10
318.3959326860153
 20
139.5351380885282
 30
0.0
 10
318.3959326861873
 20
139.8112804633612
 30
0.0
  0
LINE
  5
362
330
1F
100
AcDbEntity
  8
0
100
AcDbLine
 10
318.3959326861873
 20
139.8112804633612
 30
0.0
 11
318.3959326871203
 21
141.3112804622892
 31
0.0
  0
SPLINE
  5
363
330
1F
100
AcDbEntity
  8
0
100
AcDbSpline
210
0.0
220
0.0
230
1.0
 70
     8
 71
     3
 72
     8
 73
     4
 74
     0
 42
0.000000001
 43
0.0000000001
 40
-13.0
 40
-13.0
 40
-13.0
 40
-13.0
 40
-12.0
 40
-12.0
 40
-12.0
 40
-12.0
 10
318.3959326871203
 20
141.3112804622892
 30
0.0
 10
318.3959326872903
 20
141.5874228371452
 30
0.0
 10
318.1720750623863
 20
141.8112804623182
 30
0.0
 10
317.8959326875292
 20
141.8112804624762
 30
0.0
  0
LINE
  5
364
330
1F
100
AcDbEntity
  8
0
100
AcDbLine
 10
317.8959326875292
 20
141.8112804624762
 30
0.0
 11
310.0318530424222
 21
141.8112804807412
 31
0.0
  0
SPLINE
  5
365
330
1F
100
AcDbEntity
  8
0
100
AcDbSpline
210
0.0
220
0.0
230
1.0
 70
     8
 71
     3
 72
     8
 73
     4
 74
     0
 42
0.000000001
 43
0.0000000001
 40
-11.0
 40
-11.0
 40
-11.0
 40
-11.0
 40
-10.0
 40
-10.0
 40
-10.0
 40
-10.0
 10
310.0318530424222
 20
141.8112804807412
 30
0.0
 10
309.7557106675703
 20
141.8112804808982
 30
0.0
 10
309.5318530424103
 20
141.5874228559882
 30
0.0
 10
309.5318530422613
 20
141.3112804811362
 30
0.0
  0
LINE
  5
366
330
1F
100
AcDbEntity
  8
0
100
AcDbLine
 10
309.5318530422613
 20
141.3112804811362
 30
0.0
 11
309.5318530414523
 21
139.8112804815212
 31
0.0
  0
SPLINE
  5
367
330
1F
100
AcDbEntity
  8
0
100
AcDbSpline
210
0.0
220
0.0
230
1.0
 70
     8
 71
     3
 72
     8
 73
     4
 74
     0
 42
0.000000001
 43
0.0000000001
 40
-9.0
 40
-9.0
 40
-9.0
 40
-9.0
 40
-8.0
 40
-8.0
 40
-8.0
 40
-8.0
 10
368.0067310414543
 20
139.8112804815212
 30
0.0
 10
368.0067310413053
 20
139.5351381066752
 30
0.0
 10
368.2305886662102
 20
139.3112804815272
 30
0.0
 10
368.5067310410552
 20
139.3112804813772
 30
0.0
  0
LINE
  5
368
330
1F
100
AcDbEntity
  8
0
100
AcDbLine
 10
368.5067310410552
 20
139.3112804813772
 30
0.0
 11
379.2821311617572
 21
139.3112804637971
 31
0.0
  0
SPLINE
  5
369
330
1F
100
AcDbEntity
  8
0
100
AcDbSpline
210
0.0
220
0.0
230
1.0
 70
     8
 71
     3
 72
     8
 73
     4
 74
     0
 42
0.000000001
 43
0.0000000001
 40
15.0
 40
15.0
 40
15.0
 40
15.0
 40
16.0
 40
16.0
 40
16.0
 40
16.0
 10
379.2821311617572
 20
139.3112804637971
 30
0.0
 10
379.5582735365893
 20
139.3112804636462
 30
0.0
 10
379.7821311617342
 20
139.5351380885282
 30
0.0
 10
379.7821311619073
 20
139.8112804633612
 30
0.0
  0
LINE
  5
370
330
1F
100
AcDbEntity
  8
0
100
AcDbLine
 10
379.7821311619073
 20
139.8112804633612
 30
0.0
 11
379.7821311628403
 21
141.3112804622892
 31
0.0
  0
SPLINE
  5
371
330
1F
100
AcDbEntity
  8
0
100
AcDbSpline
210
0.0
220
0.0
230
1.0
 70
     8
 71
     3
 72
     8
 73
     4
 74
     0
 42
0.000000001
 43
0.0000000001
 40
-13.0
 40
-13.0
 40
-13.0
 40
-13.0
 40
-12.0
 40
-12.0
 40
-12.0
 40
-12.0
 10
379.7821311628403
 20
141.3112804622892
 30
0.0
 10
379.7821311630102
 20
141.5874228371452
 30
0.0
 10
379.5582735381063
 20
141.8112804623182
 30
0.0
 10
379.2821311632493
 20
141.8112804624762
 30
0.0
  0
LINE
  5
372
330
1F
100
AcDbEntity
  8
0
100
AcDbLine
 10
379.2821311632493
 20
141.8112804624762
 30
0.0
 11
368.5067310424242
 21
141.8112804807412
 31
0.0
  0
SPLINE
  5
373
330
1F
100
AcDbEntity
  8
0
100
AcDbSpline
210
0.0
220
0.0
230
1.0
 70
     8
 71
     3
 72
     8
 73
     4
 74
     0
 42
0.000000001
 43
0.0000000001
 40
-11.0
 40
-11.0
 40
-11.0
 40
-11.0
 40
-10.0
 40
-10.0
 40
-10.0
 40
-10.0
 10
368.5067310424242
 20
141.8112804807412
 30
0.0
 10
368.2305886675723
 20
141.8112804808982
 30
0.0
 10
368.0067310424123
 20
141.5874228559882
 30
0.0
 10
368.0067310422633
 20
141.3112804811362
 30
0.0
  0
LINE
  5
374
330
1F
100
AcDbEntity
  8
0
100
AcDbLine
 10
368.0067310422631
 20
141.3112804811362
 30
0.0
 11
368.0067310414543
 21
139.8112804815212
 31
0.0
  0
SPLINE
  5
375
330
1F
100
AcDbEntity
  8
0
100
AcDbSpline
210
0.0
220
0.0
230
1.0
 70
     8
 71
     3
 72
     8
 73
     4
 74
     0
 42
0.000000001
 43
0.0000000001
 40
-13.0
 40
-13.0
 40
-13.0
 40
-13.0
 40
-12.0
 40
-12.0
 40
-12.0
 40
-12.0
 10
60.91885304145228
 20
139.8112805667832
 30
0.0
 10
60.91885304130224
 20
139.5351381919392
 30
0.0
 10
61.14271066620827
 20
139.3112805667902
 30
0.0
 10
61.41885304105227
 20
139.3112805666382
 30
0.0
  0
LINE
  5
376
330
1F
100
AcDbEntity
  8
0
100
AcDbLine
 10
61.41885304105227
 20
139.3112805666382
 30
0.0
 11
131.4188972526783
 21
139.3112805490602
 31
0.0
  0
SPLINE
  5
377
330
1F
100
AcDbEntity
  8
0
100
AcDbSpline
210
0.0
220
0.0
230
1.0
 70
     8
 71
     3
 72
     8
 73
     4
 74
     0
 42
0.000000001
 43
0.0000000001
 40
23.0
 40
23.0
 40
23.0
 40
23.0
 40
24.0
 40
24.0
 40
24.0
 40
24.0
 10
131.4188972526783
 20
139.3112805490602
 30
0.0
 10
131.69503962751
 20
139.3112805489082
 30
0.0
 10
131.9188972526555
 20
139.5351381737921
 30
0.0
 10
131.9188972528275
 20
139.8112805486242
 30
0.0
  0
LINE
  5
378
330
1F
100
AcDbEntity
  8
0
100
AcDbLine
 10
131.9188972528275
 20
139.8112805486242
 30
0.0
 11
131.9188972537606
 21
141.3112805475522
 31
0.0
  0
SPLINE
  5
379
330
1F
100
AcDbEntity
  8
0
100
AcDbSpline
210
0.0
220
0.0
230
1.0
 70
     8
 71
     3
 72
     8
 73
     4
 74
     0
 42
0.000000001
 43
0.0000000001
 40
-21.0
 40
-21.0
 40
-21.0
 40
-21.0
 40
-20.0
 40
-20.0
 40
-20.0
 40
-20.0
 10
131.9188972537606
 20
141.3112805475522
 30
0.0
 10
131.9188972539325
 20
141.5874229224092
 30
0.0
 10
131.6950396290269
 20
141.8112805475802
 30
0.0
 10
131.4188972541702
 20
141.8112805477382
 30
0.0
  0
LINE
  5
380
330
1F
100
AcDbEntity
  8
0
100
AcDbLine
 10
131.4188972541702
 20
141.8112805477382
 30
0.0
 11
61.41885304242226
 21
141.8112805660042
 31
0.0
  0
SPLINE
  5
381
330
1F
100
AcDbEntity
  8
0
100
AcDbSpline
210
0.0
220
0.0
230
1.0
 70
     8
 71
     3
 72
    89
 73
    85
 74
     0
 42
0.000000001
 43
0.0000000001
 40
-19.0
 40
-19.0
 40
-19.0
 40
-19.0
 40
-18.07015319247109
 40
-18.07015319247109
 40
-18.07015319247109
 40
-17.98763801879619
 40
-17.98763801879619
 40
-17.98763801879619
 40
-17.9617929846992
 40
-17.9617929846992
 40
-17.9617929846992
 40
-17.8776432988049
 40
-17.8776432988049
 40
-17.8776432988049
 40
-17.8419176121182
 40
-17.8419176121182
 40
-17.8419176121182
 40
-17.8307222870156
 40
-17.8307222870156
 40
-17.8307222870156
 40
-17.7826475722674
 40
-17.7826475722674
 40
-17.7826475722674
 40
-17.762619071758
 40
-17.762619071758
 40
-17.762619071758
 40
-17.75108520884266
 40
-17.75108520884266
 40
-17.75108520884266
 40
-17.5142166746744
 40
-17.5142166746744
 40
-17.5142166746744
 40
-17.4941046313438
 40
-17.4941046313438
 40
-17.4941046313438
 40
-17.1887423936884
 40
-17.1887423936884
 40
-17.1887423936884
 40
-17.0
 40
-17.0
 40
-17.0
 40
-16.31397185995847
 40
-16.31397185995847
 40
-16.31397185995847
 40
-15.9955882933252
 40
-15.9955882933252
 40
-15.9955882933252
 40
-15.9069975122327
 40
-15.9069975122327
 40
-15.9069975122327
 40
-15.8261415236806
 40
-15.8261415236806
 40
-15.8261415236806
 40
-15.8126655255885
 40
-15.8126655255885
 40
-15.8126655255885
 40
-15.7991895274965
 40
-15.7991895274965
 40
-15.7991895274965
 40
-15.781430557982
 40
-15.781430557982
 40
-15.781430557982
 40
-15.7701153186571
 40
-15.7701153186571
 40
-15.7701153186571
 40
-15.75836109706776
 40
-15.75836109706776
 40
-15.75836109706776
 40
-15.5860729184865
 40
-15.5860729184865
 40
-15.5860729184865
 40
-15.5128138036757
 40
-15.5128138036757
 40
-15.5128138036757
 40
-15.4883309382616
 40
-15.4883309382616
 40
-15.4883309382616
 40
-15.1500594248426
 40
-15.1500594248426
 40
-15.1500594248426
 40
-15.0
 40
-15.0
 40
-15.0
 40
-14.0
 40
-14.0
 40
-14.0
 40
-14.0
 10
61.41885304242226
 20
141.8112805660042
 30
0.0
 10
61.36314499585916
 20
141.8112805660349
 30
0.0
 10
61.30873549690168
 20
141.800416686079
 30
0.0
 10
61.27475838579067
 20
141.7902062399992
 30
0.0
 10
61.27174323619655
 20
141.7893001587773
 30
0.0
 10
61.26903065729218
 20
141.7884568529749
 30
0.0
 10
61.26615360828137
 20
141.7875349769027
 30
0.0
 10
61.26525247184216
 20
141.7872462309975
 30
0.0
 10
61.26430842424435
 20
141.7869408519259
 30
0.0000000000000089
 10
61.26334246366088
 20
141.7866249802343
 30
0.0000000000000089
 10
61.26019736122526
 20
141.7855965233346
 30
0.0000000000000178
 10
61.25681738645326
 20
141.7844513815674
 30
0.0
 10
61.25388076875253
 20
141.78342526316
 30
0.0
 10
61.25263402988747
 20
141.7829896253517
 30
0.0
 10
61.25146700447917
 20
141.7825761516844
 30
0.0
 10
61.25043083637146
 20
141.7822055066987
 30
0.0000000000000089
 10
61.25010613333825
 20
141.7820893580253
 30
0.0000000000000089
 10
61.24979427804849
 20
141.7819774232988
 30
0.0
 10
61.24949683872805
 20
141.7818703567102
 30
0.0
 10
61.24821958144906
 20
141.7814105937593
 30
0.0
 10
61.24646833305056
 20
141.7807701811321
 30
0.0000000000000355
 10
61.24553078651095
 20
141.7804236802849
 30
0.0
 10
61.24514019342166
 20
141.7802793238924
 30
-0.0000000000000178
 10
61.24460090790847
 20
141.7800789989851
 30
0.0
 10
61.24442045980117
 20
141.7800118197238
 30
0.0
 10
61.24431654469626
 20
141.7799731330337
 30
0.0
 10
61.24424338306204
 20
141.7799458989812
 30
0.0
 10
61.24405869086825
 20
141.7798769764112
 30
0.0
 10
61.24341131003678
 20
141.7796353898572
 30
0.0
 10
61.23673428519658
 20
141.7770884273217
 30
0.0
 10
61.23377393427706
 20
141.7759081208242
 30
0.0
 10
61.23352257667836
 20
141.7758079033111
 30
0.0
 10
61.23327528067136
 20
141.7757090717139
 30
0.0
 10
61.23302515977826
 20
141.7756088769609
 30
0.0
 10
61.22922756078034
 20
141.7740876146269
 30
0.0000000000000089
 10
61.22527733419435
 20
141.7724455259082
 30
0.0
 10
61.22173122370026
 20
141.7709228274317
 30
0.0
 10
61.21953939609224
 20
141.7699816575033
 30
0.0
 10
61.21750144708605
 20
141.7690873352127
 30
0.0
 10
61.21574410463427
 20
141.7683051735922
 30
0.0
 10
61.11652674560568
 20
141.7241453058168
 30
0.0
 10
61.03748735784626
 20
141.6439375781762
 30
0.0
 10
60.99310390286408
 20
141.5722217566438
 30
0.0
 10
60.97250567682647
 20
141.5389386626847
 30
0.0
 10
60.95886299226126
 20
141.508540070574
 30
0.0000000000000266
 10
60.94937454230404
 20
141.4830179217855
 30
0.0
 10
60.94673436460286
 20
141.4759163395014
 30
-0.0000000000000089
 10
60.94364792211286
 20
141.4671222665204
 30
0.0
 10
60.94046629937384
 20
141.4567990146482
 30
0.0
 10
60.93756246165416
 20
141.4473770779083
 30
0.0
 10
60.93458152287624
 20
141.4366803321372
 30
0.0
 10
60.93181624244465
 20
141.4248492438593
 30
0.0
 10
60.93135536237276
 20
141.4228773958131
 30
0.0
 10
60.93090049649487
 20
141.4208740940473
 30
0.0
 10
60.93045301853047
 20
141.4188400608578
 30
0.0000000000000089
 10
60.93000554056596
 20
141.4168060276682
 30
0.0000000000000178
 10
60.92954133041195
 20
141.4146032352868
 30
0.0
 10
60.92949978960786
 20
141.4144053306315
 30
0.0
 10
60.92944504621385
 20
141.4141445274823
 30
0.0
 10
60.92932095330926
 20
141.4135494555972
 30
0.0
 10
60.92929527408455
 20
141.4134258067575
 30
0.0
 10
60.92927891240487
 20
141.4133470231202
 30
0.0
 10
60.92922425541195
 20
141.4130832166543
 30
0.0
 10
60.92921322344267
 20
141.413029865402
 30
0.0
 10
60.92920176348084
 20
141.4129744443525
 30
0.0
 10
60.92919299097937
 20
141.4129324163751
 30
0.0
 10
60.92913412058226
 20
141.4126465129362
 30
0.0
 10
60.92908363235725
 20
141.4124013174245
 30
0.0
 10
60.92838391316675
 20
141.4089658142128
 30
0.0
 10
60.92789661023426
 20
141.4064366102827
 30
0.0
 10
60.92768940285785
 20
141.4053611607503
 30
0.0
 10
60.92748324749766
 20
141.4042707958242
 30
0.0000000000000089
 10
60.92729815484045
 20
141.4032755456553
 30
0.0
 10
60.92723629771004
 20
141.4029429375423
 30
0.0
 10
60.92717676989437
 20
141.4026209561822
 30
0.0
 10
60.92712025509976
 20
141.4023137182461
 30
0.0
 10
60.92633940919885
 20
141.3980687150637
 30
0.0
 10
60.92560038242684
 20
141.3937098899197
 30
0.0
 10
60.92499933673767
 20
141.3899046045066
 30
0.0
 10
60.92473270899375
 20
141.3882165553573
 30
0.0
 10
60.92449410838458
 20
141.3866485995692
 30
0.0
 10
60.92429022635826
 20
141.385274170355
 30
0.0
 10
60.92065902821033
 20
141.3607951865673
 30
0.0
 10
60.91885304227426
 20
141.3360839997902
 30
0.0
 10
60.91885304226128
 20
141.3112805663972
 30
0.0
  0
LINE
  5
382
330
1F
100
AcDbEntity
  8
0
100
AcDbLine
 10
60.91885304226128
 20
141.3112805663972
 30
0.0
 11
60.91885304145228
 21
139.8112805667832
 31
0.0
  0
SPLINE
  5
383
330
1F
100
AcDbEntity
  8
0
100
AcDbSpline
210
0.0
220
0.0
230
1.0
 70
     8
 71
     3
 72
     8
 73
     4
 74
     0
 42
0.000000001
 43
0.0000000001
 40
-13.0
 40
-13.0
 40
-13.0
 40
-13.0
 40
-12.0
 40
-12.0
 40
-12.0
 40
-12.0
 10
36.91926252968026
 20
139.8112805667832
 30
0.0
 10
36.91926252953127
 20
139.5351381919392
 30
0.0
 10
37.14312015443625
 20
139.3112805667902
 30
0.0
 10
37.41926252928127
 20
139.3112805666382
 30
0.0
  0
LINE
  5
384
330
1F
100
AcDbEntity
  8
0
100
AcDbLine
 10
37.41926252928127
 20
139.3112805666382
 30
0.0
 11
50.41889725267825
 21
139.3112805490602
 31
0.0
  0
SPLINE
  5
385
330
1F
100
AcDbEntity
  8
0
100
AcDbSpline
210
0.0
220
0.0
230
1.0
 70
     8
 71
     3
 72
     8
 73
     4
 74
     0
 42
0.000000001
 43
0.0000000001
 40
23.0
 40
23.0
 40
23.0
 40
23.0
 40
24.0
 40
24.0
 40
24.0
 40
24.0
 10
50.41889725267825
 20
139.3112805490602
 30
0.0
 10
50.69503962751025
 20
139.3112805489082
 30
0.0
 10
50.91889725265625
 20
139.5351381737921
 30
0.0
 10
50.91889725282825
 20
139.8112805486242
 30
0.0
  0
LINE
  5
386
330
1F
100
AcDbEntity
  8
0
100
AcDbLine
 10
50.91889725282825
 20
139.8112805486242
 30
0.0
 11
50.91889725376126
 21
141.3112805475522
 31
0.0
  0
SPLINE
  5
387
330
1F
100
AcDbEntity
  8
0
100
AcDbSpline
210
0.0
220
0.0
230
1.0
 70
     8
 71
     3
 72
     8
 73
     4
 74
     0
 42
0.000000001
 43
0.0000000001
 40
-21.0
 40
-21.0
 40
-21.0
 40
-21.0
 40
-20.0
 40
-20.0
 40
-20.0
 40
-20.0
 10
50.91889725376126
 20
141.3112805475522
 30
0.0
 10
50.91889725393326
 20
141.5874229224092
 30
0.0
 10
50.69503962902726
 20
141.8112805475802
 30
0.0
 10
50.41889725417025
 20
141.8112805477382
 30
0.0
  0
LINE
  5
388
330
1F
100
AcDbEntity
  8
0
100
AcDbLine
 10
50.41889725417025
 20
141.8112805477382
 30
0.0
 11
37.41926253065026
 21
141.8112805660042
 31
0.0
  0
SPLINE
  5
389
330
1F
100
AcDbEntity
  8
0
100
AcDbSpline
210
0.0
220
0.0
230
1.0
 70
     8
 71
     3
 72
    71
 73
    67
 74
     0
 42
0.000000001
 43
0.0000000001
 40
-19.0
 40
-19.0
 40
-19.0
 40
-19.0
 40
-18.38275883677949
 40
-18.38275883677949
 40
-18.38275883677949
 40
-18.1418395395355
 40
-18.1418395395355
 40
-18.1418395395355
 40
-18.0622663839404
 40
-18.0622663839404
 40
-18.0622663839404
 40
-17.9060233491816
 40
-17.9060233491816
 40
-17.9060233491816
 40
-17.8275854324231
 40
-17.8275854324231
 40
-17.8275854324231
 40
-17.7790715841575
 40
-17.7790715841575
 40
-17.7790715841575
 40
-17.7625444282942
 40
-17.7625444282942
 40
-17.7625444282942
 40
-17.75047961921741
 40
-17.75047961921741
 40
-17.75047961921741
 40
-17.6117151006568
 40
-17.6117151006568
 40
-17.6117151006568
 40
-17.5352507130747
 40
-17.5352507130747
 40
-17.5352507130747
 40
-17.514216674791
 40
-17.514216674791
 40
-17.514216674791
 40
-17.4848116254883
 40
-17.4848116254883
 40
-17.4848116254883
 40
-17.000000566223
 40
-17.000000566223
 40
-17.000000566223
 40
-16.39959504685975
 40
-16.39959504685975
 40
-16.39959504685975
 40
-16.09939228717812
 40
-16.09939228717812
 40
-16.09939228717812
 40
-15.9365484981196
 40
-15.9365484981196
 40
-15.9365484981196
 40
-15.82463729054879
 40
-15.82463729054879
 40
-15.82463729054879
 40
-15.7991895274965
 40
-15.7991895274965
 40
-15.7991895274965
 40
-15.76011598596944
 40
-15.76011598596944
 40
-15.76011598596944
 40
-15.1540610881176
 40
-15.1540610881176
 40
-15.1540610881176
 40
-15.0
 40
-15.0
 40
-15.0
 40
-14.0
 40
-14.0
 40
-14.0
 40
-14.0
 10
37.41926253065026
 20
141.8112805660042
 30
0.0
 10
37.38228299899237
 20
141.8112805660246
 30
0.0
 10
37.34574736725458
 20
141.8068822669868
 30
0.0
 10
37.31555854028258
 20
141.8005148326827
 30
0.0
 10
37.30377534853827
 20
141.7980295191794
 30
0.0
 10
37.29294667150427
 20
141.7952930720284
 30
0.0000000000000089
 10
37.28337332764696
 20
141.7925951657383
 30
0.0
 10
37.28021135104726
 20
141.7917040751554
 30
0.0
 10
37.27718610425436
 20
141.7908175748261
 30
0.0
 10
37.27430786206009
 20
141.7899469488332
 30
0.0
 10
37.26865639214086
 20
141.7882374621821
 30
0.0
 10
37.26325068664465
 20
141.7865014827844
 30
0.0
 10
37.25738651555625
 20
141.7844957186606
 30
0.0
 10
37.25444255479417
 20
141.7834887748334
 30
0.0
 10
37.25168622520218
 20
141.7825121847644
 30
0.0
 10
37.24965973524158
 20
141.7817815198307
 30
0.0000000000000089
 10
37.24840635128487
 20
141.7813296035994
 30
0.0000000000000178
 10
37.24652980760928
 20
141.7806418570565
 30
0.0
 10
37.24576154896107
 20
141.7803575874338
 30
0.0
 10
37.24549982718727
 20
141.7802607456344
 30
0.0
 10
37.24506074521236
 20
141.7800977106959
 30
0.0
 10
37.24489826704016
 20
141.7800372485969
 30
0.0
 10
37.24477965811886
 20
141.7799931113185
 30
0.0
 10
37.24469152192467
 20
141.7799603224439
 30
0.0
 10
37.24446817909726
 20
141.7798769764112
 30
0.0
 10
37.24402974058194
 20
141.7797133619746
 30
0.0
 10
37.24026689049618
 20
141.7782924831471
 30
0.0
 10
37.23824549610018
 20
141.7775070522541
 30
0.0
 10
37.23713163294434
 20
141.777074250751
 30
0.0
 10
37.23601586326217
 20
141.7766358122866
 30
0.0000000000000089
 10
37.23499854969944
 20
141.7762322830227
 30
0.0
 10
37.23471870423018
 20
141.7761212790605
 30
0.0
 10
37.23444630307716
 20
141.7760129326035
 30
0.0
 10
37.23418342250986
 20
141.7759081208259
 30
0.0
 10
37.23381592217825
 20
141.775761596633
 30
0.0
 10
37.23345406815747
 20
141.7756168248568
 30
0.0
 10
37.23308752065859
 20
141.7754696713722
 30
0.0
 10
37.22704412724719
 20
141.7730435017715
 30
0.0
 10
37.22066761813045
 20
141.7703142853135
 30
0.0
 10
37.21615359286327
 20
141.7683051735922
 30
0.0
 10
37.12931856773935
 20
141.7296564606524
 30
0.0
 10
37.05717818021145
 20
141.6636168054365
 30
0.0
 10
37.01157081233458
 20
141.5994258574399
 30
0.0
 10
36.98876712839615
 20
141.5673303834418
 30
0.0
 10
36.97210551155075
 20
141.5359553793141
 30
0.0
 10
36.96034716411347
 20
141.5091206634552
 30
0.0
 10
36.95396889546677
 20
141.494564278919
 30
0.0
 10
36.94967650600316
 20
141.4836804604357
 30
0.0
 10
36.94401548015657
 20
141.4666131381639
 30
0.0
 10
36.94012505091595
 20
141.4548839548989
 30
0.0
 10
36.93588770175836
 20
141.440621174005
 30
0.0
 10
36.93207162275576
 20
141.4241877576352
 30
0.0
 10
36.93120387522308
 20
141.420450922916
 30
0.0
 10
36.92998771810596
 20
141.4147790282048
 30
0.0
 10
36.92990927375877
 20
141.414405311203
 30
0.0
 10
36.92978882708334
 20
141.4138314907553
 30
0.0
 10
36.92975601196585
 20
141.4136780465302
 30
0.0
 10
36.92954360881126
 20
141.4126465129362
 30
0.0
 10
36.92935084669637
 20
141.4117103658365
 30
0.0
 10
36.92651304130865
 20
141.3968832016088
 30
0.0
 10
36.92543021489968
 20
141.3900399059309
 30
0.0
 10
36.92515495697268
 20
141.388300318342
 30
0.0
 10
36.92490903357444
 20
141.3866852517352
 30
0.0
 10
36.92469971458735
 20
141.3852741703553
 30
0.0
 10
36.92106851643817
 20
141.3607951865669
 30
0.0
 10
36.91926253050326
 20
141.3360839997902
 30
0.0
 10
36.91926253048928
 20
141.3112805663972
 30
0.0
  0
LINE
  5
390
330
1F
100
AcDbEntity
  8
0
100
AcDbLine
 10
36.91926253048928
 20
141.3112805663972
 30
0.0
 11
36.91926252968026
 21
139.8112805667832
 31
0.0
  0
LINE
  5
391
330
1F
100
AcDbEntity
  8
0
100
AcDbLine
 10
307.0673822253072
 20
81.89303055766421
 30
0.0
 11
314.7128845659153
 21
81.89303055732318
 31
0.0
  0
SPLINE
  5
392
330
1F
100
AcDbEntity
  8
0
100
AcDbSpline
210
0.0
220
0.0
230
1.0
 70
     8
 71
     3
 72
     8
 73
     4
 74
     0
 42
0.000000001
 43
0.0000000001
 40
-38.0
 40
-38.0
 40
-38.0
 40
-38.0
 40
-37.0
 40
-37.0
 40
-37.0
 40
-37.0
 10
314.7128845659153
 20
81.89303055732318
 30
0.0
 10
314.9890269408303
 20
81.89303055731121
 30
0.0
 10
315.2128845659242
 20
82.11688818238522
 30
0.0
 10
315.2128845659373
 20
82.39303055730019
 30
0.0
  0
LINE
  5
393
330
1F
100
AcDbEntity
  8
0
100
AcDbLine
 10
315.2128845659373
 20
82.39303055730019
 30
0.0
 11
315.2128845674483
 21
116.1053193837201
 31
0.0
  0
SPLINE
  5
394
330
1F
100
AcDbEntity
  8
0
100
AcDbSpline
210
0.0
220
0.0
230
1.0
 70
     8
 71
     3
 72
     8
 73
     4
 74
     0
 42
0.000000001
 43
0.0000000001
 40
-74.0
 40
-74.0
 40
-74.0
 40
-74.0
 40
-73.0
 40
-73.0
 40
-73.0
 40
-73.0
 10
315.2128845674483
 20
116.1053193837201
 30
0.0
 10
315.2128845674613
 20
116.3813022580953
 30
0.0
 10
314.9891562431222
 20
116.6050305824552
 30
0.0
 10
314.7131733687473
 20
116.6050305824668
 30
0.0
  0
LINE
  5
395
330
1F
100
AcDbEntity
  8
0
100
AcDbLine
 10
314.7131733687473
 20
116.6050305824669
 30
0.0
 11
299.3567622794985
 21
116.6050305831533
 31
-0.0000000000000089
  0
SPLINE
  5
396
330
1F
100
AcDbEntity
  8
0
100
AcDbSpline
210
0.0
220
0.0
230
1.0
 70
     8
 71
     3
 72
     8
 73
     4
 74
     0
 42
0.000000001
 43
0.0000000001
 40
-71.0
 40
-71.0
 40
-71.0
 40
-71.0
 40
-70.0
 40
-70.0
 40
-70.0
 40
-70.0
 10
299.3567621967013
 20
116.6050305831533
 30
0.0
 10
299.0806198217863
 20
116.6050305372462
 30
0.0
 10
298.8567622711313
 20
116.3811727918245
 30
0.0
 10
298.8567623629452
 20
116.1050304167154
 30
0.0
  0
LINE
  5
397
330
1F
100
AcDbEntity
  8
0
100
AcDbLine
 10
298.8567623629452
 20
116.1050304167154
 30
0.0
 11
298.8567666071053
 21
103.3550085457767
 31
0.0
  0
SPLINE
  5
398
330
1F
100
AcDbEntity
  8
0
100
AcDbSpline
210
0.0
220
0.0
230
1.0
 70
     8
 71
     3
 72
     8
 73
     4
 74
     0
 42
0.000000001
 43
0.0000000001
 40
-69.0
 40
-69.0
 40
-69.0
 40
-69.0
 40
-68.0
 40
-68.0
 40
-68.0
 40
-68.0
 10
298.8567666071053
 20
103.3550085457767
 30
0.0
 10
298.8567666070872
 20
102.940794983404
 30
0.0
 10
299.1925530446983
 20
102.6050085457613
 30
0.0
 10
299.6067666070702
 20
102.6050085457421
 30
0.0
  0
LINE
  5
399
330
1F
100
AcDbEntity
  8
0
100
AcDbLine
 10
299.6067666070702
 20
102.6050085457421
 30
0.0
 11
300.2630223973093
 21
102.6050060749019
 31
0.0
  0
SPLINE
  5
400
330
1F
100
AcDbEntity
  8
0
100
AcDbSpline
210
0.0
220
0.0
230
1.0
 70
     8
 71
     3
 72
     8
 73
     4
 74
     0
 42
0.000000001
 43
0.0000000001
 40
-67.0
 40
-67.0
 40
-67.0
 40
-67.0
 40
-66.0
 40
-66.0
 40
-66.0
 40
-66.0
 10
300.2630223973093
 20
102.6050060749019
 30
0.0
 10
300.8153056768073
 20
102.6050039955235
 30
0.0
 10
301.2630186322763
 20
102.1572893543654
 30
0.0
 10
301.2630186322513
 20
101.6050060748639
 30
0.0
  0
LINE
  5
401
330
1F
100
AcDbEntity
  8
0
100
AcDbLine
 10
301.2630186322513
 20
101.6050060748639
 30
0.0
 11
301.2630186321132
 21
98.53003058306455
 31
0.0
  0
SPLINE
  5
402
330
1F
100
AcDbEntity
  8
0
100
AcDbSpline
210
0.0
220
0.0
230
1.0
 70
     8
 71
     3
 72
     8
 73
     4
 74
     0
 42
0.000000001
 43
0.0000000001
 40
-65.0
 40
-65.0
 40
-65.0
 40
-65.0
 40
-64.0
 40
-64.0
 40
-64.0
 40
-64.0
 10
301.2630186321132
 20
98.53003058306455
 30
0.0
 10
301.2630186320873
 20
97.97774583323301
 30
0.0
 10
300.8153033818993
 20
97.53003058308436
 30
0.0
 10
300.2630186320683
 20
97.53003058310879
 30
0.0
  0
LINE
  5
403
330
1F
100
AcDbEntity
  8
0
100
AcDbLine
 10
300.2630186320683
 20
97.53003058310879
 30
0.0
 11
291.1523876373129
 21
97.53003058351948
 31
0.0
  0
SPLINE
  5
404
330
1F
100
AcDbEntity
  8
0
100
AcDbSpline
210
0.0
220
0.0
230
1.0
 70
     8
 71
     3
 72
     8
 73
     4
 74
     0
 42
0.000000001
 43
0.0000000001
 40
-63.0
 40
-63.0
 40
-63.0
 40
-63.0
 40
-62.0
 40
-62.0
 40
-62.0
 40
-62.0
 10
291.1523876373129
 20
97.53003058351948
 30
0.0
 10
290.9867022123628
 20
97.53003058352721
 30
0.0
 10
290.8523876373199
 20
97.66434515858239
 30
0.0
 10
290.8523876373268
 20
97.83003058353068
 30
0.0
  0
LINE
  5
405
330
1F
100
AcDbEntity
  8
0
100
AcDbLine
 10
290.8523876373268
 20
97.83003058353068
 30
0.0
 11
290.8523876373778
 21
99.01703060867006
 31
0.0
  0
SPLINE
  5
406
330
1F
100
AcDbEntity
  8
0
100
AcDbSpline
210
0.0
220
0.0
230
1.0
 70
     8
 71
     3
 72
     8
 73
     4
 74
     0
 42
0.000000001
 43
0.0000000001
 40
-61.0
 40
-61.0
 40
-61.0
 40
-61.0
 40
-60.0
 40
-60.0
 40
-60.0
 40
-60.0
 10
290.8523876373778
 20
99.01703060867006
 30
0.0
 10
290.8523876373899
 20
99.29317298358391
 30
0.0
 10
290.6285300123159
 20
99.51703060867808
 30
0.0
 10
290.3523876373999
 20
99.51703060869078
 30
0.0
  0
LINE
  5
407
330
1F
100
AcDbEntity
  8
0
100
AcDbLine
 10
290.3523876373999
 20
99.51703060869078
 30
0.0
 11
282.9413773868973
 21
99.51703060902458
 31
0.0
  0
SPLINE
  5
408
330
1F
100
AcDbEntity
  8
0
100
AcDbSpline
210
0.0
220
0.0
230
1.0
 70
     8
 71
     3
 72
     8
 73
     4
 74
     0
 42
0.000000001
 43
0.0000000001
 40
-58.0
 40
-58.0
 40
-58.0
 40
-58.0
 40
-57.0
 40
-57.0
 40
-57.0
 40
-57.0
 10
282.9413754854198
 20
99.5170306090092
 30
0.0
 10
282.6652331105119
 20
99.51702843669247
 30
0.0
 10
282.4413771883229
 20
99.2931691804198
 30
0.0
 10
282.4413792889438
 20
99.0170268055021
 30
0.0
  0
LINE
  5
409
330
1F
100
AcDbEntity
  8
0
100
AcDbLine
 10
282.4413792889438
 20
99.0170268055021
 30
0.0
 11
282.4413866068669
 21
98.0550335465158
 31
0.0
  0
SPLINE
  5
410
330
1F
100
AcDbEntity
  8
0
100
AcDbSpline
210
0.0
220
0.0
230
1.0
 70
     8
 71
     3
 72
     8
 73
     4
 74
     0
 42
0.000000001
 43
0.0000000001
 40
-56.0
 40
-56.0
 40
-56.0
 40
-56.0
 40
-55.0
 40
-55.0
 40
-55.0
 40
-55.0
 10
282.4413866068669
 20
98.0550335465158
 30
0.0
 10
282.4413866068539
 20
97.77889117159938
 30
0.0
 10
282.2175289817599
 20
97.55503354652447
 30
0.0
 10
281.9413866068448
 20
97.55503354653729
 30
0.0
  0
LINE
  5
411
330
1F
100
AcDbEntity
  8
0
100
AcDbLine
 10
281.9413866068448
 20
97.55503354653729
 30
0.0
 11
280.3067666068449
 21
97.55503354661048
 31
0.0
  0
SPLINE
  5
412
330
1F
100
AcDbEntity
  8
0
100
AcDbSpline
210
0.0
220
0.0
230
1.0
 70
     8
 71
     3
 72
     8
 73
     4
 74
     0
 42
0.000000001
 43
0.0000000001
 40
-54.0
 40
-54.0
 40
-54.0
 40
-54.0
 40
-53.0
 40
-53.0
 40
-53.0
 40
-53.0
 10
280.3067666068449
 20
97.55503354661048
 30
0.0
 10
280.0306242319289
 20
97.55503354662195
 30
0.0
 10
279.8067666068349
 20
97.33117592154838
 30
0.0
 10
279.8067666068219
 20
97.05503354663187
 30
0.0
  0
LINE
  5
413
330
1F
100
AcDbEntity
  8
0
100
AcDbLine
 10
279.8067666068219
 20
97.05503354663187
 30
0.0
 11
279.8067666062369
 21
84.05503509537146
 31
0.0
  0
SPLINE
  5
414
330
1F
100
AcDbEntity
  8
0
100
AcDbSpline
210
0.0
220
0.0
230
1.0
 70
     8
 71
     3
 72
     8
 73
     4
 74
     0
 42
0.000000001
 43
0.0000000001
 40
-52.0
 40
-52.0
 40
-52.0
 40
-52.0
 40
-51.0
 40
-51.0
 40
-51.0
 40
-51.0
 10
279.8067666062369
 20
84.05503509537146
 30
0.0
 10
279.8067666062239
 20
83.77889332527431
 30
0.0
 10
280.0306232873839
 20
83.55503595070331
 30
0.0
 10
280.3067650574799
 20
83.55503509535058
 30
0.0
  0
LINE
  5
415
330
1F
100
AcDbEntity
  8
0
100
AcDbLine
 10
280.3067650574799
 20
83.55503509535058
 30
0.0
 11
281.9413866062149
 21
83.55503003208587
 31
0.0
  0
SPLINE
  5
416
330
1F
100
AcDbEntity
  8
0
100
AcDbSpline
210
0.0
220
0.0
230
1.0
 70
     8
 71
     3
 72
     8
 73
     4
 74
     0
 42
0.000000001
 43
0.0000000001
 40
-50.0
 40
-50.0
 40
-50.0
 40
-50.0
 40
-49.0
 40
-49.0
 40
-49.0
 40
-49.0
 10
281.9413866062149
 20
83.55503003208587
 30
0.0
 10
282.2175270401508
 20
83.55503003207308
 30
0.0
 10
282.4413830917529
 20
83.33117398045317
 30
0.0
 10
282.4413830917408
 20
83.05503354651458
 30
0.0
  0
LINE
  5
417
330
1F
100
AcDbEntity
  8
0
100
AcDbLine
 10
282.4413830917409
 20
83.05503354651458
 30
0.0
 11
282.4413830917139
 21
82.39303055876522
 31
0.0
  0
SPLINE
  5
418
330
1F
100
AcDbEntity
  8
0
100
AcDbSpline
210
0.0
220
0.0
230
1.0
 70
     8
 71
     3
 72
     8
 73
     4
 74
     0
 42
0.000000001
 43
0.0000000001
 40
-48.0
 40
-48.0
 40
-48.0
 40
-48.0
 40
-47.0
 40
-47.0
 40
-47.0
 40
-47.0
 10
282.4413830917139
 20
82.39303055876522
 30
0.0
 10
282.4413830917019
 20
82.11688818385118
 30
0.0
 10
282.6652407167759
 20
81.89303055875518
 30
0.0
 10
282.9413830916918
 20
81.89303055874418
 30
0.0
  0
LINE
  5
419
330
1F
100
AcDbEntity
  8
0
100
AcDbLine
 10
282.9413830916918
 20
81.89303055874418
 30
0.0
 11
290.3598875051069
 21
81.89303055841619
 31
0.0
  0
SPLINE
  5
420
330
1F
100
AcDbEntity
  8
0
100
AcDbSpline
210
0.0
220
0.0
230
1.0
 70
     8
 71
     3
 72
     8
 73
     4
 74
     0
 42
0.000000001
 43
0.0000000001
 40
-46.0
 40
-46.0
 40
-46.0
 40
-46.0
 40
-45.0
 40
-45.0
 40
-45.0
 40
-45.0
 10
290.3598875051069
 20
81.89303055841619
 30
0.0
 10
290.6360298800229
 20
81.8930305583992
 30
0.0
 10
290.8598875051168
 20
82.11688818347321
 30
0.0
 10
290.8598875051298
 20
82.3930305583892
 30
0.0
  0
LINE
  5
421
330
1F
100
AcDbEntity
  8
0
100
AcDbLine
 10
290.8598875051298
 20
82.3930305583892
 30
0.0
 11
290.8598875051688
 21
83.2800305835323
 31
0.0
  0
SPLINE
  5
422
330
1F
100
AcDbEntity
  8
0
100
AcDbSpline
210
0.0
220
0.0
230
1.0
 70
     8
 71
     3
 72
     8
 73
     4
 74
     0
 42
0.000000001
 43
0.0000000001
 40
-44.0
 40
-44.0
 40
-44.0
 40
-44.0
 40
-43.0
 40
-43.0
 40
-43.0
 40
-43.0
 10
290.8598875051688
 20
83.2800305835323
 30
0.0
 10
290.8598875051769
 20
83.44571600848189
 30
0.0
 10
290.9942020802338
 20
83.58003058352556
 30
0.0
 10
291.1598875051839
 20
83.5800305835192
 30
0.0
  0
LINE
  5
423
330
1F
100
AcDbEntity
  8
0
100
AcDbLine
 10
291.1598875051839
 20
83.5800305835192
 30
0.0
 11
306.2672955849982
 21
83.5800305828403
 31
0.0
  0
SPLINE
  5
424
330
1F
100
AcDbEntity
  8
0
100
AcDbSpline
210
0.0
220
0.0
230
1.0
 70
     8
 71
     3
 72
     8
 73
     4
 74
     0
 42
0.000000001
 43
0.0000000001
 40
-42.0
 40
-42.0
 40
-42.0
 40
-42.0
 40
-41.0
 40
-41.0
 40
-41.0
 40
-41.0
 10
306.2672955849982
 20
83.5800305828403
 30
0.0
 10
306.4330288601103
 20
83.58003058283248
 30
0.0
 10
306.5673822253752
 20
83.44567721755419
 30
0.0
 10
306.5673822253682
 20
83.27994394244331
 30
0.0
  0
LINE
  5
425
330
1F
100
AcDbEntity
  8
0
100
AcDbLine
 10
306.5673822253682
 20
83.27994394244331
 30
0.0
 11
306.5673822253292
 21
82.3930305576882
 31
0.0
  0
SPLINE
  5
426
330
1F
100
AcDbEntity
  8
0
100
AcDbSpline
210
0.0
220
0.0
230
1.0
 70
     8
 71
     3
 72
     8
 73
     4
 74
     0
 42
0.000000001
 43
0.0000000001
 40
-40.0
 40
-40.0
 40
-40.0
 40
-40.0
 40
-39.0
 40
-39.0
 40
-39.0
 40
-39.0
 10
306.5673822253292
 20
82.3930305576882
 30
0.0
 10
306.5673822253153
 20
82.11688818277119
 30
0.0
 10
306.7912398503913
 20
81.89303055767718
 30
0.0
 10
307.0673822253072
 20
81.89303055766421
 30
0.0
  0
LINE
  5
427
330
1F
100
AcDbEntity
  8
0
100
AcDbLine
 10
275.5442625287989
 20
102.6050305842258
 30
0.0
 11
288.5442625287989
 21
102.605030583643
 31
0.0
  0
SPLINE
  5
428
330
1F
100
AcDbEntity
  8
0
100
AcDbSpline
210
0.0
220
0.0
230
1.0
 70
     8
 71
     3
 72
     8
 73
     4
 74
     0
 42
0.000000001
 43
0.0000000001
 40
-8.0
 40
-8.0
 40
-8.0
 40
-8.0
 40
-7.0
 40
-7.0
 40
-7.0
 40
-7.0
 10
288.5442625287989
 20
102.605030583643
 30
0.0
 10
288.8204049037149
 20
102.6050305836303
 30
0.0
 10
289.0442625288089
 20
102.8288882087052
 30
0.0
 10
289.0442625288218
 20
103.1050305836203
 30
0.0
  0
LINE
  5
429
330
1F
100
AcDbEntity
  8
0
100
AcDbLine
 10
289.0442625288218
 20
103.1050305836203
 30
0.0
 11
289.0442625294058
 21
116.1050305836202
 31
0.0
  0
SPLINE
  5
430
330
1F
100
AcDbEntity
  8
0
100
AcDbSpline
210
0.0
220
0.0
230
1.0
 70
     8
 71
     3
 72
     8
 73
     4
 74
     0
 42
0.000000001
 43
0.0000000001
 40
-14.0
 40
-14.0
 40
-14.0
 40
-14.0
 40
-13.0
 40
-13.0
 40
-13.0
 40
-13.0
 10
289.0442625294058
 20
116.1050305836202
 30
0.0
 10
289.0442625294178
 20
116.3811729585353
 30
0.0
 10
288.8204049043438
 20
116.6050305836308
 30
0.0
 10
288.5442625294288
 20
116.6050305836435
 30
0.0
  0
LINE
  5
431
330
1F
100
AcDbEntity
  8
0
100
AcDbLine
 10
288.5442625294288
 20
116.6050305836435
 30
0.0
 11
275.5442625294278
 21
116.605030584225
 31
0.0
  0
SPLINE
  5
432
330
1F
100
AcDbEntity
  8
0
100
AcDbSpline
210
0.0
220
0.0
230
1.0
 70
     8
 71
     3
 72
     8
 73
     4
 74
     0
 42
0.000000001
 43
0.0000000001
 40
-12.0
 40
-12.0
 40
-12.0
 40
-12.0
 40
-11.0
 40
-11.0
 40
-11.0
 40
-11.0
 10
275.5442625294278
 20
116.605030584225
 30
0.0
 10
275.2681201545129
 20
116.6050305842378
 30
0.0
 10
275.0442625294178
 20
116.3811729591629
 30
0.0
 10
275.0442625294058
 20
116.1050305842477
 30
0.0
  0
LINE
  5
433
330
1F
100
AcDbEntity
  8
0
100
AcDbLine
 10
275.0442625294058
 20
116.1050305842477
 30
0.0
 11
275.0442625288219
 21
103.1050305842492
 31
0.0
  0
SPLINE
  5
434
330
1F
100
AcDbEntity
  8
0
100
AcDbSpline
210
0.0
220
0.0
230
1.0
 70
     8
 71
     3
 72
     8
 73
     4
 74
     0
 42
0.000000001
 43
0.0000000001
 40
-10.0
 40
-10.0
 40
-10.0
 40
-10.0
 40
-9.0
 40
-9.0
 40
-9.0
 40
-9.0
 10
275.0442625288219
 20
103.1050305842492
 30
0.0
 10
275.0442625288089
 20
102.828888209334
 30
0.0
 10
275.2681201538838
 20
102.6050305842386
 30
0.0
 10
275.5442625287989
 20
102.6050305842258
 30
0.0
  0
LINE
  5
435
330
1F
100
AcDbEntity
  8
0
100
AcDbLine
 10
78.00350369650427
 20
65.2642689641072
 30
0.0
 11
78.00350369706426
 21
77.74579222210121
 31
0.0
  0
SPLINE
  5
436
330
1F
100
AcDbEntity
  8
0
100
AcDbSpline
210
0.0
220
0.0
230
1.0
 70
     8
 71
     3
 72
    11
 73
     7
 74
     0
 42
0.000000001
 43
0.0000000001
 40
-7.0
 40
-7.0
 40
-7.0
 40
-7.0
 40
-5.999997503910119
 40
-5.999997503910119
 40
-5.999997503910119
 40
-5.0
 40
-5.0
 40
-5.0
 40
-5.0
 10
78.00350369706426
 20
77.74579222210121
 30
0.0
 10
78.00350369708326
 20
78.16510904254207
 30
0.0
 10
77.66357775628796
 20
78.50503059312117
 30
0.0
 10
77.24426380761525
 20
78.50503059313919
 30
0.0
 10
76.82495347068424
 20
78.50503059315818
 30
0.0
 10
76.48502543659326
 20
78.16510694931071
 30
0.0
 10
76.48502543657525
 20
77.74579222216917
 30
0.0
  0
LINE
  5
437
330
1F
100
AcDbEntity
  8
0
100
AcDbLine
 10
76.48502543657525
 20
77.74579222216917
 30
0.0
 11
76.48502543601427
 21
65.26426896417721
 31
0.0
  0
SPLINE
  5
438
330
1F
100
AcDbEntity
  8
0
100
AcDbSpline
210
0.0
220
0.0
230
1.0
 70
     8
 71
     3
 72
    11
 73
     7
 74
     0
 42
0.000000001
 43
0.0000000001
 40
-10.0
 40
-10.0
 40
-10.0
 40
-10.0
 40
-8.999997503613162
 40
-8.999997503613162
 40
-8.999997503613162
 40
-8.0
 40
-8.0
 40
-8.0
 40
-8.0
 10
76.48502543601427
 20
65.26426896417721
 30
0.0
 10
76.48502543599526
 20
64.84495214360982
 30
0.0
 10
76.82495138075918
 20
64.50503059315519
 30
0.0
 10
77.24426532546425
 20
64.50503059313621
 30
0.0
 10
77.66357565817667
 20
64.50503059311819
 30
0.0
 10
78.00350369648626
 20
64.8449542370912
 30
0.0
 10
78.00350369650427
 20
65.2642689641072
 30
0.0
  0
LINE
  5
439
330
1F
100
AcDbEntity
  8
0
100
AcDbLine
 10
278.0410036973588
 20
84.31426895511748
 30
0.0
 11
278.0410036979179
 21
96.79579221310959
 31
0.0
  0
SPLINE
  5
440
330
1F
100
AcDbEntity
  8
0
100
AcDbSpline
210
0.0
220
0.0
230
1.0
 70
     8
 71
     3
 72
    11
 73
     7
 74
     0
 42
0.000000001
 43
0.0000000001
 40
-7.0
 40
-7.0
 40
-7.0
 40
-7.0
 40
-5.999997503612563
 40
-5.999997503612563
 40
-5.999997503612563
 40
-5.0
 40
-5.0
 40
-5.0
 40
-5.0
 10
278.0410036979179
 20
96.79579221310959
 30
0.0
 10
278.0410036979379
 20
97.21510903367708
 30
0.0
 10
277.7010777531741
 20
97.55503058412978
 30
0.0
 10
277.2817638084689
 20
97.55503058414909
 30
0.0
 10
276.8624534757568
 20
97.55503058416827
 30
0.0
 10
276.5225254374489
 20
97.21510694019588
 30
0.0
 10
276.5225254374288
 20
96.79579221317755
 30
0.0
  0
LINE
  5
441
330
1F
100
AcDbEntity
  8
0
100
AcDbLine
 10
276.5225254374288
 20
96.79579221317755
 30
0.0
 11
276.5225254368689
 21
84.31426895518546
 31
0.0
  0
SPLINE
  5
442
330
1F
100
AcDbEntity
  8
0
100
AcDbSpline
210
0.0
220
0.0
230
1.0
 70
     8
 71
     3
 72
    11
 73
     7
 74
     0
 42
0.000000001
 43
0.0000000001
 40
-10.0
 40
-10.0
 40
-10.0
 40
-10.0
 40
-8.999997503912549
 40
-8.999997503912549
 40
-8.999997503912549
 40
-8.0
 40
-8.0
 40
-8.0
 40
-8.0
 10
276.5225254368689
 20
84.31426895518546
 30
0.0
 10
276.5225254368508
 20
83.89495213474498
 30
0.0
 10
276.8624513776432
 20
83.5550305841653
 30
0.0
 10
277.2817653263169
 20
83.55503058414601
 30
0.0
 10
277.7010756632519
 20
83.55503058412683
 30
0.0
 10
278.0410036973378
 20
83.89495422797532
 30
0.0
 10
278.0410036973588
 20
84.31426895511748
 30
0.0
  0
LINE
  5
443
330
1F
100
AcDbEntity
  8
0
100
AcDbLine
 10
318.3785016588042
 20
84.31426895511748
 30
0.0
 11
318.3785016593642
 21
96.79579221310959
 31
0.0
  0
SPLINE
  5
444
330
1F
100
AcDbEntity
  8
0
100
AcDbSpline
210
0.0
220
0.0
230
1.0
 70
     8
 71
     3
 72
    11
 73
     7
 74
     0
 42
0.000000001
 43
0.0000000001
 40
-7.0
 40
-7.0
 40
-7.0
 40
-7.0
 40
-5.999997503609188
 40
-5.999997503609188
 40
-5.999997503609188
 40
-5.0
 40
-5.0
 40
-5.0
 40
-5.0
 10
318.3785016593642
 20
96.79579221310959
 30
0.0
 10
318.3785016593833
 20
97.21510903367869
 30
0.0
 10
318.0385757146166
 20
97.55503058412978
 30
0.0
 10
317.6192617699143
 20
97.55503058414909
 30
0.0
 10
317.19995143721
 20
97.55503058416827
 30
0.0
 10
316.8600233988943
 20
97.21510694019409
 30
0.0
 10
316.8600233988753
 20
96.79579221317755
 30
0.0
  0
LINE
  5
445
330
1F
100
AcDbEntity
  8
0
100
AcDbLine
 10
316.8600233988753
 20
96.79579221317755
 30
0.0
 11
316.8600233983142
 21
84.31426895518546
 31
0.0
  0
SPLINE
  5
446
330
1F
100
AcDbEntity
  8
0
100
AcDbSpline
210
0.0
220
0.0
230
1.0
 70
     8
 71
     3
 72
    11
 73
     7
 74
     0
 42
0.000000001
 43
0.0000000001
 40
-10.0
 40
-10.0
 40
-10.0
 40
-10.0
 40
-8.9999975036174
 40
-8.9999975036174
 40
-8.9999975036174
 40
-8.0
 40
-8.0
 40
-8.0
 40
-8.0
 10
316.8600233983142
 20
84.31426895518546
 30
0.0
 10
316.8600233982962
 20
83.89495213462131
 30
0.0
 10
317.1999493430541
 20
83.5550305841653
 30
0.0
 10
317.6192632877633
 20
83.55503058414601
 30
0.0
 10
318.0385736204863
 20
83.55503058412683
 30
0.0
 10
318.3785016587843
 20
83.89495422809906
 30
0.0
 10
318.3785016588042
 20
84.31426895511748
 30
0.0
  0
LINE
  5
447
330
1F
100
AcDbEntity
  8
0
100
AcDbLine
 10
203.6067625285738
 20
97.5550305874526
 30
0.0
 11
203.6067625279668
 21
84.05503058745367
 31
0.0
  0
SPLINE
  5
448
330
1F
100
AcDbEntity
  8
0
100
AcDbSpline
210
0.0
220
0.0
230
1.0
 70
     8
 71
     3
 72
     8
 73
     4
 74
     0
 42
0.000000001
 43
0.0000000001
 40
-7.0
 40
-7.0
 40
-7.0
 40
-7.0
 40
-6.0
 40
-6.0
 40
-6.0
 40
-6.0
 10
203.6067625279668
 20
84.05503058745367
 30
0.0
 10
203.6067625279552
 20
83.77888821253847
 30
0.0
 10
203.8306201530288
 20
83.5550305874443
 30
0.0
 10
204.1067625279453
 20
83.55503058743147
 30
0.0
  0
LINE
  5
449
330
1F
100
AcDbEntity
  8
0
100
AcDbLine
 10
204.1067625279453
 20
83.55503058743147
 30
0.0
 11
217.1067625279435
 21
83.55503058684631
 31
0.0
  0
SPLINE
  5
450
330
1F
100
AcDbEntity
  8
0
100
AcDbSpline
210
0.0
220
0.0
230
1.0
 70
     8
 71
     3
 72
     8
 73
     4
 74
     0
 42
0.000000001
 43
0.0000000001
 40
-12.0
 40
-12.0
 40
-12.0
 40
-12.0
 40
-11.0
 40
-11.0
 40
-11.0
 40
-11.0
 10
217.1067625279435
 20
83.55503058684631
 30
0.0
 10
217.3829049028586
 20
83.55503058683471
 30
0.0
 10
217.6067625279527
 20
83.77888821190955
 30
0.0
 10
217.6067625279655
 20
84.05503058682478
 30
0.0
  0
LINE
  5
451
330
1F
100
AcDbEntity
  8
0
100
AcDbLine
 10
217.6067625279655
 20
84.05503058682478
 30
0.0
 11
217.6067625285496
 21
97.05503058682456
 31
0.0
  0
SPLINE
  5
452
330
1F
100
AcDbEntity
  8
0
100
AcDbSpline
210
0.0
220
0.0
230
1.0
 70
     8
 71
     3
 72
     8
 73
     4
 74
     0
 42
0.000000001
 43
0.0000000001
 40
-10.0
 40
-10.0
 40
-10.0
 40
-10.0
 40
-9.0
 40
-9.0
 40
-9.0
 40
-9.0
 10
217.6067625285496
 20
97.05503058682456
 30
0.0
 10
217.6067625285624
 20
97.33117296173981
 30
0.0
 10
217.3829049034875
 20
97.55503058683505
 30
0.0
 10
217.1067625285723
 20
97.55503058684681
 30
0.0
  0
LINE
  5
453
330
1F
100
AcDbEntity
  8
0
100
AcDbLine
 10
217.1067625285723
 20
97.55503058684681
 30
0.0
 11
203.6067625285738
 21
97.5550305874526
 31
0.0
  0
LINE
  5
454
330
1F
100
AcDbEntity
  8
0
100
AcDbLine
 10
327.9321311425033
 20
45.45503058186921
 30
0.0
 11
340.9321311425042
 21
45.4550305812832
 31
0.0
  0
SPLINE
  5
455
330
1F
100
AcDbEntity
  8
0
100
AcDbSpline
210
0.0
220
0.0
230
1.0
 70
     8
 71
     3
 72
     8
 73
     4
 74
     0
 42
0.000000001
 43
0.0000000001
 40
-8.0
 40
-8.0
 40
-8.0
 40
-8.0
 40
-7.0
 40
-7.0
 40
-7.0
 40
-7.0
 10
340.9321311425042
 20
45.4550305812832
 30
0.0
 10
341.2082735174192
 20
45.45503058127218
 30
0.0
 10
341.4321311425152
 20
45.67888820634618
 30
0.0
 10
341.4321311425273
 20
45.95503058126121
 30
0.0
  0
LINE
  5
456
330
1F
100
AcDbEntity
  8
0
100
AcDbLine
 10
341.4321311425273
 20
45.95503058126121
 30
0.0
 11
341.4321311431113
 21
58.95503058126621
 31
0.0
  0
SPLINE
  5
457
330
1F
100
AcDbEntity
  8
0
100
AcDbSpline
210
0.0
220
0.0
230
1.0
 70
     8
 71
     3
 72
     8
 73
     4
 74
     0
 42
0.000000001
 43
0.0000000001
 40
-14.0
 40
-14.0
 40
-14.0
 40
-14.0
 40
-13.0
 40
-13.0
 40
-13.0
 40
-13.0
 10
341.4321311431113
 20
58.95503058126621
 30
0.0
 10
341.4321311431243
 20
59.23117295618121
 30
0.0
 10
341.2082735180493
 20
59.45503058127522
 30
0.0
 10
340.9321311431343
 20
59.45503058128818
 30
0.0
  0
LINE
  5
458
330
1F
100
AcDbEntity
  8
0
100
AcDbLine
 10
340.9321311431343
 20
59.45503058128818
 30
0.0
 11
327.9321311431332
 21
59.45503058187322
 31
0.0
  0
SPLINE
  5
459
330
1F
100
AcDbEntity
  8
0
100
AcDbSpline
210
0.0
220
0.0
230
1.0
 70
     8
 71
     3
 72
     8
 73
     4
 74
     0
 42
0.000000001
 43
0.0000000001
 40
-12.0
 40
-12.0
 40
-12.0
 40
-12.0
 40
-11.0
 40
-11.0
 40
-11.0
 40
-11.0
 10
327.9321311431332
 20
59.45503058187322
 30
0.0
 10
327.6559887682183
 20
59.45503058188518
 30
0.0
 10
327.4321311431223
 20
59.23117295681018
 30
0.0
 10
327.4321311431113
 20
58.95503058189522
 30
0.0
  0
LINE
  5
460
330
1F
100
AcDbEntity
  8
0
100
AcDbLine
 10
327.4321311431113
 20
58.95503058189522
 30
0.0
 11
327.4321311425252
 21
45.9550305818912
 31
0.0
  0
SPLINE
  5
461
330
1F
100
AcDbEntity
  8
0
100
AcDbSpline
210
0.0
220
0.0
230
1.0
 70
     8
 71
     3
 72
     8
 73
     4
 74
     0
 42
0.000000001
 43
0.0000000001
 40
-10.0
 40
-10.0
 40
-10.0
 40
-10.0
 40
-9.0
 40
-9.0
 40
-9.0
 40
-9.0
 10
327.4321311425252
 20
45.9550305818912
 30
0.0
 10
327.4321311425143
 20
45.67888820697618
 30
0.0
 10
327.6559887675893
 20
45.45503058188018
 30
0.0
 10
327.9321311425033
 20
45.45503058186921
 30
0.0
  0
LINE
  5
462
330
1F
100
AcDbEntity
  8
0
100
AcDbLine
 10
360.4821311450962
 20
103.1050305804106
 30
0.0
 11
360.4821311456802
 21
116.1050305804079
 31
0.0
  0
SPLINE
  5
463
330
1F
100
AcDbEntity
  8
0
100
AcDbSpline
210
0.0
220
0.0
230
1.0
 70
     8
 71
     3
 72
     8
 73
     4
 74
     0
 42
0.000000001
 43
0.0000000001
 40
-8.0
 40
-8.0
 40
-8.0
 40
-8.0
 40
-7.0
 40
-7.0
 40
-7.0
 40
-7.0
 10
360.4821311456802
 20
116.1050305804079
 30
0.0
 10
360.4821311456912
 20
116.381172955323
 30
0.0
 10
360.2582735206163
 20
116.6050305804158
 30
0.0
 10
359.9821311457023
 20
116.6050305804287
 30
0.0
  0
LINE
  5
464
330
1F
100
AcDbEntity
  8
0
100
AcDbLine
 10
359.9821311457023
 20
116.6050305804287
 30
0.0
 11
346.9821311457013
 21
116.6050305810139
 31
0.0
  0
SPLINE
  5
465
330
1F
100
AcDbEntity
  8
0
100
AcDbSpline
210
0.0
220
0.0
230
1.0
 70
     8
 71
     3
 72
     8
 73
     4
 74
     0
 42
0.000000001
 43
0.0000000001
 40
-14.0
 40
-14.0
 40
-14.0
 40
-14.0
 40
-13.0
 40
-13.0
 40
-13.0
 40
-13.0
 10
346.9821311457013
 20
116.6050305810139
 30
0.0
 10
346.7059887707862
 20
116.6050305810254
 30
0.0
 10
346.4821311456923
 20
116.3811729559519
 30
0.0
 10
346.4821311456792
 20
116.1050305810367
 30
0.0
  0
LINE
  5
466
330
1F
100
AcDbEntity
  8
0
100
AcDbLine
 10
346.4821311456792
 20
116.1050305810367
 30
0.0
 11
346.4821311450943
 21
103.1050305810381
 31
0.0
  0
SPLINE
  5
467
330
1F
100
AcDbEntity
  8
0
100
AcDbSpline
210
0.0
220
0.0
230
1.0
 70
     8
 71
     3
 72
     8
 73
     4
 74
     0
 42
0.000000001
 43
0.0000000001
 40
-12.0
 40
-12.0
 40
-12.0
 40
-12.0
 40
-11.0
 40
-11.0
 40
-11.0
 40
-11.0
 10
346.4821311450943
 20
103.1050305810381
 30
0.0
 10
346.4821311450823
 20
102.8288882061229
 30
0.0
 10
346.7059887701573
 20
102.6050305810289
 30
0.0
 10
346.9821311450723
 20
102.6050305810159
 30
0.0
  0
LINE
  5
468
330
1F
100
AcDbEntity
  8
0
100
AcDbLine
 10
346.9821311450723
 20
102.6050305810159
 30
0.0
 11
359.9821311450722
 21
102.6050305804333
 31
0.0
  0
SPLINE
  5
469
330
1F
100
AcDbEntity
  8
0
100
AcDbSpline
210
0.0
220
0.0
230
1.0
 70
     8
 71
     3
 72
     8
 73
     4
 74
     0
 42
0.000000001
 43
0.0000000001
 40
-10.0
 40
-10.0
 40
-10.0
 40
-10.0
 40
-9.0
 40
-9.0
 40
-9.0
 40
-9.0
 10
359.9821311450722
 20
102.6050305804333
 30
0.0
 10
360.2582735199892
 20
102.6050305804205
 30
0.0
 10
360.4821311450832
 20
102.8288882054953
 30
0.0
 10
360.4821311450962
 20
103.1050305804106
 30
0.0
  0
LINE
  5
470
330
1F
100
AcDbEntity
  8
0
100
AcDbLine
 10
340.9321311457023
 20
116.6050305812873
 30
0.0
 11
327.9321311457023
 21
116.6050305818725
 31
0.0
  0
SPLINE
  5
471
330
1F
100
AcDbEntity
  8
0
100
AcDbSpline
210
0.0
220
0.0
230
1.0
 70
     8
 71
     3
 72
     8
 73
     4
 74
     0
 42
0.000000001
 43
0.0000000001
 40
-8.0
 40
-8.0
 40
-8.0
 40
-8.0
 40
-7.0
 40
-7.0
 40
-7.0
 40
-7.0
 10
327.9321311457023
 20
116.6050305818725
 30
0.0
 10
327.6559887707872
 20
116.605030581884
 30
0.0
 10
327.4321311456923
 20
116.3811729568092
 30
0.0
 10
327.4321311456782
 20
116.105030581894
 30
0.0
  0
LINE
  5
472
330
1F
100
AcDbEntity
  8
0
100
AcDbLine
 10
327.4321311456782
 20
116.105030581894
 30
0.0
 11
327.4321311450963
 21
103.1050305818942
 31
0.0
  0
SPLINE
  5
473
330
1F
100
AcDbEntity
  8
0
100
AcDbSpline
210
0.0
220
0.0
230
1.0
 70
     8
 71
     3
 72
     8
 73
     4
 74
     0
 42
0.000000001
 43
0.0000000001
 40
-14.0
 40
-14.0
 40
-14.0
 40
-14.0
 40
-13.0
 40
-13.0
 40
-13.0
 40
-13.0
 10
327.4321311450963
 20
103.1050305818942
 30
0.0
 10
327.4321311450833
 20
102.8288882069789
 30
0.0
 10
327.6559887701572
 20
102.6050305818835
 30
0.0
 10
327.9321311450723
 20
102.605030581872
 30
0.0
  0
LINE
  5
474
330
1F
100
AcDbEntity
  8
0
100
AcDbLine
 10
327.9321311450723
 20
102.605030581872
 30
0.0
 11
340.9321311450732
 21
102.605030581288
 31
0.0
  0
SPLINE
  5
475
330
1F
100
AcDbEntity
  8
0
100
AcDbSpline
210
0.0
220
0.0
230
1.0
 70
     8
 71
     3
 72
     8
 73
     4
 74
     0
 42
0.000000001
 43
0.0000000001
 40
-12.0
 40
-12.0
 40
-12.0
 40
-12.0
 40
-11.0
 40
-11.0
 40
-11.0
 40
-11.0
 10
340.9321311450732
 20
102.605030581288
 30
0.0
 10
341.2082735199883
 20
102.6050305812753
 30
0.0
 10
341.4321311450833
 20
102.82888820635
 30
0.0
 10
341.4321311450952
 20
103.1050305812653
 30
0.0
  0
LINE
  5
476
330
1F
100
AcDbEntity
  8
0
100
AcDbLine
 10
341.4321311450952
 20
103.1050305812653
 30
0.0
 11
341.4321311456813
 21
116.1050305812639
 31
0.0
  0
SPLINE
  5
477
330
1F
100
AcDbEntity
  8
0
100
AcDbSpline
210
0.0
220
0.0
230
1.0
 70
     8
 71
     3
 72
     8
 73
     4
 74
     0
 42
0.000000001
 43
0.0000000001
 40
-10.0
 40
-10.0
 40
-10.0
 40
-10.0
 40
-9.0
 40
-9.0
 40
-9.0
 40
-9.0
 10
341.4321311456813
 20
116.1050305812639
 30
0.0
 10
341.4321311456923
 20
116.381172956179
 30
0.0
 10
341.2082735206173
 20
116.6050305812745
 30
0.0
 10
340.9321311457023
 20
116.6050305812873
 30
0.0
  0
LINE
  5
478
330
1F
100
AcDbEntity
  8
0
100
AcDbLine
 10
346.9821311433593
 20
64.5050305810172
 30
0.0
 11
359.9821311433593
 21
64.50503058043318
 31
0.0
  0
SPLINE
  5
479
330
1F
100
AcDbEntity
  8
0
100
AcDbSpline
210
0.0
220
0.0
230
1.0
 70
     8
 71
     3
 72
     8
 73
     4
 74
     0
 42
0.000000001
 43
0.0000000001
 40
-8.0
 40
-8.0
 40
-8.0
 40
-8.0
 40
-7.0
 40
-7.0
 40
-7.0
 40
-7.0
 10
359.9821311433593
 20
64.50503058043318
 30
0.0
 10
360.2582735182751
 20
64.5050305804202
 30
0.0
 10
360.4821311433712
 20
64.7288882054942
 30
0.0
 10
360.4821311433842
 20
65.00503058041019
 30
0.0
  0
LINE
  5
480
330
1F
100
AcDbEntity
  8
0
100
AcDbLine
 10
360.4821311433842
 20
65.00503058041019
 30
0.0
 11
360.4821311439683
 21
78.00503058040519
 31
0.0
  0
SPLINE
  5
481
330
1F
100
AcDbEntity
  8
0
100
AcDbSpline
210
0.0
220
0.0
230
1.0
 70
     8
 71
     3
 72
     8
 73
     4
 74
     0
 42
0.000000001
 43
0.0000000001
 40
-14.0
 40
-14.0
 40
-14.0
 40
-14.0
 40
-13.0
 40
-13.0
 40
-13.0
 40
-13.0
 10
360.4821311439683
 20
78.00503058040519
 30
0.0
 10
360.4821311439792
 20
78.28117295532118
 30
0.0
 10
360.2582735189053
 20
78.5050305804142
 30
0.0
 10
359.9821311439892
 20
78.50503058042722
 30
0.0
  0
LINE
  5
482
330
1F
100
AcDbEntity
  8
0
100
AcDbLine
 10
359.9821311439892
 20
78.50503058042722
 30
0.0
 11
346.9821311439893
 21
78.5050305810112
 31
0.0
  0
SPLINE
  5
483
330
1F
100
AcDbEntity
  8
0
100
AcDbSpline
210
0.0
220
0.0
230
1.0
 70
     8
 71
     3
 72
     8
 73
     4
 74
     0
 42
0.000000001
 43
0.0000000001
 40
-12.0
 40
-12.0
 40
-12.0
 40
-12.0
 40
-11.0
 40
-11.0
 40
-11.0
 40
-11.0
 10
346.9821311439893
 20
78.5050305810112
 30
0.0
 10
346.7059887690742
 20
78.50503058102217
 30
0.0
 10
346.4821311439802
 20
78.28117295594921
 30
0.0
 10
346.4821311439672
 20
78.0050305810322
 30
0.0
  0
LINE
  5
484
330
1F
100
AcDbEntity
  8
0
100
AcDbLine
 10
346.4821311439672
 20
78.0050305810322
 30
0.0
 11
346.4821311433823
 21
65.0050305810392
 31
0.0
  0
SPLINE
  5
485
330
1F
100
AcDbEntity
  8
0
100
AcDbSpline
210
0.0
220
0.0
230
1.0
 70
     8
 71
     3
 72
     8
 73
     4
 74
     0
 42
0.000000001
 43
0.0000000001
 40
-10.0
 40
-10.0
 40
-10.0
 40
-10.0
 40
-9.0
 40
-9.0
 40
-9.0
 40
-9.0
 10
346.4821311433823
 20
65.0050305810392
 30
0.0
 10
346.4821311433693
 20
64.72888820612419
 30
0.0
 10
346.7059887684443
 20
64.50503058102822
 30
0.0
 10
346.9821311433593
 20
64.5050305810172
 30
0.0
  0
LINE
  5
486
330
1F
100
AcDbEntity
  8
0
100
AcDbLine
 10
346.9821311425032
 20
45.45503058101121
 30
0.0
 11
359.9821311425043
 21
45.45503058042817
 31
0.0
  0
SPLINE
  5
487
330
1F
100
AcDbEntity
  8
0
100
AcDbSpline
210
0.0
220
0.0
230
1.0
 70
     8
 71
     3
 72
     8
 73
     4
 74
     0
 42
0.000000001
 43
0.0000000001
 40
-8.0
 40
-8.0
 40
-8.0
 40
-8.0
 40
-7.0
 40
-7.0
 40
-7.0
 40
-7.0
 10
359.9821311425043
 20
45.45503058042817
 30
0.0
 10
360.2582735174193
 20
45.4550305804152
 30
0.0
 10
360.4821311425153
 20
45.67888820548922
 30
0.0
 10
360.4821311425263
 20
45.9550305804052
 30
0.0
  0
LINE
  5
488
330
1F
100
AcDbEntity
  8
0
100
AcDbLine
 10
360.4821311425263
 20
45.9550305804052
 30
0.0
 11
360.4821311431113
 21
58.95503058041018
 31
0.0
  0
SPLINE
  5
489
330
1F
100
AcDbEntity
  8
0
100
AcDbSpline
210
0.0
220
0.0
230
1.0
 70
     8
 71
     3
 72
     8
 73
     4
 74
     0
 42
0.000000001
 43
0.0000000001
 40
-14.0
 40
-14.0
 40
-14.0
 40
-14.0
 40
-13.0
 40
-13.0
 40
-13.0
 40
-13.0
 10
360.4821311431113
 20
58.95503058041018
 30
0.0
 10
360.4821311431243
 20
59.2311729553252
 30
0.0
 10
360.2582735180492
 20
59.45503058041919
 30
0.0
 10
359.9821311431333
 20
59.45503058043221
 30
0.0
  0
LINE
  5
490
330
1F
100
AcDbEntity
  8
0
100
AcDbLine
 10
359.9821311431333
 20
59.45503058043221
 30
0.0
 11
346.9821311431333
 21
59.45503058101619
 31
0.0
  0
SPLINE
  5
491
330
1F
100
AcDbEntity
  8
0
100
AcDbSpline
210
0.0
220
0.0
230
1.0
 70
     8
 71
     3
 72
     8
 73
     4
 74
     0
 42
0.000000001
 43
0.0000000001
 40
-12.0
 40
-12.0
 40
-12.0
 40
-12.0
 40
-11.0
 40
-11.0
 40
-11.0
 40
-11.0
 10
346.9821311431333
 20
59.45503058101619
 30
0.0
 10
346.7059887682172
 20
59.45503058102722
 30
0.0
 10
346.4821311431223
 20
59.23117295595421
 30
0.0
 10
346.4821311431113
 20
58.95503058103821
 30
0.0
  0
LINE
  5
492
330
1F
100
AcDbEntity
  8
0
100
AcDbLine
 10
346.4821311431113
 20
58.95503058103821
 30
0.0
 11
346.4821311425253
 21
45.95503058103417
 31
0.0
  0
SPLINE
  5
493
330
1F
100
AcDbEntity
  8
0
100
AcDbSpline
210
0.0
220
0.0
230
1.0
 70
     8
 71
     3
 72
     8
 73
     4
 74
     0
 42
0.000000001
 43
0.0000000001
 40
-10.0
 40
-10.0
 40
-10.0
 40
-10.0
 40
-9.0
 40
-9.0
 40
-9.0
 40
-9.0
 10
346.4821311425253
 20
45.95503058103417
 30
0.0
 10
346.4821311425132
 20
45.67888820611819
 30
0.0
 10
346.7059887675882
 20
45.45503058102423
 30
0.0
 10
346.9821311425032
 20
45.45503058101121
 30
0.0
  0
LINE
  5
494
330
1F
100
AcDbEntity
  8
0
100
AcDbLine
 10
366.0321311425033
 20
45.45503058015521
 30
0.0
 11
379.0321311425042
 21
45.45503057957017
 31
0.0
  0
SPLINE
  5
495
330
1F
100
AcDbEntity
  8
0
100
AcDbSpline
210
0.0
220
0.0
230
1.0
 70
     8
 71
     3
 72
     8
 73
     4
 74
     0
 42
0.000000001
 43
0.0000000001
 40
-8.0
 40
-8.0
 40
-8.0
 40
-8.0
 40
-7.0
 40
-7.0
 40
-7.0
 40
-7.0
 10
379.0321311425042
 20
45.45503057957017
 30
0.0
 10
379.3082735174193
 20
45.45503057955715
 30
0.0
 10
379.5321311425142
 20
45.67888820463418
 30
0.0
 10
379.5321311425253
 20
45.9550305795492
 30
0.0
  0
LINE
  5
496
330
1F
100
AcDbEntity
  8
0
100
AcDbLine
 10
379.5321311425253
 20
45.9550305795492
 30
0.0
 11
379.5321311431103
 21
58.9550305795542
 31
0.0
  0
SPLINE
  5
497
330
1F
100
AcDbEntity
  8
0
100
AcDbSpline
210
0.0
220
0.0
230
1.0
 70
     8
 71
     3
 72
     8
 73
     4
 74
     0
 42
0.000000001
 43
0.0000000001
 40
-14.0
 40
-14.0
 40
-14.0
 40
-14.0
 40
-13.0
 40
-13.0
 40
-13.0
 40
-13.0
 10
379.5321311431103
 20
58.9550305795542
 30
0.0
 10
379.5321311431233
 20
59.23117295446918
 30
0.0
 10
379.3082735180503
 20
59.45503057956321
 30
0.0
 10
379.0321311431342
 20
59.45503057957617
 30
0.0
  0
LINE
  5
498
330
1F
100
AcDbEntity
  8
0
100
AcDbLine
 10
379.0321311431342
 20
59.45503057957617
 30
0.0
 11
366.0321311431332
 21
59.45503058016021
 31
0.0
  0
SPLINE
  5
499
330
1F
100
AcDbEntity
  8
0
100
AcDbSpline
210
0.0
220
0.0
230
1.0
 70
     8
 71
     3
 72
     8
 73
     4
 74
     0
 42
0.000000001
 43
0.0000000001
 40
-12.0
 40
-12.0
 40
-12.0
 40
-12.0
 40
-11.0
 40
-11.0
 40
-11.0
 40
-11.0
 10
366.0321311431332
 20
59.45503058016021
 30
0.0
 10
365.7559887682173
 20
59.45503058017317
 30
0.0
 10
365.5321311431243
 20
59.23117295509817
 30
0.0
 10
365.5321311431113
 20
58.95503058018118
 30
0.0
  0
LINE
  5
500
330
1F
100
AcDbEntity
  8
0
100
AcDbLine
 10
365.5321311431112
 20
58.95503058018118
 30
0.0
 11
365.5321311425273
 21
45.95503058017823
 31
0.0
  0
SPLINE
  5
501
330
1F
100
AcDbEntity
  8
0
100
AcDbSpline
210
0.0
220
0.0
230
1.0
 70
     8
 71
     3
 72
     8
 73
     4
 74
     0
 42
0.000000001
 43
0.0000000001
 40
-10.0
 40
-10.0
 40
-10.0
 40
-10.0
 40
-9.0
 40
-9.0
 40
-9.0
 40
-9.0
 10
365.5321311425273
 20
45.95503058017823
 30
0.0
 10
365.5321311425142
 20
45.67888820526121
 30
0.0
 10
365.7559887675883
 20
45.45503058016817
 30
0.0
 10
366.0321311425033
 20
45.45503058015521
 30
0.0
  0
LINE
  5
502
330
1F
100
AcDbEntity
  8
0
100
AcDbLine
 10
340.9321311465583
 20
135.6550305812812
 30
0.0
 11
327.9321311465583
 21
135.6550305818662
 31
0.0
  0
SPLINE
  5
503
330
1F
100
AcDbEntity
  8
0
100
AcDbSpline
210
0.0
220
0.0
230
1.0
 70
     8
 71
     3
 72
     8
 73
     4
 74
     0
 42
0.000000001
 43
0.0000000001
 40
-8.0
 40
-8.0
 40
-8.0
 40
-8.0
 40
-7.0
 40
-7.0
 40
-7.0
 40
-7.0
 10
327.9321311465583
 20
135.6550305818662
 30
0.0
 10
327.6559887716422
 20
135.6550305818792
 30
0.0
 10
327.4321311465483
 20
135.4311729568052
 30
0.0
 10
327.4321311465363
 20
135.1550305818902
 30
0.0
  0
LINE
  5
504
330
1F
100
AcDbEntity
  8
0
100
AcDbLine
 10
327.4321311465363
 20
135.1550305818902
 30
0.0
 11
327.4321311459513
 21
122.1550305818944
 31
0.0
  0
SPLINE
  5
505
330
1F
100
AcDbEntity
  8
0
100
AcDbSpline
210
0.0
220
0.0
230
1.0
 70
     8
 71
     3
 72
     8
 73
     4
 74
     0
 42
0.000000001
 43
0.0000000001
 40
-14.0
 40
-14.0
 40
-14.0
 40
-14.0
 40
-13.0
 40
-13.0
 40
-13.0
 40
-13.0
 10
327.4321311459513
 20
122.1550305818944
 30
0.0
 10
327.4321311459382
 20
121.8788882069792
 30
0.0
 10
327.6559887710133
 20
121.6550305818838
 30
0.0
 10
327.9321311459282
 20
121.6550305818722
 30
0.0
  0
LINE
  5
506
330
1F
100
AcDbEntity
  8
0
100
AcDbLine
 10
327.9321311459282
 20
121.6550305818722
 30
0.0
 11
340.9321311459282
 21
121.655030581287
 31
0.0
  0
SPLINE
  5
507
330
1F
100
AcDbEntity
  8
0
100
AcDbSpline
210
0.0
220
0.0
230
1.0
 70
     8
 71
     3
 72
     8
 73
     4
 74
     0
 42
0.000000001
 43
0.0000000001
 40
-12.0
 40
-12.0
 40
-12.0
 40
-12.0
 40
-11.0
 40
-11.0
 40
-11.0
 40
-11.0
 10
340.9321311459282
 20
121.655030581287
 30
0.0
 10
341.2082735208433
 20
121.6550305812742
 30
0.0
 10
341.4321311459403
 20
121.878888206349
 30
0.0
 10
341.4321311459513
 20
122.1550305812642
 30
0.0
  0
LINE
  5
508
330
1F
100
AcDbEntity
  8
0
100
AcDbLine
 10
341.4321311459513
 20
122.1550305812642
 30
0.0
 11
341.4321311465353
 21
135.1550305812592
 31
0.0
  0
SPLINE
  5
509
330
1F
100
AcDbEntity
  8
0
100
AcDbSpline
210
0.0
220
0.0
230
1.0
 70
     8
 71
     3
 72
     8
 73
     4
 74
     0
 42
0.000000001
 43
0.0000000001
 40
-10.0
 40
-10.0
 40
-10.0
 40
-10.0
 40
-9.0
 40
-9.0
 40
-9.0
 40
-9.0
 10
341.4321311465353
 20
135.1550305812592
 30
0.0
 10
341.4321311465483
 20
135.4311729561742
 30
0.0
 10
341.2082735214752
 20
135.6550305812692
 30
0.0
 10
340.9321311465583
 20
135.6550305812812
 30
0.0
  0
LINE
  5
510
330
1F
100
AcDbEntity
  8
0
100
AcDbLine
 10
379.0321311465592
 20
135.6550305795692
 30
0.0
 11
366.0321311465573
 21
135.6550305801532
 31
0.0
  0
SPLINE
  5
511
330
1F
100
AcDbEntity
  8
0
100
AcDbSpline
210
0.0
220
0.0
230
1.0
 70
     8
 71
     3
 72
     8
 73
     4
 74
     0
 42
0.000000001
 43
0.0000000001
 40
-8.0
 40
-8.0
 40
-8.0
 40
-8.0
 40
-7.0
 40
-7.0
 40
-7.0
 40
-7.0
 10
366.0321311465573
 20
135.6550305801532
 30
0.0
 10
365.7559887716423
 20
135.6550305801662
 30
0.0
 10
365.5321311465483
 20
135.4311729550912
 30
0.0
 10
365.5321311465351
 20
135.1550305801762
 30
0.0
  0
LINE
  5
512
330
1F
100
AcDbEntity
  8
0
100
AcDbLine
 10
365.5321311465351
 20
135.1550305801762
 30
0.0
 11
365.5321311459513
 21
122.1550305801784
 31
0.0
  0
SPLINE
  5
513
330
1F
100
AcDbEntity
  8
0
100
AcDbSpline
210
0.0
220
0.0
230
1.0
 70
     8
 71
     3
 72
     8
 73
     4
 74
     0
 42
0.000000001
 43
0.0000000001
 40
-14.0
 40
-14.0
 40
-14.0
 40
-14.0
 40
-13.0
 40
-13.0
 40
-13.0
 40
-13.0
 10
365.5321311459513
 20
122.1550305801784
 30
0.0
 10
365.5321311459403
 20
121.8788882052646
 30
0.0
 10
365.7559887710123
 20
121.6550305801692
 30
0.0
 10
366.0321311459293
 20
121.6550305801562
 30
0.0
  0
LINE
  5
514
330
1F
100
AcDbEntity
  8
0
100
AcDbLine
 10
366.0321311459293
 20
121.6550305801562
 30
0.0
 11
379.0321311459282
 21
121.655030579571
 31
0.0
  0
SPLINE
  5
515
330
1F
100
AcDbEntity
  8
0
100
AcDbSpline
210
0.0
220
0.0
230
1.0
 70
     8
 71
     3
 72
     8
 73
     4
 74
     0
 42
0.000000001
 43
0.0000000001
 40
-12.0
 40
-12.0
 40
-12.0
 40
-12.0
 40
-11.0
 40
-11.0
 40
-11.0
 40
-11.0
 10
379.0321311459282
 20
121.655030579571
 30
0.0
 10
379.3082735208433
 20
121.6550305795583
 30
0.0
 10
379.5321311459393
 20
121.8788882046332
 30
0.0
 10
379.5321311459513
 20
122.1550305795495
 30
0.0
  0
LINE
  5
516
330
1F
100
AcDbEntity
  8
0
100
AcDbLine
 10
379.5321311459513
 20
122.1550305795495
 30
0.0
 11
379.5321311465362
 21
135.1550305795472
 31
0.0
  0
SPLINE
  5
517
330
1F
100
AcDbEntity
  8
0
100
AcDbSpline
210
0.0
220
0.0
230
1.0
 70
     8
 71
     3
 72
     8
 73
     4
 74
     0
 42
0.000000001
 43
0.0000000001
 40
-10.0
 40
-10.0
 40
-10.0
 40
-10.0
 40
-9.0
 40
-9.0
 40
-9.0
 40
-9.0
 10
379.5321311465362
 20
135.1550305795472
 30
0.0
 10
379.5321311465473
 20
135.4311729544622
 30
0.0
 10
379.3082735214723
 20
135.6550305795562
 30
0.0
 10
379.0321311465592
 20
135.6550305795692
 30
0.0
  0
LINE
  5
518
330
1F
100
AcDbEntity
  8
0
100
AcDbLine
 10
359.9821311476293
 20
159.4675305804312
 30
0.0
 11
346.9821311476283
 21
159.4675305810152
 31
0.0
  0
SPLINE
  5
519
330
1F
100
AcDbEntity
  8
0
100
AcDbSpline
210
0.0
220
0.0
230
1.0
 70
     8
 71
     3
 72
     8
 73
     4
 74
     0
 42
0.000000001
 43
0.0000000001
 40
-8.0
 40
-8.0
 40
-8.0
 40
-8.0
 40
-7.0
 40
-7.0
 40
-7.0
 40
-7.0
 10
346.9821311476283
 20
159.4675305810152
 30
0.0
 10
346.7059887727123
 20
159.4675305810262
 30
0.0
 10
346.4821311476182
 20
159.2436729559542
 30
0.0
 10
346.4821311476053
 20
158.9675305810372
 30
0.0
  0
LINE
  5
520
330
1F
100
AcDbEntity
  8
0
100
AcDbLine
 10
346.4821311476053
 20
158.9675305810372
 30
0.0
 11
346.4821311470223
 21
145.9675305810362
 31
0.0
  0
SPLINE
  5
521
330
1F
100
AcDbEntity
  8
0
100
AcDbSpline
210
0.0
220
0.0
230
1.0
 70
     8
 71
     3
 72
     8
 73
     4
 74
     0
 42
0.000000001
 43
0.0000000001
 40
-14.0
 40
-14.0
 40
-14.0
 40
-14.0
 40
-13.0
 40
-13.0
 40
-13.0
 40
-13.0
 10
346.4821311470223
 20
145.9675305810362
 30
0.0
 10
346.4821311470093
 20
145.6913882061212
 30
0.0
 10
346.7059887720833
 20
145.4675305810262
 30
0.0
 10
346.9821311469992
 20
145.4675305810142
 30
0.0
  0
LINE
  5
522
330
1F
100
AcDbEntity
  8
0
100
AcDbLine
 10
346.9821311469992
 20
145.4675305810142
 30
0.0
 11
359.9821311469983
 21
145.4675305804302
 31
0.0
  0
SPLINE
  5
523
330
1F
100
AcDbEntity
  8
0
100
AcDbSpline
210
0.0
220
0.0
230
1.0
 70
     8
 71
     3
 72
     8
 73
     4
 74
     0
 42
0.000000001
 43
0.0000000001
 40
-12.0
 40
-12.0
 40
-12.0
 40
-12.0
 40
-11.0
 40
-11.0
 40
-11.0
 40
-11.0
 10
359.9821311469983
 20
145.4675305804302
 30
0.0
 10
360.2582735219142
 20
145.4675305804172
 30
0.0
 10
360.4821311470083
 20
145.6913882054932
 30
0.0
 10
360.4821311470213
 20
145.9675305804092
 30
0.0
  0
LINE
  5
524
330
1F
100
AcDbEntity
  8
0
100
AcDbLine
 10
360.4821311470213
 20
145.9675305804092
 30
0.0
 11
360.4821311476063
 21
158.9675305804102
 31
0.0
  0
SPLINE
  5
525
330
1F
100
AcDbEntity
  8
0
100
AcDbSpline
210
0.0
220
0.0
230
1.0
 70
     8
 71
     3
 72
     8
 73
     4
 74
     0
 42
0.000000001
 43
0.0000000001
 40
-10.0
 40
-10.0
 40
-10.0
 40
-10.0
 40
-9.0
 40
-9.0
 40
-9.0
 40
-9.0
 10
360.4821311476063
 20
158.9675305804102
 30
0.0
 10
360.4821311476182
 20
159.2436729553242
 30
0.0
 10
360.2582735225443
 20
159.4675305804182
 30
0.0
 10
359.9821311476293
 20
159.4675305804312
 30
0.0
  0
LINE
  5
526
330
1F
100
AcDbEntity
  8
0
100
AcDbLine
 10
379.5321311470222
 20
145.9675305795542
 30
0.0
 11
379.5321311476063
 21
158.9675305795522
 31
0.0
  0
SPLINE
  5
527
330
1F
100
AcDbEntity
  8
0
100
AcDbSpline
210
0.0
220
0.0
230
1.0
 70
     8
 71
     3
 72
     8
 73
     4
 74
     0
 42
0.000000001
 43
0.0000000001
 40
-8.0
 40
-8.0
 40
-8.0
 40
-8.0
 40
-7.0
 40
-7.0
 40
-7.0
 40
-7.0
 10
379.5321311476063
 20
158.9675305795522
 30
0.0
 10
379.5321311476183
 20
159.2436729544692
 30
0.0
 10
379.3082735225443
 20
159.4675305795632
 30
0.0
 10
379.0321311476293
 20
159.4675305795762
 30
0.0
  0
LINE
  5
528
330
1F
100
AcDbEntity
  8
0
100
AcDbLine
 10
379.0321311476293
 20
159.4675305795762
 30
0.0
 11
366.0321311476283
 21
159.4675305801592
 31
0.0
  0
SPLINE
  5
529
330
1F
100
AcDbEntity
  8
0
100
AcDbSpline
210
0.0
220
0.0
230
1.0
 70
     8
 71
     3
 72
     8
 73
     4
 74
     0
 42
0.000000001
 43
0.0000000001
 40
-14.0
 40
-14.0
 40
-14.0
 40
-14.0
 40
-13.0
 40
-13.0
 40
-13.0
 40
-13.0
 10
366.0321311476283
 20
159.4675305801592
 30
0.0
 10
365.7559887727133
 20
159.4675305801712
 30
0.0
 10
365.5321311476173
 20
159.2436729550962
 30
0.0
 10
365.5321311476043
 20
158.9675305801832
 30
0.0
  0
LINE
  5
530
330
1F
100
AcDbEntity
  8
0
100
AcDbLine
 10
365.5321311476042
 20
158.9675305801832
 30
0.0
 11
365.5321311470223
 21
145.9675305801812
 31
0.0
  0
SPLINE
  5
531
330
1F
100
AcDbEntity
  8
0
100
AcDbSpline
210
0.0
220
0.0
230
1.0
 70
     8
 71
     3
 72
     8
 73
     4
 74
     0
 42
0.000000001
 43
0.0000000001
 40
-12.0
 40
-12.0
 40
-12.0
 40
-12.0
 40
-11.0
 40
-11.0
 40
-11.0
 40
-11.0
 10
365.5321311470223
 20
145.9675305801812
 30
0.0
 10
365.5321311470093
 20
145.6913882052642
 30
0.0
 10
365.7559887720843
 20
145.4675305801712
 30
0.0
 10
366.0321311469983
 20
145.4675305801582
 30
0.0
  0
LINE
  5
532
330
1F
100
AcDbEntity
  8
0
100
AcDbLine
 10
366.0321311469983
 20
145.4675305801582
 30
0.0
 11
379.0321311469972
 21
145.4675305795742
 31
0.0
  0
SPLINE
  5
533
330
1F
100
AcDbEntity
  8
0
100
AcDbSpline
210
0.0
220
0.0
230
1.0
 70
     8
 71
     3
 72
     8
 73
     4
 74
     0
 42
0.000000001
 43
0.0000000001
 40
-10.0
 40
-10.0
 40
-10.0
 40
-10.0
 40
-9.0
 40
-9.0
 40
-9.0
 40
-9.0
 10
379.0321311469972
 20
145.4675305795742
 30
0.0
 10
379.3082735219142
 20
145.4675305795612
 30
0.0
 10
379.5321311470093
 20
145.6913882046372
 30
0.0
 10
379.5321311470222
 20
145.9675305795542
 30
0.0
  0
LINE
  5
534
330
1F
100
AcDbEntity
  8
0
100
AcDbLine
 10
341.4321311470222
 20
145.9675305812652
 30
0.0
 11
341.4321311476073
 21
158.9675305812642
 31
0.0
  0
SPLINE
  5
535
330
1F
100
AcDbEntity
  8
0
100
AcDbSpline
210
0.0
220
0.0
230
1.0
 70
     8
 71
     3
 72
     8
 73
     4
 74
     0
 42
0.000000001
 43
0.0000000001
 40
-8.0
 40
-8.0
 40
-8.0
 40
-8.0
 40
-7.0
 40
-7.0
 40
-7.0
 40
-7.0
 10
341.4321311476073
 20
158.9675305812642
 30
0.0
 10
341.4321311476183
 20
159.2436729561802
 30
0.0
 10
341.2082735225443
 20
159.4675305812743
 30
0.0
 10
340.9321311476293
 20
159.4675305812872
 30
0.0
  0
LINE
  5
536
330
1F
100
AcDbEntity
  8
0
100
AcDbLine
 10
340.9321311476293
 20
159.4675305812872
 30
0.0
 11
327.9321311476293
 21
159.4675305818712
 31
0.0
  0
SPLINE
  5
537
330
1F
100
AcDbEntity
  8
0
100
AcDbSpline
210
0.0
220
0.0
230
1.0
 70
     8
 71
     3
 72
     8
 73
     4
 74
     0
 42
0.000000001
 43
0.0000000001
 40
-14.0
 40
-14.0
 40
-14.0
 40
-14.0
 40
-13.0
 40
-13.0
 40
-13.0
 40
-13.0
 10
327.9321311476293
 20
159.4675305818712
 30
0.0
 10
327.6559887727143
 20
159.4675305818822
 30
0.0
 10
327.4321311476183
 20
159.2436729568082
 30
0.0
 10
327.4321311476052
 20
158.9675305818932
 30
0.0
  0
LINE
  5
538
330
1F
100
AcDbEntity
  8
0
100
AcDbLine
 10
327.4321311476052
 20
158.9675305818932
 30
0.0
 11
327.4321311470233
 21
145.9675305818922
 31
0.0
  0
SPLINE
  5
539
330
1F
100
AcDbEntity
  8
0
100
AcDbSpline
210
0.0
220
0.0
230
1.0
 70
     8
 71
     3
 72
     8
 73
     4
 74
     0
 42
0.000000001
 43
0.0000000001
 40
-12.0
 40
-12.0
 40
-12.0
 40
-12.0
 40
-11.0
 40
-11.0
 40
-11.0
 40
-11.0
 10
327.4321311470233
 20
145.9675305818922
 30
0.0
 10
327.4321311470103
 20
145.6913882069782
 30
0.0
 10
327.6559887720832
 20
145.4675305818842
 30
0.0
 10
327.9321311469993
 20
145.4675305818712
 30
0.0
  0
LINE
  5
540
330
1F
100
AcDbEntity
  8
0
100
AcDbLine
 10
327.9321311469993
 20
145.4675305818712
 30
0.0
 11
340.9321311469982
 21
145.4675305812852
 31
0.0
  0
SPLINE
  5
541
330
1F
100
AcDbEntity
  8
0
100
AcDbSpline
210
0.0
220
0.0
230
1.0
 70
     8
 71
     3
 72
     8
 73
     4
 74
     0
 42
0.000000001
 43
0.0000000001
 40
-10.0
 40
-10.0
 40
-10.0
 40
-10.0
 40
-9.0
 40
-9.0
 40
-9.0
 40
-9.0
 10
340.9321311469982
 20
145.4675305812852
 30
0.0
 10
341.2082735219143
 20
145.4675305812732
 30
0.0
 10
341.4321311470093
 20
145.6913882063492
 30
0.0
 10
341.4321311470222
 20
145.9675305812652
 30
0.0
  0
LINE
  5
542
330
1F
100
AcDbEntity
  8
0
100
AcDbLine
 10
359.9821311465583
 20
135.6550305804252
 30
0.0
 11
346.9821311465592
 21
135.6550305810102
 31
0.0
  0
SPLINE
  5
543
330
1F
100
AcDbEntity
  8
0
100
AcDbSpline
210
0.0
220
0.0
230
1.0
 70
     8
 71
     3
 72
     8
 73
     4
 74
     0
 42
0.000000001
 43
0.0000000001
 40
-8.0
 40
-8.0
 40
-8.0
 40
-8.0
 40
-7.0
 40
-7.0
 40
-7.0
 40
-7.0
 10
346.9821311465592
 20
135.6550305810102
 30
0.0
 10
346.7059887716433
 20
135.6550305810221
 30
0.0
 10
346.4821311465482
 20
135.4311729559482
 30
0.0
 10
346.4821311465353
 20
135.1550305810332
 30
0.0
  0
LINE
  5
544
330
1F
100
AcDbEntity
  8
0
100
AcDbLine
 10
346.4821311465353
 20
135.1550305810332
 30
0.0
 11
346.4821311459512
 21
122.1550305810358
 31
0.0
  0
SPLINE
  5
545
330
1F
100
AcDbEntity
  8
0
100
AcDbSpline
210
0.0
220
0.0
230
1.0
 70
     8
 71
     3
 72
     8
 73
     4
 74
     0
 42
0.000000001
 43
0.0000000001
 40
-14.0
 40
-14.0
 40
-14.0
 40
-14.0
 40
-13.0
 40
-13.0
 40
-13.0
 40
-13.0
 10
346.4821311459512
 20
122.1550305810358
 30
0.0
 10
346.4821311459383
 20
121.8788882061205
 30
0.0
 10
346.7059887710133
 20
121.6550305810266
 30
0.0
 10
346.9821311459283
 20
121.6550305810149
 30
0.0
  0
LINE
  5
546
330
1F
100
AcDbEntity
  8
0
100
AcDbLine
 10
346.9821311459283
 20
121.6550305810149
 30
0.0
 11
359.9821311459283
 21
121.6550305804284
 31
0.0
  0
SPLINE
  5
547
330
1F
100
AcDbEntity
  8
0
100
AcDbSpline
210
0.0
220
0.0
230
1.0
 70
     8
 71
     3
 72
     8
 73
     4
 74
     0
 42
0.000000001
 43
0.0000000001
 40
-12.0
 40
-12.0
 40
-12.0
 40
-12.0
 40
-11.0
 40
-11.0
 40
-11.0
 40
-11.0
 10
359.9821311459283
 20
121.6550305804284
 30
0.0
 10
360.2582735208433
 20
121.6550305804156
 30
0.0
 10
360.4821311459393
 20
121.8788882054918
 30
0.0
 10
360.4821311459523
 20
122.1550305804082
 30
0.0
  0
LINE
  5
548
330
1F
100
AcDbEntity
  8
0
100
AcDbLine
 10
360.4821311459523
 20
122.1550305804082
 30
0.0
 11
360.4821311465363
 21
135.1550305804032
 31
0.0
  0
SPLINE
  5
549
330
1F
100
AcDbEntity
  8
0
100
AcDbSpline
210
0.0
220
0.0
230
1.0
 70
     8
 71
     3
 72
     8
 73
     4
 74
     0
 42
0.000000001
 43
0.0000000001
 40
-10.0
 40
-10.0
 40
-10.0
 40
-10.0
 40
-9.0
 40
-9.0
 40
-9.0
 40
-9.0
 10
360.4821311465363
 20
135.1550305804032
 30
0.0
 10
360.4821311465473
 20
135.4311729553192
 30
0.0
 10
360.2582735214743
 20
135.6550305804122
 30
0.0
 10
359.9821311465583
 20
135.6550305804252
 30
0.0
  0
LINE
  5
550
330
1F
100
AcDbEntity
  8
0
100
AcDbLine
 10
379.5321311450942
 20
103.1050305795558
 30
0.0
 11
379.5321311456782
 21
116.1050305795492
 31
0.0
  0
SPLINE
  5
551
330
1F
100
AcDbEntity
  8
0
100
AcDbSpline
210
0.0
220
0.0
230
1.0
 70
     8
 71
     3
 72
     8
 73
     4
 74
     0
 42
0.000000001
 43
0.0000000001
 40
-8.0
 40
-8.0
 40
-8.0
 40
-8.0
 40
-7.0
 40
-7.0
 40
-7.0
 40
-7.0
 10
379.5321311456782
 20
116.1050305795492
 30
0.0
 10
379.5321311456913
 20
116.3811729544643
 30
0.0
 10
379.3082735206183
 20
116.6050305795585
 30
0.0
 10
379.0321311457012
 20
116.6050305795714
 30
0.0
  0
LINE
  5
552
330
1F
100
AcDbEntity
  8
0
100
AcDbLine
 10
379.0321311457012
 20
116.6050305795714
 30
0.0
 11
366.0321311457013
 21
116.6050305801566
 31
0.0
  0
SPLINE
  5
553
330
1F
100
AcDbEntity
  8
0
100
AcDbSpline
210
0.0
220
0.0
230
1.0
 70
     8
 71
     3
 72
     8
 73
     4
 74
     0
 42
0.000000001
 43
0.0000000001
 40
-14.0
 40
-14.0
 40
-14.0
 40
-14.0
 40
-13.0
 40
-13.0
 40
-13.0
 40
-13.0
 10
366.0321311457013
 20
116.6050305801566
 30
0.0
 10
365.7559887707863
 20
116.6050305801695
 30
0.0
 10
365.5321311456912
 20
116.3811729550946
 30
0.0
 10
365.5321311456793
 20
116.1050305801794
 30
0.0
  0
LINE
  5
554
330
1F
100
AcDbEntity
  8
0
100
AcDbLine
 10
365.5321311456792
 20
116.1050305801794
 30
0.0
 11
365.5321311450953
 21
103.1050305801834
 31
0.0
  0
SPLINE
  5
555
330
1F
100
AcDbEntity
  8
0
100
AcDbSpline
210
0.0
220
0.0
230
1.0
 70
     8
 71
     3
 72
     8
 73
     4
 74
     0
 42
0.000000001
 43
0.0000000001
 40
-12.0
 40
-12.0
 40
-12.0
 40
-12.0
 40
-11.0
 40
-11.0
 40
-11.0
 40
-11.0
 10
365.5321311450953
 20
103.1050305801834
 30
0.0
 10
365.5321311450823
 20
102.8288882052682
 30
0.0
 10
365.7559887701573
 20
102.605030580174
 30
0.0
 10
366.0321311450733
 20
102.6050305801612
 30
0.0
  0
LINE
  5
556
330
1F
100
AcDbEntity
  8
0
100
AcDbLine
 10
366.0321311450733
 20
102.6050305801612
 30
0.0
 11
379.0321311450722
 21
102.6050305795773
 31
0.0
  0
SPLINE
  5
557
330
1F
100
AcDbEntity
  8
0
100
AcDbSpline
210
0.0
220
0.0
230
1.0
 70
     8
 71
     3
 72
     8
 73
     4
 74
     0
 42
0.000000001
 43
0.0000000001
 40
-10.0
 40
-10.0
 40
-10.0
 40
-10.0
 40
-9.0
 40
-9.0
 40
-9.0
 40
-9.0
 10
379.0321311450722
 20
102.6050305795773
 30
0.0
 10
379.3082735199893
 20
102.6050305795644
 30
0.0
 10
379.5321311450823
 20
102.8288882046394
 30
0.0
 10
379.5321311450942
 20
103.1050305795558
 30
0.0
  0
LINE
  5
558
330
1F
100
AcDbEntity
  8
0
100
AcDbLine
 10
317.6179532631163
 20
145.9675305823362
 30
0.0
 11
317.6179532637013
 21
158.9675305823362
 31
0.0
  0
SPLINE
  5
559
330
1F
100
AcDbEntity
  8
0
100
AcDbSpline
210
0.0
220
0.0
230
1.0
 70
     8
 71
     3
 72
     8
 73
     4
 74
     0
 42
0.000000001
 43
0.0000000001
 40
-8.0
 40
-8.0
 40
-8.0
 40
-8.0
 40
-7.0
 40
-7.0
 40
-7.0
 40
-7.0
 10
317.6179532637013
 20
158.9675305823362
 30
0.0
 10
317.6179532637123
 20
159.2436729572512
 30
0.0
 10
317.3940956386393
 20
159.4675305823452
 30
0.0
 10
317.1179532637233
 20
159.4675305823582
 30
0.0
  0
LINE
  5
560
330
1F
100
AcDbEntity
  8
0
100
AcDbLine
 10
317.1179532637233
 20
159.4675305823582
 30
0.0
 11
304.1179532637242
 21
159.4675305829412
 31
0.0
  0
SPLINE
  5
561
330
1F
100
AcDbEntity
  8
0
100
AcDbSpline
210
0.0
220
0.0
230
1.0
 70
     8
 71
     3
 72
     8
 73
     4
 74
     0
 42
0.000000001
 43
0.0000000001
 40
-14.0
 40
-14.0
 40
-14.0
 40
-14.0
 40
-13.0
 40
-13.0
 40
-13.0
 40
-13.0
 10
304.1179532637242
 20
159.4675305829412
 30
0.0
 10
303.8418108888083
 20
159.4675305829522
 30
0.0
 10
303.6179532637143
 20
159.2436729578792
 30
0.0
 10
303.6179532637013
 20
158.9675305829642
 30
0.0
  0
LINE
  5
562
330
1F
100
AcDbEntity
  8
0
100
AcDbLine
 10
303.6179532637013
 20
158.9675305829642
 30
0.0
 11
303.6179532631193
 21
145.9675305829642
 31
0.0
  0
SPLINE
  5
563
330
1F
100
AcDbEntity
  8
0
100
AcDbSpline
210
0.0
220
0.0
230
1.0
 70
     8
 71
     3
 72
     8
 73
     4
 74
     0
 42
0.000000001
 43
0.0000000001
 40
-12.0
 40
-12.0
 40
-12.0
 40
-12.0
 40
-11.0
 40
-11.0
 40
-11.0
 40
-11.0
 10
303.6179532631193
 20
145.9675305829642
 30
0.0
 10
303.6179532631062
 20
145.6913882080492
 30
0.0
 10
303.8418108881783
 20
145.4675305829532
 30
0.0
 10
304.1179532630953
 20
145.4675305829422
 30
0.0
  0
LINE
  5
564
330
1F
100
AcDbEntity
  8
0
100
AcDbLine
 10
304.1179532630953
 20
145.4675305829422
 30
0.0
 11
317.1179532630953
 21
145.4675305823582
 31
0.0
  0
SPLINE
  5
565
330
1F
100
AcDbEntity
  8
0
100
AcDbSpline
210
0.0
220
0.0
230
1.0
 70
     8
 71
     3
 72
     8
 73
     4
 74
     0
 42
0.000000001
 43
0.0000000001
 40
-10.0
 40
-10.0
 40
-10.0
 40
-10.0
 40
-9.0
 40
-9.0
 40
-9.0
 40
-9.0
 10
317.1179532630953
 20
145.4675305823582
 30
0.0
 10
317.3940956380103
 20
145.4675305823452
 30
0.0
 10
317.6179532631043
 20
145.6913882074212
 30
0.0
 10
317.6179532631163
 20
145.9675305823362
 30
0.0
  0
LINE
  5
566
330
1F
100
AcDbEntity
  8
0
100
AcDbLine
 10
285.0682625307259
 20
145.4675305837962
 30
0.0
 11
298.0682625307263
 21
145.4675305832122
 31
0.0
  0
SPLINE
  5
567
330
1F
100
AcDbEntity
  8
0
100
AcDbSpline
210
0.0
220
0.0
230
1.0
 70
     8
 71
     3
 72
     8
 73
     4
 74
     0
 42
0.000000001
 43
0.0000000001
 40
-8.0
 40
-8.0
 40
-8.0
 40
-8.0
 40
-7.0
 40
-7.0
 40
-7.0
 40
-7.0
 10
298.0682625307263
 20
145.4675305832122
 30
0.0
 10
298.3444049056413
 20
145.4675305832012
 30
0.0
 10
298.5682625307362
 20
145.6913882082762
 30
0.0
 10
298.5682625307482
 20
145.9675305831922
 30
0.0
  0
LINE
  5
568
330
1F
100
AcDbEntity
  8
0
100
AcDbLine
 10
298.5682625307482
 20
145.9675305831922
 30
0.0
 11
298.5682625313333
 21
158.9675305831912
 31
0.0
  0
SPLINE
  5
569
330
1F
100
AcDbEntity
  8
0
100
AcDbSpline
210
0.0
220
0.0
230
1.0
 70
     8
 71
     3
 72
     8
 73
     4
 74
     0
 42
0.000000001
 43
0.0000000001
 40
-14.0
 40
-14.0
 40
-14.0
 40
-14.0
 40
-13.0
 40
-13.0
 40
-13.0
 40
-13.0
 10
298.5682625313333
 20
158.9675305831912
 30
0.0
 10
298.5682625313442
 20
159.2436729581062
 30
0.0
 10
298.3444049062693
 20
159.4675305832002
 30
0.0
 10
298.0682625313562
 20
159.4675305832122
 30
0.0
  0
LINE
  5
570
330
1F
100
AcDbEntity
  8
0
100
AcDbLine
 10
298.0682625313562
 20
159.4675305832122
 30
0.0
 11
285.0682625313559
 21
159.4675305837972
 31
0.0
  0
SPLINE
  5
571
330
1F
100
AcDbEntity
  8
0
100
AcDbSpline
210
0.0
220
0.0
230
1.0
 70
     8
 71
     3
 72
     8
 73
     4
 74
     0
 42
0.000000001
 43
0.0000000001
 40
-12.0
 40
-12.0
 40
-12.0
 40
-12.0
 40
-11.0
 40
-11.0
 40
-11.0
 40
-11.0
 10
285.0682625313559
 20
159.4675305837972
 30
0.0
 10
284.7921201564389
 20
159.4675305838082
 30
0.0
 10
284.5682625313448
 20
159.2436729587352
 30
0.0
 10
284.5682625313319
 20
158.9675305838182
 30
0.0
  0
LINE
  5
572
330
1F
100
AcDbEntity
  8
0
100
AcDbLine
 10
284.5682625313319
 20
158.9675305838182
 30
0.0
 11
284.5682625307479
 21
145.9675305838192
 31
0.0
  0
SPLINE
  5
573
330
1F
100
AcDbEntity
  8
0
100
AcDbSpline
210
0.0
220
0.0
230
1.0
 70
     8
 71
     3
 72
     8
 73
     4
 74
     0
 42
0.000000001
 43
0.0000000001
 40
-10.0
 40
-10.0
 40
-10.0
 40
-10.0
 40
-9.0
 40
-9.0
 40
-9.0
 40
-9.0
 10
284.5682625307479
 20
145.9675305838192
 30
0.0
 10
284.5682625307349
 20
145.6913882089032
 30
0.0
 10
284.7921201558099
 20
145.4675305838092
 30
0.0
 10
285.0682625307259
 20
145.4675305837962
 30
0.0
  0
LINE
  5
574
330
1F
100
AcDbEntity
  8
0
100
AcDbLine
 10
279.0182625313549
 20
159.4675305840692
 30
0.0
 11
266.0182625313558
 21
159.4675305846532
 31
0.0
  0
SPLINE
  5
575
330
1F
100
AcDbEntity
  8
0
100
AcDbSpline
210
0.0
220
0.0
230
1.0
 70
     8
 71
     3
 72
     8
 73
     4
 74
     0
 42
0.000000001
 43
0.0000000001
 40
-8.0
 40
-8.0
 40
-8.0
 40
-8.0
 40
-7.0
 40
-7.0
 40
-7.0
 40
-7.0
 10
266.0182625313558
 20
159.4675305846532
 30
0.0
 10
265.7421201564399
 20
159.4675305846662
 30
0.0
 10
265.5182625313449
 20
159.2436729595912
 30
0.0
 10
265.5182625313319
 20
158.9675305846762
 30
0.0
  0
LINE
  5
576
330
1F
100
AcDbEntity
  8
0
100
AcDbLine
 10
265.5182625313319
 20
158.9675305846762
 30
0.0
 11
265.5182625307479
 21
145.9675305846762
 31
0.0
  0
SPLINE
  5
577
330
1F
100
AcDbEntity
  8
0
100
AcDbSpline
210
0.0
220
0.0
230
1.0
 70
     8
 71
     3
 72
     8
 73
     4
 74
     0
 42
0.000000001
 43
0.0000000001
 40
-14.0
 40
-14.0
 40
-14.0
 40
-14.0
 40
-13.0
 40
-13.0
 40
-13.0
 40
-13.0
 10
265.5182625307479
 20
145.9675305846762
 30
0.0
 10
265.5182625307349
 20
145.6913882097612
 30
0.0
 10
265.7421201558098
 20
145.4675305846642
 30
0.0
 10
266.0182625307249
 20
145.4675305846522
 30
0.0
  0
LINE
  5
578
330
1F
100
AcDbEntity
  8
0
100
AcDbLine
 10
266.0182625307249
 20
145.4675305846522
 30
0.0
 11
279.0182625307269
 21
145.4675305840702
 31
0.0
  0
SPLINE
  5
579
330
1F
100
AcDbEntity
  8
0
100
AcDbSpline
210
0.0
220
0.0
230
1.0
 70
     8
 71
     3
 72
     8
 73
     4
 74
     0
 42
0.000000001
 43
0.0000000001
 40
-12.0
 40
-12.0
 40
-12.0
 40
-12.0
 40
-11.0
 40
-11.0
 40
-11.0
 40
-11.0
 10
279.0182625307269
 20
145.4675305840702
 30
0.0
 10
279.2944049056418
 20
145.4675305840582
 30
0.0
 10
279.5182625307358
 20
145.6913882091322
 30
0.0
 10
279.5182625307489
 20
145.9675305840472
 30
0.0
  0
LINE
  5
580
330
1F
100
AcDbEntity
  8
0
100
AcDbLine
 10
279.5182625307489
 20
145.9675305840472
 30
0.0
 11
279.5182625313329
 21
158.9675305840473
 31
0.0
  0
SPLINE
  5
581
330
1F
100
AcDbEntity
  8
0
100
AcDbSpline
210
0.0
220
0.0
230
1.0
 70
     8
 71
     3
 72
     8
 73
     4
 74
     0
 42
0.000000001
 43
0.0000000001
 40
-10.0
 40
-10.0
 40
-10.0
 40
-10.0
 40
-9.0
 40
-9.0
 40
-9.0
 40
-9.0
 10
279.5182625313329
 20
158.9675305840473
 30
0.0
 10
279.5182625313459
 20
159.2436729589622
 30
0.0
 10
279.2944049062708
 20
159.4675305840572
 30
0.0
 10
279.0182625313549
 20
159.4675305840692
 30
0.0
  0
LINE
  5
582
330
1F
100
AcDbEntity
  8
0
100
AcDbLine
 10
179.8015434164829
 20
158.9675305885292
 30
0.0
 11
179.8015434158984
 21
145.9675305885292
 31
0.0
  0
SPLINE
  5
583
330
1F
100
AcDbEntity
  8
0
100
AcDbSpline
210
0.0
220
0.0
230
1.0
 70
     8
 71
     3
 72
     8
 73
     4
 74
     0
 42
0.000000001
 43
0.0000000001
 40
-8.0
 40
-8.0
 40
-8.0
 40
-8.0
 40
-7.0
 40
-7.0
 40
-7.0
 40
-7.0
 10
179.8015434158984
 20
145.9675305885292
 30
0.0
 10
179.8015434158863
 20
145.6913882136142
 30
0.0
 10
180.0254010409611
 20
145.4675305885182
 30
0.0
 10
180.3015434158762
 20
145.4675305885072
 30
0.0
  0
LINE
  5
584
330
1F
100
AcDbEntity
  8
0
100
AcDbLine
 10
180.3015434158762
 20
145.4675305885072
 30
0.0
 11
193.3015434158761
 21
145.4675305879212
 31
0.0
  0
SPLINE
  5
585
330
1F
100
AcDbEntity
  8
0
100
AcDbSpline
210
0.0
220
0.0
230
1.0
 70
     8
 71
     3
 72
     8
 73
     4
 74
     0
 42
0.000000001
 43
0.0000000001
 40
-14.0
 40
-14.0
 40
-14.0
 40
-14.0
 40
-13.0
 40
-13.0
 40
-13.0
 40
-13.0
 10
193.3015434158761
 20
145.4675305879212
 30
0.0
 10
193.5776857907925
 20
145.4675305879102
 30
0.0
 10
193.8015434158868
 20
145.6913882129852
 30
0.0
 10
193.801543415899
 20
145.9675305879002
 30
0.0
  0
LINE
  5
586
330
1F
100
AcDbEntity
  8
0
100
AcDbLine
 10
193.801543415899
 20
145.9675305879002
 30
0.0
 11
193.8015434164828
 21
158.9675305879002
 31
0.0
  0
SPLINE
  5
587
330
1F
100
AcDbEntity
  8
0
100
AcDbSpline
210
0.0
220
0.0
230
1.0
 70
     8
 71
     3
 72
     8
 73
     4
 74
     0
 42
0.000000001
 43
0.0000000001
 40
-12.0
 40
-12.0
 40
-12.0
 40
-12.0
 40
-11.0
 40
-11.0
 40
-11.0
 40
-11.0
 10
193.8015434164828
 20
158.9675305879002
 30
0.0
 10
193.801543416495
 20
159.2436729628152
 30
0.0
 10
193.5776857914214
 20
159.4675305879092
 30
0.0
 10
193.3015434165056
 20
159.4675305879222
 30
0.0
  0
LINE
  5
588
330
1F
100
AcDbEntity
  8
0
100
AcDbLine
 10
193.3015434165056
 20
159.4675305879222
 30
0.0
 11
180.3015434165064
 21
159.4675305885062
 31
0.0
  0
SPLINE
  5
589
330
1F
100
AcDbEntity
  8
0
100
AcDbSpline
210
0.0
220
0.0
230
1.0
 70
     8
 71
     3
 72
     8
 73
     4
 74
     0
 42
0.000000001
 43
0.0000000001
 40
-10.0
 40
-10.0
 40
-10.0
 40
-10.0
 40
-9.0
 40
-9.0
 40
-9.0
 40
-9.0
 10
180.3015434165064
 20
159.4675305885062
 30
0.0
 10
180.0254010415899
 20
159.4675305885172
 30
0.0
 10
179.8015434164952
 20
159.2436729634442
 30
0.0
 10
179.8015434164829
 20
158.9675305885292
 30
0.0
  0
LINE
  5
590
330
1F
100
AcDbEntity
  8
0
100
AcDbLine
 10
246.4682625313329
 20
158.9675305855322
 30
0.0
 11
246.4682625307478
 21
145.9675305855322
 31
0.0
  0
SPLINE
  5
591
330
1F
100
AcDbEntity
  8
0
100
AcDbSpline
210
0.0
220
0.0
230
1.0
 70
     8
 71
     3
 72
     8
 73
     4
 74
     0
 42
0.000000001
 43
0.0000000001
 40
-8.0
 40
-8.0
 40
-8.0
 40
-8.0
 40
-7.0
 40
-7.0
 40
-7.0
 40
-7.0
 10
246.4682625307478
 20
145.9675305855322
 30
0.0
 10
246.4682625307359
 20
145.6913882106172
 30
0.0
 10
246.6921201558109
 20
145.4675305855232
 30
0.0
 10
246.9682625307249
 20
145.4675305855112
 30
0.0
  0
LINE
  5
592
330
1F
100
AcDbEntity
  8
0
100
AcDbLine
 10
246.9682625307249
 20
145.4675305855112
 30
0.0
 11
259.9682625307259
 21
145.4675305849262
 31
0.0
  0
SPLINE
  5
593
330
1F
100
AcDbEntity
  8
0
100
AcDbSpline
210
0.0
220
0.0
230
1.0
 70
     8
 71
     3
 72
     8
 73
     4
 74
     0
 42
0.000000001
 43
0.0000000001
 40
-14.0
 40
-14.0
 40
-14.0
 40
-14.0
 40
-13.0
 40
-13.0
 40
-13.0
 40
-13.0
 10
259.9682625307259
 20
145.4675305849262
 30
0.0
 10
260.2444049056408
 20
145.4675305849132
 30
0.0
 10
260.4682625307358
 20
145.6913882099872
 30
0.0
 10
260.4682625307489
 20
145.9675305849032
 30
0.0
  0
LINE
  5
594
330
1F
100
AcDbEntity
  8
0
100
AcDbLine
 10
260.4682625307489
 20
145.9675305849032
 30
0.0
 11
260.4682625313338
 21
158.9675305849022
 31
0.0
  0
SPLINE
  5
595
330
1F
100
AcDbEntity
  8
0
100
AcDbSpline
210
0.0
220
0.0
230
1.0
 70
     8
 71
     3
 72
     8
 73
     4
 74
     0
 42
0.000000001
 43
0.0000000001
 40
-12.0
 40
-12.0
 40
-12.0
 40
-12.0
 40
-11.0
 40
-11.0
 40
-11.0
 40
-11.0
 10
260.4682625313338
 20
158.9675305849022
 30
0.0
 10
260.4682625313448
 20
159.2436729598192
 30
0.0
 10
260.2444049062718
 20
159.4675305849132
 30
0.0
 10
259.9682625313568
 20
159.4675305849252
 30
0.0
  0
LINE
  5
596
330
1F
100
AcDbEntity
  8
0
100
AcDbLine
 10
259.9682625313569
 20
159.4675305849252
 30
0.0
 11
246.9682625313549
 21
159.4675305855092
 31
0.0
  0
SPLINE
  5
597
330
1F
100
AcDbEntity
  8
0
100
AcDbSpline
210
0.0
220
0.0
230
1.0
 70
     8
 71
     3
 72
     8
 73
     4
 74
     0
 42
0.000000001
 43
0.0000000001
 40
-10.0
 40
-10.0
 40
-10.0
 40
-10.0
 40
-9.0
 40
-9.0
 40
-9.0
 40
-9.0
 10
246.9682625313549
 20
159.4675305855092
 30
0.0
 10
246.6921201564389
 20
159.4675305855222
 30
0.0
 10
246.4682625313449
 20
159.2436729604472
 30
0.0
 10
246.4682625313329
 20
158.9675305855322
 30
0.0
  0
LINE
  5
598
330
1F
100
AcDbEntity
  8
0
100
AcDbLine
 10
132.1769542333497
 20
158.9675305906672
 30
0.0
 11
132.1769542327658
 21
145.9675305906672
 31
0.0
  0
SPLINE
  5
599
330
1F
100
AcDbEntity
  8
0
100
AcDbSpline
210
0.0
220
0.0
230
1.0
 70
     8
 71
     3
 72
     8
 73
     4
 74
     0
 42
0.000000001
 43
0.0000000001
 40
-8.0
 40
-8.0
 40
-8.0
 40
-8.0
 40
-7.0
 40
-7.0
 40
-7.0
 40
-7.0
 10
132.1769542327658
 20
145.9675305906672
 30
0.0
 10
132.1769542327536
 20
145.6913882157522
 30
0.0
 10
132.4008118578272
 20
145.4675305906582
 30
0.0
 10
132.6769542327437
 20
145.4675305906463
 30
0.0
  0
LINE
  5
600
330
1F
100
AcDbEntity
  8
0
100
AcDbLine
 10
132.6769542327437
 20
145.4675305906463
 30
0.0
 11
145.6769542327435
 21
145.4675305900622
 31
0.0
  0
SPLINE
  5
601
330
1F
100
AcDbEntity
  8
0
100
AcDbSpline
210
0.0
220
0.0
230
1.0
 70
     8
 71
     3
 72
     8
 73
     4
 74
     0
 42
0.000000001
 43
0.0000000001
 40
-14.0
 40
-14.0
 40
-14.0
 40
-14.0
 40
-13.0
 40
-13.0
 40
-13.0
 40
-13.0
 10
145.6769542327435
 20
145.4675305900622
 30
0.0
 10
145.9530966076588
 20
145.4675305900492
 30
0.0
 10
146.1769542327541
 20
145.6913882151252
 30
0.0
 10
146.1769542327663
 20
145.9675305900392
 30
0.0
  0
LINE
  5
602
330
1F
100
AcDbEntity
  8
0
100
AcDbLine
 10
146.1769542327663
 20
145.9675305900392
 30
0.0
 11
146.1769542333502
 21
158.9675305900403
 31
0.0
  0
SPLINE
  5
603
330
1F
100
AcDbEntity
  8
0
100
AcDbSpline
210
0.0
220
0.0
230
1.0
 70
     8
 71
     3
 72
     8
 73
     4
 74
     0
 42
0.000000001
 43
0.0000000001
 40
-12.0
 40
-12.0
 40
-12.0
 40
-12.0
 40
-11.0
 40
-11.0
 40
-11.0
 40
-11.0
 10
146.1769542333502
 20
158.9675305900403
 30
0.0
 10
146.1769542333624
 20
159.2436729649542
 30
0.0
 10
145.9530966082875
 20
159.4675305900482
 30
0.0
 10
145.6769542333724
 20
159.4675305900612
 30
0.0
  0
LINE
  5
604
330
1F
100
AcDbEntity
  8
0
100
AcDbLine
 10
145.6769542333724
 20
159.4675305900612
 30
0.0
 11
132.6769542333725
 21
159.4675305906452
 31
0.0
  0
SPLINE
  5
605
330
1F
100
AcDbEntity
  8
0
100
AcDbSpline
210
0.0
220
0.0
230
1.0
 70
     8
 71
     3
 72
     8
 73
     4
 74
     0
 42
0.000000001
 43
0.0000000001
 40
-10.0
 40
-10.0
 40
-10.0
 40
-10.0
 40
-9.0
 40
-9.0
 40
-9.0
 40
-9.0
 10
132.6769542333725
 20
159.4675305906452
 30
0.0
 10
132.4008118584574
 20
159.4675305906572
 30
0.0
 10
132.1769542333619
 20
159.2436729655832
 30
0.0
 10
132.1769542333497
 20
158.9675305906672
 30
0.0
  0
SPLINE
  5
606
330
1F
100
AcDbEntity
  8
0
100
AcDbSpline
210
0.0
220
0.0
230
1.0
 70
     8
 71
     3
 72
     8
 73
     4
 74
     0
 42
0.000000001
 43
0.0000000001
 40
-2.0
 40
-2.0
 40
-2.0
 40
-2.0
 40
-1.0
 40
-1.0
 40
-1.0
 40
-1.0
 10
75.52695423337326
 20
159.4675305932132
 30
0.0
 10
75.25081185845826
 20
159.4675305932262
 30
0.0
 10
75.02695423336226
 20
159.2436729681522
 30
0.0
 10
75.02695423335026
 20
158.9675305932372
 30
0.0
  0
LINE
  5
607
330
1F
100
AcDbEntity
  8
0
100
AcDbLine
 10
75.02695423335026
 20
158.9675305932372
 30
0.0
 11
75.02695423276626
 21
145.9675305932372
 31
0.0
  0
SPLINE
  5
608
330
1F
100
AcDbEntity
  8
0
100
AcDbSpline
210
0.0
220
0.0
230
1.0
 70
     8
 71
     3
 72
     8
 73
     4
 74
     0
 42
0.000000001
 43
0.0000000001
 40
10.0
 40
10.0
 40
10.0
 40
10.0
 40
11.0
 40
11.0
 40
11.0
 40
11.0
 10
75.02695423276626
 20
145.9675305932372
 30
0.0
 10
75.02695423275426
 20
145.6913882183212
 30
0.0
 10
75.25081185782827
 20
145.4675305932272
 30
0.0
 10
75.52695423274325
 20
145.4675305932152
 30
0.0
  0
LINE
  5
609
330
1F
100
AcDbEntity
  8
0
100
AcDbLine
 10
75.52695423274325
 20
145.4675305932152
 30
0.0
 11
88.52695423274427
 21
145.4675305926302
 31
0.0
  0
SPLINE
  5
610
330
1F
100
AcDbEntity
  8
0
100
AcDbSpline
210
0.0
220
0.0
230
1.0
 70
     8
 71
     3
 72
     8
 73
     4
 74
     0
 42
0.000000001
 43
0.0000000001
 40
12.0
 40
12.0
 40
12.0
 40
12.0
 40
13.0
 40
13.0
 40
13.0
 40
13.0
 10
88.52695423274427
 20
145.4675305926302
 30
0.0
 10
88.80309660765925
 20
145.4675305926172
 30
0.0
 10
89.02695423275526
 20
145.6913882176932
 30
0.0
 10
89.02695423276727
 20
145.9675305926092
 30
0.0
  0
LINE
  5
611
330
1F
100
AcDbEntity
  8
0
100
AcDbLine
 10
89.02695423276727
 20
145.9675305926092
 30
0.0
 11
89.02695423335226
 21
158.9675305926082
 31
0.0
  0
SPLINE
  5
612
330
1F
100
AcDbEntity
  8
0
100
AcDbSpline
210
0.0
220
0.0
230
1.0
 70
     8
 71
     3
 72
     8
 73
     4
 74
     0
 42
0.000000001
 43
0.0000000001
 40
14.0
 40
14.0
 40
14.0
 40
14.0
 40
15.0
 40
15.0
 40
15.0
 40
15.0
 10
89.02695423335226
 20
158.9675305926082
 30
0.0
 10
89.02695423336426
 20
159.2436729675242
 30
0.0
 10
88.80309660828826
 20
159.4675305926192
 30
0.0
 10
88.52695423337326
 20
159.4675305926312
 30
0.0
  0
LINE
  5
613
330
1F
100
AcDbEntity
  8
0
100
AcDbLine
 10
88.52695423337326
 20
159.4675305926312
 30
0.0
 11
75.52695423337326
 21
159.4675305932132
 31
0.0
  0
SPLINE
  5
614
330
1F
100
AcDbEntity
  8
0
100
AcDbSpline
210
0.0
220
0.0
230
1.0
 70
     8
 71
     3
 72
     8
 73
     4
 74
     0
 42
0.000000001
 43
0.0000000001
 40
-6.0
 40
-6.0
 40
-6.0
 40
-6.0
 40
-5.0
 40
-5.0
 40
-5.0
 40
-5.0
 10
126.6269542327433
 20
145.4675305909182
 30
0.0
 10
126.9030966076585
 20
145.4675305909062
 30
0.0
 10
127.1269542327539
 20
145.6913882159802
 30
0.0
 10
127.1269542327661
 20
145.9675305908952
 30
0.0
  0
LINE
  5
615
330
1F
100
AcDbEntity
  8
0
100
AcDbLine
 10
127.1269542327661
 20
145.9675305908952
 30
0.0
 11
127.1269542333501
 21
158.9675305908952
 31
0.0
  0
SPLINE
  5
616
330
1F
100
AcDbEntity
  8
0
100
AcDbSpline
210
0.0
220
0.0
230
1.0
 70
     8
 71
     3
 72
     8
 73
     4
 74
     0
 42
0.000000001
 43
0.0000000001
 40
14.0
 40
14.0
 40
14.0
 40
14.0
 40
15.0
 40
15.0
 40
15.0
 40
15.0
 10
127.1269542333501
 20
158.9675305908952
 30
0.0
 10
127.1269542333622
 20
159.2436729658102
 30
0.0
 10
126.9030966082886
 20
159.4675305909062
 30
0.0
 10
126.6269542333722
 20
159.4675305909192
 30
0.0
  0
LINE
  5
617
330
1F
100
AcDbEntity
  8
0
100
AcDbLine
 10
126.6269542333722
 20
159.4675305909192
 30
0.0
 11
113.6269542333737
 21
159.4675305915022
 31
0.0
  0
SPLINE
  5
618
330
1F
100
AcDbEntity
  8
0
100
AcDbSpline
210
0.0
220
0.0
230
1.0
 70
     8
 71
     3
 72
     8
 73
     4
 74
     0
 42
0.000000001
 43
0.0000000001
 40
-10.0
 40
-10.0
 40
-10.0
 40
-10.0
 40
-9.0
 40
-9.0
 40
-9.0
 40
-9.0
 10
113.6269542333737
 20
159.4675305915022
 30
0.0
 10
113.3508118584572
 20
159.4675305915142
 30
0.0
 10
113.1269542333617
 20
159.2436729664392
 30
0.0
 10
113.1269542333495
 20
158.9675305915242
 30
0.0
  0
LINE
  5
619
330
1F
100
AcDbEntity
  8
0
100
AcDbLine
 10
113.1269542333495
 20
158.9675305915242
 30
0.0
 11
113.1269542327656
 21
145.9675305915242
 31
0.0
  0
SPLINE
  5
620
330
1F
100
AcDbEntity
  8
0
100
AcDbSpline
210
0.0
220
0.0
230
1.0
 70
     8
 71
     3
 72
     8
 73
     4
 74
     0
 42
0.000000001
 43
0.0000000001
 40
-8.0
 40
-8.0
 40
-8.0
 40
-8.0
 40
-7.0
 40
-7.0
 40
-7.0
 40
-7.0
 10
113.1269542327656
 20
145.9675305915242
 30
0.0
 10
113.1269542327534
 20
145.6913882166092
 30
0.0
 10
113.3508118578283
 20
145.4675305915151
 30
0.0
 10
113.6269542327435
 20
145.4675305915022
 30
0.0
  0
LINE
  5
621
330
1F
100
AcDbEntity
  8
0
100
AcDbLine
 10
113.6269542327435
 20
145.4675305915022
 30
0.0
 11
126.6269542327433
 21
145.4675305909182
 31
0.0
  0
LINE
  5
622
330
1F
100
AcDbEntity
  8
0
100
AcDbLine
 10
217.9015434164818
 20
158.9675305868162
 30
0.0
 11
217.9015434158992
 21
145.9675305868172
 31
0.0
  0
SPLINE
  5
623
330
1F
100
AcDbEntity
  8
0
100
AcDbSpline
210
0.0
220
0.0
230
1.0
 70
     8
 71
     3
 72
     8
 73
     4
 74
     0
 42
0.000000001
 43
0.0000000001
 40
-8.0
 40
-8.0
 40
-8.0
 40
-8.0
 40
-7.0
 40
-7.0
 40
-7.0
 40
-7.0
 10
217.9015434158992
 20
145.9675305868172
 30
0.0
 10
217.9015434158863
 20
145.6913882119012
 30
0.0
 10
218.1254010409599
 20
145.4675305868062
 30
0.0
 10
218.4015434158764
 20
145.4675305867932
 30
0.0
  0
LINE
  5
624
330
1F
100
AcDbEntity
  8
0
100
AcDbLine
 10
218.4015434158764
 20
145.4675305867932
 30
0.0
 11
231.4015434158761
 21
145.4675305862092
 31
0.0
  0
SPLINE
  5
625
330
1F
100
AcDbEntity
  8
0
100
AcDbSpline
210
0.0
220
0.0
230
1.0
 70
     8
 71
     3
 72
     8
 73
     4
 74
     0
 42
0.000000001
 43
0.0000000001
 40
-14.0
 40
-14.0
 40
-14.0
 40
-14.0
 40
-13.0
 40
-13.0
 40
-13.0
 40
-13.0
 10
231.4015434158761
 20
145.4675305862092
 30
0.0
 10
231.6776857907914
 20
145.4675305861962
 30
0.0
 10
231.9015434158855
 20
145.6913882112712
 30
0.0
 10
231.9015434158984
 20
145.9675305861862
 30
0.0
  0
LINE
  5
626
330
1F
100
AcDbEntity
  8
0
100
AcDbLine
 10
231.9015434158984
 20
145.9675305861862
 30
0.0
 11
231.9015434164823
 21
158.9675305861862
 31
0.0
  0
SPLINE
  5
627
330
1F
100
AcDbEntity
  8
0
100
AcDbSpline
210
0.0
220
0.0
230
1.0
 70
     8
 71
     3
 72
     8
 73
     4
 74
     0
 42
0.000000001
 43
0.0000000001
 40
-12.0
 40
-12.0
 40
-12.0
 40
-12.0
 40
-11.0
 40
-11.0
 40
-11.0
 40
-11.0
 10
231.9015434164823
 20
158.9675305861862
 30
0.0
 10
231.9015434164952
 20
159.2436729611012
 30
0.0
 10
231.6776857914203
 20
159.4675305861982
 30
0.0
 10
231.401543416505
 20
159.4675305862112
 30
0.0
  0
LINE
  5
628
330
1F
100
AcDbEntity
  8
0
100
AcDbLine
 10
231.401543416505
 20
159.4675305862112
 30
0.0
 11
218.4015434165039
 21
159.4675305867922
 31
0.0
  0
SPLINE
  5
629
330
1F
100
AcDbEntity
  8
0
100
AcDbSpline
210
0.0
220
0.0
230
1.0
 70
     8
 71
     3
 72
     8
 73
     4
 74
     0
 42
0.000000001
 43
0.0000000001
 40
-10.0
 40
-10.0
 40
-10.0
 40
-10.0
 40
-9.0
 40
-9.0
 40
-9.0
 40
-9.0
 10
218.4015434165039
 20
159.4675305867922
 30
0.0
 10
218.1254010415888
 20
159.4675305868052
 30
0.0
 10
217.9015434164947
 20
159.2436729617322
 30
0.0
 10
217.9015434164818
 20
158.9675305868162
 30
0.0
  0
LINE
  5
630
330
1F
100
AcDbEntity
  8
0
100
AcDbLine
 10
94.07695423335026
 20
158.9675305923802
 30
0.0
 11
94.07695423276626
 21
145.9675305923802
 31
0.0
  0
SPLINE
  5
631
330
1F
100
AcDbEntity
  8
0
100
AcDbSpline
210
0.0
220
0.0
230
1.0
 70
     8
 71
     3
 72
     8
 73
     4
 74
     0
 42
0.000000001
 43
0.0000000001
 40
11.0
 40
11.0
 40
11.0
 40
11.0
 40
12.0
 40
12.0
 40
12.0
 40
12.0
 10
94.07695423276626
 20
145.9675305923802
 30
0.0
 10
94.07695423275425
 20
145.6913882174652
 30
0.0
 10
94.30081185782826
 20
145.4675305923702
 30
0.0
 10
94.57695423274326
 20
145.4675305923582
 30
0.0
  0
LINE
  5
632
330
1F
100
AcDbEntity
  8
0
100
AcDbLine
 10
94.57695423274326
 20
145.4675305923582
 30
0.0
 11
107.5769542327444
 21
145.4675305917742
 31
0.0
  0
SPLINE
  5
633
330
1F
100
AcDbEntity
  8
0
100
AcDbSpline
210
0.0
220
0.0
230
1.0
 70
     8
 71
     3
 72
     8
 73
     4
 74
     0
 42
0.000000001
 43
0.0000000001
 40
13.0
 40
13.0
 40
13.0
 40
13.0
 40
14.0
 40
14.0
 40
14.0
 40
14.0
 10
107.5769542327444
 20
145.4675305917742
 30
0.0
 10
107.8530966076596
 20
145.4675305917632
 30
0.0
 10
108.0769542327537
 20
145.6913882168362
 30
0.0
 10
108.0769542327659
 20
145.9675305917512
 30
0.0
  0
LINE
  5
634
330
1F
100
AcDbEntity
  8
0
100
AcDbLine
 10
108.0769542327659
 20
145.9675305917512
 30
0.0
 11
108.0769542333518
 21
158.9675305917512
 31
0.0
  0
SPLINE
  5
635
330
1F
100
AcDbEntity
  8
0
100
AcDbSpline
210
0.0
220
0.0
230
1.0
 70
     8
 71
     3
 72
     8
 73
     4
 74
     0
 42
0.000000001
 43
0.0000000001
 40
15.0
 40
15.0
 40
15.0
 40
15.0
 40
16.0
 40
16.0
 40
16.0
 40
16.0
 10
108.0769542333518
 20
158.9675305917512
 30
0.0
 10
108.076954233364
 20
159.2436729666682
 30
0.0
 10
107.8530966082891
 20
159.4675305917622
 30
0.0
 10
107.5769542333732
 20
159.4675305917732
 30
0.0
  0
LINE
  5
636
330
1F
100
AcDbEntity
  8
0
100
AcDbLine
 10
107.5769542333732
 20
159.4675305917732
 30
0.0
 11
94.57695423337426
 21
159.4675305923582
 31
0.0
  0
SPLINE
  5
637
330
1F
100
AcDbEntity
  8
0
100
AcDbSpline
210
0.0
220
0.0
230
1.0
 70
     8
 71
     3
 72
     8
 73
     4
 74
     0
 42
0.000000001
 43
0.0000000001
 40
-5.0
 40
-5.0
 40
-5.0
 40
-5.0
 40
-4.0
 40
-4.0
 40
-4.0
 40
-4.0
 10
94.57695423337426
 20
159.4675305923582
 30
0.0
 10
94.30081185845734
 20
159.4675305923702
 30
0.0
 10
94.07695423336326
 20
159.2436729672952
 30
0.0
 10
94.07695423335026
 20
158.9675305923802
 30
0.0
  0
LINE
  5
638
330
1F
100
AcDbEntity
  8
0
100
AcDbLine
 10
212.8515434158989
 20
145.9675305870442
 30
0.0
 11
212.8515434164841
 21
158.9675305870442
 31
0.0
  0
SPLINE
  5
639
330
1F
100
AcDbEntity
  8
0
100
AcDbSpline
210
0.0
220
0.0
230
1.0
 70
     8
 71
     3
 72
     8
 73
     4
 74
     0
 42
0.000000001
 43
0.0000000001
 40
-8.0
 40
-8.0
 40
-8.0
 40
-8.0
 40
-7.0
 40
-7.0
 40
-7.0
 40
-7.0
 10
212.8515434164841
 20
158.9675305870442
 30
0.0
 10
212.8515434164956
 20
159.2436729619592
 30
0.0
 10
212.6276857914219
 20
159.4675305870533
 30
0.0
 10
212.3515434165056
 20
159.4675305870662
 30
0.0
  0
LINE
  5
640
330
1F
100
AcDbEntity
  8
0
100
AcDbLine
 10
212.3515434165056
 20
159.4675305870662
 30
0.0
 11
199.3515434165053
 21
159.4675305876502
 31
0.0
  0
SPLINE
  5
641
330
1F
100
AcDbEntity
  8
0
100
AcDbSpline
210
0.0
220
0.0
230
1.0
 70
     8
 71
     3
 72
     8
 73
     4
 74
     0
 42
0.000000001
 43
0.0000000001
 40
-14.0
 40
-14.0
 40
-14.0
 40
-14.0
 40
-13.0
 40
-13.0
 40
-13.0
 40
-13.0
 10
199.3515434165053
 20
159.4675305876502
 30
0.0
 10
199.0754010415902
 20
159.4675305876612
 30
0.0
 10
198.8515434164947
 20
159.2436729625862
 30
0.0
 10
198.8515434164825
 20
158.9675305876712
 30
0.0
  0
LINE
  5
642
330
1F
100
AcDbEntity
  8
0
100
AcDbLine
 10
198.8515434164825
 20
158.9675305876712
 30
0.0
 11
198.8515434158987
 21
145.9675305876713
 31
0.0
  0
SPLINE
  5
643
330
1F
100
AcDbEntity
  8
0
100
AcDbSpline
210
0.0
220
0.0
230
1.0
 70
     8
 71
     3
 72
     8
 73
     4
 74
     0
 42
0.000000001
 43
0.0000000001
 40
-12.0
 40
-12.0
 40
-12.0
 40
-12.0
 40
-11.0
 40
-11.0
 40
-11.0
 40
-11.0
 10
198.8515434158987
 20
145.9675305876713
 30
0.0
 10
198.8515434158865
 20
145.6913882127562
 30
0.0
 10
199.0754010409613
 20
145.4675305876612
 30
0.0
 10
199.3515434158764
 20
145.4675305876492
 30
0.0
  0
LINE
  5
644
330
1F
100
AcDbEntity
  8
0
100
AcDbLine
 10
199.3515434158764
 20
145.4675305876492
 30
0.0
 11
212.3515434158767
 21
145.4675305870672
 31
0.0
  0
SPLINE
  5
645
330
1F
100
AcDbEntity
  8
0
100
AcDbSpline
210
0.0
220
0.0
230
1.0
 70
     8
 71
     3
 72
     8
 73
     4
 74
     0
 42
0.000000001
 43
0.0000000001
 40
-10.0
 40
-10.0
 40
-10.0
 40
-10.0
 40
-9.0
 40
-9.0
 40
-9.0
 40
-9.0
 10
212.3515434158767
 20
145.4675305870672
 30
0.0
 10
212.6276857907917
 20
145.4675305870542
 30
0.0
 10
212.851543415886
 20
145.6913882121292
 30
0.0
 10
212.8515434158989
 20
145.9675305870442
 30
0.0
  0
LINE
  5
646
330
1F
100
AcDbEntity
  8
0
100
AcDbLine
 10
56.46926252965724
 20
121.6550305940721
 30
0.0
 11
69.46926252965724
 21
121.6550305934884
 31
0.0
  0
SPLINE
  5
647
330
1F
100
AcDbEntity
  8
0
100
AcDbSpline
210
0.0
220
0.0
230
1.0
 70
     8
 71
     3
 72
     8
 73
     4
 74
     0
 42
0.000000001
 43
0.0000000001
 40
-8.0
 40
-8.0
 40
-8.0
 40
-8.0
 40
-7.0
 40
-7.0
 40
-7.0
 40
-7.0
 10
69.46926252965724
 20
121.6550305934884
 30
0.0
 10
69.74540490457227
 20
121.6550305934753
 30
0.0
 10
69.96926252966827
 20
121.878888218549
 30
0.0
 10
69.96926252968027
 20
122.1550305934655
 30
0.0
  0
LINE
  5
648
330
1F
100
AcDbEntity
  8
0
100
AcDbLine
 10
69.96926252968027
 20
122.1550305934655
 30
0.0
 11
69.96926253026426
 21
135.1550305934602
 31
0.0
  0
SPLINE
  5
649
330
1F
100
AcDbEntity
  8
0
100
AcDbSpline
210
0.0
220
0.0
230
1.0
 70
     8
 71
     3
 72
     8
 73
     4
 74
     0
 42
0.000000001
 43
0.0000000001
 40
-14.0
 40
-14.0
 40
-14.0
 40
-14.0
 40
-13.0
 40
-13.0
 40
-13.0
 40
-13.0
 10
69.96926253026426
 20
135.1550305934602
 30
0.0
 10
69.96926253027726
 20
135.4311729683752
 30
0.0
 10
69.74540490520226
 20
135.6550305934692
 30
0.0
 10
69.46926253028725
 20
135.6550305934812
 30
0.0
  0
LINE
  5
650
330
1F
100
AcDbEntity
  8
0
100
AcDbLine
 10
69.46926253028725
 20
135.6550305934812
 30
0.0
 11
56.46926253028826
 21
135.6550305940672
 31
0.0
  0
SPLINE
  5
651
330
1F
100
AcDbEntity
  8
0
100
AcDbSpline
210
0.0
220
0.0
230
1.0
 70
     8
 71
     3
 72
     8
 73
     4
 74
     0
 42
0.000000001
 43
0.0000000001
 40
-12.0
 40
-12.0
 40
-12.0
 40
-12.0
 40
-11.0
 40
-11.0
 40
-11.0
 40
-11.0
 10
56.46926253028826
 20
135.6550305940672
 30
0.0
 10
56.19312015537227
 20
135.6550305940792
 30
0.0
 10
55.96926253027826
 20
135.4311729690042
 30
0.0
 10
55.96926253026627
 20
135.1550305940902
 30
0.0
  0
LINE
  5
652
330
1F
100
AcDbEntity
  8
0
100
AcDbLine
 10
55.96926253026627
 20
135.1550305940902
 30
0.0
 11
55.96926252968126
 21
122.1550305940931
 31
0.0
  0
SPLINE
  5
653
330
1F
100
AcDbEntity
  8
0
100
AcDbSpline
210
0.0
220
0.0
230
1.0
 70
     8
 71
     3
 72
     8
 73
     4
 74
     0
 42
0.000000001
 43
0.0000000001
 40
-10.0
 40
-10.0
 40
-10.0
 40
-10.0
 40
-9.0
 40
-9.0
 40
-9.0
 40
-9.0
 10
55.96926252968126
 20
122.1550305940931
 30
0.0
 10
55.96926252966827
 20
121.8788882191779
 30
0.0
 10
56.19312015474225
 20
121.6550305940838
 30
0.0
 10
56.46926252965724
 20
121.6550305940721
 30
0.0
  0
LINE
  5
654
330
1F
100
AcDbEntity
  8
0
100
AcDbLine
 10
221.8692625302848
 20
135.6550305866342
 30
0.0
 11
208.8692625302856
 21
135.6550305872151
 31
0.0
  0
SPLINE
  5
655
330
1F
100
AcDbEntity
  8
0
100
AcDbSpline
210
0.0
220
0.0
230
1.0
 70
     8
 71
     3
 72
     8
 73
     4
 74
     0
 42
0.000000001
 43
0.0000000001
 40
-8.0
 40
-8.0
 40
-8.0
 40
-8.0
 40
-7.0
 40
-7.0
 40
-7.0
 40
-7.0
 10
208.8692625302856
 20
135.6550305872151
 30
0.0
 10
208.5931201553716
 20
135.6550305872282
 30
0.0
 10
208.3692625302763
 20
135.4311729621552
 30
0.0
 10
208.3692625302634
 20
135.1550305872392
 30
0.0
  0
LINE
  5
656
330
1F
100
AcDbEntity
  8
0
100
AcDbLine
 10
208.3692625302634
 20
135.1550305872392
 30
0.0
 11
208.3692625296795
 21
122.1550305872462
 31
0.0
  0
SPLINE
  5
657
330
1F
100
AcDbEntity
  8
0
100
AcDbSpline
210
0.0
220
0.0
230
1.0
 70
     8
 71
     3
 72
     8
 73
     4
 74
     0
 42
0.000000001
 43
0.0000000001
 40
-14.0
 40
-14.0
 40
-14.0
 40
-14.0
 40
-13.0
 40
-13.0
 40
-13.0
 40
-13.0
 10
208.3692625296795
 20
122.1550305872462
 30
0.0
 10
208.3692625296666
 20
121.8788882123309
 30
0.0
 10
208.5931201547416
 20
121.6550305872355
 30
0.0
 10
208.8692625296566
 20
121.6550305872227
 30
0.0
  0
LINE
  5
658
330
1F
100
AcDbEntity
  8
0
100
AcDbLine
 10
208.8692625296566
 20
121.6550305872227
 30
0.0
 11
221.8692625296559
 21
121.6550305866388
 31
0.0
  0
SPLINE
  5
659
330
1F
100
AcDbEntity
  8
0
100
AcDbSpline
210
0.0
220
0.0
230
1.0
 70
     8
 71
     3
 72
     8
 73
     4
 74
     0
 42
0.000000001
 43
0.0000000001
 40
-12.0
 40
-12.0
 40
-12.0
 40
-12.0
 40
-11.0
 40
-11.0
 40
-11.0
 40
-11.0
 10
221.8692625296559
 20
121.6550305866388
 30
0.0
 10
222.1454049045711
 20
121.6550305866259
 30
0.0
 10
222.3692625296652
 20
121.878888211702
 30
0.0
 10
222.3692625296781
 20
122.1550305866172
 30
0.0
  0
LINE
  5
660
330
1F
100
AcDbEntity
  8
0
100
AcDbLine
 10
222.3692625296781
 20
122.1550305866172
 30
0.0
 11
222.3692625302633
 21
135.1550305866112
 31
0.0
  0
SPLINE
  5
661
330
1F
100
AcDbEntity
  8
0
100
AcDbSpline
210
0.0
220
0.0
230
1.0
 70
     8
 71
     3
 72
     8
 73
     4
 74
     0
 42
0.000000001
 43
0.0000000001
 40
-10.0
 40
-10.0
 40
-10.0
 40
-10.0
 40
-9.0
 40
-9.0
 40
-9.0
 40
-9.0
 10
222.3692625302633
 20
135.1550305866112
 30
0.0
 10
222.3692625302748
 20
135.4311729615262
 30
0.0
 10
222.1454049051998
 20
135.6550305866212
 30
0.0
 10
221.8692625302848
 20
135.6550305866342
 30
0.0
  0
LINE
  5
662
330
1F
100
AcDbEntity
  8
0
100
AcDbLine
 10
146.1692625296795
 20
122.1550305900427
 30
0.0
 11
146.169262530264
 21
135.1550305900362
 31
0.0
  0
SPLINE
  5
663
330
1F
100
AcDbEntity
  8
0
100
AcDbSpline
210
0.0
220
0.0
230
1.0
 70
     8
 71
     3
 72
     8
 73
     4
 74
     0
 42
0.000000001
 43
0.0000000001
 40
-8.0
 40
-8.0
 40
-8.0
 40
-8.0
 40
-7.0
 40
-7.0
 40
-7.0
 40
-7.0
 10
146.169262530264
 20
135.1550305900362
 30
0.0
 10
146.1692625302762
 20
135.4311729649512
 30
0.0
 10
145.9454049052013
 20
135.6550305900471
 30
0.0
 10
145.6692625302862
 20
135.6550305900582
 30
0.0
  0
LINE
  5
664
330
1F
100
AcDbEntity
  8
0
100
AcDbLine
 10
145.6692625302862
 20
135.6550305900582
 30
0.0
 11
132.6692625302863
 21
135.6550305906422
 31
0.0
  0
SPLINE
  5
665
330
1F
100
AcDbEntity
  8
0
100
AcDbSpline
210
0.0
220
0.0
230
1.0
 70
     8
 71
     3
 72
     8
 73
     4
 74
     0
 42
0.000000001
 43
0.0000000001
 40
-14.0
 40
-14.0
 40
-14.0
 40
-14.0
 40
-13.0
 40
-13.0
 40
-13.0
 40
-13.0
 10
132.6692625302863
 20
135.6550305906422
 30
0.0
 10
132.3931201553712
 20
135.6550305906552
 30
0.0
 10
132.169262530277
 20
135.4311729655812
 30
0.0
 10
132.1692625302648
 20
135.1550305906652
 30
0.0
  0
LINE
  5
666
330
1F
100
AcDbEntity
  8
0
100
AcDbLine
 10
132.1692625302648
 20
135.1550305906652
 30
0.0
 11
132.1692625296803
 21
122.1550305906702
 31
0.0
  0
SPLINE
  5
667
330
1F
100
AcDbEntity
  8
0
100
AcDbSpline
210
0.0
220
0.0
230
1.0
 70
     8
 71
     3
 72
     8
 73
     4
 74
     0
 42
0.000000001
 43
0.0000000001
 40
-12.0
 40
-12.0
 40
-12.0
 40
-12.0
 40
-11.0
 40
-11.0
 40
-11.0
 40
-11.0
 10
132.1692625296803
 20
122.1550305906702
 30
0.0
 10
132.169262529668
 20
121.878888215755
 30
0.0
 10
132.3931201547417
 20
121.6550305906609
 30
0.0
 10
132.6692625296568
 20
121.6550305906495
 30
0.0
  0
LINE
  5
668
330
1F
100
AcDbEntity
  8
0
100
AcDbLine
 10
132.6692625296568
 20
121.6550305906495
 30
0.0
 11
145.6692625296566
 21
121.6550305900654
 31
0.0
  0
SPLINE
  5
669
330
1F
100
AcDbEntity
  8
0
100
AcDbSpline
210
0.0
220
0.0
230
1.0
 70
     8
 71
     3
 72
     8
 73
     4
 74
     0
 42
0.000000001
 43
0.0000000001
 40
-10.0
 40
-10.0
 40
-10.0
 40
-10.0
 40
-9.0
 40
-9.0
 40
-9.0
 40
-9.0
 10
145.6692625296566
 20
121.6550305900654
 30
0.0
 10
145.9454049045718
 20
121.6550305900526
 30
0.0
 10
146.1692625296672
 20
121.8788882151262
 30
0.0
 10
146.1692625296795
 20
122.1550305900427
 30
0.0
  0
SPLINE
  5
670
330
1F
100
AcDbEntity
  8
0
100
AcDbSpline
210
0.0
220
0.0
230
1.0
 70
     8
 71
     3
 72
     8
 73
     4
 74
     0
 42
0.000000001
 43
0.0000000001
 40
0.0
 40
0.0
 40
0.0
 40
0.0
 40
1.0
 40
1.0
 40
1.0
 40
1.0
 10
50.91926253026525
 20
135.1550305943162
 30
0.0
 10
50.91926253027725
 20
135.4311729692311
 30
0.0
 10
50.69540490520324
 20
135.6550305943272
 30
0.0
 10
50.41926253028828
 20
135.6550305943381
 30
0.0
  0
LINE
  5
671
330
1F
100
AcDbEntity
  8
0
100
AcDbLine
 10
50.41926253028828
 20
135.6550305943381
 30
0.0
 11
37.41926253028828
 21
135.6550305949232
 31
0.0
  0
SPLINE
  5
672
330
1F
100
AcDbEntity
  8
0
100
AcDbSpline
210
0.0
220
0.0
230
1.0
 70
     8
 71
     3
 72
     8
 73
     4
 74
     0
 42
0.000000001
 43
0.0000000001
 40
-14.0
 40
-14.0
 40
-14.0
 40
-14.0
 40
-13.0
 40
-13.0
 40
-13.0
 40
-13.0
 10
37.41926253028828
 20
135.6550305949232
 30
0.0
 10
37.14312015537326
 20
135.6550305949362
 30
0.0
 10
36.91926253027825
 20
135.4311729698612
 30
0.0
 10
36.91926253026625
 20
135.1550305949482
 30
0.0
  0
LINE
  5
673
330
1F
100
AcDbEntity
  8
0
100
AcDbLine
 10
36.91926253026625
 20
135.1550305949482
 30
0.0
 11
36.91926252968026
 21
122.1550305949517
 31
0.0
  0
SPLINE
  5
674
330
1F
100
AcDbEntity
  8
0
100
AcDbSpline
210
0.0
220
0.0
230
1.0
 70
     8
 71
     3
 72
     8
 73
     4
 74
     0
 42
0.000000001
 43
0.0000000001
 40
-12.0
 40
-12.0
 40
-12.0
 40
-12.0
 40
-11.0
 40
-11.0
 40
-11.0
 40
-11.0
 10
36.91926252968026
 20
122.1550305949517
 30
0.0
 10
36.91926252966826
 20
121.8788882200352
 30
0.0
 10
37.14312015474326
 20
121.655030594941
 30
0.0
 10
37.41926252965928
 20
121.6550305949294
 30
0.0
  0
LINE
  5
675
330
1F
100
AcDbEntity
  8
0
100
AcDbLine
 10
37.41926252965928
 20
121.6550305949294
 30
0.0
 11
50.41926252965723
 21
121.6550305943443
 31
0.0
  0
SPLINE
  5
676
330
1F
100
AcDbEntity
  8
0
100
AcDbSpline
210
0.0
220
0.0
230
1.0
 70
     8
 71
     3
 72
     8
 73
     4
 74
     0
 42
0.000000001
 43
0.0000000001
 40
-10.0
 40
-10.0
 40
-10.0
 40
-10.0
 40
-9.0
 40
-9.0
 40
-9.0
 40
-9.0
 10
50.41926252965723
 20
121.6550305943443
 30
0.0
 10
50.69540490457325
 20
121.6550305943314
 30
0.0
 10
50.91926252966726
 20
121.8788882194064
 30
0.0
 10
50.91926252968026
 20
122.1550305943215
 30
0.0
  0
LINE
  5
677
330
1F
100
AcDbEntity
  8
0
100
AcDbLine
 10
50.91926252968026
 20
122.1550305943215
 30
0.0
 11
50.91926253026525
 21
135.1550305943162
 31
0.0
  0
LINE
  5
678
330
1F
100
AcDbEntity
  8
0
100
AcDbLine
 10
203.3192625296782
 20
122.1550305874746
 30
0.0
 11
203.3192625302634
 21
135.1550305874682
 31
0.0
  0
SPLINE
  5
679
330
1F
100
AcDbEntity
  8
0
100
AcDbSpline
210
0.0
220
0.0
230
1.0
 70
     8
 71
     3
 72
     8
 73
     4
 74
     0
 42
0.000000001
 43
0.0000000001
 40
-8.0
 40
-8.0
 40
-8.0
 40
-8.0
 40
-7.0
 40
-7.0
 40
-7.0
 40
-7.0
 10
203.3192625302634
 20
135.1550305874682
 30
0.0
 10
203.3192625302749
 20
135.4311729623832
 30
0.0
 10
203.0954049052
 20
135.6550305874762
 30
0.0
 10
202.8192625302862
 20
135.6550305874892
 30
0.0
  0
LINE
  5
680
330
1F
100
AcDbEntity
  8
0
100
AcDbLine
 10
202.8192625302862
 20
135.6550305874892
 30
0.0
 11
189.8192625302856
 21
135.6550305880732
 31
0.0
  0
SPLINE
  5
681
330
1F
100
AcDbEntity
  8
0
100
AcDbSpline
210
0.0
220
0.0
230
1.0
 70
     8
 71
     3
 72
     8
 73
     4
 74
     0
 42
0.000000001
 43
0.0000000001
 40
-14.0
 40
-14.0
 40
-14.0
 40
-14.0
 40
-13.0
 40
-13.0
 40
-13.0
 40
-13.0
 10
189.8192625302856
 20
135.6550305880732
 30
0.0
 10
189.5431201553705
 20
135.6550305880862
 30
0.0
 10
189.3192625302758
 20
135.4311729630112
 30
0.0
 10
189.3192625302636
 20
135.1550305880942
 30
0.0
  0
LINE
  5
682
330
1F
100
AcDbEntity
  8
0
100
AcDbLine
 10
189.3192625302636
 20
135.1550305880942
 30
0.0
 11
189.319262529679
 21
122.1550305881022
 31
0.0
  0
SPLINE
  5
683
330
1F
100
AcDbEntity
  8
0
100
AcDbSpline
210
0.0
220
0.0
230
1.0
 70
     8
 71
     3
 72
     8
 73
     4
 74
     0
 42
0.000000001
 43
0.0000000001
 40
-12.0
 40
-12.0
 40
-12.0
 40
-12.0
 40
-11.0
 40
-11.0
 40
-11.0
 40
-11.0
 10
189.319262529679
 20
122.1550305881022
 30
0.0
 10
189.3192625296667
 20
121.878888213187
 30
0.0
 10
189.5431201547411
 20
121.6550305880929
 30
0.0
 10
189.8192625296562
 20
121.65503058808
 30
0.0
  0
LINE
  5
684
330
1F
100
AcDbEntity
  8
0
100
AcDbLine
 10
189.8192625296562
 20
121.65503058808
 30
0.0
 11
202.819262529656
 21
121.655030587496
 31
0.0
  0
SPLINE
  5
685
330
1F
100
AcDbEntity
  8
0
100
AcDbSpline
210
0.0
220
0.0
230
1.0
 70
     8
 71
     3
 72
     8
 73
     4
 74
     0
 42
0.000000001
 43
0.0000000001
 40
-10.0
 40
-10.0
 40
-10.0
 40
-10.0
 40
-9.0
 40
-9.0
 40
-9.0
 40
-9.0
 10
202.819262529656
 20
121.655030587496
 30
0.0
 10
203.0954049045711
 20
121.6550305874832
 30
0.0
 10
203.3192625296654
 20
121.8788882125582
 30
0.0
 10
203.3192625296782
 20
122.1550305874746
 30
0.0
  0
LINE
  5
686
330
1F
100
AcDbEntity
  8
0
100
AcDbLine
 10
126.619262530286
 20
135.6550305909141
 30
0.0
 11
113.6192625302875
 21
135.6550305914982
 31
0.0
  0
SPLINE
  5
687
330
1F
100
AcDbEntity
  8
0
100
AcDbSpline
210
0.0
220
0.0
230
1.0
 70
     8
 71
     3
 72
     8
 73
     4
 74
     0
 42
0.000000001
 43
0.0000000001
 40
-8.0
 40
-8.0
 40
-8.0
 40
-8.0
 40
-7.0
 40
-7.0
 40
-7.0
 40
-7.0
 10
113.6192625302875
 20
135.6550305914982
 30
0.0
 10
113.3431201553723
 20
135.6550305915112
 30
0.0
 10
113.1192625302768
 20
135.4311729664362
 30
0.0
 10
113.1192625302646
 20
135.1550305915212
 30
0.0
  0
LINE
  5
688
330
1F
100
AcDbEntity
  8
0
100
AcDbLine
 10
113.1192625302646
 20
135.1550305915212
 30
0.0
 11
113.11926252968
 21
122.1550305915276
 31
0.0
  0
SPLINE
  5
689
330
1F
100
AcDbEntity
  8
0
100
AcDbSpline
210
0.0
220
0.0
230
1.0
 70
     8
 71
     3
 72
     8
 73
     4
 74
     0
 42
0.000000001
 43
0.0000000001
 40
-14.0
 40
-14.0
 40
-14.0
 40
-14.0
 40
-13.0
 40
-13.0
 40
-13.0
 40
-13.0
 10
113.11926252968
 20
122.1550305915276
 30
0.0
 10
113.1192625296678
 20
121.8788882166124
 30
0.0
 10
113.3431201547415
 20
121.655030591517
 30
0.0
 10
113.6192625296579
 20
121.6550305915041
 30
0.0
  0
LINE
  5
690
330
1F
100
AcDbEntity
  8
0
100
AcDbLine
 10
113.6192625296579
 20
121.6550305915041
 30
0.0
 11
126.6192625296565
 21
121.6550305909188
 31
0.0
  0
SPLINE
  5
691
330
1F
100
AcDbEntity
  8
0
100
AcDbSpline
210
0.0
220
0.0
230
1.0
 70
     8
 71
     3
 72
     8
 73
     4
 74
     0
 42
0.000000001
 43
0.0000000001
 40
-12.0
 40
-12.0
 40
-12.0
 40
-12.0
 40
-11.0
 40
-11.0
 40
-11.0
 40
-11.0
 10
126.6192625296565
 20
121.6550305909188
 30
0.0
 10
126.8954049045716
 20
121.6550305909074
 30
0.0
 10
127.119262529667
 20
121.878888215981
 30
0.0
 10
127.1192625296792
 20
122.155030590896
 30
0.0
  0
LINE
  5
692
330
1F
100
AcDbEntity
  8
0
100
AcDbLine
 10
127.1192625296792
 20
122.155030590896
 30
0.0
 11
127.1192625302639
 21
135.1550305908922
 31
0.0
  0
SPLINE
  5
693
330
1F
100
AcDbEntity
  8
0
100
AcDbSpline
210
0.0
220
0.0
230
1.0
 70
     8
 71
     3
 72
     8
 73
     4
 74
     0
 42
0.000000001
 43
0.0000000001
 40
-10.0
 40
-10.0
 40
-10.0
 40
-10.0
 40
-9.0
 40
-9.0
 40
-9.0
 40
-9.0
 10
127.1192625302639
 20
135.1550305908922
 30
0.0
 10
127.119262530276
 20
135.4311729658072
 30
0.0
 10
126.8954049052025
 20
135.6550305909032
 30
0.0
 10
126.619262530286
 20
135.6550305909141
 30
0.0
  0
LINE
  5
694
330
1F
100
AcDbEntity
  8
0
100
AcDbLine
 10
266.0192625296549
 20
121.6550305846546
 30
0.0
 11
279.0192625296539
 21
121.6550305840707
 31
0.0
  0
SPLINE
  5
695
330
1F
100
AcDbEntity
  8
0
100
AcDbSpline
210
0.0
220
0.0
230
1.0
 70
     8
 71
     3
 72
     8
 73
     4
 74
     0
 42
0.000000001
 43
0.0000000001
 40
-8.0
 40
-8.0
 40
-8.0
 40
-8.0
 40
-7.0
 40
-7.0
 40
-7.0
 40
-7.0
 10
279.0192625296539
 20
121.6550305840707
 30
0.0
 10
279.2954049045698
 20
121.6550305840578
 30
0.0
 10
279.5192625296638
 20
121.8788882091328
 30
0.0
 10
279.5192625296769
 20
122.1550305840479
 30
0.0
  0
LINE
  5
696
330
1F
100
AcDbEntity
  8
0
100
AcDbLine
 10
279.5192625296769
 20
122.1550305840479
 30
0.0
 11
279.5192625302608
 21
135.1550305840422
 31
0.0
  0
SPLINE
  5
697
330
1F
100
AcDbEntity
  8
0
100
AcDbSpline
210
0.0
220
0.0
230
1.0
 70
     8
 71
     3
 72
     8
 73
     4
 74
     0
 42
0.000000001
 43
0.0000000001
 40
-14.0
 40
-14.0
 40
-14.0
 40
-14.0
 40
-13.0
 40
-13.0
 40
-13.0
 40
-13.0
 10
279.5192625302608
 20
135.1550305840422
 30
0.0
 10
279.5192625302739
 20
135.4311729589582
 30
0.0
 10
279.2954049052008
 20
135.6550305840531
 30
0.0
 10
279.0192625302849
 20
135.6550305840662
 30
0.0
  0
LINE
  5
698
330
1F
100
AcDbEntity
  8
0
100
AcDbLine
 10
279.0192625302849
 20
135.6550305840662
 30
0.0
 11
266.0192625302839
 21
135.6550305846461
 31
0.0
  0
SPLINE
  5
699
330
1F
100
AcDbEntity
  8
0
100
AcDbSpline
210
0.0
220
0.0
230
1.0
 70
     8
 71
     3
 72
     8
 73
     4
 74
     0
 42
0.000000001
 43
0.0000000001
 40
-12.0
 40
-12.0
 40
-12.0
 40
-12.0
 40
-11.0
 40
-11.0
 40
-11.0
 40
-11.0
 10
266.0192625302839
 20
135.6550305846461
 30
0.0
 10
265.7431201553688
 20
135.6550305846592
 30
0.0
 10
265.5192625302749
 20
135.4311729595851
 30
0.0
 10
265.5192625302628
 20
135.1550305846702
 30
0.0
  0
LINE
  5
700
330
1F
100
AcDbEntity
  8
0
100
AcDbLine
 10
265.5192625302628
 20
135.1550305846702
 30
0.0
 11
265.5192625296779
 21
122.1550305846781
 31
0.0
  0
SPLINE
  5
701
330
1F
100
AcDbEntity
  8
0
100
AcDbSpline
210
0.0
220
0.0
230
1.0
 70
     8
 71
     3
 72
     8
 73
     4
 74
     0
 42
0.000000001
 43
0.0000000001
 40
-10.0
 40
-10.0
 40
-10.0
 40
-10.0
 40
-9.0
 40
-9.0
 40
-9.0
 40
-9.0
 10
265.5192625296779
 20
122.1550305846781
 30
0.0
 10
265.5192625296649
 20
121.8788882097616
 30
0.0
 10
265.7431201547399
 20
121.6550305846674
 30
0.0
 10
266.0192625296549
 20
121.6550305846546
 30
0.0
  0
LINE
  5
702
330
1F
100
AcDbEntity
  8
0
100
AcDbLine
 10
227.9192625296563
 20
121.6550305863667
 30
0.0
 11
240.9192625296549
 21
121.655030585784
 31
0.0
  0
SPLINE
  5
703
330
1F
100
AcDbEntity
  8
0
100
AcDbSpline
210
0.0
220
0.0
230
1.0
 70
     8
 71
     3
 72
     8
 73
     4
 74
     0
 42
0.000000001
 43
0.0000000001
 40
-8.0
 40
-8.0
 40
-8.0
 40
-8.0
 40
-7.0
 40
-7.0
 40
-7.0
 40
-7.0
 10
240.9192625296549
 20
121.655030585784
 30
0.0
 10
241.1954049045699
 20
121.6550305857712
 30
0.0
 10
241.4192625296659
 20
121.8788882108448
 30
0.0
 10
241.4192625296779
 20
122.1550305857614
 30
0.0
  0
LINE
  5
704
330
1F
100
AcDbEntity
  8
0
100
AcDbLine
 10
241.4192625296779
 20
122.1550305857614
 30
0.0
 11
241.4192625302618
 21
135.1550305857561
 31
0.0
  0
SPLINE
  5
705
330
1F
100
AcDbEntity
  8
0
100
AcDbSpline
210
0.0
220
0.0
230
1.0
 70
     8
 71
     3
 72
     8
 73
     4
 74
     0
 42
0.000000001
 43
0.0000000001
 40
-14.0
 40
-14.0
 40
-14.0
 40
-14.0
 40
-13.0
 40
-13.0
 40
-13.0
 40
-13.0
 10
241.4192625302618
 20
135.1550305857561
 30
0.0
 10
241.4192625302749
 20
135.4311729606712
 30
0.0
 10
241.1954049051999
 20
135.6550305857652
 30
0.0
 10
240.9192625302849
 20
135.6550305857772
 30
0.0
  0
LINE
  5
706
330
1F
100
AcDbEntity
  8
0
100
AcDbLine
 10
240.9192625302849
 20
135.6550305857772
 30
0.0
 11
227.9192625302851
 21
135.6550305863592
 31
0.0
  0
SPLINE
  5
707
330
1F
100
AcDbEntity
  8
0
100
AcDbSpline
210
0.0
220
0.0
230
1.0
 70
     8
 71
     3
 72
     8
 73
     4
 74
     0
 42
0.000000001
 43
0.0000000001
 40
-12.0
 40
-12.0
 40
-12.0
 40
-12.0
 40
-11.0
 40
-11.0
 40
-11.0
 40
-11.0
 10
227.9192625302851
 20
135.6550305863592
 30
0.0
 10
227.64312015537
 20
135.6550305863722
 30
0.0
 10
227.4192625302758
 20
135.4311729612992
 30
0.0
 10
227.419262530263
 20
135.1550305863832
 30
0.0
  0
LINE
  5
708
330
1F
100
AcDbEntity
  8
0
100
AcDbLine
 10
227.419262530263
 20
135.1550305863832
 30
0.0
 11
227.419262529679
 21
122.1550305863901
 31
0.0
  0
SPLINE
  5
709
330
1F
100
AcDbEntity
  8
0
100
AcDbSpline
210
0.0
220
0.0
230
1.0
 70
     8
 71
     3
 72
     8
 73
     4
 74
     0
 42
0.000000001
 43
0.0000000001
 40
-10.0
 40
-10.0
 40
-10.0
 40
-10.0
 40
-9.0
 40
-9.0
 40
-9.0
 40
-9.0
 10
227.419262529679
 20
122.1550305863901
 30
0.0
 10
227.4192625296662
 20
121.8788882114737
 30
0.0
 10
227.6431201547411
 20
121.6550305863794
 30
0.0
 10
227.9192625296563
 20
121.6550305863667
 30
0.0
  0
LINE
  5
710
330
1F
100
AcDbEntity
  8
0
100
AcDbLine
 10
89.01926252968026
 20
122.1550305926095
 30
0.0
 11
89.01926253026527
 21
135.1550305926042
 31
0.0
  0
SPLINE
  5
711
330
1F
100
AcDbEntity
  8
0
100
AcDbSpline
210
0.0
220
0.0
230
1.0
 70
     8
 71
     3
 72
     8
 73
     4
 74
     0
 42
0.000000001
 43
0.0000000001
 40
-8.0
 40
-8.0
 40
-8.0
 40
-8.0
 40
-7.0
 40
-7.0
 40
-7.0
 40
-7.0
 10
89.01926253026527
 20
135.1550305926042
 30
0.0
 10
89.01926253027726
 20
135.4311729675192
 30
0.0
 10
88.79540490520225
 20
135.6550305926132
 30
0.0
 10
88.51926253028727
 20
135.6550305926262
 30
0.0
  0
LINE
  5
712
330
1F
100
AcDbEntity
  8
0
100
AcDbLine
 10
88.51926253028727
 20
135.6550305926262
 30
0.0
 11
75.51926253028726
 21
135.6550305932102
 31
0.0
  0
SPLINE
  5
713
330
1F
100
AcDbEntity
  8
0
100
AcDbSpline
210
0.0
220
0.0
230
1.0
 70
     8
 71
     3
 72
     8
 73
     4
 74
     0
 42
0.000000001
 43
0.0000000001
 40
-14.0
 40
-14.0
 40
-14.0
 40
-14.0
 40
-13.0
 40
-13.0
 40
-13.0
 40
-13.0
 10
75.51926253028726
 20
135.6550305932102
 30
0.0
 10
75.24312015537226
 20
135.6550305932222
 30
0.0
 10
75.01926253027825
 20
135.4311729681482
 30
0.0
 10
75.01926253026626
 20
135.1550305932332
 30
0.0
  0
LINE
  5
714
330
1F
100
AcDbEntity
  8
0
100
AcDbLine
 10
75.01926253026626
 20
135.1550305932332
 30
0.0
 11
75.01926252968226
 21
122.1550305932383
 31
0.0
  0
SPLINE
  5
715
330
1F
100
AcDbEntity
  8
0
100
AcDbSpline
210
0.0
220
0.0
230
1.0
 70
     8
 71
     3
 72
     8
 73
     4
 74
     0
 42
0.000000001
 43
0.0000000001
 40
-12.0
 40
-12.0
 40
-12.0
 40
-12.0
 40
-11.0
 40
-11.0
 40
-11.0
 40
-11.0
 10
75.01926252968226
 20
122.1550305932383
 30
0.0
 10
75.01926252967027
 20
121.8788882183232
 30
0.0
 10
75.24312015474226
 20
121.655030593229
 30
0.0
 10
75.51926252965825
 20
121.6550305932162
 30
0.0
  0
LINE
  5
716
330
1F
100
AcDbEntity
  8
0
100
AcDbLine
 10
75.51926252965825
 20
121.6550305932162
 30
0.0
 11
88.51926252965727
 21
121.6550305926308
 31
0.0
  0
SPLINE
  5
717
330
1F
100
AcDbEntity
  8
0
100
AcDbSpline
210
0.0
220
0.0
230
1.0
 70
     8
 71
     3
 72
     8
 73
     4
 74
     0
 42
0.000000001
 43
0.0000000001
 40
-10.0
 40
-10.0
 40
-10.0
 40
-10.0
 40
-9.0
 40
-9.0
 40
-9.0
 40
-9.0
 10
88.51926252965727
 20
121.6550305926308
 30
0.0
 10
88.79540490457326
 20
121.655030592618
 30
0.0
 10
89.01926252966626
 20
121.8788882176943
 30
0.0
 10
89.01926252968026
 20
122.1550305926095
 30
0.0
  0
LINE
  5
718
330
1F
100
AcDbEntity
  8
0
100
AcDbLine
 10
107.569262530287
 20
135.6550305917702
 30
0.0
 11
94.56926253028726
 21
135.6550305923542
 31
0.0
  0
SPLINE
  5
719
330
1F
100
AcDbEntity
  8
0
100
AcDbSpline
210
0.0
220
0.0
230
1.0
 70
     8
 71
     3
 72
     8
 73
     4
 74
     0
 42
0.000000001
 43
0.0000000001
 40
-8.0
 40
-8.0
 40
-8.0
 40
-8.0
 40
-7.0
 40
-7.0
 40
-7.0
 40
-7.0
 10
94.56926253028726
 20
135.6550305923542
 30
0.0
 10
94.29312015537226
 20
135.6550305923672
 30
0.0
 10
94.06926253027727
 20
135.4311729672932
 30
0.0
 10
94.06926253026526
 20
135.1550305923762
 30
0.0
  0
LINE
  5
720
330
1F
100
AcDbEntity
  8
0
100
AcDbLine
 10
94.06926253026526
 20
135.1550305923762
 30
0.0
 11
94.06926252968125
 21
122.1550305923836
 31
0.0
  0
SPLINE
  5
721
330
1F
100
AcDbEntity
  8
0
100
AcDbSpline
210
0.0
220
0.0
230
1.0
 70
     8
 71
     3
 72
     8
 73
     4
 74
     0
 42
0.000000001
 43
0.0000000001
 40
-14.0
 40
-14.0
 40
-14.0
 40
-14.0
 40
-13.0
 40
-13.0
 40
-13.0
 40
-13.0
 10
94.06926252968125
 20
122.1550305923836
 30
0.0
 10
94.06926252966725
 20
121.8788882174684
 30
0.0
 10
94.29312015474126
 20
121.6550305923743
 30
0.0
 10
94.56926252965628
 20
121.6550305923602
 30
0.0
  0
LINE
  5
722
330
1F
100
AcDbEntity
  8
0
100
AcDbLine
 10
94.56926252965628
 20
121.6550305923602
 30
0.0
 11
107.5692625296563
 21
121.655030591775
 31
0.0
  0
SPLINE
  5
723
330
1F
100
AcDbEntity
  8
0
100
AcDbSpline
210
0.0
220
0.0
230
1.0
 70
     8
 71
     3
 72
     8
 73
     4
 74
     0
 42
0.000000001
 43
0.0000000001
 40
-12.0
 40
-12.0
 40
-12.0
 40
-12.0
 40
-11.0
 40
-11.0
 40
-11.0
 40
-11.0
 10
107.5692625296563
 20
121.655030591775
 30
0.0
 10
107.8454049045727
 20
121.6550305917622
 30
0.0
 10
108.0692625296669
 20
121.8788882168383
 30
0.0
 10
108.0692625296791
 20
122.1550305917534
 30
0.0
  0
LINE
  5
724
330
1F
100
AcDbEntity
  8
0
100
AcDbLine
 10
108.0692625296791
 20
122.1550305917534
 30
0.0
 11
108.0692625302637
 21
135.1550305917482
 31
0.0
  0
SPLINE
  5
725
330
1F
100
AcDbEntity
  8
0
100
AcDbSpline
210
0.0
220
0.0
230
1.0
 70
     8
 71
     3
 72
     8
 73
     4
 74
     0
 42
0.000000001
 43
0.0000000001
 40
-10.0
 40
-10.0
 40
-10.0
 40
-10.0
 40
-9.0
 40
-9.0
 40
-9.0
 40
-9.0
 10
108.0692625302637
 20
135.1550305917482
 30
0.0
 10
108.0692625302758
 20
135.4311729666642
 30
0.0
 10
107.8454049052022
 20
135.6550305917572
 30
0.0
 10
107.569262530287
 20
135.6550305917702
 30
0.0
  0
LINE
  5
726
330
1F
100
AcDbEntity
  8
0
100
AcDbLine
 10
260.4692625296769
 20
122.1550305849039
 30
0.0
 11
260.4692625302629
 21
135.1550305849002
 31
0.0
  0
SPLINE
  5
727
330
1F
100
AcDbEntity
  8
0
100
AcDbSpline
210
0.0
220
0.0
230
1.0
 70
     8
 71
     3
 72
     8
 73
     4
 74
     0
 42
0.000000001
 43
0.0000000001
 40
-8.0
 40
-8.0
 40
-8.0
 40
-8.0
 40
-7.0
 40
-7.0
 40
-7.0
 40
-7.0
 10
260.4692625302629
 20
135.1550305849002
 30
0.0
 10
260.4692625302738
 20
135.4311729598152
 30
0.0
 10
260.2454049051979
 20
135.6550305849092
 30
0.0
 10
259.9692625302838
 20
135.6550305849222
 30
0.0
  0
LINE
  5
728
330
1F
100
AcDbEntity
  8
0
100
AcDbLine
 10
259.9692625302838
 20
135.6550305849222
 30
0.0
 11
246.9692625302839
 21
135.6550305855032
 31
0.0
  0
SPLINE
  5
729
330
1F
100
AcDbEntity
  8
0
100
AcDbSpline
210
0.0
220
0.0
230
1.0
 70
     8
 71
     3
 72
     8
 73
     4
 74
     0
 42
0.000000001
 43
0.0000000001
 40
-14.0
 40
-14.0
 40
-14.0
 40
-14.0
 40
-13.0
 40
-13.0
 40
-13.0
 40
-13.0
 10
246.9692625302839
 20
135.6550305855032
 30
0.0
 10
246.6931201553698
 20
135.6550305855162
 30
0.0
 10
246.4692625302759
 20
135.4311729604412
 30
0.0
 10
246.4692625302629
 20
135.1550305855252
 30
0.0
  0
LINE
  5
730
330
1F
100
AcDbEntity
  8
0
100
AcDbLine
 10
246.4692625302629
 20
135.1550305855252
 30
0.0
 11
246.4692625296779
 21
122.1550305855328
 31
0.0
  0
SPLINE
  5
731
330
1F
100
AcDbEntity
  8
0
100
AcDbSpline
210
0.0
220
0.0
230
1.0
 70
     8
 71
     3
 72
     8
 73
     4
 74
     0
 42
0.000000001
 43
0.0000000001
 40
-12.0
 40
-12.0
 40
-12.0
 40
-12.0
 40
-11.0
 40
-11.0
 40
-11.0
 40
-11.0
 10
246.4692625296779
 20
122.1550305855328
 30
0.0
 10
246.4692625296669
 20
121.8788882106189
 30
0.0
 10
246.6931201547398
 20
121.6550305855235
 30
0.0
 10
246.9692625296548
 20
121.6550305855107
 30
0.0
  0
LINE
  5
732
330
1F
100
AcDbEntity
  8
0
100
AcDbLine
 10
246.9692625296548
 20
121.6550305855107
 30
0.0
 11
259.9692625296549
 21
121.6550305849267
 31
0.0
  0
SPLINE
  5
733
330
1F
100
AcDbEntity
  8
0
100
AcDbSpline
210
0.0
220
0.0
230
1.0
 70
     8
 71
     3
 72
     8
 73
     4
 74
     0
 42
0.000000001
 43
0.0000000001
 40
-10.0
 40
-10.0
 40
-10.0
 40
-10.0
 40
-9.0
 40
-9.0
 40
-9.0
 40
-9.0
 10
259.9692625296549
 20
121.6550305849267
 30
0.0
 10
260.2454049045698
 20
121.655030584914
 30
0.0
 10
260.4692625296658
 20
121.8788882099888
 30
0.0
 10
260.4692625296769
 20
122.1550305849039
 30
0.0
  0
LINE
  5
734
330
1F
100
AcDbEntity
  8
0
100
AcDbLine
 10
151.2192625302644
 20
135.1550305898091
 30
0.0
 11
151.2192625296791
 21
122.1550305898142
 31
0.0
  0
SPLINE
  5
735
330
1F
100
AcDbEntity
  8
0
100
AcDbSpline
210
0.0
220
0.0
230
1.0
 70
     8
 71
     3
 72
     8
 73
     4
 74
     0
 42
0.000000001
 43
0.0000000001
 40
-8.0
 40
-8.0
 40
-8.0
 40
-8.0
 40
-7.0
 40
-7.0
 40
-7.0
 40
-7.0
 10
151.2192625296791
 20
122.1550305898142
 30
0.0
 10
151.219262529667
 20
121.878888214899
 30
0.0
 10
151.4431201547419
 20
121.6550305898036
 30
0.0
 10
151.719262529657
 20
121.655030589792
 30
0.0
  0
LINE
  5
736
330
1F
100
AcDbEntity
  8
0
100
AcDbLine
 10
151.719262529657
 20
121.655030589792
 30
0.0
 11
164.7192625296556
 21
121.655030589208
 31
0.0
  0
SPLINE
  5
737
330
1F
100
AcDbEntity
  8
0
100
AcDbSpline
210
0.0
220
0.0
230
1.0
 70
     8
 71
     3
 72
     8
 73
     4
 74
     0
 42
0.000000001
 43
0.0000000001
 40
-14.0
 40
-14.0
 40
-14.0
 40
-14.0
 40
-13.0
 40
-13.0
 40
-13.0
 40
-13.0
 10
164.7192625296556
 20
121.655030589208
 30
0.0
 10
164.995404904572
 20
121.6550305891953
 30
0.0
 10
165.2192625296662
 20
121.8788882142702
 30
0.0
 10
165.2192625296784
 20
122.1550305891855
 30
0.0
  0
LINE
  5
738
330
1F
100
AcDbEntity
  8
0
100
AcDbLine
 10
165.2192625296784
 20
122.1550305891855
 30
0.0
 11
165.2192625302636
 21
135.1550305891791
 31
0.0
  0
SPLINE
  5
739
330
1F
100
AcDbEntity
  8
0
100
AcDbSpline
210
0.0
220
0.0
230
1.0
 70
     8
 71
     3
 72
     8
 73
     4
 74
     0
 42
0.000000001
 43
0.0000000001
 40
-12.0
 40
-12.0
 40
-12.0
 40
-12.0
 40
-11.0
 40
-11.0
 40
-11.0
 40
-11.0
 10
165.2192625302636
 20
135.1550305891791
 30
0.0
 10
165.2192625302758
 20
135.4311729640952
 30
0.0
 10
164.9954049052015
 20
135.6550305891891
 30
0.0
 10
164.7192625302863
 20
135.6550305892022
 30
0.0
  0
LINE
  5
740
330
1F
100
AcDbEntity
  8
0
100
AcDbLine
 10
164.7192625302863
 20
135.6550305892022
 30
0.0
 11
151.7192625302866
 21
135.6550305897862
 31
0.0
  0
SPLINE
  5
741
330
1F
100
AcDbEntity
  8
0
100
AcDbSpline
210
0.0
220
0.0
230
1.0
 70
     8
 71
     3
 72
     8
 73
     4
 74
     0
 42
0.000000001
 43
0.0000000001
 40
-10.0
 40
-10.0
 40
-10.0
 40
-10.0
 40
-9.0
 40
-9.0
 40
-9.0
 40
-9.0
 10
151.7192625302866
 20
135.6550305897862
 30
0.0
 10
151.4431201553707
 20
135.6550305897982
 30
0.0
 10
151.2192625302772
 20
135.4311729647242
 30
0.0
 10
151.2192625302644
 20
135.1550305898091
 30
0.0
  0
LINE
  5
742
330
1F
100
AcDbEntity
  8
0
100
AcDbLine
 10
170.2692625302639
 20
135.1550305889513
 30
0.0
 11
170.2692625296793
 21
122.1550305889595
 31
0.0
  0
SPLINE
  5
743
330
1F
100
AcDbEntity
  8
0
100
AcDbSpline
210
0.0
220
0.0
230
1.0
 70
     8
 71
     3
 72
     8
 73
     4
 74
     0
 42
0.000000001
 43
0.0000000001
 40
-8.0
 40
-8.0
 40
-8.0
 40
-8.0
 40
-7.0
 40
-7.0
 40
-7.0
 40
-7.0
 10
170.2692625296793
 20
122.1550305889595
 30
0.0
 10
170.2692625296672
 20
121.878888214043
 30
0.0
 10
170.4931201547408
 20
121.6550305889489
 30
0.0
 10
170.7692625296572
 20
121.6550305889361
 30
0.0
  0
LINE
  5
744
330
1F
100
AcDbEntity
  8
0
100
AcDbLine
 10
170.7692625296572
 20
121.6550305889361
 30
0.0
 11
183.7692625296557
 21
121.655030588352
 31
0.0
  0
SPLINE
  5
745
330
1F
100
AcDbEntity
  8
0
100
AcDbSpline
210
0.0
220
0.0
230
1.0
 70
     8
 71
     3
 72
     8
 73
     4
 74
     0
 42
0.000000001
 43
0.0000000001
 40
-14.0
 40
-14.0
 40
-14.0
 40
-14.0
 40
-13.0
 40
-13.0
 40
-13.0
 40
-13.0
 10
183.7692625296557
 20
121.655030588352
 30
0.0
 10
184.0454049045709
 20
121.6550305883393
 30
0.0
 10
184.2692625296657
 20
121.8788882134142
 30
0.0
 10
184.2692625296779
 20
122.1550305883294
 30
0.0
  0
LINE
  5
746
330
1F
100
AcDbEntity
  8
0
100
AcDbLine
 10
184.2692625296779
 20
122.1550305883294
 30
0.0
 11
184.2692625302638
 21
135.1550305883232
 31
0.0
  0
SPLINE
  5
747
330
1F
100
AcDbEntity
  8
0
100
AcDbSpline
210
0.0
220
0.0
230
1.0
 70
     8
 71
     3
 72
     8
 73
     4
 74
     0
 42
0.000000001
 43
0.0000000001
 40
-12.0
 40
-12.0
 40
-12.0
 40
-12.0
 40
-11.0
 40
-11.0
 40
-11.0
 40
-11.0
 10
184.2692625302638
 20
135.1550305883232
 30
0.0
 10
184.269262530276
 20
135.4311729632382
 30
0.0
 10
184.045404905201
 20
135.6550305883332
 30
0.0
 10
183.7692625302859
 20
135.6550305883462
 30
0.0
  0
LINE
  5
748
330
1F
100
AcDbEntity
  8
0
100
AcDbLine
 10
183.7692625302859
 20
135.6550305883462
 30
0.0
 11
170.7692625302861
 21
135.6550305889292
 31
0.0
  0
SPLINE
  5
749
330
1F
100
AcDbEntity
  8
0
100
AcDbSpline
210
0.0
220
0.0
230
1.0
 70
     8
 71
     3
 72
     8
 73
     4
 74
     0
 42
0.000000001
 43
0.0000000001
 40
-10.0
 40
-10.0
 40
-10.0
 40
-10.0
 40
-9.0
 40
-9.0
 40
-9.0
 40
-9.0
 10
170.7692625302861
 20
135.6550305889292
 30
0.0
 10
170.4931201553716
 20
135.6550305889402
 30
0.0
 10
170.2692625302761
 20
135.4311729638672
 30
0.0
 10
170.2692625302639
 20
135.1550305889513
 30
0.0
  0
LINE
  5
750
330
1F
100
AcDbEntity
  8
0
100
AcDbLine
 10
93.28176252771827
 20
78.5050305924112
 30
0.0
 11
80.28176252771926
 21
78.50503059299621
 31
0.0
  0
SPLINE
  5
751
330
1F
100
AcDbEntity
  8
0
100
AcDbSpline
210
0.0
220
0.0
230
1.0
 70
     8
 71
     3
 72
     8
 73
     4
 74
     0
 42
0.000000001
 43
0.0000000001
 40
-8.0
 40
-8.0
 40
-8.0
 40
-8.0
 40
-7.0
 40
-7.0
 40
-7.0
 40
-7.0
 10
80.28176252771926
 20
78.50503059299621
 30
0.0
 10
80.00562015280326
 20
78.50503059300919
 30
0.0
 10
79.78176252770825
 20
78.28117296793621
 30
0.0
 10
79.78176252769526
 20
78.00503059301923
 30
0.0
  0
LINE
  5
752
330
1F
100
AcDbEntity
  8
0
100
AcDbLine
 10
79.78176252769526
 20
78.00503059301923
 30
0.0
 11
79.78176252711226
 21
65.0050305930252
 31
0.0
  0
SPLINE
  5
753
330
1F
100
AcDbEntity
  8
0
100
AcDbSpline
210
0.0
220
0.0
230
1.0
 70
     8
 71
     3
 72
     8
 73
     4
 74
     0
 42
0.000000001
 43
0.0000000001
 40
-14.0
 40
-14.0
 40
-14.0
 40
-14.0
 40
-13.0
 40
-13.0
 40
-13.0
 40
-13.0
 10
79.78176252711226
 20
65.0050305930252
 30
0.0
 10
79.78176252709926
 20
64.7288882181092
 30
0.0
 10
80.00562015217326
 20
64.50503059301522
 30
0.0
 10
80.28176252709025
 20
64.50503059300221
 30
0.0
  0
LINE
  5
754
330
1F
100
AcDbEntity
  8
0
100
AcDbLine
 10
80.28176252709025
 20
64.50503059300221
 30
0.0
 11
93.28176252708926
 21
64.50503059241722
 31
0.0
  0
SPLINE
  5
755
330
1F
100
AcDbEntity
  8
0
100
AcDbSpline
210
0.0
220
0.0
230
1.0
 70
     8
 71
     3
 72
     8
 73
     4
 74
     0
 42
0.000000001
 43
0.0000000001
 40
-12.0
 40
-12.0
 40
-12.0
 40
-12.0
 40
-11.0
 40
-11.0
 40
-11.0
 40
-11.0
 10
93.28176252708926
 20
64.50503059241722
 30
0.0
 10
93.55790490200526
 20
64.5050305924062
 30
0.0
 10
93.78176252709925
 20
64.72888821747921
 30
0.0
 10
93.78176252711226
 20
65.00503059239619
 30
0.0
  0
LINE
  5
756
330
1F
100
AcDbEntity
  8
0
100
AcDbLine
 10
93.78176252711226
 20
65.00503059239619
 30
0.0
 11
93.78176252769726
 21
78.00503059239019
 31
0.0
  0
SPLINE
  5
757
330
1F
100
AcDbEntity
  8
0
100
AcDbSpline
210
0.0
220
0.0
230
1.0
 70
     8
 71
     3
 72
     8
 73
     4
 74
     0
 42
0.000000001
 43
0.0000000001
 40
-10.0
 40
-10.0
 40
-10.0
 40
-10.0
 40
-9.0
 40
-9.0
 40
-9.0
 40
-9.0
 10
93.78176252769726
 20
78.00503059239019
 30
0.0
 10
93.78176252771025
 20
78.28117296730522
 30
0.0
 10
93.55790490263428
 20
78.5050305924002
 30
0.0
 10
93.28176252771827
 20
78.5050305924112
 30
0.0
  0
LINE
  5
758
330
1F
100
AcDbEntity
  8
0
100
AcDbLine
 10
232.181762527694
 20
78.0050305861682
 30
0.0
 11
232.18176252711
 21
65.0050305861742
 31
0.0
  0
SPLINE
  5
759
330
1F
100
AcDbEntity
  8
0
100
AcDbSpline
210
0.0
220
0.0
230
1.0
 70
     8
 71
     3
 72
     8
 73
     4
 74
     0
 42
0.000000001
 43
0.0000000001
 40
-8.0
 40
-8.0
 40
-8.0
 40
-8.0
 40
-7.0
 40
-7.0
 40
-7.0
 40
-7.0
 10
232.18176252711
 20
65.0050305861742
 30
0.0
 10
232.1817625270972
 20
64.7288882112592
 30
0.0
 10
232.405620152172
 20
64.50503058616419
 30
0.0
 10
232.6817625270873
 20
64.50503058615217
 30
0.0
  0
LINE
  5
760
330
1F
100
AcDbEntity
  8
0
100
AcDbLine
 10
232.6817625270873
 20
64.50503058615217
 30
0.0
 11
245.6817625270868
 21
64.50503058556918
 31
0.0
  0
SPLINE
  5
761
330
1F
100
AcDbEntity
  8
0
100
AcDbSpline
210
0.0
220
0.0
230
1.0
 70
     8
 71
     3
 72
     8
 73
     4
 74
     0
 42
0.000000001
 43
0.0000000001
 40
-14.0
 40
-14.0
 40
-14.0
 40
-14.0
 40
-13.0
 40
-13.0
 40
-13.0
 40
-13.0
 10
245.6817625270868
 20
64.50503058556918
 30
0.0
 10
245.9579049020039
 20
64.50503058555622
 30
0.0
 10
246.1817625270979
 20
64.72888821063122
 30
0.0
 10
246.1817625271089
 20
65.00503058554619
 30
0.0
  0
LINE
  5
762
330
1F
100
AcDbEntity
  8
0
100
AcDbLine
 10
246.1817625271089
 20
65.00503058554619
 30
0.0
 11
246.1817625276949
 21
78.0050305855402
 31
0.0
  0
SPLINE
  5
763
330
1F
100
AcDbEntity
  8
0
100
AcDbSpline
210
0.0
220
0.0
230
1.0
 70
     8
 71
     3
 72
     8
 73
     4
 74
     0
 42
0.000000001
 43
0.0000000001
 40
-12.0
 40
-12.0
 40
-12.0
 40
-12.0
 40
-11.0
 40
-11.0
 40
-11.0
 40
-11.0
 10
246.1817625276949
 20
78.0050305855402
 30
0.0
 10
246.1817625277059
 20
78.28117296045519
 30
0.0
 10
245.9579049026309
 20
78.5050305855492
 30
0.0
 10
245.6817625277159
 20
78.5050305855622
 30
0.0
  0
LINE
  5
764
330
1F
100
AcDbEntity
  8
0
100
AcDbLine
 10
245.6817625277159
 20
78.5050305855622
 30
0.0
 11
232.6817625277162
 21
78.50503058614719
 31
0.0
  0
SPLINE
  5
765
330
1F
100
AcDbEntity
  8
0
100
AcDbSpline
210
0.0
220
0.0
230
1.0
 70
     8
 71
     3
 72
     8
 73
     4
 74
     0
 42
0.000000001
 43
0.0000000001
 40
-10.0
 40
-10.0
 40
-10.0
 40
-10.0
 40
-9.0
 40
-9.0
 40
-9.0
 40
-9.0
 10
232.6817625277162
 20
78.50503058614719
 30
0.0
 10
232.4056201528009
 20
78.50503058616019
 30
0.0
 10
232.1817625277068
 20
78.28117296108519
 30
0.0
 10
232.181762527694
 20
78.0050305861682
 30
0.0
  0
LINE
  5
766
330
1F
100
AcDbEntity
  8
0
100
AcDbLine
 10
265.2317625271099
 20
65.00503058468922
 30
0.0
 11
265.2317625276948
 21
78.00503058468422
 31
0.0
  0
SPLINE
  5
767
330
1F
100
AcDbEntity
  8
0
100
AcDbSpline
210
0.0
220
0.0
230
1.0
 70
     8
 71
     3
 72
     8
 73
     4
 74
     0
 42
0.000000001
 43
0.0000000001
 40
-8.0
 40
-8.0
 40
-8.0
 40
-8.0
 40
-7.0
 40
-7.0
 40
-7.0
 40
-7.0
 10
265.2317625276948
 20
78.00503058468422
 30
0.0
 10
265.2317625277059
 20
78.28117295959919
 30
0.0
 10
265.0079049026309
 20
78.50503058469323
 30
0.0
 10
264.7317625277159
 20
78.50503058470619
 30
0.0
  0
LINE
  5
768
330
1F
100
AcDbEntity
  8
0
100
AcDbLine
 10
264.7317625277159
 20
78.50503058470619
 30
0.0
 11
251.7317625277159
 21
78.50503058529023
 31
0.0
  0
SPLINE
  5
769
330
1F
100
AcDbEntity
  8
0
100
AcDbSpline
210
0.0
220
0.0
230
1.0
 70
     8
 71
     3
 72
     8
 73
     4
 74
     0
 42
0.000000001
 43
0.0000000001
 40
-14.0
 40
-14.0
 40
-14.0
 40
-14.0
 40
-13.0
 40
-13.0
 40
-13.0
 40
-13.0
 10
251.7317625277159
 20
78.50503058529023
 30
0.0
 10
251.4556201527998
 20
78.50503058530319
 30
0.0
 10
251.2317625277059
 20
78.28117296022819
 30
0.0
 10
251.2317625276929
 20
78.00503058531219
 30
0.0
  0
LINE
  5
770
330
1F
100
AcDbEntity
  8
0
100
AcDbLine
 10
251.2317625276929
 20
78.00503058531219
 30
0.0
 11
251.2317625271099
 21
65.00503058531823
 31
0.0
  0
SPLINE
  5
771
330
1F
100
AcDbEntity
  8
0
100
AcDbSpline
210
0.0
220
0.0
230
1.0
 70
     8
 71
     3
 72
     8
 73
     4
 74
     0
 42
0.000000001
 43
0.0000000001
 40
-12.0
 40
-12.0
 40
-12.0
 40
-12.0
 40
-11.0
 40
-11.0
 40
-11.0
 40
-11.0
 10
251.2317625271099
 20
65.00503058531823
 30
0.0
 10
251.2317625270969
 20
64.7288882104032
 30
0.0
 10
251.4556201521709
 20
64.50503058530819
 30
0.0
 10
251.7317625270879
 20
64.50503058529619
 30
0.0
  0
LINE
  5
772
330
1F
100
AcDbEntity
  8
0
100
AcDbLine
 10
251.7317625270878
 20
64.50503058529619
 30
0.0
 11
264.7317625270869
 21
64.50503058471221
 31
0.0
  0
SPLINE
  5
773
330
1F
100
AcDbEntity
  8
0
100
AcDbSpline
210
0.0
220
0.0
230
1.0
 70
     8
 71
     3
 72
     8
 73
     4
 74
     0
 42
0.000000001
 43
0.0000000001
 40
-10.0
 40
-10.0
 40
-10.0
 40
-10.0
 40
-9.0
 40
-9.0
 40
-9.0
 40
-9.0
 10
264.7317625270869
 20
64.50503058471221
 30
0.0
 10
265.0079049020028
 20
64.50503058469919
 30
0.0
 10
265.2317625270979
 20
64.7288882097742
 30
0.0
 10
265.2317625271099
 20
65.00503058468922
 30
0.0
  0
LINE
  5
774
330
1F
100
AcDbEntity
  8
0
100
AcDbLine
 10
226.6317625277169
 20
78.50503058641923
 30
0.0
 11
213.6317625277178
 21
78.5050305870042
 31
0.0
  0
SPLINE
  5
775
330
1F
100
AcDbEntity
  8
0
100
AcDbSpline
210
0.0
220
0.0
230
1.0
 70
     8
 71
     3
 72
     8
 73
     4
 74
     0
 42
0.000000001
 43
0.0000000001
 40
-8.0
 40
-8.0
 40
-8.0
 40
-8.0
 40
-7.0
 40
-7.0
 40
-7.0
 40
-7.0
 10
213.6317625277178
 20
78.5050305870042
 30
0.0
 10
213.3556201528015
 20
78.50503058701622
 30
0.0
 10
213.1317625277072
 20
78.28117296194119
 30
0.0
 10
213.1317625276957
 20
78.0050305870262
 30
0.0
  0
LINE
  5
776
330
1F
100
AcDbEntity
  8
0
100
AcDbLine
 10
213.1317625276957
 20
78.0050305870262
 30
0.0
 11
213.1317625271104
 21
65.0050305870312
 31
0.0
  0
SPLINE
  5
777
330
1F
100
AcDbEntity
  8
0
100
AcDbSpline
210
0.0
220
0.0
230
1.0
 70
     8
 71
     3
 72
     8
 73
     4
 74
     0
 42
0.000000001
 43
0.0000000001
 40
-14.0
 40
-14.0
 40
-14.0
 40
-14.0
 40
-13.0
 40
-13.0
 40
-13.0
 40
-13.0
 10
213.1317625271104
 20
65.0050305870312
 30
0.0
 10
213.1317625270976
 20
64.7288882121162
 30
0.0
 10
213.3556201521725
 20
64.50503058702017
 30
0.0
 10
213.6317625270876
 20
64.50503058700821
 30
0.0
  0
LINE
  5
778
330
1F
100
AcDbEntity
  8
0
100
AcDbLine
 10
213.6317625270876
 20
64.50503058700821
 30
0.0
 11
226.6317625270869
 21
64.50503058642422
 31
0.0
  0
SPLINE
  5
779
330
1F
100
AcDbEntity
  8
0
100
AcDbSpline
210
0.0
220
0.0
230
1.0
 70
     8
 71
     3
 72
     8
 73
     4
 74
     0
 42
0.000000001
 43
0.0000000001
 40
-12.0
 40
-12.0
 40
-12.0
 40
-12.0
 40
-11.0
 40
-11.0
 40
-11.0
 40
-11.0
 10
226.6317625270869
 20
64.50503058642422
 30
0.0
 10
226.9079049020033
 20
64.50503058641121
 30
0.0
 10
227.1317625270975
 20
64.72888821148621
 30
0.0
 10
227.1317625271091
 20
65.0050305864012
 30
0.0
  0
LINE
  5
780
330
1F
100
AcDbEntity
  8
0
100
AcDbLine
 10
227.1317625271091
 20
65.0050305864012
 30
0.0
 11
227.1317625276942
 21
78.00503058639719
 31
0.0
  0
SPLINE
  5
781
330
1F
100
AcDbEntity
  8
0
100
AcDbSpline
210
0.0
220
0.0
230
1.0
 70
     8
 71
     3
 72
     8
 73
     4
 74
     0
 42
0.000000001
 43
0.0000000001
 40
-10.0
 40
-10.0
 40
-10.0
 40
-10.0
 40
-9.0
 40
-9.0
 40
-9.0
 40
-9.0
 10
227.1317625276942
 20
78.00503058639719
 30
0.0
 10
227.131762527707
 20
78.28117296131222
 30
0.0
 10
226.9079049026322
 20
78.50503058640621
 30
0.0
 10
226.6317625277169
 20
78.50503058641923
 30
0.0
  0
LINE
  5
782
330
1F
100
AcDbEntity
  8
0
100
AcDbLine
 10
169.9817625271107
 20
65.00503058897021
 30
0.0
 11
169.9817625276952
 21
78.00503058896518
 31
0.0
  0
SPLINE
  5
783
330
1F
100
AcDbEntity
  8
0
100
AcDbSpline
210
0.0
220
0.0
230
1.0
 70
     8
 71
     3
 72
     8
 73
     4
 74
     0
 42
0.000000001
 43
0.0000000001
 40
-8.0
 40
-8.0
 40
-8.0
 40
-8.0
 40
-7.0
 40
-7.0
 40
-7.0
 40
-7.0
 10
169.9817625276952
 20
78.00503058896518
 30
0.0
 10
169.9817625277081
 20
78.28117296388018
 30
0.0
 10
169.7579049026331
 20
78.5050305889742
 30
0.0
 10
169.4817625277173
 20
78.50503058898718
 30
0.0
  0
LINE
  5
784
330
1F
100
AcDbEntity
  8
0
100
AcDbLine
 10
169.4817625277173
 20
78.50503058898718
 30
0.0
 11
156.4817625277176
 21
78.50503058957222
 31
0.0
  0
SPLINE
  5
785
330
1F
100
AcDbEntity
  8
0
100
AcDbSpline
210
0.0
220
0.0
230
1.0
 70
     8
 71
     3
 72
     8
 73
     4
 74
     0
 42
0.000000001
 43
0.0000000001
 40
-14.0
 40
-14.0
 40
-14.0
 40
-14.0
 40
-13.0
 40
-13.0
 40
-13.0
 40
-13.0
 10
156.4817625277176
 20
78.50503058957222
 30
0.0
 10
156.2056201528017
 20
78.50503058958418
 30
0.0
 10
155.9817625277076
 20
78.28117296451018
 30
0.0
 10
155.9817625276947
 20
78.00503058959418
 30
0.0
  0
LINE
  5
786
330
1F
100
AcDbEntity
  8
0
100
AcDbLine
 10
155.9817625276947
 20
78.00503058959418
 30
0.0
 11
155.9817625271108
 21
65.00503058959918
 31
0.0
  0
SPLINE
  5
787
330
1F
100
AcDbEntity
  8
0
100
AcDbSpline
210
0.0
220
0.0
230
1.0
 70
     8
 71
     3
 72
     8
 73
     4
 74
     0
 42
0.000000001
 43
0.0000000001
 40
-12.0
 40
-12.0
 40
-12.0
 40
-12.0
 40
-11.0
 40
-11.0
 40
-11.0
 40
-11.0
 10
155.9817625271108
 20
65.00503058959918
 30
0.0
 10
155.981762527098
 20
64.72888821468422
 30
0.0
 10
156.2056201521729
 20
64.50503058959018
 30
0.0
 10
156.481762527088
 20
64.50503058957721
 30
0.0
  0
LINE
  5
788
330
1F
100
AcDbEntity
  8
0
100
AcDbLine
 10
156.481762527088
 20
64.50503058957721
 30
0.0
 11
169.4817625270891
 21
64.50503058899219
 31
0.0
  0
SPLINE
  5
789
330
1F
100
AcDbEntity
  8
0
100
AcDbSpline
210
0.0
220
0.0
230
1.0
 70
     8
 71
     3
 72
     8
 73
     4
 74
     0
 42
0.000000001
 43
0.0000000001
 40
-10.0
 40
-10.0
 40
-10.0
 40
-10.0
 40
-9.0
 40
-9.0
 40
-9.0
 40
-9.0
 10
169.4817625270891
 20
64.50503058899219
 30
0.0
 10
169.7579049020043
 20
64.50503058898021
 30
0.0
 10
169.9817625270978
 20
64.72888821405422
 30
0.0
 10
169.9817625271107
 20
65.00503058897021
 30
0.0
  0
LINE
  5
790
330
1F
100
AcDbEntity
  8
0
100
AcDbLine
 10
131.8817625271117
 20
65.00503059068222
 30
0.0
 11
131.8817625276955
 21
78.00503059067821
 31
0.0
  0
SPLINE
  5
791
330
1F
100
AcDbEntity
  8
0
100
AcDbSpline
210
0.0
220
0.0
230
1.0
 70
     8
 71
     3
 72
     8
 73
     4
 74
     0
 42
0.000000001
 43
0.0000000001
 40
-8.0
 40
-8.0
 40
-8.0
 40
-8.0
 40
-7.0
 40
-7.0
 40
-7.0
 40
-7.0
 10
131.8817625276955
 20
78.00503059067821
 30
0.0
 10
131.8817625277083
 20
78.28117296559319
 30
0.0
 10
131.657904902634
 20
78.50503059068819
 30
0.0
 10
131.3817625277177
 20
78.50503059070121
 30
0.0
  0
LINE
  5
792
330
1F
100
AcDbEntity
  8
0
100
AcDbLine
 10
131.3817625277177
 20
78.50503059070121
 30
0.0
 11
118.3817625277191
 21
78.50503059128422
 31
0.0
  0
SPLINE
  5
793
330
1F
100
AcDbEntity
  8
0
100
AcDbSpline
210
0.0
220
0.0
230
1.0
 70
     8
 71
     3
 72
     8
 73
     4
 74
     0
 42
0.000000001
 43
0.0000000001
 40
-14.0
 40
-14.0
 40
-14.0
 40
-14.0
 40
-13.0
 40
-13.0
 40
-13.0
 40
-13.0
 10
118.3817625277191
 20
78.50503059128422
 30
0.0
 10
118.1056201528027
 20
78.50503059129718
 30
0.0
 10
117.8817625277079
 20
78.28117296622219
 30
0.0
 10
117.8817625276944
 20
78.00503059130722
 30
0.0
  0
LINE
  5
794
330
1F
100
AcDbEntity
  8
0
100
AcDbLine
 10
117.8817625276944
 20
78.00503059130722
 30
0.0
 11
117.881762527111
 21
65.00503059131222
 31
0.0
  0
SPLINE
  5
795
330
1F
100
AcDbEntity
  8
0
100
AcDbSpline
210
0.0
220
0.0
230
1.0
 70
     8
 71
     3
 72
     8
 73
     4
 74
     0
 42
0.000000001
 43
0.0000000001
 40
-12.0
 40
-12.0
 40
-12.0
 40
-12.0
 40
-11.0
 40
-11.0
 40
-11.0
 40
-11.0
 10
117.881762527111
 20
65.00503059131222
 30
0.0
 10
117.8817625270982
 20
64.7288882163972
 30
0.0
 10
118.1056201521738
 20
64.50503059130219
 30
0.0
 10
118.3817625270889
 20
64.50503059128919
 30
0.0
  0
LINE
  5
796
330
1F
100
AcDbEntity
  8
0
100
AcDbLine
 10
118.3817625270889
 20
64.50503059128919
 30
0.0
 11
131.3817625270887
 21
64.50503059070519
 31
0.0
  0
SPLINE
  5
797
330
1F
100
AcDbEntity
  8
0
100
AcDbSpline
210
0.0
220
0.0
230
1.0
 70
     8
 71
     3
 72
     8
 73
     4
 74
     0
 42
0.000000001
 43
0.0000000001
 40
-10.0
 40
-10.0
 40
-10.0
 40
-10.0
 40
-9.0
 40
-9.0
 40
-9.0
 40
-9.0
 10
131.3817625270887
 20
64.50503059070519
 30
0.0
 10
131.6579049020039
 20
64.5050305906922
 30
0.0
 10
131.8817625270988
 20
64.7288882157672
 30
0.0
 10
131.8817625271117
 20
65.00503059068222
 30
0.0
  0
LINE
  5
798
330
1F
100
AcDbEntity
  8
0
100
AcDbLine
 10
150.4317625277178
 20
78.50503058984322
 30
0.0
 11
137.431762527718
 21
78.50503059042819
 31
0.0
  0
SPLINE
  5
799
330
1F
100
AcDbEntity
  8
0
100
AcDbSpline
210
0.0
220
0.0
230
1.0
 70
     8
 71
     3
 72
     8
 73
     4
 74
     0
 42
0.000000001
 43
0.0000000001
 40
-8.0
 40
-8.0
 40
-8.0
 40
-8.0
 40
-7.0
 40
-7.0
 40
-7.0
 40
-7.0
 10
137.431762527718
 20
78.50503059042819
 30
0.0
 10
137.1556201528028
 20
78.50503059044121
 30
0.0
 10
136.931762527708
 20
78.28117296536621
 30
0.0
 10
136.9317625276952
 20
78.00503059045022
 30
0.0
  0
LINE
  5
800
330
1F
100
AcDbEntity
  8
0
100
AcDbLine
 10
136.9317625276952
 20
78.00503059045022
 30
0.0
 11
136.9317625271112
 21
65.00503059045519
 31
0.0
  0
SPLINE
  5
801
330
1F
100
AcDbEntity
  8
0
100
AcDbSpline
210
0.0
220
0.0
230
1.0
 70
     8
 71
     3
 72
     8
 73
     4
 74
     0
 42
0.000000001
 43
0.0000000001
 40
-14.0
 40
-14.0
 40
-14.0
 40
-14.0
 40
-13.0
 40
-13.0
 40
-13.0
 40
-13.0
 10
136.9317625271112
 20
65.00503059045519
 30
0.0
 10
136.9317625270984
 20
64.72888821554019
 30
0.0
 10
137.1556201521727
 20
64.50503059044621
 30
0.0
 10
137.4317625270891
 20
64.50503059043319
 30
0.0
  0
LINE
  5
802
330
1F
100
AcDbEntity
  8
0
100
AcDbLine
 10
137.4317625270891
 20
64.50503059043319
 30
0.0
 11
150.431762527089
 21
64.50503058984921
 31
0.0
  0
SPLINE
  5
803
330
1F
100
AcDbEntity
  8
0
100
AcDbSpline
210
0.0
220
0.0
230
1.0
 70
     8
 71
     3
 72
     8
 73
     4
 74
     0
 42
0.000000001
 43
0.0000000001
 40
-12.0
 40
-12.0
 40
-12.0
 40
-12.0
 40
-11.0
 40
-11.0
 40
-11.0
 40
-11.0
 10
150.431762527089
 20
64.50503058984921
 30
0.0
 10
150.7079049020041
 20
64.5050305898362
 30
0.0
 10
150.9317625270989
 20
64.72888821491119
 30
0.0
 10
150.9317625271117
 20
65.00503058982619
 30
0.0
  0
LINE
  5
804
330
1F
100
AcDbEntity
  8
0
100
AcDbLine
 10
150.9317625271117
 20
65.00503058982619
 30
0.0
 11
150.931762527695
 21
78.00503058982119
 31
0.0
  0
SPLINE
  5
805
330
1F
100
AcDbEntity
  8
0
100
AcDbSpline
210
0.0
220
0.0
230
1.0
 70
     8
 71
     3
 72
     8
 73
     4
 74
     0
 42
0.000000001
 43
0.0000000001
 40
-10.0
 40
-10.0
 40
-10.0
 40
-10.0
 40
-9.0
 40
-9.0
 40
-9.0
 40
-9.0
 10
150.931762527695
 20
78.00503058982119
 30
0.0
 10
150.9317625277079
 20
78.28117296473621
 30
0.0
 10
150.707904902633
 20
78.50503058983218
 30
0.0
 10
150.4317625277178
 20
78.50503058984322
 30
0.0
  0
LINE
  5
806
330
1F
100
AcDbEntity
  8
0
100
AcDbLine
 10
112.3317625277187
 20
78.50503059155719
 30
0.0
 11
99.33176252771898
 21
78.5050305921402
 31
0.0
  0
SPLINE
  5
807
330
1F
100
AcDbEntity
  8
0
100
AcDbSpline
210
0.0
220
0.0
230
1.0
 70
     8
 71
     3
 72
     8
 73
     4
 74
     0
 42
0.000000001
 43
0.0000000001
 40
-8.0
 40
-8.0
 40
-8.0
 40
-8.0
 40
-7.0
 40
-7.0
 40
-7.0
 40
-7.0
 10
99.33176252771898
 20
78.5050305921402
 30
0.0
 10
99.05562015280246
 20
78.50503059215222
 30
0.0
 10
98.83176252770834
 20
78.28117296707819
 30
0.0
 10
98.83176252769546
 20
78.00503059216319
 30
0.0
  0
LINE
  5
808
330
1F
100
AcDbEntity
  8
0
100
AcDbLine
 10
98.83176252769546
 20
78.00503059216319
 30
0.0
 11
98.83176252711086
 21
65.0050305921682
 31
0.0
  0
SPLINE
  5
809
330
1F
100
AcDbEntity
  8
0
100
AcDbSpline
210
0.0
220
0.0
230
1.0
 70
     8
 71
     3
 72
     8
 73
     4
 74
     0
 42
0.000000001
 43
0.0000000001
 40
-14.0
 40
-14.0
 40
-14.0
 40
-14.0
 40
-13.0
 40
-13.0
 40
-13.0
 40
-13.0
 10
98.83176252711086
 20
65.0050305921682
 30
0.0
 10
98.83176252709931
 20
64.7288882172522
 30
0.0
 10
99.05562015217366
 20
64.50503059215819
 30
0.0
 10
99.33176252708875
 20
64.50503059214617
 30
0.0
  0
LINE
  5
810
330
1F
100
AcDbEntity
  8
0
100
AcDbLine
 10
99.33176252708875
 20
64.50503059214617
 30
0.0
 11
112.3317625270898
 21
64.50503059156119
 31
0.0
  0
SPLINE
  5
811
330
1F
100
AcDbEntity
  8
0
100
AcDbSpline
210
0.0
220
0.0
230
1.0
 70
     8
 71
     3
 72
     8
 73
     4
 74
     0
 42
0.000000001
 43
0.0000000001
 40
-12.0
 40
-12.0
 40
-12.0
 40
-12.0
 40
-11.0
 40
-11.0
 40
-11.0
 40
-11.0
 10
112.3317625270898
 20
64.50503059156119
 30
0.0
 10
112.607904902005
 20
64.50503059155022
 30
0.0
 10
112.8317625270986
 20
64.72888821662522
 30
0.0
 10
112.8317625271113
 20
65.00503059154022
 30
0.0
  0
LINE
  5
812
330
1F
100
AcDbEntity
  8
0
100
AcDbLine
 10
112.8317625271113
 20
65.00503059154022
 30
0.0
 11
112.8317625276966
 21
78.00503059153419
 31
0.0
  0
SPLINE
  5
813
330
1F
100
AcDbEntity
  8
0
100
AcDbSpline
210
0.0
220
0.0
230
1.0
 70
     8
 71
     3
 72
     8
 73
     4
 74
     0
 42
0.000000001
 43
0.0000000001
 40
-10.0
 40
-10.0
 40
-10.0
 40
-10.0
 40
-9.0
 40
-9.0
 40
-9.0
 40
-9.0
 10
112.8317625276966
 20
78.00503059153419
 30
0.0
 10
112.8317625277094
 20
78.28117296644919
 30
0.0
 10
112.6079049026338
 20
78.50503059154419
 30
0.0
 10
112.3317625277187
 20
78.50503059155719
 30
0.0
  0
LINE
  5
814
330
1F
100
AcDbEntity
  8
0
100
AcDbLine
 10
175.0317625276956
 20
78.00503058873821
 30
0.0
 11
175.0317625271103
 21
65.00503058874321
 31
0.0
  0
SPLINE
  5
815
330
1F
100
AcDbEntity
  8
0
100
AcDbSpline
210
0.0
220
0.0
230
1.0
 70
     8
 71
     3
 72
     8
 73
     4
 74
     0
 42
0.000000001
 43
0.0000000001
 40
-8.0
 40
-8.0
 40
-8.0
 40
-8.0
 40
-7.0
 40
-7.0
 40
-7.0
 40
-7.0
 10
175.0317625271103
 20
65.00503058874321
 30
0.0
 10
175.0317625270975
 20
64.72888821382818
 30
0.0
 10
175.2556201521724
 20
64.5050305887332
 30
0.0
 10
175.5317625270882
 20
64.50503058872119
 30
0.0
  0
LINE
  5
816
330
1F
100
AcDbEntity
  8
0
100
AcDbLine
 10
175.5317625270882
 20
64.50503058872119
 30
0.0
 11
188.531762527088
 21
64.5050305881362
 31
0.0
  0
SPLINE
  5
817
330
1F
100
AcDbEntity
  8
0
100
AcDbSpline
210
0.0
220
0.0
230
1.0
 70
     8
 71
     3
 72
     8
 73
     4
 74
     0
 42
0.000000001
 43
0.0000000001
 40
-14.0
 40
-14.0
 40
-14.0
 40
-14.0
 40
-13.0
 40
-13.0
 40
-13.0
 40
-13.0
 10
188.531762527088
 20
64.5050305881362
 30
0.0
 10
188.8079049020039
 20
64.50503058812419
 30
0.0
 10
189.0317625270981
 20
64.72888821319819
 30
0.0
 10
189.0317625271109
 20
65.00503058811322
 30
0.0
  0
LINE
  5
818
330
1F
100
AcDbEntity
  8
0
100
AcDbLine
 10
189.0317625271109
 20
65.00503058811322
 30
0.0
 11
189.0317625276941
 21
78.00503058810921
 31
0.0
  0
SPLINE
  5
819
330
1F
100
AcDbEntity
  8
0
100
AcDbSpline
210
0.0
220
0.0
230
1.0
 70
     8
 71
     3
 72
     8
 73
     4
 74
     0
 42
0.000000001
 43
0.0000000001
 40
-12.0
 40
-12.0
 40
-12.0
 40
-12.0
 40
-11.0
 40
-11.0
 40
-11.0
 40
-11.0
 10
189.0317625276941
 20
78.00503058810921
 30
0.0
 10
189.0317625277076
 20
78.2811729630242
 30
0.0
 10
188.8079049026327
 20
78.50503058812018
 30
0.0
 10
188.5317625277183
 20
78.50503058813121
 30
0.0
  0
LINE
  5
820
330
1F
100
AcDbEntity
  8
0
100
AcDbLine
 10
188.5317625277183
 20
78.50503058813121
 30
0.0
 11
175.5317625277172
 21
78.50503058871521
 31
0.0
  0
SPLINE
  5
821
330
1F
100
AcDbEntity
  8
0
100
AcDbSpline
210
0.0
220
0.0
230
1.0
 70
     8
 71
     3
 72
     8
 73
     4
 74
     0
 42
0.000000001
 43
0.0000000001
 40
-10.0
 40
-10.0
 40
-10.0
 40
-10.0
 40
-9.0
 40
-9.0
 40
-9.0
 40
-9.0
 10
175.5317625277172
 20
78.50503058871521
 30
0.0
 10
175.255620152802
 20
78.50503058872821
 30
0.0
 10
175.0317625277084
 20
78.2811729636532
 30
0.0
 10
175.0317625276956
 20
78.00503058873821
 30
0.0
  0
LINE
  5
822
330
1F
100
AcDbEntity
  8
0
100
AcDbLine
 10
170.2695329723839
 20
58.9550306689122
 30
0.0
 11
170.2695329717988
 21
45.95503066891717
 31
0.0
  0
SPLINE
  5
823
330
1F
100
AcDbEntity
  8
0
100
AcDbSpline
210
0.0
220
0.0
230
1.0
 70
     8
 71
     3
 72
     8
 73
     4
 74
     0
 42
0.000000001
 43
0.0000000001
 40
-8.0
 40
-8.0
 40
-8.0
 40
-8.0
 40
-7.0
 40
-7.0
 40
-7.0
 40
-7.0
 10
170.2695329717988
 20
45.95503066891717
 30
0.0
 10
170.2695329717858
 20
45.6788882940022
 30
0.0
 10
170.4933905968608
 20
45.4550306689062
 30
0.0
 10
170.7695329717766
 20
45.45503066889517
 30
0.0
  0
LINE
  5
824
330
1F
100
AcDbEntity
  8
0
100
AcDbLine
 10
170.7695329717766
 20
45.45503066889517
 30
0.0
 11
183.7695329717764
 21
45.45503066830923
 31
0.0
  0
SPLINE
  5
825
330
1F
100
AcDbEntity
  8
0
100
AcDbSpline
210
0.0
220
0.0
230
1.0
 70
     8
 71
     3
 72
     8
 73
     4
 74
     0
 42
0.000000001
 43
0.0000000001
 40
-14.0
 40
-14.0
 40
-14.0
 40
-14.0
 40
-13.0
 40
-13.0
 40
-13.0
 40
-13.0
 10
183.7695329717764
 20
45.45503066830923
 30
0.0
 10
184.0456753466922
 20
45.4550306682982
 30
0.0
 10
184.2695329717863
 20
45.67888829337209
 30
0.0
 10
184.2695329717992
 20
45.95503066828718
 30
0.0
  0
LINE
  5
826
330
1F
100
AcDbEntity
  8
0
100
AcDbLine
 10
184.2695329717992
 20
45.95503066828718
 30
0.0
 11
184.2695329723825
 21
58.9550306682832
 31
0.0
  0
SPLINE
  5
827
330
1F
100
AcDbEntity
  8
0
100
AcDbSpline
210
0.0
220
0.0
230
1.0
 70
     8
 71
     3
 72
     8
 73
     4
 74
     0
 42
0.000000001
 43
0.0000000001
 40
-12.0
 40
-12.0
 40
-12.0
 40
-12.0
 40
-11.0
 40
-11.0
 40
-11.0
 40
-11.0
 10
184.2695329723825
 20
58.9550306682832
 30
0.0
 10
184.269532972396
 20
59.2311730431982
 30
0.0
 10
184.045675347321
 20
59.45503066829317
 30
0.0
 10
183.7695329724065
 20
59.4550306683052
 30
0.0
  0
LINE
  5
828
330
1F
100
AcDbEntity
  8
0
100
AcDbLine
 10
183.7695329724065
 20
59.4550306683052
 30
0.0
 11
170.7695329724054
 21
59.45503066888921
 31
0.0
  0
SPLINE
  5
829
330
1F
100
AcDbEntity
  8
0
100
AcDbSpline
210
0.0
220
0.0
230
1.0
 70
     8
 71
     3
 72
     8
 73
     4
 74
     0
 42
0.000000001
 43
0.0000000001
 40
-10.0
 40
-10.0
 40
-10.0
 40
-10.0
 40
-9.0
 40
-9.0
 40
-9.0
 40
-9.0
 10
170.7695329724054
 20
59.45503066888921
 30
0.0
 10
170.4933905974903
 20
59.4550306689022
 30
0.0
 10
170.2695329723967
 20
59.2311730438272
 30
0.0
 10
170.2695329723839
 20
58.9550306689122
 30
0.0
  0
LINE
  5
830
330
1F
100
AcDbEntity
  8
0
100
AcDbLine
 10
208.0817625271115
 20
65.00503058725718
 30
0.0
 11
208.0817625276953
 21
78.00503058725221
 31
0.0
  0
SPLINE
  5
831
330
1F
100
AcDbEntity
  8
0
100
AcDbSpline
210
0.0
220
0.0
230
1.0
 70
     8
 71
     3
 72
     8
 73
     4
 74
     0
 42
0.000000001
 43
0.0000000001
 40
-8.0
 40
-8.0
 40
-8.0
 40
-8.0
 40
-7.0
 40
-7.0
 40
-7.0
 40
-7.0
 10
208.0817625276953
 20
78.00503058725221
 30
0.0
 10
208.0817625277069
 20
78.2811729621682
 30
0.0
 10
207.8579049026323
 20
78.50503058726218
 30
0.0
 10
207.5817625277172
 20
78.5050305872752
 30
0.0
  0
LINE
  5
832
330
1F
100
AcDbEntity
  8
0
100
AcDbLine
 10
207.5817625277172
 20
78.5050305872752
 30
0.0
 11
194.5817625277167
 21
78.50503058785918
 31
0.0
  0
SPLINE
  5
833
330
1F
100
AcDbEntity
  8
0
100
AcDbSpline
210
0.0
220
0.0
230
1.0
 70
     8
 71
     3
 72
     8
 73
     4
 74
     0
 42
0.000000001
 43
0.0000000001
 40
-14.0
 40
-14.0
 40
-14.0
 40
-14.0
 40
-13.0
 40
-13.0
 40
-13.0
 40
-13.0
 10
194.5817625277167
 20
78.50503058785918
 30
0.0
 10
194.3056201528021
 20
78.5050305878722
 30
0.0
 10
194.0817625277073
 20
78.2811729627972
 30
0.0
 10
194.0817625276945
 20
78.0050305878822
 30
0.0
  0
LINE
  5
834
330
1F
100
AcDbEntity
  8
0
100
AcDbLine
 10
194.0817625276945
 20
78.0050305878822
 30
0.0
 11
194.0817625271106
 21
65.00503058788718
 31
0.0
  0
SPLINE
  5
835
330
1F
100
AcDbEntity
  8
0
100
AcDbSpline
210
0.0
220
0.0
230
1.0
 70
     8
 71
     3
 72
     8
 73
     4
 74
     0
 42
0.000000001
 43
0.0000000001
 40
-12.0
 40
-12.0
 40
-12.0
 40
-12.0
 40
-11.0
 40
-11.0
 40
-11.0
 40
-11.0
 10
194.0817625271106
 20
65.00503058788718
 30
0.0
 10
194.0817625270977
 20
64.72888821297221
 30
0.0
 10
194.3056201521732
 20
64.50503058787621
 30
0.0
 10
194.5817625270877
 20
64.5050305878652
 30
0.0
  0
LINE
  5
836
330
1F
100
AcDbEntity
  8
0
100
AcDbLine
 10
194.5817625270877
 20
64.5050305878652
 30
0.0
 11
207.5817625270883
 21
64.5050305872802
 31
0.0
  0
SPLINE
  5
837
330
1F
100
AcDbEntity
  8
0
100
AcDbSpline
210
0.0
220
0.0
230
1.0
 70
     8
 71
     3
 72
     8
 73
     4
 74
     0
 42
0.000000001
 43
0.0000000001
 40
-10.0
 40
-10.0
 40
-10.0
 40
-10.0
 40
-9.0
 40
-9.0
 40
-9.0
 40
-9.0
 10
207.5817625270883
 20
64.5050305872802
 30
0.0
 10
207.8579049020035
 20
64.50503058726821
 30
0.0
 10
208.0817625270972
 20
64.72888821234218
 30
0.0
 10
208.0817625271115
 20
65.00503058725718
 30
0.0
  0
LINE
  5
838
330
1F
100
AcDbEntity
  8
0
100
AcDbLine
 10
179.0067625285728
 20
97.55503058856
 30
0.0
 11
166.0067625285736
 21
97.5550305891428
 31
0.0
  0
SPLINE
  5
839
330
1F
100
AcDbEntity
  8
0
100
AcDbSpline
210
0.0
220
0.0
230
1.0
 70
     8
 71
     3
 72
     8
 73
     4
 74
     0
 42
0.000000001
 43
0.0000000001
 40
-8.0
 40
-8.0
 40
-8.0
 40
-8.0
 40
-7.0
 40
-7.0
 40
-7.0
 40
-7.0
 10
166.0067625285736
 20
97.5550305891428
 30
0.0
 10
165.7306201536585
 20
97.55503058915429
 30
0.0
 10
165.5067625285643
 20
97.33117296408067
 30
0.0
 10
165.5067625285521
 20
97.05503058916557
 30
0.0
  0
LINE
  5
840
330
1F
100
AcDbEntity
  8
0
100
AcDbLine
 10
165.5067625285521
 20
97.05503058916557
 30
0.0
 11
165.5067625279682
 21
84.05503058916698
 31
0.0
  0
SPLINE
  5
841
330
1F
100
AcDbEntity
  8
0
100
AcDbSpline
210
0.0
220
0.0
230
1.0
 70
     8
 71
     3
 72
     8
 73
     4
 74
     0
 42
0.000000001
 43
0.0000000001
 40
-14.0
 40
-14.0
 40
-14.0
 40
-14.0
 40
-13.0
 40
-13.0
 40
-13.0
 40
-13.0
 10
165.5067625279682
 20
84.05503058916698
 30
0.0
 10
165.5067625279554
 20
83.77888821425191
 30
0.0
 10
165.7306201530296
 20
83.55503058915639
 30
0.0
 10
166.0067625279448
 20
83.55503058914491
 30
0.0
  0
LINE
  5
842
330
1F
100
AcDbEntity
  8
0
100
AcDbLine
 10
166.0067625279448
 20
83.55503058914491
 30
0.0
 11
179.0067625279441
 21
83.55503058855957
 31
0.0
  0
SPLINE
  5
843
330
1F
100
AcDbEntity
  8
0
100
AcDbSpline
210
0.0
220
0.0
230
1.0
 70
     8
 71
     3
 72
     8
 73
     4
 74
     0
 42
0.000000001
 43
0.0000000001
 40
-12.0
 40
-12.0
 40
-12.0
 40
-12.0
 40
-11.0
 40
-11.0
 40
-11.0
 40
-11.0
 10
179.0067625279441
 20
83.55503058855957
 30
0.0
 10
179.2829049028598
 20
83.55503058854679
 30
0.0
 10
179.5067625279546
 20
83.77888821362171
 30
0.0
 10
179.5067625279674
 20
84.05503058853822
 30
0.0
  0
LINE
  5
844
330
1F
100
AcDbEntity
  8
0
100
AcDbLine
 10
179.5067625279674
 20
84.05503058853822
 30
0.0
 11
179.5067625285507
 21
97.05503058853791
 31
0.0
  0
SPLINE
  5
845
330
1F
100
AcDbEntity
  8
0
100
AcDbSpline
210
0.0
220
0.0
230
1.0
 70
     8
 71
     3
 72
     8
 73
     4
 74
     0
 42
0.000000001
 43
0.0000000001
 40
-10.0
 40
-10.0
 40
-10.0
 40
-10.0
 40
-9.0
 40
-9.0
 40
-9.0
 40
-9.0
 10
179.5067625285507
 20
97.05503058853791
 30
0.0
 10
179.5067625285629
 20
97.33117296345307
 30
0.0
 10
179.282904903488
 20
97.55503058854721
 30
0.0
 10
179.0067625285728
 20
97.55503058856
 30
0.0
  0
LINE
  5
846
330
1F
100
AcDbEntity
  8
0
100
AcDbLine
 10
184.5567625285511
 20
97.05503058830949
 30
0.0
 11
184.5567625279671
 21
84.05503058831095
 31
0.0
  0
SPLINE
  5
847
330
1F
100
AcDbEntity
  8
0
100
AcDbSpline
210
0.0
220
0.0
230
1.0
 70
     8
 71
     3
 72
     8
 73
     4
 74
     0
 42
0.000000001
 43
0.0000000001
 40
-8.0
 40
-8.0
 40
-8.0
 40
-8.0
 40
-7.0
 40
-7.0
 40
-7.0
 40
-7.0
 10
184.5567625279671
 20
84.05503058831095
 30
0.0
 10
184.5567625279543
 20
83.77888821339579
 30
0.0
 10
184.7806201530292
 20
83.55503058830169
 30
0.0
 10
185.0567625279451
 20
83.55503058828878
 30
0.0
  0
LINE
  5
848
330
1F
100
AcDbEntity
  8
0
100
AcDbLine
 10
185.0567625279451
 20
83.55503058828878
 30
0.0
 11
198.0567625279436
 21
83.55503058770358
 31
0.0
  0
SPLINE
  5
849
330
1F
100
AcDbEntity
  8
0
100
AcDbSpline
210
0.0
220
0.0
230
1.0
 70
     8
 71
     3
 72
     8
 73
     4
 74
     0
 42
0.000000001
 43
0.0000000001
 40
-14.0
 40
-14.0
 40
-14.0
 40
-14.0
 40
-13.0
 40
-13.0
 40
-13.0
 40
-13.0
 10
198.0567625279436
 20
83.55503058770358
 30
0.0
 10
198.3329049028599
 20
83.55503058769079
 30
0.0
 10
198.5567625279536
 20
83.77888821276568
 30
0.0
 10
198.5567625279663
 20
84.05503058768081
 30
0.0
  0
LINE
  5
850
330
1F
100
AcDbEntity
  8
0
100
AcDbLine
 10
198.5567625279663
 20
84.05503058768081
 30
0.0
 11
198.5567625285503
 21
97.05503058768071
 31
0.0
  0
SPLINE
  5
851
330
1F
100
AcDbEntity
  8
0
100
AcDbSpline
210
0.0
220
0.0
230
1.0
 70
     8
 71
     3
 72
     8
 73
     4
 74
     0
 42
0.000000001
 43
0.0000000001
 40
-12.0
 40
-12.0
 40
-12.0
 40
-12.0
 40
-11.0
 40
-11.0
 40
-11.0
 40
-11.0
 10
198.5567625285503
 20
97.05503058768071
 30
0.0
 10
198.5567625285624
 20
97.3311729625971
 30
0.0
 10
198.3329049034882
 20
97.5550305876913
 30
0.0
 10
198.0567625285731
 20
97.55503058770409
 30
0.0
  0
LINE
  5
852
330
1F
100
AcDbEntity
  8
0
100
AcDbLine
 10
198.0567625285731
 20
97.55503058770409
 30
0.0
 11
185.0567625285733
 21
97.55503058828677
 31
0.0
  0
SPLINE
  5
853
330
1F
100
AcDbEntity
  8
0
100
AcDbSpline
210
0.0
220
0.0
230
1.0
 70
     8
 71
     3
 72
     8
 73
     4
 74
     0
 42
0.000000001
 43
0.0000000001
 40
-10.0
 40
-10.0
 40
-10.0
 40
-10.0
 40
-9.0
 40
-9.0
 40
-9.0
 40
-9.0
 10
185.0567625285733
 20
97.55503058828677
 30
0.0
 10
184.780620153658
 20
97.55503058829956
 30
0.0
 10
184.5567625285633
 20
97.3311729632247
 30
0.0
 10
184.5567625285511
 20
97.05503058830949
 30
0.0
  0
LINE
  5
854
330
1F
100
AcDbEntity
  8
0
100
AcDbLine
 10
146.4567625285521
 20
97.05503059002158
 30
0.0
 11
146.456762527968
 21
84.05503059002299
 31
0.0
  0
SPLINE
  5
855
330
1F
100
AcDbEntity
  8
0
100
AcDbSpline
210
0.0
220
0.0
230
1.0
 70
     8
 71
     3
 72
     8
 73
     4
 74
     0
 42
0.000000001
 43
0.0000000001
 40
-8.0
 40
-8.0
 40
-8.0
 40
-8.0
 40
-7.0
 40
-7.0
 40
-7.0
 40
-7.0
 10
146.456762527968
 20
84.05503059002299
 30
0.0
 10
146.4567625279552
 20
83.77888821510788
 30
0.0
 10
146.6806201530294
 20
83.5550305900124
 30
0.0
 10
146.9567625279459
 20
83.55503059000088
 30
0.0
  0
LINE
  5
856
330
1F
100
AcDbEntity
  8
0
100
AcDbLine
 10
146.9567625279459
 20
83.55503059000088
 30
0.0
 11
159.9567625279445
 21
83.55503058941559
 31
0.0
  0
SPLINE
  5
857
330
1F
100
AcDbEntity
  8
0
100
AcDbSpline
210
0.0
220
0.0
230
1.0
 70
     8
 71
     3
 72
     8
 73
     4
 74
     0
 42
0.000000001
 43
0.0000000001
 40
-14.0
 40
-14.0
 40
-14.0
 40
-14.0
 40
-13.0
 40
-13.0
 40
-13.0
 40
-13.0
 10
159.9567625279445
 20
83.55503058941559
 30
0.0
 10
160.2329049028597
 20
83.55503058940405
 30
0.0
 10
160.4567625279545
 20
83.77888821447781
 30
0.0
 10
160.4567625279672
 20
84.05503058939407
 30
0.0
  0
LINE
  5
858
330
1F
100
AcDbEntity
  8
0
100
AcDbLine
 10
160.4567625279672
 20
84.05503058939407
 30
0.0
 11
160.4567625285512
 21
97.05503058939399
 31
0.0
  0
SPLINE
  5
859
330
1F
100
AcDbEntity
  8
0
100
AcDbSpline
210
0.0
220
0.0
230
1.0
 70
     8
 71
     3
 72
     8
 73
     4
 74
     0
 42
0.000000001
 43
0.0000000001
 40
-12.0
 40
-12.0
 40
-12.0
 40
-12.0
 40
-11.0
 40
-11.0
 40
-11.0
 40
-11.0
 10
160.4567625285512
 20
97.05503058939399
 30
0.0
 10
160.4567625285634
 20
97.33117296430908
 30
0.0
 10
160.2329049034897
 20
97.55503058940329
 30
0.0
 10
159.9567625285733
 20
97.55503058941608
 30
0.0
  0
LINE
  5
860
330
1F
100
AcDbEntity
  8
0
100
AcDbLine
 10
159.9567625285733
 20
97.55503058941608
 30
0.0
 11
146.9567625285747
 21
97.55503058999877
 31
0.0
  0
SPLINE
  5
861
330
1F
100
AcDbEntity
  8
0
100
AcDbSpline
210
0.0
220
0.0
230
1.0
 70
     8
 71
     3
 72
     8
 73
     4
 74
     0
 42
0.000000001
 43
0.0000000001
 40
-10.0
 40
-10.0
 40
-10.0
 40
-10.0
 40
-9.0
 40
-9.0
 40
-9.0
 40
-9.0
 10
146.9567625285747
 20
97.55503058999877
 30
0.0
 10
146.6806201536597
 20
97.55503059001171
 30
0.0
 10
146.4567625285641
 20
97.33117296493672
 30
0.0
 10
146.4567625285521
 20
97.05503059002158
 30
0.0
  0
LINE
  5
862
330
1F
100
AcDbEntity
  8
0
100
AcDbLine
 10
274.2567625285719
 20
97.55503058427871
 30
0.0
 11
261.2567625285719
 21
97.55503058486135
 31
0.0
  0
SPLINE
  5
863
330
1F
100
AcDbEntity
  8
0
100
AcDbSpline
210
0.0
220
0.0
230
1.0
 70
     8
 71
     3
 72
     8
 73
     4
 74
     0
 42
0.000000001
 43
0.0000000001
 40
-8.0
 40
-8.0
 40
-8.0
 40
-8.0
 40
-7.0
 40
-7.0
 40
-7.0
 40
-7.0
 10
261.2567625285719
 20
97.55503058486135
 30
0.0
 10
260.9806201536569
 20
97.55503058487406
 30
0.0
 10
260.7567625285629
 20
97.33117295979932
 30
0.0
 10
260.7567625285499
 20
97.05503058488407
 30
0.0
  0
LINE
  5
864
330
1F
100
AcDbEntity
  8
0
100
AcDbLine
 10
260.7567625285499
 20
97.05503058488407
 30
0.0
 11
260.7567625279659
 21
84.05503058488688
 31
0.0
  0
SPLINE
  5
865
330
1F
100
AcDbEntity
  8
0
100
AcDbSpline
210
0.0
220
0.0
230
1.0
 70
     8
 71
     3
 72
     8
 73
     4
 74
     0
 42
0.000000001
 43
0.0000000001
 40
-14.0
 40
-14.0
 40
-14.0
 40
-14.0
 40
-13.0
 40
-13.0
 40
-13.0
 40
-13.0
 10
260.7567625279659
 20
84.05503058488688
 30
0.0
 10
260.7567625279529
 20
83.77888820997169
 30
0.0
 10
260.9806201530279
 20
83.55503058487627
 30
0.0
 10
261.2567625279439
 20
83.55503058486467
 30
0.0
  0
LINE
  5
866
330
1F
100
AcDbEntity
  8
0
100
AcDbLine
 10
261.2567625279439
 20
83.55503058486467
 30
0.0
 11
274.2567625279428
 21
83.55503058427823
 31
0.0
  0
SPLINE
  5
867
330
1F
100
AcDbEntity
  8
0
100
AcDbSpline
210
0.0
220
0.0
230
1.0
 70
     8
 71
     3
 72
     8
 73
     4
 74
     0
 42
0.000000001
 43
0.0000000001
 40
-12.0
 40
-12.0
 40
-12.0
 40
-12.0
 40
-11.0
 40
-11.0
 40
-11.0
 40
-11.0
 10
274.2567625279428
 20
83.55503058427823
 30
0.0
 10
274.5329049028569
 20
83.55503058426668
 30
0.0
 10
274.7567625279519
 20
83.77888820934158
 30
0.0
 10
274.7567625279649
 20
84.0550305842567
 30
0.0
  0
LINE
  5
868
330
1F
100
AcDbEntity
  8
0
100
AcDbLine
 10
274.7567625279649
 20
84.0550305842567
 30
0.0
 11
274.7567625285488
 21
97.0550305842566
 31
0.0
  0
SPLINE
  5
869
330
1F
100
AcDbEntity
  8
0
100
AcDbSpline
210
0.0
220
0.0
230
1.0
 70
     8
 71
     3
 72
     8
 73
     4
 74
     0
 42
0.000000001
 43
0.0000000001
 40
-10.0
 40
-10.0
 40
-10.0
 40
-10.0
 40
-9.0
 40
-9.0
 40
-9.0
 40
-9.0
 10
274.7567625285488
 20
97.0550305842566
 30
0.0
 10
274.7567625285619
 20
97.33117295917171
 30
0.0
 10
274.5329049034868
 20
97.5550305842672
 30
0.0
 10
274.2567625285719
 20
97.55503058427871
 30
0.0
  0
LINE
  5
870
330
1F
100
AcDbEntity
  8
0
100
AcDbLine
 10
255.2067625285729
 20
97.555030585136
 30
0.0
 11
242.2067625285698
 21
97.5550305857174
 31
0.0
  0
SPLINE
  5
871
330
1F
100
AcDbEntity
  8
0
100
AcDbSpline
210
0.0
220
0.0
230
1.0
 70
     8
 71
     3
 72
     8
 73
     4
 74
     0
 42
0.000000001
 43
0.0000000001
 40
-8.0
 40
-8.0
 40
-8.0
 40
-8.0
 40
-7.0
 40
-7.0
 40
-7.0
 40
-7.0
 10
242.2067625285698
 20
97.5550305857174
 30
0.0
 10
241.9306201536559
 20
97.55503058572879
 30
0.0
 10
241.7067625285639
 20
97.33117296065646
 30
0.0
 10
241.7067625285509
 20
97.05503058574272
 30
0.0
  0
LINE
  5
872
330
1F
100
AcDbEntity
  8
0
100
AcDbLine
 10
241.7067625285509
 20
97.05503058574272
 30
0.0
 11
241.7067625279629
 21
84.05503058574423
 31
0.0
  0
SPLINE
  5
873
330
1F
100
AcDbEntity
  8
0
100
AcDbSpline
210
0.0
220
0.0
230
1.0
 70
     8
 71
     3
 72
     8
 73
     4
 74
     0
 42
0.000000001
 43
0.0000000001
 40
-14.0
 40
-14.0
 40
-14.0
 40
-14.0
 40
-13.0
 40
-13.0
 40
-13.0
 40
-13.0
 10
241.7067625279629
 20
84.05503058574423
 30
0.0
 10
241.7067625279499
 20
83.77888821082777
 30
0.0
 10
241.9306201530249
 20
83.55503058573232
 30
0.0
 10
242.2067625279419
 20
83.55503058571949
 30
0.0
  0
LINE
  5
874
330
1F
100
AcDbEntity
  8
0
100
AcDbLine
 10
242.2067625279419
 20
83.55503058571949
 30
0.0
 11
255.2067625279438
 21
83.55503058513548
 31
0.0
  0
SPLINE
  5
875
330
1F
100
AcDbEntity
  8
0
100
AcDbSpline
210
0.0
220
0.0
230
1.0
 70
     8
 71
     3
 72
     8
 73
     4
 74
     0
 42
0.000000001
 43
0.0000000001
 40
-12.0
 40
-12.0
 40
-12.0
 40
-12.0
 40
-11.0
 40
-11.0
 40
-11.0
 40
-11.0
 10
255.2067625279438
 20
83.55503058513548
 30
0.0
 10
255.4829049028589
 20
83.55503058512397
 30
0.0
 10
255.7067625279519
 20
83.77888821019755
 30
0.0
 10
255.7067625279648
 20
84.0550305851128
 30
0.0
  0
LINE
  5
876
330
1F
100
AcDbEntity
  8
0
100
AcDbLine
 10
255.7067625279648
 20
84.0550305851128
 30
0.0
 11
255.7067625285498
 21
97.05503058511391
 31
0.0
  0
SPLINE
  5
877
330
1F
100
AcDbEntity
  8
0
100
AcDbSpline
210
0.0
220
0.0
230
1.0
 70
     8
 71
     3
 72
     8
 73
     4
 74
     0
 42
0.000000001
 43
0.0000000001
 40
-10.0
 40
-10.0
 40
-10.0
 40
-10.0
 40
-9.0
 40
-9.0
 40
-9.0
 40
-9.0
 10
255.7067625285498
 20
97.05503058511391
 30
0.0
 10
255.7067625285618
 20
97.331172960029
 30
0.0
 10
255.4829049034879
 20
97.55503058512321
 30
0.0
 10
255.2067625285729
 20
97.555030585136
 30
0.0
  0
LINE
  5
878
330
1F
100
AcDbEntity
  8
0
100
AcDbLine
 10
102.806762528574
 20
97.55503059198545
 30
0.0
 11
89.80676252857525
 21
97.55503059256822
 31
0.0
  0
SPLINE
  5
879
330
1F
100
AcDbEntity
  8
0
100
AcDbSpline
210
0.0
220
0.0
230
1.0
 70
     8
 71
     3
 72
     8
 73
     4
 74
     0
 42
0.000000001
 43
0.0000000001
 40
-8.0
 40
-8.0
 40
-8.0
 40
-8.0
 40
-7.0
 40
-7.0
 40
-7.0
 40
-7.0
 10
89.80676252857525
 20
97.55503059256822
 30
0.0
 10
89.53062015366025
 20
97.55503059258098
 30
0.0
 10
89.30676252856425
 20
97.33117296750606
 30
0.0
 10
89.30676252855226
 20
97.0550305925909
 30
0.0
  0
LINE
  5
880
330
1F
100
AcDbEntity
  8
0
100
AcDbLine
 10
89.30676252855226
 20
97.0550305925909
 30
0.0
 11
89.30676252796827
 21
84.05503059259109
 31
0.0
  0
SPLINE
  5
881
330
1F
100
AcDbEntity
  8
0
100
AcDbSpline
210
0.0
220
0.0
230
1.0
 70
     8
 71
     3
 72
     8
 73
     4
 74
     0
 42
0.000000001
 43
0.0000000001
 40
-14.0
 40
-14.0
 40
-14.0
 40
-14.0
 40
-13.0
 40
-13.0
 40
-13.0
 40
-13.0
 10
89.30676252796827
 20
84.05503059259109
 30
0.0
 10
89.30676252795626
 20
83.77888821767589
 30
0.0
 10
89.53062015303025
 20
83.55503059258177
 30
0.0
 10
89.80676252794626
 20
83.55503059256895
 30
0.0
  0
LINE
  5
882
330
1F
100
AcDbEntity
  8
0
100
AcDbLine
 10
89.80676252794626
 20
83.55503059256895
 30
0.0
 11
102.8067625279452
 21
83.55503059198497
 31
0.0
  0
SPLINE
  5
883
330
1F
100
AcDbEntity
  8
0
100
AcDbSpline
210
0.0
220
0.0
230
1.0
 70
     8
 71
     3
 72
     8
 73
     4
 74
     0
 42
0.000000001
 43
0.0000000001
 40
-12.0
 40
-12.0
 40
-12.0
 40
-12.0
 40
-11.0
 40
-11.0
 40
-11.0
 40
-11.0
 10
102.8067625279452
 20
83.55503059198497
 30
0.0
 10
103.0829049028603
 20
83.55503059197349
 30
0.0
 10
103.3067625279551
 20
83.77888821704837
 30
0.0
 10
103.3067625279679
 20
84.05503059196348
 30
0.0
  0
LINE
  5
884
330
1F
100
AcDbEntity
  8
0
100
AcDbLine
 10
103.3067625279679
 20
84.05503059196348
 30
0.0
 11
103.3067625285518
 21
97.0550305919621
 31
0.0
  0
SPLINE
  5
885
330
1F
100
AcDbEntity
  8
0
100
AcDbSpline
210
0.0
220
0.0
230
1.0
 70
     8
 71
     3
 72
     8
 73
     4
 74
     0
 42
0.000000001
 43
0.0000000001
 40
-10.0
 40
-10.0
 40
-10.0
 40
-10.0
 40
-9.0
 40
-9.0
 40
-9.0
 40
-9.0
 10
103.3067625285518
 20
97.0550305919621
 30
0.0
 10
103.3067625285642
 20
97.33117296687845
 30
0.0
 10
103.0829049034904
 20
97.55503059197398
 30
0.0
 10
102.806762528574
 20
97.55503059198545
 30
0.0
  0
LINE
  5
886
330
1F
100
AcDbEntity
  8
0
100
AcDbLine
 10
127.9067625279457
 20
83.55503059085689
 30
0.0
 11
140.9067625279442
 21
83.55503059027171
 31
0.0
  0
SPLINE
  5
887
330
1F
100
AcDbEntity
  8
0
100
AcDbSpline
210
0.0
220
0.0
230
1.0
 70
     8
 71
     3
 72
     8
 73
     4
 74
     0
 42
0.000000001
 43
0.0000000001
 40
-8.0
 40
-8.0
 40
-8.0
 40
-8.0
 40
-7.0
 40
-7.0
 40
-7.0
 40
-7.0
 10
140.9067625279442
 20
83.55503059027171
 30
0.0
 10
141.1829049028607
 20
83.55503059026009
 30
0.0
 10
141.4067625279542
 20
83.77888821533497
 30
0.0
 10
141.406762527967
 20
84.0550305902502
 30
0.0
  0
LINE
  5
888
330
1F
100
AcDbEntity
  8
0
100
AcDbLine
 10
141.406762527967
 20
84.0550305902502
 30
0.0
 11
141.406762528551
 21
97.05503059024998
 31
0.0
  0
SPLINE
  5
889
330
1F
100
AcDbEntity
  8
0
100
AcDbSpline
210
0.0
220
0.0
230
1.0
 70
     8
 71
     3
 72
     8
 73
     4
 74
     0
 42
0.000000001
 43
0.0000000001
 40
-14.0
 40
-14.0
 40
-14.0
 40
-14.0
 40
-13.0
 40
-13.0
 40
-13.0
 40
-13.0
 10
141.406762528551
 20
97.05503059024998
 30
0.0
 10
141.4067625285632
 20
97.33117296516523
 30
0.0
 10
141.1829049034895
 20
97.55503059026057
 30
0.0
 10
140.9067625285744
 20
97.55503059027223
 30
0.0
  0
LINE
  5
890
330
1F
100
AcDbEntity
  8
0
100
AcDbLine
 10
140.9067625285744
 20
97.55503059027223
 30
0.0
 11
127.9067625285746
 21
97.5550305908561
 31
0.0
  0
SPLINE
  5
891
330
1F
100
AcDbEntity
  8
0
100
AcDbSpline
210
0.0
220
0.0
230
1.0
 70
     8
 71
     3
 72
     8
 73
     4
 74
     0
 42
0.000000001
 43
0.0000000001
 40
-12.0
 40
-12.0
 40
-12.0
 40
-12.0
 40
-11.0
 40
-11.0
 40
-11.0
 40
-11.0
 10
127.9067625285746
 20
97.5550305908561
 30
0.0
 10
127.6306201536594
 20
97.55503059086899
 30
0.0
 10
127.4067625285652
 20
97.33117296579401
 30
0.0
 10
127.4067625285531
 20
97.05503059087892
 30
0.0
  0
LINE
  5
892
330
1F
100
AcDbEntity
  8
0
100
AcDbLine
 10
127.4067625285531
 20
97.05503059087892
 30
0.0
 11
127.4067625279678
 21
84.05503059088028
 31
0.0
  0
SPLINE
  5
893
330
1F
100
AcDbEntity
  8
0
100
AcDbSpline
210
0.0
220
0.0
230
1.0
 70
     8
 71
     3
 72
     8
 73
     4
 74
     0
 42
0.000000001
 43
0.0000000001
 40
-10.0
 40
-10.0
 40
-10.0
 40
-10.0
 40
-9.0
 40
-9.0
 40
-9.0
 40
-9.0
 10
127.4067625279678
 20
84.05503059088028
 30
0.0
 10
127.406762527955
 20
83.77888821596519
 30
0.0
 10
127.6306201530305
 20
83.55503059086979
 30
0.0
 10
127.9067625279457
 20
83.55503059085689
 30
0.0
  0
LINE
  5
894
330
1F
100
AcDbEntity
  8
0
100
AcDbLine
 10
223.156762527945
 20
83.55503058657546
 30
0.0
 11
236.1567625279439
 21
83.55503058599145
 31
0.0
  0
SPLINE
  5
895
330
1F
100
AcDbEntity
  8
0
100
AcDbSpline
210
0.0
220
0.0
230
1.0
 70
     8
 71
     3
 72
     8
 73
     4
 74
     0
 42
0.000000001
 43
0.0000000001
 40
-8.0
 40
-8.0
 40
-8.0
 40
-8.0
 40
-7.0
 40
-7.0
 40
-7.0
 40
-7.0
 10
236.1567625279439
 20
83.55503058599145
 30
0.0
 10
236.4329049028589
 20
83.5550305859787
 30
0.0
 10
236.6567625279529
 20
83.77888821105358
 30
0.0
 10
236.6567625279659
 20
84.05503058596877
 30
0.0
  0
LINE
  5
896
330
1F
100
AcDbEntity
  8
0
100
AcDbLine
 10
236.6567625279659
 20
84.05503058596877
 30
0.0
 11
236.6567625285498
 21
97.05503058596988
 31
0.0
  0
SPLINE
  5
897
330
1F
100
AcDbEntity
  8
0
100
AcDbSpline
210
0.0
220
0.0
230
1.0
 70
     8
 71
     3
 72
     8
 73
     4
 74
     0
 42
0.000000001
 43
0.0000000001
 40
-14.0
 40
-14.0
 40
-14.0
 40
-14.0
 40
-13.0
 40
-13.0
 40
-13.0
 40
-13.0
 10
236.6567625285498
 20
97.05503058596988
 30
0.0
 10
236.6567625285619
 20
97.33117296088488
 30
0.0
 10
236.4329049034878
 20
97.55503058597918
 30
0.0
 10
236.1567625285729
 20
97.55503058599197
 30
0.0
  0
LINE
  5
898
330
1F
100
AcDbEntity
  8
0
100
AcDbLine
 10
236.1567625285729
 20
97.55503058599197
 30
0.0
 11
223.156762528574
 21
97.5550305865747
 31
0.0
  0
SPLINE
  5
899
330
1F
100
AcDbEntity
  8
0
100
AcDbSpline
210
0.0
220
0.0
230
1.0
 70
     8
 71
     3
 72
     8
 73
     4
 74
     0
 42
0.000000001
 43
0.0000000001
 40
-12.0
 40
-12.0
 40
-12.0
 40
-12.0
 40
-11.0
 40
-11.0
 40
-11.0
 40
-11.0
 10
223.156762528574
 20
97.5550305865747
 30
0.0
 10
222.8806201536575
 20
97.55503058658749
 30
0.0
 10
222.6567625285634
 20
97.33117296151256
 30
0.0
 10
222.6567625285506
 20
97.05503058659747
 30
0.0
  0
LINE
  5
900
330
1F
100
AcDbEntity
  8
0
100
AcDbLine
 10
222.6567625285506
 20
97.05503058659747
 30
0.0
 11
222.6567625279666
 21
84.05503058659897
 31
0.0
  0
SPLINE
  5
901
330
1F
100
AcDbEntity
  8
0
100
AcDbSpline
210
0.0
220
0.0
230
1.0
 70
     8
 71
     3
 72
     8
 73
     4
 74
     0
 42
0.000000001
 43
0.0000000001
 40
-10.0
 40
-10.0
 40
-10.0
 40
-10.0
 40
-9.0
 40
-9.0
 40
-9.0
 40
-9.0
 10
222.6567625279666
 20
84.05503058659897
 30
0.0
 10
222.6567625279538
 20
83.77888821168246
 30
0.0
 10
222.8806201530287
 20
83.55503058658829
 30
0.0
 10
223.156762527945
 20
83.55503058657546
 30
0.0
  0
LINE
  5
902
330
1F
100
AcDbEntity
  8
0
100
AcDbLine
 10
121.8567625285743
 20
97.5550305911282
 30
0.0
 11
108.8567625285756
 21
97.5550305917134
 31
0.0
  0
SPLINE
  5
903
330
1F
100
AcDbEntity
  8
0
100
AcDbSpline
210
0.0
220
0.0
230
1.0
 70
     8
 71
     3
 72
     8
 73
     4
 74
     0
 42
0.000000001
 43
0.0000000001
 40
-8.0
 40
-8.0
 40
-8.0
 40
-8.0
 40
-7.0
 40
-7.0
 40
-7.0
 40
-7.0
 10
108.8567625285756
 20
97.5550305917134
 30
0.0
 10
108.5806201536605
 20
97.55503059172497
 30
0.0
 10
108.356762528565
 20
97.33117296665009
 30
0.0
 10
108.3567625285528
 20
97.05503059173489
 30
0.0
  0
LINE
  5
904
330
1F
100
AcDbEntity
  8
0
100
AcDbLine
 10
108.3567625285528
 20
97.05503059173489
 30
0.0
 11
108.3567625279689
 21
84.05503059173637
 31
0.0
  0
SPLINE
  5
905
330
1F
100
AcDbEntity
  8
0
100
AcDbSpline
210
0.0
220
0.0
230
1.0
 70
     8
 71
     3
 72
     8
 73
     4
 74
     0
 42
0.000000001
 43
0.0000000001
 40
-14.0
 40
-14.0
 40
-14.0
 40
-14.0
 40
-13.0
 40
-13.0
 40
-13.0
 40
-13.0
 10
108.3567625279689
 20
84.05503059173637
 30
0.0
 10
108.3567625279562
 20
83.7788882168212
 30
0.0
 10
108.5806201530303
 20
83.5550305917258
 30
0.0
 10
108.8567625279455
 20
83.5550305917142
 30
0.0
  0
LINE
  5
906
330
1F
100
AcDbEntity
  8
0
100
AcDbLine
 10
108.8567625279455
 20
83.5550305917142
 30
0.0
 11
121.8567625279453
 21
83.555030591129
 31
0.0
  0
SPLINE
  5
907
330
1F
100
AcDbEntity
  8
0
100
AcDbSpline
210
0.0
220
0.0
230
1.0
 70
     8
 71
     3
 72
     8
 73
     4
 74
     0
 42
0.000000001
 43
0.0000000001
 40
-12.0
 40
-12.0
 40
-12.0
 40
-12.0
 40
-11.0
 40
-11.0
 40
-11.0
 40
-11.0
 10
121.8567625279453
 20
83.555030591129
 30
0.0
 10
122.1329049028605
 20
83.55503059111606
 30
0.0
 10
122.3567625279553
 20
83.77888821619098
 30
0.0
 10
122.3567625279681
 20
84.05503059110618
 30
0.0
  0
LINE
  5
908
330
1F
100
AcDbEntity
  8
0
100
AcDbLine
 10
122.3567625279681
 20
84.05503059110618
 30
0.0
 11
122.3567625285521
 21
97.05503059110601
 31
0.0
  0
SPLINE
  5
909
330
1F
100
AcDbEntity
  8
0
100
AcDbSpline
210
0.0
220
0.0
230
1.0
 70
     8
 71
     3
 72
     8
 73
     4
 74
     0
 42
0.000000001
 43
0.0000000001
 40
-10.0
 40
-10.0
 40
-10.0
 40
-10.0
 40
-9.0
 40
-9.0
 40
-9.0
 40
-9.0
 10
122.3567625285521
 20
97.05503059110601
 30
0.0
 10
122.3567625285642
 20
97.3311729660212
 30
0.0
 10
122.1329049034893
 20
97.55503059111539
 30
0.0
 10
121.8567625285743
 20
97.5550305911282
 30
0.0
  0
LINE
  5
910
330
1F
100
AcDbEntity
  8
0
100
AcDbLine
 10
193.2942625294294
 20
116.6050305879237
 30
0.0
 11
180.2942625294282
 21
116.6050305885064
 31
0.0
  0
SPLINE
  5
911
330
1F
100
AcDbEntity
  8
0
100
AcDbSpline
210
0.0
220
0.0
230
1.0
 70
     8
 71
     3
 72
     8
 73
     4
 74
     0
 42
0.000000001
 43
0.0000000001
 40
-8.0
 40
-8.0
 40
-8.0
 40
-8.0
 40
-7.0
 40
-7.0
 40
-7.0
 40
-7.0
 10
180.2942625294282
 20
116.6050305885064
 30
0.0
 10
180.0181201545137
 20
116.605030588518
 30
0.0
 10
179.7942625294195
 20
116.3811729634443
 30
0.0
 10
179.7942625294074
 20
116.1050305885292
 30
0.0
  0
LINE
  5
912
330
1F
100
AcDbEntity
  8
0
100
AcDbLine
 10
179.7942625294074
 20
116.1050305885292
 30
0.0
 11
179.7942625288234
 21
103.1050305885308
 31
0.0
  0
SPLINE
  5
913
330
1F
100
AcDbEntity
  8
0
100
AcDbSpline
210
0.0
220
0.0
230
1.0
 70
     8
 71
     3
 72
     8
 73
     4
 74
     0
 42
0.000000001
 43
0.0000000001
 40
-14.0
 40
-14.0
 40
-14.0
 40
-14.0
 40
-13.0
 40
-13.0
 40
-13.0
 40
-13.0
 10
179.7942625288234
 20
103.1050305885308
 30
0.0
 10
179.7942625288093
 20
102.8288882136155
 30
0.0
 10
180.0181201538848
 20
102.6050305885199
 30
0.0
 10
180.2942625288
 20
102.6050305885085
 30
0.0
  0
LINE
  5
914
330
1F
100
AcDbEntity
  8
0
100
AcDbLine
 10
180.2942625288
 20
102.6050305885085
 30
0.0
 11
193.2942625287992
 21
102.6050305879232
 31
0.0
  0
SPLINE
  5
915
330
1F
100
AcDbEntity
  8
0
100
AcDbSpline
210
0.0
220
0.0
230
1.0
 70
     8
 71
     3
 72
     8
 73
     4
 74
     0
 42
0.000000001
 43
0.0000000001
 40
-12.0
 40
-12.0
 40
-12.0
 40
-12.0
 40
-11.0
 40
-11.0
 40
-11.0
 40
-11.0
 10
193.2942625287992
 20
102.6050305879232
 30
0.0
 10
193.5704049037151
 20
102.6050305879104
 30
0.0
 10
193.7942625288098
 20
102.8288882129854
 30
0.0
 10
193.794262528822
 20
103.1050305879005
 30
0.0
  0
LINE
  5
916
330
1F
100
AcDbEntity
  8
0
100
AcDbLine
 10
193.794262528822
 20
103.1050305879005
 30
0.0
 11
193.7942625294072
 21
116.1050305879016
 31
0.0
  0
SPLINE
  5
917
330
1F
100
AcDbEntity
  8
0
100
AcDbSpline
210
0.0
220
0.0
230
1.0
 70
     8
 71
     3
 72
     8
 73
     4
 74
     0
 42
0.000000001
 43
0.0000000001
 40
-10.0
 40
-10.0
 40
-10.0
 40
-10.0
 40
-9.0
 40
-9.0
 40
-9.0
 40
-9.0
 10
193.7942625294072
 20
116.1050305879016
 30
0.0
 10
193.7942625294195
 20
116.3811729628168
 30
0.0
 10
193.5704049043451
 20
116.6050305879108
 30
0.0
 10
193.2942625294294
 20
116.6050305879237
 30
0.0
  0
LINE
  5
918
330
1F
100
AcDbEntity
  8
0
100
AcDbLine
 10
217.8942625294062
 20
116.1050305868171
 30
0.0
 11
217.8942625288223
 21
103.1050305868185
 31
0.0
  0
SPLINE
  5
919
330
1F
100
AcDbEntity
  8
0
100
AcDbSpline
210
0.0
220
0.0
230
1.0
 70
     8
 71
     3
 72
     8
 73
     4
 74
     0
 42
0.000000001
 43
0.0000000001
 40
-8.0
 40
-8.0
 40
-8.0
 40
-8.0
 40
-7.0
 40
-7.0
 40
-7.0
 40
-7.0
 10
217.8942625288223
 20
103.1050305868185
 30
0.0
 10
217.8942625288095
 20
102.8288882119033
 30
0.0
 10
218.1181201538844
 20
102.6050305868079
 30
0.0
 10
218.3942625287995
 20
102.6050305867963
 30
0.0
  0
LINE
  5
920
330
1F
100
AcDbEntity
  8
0
100
AcDbLine
 10
218.3942625287995
 20
102.6050305867963
 30
0.0
 11
231.3942625287992
 21
102.6050305862112
 31
0.0
  0
SPLINE
  5
921
330
1F
100
AcDbEntity
  8
0
100
AcDbSpline
210
0.0
220
0.0
230
1.0
 70
     8
 71
     3
 72
     8
 73
     4
 74
     0
 42
0.000000001
 43
0.0000000001
 40
-14.0
 40
-14.0
 40
-14.0
 40
-14.0
 40
-13.0
 40
-13.0
 40
-13.0
 40
-13.0
 10
231.3942625287992
 20
102.6050305862112
 30
0.0
 10
231.6704049037157
 20
102.6050305861983
 30
0.0
 10
231.8942625288099
 20
102.8288882112733
 30
0.0
 10
231.8942625288228
 20
103.1050305861884
 30
0.0
  0
LINE
  5
922
330
1F
100
AcDbEntity
  8
0
100
AcDbLine
 10
231.8942625288228
 20
103.1050305861884
 30
0.0
 11
231.8942625294067
 21
116.1050305861883
 31
0.0
  0
SPLINE
  5
923
330
1F
100
AcDbEntity
  8
0
100
AcDbSpline
210
0.0
220
0.0
230
1.0
 70
     8
 71
     3
 72
     8
 73
     4
 74
     0
 42
0.000000001
 43
0.0000000001
 40
-12.0
 40
-12.0
 40
-12.0
 40
-12.0
 40
-11.0
 40
-11.0
 40
-11.0
 40
-11.0
 10
231.8942625294067
 20
116.1050305861883
 30
0.0
 10
231.8942625294196
 20
116.3811729611034
 30
0.0
 10
231.6704049043446
 20
116.6050305861975
 30
0.0
 10
231.3942625294294
 20
116.6050305862104
 30
0.0
  0
LINE
  5
924
330
1F
100
AcDbEntity
  8
0
100
AcDbLine
 10
231.3942625294294
 20
116.6050305862104
 30
0.0
 11
218.3942625294284
 21
116.6050305867944
 31
0.0
  0
SPLINE
  5
925
330
1F
100
AcDbEntity
  8
0
100
AcDbSpline
210
0.0
220
0.0
230
1.0
 70
     8
 71
     3
 72
     8
 73
     4
 74
     0
 42
0.000000001
 43
0.0000000001
 40
-10.0
 40
-10.0
 40
-10.0
 40
-10.0
 40
-9.0
 40
-9.0
 40
-9.0
 40
-9.0
 10
218.3942625294284
 20
116.6050305867944
 30
0.0
 10
218.1181201545132
 20
116.6050305868072
 30
0.0
 10
217.894262529419
 20
116.381172961731
 30
0.0
 10
217.8942625294062
 20
116.1050305868171
 30
0.0
  0
LINE
  5
926
330
1F
100
AcDbEntity
  8
0
100
AcDbLine
 10
117.0942625294306
 20
116.6050305913479
 30
0.0
 11
104.0942625294306
 21
116.6050305919318
 31
0.0
  0
SPLINE
  5
927
330
1F
100
AcDbEntity
  8
0
100
AcDbSpline
210
0.0
220
0.0
230
1.0
 70
     8
 71
     3
 72
     8
 73
     4
 74
     0
 42
0.000000001
 43
0.0000000001
 40
-8.0
 40
-8.0
 40
-8.0
 40
-8.0
 40
-7.0
 40
-7.0
 40
-7.0
 40
-7.0
 10
104.0942625294306
 20
116.6050305919318
 30
0.0
 10
103.8181201545155
 20
116.6050305919434
 30
0.0
 10
103.5942625294201
 20
116.3811729668697
 30
0.0
 10
103.5942625294079
 20
116.1050305919546
 30
0.0
  0
LINE
  5
928
330
1F
100
AcDbEntity
  8
0
100
AcDbLine
 10
103.5942625294079
 20
116.1050305919546
 30
0.0
 11
103.5942625288233
 21
103.1050305919534
 31
0.0
  0
SPLINE
  5
929
330
1F
100
AcDbEntity
  8
0
100
AcDbSpline
210
0.0
220
0.0
230
1.0
 70
     8
 71
     3
 72
     8
 73
     4
 74
     0
 42
0.000000001
 43
0.0000000001
 40
-14.0
 40
-14.0
 40
-14.0
 40
-14.0
 40
-13.0
 40
-13.0
 40
-13.0
 40
-13.0
 10
103.5942625288233
 20
103.1050305919534
 30
0.0
 10
103.5942625288111
 20
102.8288882170383
 30
0.0
 10
103.8181201538853
 20
102.6050305919429
 30
0.0
 10
104.0942625288005
 20
102.6050305919313
 30
0.0
  0
LINE
  5
930
330
1F
100
AcDbEntity
  8
0
100
AcDbLine
 10
104.0942625288005
 20
102.6050305919313
 30
0.0
 11
117.0942625288017
 21
102.6050305913461
 31
0.0
  0
SPLINE
  5
931
330
1F
100
AcDbEntity
  8
0
100
AcDbSpline
210
0.0
220
0.0
230
1.0
 70
     8
 71
     3
 72
     8
 73
     4
 74
     0
 42
0.000000001
 43
0.0000000001
 40
-12.0
 40
-12.0
 40
-12.0
 40
-12.0
 40
-11.0
 40
-11.0
 40
-11.0
 40
-11.0
 10
117.0942625288017
 20
102.6050305913461
 30
0.0
 10
117.3704049037168
 20
102.6050305913345
 30
0.0
 10
117.5942625288123
 20
102.8288882164095
 30
0.0
 10
117.5942625288245
 20
103.1050305913246
 30
0.0
  0
LINE
  5
932
330
1F
100
AcDbEntity
  8
0
100
AcDbLine
 10
117.5942625288245
 20
103.1050305913246
 30
0.0
 11
117.5942625294084
 21
116.1050305913243
 31
0.0
  0
SPLINE
  5
933
330
1F
100
AcDbEntity
  8
0
100
AcDbSpline
210
0.0
220
0.0
230
1.0
 70
     8
 71
     3
 72
     8
 73
     4
 74
     0
 42
0.000000001
 43
0.0000000001
 40
-10.0
 40
-10.0
 40
-10.0
 40
-10.0
 40
-9.0
 40
-9.0
 40
-9.0
 40
-9.0
 10
117.5942625294084
 20
116.1050305913243
 30
0.0
 10
117.5942625294205
 20
116.3811729662395
 30
0.0
 10
117.3704049043456
 20
116.605030591335
 30
0.0
 10
117.0942625294306
 20
116.6050305913479
 30
0.0
  0
LINE
  5
934
330
1F
100
AcDbEntity
  8
0
100
AcDbLine
 10
212.3442625294299
 20
116.6050305870677
 30
0.0
 11
199.344262529429
 21
116.6050305876503
 31
0.0
  0
SPLINE
  5
935
330
1F
100
AcDbEntity
  8
0
100
AcDbSpline
210
0.0
220
0.0
230
1.0
 70
     8
 71
     3
 72
     8
 73
     4
 74
     0
 42
0.000000001
 43
0.0000000001
 40
-8.0
 40
-8.0
 40
-8.0
 40
-8.0
 40
-7.0
 40
-7.0
 40
-7.0
 40
-7.0
 10
199.344262529429
 20
116.6050305876503
 30
0.0
 10
199.0681201545139
 20
116.6050305876619
 30
0.0
 10
198.8442625294197
 20
116.3811729625883
 30
0.0
 10
198.8442625294077
 20
116.1050305876744
 30
0.0
  0
LINE
  5
936
330
1F
100
AcDbEntity
  8
0
100
AcDbLine
 10
198.8442625294077
 20
116.1050305876744
 30
0.0
 11
198.8442625288217
 21
103.1050305876745
 31
0.0
  0
SPLINE
  5
937
330
1F
100
AcDbEntity
  8
0
100
AcDbSpline
210
0.0
220
0.0
230
1.0
 70
     8
 71
     3
 72
     8
 73
     4
 74
     0
 42
0.000000001
 43
0.0000000001
 40
-14.0
 40
-14.0
 40
-14.0
 40
-14.0
 40
-13.0
 40
-13.0
 40
-13.0
 40
-13.0
 10
198.8442625288217
 20
103.1050305876745
 30
0.0
 10
198.8442625288096
 20
102.8288882127594
 30
0.0
 10
199.0681201538844
 20
102.6050305876653
 30
0.0
 10
199.344262528799
 20
102.6050305876524
 30
0.0
  0
LINE
  5
938
330
1F
100
AcDbEntity
  8
0
100
AcDbLine
 10
199.344262528799
 20
102.6050305876524
 30
0.0
 11
212.344262528801
 21
102.6050305870685
 31
0.0
  0
SPLINE
  5
939
330
1F
100
AcDbEntity
  8
0
100
AcDbSpline
210
0.0
220
0.0
230
1.0
 70
     8
 71
     3
 72
     8
 73
     4
 74
     0
 42
0.000000001
 43
0.0000000001
 40
-12.0
 40
-12.0
 40
-12.0
 40
-12.0
 40
-11.0
 40
-11.0
 40
-11.0
 40
-11.0
 10
212.344262528801
 20
102.6050305870685
 30
0.0
 10
212.6204049037162
 20
102.6050305870557
 30
0.0
 10
212.8442625288104
 20
102.8288882121306
 30
0.0
 10
212.8442625288232
 20
103.1050305870458
 30
0.0
  0
LINE
  5
940
330
1F
100
AcDbEntity
  8
0
100
AcDbLine
 10
212.8442625288232
 20
103.1050305870458
 30
0.0
 11
212.8442625294085
 21
116.1050305870443
 31
0.0
  0
SPLINE
  5
941
330
1F
100
AcDbEntity
  8
0
100
AcDbSpline
210
0.0
220
0.0
230
1.0
 70
     8
 71
     3
 72
     8
 73
     4
 74
     0
 42
0.000000001
 43
0.0000000001
 40
-10.0
 40
-10.0
 40
-10.0
 40
-10.0
 40
-9.0
 40
-9.0
 40
-9.0
 40
-9.0
 10
212.8442625294085
 20
116.1050305870443
 30
0.0
 10
212.84426252942
 20
116.3811729619594
 30
0.0
 10
212.6204049043451
 20
116.6050305870549
 30
0.0
 10
212.3442625294299
 20
116.6050305870677
 30
0.0
  0
LINE
  5
942
330
1F
100
AcDbEntity
  8
0
100
AcDbLine
 10
256.4942625287999
 20
102.6050305850831
 30
0.0
 11
269.4942625287979
 21
102.6050305844991
 31
0.0
  0
SPLINE
  5
943
330
1F
100
AcDbEntity
  8
0
100
AcDbSpline
210
0.0
220
0.0
230
1.0
 70
     8
 71
     3
 72
     8
 73
     4
 74
     0
 42
0.000000001
 43
0.0000000001
 40
-8.0
 40
-8.0
 40
-8.0
 40
-8.0
 40
-7.0
 40
-7.0
 40
-7.0
 40
-7.0
 10
269.4942625287979
 20
102.6050305844991
 30
0.0
 10
269.7704049037149
 20
102.6050305844863
 30
0.0
 10
269.9942625288078
 20
102.8288882095612
 30
0.0
 10
269.9942625288219
 20
103.1050305844777
 30
0.0
  0
LINE
  5
944
330
1F
100
AcDbEntity
  8
0
100
AcDbLine
 10
269.9942625288219
 20
103.1050305844777
 30
0.0
 11
269.9942625294059
 21
116.1050305844762
 31
0.0
  0
SPLINE
  5
945
330
1F
100
AcDbEntity
  8
0
100
AcDbSpline
210
0.0
220
0.0
230
1.0
 70
     8
 71
     3
 72
     8
 73
     4
 74
     0
 42
0.000000001
 43
0.0000000001
 40
-14.0
 40
-14.0
 40
-14.0
 40
-14.0
 40
-13.0
 40
-13.0
 40
-13.0
 40
-13.0
 10
269.9942625294059
 20
116.1050305844762
 30
0.0
 10
269.9942625294188
 20
116.3811729593912
 30
0.0
 10
269.7704049043439
 20
116.6050305844843
 30
0.0
 10
269.4942625294288
 20
116.605030584497
 30
0.0
  0
LINE
  5
946
330
1F
100
AcDbEntity
  8
0
100
AcDbLine
 10
269.4942625294288
 20
116.605030584497
 30
0.0
 11
256.4942625294299
 21
116.6050305850823
 31
0.0
  0
SPLINE
  5
947
330
1F
100
AcDbEntity
  8
0
100
AcDbSpline
210
0.0
220
0.0
230
1.0
 70
     8
 71
     3
 72
     8
 73
     4
 74
     0
 42
0.000000001
 43
0.0000000001
 40
-12.0
 40
-12.0
 40
-12.0
 40
-12.0
 40
-11.0
 40
-11.0
 40
-11.0
 40
-11.0
 10
256.4942625294299
 20
116.6050305850823
 30
0.0
 10
256.2181201545139
 20
116.605030585095
 30
0.0
 10
255.9942625294179
 20
116.3811729600202
 30
0.0
 10
255.9942625294068
 20
116.1050305851051
 30
0.0
  0
LINE
  5
948
330
1F
100
AcDbEntity
  8
0
100
AcDbLine
 10
255.9942625294068
 20
116.1050305851051
 30
0.0
 11
255.9942625288209
 21
103.1050305851053
 31
0.0
  0
SPLINE
  5
949
330
1F
100
AcDbEntity
  8
0
100
AcDbSpline
210
0.0
220
0.0
230
1.0
 70
     8
 71
     3
 72
     8
 73
     4
 74
     0
 42
0.000000001
 43
0.0000000001
 40
-10.0
 40
-10.0
 40
-10.0
 40
-10.0
 40
-9.0
 40
-9.0
 40
-9.0
 40
-9.0
 10
255.9942625288209
 20
103.1050305851053
 30
0.0
 10
255.9942625288089
 20
102.8288882101901
 30
0.0
 10
256.2181201538848
 20
102.6050305850947
 30
0.0
 10
256.4942625287999
 20
102.6050305850831
 30
0.0
  0
SPLINE
  5
950
330
1F
100
AcDbEntity
  8
0
100
AcDbSpline
210
0.0
220
0.0
230
1.0
 70
     8
 71
     3
 72
     8
 73
     4
 74
     0
 42
0.000000001
 43
0.0000000001
 40
-9.0
 40
-9.0
 40
-9.0
 40
-9.0
 40
-8.0
 40
-8.0
 40
-8.0
 40
-8.0
 10
55.18176252880227
 20
102.6050305941298
 30
0.0
 10
55.45790490371726
 20
102.6050305941169
 30
0.0
 10
55.68176252881227
 20
102.8288882191919
 30
0.0
 10
55.68176252882427
 20
103.105030594107
 30
0.0
  0
LINE
  5
951
330
1F
100
AcDbEntity
  8
0
100
AcDbLine
 10
55.68176252882427
 20
103.105030594107
 30
0.0
 11
55.68176252940927
 21
116.1050305941067
 31
0.0
  0
SPLINE
  5
952
330
1F
100
AcDbEntity
  8
0
100
AcDbSpline
210
0.0
220
0.0
230
1.0
 70
     8
 71
     3
 72
     8
 73
     4
 74
     0
 42
0.000000001
 43
0.0000000001
 40
-15.0
 40
-15.0
 40
-15.0
 40
-15.0
 40
-14.0
 40
-14.0
 40
-14.0
 40
-14.0
 10
55.68176252940927
 20
116.1050305941067
 30
0.0
 10
55.68176252942127
 20
116.3811729690219
 30
0.0
 10
55.45790490434825
 20
116.6050305941174
 30
0.0
 10
55.18176252943127
 20
116.6050305941302
 30
0.0
  0
LINE
  5
953
330
1F
100
AcDbEntity
  8
0
100
AcDbLine
 10
55.18176252943127
 20
116.6050305941302
 30
0.0
 11
42.18176252943126
 21
116.6050305947142
 31
0.0
  0
SPLINE
  5
954
330
1F
100
AcDbEntity
  8
0
100
AcDbSpline
210
0.0
220
0.0
230
1.0
 70
     8
 71
     3
 72
     8
 73
     4
 74
     0
 42
0.000000001
 43
0.0000000001
 40
-13.0
 40
-13.0
 40
-13.0
 40
-13.0
 40
-12.0
 40
-12.0
 40
-12.0
 40
-12.0
 10
42.18176252943126
 20
116.6050305947142
 30
0.0
 10
41.90562015451627
 20
116.6050305947271
 30
0.0
 10
41.68176252942027
 20
116.381172969652
 30
0.0
 10
41.68176252940824
 20
116.105030594737
 30
0.0
  0
LINE
  5
955
330
1F
100
AcDbEntity
  8
0
100
AcDbLine
 10
41.68176252940824
 20
116.105030594737
 30
0.0
 11
41.68176252882426
 21
103.1050305947372
 31
0.0
  0
SPLINE
  5
956
330
1F
100
AcDbEntity
  8
0
100
AcDbSpline
210
0.0
220
0.0
230
1.0
 70
     8
 71
     3
 72
     8
 73
     4
 74
     0
 42
0.000000001
 43
0.0000000001
 40
-11.0
 40
-11.0
 40
-11.0
 40
-11.0
 40
-10.0
 40
-10.0
 40
-10.0
 40
-10.0
 10
41.68176252882426
 20
103.1050305947372
 30
0.0
 10
41.68176252881226
 20
102.8288882198219
 30
0.0
 10
41.90562015388624
 20
102.6050305947265
 30
0.0
 10
42.18176252880226
 20
102.6050305947137
 30
0.0
  0
LINE
  5
957
330
1F
100
AcDbEntity
  8
0
100
AcDbLine
 10
42.18176252880226
 20
102.6050305947135
 30
0.0
 11
55.18176252880227
 21
102.6050305941298
 31
0.0
  0
SPLINE
  5
958
330
1F
100
AcDbEntity
  8
0
100
AcDbSpline
210
0.0
220
0.0
230
1.0
 70
     8
 71
     3
 72
     8
 73
     4
 74
     0
 42
0.000000001
 43
0.0000000001
 40
-2.0
 40
-2.0
 40
-2.0
 40
-2.0
 40
-1.0
 40
-1.0
 40
-1.0
 40
-1.0
 10
161.24426252943
 20
116.6050305893624
 30
0.0
 10
160.9681201545148
 20
116.6050305893753
 30
0.0
 10
160.7442625294193
 20
116.3811729643015
 30
0.0
 10
160.7442625294072
 20
116.1050305893852
 30
0.0
  0
LINE
  5
959
330
1F
100
AcDbEntity
  8
0
100
AcDbLine
 10
160.7442625294072
 20
116.1050305893852
 30
0.0
 11
160.7442625288233
 21
103.1050305893867
 31
0.0
  0
SPLINE
  5
960
330
1F
100
AcDbEntity
  8
0
100
AcDbSpline
210
0.0
220
0.0
230
1.0
 70
     8
 71
     3
 72
     8
 73
     4
 74
     0
 42
0.000000001
 43
0.0000000001
 40
10.0
 40
10.0
 40
10.0
 40
10.0
 40
11.0
 40
11.0
 40
11.0
 40
11.0
 10
160.7442625288233
 20
103.1050305893867
 30
0.0
 10
160.744262528811
 20
102.8288882144714
 30
0.0
 10
160.9681201538846
 20
102.6050305893774
 30
0.0
 10
161.2442625287998
 20
102.6050305893644
 30
0.0
  0
LINE
  5
961
330
1F
100
AcDbEntity
  8
0
100
AcDbLine
 10
161.2442625287998
 20
102.6050305893644
 30
0.0
 11
174.2442625287996
 21
102.605030588778
 31
0.0
  0
SPLINE
  5
962
330
1F
100
AcDbEntity
  8
0
100
AcDbSpline
210
0.0
220
0.0
230
1.0
 70
     8
 71
     3
 72
     8
 73
     4
 74
     0
 42
0.000000001
 43
0.0000000001
 40
12.0
 40
12.0
 40
12.0
 40
12.0
 40
13.0
 40
13.0
 40
13.0
 40
13.0
 10
174.2442625287996
 20
102.605030588778
 30
0.0
 10
174.5204049037161
 20
102.6050305887652
 30
0.0
 10
174.7442625288115
 20
102.8288882138414
 30
0.0
 10
174.7442625288237
 20
103.1050305887578
 30
0.0
  0
LINE
  5
963
330
1F
100
AcDbEntity
  8
0
100
AcDbLine
 10
174.7442625288237
 20
103.1050305887578
 30
0.0
 11
174.7442625294077
 21
116.1050305887576
 31
0.0
  0
SPLINE
  5
964
330
1F
100
AcDbEntity
  8
0
100
AcDbSpline
210
0.0
220
0.0
230
1.0
 70
     8
 71
     3
 72
     8
 73
     4
 74
     0
 42
0.000000001
 43
0.0000000001
 40
14.0
 40
14.0
 40
14.0
 40
14.0
 40
15.0
 40
15.0
 40
15.0
 40
15.0
 10
174.7442625294077
 20
116.1050305887576
 30
0.0
 10
174.7442625294199
 20
116.3811729636728
 30
0.0
 10
174.5204049043449
 20
116.6050305887669
 30
0.0
 10
174.2442625294299
 20
116.6050305887798
 30
0.0
  0
LINE
  5
965
330
1F
100
AcDbEntity
  8
0
100
AcDbLine
 10
174.2442625294299
 20
116.6050305887798
 30
0.0
 11
161.24426252943
 21
116.6050305893624
 31
0.0
  0
LINE
  5
966
330
1F
100
AcDbEntity
  8
0
100
AcDbLine
 10
79.49426252882426
 20
103.1050305930379
 30
0.0
 11
79.49426252940927
 21
116.1050305930377
 31
0.0
  0
SPLINE
  5
967
330
1F
100
AcDbEntity
  8
0
100
AcDbSpline
210
0.0
220
0.0
230
1.0
 70
     8
 71
     3
 72
     8
 73
     4
 74
     0
 42
0.000000001
 43
0.0000000001
 40
-8.0
 40
-8.0
 40
-8.0
 40
-8.0
 40
-7.0
 40
-7.0
 40
-7.0
 40
-7.0
 10
79.49426252940927
 20
116.1050305930377
 30
0.0
 10
79.49426252942126
 20
116.3811729679528
 30
0.0
 10
79.27040490434626
 20
116.6050305930484
 30
0.0
 10
78.99426252943126
 20
116.6050305930598
 30
0.0
  0
LINE
  5
968
330
1F
100
AcDbEntity
  8
0
100
AcDbLine
 10
78.99426252943126
 20
116.6050305930598
 30
0.0
 11
65.99426252943027
 21
116.6050305936439
 31
0.0
  0
SPLINE
  5
969
330
1F
100
AcDbEntity
  8
0
100
AcDbSpline
210
0.0
220
0.0
230
1.0
 70
     8
 71
     3
 72
     8
 73
     4
 74
     0
 42
0.000000001
 43
0.0000000001
 40
-14.0
 40
-14.0
 40
-14.0
 40
-14.0
 40
-13.0
 40
-13.0
 40
-13.0
 40
-13.0
 10
65.99426252943027
 20
116.6050305936439
 30
0.0
 10
65.71812015451627
 20
116.6050305936554
 30
0.0
 10
65.49426252942126
 20
116.3811729685818
 30
0.0
 10
65.49426252940927
 20
116.1050305936665
 30
0.0
  0
LINE
  5
970
330
1F
100
AcDbEntity
  8
0
100
AcDbLine
 10
65.49426252940927
 20
116.1050305936665
 30
0.0
 11
65.49426252882324
 21
103.1050305936668
 31
0.0
  0
SPLINE
  5
971
330
1F
100
AcDbEntity
  8
0
100
AcDbSpline
210
0.0
220
0.0
230
1.0
 70
     8
 71
     3
 72
     8
 73
     4
 74
     0
 42
0.000000001
 43
0.0000000001
 40
-12.0
 40
-12.0
 40
-12.0
 40
-12.0
 40
-11.0
 40
-11.0
 40
-11.0
 40
-11.0
 10
65.49426252882324
 20
103.1050305936668
 30
0.0
 10
65.49426252881125
 20
102.8288882187515
 30
0.0
 10
65.71812015388625
 20
102.6050305936561
 30
0.0
 10
65.99426252880028
 20
102.6050305936447
 30
0.0
  0
LINE
  5
972
330
1F
100
AcDbEntity
  8
0
100
AcDbLine
 10
65.99426252880028
 20
102.6050305936447
 30
0.0
 11
78.99426252880225
 21
102.6050305930594
 31
0.0
  0
SPLINE
  5
973
330
1F
100
AcDbEntity
  8
0
100
AcDbSpline
210
0.0
220
0.0
230
1.0
 70
     8
 71
     3
 72
     8
 73
     4
 74
     0
 42
0.000000001
 43
0.0000000001
 40
-10.0
 40
-10.0
 40
-10.0
 40
-10.0
 40
-9.0
 40
-9.0
 40
-9.0
 40
-9.0
 10
78.99426252880225
 20
102.6050305930594
 30
0.0
 10
79.27040490371727
 20
102.6050305930479
 30
0.0
 10
79.49426252881227
 20
102.8288882181228
 30
0.0
 10
79.49426252882426
 20
103.1050305930379
 30
0.0
  0
LINE
  5
974
330
1F
100
AcDbEntity
  8
0
100
AcDbLine
 10
136.1442625294307
 20
116.6050305904905
 30
0.0
 11
123.1442625294296
 21
116.6050305910759
 31
0.0
  0
SPLINE
  5
975
330
1F
100
AcDbEntity
  8
0
100
AcDbSpline
210
0.0
220
0.0
230
1.0
 70
     8
 71
     3
 72
     8
 73
     4
 74
     0
 42
0.000000001
 43
0.0000000001
 40
-8.0
 40
-8.0
 40
-8.0
 40
-8.0
 40
-7.0
 40
-7.0
 40
-7.0
 40
-7.0
 10
123.1442625294296
 20
116.6050305910759
 30
0.0
 10
122.8681201545144
 20
116.6050305910873
 30
0.0
 10
122.6442625294202
 20
116.3811729660137
 30
0.0
 10
122.644262529408
 20
116.1050305910985
 30
0.0
  0
LINE
  5
976
330
1F
100
AcDbEntity
  8
0
100
AcDbLine
 10
122.644262529408
 20
116.1050305910985
 30
0.0
 11
122.6442625288228
 21
103.1050305910987
 31
0.0
  0
SPLINE
  5
977
330
1F
100
AcDbEntity
  8
0
100
AcDbSpline
210
0.0
220
0.0
230
1.0
 70
     8
 71
     3
 72
     8
 73
     4
 74
     0
 42
0.000000001
 43
0.0000000001
 40
-14.0
 40
-14.0
 40
-14.0
 40
-14.0
 40
-13.0
 40
-13.0
 40
-13.0
 40
-13.0
 10
122.6442625288228
 20
103.1050305910987
 30
0.0
 10
122.6442625288106
 20
102.828888216181
 30
0.0
 10
122.8681201538855
 20
102.6050305910868
 30
0.0
 10
123.1442625288007
 20
102.6050305910753
 30
0.0
  0
LINE
  5
978
330
1F
100
AcDbEntity
  8
0
100
AcDbLine
 10
123.1442625288007
 20
102.6050305910753
 30
0.0
 11
136.1442625288005
 21
102.60503059049
 31
0.0
  0
SPLINE
  5
979
330
1F
100
AcDbEntity
  8
0
100
AcDbSpline
210
0.0
220
0.0
230
1.0
 70
     8
 71
     3
 72
     8
 73
     4
 74
     0
 42
0.000000001
 43
0.0000000001
 40
-12.0
 40
-12.0
 40
-12.0
 40
-12.0
 40
-11.0
 40
-11.0
 40
-11.0
 40
-11.0
 10
136.1442625288005
 20
102.60503059049
 30
0.0
 10
136.4204049037157
 20
102.6050305904784
 30
0.0
 10
136.6442625288111
 20
102.828888215552
 30
0.0
 10
136.6442625288233
 20
103.1050305904685
 30
0.0
  0
LINE
  5
980
330
1F
100
AcDbEntity
  8
0
100
AcDbLine
 10
136.6442625288233
 20
103.1050305904685
 30
0.0
 11
136.6442625294074
 21
116.1050305904684
 31
0.0
  0
SPLINE
  5
981
330
1F
100
AcDbEntity
  8
0
100
AcDbSpline
210
0.0
220
0.0
230
1.0
 70
     8
 71
     3
 72
     8
 73
     4
 74
     0
 42
0.000000001
 43
0.0000000001
 40
-10.0
 40
-10.0
 40
-10.0
 40
-10.0
 40
-9.0
 40
-9.0
 40
-9.0
 40
-9.0
 10
136.6442625294074
 20
116.1050305904684
 30
0.0
 10
136.6442625294207
 20
116.3811729653835
 30
0.0
 10
136.4204049043458
 20
116.6050305904777
 30
0.0
 10
136.1442625294307
 20
116.6050305904905
 30
0.0
  0
LINE
  5
982
330
1F
100
AcDbEntity
  8
0
100
AcDbLine
 10
155.1942625294302
 20
116.6050305896358
 30
0.0
 11
142.1942625294298
 21
116.6050305902184
 31
0.0
  0
SPLINE
  5
983
330
1F
100
AcDbEntity
  8
0
100
AcDbSpline
210
0.0
220
0.0
230
1.0
 70
     8
 71
     3
 72
     8
 73
     4
 74
     0
 42
0.000000001
 43
0.0000000001
 40
-8.0
 40
-8.0
 40
-8.0
 40
-8.0
 40
-7.0
 40
-7.0
 40
-7.0
 40
-7.0
 10
142.1942625294298
 20
116.6050305902184
 30
0.0
 10
141.9181201545146
 20
116.6050305902313
 30
0.0
 10
141.6942625294192
 20
116.3811729651577
 30
0.0
 10
141.694262529407
 20
116.1050305902425
 30
0.0
  0
LINE
  5
984
330
1F
100
AcDbEntity
  8
0
100
AcDbLine
 10
141.694262529407
 20
116.1050305902425
 30
0.0
 11
141.694262528823
 21
103.105030590244
 31
0.0
  0
SPLINE
  5
985
330
1F
100
AcDbEntity
  8
0
100
AcDbSpline
210
0.0
220
0.0
230
1.0
 70
     8
 71
     3
 72
     8
 73
     4
 74
     0
 42
0.000000001
 43
0.0000000001
 40
-14.0
 40
-14.0
 40
-14.0
 40
-14.0
 40
-13.0
 40
-13.0
 40
-13.0
 40
-13.0
 10
141.694262528823
 20
103.105030590244
 30
0.0
 10
141.6942625288108
 20
102.8288882153274
 30
0.0
 10
141.9181201538857
 20
102.6050305902334
 30
0.0
 10
142.1942625288009
 20
102.6050305902205
 30
0.0
  0
LINE
  5
986
330
1F
100
AcDbEntity
  8
0
100
AcDbLine
 10
142.1942625288009
 20
102.6050305902205
 30
0.0
 11
155.1942625287994
 21
102.6050305896353
 31
0.0
  0
SPLINE
  5
987
330
1F
100
AcDbEntity
  8
0
100
AcDbSpline
210
0.0
220
0.0
230
1.0
 70
     8
 71
     3
 72
     8
 73
     4
 74
     0
 42
0.000000001
 43
0.0000000001
 40
-12.0
 40
-12.0
 40
-12.0
 40
-12.0
 40
-11.0
 40
-11.0
 40
-11.0
 40
-11.0
 10
155.1942625287994
 20
102.6050305896353
 30
0.0
 10
155.470404903716
 20
102.6050305896225
 30
0.0
 10
155.6942625288114
 20
102.8288882146974
 30
0.0
 10
155.6942625288235
 20
103.1050305896126
 30
0.0
  0
LINE
  5
988
330
1F
100
AcDbEntity
  8
0
100
AcDbLine
 10
155.6942625288235
 20
103.1050305896126
 30
0.0
 11
155.6942625294074
 21
116.1050305896135
 31
0.0
  0
SPLINE
  5
989
330
1F
100
AcDbEntity
  8
0
100
AcDbSpline
210
0.0
220
0.0
230
1.0
 70
     8
 71
     3
 72
     8
 73
     4
 74
     0
 42
0.000000001
 43
0.0000000001
 40
-10.0
 40
-10.0
 40
-10.0
 40
-10.0
 40
-9.0
 40
-9.0
 40
-9.0
 40
-9.0
 10
155.6942625294074
 20
116.1050305896135
 30
0.0
 10
155.6942625294197
 20
116.38117296453
 30
0.0
 10
155.470404904346
 20
116.605030589623
 30
0.0
 10
155.1942625294302
 20
116.6050305896358
 30
0.0
  0
LINE
  5
990
330
1F
100
AcDbEntity
  8
0
100
AcDbLine
 10
98.54426252882426
 20
103.1050305921806
 30
0.0
 11
98.54426252940816
 21
116.1050305921804
 31
0.0
  0
SPLINE
  5
991
330
1F
100
AcDbEntity
  8
0
100
AcDbSpline
210
0.0
220
0.0
230
1.0
 70
     8
 71
     3
 72
     8
 73
     4
 74
     0
 42
0.000000001
 43
0.0000000001
 40
-8.0
 40
-8.0
 40
-8.0
 40
-8.0
 40
-7.0
 40
-7.0
 40
-7.0
 40
-7.0
 10
98.54426252940816
 20
116.1050305921804
 30
0.0
 10
98.5442625294204
 20
116.3811729670969
 30
0.0
 10
98.32040490434676
 20
116.605030592191
 30
0.0
 10
98.04426252943166
 20
116.6050305922039
 30
0.0
  0
LINE
  5
992
330
1F
100
AcDbEntity
  8
0
100
AcDbLine
 10
98.04426252943166
 20
116.6050305922039
 30
0.0
 11
85.04426252943027
 21
116.605030592789
 31
0.0
  0
SPLINE
  5
993
330
1F
100
AcDbEntity
  8
0
100
AcDbSpline
210
0.0
220
0.0
230
1.0
 70
     8
 71
     3
 72
     8
 73
     4
 74
     0
 42
0.000000001
 43
0.0000000001
 40
-14.0
 40
-14.0
 40
-14.0
 40
-14.0
 40
-13.0
 40
-13.0
 40
-13.0
 40
-13.0
 10
85.04426252943027
 20
116.605030592789
 30
0.0
 10
84.76812015451526
 20
116.6050305928007
 30
0.0
 10
84.54426252942026
 20
116.3811729677258
 30
0.0
 10
84.54426252940825
 20
116.1050305928106
 30
0.0
  0
LINE
  5
994
330
1F
100
AcDbEntity
  8
0
100
AcDbLine
 10
84.54426252940825
 20
116.1050305928106
 30
0.0
 11
84.54426252882425
 21
103.1050305928094
 31
0.0
  0
SPLINE
  5
995
330
1F
100
AcDbEntity
  8
0
100
AcDbSpline
210
0.0
220
0.0
230
1.0
 70
     8
 71
     3
 72
     8
 73
     4
 74
     0
 42
0.000000001
 43
0.0000000001
 40
-12.0
 40
-12.0
 40
-12.0
 40
-12.0
 40
-11.0
 40
-11.0
 40
-11.0
 40
-11.0
 10
84.54426252882425
 20
103.1050305928094
 30
0.0
 10
84.54426252881125
 20
102.8288882178944
 30
0.0
 10
84.76812015388626
 20
102.6050305928002
 30
0.0
 10
85.04426252880127
 20
102.6050305927872
 30
0.0
  0
LINE
  5
996
330
1F
100
AcDbEntity
  8
0
100
AcDbLine
 10
85.04426252880127
 20
102.6050305927872
 30
0.0
 11
98.04426252880148
 21
102.6050305922047
 31
0.0
  0
SPLINE
  5
997
330
1F
100
AcDbEntity
  8
0
100
AcDbSpline
210
0.0
220
0.0
230
1.0
 70
     8
 71
     3
 72
     8
 73
     4
 74
     0
 42
0.000000001
 43
0.0000000001
 40
-10.0
 40
-10.0
 40
-10.0
 40
-10.0
 40
-9.0
 40
-9.0
 40
-9.0
 40
-9.0
 10
98.04426252880148
 20
102.6050305922047
 30
0.0
 10
98.32040490371667
 20
102.6050305921918
 30
0.0
 10
98.54426252881205
 20
102.8288882172655
 30
0.0
 10
98.54426252882426
 20
103.1050305921806
 30
0.0
  0
LINE
  5
998
330
1F
100
AcDbEntity
  8
0
100
AcDbLine
 10
250.4442625294299
 20
116.6050305853557
 30
0.0
 11
237.4442625294308
 21
116.6050305859395
 31
0.0
  0
SPLINE
  5
999
330
1F
100
AcDbEntity
  8
0
100
AcDbSpline
210
0.0
220
0.0
230
1.0
 70
     8
 71
     3
 72
     8
 73
     4
 74
     0
 42
0.000000001
 43
0.0000000001
 40
-8.0
 40
-8.0
 40
-8.0
 40
-8.0
 40
-7.0
 40
-7.0
 40
-7.0
 40
-7.0
 10
237.4442625294308
 20
116.6050305859395
 30
0.0
 10
237.1681201545149
 20
116.6050305859525
 30
0.0
 10
236.9442625294179
 20
116.3811729608775
 30
0.0
 10
236.9442625294069
 20
116.105030585961
 30
0.0
  0
LINE
  5
1000
330
1F
100
AcDbEntity
  8
0
100
AcDbLine
 10
236.9442625294069
 20
116.105030585961
 30
0.0
 11
236.9442625288219
 21
103.1050305859625
 31
0.0
  0
SPLINE
  5
1001
330
1F
100
AcDbEntity
  8
0
100
AcDbSpline
210
0.0
220
0.0
230
1.0
 70
     8
 71
     3
 72
     8
 73
     4
 74
     0
 42
0.000000001
 43
0.0000000001
 40
-14.0
 40
-14.0
 40
-14.0
 40
-14.0
 40
-13.0
 40
-13.0
 40
-13.0
 40
-13.0
 10
236.9442625288219
 20
103.1050305859625
 30
0.0
 10
236.9442625288099
 20
102.8288882110474
 30
0.0
 10
237.1681201538849
 20
102.605030585952
 30
0.0
 10
237.4442625287989
 20
102.605030585939
 30
0.0
  0
LINE
  5
1002
330
1F
100
AcDbEntity
  8
0
100
AcDbLine
 10
237.4442625287989
 20
102.605030585939
 30
0.0
 11
250.4442625287999
 21
102.6050305853552
 31
0.0
  0
SPLINE
  5
1003
330
1F
100
AcDbEntity
  8
0
100
AcDbSpline
210
0.0
220
0.0
230
1.0
 70
     8
 71
     3
 72
     8
 73
     4
 74
     0
 42
0.000000001
 43
0.0000000001
 40
-12.0
 40
-12.0
 40
-12.0
 40
-12.0
 40
-11.0
 40
-11.0
 40
-11.0
 40
-11.0
 10
250.4442625287999
 20
102.6050305853552
 30
0.0
 10
250.7204049037149
 20
102.6050305853423
 30
0.0
 10
250.9442625288088
 20
102.8288882104172
 30
0.0
 10
250.9442625288219
 20
103.1050305853324
 30
0.0
  0
LINE
  5
1004
330
1F
100
AcDbEntity
  8
0
100
AcDbLine
 10
250.9442625288219
 20
103.1050305853324
 30
0.0
 11
250.9442625294069
 21
116.1050305853322
 31
0.0
  0
SPLINE
  5
1005
330
1F
100
AcDbEntity
  8
0
100
AcDbSpline
210
0.0
220
0.0
230
1.0
 70
     8
 71
     3
 72
     8
 73
     4
 74
     0
 42
0.000000001
 43
0.0000000001
 40
-10.0
 40
-10.0
 40
-10.0
 40
-10.0
 40
-9.0
 40
-9.0
 40
-9.0
 40
-9.0
 10
250.9442625294069
 20
116.1050305853322
 30
0.0
 10
250.9442625294189
 20
116.3811729602473
 30
0.0
 10
250.7204049043449
 20
116.6050305853427
 30
0.0
 10
250.4442625294299
 20
116.6050305853557
 30
0.0
  0
SPLINE
  5
1006
330
1F
100
AcDbEntity
  8
0
100
AcDbSpline
210
0.0
220
0.0
230
1.0
 70
     8
 71
     3
 72
     8
 73
     4
 74
     0
 42
0.000000001
 43
0.0000000001
 40
-9.0
 40
-9.0
 40
-9.0
 40
-9.0
 40
-8.0
 40
-8.0
 40
-8.0
 40
-8.0
 10
274.4212898780948
 20
64.2550339903622
 30
0.0
 10
274.8918929019438
 20
64.25503398995221
 30
0.0
 10
275.2733920299859
 20
64.63653311861719
 30
0.0
 10
275.2733920288059
 20
65.1071361424662
 30
0.0
  0
LINE
  5
1007
330
1F
100
AcDbEntity
  8
0
100
AcDbLine
 10
275.2733920288059
 20
65.1071361424662
 30
0.0
 11
275.2733919979828
 21
77.40293184325722
 31
0.0
  0
SPLINE
  5
1008
330
1F
100
AcDbEntity
  8
0
100
AcDbSpline
210
0.0
220
0.0
230
1.0
 70
     8
 71
     3
 72
     8
 73
     4
 74
     0
 42
0.000000001
 43
0.0000000001
 40
15.0
 40
15.0
 40
15.0
 40
15.0
 40
16.0
 40
16.0
 40
16.0
 40
16.0
 10
275.2733919979828
 20
77.40293184325722
 30
0.0
 10
275.2733919968028
 20
77.87353486509417
 30
0.0
 10
274.8918928699889
 20
78.25503399101322
 30
0.0
 10
274.4212898481509
 20
78.25503399108822
 30
0.0
  0
LINE
  5
1009
330
1F
100
AcDbEntity
  8
0
100
AcDbLine
 10
274.4212898481509
 20
78.25503399108822
 30
0.0
 11
268.2359852074039
 21
78.25503399208122
 31
0.0
  0
SPLINE
  5
1010
330
1F
100
AcDbEntity
  8
0
100
AcDbSpline
210
0.0
220
0.0
230
1.0
 70
     8
 71
     3
 72
     8
 73
     4
 74
     0
 42
0.000000001
 43
0.0000000001
 40
-13.0
 40
-13.0
 40
-13.0
 40
-13.0
 40
-12.0
 40
-12.0
 40
-12.0
 40
-12.0
 10
268.2359852074039
 20
78.25503399208122
 30
0.0
 10
267.7653821854879
 20
78.25503399215517
 30
0.0
 10
267.3838830585199
 20
77.87353486623721
 30
0.0
 10
267.3838830572989
 20
77.40293184432022
 30
0.0
  0
LINE
  5
1011
330
1F
100
AcDbEntity
  8
0
100
AcDbLine
 10
267.3838830572989
 20
77.40293184432022
 30
0.0
 11
267.3838830254259
 21
65.1071361479232
 31
0.0
  0
SPLINE
  5
1012
330
1F
100
AcDbEntity
  8
0
100
AcDbSpline
210
0.0
220
0.0
230
1.0
 70
     8
 71
     3
 72
     8
 73
     4
 74
     0
 42
0.000000001
 43
0.0000000001
 40
-11.0
 40
-11.0
 40
-11.0
 40
-11.0
 40
-10.0
 40
-10.0
 40
-10.0
 40
-10.0
 10
267.3838830254259
 20
65.1071361479232
 30
0.0
 10
267.3838830242068
 20
64.6365331246252
 30
0.0
 10
267.7653821513549
 20
64.25503399615618
 30
0.0
 10
268.2359851746519
 20
64.25503399574722
 30
0.0
  0
LINE
  5
1013
330
1F
100
AcDbEntity
  8
0
100
AcDbLine
 10
268.2359851746519
 20
64.25503399574722
 30
0.0
 11
274.4212898780948
 21
64.2550339903622
 31
0.0
  0
LINE
  5
1014
330
1F
100
AcDbEntity
  8
0
100
AcDbLine
 10
334.0700713249793
 20
99.11660939019411
 30
0.0
 11
328.1695763623972
 21
93.46749071972679
 31
0.0
  0
ELLIPSE
  5
1015
330
1F
100
AcDbEntity
  8
0
100
AcDbEllipse
 10
329.7901009309743
 20
91.75456382307331
 30
-0.0000000000000977
 11
-0.9321641574612776
 21
-2.182955264363521
 31
0.0
210
0.0
220
0.0
230
-1.0
 40
0.9921838010788132
 41
1.164123785058728
 42
1.977468868482624
  0
LINE
  5
1016
330
1F
100
AcDbEntity
  8
0
100
AcDbLine
 10
327.4321311450146
 20
91.74053103490349
 30
0.0
 11
327.4321311442562
 21
83.47711524769747
 31
0.0
  0
SPLINE
  5
1017
330
1F
100
AcDbEntity
  8
0
100
AcDbSpline
210
0.0
220
0.0
230
1.0
 70
     8
 71
     3
 72
     8
 73
     4
 74
     0
 42
0.000000001
 43
0.0000000001
 40
-22.0
 40
-22.0
 40
-22.0
 40
-22.0
 40
-21.0
 40
-21.0
 40
-21.0
 40
-21.0
 10
327.4321311442562
 20
83.47711524769747
 30
0.0
 10
327.4321311441353
 20
82.1566952117322
 30
0.0
 10
328.5025430772153
 20
81.08628327845821
 30
0.0
 10
329.8229631131812
 20
81.08628327834219
 30
0.0
  0
LINE
  5
1018
330
1F
100
AcDbEntity
  8
0
100
AcDbLine
 10
329.8229631131812
 20
81.08628327834219
 30
0.0
 11
371.2408042120403
 21
81.0862832747002
 31
0.0
  0
ARC
  5
1019
330
1F
100
AcDbEntity
  8
0
100
AcDbCircle
 10
371.2408042122503
 20
83.47711524383758
 30
0.0
 40
2.390831969137451
100
AcDbArc
 50
269.9999999949681
 51
313.7531594168324
  0
LINE
  5
1020
330
1F
100
AcDbEntity
  8
0
100
AcDbLine
 10
372.8941909640056
 20
81.75015555879287
 30
0.0
 11
378.7946859265872
 21
87.39927422926021
 31
0.0
  0
ELLIPSE
  5
1021
330
1F
100
AcDbEntity
  8
0
100
AcDbEllipse
 10
377.1741613580382
 20
89.11220112589438
 30
0.0
 11
-0.9321641577352648
 21
-2.182955264228375
 31
0.0
210
0.0
220
0.0
230
-1.0
 40
0.9921838010714909
 41
4.305716438515109
 42
5.119061521944896
  0
LINE
  5
1022
330
1F
100
AcDbEntity
  8
0
100
AcDbLine
 10
379.5321311439685
 20
89.12623391408359
 30
0.0
 11
379.5321311447263
 21
97.38964970128947
 31
0.0
  0
SPLINE
  5
1023
330
1F
100
AcDbEntity
  8
0
100
AcDbSpline
210
0.0
220
0.0
230
1.0
 70
     8
 71
     3
 72
     8
 73
     4
 74
     0
 42
0.000000001
 43
0.0000000001
 40
-16.0
 40
-16.0
 40
-16.0
 40
-16.0
 40
-15.0
 40
-15.0
 40
-15.0
 40
-15.0
 10
379.5321311447263
 20
97.38964970128947
 30
0.0
 10
379.5321311448482
 20
98.7100697372548
 30
0.0
 10
378.4617192117663
 20
99.78048167052907
 30
0.0
 10
377.1412991758012
 20
99.78048167064471
 30
0.0
  0
LINE
  5
1024
330
1F
100
AcDbEntity
  8
0
100
AcDbLine
 10
377.1412991758012
 20
99.78048167064471
 30
0.0
 11
335.7234580769413
 21
99.78048167428557
 31
0.0
  0
ARC
  5
1025
330
1F
100
AcDbEntity
  8
0
100
AcDbCircle
 10
335.7234580767333
 20
97.38964970514846
 30
0.0
 40
2.390831969137115
100
AcDbArc
 50
89.99999999501532
 51
133.7531594167943
  0
SPLINE
  5
1026
330
1F
100
AcDbEntity
  8
0
100
AcDbSpline
210
0.0
220
0.0
230
1.0
 70
     8
 71
     3
 72
     8
 73
     4
 74
     0
 42
0.000000001
 43
0.0000000001
 40
-43.0
 40
-43.0
 40
-43.0
 40
-43.0
 40
-42.0
 40
-42.0
 40
-42.0
 40
-42.0
 10
38.82678405543226
 20
78.5049863457352
 30
0.0
 10
38.55064267657525
 20
78.5049849371172
 30
0.0
 10
38.32678660598225
 20
78.28112772462421
 30
0.0
 10
38.32678660596826
 20
78.0049863457642
 30
0.0
  0
LINE
  5
1027
330
1F
100
AcDbEntity
  8
0
100
AcDbLine
 10
38.32678660596826
 20
78.0049863457642
 30
0.0
 11
38.32678660538426
 21
65.00503059488022
 31
0.0
  0
SPLINE
  5
1028
330
1F
100
AcDbEntity
  8
0
100
AcDbSpline
210
0.0
220
0.0
230
1.0
 70
     8
 71
     3
 72
     8
 73
     4
 74
     0
 42
0.000000001
 43
0.0000000001
 40
83.0
 40
83.0
 40
83.0
 40
83.0
 40
84.0
 40
84.0
 40
84.0
 40
84.0
 10
38.32678660538426
 20
65.00503059488022
 30
0.0
 10
38.32678660537127
 20
64.72888821996519
 30
0.0
 10
38.55064423044627
 20
64.50503059487122
 30
0.0
 10
38.82678660536127
 20
64.5050305948582
 30
0.0
  0
LINE
  5
1029
330
1F
100
AcDbEntity
  8
0
100
AcDbLine
 10
38.82678660536127
 20
64.5050305948582
 30
0.0
 11
39.24638322241427
 21
64.5050305948402
 31
0.0
  0
SPLINE
  5
1030
330
1F
100
AcDbEntity
  8
0
100
AcDbSpline
210
0.0
220
0.0
230
1.0
 70
     8
 71
     3
 72
     8
 73
     4
 74
     0
 42
0.000000001
 43
0.0000000001
 40
-81.0
 40
-81.0
 40
-81.0
 40
-81.0
 40
-80.0
 40
-80.0
 40
-80.0
 40
-80.0
 10
39.24638322241427
 20
64.5050305948402
 30
0.0
 10
39.41206864736228
 20
64.50503059483219
 30
0.0
 10
39.54638322240726
 20
64.37071601977518
 30
0.0
 10
39.54638322240027
 20
64.20503059482522
 30
0.0
  0
LINE
  5
1031
330
1F
100
AcDbEntity
  8
0
100
AcDbLine
 10
39.54638322240027
 20
64.20503059482522
 30
0.0
 11
39.54638322236926
 21
63.54303056969218
 31
0.0
  0
SPLINE
  5
1032
330
1F
100
AcDbEntity
  8
0
100
AcDbSpline
210
0.0
220
0.0
230
1.0
 70
     8
 71
     3
 72
     8
 73
     4
 74
     0
 42
0.000000001
 43
0.0000000001
 40
-79.0
 40
-79.0
 40
-79.0
 40
-79.0
 40
-78.0
 40
-78.0
 40
-78.0
 40
-78.0
 10
39.54638322236926
 20
63.54303056969218
 30
0.0
 10
39.54638322234425
 20
62.99074581986221
 30
0.0
 10
39.99409847249325
 20
62.5430305696722
 30
0.0
 10
40.54638322232526
 20
62.54303056964821
 30
0.0
  0
LINE
  5
1033
330
1F
100
AcDbEntity
  8
0
100
AcDbLine
 10
40.54638322232526
 20
62.54303056964821
 30
0.0
 11
46.20118322232525
 21
62.54303056939218
 31
0.0
  0
SPLINE
  5
1034
330
1F
100
AcDbEntity
  8
0
100
AcDbSpline
210
0.0
220
0.0
230
1.0
 70
     8
 71
     3
 72
     8
 73
     4
 74
     0
 42
0.000000001
 43
0.0000000001
 40
-77.0
 40
-77.0
 40
-77.0
 40
-77.0
 40
-76.0
 40
-76.0
 40
-76.0
 40
-76.0
 10
46.20118322232525
 20
62.54303056939218
 30
0.0
 10
46.75346797215524
 20
62.54303056936819
 30
0.0
 10
47.20118322234526
 20
62.99074581951621
 30
0.0
 10
47.20118322237024
 20
63.54303056934719
 30
0.0
  0
LINE
  5
1035
330
1F
100
AcDbEntity
  8
0
100
AcDbLine
 10
47.20118322237024
 20
63.54303056934719
 30
0.0
 11
47.20118322240026
 21
64.20503059449723
 31
0.0
  0
SPLINE
  5
1036
330
1F
100
AcDbEntity
  8
0
100
AcDbSpline
210
0.0
220
0.0
230
1.0
 70
     8
 71
     3
 72
     8
 73
     4
 74
     0
 42
0.000000001
 43
0.0000000001
 40
-75.0
 40
-75.0
 40
-75.0
 40
-75.0
 40
-74.0
 40
-74.0
 40
-74.0
 40
-74.0
 10
47.20118322240026
 20
64.20503059449723
 30
0.0
 10
47.20118322240828
 20
64.37071601943919
 30
0.0
 10
47.33549779745826
 20
64.5050305944772
 30
0.0
 10
47.50118322238725
 20
64.50503059446919
 30
0.0
  0
LINE
  5
1037
330
1F
100
AcDbEntity
  8
0
100
AcDbLine
 10
47.50118322238725
 20
64.50503059446919
 30
0.0
 11
64.12238235777426
 21
64.50503059372218
 31
0.0
  0
SPLINE
  5
1038
330
1F
100
AcDbEntity
  8
0
100
AcDbSpline
210
0.0
220
0.0
230
1.0
 70
     8
 71
     3
 72
     8
 73
     4
 74
     0
 42
0.000000001
 43
0.0000000001
 40
-73.0
 40
-73.0
 40
-73.0
 40
-73.0
 40
-72.0
 40
-72.0
 40
-72.0
 40
-72.0
 10
64.12238235777426
 20
64.50503059372218
 30
0.0
 10
64.28806778272226
 20
64.50503059371522
 30
0.0
 10
64.42238235776625
 20
64.37071601865821
 30
0.0
 10
64.42238235775926
 20
64.20503059370921
 30
0.0
  0
LINE
  5
1039
330
1F
100
AcDbEntity
  8
0
100
AcDbLine
 10
64.42238235775926
 20
64.20503059370921
 30
0.0
 11
64.42238235770725
 21
63.04303056857119
 31
0.0
  0
SPLINE
  5
1040
330
1F
100
AcDbEntity
  8
0
100
AcDbSpline
210
0.0
220
0.0
230
1.0
 70
     8
 71
     3
 72
     8
 73
     4
 74
     0
 42
0.000000001
 43
0.0000000001
 40
-71.0
 40
-71.0
 40
-71.0
 40
-71.0
 40
-70.0
 40
-70.0
 40
-70.0
 40
-70.0
 10
64.42238235770725
 20
63.04303056857119
 30
0.0
 10
64.42238235769727
 20
62.76688819365521
 30
0.0
 10
64.64623998277227
 20
62.54303056856119
 30
0.0
 10
64.92238235768727
 20
62.5430305685492
 30
0.0
  0
LINE
  5
1041
330
1F
100
AcDbEntity
  8
0
100
AcDbLine
 10
64.92238235768727
 20
62.5430305685492
 30
0.0
 11
71.57717776074527
 21
62.54303056825321
 31
0.0
  0
SPLINE
  5
1042
330
1F
100
AcDbEntity
  8
0
100
AcDbSpline
210
0.0
220
0.0
230
1.0
 70
     8
 71
     3
 72
     8
 73
     4
 74
     0
 42
0.000000001
 43
0.0000000001
 40
-69.0
 40
-69.0
 40
-69.0
 40
-69.0
 40
-68.0
 40
-68.0
 40
-68.0
 40
-68.0
 10
71.57717776074527
 20
62.54303056825321
 30
0.0
 10
71.85331834045226
 20
62.5430305682402
 30
0.0
 10
72.07717522194027
 20
62.76688539161418
 30
0.0
 10
72.07717776074327
 20
63.04302597130217
 30
0.0
  0
LINE
  5
1043
330
1F
100
AcDbEntity
  8
0
100
AcDbLine
 10
72.07717776074327
 20
63.04302597130217
 30
0.0
 11
72.07718660533925
 21
64.00503355597018
 31
0.0
  0
SPLINE
  5
1044
330
1F
100
AcDbEntity
  8
0
100
AcDbSpline
210
0.0
220
0.0
230
1.0
 70
     8
 71
     3
 72
     8
 73
     4
 74
     0
 42
0.000000001
 43
0.0000000001
 40
-67.0
 40
-67.0
 40
-67.0
 40
-67.0
 40
-66.0
 40
-66.0
 40
-66.0
 40
-66.0
 10
72.07718660533925
 20
64.00503355597018
 30
0.0
 10
72.07718660535127
 20
64.28117593088519
 30
0.0
 10
72.30104423044726
 20
64.50503355596018
 30
0.0
 10
72.57718660536226
 20
64.50503355594822
 30
0.0
  0
LINE
  5
1045
330
1F
100
AcDbEntity
  8
0
100
AcDbLine
 10
72.57718660536226
 20
64.50503355594822
 30
0.0
 11
74.20676594997345
 21
64.50502928189732
 31
-0.0000000000000089
  0
SPLINE
  5
1046
330
1F
100
AcDbEntity
  8
0
100
AcDbSpline
210
0.0
220
0.0
230
1.0
 70
     8
 71
     3
 72
     8
 73
     4
 74
     0
 42
0.000000001
 43
0.0000000001
 40
-64.0
 40
-64.0
 40
-64.0
 40
-64.0
 40
-63.0
 40
-63.0
 40
-63.0
 40
-63.0
 10
74.20676660536127
 20
64.5050292818972
 30
0.0
 10
74.48290898027625
 20
64.50502928189121
 30
0.0
 10
74.70676660537026
 20
64.72888690695919
 30
0.0
 10
74.70676660538325
 20
65.00502928187419
 30
0.0
  0
LINE
  5
1047
330
1F
100
AcDbEntity
  8
0
100
AcDbLine
 10
74.70676660538325
 20
65.00502928187419
 30
0.0
 11
74.70676660596727
 21
78.00503059325419
 31
0.0
  0
SPLINE
  5
1048
330
1F
100
AcDbEntity
  8
0
100
AcDbSpline
210
0.0
220
0.0
230
1.0
 70
     8
 71
     3
 72
     8
 73
     4
 74
     0
 42
0.000000001
 43
0.0000000001
 40
-62.0
 40
-62.0
 40
-62.0
 40
-62.0
 40
-61.0
 40
-61.0
 40
-61.0
 40
-61.0
 10
74.70676660596727
 20
78.00503059325419
 30
0.0
 10
74.70676660598027
 20
78.28117296816921
 30
0.0
 10
74.48290898090526
 20
78.50503059326519
 30
0.0
 10
74.20676660599027
 20
78.50503059327621
 30
0.0
  0
LINE
  5
1049
330
1F
100
AcDbEntity
  8
0
100
AcDbLine
 10
74.20676660599027
 20
78.50503059327621
 30
0.0
 11
72.57718660599026
 21
78.50503059335119
 31
0.0
  0
SPLINE
  5
1050
330
1F
100
AcDbEntity
  8
0
100
AcDbSpline
210
0.0
220
0.0
230
1.0
 70
     8
 71
     3
 72
     8
 73
     4
 74
     0
 42
0.000000001
 43
0.0000000001
 40
-60.0
 40
-60.0
 40
-60.0
 40
-60.0
 40
-59.0
 40
-59.0
 40
-59.0
 40
-59.0
 10
72.57718660599026
 20
78.50503059335119
 30
0.0
 10
72.30104224003826
 20
78.5050302385232
 30
0.0
 10
72.07718271325425
 20
78.72888919001818
 30
0.0
 10
72.07718235842726
 20
79.00503355597018
 30
0.0
  0
LINE
  5
1051
330
1F
100
AcDbEntity
  8
0
100
AcDbLine
 10
72.07718235842726
 20
79.00503355597018
 30
0.0
 11
72.07718235847124
 21
79.96703061851821
 31
0.0
  0
SPLINE
  5
1052
330
1F
100
AcDbEntity
  8
0
100
AcDbSpline
210
0.0
220
0.0
230
1.0
 70
     8
 71
     3
 72
     8
 73
     4
 74
     0
 42
0.000000001
 43
0.0000000001
 40
-58.0
 40
-58.0
 40
-58.0
 40
-58.0
 40
-57.0
 40
-57.0
 40
-57.0
 40
-57.0
 10
72.07718235847124
 20
79.96703061851821
 30
0.0
 10
72.07718235848226
 20
80.24317299343422
 30
0.0
 10
71.85332473340927
 20
80.46703061852822
 30
0.0
 10
71.57718235849426
 20
80.46703061853918
 30
0.0
  0
LINE
  5
1053
330
1F
100
AcDbEntity
  8
0
100
AcDbLine
 10
71.57718235849426
 20
80.46703061853918
 30
0.0
 11
64.92238235849026
 21
80.46703061883523
 31
0.0
  0
SPLINE
  5
1054
330
1F
100
AcDbEntity
  8
0
100
AcDbSpline
210
0.0
220
0.0
230
1.0
 70
     8
 71
     3
 72
     8
 73
     4
 74
     0
 42
0.000000001
 43
0.0000000001
 40
-56.0
 40
-56.0
 40
-56.0
 40
-56.0
 40
-55.0
 40
-55.0
 40
-55.0
 40
-55.0
 10
64.92238235849026
 20
80.46703061883523
 30
0.0
 10
64.64623998357627
 20
80.4670306188502
 30
0.0
 10
64.42238235848225
 20
80.24317299377818
 30
0.0
 10
64.42238235847026
 20
79.96703061886421
 30
0.0
  0
LINE
  5
1055
330
1F
100
AcDbEntity
  8
0
100
AcDbLine
 10
64.42238235847026
 20
79.96703061886421
 30
0.0
 11
64.42238235841725
 21
78.80503059371219
 31
0.0
  0
SPLINE
  5
1056
330
1F
100
AcDbEntity
  8
0
100
AcDbSpline
210
0.0
220
0.0
230
1.0
 70
     8
 71
     3
 72
     8
 73
     4
 74
     0
 42
0.000000001
 43
0.0000000001
 40
-54.0
 40
-54.0
 40
-54.0
 40
-54.0
 40
-53.0
 40
-53.0
 40
-53.0
 40
-53.0
 10
64.42238235841725
 20
78.80503059371219
 30
0.0
 10
64.42238235841026
 20
78.6393451687662
 30
0.0
 10
64.28806778335726
 20
78.50503059372321
 30
0.0
 10
64.12238235841025
 20
78.50503059373119
 30
0.0
  0
LINE
  5
1057
330
1F
100
AcDbEntity
  8
0
100
AcDbLine
 10
64.12238235841025
 20
78.50503059373119
 30
0.0
 11
47.50118322304226
 21
78.50503059447922
 31
0.0
  0
SPLINE
  5
1058
330
1F
100
AcDbEntity
  8
0
100
AcDbSpline
210
0.0
220
0.0
230
1.0
 70
     8
 71
     3
 72
     8
 73
     4
 74
     0
 42
0.000000001
 43
0.0000000001
 40
-52.0
 40
-52.0
 40
-52.0
 40
-52.0
 40
-51.0
 40
-51.0
 40
-51.0
 40
-51.0
 10
47.50118322304226
 20
78.50503059447922
 30
0.0
 10
47.33549779809123
 20
78.50503059448619
 30
0.0
 10
47.20118322304728
 20
78.63934516954319
 30
0.0
 10
47.20118322305526
 20
78.80503059449321
 30
0.0
  0
LINE
  5
1059
330
1F
100
AcDbEntity
  8
0
100
AcDbLine
 10
47.20118322305526
 20
78.80503059449321
 30
0.0
 11
47.20118322311026
 21
79.96703061963216
 31
0.0
  0
SPLINE
  5
1060
330
1F
100
AcDbEntity
  8
0
100
AcDbSpline
210
0.0
220
0.0
230
1.0
 70
     8
 71
     3
 72
     8
 73
     4
 74
     0
 42
0.000000001
 43
0.0000000001
 40
-50.0
 40
-50.0
 40
-50.0
 40
-50.0
 40
-49.0
 40
-49.0
 40
-49.0
 40
-49.0
 10
47.20118322311026
 20
79.96703061963216
 30
0.0
 10
47.20118322312226
 20
80.24317299454819
 30
0.0
 10
46.97732559804925
 20
80.46703061964221
 30
0.0
 10
46.70118322313524
 20
80.46703061965519
 30
0.0
  0
LINE
  5
1061
330
1F
100
AcDbEntity
  8
0
100
AcDbLine
 10
46.70118322313524
 20
80.46703061965519
 30
0.0
 11
40.04637939710116
 21
80.4670306199522
 31
0.0
  0
SPLINE
  5
1062
330
1F
100
AcDbEntity
  8
0
100
AcDbSpline
210
0.0
220
0.0
230
1.0
 70
     8
 71
     3
 72
     8
 73
     4
 74
     0
 42
0.000000001
 43
0.0000000001
 40
-47.0
 40
-47.0
 40
-47.0
 40
-47.0
 40
-46.0
 40
-46.0
 40
-46.0
 40
-46.0
 10
40.04637812201525
 20
80.4670306199462
 30
0.0
 10
39.77023574710626
 20
80.46702909056818
 30
0.0
 10
39.54637926393827
 20
80.24317044432919
 30
0.0
 10
39.54638067256127
 20
79.9670280694192
 30
0.0
  0
LINE
  5
1063
330
1F
100
AcDbEntity
  8
0
100
AcDbLine
 10
39.54638067256127
 20
79.9670280694192
 30
0.0
 11
39.54638660020226
 21
78.80499001648423
 31
0.0
  0
SPLINE
  5
1064
330
1F
100
AcDbEntity
  8
0
100
AcDbSpline
210
0.0
220
0.0
230
1.0
 70
     8
 71
     3
 72
     8
 73
     4
 74
     0
 42
0.000000001
 43
0.0000000001
 40
-45.0
 40
-45.0
 40
-45.0
 40
-45.0
 40
-44.0
 40
-44.0
 40
-44.0
 40
-44.0
 10
39.54638660020226
 20
78.80499001648423
 30
0.0
 10
39.54638744537627
 20
78.63930459153621
 30
0.0
 10
39.41207355547528
 20
78.50498933133917
 30
0.0
 10
39.24638813052826
 20
78.50498848616618
 30
0.0
  0
LINE
  5
1065
330
1F
100
AcDbEntity
  8
0
100
AcDbLine
 10
39.24638813052826
 20
78.50498848616618
 30
0.0
 11
38.82678405543226
 21
78.5049863457352
 31
0.0
  0
LINE
  5
1066
330
1F
100
AcDbEntity
  8
0
100
AcDbLine
 10
318.3785016576593
 20
103.3642689542616
 30
0.0
 11
318.3785016582203
 21
115.8457922122538
 31
0.0
  0
SPLINE
  5
1067
330
1F
100
AcDbEntity
  8
0
100
AcDbSpline
210
0.0
220
0.0
230
1.0
 70
     8
 71
     3
 72
    11
 73
     7
 74
     0
 42
0.000000001
 43
0.0000000001
 40
-7.0
 40
-7.0
 40
-7.0
 40
-7.0
 40
-5.999997503616273
 40
-5.999997503616273
 40
-5.999997503616273
 40
-5.0
 40
-5.0
 40
-5.0
 40
-5.0
 10
318.3785016582203
 20
115.8457922122538
 30
0.0
 10
318.3785016582383
 20
116.2651090328185
 30
0.0
 10
318.0385757134772
 20
116.605030583274
 30
0.0
 10
317.6192617687703
 20
116.6050305832933
 30
0.0
 10
317.1999514360514
 20
116.6050305833112
 30
0.0
 10
316.8600233977493
 20
116.2651069393407
 30
0.0
 10
316.8600233977313
 20
115.8457922123218
 30
0.0
  0
LINE
  5
1068
330
1F
100
AcDbEntity
  8
0
100
AcDbLine
 10
316.8600233977313
 20
115.8457922123218
 30
0.0
 11
316.8600233971702
 21
103.3642689543297
 31
0.0
  0
SPLINE
  5
1069
330
1F
100
AcDbEntity
  8
0
100
AcDbSpline
210
0.0
220
0.0
230
1.0
 70
     8
 71
     3
 72
    11
 73
     7
 74
     0
 42
0.000000001
 43
0.0000000001
 40
-10.0
 40
-10.0
 40
-10.0
 40
-10.0
 40
-8.999997503611155
 40
-8.999997503611155
 40
-8.999997503611155
 40
-8.0
 40
-8.0
 40
-8.0
 40
-8.0
 10
316.8600233971702
 20
103.3642689543297
 30
0.0
 10
316.8600233971503
 20
102.9449521337614
 30
0.0
 10
317.1999493419161
 20
102.6050305833094
 30
0.0
 10
317.6192632866202
 20
102.6050305832903
 30
0.0
 10
318.0385736193291
 20
102.6050305832722
 30
0.0
 10
318.3785016576402
 20
102.944954227243
 30
0.0
 10
318.3785016576593
 20
103.3642689542616
 30
0.0
  0
LINE
  5
1070
330
1F
100
AcDbEntity
  8
0
100
AcDbLine
 10
317.1192625277172
 20
78.48003058235019
 30
0.0
 11
310.5021823584003
 21
78.48003058264819
 31
0.0
  0
SPLINE
  5
1071
330
1F
100
AcDbEntity
  8
0
100
AcDbSpline
210
0.0
220
0.0
230
1.0
 70
     8
 71
     3
 72
     8
 73
     4
 74
     0
 42
0.000000001
 43
0.0000000001
 40
-32.0
 40
-32.0
 40
-32.0
 40
-32.0
 40
-31.0
 40
-31.0
 40
-31.0
 40
-31.0
 10
310.5021823584003
 20
78.48003058264819
 30
0.0
 10
310.3364969334523
 20
78.48003058265522
 30
0.0
 10
310.2021823584073
 20
78.61434515771219
 30
0.0
 10
310.2021823584142
 20
78.7800305826612
 30
0.0
  0
LINE
  5
1072
330
1F
100
AcDbEntity
  8
0
100
AcDbLine
 10
310.2021823584142
 20
78.7800305826612
 30
0.0
 11
310.2021823584673
 21
79.96703060781022
 31
0.0
  0
SPLINE
  5
1073
330
1F
100
AcDbEntity
  8
0
100
AcDbSpline
210
0.0
220
0.0
230
1.0
 70
     8
 71
     3
 72
     8
 73
     4
 74
     0
 42
0.000000001
 43
0.0000000001
 40
-62.0
 40
-62.0
 40
-62.0
 40
-62.0
 40
-61.0
 40
-61.0
 40
-61.0
 40
-61.0
 10
310.2021823584673
 20
79.96703060781022
 30
0.0
 10
310.2021823584782
 20
80.24317298272521
 30
0.0
 10
309.9783247334053
 20
80.4670306078192
 30
0.0
 10
309.7021823584912
 20
80.46703060783221
 30
0.0
  0
LINE
  5
1074
330
1F
100
AcDbEntity
  8
0
100
AcDbLine
 10
309.7021823584912
 20
80.46703060783221
 30
0.0
 11
302.2817354599772
 21
80.4670306081662
 31
0.0
  0
SPLINE
  5
1075
330
1F
100
AcDbEntity
  8
0
100
AcDbSpline
210
0.0
220
0.0
230
1.0
 70
     8
 71
     3
 72
     8
 73
     4
 74
     0
 42
0.000000001
 43
0.0000000001
 40
-60.0
 40
-60.0
 40
-60.0
 40
-60.0
 40
-59.0
 40
-59.0
 40
-59.0
 40
-59.0
 10
302.2817354599772
 20
80.4670306081662
 30
0.0
 10
302.0055930850613
 20
80.46703060817717
 30
0.0
 10
301.7817354599673
 20
80.24317298310421
 30
0.0
 10
301.7817354599553
 20
79.9670306081882
 30
0.0
  0
LINE
  5
1076
330
1F
100
AcDbEntity
  8
0
100
AcDbLine
 10
301.7817354599553
 20
79.9670306081882
 30
0.0
 11
301.7817354599032
 21
78.7800305830412
 31
0.0
  0
SPLINE
  5
1077
330
1F
100
AcDbEntity
  8
0
100
AcDbSpline
210
0.0
220
0.0
230
1.0
 70
     8
 71
     3
 72
     8
 73
     4
 74
     0
 42
0.000000001
 43
0.0000000001
 40
-58.0
 40
-58.0
 40
-58.0
 40
-58.0
 40
-57.0
 40
-57.0
 40
-57.0
 40
-57.0
 10
301.7817354599032
 20
78.7800305830412
 30
0.0
 10
301.7817354598952
 20
78.61434515809219
 30
0.0
 10
301.6474208848383
 20
78.48003058304721
 30
0.0
 10
301.4817354598883
 20
78.4800305830542
 30
0.0
  0
LINE
  5
1078
330
1F
100
AcDbEntity
  8
0
100
AcDbLine
 10
301.4817354598883
 20
78.4800305830542
 30
0.0
 11
286.1589093767649
 21
78.4800305837442
 31
0.0
  0
SPLINE
  5
1079
330
1F
100
AcDbEntity
  8
0
100
AcDbSpline
210
0.0
220
0.0
230
1.0
 70
     8
 71
     3
 72
     8
 73
     4
 74
     0
 42
0.000000001
 43
0.0000000001
 40
-56.0
 40
-56.0
 40
-56.0
 40
-56.0
 40
-55.0
 40
-55.0
 40
-55.0
 40
-55.0
 10
286.1589093767649
 20
78.4800305837442
 30
0.0
 10
285.9932239518149
 20
78.48003058375121
 30
0.0
 10
285.8589093767699
 20
78.61434515880822
 30
0.0
 10
285.8589093767788
 20
78.78003058375719
 30
0.0
  0
LINE
  5
1080
330
1F
100
AcDbEntity
  8
0
100
AcDbLine
 10
285.8589093767788
 20
78.78003058375719
 30
0.0
 11
285.8589093768318
 21
79.9670306089032
 31
0.0
  0
SPLINE
  5
1081
330
1F
100
AcDbEntity
  8
0
100
AcDbSpline
210
0.0
220
0.0
230
1.0
 70
     8
 71
     3
 72
     8
 73
     4
 74
     0
 42
0.000000001
 43
0.0000000001
 40
-54.0
 40
-54.0
 40
-54.0
 40
-54.0
 40
-53.0
 40
-53.0
 40
-53.0
 40
-53.0
 10
285.8589093768318
 20
79.9670306089032
 30
0.0
 10
285.8589093768428
 20
80.2431729838182
 30
0.0
 10
285.6350517517679
 20
80.46703060891317
 30
0.0
 10
285.3589093768538
 20
80.4670306089252
 30
0.0
  0
LINE
  5
1082
330
1F
100
AcDbEntity
  8
0
100
AcDbLine
 10
285.3589093768538
 20
80.4670306089252
 30
0.0
 11
277.9255125278059
 21
80.4670306092602
 31
0.0
  0
SPLINE
  5
1083
330
1F
100
AcDbEntity
  8
0
100
AcDbSpline
210
0.0
220
0.0
230
1.0
 70
     8
 71
     3
 72
     8
 73
     4
 74
     0
 42
0.000000001
 43
0.0000000001
 40
-52.0
 40
-52.0
 40
-52.0
 40
-52.0
 40
-51.0
 40
-51.0
 40
-51.0
 40
-51.0
 10
277.9255125278059
 20
80.4670306092602
 30
0.0
 10
277.6493701528918
 20
80.46703060927219
 30
0.0
 10
277.4255125277979
 20
80.2431729841982
 30
0.0
 10
277.4255125277848
 20
79.96703060928322
 30
0.0
  0
LINE
  5
1084
330
1F
100
AcDbEntity
  8
0
100
AcDbLine
 10
277.4255125277848
 20
79.96703060928322
 30
0.0
 11
277.4255125270238
 21
63.04303055899822
 31
0.0
  0
SPLINE
  5
1085
330
1F
100
AcDbEntity
  8
0
100
AcDbSpline
210
0.0
220
0.0
230
1.0
 70
     8
 71
     3
 72
     8
 73
     4
 74
     0
 42
0.000000001
 43
0.0000000001
 40
-50.0
 40
-50.0
 40
-50.0
 40
-50.0
 40
-49.0
 40
-49.0
 40
-49.0
 40
-49.0
 10
277.4255125270238
 20
63.04303055899822
 30
0.0
 10
277.4255125270118
 20
62.7668881840832
 30
0.0
 10
277.6493701520859
 20
62.54303055898922
 30
0.0
 10
277.9255125270009
 20
62.5430305589762
 30
0.0
  0
LINE
  5
1086
330
1F
100
AcDbEntity
  8
0
100
AcDbLine
 10
277.9255125270009
 20
62.5430305589762
 30
0.0
 11
285.3589093760499
 21
62.5430305586442
 31
0.0
  0
SPLINE
  5
1087
330
1F
100
AcDbEntity
  8
0
100
AcDbSpline
210
0.0
220
0.0
230
1.0
 70
     8
 71
     3
 72
     8
 73
     4
 74
     0
 42
0.000000001
 43
0.0000000001
 40
-48.0
 40
-48.0
 40
-48.0
 40
-48.0
 40
-47.0
 40
-47.0
 40
-47.0
 40
-47.0
 10
285.3589093760499
 20
62.5430305586442
 30
0.0
 10
285.6350517509649
 20
62.54303055863022
 30
0.0
 10
285.8589093760589
 20
62.76688818370522
 30
0.0
 10
285.8589093760718
 20
63.0430305586182
 30
0.0
  0
LINE
  5
1088
330
1F
100
AcDbEntity
  8
0
100
AcDbLine
 10
285.8589093760718
 20
63.0430305586182
 30
0.0
 11
285.8589093761248
 21
64.23003058376318
 31
0.0
  0
SPLINE
  5
1089
330
1F
100
AcDbEntity
  8
0
100
AcDbSpline
210
0.0
220
0.0
230
1.0
 70
     8
 71
     3
 72
     8
 73
     4
 74
     0
 42
0.000000001
 43
0.0000000001
 40
-46.0
 40
-46.0
 40
-46.0
 40
-46.0
 40
-45.0
 40
-45.0
 40
-45.0
 40
-45.0
 10
285.8589093761248
 20
64.23003058376318
 30
0.0
 10
285.8589093761318
 20
64.39571600871119
 30
0.0
 10
285.9932239511888
 20
64.5300305837562
 30
0.0
 10
286.1589093761379
 20
64.53003058374822
 30
0.0
  0
LINE
  5
1090
330
1F
100
AcDbEntity
  8
0
100
AcDbLine
 10
286.1589093761379
 20
64.53003058374822
 30
0.0
 11
301.4701412560413
 21
64.5300305830612
 31
0.0
  0
SPLINE
  5
1091
330
1F
100
AcDbEntity
  8
0
100
AcDbSpline
210
0.0
220
0.0
230
1.0
 70
     8
 71
     3
 72
     8
 73
     4
 74
     0
 42
0.000000001
 43
0.0000000001
 40
-44.0
 40
-44.0
 40
-44.0
 40
-44.0
 40
-43.0
 40
-43.0
 40
-43.0
 40
-43.0
 10
301.4701412560413
 20
64.5300305830612
 30
0.0
 10
301.6358266809892
 20
64.53003058305319
 30
0.0
 10
301.7701412560342
 20
64.39571600799621
 30
0.0
 10
301.7701412560283
 20
64.23003058304721
 30
0.0
  0
LINE
  5
1092
330
1F
100
AcDbEntity
  8
0
100
AcDbLine
 10
301.7701412560283
 20
64.23003058304721
 30
0.0
 11
301.7701412559753
 21
63.04303055790419
 31
0.0
  0
SPLINE
  5
1093
330
1F
100
AcDbEntity
  8
0
100
AcDbSpline
210
0.0
220
0.0
230
1.0
 70
     8
 71
     3
 72
     8
 73
     4
 74
     0
 42
0.000000001
 43
0.0000000001
 40
-42.0
 40
-42.0
 40
-42.0
 40
-42.0
 40
-41.0
 40
-41.0
 40
-41.0
 40
-41.0
 10
301.7701412559753
 20
63.04303055790419
 30
0.0
 10
301.7701412559623
 20
62.76688818298919
 30
0.0
 10
301.9939988810372
 20
62.5430305578962
 30
0.0
 10
302.2701412559513
 20
62.54303055788319
 30
0.0
  0
LINE
  5
1094
330
1F
100
AcDbEntity
  8
0
100
AcDbLine
 10
302.2701412559513
 20
62.54303055788319
 30
0.0
 11
309.7021823576883
 21
62.5430305575492
 31
0.0
  0
SPLINE
  5
1095
330
1F
100
AcDbEntity
  8
0
100
AcDbSpline
210
0.0
220
0.0
230
1.0
 70
     8
 71
     3
 72
     8
 73
     4
 74
     0
 42
0.000000001
 43
0.0000000001
 40
-40.0
 40
-40.0
 40
-40.0
 40
-40.0
 40
-39.0
 40
-39.0
 40
-39.0
 40
-39.0
 10
309.7021823576883
 20
62.5430305575492
 30
0.0
 10
309.9783247326032
 20
62.54303055753618
 30
0.0
 10
310.2021823576962
 20
62.76688818261021
 30
0.0
 10
310.2021823577083
 20
63.04303055752521
 30
0.0
  0
LINE
  5
1096
330
1F
100
AcDbEntity
  8
0
100
AcDbLine
 10
310.2021823577083
 20
63.04303055752521
 30
0.0
 11
310.2021823577613
 21
64.23003058266818
 31
0.0
  0
SPLINE
  5
1097
330
1F
100
AcDbEntity
  8
0
100
AcDbSpline
210
0.0
220
0.0
230
1.0
 70
     8
 71
     3
 72
     8
 73
     4
 74
     0
 42
0.000000001
 43
0.0000000001
 40
-38.0
 40
-38.0
 40
-38.0
 40
-38.0
 40
-37.0
 40
-37.0
 40
-37.0
 40
-37.0
 10
310.2021823577613
 20
64.23003058266818
 30
0.0
 10
310.2021823577683
 20
64.39571600761718
 30
0.0
 10
310.3364969328252
 20
64.53003058266318
 30
0.0
 10
310.5021823577743
 20
64.53003058265522
 30
0.0
  0
LINE
  5
1098
330
1F
100
AcDbEntity
  8
0
100
AcDbLine
 10
310.5021823577743
 20
64.53003058265522
 30
0.0
 11
317.1192625270913
 21
64.5300305823572
 31
0.0
  0
SPLINE
  5
1099
330
1F
100
AcDbEntity
  8
0
100
AcDbSpline
210
0.0
220
0.0
230
1.0
 70
     8
 71
     3
 72
     8
 73
     4
 74
     0
 42
0.000000001
 43
0.0000000001
 40
-36.0
 40
-36.0
 40
-36.0
 40
-36.0
 40
-35.0
 40
-35.0
 40
-35.0
 40
-35.0
 10
317.1192625270913
 20
64.5300305823572
 30
0.0
 10
317.3954049020073
 20
64.53003058234521
 30
0.0
 10
317.6192625271012
 20
64.75388820741921
 30
0.0
 10
317.6192625271143
 20
65.0300305823362
 30
0.0
  0
LINE
  5
1100
330
1F
100
AcDbEntity
  8
0
100
AcDbLine
 10
317.6192625271143
 20
65.0300305823362
 30
0.0
 11
317.6192625276952
 21
77.98003058232817
 31
0.0
  0
SPLINE
  5
1101
330
1F
100
AcDbEntity
  8
0
100
AcDbSpline
210
0.0
220
0.0
230
1.0
 70
     8
 71
     3
 72
     8
 73
     4
 74
     0
 42
0.000000001
 43
0.0000000001
 40
-34.0
 40
-34.0
 40
-34.0
 40
-34.0
 40
-33.0
 40
-33.0
 40
-33.0
 40
-33.0
 10
317.6192625276952
 20
77.98003058232817
 30
0.0
 10
317.6192625277072
 20
78.25617295724319
 30
0.0
 10
317.3954049026332
 20
78.48003058233718
 30
0.0
 10
317.1192625277172
 20
78.48003058235019
 30
0.0
  0
SPLINE
  5
1102
330
1F
100
AcDbEntity
  8
0
100
AcDbSpline
210
0.0
220
0.0
230
1.0
 70
     8
 71
     3
 72
     8
 73
     4
 74
     0
 42
0.000000001
 43
0.0000000001
 40
-14.0
 40
-14.0
 40
-14.0
 40
-14.0
 40
-13.0
 40
-13.0
 40
-13.0
 40
-13.0
 10
174.751543416484
 20
158.9675305887562
 30
0.0
 10
174.7515434164961
 20
159.2436729636712
 30
0.0
 10
174.5276857914213
 20
159.4675305887662
 30
0.0
 10
174.251543416506
 20
159.4675305887782
 30
0.0
  0
LINE
  5
1103
330
1F
100
AcDbEntity
  8
0
100
AcDbLine
 10
174.251543416506
 20
159.4675305887782
 30
0.0
 11
161.2515434165062
 21
159.4675305893632
 31
0.0
  0
SPLINE
  5
1104
330
1F
100
AcDbEntity
  8
0
100
AcDbSpline
210
0.0
220
0.0
230
1.0
 70
     8
 71
     3
 72
     8
 73
     4
 74
     0
 42
0.000000001
 43
0.0000000001
 40
6.0
 40
6.0
 40
6.0
 40
6.0
 40
7.0
 40
7.0
 40
7.0
 40
7.0
 10
161.2515434165062
 20
159.4675305893632
 30
0.0
 10
160.975401041591
 20
159.4675305893752
 30
0.0
 10
160.7515434164956
 20
159.2436729643002
 30
0.0
 10
160.7515434164834
 20
158.9675305893852
 30
0.0
  0
LINE
  5
1105
330
1F
100
AcDbEntity
  8
0
100
AcDbLine
 10
160.7515434164834
 20
158.9675305893852
 30
0.0
 11
160.7515434158995
 21
145.9675305893852
 31
0.0
  0
SPLINE
  5
1106
330
1F
100
AcDbEntity
  8
0
100
AcDbSpline
210
0.0
220
0.0
230
1.0
 70
     8
 71
     3
 72
     8
 73
     4
 74
     0
 42
0.000000001
 43
0.0000000001
 40
8.0
 40
8.0
 40
8.0
 40
8.0
 40
9.0
 40
9.0
 40
9.0
 40
9.0
 10
160.7515434158995
 20
145.9675305893852
 30
0.0
 10
160.7515434158873
 20
145.6913882144702
 30
0.0
 10
160.9754010409609
 20
145.4675305893742
 30
0.0
 10
161.2515434158773
 20
145.4675305893612
 30
0.0
  0
LINE
  5
1107
330
1F
100
AcDbEntity
  8
0
100
AcDbLine
 10
161.2515434158773
 20
145.4675305893612
 30
0.0
 11
174.2515434158772
 21
145.4675305887792
 31
0.0
  0
SPLINE
  5
1108
330
1F
100
AcDbEntity
  8
0
100
AcDbSpline
210
0.0
220
0.0
230
1.0
 70
     8
 71
     3
 72
     8
 73
     4
 74
     0
 42
0.000000001
 43
0.0000000001
 40
10.0
 40
10.0
 40
10.0
 40
10.0
 40
11.0
 40
11.0
 40
11.0
 40
11.0
 10
174.2515434158772
 20
145.4675305887792
 30
0.0
 10
174.5276857907923
 20
145.4675305887672
 30
0.0
 10
174.7515434158878
 20
145.6913882138412
 30
0.0
 10
174.7515434158999
 20
145.9675305887562
 30
0.0
  0
LINE
  5
1109
330
1F
100
AcDbEntity
  8
0
100
AcDbLine
 10
174.7515434158999
 20
145.9675305887562
 30
0.0
 11
174.751543416484
 21
158.9675305887562
 31
0.0
  0
LINE
  5
1110
330
1F
100
AcDbEntity
  8
0
100
AcDbLine
 10
83.75676252857326
 20
97.55503059356023
 30
0.0
 11
70.75676252857427
 21
97.55503059414287
 31
0.0
  0
SPLINE
  5
1111
330
1F
100
AcDbEntity
  8
0
100
AcDbSpline
210
0.0
220
0.0
230
1.0
 70
     8
 71
     3
 72
     8
 73
     4
 74
     0
 42
0.000000001
 43
0.0000000001
 40
-8.0
 40
-8.0
 40
-8.0
 40
-8.0
 40
-7.0
 40
-7.0
 40
-7.0
 40
-7.0
 10
70.75676252857427
 20
97.55503059414287
 30
0.0
 10
70.48062015365926
 20
97.5550305941558
 30
0.0
 10
70.25676252856327
 20
97.3311729690808
 30
0.0
 10
70.25676252855126
 20
97.05503059416569
 30
0.0
  0
LINE
  5
1112
330
1F
100
AcDbEntity
  8
0
100
AcDbLine
 10
70.25676252855126
 20
97.05503059416569
 30
0.0
 11
70.25676252796826
 21
84.05503059416579
 31
0.0
  0
SPLINE
  5
1113
330
1F
100
AcDbEntity
  8
0
100
AcDbSpline
210
0.0
220
0.0
230
1.0
 70
     8
 71
     3
 72
     8
 73
     4
 74
     0
 42
0.000000001
 43
0.0000000001
 40
-14.0
 40
-14.0
 40
-14.0
 40
-14.0
 40
-13.0
 40
-13.0
 40
-13.0
 40
-13.0
 10
70.25676252796826
 20
84.05503059416579
 30
0.0
 10
70.25676252795526
 20
83.77888821925072
 30
0.0
 10
70.48062015302926
 20
83.55503059415648
 30
0.0
 10
70.75676252794527
 20
83.55503059414372
 30
0.0
  0
LINE
  5
1114
330
1F
100
AcDbEntity
  8
0
100
AcDbLine
 10
70.75676252794527
 20
83.55503059414372
 30
0.0
 11
83.75676252794425
 21
83.55503059355971
 31
0.0
  0
SPLINE
  5
1115
330
1F
100
AcDbEntity
  8
0
100
AcDbSpline
210
0.0
220
0.0
230
1.0
 70
     8
 71
     3
 72
     8
 73
     4
 74
     0
 42
0.000000001
 43
0.0000000001
 40
-12.0
 40
-12.0
 40
-12.0
 40
-12.0
 40
-11.0
 40
-11.0
 40
-11.0
 40
-11.0
 10
83.75676252794425
 20
83.55503059355971
 30
0.0
 10
84.03290490285925
 20
83.5550305935482
 30
0.0
 10
84.25676252795426
 20
83.77888821862308
 30
0.0
 10
84.25676252796725
 20
84.05503059353828
 30
0.0
  0
LINE
  5
1116
330
1F
100
AcDbEntity
  8
0
100
AcDbLine
 10
84.25676252796725
 20
84.05503059353828
 30
0.0
 11
84.25676252855126
 21
97.05503059353681
 31
0.0
  0
SPLINE
  5
1117
330
1F
100
AcDbEntity
  8
0
100
AcDbSpline
210
0.0
220
0.0
230
1.0
 70
     8
 71
     3
 72
     8
 73
     4
 74
     0
 42
0.000000001
 43
0.0000000001
 40
-10.0
 40
-10.0
 40
-10.0
 40
-10.0
 40
-9.0
 40
-9.0
 40
-9.0
 40
-9.0
 10
84.25676252855126
 20
97.05503059353681
 30
0.0
 10
84.25676252856327
 20
97.33117296845321
 30
0.0
 10
84.03290490348926
 20
97.55503059354872
 30
0.0
 10
83.75676252857326
 20
97.55503059356023
 30
0.0
  0
LINE
  5
1118
330
1F
100
AcDbEntity
  8
0
100
AcDbLine
 10
58.56428252857426
 20
97.55503059356023
 30
0.0
 11
38.80178252857528
 21
97.55503059414287
 31
0.0
  0
SPLINE
  5
1119
330
1F
100
AcDbEntity
  8
0
100
AcDbSpline
210
0.0
220
0.0
230
1.0
 70
     8
 71
     3
 72
     8
 73
     4
 74
     0
 42
0.000000001
 43
0.0000000001
 40
-8.0
 40
-8.0
 40
-8.0
 40
-8.0
 40
-7.0
 40
-7.0
 40
-7.0
 40
-7.0
 10
38.80178252857528
 20
97.55503059414287
 30
0.0
 10
38.52564015366025
 20
97.5550305941558
 30
0.0
 10
38.30178252856425
 20
97.3311729690808
 30
0.0
 10
38.30178252855126
 20
97.05503059416569
 30
0.0
  0
LINE
  5
1120
330
1F
100
AcDbEntity
  8
0
100
AcDbLine
 10
38.30178252855126
 20
97.05503059416569
 30
0.0
 11
38.30178252796827
 21
84.05503059416579
 31
0.0
  0
SPLINE
  5
1121
330
1F
100
AcDbEntity
  8
0
100
AcDbSpline
210
0.0
220
0.0
230
1.0
 70
     8
 71
     3
 72
     8
 73
     4
 74
     0
 42
0.000000001
 43
0.0000000001
 40
-14.0
 40
-14.0
 40
-14.0
 40
-14.0
 40
-13.0
 40
-13.0
 40
-13.0
 40
-13.0
 10
38.30178252796827
 20
84.05503059416579
 30
0.0
 10
38.30178252795525
 20
83.77888821925072
 30
0.0
 10
38.52564015303025
 20
83.55503059415648
 30
0.0
 10
38.80178252794536
 20
83.55503059414372
 30
0.0
  0
LINE
  5
1122
330
1F
100
AcDbEntity
  8
0
100
AcDbLine
 10
38.80178252794536
 20
83.55503059414372
 30
0.0
 11
58.56428252794626
 21
83.55503059355971
 31
0.0
  0
SPLINE
  5
1123
330
1F
100
AcDbEntity
  8
0
100
AcDbSpline
210
0.0
220
0.0
230
1.0
 70
     8
 71
     3
 72
     8
 73
     4
 74
     0
 42
0.000000001
 43
0.0000000001
 40
-12.0
 40
-12.0
 40
-12.0
 40
-12.0
 40
-11.0
 40
-11.0
 40
-11.0
 40
-11.0
 10
58.56428252794626
 20
83.55503059355971
 30
0.0
 10
58.84042490286126
 20
83.5550305935482
 30
0.0
 10
59.06428252795627
 20
83.77888821862308
 30
0.0
 10
59.06428252796826
 20
84.05503059353828
 30
0.0
  0
LINE
  5
1124
330
1F
100
AcDbEntity
  8
0
100
AcDbLine
 10
59.06428252796826
 20
84.05503059353828
 30
0.0
 11
59.06428252855227
 21
97.05503059353681
 31
0.0
  0
SPLINE
  5
1125
330
1F
100
AcDbEntity
  8
0
100
AcDbSpline
210
0.0
220
0.0
230
1.0
 70
     8
 71
     3
 72
     8
 73
     4
 74
     0
 42
0.000000001
 43
0.0000000001
 40
-10.0
 40
-10.0
 40
-10.0
 40
-10.0
 40
-9.0
 40
-9.0
 40
-9.0
 40
-9.0
 10
59.06428252855227
 20
97.05503059353681
 30
0.0
 10
59.06428252856525
 20
97.33117296845321
 30
0.0
 10
58.84042490349125
 20
97.55503059354872
 30
0.0
 10
58.56428252857426
 20
97.55503059356023
 30
0.0
  0
SPLINE
  5
1126
330
1F
100
AcDbEntity
  8
0
100
AcDbSpline
210
0.0
220
0.0
230
1.0
 70
     8
 71
     3
 72
     8
 73
     4
 74
     0
 42
0.000000001
 43
0.0000000001
 40
-9.0
 40
-9.0
 40
-9.0
 40
-9.0
 40
-8.0
 40
-8.0
 40
-8.0
 40
-8.0
 10
67.75317487923925
 20
83.55503059299246
 30
0.0
 10
68.22377790308826
 20
83.55503059258309
 30
0.0
 10
68.60527703112926
 20
83.9365297212481
 30
0.0
 10
68.60527702995027
 20
84.4071327450969
 30
0.0
  0
LINE
  5
1127
330
1F
100
AcDbEntity
  8
0
100
AcDbLine
 10
68.60527702995027
 20
84.4071327450969
 30
0.0
 11
68.60527699912727
 21
96.70292844588738
 31
0.0
  0
SPLINE
  5
1128
330
1F
100
AcDbEntity
  8
0
100
AcDbSpline
210
0.0
220
0.0
230
1.0
 70
     8
 71
     3
 72
     8
 73
     4
 74
     0
 42
0.000000001
 43
0.0000000001
 40
15.0
 40
15.0
 40
15.0
 40
15.0
 40
16.0
 40
16.0
 40
16.0
 40
16.0
 10
68.60527699912727
 20
96.70292844588738
 30
0.0
 10
68.60527699794727
 20
97.17353146772508
 30
0.0
 10
68.22377787113325
 20
97.55503059364372
 30
0.0
 10
67.75317484929527
 20
97.55503059371941
 30
0.0
  0
LINE
  5
1129
330
1F
100
AcDbEntity
  8
0
100
AcDbLine
 10
67.75317484929527
 20
97.55503059371941
 30
0.0
 11
61.56787020854725
 21
97.5550305947115
 31
0.0
  0
SPLINE
  5
1130
330
1F
100
AcDbEntity
  8
0
100
AcDbSpline
210
0.0
220
0.0
230
1.0
 70
     8
 71
     3
 72
     8
 73
     4
 74
     0
 42
0.000000001
 43
0.0000000001
 40
-13.0
 40
-13.0
 40
-13.0
 40
-13.0
 40
-12.0
 40
-12.0
 40
-12.0
 40
-12.0
 10
61.56787020854725
 20
97.5550305947115
 30
0.0
 10
61.09726718663225
 20
97.55503059478588
 30
0.0
 10
60.71576805966327
 20
97.17353146886736
 30
0.0
 10
60.71576805844324
 20
96.70292844695129
 30
0.0
  0
LINE
  5
1131
330
1F
100
AcDbEntity
  8
0
100
AcDbLine
 10
60.71576805844324
 20
96.70292844695129
 30
0.0
 11
60.71576802656927
 21
84.4071327505539
 31
0.0
  0
SPLINE
  5
1132
330
1F
100
AcDbEntity
  8
0
100
AcDbSpline
210
0.0
220
0.0
230
1.0
 70
     8
 71
     3
 72
     8
 73
     4
 74
     0
 42
0.000000001
 43
0.0000000001
 40
-11.0
 40
-11.0
 40
-11.0
 40
-11.0
 40
-10.0
 40
-10.0
 40
-10.0
 40
-10.0
 10
60.71576802656927
 20
84.4071327505539
 30
0.0
 10
60.71576802535026
 20
83.9365297272557
 30
0.0
 10
61.09726715249826
 20
83.55503059878699
 30
0.0
 10
61.56787017579526
 20
83.55503059837756
 30
0.0
  0
LINE
  5
1133
330
1F
100
AcDbEntity
  8
0
100
AcDbLine
 10
61.56787017579526
 20
83.55503059837756
 30
0.0
 11
67.75317487923925
 21
83.55503059299246
 31
0.0
  0
SPLINE
  5
1134
330
1F
100
AcDbEntity
  8
0
100
AcDbSpline
210
0.0
220
0.0
230
1.0
 70
     8
 71
     3
 72
     8
 73
     4
 74
     0
 42
0.000000001
 43
0.0000000001
 40
-8.0
 40
-8.0
 40
-8.0
 40
-8.0
 40
-7.0
 40
-7.0
 40
-7.0
 40
-7.0
 10
85.55729003478425
 20
45.45502162700517
 30
0.0
 10
86.10957478455226
 20
45.45502162700517
 30
0.0
 10
86.55729003464028
 20
45.90273687717922
 30
0.0
 10
86.55729003453426
 20
46.45502162694822
 30
0.0
  0
LINE
  5
1135
330
1F
100
AcDbEntity
  8
0
100
AcDbLine
 10
86.55729003453426
 20
46.45502162694822
 30
0.0
 11
86.55729003222825
 21
58.4550254578902
 31
0.0
  0
SPLINE
  5
1136
330
1F
100
AcDbEntity
  8
0
100
AcDbSpline
210
0.0
220
0.0
230
1.0
 70
     8
 71
     3
 72
     8
 73
     4
 74
     0
 42
0.000000001
 43
0.0000000001
 40
-6.0
 40
-6.0
 40
-6.0
 40
-6.0
 40
-5.0
 40
-5.0
 40
-5.0
 40
-5.0
 10
86.55729003222825
 20
58.4550254578902
 30
0.0
 10
86.55729003212227
 20
59.00731020705823
 30
0.0
 10
86.10957478279827
 20
59.45502545681319
 30
0.0
 10
85.55729003363026
 20
59.45502545744819
 30
0.0
  0
LINE
  5
1137
330
1F
100
AcDbEntity
  8
0
100
AcDbLine
 10
85.55729003363026
 20
59.45502545744819
 30
0.0
 11
83.24333675556426
 21
59.45502546011519
 31
0.0
  0
SPLINE
  5
1138
330
1F
100
AcDbEntity
  8
0
100
AcDbSpline
210
0.0
220
0.0
230
1.0
 70
     8
 71
     3
 72
     8
 73
     4
 74
     0
 42
0.000000001
 43
0.0000000001
 40
-4.0
 40
-4.0
 40
-4.0
 40
-4.0
 40
-3.0
 40
-3.0
 40
-3.0
 40
-3.0
 10
83.24333675556426
 20
59.45502546011519
 30
0.0
 10
82.69105200549525
 20
59.45502546075118
 30
0.0
 10
82.24333675476627
 20
59.00731021062322
 30
0.0
 10
82.24333675466226
 20
58.4550254605542
 30
0.0
  0
LINE
  5
1139
330
1F
100
AcDbEntity
  8
0
100
AcDbLine
 10
82.24333675466226
 20
58.4550254605542
 30
0.0
 11
82.24333675238424
 21
46.45502162694521
 31
0.0
  0
SPLINE
  5
1140
330
1F
100
AcDbEntity
  8
0
100
AcDbSpline
210
0.0
220
0.0
230
1.0
 70
     8
 71
     3
 72
     8
 73
     4
 74
     0
 42
0.000000001
 43
0.0000000001
 40
-2.0
 40
-2.0
 40
-2.0
 40
-2.0
 40
-1.0
 40
-1.0
 40
-1.0
 40
-1.0
 10
82.24333675238424
 20
46.45502162694521
 30
0.0
 10
82.24333675228027
 20
45.9027368771782
 30
0.0
 10
82.69105200236825
 20
45.45502162700517
 30
0.0
 10
83.24333675213527
 20
45.45502162700517
 30
0.0
  0
LINE
  5
1141
330
1F
100
AcDbEntity
  8
0
100
AcDbLine
 10
83.24333675213527
 20
45.45502162700517
 30
0.0
 11
85.55729003478425
 21
45.45502162700517
 31
0.0
  0
SPLINE
  5
1142
330
1F
100
AcDbEntity
  8
0
100
AcDbSpline
210
0.0
220
0.0
230
1.0
 70
     8
 71
     3
 72
     8
 73
     4
 74
     0
 42
0.000000001
 43
0.0000000001
 40
-8.0
 40
-8.0
 40
-8.0
 40
-8.0
 40
-7.0
 40
-7.0
 40
-7.0
 40
-7.0
 10
110.6198766701529
 20
45.45502162700517
 30
0.0
 10
111.1721614199208
 20
45.45502162700517
 30
0.0
 10
111.6198766700092
 20
45.90273687717922
 30
0.0
 10
111.6198766699031
 20
46.45502162694822
 30
0.0
  0
LINE
  5
1143
330
1F
100
AcDbEntity
  8
0
100
AcDbLine
 10
111.6198766699031
 20
46.45502162694822
 30
0.0
 11
111.6198766675974
 21
58.4550254578902
 31
0.0
  0
SPLINE
  5
1144
330
1F
100
AcDbEntity
  8
0
100
AcDbSpline
210
0.0
220
0.0
230
1.0
 70
     8
 71
     3
 72
     8
 73
     4
 74
     0
 42
0.000000001
 43
0.0000000001
 40
-6.0
 40
-6.0
 40
-6.0
 40
-6.0
 40
-5.0
 40
-5.0
 40
-5.0
 40
-5.0
 10
111.6198766675974
 20
58.4550254578902
 30
0.0
 10
111.6198766674912
 20
59.00731020705823
 30
0.0
 10
111.1721614181673
 20
59.45502545681319
 30
0.0
 10
110.6198766689995
 20
59.45502545744819
 30
0.0
  0
LINE
  5
1145
330
1F
100
AcDbEntity
  8
0
100
AcDbLine
 10
110.6198766689995
 20
59.45502545744819
 30
0.0
 11
108.3059233909329
 21
59.45502546011519
 31
0.0
  0
SPLINE
  5
1146
330
1F
100
AcDbEntity
  8
0
100
AcDbSpline
210
0.0
220
0.0
230
1.0
 70
     8
 71
     3
 72
     8
 73
     4
 74
     0
 42
0.000000001
 43
0.0000000001
 40
-4.0
 40
-4.0
 40
-4.0
 40
-4.0
 40
-3.0
 40
-3.0
 40
-3.0
 40
-3.0
 10
108.3059233909329
 20
59.45502546011519
 30
0.0
 10
107.7536386408642
 20
59.45502546075118
 30
0.0
 10
107.3059233901356
 20
59.00731021062322
 30
0.0
 10
107.3059233900307
 20
58.4550254605542
 30
0.0
  0
LINE
  5
1147
330
1F
100
AcDbEntity
  8
0
100
AcDbLine
 10
107.3059233900307
 20
58.4550254605542
 30
0.0
 11
107.3059233877536
 21
46.45502162694521
 31
0.0
  0
SPLINE
  5
1148
330
1F
100
AcDbEntity
  8
0
100
AcDbSpline
210
0.0
220
0.0
230
1.0
 70
     8
 71
     3
 72
     8
 73
     4
 74
     0
 42
0.000000001
 43
0.0000000001
 40
-2.0
 40
-2.0
 40
-2.0
 40
-2.0
 40
-1.0
 40
-1.0
 40
-1.0
 40
-1.0
 10
107.3059233877536
 20
46.45502162694521
 30
0.0
 10
107.3059233876487
 20
45.9027368771782
 30
0.0
 10
107.753638637737
 20
45.45502162700517
 30
0.0
 10
108.3059233875037
 20
45.45502162700517
 30
0.0
  0
LINE
  5
1149
330
1F
100
AcDbEntity
  8
0
100
AcDbLine
 10
108.3059233875037
 20
45.45502162700517
 30
0.0
 11
110.6198766701529
 21
45.45502162700517
 31
0.0
  0
SPLINE
  5
1150
330
1F
100
AcDbEntity
  8
0
100
AcDbSpline
210
0.0
220
0.0
230
1.0
 70
     8
 71
     3
 72
     8
 73
     4
 74
     0
 42
0.000000001
 43
0.0000000001
 40
-8.0
 40
-8.0
 40
-8.0
 40
-8.0
 40
-7.0
 40
-7.0
 40
-7.0
 40
-7.0
 10
246.2322641701469
 20
45.45502162700517
 30
0.0
 10
246.7845489199149
 20
45.45502162700517
 30
0.0
 10
247.2322641700039
 20
45.90273687717922
 30
0.0
 10
247.2322641698978
 20
46.45502162694822
 30
0.0
  0
LINE
  5
1151
330
1F
100
AcDbEntity
  8
0
100
AcDbLine
 10
247.2322641698978
 20
46.45502162694822
 30
0.0
 11
247.2322641675908
 21
58.4550254578902
 31
0.0
  0
SPLINE
  5
1152
330
1F
100
AcDbEntity
  8
0
100
AcDbSpline
210
0.0
220
0.0
230
1.0
 70
     8
 71
     3
 72
     8
 73
     4
 74
     0
 42
0.000000001
 43
0.0000000001
 40
-6.0
 40
-6.0
 40
-6.0
 40
-6.0
 40
-5.0
 40
-5.0
 40
-5.0
 40
-5.0
 10
247.2322641675908
 20
58.4550254578902
 30
0.0
 10
247.2322641674859
 20
59.00731020705823
 30
0.0
 10
246.7845489181619
 20
59.45502545681319
 30
0.0
 10
246.2322641689939
 20
59.45502545744819
 30
0.0
  0
LINE
  5
1153
330
1F
100
AcDbEntity
  8
0
100
AcDbLine
 10
246.2322641689939
 20
59.45502545744819
 30
0.0
 11
243.9183108909269
 21
59.45502546011519
 31
0.0
  0
SPLINE
  5
1154
330
1F
100
AcDbEntity
  8
0
100
AcDbSpline
210
0.0
220
0.0
230
1.0
 70
     8
 71
     3
 72
     8
 73
     4
 74
     0
 42
0.000000001
 43
0.0000000001
 40
-4.0
 40
-4.0
 40
-4.0
 40
-4.0
 40
-3.0
 40
-3.0
 40
-3.0
 40
-3.0
 10
243.9183108909269
 20
59.45502546011519
 30
0.0
 10
243.3660261408578
 20
59.45502546075118
 30
0.0
 10
242.9183108901299
 20
59.00731021062322
 30
0.0
 10
242.9183108900259
 20
58.4550254605542
 30
0.0
  0
LINE
  5
1155
330
1F
100
AcDbEntity
  8
0
100
AcDbLine
 10
242.9183108900259
 20
58.4550254605542
 30
0.0
 11
242.9183108877479
 21
46.45502162694521
 31
0.0
  0
SPLINE
  5
1156
330
1F
100
AcDbEntity
  8
0
100
AcDbSpline
210
0.0
220
0.0
230
1.0
 70
     8
 71
     3
 72
     8
 73
     4
 74
     0
 42
0.000000001
 43
0.0000000001
 40
-2.0
 40
-2.0
 40
-2.0
 40
-2.0
 40
-1.0
 40
-1.0
 40
-1.0
 40
-1.0
 10
242.9183108877479
 20
46.45502162694521
 30
0.0
 10
242.9183108876439
 20
45.9027368771782
 30
0.0
 10
243.3660261377319
 20
45.45502162700517
 30
0.0
 10
243.9183108874979
 20
45.45502162700517
 30
0.0
  0
LINE
  5
1157
330
1F
100
AcDbEntity
  8
0
100
AcDbLine
 10
243.9183108874979
 20
45.45502162700517
 30
0.0
 11
246.2322641701469
 21
45.45502162700517
 31
0.0
  0
SPLINE
  5
1158
330
1F
100
AcDbEntity
  8
0
100
AcDbSpline
210
0.0
220
0.0
230
1.0
 70
     8
 71
     3
 72
     8
 73
     4
 74
     0
 42
0.000000001
 43
0.0000000001
 40
-8.0
 40
-8.0
 40
-8.0
 40
-8.0
 40
-7.0
 40
-7.0
 40
-7.0
 40
-7.0
 10
271.2951127665489
 20
45.45502162700517
 30
0.0
 10
271.8473975163158
 20
45.45502162700517
 30
0.0
 10
272.2951127664048
 20
45.90273687717922
 30
0.0
 10
272.2951127662989
 20
46.45502162694822
 30
0.0
  0
LINE
  5
1159
330
1F
100
AcDbEntity
  8
0
100
AcDbLine
 10
272.2951127662989
 20
46.45502162694822
 30
0.0
 11
272.2951127639929
 21
58.4550254578902
 31
0.0
  0
SPLINE
  5
1160
330
1F
100
AcDbEntity
  8
0
100
AcDbSpline
210
0.0
220
0.0
230
1.0
 70
     8
 71
     3
 72
     8
 73
     4
 74
     0
 42
0.000000001
 43
0.0000000001
 40
-6.0
 40
-6.0
 40
-6.0
 40
-6.0
 40
-5.0
 40
-5.0
 40
-5.0
 40
-5.0
 10
272.2951127639929
 20
58.4550254578902
 30
0.0
 10
272.2951127638869
 20
59.00731020705823
 30
0.0
 10
271.8473975145628
 20
59.45502545681319
 30
0.0
 10
271.2951127653948
 20
59.45502545744819
 30
0.0
  0
LINE
  5
1161
330
1F
100
AcDbEntity
  8
0
100
AcDbLine
 10
271.2951127653948
 20
59.45502545744819
 30
0.0
 11
268.9811594873289
 21
59.45502546011519
 31
0.0
  0
SPLINE
  5
1162
330
1F
100
AcDbEntity
  8
0
100
AcDbSpline
210
0.0
220
0.0
230
1.0
 70
     8
 71
     3
 72
     8
 73
     4
 74
     0
 42
0.000000001
 43
0.0000000001
 40
-4.0
 40
-4.0
 40
-4.0
 40
-4.0
 40
-3.0
 40
-3.0
 40
-3.0
 40
-3.0
 10
268.9811594873289
 20
59.45502546011519
 30
0.0
 10
268.4288747372599
 20
59.45502546075118
 30
0.0
 10
267.9811594865308
 20
59.00731021062322
 30
0.0
 10
267.9811594864258
 20
58.4550254605542
 30
0.0
  0
LINE
  5
1163
330
1F
100
AcDbEntity
  8
0
100
AcDbLine
 10
267.9811594864258
 20
58.4550254605542
 30
0.0
 11
267.9811594841488
 21
46.45502162694521
 31
0.0
  0
SPLINE
  5
1164
330
1F
100
AcDbEntity
  8
0
100
AcDbSpline
210
0.0
220
0.0
230
1.0
 70
     8
 71
     3
 72
     8
 73
     4
 74
     0
 42
0.000000001
 43
0.0000000001
 40
-2.0
 40
-2.0
 40
-2.0
 40
-2.0
 40
-1.0
 40
-1.0
 40
-1.0
 40
-1.0
 10
267.9811594841488
 20
46.45502162694521
 30
0.0
 10
267.9811594840448
 20
45.9027368771782
 30
0.0
 10
268.4288747341329
 20
45.45502162700517
 30
0.0
 10
268.9811594838989
 20
45.45502162700517
 30
0.0
  0
LINE
  5
1165
330
1F
100
AcDbEntity
  8
0
100
AcDbLine
 10
268.9811594838989
 20
45.45502162700517
 30
0.0
 11
271.2951127665489
 21
45.45502162700517
 31
0.0
  0
SPLINE
  5
1166
330
1F
100
AcDbEntity
  8
0
100
AcDbSpline
210
0.0
220
0.0
230
1.0
 70
     8
 71
     3
 72
     8
 73
     4
 74
     0
 42
0.000000001
 43
0.0000000001
 40
-8.0
 40
-8.0
 40
-8.0
 40
-8.0
 40
-7.0
 40
-7.0
 40
-7.0
 40
-7.0
 10
38.05048815415725
 20
45.45506832026222
 30
0.0
 10
38.74085755320226
 20
45.45506832026222
 30
0.0
 10
39.30051252882325
 20
46.01472329588318
 30
0.0
 10
39.30051252882325
 20
46.70509269492822
 30
0.0
  0
LINE
  5
1167
330
1F
100
AcDbEntity
  8
0
100
AcDbLine
 10
39.30051252882325
 20
46.70509269492822
 30
0.0
 11
39.30051252882325
 21
58.20547320395419
 31
0.0
  0
SPLINE
  5
1168
330
1F
100
AcDbEntity
  8
0
100
AcDbSpline
210
0.0
220
0.0
230
1.0
 70
     8
 71
     3
 72
     8
 73
     4
 74
     0
 42
0.000000001
 43
0.0000000001
 40
-6.0
 40
-6.0
 40
-6.0
 40
-6.0
 40
-5.0
 40
-5.0
 40
-5.0
 40
-5.0
 10
39.30051252882325
 20
58.20547320395419
 30
0.0
 10
39.30051252882325
 20
58.89584260299819
 30
0.0
 10
38.74085755320226
 20
59.45549757862017
 30
0.0
 10
38.05048815415725
 20
59.45549757862017
 30
0.0
  0
SPLINE
  5
1169
330
1F
100
AcDbEntity
  8
0
100
AcDbSpline
210
0.0
220
0.0
230
1.0
 70
     8
 71
     3
 72
     8
 73
     4
 74
     0
 42
0.000000001
 43
0.0000000001
 40
-4.0
 40
-4.0
 40
-4.0
 40
-4.0
 40
-3.0
 40
-3.0
 40
-3.0
 40
-3.0
 10
38.05048565410627
 20
59.45549757862017
 30
0.0
 10
37.36011625506126
 20
59.45549757862017
 30
0.0
 10
36.80046127944027
 20
58.89584260299819
 30
0.0
 10
36.80046127944027
 20
58.20547320395419
 30
0.0
  0
LINE
  5
1170
330
1F
100
AcDbEntity
  8
0
100
AcDbLine
 10
36.80046127944027
 20
58.20547320395419
 30
0.0
 11
36.80046127944027
 21
46.70509269492822
 31
0.0
  0
SPLINE
  5
1171
330
1F
100
AcDbEntity
  8
0
100
AcDbSpline
210
0.0
220
0.0
230
1.0
 70
     8
 71
     3
 72
     8
 73
     4
 74
     0
 42
0.000000001
 43
0.0000000001
 40
-2.0
 40
-2.0
 40
-2.0
 40
-2.0
 40
-1.0
 40
-1.0
 40
-1.0
 40
-1.0
 10
36.80046127944027
 20
46.70509269492822
 30
0.0
 10
36.80046127944027
 20
46.01472329588318
 30
0.0
 10
37.36011625506126
 20
45.45506832026222
 30
0.0
 10
38.05048565410627
 20
45.45506832026222
 30
0.0
  0
SPLINE
  5
1172
330
1F
100
AcDbEntity
  8
0
100
AcDbSpline
210
0.0
220
0.0
230
1.0
 70
     8
 71
     3
 72
     8
 73
     4
 74
     0
 42
0.000000001
 43
0.0000000001
 40
-8.0
 40
-8.0
 40
-8.0
 40
-8.0
 40
-7.0
 40
-7.0
 40
-7.0
 40
-7.0
 10
316.4282957787773
 20
59.45549757862017
 30
0.0
 10
315.7379263797313
 20
59.45549757862017
 30
0.0
 10
315.1782714041113
 20
58.89584260299819
 30
0.0
 10
315.1782714041113
 20
58.20547320395419
 30
0.0
  0
LINE
  5
1173
330
1F
100
AcDbEntity
  8
0
100
AcDbLine
 10
315.1782714041113
 20
58.20547320395419
 30
0.0
 11
315.1782714041113
 21
46.70509269492822
 31
0.0
  0
SPLINE
  5
1174
330
1F
100
AcDbEntity
  8
0
100
AcDbSpline
210
0.0
220
0.0
230
1.0
 70
     8
 71
     3
 72
     8
 73
     4
 74
     0
 42
0.000000001
 43
0.0000000001
 40
-6.0
 40
-6.0
 40
-6.0
 40
-6.0
 40
-5.0
 40
-5.0
 40
-5.0
 40
-5.0
 10
315.1782714041113
 20
46.70509269492822
 30
0.0
 10
315.1782714041113
 20
46.01472329588318
 30
0.0
 10
315.7379263797313
 20
45.45506832026222
 30
0.0
 10
316.4282957787773
 20
45.45506832026222
 30
0.0
  0
SPLINE
  5
1175
330
1F
100
AcDbEntity
  8
0
100
AcDbSpline
210
0.0
220
0.0
230
1.0
 70
     8
 71
     3
 72
     8
 73
     4
 74
     0
 42
0.000000001
 43
0.0000000001
 40
-4.0
 40
-4.0
 40
-4.0
 40
-4.0
 40
-3.0
 40
-3.0
 40
-3.0
 40
-3.0
 10
316.4282982788283
 20
45.45506832026222
 30
0.0
 10
317.1186676778733
 20
45.45506832026222
 30
0.0
 10
317.6783226534933
 20
46.01472329588318
 30
0.0
 10
317.6783226534933
 20
46.70509269492822
 30
0.0
  0
LINE
  5
1176
330
1F
100
AcDbEntity
  8
0
100
AcDbLine
 10
317.6783226534933
 20
46.70509269492822
 30
0.0
 11
317.6783226534933
 21
58.20547320395419
 31
0.0
  0
SPLINE
  5
1177
330
1F
100
AcDbEntity
  8
0
100
AcDbSpline
210
0.0
220
0.0
230
1.0
 70
     8
 71
     3
 72
     8
 73
     4
 74
     0
 42
0.000000001
 43
0.0000000001
 40
-2.0
 40
-2.0
 40
-2.0
 40
-2.0
 40
-1.0
 40
-1.0
 40
-1.0
 40
-1.0
 10
317.6783226534933
 20
58.20547320395419
 30
0.0
 10
317.6783226534933
 20
58.89584260299819
 30
0.0
 10
317.1186676778733
 20
59.45549757862017
 30
0.0
 10
316.4282982788283
 20
59.45549757862017
 30
0.0
  0
SPLINE
  5
1178
330
1F
100
AcDbEntity
  8
0
100
AcDbSpline
210
0.0
220
0.0
230
1.0
 70
     8
 71
     3
 72
     8
 73
     4
 74
     0
 42
0.000000001
 43
0.0000000001
 40
-8.0
 40
-8.0
 40
-8.0
 40
-8.0
 40
-7.0
 40
-7.0
 40
-7.0
 40
-7.0
 10
226.4127875290737
 20
45.45511045201817
 30
0.0
 10
226.965072278766
 20
45.45511045201817
 30
0.0
 10
227.4127875288234
 20
45.90282570207619
 30
0.0
 10
227.4127875288234
 20
46.45511045176817
 30
0.0
  0
LINE
  5
1179
330
1F
100
AcDbEntity
  8
0
100
AcDbLine
 10
227.4127875288233
 20
46.45511045176817
 30
0.0
 11
227.4127875288234
 21
58.45467545226921
 31
0.0
  0
SPLINE
  5
1180
330
1F
100
AcDbEntity
  8
0
100
AcDbSpline
210
0.0
220
0.0
230
1.0
 70
     8
 71
     3
 72
     8
 73
     4
 74
     0
 42
0.000000001
 43
0.0000000001
 40
-6.0
 40
-6.0
 40
-6.0
 40
-6.0
 40
-5.0
 40
-5.0
 40
-5.0
 40
-5.0
 10
227.4127875288234
 20
58.45467545226921
 30
0.0
 10
227.4127875288234
 20
59.00696020196122
 30
0.0
 10
226.965072278766
 20
59.45467545201919
 30
0.0
 10
226.4127875290737
 20
59.45467545201919
 30
0.0
  0
LINE
  5
1181
330
1F
100
AcDbEntity
  8
0
100
AcDbLine
 10
226.4127875290737
 20
59.45467545201919
 30
0.0
 11
186.2695329718824
 21
59.45467545201919
 31
0.0
  0
SPLINE
  5
1182
330
1F
100
AcDbEntity
  8
0
100
AcDbSpline
210
0.0
220
0.0
230
1.0
 70
     8
 71
     3
 72
     8
 73
     4
 74
     0
 42
0.000000001
 43
0.0000000001
 40
-4.0
 40
-4.0
 40
-4.0
 40
-4.0
 40
-3.0
 40
-3.0
 40
-3.0
 40
-3.0
 10
186.2695329718824
 20
59.45467545201919
 30
0.0
 10
185.7172482221893
 20
59.45467545201919
 30
0.0
 10
185.2695329721322
 20
59.00696020196122
 30
0.0
 10
185.2695329721322
 20
58.45467545226921
 30
0.0
  0
LINE
  5
1183
330
1F
100
AcDbEntity
  8
0
100
AcDbLine
 10
185.2695329721322
 20
58.45467545226921
 30
0.0
 11
185.2695329721322
 21
46.45511045176817
 31
0.0
  0
SPLINE
  5
1184
330
1F
100
AcDbEntity
  8
0
100
AcDbSpline
210
0.0
220
0.0
230
1.0
 70
     8
 71
     3
 72
     8
 73
     4
 74
     0
 42
0.000000001
 43
0.0000000001
 40
-2.0
 40
-2.0
 40
-2.0
 40
-2.0
 40
-1.0
 40
-1.0
 40
-1.0
 40
-1.0
 10
185.2695329721322
 20
46.45511045176817
 30
0.0
 10
185.2695329721322
 20
45.90282570207619
 30
0.0
 10
185.7172482221893
 20
45.45511045201817
 30
0.0
 10
186.2695329718824
 20
45.45511045201817
 30
0.0
  0
LINE
  5
1185
330
1F
100
AcDbEntity
  8
0
100
AcDbLine
 10
186.2695329718824
 20
45.45511045201817
 30
0.0
 11
226.4127875290737
 21
45.45511045201817
 31
0.0
  0
SPLINE
  5
1186
330
1F
100
AcDbEntity
  8
0
100
AcDbSpline
210
0.0
220
0.0
230
1.0
 70
     8
 71
     3
 72
     8
 73
     4
 74
     0
 42
0.000000001
 43
0.0000000001
 40
-8.0
 40
-8.0
 40
-8.0
 40
-8.0
 40
-7.0
 40
-7.0
 40
-7.0
 40
-7.0
 10
168.2695329722991
 20
45.45511045201817
 30
0.0
 10
168.8218177219915
 20
45.45511045201817
 30
0.0
 10
169.269532972049
 20
45.90282570207619
 30
0.0
 10
169.269532972049
 20
46.45511045176817
 30
0.0
  0
LINE
  5
1187
330
1F
100
AcDbEntity
  8
0
100
AcDbLine
 10
169.2695329720489
 20
46.45511045176817
 30
0.0
 11
169.269532972049
 21
58.45467545226921
 31
0.0
  0
SPLINE
  5
1188
330
1F
100
AcDbEntity
  8
0
100
AcDbSpline
210
0.0
220
0.0
230
1.0
 70
     8
 71
     3
 72
     8
 73
     4
 74
     0
 42
0.000000001
 43
0.0000000001
 40
-6.0
 40
-6.0
 40
-6.0
 40
-6.0
 40
-5.0
 40
-5.0
 40
-5.0
 40
-5.0
 10
169.269532972049
 20
58.45467545226921
 30
0.0
 10
169.269532972049
 20
59.00696020196122
 30
0.0
 10
168.8218177219915
 20
59.45467545201919
 30
0.0
 10
168.2695329722991
 20
59.45467545201919
 30
0.0
  0
LINE
  5
1189
330
1F
100
AcDbEntity
  8
0
100
AcDbLine
 10
168.2695329722991
 20
59.45467545201919
 30
0.0
 11
128.1252875285731
 21
59.45467545201919
 31
0.0
  0
SPLINE
  5
1190
330
1F
100
AcDbEntity
  8
0
100
AcDbSpline
210
0.0
220
0.0
230
1.0
 70
     8
 71
     3
 72
     8
 73
     4
 74
     0
 42
0.000000001
 43
0.0000000001
 40
-4.0
 40
-4.0
 40
-4.0
 40
-4.0
 40
-3.0
 40
-3.0
 40
-3.0
 40
-3.0
 10
128.1252875285731
 20
59.45467545201919
 30
0.0
 10
127.5730027788801
 20
59.45467545201919
 30
0.0
 10
127.125287528823
 20
59.00696020196122
 30
0.0
 10
127.125287528823
 20
58.45467545226921
 30
0.0
  0
LINE
  5
1191
330
1F
100
AcDbEntity
  8
0
100
AcDbLine
 10
127.125287528823
 20
58.45467545226921
 30
0.0
 11
127.125287528823
 21
46.45511045176817
 31
0.0
  0
SPLINE
  5
1192
330
1F
100
AcDbEntity
  8
0
100
AcDbSpline
210
0.0
220
0.0
230
1.0
 70
     8
 71
     3
 72
     8
 73
     4
 74
     0
 42
0.000000001
 43
0.0000000001
 40
-2.0
 40
-2.0
 40
-2.0
 40
-2.0
 40
-1.0
 40
-1.0
 40
-1.0
 40
-1.0
 10
127.125287528823
 20
46.45511045176817
 30
0.0
 10
127.125287528823
 20
45.90282570207619
 30
0.0
 10
127.5730027788801
 20
45.45511045201817
 30
0.0
 10
128.1252875285731
 20
45.45511045201817
 30
0.0
  0
LINE
  5
1193
330
1F
100
AcDbEntity
  8
0
100
AcDbLine
 10
128.1252875285731
 20
45.45511045201817
 30
0.0
 11
168.2695329722991
 21
45.45511045201817
 31
0.0
  0
LINE
  5
1194
330
1F
100
AcDbEntity
  8
0
100
AcDbLine
 10
364.5255985238392
 20
62.07078613748828
 30
0.0
 11
378.7812647385613
 21
62.07078613378318
 31
0.0
  0
SPLINE
  5
1195
330
1F
100
AcDbEntity
  8
0
100
AcDbSpline
210
0.0
220
0.0
230
1.0
 70
     8
 71
     3
 72
     8
 73
     4
 74
     0
 42
0.000000001
 43
0.0000000001
 40
-6.0
 40
-6.0
 40
-6.0
 40
-6.0
 40
-5.0
 40
-5.0
 40
-5.0
 40
-5.0
 10
378.7812647385613
 20
62.07078613378318
 30
0.0
 10
379.2005779293053
 20
62.0707861336432
 30
0.0
 10
379.5404984328572
 20
62.41070663639018
 30
0.0
 10
379.5404984337073
 20
62.83001982713421
 30
0.0
  0
SPLINE
  5
1196
330
1F
100
AcDbEntity
  8
0
100
AcDbSpline
210
0.0
220
0.0
230
1.0
 70
     8
 71
     3
 72
     8
 73
     4
 74
     0
 42
0.000000001
 43
0.0000000001
 40
-4.0
 40
-4.0
 40
-4.0
 40
-4.0
 40
-3.0
 40
-3.0
 40
-3.0
 40
-3.0
 10
379.5404984337082
 20
62.83002134560323
 30
0.0
 10
379.5404984345603
 20
63.2493345353092
 30
0.0
 10
379.2005779323663
 20
63.58925503813918
 30
0.0
 10
378.7812647426603
 20
63.5892550380722
 30
0.0
  0
LINE
  5
1197
330
1F
100
AcDbEntity
  8
0
100
AcDbLine
 10
378.7812647426603
 20
63.5892550380722
 30
0.0
 11
365.2848552637573
 21
63.58925503642717
 31
0.0
  0
SPLINE
  5
1198
330
1F
100
AcDbEntity
  8
0
100
AcDbSpline
210
0.0
220
0.0
230
1.0
 70
     8
 71
     3
 72
     8
 73
     4
 74
     0
 42
0.000000001
 43
0.0000000001
 40
-2.0
 40
-2.0
 40
-2.0
 40
-2.0
 40
-1.0
 40
-1.0
 40
-1.0
 40
-1.0
 10
365.2848552637573
 20
63.58925503642717
 30
0.0
 10
364.8655420751443
 20
63.58925503636021
 30
0.0
 10
364.5256215736042
 20
63.92917553785918
 30
0.0
 10
364.5256215736182
 20
64.3484887264712
 30
0.0
  0
LINE
  5
1199
330
1F
100
AcDbEntity
  8
0
100
AcDbLine
 10
364.5256215736182
 20
64.3484887264712
 30
0.0
 11
364.5256215740843
 21
77.74579177640521
 31
0.0
  0
SPLINE
  5
1200
330
1F
100
AcDbEntity
  8
0
100
AcDbSpline
210
0.0
220
0.0
230
1.0
 70
     8
 71
     3
 72
     8
 73
     4
 74
     0
 42
0.000000001
 43
0.0000000001
 40
-14.0
 40
-14.0
 40
-14.0
 40
-14.0
 40
-13.0
 40
-13.0
 40
-13.0
 40
-13.0
 10
364.5256215740843
 20
77.74579177640521
 30
0.0
 10
364.5256215740983
 20
78.16510496506819
 30
0.0
 10
364.1857010725073
 20
78.50502546660419
 30
0.0
 10
363.7663878838452
 20
78.50502546652117
 30
0.0
  0
SPLINE
  5
1201
330
1F
100
AcDbEntity
  8
0
100
AcDbSpline
210
0.0
220
0.0
230
1.0
 70
     8
 71
     3
 72
     8
 73
     4
 74
     0
 42
0.000000001
 43
0.0000000001
 40
-12.0
 40
-12.0
 40
-12.0
 40
-12.0
 40
-11.0
 40
-11.0
 40
-11.0
 40
-11.0
 10
363.7663648334303
 20
78.50502546652117
 30
0.0
 10
363.3470544471983
 20
78.50502546643821
 30
0.0
 10
363.0071311435072
 20
78.1651049649862
 30
0.0
 10
363.0071311434903
 20
77.7457917764622
 30
0.0
  0
LINE
  5
1202
330
1F
100
AcDbEntity
  8
0
100
AcDbLine
 10
363.0071311434901
 20
77.7457917764622
 30
0.0
 11
363.0071311429273
 21
63.5892542767923
 31
-0.0000000000000089
  0
SPLINE
  5
1203
330
1F
100
AcDbEntity
  8
0
100
AcDbSpline
210
0.0
220
0.0
230
1.0
 70
     8
 71
     3
 72
     8
 73
     4
 74
     0
 42
0.000000001
 43
0.0000000001
 40
-9.0
 40
-9.0
 40
-9.0
 40
-9.0
 40
-8.0
 40
-8.0
 40
-8.0
 40
-8.0
 10
363.0071311429273
 20
63.58925351790322
 30
0.0
 10
363.0071311317033
 20
62.75062714196318
 30
0.0
 10
363.6869721463282
 20
62.0707861371952
 30
0.0
 10
364.5255985232063
 20
62.07078613748819
 30
0.0
  0
SPLINE
  5
1204
330
1F
100
AcDbEntity
  8
0
100
AcDbSpline
210
0.0
220
0.0
230
1.0
 70
     8
 71
     3
 72
     8
 73
     4
 74
     0
 42
0.000000001
 43
0.0000000001
 40
13.0
 40
13.0
 40
13.0
 40
13.0
 40
14.0
 40
14.0
 40
14.0
 40
14.0
 10
343.1980817487072
 20
78.50502546633819
 30
0.0
 10
342.7787713625103
 20
78.50502546633819
 30
0.0
 10
342.4388480588262
 20
78.16510496494419
 30
0.0
 10
342.4388480588143
 20
77.74579177646621
 30
0.0
  0
LINE
  5
1205
330
1F
100
AcDbEntity
  8
0
100
AcDbLine
 10
342.4388480588143
 20
77.74579177646621
 30
0.0
 11
342.4388480584533
 21
64.3484887262392
 31
0.0
  0
SPLINE
  5
1206
330
1F
100
AcDbEntity
  8
0
100
AcDbSpline
210
0.0
220
0.0
230
1.0
 70
     8
 71
     3
 72
     8
 73
     4
 74
     0
 42
0.000000001
 43
0.0000000001
 40
1.0
 40
1.0
 40
1.0
 40
1.0
 40
2.0
 40
2.0
 40
2.0
 40
2.0
 10
342.4388480584533
 20
64.3484887262392
 30
0.0
 10
342.4388480584422
 20
63.92917553762322
 30
0.0
 10
342.0989275568833
 20
63.58925503613818
 30
0.0
 10
341.6796143682673
 20
63.58925503621922
 30
0.0
  0
LINE
  5
1207
330
1F
100
AcDbEntity
  8
0
100
AcDbLine
 10
341.6796143682673
 20
63.58925503621922
 30
0.0
 11
328.1913648260572
 21
63.58925503819818
 31
0.0
  0
SPLINE
  5
1208
330
1F
100
AcDbEntity
  8
0
100
AcDbSpline
210
0.0
220
0.0
230
1.0
 70
     8
 71
     3
 72
     8
 73
     4
 74
     0
 42
0.000000001
 43
0.0000000001
 40
3.0
 40
3.0
 40
3.0
 40
3.0
 40
4.0
 40
4.0
 40
4.0
 40
4.0
 10
328.1913648260572
 20
63.58925503819818
 30
0.0
 10
327.7720516376293
 20
63.58925503827819
 30
0.0
 10
327.4321311376062
 20
63.24933453433121
 30
0.0
 10
327.4321311425252
 20
62.83002134590319
 30
0.0
  0
SPLINE
  5
1209
330
1F
100
AcDbEntity
  8
0
100
AcDbSpline
210
0.0
220
0.0
230
1.0
 70
     8
 71
     3
 72
     8
 73
     4
 74
     0
 42
0.000000001
 43
0.0000000001
 40
5.0
 40
5.0
 40
5.0
 40
5.0
 40
6.0
 40
6.0
 40
6.0
 40
6.0
 10
327.4321311425252
 20
62.83001981650119
 30
0.0
 10
327.4321311474463
 20
62.41070663221117
 30
0.0
 10
327.7720516468392
 20
62.07078613681918
 30
0.0
 10
328.1913648311292
 20
62.0707861368352
 30
0.0
  0
LINE
  5
1210
330
1F
100
AcDbEntity
  8
0
100
AcDbLine
 10
328.1913648311292
 20
62.0707861368352
 30
0.0
 11
342.4388711087503
 21
62.07078613725619
 31
0.0
  0
SPLINE
  5
1211
330
1F
100
AcDbEntity
  8
0
100
AcDbSpline
210
0.0
220
0.0
230
1.0
 70
     8
 71
     3
 72
     8
 73
     4
 74
     0
 42
0.000000001
 43
0.0000000001
 40
8.0
 40
8.0
 40
8.0
 40
8.0
 40
9.0
 40
9.0
 40
9.0
 40
9.0
 10
342.4388711087503
 20
62.07078613725619
 30
0.0
 10
343.2774974867732
 20
62.0707861371952
 30
0.0
 10
343.9573384856272
 20
62.75062714196318
 30
0.0
 10
343.9573384890973
 20
63.58925351760422
 30
0.0
  0
LINE
  5
1212
330
1F
100
AcDbEntity
  8
0
100
AcDbLine
 10
343.9573384890973
 20
63.58925351760422
 30
0.0
 11
343.9573384894593
 21
77.74579177589018
 31
0.0
  0
SPLINE
  5
1213
330
1F
100
AcDbEntity
  8
0
100
AcDbSpline
210
0.0
220
0.0
230
1.0
 70
     8
 71
     3
 72
     8
 73
     4
 74
     0
 42
0.000000001
 43
0.0000000001
 40
11.0
 40
11.0
 40
11.0
 40
11.0
 40
12.0
 40
12.0
 40
12.0
 40
12.0
 10
343.9573384894593
 20
77.74579177589018
 30
0.0
 10
343.9573384894702
 20
78.16510496467921
 30
0.0
 10
343.6174179878193
 20
78.50502546633819
 30
0.0
 10
343.1981047990303
 20
78.50502546633819
 30
0.0
  0
LWPOLYLINE
  5
1214
330
1F
100
AcDbEntity
  8
0
100
AcDbPolyline
 90
       14
 70
     1
 43
0.0
 10
59.39737814760724
 20
54.90502059317617
 42
-1.0
 10
59.39737814760724
 20
50.0050205931762
 10
58.14737814760724
 20
50.0050205931762
 42
0.4142135623730951
 10
57.14737814760724
 20
49.0050205931762
 10
57.14737814760724
 20
45.7550254581564
 42
0.4142135623730951
 10
57.64737814760724
 20
45.25502545815641
 10
63.52826251908325
 20
45.25502545815641
 42
0.4142135623730951
 10
64.02826251908326
 20
45.7550254581564
 10
64.02826251908326
 20
59.15502545855222
 42
0.4142135623730951
 10
63.52826251908325
 20
59.65502545855222
 10
57.64737814760724
 20
59.65502545855222
 42
0.4142135623730951
 10
57.14737814760724
 20
59.15502545855222
 10
57.14737814760724
 20
55.9050205931762
 42
0.4142135623730951
 10
58.14737814760724
 20
54.90502059317617
  0
CIRCLE
  5
1215
330
1F
100
AcDbEntity
  8
0
100
AcDbCircle
 10
-258.2318937430208
 20
164.8283693674932
 30
0.0
 40
1.40000000000006
210
0.0
220
0.0
230
-1.0
  0
CIRCLE
  5
1216
330
1F
100
AcDbEntity
  8
0
100
AcDbCircle
 10
-55.82454810272125
 20
164.8283693765812
 30
0.0
 40
1.399999999999918
210
0.0
220
0.0
230
-1.0
  0
CIRCLE
  5
1217
330
1F
100
AcDbEntity
  8
0
100
AcDbCircle
 10
-363.0067531476063
 20
141.4675205931762
 30
0.0
 40
1.14999999999987
210
0.0
220
0.0
230
-1.0
  0
CIRCLE
  5
1218
330
1F
100
AcDbEntity
  8
0
100
AcDbCircle
 10
-368.5318751476053
 20
68.45501059317618
 30
0.0
 40
1.14999999999987
210
0.0
220
0.0
230
-1.0
  0
CIRCLE
  5
1219
330
1F
100
AcDbEntity
  8
0
100
AcDbCircle
 10
-295.1411281476059
 20
52.45502059317619
 30
0.0
 40
1.14999999999987
210
0.0
220
0.0
230
-1.0
  0
CIRCLE
  5
1220
330
1F
100
AcDbEntity
  8
0
100
AcDbCircle
 10
-322.5318751476063
 20
100.0800105931765
 30
0.0
 40
1.150000000000259
210
0.0
220
0.0
230
-1.0
  0
CIRCLE
  5
1221
330
1F
100
AcDbEntity
  8
0
100
AcDbCircle
 10
-304.5318751476053
 20
141.4675205931762
 30
0.0
 40
1.14999999999987
210
0.0
220
0.0
230
-1.0
  0
CIRCLE
  5
1222
330
1F
100
AcDbEntity
  8
0
100
AcDbCircle
 10
-255.8506251476059
 20
100.0800105931765
 30
0.0
 40
1.15000000000013
210
0.0
220
0.0
230
-1.0
  0
CIRCLE
  5
1223
330
1F
100
AcDbEntity
  8
0
100
AcDbCircle
 10
-160.6006251476056
 20
100.0800105931765
 30
0.0
 40
1.15000000000036
210
0.0
220
0.0
230
-1.0
  0
CIRCLE
  5
1224
330
1F
100
AcDbEntity
  8
0
100
AcDbCircle
 10
-59.39737814760724
 20
52.45502059317619
 30
0.0
 40
1.14999999999987
210
0.0
220
0.0
230
-1.0
  0
CIRCLE
  5
1225
330
1F
100
AcDbEntity
  8
0
100
AcDbCircle
 10
-38.68175314760725
 20
101.0800205931763
 30
0.0
 40
1.15000000000032
210
0.0
220
0.0
230
-1.0
  0
CIRCLE
  5
1226
330
1F
100
AcDbEntity
  8
0
100
AcDbCircle
 10
-217.5318751476054
 20
141.4675205931762
 30
0.0
 40
1.14999999999988
210
0.0
220
0.0
230
-1.0
  0
CIRCLE
  5
1227
330
1F
100
AcDbEntity
  8
0
100
AcDbCircle
 10
-322.3959105806533
 20
140.5612804395272
 30
0.0
 40
1.24999999968833
210
0.0
220
0.0
230
-1.0
  0
CIRCLE
  5
1228
330
1F
100
AcDbEntity
  8
0
100
AcDbCircle
 10
-103.4506251476063
 20
100.0800105931765
 30
0.0
 40
1.15000000000036
210
0.0
220
0.0
230
-1.0
  0
CIRCLE
  5
1229
330
1F
100
AcDbEntity
  8
0
100
AcDbCircle
 10
-55.91887514760625
 20
141.4675205931792
 30
0.0
 40
1.149999999999928
210
0.0
220
0.0
230
-1.0
  0
CIRCLE
  5
1230
330
1F
100
AcDbEntity
  8
0
100
AcDbCircle
 10
-136.9188751476061
 20
141.4675205931792
 30
0.0
 40
1.149999999999918
210
0.0
220
0.0
230
-1.0
  0
CIRCLE
  5
1231
330
1F
100
AcDbEntity
  8
0
100
AcDbCircle
 10
-158.219168024901
 20
164.8283693719842
 30
0.0
 40
1.39999999999989
210
0.0
220
0.0
230
-1.0
  0
CIRCLE
  5
1232
330
1F
100
AcDbEntity
  8
0
100
AcDbCircle
 10
-360.0073125891113
 20
164.8283693627892
 30
0.0
 40
1.399999999999999
210
0.0
220
0.0
230
-1.0
  0
CIRCLE
  5
1233
330
1F
100
AcDbEntity
  8
0
100
AcDbCircle
 10
-343.9573384892073
 20
40.09419446426903
 30
0.0
 40
1.399999999999999
210
0.0
220
0.0
230
-1.0
  0
CIRCLE
  5
1234
330
1F
100
AcDbEntity
  8
0
100
AcDbCircle
 10
-270.1380595025653
 20
40.0941909211968
 30
0.0
 40
1.400000000000219
210
0.0
220
0.0
230
-1.0
  0
CIRCLE
  5
1235
330
1F
100
AcDbEntity
  8
0
100
AcDbCircle
 10
-84.40033848920627
 20
40.09419447592222
 30
0.0
 40
1.40000000000008
210
0.0
220
0.0
230
-1.0
  0
ARC
  5
1236
330
1F
100
AcDbEntity
  8
0
100
AcDbCircle
 10
346.8238324761222
 20
39.65001754859509
 30
0.0
 40
2.000029859403228
100
AcDbArc
 50
269.9999999919506
 51
314.9999999974345
  0
LINE
  5
1237
330
1F
100
AcDbEntity
  8
0
100
AcDbLine
 10
346.8238324758413
 20
37.64998768919179
 30
0.0
 11
341.0907904444623
 21
37.64998768999857
 31
0.0
  0
ARC
  5
1238
330
1F
100
AcDbEntity
  8
0
100
AcDbCircle
 10
341.0907904447443
 20
39.65001754894649
 30
0.0
 40
2.000029858947858
100
AcDbArc
 50
224.9999999974299
 51
269.9999999919213
  0
LINE
  5
1239
330
1F
100
AcDbEntity
  8
0
100
AcDbLine
 10
339.6765557688433
 20
38.23578287317236
 30
0.0
 11
335.5431119250773
 21
42.36922671730917
 31
0.0
  0
ARC
  5
1240
330
1F
100
AcDbEntity
  8
0
100
AcDbCircle
 10
334.1288772488523
 20
40.95499204121091
 30
0.0
 40
2.000029859406262
100
AcDbArc
 50
44.99999999743449
 51
89.99999999742218
  0
LINE
  5
1241
330
1F
100
AcDbEntity
  8
0
100
AcDbLine
 10
334.1288772489422
 20
42.95502190061722
 30
0.0
 11
279.9665454847416
 21
42.95502544780089
 31
0.0
  0
ARC
  5
1242
330
1F
100
AcDbEntity
  8
0
100
AcDbCircle
 10
279.966545484651
 20
40.95499558894494
 30
0.0
 40
2.000029859396259
100
AcDbArc
 50
89.99999999740426
 51
134.9999999974114
  0
LINE
  5
1243
330
1F
100
AcDbEntity
  8
0
100
AcDbLine
 10
278.5523108085602
 20
42.36923026516359
 30
0.0
 11
274.418870028865
 21
38.2357894858414
 31
0.0
  0
ARC
  5
1244
330
1F
100
AcDbEntity
  8
0
100
AcDbCircle
 10
273.0046353529568
 20
39.6500241618773
 30
0.0
 40
2.000029859137995
100
AcDbArc
 50
270.0000942016568
 51
314.9999999974114
  0
LINE
  5
1245
330
1F
100
AcDbEntity
  8
0
100
AcDbLine
 10
273.0046386412641
 20
37.6499943027423
 30
0.0
 11
267.2715857235171
 21
37.64998487686296
 31
0.0
  0
ARC
  5
1246
330
1F
100
AcDbEntity
  8
0
100
AcDbCircle
 10
267.2715824352099
 20
39.65001473651586
 30
0.0
 40
2.000029859655589
100
AcDbArc
 50
224.9999999974356
 51
270.0000942016552
  0
LINE
  5
1247
330
1F
100
AcDbEntity
  8
0
100
AcDbLine
 10
265.8573477588088
 20
38.23578006024127
 30
0.0
 11
261.723901531306
 21
42.36922628811408
 31
0.0
  0
ARC
  5
1248
330
1F
100
AcDbEntity
  8
0
100
AcDbCircle
 10
260.3096668550904
 20
40.95499161202496
 30
0.0
 40
2.000029859392861
100
AcDbArc
 50
44.99999999743909
 51
89.99999981625451
  0
LINE
  5
1249
330
1F
100
AcDbEntity
  8
0
100
AcDbLine
 10
260.3096668615044
 20
42.95502147141786
 30
0.0
 11
94.22859159104026
 21
42.95502200455849
 31
0.0
  0
ARC
  5
1250
330
1F
100
AcDbEntity
  8
0
100
AcDbCircle
 10
94.22859158462626
 20
40.95499214463745
 30
0.0
 40
2.000029859394766
100
AcDbArc
 50
89.99999981625451
 51
134.9999999974563
  0
LINE
  5
1251
330
1F
100
AcDbEntity
  8
0
100
AcDbLine
 10
92.81435690853546
 20
42.36922682085389
 30
0.0
 11
88.68092312788226
 21
38.23579304057188
 31
0.0
  0
ARC
  5
1252
330
1F
100
AcDbEntity
  8
0
100
AcDbCircle
 10
87.26668845197227
 20
39.65002771660778
 30
0.0
 40
2.000029859139233
100
AcDbArc
 50
270.0000942016486
 51
314.9999999974483
  0
LINE
  5
1253
330
1F
100
AcDbEntity
  8
0
100
AcDbLine
 10
87.26669174027927
 20
37.64999785747057
 30
0.0
 11
81.53363882253227
 21
37.6499884315935
 31
0.0
  0
ARC
  5
1254
330
1F
100
AcDbEntity
  8
0
100
AcDbCircle
 10
81.53363553422527
 20
39.65001829124276
 30
0.0
 40
2.000029859651973
100
AcDbArc
 50
224.9999999974253
 51
270.0000942016503
  0
LINE
  5
1255
330
1F
100
AcDbEntity
  8
0
100
AcDbLine
 10
80.11940085782605
 20
38.23578361497056
 30
0.0
 11
75.98594545321326
 21
42.36923901995521
 31
0.0
  0
SPLINE
  5
1256
330
1F
100
AcDbEntity
  8
0
100
AcDbSpline
210
0.0
220
0.0
230
1.0
 70
     8
 71
     3
 72
    10
 73
     6
 74
     0
 42
0.000000001
 43
0.0000000001
 40
-0.1577024332825973
 40
-0.1577024332825973
 40
-0.1577024332825973
 40
-0.1577024332825973
 40
-0.0788512166413006
 40
-0.0788512166413006
 40
0.0
 40
0.0
 40
0.0
 40
0.0
 10
74.57173189086427
 20
42.95502545764622
 30
0.0
 10
74.83456927966855
 20
42.9550254576348
 30
0.0
 10
75.09446215653146
 20
42.90328789270557
 30
0.0
 10
75.57973535464675
 20
42.70228115256481
 30
0.0
 10
75.80009135324907
 20
42.55509311993677
 30
0.0
 10
75.98594545321326
 20
42.36923901995521
 30
0.0
  0
LINE
  5
1257
330
1F
100
AcDbEntity
  8
0
100
AcDbLine
 10
74.57173189086427
 20
42.95502545764622
 30
0.0
 11
37.66926252612027
 21
42.95502545931833
 31
0.0
  0
ARC
  5
1258
330
1F
100
AcDbEntity
  8
0
100
AcDbCircle
 10
37.66926252625626
 20
45.95502545931788
 30
0.0
 40
2.99999999999966
100
AcDbArc
 50
180.0
 51
269.9999999974027
  0
LINE
  5
1259
330
1F
100
AcDbEntity
  8
0
100
AcDbLine
 10
34.66926252625626
 20
45.95502545945277
 30
0.0
 11
34.66926253133528
 21
158.9675254594852
 31
0.0
  0
SPLINE
  5
1260
330
1F
100
AcDbEntity
  8
0
100
AcDbSpline
210
0.0
220
0.0
230
1.0
 70
     8
 71
     3
 72
     8
 73
     4
 74
     0
 42
0.000000001
 43
0.0000000001
 40
0.0
 40
0.0
 40
0.0
 40
0.0
 40
1.0
 40
1.0
 40
1.0
 40
1.0
 10
34.66926253133528
 20
158.9675254594852
 30
0.0
 10
34.66926253141025
 20
160.6243797089781
 30
0.0
 10
36.01240828197726
 20
161.9675254594242
 30
0.0
 10
37.66926253147128
 20
161.9675254593492
 30
0.0
  0
LINE
  5
1261
330
1F
100
AcDbEntity
  8
0
100
AcDbLine
 10
37.66926253147128
 20
161.9675254593492
 30
0.0
 11
45.99610276501226
 21
161.9675254589742
 31
0.0
  0
SPLINE
  5
1262
330
1F
100
AcDbEntity
  8
0
100
AcDbSpline
210
0.0
220
0.0
230
1.0
 70
     8
 71
     3
 72
    10
 73
     6
 74
     0
 42
0.000000001
 43
0.0000000001
 40
0.0
 40
0.0
 40
0.0
 40
0.0
 40
0.0788512166418653
 40
0.0788512166418653
 40
0.1577024332838097
 40
0.1577024332838097
 40
0.1577024332838097
 40
0.1577024332838097
 10
45.99610276501226
 20
161.9675254589742
 30
0.0
 10
46.25894015381857
 20
161.9675254589628
 30
0.0
 10
46.51883303068837
 20
162.01926302387
 30
0.0
 10
47.00410622882574
 20
162.2202697639694
 30
0.0
 10
47.22446222744358
 20
162.3674577965787
 30
0.0
 10
47.41031632742624
 20
162.5533118965453
 30
0.0
  0
LINE
  5
1263
330
1F
100
AcDbEntity
  8
0
100
AcDbLine
 10
47.41031632742624
 20
162.5533118965453
 30
0.0
 11
51.54379152754927
 21
166.6867870963282
 31
0.0
  0
SPLINE
  5
1264
330
1F
100
AcDbEntity
  8
0
100
AcDbSpline
210
0.0
220
0.0
230
1.0
 70
     8
 71
     3
 72
    10
 73
     6
 74
     0
 42
0.000000001
 43
0.0000000001
 40
0.0
 40
0.0
 40
0.0
 40
0.0
 40
0.0788512166423199
 40
0.0788512166423199
 40
0.1577024332846307
 40
0.1577024332846307
 40
0.1577024332846307
 40
0.1577024332846307
 10
51.54379152754927
 20
166.6867870963282
 30
0.0
 10
51.72964562753207
 20
166.8726411962961
 30
0.0
 10
51.95000162615065
 20
167.0198292289061
 30
0.0
 10
52.43527482429036
 20
167.2208359690048
 30
0.0
 10
52.69516770116187
 20
167.2725735339106
 30
0.0
 10
52.95800508996928
 20
167.2725735338972
 30
0.0
  0
LINE
  5
1265
330
1F
100
AcDbEntity
  8
0
100
AcDbLine
 10
52.95800508996928
 20
167.2725735338972
 30
0.0
 11
58.69105121898624
 21
167.2725735336392
 31
0.0
  0
SPLINE
  5
1266
330
1F
100
AcDbEntity
  8
0
100
AcDbSpline
210
0.0
220
0.0
230
1.0
 70
     8
 71
     3
 72
    10
 73
     6
 74
     0
 42
0.000000001
 43
0.0000000001
 40
0.0
 40
0.0
 40
0.0
 40
0.0
 40
0.0788512166420234
 40
0.0788512166420234
 40
0.1577024332840993
 40
0.1577024332840993
 40
0.1577024332840993
 40
0.1577024332840993
 10
58.69105121898624
 20
167.2725735336392
 30
0.0
 10
58.95388860779306
 20
167.2725735336273
 30
0.0
 10
59.21378148465868
 20
167.2208359686977
 30
0.0
 10
59.69905468277926
 20
167.0198292285569
 30
0.0
 10
59.91941068138487
 20
166.872641195929
 30
0.0
 10
60.10526478135227
 20
166.6867870959472
 30
0.0
  0
LINE
  5
1267
330
1F
100
AcDbEntity
  8
0
100
AcDbLine
 10
60.10526478135227
 20
166.6867870959472
 30
0.0
 11
64.23873998106424
 21
162.5533118958052
 31
0.0
  0
SPLINE
  5
1268
330
1F
100
AcDbEntity
  8
0
100
AcDbSpline
210
0.0
220
0.0
230
1.0
 70
     8
 71
     3
 72
    10
 73
     6
 74
     0
 42
0.000000001
 43
0.0000000001
 40
0.0
 40
0.0
 40
0.0
 40
0.0
 40
0.0788512166410834
 40
0.0788512166410834
 40
0.1577024332820248
 40
0.1577024332820248
 40
0.1577024332820248
 40
0.1577024332820248
 10
64.23873998106424
 20
162.5533118958052
 30
0.0
 10
64.42459408102855
 20
162.3674577958245
 30
0.0
 10
64.64495007963077
 20
162.2202697631971
 30
0.0
 10
65.13022327774485
 20
162.019263023057
 30
0.0
 10
65.39011615460705
 20
161.9675254581276
 30
0.0
 10
65.65295354341026
 20
161.9675254581162
 30
0.0
  0
LINE
  5
1269
330
1F
100
AcDbEntity
  8
0
100
AcDbLine
 10
65.65295354341026
 20
161.9675254581162
 30
0.0
 11
148.3907696639046
 21
161.9675254543772
 31
0.0
  0
SPLINE
  5
1270
330
1F
100
AcDbEntity
  8
0
100
AcDbSpline
210
0.0
220
0.0
230
1.0
 70
     8
 71
     3
 72
    10
 73
     6
 74
     0
 42
0.000000001
 43
0.0000000001
 40
0.0
 40
0.0
 40
0.0
 40
0.0
 40
0.0788512166421695
 40
0.0788512166421695
 40
0.1577024332842831
 40
0.1577024332842831
 40
0.1577024332842831
 40
0.1577024332842831
 10
148.3907696639046
 20
161.9675254543772
 30
0.0
 10
148.6536070527119
 20
161.9675254543653
 30
0.0
 10
148.9134999295826
 20
162.0192630192726
 30
0.0
 10
149.398773127721
 20
162.220269759373
 30
0.0
 10
149.6191291263391
 20
162.3674577919832
 30
0.0
 10
149.8049832263217
 20
162.5533118919502
 30
0.0
  0
LINE
  5
1271
330
1F
100
AcDbEntity
  8
0
100
AcDbLine
 10
149.8049832263217
 20
162.5533118919502
 30
0.0
 11
153.9384584257094
 21
166.6867870909892
 31
0.0
  0
SPLINE
  5
1272
330
1F
100
AcDbEntity
  8
0
100
AcDbSpline
210
0.0
220
0.0
230
1.0
 70
     8
 71
     3
 72
    10
 73
     6
 74
     0
 42
0.000000001
 43
0.0000000001
 40
0.0
 40
0.0
 40
0.0
 40
0.0
 40
0.0788512166420933
 40
0.0788512166420933
 40
0.1577024332842128
 40
0.1577024332842128
 40
0.1577024332842128
 40
0.1577024332842128
 10
153.9384584257094
 20
166.6867870909892
 30
0.0
 10
154.124312525692
 20
166.8726411909562
 30
0.0
 10
154.3446685243101
 20
167.0198292235659
 30
0.0
 10
154.8299417224484
 20
167.2208359636645
 30
0.0
 10
155.089834599319
 20
167.2725735285706
 30
0.0
 10
155.3526719881258
 20
167.2725735285572
 30
0.0
  0
LINE
  5
1273
330
1F
100
AcDbEntity
  8
0
100
AcDbLine
 10
155.3526719881258
 20
167.2725735285572
 30
0.0
 11
161.0857181186446
 21
167.2725735282582
 31
0.0
  0
SPLINE
  5
1274
330
1F
100
AcDbEntity
  8
0
100
AcDbSpline
210
0.0
220
0.0
230
1.0
 70
     8
 71
     3
 72
    10
 73
     6
 74
     0
 42
0.000000001
 43
0.0000000001
 40
0.0
 40
0.0
 40
0.0
 40
0.0
 40
0.0788512166402579
 40
0.0788512166402579
 40
0.1577024332804391
 40
0.1577024332804391
 40
0.1577024332804391
 40
0.1577024332804391
 10
161.0857181186446
 20
167.2725735282582
 30
0.0
 10
161.3485555074455
 20
167.2725735282463
 30
0.0
 10
161.6084483843055
 20
167.2208359633175
 30
0.0
 10
162.0937215824152
 20
167.0198292231807
 30
0.0
 10
162.3140775810159
 20
166.8726411905563
 30
0.0
 10
162.4999316809795
 20
166.6867870905792
 30
0.0
  0
LINE
  5
1275
330
1F
100
AcDbEntity
  8
0
100
AcDbLine
 10
162.4999316809795
 20
166.6867870905792
 30
0.0
 11
166.6334068800137
 21
162.5533118911722
 31
0.0
  0
SPLINE
  5
1276
330
1F
100
AcDbEntity
  8
0
100
AcDbSpline
210
0.0
220
0.0
230
1.0
 70
     8
 71
     3
 72
    10
 73
     6
 74
     0
 42
0.000000001
 43
0.0000000001
 40
0.0
 40
0.0
 40
0.0
 40
0.0
 40
0.0788512166407809
 40
0.0788512166407809
 40
0.1577024332816357
 40
0.1577024332816357
 40
0.1577024332816357
 40
0.1577024332816357
 10
166.6334068800137
 20
162.5533118911722
 30
0.0
 10
166.8192609799776
 20
162.3674577911927
 30
0.0
 10
167.0396169785792
 20
162.2202697585663
 30
0.0
 10
167.5248901766913
 20
162.0192630184265
 30
0.0
 10
167.7847830535529
 20
161.9675254534967
 30
0.0
 10
168.0476204423556
 20
161.9675254534842
 30
0.0
  0
LINE
  5
1277
330
1F
100
AcDbEntity
  8
0
100
AcDbLine
 10
168.0476204423556
 20
161.9675254534842
 30
0.0
 11
248.4034953819878
 21
161.9675254498552
 31
0.0
  0
SPLINE
  5
1278
330
1F
100
AcDbEntity
  8
0
100
AcDbSpline
210
0.0
220
0.0
230
1.0
 70
     8
 71
     3
 72
    10
 73
     6
 74
     0
 42
0.000000001
 43
0.0000000001
 40
0.0
 40
0.0
 40
0.0
 40
0.0
 40
0.0788512166413163
 40
0.0788512166413163
 40
0.1577024332826444
 40
0.1577024332826444
 40
0.1577024332826444
 40
0.1577024332826444
 10
248.4034953819879
 20
161.9675254498552
 30
0.0
 10
248.6663327707923
 20
161.9675254498438
 30
0.0
 10
248.9262256476601
 20
162.01926301475
 30
0.0
 10
249.4114988457939
 20
162.2202697548473
 30
0.0
 10
249.6318548444097
 20
162.3674577874554
 30
0.0
 10
249.8177089443909
 20
162.5533118874202
 30
0.0
  0
LINE
  5
1279
330
1F
100
AcDbEntity
  8
0
100
AcDbLine
 10
249.8177089443909
 20
162.5533118874202
 30
0.0
 11
253.9511841431199
 21
166.6867870857782
 31
0.0
  0
SPLINE
  5
1280
330
1F
100
AcDbEntity
  8
0
100
AcDbSpline
210
0.0
220
0.0
230
1.0
 70
     8
 71
     3
 72
    10
 73
     6
 74
     0
 42
0.000000001
 43
0.0000000001
 40
0.0
 40
0.0
 40
0.0
 40
0.0
 40
0.0788512166417781
 40
0.0788512166417781
 40
0.1577024332835506
 40
0.1577024332835506
 40
0.1577024332835506
 40
0.1577024332835506
 10
253.9511841431199
 20
166.6867870857782
 30
0.0
 10
254.1370382431021
 20
166.872641185744
 30
0.0
 10
254.3573942417197
 20
167.019829218353
 30
0.0
 10
254.842667439857
 20
167.2208359584503
 30
0.0
 10
255.1025603167269
 20
167.2725735233556
 30
0.0
 10
255.3653977055329
 20
167.2725735233412
 30
0.0
  0
LINE
  5
1281
330
1F
100
AcDbEntity
  8
0
100
AcDbLine
 10
255.3653977055329
 20
167.2725735233412
 30
0.0
 11
261.0984438375119
 21
167.2725735230422
 31
0.0
  0
SPLINE
  5
1282
330
1F
100
AcDbEntity
  8
0
100
AcDbSpline
210
0.0
220
0.0
230
1.0
 70
     8
 71
     3
 72
    10
 73
     6
 74
     0
 42
0.000000001
 43
0.0000000001
 40
0.0
 40
0.0
 40
0.0
 40
0.0
 40
0.0788512166403421
 40
0.0788512166403421
 40
0.1577024332807369
 40
0.1577024332807369
 40
0.1577024332807369
 40
0.1577024332807369
 10
261.0984438375119
 20
167.2725735230422
 30
0.0
 10
261.361281226313
 20
167.2725735230308
 30
0.0
 10
261.6211741031732
 20
167.2208359581024
 30
0.0
 10
262.106447301284
 20
167.0198292179659
 30
0.0
 10
262.326803299885
 20
166.8726411853409
 30
0.0
 10
262.5126573998489
 20
166.6867870853632
 30
0.0
  0
LINE
  5
1283
330
1F
100
AcDbEntity
  8
0
100
AcDbLine
 10
262.5126573998489
 20
166.6867870853632
 30
0.0
 11
266.6461238524364
 21
162.5533206324032
 31
0.0
  0
ARC
  5
1284
330
1F
100
AcDbEntity
  8
0
100
AcDbCircle
 10
268.0603585286516
 20
163.9675553084912
 30
0.0
 40
2.000029859391715
100
AcDbArc
 50
224.9999999974253
 51
269.9999999972903
  0
LINE
  5
1285
330
1F
100
AcDbEntity
  8
0
100
AcDbLine
 10
268.0603585285569
 20
161.9675254490994
 30
0.0
 11
345.8373361435342
 21
161.9675254102994
 31
0.0
  0
LINE
  5
1286
330
1F
100
AcDbEntity
  8
0
100
AcDbLine
 10
345.8373361435342
 20
161.9675254102994
 30
0.0
 11
350.1789142281133
 21
161.9675254451592
 31
0.0
  0
SPLINE
  5
1287
330
1F
100
AcDbEntity
  8
0
100
AcDbSpline
210
0.0
220
0.0
230
1.0
 70
     8
 71
     3
 72
    10
 73
     6
 74
     0
 42
0.000000001
 43
0.0000000001
 40
0.0
 40
0.0
 40
0.0
 40
0.0
 40
0.0788512166416539
 40
0.0788512166416539
 40
0.1577024332832443
 40
0.1577024332832443
 40
0.1577024332832443
 40
0.1577024332832443
 10
350.1789142281133
 20
161.9675254451592
 30
0.0
 10
350.4417516169187
 20
161.9675254451468
 30
0.0
 10
350.7016444937879
 20
162.0192630100536
 30
0.0
 10
351.1869176919237
 20
162.2202697501523
 30
0.0
 10
351.4072736905408
 20
162.3674577827612
 30
0.0
 10
351.5931277905232
 20
162.5533118827262
 30
0.0
  0
LINE
  5
1288
330
1F
100
AcDbEntity
  8
0
100
AcDbLine
 10
351.5931277905232
 20
162.5533118827262
 30
0.0
 11
355.7266029884553
 21
166.6867870803102
 31
0.0
  0
SPLINE
  5
1289
330
1F
100
AcDbEntity
  8
0
100
AcDbSpline
210
0.0
220
0.0
230
1.0
 70
     8
 71
     3
 72
    10
 73
     6
 74
     0
 42
0.000000001
 43
0.0000000001
 40
0.0
 40
0.0
 40
0.0
 40
0.0
 40
0.0788512166421932
 40
0.0788512166421932
 40
0.1577024332844232
 40
0.1577024332844232
 40
0.1577024332844232
 40
0.1577024332844232
 10
355.7266029884553
 20
166.6867870803102
 30
0.0
 10
355.9124570884379
 20
166.8726411802776
 30
0.0
 10
356.132813087056
 20
167.0198292128875
 30
0.0
 10
356.6180862851952
 20
167.2208359529864
 30
0.0
 10
356.877979162066
 20
167.2725735178921
 30
0.0
 10
357.1408165508733
 20
167.2725735178782
 30
0.0
  0
LINE
  5
1290
330
1F
100
AcDbEntity
  8
0
100
AcDbLine
 10
357.1408165508733
 20
167.2725735178782
 30
0.0
 11
362.8738626843373
 21
167.2725735175792
 31
0.0
  0
SPLINE
  5
1291
330
1F
100
AcDbEntity
  8
0
100
AcDbSpline
210
0.0
220
0.0
230
1.0
 70
     8
 71
     3
 72
    10
 73
     6
 74
     0
 42
0.000000001
 43
0.0000000001
 40
0.0
 40
0.0
 40
0.0
 40
0.0
 40
0.0788512166400482
 40
0.0788512166400482
 40
0.1577024332800777
 40
0.1577024332800777
 40
0.1577024332800777
 40
0.1577024332800777
 10
362.8738626843373
 20
167.2725735175792
 30
0.0
 10
363.1367000731374
 20
167.2725735175668
 30
0.0
 10
363.3965929499967
 20
167.2208359526379
 30
0.0
 10
363.8818661481054
 20
167.0198292125018
 30
0.0
 10
364.1022221467057
 20
166.8726411798776
 30
0.0
 10
364.2880762466693
 20
166.6867870799012
 30
0.0
  0
LINE
  5
1292
330
1F
100
AcDbEntity
  8
0
100
AcDbLine
 10
364.2880762466693
 20
166.6867870799012
 30
0.0
 11
368.4215514442193
 21
162.5533118819792
 31
0.0
  0
SPLINE
  5
1293
330
1F
100
AcDbEntity
  8
0
100
AcDbSpline
210
0.0
220
0.0
230
1.0
 70
     8
 71
     3
 72
    10
 73
     6
 74
     0
 42
0.000000001
 43
0.0000000001
 40
0.0
 40
0.0
 40
0.0
 40
0.0
 40
0.0788512166410447
 40
0.0788512166410447
 40
0.157702433282068
 40
0.157702433282068
 40
0.157702433282068
 40
0.157702433282068
 10
368.4215514442193
 20
162.5533118819792
 30
0.0
 10
368.6074055441832
 20
162.3674577819985
 30
0.0
 10
368.8277615427852
 20
162.220269749371
 30
0.0
 10
369.3130347408993
 20
162.0192630092307
 30
0.0
 10
369.5729276177617
 20
161.967525444301
 30
0.0
 10
369.8357650065653
 20
161.9675254442892
 30
0.0
  0
LINE
  5
1294
330
1F
100
AcDbEntity
  8
0
100
AcDbLine
 10
369.8357650065653
 20
161.9675254442892
 30
0.0
 11
378.7812647439173
 21
161.9675254438662
 31
0.0
  0
ARC
  5
1295
330
1F
100
AcDbEntity
  8
0
100
AcDbCircle
 10
378.7812647437752
 20
158.9666590400363
 30
0.0
 40
3.000866403829983
100
AcDbArc
 50
0.0
 51
89.99999999728863
  0
LINE
  5
1296
330
1F
100
AcDbEntity
  8
0
100
AcDbLine
 10
381.7821311476054
 20
158.9666590399012
 30
0.0
 11
381.7821311425262
 21
45.95675495637823
 31
0.0
  0
ARC
  5
1297
330
1F
100
AcDbEntity
  8
0
100
AcDbCircle
 10
378.7803980846482
 20
45.95675495651306
 30
0.0
 40
3.001733057877976
100
AcDbArc
 50
269.9999999974238
 51
0.0
  0
LINE
  5
1298
330
1F
100
AcDbEntity
  8
0
100
AcDbLine
 10
378.7803980845133
 20
42.95502189863447
 30
0.0
 11
353.7857368502053
 21
42.9550218997569
 31
0.0
  0
SPLINE
  5
1299
330
1F
100
AcDbEntity
  8
0
100
AcDbSpline
210
0.0
220
0.0
230
1.0
 70
     8
 71
     3
 72
    10
 73
     6
 74
     0
 42
0.000000001
 43
0.0000000001
 40
-0.1577024332820796
 40
-0.1577024332820796
 40
-0.1577024332820796
 40
-0.1577024332820796
 40
-0.0788512166410366
 40
-0.0788512166410366
 40
0.0
 40
0.0
 40
0.0
 40
0.0
 10
352.3715232878072
 20
42.3692390075912
 30
0.0
 10
352.5573773877878
 20
42.55509310755508
 30
0.0
 10
352.7777333864031
 20
42.70228114016259
 30
0.0
 10
353.2630065845349
 20
42.90328788025925
 30
0.0
 10
353.5228994614017
 20
42.95502544516557
 30
0.0
 10
353.7857368502053
 20
42.95502544515421
 30
0.0
  0
LINE
  5
1300
330
1F
100
AcDbEntity
  8
0
100
AcDbLine
 10
352.3715232878072
 20
42.3692390075912
 30
0.0
 11
348.2380671522186
 21
38.23578287237211
 31
0.0
  0
LWPOLYLINE
  5
1301
330
1F
100
AcDbEntity
  8
0
100
AcDbPolyline
 90
       14
 70
     1
 43
0.0
 10
295.1411281476059
 20
50.0050205931762
 42
-1.0
 10
295.1411281476059
 20
54.90502059317617
 10
296.3911281476602
 20
54.90502059317617
 42
0.4142135623599735
 10
297.3911281476602
 20
55.90502059313141
 10
297.3911281478063
 20
59.15502544766496
 42
0.4142135623733162
 10
296.8911281478283
 20
59.65502544768736
 10
291.0100826336089
 20
59.65502544795109
 42
0.4142135623730925
 10
290.5100826335864
 20
59.15502544797348
 10
290.5100826329857
 20
45.75502544797046
 42
0.4142135623730951
 10
291.0100826329633
 20
45.25502544794806
 10
296.8911281471823
 20
45.25502544768437
 42
0.4142135623734592
 10
297.3911281472053
 20
45.75502544766197
 10
297.3911281473509
 20
49.0050205931314
 42
0.4142135623862166
 10
296.3911281473508
 20
50.0050205931762
  0
CIRCLE
  5
1302
330
1F
100
AcDbEntity
  8
0
100
AcDbCircle
 10
258.2318937430208
 20
164.8283693674932
 30
0.0
 40
1.40000000000006
  0
CIRCLE
  5
1303
330
1F
100
AcDbEntity
  8
0
100
AcDbCircle
 10
55.82454810272125
 20
164.8283693765812
 30
0.0
 40
1.399999999999918
  0
CIRCLE
  5
1304
330
1F
100
AcDbEntity
  8
0
100
AcDbCircle
 10
363.0067531476063
 20
141.4675205931762
 30
0.0
 40
1.14999999999987
  0
CIRCLE
  5
1305
330
1F
100
AcDbEntity
  8
0
100
AcDbCircle
 10
368.5318751476053
 20
68.45501059317618
 30
0.0
 40
1.14999999999987
  0
CIRCLE
  5
1306
330
1F
100
AcDbEntity
  8
0
100
AcDbCircle
 10
295.1411281476059
 20
52.45502059317619
 30
0.0
 40
1.14999999999987
  0
CIRCLE
  5
1307
330
1F
100
AcDbEntity
  8
0
100
AcDbCircle
 10
322.5318751476063
 20
100.0800105931765
 30
0.0
 40
1.150000000000259
  0
CIRCLE
  5
1308
330
1F
100
AcDbEntity
  8
0
100
AcDbCircle
 10
304.5318751476053
 20
141.4675205931762
 30
0.0
 40
1.14999999999987
  0
CIRCLE
  5
1309
330
1F
100
AcDbEntity
  8
0
100
AcDbCircle
 10
255.8506251476059
 20
100.0800105931765
 30
0.0
 40
1.15000000000013
  0
CIRCLE
  5
1310
330
1F
100
AcDbEntity
  8
0
100
AcDbCircle
 10
160.6006251476056
 20
100.0800105931765
 30
0.0
 40
1.15000000000036
  0
CIRCLE
  5
1311
330
1F
100
AcDbEntity
  8
0
100
AcDbCircle
 10
59.39737814760724
 20
52.45502059317619
 30
0.0
 40
1.14999999999987
  0
CIRCLE
  5
1312
330
1F
100
AcDbEntity
  8
0
100
AcDbCircle
 10
38.68175314760725
 20
101.0800205931763
 30
0.0
 40
1.15000000000032
  0
CIRCLE
  5
1313
330
1F
100
AcDbEntity
  8
0
100
AcDbCircle
 10
217.5318751476054
 20
141.4675205931762
 30
0.0
 40
1.14999999999988
  0
SPLINE
  5
1314
330
1F
100
AcDbEntity
  8
0
100
AcDbSpline
210
0.0
220
0.0
230
1.0
 70
     8
 71
     3
 72
     8
 73
     4
 74
     0
 42
0.000000001
 43
0.0000000001
 40
-8.0
 40
-8.0
 40
-8.0
 40
-8.0
 40
-7.0
 40
-7.0
 40
-7.0
 40
-7.0
 10
291.6381731413529
 20
116.6050254527195
 30
0.0
 10
291.1963453421819
 20
116.6050254527837
 30
0.0
 10
290.8381731423239
 20
116.2468532536989
 30
0.0
 10
290.8381731414369
 20
115.8050254545271
 30
0.0
  0
LINE
  5
1315
330
1F
100
AcDbEntity
  8
0
100
AcDbLine
 10
290.8381731414369
 20
115.8050254545271
 30
0.0
 11
290.8381731165168
 21
103.4050254576787
 31
0.0
  0
SPLINE
  5
1316
330
1F
100
AcDbEntity
  8
0
100
AcDbSpline
210
0.0
220
0.0
230
1.0
 70
     8
 71
     3
 72
     8
 73
     4
 74
     0
 42
0.000000001
 43
0.0000000001
 40
-6.0
 40
-6.0
 40
-6.0
 40
-6.0
 40
-5.0
 40
-5.0
 40
-5.0
 40
-5.0
 10
290.8381731165168
 20
103.4050254576787
 30
0.0
 10
290.8381731156298
 20
102.9631976576239
 30
0.0
 10
291.1963453154248
 20
102.6050254567334
 30
0.0
 10
291.6381731154798
 20
102.6050254562714
 30
0.0
  0
LINE
  5
1317
330
1F
100
AcDbEntity
  8
0
100
AcDbLine
 10
291.6381731154798
 20
102.6050254562714
 30
0.0
 11
296.2629269409198
 21
102.6050254514323
 31
0.0
  0
SPLINE
  5
1318
330
1F
100
AcDbEntity
  8
0
100
AcDbSpline
210
0.0
220
0.0
230
1.0
 70
     8
 71
     3
 72
     8
 73
     4
 74
     0
 42
0.000000001
 43
0.0000000001
 40
-4.0
 40
-4.0
 40
-4.0
 40
-4.0
 40
-3.0
 40
-3.0
 40
-3.0
 40
-3.0
 10
296.2629269409198
 20
102.6050254514323
 30
0.0
 10
296.7047547416303
 20
102.6050254509703
 30
0.0
 10
297.0629269424463
 20
102.9631976521329
 30
0.0
 10
297.0629269415573
 20
103.4050254528434
 30
0.0
  0
LINE
  5
1319
330
1F
100
AcDbEntity
  8
0
100
AcDbLine
 10
297.0629269415573
 20
103.4050254528434
 30
0.0
 11
297.0629269165903
 21
115.8050254538546
 31
0.0
  0
SPLINE
  5
1320
330
1F
100
AcDbEntity
  8
0
100
AcDbSpline
210
0.0
220
0.0
230
1.0
 70
     8
 71
     3
 72
     8
 73
     4
 74
     0
 42
0.000000001
 43
0.0000000001
 40
-2.0
 40
-2.0
 40
-2.0
 40
-2.0
 40
-1.0
 40
-1.0
 40
-1.0
 40
-1.0
 10
297.0629269165903
 20
115.8050254538546
 30
0.0
 10
297.0629269157013
 20
116.2468532529338
 30
0.0
 10
296.7047547159863
 20
116.6050254519795
 30
0.0
 10
296.2629269169068
 20
116.6050254520438
 30
0.0
  0
LINE
  5
1321
330
1F
100
AcDbEntity
  8
0
100
AcDbLine
 10
296.2629269169068
 20
116.6050254520438
 30
0.0
 11
291.6381731413529
 21
116.6050254527195
 31
0.0
  0
SPLINE
  5
1322
330
1F
100
AcDbEntity
  8
0
100
AcDbSpline
210
0.0
220
0.0
230
1.0
 70
     8
 71
     3
 72
     8
 73
     4
 74
     0
 42
0.000000001
 43
0.0000000001
 40
-8.0
 40
-8.0
 40
-8.0
 40
-8.0
 40
-7.0
 40
-7.0
 40
-7.0
 40
-7.0
 10
230.9190375288234
 20
61.45511545201919
 30
0.0
 10
230.3667527789925
 20
61.45511545201919
 30
0.0
 10
229.9190375288233
 20
61.00740020184921
 30
0.0
 10
229.9190375288233
 20
60.45511545201819
 30
0.0
  0
LINE
  5
1323
330
1F
100
AcDbEntity
  8
0
100
AcDbLine
 10
229.9190375288233
 20
60.45511545201819
 30
0.0
 11
229.9190375288233
 21
46.45511045201817
 31
0.0
  0
SPLINE
  5
1324
330
1F
100
AcDbEntity
  8
0
100
AcDbSpline
210
0.0
220
0.0
230
1.0
 70
     8
 71
     3
 72
     8
 73
     4
 74
     0
 42
0.000000001
 43
0.0000000001
 40
-6.0
 40
-6.0
 40
-6.0
 40
-6.0
 40
-5.0
 40
-5.0
 40
-5.0
 40
-5.0
 10
229.9190375288233
 20
46.45511045201817
 30
0.0
 10
229.9190375288233
 20
45.90282570218721
 30
0.0
 10
230.3667527789925
 20
45.45511045201817
 30
0.0
 10
230.9190375288234
 20
45.45511045201817
 30
0.0
  0
LINE
  5
1325
330
1F
100
AcDbEntity
  8
0
100
AcDbLine
 10
230.9190375288234
 20
45.45511045201817
 30
0.0
 11
237.9190375288229
 21
45.45511045201817
 31
0.0
  0
SPLINE
  5
1326
330
1F
100
AcDbEntity
  8
0
100
AcDbSpline
210
0.0
220
0.0
230
1.0
 70
     8
 71
     3
 72
     8
 73
     4
 74
     0
 42
0.000000001
 43
0.0000000001
 40
-4.0
 40
-4.0
 40
-4.0
 40
-4.0
 40
-3.0
 40
-3.0
 40
-3.0
 40
-3.0
 10
237.9190375288229
 20
45.45511045201817
 30
0.0
 10
238.4713222786539
 20
45.45511045201817
 30
0.0
 10
238.9190375288229
 20
45.90282570218721
 30
0.0
 10
238.9190375288229
 20
46.45511045201817
 30
0.0
  0
LINE
  5
1327
330
1F
100
AcDbEntity
  8
0
100
AcDbLine
 10
238.9190375288229
 20
46.45511045201817
 30
0.0
 11
238.9190375288229
 21
60.45511545201819
 31
0.0
  0
SPLINE
  5
1328
330
1F
100
AcDbEntity
  8
0
100
AcDbSpline
210
0.0
220
0.0
230
1.0
 70
     8
 71
     3
 72
     8
 73
     4
 74
     0
 42
0.000000001
 43
0.0000000001
 40
-2.0
 40
-2.0
 40
-2.0
 40
-2.0
 40
-1.0
 40
-1.0
 40
-1.0
 40
-1.0
 10
238.9190375288229
 20
60.45511545201819
 30
0.0
 10
238.9190375288229
 20
61.00740020184921
 30
0.0
 10
238.4713222786539
 20
61.45511545201919
 30
0.0
 10
237.9190375288229
 20
61.45511545201919
 30
0.0
  0
LINE
  5
1329
330
1F
100
AcDbEntity
  8
0
100
AcDbLine
 10
237.9190375288229
 20
61.45511545201919
 30
0.0
 11
230.9190375288234
 21
61.45511545201919
 31
0.0
  0
SPLINE
  5
1330
330
1F
100
AcDbEntity
  8
0
100
AcDbSpline
210
0.0
220
0.0
230
1.0
 70
     8
 71
     3
 72
     8
 73
     4
 74
     0
 42
0.000000001
 43
0.0000000001
 40
-10.0
 40
-10.0
 40
-10.0
 40
-10.0
 40
-9.0
 40
-9.0
 40
-9.0
 40
-9.0
 10
116.6190375288231
 20
61.45511545201919
 30
0.0
 10
116.0667527789925
 20
61.45511545201919
 30
0.0
 10
115.6190375288231
 20
61.00740020184921
 30
0.0
 10
115.6190375288231
 20
60.45511545201819
 30
0.0
  0
LINE
  5
1331
330
1F
100
AcDbEntity
  8
0
100
AcDbLine
 10
115.6190375288231
 20
60.45511545201819
 30
0.0
 11
115.6190375288231
 21
46.45511545201919
 31
0.0
  0
SPLINE
  5
1332
330
1F
100
AcDbEntity
  8
0
100
AcDbSpline
210
0.0
220
0.0
230
1.0
 70
     8
 71
     3
 72
     8
 73
     4
 74
     0
 42
0.000000001
 43
0.0000000001
 40
-8.0
 40
-8.0
 40
-8.0
 40
-8.0
 40
-7.0
 40
-7.0
 40
-7.0
 40
-7.0
 10
115.6190375288231
 20
46.45511545201919
 30
0.0
 10
115.6190375288231
 20
45.90283070218816
 30
0.0
 10
116.0667527789925
 20
45.45511545201918
 30
0.0
 10
116.6190375288231
 20
45.45511545201918
 30
0.0
  0
LINE
  5
1333
330
1F
100
AcDbEntity
  8
0
100
AcDbLine
 10
116.6190375288231
 20
45.45511545201918
 30
0.0
 11
123.6190375288231
 21
45.45511545201918
 31
0.0
  0
SPLINE
  5
1334
330
1F
100
AcDbEntity
  8
0
100
AcDbSpline
210
0.0
220
0.0
230
1.0
 70
     8
 71
     3
 72
     8
 73
     4
 74
     0
 42
0.000000001
 43
0.0000000001
 40
-6.0
 40
-6.0
 40
-6.0
 40
-6.0
 40
-5.0
 40
-5.0
 40
-5.0
 40
-5.0
 10
123.6190375288231
 20
45.45511545201918
 30
0.0
 10
124.171322278654
 20
45.45511545201918
 30
0.0
 10
124.6190375288231
 20
45.90283070218816
 30
0.0
 10
124.6190375288231
 20
46.45511545201919
 30
0.0
  0
LINE
  5
1335
330
1F
100
AcDbEntity
  8
0
100
AcDbLine
 10
124.6190375288231
 20
46.45511545201919
 30
0.0
 11
124.6190375288231
 21
60.45511512040619
 31
0.0
  0
SPLINE
  5
1336
330
1F
100
AcDbEntity
  8
0
100
AcDbSpline
210
0.0
220
0.0
230
1.0
 70
     8
 71
     3
 72
     8
 73
     4
 74
     0
 42
0.000000001
 43
0.0000000001
 40
-3.0
 40
-3.0
 40
-3.0
 40
-3.0
 40
-2.0
 40
-2.0
 40
-2.0
 40
-2.0
 10
124.6190375288231
 20
60.45511512040619
 30
0.0
 10
124.6190377119676
 20
61.00739987023721
 30
0.0
 10
124.1713226102664
 20
61.4551153604462
 30
0.0
 10
123.6190378604358
 20
61.45511545201919
 30
0.0
  0
LINE
  5
1337
330
1F
100
AcDbEntity
  8
0
100
AcDbLine
 10
123.6190378604358
 20
61.45511545201919
 30
0.0
 11
116.6190375288231
 21
61.45511545201919
 31
0.0
  0
LINE
  5
1338
330
1F
100
AcDbEntity
  8
0
100
AcDbLine
 10
312.4565847777083
 20
59.45502544698823
 30
0.0
 11
299.2569421901162
 21
59.45502544758122
 31
0.0
  0
SPLINE
  5
1339
330
1F
100
AcDbEntity
  8
0
100
AcDbSpline
210
0.0
220
0.0
230
1.0
 70
     8
 71
     3
 72
     8
 73
     4
 74
     0
 42
0.000000001
 43
0.0000000001
 40
-8.0
 40
-8.0
 40
-8.0
 40
-8.0
 40
-7.0
 40
-7.0
 40
-7.0
 40
-7.0
 10
299.2569421901162
 20
59.45502544758122
 30
0.0
 10
299.0360282901832
 20
59.45502544759219
 30
0.0
 10
298.8569421901093
 20
59.27593934753218
 30
0.0
 10
298.8569421900983
 20
59.0550254475992
 30
0.0
  0
LINE
  5
1340
330
1F
100
AcDbEntity
  8
0
100
AcDbLine
 10
298.8569421900983
 20
59.0550254475992
 30
0.0
 11
298.8569421895053
 21
45.85502544759617
 31
0.0
  0
SPLINE
  5
1341
330
1F
100
AcDbEntity
  8
0
100
AcDbSpline
210
0.0
220
0.0
230
1.0
 70
     8
 71
     3
 72
     8
 73
     4
 74
     0
 42
0.000000001
 43
0.0000000001
 40
-14.0
 40
-14.0
 40
-14.0
 40
-14.0
 40
-13.0
 40
-13.0
 40
-13.0
 40
-13.0
 10
298.8569421895053
 20
45.85502544759617
 30
0.0
 10
298.8569421894953
 20
45.63411154766424
 30
0.0
 10
299.0360282895533
 20
45.4550254475892
 30
0.0
 10
299.2569421894873
 20
45.45502544757818
 30
0.0
  0
LINE
  5
1342
330
1F
100
AcDbEntity
  8
0
100
AcDbLine
 10
299.2569421894873
 20
45.45502544757818
 30
0.0
 11
312.4565847770773
 21
45.45502544698422
 31
0.0
  0
SPLINE
  5
1343
330
1F
100
AcDbEntity
  8
0
100
AcDbSpline
210
0.0
220
0.0
230
1.0
 70
     8
 71
     3
 72
     8
 73
     4
 74
     0
 42
0.000000001
 43
0.0000000001
 40
-12.0
 40
-12.0
 40
-12.0
 40
-12.0
 40
-11.0
 40
-11.0
 40
-11.0
 40
-11.0
 10
312.4565847770773
 20
45.45502544698422
 30
0.0
 10
312.6774986770103
 20
45.45502544697422
 30
0.0
 10
312.8565847770862
 20
45.63411154703419
 30
0.0
 10
312.8565847770953
 20
45.85502544696618
 30
0.0
  0
LINE
  5
1344
330
1F
100
AcDbEntity
  8
0
100
AcDbLine
 10
312.8565847770953
 20
45.85502544696618
 30
0.0
 11
312.8565847776903
 21
59.05502544697021
 31
0.0
  0
SPLINE
  5
1345
330
1F
100
AcDbEntity
  8
0
100
AcDbSpline
210
0.0
220
0.0
230
1.0
 70
     8
 71
     3
 72
     8
 73
     4
 74
     0
 42
0.000000001
 43
0.0000000001
 40
-10.0
 40
-10.0
 40
-10.0
 40
-10.0
 40
-9.0
 40
-9.0
 40
-9.0
 40
-9.0
 10
312.8565847776903
 20
59.05502544697021
 30
0.0
 10
312.8565847777003
 20
59.27593934690318
 30
0.0
 10
312.6774986776393
 20
59.4550254469782
 30
0.0
 10
312.4565847777083
 20
59.45502544698823
 30
0.0
  0
LINE
  5
1346
330
1F
100
AcDbEntity
  8
0
100
AcDbLine
 10
251.6317585025269
 20
45.45502544971919
 30
0.0
 11
264.8315847889849
 21
45.45502544912619
 31
0.0
  0
SPLINE
  5
1347
330
1F
100
AcDbEntity
  8
0
100
AcDbSpline
210
0.0
220
0.0
230
1.0
 70
     8
 71
     3
 72
     8
 73
     4
 74
     0
 42
0.000000001
 43
0.0000000001
 40
-8.0
 40
-8.0
 40
-8.0
 40
-8.0
 40
-7.0
 40
-7.0
 40
-7.0
 40
-7.0
 10
264.8315847889849
 20
45.45502544912619
 30
0.0
 10
265.0524986889169
 20
45.45502544911619
 30
0.0
 10
265.2315847889929
 20
45.63411154917623
 30
0.0
 10
265.2315847890029
 20
45.85502544910821
 30
0.0
  0
LINE
  5
1348
330
1F
100
AcDbEntity
  8
0
100
AcDbLine
 10
265.2315847890029
 20
45.85502544910821
 30
0.0
 11
265.2315847895959
 21
59.05502544911022
 31
0.0
  0
SPLINE
  5
1349
330
1F
100
AcDbEntity
  8
0
100
AcDbSpline
210
0.0
220
0.0
230
1.0
 70
     8
 71
     3
 72
     8
 73
     4
 74
     0
 42
0.000000001
 43
0.0000000001
 40
-14.0
 40
-14.0
 40
-14.0
 40
-14.0
 40
-13.0
 40
-13.0
 40
-13.0
 40
-13.0
 10
265.2315847895959
 20
59.05502544911022
 30
0.0
 10
265.2315847896058
 20
59.2759393490432
 30
0.0
 10
265.0524986895459
 20
59.45502544911718
 30
0.0
 10
264.8315847896129
 20
59.45502544912819
 30
0.0
  0
LINE
  5
1350
330
1F
100
AcDbEntity
  8
0
100
AcDbLine
 10
264.8315847896129
 20
59.45502544912819
 30
0.0
 11
251.6317585031559
 21
59.4550254497222
 31
0.0
  0
SPLINE
  5
1351
330
1F
100
AcDbEntity
  8
0
100
AcDbSpline
210
0.0
220
0.0
230
1.0
 70
     8
 71
     3
 72
     8
 73
     4
 74
     0
 42
0.000000001
 43
0.0000000001
 40
-12.0
 40
-12.0
 40
-12.0
 40
-12.0
 40
-11.0
 40
-11.0
 40
-11.0
 40
-11.0
 10
251.6317585031559
 20
59.4550254497222
 30
0.0
 10
251.4108446032238
 20
59.4550254497322
 30
0.0
 10
251.2317585031479
 20
59.27593934967219
 30
0.0
 10
251.2317585031379
 20
59.05502544974021
 30
0.0
  0
LINE
  5
1352
330
1F
100
AcDbEntity
  8
0
100
AcDbLine
 10
251.2317585031379
 20
59.05502544974021
 30
0.0
 11
251.2317585025449
 21
45.85502544973718
 31
0.0
  0
SPLINE
  5
1353
330
1F
100
AcDbEntity
  8
0
100
AcDbSpline
210
0.0
220
0.0
230
1.0
 70
     8
 71
     3
 72
     8
 73
     4
 74
     0
 42
0.000000001
 43
0.0000000001
 40
-10.0
 40
-10.0
 40
-10.0
 40
-10.0
 40
-9.0
 40
-9.0
 40
-9.0
 40
-9.0
 10
251.2317585025449
 20
45.85502544973718
 30
0.0
 10
251.2317585025348
 20
45.63411154980417
 30
0.0
 10
251.4108446025959
 20
45.45502544972919
 30
0.0
 10
251.6317585025269
 20
45.45502544971919
 30
0.0
  0
LINE
  5
1354
330
1F
100
AcDbEntity
  8
0
100
AcDbLine
 10
275.4444347214768
 20
45.45502544864922
 30
0.0
 11
288.6440826329718
 21
45.45502544805623
 31
0.0
  0
SPLINE
  5
1355
330
1F
100
AcDbEntity
  8
0
100
AcDbSpline
210
0.0
220
0.0
230
1.0
 70
     8
 71
     3
 72
     8
 73
     4
 74
     0
 42
0.000000001
 43
0.0000000001
 40
-8.0
 40
-8.0
 40
-8.0
 40
-8.0
 40
-7.0
 40
-7.0
 40
-7.0
 40
-7.0
 10
288.6440826329718
 20
45.45502544805623
 30
0.0
 10
288.8649965329039
 20
45.4550254480452
 30
0.0
 10
289.0440826329789
 20
45.63411154810421
 30
0.0
 10
289.0440826329898
 20
45.85502544803619
 30
0.0
  0
LINE
  5
1356
330
1F
100
AcDbEntity
  8
0
100
AcDbLine
 10
289.0440826329898
 20
45.85502544803619
 30
0.0
 11
289.0440826335828
 21
59.0550254480392
 31
0.0
  0
SPLINE
  5
1357
330
1F
100
AcDbEntity
  8
0
100
AcDbSpline
210
0.0
220
0.0
230
1.0
 70
     8
 71
     3
 72
     8
 73
     4
 74
     0
 42
0.000000001
 43
0.0000000001
 40
-14.0
 40
-14.0
 40
-14.0
 40
-14.0
 40
-13.0
 40
-13.0
 40
-13.0
 40
-13.0
 10
289.0440826335828
 20
59.0550254480392
 30
0.0
 10
289.0440826335929
 20
59.27593934797221
 30
0.0
 10
288.8649965335318
 20
59.45502544804722
 30
0.0
 10
288.6440826335999
 20
59.45502544805719
 30
0.0
  0
LINE
  5
1358
330
1F
100
AcDbEntity
  8
0
100
AcDbLine
 10
288.6440826335999
 20
59.45502544805719
 30
0.0
 11
275.4444347221058
 21
59.45502544865218
 31
0.0
  0
SPLINE
  5
1359
330
1F
100
AcDbEntity
  8
0
100
AcDbSpline
210
0.0
220
0.0
230
1.0
 70
     8
 71
     3
 72
     8
 73
     4
 74
     0
 42
0.000000001
 43
0.0000000001
 40
-12.0
 40
-12.0
 40
-12.0
 40
-12.0
 40
-11.0
 40
-11.0
 40
-11.0
 40
-11.0
 10
275.4444347221058
 20
59.45502544865218
 30
0.0
 10
275.2235208221739
 20
59.45502544866219
 30
0.0
 10
275.0444347220979
 20
59.27593934860221
 30
0.0
 10
275.0444347220879
 20
59.05502544867019
 30
0.0
  0
LINE
  5
1360
330
1F
100
AcDbEntity
  8
0
100
AcDbLine
 10
275.0444347220879
 20
59.05502544867019
 30
0.0
 11
275.0444347214949
 21
45.85502544866722
 31
0.0
  0
SPLINE
  5
1361
330
1F
100
AcDbEntity
  8
0
100
AcDbSpline
210
0.0
220
0.0
230
1.0
 70
     8
 71
     3
 72
     8
 73
     4
 74
     0
 42
0.000000001
 43
0.0000000001
 40
-10.0
 40
-10.0
 40
-10.0
 40
-10.0
 40
-9.0
 40
-9.0
 40
-9.0
 40
-9.0
 10
275.0444347214949
 20
45.85502544866722
 30
0.0
 10
275.0444347214838
 20
45.63411154873421
 30
0.0
 10
275.2235208215438
 20
45.45502544865922
 30
0.0
 10
275.4444347214768
 20
45.45502544864922
 30
0.0
  0
LINE
  5
1362
330
1F
100
AcDbEntity
  8
0
100
AcDbLine
 10
55.18158484200228
 20
59.45502545855219
 30
0.0
 11
42.18176252567426
 21
59.45502545913718
 31
0.0
  0
SPLINE
  5
1363
330
1F
100
AcDbEntity
  8
0
100
AcDbSpline
210
0.0
220
0.0
230
1.0
 70
     8
 71
     3
 72
     8
 73
     4
 74
     0
 42
0.000000001
 43
0.0000000001
 40
-8.0
 40
-8.0
 40
-8.0
 40
-8.0
 40
-7.0
 40
-7.0
 40
-7.0
 40
-7.0
 10
42.18176252567426
 20
59.45502545913718
 30
0.0
 10
41.90562015075826
 20
59.45502545914919
 30
0.0
 10
41.68176252566425
 20
59.23116783407519
 30
0.0
 10
41.68176252565126
 20
58.9550254591602
 30
0.0
  0
LINE
  5
1364
330
1F
100
AcDbEntity
  8
0
100
AcDbLine
 10
41.68176252565126
 20
58.9550254591602
 30
0.0
 11
41.68176252506825
 21
45.95502545916019
 31
0.0
  0
SPLINE
  5
1365
330
1F
100
AcDbEntity
  8
0
100
AcDbSpline
210
0.0
220
0.0
230
1.0
 70
     8
 71
     3
 72
     8
 73
     4
 74
     0
 42
0.000000001
 43
0.0000000001
 40
-14.0
 40
-14.0
 40
-14.0
 40
-14.0
 40
-13.0
 40
-13.0
 40
-13.0
 40
-13.0
 10
41.68176252506825
 20
45.95502545916019
 30
0.0
 10
41.68176252505526
 20
45.67888308424516
 30
0.0
 10
41.90562015013026
 20
45.45502545915121
 30
0.0
 10
42.18176252504625
 20
45.45502545913819
 30
0.0
  0
LINE
  5
1366
330
1F
100
AcDbEntity
  8
0
100
AcDbLine
 10
42.18176252504625
 20
45.45502545913819
 30
0.0
 11
55.18158484137328
 21
45.45502545855419
 31
0.0
  0
SPLINE
  5
1367
330
1F
100
AcDbEntity
  8
0
100
AcDbSpline
210
0.0
220
0.0
230
1.0
 70
     8
 71
     3
 72
     8
 73
     4
 74
     0
 42
0.000000001
 43
0.0000000001
 40
-12.0
 40
-12.0
 40
-12.0
 40
-12.0
 40
-11.0
 40
-11.0
 40
-11.0
 40
-11.0
 10
55.18158484137328
 20
45.45502545855419
 30
0.0
 10
55.45772721628927
 20
45.45502545854122
 30
0.0
 10
55.68158484138326
 20
45.67888308361517
 30
0.0
 10
55.68158484139525
 20
45.9550254585302
 30
0.0
  0
LINE
  5
1368
330
1F
100
AcDbEntity
  8
0
100
AcDbLine
 10
55.68158484139525
 20
45.9550254585302
 30
0.0
 11
55.68158484198026
 21
58.9550254585302
 31
0.0
  0
SPLINE
  5
1369
330
1F
100
AcDbEntity
  8
0
100
AcDbSpline
210
0.0
220
0.0
230
1.0
 70
     8
 71
     3
 72
     8
 73
     4
 74
     0
 42
0.000000001
 43
0.0000000001
 40
-10.0
 40
-10.0
 40
-10.0
 40
-10.0
 40
-9.0
 40
-9.0
 40
-9.0
 40
-9.0
 10
55.68158484198026
 20
58.9550254585302
 30
0.0
 10
55.68158484199225
 20
59.2311678334452
 30
0.0
 10
55.45772721691725
 20
59.45502545853918
 30
0.0
 10
55.18158484200228
 20
59.45502545855219
 30
0.0
  0
LINE
  5
1370
330
1F
100
AcDbEntity
  8
0
100
AcDbLine
 10
78.99408925825527
 20
59.45502545748118
 30
0.0
 11
65.99426251972125
 21
59.45502545806721
 31
0.0
  0
SPLINE
  5
1371
330
1F
100
AcDbEntity
  8
0
100
AcDbSpline
210
0.0
220
0.0
230
1.0
 70
     8
 71
     3
 72
     8
 73
     4
 74
     0
 42
0.000000001
 43
0.0000000001
 40
-8.0
 40
-8.0
 40
-8.0
 40
-8.0
 40
-7.0
 40
-7.0
 40
-7.0
 40
-7.0
 10
65.99426251972125
 20
59.45502545806721
 30
0.0
 10
65.71812014480525
 20
59.45502545807818
 30
0.0
 10
65.49426251971127
 20
59.2311678330052
 30
0.0
 10
65.49426251969828
 20
58.95502545808921
 30
0.0
  0
LINE
  5
1372
330
1F
100
AcDbEntity
  8
0
100
AcDbLine
 10
65.49426251969828
 20
58.95502545808921
 30
0.0
 11
65.49426251911427
 21
45.95502545809023
 31
0.0
  0
SPLINE
  5
1373
330
1F
100
AcDbEntity
  8
0
100
AcDbSpline
210
0.0
220
0.0
230
1.0
 70
     8
 71
     3
 72
     8
 73
     4
 74
     0
 42
0.000000001
 43
0.0000000001
 40
-14.0
 40
-14.0
 40
-14.0
 40
-14.0
 40
-13.0
 40
-13.0
 40
-13.0
 40
-13.0
 10
65.49426251911427
 20
45.95502545809023
 30
0.0
 10
65.49426251910225
 20
45.67888308317418
 30
0.0
 10
65.71812014417727
 20
45.4550254580792
 30
0.0
 10
65.99426251909227
 20
45.45502545806818
 30
0.0
  0
LINE
  5
1374
330
1F
100
AcDbEntity
  8
0
100
AcDbLine
 10
65.99426251909227
 20
45.45502545806818
 30
0.0
 11
78.99408925762526
 21
45.4550254574832
 31
0.0
  0
SPLINE
  5
1375
330
1F
100
AcDbEntity
  8
0
100
AcDbSpline
210
0.0
220
0.0
230
1.0
 70
     8
 71
     3
 72
     8
 73
     4
 74
     0
 42
0.000000001
 43
0.0000000001
 40
-12.0
 40
-12.0
 40
-12.0
 40
-12.0
 40
-11.0
 40
-11.0
 40
-11.0
 40
-11.0
 10
78.99408925762526
 20
45.4550254574832
 30
0.0
 10
79.27023163254126
 20
45.45502545747121
 30
0.0
 10
79.49408925763626
 20
45.67888308254419
 30
0.0
 10
79.49408925764827
 20
45.95502545745921
 30
0.0
  0
LINE
  5
1376
330
1F
100
AcDbEntity
  8
0
100
AcDbLine
 10
79.49408925764827
 20
45.95502545745921
 30
0.0
 11
79.49408925823227
 21
58.95502545745921
 31
0.0
  0
SPLINE
  5
1377
330
1F
100
AcDbEntity
  8
0
100
AcDbSpline
210
0.0
220
0.0
230
1.0
 70
     8
 71
     3
 72
     8
 73
     4
 74
     0
 42
0.000000001
 43
0.0000000001
 40
-10.0
 40
-10.0
 40
-10.0
 40
-10.0
 40
-9.0
 40
-9.0
 40
-9.0
 40
-9.0
 10
79.49408925823227
 20
58.95502545745921
 30
0.0
 10
79.49408925824426
 20
59.23116783237418
 30
0.0
 10
79.27023163317025
 20
59.45502545746922
 30
0.0
 10
78.99408925825527
 20
59.45502545748118
 30
0.0
  0
LINE
  5
1378
330
1F
100
AcDbEntity
  8
0
100
AcDbLine
 10
89.80676251313926
 20
45.45502545699616
 30
0.0
 11
102.8065663634877
 21
45.45502545641221
 31
0.0
  0
SPLINE
  5
1379
330
1F
100
AcDbEntity
  8
0
100
AcDbSpline
210
0.0
220
0.0
230
1.0
 70
     8
 71
     3
 72
     8
 73
     4
 74
     0
 42
0.000000001
 43
0.0000000001
 40
-8.0
 40
-8.0
 40
-8.0
 40
-8.0
 40
-7.0
 40
-7.0
 40
-7.0
 40
-7.0
 10
102.8065663634877
 20
45.45502545641221
 30
0.0
 10
103.0827087384042
 20
45.45502545639919
 30
0.0
 10
103.3065663634983
 20
45.67888308147416
 30
0.0
 10
103.3065663635106
 20
45.95502545638919
 30
0.0
  0
LINE
  5
1380
330
1F
100
AcDbEntity
  8
0
100
AcDbLine
 10
103.3065663635106
 20
45.95502545638919
 30
0.0
 11
103.3065663640946
 21
58.95502545638919
 31
0.0
  0
SPLINE
  5
1381
330
1F
100
AcDbEntity
  8
0
100
AcDbSpline
210
0.0
220
0.0
230
1.0
 70
     8
 71
     3
 72
     8
 73
     4
 74
     0
 42
0.000000001
 43
0.0000000001
 40
-14.0
 40
-14.0
 40
-14.0
 40
-14.0
 40
-13.0
 40
-13.0
 40
-13.0
 40
-13.0
 10
103.3065663640946
 20
58.95502545638919
 30
0.0
 10
103.3065663641073
 20
59.23116783130419
 30
0.0
 10
103.082708739033
 20
59.4550254563982
 30
0.0
 10
102.8065663641179
 20
59.45502545641119
 30
0.0
  0
LINE
  5
1382
330
1F
100
AcDbEntity
  8
0
100
AcDbLine
 10
102.8065663641179
 20
59.45502545641119
 30
0.0
 11
89.80676251376726
 21
59.4550254569952
 31
0.0
  0
SPLINE
  5
1383
330
1F
100
AcDbEntity
  8
0
100
AcDbSpline
210
0.0
220
0.0
230
1.0
 70
     8
 71
     3
 72
     8
 73
     4
 74
     0
 42
0.000000001
 43
0.0000000001
 40
-12.0
 40
-12.0
 40
-12.0
 40
-12.0
 40
-11.0
 40
-11.0
 40
-11.0
 40
-11.0
 10
89.80676251376726
 20
59.4550254569952
 30
0.0
 10
89.53062013885228
 20
59.45502545700822
 30
0.0
 10
89.30676251375727
 20
59.23116783193322
 30
0.0
 10
89.30676251374526
 20
58.9550254570182
 30
0.0
  0
LINE
  5
1384
330
1F
100
AcDbEntity
  8
0
100
AcDbLine
 10
89.30676251374526
 20
58.9550254570182
 30
0.0
 11
89.30676251316127
 21
45.95502545701822
 31
0.0
  0
SPLINE
  5
1385
330
1F
100
AcDbEntity
  8
0
100
AcDbSpline
210
0.0
220
0.0
230
1.0
 70
     8
 71
     3
 72
     8
 73
     4
 74
     0
 42
0.000000001
 43
0.0000000001
 40
-10.0
 40
-10.0
 40
-10.0
 40
-10.0
 40
-9.0
 40
-9.0
 40
-9.0
 40
-9.0
 10
89.30676251316127
 20
45.95502545701822
 30
0.0
 10
89.30676251314826
 20
45.6788830821032
 30
0.0
 10
89.53062013822227
 20
45.45502545700919
 30
0.0
 10
89.80676251313926
 20
45.45502545699616
 30
0.0
  0
SPLINE
  5
1386
330
1F
100
AcDbEntity
  8
0
100
AcDbSpline
210
0.0
220
0.0
230
1.0
 70
     8
 71
     3
 72
   146
 73
   142
 74
     0
 42
0.000000001
 43
0.0000000001
 40
-73.0
 40
-73.0
 40
-73.0
 40
-73.0
 40
-71.99810905054474
 40
-71.99810905054474
 40
-71.99810905054474
 40
-71.1541222953154
 40
-71.1541222953154
 40
-71.1541222953154
 40
-71.0123234086829
 40
-71.0123234086829
 40
-71.0123234086829
 40
-70.99903166155391
 40
-70.99903166155391
 40
-70.99903166155391
 40
-70.8836833166242
 40
-70.8836833166242
 40
-70.8836833166242
 40
-70.773642563352
 40
-70.773642563352
 40
-70.773642563352
 40
-70.1460152052404
 40
-70.1460152052404
 40
-70.1460152052404
 40
-70.1109836390407
 40
-70.1109836390407
 40
-70.1109836390407
 40
-70.0982539257606
 40
-70.0982539257606
 40
-70.0982539257606
 40
-70.07644301968531
 40
-70.07644301968531
 40
-70.07644301968531
 40
-69.75395487791478
 40
-69.75395487791478
 40
-69.75395487791478
 40
-69.00303727759321
 40
-69.00303727759321
 40
-69.00303727759321
 40
-68.9900313931153
 40
-68.9900313931153
 40
-68.9900313931153
 40
-68.90587200820011
 40
-68.90587200820011
 40
-68.90587200820011
 40
-68.8465736874077
 40
-68.8465736874077
 40
-68.8465736874077
 40
-68.80862449608949
 40
-68.80862449608949
 40
-68.80862449608949
 40
-68.79119799106875
 40
-68.79119799106875
 40
-68.79119799106875
 40
-68.7460747119605
 40
-68.7460747119605
 40
-68.7460747119605
 40
-68.68519879464439
 40
-68.68519879464439
 40
-68.68519879464439
 40
-68.5724752859711
 40
-68.5724752859711
 40
-68.5724752859711
 40
-68.55500833151601
 40
-68.55500833151601
 40
-68.55500833151601
 40
-68.31485882795759
 40
-68.31485882795759
 40
-68.31485882795759
 40
-68.04944365594362
 40
-68.04944365594362
 40
-68.04944365594362
 40
-68.0
 40
-68.0
 40
-68.0
 40
-67.6295764890921
 40
-67.6295764890921
 40
-67.6295764890921
 40
-66.99967085925813
 40
-66.99967085925813
 40
-66.99967085925813
 40
-66.90094358220971
 40
-66.90094358220971
 40
-66.90094358220971
 40
-66.88642925086225
 40
-66.88642925086225
 40
-66.88642925086225
 40
-66.7618891137737
 40
-66.7618891137737
 40
-66.7618891137737
 40
-66.6760242788923
 40
-66.6760242788923
 40
-66.6760242788923
 40
-66.66204911103889
 40
-66.66204911103889
 40
-66.66204911103889
 40
-66.43236860129539
 40
-66.43236860129539
 40
-66.43236860129539
 40
-66.0056821828305
 40
-66.0056821828305
 40
-66.0056821828305
 40
-65.00158344057408
 40
-65.00158344057408
 40
-65.00158344057408
 40
-64.9617429203094
 40
-64.9617429203094
 40
-64.9617429203094
 40
-64.8436575294872
 40
-64.8436575294872
 40
-64.8436575294872
 40
-63.99627704983454
 40
-63.99627704983454
 40
-63.99627704983454
 40
-63.78293639184589
 40
-63.78293639184589
 40
-63.78293639184589
 40
-63.6712352498336
 40
-63.6712352498336
 40
-63.6712352498336
 40
-63.5147707908952
 40
-63.5147707908952
 40
-63.5147707908952
 40
-62.99061468474741
 40
-62.99061468474741
 40
-62.99061468474741
 40
-62.6853146080516
 40
-62.6853146080516
 40
-62.6853146080516
 40
-62.1067631598816
 40
-62.1067631598816
 40
-62.1067631598816
 40
-62.03633252498421
 40
-62.03633252498421
 40
-62.03633252498421
 40
-61.96124299321779
 40
-61.96124299321779
 40
-61.96124299321779
 40
-61.6188635395879
 40
-61.6188635395879
 40
-61.6188635395879
 40
-61.0
 40
-61.0
 40
-61.0
 40
-61.0
 10
60.58225345013426
 20
106.7211295483353
 30
0.0
 10
60.60093937318234
 20
106.6885447561555
 30
0.0
 10
60.62298577129226
 20
106.6578831175412
 30
0.0
 10
60.64551150290225
 20
106.6322071154264
 30
0.0
 10
60.66430345795956
 20
106.6107870663
 30
0.0
 10
60.68633898506806
 20
106.589592755788
 30
0.0
 10
60.70870413075366
 20
106.5717289688427
 30
0.0
 10
60.71246171668474
 20
106.5687276597768
 30
0.0
 10
60.71628125681698
 20
106.5657714263518
 30
0.0
 10
60.72004982857944
 20
106.5629429528055
 30
0.0
 10
60.72040308172626
 20
106.5626778212799
 30
0.0
 10
60.72075479111126
 20
106.5624146207069
 30
0.0
 10
60.72110416313297
 20
106.5621539155944
 30
0.0
 10
60.72413608091517
 20
106.5598914663502
 30
0.0
 10
60.72688077629317
 20
106.557891416694
 30
0.0
 10
60.73003765156727
 20
106.5556487722065
 30
0.0
 10
60.73304926767116
 20
106.553509319847
 30
0.0
 10
60.73613114555417
 20
106.5513740711086
 30
0.0
 10
60.73921951635466
 20
106.5492889577132
 30
0.0
 10
60.75683431767817
 20
106.537396325458
 30
0.0
 10
60.77574352612518
 20
106.5262321290671
 30
0.0
 10
60.79827605749625
 20
106.5154594063002
 30
0.0
 10
60.79953373030827
 20
106.514858117421
 30
0.0
 10
60.80080224562428
 20
106.5142587218067
 30
0.0
 10
60.80208194938936
 20
106.5136613380845
 30
0.0
 10
60.80254696605234
 20
106.5134442617638
 30
0.0
 10
60.80301118175725
 20
106.5132285037812
 30
0.0
 10
60.80348264309026
 20
106.5130103598042
 30
0.0
 10
60.80429043809906
 20
106.5126365950784
 30
0.0
 10
60.80513200231826
 20
106.5122494456457
 30
0.0
 10
60.80622595202524
 20
106.5117520381929
 30
0.0
 10
60.83139409179276
 20
106.5003083491346
 30
0.0
 10
60.84349702989595
 20
106.4964650872317
 30
0.0
 10
60.85828378382004
 20
106.4918193312801
 30
0.0
 10
60.89271492200777
 20
106.4810016314672
 30
0.0
 10
60.91204666550396
 20
106.4777607968964
 30
0.0
 10
60.93704464170776
 20
106.4745041950647
 30
0.0
 10
60.93747760637725
 20
106.4744477907572
 30
0.0
 10
60.93791439096526
 20
106.4743914893544
 30
0.0
 10
60.93836381431074
 20
106.4743342236226
 30
0.0
 10
60.94127197425826
 20
106.4739636645281
 30
0.0
 10
60.94460458939426
 20
106.4735711293767
 30
0.0
 10
60.94764163593246
 20
106.4732445700042
 30
0.0
 10
60.94978152514454
 20
106.473014477752
 30
0.0
 10
60.95177409252468
 20
106.4728156954521
 30
0.0
 10
60.95336163951856
 20
106.4726642264481
 30
0.0
 10
60.95437762317186
 20
106.4725672907147
 30
0.0
 10
60.95568132050215
 20
106.4724480827655
 30
0.0
 10
60.95636183300754
 20
106.4723874482584
 30
0.0
 10
60.95667432858866
 20
106.4723596045151
 30
0.0
 10
60.95695450941267
 20
106.472334936572
 30
0.0
 10
60.95721636778325
 20
106.4723120738039
 30
0.0
 10
60.95739077999366
 20
106.4722968459312
 30
0.0
 10
60.95854375977427
 20
106.4721971589113
 30
0.0
 10
60.95945594059378
 20
106.4721218124028
 30
0.0
 10
60.96068656578856
 20
106.4720201622588
 30
0.0
 10
60.96202849414786
 20
106.4719147787194
 30
0.0
 10
60.96321976470335
 20
106.471825783774
 30
0.0
 10
60.96542563202698
 20
106.4716609924581
 30
0.0
 10
60.96778703278204
 20
106.471502277438
 30
0.0
 10
60.96977498213647
 20
106.4713809714829
 30
0.0
 10
60.97008302276825
 20
106.4713621746444
 30
0.0
 10
60.97038577041027
 20
106.471343990947
 30
0.0
 10
60.97069271400417
 20
106.4713258470168
 30
0.0
 10
60.97491281727926
 20
106.4710763899149
 30
0.0
 10
60.97939022827827
 20
106.4708704799132
 30
0.0
 10
60.98376544148234
 20
106.4707299445016
 30
0.0
 10
60.98860096247236
 20
106.4705746236292
 30
0.0
 10
60.99331199116827
 20
106.4704995529901
 30
0.0
 10
60.99738916556884
 20
106.4704814468594
 30
0.0
 10
60.99814869414728
 20
106.4704780739049
 30
0.0
 10
60.99888616128726
 20
106.4704765444094
 30
0.0
 10
60.99959819287346
 20
106.4704765444085
 30
0.0
 10
61.00493261313395
 20
106.4704765444031
 30
0.0
 10
61.03816038350348
 20
106.4715725868723
 30
0.0
 10
61.05643422422935
 20
106.4735803064114
 30
0.0
 10
61.08750891256036
 20
106.4769944359243
 30
0.0
 10
61.11567162988297
 20
106.4830847597903
 30
0.0
 10
61.13751883052856
 20
106.4890015508014
 30
0.0
 10
61.14094301746814
 20
106.489928909818
 30
0.0
 10
61.14456343357687
 20
106.4909515967427
 30
0.0
 10
61.14723987792524
 20
106.4917280895298
 30
0.0
 10
61.14763335378384
 20
106.4918422451507
 30
0.0
 10
61.14810573757904
 20
106.4919800296195
 30
0.0
 10
61.14818922386925
 20
106.4920044078125
 30
0.0
 10
61.14854929984677
 20
106.492109550845
 30
0.0
 10
61.15356499033385
 20
106.4935915844334
 30
0.0
 10
61.15700140501778
 20
106.4946574667123
 30
0.0
 10
61.15937065870827
 20
106.4953923447043
 30
0.0
 10
61.16184793080828
 20
106.4961797648478
 30
0.0
 10
61.16411836947796
 20
106.496917725578
 30
0.0
 10
61.16448790098127
 20
106.4970378344106
 30
0.0
 10
61.16485061796627
 20
106.4971561559879
 30
0.0
 10
61.16520947203935
 20
106.4972736170658
 30
0.0
 10
61.17110720345024
 20
106.4992040783343
 30
0.0
 10
61.17737775463925
 20
106.5013706683326
 30
0.0
 10
61.18365907407147
 20
106.5036741695456
 30
0.0
 10
61.19532812554968
 20
106.5079534733644
 30
0.0
 10
61.20697284978198
 20
106.5127139298608
 30
0.0
 10
61.21666662580128
 20
106.5169844466828
 30
0.0
 10
61.24019079251067
 20
106.5273478334034
 30
0.0
 10
61.26111965289976
 20
106.5383240081226
 30
0.0
 10
61.28236619485227
 20
106.5512289496952
 30
0.0
 10
61.28321498916116
 20
106.5517444990485
 30
0.0
 10
61.28404381828676
 20
106.5522508900306
 30
0.0
 10
61.28488202729696
 20
106.5527659685443
 30
0.0
 10
61.28736643859224
 20
106.5542926365497
 30
0.0
 10
61.28985276986725
 20
106.5558469177913
 30
0.0
 10
61.29232126298856
 20
106.5574167720999
 30
0.0
 10
61.31003516367195
 20
106.5686820428313
 30
0.0
 10
61.32778927113855
 20
106.5814887510408
 30
0.0
 10
61.34311002629525
 20
106.5938013318328
 30
0.0
 10
61.34689261157717
 20
106.5968412202991
 30
0.0
 10
61.35097506154696
 20
106.6002077659788
 30
0.0
 10
61.35497228746527
 20
106.6036042791423
 30
0.0
 10
61.35706515951395
 20
106.6053826293302
 30
0.0
 10
61.35912851183917
 20
106.607162165811
 30
0.0
 10
61.36118863610917
 20
106.6089654044225
 30
0.0
 10
61.36407433829126
 20
106.6114912761244
 30
0.0
 10
61.36693762873318
 20
106.614050265769
 30
0.0
 10
61.36975869823885
 20
106.6166242232122
 30
0.0
 10
61.37920928412424
 20
106.6252469834219
 30
0.0
 10
61.38907199524687
 20
106.6349525838545
 30
0.0
 10
61.39691543495627
 20
106.6431633305972
 30
0.0
 10
61.40125166992337
 20
106.6477026307568
 30
0.0
 10
61.40645490590618
 20
106.653336648803
 30
0.0
 10
61.41123336050483
 20
106.6587426273005
 30
0.0
 10
61.42028865409668
 20
106.6689870947189
 30
0.0
 10
61.42879582658034
 20
106.6794124143079
 30
0.0
 10
61.43644040706354
 20
106.6894661925784
 30
0.0
 10
61.43737102897927
 20
106.6906901009948
 30
0.0
 10
61.43828788679835
 20
106.6919068717692
 30
0.0
 10
61.43918960091918
 20
106.6931140323937
 30
0.0
 10
61.44015096228148
 20
106.6944010451572
 30
0.0
 10
61.44124121329347
 20
106.6958764716376
 30
0.0
 10
61.44201158120975
 20
106.6969271345328
 30
0.0
 10
61.44552416332434
 20
106.7017177542042
 30
0.0
 10
61.44929919165554
 20
106.7070385337627
 30
0.0
 10
61.45313600038955
 20
106.7126920849458
 30
0.0
 10
61.46007117424034
 20
106.7229110880409
 30
0.0
 10
61.46709104942698
 20
106.7341260708335
 30
0.0
 10
61.47301076008128
 20
106.7443540153523
 30
0.0
  0
ELLIPSE
  5
1387
330
1F
100
AcDbEntity
  8
0
100
AcDbEllipse
 10
60.79042779430526
 20
107.0212588893733
 30
0.0
 11
0.7423363188910958
 21
-0.1057758965648212
 31
0.0
210
0.0
220
0.0
230
-1.0
 40
0.7853245344689132
 41
5.733153052003657
 42
6.589993258289394
  0
ELLIPSE
  5
1388
330
1F
100
AcDbEntity
  8
0
100
AcDbEllipse
 10
56.64189959728426
 20
106.6257124084361
 30
0.0
 11
6.381008549299823
 21
-9.359920852140987
 31
0.0
210
0.0
220
0.0
230
-1.0
 40
0.3897674765824978
 41
4.684081533125741
 42
4.909068483969249
  0
SPLINE
  5
1389
330
1F
100
AcDbEntity
  8
0
100
AcDbSpline
210
0.0
220
0.0
230
1.0
 70
     8
 71
     3
 72
     8
 73
     4
 74
     0
 42
0.000000001
 43
0.0000000001
 40
-59.0
 40
-59.0
 40
-59.0
 40
-59.0
 40
-58.0
 40
-58.0
 40
-58.0
 40
-58.0
 10
60.10802481647226
 20
109.3767456824113
 30
0.0
 10
61.24489993770826
 20
108.7306345873173
 30
0.0
 10
62.44704704902727
 20
108.1819164185887
 30
0.0
 10
63.76875467998226
 20
107.5926357014015
 30
0.0
  0
SPLINE
  5
1390
330
1F
100
AcDbEntity
  8
0
100
AcDbSpline
210
0.0
220
0.0
230
1.0
 70
     8
 71
     3
 72
    11
 73
     7
 74
     0
 42
0.000000001
 43
0.0000000001
 40
-58.0
 40
-58.0
 40
-58.0
 40
-58.0
 40
-57.0
 40
-57.0
 40
-57.0
 40
-56.0
 40
-56.0
 40
-56.0
 40
-56.0
 10
63.76875467998226
 20
107.5926357014015
 30
0.0
 10
63.85286310416725
 20
107.5551768835643
 30
0.0
 10
63.93750665432225
 20
107.5362334242548
 30
0.0
 10
64.02037091063025
 20
107.536233424251
 30
0.0
 10
64.23969228905026
 20
107.5362334242419
 30
0.0
 10
64.42108661441827
 20
107.6699078913057
 30
0.0
 10
64.50546260201125
 20
107.8940186482644
 30
0.0
  0
SPLINE
  5
1391
330
1F
100
AcDbEntity
  8
0
100
AcDbSpline
210
0.0
220
0.0
230
1.0
 70
     8
 71
     3
 72
   398
 73
   394
 74
     0
 42
0.000000001
 43
0.0000000001
 40
-56.0
 40
-56.0
 40
-56.0
 40
-56.0
 40
-55.00454475702021
 40
-55.00454475702021
 40
-55.00454475702021
 40
-54.98093575378878
 40
-54.98093575378878
 40
-54.98093575378878
 40
-54.83103533659929
 40
-54.83103533659929
 40
-54.83103533659929
 40
-54.7874848796859
 40
-54.7874848796859
 40
-54.7874848796859
 40
-54.3855017149767
 40
-54.3855017149767
 40
-54.3855017149767
 40
-54.00259169570722
 40
-54.00259169570722
 40
-54.00259169570722
 40
-53.42662884011911
 40
-53.42662884011911
 40
-53.42662884011911
 40
-53.21424309026628
 40
-53.21424309026628
 40
-53.21424309026628
 40
-53.00634712941857
 40
-53.00634712941857
 40
-53.00634712941857
 40
-52.018966682309
 40
-52.018966682309
 40
-52.018966682309
 40
-51.9849869792536
 40
-51.9849869792536
 40
-51.9849869792536
 40
-51.9463215256447
 40
-51.9463215256447
 40
-51.9463215256447
 40
-51.83714711070972
 40
-51.83714711070972
 40
-51.83714711070972
 40
-51.7912573264099
 40
-51.7912573264099
 40
-51.7912573264099
 40
-51.7793476935158
 40
-51.7793476935158
 40
-51.7793476935158
 40
-51.76538113803061
 40
-51.76538113803061
 40
-51.76538113803061
 40
-51.67753009313851
 40
-51.67753009313851
 40
-51.67753009313851
 40
-51.6016212921146
 40
-51.6016212921146
 40
-51.6016212921146
 40
-51.18821362529679
 40
-51.18821362529679
 40
-51.18821362529679
 40
-50.99999547032422
 40
-50.99999547032422
 40
-50.99999547032422
 40
-50.48782096400181
 40
-50.48782096400181
 40
-50.48782096400181
 40
-50.15097651825326
 40
-50.15097651825326
 40
-50.15097651825326
 40
-49.9756464576794
 40
-49.9756464576794
 40
-49.9756464576794
 40
-49.8762121882887
 40
-49.8762121882887
 40
-49.8762121882887
 40
-49.8288751663456
 40
-49.8288751663456
 40
-49.8288751663456
 40
-49.6390040513727
 40
-49.6390040513727
 40
-49.6390040513727
 40
-49.08618325700729
 40
-49.08618325700729
 40
-49.08618325700729
 40
-48.98734386362693
 40
-48.98734386362693
 40
-48.98734386362693
 40
-47.91397659177788
 40
-47.91397659177788
 40
-47.91397659177788
 40
-47.89828299828314
 40
-47.89828299828314
 40
-47.89828299828314
 40
-47.0
 40
-47.0
 40
-47.0
 40
-46.3220409560507
 40
-46.3220409560507
 40
-46.3220409560507
 40
-45.94180419556798
 40
-45.94180419556798
 40
-45.94180419556798
 40
-45.21792884352264
 40
-45.21792884352264
 40
-45.21792884352264
 40
-45.10498858975272
 40
-45.10498858975272
 40
-45.10498858975272
 40
-45.091365702784
 40
-45.091365702784
 40
-45.091365702784
 40
-45.04068775441378
 40
-45.04068775441378
 40
-45.04068775441378
 40
-45.0246083231375
 40
-45.0246083231375
 40
-45.0246083231375
 40
-44.60400540395633
 40
-44.60400540395633
 40
-44.60400540395633
 40
-44.0116041527287
 40
-44.0116041527287
 40
-44.0116041527287
 40
-43.9851908890091
 40
-43.9851908890091
 40
-43.9851908890091
 40
-43.91976356637429
 40
-43.91976356637429
 40
-43.91976356637429
 40
-43.8543362437396
 40
-43.8543362437396
 40
-43.8543362437396
 40
-43.8436896499111
 40
-43.8436896499111
 40
-43.8436896499111
 40
-43.667115780363
 40
-43.667115780363
 40
-43.667115780363
 40
-43.4627976381182
 40
-43.4627976381182
 40
-43.4627976381182
 40
-43.1342652702983
 40
-43.1342652702983
 40
-43.1342652702983
 40
-43.11041033345168
 40
-43.11041033345168
 40
-43.11041033345168
 40
-43.08704079068171
 40
-43.08704079068171
 40
-43.08704079068171
 40
-43.02240369713664
 40
-43.02240369713664
 40
-43.02240369713664
 40
-42.9171190928067
 40
-42.9171190928067
 40
-42.9171190928067
 40
-42.6463885275979
 40
-42.6463885275979
 40
-42.6463885275979
 40
-42.23390636914409
 40
-42.23390636914409
 40
-42.23390636914409
 40
-41.8214242106902
 40
-41.8214242106902
 40
-41.8214242106902
 40
-41.7445755905127
 40
-41.7445755905127
 40
-41.7445755905127
 40
-41.70257601449231
 40
-41.70257601449231
 40
-41.70257601449231
 40
-41.67762890879859
 40
-41.67762890879859
 40
-41.67762890879859
 40
-41.66211310336961
 40
-41.66211310336961
 40
-41.66211310336961
 40
-41.0
 40
-41.0
 40
-41.0
 40
-40.0966386240036
 40
-40.0966386240036
 40
-40.0966386240036
 40
-40.00364170162449
 40
-40.00364170162449
 40
-40.00364170162449
 40
-39.99110890519009
 40
-39.99110890519009
 40
-39.99110890519009
 40
-39.93658735552202
 40
-39.93658735552202
 40
-39.93658735552202
 40
-39.48658749730308
 40
-39.48658749730308
 40
-39.48658749730308
 40
-39.04439311021965
 40
-39.04439311021965
 40
-39.04439311021965
 40
-38.87178426027891
 40
-38.87178426027891
 40
-38.87178426027891
 40
-38.7644390038008
 40
-38.7644390038008
 40
-38.7644390038008
 40
-38.7483506159907
 40
-38.7483506159907
 40
-38.7483506159907
 40
-38.6566261034212
 40
-38.6566261034212
 40
-38.6566261034212
 40
-38.6423693687648
 40
-38.6423693687648
 40
-38.6423693687648
 40
-38.5554913249943
 40
-38.5554913249943
 40
-38.5554913249943
 40
-38.14466545443223
 40
-38.14466545443223
 40
-38.14466545443223
 40
-37.94175449334009
 40
-37.94175449334009
 40
-37.94175449334009
 40
-37.7020495622454
 40
-37.7020495622454
 40
-37.7020495622454
 40
-37.5295806249053
 40
-37.5295806249053
 40
-37.5295806249053
 40
-37.1011901739593
 40
-37.1011901739593
 40
-37.1011901739593
 40
-36.8415019030282
 40
-36.8415019030282
 40
-36.8415019030282
 40
-36.7920767346282
 40
-36.7920767346282
 40
-36.7920767346282
 40
-36.7754385413607
 40
-36.7754385413607
 40
-36.7754385413607
 40
-36.76526930958883
 40
-36.76526930958883
 40
-36.76526930958883
 40
-36.5851349149983
 40
-36.5851349149983
 40
-36.5851349149983
 40
-36.55681706199471
 40
-36.55681706199471
 40
-36.55681706199471
 40
-36.44177567070729
 40
-36.44177567070729
 40
-36.44177567070729
 40
-35.9634764022144
 40
-35.9634764022144
 40
-35.9634764022144
 40
-35.9231961624739
 40
-35.9231961624739
 40
-35.9231961624739
 40
-35.91235496297747
 40
-35.91235496297747
 40
-35.91235496297747
 40
-35.069621012792
 40
-35.069621012792
 40
-35.069621012792
 40
-35.0
 40
-35.0
 40
-35.0
 40
-34.7972798951278
 40
-34.7972798951278
 40
-34.7972798951278
 40
-34.0639951951057
 40
-34.0639951951057
 40
-34.0639951951057
 40
-33.79743384262489
 40
-33.79743384262489
 40
-33.79743384262489
 40
-33.70610824689431
 40
-33.70610824689431
 40
-33.70610824689431
 40
-33.6653955186342
 40
-33.6653955186342
 40
-33.6653955186342
 40
-33.642597304487
 40
-33.642597304487
 40
-33.642597304487
 40
-33.62806691116628
 40
-33.62806691116628
 40
-33.62806691116628
 40
-33.4017645505863
 40
-33.4017645505863
 40
-33.4017645505863
 40
-33.36411411150561
 40
-33.36411411150561
 40
-33.36411411150561
 40
-33.3260176718205
 40
-33.3260176718205
 40
-33.3260176718205
 40
-33.16300883591031
 40
-33.16300883591031
 40
-33.16300883591031
 40
-33.1117620810173
 40
-33.1117620810173
 40
-33.1117620810173
 40
-33.0
 40
-33.0
 40
-33.0
 40
-32.0774435675642
 40
-32.0774435675642
 40
-32.0774435675642
 40
-32.0191075106762
 40
-32.0191075106762
 40
-32.0191075106762
 40
-31.999179645845
 40
-31.999179645845
 40
-31.999179645845
 40
-31.9606689703685
 40
-31.9606689703685
 40
-31.9606689703685
 40
-31.8939556821355
 40
-31.8939556821355
 40
-31.8939556821355
 40
-31.76530626387409
 40
-31.76530626387409
 40
-31.76530626387409
 40
-31.1670410353707
 40
-31.1670410353707
 40
-31.1670410353707
 40
-31.0310582684929
 40
-31.0310582684929
 40
-31.0310582684929
 40
-31.0114981629547
 40
-31.0114981629547
 40
-31.0114981629547
 40
-30.9994022837901
 40
-30.9994022837901
 40
-30.9994022837901
 40
-30.9859542268807
 40
-30.9859542268807
 40
-30.9859542268807
 40
-30.940514864248
 40
-30.940514864248
 40
-30.940514864248
 40
-30.9177951829316
 40
-30.9177951829316
 40
-30.9177951829316
 40
-30.8920804033021
 40
-30.8920804033021
 40
-30.8920804033021
 40
-30.6133433253188
 40
-30.6133433253188
 40
-30.6133433253188
 40
-30.35519211656617
 40
-30.35519211656617
 40
-30.35519211656617
 40
-30.20742378481094
 40
-30.20742378481094
 40
-30.20742378481094
 40
-30.11107598986258
 40
-30.11107598986258
 40
-30.11107598986258
 40
-30.09704090781355
 40
-30.09704090781355
 40
-30.09704090781355
 40
-30.02562154378884
 40
-30.02562154378884
 40
-30.02562154378884
 40
-29.72784415815104
 40
-29.72784415815104
 40
-29.72784415815104
 40
-29.0
 40
-29.0
 40
-29.0
 40
-28.3086568833606
 40
-28.3086568833606
 40
-28.3086568833606
 40
-28.0271626977984
 40
-28.0271626977984
 40
-28.0271626977984
 40
-28.00626123538211
 40
-28.00626123538211
 40
-28.00626123538211
 40
-27.8102746425079
 40
-27.8102746425079
 40
-27.8102746425079
 40
-27.7456685122362
 40
-27.7456685122362
 40
-27.7456685122362
 40
-27.71838358248081
 40
-27.71838358248081
 40
-27.71838358248081
 40
-27.69572405226643
 40
-27.69572405226643
 40
-27.69572405226643
 40
-27.0
 40
-27.0
 40
-27.0
 40
-27.0
 10
64.50546260201125
 20
107.8940186482644
 30
0.0
 10
64.50853234563076
 20
107.9024021087031
 30
0.0
 10
64.51210074537318
 20
107.9124763446788
 30
0.0
 10
64.51612752724327
 20
107.9248070323914
 30
0.0
 10
64.51622496879386
 20
107.9251054149136
 30
0.0
 10
64.51631744895656
 20
107.9253890996269
 30
0.0
 10
64.51641200165624
 20
107.9256796236143
 30
0.0
 10
64.51701234420307
 20
107.9275242447739
 30
0.0
 10
64.51762516511746
 20
107.9294273070078
 30
0.0
 10
64.51824367387246
 20
107.9313714101639
 30
0.0
 10
64.51842336876186
 20
107.9319362290104
 30
0.0
 10
64.51860353632017
 20
107.9325044807124
 30
0.0
 10
64.51878378768956
 20
107.933075004202
 30
0.0
 10
64.52044755934685
 20
107.9383410990749
 30
0.0
 10
64.52213724504904
 20
107.9438589889637
 30
0.0
 10
64.52384609671475
 20
107.9496661121144
 30
0.0
 10
64.52547386743185
 20
107.9551977010784
 30
0.0
 10
64.52711873045046
 20
107.9609888753279
 30
0.0
 10
64.52878760015025
 20
107.9671370090953
 30
0.0
 10
64.53132492154995
 20
107.9764845281858
 30
0.0
 10
64.53378726675507
 20
107.9861671788612
 30
0.0
 10
64.53620088999426
 20
107.9965475074099
 30
0.0
 10
64.53709091124565
 20
108.0003752435932
 30
0.0
 10
64.53797022646876
 20
108.0042828878267
 30
0.0
 10
64.53883807486585
 20
108.0082859053925
 30
0.0
 10
64.53968757713465
 20
108.0122043000293
 30
0.0
 10
64.54051038103918
 20
108.0161347522072
 30
0.0
 10
64.54135891451727
 20
108.0203650842424
 30
0.0
 10
64.54551467008926
 20
108.0410834487894
 30
0.0
 10
64.54859605666834
 20
108.0614878524656
 30
0.0
 10
64.55035946267196
 20
108.0756468641867
 30
0.0
 10
64.55042014851247
 20
108.0761341323063
 30
0.0
 10
64.55047787719656
 20
108.0766013441562
 30
0.0
 10
64.55053971643747
 20
108.0771061568506
 30
0.0
 10
64.55061008321777
 20
108.0776805824654
 30
0.0
 10
64.55068460132517
 20
108.0782947850424
 30
0.0
 10
64.55075884985245
 20
108.0789136987275
 30
0.0
 10
64.55096849538285
 20
108.0806612416417
 30
0.0
 10
64.55117493209215
 20
108.0824489615249
 30
0.0
 10
64.55129143637117
 20
108.0834748671444
 30
0.0
 10
64.55134040715098
 20
108.0839060907752
 30
0.0
 10
64.55141002904034
 20
108.0845254637379
 30
0.0
 10
64.55144271641817
 20
108.0848181681702
 30
0.0
 10
64.55145119967167
 20
108.0848941328405
 30
0.0
 10
64.55146274650449
 20
108.0849976929894
 30
0.0
 10
64.55147170583535
 20
108.0850781843838
 30
0.0
 10
64.55148221253967
 20
108.0851725775138
 30
0.0
 10
64.55149011467185
 20
108.0852437213563
 30
0.0
 10
64.55149677354225
 20
108.0853037162244
 30
0.0
 10
64.55150647000926
 20
108.0853910791285
 30
0.0
 10
64.55160891569917
 20
108.0863174628118
 30
0.0
 10
64.55168544687168
 20
108.087022405417
 30
0.0
 10
64.55175157459436
 20
108.0876315199476
 30
0.0
 10
64.55182464725178
 20
108.0883128843168
 30
0.0
 10
64.55189102990735
 20
108.088940011926
 30
0.0
 10
64.55225255713975
 20
108.0923554177577
 30
0.0
 10
64.55255060857516
 20
108.095398558001
 30
0.0
 10
64.55280820684845
 20
108.0981763953068
 30
0.0
 10
64.55292548738206
 20
108.0994411019255
 30
0.0
 10
64.55303229086254
 20
108.1006307924689
 30
0.0
 10
64.55312369898027
 20
108.1016725566068
 30
0.0
 10
64.55398367105306
 20
108.1114735249016
 30
0.0
 10
64.55468808107176
 20
108.1216363323777
 30
0.0
 10
64.55519015971034
 20
108.1322726358509
 30
0.0
 10
64.55552036435475
 20
108.1392678683429
 30
0.0
 10
64.55575933853134
 20
108.1464702890231
 30
0.0
 10
64.55589784920767
 20
108.1534821294138
 30
0.0
 10
64.55596994505356
 20
108.1571318449306
 30
0.0
 10
64.55602131596157
 20
108.1616555055876
 30
0.0
 10
64.55603756559725
 20
108.1641200286858
 30
0.0
 10
64.55604678119127
 20
108.1655177242826
 30
0.0
 10
64.55605337882118
 20
108.1669406129414
 30
0.0
 10
64.55605479030026
 20
108.168809229068
 30
0.0
 10
64.55605546225385
 20
108.1696988089194
 30
0.0
 10
64.55605465068547
 20
108.1706324364511
 30
0.0
 10
64.55605213167735
 20
108.1715729417628
 30
0.0
 10
64.55604202781248
 20
108.1753453546615
 30
0.0
 10
64.55600473360679
 20
108.1792020773705
 30
0.0
 10
64.55593992513846
 20
108.1830453083332
 30
0.0
 10
64.55575123151366
 20
108.1942350988075
 30
0.0
 10
64.55528527229057
 20
108.2066233215453
 30
0.0
 10
64.55458272310486
 20
108.2183997963345
 30
0.0
 10
64.55445711361974
 20
108.2205053242672
 30
0.0
 10
64.55431188899686
 20
108.2227812973204
 30
0.0
 10
64.55419060747226
 20
108.2245918855907
 30
0.0
 10
64.55296384996086
 20
108.2429059096629
 30
0.0
 10
64.54957903649997
 20
108.2739296067835
 30
0.0
 10
64.54756144220517
 20
108.2882676403978
 30
0.0
 10
64.54753194316467
 20
108.2884772753262
 30
0.0
 10
64.54748912101468
 20
108.2887805423024
 30
0.0
 10
64.54748216150128
 20
108.2888297774026
 30
0.0
 10
64.54725532352717
 20
108.2904345433948
 30
0.0
 10
64.54322411148104
 20
108.316496816788
 30
0.0
 10
64.54092176995326
 20
108.3288500368218
 30
0.0
 10
64.53536984092664
 20
108.358638927846
 30
0.0
 10
64.52817526003935
 20
108.3889385627509
 30
0.0
 10
64.52052695074707
 20
108.4166179372632
 30
0.0
 10
64.51623735777755
 20
108.4321420545247
 30
0.0
 10
64.50950618679417
 20
108.4541403292572
 30
0.0
 10
64.50782551954927
 20
108.459452126529
 30
0.0
 10
64.50560329726235
 20
108.4664755241222
 30
0.0
 10
64.49305167292997
 20
108.5043630288497
 30
0.0
 10
64.48233381765326
 20
108.5327107506154
 30
0.0
 10
64.48066159978935
 20
108.5371336099944
 30
0.0
 10
64.47888385504845
 20
108.5417836628673
 30
0.0
 10
64.47666423271525
 20
108.5474830133733
 30
0.0
 10
64.47619635392445
 20
108.5486843912759
 30
0.0
 10
64.47607642436946
 20
108.548991405515
 30
0.0
 10
64.47562769175255
 20
108.5501377734803
 30
0.0
 10
64.47395837977436
 20
108.5544023303754
 30
0.0
 10
64.47315124205687
 20
108.5564322421265
 30
0.0
 10
64.47218572456427
 20
108.5588589023088
 30
0.0
 10
64.47187937885235
 20
108.5596288489402
 30
0.0
 10
64.47155592904517
 20
108.5604402937166
 30
0.0
 10
64.47118096515416
 20
108.5613783720173
 30
0.0
 10
64.46137272601948
 20
108.5859164582782
 30
0.0
 10
64.45058912026116
 20
108.6109329820786
 30
0.0
 10
64.44386636611955
 20
108.6261155970363
 30
0.0
 10
64.43439765398375
 20
108.6474996618815
 30
0.0
 10
64.42854757182278
 20
108.6601801811485
 30
0.0
 10
64.41909445021105
 20
108.6802042498449
 30
0.0
 10
64.41867296596607
 20
108.6810970585723
 30
0.0
 10
64.41824513677204
 20
108.6820021118867
 30
0.0
 10
64.41780111717855
 20
108.6829400667707
 30
0.0
 10
64.41670125259907
 20
108.6852634402648
 30
0.0
 10
64.41551458170327
 20
108.6877609007575
 30
0.0
 10
64.41449038093018
 20
108.6899097400828
 30
0.0
 10
64.41346618015706
 20
108.6920585794078
 30
0.0
 10
64.41252260637657
 20
108.6940306408896
 30
0.0
 10
64.41205220419774
 20
108.6950128433872
 30
0.0
 10
64.41197565848665
 20
108.695172671279
 30
0.0
 10
64.41189084516205
 20
108.6953497107216
 30
0.0
 10
64.41186588602568
 20
108.6954018067929
 30
0.0
 10
64.41145193848908
 20
108.6962658206797
 30
0.0
 10
64.40847633438605
 20
108.7024639847103
 30
0.0
 10
64.40615112878396
 20
108.7072662534392
 30
0.0
 10
64.40346057388936
 20
108.7128230814555
 30
0.0
 10
64.40055601578269
 20
108.7187777443935
 30
0.0
 10
64.39790293561674
 20
108.7241826187624
 30
0.0
 10
64.39363692820617
 20
108.7328733603417
 30
0.0
 10
64.38905200262905
 20
108.7421220528297
 30
0.0
 10
64.38453847089897
 20
108.7511487700777
 30
0.0
 10
64.38421074059016
 20
108.7518042055567
 30
0.0
 10
64.38388339447516
 20
108.7524584810633
 30
0.0
 10
64.38355658538276
 20
108.7531113025812
 30
0.0
 10
64.38323642611718
 20
108.7537508406558
 30
0.0
 10
64.38295120868819
 20
108.7543204055012
 30
0.0
 10
64.38247959678026
 20
108.7552612853651
 30
0.0
 10
64.38027877979317
 20
108.7596519810897
 30
0.0
 10
64.37970922828416
 20
108.7607806180913
 30
0.0
 10
64.37823801222766
 20
108.7636995712353
 30
0.0
 10
64.37584161115376
 20
108.7684541294925
 30
0.0
 10
64.37352744079626
 20
108.7730243000422
 30
0.0
 10
64.37142429218636
 20
108.7771659333932
 30
0.0
 10
64.36601622121997
 20
108.7878157975888
 30
0.0
 10
64.36172261829546
 20
108.7961984166689
 30
0.0
 10
64.35813864986426
 20
108.8031869934138
 30
0.0
 10
64.35267815435935
 20
108.8138347132899
 30
0.0
 10
64.34886142132637
 20
108.8212446183961
 30
0.0
 10
64.34515109980828
 20
108.8284521722675
 30
0.0
 10
64.34144077829017
 20
108.835659726139
 30
0.0
 10
64.33546683863105
 20
108.8472663823643
 30
0.0
 10
64.33341105053966
 20
108.8512656321852
 30
0.0
 10
64.33302804129926
 20
108.8520107233949
 30
0.0
 10
64.33237452692927
 20
108.8532823749915
 30
0.0
 10
64.33216334712034
 20
108.8536933704091
 30
0.0
 10
64.33204793239437
 20
108.8539179890587
 30
0.0
 10
64.33182095621237
 20
108.8543597671348
 30
0.0
 10
64.33175262775316
 20
108.854492767216
 30
0.0
 10
64.33171204169358
 20
108.8545717672298
 30
0.0
 10
64.33162458697745
 20
108.854742001993
 30
0.0
 10
64.33159949067416
 20
108.854790854309
 30
0.0
 10
64.33158388207556
 20
108.854821237915
 30
0.0
 10
64.33154815759135
 20
108.8548907788322
 30
0.0
 10
64.33149310969025
 20
108.8549979391088
 30
0.0
 10
64.33111469848928
 20
108.8557345820729
 30
0.0
 10
64.32507251400136
 20
108.8675093200822
 30
0.0
 10
64.32325217002826
 20
108.8710517176477
 30
0.0
 10
64.27833856898104
 20
108.9584537874569
 30
0.0
 10
64.23228790253077
 20
109.045295436811
 30
0.0
 10
64.19135842493847
 20
109.1211838985889
 30
0.0
 10
64.18714492240017
 20
109.1289962686736
 30
0.0
 10
64.18298611617348
 20
109.1366928021219
 30
0.0
 10
64.17888904825867
 20
109.1442622913222
 30
0.0
 10
64.17833690398507
 20
109.1452823989219
 30
0.0
 10
64.17778542377845
 20
109.1463010456123
 30
0.0
 10
64.17722863793585
 20
109.1473292537327
 30
0.0
 10
64.17480644691668
 20
109.1518022778021
 30
0.0
 10
64.17129714475155
 20
109.1582740316154
 30
0.0
 10
64.17062149760425
 20
109.1595194835401
 30
0.0
 10
64.16672120024705
 20
109.1667090837185
 30
0.0
 10
64.13759495434965
 20
109.2201685499168
 30
0.0
 10
64.12026413440926
 20
109.2516168993131
 30
0.0
 10
64.10323392615206
 20
109.2825197614629
 30
0.0
 10
64.08654436018827
 20
109.312535132883
 30
0.0
 10
64.07346102269707
 20
109.3359388959413
 30
0.0
 10
64.06835399306555
 20
109.3450744633384
 30
0.0
 10
64.06111730186356
 20
109.3579786763136
 30
0.0
 10
64.06033337797726
 20
109.359375433983
 30
0.0
 10
64.06008961727017
 20
109.3598097550224
 30
0.0
 10
64.05773355820818
 20
109.3640072477814
 30
0.0
 10
64.05545195734385
 20
109.3680665345052
 30
0.0
 10
64.05511000204256
 20
109.3686749207645
 30
0.0
 10
64.05476621986517
 20
109.3692864651767
 30
0.0
 10
64.05441220582045
 20
109.3699161090935
 30
0.0
 10
64.05239387023098
 20
109.3735058896258
 30
0.0
 10
64.05011472625725
 20
109.377555888943
 30
0.0
 10
64.04792657470077
 20
109.3814401448131
 30
0.0
 10
64.04758647045546
 20
109.3820438744347
 30
0.0
 10
64.04724980085735
 20
109.3826414154345
 30
0.0
 10
64.04691380681256
 20
109.3832376682059
 30
0.0
 10
64.04486631795606
 20
109.3868711281545
 30
0.0
 10
64.04275944823405
 20
109.3906065184522
 30
0.0
 10
64.04069220244105
 20
109.3942682265861
 30
0.0
 10
64.03091668246244
 20
109.4115835846052
 30
0.0
 10
64.02232248982585
 20
109.4267336849274
 30
0.0
 10
64.01447456905947
 20
109.4405269621834
 30
0.0
 10
64.01059840336646
 20
109.4473395982543
 30
0.0
 10
64.00601155012148
 20
109.455383680443
 30
0.0
 10
64.00414042104376
 20
109.4586623284378
 30
0.0
 10
64.00192999897376
 20
109.4625354957001
 30
0.0
 10
63.99940463605815
 20
109.4669583606165
 30
0.0
 10
63.99564694623896
 20
109.4735263094726
 30
0.0
 10
63.99294326898448
 20
109.4782519826348
 30
0.0
 10
63.99014440125975
 20
109.4831379865707
 30
0.0
 10
63.98756811756825
 20
109.4876303677352
 30
0.0
 10
63.98116896332396
 20
109.4987888593603
 30
0.0
 10
63.97566070280348
 20
109.5083626368539
 30
0.0
 10
63.97131135181027
 20
109.5159110042063
 30
0.0
 10
63.96867479575127
 20
109.5204867888947
 30
0.0
 10
63.96589020975196
 20
109.5253126282258
 30
0.0
 10
63.96443095493248
 20
109.5278401461938
 30
0.0
 10
63.96415322226886
 20
109.5283211960337
 30
0.0
 10
63.96374570015197
 20
109.5290269392049
 30
0.0
 10
63.96357009796346
 20
109.5293310171504
 30
0.0
 10
63.96351098429235
 20
109.5294333801324
 30
0.0
 10
63.96342355441356
 20
109.5295847713138
 30
0.0
 10
63.96338397297657
 20
109.5296533080128
 30
0.0
 10
63.96335978087828
 20
109.5296951975116
 30
0.0
 10
63.96334184789856
 20
109.52972624892
 30
0.0
 10
63.96331054637224
 20
109.5297804475018
 30
0.0
 10
63.96317540005035
 20
109.5300144533107
 30
0.0
 10
63.96181424881646
 20
109.5323709265318
 30
0.0
 10
63.96091770355986
 20
109.5339222209163
 30
0.0
 10
63.96077676303128
 20
109.5341660906472
 30
0.0
 10
63.96064061622547
 20
109.5344016514252
 30
0.0
 10
63.96050171645135
 20
109.5346419611653
 30
0.0
 10
63.95993743556246
 20
109.5356182204468
 30
0.0
 10
63.95936028176535
 20
109.5366164965286
 30
0.0
 10
63.95882770580306
 20
109.5375374582619
 30
0.0
 10
63.95661345326027
 20
109.5413664742223
 30
0.0
 10
63.95501376905196
 20
109.5441295650861
 30
0.0
 10
63.95367233547796
 20
109.5464458062303
 30
0.0
 10
63.95355936590118
 20
109.5466408697705
 30
0.0
 10
63.95344727983837
 20
109.5468343965408
 30
0.0
 10
63.95337256831166
 20
109.5469633891086
 30
0.0
 10
63.95335246012535
 20
109.5469981067313
 30
0.0
 10
63.95333150238278
 20
109.5470342907447
 30
0.0
 10
63.95332347698925
 20
109.5470481467253
 30
0.0
 10
63.95294334371667
 20
109.5477044533936
 30
0.0
 10
63.94957565415785
 20
109.55351621879
 30
0.0
 10
63.94769106383757
 20
109.5567647292189
 30
0.0
 10
63.94753537165647
 20
109.5570330993089
 30
0.0
 10
63.94738765481005
 20
109.5572877042594
 30
0.0
 10
63.94724671049226
 20
109.557530622114
 30
0.0
 10
63.93096789712436
 20
109.5855871942613
 30
0.0
 10
63.91476275691605
 20
109.6133181340116
 30
0.0
 10
63.89895427167934
 20
109.6401920766734
 30
0.0
 10
63.84177138712075
 20
109.7374012360489
 30
0.0
 10
63.78994003726325
 20
109.8229469088324
 30
0.0
 10
63.75732832178144
 20
109.8762424341428
 30
0.0
 10
63.74547341333277
 20
109.895616256217
 30
0.0
 10
63.72977007213674
 20
109.9211171719739
 30
0.0
 10
63.72406754194478
 20
109.9303522056439
 30
0.0
 10
63.72211381923856
 20
109.9335161862572
 30
0.0
 10
63.71808160382747
 20
109.9400386935803
 30
0.0
 10
63.71676991993467
 20
109.9421587029158
 30
0.0
 10
63.71618517444836
 20
109.9431037979167
 30
0.0
 10
63.71473308508658
 20
109.9454498554321
 30
0.0
 10
63.71436925188965
 20
109.946037517304
 30
0.0
 10
63.71416551346456
 20
109.9463665947639
 30
0.0
 10
63.71354309692404
 20
109.9473717727778
 30
0.0
 10
63.71342285625897
 20
109.9475659350642
 30
0.0
 10
63.71334622112667
 20
109.9476896839847
 30
0.0
 10
63.71304929054137
 20
109.9481691854637
 30
0.0
 10
63.71255141539527
 20
109.9489729542448
 30
0.0
 10
63.71225638795966
 20
109.9494492460303
 30
0.0
 10
63.71010653007167
 20
109.9529187496309
 30
0.0
 10
63.70885912595577
 20
109.9549299626514
 30
0.0
 10
63.70865159249238
 20
109.9552645727416
 30
0.0
 10
63.70844912178649
 20
109.9555909826006
 30
0.0
 10
63.70825582101236
 20
109.9559025780734
 30
0.0
 10
63.70806023043056
 20
109.9562178646526
 30
0.0
 10
63.70787357807206
 20
109.9565187111075
 30
0.0
 10
63.70768609713048
 20
109.9568208634928
 30
0.0
 10
63.70688389486955
 20
109.958113727315
 30
0.0
 10
63.70612111076326
 20
109.9593424628828
 30
0.0
 10
63.70550443901698
 20
109.9603355311744
 30
0.0
 10
63.70531056961306
 20
109.9606477322097
 30
0.0
 10
63.70513297453567
 20
109.9609336939045
 30
0.0
 10
63.70495793654078
 20
109.9612155128407
 30
0.0
 10
63.70457620289556
 20
109.961830120943
 30
0.0
 10
63.70421947691918
 20
109.9624043345257
 30
0.0
 10
63.70389741263835
 20
109.9629226687574
 30
0.0
 10
63.62765736740647
 20
110.085624339296
 30
0.0
 10
63.55407985057024
 20
110.1996710191758
 30
0.0
 10
63.48973817749487
 20
110.297251308738
 30
0.0
 10
63.48566965727338
 20
110.3034216080531
 30
0.0
 10
63.48163721645227
 20
110.3095277691252
 30
0.0
 10
63.47764216043007
 20
110.3155684766409
 30
0.0
 10
63.47627743095316
 20
110.3176320100589
 30
0.0
 10
63.47491846373547
 20
110.3196857913999
 30
0.0
 10
63.47356069115005
 20
110.3217367457183
 30
0.0
 10
63.47093679040367
 20
110.3257002228318
 30
0.0
 10
63.46784396549836
 20
110.3303665688744
 30
0.0
 10
63.46605926464196
 20
110.3330574768625
 30
0.0
 10
63.46296756964648
 20
110.3377190237715
 30
0.0
 10
63.45972845772156
 20
110.3425984057093
 30
0.0
 10
63.45564917186786
 20
110.3487330139185
 30
0.0
 10
63.44778270679185
 20
110.3605629476286
 30
0.0
 10
63.43957035270785
 20
110.372875418279
 30
0.0
 10
63.43195703300776
 20
110.3842574658975
 30
0.0
 10
63.39655240769636
 20
110.437188006987
 30
0.0
 10
63.35955431436786
 20
110.49170132721
 30
0.0
 10
63.32973857973996
 20
110.5351896334634
 30
0.0
 10
63.32296160876118
 20
110.54507431325
 30
0.0
 10
63.31654746069645
 20
110.5544060846298
 30
0.0
 10
63.31058498558267
 20
110.5630639442761
 30
0.0
 10
63.30972732806348
 20
110.564309312732
 30
0.0
 10
63.30887900904006
 20
110.5655407492085
 30
0.0
 10
63.30804028637146
 20
110.5667579045602
 30
0.0
 10
63.30752162413657
 20
110.5675105878232
 30
0.0
 10
63.30700796684306
 20
110.5682558729639
 30
0.0
 10
63.30649497208316
 20
110.5690000651652
 30
0.0
 10
63.30592463051218
 20
110.5698274493462
 30
0.0
 10
63.30534962235614
 20
110.570661439734
 30
0.0
 10
63.30476824106526
 20
110.5715045021637
 30
0.0
 10
63.30280382379036
 20
110.5743531084514
 30
0.0
 10
63.30079217585915
 20
110.5772681060648
 30
0.0
 10
63.29897786645066
 20
110.5798955274589
 30
0.0
 10
63.29807071174636
 20
110.5812092381559
 30
0.0
 10
63.29721282585234
 20
110.5824511810372
 30
0.0
 10
63.29643445052866
 20
110.5835777383407
 30
0.0
 10
63.29555346326296
 20
110.5848528078452
 30
0.0
 10
63.29453300422625
 20
110.5863291553254
 30
0.0
 10
63.29419529291005
 20
110.5868176799696
 30
0.0
 10
63.29053464845435
 20
110.5921130756053
 30
0.0
 10
63.27650281540425
 20
110.6123742522404
 30
0.0
 10
63.26692042112106
 20
110.6261494904001
 30
0.0
 10
63.25804572570977
 20
110.6389073710793
 30
0.0
 10
63.24851573144096
 20
110.6525673704447
 30
0.0
 10
63.23874675385005
 20
110.6665214898955
 30
0.0
 10
63.23315489344958
 20
110.6745089673212
 30
0.0
 10
63.22748425641407
 20
110.682593762584
 30
0.0
 10
63.22180830828068
 20
110.6906706516573
 30
0.0
 10
63.21810748090857
 20
110.6959369387095
 30
0.0
 10
63.21492361988527
 20
110.7004631885529
 30
0.0
 10
63.21047667152348
 20
110.7067752958974
 30
0.0
 10
63.20982887999736
 20
110.7076947870443
 30
0.0
 10
63.20911003417265
 20
110.7087149306511
 30
0.0
 10
63.20835419889426
 20
110.7097872780093
 30
0.0
 10
63.20162818780506
 20
110.7193298601418
 30
0.0
 10
63.19981350172816
 20
110.7218958523738
 30
0.0
 10
63.19543977075406
 20
110.728083120626
 30
0.0
 10
63.17720384562775
 20
110.7538804458973
 30
0.0
 10
63.16030628467785
 20
110.7776130932081
 30
0.0
 10
63.14808019015976
 20
110.7947278462188
 30
0.0
 10
63.11819648541515
 20
110.8365606837605
 30
0.0
 10
63.10358408350476
 20
110.8568477046894
 30
0.0
 10
63.07327068305125
 20
110.8986121711463
 30
0.0
 10
63.04447748534435
 20
110.938282169293
 30
0.0
 10
63.01759037189746
 20
110.9749469044412
 30
0.0
 10
62.99751185292897
 20
111.002189815205
 30
0.0
 10
62.98933648210615
 20
111.0132823115258
 30
0.0
 10
62.98225778462827
 20
111.022860101358
 30
0.0
 10
62.97651327304166
 20
111.0306223981252
 30
0.0
 10
62.97608673246227
 20
111.0311987629756
 30
0.0
 10
62.97566753930417
 20
111.0317651283156
 30
0.0
 10
62.97525578809436
 20
111.0323213738442
 30
0.0
 10
62.97139492347557
 20
111.037537117306
 30
0.0
 10
62.96578124362435
 20
111.0451099627898
 30
0.0
 10
62.96324928498328
 20
111.0485226055655
 30
0.0
 10
62.96241463579926
 20
111.0496475684545
 30
0.0
 10
62.96095892872736
 20
111.0516089728384
 30
0.0
 10
62.96046078956795
 20
111.0522800246296
 30
0.0
 10
62.96025041182335
 20
111.0525634280914
 30
0.0
 10
62.95981736511757
 20
111.0531467425337
 30
0.0
 10
62.95968111905065
 20
111.0533302549888
 30
0.0
 10
62.95956796970776
 20
111.0534826580207
 30
0.0
 10
62.95949089177034
 20
111.0535864823599
 30
0.0
 10
62.95919399466427
 20
111.053986342147
 30
0.0
 10
62.95828478835045
 20
111.055210857427
 30
0.0
 10
62.95137474173086
 20
111.0645101039817
 30
0.0
 10
62.94904872073326
 20
111.0676367193174
 30
0.0
  0
SPLINE
  5
1392
330
1F
100
AcDbEntity
  8
0
100
AcDbSpline
210
0.0
220
0.0
230
1.0
 70
     8
 71
     3
 72
    11
 73
     7
 74
     0
 42
0.000000001
 43
0.0000000001
 40
-27.0
 40
-27.0
 40
-27.0
 40
-27.0
 40
-26.0
 40
-26.0
 40
-26.0
 40
-25.0
 40
-25.0
 40
-25.0
 40
-25.0
 10
62.94904872073326
 20
111.0676367193174
 30
0.0
 10
62.96361752524126
 20
111.0668875429607
 30
0.0
 10
63.01322370257128
 20
111.0645329886948
 30
0.0
 10
63.02339109598427
 20
111.0645329886935
 30
0.0
 10
63.29424510522327
 20
111.0645329886819
 30
0.0
 10
63.48856272274727
 20
111.2608171941235
 30
0.0
 10
63.49584043593927
 20
111.5418653530729
 30
0.0
  0
SPLINE
  5
1393
330
1F
100
AcDbEntity
  8
0
100
AcDbSpline
210
0.0
220
0.0
230
1.0
 70
     8
 71
     3
 72
     8
 73
     4
 74
     0
 42
0.000000001
 43
0.0000000001
 40
-25.0
 40
-25.0
 40
-25.0
 40
-25.0
 40
-24.0
 40
-24.0
 40
-24.0
 40
-24.0
 10
63.49584043593927
 20
111.5418653530729
 30
0.0
 10
63.50256964501136
 20
111.8003311961283
 30
0.0
 10
63.33615884679526
 20
112.0712119616743
 30
0.0
 10
63.00511654418625
 20
112.0885500430863
 30
0.0
  0
SPLINE
  5
1394
330
1F
100
AcDbEntity
  8
0
100
AcDbSpline
210
0.0
220
0.0
230
1.0
 70
     8
 71
     3
 72
    11
 73
     7
 74
     0
 42
0.000000001
 43
0.0000000001
 40
-24.0
 40
-24.0
 40
-24.0
 40
-24.0
 40
-23.0
 40
-23.0
 40
-23.0
 40
-22.0
 40
-22.0
 40
-22.0
 40
-22.0
 10
63.00511654418625
 20
112.0885500430863
 30
0.0
 10
62.88417807517928
 20
112.0948645295271
 30
0.0
 10
62.76228975757627
 20
112.0979682601536
 30
0.0
 10
62.64287639758126
 20
112.0979682601574
 30
0.0
 10
62.39661142662026
 20
112.097968260169
 30
0.0
 10
62.15627297576634
 20
112.0849111865352
 30
0.0
 10
61.90836249244927
 20
112.0582619132872
 30
0.0
  0
ELLIPSE
  5
1395
330
1F
100
AcDbEntity
  8
0
100
AcDbEllipse
 10
62.07104979559426
 20
111.445770570594
 30
0.0
 11
0.5723022818148377
 21
-0.3727347710648648
 31
0.0
210
0.0
220
0.0
230
-1.0
 40
0.8575080322238013
 41
2.973582783832666
 42
3.952246790375716
  0
ELLIPSE
  5
1396
330
1F
100
AcDbEntity
  8
0
100
AcDbEllipse
 10
62.08183977773927
 20
111.5150225343091
 30
0.0
 11
0.6561791900841103
 21
-0.1210524230731701
 31
0.0
210
0.0
220
0.0
230
-1.0
 40
0.8572081303153689
 41
2.336425712959823
 42
3.314780564236178
  0
ELLIPSE
  5
1397
330
1F
100
AcDbEntity
  8
0
100
AcDbEllipse
 10
59.17198506152525
 20
109.2802247638748
 30
0.0
 11
-4.488666312755051
 21
5.302212922813772
 31
0.0
210
0.0
220
0.0
230
-1.0
 40
0.4394768221094111
 41
1.581994632750633
 42
1.857529618047012
  0
ARC
  5
1398
330
1F
100
AcDbEntity
  8
0
100
AcDbCircle
 10
49.63448399286225
 20
101.2403029652042
 30
0.0
 40
15.53067095930259
100
AcDbArc
 50
30.0731908583665
 51
32.88510923081376
  0
SPLINE
  5
1399
330
1F
100
AcDbEntity
  8
0
100
AcDbSpline
210
0.0
220
0.0
230
1.0
 70
     8
 71
     3
 72
     8
 73
     4
 74
     0
 42
0.000000001
 43
0.0000000001
 40
-18.0
 40
-18.0
 40
-18.0
 40
-18.0
 40
-17.0
 40
-17.0
 40
-17.0
 40
-17.0
 10
63.07450900408625
 20
109.0228133663411
 30
0.0
 10
61.11503824322125
 20
109.9204336669294
 30
0.0
 10
59.10210839805526
 20
110.9548321652129
 30
0.0
 10
57.51036282501025
 20
112.5847188418454
 30
0.0
  0
SPLINE
  5
1400
330
1F
100
AcDbEntity
  8
0
100
AcDbSpline
210
0.0
220
0.0
230
1.0
 70
     8
 71
     3
 72
    56
 73
    52
 74
     0
 42
0.000000001
 43
0.0000000001
 40
-0.160105877504392
 40
-0.160105877504392
 40
-0.160105877504392
 40
-0.160105877504392
 40
-0.1501215190494661
 40
-0.1501215190494661
 40
-0.1501215190494661
 40
-0.140188469462515
 40
-0.140188469462515
 40
-0.140188469462515
 40
-0.130086025472318
 40
-0.130086025472318
 40
-0.130086025472318
 40
-0.1218418291868393
 40
-0.1218418291868393
 40
-0.1218418291868393
 40
-0.1181601986792031
 40
-0.1181601986792031
 40
-0.1181601986792031
 40
-0.1102245024359837
 40
-0.1102245024359837
 40
-0.1102245024359837
 40
-0.0992190565582074
 40
-0.0992190565582074
 40
-0.0992190565582074
 40
-0.0903113096854369
 40
-0.0903113096854369
 40
-0.0903113096854369
 40
-0.0795915462817136
 40
-0.0795915462817136
 40
-0.0795915462817136
 40
-0.0704076341592099
 40
-0.0704076341592099
 40
-0.0704076341592099
 40
-0.0600397040641469
 40
-0.0600397040641469
 40
-0.0600397040641469
 40
-0.0501013200867775
 40
-0.0501013200867775
 40
-0.0501013200867775
 40
-0.0400427441850935
 40
-0.0400427441850935
 40
-0.0400427441850935
 40
-0.0300805154152912
 40
-0.0300805154152912
 40
-0.0300805154152912
 40
-0.0200516543941086
 40
-0.0200516543941086
 40
-0.0200516543941086
 40
-0.0100250663182587
 40
-0.0100250663182587
 40
-0.0100250663182587
 40
0.0
 40
0.0
 40
0.0
 40
0.0
 10
56.68378049689625
 20
112.4102677759696
 30
0.0
 10
56.69788092039258
 20
112.4427722425879
 30
0.0
 10
56.71347260733867
 20
112.4705589074173
 30
0.0
 10
56.72986668591526
 20
112.4954587413065
 30
0.0
 10
56.74639565485097
 20
112.5205634508436
 30
0.0
 10
56.76330469237178
 20
112.5421636892969
 30
0.0
 10
56.78189491470925
 20
112.5627923029089
 30
0.0
 10
56.80192021491087
 20
112.5850133486232
 30
0.0
 10
56.82129337733406
 20
112.603393172217
 30
0.0
 10
56.84385004317926
 20
112.6217936442202
 30
0.0
 10
56.89193768779836
 20
112.6610208671009
 30
0.0
 10
56.95757640933635
 20
112.6981710965229
 30
0.0
 10
57.01074141802397
 20
112.7152114952921
 30
0.0
 10
57.03448344346156
 20
112.7228212670392
 30
0.0
 10
57.04720672766566
 20
112.7268661534188
 30
0.0
 10
57.08713142737526
 20
112.7334052808462
 30
0.0
 10
57.09281192096105
 20
112.7343356690943
 30
0.0
 10
57.10343707508306
 20
112.7358341380767
 30
0.0
 10
57.11005949694026
 20
112.7365888607832
 30
0.0
 10
57.12013051791107
 20
112.7377366022545
 30
0.0
 10
57.12534722116206
 20
112.7381234446862
 30
0.0
 10
57.13182806179426
 20
112.7385564129061
 30
0.0
 10
57.13483888635526
 20
112.738757558316
 30
0.0
 10
57.13965415077154
 20
112.7390347013385
 30
0.0
 10
57.14413881284227
 20
112.7392145650294
 30
0.0
 10
57.15042437107635
 20
112.739466656201
 30
0.0
 10
57.15431150436535
 20
112.7395842973082
 30
0.0
 10
57.16255770142627
 20
112.7395842973082
 30
0.0
 10
57.16787672668854
 20
112.7395842973071
 30
0.0
 10
57.17279209219475
 20
112.7394941652367
 30
0.0
 10
57.17739423196727
 20
112.7393461148765
 30
0.0
 10
57.18385742589777
 20
112.739138194596
 30
0.0
 10
57.18781914683257
 20
112.738921992388
 30
0.0
 10
57.19304247611737
 20
112.7385744716609
 30
0.0
 10
57.21333858933636
 20
112.7372241221732
 30
0.0
 10
57.23269707196834
 20
112.7346135711734
 30
0.0
 10
57.25205475828326
 20
112.7307188905223
 30
0.0
 10
57.27265090478247
 20
112.7265750371735
 30
0.0
 10
57.29088128250086
 20
112.7215344842642
 30
0.0
 10
57.30946744470526
 20
112.7151621971653
 30
0.0
 10
57.32805607613127
 20
112.7087890634902
 30
0.0
 10
57.34568031938215
 20
112.7014466455197
 30
0.0
 10
57.36314699669126
 20
112.6929004200764
 30
0.0
 10
57.38138181731097
 20
112.6839783517757
 30
0.0
 10
57.39798085089737
 20
112.6745141904308
 30
0.0
 10
57.41480102865626
 20
112.6636018356181
 30
0.0
 10
57.43200922684465
 20
112.6524377464508
 30
0.0
 10
57.44802708285956
 20
112.6406395771078
 30
0.0
 10
57.46396615075525
 20
112.627485560906
 30
0.0
 10
57.48008006285949
 20
112.6141872512263
 30
0.0
 10
57.49538014089885
 20
112.6000727962619
 30
0.0
 10
57.51036282501025
 20
112.5847188418454
 30
0.0
  0
ELLIPSE
  5
1401
330
1F
100
AcDbEntity
  8
0
100
AcDbEllipse
 10
57.36766840582927
 20
112.2334702184625
 30
0.0
 11
0.7243260509207225
 21
0.0669698987310456
 31
0.0
210
0.0
220
0.0
230
-1.0
 40
0.8089303288323714
 41
2.580701328736235
 42
3.559864960119886
  0
ELLIPSE
  5
1402
330
1F
100
AcDbEntity
  8
0
100
AcDbEllipse
 10
43.18866785779227
 20
97.22591405945747
 30
0.0
 11
-12.74971134117101
 21
19.74494328611244
 31
0.0
210
0.0
220
0.0
230
-1.0
 40
0.842466467576162
 41
1.359746851996522
 42
1.632891966474219
  0
SPLINE
  5
1403
330
1F
100
AcDbEntity
  8
0
100
AcDbSpline
210
0.0
220
0.0
230
1.0
 70
     8
 71
     3
 72
     8
 73
     4
 74
     0
 42
0.000000001
 43
0.0000000001
 40
-26.0
 40
-26.0
 40
-26.0
 40
-26.0
 40
-25.0
 40
-25.0
 40
-25.0
 40
-25.0
 10
308.9548608990262
 20
118.693018233456
 30
0.0
 10
308.9548608990133
 20
118.4168877536851
 30
0.0
 10
309.1787088811683
 20
118.1930397715103
 30
0.0
 10
309.4548393609373
 20
118.1930397714987
 30
0.0
  0
LINE
  5
1404
330
1F
100
AcDbEntity
  8
0
100
AcDbLine
 10
309.4548393609373
 20
118.1930397714987
 30
0.0
 11
316.8596684697032
 21
118.1930397711663
 31
0.0
  0
SPLINE
  5
1405
330
1F
100
AcDbEntity
  8
0
100
AcDbSpline
210
0.0
220
0.0
230
1.0
 70
     8
 71
     3
 72
     8
 73
     4
 74
     0
 42
0.000000001
 43
0.0000000001
 40
-24.0
 40
-24.0
 40
-24.0
 40
-24.0
 40
-23.0
 40
-23.0
 40
-23.0
 40
-23.0
 10
316.8596684697032
 20
118.1930397711663
 30
0.0
 10
317.1358108446183
 20
118.1930397711534
 30
0.0
 10
317.3596684697143
 20
118.4168973962284
 30
0.0
 10
317.3596684697252
 20
118.6930397711435
 30
0.0
  0
LINE
  5
1406
330
1F
100
AcDbEntity
  8
0
100
AcDbLine
 10
317.3596684697252
 20
118.6930397711435
 30
0.0
 11
317.3596684705543
 21
137.1465607804632
 31
0.0
  0
SPLINE
  5
1407
330
1F
100
AcDbEntity
  8
0
100
AcDbSpline
210
0.0
220
0.0
230
1.0
 70
     8
 71
     3
 72
     8
 73
     4
 74
     0
 42
0.000000001
 43
0.0000000001
 40
-21.0
 40
-21.0
 40
-21.0
 40
-21.0
 40
-20.0
 40
-20.0
 40
-20.0
 40
-20.0
 10
317.3596684705543
 20
137.1465607804632
 30
0.0
 10
317.3596684703803
 20
137.4180218676962
 30
0.0
 10
317.1396057786302
 20
137.6380845591642
 30
0.0
 10
316.8681446913953
 20
137.6380845589892
 30
0.0
  0
LINE
  5
1408
330
1F
100
AcDbEntity
  8
0
100
AcDbLine
 10
316.8681446913953
 20
137.6380845589892
 30
0.0
 11
309.4463846744853
 21
137.6380845542252
 31
0.0
  0
SPLINE
  5
1409
330
1F
100
AcDbEntity
  8
0
100
AcDbSpline
210
0.0
220
0.0
230
1.0
 70
     8
 71
     3
 72
     8
 73
     4
 74
     0
 42
0.000000001
 43
0.0000000001
 40
-19.0
 40
-19.0
 40
-19.0
 40
-19.0
 40
-18.0
 40
-18.0
 40
-18.0
 40
-18.0
 10
309.4463846744853
 20
137.6380845542252
 30
0.0
 10
309.1749235895353
 20
137.6380845540512
 30
0.0
 10
308.9548608998653
 20
137.4180218642522
 30
0.0
 10
308.9548608998542
 20
137.1465607793012
 30
0.0
  0
LINE
  5
1410
330
1F
100
AcDbEntity
  8
0
100
AcDbLine
 10
308.9548608998542
 20
137.1465607793012
 30
0.0
 11
308.9548608998103
 21
136.1551674082281
 31
0.0
  0
SPLINE
  5
1411
330
1F
100
AcDbEntity
  8
0
100
AcDbSpline
210
0.0
220
0.0
230
1.0
 70
     8
 71
     3
 72
     8
 73
     4
 74
     0
 42
0.000000001
 43
0.0000000001
 40
-17.0
 40
-17.0
 40
-17.0
 40
-17.0
 40
-16.0
 40
-16.0
 40
-16.0
 40
-16.0
 10
308.9548608998103
 20
136.1551674082281
 30
0.0
 10
308.9548608997973
 20
135.8789452831702
 30
0.0
 10
308.7309386244833
 20
135.6550230078083
 30
0.0
 10
308.4547164994283
 20
135.6550230077372
 30
0.0
  0
LINE
  5
1412
330
1F
100
AcDbEntity
  8
0
100
AcDbLine
 10
308.4547164994283
 20
135.6550230077372
 30
0.0
 11
293.7338073838589
 21
135.6550230038982
 31
0.0
  0
SPLINE
  5
1413
330
1F
100
AcDbEntity
  8
0
100
AcDbSpline
210
0.0
220
0.0
230
1.0
 70
     8
 71
     3
 72
     8
 73
     4
 74
     0
 42
0.000000001
 43
0.0000000001
 40
-15.0
 40
-15.0
 40
-15.0
 40
-15.0
 40
-14.0
 40
-14.0
 40
-14.0
 40
-14.0
 10
293.7338073838589
 20
135.6550230038982
 30
0.0
 10
293.4575852587409
 20
135.6550230038252
 30
0.0
 10
293.2336629832859
 20
135.8789452791651
 30
0.0
 10
293.2336629832128
 20
136.1551674042812
 30
0.0
  0
LINE
  5
1414
330
1F
100
AcDbEntity
  8
0
100
AcDbLine
 10
293.2336629832128
 20
136.1551674042812
 30
0.0
 11
293.2336629832579
 21
137.1465607808632
 31
0.0
  0
SPLINE
  5
1415
330
1F
100
AcDbEntity
  8
0
100
AcDbSpline
210
0.0
220
0.0
230
1.0
 70
     8
 71
     3
 72
     8
 73
     4
 74
     0
 42
0.000000001
 43
0.0000000001
 40
-12.0
 40
-12.0
 40
-12.0
 40
-12.0
 40
-11.0
 40
-11.0
 40
-11.0
 40
-11.0
 10
293.2336629832579
 20
137.1465607808632
 30
0.0
 10
293.2336629832709
 20
137.4180218684702
 30
0.0
 10
293.0136002913699
 20
137.6380845603912
 30
0.0
 10
292.7421392037638
 20
137.6380845604032
 30
0.0
  0
LINE
  5
1416
330
1F
100
AcDbEntity
  8
0
100
AcDbLine
 10
292.7421392037638
 20
137.6380845604032
 30
0.0
 11
285.3203828981508
 21
137.6380845607422
 31
0.0
  0
SPLINE
  5
1417
330
1F
100
AcDbEntity
  8
0
100
AcDbSpline
210
0.0
220
0.0
230
1.0
 70
     8
 71
     3
 72
     8
 73
     4
 74
     0
 42
0.000000001
 43
0.0000000001
 40
-10.0
 40
-10.0
 40
-10.0
 40
-10.0
 40
-9.0
 40
-9.0
 40
-9.0
 40
-9.0
 10
285.3203828981508
 20
137.6380845607422
 30
0.0
 10
285.0489218105419
 20
137.6380845607552
 30
0.0
 10
284.8288591186179
 20
137.4180218688531
 30
0.0
 10
284.8288591186058
 20
137.1465607812432
 30
0.0
  0
LINE
  5
1418
330
1F
100
AcDbEntity
  8
0
100
AcDbLine
 10
284.8288591186058
 20
137.1465607812432
 30
0.0
 11
284.8288591177769
 21
118.6930397726053
 31
0.0
  0
SPLINE
  5
1419
330
1F
100
AcDbEntity
  8
0
100
AcDbSpline
210
0.0
220
0.0
230
1.0
 70
     8
 71
     3
 72
     8
 73
     4
 74
     0
 42
0.000000001
 43
0.0000000001
 40
-8.0
 40
-8.0
 40
-8.0
 40
-8.0
 40
-7.0
 40
-7.0
 40
-7.0
 40
-7.0
 10
284.8288591177769
 20
118.6930397726053
 30
0.0
 10
284.8288591177639
 20
118.4168973976889
 30
0.0
 10
285.0527167428388
 20
118.1930397725947
 30
0.0
 10
285.3288591177548
 20
118.1930397725819
 30
0.0
  0
LINE
  5
1420
330
1F
100
AcDbEntity
  8
0
100
AcDbLine
 10
285.3288591177548
 20
118.1930397725819
 30
0.0
 11
292.7336629824059
 21
118.1930397722495
 31
0.0
  0
SPLINE
  5
1421
330
1F
100
AcDbEntity
  8
0
100
AcDbSpline
210
0.0
220
0.0
230
1.0
 70
     8
 71
     3
 72
     8
 73
     4
 74
     0
 42
0.000000001
 43
0.0000000001
 40
-6.0
 40
-6.0
 40
-6.0
 40
-6.0
 40
-5.0
 40
-5.0
 40
-5.0
 40
-5.0
 10
292.7336629824059
 20
118.1930397722495
 30
0.0
 10
293.0098053573228
 20
118.1930397722367
 30
0.0
 10
293.2336629824179
 20
118.4168973973116
 30
0.0
 10
293.2336629824298
 20
118.6930397722279
 30
0.0
  0
LINE
  5
1422
330
1F
100
AcDbEntity
  8
0
100
AcDbLine
 10
293.2336629824298
 20
118.6930397722279
 30
0.0
 11
293.2336629825509
 21
121.3799463687783
 31
0.0
  0
SPLINE
  5
1423
330
1F
100
AcDbEntity
  8
0
100
AcDbSpline
210
0.0
220
0.0
230
1.0
 70
     8
 71
     3
 72
     8
 73
     4
 74
     0
 42
0.000000001
 43
0.0000000001
 40
-4.0
 40
-4.0
 40
-4.0
 40
-4.0
 40
-3.0
 40
-3.0
 40
-3.0
 40
-3.0
 10
293.2336629825509
 20
121.3799463687783
 30
0.0
 10
293.2336629825579
 20
121.5456814234362
 30
0.0
 10
293.3680177904438
 20
121.6800362313092
 30
0.0
 10
293.5337528451018
 20
121.6800362313027
 30
0.0
  0
LINE
  5
1424
330
1F
100
AcDbEntity
  8
0
100
AcDbLine
 10
293.5337528451018
 20
121.6800362313027
 30
0.0
 11
308.6547710366212
 21
121.6800362306238
 31
0.0
  0
SPLINE
  5
1425
330
1F
100
AcDbEntity
  8
0
100
AcDbSpline
210
0.0
220
0.0
230
1.0
 70
     8
 71
     3
 72
     8
 73
     4
 74
     0
 42
0.000000001
 43
0.0000000001
 40
-2.0
 40
-2.0
 40
-2.0
 40
-2.0
 40
-1.0
 40
-1.0
 40
-1.0
 40
-1.0
 10
308.6547710366212
 20
121.6800362306238
 30
0.0
 10
308.8205060912803
 20
121.6800362306161
 30
0.0
 10
308.9548608991543
 20
121.5456814227304
 30
0.0
 10
308.9548608991472
 20
121.3799463680724
 30
0.0
  0
LINE
  5
1426
330
1F
100
AcDbEntity
  8
0
100
AcDbLine
 10
308.9548608991472
 20
121.3799463680724
 30
0.0
 11
308.9548608990262
 21
118.693018233456
 31
0.0
  0
SPLINE
  5
1427
330
1F
100
AcDbEntity
  8
0
100
AcDbSpline
210
0.0
220
0.0
230
1.0
 70
     8
 71
     3
 72
     8
 73
     4
 74
     0
 42
0.000000001
 43
0.0000000001
 40
6.0
 40
6.0
 40
6.0
 40
6.0
 40
7.0
 40
7.0
 40
7.0
 40
7.0
 10
36.91926253249727
 20
145.8709509883252
 30
0.0
 10
36.91926253248727
 20
145.6481480582602
 30
0.0
 10
37.09987999403828
 20
145.4675305966922
 30
0.0
 10
37.32268292410325
 20
145.4675305966822
 30
0.0
  0
LINE
  5
1428
330
1F
100
AcDbEntity
  8
0
100
AcDbLine
 10
37.32268292410325
 20
145.4675305966822
 30
0.0
 11
50.51584213735228
 21
145.4675305960892
 31
0.0
  0
SPLINE
  5
1429
330
1F
100
AcDbEntity
  8
0
100
AcDbSpline
210
0.0
220
0.0
230
1.0
 70
     8
 71
     3
 72
     8
 73
     4
 74
     0
 42
0.000000001
 43
0.0000000001
 40
0.0
 40
0.0
 40
0.0
 40
0.0
 40
1.0
 40
1.0
 40
1.0
 40
1.0
 10
50.51584213735228
 20
145.4675305960892
 30
0.0
 10
50.73864506741827
 20
145.4675305960802
 30
0.0
 10
50.91926252898625
 20
145.6481480576312
 30
0.0
 10
50.91926252899725
 20
145.8709509876962
 30
0.0
  0
LINE
  5
1430
330
1F
100
AcDbEntity
  8
0
100
AcDbLine
 10
50.91926252899725
 20
145.8709509876962
 30
0.0
 11
50.91926252958927
 21
159.0641102009452
 31
0.0
  0
SPLINE
  5
1431
330
1F
100
AcDbEntity
  8
0
100
AcDbSpline
210
0.0
220
0.0
230
1.0
 70
     8
 71
     3
 72
     8
 73
     4
 74
     0
 42
0.000000001
 43
0.0000000001
 40
2.0
 40
2.0
 40
2.0
 40
2.0
 40
3.0
 40
3.0
 40
3.0
 40
3.0
 10
50.91926252958927
 20
159.0641102009452
 30
0.0
 10
50.91926252959925
 20
159.2869131310102
 30
0.0
 10
50.73864506804728
 20
159.4675305925782
 30
0.0
 10
50.51584213798228
 20
159.4675305925882
 30
0.0
  0
LINE
  5
1432
330
1F
100
AcDbEntity
  8
0
100
AcDbLine
 10
50.51584213798228
 20
159.4675305925882
 30
0.0
 11
37.41926253310825
 21
159.4675305931762
 31
0.0
  0
SPLINE
  5
1433
330
1F
100
AcDbEntity
  8
0
100
AcDbSpline
210
0.0
220
0.0
230
1.0
 70
     8
 71
     3
 72
     8
 73
     4
 74
     0
 42
0.000000001
 43
0.0000000001
 40
4.0
 40
4.0
 40
4.0
 40
4.0
 40
5.0
 40
5.0
 40
5.0
 40
5.0
 10
37.41926253310825
 20
159.4675305931762
 30
0.0
 10
37.14312015819326
 20
159.4675305931892
 30
0.0
 10
36.91926253309726
 20
159.2436729681142
 30
0.0
 10
36.91926253308526
 20
158.9675305931992
 30
0.0
  0
LINE
  5
1434
330
1F
100
AcDbEntity
  8
0
100
AcDbLine
 10
36.91926253308526
 20
158.9675305931992
 30
0.0
 11
36.91926253249727
 21
145.8709509883252
 31
0.0
  0
SPLINE
  5
1435
330
1F
100
AcDbEntity
  8
0
100
AcDbSpline
210
0.0
220
0.0
230
1.0
 70
     8
 71
     3
 72
     8
 73
     4
 74
     0
 42
0.000000001
 43
0.0000000001
 40
-10.0
 40
-10.0
 40
-10.0
 40
-10.0
 40
-9.0
 40
-9.0
 40
-9.0
 40
-9.0
 10
242.8184534945299
 20
158.7047406609302
 30
0.0
 10
242.8184534944419
 20
158.9808830357522
 30
0.0
 10
242.5945958694309
 20
159.2047406607262
 30
0.0
 10
242.3184534946098
 20
159.2047406607712
 30
0.0
  0
LINE
  5
1436
330
1F
100
AcDbEntity
  8
0
100
AcDbLine
 10
242.3184534946099
 20
159.2047406607712
 30
0.0
 11
236.0514535138739
 21
159.2047406617782
 31
0.0
  0
SPLINE
  5
1437
330
1F
100
AcDbEntity
  8
0
100
AcDbSpline
210
0.0
220
0.0
230
1.0
 70
     8
 71
     3
 72
     8
 73
     4
 74
     0
 42
0.000000001
 43
0.0000000001
 40
-8.0
 40
-8.0
 40
-8.0
 40
-8.0
 40
-7.0
 40
-7.0
 40
-7.0
 40
-7.0
 10
236.0514535138739
 20
159.2047406617782
 30
0.0
 10
235.7753111391458
 20
159.2047406618222
 30
0.0
 10
235.5514535141029
 20
158.9808830370652
 30
0.0
 10
235.5514535137939
 20
158.7047406623372
 30
0.0
  0
LINE
  5
1438
330
1F
100
AcDbEntity
  8
0
100
AcDbLine
 10
235.5514535137939
 20
158.7047406623372
 30
0.0
 11
235.5514534998278
 21
146.2303203325572
 31
0.0
  0
SPLINE
  5
1439
330
1F
100
AcDbEntity
  8
0
100
AcDbSpline
210
0.0
220
0.0
230
1.0
 70
     8
 71
     3
 72
     8
 73
     4
 74
     0
 42
0.000000001
 43
0.0000000001
 40
-5.0
 40
-5.0
 40
-5.0
 40
-5.0
 40
-4.0
 40
-4.0
 40
-4.0
 40
-4.0
 10
235.5514534998278
 20
146.2303203325572
 30
0.0
 10
235.5514534996239
 20
145.9541779576412
 30
0.0
 10
235.7753111245439
 20
145.7303203323922
 30
0.0
 10
236.0514534994589
 20
145.7303203321882
 30
0.0
  0
LINE
  5
1440
330
1F
100
AcDbEntity
  8
0
100
AcDbLine
 10
236.0514534994589
 20
145.7303203321882
 30
0.0
 11
242.3184534986448
 21
145.7303203275542
 31
0.0
  0
SPLINE
  5
1441
330
1F
100
AcDbEntity
  8
0
100
AcDbSpline
210
0.0
220
0.0
230
1.0
 70
     8
 71
     3
 72
     8
 73
     4
 74
     0
 42
0.000000001
 43
0.0000000001
 40
-2.0
 40
-2.0
 40
-2.0
 40
-2.0
 40
-1.0
 40
-1.0
 40
-1.0
 40
-1.0
 10
242.3184534986448
 20
145.7303203275542
 30
0.0
 10
242.5945958735598
 20
145.7303203276422
 30
0.0
 10
242.8184534985739
 20
145.9541779527982
 30
0.0
 10
242.8184534984858
 20
146.2303203277132
 30
0.0
  0
LINE
  5
1442
330
1F
100
AcDbEntity
  8
0
100
AcDbLine
 10
242.8184534984858
 20
146.2303203277132
 30
0.0
 11
242.8184534945299
 21
158.7047406609302
 31
0.0
  0
SPLINE
  5
1443
330
1F
100
AcDbEntity
  8
0
100
AcDbSpline
210
0.0
220
0.0
230
1.0
 70
     8
 71
     3
 72
     8
 73
     4
 74
     0
 42
0.000000001
 43
0.0000000001
 40
-9.0
 40
-9.0
 40
-9.0
 40
-9.0
 40
-8.0
 40
-8.0
 40
-8.0
 40
-8.0
 10
157.101358061652
 20
158.7045963026432
 30
0.0
 10
157.101358061751
 20
158.9808184276962
 30
0.0
 10
156.8774357865341
 20
159.2047407031453
 30
0.0
 10
156.6012136614818
 20
159.2047407033343
 30
0.0
  0
LINE
  5
1444
330
1F
100
AcDbEntity
  8
0
100
AcDbLine
 10
156.6012136614818
 20
159.2047407033343
 30
0.0
 11
150.3275024672131
 21
159.2047407076382
 31
0.0
  0
SPLINE
  5
1445
330
1F
100
AcDbEntity
  8
0
100
AcDbSpline
210
0.0
220
0.0
230
1.0
 70
     8
 71
     3
 72
     8
 73
     4
 74
     0
 42
0.000000001
 43
0.0000000001
 40
-7.0
 40
-7.0
 40
-7.0
 40
-7.0
 40
-6.0
 40
-6.0
 40
-6.0
 40
-6.0
 10
150.3275024672131
 20
159.2047407076382
 30
0.0
 10
150.051280342089
 20
159.2047407078252
 30
0.0
 10
149.8273580665423
 20
158.9808184325782
 30
0.0
 10
149.8273580663569
 20
158.7045963074613
 30
0.0
  0
LINE
  5
1446
330
1F
100
AcDbEntity
  8
0
100
AcDbLine
 10
149.8273580663569
 20
158.7045963074613
 30
0.0
 11
149.8273580579988
 21
146.2304647785442
 31
0.0
  0
SPLINE
  5
1447
330
1F
100
AcDbEntity
  8
0
100
AcDbSpline
210
0.0
220
0.0
230
1.0
 70
     8
 71
     3
 72
     8
 73
     4
 74
     0
 42
0.000000001
 43
0.0000000001
 40
-5.0
 40
-5.0
 40
-5.0
 40
-5.0
 40
-4.0
 40
-4.0
 40
-4.0
 40
-4.0
 10
149.8273580579988
 20
146.2304647785442
 30
0.0
 10
149.8273580578127
 20
145.9542426534422
 30
0.0
 10
150.0512803330384
 20
145.7303203779012
 30
0.0
 10
150.3275024581415
 20
145.7303203776972
 30
0.0
  0
LINE
  5
1448
330
1F
100
AcDbEntity
  8
0
100
AcDbLine
 10
150.3275024581415
 20
145.7303203776972
 30
0.0
 11
156.601213656524
 21
145.7303203730572
 31
0.0
  0
SPLINE
  5
1449
330
1F
100
AcDbEntity
  8
0
100
AcDbSpline
210
0.0
220
0.0
230
1.0
 70
     8
 71
     3
 72
     8
 73
     4
 74
     0
 42
0.000000001
 43
0.0000000001
 40
-2.0
 40
-2.0
 40
-2.0
 40
-2.0
 40
-1.0
 40
-1.0
 40
-1.0
 40
-1.0
 10
156.601213656524
 20
145.7303203730572
 30
0.0
 10
156.8774357816418
 20
145.7303203729592
 30
0.0
 10
157.1013580571178
 20
145.9542426482752
 30
0.0
 10
157.1013580572166
 20
146.2304647733932
 30
0.0
  0
LINE
  5
1450
330
1F
100
AcDbEntity
  8
0
100
AcDbLine
 10
157.1013580572166
 20
146.2304647733932
 30
0.0
 11
157.101358061652
 21
158.7045963026432
 31
0.0
  0
SPLINE
  5
1451
330
1F
100
AcDbEntity
  8
0
100
AcDbSpline
210
0.0
220
0.0
230
1.0
 70
     8
 71
     3
 72
     8
 73
     4
 74
     0
 42
0.000000001
 43
0.0000000001
 40
-10.0
 40
-10.0
 40
-10.0
 40
-10.0
 40
-9.0
 40
-9.0
 40
-9.0
 40
-9.0
 10
71.37692574401727
 20
158.7045963422212
 30
0.0
 10
71.37692574407225
 20
158.9808184672422
 30
0.0
 10
71.15300346886826
 20
159.2047407426442
 30
0.0
 10
70.87678134384626
 20
159.2047407428342
 30
0.0
  0
LINE
  5
1452
330
1F
100
AcDbEntity
  8
0
100
AcDbLine
 10
70.87678134384626
 20
159.2047407428342
 30
0.0
 11
55.06907015479427
 21
159.2047407536792
 31
0.0
  0
SPLINE
  5
1453
330
1F
100
AcDbEntity
  8
0
100
AcDbSpline
210
0.0
220
0.0
230
1.0
 70
     8
 71
     3
 72
     8
 73
     4
 74
     0
 42
0.000000001
 43
0.0000000001
 40
-8.0
 40
-8.0
 40
-8.0
 40
-8.0
 40
-7.0
 40
-7.0
 40
-7.0
 40
-7.0
 10
55.06907015479427
 20
159.2047407536792
 30
0.0
 10
54.79284802972228
 20
159.2047407538682
 30
0.0
 10
54.56892575419127
 20
158.9808184786962
 30
0.0
 10
54.56892575393826
 20
158.7045963536252
 30
0.0
  0
LINE
  5
1454
330
1F
100
AcDbEntity
  8
0
100
AcDbLine
 10
54.56892575393826
 20
158.7045963536252
 30
0.0
 11
54.56892574251026
 21
146.2304648244912
 31
0.0
  0
SPLINE
  5
1455
330
1F
100
AcDbEntity
  8
0
100
AcDbSpline
210
0.0
220
0.0
230
1.0
 70
     8
 71
     3
 72
     8
 73
     4
 74
     0
 42
0.000000001
 43
0.0000000001
 40
-5.0
 40
-5.0
 40
-5.0
 40
-5.0
 40
-4.0
 40
-4.0
 40
-4.0
 40
-4.0
 10
54.56892574251026
 20
146.2304648244912
 30
0.0
 10
54.56892574230628
 20
145.9542426993752
 30
0.0
 10
54.79284801753727
 20
145.7303204238122
 30
0.0
 10
55.06907014265528
 20
145.7303204236092
 30
0.0
  0
LINE
  5
1456
330
1F
100
AcDbEntity
  8
0
100
AcDbLine
 10
55.06907014265528
 20
145.7303204236092
 30
0.0
 11
70.87678134091326
 21
145.7303204119252
 31
0.0
  0
SPLINE
  5
1457
330
1F
100
AcDbEntity
  8
0
100
AcDbSpline
210
0.0
220
0.0
230
1.0
 70
     8
 71
     3
 72
     8
 73
     4
 74
     0
 42
0.000000001
 43
0.0000000001
 40
-2.0
 40
-2.0
 40
-2.0
 40
-2.0
 40
-1.0
 40
-1.0
 40
-1.0
 40
-1.0
 10
70.87678134091326
 20
145.7303204119252
 30
0.0
 10
71.15300346603027
 20
145.7303204118702
 30
0.0
 10
71.37692574147127
 20
145.9542426872212
 30
0.0
 10
71.37692574152726
 20
146.2304648123372
 30
0.0
  0
LINE
  5
1458
330
1F
100
AcDbEntity
  8
0
100
AcDbLine
 10
71.37692574152726
 20
146.2304648123372
 30
0.0
 11
71.37692574401727
 21
158.7045963422212
 31
0.0
  0
CIRCLE
  5
1459
330
1F
100
AcDbEntity
  8
0
100
AcDbCircle
 10
322.3959105806533
 20
140.5612804395272
 30
0.0
 40
1.24999999968833
  0
SPLINE
  5
1460
330
1F
100
AcDbEntity
  8
0
100
AcDbSpline
210
0.0
220
0.0
230
1.0
 70
     8
 71
     3
 72
     8
 73
     4
 74
     0
 42
0.000000001
 43
0.0000000001
 40
-9.0
 40
-9.0
 40
-9.0
 40
-9.0
 40
-8.0
 40
-8.0
 40
-8.0
 40
-8.0
 10
141.926932126904
 20
139.8112805241522
 30
0.0
 10
141.9269321267551
 20
139.5351381493072
 30
0.0
 10
142.15078975166
 20
139.3112805241592
 30
0.0
 10
142.4269321265046
 20
139.3112805240082
 30
0.0
  0
LINE
  5
1461
330
1F
100
AcDbEntity
  8
0
100
AcDbLine
 10
142.4269321265046
 20
139.3112805240082
 30
0.0
 11
212.0318972526781
 21
139.3112805064292
 31
0.0
  0
SPLINE
  5
1462
330
1F
100
AcDbEntity
  8
0
100
AcDbSpline
210
0.0
220
0.0
230
1.0
 70
     8
 71
     3
 72
     8
 73
     4
 74
     0
 42
0.000000001
 43
0.0000000001
 40
15.0
 40
15.0
 40
15.0
 40
15.0
 40
16.0
 40
16.0
 40
16.0
 40
16.0
 10
212.0318972526781
 20
139.3112805064292
 30
0.0
 10
212.3080396275112
 20
139.3112805062762
 30
0.0
 10
212.5318972526553
 20
139.5351381311612
 30
0.0
 10
212.5318972528274
 20
139.8112805059922
 30
0.0
  0
LINE
  5
1463
330
1F
100
AcDbEntity
  8
0
100
AcDbLine
 10
212.5318972528274
 20
139.8112805059922
 30
0.0
 11
212.5318972537605
 21
141.3112805049212
 31
0.0
  0
SPLINE
  5
1464
330
1F
100
AcDbEntity
  8
0
100
AcDbSpline
210
0.0
220
0.0
230
1.0
 70
     8
 71
     3
 72
     8
 73
     4
 74
     0
 42
0.000000001
 43
0.0000000001
 40
-13.0
 40
-13.0
 40
-13.0
 40
-13.0
 40
-12.0
 40
-12.0
 40
-12.0
 40
-12.0
 10
212.5318972537605
 20
141.3112805049212
 30
0.0
 10
212.5318972539337
 20
141.5874228797772
 30
0.0
 10
212.3080396290269
 20
141.8112805049492
 30
0.0
 10
212.0318972541708
 20
141.8112805051062
 30
0.0
  0
LINE
  5
1465
330
1F
100
AcDbEntity
  8
0
100
AcDbLine
 10
212.0318972541708
 20
141.8112805051062
 30
0.0
 11
142.4269321278733
 21
141.8112805233732
 31
0.0
  0
SPLINE
  5
1466
330
1F
100
AcDbEntity
  8
0
100
AcDbSpline
210
0.0
220
0.0
230
1.0
 70
     8
 71
     3
 72
     8
 73
     4
 74
     0
 42
0.000000001
 43
0.0000000001
 40
-11.0
 40
-11.0
 40
-11.0
 40
-11.0
 40
-10.0
 40
-10.0
 40
-10.0
 40
-10.0
 10
142.4269321278733
 20
141.8112805233732
 30
0.0
 10
142.150789753021
 20
141.8112805235302
 30
0.0
 10
141.9269321278627
 20
141.5874228986192
 30
0.0
 10
141.9269321277132
 20
141.3112805237672
 30
0.0
  0
LINE
  5
1467
330
1F
100
AcDbEntity
  8
0
100
AcDbLine
 10
141.9269321277132
 20
141.3112805237672
 30
0.0
 11
141.926932126904
 21
139.8112805241522
 31
0.0
  0
SPLINE
  5
1468
330
1F
100
AcDbEntity
  8
0
100
AcDbSpline
210
0.0
220
0.0
230
1.0
 70
     8
 71
     3
 72
     8
 73
     4
 74
     0
 42
0.000000001
 43
0.0000000001
 40
-9.0
 40
-9.0
 40
-9.0
 40
-9.0
 40
-8.0
 40
-8.0
 40
-8.0
 40
-8.0
 10
321.7756069394163
 20
159.2047406044662
 30
0.0
 10
321.4994645646843
 20
159.2047406046552
 30
0.0
 10
321.2756069395473
 20
158.9808829799583
 30
0.0
 10
321.2756069391982
 20
158.7047406052262
 30
0.0
  0
LINE
  5
1469
330
1F
100
AcDbEntity
  8
0
100
AcDbLine
 10
321.2756069391982
 20
158.7047406052262
 30
0.0
 11
321.2756069233633
 21
145.0612584614692
 31
0.0
  0
SPLINE
  5
1470
330
1F
100
AcDbEntity
  8
0
100
AcDbSpline
210
0.0
220
0.0
230
1.0
 70
     8
 71
     3
 72
     8
 73
     4
 74
     0
 42
0.000000001
 43
0.0000000001
 40
15.0
 40
15.0
 40
15.0
 40
15.0
 40
16.0
 40
16.0
 40
16.0
 40
16.0
 10
321.2756069233633
 20
145.0612584614692
 30
0.0
 10
321.2756069230123
 20
144.7851160865192
 30
0.0
 10
321.4994645479182
 20
144.5612584611632
 30
0.0
 10
321.7756069228693
 20
144.5612584609592
 30
0.0
  0
LINE
  5
1471
330
1F
100
AcDbEntity
  8
0
100
AcDbLine
 10
321.7756069228693
 20
144.5612584609592
 30
0.0
 11
323.2756069215462
 21
144.5612584598492
 31
0.0
  0
SPLINE
  5
1472
330
1F
100
AcDbEntity
  8
0
100
AcDbSpline
210
0.0
220
0.0
230
1.0
 70
     8
 71
     3
 72
     8
 73
     4
 74
     0
 42
0.000000001
 43
0.0000000001
 40
-13.0
 40
-13.0
 40
-13.0
 40
-13.0
 40
-12.0
 40
-12.0
 40
-12.0
 40
-12.0
 10
323.2756069215462
 20
144.5612584598492
 30
0.0
 10
323.5517492966583
 20
144.5612584596462
 30
0.0
 10
323.7756069219632
 20
144.7851160849252
 30
0.0
 10
323.7756069217913
 20
145.0612584600382
 30
0.0
  0
LINE
  5
1473
330
1F
100
AcDbEntity
  8
0
100
AcDbLine
 10
323.7756069217913
 20
145.0612584600382
 30
0.0
 11
323.7756069139813
 21
158.7047406038742
 31
0.0
  0
SPLINE
  5
1474
330
1F
100
AcDbEntity
  8
0
100
AcDbSpline
210
0.0
220
0.0
230
1.0
 70
     8
 71
     3
 72
     8
 73
     4
 74
     0
 42
0.000000001
 43
0.0000000001
 40
-11.0
 40
-11.0
 40
-11.0
 40
-11.0
 40
-10.0
 40
-10.0
 40
-10.0
 40
-10.0
 10
323.7756069139813
 20
158.7047406038742
 30
0.0
 10
323.7756069138072
 20
158.9808829784652
 30
0.0
 10
323.5517492890383
 20
159.2047406032472
 30
0.0
 10
323.2756069144482
 20
159.2047406034372
 30
0.0
  0
LINE
  5
1475
330
1F
100
AcDbEntity
  8
0
100
AcDbLine
 10
323.2756069144482
 20
159.2047406034372
 30
0.0
 11
321.7756069394163
 21
159.2047406044662
 31
0.0
  0
SPLINE
  5
1476
330
1F
100
AcDbEntity
  8
0
100
AcDbSpline
210
0.0
220
0.0
230
1.0
 70
     8
 71
     3
 72
     8
 73
     4
 74
     0
 42
0.000000001
 43
0.0000000001
 40
-9.0
 40
-9.0
 40
-9.0
 40
-9.0
 40
-8.0
 40
-8.0
 40
-8.0
 40
-8.0
 10
321.7756069394163
 20
136.5613025699522
 30
0.0
 10
321.4994645646843
 20
136.5613025701412
 30
0.0
 10
321.2756069395473
 20
136.3374449454442
 30
0.0
 10
321.2756069391982
 20
136.0613025707112
 30
0.0
  0
LINE
  5
1477
330
1F
100
AcDbEntity
  8
0
100
AcDbLine
 10
321.2756069391982
 20
136.0613025707112
 30
0.0
 11
321.2756069233633
 21
105.5799884875316
 31
0.0
  0
SPLINE
  5
1478
330
1F
100
AcDbEntity
  8
0
100
AcDbSpline
210
0.0
220
0.0
230
1.0
 70
     8
 71
     3
 72
     8
 73
     4
 74
     0
 42
0.000000001
 43
0.0000000001
 40
15.0
 40
15.0
 40
15.0
 40
15.0
 40
16.0
 40
16.0
 40
16.0
 40
16.0
 10
321.2756069233633
 20
105.5799884875316
 30
0.0
 10
321.2756069230123
 20
105.303846112583
 30
0.0
 10
321.4994645479182
 20
105.0799884872259
 30
0.0
 10
321.7756069228693
 20
105.0799884870218
 30
0.0
  0
LINE
  5
1479
330
1F
100
AcDbEntity
  8
0
100
AcDbLine
 10
321.7756069228693
 20
105.0799884870218
 30
0.0
 11
323.2756069215462
 21
105.0799884859129
 31
0.0
  0
SPLINE
  5
1480
330
1F
100
AcDbEntity
  8
0
100
AcDbSpline
210
0.0
220
0.0
230
1.0
 70
     8
 71
     3
 72
     8
 73
     4
 74
     0
 42
0.000000001
 43
0.0000000001
 40
-13.0
 40
-13.0
 40
-13.0
 40
-13.0
 40
-12.0
 40
-12.0
 40
-12.0
 40
-12.0
 10
323.2756069215462
 20
105.0799884859129
 30
0.0
 10
323.5517492966583
 20
105.0799884857089
 30
0.0
 10
323.7756069219632
 20
105.3038461109879
 30
0.0
 10
323.7756069217913
 20
105.5799884861019
 30
0.0
  0
LINE
  5
1481
330
1F
100
AcDbEntity
  8
0
100
AcDbLine
 10
323.7756069217913
 20
105.5799884861019
 30
0.0
 11
323.7756069139813
 21
136.0613025693602
 31
0.0
  0
SPLINE
  5
1482
330
1F
100
AcDbEntity
  8
0
100
AcDbSpline
210
0.0
220
0.0
230
1.0
 70
     8
 71
     3
 72
     8
 73
     4
 74
     0
 42
0.000000001
 43
0.0000000001
 40
-11.0
 40
-11.0
 40
-11.0
 40
-11.0
 40
-10.0
 40
-10.0
 40
-10.0
 40
-10.0
 10
323.7756069139813
 20
136.0613025693602
 30
0.0
 10
323.7756069138072
 20
136.3374449439502
 30
0.0
 10
323.5517492890383
 20
136.5613025687332
 30
0.0
 10
323.2756069144482
 20
136.5613025689232
 30
0.0
  0
LINE
  5
1483
330
1F
100
AcDbEntity
  8
0
100
AcDbLine
 10
323.2756069144482
 20
136.5613025689232
 30
0.0
 11
321.7756069394163
 21
136.5613025699522
 31
0.0
  0
SPLINE
  5
1484
330
1F
100
AcDbEntity
  8
0
100
AcDbSpline
210
0.0
220
0.0
230
1.0
 70
     8
 71
     3
 72
     8
 73
     4
 74
     0
 42
0.000000001
 43
0.0000000001
 40
-9.0
 40
-9.0
 40
-9.0
 40
-9.0
 40
-8.0
 40
-8.0
 40
-8.0
 40
-8.0
 10
321.7756069394163
 20
95.08003269941786
 30
0.0
 10
321.4994645646843
 20
95.08003269960781
 30
0.0
 10
321.2756069395473
 20
94.85617507491019
 30
0.0
 10
321.2756069391982
 20
94.5800327001773
 30
0.0
  0
LINE
  5
1485
330
1F
100
AcDbEntity
  8
0
100
AcDbLine
 10
321.2756069391982
 20
94.5800327001773
 30
0.0
 11
321.2756069233633
 21
45.70503059398521
 31
0.0
  0
SPLINE
  5
1486
330
1F
100
AcDbEntity
  8
0
100
AcDbSpline
210
0.0
220
0.0
230
1.0
 70
     8
 71
     3
 72
     8
 73
     4
 74
     0
 42
0.000000001
 43
0.0000000001
 40
15.0
 40
15.0
 40
15.0
 40
15.0
 40
16.0
 40
16.0
 40
16.0
 40
16.0
 10
321.2756069233633
 20
45.70503059398521
 30
0.0
 10
321.2756069230123
 20
45.42888821903619
 30
0.0
 10
321.4994645479182
 20
45.20503059367917
 30
0.0
 10
321.7756069228693
 20
45.20503059347515
 30
0.0
  0
LINE
  5
1487
330
1F
100
AcDbEntity
  8
0
100
AcDbLine
 10
321.7756069228693
 20
45.20503059347515
 30
0.0
 11
323.2756069215462
 21
45.20503059236619
 31
0.0
  0
SPLINE
  5
1488
330
1F
100
AcDbEntity
  8
0
100
AcDbSpline
210
0.0
220
0.0
230
1.0
 70
     8
 71
     3
 72
     8
 73
     4
 74
     0
 42
0.000000001
 43
0.0000000001
 40
-13.0
 40
-13.0
 40
-13.0
 40
-13.0
 40
-12.0
 40
-12.0
 40
-12.0
 40
-12.0
 10
323.2756069215462
 20
45.20503059236619
 30
0.0
 10
323.5517492966583
 20
45.20503059216219
 30
0.0
 10
323.7756069219632
 20
45.42888821744123
 30
0.0
 10
323.7756069217913
 20
45.7050305925552
 30
0.0
  0
LINE
  5
1489
330
1F
100
AcDbEntity
  8
0
100
AcDbLine
 10
323.7756069217913
 20
45.7050305925552
 30
0.0
 11
323.7756069139813
 21
94.58003269882722
 31
0.0
  0
SPLINE
  5
1490
330
1F
100
AcDbEntity
  8
0
100
AcDbSpline
210
0.0
220
0.0
230
1.0
 70
     8
 71
     3
 72
     8
 73
     4
 74
     0
 42
0.000000001
 43
0.0000000001
 40
-11.0
 40
-11.0
 40
-11.0
 40
-11.0
 40
-10.0
 40
-10.0
 40
-10.0
 40
-10.0
 10
323.7756069139813
 20
94.58003269882722
 30
0.0
 10
323.7756069138072
 20
94.85617507341757
 30
0.0
 10
323.5517492890383
 20
95.08003269819857
 30
0.0
 10
323.2756069144482
 20
95.08003269838857
 30
0.0
  0
LINE
  5
1491
330
1F
100
AcDbEntity
  8
0
100
AcDbLine
 10
323.2756069144482
 20
95.08003269838857
 30
0.0
 11
321.7756069394163
 21
95.08003269941786
 31
0.0
  0
SPLINE
  5
1492
330
1F
100
AcDbEntity
  8
0
100
AcDbSpline
210
0.0
220
0.0
230
1.0
 70
     8
 71
     3
 72
     8
 73
     4
 74
     0
 42
0.000000001
 43
0.0000000001
 40
-9.0
 40
-9.0
 40
-9.0
 40
-9.0
 40
-8.0
 40
-8.0
 40
-8.0
 40
-8.0
 10
222.5318530414515
 20
139.8112804815212
 30
0.0
 10
222.5318530413026
 20
139.5351381066752
 30
0.0
 10
222.7557106662082
 20
139.3112804815272
 30
0.0
 10
223.0318530410527
 20
139.3112804813772
 30
0.0
  0
LINE
  5
1493
330
1F
100
AcDbEntity
  8
0
100
AcDbLine
 10
223.0318530410527
 20
139.3112804813772
 30
0.0
 11
299.0318972526783
 21
139.3112804637971
 31
0.0
  0
SPLINE
  5
1494
330
1F
100
AcDbEntity
  8
0
100
AcDbSpline
210
0.0
220
0.0
230
1.0
 70
     8
 71
     3
 72
     8
 73
     4
 74
     0
 42
0.000000001
 43
0.0000000001
 40
15.0
 40
15.0
 40
15.0
 40
15.0
 40
16.0
 40
16.0
 40
16.0
 40
16.0
 10
299.0318972526783
 20
139.3112804637971
 30
0.0
 10
299.3080396275102
 20
139.3112804636462
 30
0.0
 10
299.5318972526553
 20
139.5351380885282
 30
0.0
 10
299.5318972528273
 20
139.8112804633612
 30
0.0
  0
LINE
  5
1495
330
1F
100
AcDbEntity
  8
0
100
AcDbLine
 10
299.5318972528273
 20
139.8112804633612
 30
0.0
 11
299.5318972537603
 21
141.3112804622892
 31
0.0
  0
SPLINE
  5
1496
330
1F
100
AcDbEntity
  8
0
100
AcDbSpline
210
0.0
220
0.0
230
1.0
 70
     8
 71
     3
 72
     8
 73
     4
 74
     0
 42
0.000000001
 43
0.0000000001
 40
-13.0
 40
-13.0
 40
-13.0
 40
-13.0
 40
-12.0
 40
-12.0
 40
-12.0
 40
-12.0
 10
299.5318972537603
 20
141.3112804622892
 30
0.0
 10
299.5318972539313
 20
141.5874228371452
 30
0.0
 10
299.3080396290272
 20
141.8112804623182
 30
0.0
 10
299.0318972541702
 20
141.8112804624762
 30
0.0
  0
LINE
  5
1497
330
1F
100
AcDbEntity
  8
0
100
AcDbLine
 10
299.0318972541702
 20
141.8112804624762
 30
0.0
 11
223.0318530424222
 21
141.8112804807412
 31
0.0
  0
SPLINE
  5
1498
330
1F
100
AcDbEntity
  8
0
100
AcDbSpline
210
0.0
220
0.0
230
1.0
 70
     8
 71
     3
 72
     8
 73
     4
 74
     0
 42
0.000000001
 43
0.0000000001
 40
-11.0
 40
-11.0
 40
-11.0
 40
-11.0
 40
-10.0
 40
-10.0
 40
-10.0
 40
-10.0
 10
223.0318530424222
 20
141.8112804807412
 30
0.0
 10
222.7557106675699
 20
141.8112804808982
 30
0.0
 10
222.5318530424102
 20
141.5874228559882
 30
0.0
 10
222.5318530422615
 20
141.3112804811362
 30
0.0
  0
LINE
  5
1499
330
1F
100
AcDbEntity
  8
0
100
AcDbLine
 10
222.5318530422615
 20
141.3112804811362
 30
0.0
 11
222.5318530414515
 21
139.8112804815212
 31
0.0
  0
SPLINE
  5
1500
330
1F
100
AcDbEntity
  8
0
100
AcDbSpline
210
0.0
220
0.0
230
1.0
 70
     8
 71
     3
 72
     8
 73
     4
 74
     0
 42
0.000000001
 43
0.0000000001
 40
-9.0
 40
-9.0
 40
-9.0
 40
-9.0
 40
-8.0
 40
-8.0
 40
-8.0
 40
-8.0
 10
326.3958884741872
 20
139.8112804815212
 30
0.0
 10
326.3958884740383
 20
139.5351381066752
 30
0.0
 10
326.6197460989442
 20
139.3112804815272
 30
0.0
 10
326.8958884737882
 20
139.3112804813772
 30
0.0
  0
LINE
  5
1501
330
1F
100
AcDbEntity
  8
0
100
AcDbLine
 10
326.8958884737882
 20
139.3112804813772
 30
0.0
 11
357.5067752526793
 21
139.3112804637971
 31
0.0
  0
SPLINE
  5
1502
330
1F
100
AcDbEntity
  8
0
100
AcDbSpline
210
0.0
220
0.0
230
1.0
 70
     8
 71
     3
 72
     8
 73
     4
 74
     0
 42
0.000000001
 43
0.0000000001
 40
15.0
 40
15.0
 40
15.0
 40
15.0
 40
16.0
 40
16.0
 40
16.0
 40
16.0
 10
357.5067752526793
 20
139.3112804637971
 30
0.0
 10
357.7829176275113
 20
139.3112804636462
 30
0.0
 10
358.0067752526563
 20
139.5351380885282
 30
0.0
 10
358.0067752528283
 20
139.8112804633612
 30
0.0
  0
LINE
  5
1503
330
1F
100
AcDbEntity
  8
0
100
AcDbLine
 10
358.0067752528283
 20
139.8112804633612
 30
0.0
 11
358.0067752537612
 21
141.3112804622892
 31
0.0
  0
SPLINE
  5
1504
330
1F
100
AcDbEntity
  8
0
100
AcDbSpline
210
0.0
220
0.0
230
1.0
 70
     8
 71
     3
 72
     8
 73
     4
 74
     0
 42
0.000000001
 43
0.0000000001
 40
-13.0
 40
-13.0
 40
-13.0
 40
-13.0
 40
-12.0
 40
-12.0
 40
-12.0
 40
-12.0
 10
358.0067752537612
 20
141.3112804622892
 30
0.0
 10
358.0067752539322
 20
141.5874228371452
 30
0.0
 10
357.7829176290283
 20
141.8112804623182
 30
0.0
 10
357.5067752541703
 20
141.8112804624762
 30
0.0
  0
LINE
  5
1505
330
1F
100
AcDbEntity
  8
0
100
AcDbLine
 10
357.5067752541703
 20
141.8112804624762
 30
0.0
 11
326.8958884751583
 21
141.8112804807412
 31
0.0
  0
SPLINE
  5
1506
330
1F
100
AcDbEntity
  8
0
100
AcDbSpline
210
0.0
220
0.0
230
1.0
 70
     8
 71
     3
 72
     8
 73
     4
 74
     0
 42
0.000000001
 43
0.0000000001
 40
-11.0
 40
-11.0
 40
-11.0
 40
-11.0
 40
-10.0
 40
-10.0
 40
-10.0
 40
-10.0
 10
326.8958884751583
 20
141.8112804807412
 30
0.0
 10
326.6197461003053
 20
141.8112804808982
 30
0.0
 10
326.3958884751453
 20
141.5874228559882
 30
0.0
 10
326.3958884749962
 20
141.3112804811362
 30
0.0
  0
LINE
  5
1507
330
1F
100
AcDbEntity
  8
0
100
AcDbLine
 10
326.3958884749962
 20
141.3112804811362
 30
0.0
 11
326.3958884741872
 21
139.8112804815212
 31
0.0
  0
SPLINE
  5
1508
330
1F
100
AcDbEntity
  8
0
100
AcDbSpline
210
0.0
220
0.0
230
1.0
 70
     8
 71
     3
 72
     8
 73
     4
 74
     0
 42
0.000000001
 43
0.0000000001
 40
-9.0
 40
-9.0
 40
-9.0
 40
-9.0
 40
-8.0
 40
-8.0
 40
-8.0
 40
-8.0
 10
309.5318530414523
 20
139.8112804815212
 30
0.0
 10
309.5318530413033
 20
139.5351381066752
 30
0.0
 10
309.7557106662082
 20
139.3112804815272
 30
0.0
 10
310.0318530410533
 20
139.3112804813772
 30
0.0
  0
LINE
  5
1509
330
1F
100
AcDbEntity
  8
0
100
AcDbLine
 10
310.0318530410533
 20
139.3112804813772
 30
0.0
 11
317.8959326860372
 21
139.3112804637971
 31
0.0
  0
SPLINE
  5
1510
330
1F
100
AcDbEntity
  8
0
100
AcDbSpline
210
0.0
220
0.0
230
1.0
 70
     8
 71
     3
 72
     8
 73
     4
 74
     0
 42
0.000000001
 43
0.0000000001
 40
15.0
 40
15.0
 40
15.0
 40
15.0
 40
16.0
 40
16.0
 40
16.0
 40
16.0
 10
317.8959326860372
 20
139.3112804637971
 30
0.0
 10
318.1720750608692
 20
139.3112804636462
 30
0.0
 10
318.3959326860153
 20
139.5351380885282
 30
0.0
 10
318.3959326861873
 20
139.8112804633612
 30
0.0
  0
LINE
  5
1511
330
1F
100
AcDbEntity
  8
0
100
AcDbLine
 10
318.3959326861873
 20
139.8112804633612
 30
0.0
 11
318.3959326871203
 21
141.3112804622892
 31
0.0
  0
SPLINE
  5
1512
330
1F
100
AcDbEntity
  8
0
100
AcDbSpline
210
0.0
220
0.0
230
1.0
 70
     8
 71
     3
 72
     8
 73
     4
 74
     0
 42
0.000000001
 43
0.0000000001
 40
-13.0
 40
-13.0
 40
-13.0
 40
-13.0
 40
-12.0
 40
-12.0
 40
-12.0
 40
-12.0
 10
318.3959326871203
 20
141.3112804622892
 30
0.0
 10
318.3959326872903
 20
141.5874228371452
 30
0.0
 10
318.1720750623863
 20
141.8112804623182
 30
0.0
 10
317.8959326875292
 20
141.8112804624762
 30
0.0
  0
LINE
  5
1513
330
1F
100
AcDbEntity
  8
0
100
AcDbLine
 10
317.8959326875292
 20
141.8112804624762
 30
0.0
 11
310.0318530424222
 21
141.8112804807412
 31
0.0
  0
SPLINE
  5
1514
330
1F
100
AcDbEntity
  8
0
100
AcDbSpline
210
0.0
220
0.0
230
1.0
 70
     8
 71
     3
 72
     8
 73
     4
 74
     0
 42
0.000000001
 43
0.0000000001
 40
-11.0
 40
-11.0
 40
-11.0
 40
-11.0
 40
-10.0
 40
-10.0
 40
-10.0
 40
-10.0
 10
310.0318530424222
 20
141.8112804807412
 30
0.0
 10
309.7557106675703
 20
141.8112804808982
 30
0.0
 10
309.5318530424103
 20
141.5874228559882
 30
0.0
 10
309.5318530422613
 20
141.3112804811362
 30
0.0
  0
LINE
  5
1515
330
1F
100
AcDbEntity
  8
0
100
AcDbLine
 10
309.5318530422613
 20
141.3112804811362
 30
0.0
 11
309.5318530414523
 21
139.8112804815212
 31
0.0
  0
SPLINE
  5
1516
330
1F
100
AcDbEntity
  8
0
100
AcDbSpline
210
0.0
220
0.0
230
1.0
 70
     8
 71
     3
 72
     8
 73
     4
 74
     0
 42
0.000000001
 43
0.0000000001
 40
-9.0
 40
-9.0
 40
-9.0
 40
-9.0
 40
-8.0
 40
-8.0
 40
-8.0
 40
-8.0
 10
368.0067310414543
 20
139.8112804815212
 30
0.0
 10
368.0067310413053
 20
139.5351381066752
 30
0.0
 10
368.2305886662102
 20
139.3112804815272
 30
0.0
 10
368.5067310410552
 20
139.3112804813772
 30
0.0
  0
LINE
  5
1517
330
1F
100
AcDbEntity
  8
0
100
AcDbLine
 10
368.5067310410552
 20
139.3112804813772
 30
0.0
 11
379.2821311617572
 21
139.3112804637971
 31
0.0
  0
SPLINE
  5
1518
330
1F
100
AcDbEntity
  8
0
100
AcDbSpline
210
0.0
220
0.0
230
1.0
 70
     8
 71
     3
 72
     8
 73
     4
 74
     0
 42
0.000000001
 43
0.0000000001
 40
15.0
 40
15.0
 40
15.0
 40
15.0
 40
16.0
 40
16.0
 40
16.0
 40
16.0
 10
379.2821311617572
 20
139.3112804637971
 30
0.0
 10
379.5582735365893
 20
139.3112804636462
 30
0.0
 10
379.7821311617342
 20
139.5351380885282
 30
0.0
 10
379.7821311619073
 20
139.8112804633612
 30
0.0
  0
LINE
  5
1519
330
1F
100
AcDbEntity
  8
0
100
AcDbLine
 10
379.7821311619073
 20
139.8112804633612
 30
0.0
 11
379.7821311628403
 21
141.3112804622892
 31
0.0
  0
SPLINE
  5
1520
330
1F
100
AcDbEntity
  8
0
100
AcDbSpline
210
0.0
220
0.0
230
1.0
 70
     8
 71
     3
 72
     8
 73
     4
 74
     0
 42
0.000000001
 43
0.0000000001
 40
-13.0
 40
-13.0
 40
-13.0
 40
-13.0
 40
-12.0
 40
-12.0
 40
-12.0
 40
-12.0
 10
379.7821311628403
 20
141.3112804622892
 30
0.0
 10
379.7821311630102
 20
141.5874228371452
 30
0.0
 10
379.5582735381063
 20
141.8112804623182
 30
0.0
 10
379.2821311632493
 20
141.8112804624762
 30
0.0
  0
LINE
  5
1521
330
1F
100
AcDbEntity
  8
0
100
AcDbLine
 10
379.2821311632493
 20
141.8112804624762
 30
0.0
 11
368.5067310424242
 21
141.8112804807412
 31
0.0
  0
SPLINE
  5
1522
330
1F
100
AcDbEntity
  8
0
100
AcDbSpline
210
0.0
220
0.0
230
1.0
 70
     8
 71
     3
 72
     8
 73
     4
 74
     0
 42
0.000000001
 43
0.0000000001
 40
-11.0
 40
-11.0
 40
-11.0
 40
-11.0
 40
-10.0
 40
-10.0
 40
-10.0
 40
-10.0
 10
368.5067310424242
 20
141.8112804807412
 30
0.0
 10
368.2305886675723
 20
141.8112804808982
 30
0.0
 10
368.0067310424123
 20
141.5874228559882
 30
0.0
 10
368.0067310422633
 20
141.3112804811362
 30
0.0
  0
LINE
  5
1523
330
1F
100
AcDbEntity
  8
0
100
AcDbLine
 10
368.0067310422631
 20
141.3112804811362
 30
0.0
 11
368.0067310414543
 21
139.8112804815212
 31
0.0
  0
SPLINE
  5
1524
330
1F
100
AcDbEntity
  8
0
100
AcDbSpline
210
0.0
220
0.0
230
1.0
 70
     8
 71
     3
 72
     8
 73
     4
 74
     0
 42
0.000000001
 43
0.0000000001
 40
-13.0
 40
-13.0
 40
-13.0
 40
-13.0
 40
-12.0
 40
-12.0
 40
-12.0
 40
-12.0
 10
60.91885304145228
 20
139.8112805667832
 30
0.0
 10
60.91885304130224
 20
139.5351381919392
 30
0.0
 10
61.14271066620827
 20
139.3112805667902
 30
0.0
 10
61.41885304105227
 20
139.3112805666382
 30
0.0
  0
LINE
  5
1525
330
1F
100
AcDbEntity
  8
0
100
AcDbLine
 10
61.41885304105227
 20
139.3112805666382
 30
0.0
 11
131.4188972526783
 21
139.3112805490602
 31
0.0
  0
SPLINE
  5
1526
330
1F
100
AcDbEntity
  8
0
100
AcDbSpline
210
0.0
220
0.0
230
1.0
 70
     8
 71
     3
 72
     8
 73
     4
 74
     0
 42
0.000000001
 43
0.0000000001
 40
23.0
 40
23.0
 40
23.0
 40
23.0
 40
24.0
 40
24.0
 40
24.0
 40
24.0
 10
131.4188972526783
 20
139.3112805490602
 30
0.0
 10
131.69503962751
 20
139.3112805489082
 30
0.0
 10
131.9188972526555
 20
139.5351381737921
 30
0.0
 10
131.9188972528275
 20
139.8112805486242
 30
0.0
  0
LINE
  5
1527
330
1F
100
AcDbEntity
  8
0
100
AcDbLine
 10
131.9188972528275
 20
139.8112805486242
 30
0.0
 11
131.9188972537606
 21
141.3112805475522
 31
0.0
  0
SPLINE
  5
1528
330
1F
100
AcDbEntity
  8
0
100
AcDbSpline
210
0.0
220
0.0
230
1.0
 70
     8
 71
     3
 72
     8
 73
     4
 74
     0
 42
0.000000001
 43
0.0000000001
 40
-21.0
 40
-21.0
 40
-21.0
 40
-21.0
 40
-20.0
 40
-20.0
 40
-20.0
 40
-20.0
 10
131.9188972537606
 20
141.3112805475522
 30
0.0
 10
131.9188972539325
 20
141.5874229224092
 30
0.0
 10
131.6950396290269
 20
141.8112805475802
 30
0.0
 10
131.4188972541702
 20
141.8112805477382
 30
0.0
  0
LINE
  5
1529
330
1F
100
AcDbEntity
  8
0
100
AcDbLine
 10
131.4188972541702
 20
141.8112805477382
 30
0.0
 11
61.41885304242226
 21
141.8112805660042
 31
0.0
  0
SPLINE
  5
1530
330
1F
100
AcDbEntity
  8
0
100
AcDbSpline
210
0.0
220
0.0
230
1.0
 70
     8
 71
     3
 72
    89
 73
    85
 74
     0
 42
0.000000001
 43
0.0000000001
 40
-19.0
 40
-19.0
 40
-19.0
 40
-19.0
 40
-18.07015319247109
 40
-18.07015319247109
 40
-18.07015319247109
 40
-17.98763801879619
 40
-17.98763801879619
 40
-17.98763801879619
 40
-17.9617929846992
 40
-17.9617929846992
 40
-17.9617929846992
 40
-17.8776432988049
 40
-17.8776432988049
 40
-17.8776432988049
 40
-17.8419176121182
 40
-17.8419176121182
 40
-17.8419176121182
 40
-17.8307222870156
 40
-17.8307222870156
 40
-17.8307222870156
 40
-17.7826475722674
 40
-17.7826475722674
 40
-17.7826475722674
 40
-17.762619071758
 40
-17.762619071758
 40
-17.762619071758
 40
-17.75108520884266
 40
-17.75108520884266
 40
-17.75108520884266
 40
-17.5142166746744
 40
-17.5142166746744
 40
-17.5142166746744
 40
-17.4941046313438
 40
-17.4941046313438
 40
-17.4941046313438
 40
-17.1887423936884
 40
-17.1887423936884
 40
-17.1887423936884
 40
-17.0
 40
-17.0
 40
-17.0
 40
-16.31397185995847
 40
-16.31397185995847
 40
-16.31397185995847
 40
-15.9955882933252
 40
-15.9955882933252
 40
-15.9955882933252
 40
-15.9069975122327
 40
-15.9069975122327
 40
-15.9069975122327
 40
-15.8261415236806
 40
-15.8261415236806
 40
-15.8261415236806
 40
-15.8126655255885
 40
-15.8126655255885
 40
-15.8126655255885
 40
-15.7991895274965
 40
-15.7991895274965
 40
-15.7991895274965
 40
-15.781430557982
 40
-15.781430557982
 40
-15.781430557982
 40
-15.7701153186571
 40
-15.7701153186571
 40
-15.7701153186571
 40
-15.75836109706776
 40
-15.75836109706776
 40
-15.75836109706776
 40
-15.5860729184865
 40
-15.5860729184865
 40
-15.5860729184865
 40
-15.5128138036757
 40
-15.5128138036757
 40
-15.5128138036757
 40
-15.4883309382616
 40
-15.4883309382616
 40
-15.4883309382616
 40
-15.1500594248426
 40
-15.1500594248426
 40
-15.1500594248426
 40
-15.0
 40
-15.0
 40
-15.0
 40
-14.0
 40
-14.0
 40
-14.0
 40
-14.0
 10
61.41885304242226
 20
141.8112805660042
 30
0.0
 10
61.36314499585916
 20
141.8112805660349
 30
0.0
 10
61.30873549690168
 20
141.800416686079
 30
0.0
 10
61.27475838579067
 20
141.7902062399992
 30
0.0
 10
61.27174323619655
 20
141.7893001587773
 30
0.0
 10
61.26903065729218
 20
141.7884568529749
 30
0.0
 10
61.26615360828137
 20
141.7875349769027
 30
0.0
 10
61.26525247184216
 20
141.7872462309975
 30
0.0
 10
61.26430842424435
 20
141.7869408519259
 30
0.0
 10
61.26334246366088
 20
141.7866249802343
 30
0.0
 10
61.26019736122526
 20
141.7855965233346
 30
0.0
 10
61.25681738645326
 20
141.7844513815674
 30
0.0
 10
61.25388076875253
 20
141.78342526316
 30
0.0
 10
61.25263402988747
 20
141.7829896253517
 30
0.0
 10
61.25146700447917
 20
141.7825761516844
 30
0.0
 10
61.25043083637146
 20
141.7822055066987
 30
0.0
 10
61.25010613333825
 20
141.7820893580253
 30
0.0
 10
61.24979427804849
 20
141.7819774232988
 30
0.0
 10
61.24949683872805
 20
141.7818703567102
 30
0.0
 10
61.24821958144906
 20
141.7814105937593
 30
0.0
 10
61.24646833305056
 20
141.7807701811321
 30
0.0
 10
61.24553078651095
 20
141.7804236802849
 30
0.0
 10
61.24514019342166
 20
141.7802793238924
 30
0.0
 10
61.24460090790847
 20
141.7800789989851
 30
0.0
 10
61.24442045980117
 20
141.7800118197238
 30
0.0
 10
61.24431654469626
 20
141.7799731330337
 30
0.0
 10
61.24424338306204
 20
141.7799458989812
 30
0.0
 10
61.24405869086825
 20
141.7798769764112
 30
0.0
 10
61.24341131003678
 20
141.7796353898572
 30
0.0
 10
61.23673428519658
 20
141.7770884273217
 30
0.0
 10
61.23377393427706
 20
141.7759081208242
 30
0.0
 10
61.23352257667836
 20
141.7758079033111
 30
0.0
 10
61.23327528067136
 20
141.7757090717139
 30
0.0
 10
61.23302515977826
 20
141.7756088769609
 30
0.0
 10
61.22922756078034
 20
141.7740876146269
 30
0.0
 10
61.22527733419435
 20
141.7724455259082
 30
0.0
 10
61.22173122370026
 20
141.7709228274317
 30
0.0
 10
61.21953939609224
 20
141.7699816575033
 30
0.0
 10
61.21750144708605
 20
141.7690873352127
 30
0.0
 10
61.21574410463427
 20
141.7683051735922
 30
0.0
 10
61.11652674560568
 20
141.7241453058168
 30
0.0
 10
61.03748735784626
 20
141.6439375781762
 30
0.0
 10
60.99310390286408
 20
141.5722217566438
 30
0.0
 10
60.97250567682647
 20
141.5389386626847
 30
0.0
 10
60.95886299226126
 20
141.508540070574
 30
0.0
 10
60.94937454230404
 20
141.4830179217855
 30
0.0
 10
60.94673436460286
 20
141.4759163395014
 30
0.0
 10
60.94364792211286
 20
141.4671222665204
 30
0.0
 10
60.94046629937384
 20
141.4567990146482
 30
0.0
 10
60.93756246165416
 20
141.4473770779083
 30
0.0
 10
60.93458152287624
 20
141.4366803321372
 30
0.0
 10
60.93181624244465
 20
141.4248492438593
 30
0.0
 10
60.93135536237276
 20
141.4228773958131
 30
0.0
 10
60.93090049649487
 20
141.4208740940473
 30
0.0
 10
60.93045301853047
 20
141.4188400608578
 30
0.0
 10
60.93000554056596
 20
141.4168060276682
 30
0.0
 10
60.92954133041195
 20
141.4146032352868
 30
0.0
 10
60.92949978960786
 20
141.4144053306315
 30
0.0
 10
60.92944504621385
 20
141.4141445274823
 30
0.0
 10
60.92932095330926
 20
141.4135494555972
 30
0.0
 10
60.92929527408455
 20
141.4134258067575
 30
0.0
 10
60.92927891240487
 20
141.4133470231202
 30
0.0
 10
60.92922425541195
 20
141.4130832166543
 30
0.0
 10
60.92921322344267
 20
141.413029865402
 30
0.0
 10
60.92920176348084
 20
141.4129744443525
 30
0.0
 10
60.92919299097937
 20
141.4129324163751
 30
0.0
 10
60.92913412058226
 20
141.4126465129362
 30
0.0
 10
60.92908363235725
 20
141.4124013174245
 30
0.0
 10
60.92838391316675
 20
141.4089658142128
 30
0.0
 10
60.92789661023426
 20
141.4064366102827
 30
0.0
 10
60.92768940285785
 20
141.4053611607503
 30
0.0
 10
60.92748324749766
 20
141.4042707958242
 30
0.0
 10
60.92729815484045
 20
141.4032755456553
 30
0.0
 10
60.92723629771004
 20
141.4029429375423
 30
0.0
 10
60.92717676989437
 20
141.4026209561822
 30
0.0
 10
60.92712025509976
 20
141.4023137182461
 30
0.0
 10
60.92633940919885
 20
141.3980687150637
 30
0.0
 10
60.92560038242684
 20
141.3937098899197
 30
0.0
 10
60.92499933673767
 20
141.3899046045066
 30
0.0
 10
60.92473270899375
 20
141.3882165553573
 30
0.0
 10
60.92449410838458
 20
141.3866485995692
 30
0.0
 10
60.92429022635826
 20
141.385274170355
 30
0.0
 10
60.92065902821033
 20
141.3607951865673
 30
0.0
 10
60.91885304227426
 20
141.3360839997902
 30
0.0
 10
60.91885304226128
 20
141.3112805663972
 30
0.0
  0
LINE
  5
1531
330
1F
100
AcDbEntity
  8
0
100
AcDbLine
 10
60.91885304226128
 20
141.3112805663972
 30
0.0
 11
60.91885304145228
 21
139.8112805667832
 31
0.0
  0
SPLINE
  5
1532
330
1F
100
AcDbEntity
  8
0
100
AcDbSpline
210
0.0
220
0.0
230
1.0
 70
     8
 71
     3
 72
     8
 73
     4
 74
     0
 42
0.000000001
 43
0.0000000001
 40
-13.0
 40
-13.0
 40
-13.0
 40
-13.0
 40
-12.0
 40
-12.0
 40
-12.0
 40
-12.0
 10
36.91926252968026
 20
139.8112805667832
 30
0.0
 10
36.91926252953127
 20
139.5351381919392
 30
0.0
 10
37.14312015443625
 20
139.3112805667902
 30
0.0
 10
37.41926252928127
 20
139.3112805666382
 30
0.0
  0
LINE
  5
1533
330
1F
100
AcDbEntity
  8
0
100
AcDbLine
 10
37.41926252928127
 20
139.3112805666382
 30
0.0
 11
50.41889725267825
 21
139.3112805490602
 31
0.0
  0
SPLINE
  5
1534
330
1F
100
AcDbEntity
  8
0
100
AcDbSpline
210
0.0
220
0.0
230
1.0
 70
     8
 71
     3
 72
     8
 73
     4
 74
     0
 42
0.000000001
 43
0.0000000001
 40
23.0
 40
23.0
 40
23.0
 40
23.0
 40
24.0
 40
24.0
 40
24.0
 40
24.0
 10
50.41889725267825
 20
139.3112805490602
 30
0.0
 10
50.69503962751025
 20
139.3112805489082
 30
0.0
 10
50.91889725265625
 20
139.5351381737921
 30
0.0
 10
50.91889725282825
 20
139.8112805486242
 30
0.0
  0
LINE
  5
1535
330
1F
100
AcDbEntity
  8
0
100
AcDbLine
 10
50.91889725282825
 20
139.8112805486242
 30
0.0
 11
50.91889725376126
 21
141.3112805475522
 31
0.0
  0
SPLINE
  5
1536
330
1F
100
AcDbEntity
  8
0
100
AcDbSpline
210
0.0
220
0.0
230
1.0
 70
     8
 71
     3
 72
     8
 73
     4
 74
     0
 42
0.000000001
 43
0.0000000001
 40
-21.0
 40
-21.0
 40
-21.0
 40
-21.0
 40
-20.0
 40
-20.0
 40
-20.0
 40
-20.0
 10
50.91889725376126
 20
141.3112805475522
 30
0.0
 10
50.91889725393326
 20
141.5874229224092
 30
0.0
 10
50.69503962902726
 20
141.8112805475802
 30
0.0
 10
50.41889725417025
 20
141.8112805477382
 30
0.0
  0
LINE
  5
1537
330
1F
100
AcDbEntity
  8
0
100
AcDbLine
 10
50.41889725417025
 20
141.8112805477382
 30
0.0
 11
37.41926253065026
 21
141.8112805660042
 31
0.0
  0
SPLINE
  5
1538
330
1F
100
AcDbEntity
  8
0
100
AcDbSpline
210
0.0
220
0.0
230
1.0
 70
     8
 71
     3
 72
    71
 73
    67
 74
     0
 42
0.000000001
 43
0.0000000001
 40
-19.0
 40
-19.0
 40
-19.0
 40
-19.0
 40
-18.38275883677949
 40
-18.38275883677949
 40
-18.38275883677949
 40
-18.1418395395355
 40
-18.1418395395355
 40
-18.1418395395355
 40
-18.0622663839404
 40
-18.0622663839404
 40
-18.0622663839404
 40
-17.9060233491816
 40
-17.9060233491816
 40
-17.9060233491816
 40
-17.8275854324231
 40
-17.8275854324231
 40
-17.8275854324231
 40
-17.7790715841575
 40
-17.7790715841575
 40
-17.7790715841575
 40
-17.7625444282942
 40
-17.7625444282942
 40
-17.7625444282942
 40
-17.75047961921741
 40
-17.75047961921741
 40
-17.75047961921741
 40
-17.6117151006568
 40
-17.6117151006568
 40
-17.6117151006568
 40
-17.5352507130747
 40
-17.5352507130747
 40
-17.5352507130747
 40
-17.514216674791
 40
-17.514216674791
 40
-17.514216674791
 40
-17.4848116254883
 40
-17.4848116254883
 40
-17.4848116254883
 40
-17.000000566223
 40
-17.000000566223
 40
-17.000000566223
 40
-16.39959504685975
 40
-16.39959504685975
 40
-16.39959504685975
 40
-16.09939228717812
 40
-16.09939228717812
 40
-16.09939228717812
 40
-15.9365484981196
 40
-15.9365484981196
 40
-15.9365484981196
 40
-15.82463729054879
 40
-15.82463729054879
 40
-15.82463729054879
 40
-15.7991895274965
 40
-15.7991895274965
 40
-15.7991895274965
 40
-15.76011598596944
 40
-15.76011598596944
 40
-15.76011598596944
 40
-15.1540610881176
 40
-15.1540610881176
 40
-15.1540610881176
 40
-15.0
 40
-15.0
 40
-15.0
 40
-14.0
 40
-14.0
 40
-14.0
 40
-14.0
 10
37.41926253065026
 20
141.8112805660042
 30
0.0
 10
37.38228299899237
 20
141.8112805660246
 30
0.0
 10
37.34574736725458
 20
141.8068822669868
 30
0.0
 10
37.31555854028258
 20
141.8005148326827
 30
0.0
 10
37.30377534853827
 20
141.7980295191794
 30
0.0
 10
37.29294667150427
 20
141.7952930720284
 30
0.0
 10
37.28337332764696
 20
141.7925951657383
 30
0.0
 10
37.28021135104726
 20
141.7917040751554
 30
0.0
 10
37.27718610425436
 20
141.7908175748261
 30
0.0
 10
37.27430786206009
 20
141.7899469488332
 30
0.0
 10
37.26865639214086
 20
141.7882374621821
 30
0.0
 10
37.26325068664465
 20
141.7865014827844
 30
0.0
 10
37.25738651555625
 20
141.7844957186606
 30
0.0
 10
37.25444255479417
 20
141.7834887748334
 30
0.0
 10
37.25168622520218
 20
141.7825121847644
 30
0.0
 10
37.24965973524158
 20
141.7817815198307
 30
0.0
 10
37.24840635128487
 20
141.7813296035994
 30
0.0
 10
37.24652980760928
 20
141.7806418570565
 30
0.0
 10
37.24576154896107
 20
141.7803575874338
 30
0.0
 10
37.24549982718727
 20
141.7802607456344
 30
0.0
 10
37.24506074521236
 20
141.7800977106959
 30
0.0
 10
37.24489826704016
 20
141.7800372485969
 30
0.0
 10
37.24477965811886
 20
141.7799931113185
 30
0.0
 10
37.24469152192467
 20
141.7799603224439
 30
0.0
 10
37.24446817909726
 20
141.7798769764112
 30
0.0
 10
37.24402974058194
 20
141.7797133619746
 30
0.0
 10
37.24026689049618
 20
141.7782924831471
 30
0.0
 10
37.23824549610018
 20
141.7775070522541
 30
0.0
 10
37.23713163294434
 20
141.777074250751
 30
0.0
 10
37.23601586326217
 20
141.7766358122866
 30
0.0
 10
37.23499854969944
 20
141.7762322830227
 30
0.0
 10
37.23471870423018
 20
141.7761212790605
 30
0.0
 10
37.23444630307716
 20
141.7760129326035
 30
0.0
 10
37.23418342250986
 20
141.7759081208259
 30
0.0
 10
37.23381592217825
 20
141.775761596633
 30
0.0
 10
37.23345406815747
 20
141.7756168248568
 30
0.0
 10
37.23308752065859
 20
141.7754696713722
 30
0.0
 10
37.22704412724719
 20
141.7730435017715
 30
0.0
 10
37.22066761813045
 20
141.7703142853135
 30
0.0
 10
37.21615359286327
 20
141.7683051735922
 30
0.0
 10
37.12931856773935
 20
141.7296564606524
 30
0.0
 10
37.05717818021145
 20
141.6636168054365
 30
0.0
 10
37.01157081233458
 20
141.5994258574399
 30
0.0
 10
36.98876712839615
 20
141.5673303834418
 30
0.0
 10
36.97210551155075
 20
141.5359553793141
 30
0.0
 10
36.96034716411347
 20
141.5091206634552
 30
0.0
 10
36.95396889546677
 20
141.494564278919
 30
0.0
 10
36.94967650600316
 20
141.4836804604357
 30
0.0
 10
36.94401548015657
 20
141.4666131381639
 30
0.0
 10
36.94012505091595
 20
141.4548839548989
 30
0.0
 10
36.93588770175836
 20
141.440621174005
 30
0.0
 10
36.93207162275576
 20
141.4241877576352
 30
0.0
 10
36.93120387522308
 20
141.420450922916
 30
0.0
 10
36.92998771810596
 20
141.4147790282048
 30
0.0
 10
36.92990927375877
 20
141.414405311203
 30
0.0
 10
36.92978882708334
 20
141.4138314907553
 30
0.0
 10
36.92975601196585
 20
141.4136780465302
 30
0.0
 10
36.92954360881126
 20
141.4126465129362
 30
0.0
 10
36.92935084669637
 20
141.4117103658365
 30
0.0
 10
36.92651304130865
 20
141.3968832016088
 30
0.0
 10
36.92543021489968
 20
141.3900399059309
 30
0.0
 10
36.92515495697268
 20
141.388300318342
 30
0.0
 10
36.92490903357444
 20
141.3866852517352
 30
0.0
 10
36.92469971458735
 20
141.3852741703553
 30
0.0
 10
36.92106851643817
 20
141.3607951865669
 30
0.0
 10
36.91926253050326
 20
141.3360839997902
 30
0.0
 10
36.91926253048928
 20
141.3112805663972
 30
0.0
  0
LINE
  5
1539
330
1F
100
AcDbEntity
  8
0
100
AcDbLine
 10
36.91926253048928
 20
141.3112805663972
 30
0.0
 11
36.91926252968026
 21
139.8112805667832
 31
0.0
  0
LINE
  5
1540
330
1F
100
AcDbEntity
  8
0
100
AcDbLine
 10
307.0673822253072
 20
81.89303055766421
 30
0.0
 11
314.7128845659153
 21
81.89303055732318
 31
0.0
  0
SPLINE
  5
1541
330
1F
100
AcDbEntity
  8
0
100
AcDbSpline
210
0.0
220
0.0
230
1.0
 70
     8
 71
     3
 72
     8
 73
     4
 74
     0
 42
0.000000001
 43
0.0000000001
 40
-38.0
 40
-38.0
 40
-38.0
 40
-38.0
 40
-37.0
 40
-37.0
 40
-37.0
 40
-37.0
 10
314.7128845659153
 20
81.89303055732318
 30
0.0
 10
314.9890269408303
 20
81.89303055731121
 30
0.0
 10
315.2128845659242
 20
82.11688818238522
 30
0.0
 10
315.2128845659373
 20
82.39303055730019
 30
0.0
  0
LINE
  5
1542
330
1F
100
AcDbEntity
  8
0
100
AcDbLine
 10
315.2128845659373
 20
82.39303055730019
 30
0.0
 11
315.2128845674483
 21
116.1053193837201
 31
0.0
  0
SPLINE
  5
1543
330
1F
100
AcDbEntity
  8
0
100
AcDbSpline
210
0.0
220
0.0
230
1.0
 70
     8
 71
     3
 72
     8
 73
     4
 74
     0
 42
0.000000001
 43
0.0000000001
 40
-74.0
 40
-74.0
 40
-74.0
 40
-74.0
 40
-73.0
 40
-73.0
 40
-73.0
 40
-73.0
 10
315.2128845674483
 20
116.1053193837201
 30
0.0
 10
315.2128845674613
 20
116.3813022580953
 30
0.0
 10
314.9891562431222
 20
116.6050305824552
 30
0.0
 10
314.7131733687473
 20
116.6050305824668
 30
0.0
  0
LINE
  5
1544
330
1F
100
AcDbEntity
  8
0
100
AcDbLine
 10
314.7131733687473
 20
116.6050305824669
 30
0.0
 11
299.3567622794985
 21
116.6050305831533
 31
0.0
  0
SPLINE
  5
1545
330
1F
100
AcDbEntity
  8
0
100
AcDbSpline
210
0.0
220
0.0
230
1.0
 70
     8
 71
     3
 72
     8
 73
     4
 74
     0
 42
0.000000001
 43
0.0000000001
 40
-71.0
 40
-71.0
 40
-71.0
 40
-71.0
 40
-70.0
 40
-70.0
 40
-70.0
 40
-70.0
 10
299.3567621967013
 20
116.6050305831533
 30
0.0
 10
299.0806198217863
 20
116.6050305372462
 30
0.0
 10
298.8567622711313
 20
116.3811727918245
 30
0.0
 10
298.8567623629452
 20
116.1050304167154
 30
0.0
  0
LINE
  5
1546
330
1F
100
AcDbEntity
  8
0
100
AcDbLine
 10
298.8567623629452
 20
116.1050304167154
 30
0.0
 11
298.8567666071053
 21
103.3550085457767
 31
0.0
  0
SPLINE
  5
1547
330
1F
100
AcDbEntity
  8
0
100
AcDbSpline
210
0.0
220
0.0
230
1.0
 70
     8
 71
     3
 72
     8
 73
     4
 74
     0
 42
0.000000001
 43
0.0000000001
 40
-69.0
 40
-69.0
 40
-69.0
 40
-69.0
 40
-68.0
 40
-68.0
 40
-68.0
 40
-68.0
 10
298.8567666071053
 20
103.3550085457767
 30
0.0
 10
298.8567666070872
 20
102.940794983404
 30
0.0
 10
299.1925530446983
 20
102.6050085457613
 30
0.0
 10
299.6067666070702
 20
102.6050085457421
 30
0.0
  0
LINE
  5
1548
330
1F
100
AcDbEntity
  8
0
100
AcDbLine
 10
299.6067666070702
 20
102.6050085457421
 30
0.0
 11
300.2630223973093
 21
102.6050060749019
 31
0.0
  0
SPLINE
  5
1549
330
1F
100
AcDbEntity
  8
0
100
AcDbSpline
210
0.0
220
0.0
230
1.0
 70
     8
 71
     3
 72
     8
 73
     4
 74
     0
 42
0.000000001
 43
0.0000000001
 40
-67.0
 40
-67.0
 40
-67.0
 40
-67.0
 40
-66.0
 40
-66.0
 40
-66.0
 40
-66.0
 10
300.2630223973093
 20
102.6050060749019
 30
0.0
 10
300.8153056768073
 20
102.6050039955235
 30
0.0
 10
301.2630186322763
 20
102.1572893543654
 30
0.0
 10
301.2630186322513
 20
101.6050060748639
 30
0.0
  0
LINE
  5
1550
330
1F
100
AcDbEntity
  8
0
100
AcDbLine
 10
301.2630186322513
 20
101.6050060748639
 30
0.0
 11
301.2630186321132
 21
98.53003058306455
 31
0.0
  0
SPLINE
  5
1551
330
1F
100
AcDbEntity
  8
0
100
AcDbSpline
210
0.0
220
0.0
230
1.0
 70
     8
 71
     3
 72
     8
 73
     4
 74
     0
 42
0.000000001
 43
0.0000000001
 40
-65.0
 40
-65.0
 40
-65.0
 40
-65.0
 40
-64.0
 40
-64.0
 40
-64.0
 40
-64.0
 10
301.2630186321132
 20
98.53003058306455
 30
0.0
 10
301.2630186320873
 20
97.97774583323301
 30
0.0
 10
300.8153033818993
 20
97.53003058308436
 30
0.0
 10
300.2630186320683
 20
97.53003058310879
 30
0.0
  0
LINE
  5
1552
330
1F
100
AcDbEntity
  8
0
100
AcDbLine
 10
300.2630186320683
 20
97.53003058310879
 30
0.0
 11
291.1523876373129
 21
97.53003058351948
 31
0.0
  0
SPLINE
  5
1553
330
1F
100
AcDbEntity
  8
0
100
AcDbSpline
210
0.0
220
0.0
230
1.0
 70
     8
 71
     3
 72
     8
 73
     4
 74
     0
 42
0.000000001
 43
0.0000000001
 40
-63.0
 40
-63.0
 40
-63.0
 40
-63.0
 40
-62.0
 40
-62.0
 40
-62.0
 40
-62.0
 10
291.1523876373129
 20
97.53003058351948
 30
0.0
 10
290.9867022123628
 20
97.53003058352721
 30
0.0
 10
290.8523876373199
 20
97.66434515858239
 30
0.0
 10
290.8523876373268
 20
97.83003058353068
 30
0.0
  0
LINE
  5
1554
330
1F
100
AcDbEntity
  8
0
100
AcDbLine
 10
290.8523876373268
 20
97.83003058353068
 30
0.0
 11
290.8523876373778
 21
99.01703060867006
 31
0.0
  0
SPLINE
  5
1555
330
1F
100
AcDbEntity
  8
0
100
AcDbSpline
210
0.0
220
0.0
230
1.0
 70
     8
 71
     3
 72
     8
 73
     4
 74
     0
 42
0.000000001
 43
0.0000000001
 40
-61.0
 40
-61.0
 40
-61.0
 40
-61.0
 40
-60.0
 40
-60.0
 40
-60.0
 40
-60.0
 10
290.8523876373778
 20
99.01703060867006
 30
0.0
 10
290.8523876373899
 20
99.29317298358391
 30
0.0
 10
290.6285300123159
 20
99.51703060867808
 30
0.0
 10
290.3523876373999
 20
99.51703060869078
 30
0.0
  0
LINE
  5
1556
330
1F
100
AcDbEntity
  8
0
100
AcDbLine
 10
290.3523876373999
 20
99.51703060869078
 30
0.0
 11
282.9413773868973
 21
99.51703060902458
 31
0.0
  0
SPLINE
  5
1557
330
1F
100
AcDbEntity
  8
0
100
AcDbSpline
210
0.0
220
0.0
230
1.0
 70
     8
 71
     3
 72
     8
 73
     4
 74
     0
 42
0.000000001
 43
0.0000000001
 40
-58.0
 40
-58.0
 40
-58.0
 40
-58.0
 40
-57.0
 40
-57.0
 40
-57.0
 40
-57.0
 10
282.9413754854198
 20
99.5170306090092
 30
0.0
 10
282.6652331105119
 20
99.51702843669247
 30
0.0
 10
282.4413771883229
 20
99.2931691804198
 30
0.0
 10
282.4413792889438
 20
99.0170268055021
 30
0.0
  0
LINE
  5
1558
330
1F
100
AcDbEntity
  8
0
100
AcDbLine
 10
282.4413792889438
 20
99.0170268055021
 30
0.0
 11
282.4413866068669
 21
98.0550335465158
 31
0.0
  0
SPLINE
  5
1559
330
1F
100
AcDbEntity
  8
0
100
AcDbSpline
210
0.0
220
0.0
230
1.0
 70
     8
 71
     3
 72
     8
 73
     4
 74
     0
 42
0.000000001
 43
0.0000000001
 40
-56.0
 40
-56.0
 40
-56.0
 40
-56.0
 40
-55.0
 40
-55.0
 40
-55.0
 40
-55.0
 10
282.4413866068669
 20
98.0550335465158
 30
0.0
 10
282.4413866068539
 20
97.77889117159938
 30
0.0
 10
282.2175289817599
 20
97.55503354652447
 30
0.0
 10
281.9413866068448
 20
97.55503354653729
 30
0.0
  0
LINE
  5
1560
330
1F
100
AcDbEntity
  8
0
100
AcDbLine
 10
281.9413866068448
 20
97.55503354653729
 30
0.0
 11
280.3067666068449
 21
97.55503354661048
 31
0.0
  0
SPLINE
  5
1561
330
1F
100
AcDbEntity
  8
0
100
AcDbSpline
210
0.0
220
0.0
230
1.0
 70
     8
 71
     3
 72
     8
 73
     4
 74
     0
 42
0.000000001
 43
0.0000000001
 40
-54.0
 40
-54.0
 40
-54.0
 40
-54.0
 40
-53.0
 40
-53.0
 40
-53.0
 40
-53.0
 10
280.3067666068449
 20
97.55503354661048
 30
0.0
 10
280.0306242319289
 20
97.55503354662195
 30
0.0
 10
279.8067666068349
 20
97.33117592154838
 30
0.0
 10
279.8067666068219
 20
97.05503354663187
 30
0.0
  0
LINE
  5
1562
330
1F
100
AcDbEntity
  8
0
100
AcDbLine
 10
279.8067666068219
 20
97.05503354663187
 30
0.0
 11
279.8067666062369
 21
84.05503509537146
 31
0.0
  0
SPLINE
  5
1563
330
1F
100
AcDbEntity
  8
0
100
AcDbSpline
210
0.0
220
0.0
230
1.0
 70
     8
 71
     3
 72
     8
 73
     4
 74
     0
 42
0.000000001
 43
0.0000000001
 40
-52.0
 40
-52.0
 40
-52.0
 40
-52.0
 40
-51.0
 40
-51.0
 40
-51.0
 40
-51.0
 10
279.8067666062369
 20
84.05503509537146
 30
0.0
 10
279.8067666062239
 20
83.77889332527431
 30
0.0
 10
280.0306232873839
 20
83.55503595070331
 30
0.0
 10
280.3067650574799
 20
83.55503509535058
 30
0.0
  0
LINE
  5
1564
330
1F
100
AcDbEntity
  8
0
100
AcDbLine
 10
280.3067650574799
 20
83.55503509535058
 30
0.0
 11
281.9413866062149
 21
83.55503003208587
 31
0.0
  0
SPLINE
  5
1565
330
1F
100
AcDbEntity
  8
0
100
AcDbSpline
210
0.0
220
0.0
230
1.0
 70
     8
 71
     3
 72
     8
 73
     4
 74
     0
 42
0.000000001
 43
0.0000000001
 40
-50.0
 40
-50.0
 40
-50.0
 40
-50.0
 40
-49.0
 40
-49.0
 40
-49.0
 40
-49.0
 10
281.9413866062149
 20
83.55503003208587
 30
0.0
 10
282.2175270401508
 20
83.55503003207308
 30
0.0
 10
282.4413830917529
 20
83.33117398045317
 30
0.0
 10
282.4413830917408
 20
83.05503354651458
 30
0.0
  0
LINE
  5
1566
330
1F
100
AcDbEntity
  8
0
100
AcDbLine
 10
282.4413830917409
 20
83.05503354651458
 30
0.0
 11
282.4413830917139
 21
82.39303055876522
 31
0.0
  0
SPLINE
  5
1567
330
1F
100
AcDbEntity
  8
0
100
AcDbSpline
210
0.0
220
0.0
230
1.0
 70
     8
 71
     3
 72
     8
 73
     4
 74
     0
 42
0.000000001
 43
0.0000000001
 40
-48.0
 40
-48.0
 40
-48.0
 40
-48.0
 40
-47.0
 40
-47.0
 40
-47.0
 40
-47.0
 10
282.4413830917139
 20
82.39303055876522
 30
0.0
 10
282.4413830917019
 20
82.11688818385118
 30
0.0
 10
282.6652407167759
 20
81.89303055875518
 30
0.0
 10
282.9413830916918
 20
81.89303055874418
 30
0.0
  0
LINE
  5
1568
330
1F
100
AcDbEntity
  8
0
100
AcDbLine
 10
282.9413830916918
 20
81.89303055874418
 30
0.0
 11
290.3598875051069
 21
81.89303055841619
 31
0.0
  0
SPLINE
  5
1569
330
1F
100
AcDbEntity
  8
0
100
AcDbSpline
210
0.0
220
0.0
230
1.0
 70
     8
 71
     3
 72
     8
 73
     4
 74
     0
 42
0.000000001
 43
0.0000000001
 40
-46.0
 40
-46.0
 40
-46.0
 40
-46.0
 40
-45.0
 40
-45.0
 40
-45.0
 40
-45.0
 10
290.3598875051069
 20
81.89303055841619
 30
0.0
 10
290.6360298800229
 20
81.8930305583992
 30
0.0
 10
290.8598875051168
 20
82.11688818347321
 30
0.0
 10
290.8598875051298
 20
82.3930305583892
 30
0.0
  0
LINE
  5
1570
330
1F
100
AcDbEntity
  8
0
100
AcDbLine
 10
290.8598875051298
 20
82.3930305583892
 30
0.0
 11
290.8598875051688
 21
83.2800305835323
 31
0.0
  0
SPLINE
  5
1571
330
1F
100
AcDbEntity
  8
0
100
AcDbSpline
210
0.0
220
0.0
230
1.0
 70
     8
 71
     3
 72
     8
 73
     4
 74
     0
 42
0.000000001
 43
0.0000000001
 40
-44.0
 40
-44.0
 40
-44.0
 40
-44.0
 40
-43.0
 40
-43.0
 40
-43.0
 40
-43.0
 10
290.8598875051688
 20
83.2800305835323
 30
0.0
 10
290.8598875051769
 20
83.44571600848189
 30
0.0
 10
290.9942020802338
 20
83.58003058352556
 30
0.0
 10
291.1598875051839
 20
83.5800305835192
 30
0.0
  0
LINE
  5
1572
330
1F
100
AcDbEntity
  8
0
100
AcDbLine
 10
291.1598875051839
 20
83.5800305835192
 30
0.0
 11
306.2672955849982
 21
83.5800305828403
 31
0.0
  0
SPLINE
  5
1573
330
1F
100
AcDbEntity
  8
0
100
AcDbSpline
210
0.0
220
0.0
230
1.0
 70
     8
 71
     3
 72
     8
 73
     4
 74
     0
 42
0.000000001
 43
0.0000000001
 40
-42.0
 40
-42.0
 40
-42.0
 40
-42.0
 40
-41.0
 40
-41.0
 40
-41.0
 40
-41.0
 10
306.2672955849982
 20
83.5800305828403
 30
0.0
 10
306.4330288601103
 20
83.58003058283248
 30
0.0
 10
306.5673822253752
 20
83.44567721755419
 30
0.0
 10
306.5673822253682
 20
83.27994394244331
 30
0.0
  0
LINE
  5
1574
330
1F
100
AcDbEntity
  8
0
100
AcDbLine
 10
306.5673822253682
 20
83.27994394244331
 30
0.0
 11
306.5673822253292
 21
82.3930305576882
 31
0.0
  0
SPLINE
  5
1575
330
1F
100
AcDbEntity
  8
0
100
AcDbSpline
210
0.0
220
0.0
230
1.0
 70
     8
 71
     3
 72
     8
 73
     4
 74
     0
 42
0.000000001
 43
0.0000000001
 40
-40.0
 40
-40.0
 40
-40.0
 40
-40.0
 40
-39.0
 40
-39.0
 40
-39.0
 40
-39.0
 10
306.5673822253292
 20
82.3930305576882
 30
0.0
 10
306.5673822253153
 20
82.11688818277119
 30
0.0
 10
306.7912398503913
 20
81.89303055767718
 30
0.0
 10
307.0673822253072
 20
81.89303055766421
 30
0.0
  0
LINE
  5
1576
330
1F
100
AcDbEntity
  8
0
100
AcDbLine
 10
275.5442625287989
 20
102.6050305842258
 30
0.0
 11
288.5442625287989
 21
102.605030583643
 31
0.0
  0
SPLINE
  5
1577
330
1F
100
AcDbEntity
  8
0
100
AcDbSpline
210
0.0
220
0.0
230
1.0
 70
     8
 71
     3
 72
     8
 73
     4
 74
     0
 42
0.000000001
 43
0.0000000001
 40
-8.0
 40
-8.0
 40
-8.0
 40
-8.0
 40
-7.0
 40
-7.0
 40
-7.0
 40
-7.0
 10
288.5442625287989
 20
102.605030583643
 30
0.0
 10
288.8204049037149
 20
102.6050305836303
 30
0.0
 10
289.0442625288089
 20
102.8288882087052
 30
0.0
 10
289.0442625288218
 20
103.1050305836203
 30
0.0
  0
LINE
  5
1578
330
1F
100
AcDbEntity
  8
0
100
AcDbLine
 10
289.0442625288218
 20
103.1050305836203
 30
0.0
 11
289.0442625294058
 21
116.1050305836202
 31
0.0
  0
SPLINE
  5
1579
330
1F
100
AcDbEntity
  8
0
100
AcDbSpline
210
0.0
220
0.0
230
1.0
 70
     8
 71
     3
 72
     8
 73
     4
 74
     0
 42
0.000000001
 43
0.0000000001
 40
-14.0
 40
-14.0
 40
-14.0
 40
-14.0
 40
-13.0
 40
-13.0
 40
-13.0
 40
-13.0
 10
289.0442625294058
 20
116.1050305836202
 30
0.0
 10
289.0442625294178
 20
116.3811729585353
 30
0.0
 10
288.8204049043438
 20
116.6050305836308
 30
0.0
 10
288.5442625294288
 20
116.6050305836435
 30
0.0
  0
LINE
  5
1580
330
1F
100
AcDbEntity
  8
0
100
AcDbLine
 10
288.5442625294288
 20
116.6050305836435
 30
0.0
 11
275.5442625294278
 21
116.605030584225
 31
0.0
  0
SPLINE
  5
1581
330
1F
100
AcDbEntity
  8
0
100
AcDbSpline
210
0.0
220
0.0
230
1.0
 70
     8
 71
     3
 72
     8
 73
     4
 74
     0
 42
0.000000001
 43
0.0000000001
 40
-12.0
 40
-12.0
 40
-12.0
 40
-12.0
 40
-11.0
 40
-11.0
 40
-11.0
 40
-11.0
 10
275.5442625294278
 20
116.605030584225
 30
0.0
 10
275.2681201545129
 20
116.6050305842378
 30
0.0
 10
275.0442625294178
 20
116.3811729591629
 30
0.0
 10
275.0442625294058
 20
116.1050305842477
 30
0.0
  0
LINE
  5
1582
330
1F
100
AcDbEntity
  8
0
100
AcDbLine
 10
275.0442625294058
 20
116.1050305842477
 30
0.0
 11
275.0442625288219
 21
103.1050305842492
 31
0.0
  0
SPLINE
  5
1583
330
1F
100
AcDbEntity
  8
0
100
AcDbSpline
210
0.0
220
0.0
230
1.0
 70
     8
 71
     3
 72
     8
 73
     4
 74
     0
 42
0.000000001
 43
0.0000000001
 40
-10.0
 40
-10.0
 40
-10.0
 40
-10.0
 40
-9.0
 40
-9.0
 40
-9.0
 40
-9.0
 10
275.0442625288219
 20
103.1050305842492
 30
0.0
 10
275.0442625288089
 20
102.828888209334
 30
0.0
 10
275.2681201538838
 20
102.6050305842386
 30
0.0
 10
275.5442625287989
 20
102.6050305842258
 30
0.0
  0
LINE
  5
1584
330
1F
100
AcDbEntity
  8
0
100
AcDbLine
 10
78.00350369650427
 20
65.2642689641072
 30
0.0
 11
78.00350369706426
 21
77.74579222210121
 31
0.0
  0
SPLINE
  5
1585
330
1F
100
AcDbEntity
  8
0
100
AcDbSpline
210
0.0
220
0.0
230
1.0
 70
     8
 71
     3
 72
    11
 73
     7
 74
     0
 42
0.000000001
 43
0.0000000001
 40
-7.0
 40
-7.0
 40
-7.0
 40
-7.0
 40
-5.999997503910119
 40
-5.999997503910119
 40
-5.999997503910119
 40
-5.0
 40
-5.0
 40
-5.0
 40
-5.0
 10
78.00350369706426
 20
77.74579222210121
 30
0.0
 10
78.00350369708326
 20
78.16510904254207
 30
0.0
 10
77.66357775628796
 20
78.50503059312117
 30
0.0
 10
77.24426380761525
 20
78.50503059313919
 30
0.0
 10
76.82495347068424
 20
78.50503059315818
 30
0.0
 10
76.48502543659326
 20
78.16510694931071
 30
0.0
 10
76.48502543657525
 20
77.74579222216917
 30
0.0
  0
LINE
  5
1586
330
1F
100
AcDbEntity
  8
0
100
AcDbLine
 10
76.48502543657525
 20
77.74579222216917
 30
0.0
 11
76.48502543601427
 21
65.26426896417721
 31
0.0
  0
SPLINE
  5
1587
330
1F
100
AcDbEntity
  8
0
100
AcDbSpline
210
0.0
220
0.0
230
1.0
 70
     8
 71
     3
 72
    11
 73
     7
 74
     0
 42
0.000000001
 43
0.0000000001
 40
-10.0
 40
-10.0
 40
-10.0
 40
-10.0
 40
-8.999997503613162
 40
-8.999997503613162
 40
-8.999997503613162
 40
-8.0
 40
-8.0
 40
-8.0
 40
-8.0
 10
76.48502543601427
 20
65.26426896417721
 30
0.0
 10
76.48502543599526
 20
64.84495214360982
 30
0.0
 10
76.82495138075918
 20
64.50503059315519
 30
0.0
 10
77.24426532546425
 20
64.50503059313621
 30
0.0
 10
77.66357565817667
 20
64.50503059311819
 30
0.0
 10
78.00350369648626
 20
64.8449542370912
 30
0.0
 10
78.00350369650427
 20
65.2642689641072
 30
0.0
  0
LINE
  5
1588
330
1F
100
AcDbEntity
  8
0
100
AcDbLine
 10
278.0410036973588
 20
84.31426895511748
 30
0.0
 11
278.0410036979179
 21
96.79579221310959
 31
0.0
  0
SPLINE
  5
1589
330
1F
100
AcDbEntity
  8
0
100
AcDbSpline
210
0.0
220
0.0
230
1.0
 70
     8
 71
     3
 72
    11
 73
     7
 74
     0
 42
0.000000001
 43
0.0000000001
 40
-7.0
 40
-7.0
 40
-7.0
 40
-7.0
 40
-5.999997503612563
 40
-5.999997503612563
 40
-5.999997503612563
 40
-5.0
 40
-5.0
 40
-5.0
 40
-5.0
 10
278.0410036979179
 20
96.79579221310959
 30
0.0
 10
278.0410036979379
 20
97.21510903367708
 30
0.0
 10
277.7010777531741
 20
97.55503058412978
 30
0.0
 10
277.2817638084689
 20
97.55503058414909
 30
0.0
 10
276.8624534757568
 20
97.55503058416827
 30
0.0
 10
276.5225254374489
 20
97.21510694019588
 30
0.0
 10
276.5225254374288
 20
96.79579221317755
 30
0.0
  0
LINE
  5
1590
330
1F
100
AcDbEntity
  8
0
100
AcDbLine
 10
276.5225254374288
 20
96.79579221317755
 30
0.0
 11
276.5225254368689
 21
84.31426895518546
 31
0.0
  0
SPLINE
  5
1591
330
1F
100
AcDbEntity
  8
0
100
AcDbSpline
210
0.0
220
0.0
230
1.0
 70
     8
 71
     3
 72
    11
 73
     7
 74
     0
 42
0.000000001
 43
0.0000000001
 40
-10.0
 40
-10.0
 40
-10.0
 40
-10.0
 40
-8.999997503912549
 40
-8.999997503912549
 40
-8.999997503912549
 40
-8.0
 40
-8.0
 40
-8.0
 40
-8.0
 10
276.5225254368689
 20
84.31426895518546
 30
0.0
 10
276.5225254368508
 20
83.89495213474498
 30
0.0
 10
276.8624513776432
 20
83.5550305841653
 30
0.0
 10
277.2817653263169
 20
83.55503058414601
 30
0.0
 10
277.7010756632519
 20
83.55503058412683
 30
0.0
 10
278.0410036973378
 20
83.89495422797532
 30
0.0
 10
278.0410036973588
 20
84.31426895511748
 30
0.0
  0
LINE
  5
1592
330
1F
100
AcDbEntity
  8
0
100
AcDbLine
 10
318.3785016588042
 20
84.31426895511748
 30
0.0
 11
318.3785016593642
 21
96.79579221310959
 31
0.0
  0
SPLINE
  5
1593
330
1F
100
AcDbEntity
  8
0
100
AcDbSpline
210
0.0
220
0.0
230
1.0
 70
     8
 71
     3
 72
    11
 73
     7
 74
     0
 42
0.000000001
 43
0.0000000001
 40
-7.0
 40
-7.0
 40
-7.0
 40
-7.0
 40
-5.999997503609188
 40
-5.999997503609188
 40
-5.999997503609188
 40
-5.0
 40
-5.0
 40
-5.0
 40
-5.0
 10
318.3785016593642
 20
96.79579221310959
 30
0.0
 10
318.3785016593833
 20
97.21510903367869
 30
0.0
 10
318.0385757146166
 20
97.55503058412978
 30
0.0
 10
317.6192617699143
 20
97.55503058414909
 30
0.0
 10
317.19995143721
 20
97.55503058416827
 30
0.0
 10
316.8600233988943
 20
97.21510694019409
 30
0.0
 10
316.8600233988753
 20
96.79579221317755
 30
0.0
  0
LINE
  5
1594
330
1F
100
AcDbEntity
  8
0
100
AcDbLine
 10
316.8600233988753
 20
96.79579221317755
 30
0.0
 11
316.8600233983142
 21
84.31426895518546
 31
0.0
  0
SPLINE
  5
1595
330
1F
100
AcDbEntity
  8
0
100
AcDbSpline
210
0.0
220
0.0
230
1.0
 70
     8
 71
     3
 72
    11
 73
     7
 74
     0
 42
0.000000001
 43
0.0000000001
 40
-10.0
 40
-10.0
 40
-10.0
 40
-10.0
 40
-8.9999975036174
 40
-8.9999975036174
 40
-8.9999975036174
 40
-8.0
 40
-8.0
 40
-8.0
 40
-8.0
 10
316.8600233983142
 20
84.31426895518546
 30
0.0
 10
316.8600233982962
 20
83.89495213462131
 30
0.0
 10
317.1999493430541
 20
83.5550305841653
 30
0.0
 10
317.6192632877633
 20
83.55503058414601
 30
0.0
 10
318.0385736204863
 20
83.55503058412683
 30
0.0
 10
318.3785016587843
 20
83.89495422809906
 30
0.0
 10
318.3785016588042
 20
84.31426895511748
 30
0.0
  0
LINE
  5
1596
330
1F
100
AcDbEntity
  8
0
100
AcDbLine
 10
203.6067625285738
 20
97.5550305874526
 30
0.0
 11
203.6067625279668
 21
84.05503058745367
 31
0.0
  0
SPLINE
  5
1597
330
1F
100
AcDbEntity
  8
0
100
AcDbSpline
210
0.0
220
0.0
230
1.0
 70
     8
 71
     3
 72
     8
 73
     4
 74
     0
 42
0.000000001
 43
0.0000000001
 40
-7.0
 40
-7.0
 40
-7.0
 40
-7.0
 40
-6.0
 40
-6.0
 40
-6.0
 40
-6.0
 10
203.6067625279668
 20
84.05503058745367
 30
0.0
 10
203.6067625279552
 20
83.77888821253847
 30
0.0
 10
203.8306201530288
 20
83.5550305874443
 30
0.0
 10
204.1067625279453
 20
83.55503058743147
 30
0.0
  0
LINE
  5
1598
330
1F
100
AcDbEntity
  8
0
100
AcDbLine
 10
204.1067625279453
 20
83.55503058743147
 30
0.0
 11
217.1067625279435
 21
83.55503058684631
 31
0.0
  0
SPLINE
  5
1599
330
1F
100
AcDbEntity
  8
0
100
AcDbSpline
210
0.0
220
0.0
230
1.0
 70
     8
 71
     3
 72
     8
 73
     4
 74
     0
 42
0.000000001
 43
0.0000000001
 40
-12.0
 40
-12.0
 40
-12.0
 40
-12.0
 40
-11.0
 40
-11.0
 40
-11.0
 40
-11.0
 10
217.1067625279435
 20
83.55503058684631
 30
0.0
 10
217.3829049028586
 20
83.55503058683471
 30
0.0
 10
217.6067625279527
 20
83.77888821190955
 30
0.0
 10
217.6067625279655
 20
84.05503058682478
 30
0.0
  0
LINE
  5
1600
330
1F
100
AcDbEntity
  8
0
100
AcDbLine
 10
217.6067625279655
 20
84.05503058682478
 30
0.0
 11
217.6067625285496
 21
97.05503058682456
 31
0.0
  0
SPLINE
  5
1601
330
1F
100
AcDbEntity
  8
0
100
AcDbSpline
210
0.0
220
0.0
230
1.0
 70
     8
 71
     3
 72
     8
 73
     4
 74
     0
 42
0.000000001
 43
0.0000000001
 40
-10.0
 40
-10.0
 40
-10.0
 40
-10.0
 40
-9.0
 40
-9.0
 40
-9.0
 40
-9.0
 10
217.6067625285496
 20
97.05503058682456
 30
0.0
 10
217.6067625285624
 20
97.33117296173981
 30
0.0
 10
217.3829049034875
 20
97.55503058683505
 30
0.0
 10
217.1067625285723
 20
97.55503058684681
 30
0.0
  0
LINE
  5
1602
330
1F
100
AcDbEntity
  8
0
100
AcDbLine
 10
217.1067625285723
 20
97.55503058684681
 30
0.0
 11
203.6067625285738
 21
97.5550305874526
 31
0.0
  0
LINE
  5
1603
330
1F
100
AcDbEntity
  8
0
100
AcDbLine
 10
327.9321311425033
 20
45.45503058186921
 30
0.0
 11
340.9321311425042
 21
45.4550305812832
 31
0.0
  0
SPLINE
  5
1604
330
1F
100
AcDbEntity
  8
0
100
AcDbSpline
210
0.0
220
0.0
230
1.0
 70
     8
 71
     3
 72
     8
 73
     4
 74
     0
 42
0.000000001
 43
0.0000000001
 40
-8.0
 40
-8.0
 40
-8.0
 40
-8.0
 40
-7.0
 40
-7.0
 40
-7.0
 40
-7.0
 10
340.9321311425042
 20
45.4550305812832
 30
0.0
 10
341.2082735174192
 20
45.45503058127218
 30
0.0
 10
341.4321311425152
 20
45.67888820634618
 30
0.0
 10
341.4321311425273
 20
45.95503058126121
 30
0.0
  0
LINE
  5
1605
330
1F
100
AcDbEntity
  8
0
100
AcDbLine
 10
341.4321311425273
 20
45.95503058126121
 30
0.0
 11
341.4321311431113
 21
58.95503058126621
 31
0.0
  0
SPLINE
  5
1606
330
1F
100
AcDbEntity
  8
0
100
AcDbSpline
210
0.0
220
0.0
230
1.0
 70
     8
 71
     3
 72
     8
 73
     4
 74
     0
 42
0.000000001
 43
0.0000000001
 40
-14.0
 40
-14.0
 40
-14.0
 40
-14.0
 40
-13.0
 40
-13.0
 40
-13.0
 40
-13.0
 10
341.4321311431113
 20
58.95503058126621
 30
0.0
 10
341.4321311431243
 20
59.23117295618121
 30
0.0
 10
341.2082735180493
 20
59.45503058127522
 30
0.0
 10
340.9321311431343
 20
59.45503058128818
 30
0.0
  0
LINE
  5
1607
330
1F
100
AcDbEntity
  8
0
100
AcDbLine
 10
340.9321311431343
 20
59.45503058128818
 30
0.0
 11
327.9321311431332
 21
59.45503058187322
 31
0.0
  0
SPLINE
  5
1608
330
1F
100
AcDbEntity
  8
0
100
AcDbSpline
210
0.0
220
0.0
230
1.0
 70
     8
 71
     3
 72
     8
 73
     4
 74
     0
 42
0.000000001
 43
0.0000000001
 40
-12.0
 40
-12.0
 40
-12.0
 40
-12.0
 40
-11.0
 40
-11.0
 40
-11.0
 40
-11.0
 10
327.9321311431332
 20
59.45503058187322
 30
0.0
 10
327.6559887682183
 20
59.45503058188518
 30
0.0
 10
327.4321311431223
 20
59.23117295681018
 30
0.0
 10
327.4321311431113
 20
58.95503058189522
 30
0.0
  0
LINE
  5
1609
330
1F
100
AcDbEntity
  8
0
100
AcDbLine
 10
327.4321311431113
 20
58.95503058189522
 30
0.0
 11
327.4321311425252
 21
45.9550305818912
 31
0.0
  0
SPLINE
  5
1610
330
1F
100
AcDbEntity
  8
0
100
AcDbSpline
210
0.0
220
0.0
230
1.0
 70
     8
 71
     3
 72
     8
 73
     4
 74
     0
 42
0.000000001
 43
0.0000000001
 40
-10.0
 40
-10.0
 40
-10.0
 40
-10.0
 40
-9.0
 40
-9.0
 40
-9.0
 40
-9.0
 10
327.4321311425252
 20
45.9550305818912
 30
0.0
 10
327.4321311425143
 20
45.67888820697618
 30
0.0
 10
327.6559887675893
 20
45.45503058188018
 30
0.0
 10
327.9321311425033
 20
45.45503058186921
 30
0.0
  0
LINE
  5
1611
330
1F
100
AcDbEntity
  8
0
100
AcDbLine
 10
360.4821311450962
 20
103.1050305804106
 30
0.0
 11
360.4821311456802
 21
116.1050305804079
 31
0.0
  0
SPLINE
  5
1612
330
1F
100
AcDbEntity
  8
0
100
AcDbSpline
210
0.0
220
0.0
230
1.0
 70
     8
 71
     3
 72
     8
 73
     4
 74
     0
 42
0.000000001
 43
0.0000000001
 40
-8.0
 40
-8.0
 40
-8.0
 40
-8.0
 40
-7.0
 40
-7.0
 40
-7.0
 40
-7.0
 10
360.4821311456802
 20
116.1050305804079
 30
0.0
 10
360.4821311456912
 20
116.381172955323
 30
0.0
 10
360.2582735206163
 20
116.6050305804158
 30
0.0
 10
359.9821311457023
 20
116.6050305804287
 30
0.0
  0
LINE
  5
1613
330
1F
100
AcDbEntity
  8
0
100
AcDbLine
 10
359.9821311457023
 20
116.6050305804287
 30
0.0
 11
346.9821311457013
 21
116.6050305810139
 31
0.0
  0
SPLINE
  5
1614
330
1F
100
AcDbEntity
  8
0
100
AcDbSpline
210
0.0
220
0.0
230
1.0
 70
     8
 71
     3
 72
     8
 73
     4
 74
     0
 42
0.000000001
 43
0.0000000001
 40
-14.0
 40
-14.0
 40
-14.0
 40
-14.0
 40
-13.0
 40
-13.0
 40
-13.0
 40
-13.0
 10
346.9821311457013
 20
116.6050305810139
 30
0.0
 10
346.7059887707862
 20
116.6050305810254
 30
0.0
 10
346.4821311456923
 20
116.3811729559519
 30
0.0
 10
346.4821311456792
 20
116.1050305810367
 30
0.0
  0
LINE
  5
1615
330
1F
100
AcDbEntity
  8
0
100
AcDbLine
 10
346.4821311456792
 20
116.1050305810367
 30
0.0
 11
346.4821311450943
 21
103.1050305810381
 31
0.0
  0
SPLINE
  5
1616
330
1F
100
AcDbEntity
  8
0
100
AcDbSpline
210
0.0
220
0.0
230
1.0
 70
     8
 71
     3
 72
     8
 73
     4
 74
     0
 42
0.000000001
 43
0.0000000001
 40
-12.0
 40
-12.0
 40
-12.0
 40
-12.0
 40
-11.0
 40
-11.0
 40
-11.0
 40
-11.0
 10
346.4821311450943
 20
103.1050305810381
 30
0.0
 10
346.4821311450823
 20
102.8288882061229
 30
0.0
 10
346.7059887701573
 20
102.6050305810289
 30
0.0
 10
346.9821311450723
 20
102.6050305810159
 30
0.0
  0
LINE
  5
1617
330
1F
100
AcDbEntity
  8
0
100
AcDbLine
 10
346.9821311450723
 20
102.6050305810159
 30
0.0
 11
359.9821311450722
 21
102.6050305804333
 31
0.0
  0
SPLINE
  5
1618
330
1F
100
AcDbEntity
  8
0
100
AcDbSpline
210
0.0
220
0.0
230
1.0
 70
     8
 71
     3
 72
     8
 73
     4
 74
     0
 42
0.000000001
 43
0.0000000001
 40
-10.0
 40
-10.0
 40
-10.0
 40
-10.0
 40
-9.0
 40
-9.0
 40
-9.0
 40
-9.0
 10
359.9821311450722
 20
102.6050305804333
 30
0.0
 10
360.2582735199892
 20
102.6050305804205
 30
0.0
 10
360.4821311450832
 20
102.8288882054953
 30
0.0
 10
360.4821311450962
 20
103.1050305804106
 30
0.0
  0
LINE
  5
1619
330
1F
100
AcDbEntity
  8
0
100
AcDbLine
 10
340.9321311457023
 20
116.6050305812873
 30
0.0
 11
327.9321311457023
 21
116.6050305818725
 31
0.0
  0
SPLINE
  5
1620
330
1F
100
AcDbEntity
  8
0
100
AcDbSpline
210
0.0
220
0.0
230
1.0
 70
     8
 71
     3
 72
     8
 73
     4
 74
     0
 42
0.000000001
 43
0.0000000001
 40
-8.0
 40
-8.0
 40
-8.0
 40
-8.0
 40
-7.0
 40
-7.0
 40
-7.0
 40
-7.0
 10
327.9321311457023
 20
116.6050305818725
 30
0.0
 10
327.6559887707872
 20
116.605030581884
 30
0.0
 10
327.4321311456923
 20
116.3811729568092
 30
0.0
 10
327.4321311456782
 20
116.105030581894
 30
0.0
  0
LINE
  5
1621
330
1F
100
AcDbEntity
  8
0
100
AcDbLine
 10
327.4321311456782
 20
116.105030581894
 30
0.0
 11
327.4321311450963
 21
103.1050305818942
 31
0.0
  0
SPLINE
  5
1622
330
1F
100
AcDbEntity
  8
0
100
AcDbSpline
210
0.0
220
0.0
230
1.0
 70
     8
 71
     3
 72
     8
 73
     4
 74
     0
 42
0.000000001
 43
0.0000000001
 40
-14.0
 40
-14.0
 40
-14.0
 40
-14.0
 40
-13.0
 40
-13.0
 40
-13.0
 40
-13.0
 10
327.4321311450963
 20
103.1050305818942
 30
0.0
 10
327.4321311450833
 20
102.8288882069789
 30
0.0
 10
327.6559887701572
 20
102.6050305818835
 30
0.0
 10
327.9321311450723
 20
102.605030581872
 30
0.0
  0
LINE
  5
1623
330
1F
100
AcDbEntity
  8
0
100
AcDbLine
 10
327.9321311450723
 20
102.605030581872
 30
0.0
 11
340.9321311450732
 21
102.605030581288
 31
0.0
  0
SPLINE
  5
1624
330
1F
100
AcDbEntity
  8
0
100
AcDbSpline
210
0.0
220
0.0
230
1.0
 70
     8
 71
     3
 72
     8
 73
     4
 74
     0
 42
0.000000001
 43
0.0000000001
 40
-12.0
 40
-12.0
 40
-12.0
 40
-12.0
 40
-11.0
 40
-11.0
 40
-11.0
 40
-11.0
 10
340.9321311450732
 20
102.605030581288
 30
0.0
 10
341.2082735199883
 20
102.6050305812753
 30
0.0
 10
341.4321311450833
 20
102.82888820635
 30
0.0
 10
341.4321311450952
 20
103.1050305812653
 30
0.0
  0
LINE
  5
1625
330
1F
100
AcDbEntity
  8
0
100
AcDbLine
 10
341.4321311450952
 20
103.1050305812653
 30
0.0
 11
341.4321311456813
 21
116.1050305812639
 31
0.0
  0
SPLINE
  5
1626
330
1F
100
AcDbEntity
  8
0
100
AcDbSpline
210
0.0
220
0.0
230
1.0
 70
     8
 71
     3
 72
     8
 73
     4
 74
     0
 42
0.000000001
 43
0.0000000001
 40
-10.0
 40
-10.0
 40
-10.0
 40
-10.0
 40
-9.0
 40
-9.0
 40
-9.0
 40
-9.0
 10
341.4321311456813
 20
116.1050305812639
 30
0.0
 10
341.4321311456923
 20
116.381172956179
 30
0.0
 10
341.2082735206173
 20
116.6050305812745
 30
0.0
 10
340.9321311457023
 20
116.6050305812873
 30
0.0
  0
LINE
  5
1627
330
1F
100
AcDbEntity
  8
0
100
AcDbLine
 10
346.9821311433593
 20
64.5050305810172
 30
0.0
 11
359.9821311433593
 21
64.50503058043318
 31
0.0
  0
SPLINE
  5
1628
330
1F
100
AcDbEntity
  8
0
100
AcDbSpline
210
0.0
220
0.0
230
1.0
 70
     8
 71
     3
 72
     8
 73
     4
 74
     0
 42
0.000000001
 43
0.0000000001
 40
-8.0
 40
-8.0
 40
-8.0
 40
-8.0
 40
-7.0
 40
-7.0
 40
-7.0
 40
-7.0
 10
359.9821311433593
 20
64.50503058043318
 30
0.0
 10
360.2582735182751
 20
64.5050305804202
 30
0.0
 10
360.4821311433712
 20
64.7288882054942
 30
0.0
 10
360.4821311433842
 20
65.00503058041019
 30
0.0
  0
LINE
  5
1629
330
1F
100
AcDbEntity
  8
0
100
AcDbLine
 10
360.4821311433842
 20
65.00503058041019
 30
0.0
 11
360.4821311439683
 21
78.00503058040519
 31
0.0
  0
SPLINE
  5
1630
330
1F
100
AcDbEntity
  8
0
100
AcDbSpline
210
0.0
220
0.0
230
1.0
 70
     8
 71
     3
 72
     8
 73
     4
 74
     0
 42
0.000000001
 43
0.0000000001
 40
-14.0
 40
-14.0
 40
-14.0
 40
-14.0
 40
-13.0
 40
-13.0
 40
-13.0
 40
-13.0
 10
360.4821311439683
 20
78.00503058040519
 30
0.0
 10
360.4821311439792
 20
78.28117295532118
 30
0.0
 10
360.2582735189053
 20
78.5050305804142
 30
0.0
 10
359.9821311439892
 20
78.50503058042722
 30
0.0
  0
LINE
  5
1631
330
1F
100
AcDbEntity
  8
0
100
AcDbLine
 10
359.9821311439892
 20
78.50503058042722
 30
0.0
 11
346.9821311439893
 21
78.5050305810112
 31
0.0
  0
SPLINE
  5
1632
330
1F
100
AcDbEntity
  8
0
100
AcDbSpline
210
0.0
220
0.0
230
1.0
 70
     8
 71
     3
 72
     8
 73
     4
 74
     0
 42
0.000000001
 43
0.0000000001
 40
-12.0
 40
-12.0
 40
-12.0
 40
-12.0
 40
-11.0
 40
-11.0
 40
-11.0
 40
-11.0
 10
346.9821311439893
 20
78.5050305810112
 30
0.0
 10
346.7059887690742
 20
78.50503058102217
 30
0.0
 10
346.4821311439802
 20
78.28117295594921
 30
0.0
 10
346.4821311439672
 20
78.0050305810322
 30
0.0
  0
LINE
  5
1633
330
1F
100
AcDbEntity
  8
0
100
AcDbLine
 10
346.4821311439672
 20
78.0050305810322
 30
0.0
 11
346.4821311433823
 21
65.0050305810392
 31
0.0
  0
SPLINE
  5
1634
330
1F
100
AcDbEntity
  8
0
100
AcDbSpline
210
0.0
220
0.0
230
1.0
 70
     8
 71
     3
 72
     8
 73
     4
 74
     0
 42
0.000000001
 43
0.0000000001
 40
-10.0
 40
-10.0
 40
-10.0
 40
-10.0
 40
-9.0
 40
-9.0
 40
-9.0
 40
-9.0
 10
346.4821311433823
 20
65.0050305810392
 30
0.0
 10
346.4821311433693
 20
64.72888820612419
 30
0.0
 10
346.7059887684443
 20
64.50503058102822
 30
0.0
 10
346.9821311433593
 20
64.5050305810172
 30
0.0
  0
LINE
  5
1635
330
1F
100
AcDbEntity
  8
0
100
AcDbLine
 10
346.9821311425032
 20
45.45503058101121
 30
0.0
 11
359.9821311425043
 21
45.45503058042817
 31
0.0
  0
SPLINE
  5
1636
330
1F
100
AcDbEntity
  8
0
100
AcDbSpline
210
0.0
220
0.0
230
1.0
 70
     8
 71
     3
 72
     8
 73
     4
 74
     0
 42
0.000000001
 43
0.0000000001
 40
-8.0
 40
-8.0
 40
-8.0
 40
-8.0
 40
-7.0
 40
-7.0
 40
-7.0
 40
-7.0
 10
359.9821311425043
 20
45.45503058042817
 30
0.0
 10
360.2582735174193
 20
45.4550305804152
 30
0.0
 10
360.4821311425153
 20
45.67888820548922
 30
0.0
 10
360.4821311425263
 20
45.9550305804052
 30
0.0
  0
LINE
  5
1637
330
1F
100
AcDbEntity
  8
0
100
AcDbLine
 10
360.4821311425263
 20
45.9550305804052
 30
0.0
 11
360.4821311431113
 21
58.95503058041018
 31
0.0
  0
SPLINE
  5
1638
330
1F
100
AcDbEntity
  8
0
100
AcDbSpline
210
0.0
220
0.0
230
1.0
 70
     8
 71
     3
 72
     8
 73
     4
 74
     0
 42
0.000000001
 43
0.0000000001
 40
-14.0
 40
-14.0
 40
-14.0
 40
-14.0
 40
-13.0
 40
-13.0
 40
-13.0
 40
-13.0
 10
360.4821311431113
 20
58.95503058041018
 30
0.0
 10
360.4821311431243
 20
59.2311729553252
 30
0.0
 10
360.2582735180492
 20
59.45503058041919
 30
0.0
 10
359.9821311431333
 20
59.45503058043221
 30
0.0
  0
LINE
  5
1639
330
1F
100
AcDbEntity
  8
0
100
AcDbLine
 10
359.9821311431333
 20
59.45503058043221
 30
0.0
 11
346.9821311431333
 21
59.45503058101619
 31
0.0
  0
SPLINE
  5
1640
330
1F
100
AcDbEntity
  8
0
100
AcDbSpline
210
0.0
220
0.0
230
1.0
 70
     8
 71
     3
 72
     8
 73
     4
 74
     0
 42
0.000000001
 43
0.0000000001
 40
-12.0
 40
-12.0
 40
-12.0
 40
-12.0
 40
-11.0
 40
-11.0
 40
-11.0
 40
-11.0
 10
346.9821311431333
 20
59.45503058101619
 30
0.0
 10
346.7059887682172
 20
59.45503058102722
 30
0.0
 10
346.4821311431223
 20
59.23117295595421
 30
0.0
 10
346.4821311431113
 20
58.95503058103821
 30
0.0
  0
LINE
  5
1641
330
1F
100
AcDbEntity
  8
0
100
AcDbLine
 10
346.4821311431113
 20
58.95503058103821
 30
0.0
 11
346.4821311425253
 21
45.95503058103417
 31
0.0
  0
SPLINE
  5
1642
330
1F
100
AcDbEntity
  8
0
100
AcDbSpline
210
0.0
220
0.0
230
1.0
 70
     8
 71
     3
 72
     8
 73
     4
 74
     0
 42
0.000000001
 43
0.0000000001
 40
-10.0
 40
-10.0
 40
-10.0
 40
-10.0
 40
-9.0
 40
-9.0
 40
-9.0
 40
-9.0
 10
346.4821311425253
 20
45.95503058103417
 30
0.0
 10
346.4821311425132
 20
45.67888820611819
 30
0.0
 10
346.7059887675882
 20
45.45503058102423
 30
0.0
 10
346.9821311425032
 20
45.45503058101121
 30
0.0
  0
LINE
  5
1643
330
1F
100
AcDbEntity
  8
0
100
AcDbLine
 10
366.0321311425033
 20
45.45503058015521
 30
0.0
 11
379.0321311425042
 21
45.45503057957017
 31
0.0
  0
SPLINE
  5
1644
330
1F
100
AcDbEntity
  8
0
100
AcDbSpline
210
0.0
220
0.0
230
1.0
 70
     8
 71
     3
 72
     8
 73
     4
 74
     0
 42
0.000000001
 43
0.0000000001
 40
-8.0
 40
-8.0
 40
-8.0
 40
-8.0
 40
-7.0
 40
-7.0
 40
-7.0
 40
-7.0
 10
379.0321311425042
 20
45.45503057957017
 30
0.0
 10
379.3082735174193
 20
45.45503057955715
 30
0.0
 10
379.5321311425142
 20
45.67888820463418
 30
0.0
 10
379.5321311425253
 20
45.9550305795492
 30
0.0
  0
LINE
  5
1645
330
1F
100
AcDbEntity
  8
0
100
AcDbLine
 10
379.5321311425253
 20
45.9550305795492
 30
0.0
 11
379.5321311431103
 21
58.9550305795542
 31
0.0
  0
SPLINE
  5
1646
330
1F
100
AcDbEntity
  8
0
100
AcDbSpline
210
0.0
220
0.0
230
1.0
 70
     8
 71
     3
 72
     8
 73
     4
 74
     0
 42
0.000000001
 43
0.0000000001
 40
-14.0
 40
-14.0
 40
-14.0
 40
-14.0
 40
-13.0
 40
-13.0
 40
-13.0
 40
-13.0
 10
379.5321311431103
 20
58.9550305795542
 30
0.0
 10
379.5321311431233
 20
59.23117295446918
 30
0.0
 10
379.3082735180503
 20
59.45503057956321
 30
0.0
 10
379.0321311431342
 20
59.45503057957617
 30
0.0
  0
LINE
  5
1647
330
1F
100
AcDbEntity
  8
0
100
AcDbLine
 10
379.0321311431342
 20
59.45503057957617
 30
0.0
 11
366.0321311431332
 21
59.45503058016021
 31
0.0
  0
SPLINE
  5
1648
330
1F
100
AcDbEntity
  8
0
100
AcDbSpline
210
0.0
220
0.0
230
1.0
 70
     8
 71
     3
 72
     8
 73
     4
 74
     0
 42
0.000000001
 43
0.0000000001
 40
-12.0
 40
-12.0
 40
-12.0
 40
-12.0
 40
-11.0
 40
-11.0
 40
-11.0
 40
-11.0
 10
366.0321311431332
 20
59.45503058016021
 30
0.0
 10
365.7559887682173
 20
59.45503058017317
 30
0.0
 10
365.5321311431243
 20
59.23117295509817
 30
0.0
 10
365.5321311431113
 20
58.95503058018118
 30
0.0
  0
LINE
  5
1649
330
1F
100
AcDbEntity
  8
0
100
AcDbLine
 10
365.5321311431112
 20
58.95503058018118
 30
0.0
 11
365.5321311425273
 21
45.95503058017823
 31
0.0
  0
SPLINE
  5
1650
330
1F
100
AcDbEntity
  8
0
100
AcDbSpline
210
0.0
220
0.0
230
1.0
 70
     8
 71
     3
 72
     8
 73
     4
 74
     0
 42
0.000000001
 43
0.0000000001
 40
-10.0
 40
-10.0
 40
-10.0
 40
-10.0
 40
-9.0
 40
-9.0
 40
-9.0
 40
-9.0
 10
365.5321311425273
 20
45.95503058017823
 30
0.0
 10
365.5321311425142
 20
45.67888820526121
 30
0.0
 10
365.7559887675883
 20
45.45503058016817
 30
0.0
 10
366.0321311425033
 20
45.45503058015521
 30
0.0
  0
LINE
  5
1651
330
1F
100
AcDbEntity
  8
0
100
AcDbLine
 10
340.9321311465583
 20
135.6550305812812
 30
0.0
 11
327.9321311465583
 21
135.6550305818662
 31
0.0
  0
SPLINE
  5
1652
330
1F
100
AcDbEntity
  8
0
100
AcDbSpline
210
0.0
220
0.0
230
1.0
 70
     8
 71
     3
 72
     8
 73
     4
 74
     0
 42
0.000000001
 43
0.0000000001
 40
-8.0
 40
-8.0
 40
-8.0
 40
-8.0
 40
-7.0
 40
-7.0
 40
-7.0
 40
-7.0
 10
327.9321311465583
 20
135.6550305818662
 30
0.0
 10
327.6559887716422
 20
135.6550305818792
 30
0.0
 10
327.4321311465483
 20
135.4311729568052
 30
0.0
 10
327.4321311465363
 20
135.1550305818902
 30
0.0
  0
LINE
  5
1653
330
1F
100
AcDbEntity
  8
0
100
AcDbLine
 10
327.4321311465363
 20
135.1550305818902
 30
0.0
 11
327.4321311459513
 21
122.1550305818944
 31
0.0
  0
SPLINE
  5
1654
330
1F
100
AcDbEntity
  8
0
100
AcDbSpline
210
0.0
220
0.0
230
1.0
 70
     8
 71
     3
 72
     8
 73
     4
 74
     0
 42
0.000000001
 43
0.0000000001
 40
-14.0
 40
-14.0
 40
-14.0
 40
-14.0
 40
-13.0
 40
-13.0
 40
-13.0
 40
-13.0
 10
327.4321311459513
 20
122.1550305818944
 30
0.0
 10
327.4321311459382
 20
121.8788882069792
 30
0.0
 10
327.6559887710133
 20
121.6550305818838
 30
0.0
 10
327.9321311459282
 20
121.6550305818722
 30
0.0
  0
LINE
  5
1655
330
1F
100
AcDbEntity
  8
0
100
AcDbLine
 10
327.9321311459282
 20
121.6550305818722
 30
0.0
 11
340.9321311459282
 21
121.655030581287
 31
0.0
  0
SPLINE
  5
1656
330
1F
100
AcDbEntity
  8
0
100
AcDbSpline
210
0.0
220
0.0
230
1.0
 70
     8
 71
     3
 72
     8
 73
     4
 74
     0
 42
0.000000001
 43
0.0000000001
 40
-12.0
 40
-12.0
 40
-12.0
 40
-12.0
 40
-11.0
 40
-11.0
 40
-11.0
 40
-11.0
 10
340.9321311459282
 20
121.655030581287
 30
0.0
 10
341.2082735208433
 20
121.6550305812742
 30
0.0
 10
341.4321311459403
 20
121.878888206349
 30
0.0
 10
341.4321311459513
 20
122.1550305812642
 30
0.0
  0
LINE
  5
1657
330
1F
100
AcDbEntity
  8
0
100
AcDbLine
 10
341.4321311459513
 20
122.1550305812642
 30
0.0
 11
341.4321311465353
 21
135.1550305812592
 31
0.0
  0
SPLINE
  5
1658
330
1F
100
AcDbEntity
  8
0
100
AcDbSpline
210
0.0
220
0.0
230
1.0
 70
     8
 71
     3
 72
     8
 73
     4
 74
     0
 42
0.000000001
 43
0.0000000001
 40
-10.0
 40
-10.0
 40
-10.0
 40
-10.0
 40
-9.0
 40
-9.0
 40
-9.0
 40
-9.0
 10
341.4321311465353
 20
135.1550305812592
 30
0.0
 10
341.4321311465483
 20
135.4311729561742
 30
0.0
 10
341.2082735214752
 20
135.6550305812692
 30
0.0
 10
340.9321311465583
 20
135.6550305812812
 30
0.0
  0
LINE
  5
1659
330
1F
100
AcDbEntity
  8
0
100
AcDbLine
 10
379.0321311465592
 20
135.6550305795692
 30
0.0
 11
366.0321311465573
 21
135.6550305801532
 31
0.0
  0
SPLINE
  5
1660
330
1F
100
AcDbEntity
  8
0
100
AcDbSpline
210
0.0
220
0.0
230
1.0
 70
     8
 71
     3
 72
     8
 73
     4
 74
     0
 42
0.000000001
 43
0.0000000001
 40
-8.0
 40
-8.0
 40
-8.0
 40
-8.0
 40
-7.0
 40
-7.0
 40
-7.0
 40
-7.0
 10
366.0321311465573
 20
135.6550305801532
 30
0.0
 10
365.7559887716423
 20
135.6550305801662
 30
0.0
 10
365.5321311465483
 20
135.4311729550912
 30
0.0
 10
365.5321311465351
 20
135.1550305801762
 30
0.0
  0
LINE
  5
1661
330
1F
100
AcDbEntity
  8
0
100
AcDbLine
 10
365.5321311465351
 20
135.1550305801762
 30
0.0
 11
365.5321311459513
 21
122.1550305801784
 31
0.0
  0
SPLINE
  5
1662
330
1F
100
AcDbEntity
  8
0
100
AcDbSpline
210
0.0
220
0.0
230
1.0
 70
     8
 71
     3
 72
     8
 73
     4
 74
     0
 42
0.000000001
 43
0.0000000001
 40
-14.0
 40
-14.0
 40
-14.0
 40
-14.0
 40
-13.0
 40
-13.0
 40
-13.0
 40
-13.0
 10
365.5321311459513
 20
122.1550305801784
 30
0.0
 10
365.5321311459403
 20
121.8788882052646
 30
0.0
 10
365.7559887710123
 20
121.6550305801692
 30
0.0
 10
366.0321311459293
 20
121.6550305801562
 30
0.0
  0
LINE
  5
1663
330
1F
100
AcDbEntity
  8
0
100
AcDbLine
 10
366.0321311459293
 20
121.6550305801562
 30
0.0
 11
379.0321311459282
 21
121.655030579571
 31
0.0
  0
SPLINE
  5
1664
330
1F
100
AcDbEntity
  8
0
100
AcDbSpline
210
0.0
220
0.0
230
1.0
 70
     8
 71
     3
 72
     8
 73
     4
 74
     0
 42
0.000000001
 43
0.0000000001
 40
-12.0
 40
-12.0
 40
-12.0
 40
-12.0
 40
-11.0
 40
-11.0
 40
-11.0
 40
-11.0
 10
379.0321311459282
 20
121.655030579571
 30
0.0
 10
379.3082735208433
 20
121.6550305795583
 30
0.0
 10
379.5321311459393
 20
121.8788882046332
 30
0.0
 10
379.5321311459513
 20
122.1550305795495
 30
0.0
  0
LINE
  5
1665
330
1F
100
AcDbEntity
  8
0
100
AcDbLine
 10
379.5321311459513
 20
122.1550305795495
 30
0.0
 11
379.5321311465362
 21
135.1550305795472
 31
0.0
  0
SPLINE
  5
1666
330
1F
100
AcDbEntity
  8
0
100
AcDbSpline
210
0.0
220
0.0
230
1.0
 70
     8
 71
     3
 72
     8
 73
     4
 74
     0
 42
0.000000001
 43
0.0000000001
 40
-10.0
 40
-10.0
 40
-10.0
 40
-10.0
 40
-9.0
 40
-9.0
 40
-9.0
 40
-9.0
 10
379.5321311465362
 20
135.1550305795472
 30
0.0
 10
379.5321311465473
 20
135.4311729544622
 30
0.0
 10
379.3082735214723
 20
135.6550305795562
 30
0.0
 10
379.0321311465592
 20
135.6550305795692
 30
0.0
  0
LINE
  5
1667
330
1F
100
AcDbEntity
  8
0
100
AcDbLine
 10
359.9821311476293
 20
159.4675305804312
 30
0.0
 11
346.9821311476283
 21
159.4675305810152
 31
0.0
  0
SPLINE
  5
1668
330
1F
100
AcDbEntity
  8
0
100
AcDbSpline
210
0.0
220
0.0
230
1.0
 70
     8
 71
     3
 72
     8
 73
     4
 74
     0
 42
0.000000001
 43
0.0000000001
 40
-8.0
 40
-8.0
 40
-8.0
 40
-8.0
 40
-7.0
 40
-7.0
 40
-7.0
 40
-7.0
 10
346.9821311476283
 20
159.4675305810152
 30
0.0
 10
346.7059887727123
 20
159.4675305810262
 30
0.0
 10
346.4821311476182
 20
159.2436729559542
 30
0.0
 10
346.4821311476053
 20
158.9675305810372
 30
0.0
  0
LINE
  5
1669
330
1F
100
AcDbEntity
  8
0
100
AcDbLine
 10
346.4821311476053
 20
158.9675305810372
 30
0.0
 11
346.4821311470223
 21
145.9675305810362
 31
0.0
  0
SPLINE
  5
1670
330
1F
100
AcDbEntity
  8
0
100
AcDbSpline
210
0.0
220
0.0
230
1.0
 70
     8
 71
     3
 72
     8
 73
     4
 74
     0
 42
0.000000001
 43
0.0000000001
 40
-14.0
 40
-14.0
 40
-14.0
 40
-14.0
 40
-13.0
 40
-13.0
 40
-13.0
 40
-13.0
 10
346.4821311470223
 20
145.9675305810362
 30
0.0
 10
346.4821311470093
 20
145.6913882061212
 30
0.0
 10
346.7059887720833
 20
145.4675305810262
 30
0.0
 10
346.9821311469992
 20
145.4675305810142
 30
0.0
  0
LINE
  5
1671
330
1F
100
AcDbEntity
  8
0
100
AcDbLine
 10
346.9821311469992
 20
145.4675305810142
 30
0.0
 11
359.9821311469983
 21
145.4675305804302
 31
0.0
  0
SPLINE
  5
1672
330
1F
100
AcDbEntity
  8
0
100
AcDbSpline
210
0.0
220
0.0
230
1.0
 70
     8
 71
     3
 72
     8
 73
     4
 74
     0
 42
0.000000001
 43
0.0000000001
 40
-12.0
 40
-12.0
 40
-12.0
 40
-12.0
 40
-11.0
 40
-11.0
 40
-11.0
 40
-11.0
 10
359.9821311469983
 20
145.4675305804302
 30
0.0
 10
360.2582735219142
 20
145.4675305804172
 30
0.0
 10
360.4821311470083
 20
145.6913882054932
 30
0.0
 10
360.4821311470213
 20
145.9675305804092
 30
0.0
  0
LINE
  5
1673
330
1F
100
AcDbEntity
  8
0
100
AcDbLine
 10
360.4821311470213
 20
145.9675305804092
 30
0.0
 11
360.4821311476063
 21
158.9675305804102
 31
0.0
  0
SPLINE
  5
1674
330
1F
100
AcDbEntity
  8
0
100
AcDbSpline
210
0.0
220
0.0
230
1.0
 70
     8
 71
     3
 72
     8
 73
     4
 74
     0
 42
0.000000001
 43
0.0000000001
 40
-10.0
 40
-10.0
 40
-10.0
 40
-10.0
 40
-9.0
 40
-9.0
 40
-9.0
 40
-9.0
 10
360.4821311476063
 20
158.9675305804102
 30
0.0
 10
360.4821311476182
 20
159.2436729553242
 30
0.0
 10
360.2582735225443
 20
159.4675305804182
 30
0.0
 10
359.9821311476293
 20
159.4675305804312
 30
0.0
  0
LINE
  5
1675
330
1F
100
AcDbEntity
  8
0
100
AcDbLine
 10
379.5321311470222
 20
145.9675305795542
 30
0.0
 11
379.5321311476063
 21
158.9675305795522
 31
0.0
  0
SPLINE
  5
1676
330
1F
100
AcDbEntity
  8
0
100
AcDbSpline
210
0.0
220
0.0
230
1.0
 70
     8
 71
     3
 72
     8
 73
     4
 74
     0
 42
0.000000001
 43
0.0000000001
 40
-8.0
 40
-8.0
 40
-8.0
 40
-8.0
 40
-7.0
 40
-7.0
 40
-7.0
 40
-7.0
 10
379.5321311476063
 20
158.9675305795522
 30
0.0
 10
379.5321311476183
 20
159.2436729544692
 30
0.0
 10
379.3082735225443
 20
159.4675305795632
 30
0.0
 10
379.0321311476293
 20
159.4675305795762
 30
0.0
  0
LINE
  5
1677
330
1F
100
AcDbEntity
  8
0
100
AcDbLine
 10
379.0321311476293
 20
159.4675305795762
 30
0.0
 11
366.0321311476283
 21
159.4675305801592
 31
0.0
  0
SPLINE
  5
1678
330
1F
100
AcDbEntity
  8
0
100
AcDbSpline
210
0.0
220
0.0
230
1.0
 70
     8
 71
     3
 72
     8
 73
     4
 74
     0
 42
0.000000001
 43
0.0000000001
 40
-14.0
 40
-14.0
 40
-14.0
 40
-14.0
 40
-13.0
 40
-13.0
 40
-13.0
 40
-13.0
 10
366.0321311476283
 20
159.4675305801592
 30
0.0
 10
365.7559887727133
 20
159.4675305801712
 30
0.0
 10
365.5321311476173
 20
159.2436729550962
 30
0.0
 10
365.5321311476043
 20
158.9675305801832
 30
0.0
  0
LINE
  5
1679
330
1F
100
AcDbEntity
  8
0
100
AcDbLine
 10
365.5321311476042
 20
158.9675305801832
 30
0.0
 11
365.5321311470223
 21
145.9675305801812
 31
0.0
  0
SPLINE
  5
1680
330
1F
100
AcDbEntity
  8
0
100
AcDbSpline
210
0.0
220
0.0
230
1.0
 70
     8
 71
     3
 72
     8
 73
     4
 74
     0
 42
0.000000001
 43
0.0000000001
 40
-12.0
 40
-12.0
 40
-12.0
 40
-12.0
 40
-11.0
 40
-11.0
 40
-11.0
 40
-11.0
 10
365.5321311470223
 20
145.9675305801812
 30
0.0
 10
365.5321311470093
 20
145.6913882052642
 30
0.0
 10
365.7559887720843
 20
145.4675305801712
 30
0.0
 10
366.0321311469983
 20
145.4675305801582
 30
0.0
  0
LINE
  5
1681
330
1F
100
AcDbEntity
  8
0
100
AcDbLine
 10
366.0321311469983
 20
145.4675305801582
 30
0.0
 11
379.0321311469972
 21
145.4675305795742
 31
0.0
  0
SPLINE
  5
1682
330
1F
100
AcDbEntity
  8
0
100
AcDbSpline
210
0.0
220
0.0
230
1.0
 70
     8
 71
     3
 72
     8
 73
     4
 74
     0
 42
0.000000001
 43
0.0000000001
 40
-10.0
 40
-10.0
 40
-10.0
 40
-10.0
 40
-9.0
 40
-9.0
 40
-9.0
 40
-9.0
 10
379.0321311469972
 20
145.4675305795742
 30
0.0
 10
379.3082735219142
 20
145.4675305795612
 30
0.0
 10
379.5321311470093
 20
145.6913882046372
 30
0.0
 10
379.5321311470222
 20
145.9675305795542
 30
0.0
  0
LINE
  5
1683
330
1F
100
AcDbEntity
  8
0
100
AcDbLine
 10
341.4321311470222
 20
145.9675305812652
 30
0.0
 11
341.4321311476073
 21
158.9675305812642
 31
0.0
  0
SPLINE
  5
1684
330
1F
100
AcDbEntity
  8
0
100
AcDbSpline
210
0.0
220
0.0
230
1.0
 70
     8
 71
     3
 72
     8
 73
     4
 74
     0
 42
0.000000001
 43
0.0000000001
 40
-8.0
 40
-8.0
 40
-8.0
 40
-8.0
 40
-7.0
 40
-7.0
 40
-7.0
 40
-7.0
 10
341.4321311476073
 20
158.9675305812642
 30
0.0
 10
341.4321311476183
 20
159.2436729561802
 30
0.0
 10
341.2082735225443
 20
159.4675305812743
 30
0.0
 10
340.9321311476293
 20
159.4675305812872
 30
0.0
  0
LINE
  5
1685
330
1F
100
AcDbEntity
  8
0
100
AcDbLine
 10
340.9321311476293
 20
159.4675305812872
 30
0.0
 11
327.9321311476293
 21
159.4675305818712
 31
0.0
  0
SPLINE
  5
1686
330
1F
100
AcDbEntity
  8
0
100
AcDbSpline
210
0.0
220
0.0
230
1.0
 70
     8
 71
     3
 72
     8
 73
     4
 74
     0
 42
0.000000001
 43
0.0000000001
 40
-14.0
 40
-14.0
 40
-14.0
 40
-14.0
 40
-13.0
 40
-13.0
 40
-13.0
 40
-13.0
 10
327.9321311476293
 20
159.4675305818712
 30
0.0
 10
327.6559887727143
 20
159.4675305818822
 30
0.0
 10
327.4321311476183
 20
159.2436729568082
 30
0.0
 10
327.4321311476052
 20
158.9675305818932
 30
0.0
  0
LINE
  5
1687
330
1F
100
AcDbEntity
  8
0
100
AcDbLine
 10
327.4321311476052
 20
158.9675305818932
 30
0.0
 11
327.4321311470233
 21
145.9675305818922
 31
0.0
  0
SPLINE
  5
1688
330
1F
100
AcDbEntity
  8
0
100
AcDbSpline
210
0.0
220
0.0
230
1.0
 70
     8
 71
     3
 72
     8
 73
     4
 74
     0
 42
0.000000001
 43
0.0000000001
 40
-12.0
 40
-12.0
 40
-12.0
 40
-12.0
 40
-11.0
 40
-11.0
 40
-11.0
 40
-11.0
 10
327.4321311470233
 20
145.9675305818922
 30
0.0
 10
327.4321311470103
 20
145.6913882069782
 30
0.0
 10
327.6559887720832
 20
145.4675305818842
 30
0.0
 10
327.9321311469993
 20
145.4675305818712
 30
0.0
  0
LINE
  5
1689
330
1F
100
AcDbEntity
  8
0
100
AcDbLine
 10
327.9321311469993
 20
145.4675305818712
 30
0.0
 11
340.9321311469982
 21
145.4675305812852
 31
0.0
  0
SPLINE
  5
1690
330
1F
100
AcDbEntity
  8
0
100
AcDbSpline
210
0.0
220
0.0
230
1.0
 70
     8
 71
     3
 72
     8
 73
     4
 74
     0
 42
0.000000001
 43
0.0000000001
 40
-10.0
 40
-10.0
 40
-10.0
 40
-10.0
 40
-9.0
 40
-9.0
 40
-9.0
 40
-9.0
 10
340.9321311469982
 20
145.4675305812852
 30
0.0
 10
341.2082735219143
 20
145.4675305812732
 30
0.0
 10
341.4321311470093
 20
145.6913882063492
 30
0.0
 10
341.4321311470222
 20
145.9675305812652
 30
0.0
  0
LINE
  5
1691
330
1F
100
AcDbEntity
  8
0
100
AcDbLine
 10
359.9821311465583
 20
135.6550305804252
 30
0.0
 11
346.9821311465592
 21
135.6550305810102
 31
0.0
  0
SPLINE
  5
1692
330
1F
100
AcDbEntity
  8
0
100
AcDbSpline
210
0.0
220
0.0
230
1.0
 70
     8
 71
     3
 72
     8
 73
     4
 74
     0
 42
0.000000001
 43
0.0000000001
 40
-8.0
 40
-8.0
 40
-8.0
 40
-8.0
 40
-7.0
 40
-7.0
 40
-7.0
 40
-7.0
 10
346.9821311465592
 20
135.6550305810102
 30
0.0
 10
346.7059887716433
 20
135.6550305810221
 30
0.0
 10
346.4821311465482
 20
135.4311729559482
 30
0.0
 10
346.4821311465353
 20
135.1550305810332
 30
0.0
  0
LINE
  5
1693
330
1F
100
AcDbEntity
  8
0
100
AcDbLine
 10
346.4821311465353
 20
135.1550305810332
 30
0.0
 11
346.4821311459512
 21
122.1550305810358
 31
0.0
  0
SPLINE
  5
1694
330
1F
100
AcDbEntity
  8
0
100
AcDbSpline
210
0.0
220
0.0
230
1.0
 70
     8
 71
     3
 72
     8
 73
     4
 74
     0
 42
0.000000001
 43
0.0000000001
 40
-14.0
 40
-14.0
 40
-14.0
 40
-14.0
 40
-13.0
 40
-13.0
 40
-13.0
 40
-13.0
 10
346.4821311459512
 20
122.1550305810358
 30
0.0
 10
346.4821311459383
 20
121.8788882061205
 30
0.0
 10
346.7059887710133
 20
121.6550305810266
 30
0.0
 10
346.9821311459283
 20
121.6550305810149
 30
0.0
  0
LINE
  5
1695
330
1F
100
AcDbEntity
  8
0
100
AcDbLine
 10
346.9821311459283
 20
121.6550305810149
 30
0.0
 11
359.9821311459283
 21
121.6550305804284
 31
0.0
  0
SPLINE
  5
1696
330
1F
100
AcDbEntity
  8
0
100
AcDbSpline
210
0.0
220
0.0
230
1.0
 70
     8
 71
     3
 72
     8
 73
     4
 74
     0
 42
0.000000001
 43
0.0000000001
 40
-12.0
 40
-12.0
 40
-12.0
 40
-12.0
 40
-11.0
 40
-11.0
 40
-11.0
 40
-11.0
 10
359.9821311459283
 20
121.6550305804284
 30
0.0
 10
360.2582735208433
 20
121.6550305804156
 30
0.0
 10
360.4821311459393
 20
121.8788882054918
 30
0.0
 10
360.4821311459523
 20
122.1550305804082
 30
0.0
  0
LINE
  5
1697
330
1F
100
AcDbEntity
  8
0
100
AcDbLine
 10
360.4821311459523
 20
122.1550305804082
 30
0.0
 11
360.4821311465363
 21
135.1550305804032
 31
0.0
  0
SPLINE
  5
1698
330
1F
100
AcDbEntity
  8
0
100
AcDbSpline
210
0.0
220
0.0
230
1.0
 70
     8
 71
     3
 72
     8
 73
     4
 74
     0
 42
0.000000001
 43
0.0000000001
 40
-10.0
 40
-10.0
 40
-10.0
 40
-10.0
 40
-9.0
 40
-9.0
 40
-9.0
 40
-9.0
 10
360.4821311465363
 20
135.1550305804032
 30
0.0
 10
360.4821311465473
 20
135.4311729553192
 30
0.0
 10
360.2582735214743
 20
135.6550305804122
 30
0.0
 10
359.9821311465583
 20
135.6550305804252
 30
0.0
  0
LINE
  5
1699
330
1F
100
AcDbEntity
  8
0
100
AcDbLine
 10
379.5321311450942
 20
103.1050305795558
 30
0.0
 11
379.5321311456782
 21
116.1050305795492
 31
0.0
  0
SPLINE
  5
1700
330
1F
100
AcDbEntity
  8
0
100
AcDbSpline
210
0.0
220
0.0
230
1.0
 70
     8
 71
     3
 72
     8
 73
     4
 74
     0
 42
0.000000001
 43
0.0000000001
 40
-8.0
 40
-8.0
 40
-8.0
 40
-8.0
 40
-7.0
 40
-7.0
 40
-7.0
 40
-7.0
 10
379.5321311456782
 20
116.1050305795492
 30
0.0
 10
379.5321311456913
 20
116.3811729544643
 30
0.0
 10
379.3082735206183
 20
116.6050305795585
 30
0.0
 10
379.0321311457012
 20
116.6050305795714
 30
0.0
  0
LINE
  5
1701
330
1F
100
AcDbEntity
  8
0
100
AcDbLine
 10
379.0321311457012
 20
116.6050305795714
 30
0.0
 11
366.0321311457013
 21
116.6050305801566
 31
0.0
  0
SPLINE
  5
1702
330
1F
100
AcDbEntity
  8
0
100
AcDbSpline
210
0.0
220
0.0
230
1.0
 70
     8
 71
     3
 72
     8
 73
     4
 74
     0
 42
0.000000001
 43
0.0000000001
 40
-14.0
 40
-14.0
 40
-14.0
 40
-14.0
 40
-13.0
 40
-13.0
 40
-13.0
 40
-13.0
 10
366.0321311457013
 20
116.6050305801566
 30
0.0
 10
365.7559887707863
 20
116.6050305801695
 30
0.0
 10
365.5321311456912
 20
116.3811729550946
 30
0.0
 10
365.5321311456793
 20
116.1050305801794
 30
0.0
  0
LINE
  5
1703
330
1F
100
AcDbEntity
  8
0
100
AcDbLine
 10
365.5321311456792
 20
116.1050305801794
 30
0.0
 11
365.5321311450953
 21
103.1050305801834
 31
0.0
  0
SPLINE
  5
1704
330
1F
100
AcDbEntity
  8
0
100
AcDbSpline
210
0.0
220
0.0
230
1.0
 70
     8
 71
     3
 72
     8
 73
     4
 74
     0
 42
0.000000001
 43
0.0000000001
 40
-12.0
 40
-12.0
 40
-12.0
 40
-12.0
 40
-11.0
 40
-11.0
 40
-11.0
 40
-11.0
 10
365.5321311450953
 20
103.1050305801834
 30
0.0
 10
365.5321311450823
 20
102.8288882052682
 30
0.0
 10
365.7559887701573
 20
102.605030580174
 30
0.0
 10
366.0321311450733
 20
102.6050305801612
 30
0.0
  0
LINE
  5
1705
330
1F
100
AcDbEntity
  8
0
100
AcDbLine
 10
366.0321311450733
 20
102.6050305801612
 30
0.0
 11
379.0321311450722
 21
102.6050305795773
 31
0.0
  0
SPLINE
  5
1706
330
1F
100
AcDbEntity
  8
0
100
AcDbSpline
210
0.0
220
0.0
230
1.0
 70
     8
 71
     3
 72
     8
 73
     4
 74
     0
 42
0.000000001
 43
0.0000000001
 40
-10.0
 40
-10.0
 40
-10.0
 40
-10.0
 40
-9.0
 40
-9.0
 40
-9.0
 40
-9.0
 10
379.0321311450722
 20
102.6050305795773
 30
0.0
 10
379.3082735199893
 20
102.6050305795644
 30
0.0
 10
379.5321311450823
 20
102.8288882046394
 30
0.0
 10
379.5321311450942
 20
103.1050305795558
 30
0.0
  0
LINE
  5
1707
330
1F
100
AcDbEntity
  8
0
100
AcDbLine
 10
317.6179532631163
 20
145.9675305823362
 30
0.0
 11
317.6179532637013
 21
158.9675305823362
 31
0.0
  0
SPLINE
  5
1708
330
1F
100
AcDbEntity
  8
0
100
AcDbSpline
210
0.0
220
0.0
230
1.0
 70
     8
 71
     3
 72
     8
 73
     4
 74
     0
 42
0.000000001
 43
0.0000000001
 40
-8.0
 40
-8.0
 40
-8.0
 40
-8.0
 40
-7.0
 40
-7.0
 40
-7.0
 40
-7.0
 10
317.6179532637013
 20
158.9675305823362
 30
0.0
 10
317.6179532637123
 20
159.2436729572512
 30
0.0
 10
317.3940956386393
 20
159.4675305823452
 30
0.0
 10
317.1179532637233
 20
159.4675305823582
 30
0.0
  0
LINE
  5
1709
330
1F
100
AcDbEntity
  8
0
100
AcDbLine
 10
317.1179532637233
 20
159.4675305823582
 30
0.0
 11
304.1179532637242
 21
159.4675305829412
 31
0.0
  0
SPLINE
  5
1710
330
1F
100
AcDbEntity
  8
0
100
AcDbSpline
210
0.0
220
0.0
230
1.0
 70
     8
 71
     3
 72
     8
 73
     4
 74
     0
 42
0.000000001
 43
0.0000000001
 40
-14.0
 40
-14.0
 40
-14.0
 40
-14.0
 40
-13.0
 40
-13.0
 40
-13.0
 40
-13.0
 10
304.1179532637242
 20
159.4675305829412
 30
0.0
 10
303.8418108888083
 20
159.4675305829522
 30
0.0
 10
303.6179532637143
 20
159.2436729578792
 30
0.0
 10
303.6179532637013
 20
158.9675305829642
 30
0.0
  0
LINE
  5
1711
330
1F
100
AcDbEntity
  8
0
100
AcDbLine
 10
303.6179532637013
 20
158.9675305829642
 30
0.0
 11
303.6179532631193
 21
145.9675305829642
 31
0.0
  0
SPLINE
  5
1712
330
1F
100
AcDbEntity
  8
0
100
AcDbSpline
210
0.0
220
0.0
230
1.0
 70
     8
 71
     3
 72
     8
 73
     4
 74
     0
 42
0.000000001
 43
0.0000000001
 40
-12.0
 40
-12.0
 40
-12.0
 40
-12.0
 40
-11.0
 40
-11.0
 40
-11.0
 40
-11.0
 10
303.6179532631193
 20
145.9675305829642
 30
0.0
 10
303.6179532631062
 20
145.6913882080492
 30
0.0
 10
303.8418108881783
 20
145.4675305829532
 30
0.0
 10
304.1179532630953
 20
145.4675305829422
 30
0.0
  0
LINE
  5
1713
330
1F
100
AcDbEntity
  8
0
100
AcDbLine
 10
304.1179532630953
 20
145.4675305829422
 30
0.0
 11
317.1179532630953
 21
145.4675305823582
 31
0.0
  0
SPLINE
  5
1714
330
1F
100
AcDbEntity
  8
0
100
AcDbSpline
210
0.0
220
0.0
230
1.0
 70
     8
 71
     3
 72
     8
 73
     4
 74
     0
 42
0.000000001
 43
0.0000000001
 40
-10.0
 40
-10.0
 40
-10.0
 40
-10.0
 40
-9.0
 40
-9.0
 40
-9.0
 40
-9.0
 10
317.1179532630953
 20
145.4675305823582
 30
0.0
 10
317.3940956380103
 20
145.4675305823452
 30
0.0
 10
317.6179532631043
 20
145.6913882074212
 30
0.0
 10
317.6179532631163
 20
145.9675305823362
 30
0.0
  0
LINE
  5
1715
330
1F
100
AcDbEntity
  8
0
100
AcDbLine
 10
285.0682625307259
 20
145.4675305837962
 30
0.0
 11
298.0682625307263
 21
145.4675305832122
 31
0.0
  0
SPLINE
  5
1716
330
1F
100
AcDbEntity
  8
0
100
AcDbSpline
210
0.0
220
0.0
230
1.0
 70
     8
 71
     3
 72
     8
 73
     4
 74
     0
 42
0.000000001
 43
0.0000000001
 40
-8.0
 40
-8.0
 40
-8.0
 40
-8.0
 40
-7.0
 40
-7.0
 40
-7.0
 40
-7.0
 10
298.0682625307263
 20
145.4675305832122
 30
0.0
 10
298.3444049056413
 20
145.4675305832012
 30
0.0
 10
298.5682625307362
 20
145.6913882082762
 30
0.0
 10
298.5682625307482
 20
145.9675305831922
 30
0.0
  0
LINE
  5
1717
330
1F
100
AcDbEntity
  8
0
100
AcDbLine
 10
298.5682625307482
 20
145.9675305831922
 30
0.0
 11
298.5682625313333
 21
158.9675305831912
 31
0.0
  0
SPLINE
  5
1718
330
1F
100
AcDbEntity
  8
0
100
AcDbSpline
210
0.0
220
0.0
230
1.0
 70
     8
 71
     3
 72
     8
 73
     4
 74
     0
 42
0.000000001
 43
0.0000000001
 40
-14.0
 40
-14.0
 40
-14.0
 40
-14.0
 40
-13.0
 40
-13.0
 40
-13.0
 40
-13.0
 10
298.5682625313333
 20
158.9675305831912
 30
0.0
 10
298.5682625313442
 20
159.2436729581062
 30
0.0
 10
298.3444049062693
 20
159.4675305832002
 30
0.0
 10
298.0682625313562
 20
159.4675305832122
 30
0.0
  0
LINE
  5
1719
330
1F
100
AcDbEntity
  8
0
100
AcDbLine
 10
298.0682625313562
 20
159.4675305832122
 30
0.0
 11
285.0682625313559
 21
159.4675305837972
 31
0.0
  0
SPLINE
  5
1720
330
1F
100
AcDbEntity
  8
0
100
AcDbSpline
210
0.0
220
0.0
230
1.0
 70
     8
 71
     3
 72
     8
 73
     4
 74
     0
 42
0.000000001
 43
0.0000000001
 40
-12.0
 40
-12.0
 40
-12.0
 40
-12.0
 40
-11.0
 40
-11.0
 40
-11.0
 40
-11.0
 10
285.0682625313559
 20
159.4675305837972
 30
0.0
 10
284.7921201564389
 20
159.4675305838082
 30
0.0
 10
284.5682625313448
 20
159.2436729587352
 30
0.0
 10
284.5682625313319
 20
158.9675305838182
 30
0.0
  0
LINE
  5
1721
330
1F
100
AcDbEntity
  8
0
100
AcDbLine
 10
284.5682625313319
 20
158.9675305838182
 30
0.0
 11
284.5682625307479
 21
145.9675305838192
 31
0.0
  0
SPLINE
  5
1722
330
1F
100
AcDbEntity
  8
0
100
AcDbSpline
210
0.0
220
0.0
230
1.0
 70
     8
 71
     3
 72
     8
 73
     4
 74
     0
 42
0.000000001
 43
0.0000000001
 40
-10.0
 40
-10.0
 40
-10.0
 40
-10.0
 40
-9.0
 40
-9.0
 40
-9.0
 40
-9.0
 10
284.5682625307479
 20
145.9675305838192
 30
0.0
 10
284.5682625307349
 20
145.6913882089032
 30
0.0
 10
284.7921201558099
 20
145.4675305838092
 30
0.0
 10
285.0682625307259
 20
145.4675305837962
 30
0.0
  0
LINE
  5
1723
330
1F
100
AcDbEntity
  8
0
100
AcDbLine
 10
279.0182625313549
 20
159.4675305840692
 30
0.0
 11
266.0182625313558
 21
159.4675305846532
 31
0.0
  0
SPLINE
  5
1724
330
1F
100
AcDbEntity
  8
0
100
AcDbSpline
210
0.0
220
0.0
230
1.0
 70
     8
 71
     3
 72
     8
 73
     4
 74
     0
 42
0.000000001
 43
0.0000000001
 40
-8.0
 40
-8.0
 40
-8.0
 40
-8.0
 40
-7.0
 40
-7.0
 40
-7.0
 40
-7.0
 10
266.0182625313558
 20
159.4675305846532
 30
0.0
 10
265.7421201564399
 20
159.4675305846662
 30
0.0
 10
265.5182625313449
 20
159.2436729595912
 30
0.0
 10
265.5182625313319
 20
158.9675305846762
 30
0.0
  0
LINE
  5
1725
330
1F
100
AcDbEntity
  8
0
100
AcDbLine
 10
265.5182625313319
 20
158.9675305846762
 30
0.0
 11
265.5182625307479
 21
145.9675305846762
 31
0.0
  0
SPLINE
  5
1726
330
1F
100
AcDbEntity
  8
0
100
AcDbSpline
210
0.0
220
0.0
230
1.0
 70
     8
 71
     3
 72
     8
 73
     4
 74
     0
 42
0.000000001
 43
0.0000000001
 40
-14.0
 40
-14.0
 40
-14.0
 40
-14.0
 40
-13.0
 40
-13.0
 40
-13.0
 40
-13.0
 10
265.5182625307479
 20
145.9675305846762
 30
0.0
 10
265.5182625307349
 20
145.6913882097612
 30
0.0
 10
265.7421201558098
 20
145.4675305846642
 30
0.0
 10
266.0182625307249
 20
145.4675305846522
 30
0.0
  0
LINE
  5
1727
330
1F
100
AcDbEntity
  8
0
100
AcDbLine
 10
266.0182625307249
 20
145.4675305846522
 30
0.0
 11
279.0182625307269
 21
145.4675305840702
 31
0.0
  0
SPLINE
  5
1728
330
1F
100
AcDbEntity
  8
0
100
AcDbSpline
210
0.0
220
0.0
230
1.0
 70
     8
 71
     3
 72
     8
 73
     4
 74
     0
 42
0.000000001
 43
0.0000000001
 40
-12.0
 40
-12.0
 40
-12.0
 40
-12.0
 40
-11.0
 40
-11.0
 40
-11.0
 40
-11.0
 10
279.0182625307269
 20
145.4675305840702
 30
0.0
 10
279.2944049056418
 20
145.4675305840582
 30
0.0
 10
279.5182625307358
 20
145.6913882091322
 30
0.0
 10
279.5182625307489
 20
145.9675305840472
 30
0.0
  0
LINE
  5
1729
330
1F
100
AcDbEntity
  8
0
100
AcDbLine
 10
279.5182625307489
 20
145.9675305840472
 30
0.0
 11
279.5182625313329
 21
158.9675305840473
 31
0.0
  0
SPLINE
  5
1730
330
1F
100
AcDbEntity
  8
0
100
AcDbSpline
210
0.0
220
0.0
230
1.0
 70
     8
 71
     3
 72
     8
 73
     4
 74
     0
 42
0.000000001
 43
0.0000000001
 40
-10.0
 40
-10.0
 40
-10.0
 40
-10.0
 40
-9.0
 40
-9.0
 40
-9.0
 40
-9.0
 10
279.5182625313329
 20
158.9675305840473
 30
0.0
 10
279.5182625313459
 20
159.2436729589622
 30
0.0
 10
279.2944049062708
 20
159.4675305840572
 30
0.0
 10
279.0182625313549
 20
159.4675305840692
 30
0.0
  0
LINE
  5
1731
330
1F
100
AcDbEntity
  8
0
100
AcDbLine
 10
179.8015434164829
 20
158.9675305885292
 30
0.0
 11
179.8015434158984
 21
145.9675305885292
 31
0.0
  0
SPLINE
  5
1732
330
1F
100
AcDbEntity
  8
0
100
AcDbSpline
210
0.0
220
0.0
230
1.0
 70
     8
 71
     3
 72
     8
 73
     4
 74
     0
 42
0.000000001
 43
0.0000000001
 40
-8.0
 40
-8.0
 40
-8.0
 40
-8.0
 40
-7.0
 40
-7.0
 40
-7.0
 40
-7.0
 10
179.8015434158984
 20
145.9675305885292
 30
0.0
 10
179.8015434158863
 20
145.6913882136142
 30
0.0
 10
180.0254010409611
 20
145.4675305885182
 30
0.0
 10
180.3015434158762
 20
145.4675305885072
 30
0.0
  0
LINE
  5
1733
330
1F
100
AcDbEntity
  8
0
100
AcDbLine
 10
180.3015434158762
 20
145.4675305885072
 30
0.0
 11
193.3015434158761
 21
145.4675305879212
 31
0.0
  0
SPLINE
  5
1734
330
1F
100
AcDbEntity
  8
0
100
AcDbSpline
210
0.0
220
0.0
230
1.0
 70
     8
 71
     3
 72
     8
 73
     4
 74
     0
 42
0.000000001
 43
0.0000000001
 40
-14.0
 40
-14.0
 40
-14.0
 40
-14.0
 40
-13.0
 40
-13.0
 40
-13.0
 40
-13.0
 10
193.3015434158761
 20
145.4675305879212
 30
0.0
 10
193.5776857907925
 20
145.4675305879102
 30
0.0
 10
193.8015434158868
 20
145.6913882129852
 30
0.0
 10
193.801543415899
 20
145.9675305879002
 30
0.0
  0
LINE
  5
1735
330
1F
100
AcDbEntity
  8
0
100
AcDbLine
 10
193.801543415899
 20
145.9675305879002
 30
0.0
 11
193.8015434164828
 21
158.9675305879002
 31
0.0
  0
SPLINE
  5
1736
330
1F
100
AcDbEntity
  8
0
100
AcDbSpline
210
0.0
220
0.0
230
1.0
 70
     8
 71
     3
 72
     8
 73
     4
 74
     0
 42
0.000000001
 43
0.0000000001
 40
-12.0
 40
-12.0
 40
-12.0
 40
-12.0
 40
-11.0
 40
-11.0
 40
-11.0
 40
-11.0
 10
193.8015434164828
 20
158.9675305879002
 30
0.0
 10
193.801543416495
 20
159.2436729628152
 30
0.0
 10
193.5776857914214
 20
159.4675305879092
 30
0.0
 10
193.3015434165056
 20
159.4675305879222
 30
0.0
  0
LINE
  5
1737
330
1F
100
AcDbEntity
  8
0
100
AcDbLine
 10
193.3015434165056
 20
159.4675305879222
 30
0.0
 11
180.3015434165064
 21
159.4675305885062
 31
0.0
  0
SPLINE
  5
1738
330
1F
100
AcDbEntity
  8
0
100
AcDbSpline
210
0.0
220
0.0
230
1.0
 70
     8
 71
     3
 72
     8
 73
     4
 74
     0
 42
0.000000001
 43
0.0000000001
 40
-10.0
 40
-10.0
 40
-10.0
 40
-10.0
 40
-9.0
 40
-9.0
 40
-9.0
 40
-9.0
 10
180.3015434165064
 20
159.4675305885062
 30
0.0
 10
180.0254010415899
 20
159.4675305885172
 30
0.0
 10
179.8015434164952
 20
159.2436729634442
 30
0.0
 10
179.8015434164829
 20
158.9675305885292
 30
0.0
  0
LINE
  5
1739
330
1F
100
AcDbEntity
  8
0
100
AcDbLine
 10
246.4682625313329
 20
158.9675305855322
 30
0.0
 11
246.4682625307478
 21
145.9675305855322
 31
0.0
  0
SPLINE
  5
1740
330
1F
100
AcDbEntity
  8
0
100
AcDbSpline
210
0.0
220
0.0
230
1.0
 70
     8
 71
     3
 72
     8
 73
     4
 74
     0
 42
0.000000001
 43
0.0000000001
 40
-8.0
 40
-8.0
 40
-8.0
 40
-8.0
 40
-7.0
 40
-7.0
 40
-7.0
 40
-7.0
 10
246.4682625307478
 20
145.9675305855322
 30
0.0
 10
246.4682625307359
 20
145.6913882106172
 30
0.0
 10
246.6921201558109
 20
145.4675305855232
 30
0.0
 10
246.9682625307249
 20
145.4675305855112
 30
0.0
  0
LINE
  5
1741
330
1F
100
AcDbEntity
  8
0
100
AcDbLine
 10
246.9682625307249
 20
145.4675305855112
 30
0.0
 11
259.9682625307259
 21
145.4675305849262
 31
0.0
  0
SPLINE
  5
1742
330
1F
100
AcDbEntity
  8
0
100
AcDbSpline
210
0.0
220
0.0
230
1.0
 70
     8
 71
     3
 72
     8
 73
     4
 74
     0
 42
0.000000001
 43
0.0000000001
 40
-14.0
 40
-14.0
 40
-14.0
 40
-14.0
 40
-13.0
 40
-13.0
 40
-13.0
 40
-13.0
 10
259.9682625307259
 20
145.4675305849262
 30
0.0
 10
260.2444049056408
 20
145.4675305849132
 30
0.0
 10
260.4682625307358
 20
145.6913882099872
 30
0.0
 10
260.4682625307489
 20
145.9675305849032
 30
0.0
  0
LINE
  5
1743
330
1F
100
AcDbEntity
  8
0
100
AcDbLine
 10
260.4682625307489
 20
145.9675305849032
 30
0.0
 11
260.4682625313338
 21
158.9675305849022
 31
0.0
  0
SPLINE
  5
1744
330
1F
100
AcDbEntity
  8
0
100
AcDbSpline
210
0.0
220
0.0
230
1.0
 70
     8
 71
     3
 72
     8
 73
     4
 74
     0
 42
0.000000001
 43
0.0000000001
 40
-12.0
 40
-12.0
 40
-12.0
 40
-12.0
 40
-11.0
 40
-11.0
 40
-11.0
 40
-11.0
 10
260.4682625313338
 20
158.9675305849022
 30
0.0
 10
260.4682625313448
 20
159.2436729598192
 30
0.0
 10
260.2444049062718
 20
159.4675305849132
 30
0.0
 10
259.9682625313568
 20
159.4675305849252
 30
0.0
  0
LINE
  5
1745
330
1F
100
AcDbEntity
  8
0
100
AcDbLine
 10
259.9682625313569
 20
159.4675305849252
 30
0.0
 11
246.9682625313549
 21
159.4675305855092
 31
0.0
  0
SPLINE
  5
1746
330
1F
100
AcDbEntity
  8
0
100
AcDbSpline
210
0.0
220
0.0
230
1.0
 70
     8
 71
     3
 72
     8
 73
     4
 74
     0
 42
0.000000001
 43
0.0000000001
 40
-10.0
 40
-10.0
 40
-10.0
 40
-10.0
 40
-9.0
 40
-9.0
 40
-9.0
 40
-9.0
 10
246.9682625313549
 20
159.4675305855092
 30
0.0
 10
246.6921201564389
 20
159.4675305855222
 30
0.0
 10
246.4682625313449
 20
159.2436729604472
 30
0.0
 10
246.4682625313329
 20
158.9675305855322
 30
0.0
  0
LINE
  5
1747
330
1F
100
AcDbEntity
  8
0
100
AcDbLine
 10
132.1769542333497
 20
158.9675305906672
 30
0.0
 11
132.1769542327658
 21
145.9675305906672
 31
0.0
  0
SPLINE
  5
1748
330
1F
100
AcDbEntity
  8
0
100
AcDbSpline
210
0.0
220
0.0
230
1.0
 70
     8
 71
     3
 72
     8
 73
     4
 74
     0
 42
0.000000001
 43
0.0000000001
 40
-8.0
 40
-8.0
 40
-8.0
 40
-8.0
 40
-7.0
 40
-7.0
 40
-7.0
 40
-7.0
 10
132.1769542327658
 20
145.9675305906672
 30
0.0
 10
132.1769542327536
 20
145.6913882157522
 30
0.0
 10
132.4008118578272
 20
145.4675305906582
 30
0.0
 10
132.6769542327437
 20
145.4675305906463
 30
0.0
  0
LINE
  5
1749
330
1F
100
AcDbEntity
  8
0
100
AcDbLine
 10
132.6769542327437
 20
145.4675305906463
 30
0.0
 11
145.6769542327435
 21
145.4675305900622
 31
0.0
  0
SPLINE
  5
1750
330
1F
100
AcDbEntity
  8
0
100
AcDbSpline
210
0.0
220
0.0
230
1.0
 70
     8
 71
     3
 72
     8
 73
     4
 74
     0
 42
0.000000001
 43
0.0000000001
 40
-14.0
 40
-14.0
 40
-14.0
 40
-14.0
 40
-13.0
 40
-13.0
 40
-13.0
 40
-13.0
 10
145.6769542327435
 20
145.4675305900622
 30
0.0
 10
145.9530966076588
 20
145.4675305900492
 30
0.0
 10
146.1769542327541
 20
145.6913882151252
 30
0.0
 10
146.1769542327663
 20
145.9675305900392
 30
0.0
  0
LINE
  5
1751
330
1F
100
AcDbEntity
  8
0
100
AcDbLine
 10
146.1769542327663
 20
145.9675305900392
 30
0.0
 11
146.1769542333502
 21
158.9675305900403
 31
0.0
  0
SPLINE
  5
1752
330
1F
100
AcDbEntity
  8
0
100
AcDbSpline
210
0.0
220
0.0
230
1.0
 70
     8
 71
     3
 72
     8
 73
     4
 74
     0
 42
0.000000001
 43
0.0000000001
 40
-12.0
 40
-12.0
 40
-12.0
 40
-12.0
 40
-11.0
 40
-11.0
 40
-11.0
 40
-11.0
 10
146.1769542333502
 20
158.9675305900403
 30
0.0
 10
146.1769542333624
 20
159.2436729649542
 30
0.0
 10
145.9530966082875
 20
159.4675305900482
 30
0.0
 10
145.6769542333724
 20
159.4675305900612
 30
0.0
  0
LINE
  5
1753
330
1F
100
AcDbEntity
  8
0
100
AcDbLine
 10
145.6769542333724
 20
159.4675305900612
 30
0.0
 11
132.6769542333725
 21
159.4675305906452
 31
0.0
  0
SPLINE
  5
1754
330
1F
100
AcDbEntity
  8
0
100
AcDbSpline
210
0.0
220
0.0
230
1.0
 70
     8
 71
     3
 72
     8
 73
     4
 74
     0
 42
0.000000001
 43
0.0000000001
 40
-10.0
 40
-10.0
 40
-10.0
 40
-10.0
 40
-9.0
 40
-9.0
 40
-9.0
 40
-9.0
 10
132.6769542333725
 20
159.4675305906452
 30
0.0
 10
132.4008118584574
 20
159.4675305906572
 30
0.0
 10
132.1769542333619
 20
159.2436729655832
 30
0.0
 10
132.1769542333497
 20
158.9675305906672
 30
0.0
  0
SPLINE
  5
1755
330
1F
100
AcDbEntity
  8
0
100
AcDbSpline
210
0.0
220
0.0
230
1.0
 70
     8
 71
     3
 72
     8
 73
     4
 74
     0
 42
0.000000001
 43
0.0000000001
 40
-2.0
 40
-2.0
 40
-2.0
 40
-2.0
 40
-1.0
 40
-1.0
 40
-1.0
 40
-1.0
 10
75.52695423337326
 20
159.4675305932132
 30
0.0
 10
75.25081185845826
 20
159.4675305932262
 30
0.0
 10
75.02695423336226
 20
159.2436729681522
 30
0.0
 10
75.02695423335026
 20
158.9675305932372
 30
0.0
  0
LINE
  5
1756
330
1F
100
AcDbEntity
  8
0
100
AcDbLine
 10
75.02695423335026
 20
158.9675305932372
 30
0.0
 11
75.02695423276626
 21
145.9675305932372
 31
0.0
  0
SPLINE
  5
1757
330
1F
100
AcDbEntity
  8
0
100
AcDbSpline
210
0.0
220
0.0
230
1.0
 70
     8
 71
     3
 72
     8
 73
     4
 74
     0
 42
0.000000001
 43
0.0000000001
 40
10.0
 40
10.0
 40
10.0
 40
10.0
 40
11.0
 40
11.0
 40
11.0
 40
11.0
 10
75.02695423276626
 20
145.9675305932372
 30
0.0
 10
75.02695423275426
 20
145.6913882183212
 30
0.0
 10
75.25081185782827
 20
145.4675305932272
 30
0.0
 10
75.52695423274325
 20
145.4675305932152
 30
0.0
  0
LINE
  5
1758
330
1F
100
AcDbEntity
  8
0
100
AcDbLine
 10
75.52695423274325
 20
145.4675305932152
 30
0.0
 11
88.52695423274427
 21
145.4675305926302
 31
0.0
  0
SPLINE
  5
1759
330
1F
100
AcDbEntity
  8
0
100
AcDbSpline
210
0.0
220
0.0
230
1.0
 70
     8
 71
     3
 72
     8
 73
     4
 74
     0
 42
0.000000001
 43
0.0000000001
 40
12.0
 40
12.0
 40
12.0
 40
12.0
 40
13.0
 40
13.0
 40
13.0
 40
13.0
 10
88.52695423274427
 20
145.4675305926302
 30
0.0
 10
88.80309660765925
 20
145.4675305926172
 30
0.0
 10
89.02695423275526
 20
145.6913882176932
 30
0.0
 10
89.02695423276727
 20
145.9675305926092
 30
0.0
  0
LINE
  5
1760
330
1F
100
AcDbEntity
  8
0
100
AcDbLine
 10
89.02695423276727
 20
145.9675305926092
 30
0.0
 11
89.02695423335226
 21
158.9675305926082
 31
0.0
  0
SPLINE
  5
1761
330
1F
100
AcDbEntity
  8
0
100
AcDbSpline
210
0.0
220
0.0
230
1.0
 70
     8
 71
     3
 72
     8
 73
     4
 74
     0
 42
0.000000001
 43
0.0000000001
 40
14.0
 40
14.0
 40
14.0
 40
14.0
 40
15.0
 40
15.0
 40
15.0
 40
15.0
 10
89.02695423335226
 20
158.9675305926082
 30
0.0
 10
89.02695423336426
 20
159.2436729675242
 30
0.0
 10
88.80309660828826
 20
159.4675305926192
 30
0.0
 10
88.52695423337326
 20
159.4675305926312
 30
0.0
  0
LINE
  5
1762
330
1F
100
AcDbEntity
  8
0
100
AcDbLine
 10
88.52695423337326
 20
159.4675305926312
 30
0.0
 11
75.52695423337326
 21
159.4675305932132
 31
0.0
  0
SPLINE
  5
1763
330
1F
100
AcDbEntity
  8
0
100
AcDbSpline
210
0.0
220
0.0
230
1.0
 70
     8
 71
     3
 72
     8
 73
     4
 74
     0
 42
0.000000001
 43
0.0000000001
 40
-6.0
 40
-6.0
 40
-6.0
 40
-6.0
 40
-5.0
 40
-5.0
 40
-5.0
 40
-5.0
 10
126.6269542327433
 20
145.4675305909182
 30
0.0
 10
126.9030966076585
 20
145.4675305909062
 30
0.0
 10
127.1269542327539
 20
145.6913882159802
 30
0.0
 10
127.1269542327661
 20
145.9675305908952
 30
0.0
  0
LINE
  5
1764
330
1F
100
AcDbEntity
  8
0
100
AcDbLine
 10
127.1269542327661
 20
145.9675305908952
 30
0.0
 11
127.1269542333501
 21
158.9675305908952
 31
0.0
  0
SPLINE
  5
1765
330
1F
100
AcDbEntity
  8
0
100
AcDbSpline
210
0.0
220
0.0
230
1.0
 70
     8
 71
     3
 72
     8
 73
     4
 74
     0
 42
0.000000001
 43
0.0000000001
 40
14.0
 40
14.0
 40
14.0
 40
14.0
 40
15.0
 40
15.0
 40
15.0
 40
15.0
 10
127.1269542333501
 20
158.9675305908952
 30
0.0
 10
127.1269542333622
 20
159.2436729658102
 30
0.0
 10
126.9030966082886
 20
159.4675305909062
 30
0.0
 10
126.6269542333722
 20
159.4675305909192
 30
0.0
  0
LINE
  5
1766
330
1F
100
AcDbEntity
  8
0
100
AcDbLine
 10
126.6269542333722
 20
159.4675305909192
 30
0.0
 11
113.6269542333737
 21
159.4675305915022
 31
0.0
  0
SPLINE
  5
1767
330
1F
100
AcDbEntity
  8
0
100
AcDbSpline
210
0.0
220
0.0
230
1.0
 70
     8
 71
     3
 72
     8
 73
     4
 74
     0
 42
0.000000001
 43
0.0000000001
 40
-10.0
 40
-10.0
 40
-10.0
 40
-10.0
 40
-9.0
 40
-9.0
 40
-9.0
 40
-9.0
 10
113.6269542333737
 20
159.4675305915022
 30
0.0
 10
113.3508118584572
 20
159.4675305915142
 30
0.0
 10
113.1269542333617
 20
159.2436729664392
 30
0.0
 10
113.1269542333495
 20
158.9675305915242
 30
0.0
  0
LINE
  5
1768
330
1F
100
AcDbEntity
  8
0
100
AcDbLine
 10
113.1269542333495
 20
158.9675305915242
 30
0.0
 11
113.1269542327656
 21
145.9675305915242
 31
0.0
  0
SPLINE
  5
1769
330
1F
100
AcDbEntity
  8
0
100
AcDbSpline
210
0.0
220
0.0
230
1.0
 70
     8
 71
     3
 72
     8
 73
     4
 74
     0
 42
0.000000001
 43
0.0000000001
 40
-8.0
 40
-8.0
 40
-8.0
 40
-8.0
 40
-7.0
 40
-7.0
 40
-7.0
 40
-7.0
 10
113.1269542327656
 20
145.9675305915242
 30
0.0
 10
113.1269542327534
 20
145.6913882166092
 30
0.0
 10
113.3508118578283
 20
145.4675305915151
 30
0.0
 10
113.6269542327435
 20
145.4675305915022
 30
0.0
  0
LINE
  5
1770
330
1F
100
AcDbEntity
  8
0
100
AcDbLine
 10
113.6269542327435
 20
145.4675305915022
 30
0.0
 11
126.6269542327433
 21
145.4675305909182
 31
0.0
  0
LINE
  5
1771
330
1F
100
AcDbEntity
  8
0
100
AcDbLine
 10
217.9015434164818
 20
158.9675305868162
 30
0.0
 11
217.9015434158992
 21
145.9675305868172
 31
0.0
  0
SPLINE
  5
1772
330
1F
100
AcDbEntity
  8
0
100
AcDbSpline
210
0.0
220
0.0
230
1.0
 70
     8
 71
     3
 72
     8
 73
     4
 74
     0
 42
0.000000001
 43
0.0000000001
 40
-8.0
 40
-8.0
 40
-8.0
 40
-8.0
 40
-7.0
 40
-7.0
 40
-7.0
 40
-7.0
 10
217.9015434158992
 20
145.9675305868172
 30
0.0
 10
217.9015434158863
 20
145.6913882119012
 30
0.0
 10
218.1254010409599
 20
145.4675305868062
 30
0.0
 10
218.4015434158764
 20
145.4675305867932
 30
0.0
  0
LINE
  5
1773
330
1F
100
AcDbEntity
  8
0
100
AcDbLine
 10
218.4015434158764
 20
145.4675305867932
 30
0.0
 11
231.4015434158761
 21
145.4675305862092
 31
0.0
  0
SPLINE
  5
1774
330
1F
100
AcDbEntity
  8
0
100
AcDbSpline
210
0.0
220
0.0
230
1.0
 70
     8
 71
     3
 72
     8
 73
     4
 74
     0
 42
0.000000001
 43
0.0000000001
 40
-14.0
 40
-14.0
 40
-14.0
 40
-14.0
 40
-13.0
 40
-13.0
 40
-13.0
 40
-13.0
 10
231.4015434158761
 20
145.4675305862092
 30
0.0
 10
231.6776857907914
 20
145.4675305861962
 30
0.0
 10
231.9015434158855
 20
145.6913882112712
 30
0.0
 10
231.9015434158984
 20
145.9675305861862
 30
0.0
  0
LINE
  5
1775
330
1F
100
AcDbEntity
  8
0
100
AcDbLine
 10
231.9015434158984
 20
145.9675305861862
 30
0.0
 11
231.9015434164823
 21
158.9675305861862
 31
0.0
  0
SPLINE
  5
1776
330
1F
100
AcDbEntity
  8
0
100
AcDbSpline
210
0.0
220
0.0
230
1.0
 70
     8
 71
     3
 72
     8
 73
     4
 74
     0
 42
0.000000001
 43
0.0000000001
 40
-12.0
 40
-12.0
 40
-12.0
 40
-12.0
 40
-11.0
 40
-11.0
 40
-11.0
 40
-11.0
 10
231.9015434164823
 20
158.9675305861862
 30
0.0
 10
231.9015434164952
 20
159.2436729611012
 30
0.0
 10
231.6776857914203
 20
159.4675305861982
 30
0.0
 10
231.401543416505
 20
159.4675305862112
 30
0.0
  0
LINE
  5
1777
330
1F
100
AcDbEntity
  8
0
100
AcDbLine
 10
231.401543416505
 20
159.4675305862112
 30
0.0
 11
218.4015434165039
 21
159.4675305867922
 31
0.0
  0
SPLINE
  5
1778
330
1F
100
AcDbEntity
  8
0
100
AcDbSpline
210
0.0
220
0.0
230
1.0
 70
     8
 71
     3
 72
     8
 73
     4
 74
     0
 42
0.000000001
 43
0.0000000001
 40
-10.0
 40
-10.0
 40
-10.0
 40
-10.0
 40
-9.0
 40
-9.0
 40
-9.0
 40
-9.0
 10
218.4015434165039
 20
159.4675305867922
 30
0.0
 10
218.1254010415888
 20
159.4675305868052
 30
0.0
 10
217.9015434164947
 20
159.2436729617322
 30
0.0
 10
217.9015434164818
 20
158.9675305868162
 30
0.0
  0
LINE
  5
1779
330
1F
100
AcDbEntity
  8
0
100
AcDbLine
 10
94.07695423335026
 20
158.9675305923802
 30
0.0
 11
94.07695423276626
 21
145.9675305923802
 31
0.0
  0
SPLINE
  5
1780
330
1F
100
AcDbEntity
  8
0
100
AcDbSpline
210
0.0
220
0.0
230
1.0
 70
     8
 71
     3
 72
     8
 73
     4
 74
     0
 42
0.000000001
 43
0.0000000001
 40
11.0
 40
11.0
 40
11.0
 40
11.0
 40
12.0
 40
12.0
 40
12.0
 40
12.0
 10
94.07695423276626
 20
145.9675305923802
 30
0.0
 10
94.07695423275425
 20
145.6913882174652
 30
0.0
 10
94.30081185782826
 20
145.4675305923702
 30
0.0
 10
94.57695423274326
 20
145.4675305923582
 30
0.0
  0
LINE
  5
1781
330
1F
100
AcDbEntity
  8
0
100
AcDbLine
 10
94.57695423274326
 20
145.4675305923582
 30
0.0
 11
107.5769542327444
 21
145.4675305917742
 31
0.0
  0
SPLINE
  5
1782
330
1F
100
AcDbEntity
  8
0
100
AcDbSpline
210
0.0
220
0.0
230
1.0
 70
     8
 71
     3
 72
     8
 73
     4
 74
     0
 42
0.000000001
 43
0.0000000001
 40
13.0
 40
13.0
 40
13.0
 40
13.0
 40
14.0
 40
14.0
 40
14.0
 40
14.0
 10
107.5769542327444
 20
145.4675305917742
 30
0.0
 10
107.8530966076596
 20
145.4675305917632
 30
0.0
 10
108.0769542327537
 20
145.6913882168362
 30
0.0
 10
108.0769542327659
 20
145.9675305917512
 30
0.0
  0
LINE
  5
1783
330
1F
100
AcDbEntity
  8
0
100
AcDbLine
 10
108.0769542327659
 20
145.9675305917512
 30
0.0
 11
108.0769542333518
 21
158.9675305917512
 31
0.0
  0
SPLINE
  5
1784
330
1F
100
AcDbEntity
  8
0
100
AcDbSpline
210
0.0
220
0.0
230
1.0
 70
     8
 71
     3
 72
     8
 73
     4
 74
     0
 42
0.000000001
 43
0.0000000001
 40
15.0
 40
15.0
 40
15.0
 40
15.0
 40
16.0
 40
16.0
 40
16.0
 40
16.0
 10
108.0769542333518
 20
158.9675305917512
 30
0.0
 10
108.076954233364
 20
159.2436729666682
 30
0.0
 10
107.8530966082891
 20
159.4675305917622
 30
0.0
 10
107.5769542333732
 20
159.4675305917732
 30
0.0
  0
LINE
  5
1785
330
1F
100
AcDbEntity
  8
0
100
AcDbLine
 10
107.5769542333732
 20
159.4675305917732
 30
0.0
 11
94.57695423337426
 21
159.4675305923582
 31
0.0
  0
SPLINE
  5
1786
330
1F
100
AcDbEntity
  8
0
100
AcDbSpline
210
0.0
220
0.0
230
1.0
 70
     8
 71
     3
 72
     8
 73
     4
 74
     0
 42
0.000000001
 43
0.0000000001
 40
-5.0
 40
-5.0
 40
-5.0
 40
-5.0
 40
-4.0
 40
-4.0
 40
-4.0
 40
-4.0
 10
94.57695423337426
 20
159.4675305923582
 30
0.0
 10
94.30081185845734
 20
159.4675305923702
 30
0.0
 10
94.07695423336326
 20
159.2436729672952
 30
0.0
 10
94.07695423335026
 20
158.9675305923802
 30
0.0
  0
LINE
  5
1787
330
1F
100
AcDbEntity
  8
0
100
AcDbLine
 10
212.8515434158989
 20
145.9675305870442
 30
0.0
 11
212.8515434164841
 21
158.9675305870442
 31
0.0
  0
SPLINE
  5
1788
330
1F
100
AcDbEntity
  8
0
100
AcDbSpline
210
0.0
220
0.0
230
1.0
 70
     8
 71
     3
 72
     8
 73
     4
 74
     0
 42
0.000000001
 43
0.0000000001
 40
-8.0
 40
-8.0
 40
-8.0
 40
-8.0
 40
-7.0
 40
-7.0
 40
-7.0
 40
-7.0
 10
212.8515434164841
 20
158.9675305870442
 30
0.0
 10
212.8515434164956
 20
159.2436729619592
 30
0.0
 10
212.6276857914219
 20
159.4675305870533
 30
0.0
 10
212.3515434165056
 20
159.4675305870662
 30
0.0
  0
LINE
  5
1789
330
1F
100
AcDbEntity
  8
0
100
AcDbLine
 10
212.3515434165056
 20
159.4675305870662
 30
0.0
 11
199.3515434165053
 21
159.4675305876502
 31
0.0
  0
SPLINE
  5
1790
330
1F
100
AcDbEntity
  8
0
100
AcDbSpline
210
0.0
220
0.0
230
1.0
 70
     8
 71
     3
 72
     8
 73
     4
 74
     0
 42
0.000000001
 43
0.0000000001
 40
-14.0
 40
-14.0
 40
-14.0
 40
-14.0
 40
-13.0
 40
-13.0
 40
-13.0
 40
-13.0
 10
199.3515434165053
 20
159.4675305876502
 30
0.0
 10
199.0754010415902
 20
159.4675305876612
 30
0.0
 10
198.8515434164947
 20
159.2436729625862
 30
0.0
 10
198.8515434164825
 20
158.9675305876712
 30
0.0
  0
LINE
  5
1791
330
1F
100
AcDbEntity
  8
0
100
AcDbLine
 10
198.8515434164825
 20
158.9675305876712
 30
0.0
 11
198.8515434158987
 21
145.9675305876713
 31
0.0
  0
SPLINE
  5
1792
330
1F
100
AcDbEntity
  8
0
100
AcDbSpline
210
0.0
220
0.0
230
1.0
 70
     8
 71
     3
 72
     8
 73
     4
 74
     0
 42
0.000000001
 43
0.0000000001
 40
-12.0
 40
-12.0
 40
-12.0
 40
-12.0
 40
-11.0
 40
-11.0
 40
-11.0
 40
-11.0
 10
198.8515434158987
 20
145.9675305876713
 30
0.0
 10
198.8515434158865
 20
145.6913882127562
 30
0.0
 10
199.0754010409613
 20
145.4675305876612
 30
0.0
 10
199.3515434158764
 20
145.4675305876492
 30
0.0
  0
LINE
  5
1793
330
1F
100
AcDbEntity
  8
0
100
AcDbLine
 10
199.3515434158764
 20
145.4675305876492
 30
0.0
 11
212.3515434158767
 21
145.4675305870672
 31
0.0
  0
SPLINE
  5
1794
330
1F
100
AcDbEntity
  8
0
100
AcDbSpline
210
0.0
220
0.0
230
1.0
 70
     8
 71
     3
 72
     8
 73
     4
 74
     0
 42
0.000000001
 43
0.0000000001
 40
-10.0
 40
-10.0
 40
-10.0
 40
-10.0
 40
-9.0
 40
-9.0
 40
-9.0
 40
-9.0
 10
212.3515434158767
 20
145.4675305870672
 30
0.0
 10
212.6276857907917
 20
145.4675305870542
 30
0.0
 10
212.851543415886
 20
145.6913882121292
 30
0.0
 10
212.8515434158989
 20
145.9675305870442
 30
0.0
  0
LINE
  5
1795
330
1F
100
AcDbEntity
  8
0
100
AcDbLine
 10
56.46926252965724
 20
121.6550305940721
 30
0.0
 11
69.46926252965724
 21
121.6550305934884
 31
0.0
  0
SPLINE
  5
1796
330
1F
100
AcDbEntity
  8
0
100
AcDbSpline
210
0.0
220
0.0
230
1.0
 70
     8
 71
     3
 72
     8
 73
     4
 74
     0
 42
0.000000001
 43
0.0000000001
 40
-8.0
 40
-8.0
 40
-8.0
 40
-8.0
 40
-7.0
 40
-7.0
 40
-7.0
 40
-7.0
 10
69.46926252965724
 20
121.6550305934884
 30
0.0
 10
69.74540490457227
 20
121.6550305934753
 30
0.0
 10
69.96926252966827
 20
121.878888218549
 30
0.0
 10
69.96926252968027
 20
122.1550305934655
 30
0.0
  0
LINE
  5
1797
330
1F
100
AcDbEntity
  8
0
100
AcDbLine
 10
69.96926252968027
 20
122.1550305934655
 30
0.0
 11
69.96926253026426
 21
135.1550305934602
 31
0.0
  0
SPLINE
  5
1798
330
1F
100
AcDbEntity
  8
0
100
AcDbSpline
210
0.0
220
0.0
230
1.0
 70
     8
 71
     3
 72
     8
 73
     4
 74
     0
 42
0.000000001
 43
0.0000000001
 40
-14.0
 40
-14.0
 40
-14.0
 40
-14.0
 40
-13.0
 40
-13.0
 40
-13.0
 40
-13.0
 10
69.96926253026426
 20
135.1550305934602
 30
0.0
 10
69.96926253027726
 20
135.4311729683752
 30
0.0
 10
69.74540490520226
 20
135.6550305934692
 30
0.0
 10
69.46926253028725
 20
135.6550305934812
 30
0.0
  0
LINE
  5
1799
330
1F
100
AcDbEntity
  8
0
100
AcDbLine
 10
69.46926253028725
 20
135.6550305934812
 30
0.0
 11
56.46926253028826
 21
135.6550305940672
 31
0.0
  0
SPLINE
  5
1800
330
1F
100
AcDbEntity
  8
0
100
AcDbSpline
210
0.0
220
0.0
230
1.0
 70
     8
 71
     3
 72
     8
 73
     4
 74
     0
 42
0.000000001
 43
0.0000000001
 40
-12.0
 40
-12.0
 40
-12.0
 40
-12.0
 40
-11.0
 40
-11.0
 40
-11.0
 40
-11.0
 10
56.46926253028826
 20
135.6550305940672
 30
0.0
 10
56.19312015537227
 20
135.6550305940792
 30
0.0
 10
55.96926253027826
 20
135.4311729690042
 30
0.0
 10
55.96926253026627
 20
135.1550305940902
 30
0.0
  0
LINE
  5
1801
330
1F
100
AcDbEntity
  8
0
100
AcDbLine
 10
55.96926253026627
 20
135.1550305940902
 30
0.0
 11
55.96926252968126
 21
122.1550305940931
 31
0.0
  0
SPLINE
  5
1802
330
1F
100
AcDbEntity
  8
0
100
AcDbSpline
210
0.0
220
0.0
230
1.0
 70
     8
 71
     3
 72
     8
 73
     4
 74
     0
 42
0.000000001
 43
0.0000000001
 40
-10.0
 40
-10.0
 40
-10.0
 40
-10.0
 40
-9.0
 40
-9.0
 40
-9.0
 40
-9.0
 10
55.96926252968126
 20
122.1550305940931
 30
0.0
 10
55.96926252966827
 20
121.8788882191779
 30
0.0
 10
56.19312015474225
 20
121.6550305940838
 30
0.0
 10
56.46926252965724
 20
121.6550305940721
 30
0.0
  0
LINE
  5
1803
330
1F
100
AcDbEntity
  8
0
100
AcDbLine
 10
221.8692625302848
 20
135.6550305866342
 30
0.0
 11
208.8692625302856
 21
135.6550305872151
 31
0.0
  0
SPLINE
  5
1804
330
1F
100
AcDbEntity
  8
0
100
AcDbSpline
210
0.0
220
0.0
230
1.0
 70
     8
 71
     3
 72
     8
 73
     4
 74
     0
 42
0.000000001
 43
0.0000000001
 40
-8.0
 40
-8.0
 40
-8.0
 40
-8.0
 40
-7.0
 40
-7.0
 40
-7.0
 40
-7.0
 10
208.8692625302856
 20
135.6550305872151
 30
0.0
 10
208.5931201553716
 20
135.6550305872282
 30
0.0
 10
208.3692625302763
 20
135.4311729621552
 30
0.0
 10
208.3692625302634
 20
135.1550305872392
 30
0.0
  0
LINE
  5
1805
330
1F
100
AcDbEntity
  8
0
100
AcDbLine
 10
208.3692625302634
 20
135.1550305872392
 30
0.0
 11
208.3692625296795
 21
122.1550305872462
 31
0.0
  0
SPLINE
  5
1806
330
1F
100
AcDbEntity
  8
0
100
AcDbSpline
210
0.0
220
0.0
230
1.0
 70
     8
 71
     3
 72
     8
 73
     4
 74
     0
 42
0.000000001
 43
0.0000000001
 40
-14.0
 40
-14.0
 40
-14.0
 40
-14.0
 40
-13.0
 40
-13.0
 40
-13.0
 40
-13.0
 10
208.3692625296795
 20
122.1550305872462
 30
0.0
 10
208.3692625296666
 20
121.8788882123309
 30
0.0
 10
208.5931201547416
 20
121.6550305872355
 30
0.0
 10
208.8692625296566
 20
121.6550305872227
 30
0.0
  0
LINE
  5
1807
330
1F
100
AcDbEntity
  8
0
100
AcDbLine
 10
208.8692625296566
 20
121.6550305872227
 30
0.0
 11
221.8692625296559
 21
121.6550305866388
 31
0.0
  0
SPLINE
  5
1808
330
1F
100
AcDbEntity
  8
0
100
AcDbSpline
210
0.0
220
0.0
230
1.0
 70
     8
 71
     3
 72
     8
 73
     4
 74
     0
 42
0.000000001
 43
0.0000000001
 40
-12.0
 40
-12.0
 40
-12.0
 40
-12.0
 40
-11.0
 40
-11.0
 40
-11.0
 40
-11.0
 10
221.8692625296559
 20
121.6550305866388
 30
0.0
 10
222.1454049045711
 20
121.6550305866259
 30
0.0
 10
222.3692625296652
 20
121.878888211702
 30
0.0
 10
222.3692625296781
 20
122.1550305866172
 30
0.0
  0
LINE
  5
1809
330
1F
100
AcDbEntity
  8
0
100
AcDbLine
 10
222.3692625296781
 20
122.1550305866172
 30
0.0
 11
222.3692625302633
 21
135.1550305866112
 31
0.0
  0
SPLINE
  5
1810
330
1F
100
AcDbEntity
  8
0
100
AcDbSpline
210
0.0
220
0.0
230
1.0
 70
     8
 71
     3
 72
     8
 73
     4
 74
     0
 42
0.000000001
 43
0.0000000001
 40
-10.0
 40
-10.0
 40
-10.0
 40
-10.0
 40
-9.0
 40
-9.0
 40
-9.0
 40
-9.0
 10
222.3692625302633
 20
135.1550305866112
 30
0.0
 10
222.3692625302748
 20
135.4311729615262
 30
0.0
 10
222.1454049051998
 20
135.6550305866212
 30
0.0
 10
221.8692625302848
 20
135.6550305866342
 30
0.0
  0
LINE
  5
1811
330
1F
100
AcDbEntity
  8
0
100
AcDbLine
 10
146.1692625296795
 20
122.1550305900427
 30
0.0
 11
146.169262530264
 21
135.1550305900362
 31
0.0
  0
SPLINE
  5
1812
330
1F
100
AcDbEntity
  8
0
100
AcDbSpline
210
0.0
220
0.0
230
1.0
 70
     8
 71
     3
 72
     8
 73
     4
 74
     0
 42
0.000000001
 43
0.0000000001
 40
-8.0
 40
-8.0
 40
-8.0
 40
-8.0
 40
-7.0
 40
-7.0
 40
-7.0
 40
-7.0
 10
146.169262530264
 20
135.1550305900362
 30
0.0
 10
146.1692625302762
 20
135.4311729649512
 30
0.0
 10
145.9454049052013
 20
135.6550305900471
 30
0.0
 10
145.6692625302862
 20
135.6550305900582
 30
0.0
  0
LINE
  5
1813
330
1F
100
AcDbEntity
  8
0
100
AcDbLine
 10
145.6692625302862
 20
135.6550305900582
 30
0.0
 11
132.6692625302863
 21
135.6550305906422
 31
0.0
  0
SPLINE
  5
1814
330
1F
100
AcDbEntity
  8
0
100
AcDbSpline
210
0.0
220
0.0
230
1.0
 70
     8
 71
     3
 72
     8
 73
     4
 74
     0
 42
0.000000001
 43
0.0000000001
 40
-14.0
 40
-14.0
 40
-14.0
 40
-14.0
 40
-13.0
 40
-13.0
 40
-13.0
 40
-13.0
 10
132.6692625302863
 20
135.6550305906422
 30
0.0
 10
132.3931201553712
 20
135.6550305906552
 30
0.0
 10
132.169262530277
 20
135.4311729655812
 30
0.0
 10
132.1692625302648
 20
135.1550305906652
 30
0.0
  0
LINE
  5
1815
330
1F
100
AcDbEntity
  8
0
100
AcDbLine
 10
132.1692625302648
 20
135.1550305906652
 30
0.0
 11
132.1692625296803
 21
122.1550305906702
 31
0.0
  0
SPLINE
  5
1816
330
1F
100
AcDbEntity
  8
0
100
AcDbSpline
210
0.0
220
0.0
230
1.0
 70
     8
 71
     3
 72
     8
 73
     4
 74
     0
 42
0.000000001
 43
0.0000000001
 40
-12.0
 40
-12.0
 40
-12.0
 40
-12.0
 40
-11.0
 40
-11.0
 40
-11.0
 40
-11.0
 10
132.1692625296803
 20
122.1550305906702
 30
0.0
 10
132.169262529668
 20
121.878888215755
 30
0.0
 10
132.3931201547417
 20
121.6550305906609
 30
0.0
 10
132.6692625296568
 20
121.6550305906495
 30
0.0
  0
LINE
  5
1817
330
1F
100
AcDbEntity
  8
0
100
AcDbLine
 10
132.6692625296568
 20
121.6550305906495
 30
0.0
 11
145.6692625296566
 21
121.6550305900654
 31
0.0
  0
SPLINE
  5
1818
330
1F
100
AcDbEntity
  8
0
100
AcDbSpline
210
0.0
220
0.0
230
1.0
 70
     8
 71
     3
 72
     8
 73
     4
 74
     0
 42
0.000000001
 43
0.0000000001
 40
-10.0
 40
-10.0
 40
-10.0
 40
-10.0
 40
-9.0
 40
-9.0
 40
-9.0
 40
-9.0
 10
145.6692625296566
 20
121.6550305900654
 30
0.0
 10
145.9454049045718
 20
121.6550305900526
 30
0.0
 10
146.1692625296672
 20
121.8788882151262
 30
0.0
 10
146.1692625296795
 20
122.1550305900427
 30
0.0
  0
SPLINE
  5
1819
330
1F
100
AcDbEntity
  8
0
100
AcDbSpline
210
0.0
220
0.0
230
1.0
 70
     8
 71
     3
 72
     8
 73
     4
 74
     0
 42
0.000000001
 43
0.0000000001
 40
0.0
 40
0.0
 40
0.0
 40
0.0
 40
1.0
 40
1.0
 40
1.0
 40
1.0
 10
50.91926253026525
 20
135.1550305943162
 30
0.0
 10
50.91926253027725
 20
135.4311729692311
 30
0.0
 10
50.69540490520324
 20
135.6550305943272
 30
0.0
 10
50.41926253028828
 20
135.6550305943381
 30
0.0
  0
LINE
  5
1820
330
1F
100
AcDbEntity
  8
0
100
AcDbLine
 10
50.41926253028828
 20
135.6550305943381
 30
0.0
 11
37.41926253028828
 21
135.6550305949232
 31
0.0
  0
SPLINE
  5
1821
330
1F
100
AcDbEntity
  8
0
100
AcDbSpline
210
0.0
220
0.0
230
1.0
 70
     8
 71
     3
 72
     8
 73
     4
 74
     0
 42
0.000000001
 43
0.0000000001
 40
-14.0
 40
-14.0
 40
-14.0
 40
-14.0
 40
-13.0
 40
-13.0
 40
-13.0
 40
-13.0
 10
37.41926253028828
 20
135.6550305949232
 30
0.0
 10
37.14312015537326
 20
135.6550305949362
 30
0.0
 10
36.91926253027825
 20
135.4311729698612
 30
0.0
 10
36.91926253026625
 20
135.1550305949482
 30
0.0
  0
LINE
  5
1822
330
1F
100
AcDbEntity
  8
0
100
AcDbLine
 10
36.91926253026625
 20
135.1550305949482
 30
0.0
 11
36.91926252968026
 21
122.1550305949517
 31
0.0
  0
SPLINE
  5
1823
330
1F
100
AcDbEntity
  8
0
100
AcDbSpline
210
0.0
220
0.0
230
1.0
 70
     8
 71
     3
 72
     8
 73
     4
 74
     0
 42
0.000000001
 43
0.0000000001
 40
-12.0
 40
-12.0
 40
-12.0
 40
-12.0
 40
-11.0
 40
-11.0
 40
-11.0
 40
-11.0
 10
36.91926252968026
 20
122.1550305949517
 30
0.0
 10
36.91926252966826
 20
121.8788882200352
 30
0.0
 10
37.14312015474326
 20
121.655030594941
 30
0.0
 10
37.41926252965928
 20
121.6550305949294
 30
0.0
  0
LINE
  5
1824
330
1F
100
AcDbEntity
  8
0
100
AcDbLine
 10
37.41926252965928
 20
121.6550305949294
 30
0.0
 11
50.41926252965723
 21
121.6550305943443
 31
0.0
  0
SPLINE
  5
1825
330
1F
100
AcDbEntity
  8
0
100
AcDbSpline
210
0.0
220
0.0
230
1.0
 70
     8
 71
     3
 72
     8
 73
     4
 74
     0
 42
0.000000001
 43
0.0000000001
 40
-10.0
 40
-10.0
 40
-10.0
 40
-10.0
 40
-9.0
 40
-9.0
 40
-9.0
 40
-9.0
 10
50.41926252965723
 20
121.6550305943443
 30
0.0
 10
50.69540490457325
 20
121.6550305943314
 30
0.0
 10
50.91926252966726
 20
121.8788882194064
 30
0.0
 10
50.91926252968026
 20
122.1550305943215
 30
0.0
  0
LINE
  5
1826
330
1F
100
AcDbEntity
  8
0
100
AcDbLine
 10
50.91926252968026
 20
122.1550305943215
 30
0.0
 11
50.91926253026525
 21
135.1550305943162
 31
0.0
  0
LINE
  5
1827
330
1F
100
AcDbEntity
  8
0
100
AcDbLine
 10
203.3192625296782
 20
122.1550305874746
 30
0.0
 11
203.3192625302634
 21
135.1550305874682
 31
0.0
  0
SPLINE
  5
1828
330
1F
100
AcDbEntity
  8
0
100
AcDbSpline
210
0.0
220
0.0
230
1.0
 70
     8
 71
     3
 72
     8
 73
     4
 74
     0
 42
0.000000001
 43
0.0000000001
 40
-8.0
 40
-8.0
 40
-8.0
 40
-8.0
 40
-7.0
 40
-7.0
 40
-7.0
 40
-7.0
 10
203.3192625302634
 20
135.1550305874682
 30
0.0
 10
203.3192625302749
 20
135.4311729623832
 30
0.0
 10
203.0954049052
 20
135.6550305874762
 30
0.0
 10
202.8192625302862
 20
135.6550305874892
 30
0.0
  0
LINE
  5
1829
330
1F
100
AcDbEntity
  8
0
100
AcDbLine
 10
202.8192625302862
 20
135.6550305874892
 30
0.0
 11
189.8192625302856
 21
135.6550305880732
 31
0.0
  0
SPLINE
  5
1830
330
1F
100
AcDbEntity
  8
0
100
AcDbSpline
210
0.0
220
0.0
230
1.0
 70
     8
 71
     3
 72
     8
 73
     4
 74
     0
 42
0.000000001
 43
0.0000000001
 40
-14.0
 40
-14.0
 40
-14.0
 40
-14.0
 40
-13.0
 40
-13.0
 40
-13.0
 40
-13.0
 10
189.8192625302856
 20
135.6550305880732
 30
0.0
 10
189.5431201553705
 20
135.6550305880862
 30
0.0
 10
189.3192625302758
 20
135.4311729630112
 30
0.0
 10
189.3192625302636
 20
135.1550305880942
 30
0.0
  0
LINE
  5
1831
330
1F
100
AcDbEntity
  8
0
100
AcDbLine
 10
189.3192625302636
 20
135.1550305880942
 30
0.0
 11
189.319262529679
 21
122.1550305881022
 31
0.0
  0
SPLINE
  5
1832
330
1F
100
AcDbEntity
  8
0
100
AcDbSpline
210
0.0
220
0.0
230
1.0
 70
     8
 71
     3
 72
     8
 73
     4
 74
     0
 42
0.000000001
 43
0.0000000001
 40
-12.0
 40
-12.0
 40
-12.0
 40
-12.0
 40
-11.0
 40
-11.0
 40
-11.0
 40
-11.0
 10
189.319262529679
 20
122.1550305881022
 30
0.0
 10
189.3192625296667
 20
121.878888213187
 30
0.0
 10
189.5431201547411
 20
121.6550305880929
 30
0.0
 10
189.8192625296562
 20
121.65503058808
 30
0.0
  0
LINE
  5
1833
330
1F
100
AcDbEntity
  8
0
100
AcDbLine
 10
189.8192625296562
 20
121.65503058808
 30
0.0
 11
202.819262529656
 21
121.655030587496
 31
0.0
  0
SPLINE
  5
1834
330
1F
100
AcDbEntity
  8
0
100
AcDbSpline
210
0.0
220
0.0
230
1.0
 70
     8
 71
     3
 72
     8
 73
     4
 74
     0
 42
0.000000001
 43
0.0000000001
 40
-10.0
 40
-10.0
 40
-10.0
 40
-10.0
 40
-9.0
 40
-9.0
 40
-9.0
 40
-9.0
 10
202.819262529656
 20
121.655030587496
 30
0.0
 10
203.0954049045711
 20
121.6550305874832
 30
0.0
 10
203.3192625296654
 20
121.8788882125582
 30
0.0
 10
203.3192625296782
 20
122.1550305874746
 30
0.0
  0
LINE
  5
1835
330
1F
100
AcDbEntity
  8
0
100
AcDbLine
 10
126.619262530286
 20
135.6550305909141
 30
0.0
 11
113.6192625302875
 21
135.6550305914982
 31
0.0
  0
SPLINE
  5
1836
330
1F
100
AcDbEntity
  8
0
100
AcDbSpline
210
0.0
220
0.0
230
1.0
 70
     8
 71
     3
 72
     8
 73
     4
 74
     0
 42
0.000000001
 43
0.0000000001
 40
-8.0
 40
-8.0
 40
-8.0
 40
-8.0
 40
-7.0
 40
-7.0
 40
-7.0
 40
-7.0
 10
113.6192625302875
 20
135.6550305914982
 30
0.0
 10
113.3431201553723
 20
135.6550305915112
 30
0.0
 10
113.1192625302768
 20
135.4311729664362
 30
0.0
 10
113.1192625302646
 20
135.1550305915212
 30
0.0
  0
LINE
  5
1837
330
1F
100
AcDbEntity
  8
0
100
AcDbLine
 10
113.1192625302646
 20
135.1550305915212
 30
0.0
 11
113.11926252968
 21
122.1550305915276
 31
0.0
  0
SPLINE
  5
1838
330
1F
100
AcDbEntity
  8
0
100
AcDbSpline
210
0.0
220
0.0
230
1.0
 70
     8
 71
     3
 72
     8
 73
     4
 74
     0
 42
0.000000001
 43
0.0000000001
 40
-14.0
 40
-14.0
 40
-14.0
 40
-14.0
 40
-13.0
 40
-13.0
 40
-13.0
 40
-13.0
 10
113.11926252968
 20
122.1550305915276
 30
0.0
 10
113.1192625296678
 20
121.8788882166124
 30
0.0
 10
113.3431201547415
 20
121.655030591517
 30
0.0
 10
113.6192625296579
 20
121.6550305915041
 30
0.0
  0
LINE
  5
1839
330
1F
100
AcDbEntity
  8
0
100
AcDbLine
 10
113.6192625296579
 20
121.6550305915041
 30
0.0
 11
126.6192625296565
 21
121.6550305909188
 31
0.0
  0
SPLINE
  5
1840
330
1F
100
AcDbEntity
  8
0
100
AcDbSpline
210
0.0
220
0.0
230
1.0
 70
     8
 71
     3
 72
     8
 73
     4
 74
     0
 42
0.000000001
 43
0.0000000001
 40
-12.0
 40
-12.0
 40
-12.0
 40
-12.0
 40
-11.0
 40
-11.0
 40
-11.0
 40
-11.0
 10
126.6192625296565
 20
121.6550305909188
 30
0.0
 10
126.8954049045716
 20
121.6550305909074
 30
0.0
 10
127.119262529667
 20
121.878888215981
 30
0.0
 10
127.1192625296792
 20
122.155030590896
 30
0.0
  0
LINE
  5
1841
330
1F
100
AcDbEntity
  8
0
100
AcDbLine
 10
127.1192625296792
 20
122.155030590896
 30
0.0
 11
127.1192625302639
 21
135.1550305908922
 31
0.0
  0
SPLINE
  5
1842
330
1F
100
AcDbEntity
  8
0
100
AcDbSpline
210
0.0
220
0.0
230
1.0
 70
     8
 71
     3
 72
     8
 73
     4
 74
     0
 42
0.000000001
 43
0.0000000001
 40
-10.0
 40
-10.0
 40
-10.0
 40
-10.0
 40
-9.0
 40
-9.0
 40
-9.0
 40
-9.0
 10
127.1192625302639
 20
135.1550305908922
 30
0.0
 10
127.119262530276
 20
135.4311729658072
 30
0.0
 10
126.8954049052025
 20
135.6550305909032
 30
0.0
 10
126.619262530286
 20
135.6550305909141
 30
0.0
  0
LINE
  5
1843
330
1F
100
AcDbEntity
  8
0
100
AcDbLine
 10
266.0192625296549
 20
121.6550305846546
 30
0.0
 11
279.0192625296539
 21
121.6550305840707
 31
0.0
  0
SPLINE
  5
1844
330
1F
100
AcDbEntity
  8
0
100
AcDbSpline
210
0.0
220
0.0
230
1.0
 70
     8
 71
     3
 72
     8
 73
     4
 74
     0
 42
0.000000001
 43
0.0000000001
 40
-8.0
 40
-8.0
 40
-8.0
 40
-8.0
 40
-7.0
 40
-7.0
 40
-7.0
 40
-7.0
 10
279.0192625296539
 20
121.6550305840707
 30
0.0
 10
279.2954049045698
 20
121.6550305840578
 30
0.0
 10
279.5192625296638
 20
121.8788882091328
 30
0.0
 10
279.5192625296769
 20
122.1550305840479
 30
0.0
  0
LINE
  5
1845
330
1F
100
AcDbEntity
  8
0
100
AcDbLine
 10
279.5192625296769
 20
122.1550305840479
 30
0.0
 11
279.5192625302608
 21
135.1550305840422
 31
0.0
  0
SPLINE
  5
1846
330
1F
100
AcDbEntity
  8
0
100
AcDbSpline
210
0.0
220
0.0
230
1.0
 70
     8
 71
     3
 72
     8
 73
     4
 74
     0
 42
0.000000001
 43
0.0000000001
 40
-14.0
 40
-14.0
 40
-14.0
 40
-14.0
 40
-13.0
 40
-13.0
 40
-13.0
 40
-13.0
 10
279.5192625302608
 20
135.1550305840422
 30
0.0
 10
279.5192625302739
 20
135.4311729589582
 30
0.0
 10
279.2954049052008
 20
135.6550305840531
 30
0.0
 10
279.0192625302849
 20
135.6550305840662
 30
0.0
  0
LINE
  5
1847
330
1F
100
AcDbEntity
  8
0
100
AcDbLine
 10
279.0192625302849
 20
135.6550305840662
 30
0.0
 11
266.0192625302839
 21
135.6550305846461
 31
0.0
  0
SPLINE
  5
1848
330
1F
100
AcDbEntity
  8
0
100
AcDbSpline
210
0.0
220
0.0
230
1.0
 70
     8
 71
     3
 72
     8
 73
     4
 74
     0
 42
0.000000001
 43
0.0000000001
 40
-12.0
 40
-12.0
 40
-12.0
 40
-12.0
 40
-11.0
 40
-11.0
 40
-11.0
 40
-11.0
 10
266.0192625302839
 20
135.6550305846461
 30
0.0
 10
265.7431201553688
 20
135.6550305846592
 30
0.0
 10
265.5192625302749
 20
135.4311729595851
 30
0.0
 10
265.5192625302628
 20
135.1550305846702
 30
0.0
  0
LINE
  5
1849
330
1F
100
AcDbEntity
  8
0
100
AcDbLine
 10
265.5192625302628
 20
135.1550305846702
 30
0.0
 11
265.5192625296779
 21
122.1550305846781
 31
0.0
  0
SPLINE
  5
1850
330
1F
100
AcDbEntity
  8
0
100
AcDbSpline
210
0.0
220
0.0
230
1.0
 70
     8
 71
     3
 72
     8
 73
     4
 74
     0
 42
0.000000001
 43
0.0000000001
 40
-10.0
 40
-10.0
 40
-10.0
 40
-10.0
 40
-9.0
 40
-9.0
 40
-9.0
 40
-9.0
 10
265.5192625296779
 20
122.1550305846781
 30
0.0
 10
265.5192625296649
 20
121.8788882097616
 30
0.0
 10
265.7431201547399
 20
121.6550305846674
 30
0.0
 10
266.0192625296549
 20
121.6550305846546
 30
0.0
  0
LINE
  5
1851
330
1F
100
AcDbEntity
  8
0
100
AcDbLine
 10
227.9192625296563
 20
121.6550305863667
 30
0.0
 11
240.9192625296549
 21
121.655030585784
 31
0.0
  0
SPLINE
  5
1852
330
1F
100
AcDbEntity
  8
0
100
AcDbSpline
210
0.0
220
0.0
230
1.0
 70
     8
 71
     3
 72
     8
 73
     4
 74
     0
 42
0.000000001
 43
0.0000000001
 40
-8.0
 40
-8.0
 40
-8.0
 40
-8.0
 40
-7.0
 40
-7.0
 40
-7.0
 40
-7.0
 10
240.9192625296549
 20
121.655030585784
 30
0.0
 10
241.1954049045699
 20
121.6550305857712
 30
0.0
 10
241.4192625296659
 20
121.8788882108448
 30
0.0
 10
241.4192625296779
 20
122.1550305857614
 30
0.0
  0
LINE
  5
1853
330
1F
100
AcDbEntity
  8
0
100
AcDbLine
 10
241.4192625296779
 20
122.1550305857614
 30
0.0
 11
241.4192625302618
 21
135.1550305857561
 31
0.0
  0
SPLINE
  5
1854
330
1F
100
AcDbEntity
  8
0
100
AcDbSpline
210
0.0
220
0.0
230
1.0
 70
     8
 71
     3
 72
     8
 73
     4
 74
     0
 42
0.000000001
 43
0.0000000001
 40
-14.0
 40
-14.0
 40
-14.0
 40
-14.0
 40
-13.0
 40
-13.0
 40
-13.0
 40
-13.0
 10
241.4192625302618
 20
135.1550305857561
 30
0.0
 10
241.4192625302749
 20
135.4311729606712
 30
0.0
 10
241.1954049051999
 20
135.6550305857652
 30
0.0
 10
240.9192625302849
 20
135.6550305857772
 30
0.0
  0
LINE
  5
1855
330
1F
100
AcDbEntity
  8
0
100
AcDbLine
 10
240.9192625302849
 20
135.6550305857772
 30
0.0
 11
227.9192625302851
 21
135.6550305863592
 31
0.0
  0
SPLINE
  5
1856
330
1F
100
AcDbEntity
  8
0
100
AcDbSpline
210
0.0
220
0.0
230
1.0
 70
     8
 71
     3
 72
     8
 73
     4
 74
     0
 42
0.000000001
 43
0.0000000001
 40
-12.0
 40
-12.0
 40
-12.0
 40
-12.0
 40
-11.0
 40
-11.0
 40
-11.0
 40
-11.0
 10
227.9192625302851
 20
135.6550305863592
 30
0.0
 10
227.64312015537
 20
135.6550305863722
 30
0.0
 10
227.4192625302758
 20
135.4311729612992
 30
0.0
 10
227.419262530263
 20
135.1550305863832
 30
0.0
  0
LINE
  5
1857
330
1F
100
AcDbEntity
  8
0
100
AcDbLine
 10
227.419262530263
 20
135.1550305863832
 30
0.0
 11
227.419262529679
 21
122.1550305863901
 31
0.0
  0
SPLINE
  5
1858
330
1F
100
AcDbEntity
  8
0
100
AcDbSpline
210
0.0
220
0.0
230
1.0
 70
     8
 71
     3
 72
     8
 73
     4
 74
     0
 42
0.000000001
 43
0.0000000001
 40
-10.0
 40
-10.0
 40
-10.0
 40
-10.0
 40
-9.0
 40
-9.0
 40
-9.0
 40
-9.0
 10
227.419262529679
 20
122.1550305863901
 30
0.0
 10
227.4192625296662
 20
121.8788882114737
 30
0.0
 10
227.6431201547411
 20
121.6550305863794
 30
0.0
 10
227.9192625296563
 20
121.6550305863667
 30
0.0
  0
LINE
  5
1859
330
1F
100
AcDbEntity
  8
0
100
AcDbLine
 10
89.01926252968026
 20
122.1550305926095
 30
0.0
 11
89.01926253026527
 21
135.1550305926042
 31
0.0
  0
SPLINE
  5
1860
330
1F
100
AcDbEntity
  8
0
100
AcDbSpline
210
0.0
220
0.0
230
1.0
 70
     8
 71
     3
 72
     8
 73
     4
 74
     0
 42
0.000000001
 43
0.0000000001
 40
-8.0
 40
-8.0
 40
-8.0
 40
-8.0
 40
-7.0
 40
-7.0
 40
-7.0
 40
-7.0
 10
89.01926253026527
 20
135.1550305926042
 30
0.0
 10
89.01926253027726
 20
135.4311729675192
 30
0.0
 10
88.79540490520225
 20
135.6550305926132
 30
0.0
 10
88.51926253028727
 20
135.6550305926262
 30
0.0
  0
LINE
  5
1861
330
1F
100
AcDbEntity
  8
0
100
AcDbLine
 10
88.51926253028727
 20
135.6550305926262
 30
0.0
 11
75.51926253028726
 21
135.6550305932102
 31
0.0
  0
SPLINE
  5
1862
330
1F
100
AcDbEntity
  8
0
100
AcDbSpline
210
0.0
220
0.0
230
1.0
 70
     8
 71
     3
 72
     8
 73
     4
 74
     0
 42
0.000000001
 43
0.0000000001
 40
-14.0
 40
-14.0
 40
-14.0
 40
-14.0
 40
-13.0
 40
-13.0
 40
-13.0
 40
-13.0
 10
75.51926253028726
 20
135.6550305932102
 30
0.0
 10
75.24312015537226
 20
135.6550305932222
 30
0.0
 10
75.01926253027825
 20
135.4311729681482
 30
0.0
 10
75.01926253026626
 20
135.1550305932332
 30
0.0
  0
LINE
  5
1863
330
1F
100
AcDbEntity
  8
0
100
AcDbLine
 10
75.01926253026626
 20
135.1550305932332
 30
0.0
 11
75.01926252968226
 21
122.1550305932383
 31
0.0
  0
SPLINE
  5
1864
330
1F
100
AcDbEntity
  8
0
100
AcDbSpline
210
0.0
220
0.0
230
1.0
 70
     8
 71
     3
 72
     8
 73
     4
 74
     0
 42
0.000000001
 43
0.0000000001
 40
-12.0
 40
-12.0
 40
-12.0
 40
-12.0
 40
-11.0
 40
-11.0
 40
-11.0
 40
-11.0
 10
75.01926252968226
 20
122.1550305932383
 30
0.0
 10
75.01926252967027
 20
121.8788882183232
 30
0.0
 10
75.24312015474226
 20
121.655030593229
 30
0.0
 10
75.51926252965825
 20
121.6550305932162
 30
0.0
  0
LINE
  5
1865
330
1F
100
AcDbEntity
  8
0
100
AcDbLine
 10
75.51926252965825
 20
121.6550305932162
 30
0.0
 11
88.51926252965727
 21
121.6550305926308
 31
0.0
  0
SPLINE
  5
1866
330
1F
100
AcDbEntity
  8
0
100
AcDbSpline
210
0.0
220
0.0
230
1.0
 70
     8
 71
     3
 72
     8
 73
     4
 74
     0
 42
0.000000001
 43
0.0000000001
 40
-10.0
 40
-10.0
 40
-10.0
 40
-10.0
 40
-9.0
 40
-9.0
 40
-9.0
 40
-9.0
 10
88.51926252965727
 20
121.6550305926308
 30
0.0
 10
88.79540490457326
 20
121.655030592618
 30
0.0
 10
89.01926252966626
 20
121.8788882176943
 30
0.0
 10
89.01926252968026
 20
122.1550305926095
 30
0.0
  0
LINE
  5
1867
330
1F
100
AcDbEntity
  8
0
100
AcDbLine
 10
107.569262530287
 20
135.6550305917702
 30
0.0
 11
94.56926253028726
 21
135.6550305923542
 31
0.0
  0
SPLINE
  5
1868
330
1F
100
AcDbEntity
  8
0
100
AcDbSpline
210
0.0
220
0.0
230
1.0
 70
     8
 71
     3
 72
     8
 73
     4
 74
     0
 42
0.000000001
 43
0.0000000001
 40
-8.0
 40
-8.0
 40
-8.0
 40
-8.0
 40
-7.0
 40
-7.0
 40
-7.0
 40
-7.0
 10
94.56926253028726
 20
135.6550305923542
 30
0.0
 10
94.29312015537226
 20
135.6550305923672
 30
0.0
 10
94.06926253027727
 20
135.4311729672932
 30
0.0
 10
94.06926253026526
 20
135.1550305923762
 30
0.0
  0
LINE
  5
1869
330
1F
100
AcDbEntity
  8
0
100
AcDbLine
 10
94.06926253026526
 20
135.1550305923762
 30
0.0
 11
94.06926252968125
 21
122.1550305923836
 31
0.0
  0
SPLINE
  5
1870
330
1F
100
AcDbEntity
  8
0
100
AcDbSpline
210
0.0
220
0.0
230
1.0
 70
     8
 71
     3
 72
     8
 73
     4
 74
     0
 42
0.000000001
 43
0.0000000001
 40
-14.0
 40
-14.0
 40
-14.0
 40
-14.0
 40
-13.0
 40
-13.0
 40
-13.0
 40
-13.0
 10
94.06926252968125
 20
122.1550305923836
 30
0.0
 10
94.06926252966725
 20
121.8788882174684
 30
0.0
 10
94.29312015474126
 20
121.6550305923743
 30
0.0
 10
94.56926252965628
 20
121.6550305923602
 30
0.0
  0
LINE
  5
1871
330
1F
100
AcDbEntity
  8
0
100
AcDbLine
 10
94.56926252965628
 20
121.6550305923602
 30
0.0
 11
107.5692625296563
 21
121.655030591775
 31
0.0
  0
SPLINE
  5
1872
330
1F
100
AcDbEntity
  8
0
100
AcDbSpline
210
0.0
220
0.0
230
1.0
 70
     8
 71
     3
 72
     8
 73
     4
 74
     0
 42
0.000000001
 43
0.0000000001
 40
-12.0
 40
-12.0
 40
-12.0
 40
-12.0
 40
-11.0
 40
-11.0
 40
-11.0
 40
-11.0
 10
107.5692625296563
 20
121.655030591775
 30
0.0
 10
107.8454049045727
 20
121.6550305917622
 30
0.0
 10
108.0692625296669
 20
121.8788882168383
 30
0.0
 10
108.0692625296791
 20
122.1550305917534
 30
0.0
  0
LINE
  5
1873
330
1F
100
AcDbEntity
  8
0
100
AcDbLine
 10
108.0692625296791
 20
122.1550305917534
 30
0.0
 11
108.0692625302637
 21
135.1550305917482
 31
0.0
  0
SPLINE
  5
1874
330
1F
100
AcDbEntity
  8
0
100
AcDbSpline
210
0.0
220
0.0
230
1.0
 70
     8
 71
     3
 72
     8
 73
     4
 74
     0
 42
0.000000001
 43
0.0000000001
 40
-10.0
 40
-10.0
 40
-10.0
 40
-10.0
 40
-9.0
 40
-9.0
 40
-9.0
 40
-9.0
 10
108.0692625302637
 20
135.1550305917482
 30
0.0
 10
108.0692625302758
 20
135.4311729666642
 30
0.0
 10
107.8454049052022
 20
135.6550305917572
 30
0.0
 10
107.569262530287
 20
135.6550305917702
 30
0.0
  0
LINE
  5
1875
330
1F
100
AcDbEntity
  8
0
100
AcDbLine
 10
260.4692625296769
 20
122.1550305849039
 30
0.0
 11
260.4692625302629
 21
135.1550305849002
 31
0.0
  0
SPLINE
  5
1876
330
1F
100
AcDbEntity
  8
0
100
AcDbSpline
210
0.0
220
0.0
230
1.0
 70
     8
 71
     3
 72
     8
 73
     4
 74
     0
 42
0.000000001
 43
0.0000000001
 40
-8.0
 40
-8.0
 40
-8.0
 40
-8.0
 40
-7.0
 40
-7.0
 40
-7.0
 40
-7.0
 10
260.4692625302629
 20
135.1550305849002
 30
0.0
 10
260.4692625302738
 20
135.4311729598152
 30
0.0
 10
260.2454049051979
 20
135.6550305849092
 30
0.0
 10
259.9692625302838
 20
135.6550305849222
 30
0.0
  0
LINE
  5
1877
330
1F
100
AcDbEntity
  8
0
100
AcDbLine
 10
259.9692625302838
 20
135.6550305849222
 30
0.0
 11
246.9692625302839
 21
135.6550305855032
 31
0.0
  0
SPLINE
  5
1878
330
1F
100
AcDbEntity
  8
0
100
AcDbSpline
210
0.0
220
0.0
230
1.0
 70
     8
 71
     3
 72
     8
 73
     4
 74
     0
 42
0.000000001
 43
0.0000000001
 40
-14.0
 40
-14.0
 40
-14.0
 40
-14.0
 40
-13.0
 40
-13.0
 40
-13.0
 40
-13.0
 10
246.9692625302839
 20
135.6550305855032
 30
0.0
 10
246.6931201553698
 20
135.6550305855162
 30
0.0
 10
246.4692625302759
 20
135.4311729604412
 30
0.0
 10
246.4692625302629
 20
135.1550305855252
 30
0.0
  0
LINE
  5
1879
330
1F
100
AcDbEntity
  8
0
100
AcDbLine
 10
246.4692625302629
 20
135.1550305855252
 30
0.0
 11
246.4692625296779
 21
122.1550305855328
 31
0.0
  0
SPLINE
  5
1880
330
1F
100
AcDbEntity
  8
0
100
AcDbSpline
210
0.0
220
0.0
230
1.0
 70
     8
 71
     3
 72
     8
 73
     4
 74
     0
 42
0.000000001
 43
0.0000000001
 40
-12.0
 40
-12.0
 40
-12.0
 40
-12.0
 40
-11.0
 40
-11.0
 40
-11.0
 40
-11.0
 10
246.4692625296779
 20
122.1550305855328
 30
0.0
 10
246.4692625296669
 20
121.8788882106189
 30
0.0
 10
246.6931201547398
 20
121.6550305855235
 30
0.0
 10
246.9692625296548
 20
121.6550305855107
 30
0.0
  0
LINE
  5
1881
330
1F
100
AcDbEntity
  8
0
100
AcDbLine
 10
246.9692625296548
 20
121.6550305855107
 30
0.0
 11
259.9692625296549
 21
121.6550305849267
 31
0.0
  0
SPLINE
  5
1882
330
1F
100
AcDbEntity
  8
0
100
AcDbSpline
210
0.0
220
0.0
230
1.0
 70
     8
 71
     3
 72
     8
 73
     4
 74
     0
 42
0.000000001
 43
0.0000000001
 40
-10.0
 40
-10.0
 40
-10.0
 40
-10.0
 40
-9.0
 40
-9.0
 40
-9.0
 40
-9.0
 10
259.9692625296549
 20
121.6550305849267
 30
0.0
 10
260.2454049045698
 20
121.655030584914
 30
0.0
 10
260.4692625296658
 20
121.8788882099888
 30
0.0
 10
260.4692625296769
 20
122.1550305849039
 30
0.0
  0
LINE
  5
1883
330
1F
100
AcDbEntity
  8
0
100
AcDbLine
 10
151.2192625302644
 20
135.1550305898091
 30
0.0
 11
151.2192625296791
 21
122.1550305898142
 31
0.0
  0
SPLINE
  5
1884
330
1F
100
AcDbEntity
  8
0
100
AcDbSpline
210
0.0
220
0.0
230
1.0
 70
     8
 71
     3
 72
     8
 73
     4
 74
     0
 42
0.000000001
 43
0.0000000001
 40
-8.0
 40
-8.0
 40
-8.0
 40
-8.0
 40
-7.0
 40
-7.0
 40
-7.0
 40
-7.0
 10
151.2192625296791
 20
122.1550305898142
 30
0.0
 10
151.219262529667
 20
121.878888214899
 30
0.0
 10
151.4431201547419
 20
121.6550305898036
 30
0.0
 10
151.719262529657
 20
121.655030589792
 30
0.0
  0
LINE
  5
1885
330
1F
100
AcDbEntity
  8
0
100
AcDbLine
 10
151.719262529657
 20
121.655030589792
 30
0.0
 11
164.7192625296556
 21
121.655030589208
 31
0.0
  0
SPLINE
  5
1886
330
1F
100
AcDbEntity
  8
0
100
AcDbSpline
210
0.0
220
0.0
230
1.0
 70
     8
 71
     3
 72
     8
 73
     4
 74
     0
 42
0.000000001
 43
0.0000000001
 40
-14.0
 40
-14.0
 40
-14.0
 40
-14.0
 40
-13.0
 40
-13.0
 40
-13.0
 40
-13.0
 10
164.7192625296556
 20
121.655030589208
 30
0.0
 10
164.995404904572
 20
121.6550305891953
 30
0.0
 10
165.2192625296662
 20
121.8788882142702
 30
0.0
 10
165.2192625296784
 20
122.1550305891855
 30
0.0
  0
LINE
  5
1887
330
1F
100
AcDbEntity
  8
0
100
AcDbLine
 10
165.2192625296784
 20
122.1550305891855
 30
0.0
 11
165.2192625302636
 21
135.1550305891791
 31
0.0
  0
SPLINE
  5
1888
330
1F
100
AcDbEntity
  8
0
100
AcDbSpline
210
0.0
220
0.0
230
1.0
 70
     8
 71
     3
 72
     8
 73
     4
 74
     0
 42
0.000000001
 43
0.0000000001
 40
-12.0
 40
-12.0
 40
-12.0
 40
-12.0
 40
-11.0
 40
-11.0
 40
-11.0
 40
-11.0
 10
165.2192625302636
 20
135.1550305891791
 30
0.0
 10
165.2192625302758
 20
135.4311729640952
 30
0.0
 10
164.9954049052015
 20
135.6550305891891
 30
0.0
 10
164.7192625302863
 20
135.6550305892022
 30
0.0
  0
LINE
  5
1889
330
1F
100
AcDbEntity
  8
0
100
AcDbLine
 10
164.7192625302863
 20
135.6550305892022
 30
0.0
 11
151.7192625302866
 21
135.6550305897862
 31
0.0
  0
SPLINE
  5
1890
330
1F
100
AcDbEntity
  8
0
100
AcDbSpline
210
0.0
220
0.0
230
1.0
 70
     8
 71
     3
 72
     8
 73
     4
 74
     0
 42
0.000000001
 43
0.0000000001
 40
-10.0
 40
-10.0
 40
-10.0
 40
-10.0
 40
-9.0
 40
-9.0
 40
-9.0
 40
-9.0
 10
151.7192625302866
 20
135.6550305897862
 30
0.0
 10
151.4431201553707
 20
135.6550305897982
 30
0.0
 10
151.2192625302772
 20
135.4311729647242
 30
0.0
 10
151.2192625302644
 20
135.1550305898091
 30
0.0
  0
LINE
  5
1891
330
1F
100
AcDbEntity
  8
0
100
AcDbLine
 10
170.2692625302639
 20
135.1550305889513
 30
0.0
 11
170.2692625296793
 21
122.1550305889595
 31
0.0
  0
SPLINE
  5
1892
330
1F
100
AcDbEntity
  8
0
100
AcDbSpline
210
0.0
220
0.0
230
1.0
 70
     8
 71
     3
 72
     8
 73
     4
 74
     0
 42
0.000000001
 43
0.0000000001
 40
-8.0
 40
-8.0
 40
-8.0
 40
-8.0
 40
-7.0
 40
-7.0
 40
-7.0
 40
-7.0
 10
170.2692625296793
 20
122.1550305889595
 30
0.0
 10
170.2692625296672
 20
121.878888214043
 30
0.0
 10
170.4931201547408
 20
121.6550305889489
 30
0.0
 10
170.7692625296572
 20
121.6550305889361
 30
0.0
  0
LINE
  5
1893
330
1F
100
AcDbEntity
  8
0
100
AcDbLine
 10
170.7692625296572
 20
121.6550305889361
 30
0.0
 11
183.7692625296557
 21
121.655030588352
 31
0.0
  0
SPLINE
  5
1894
330
1F
100
AcDbEntity
  8
0
100
AcDbSpline
210
0.0
220
0.0
230
1.0
 70
     8
 71
     3
 72
     8
 73
     4
 74
     0
 42
0.000000001
 43
0.0000000001
 40
-14.0
 40
-14.0
 40
-14.0
 40
-14.0
 40
-13.0
 40
-13.0
 40
-13.0
 40
-13.0
 10
183.7692625296557
 20
121.655030588352
 30
0.0
 10
184.0454049045709
 20
121.6550305883393
 30
0.0
 10
184.2692625296657
 20
121.8788882134142
 30
0.0
 10
184.2692625296779
 20
122.1550305883294
 30
0.0
  0
LINE
  5
1895
330
1F
100
AcDbEntity
  8
0
100
AcDbLine
 10
184.2692625296779
 20
122.1550305883294
 30
0.0
 11
184.2692625302638
 21
135.1550305883232
 31
0.0
  0
SPLINE
  5
1896
330
1F
100
AcDbEntity
  8
0
100
AcDbSpline
210
0.0
220
0.0
230
1.0
 70
     8
 71
     3
 72
     8
 73
     4
 74
     0
 42
0.000000001
 43
0.0000000001
 40
-12.0
 40
-12.0
 40
-12.0
 40
-12.0
 40
-11.0
 40
-11.0
 40
-11.0
 40
-11.0
 10
184.2692625302638
 20
135.1550305883232
 30
0.0
 10
184.269262530276
 20
135.4311729632382
 30
0.0
 10
184.045404905201
 20
135.6550305883332
 30
0.0
 10
183.7692625302859
 20
135.6550305883462
 30
0.0
  0
LINE
  5
1897
330
1F
100
AcDbEntity
  8
0
100
AcDbLine
 10
183.7692625302859
 20
135.6550305883462
 30
0.0
 11
170.7692625302861
 21
135.6550305889292
 31
0.0
  0
SPLINE
  5
1898
330
1F
100
AcDbEntity
  8
0
100
AcDbSpline
210
0.0
220
0.0
230
1.0
 70
     8
 71
     3
 72
     8
 73
     4
 74
     0
 42
0.000000001
 43
0.0000000001
 40
-10.0
 40
-10.0
 40
-10.0
 40
-10.0
 40
-9.0
 40
-9.0
 40
-9.0
 40
-9.0
 10
170.7692625302861
 20
135.6550305889292
 30
0.0
 10
170.4931201553716
 20
135.6550305889402
 30
0.0
 10
170.2692625302761
 20
135.4311729638672
 30
0.0
 10
170.2692625302639
 20
135.1550305889513
 30
0.0
  0
LINE
  5
1899
330
1F
100
AcDbEntity
  8
0
100
AcDbLine
 10
93.28176252771827
 20
78.5050305924112
 30
0.0
 11
80.28176252771926
 21
78.50503059299621
 31
0.0
  0
SPLINE
  5
1900
330
1F
100
AcDbEntity
  8
0
100
AcDbSpline
210
0.0
220
0.0
230
1.0
 70
     8
 71
     3
 72
     8
 73
     4
 74
     0
 42
0.000000001
 43
0.0000000001
 40
-8.0
 40
-8.0
 40
-8.0
 40
-8.0
 40
-7.0
 40
-7.0
 40
-7.0
 40
-7.0
 10
80.28176252771926
 20
78.50503059299621
 30
0.0
 10
80.00562015280326
 20
78.50503059300919
 30
0.0
 10
79.78176252770825
 20
78.28117296793621
 30
0.0
 10
79.78176252769526
 20
78.00503059301923
 30
0.0
  0
LINE
  5
1901
330
1F
100
AcDbEntity
  8
0
100
AcDbLine
 10
79.78176252769526
 20
78.00503059301923
 30
0.0
 11
79.78176252711226
 21
65.0050305930252
 31
0.0
  0
SPLINE
  5
1902
330
1F
100
AcDbEntity
  8
0
100
AcDbSpline
210
0.0
220
0.0
230
1.0
 70
     8
 71
     3
 72
     8
 73
     4
 74
     0
 42
0.000000001
 43
0.0000000001
 40
-14.0
 40
-14.0
 40
-14.0
 40
-14.0
 40
-13.0
 40
-13.0
 40
-13.0
 40
-13.0
 10
79.78176252711226
 20
65.0050305930252
 30
0.0
 10
79.78176252709926
 20
64.7288882181092
 30
0.0
 10
80.00562015217326
 20
64.50503059301522
 30
0.0
 10
80.28176252709025
 20
64.50503059300221
 30
0.0
  0
LINE
  5
1903
330
1F
100
AcDbEntity
  8
0
100
AcDbLine
 10
80.28176252709025
 20
64.50503059300221
 30
0.0
 11
93.28176252708926
 21
64.50503059241722
 31
0.0
  0
SPLINE
  5
1904
330
1F
100
AcDbEntity
  8
0
100
AcDbSpline
210
0.0
220
0.0
230
1.0
 70
     8
 71
     3
 72
     8
 73
     4
 74
     0
 42
0.000000001
 43
0.0000000001
 40
-12.0
 40
-12.0
 40
-12.0
 40
-12.0
 40
-11.0
 40
-11.0
 40
-11.0
 40
-11.0
 10
93.28176252708926
 20
64.50503059241722
 30
0.0
 10
93.55790490200526
 20
64.5050305924062
 30
0.0
 10
93.78176252709925
 20
64.72888821747921
 30
0.0
 10
93.78176252711226
 20
65.00503059239619
 30
0.0
  0
LINE
  5
1905
330
1F
100
AcDbEntity
  8
0
100
AcDbLine
 10
93.78176252711226
 20
65.00503059239619
 30
0.0
 11
93.78176252769726
 21
78.00503059239019
 31
0.0
  0
SPLINE
  5
1906
330
1F
100
AcDbEntity
  8
0
100
AcDbSpline
210
0.0
220
0.0
230
1.0
 70
     8
 71
     3
 72
     8
 73
     4
 74
     0
 42
0.000000001
 43
0.0000000001
 40
-10.0
 40
-10.0
 40
-10.0
 40
-10.0
 40
-9.0
 40
-9.0
 40
-9.0
 40
-9.0
 10
93.78176252769726
 20
78.00503059239019
 30
0.0
 10
93.78176252771025
 20
78.28117296730522
 30
0.0
 10
93.55790490263428
 20
78.5050305924002
 30
0.0
 10
93.28176252771827
 20
78.5050305924112
 30
0.0
  0
LINE
  5
1907
330
1F
100
AcDbEntity
  8
0
100
AcDbLine
 10
232.181762527694
 20
78.0050305861682
 30
0.0
 11
232.18176252711
 21
65.0050305861742
 31
0.0
  0
SPLINE
  5
1908
330
1F
100
AcDbEntity
  8
0
100
AcDbSpline
210
0.0
220
0.0
230
1.0
 70
     8
 71
     3
 72
     8
 73
     4
 74
     0
 42
0.000000001
 43
0.0000000001
 40
-8.0
 40
-8.0
 40
-8.0
 40
-8.0
 40
-7.0
 40
-7.0
 40
-7.0
 40
-7.0
 10
232.18176252711
 20
65.0050305861742
 30
0.0
 10
232.1817625270972
 20
64.7288882112592
 30
0.0
 10
232.405620152172
 20
64.50503058616419
 30
0.0
 10
232.6817625270873
 20
64.50503058615217
 30
0.0
  0
LINE
  5
1909
330
1F
100
AcDbEntity
  8
0
100
AcDbLine
 10
232.6817625270873
 20
64.50503058615217
 30
0.0
 11
245.6817625270868
 21
64.50503058556918
 31
0.0
  0
SPLINE
  5
1910
330
1F
100
AcDbEntity
  8
0
100
AcDbSpline
210
0.0
220
0.0
230
1.0
 70
     8
 71
     3
 72
     8
 73
     4
 74
     0
 42
0.000000001
 43
0.0000000001
 40
-14.0
 40
-14.0
 40
-14.0
 40
-14.0
 40
-13.0
 40
-13.0
 40
-13.0
 40
-13.0
 10
245.6817625270868
 20
64.50503058556918
 30
0.0
 10
245.9579049020039
 20
64.50503058555622
 30
0.0
 10
246.1817625270979
 20
64.72888821063122
 30
0.0
 10
246.1817625271089
 20
65.00503058554619
 30
0.0
  0
LINE
  5
1911
330
1F
100
AcDbEntity
  8
0
100
AcDbLine
 10
246.1817625271089
 20
65.00503058554619
 30
0.0
 11
246.1817625276949
 21
78.0050305855402
 31
0.0
  0
SPLINE
  5
1912
330
1F
100
AcDbEntity
  8
0
100
AcDbSpline
210
0.0
220
0.0
230
1.0
 70
     8
 71
     3
 72
     8
 73
     4
 74
     0
 42
0.000000001
 43
0.0000000001
 40
-12.0
 40
-12.0
 40
-12.0
 40
-12.0
 40
-11.0
 40
-11.0
 40
-11.0
 40
-11.0
 10
246.1817625276949
 20
78.0050305855402
 30
0.0
 10
246.1817625277059
 20
78.28117296045519
 30
0.0
 10
245.9579049026309
 20
78.5050305855492
 30
0.0
 10
245.6817625277159
 20
78.5050305855622
 30
0.0
  0
LINE
  5
1913
330
1F
100
AcDbEntity
  8
0
100
AcDbLine
 10
245.6817625277159
 20
78.5050305855622
 30
0.0
 11
232.6817625277162
 21
78.50503058614719
 31
0.0
  0
SPLINE
  5
1914
330
1F
100
AcDbEntity
  8
0
100
AcDbSpline
210
0.0
220
0.0
230
1.0
 70
     8
 71
     3
 72
     8
 73
     4
 74
     0
 42
0.000000001
 43
0.0000000001
 40
-10.0
 40
-10.0
 40
-10.0
 40
-10.0
 40
-9.0
 40
-9.0
 40
-9.0
 40
-9.0
 10
232.6817625277162
 20
78.50503058614719
 30
0.0
 10
232.4056201528009
 20
78.50503058616019
 30
0.0
 10
232.1817625277068
 20
78.28117296108519
 30
0.0
 10
232.181762527694
 20
78.0050305861682
 30
0.0
  0
LINE
  5
1915
330
1F
100
AcDbEntity
  8
0
100
AcDbLine
 10
265.2317625271099
 20
65.00503058468922
 30
0.0
 11
265.2317625276948
 21
78.00503058468422
 31
0.0
  0
SPLINE
  5
1916
330
1F
100
AcDbEntity
  8
0
100
AcDbSpline
210
0.0
220
0.0
230
1.0
 70
     8
 71
     3
 72
     8
 73
     4
 74
     0
 42
0.000000001
 43
0.0000000001
 40
-8.0
 40
-8.0
 40
-8.0
 40
-8.0
 40
-7.0
 40
-7.0
 40
-7.0
 40
-7.0
 10
265.2317625276948
 20
78.00503058468422
 30
0.0
 10
265.2317625277059
 20
78.28117295959919
 30
0.0
 10
265.0079049026309
 20
78.50503058469323
 30
0.0
 10
264.7317625277159
 20
78.50503058470619
 30
0.0
  0
LINE
  5
1917
330
1F
100
AcDbEntity
  8
0
100
AcDbLine
 10
264.7317625277159
 20
78.50503058470619
 30
0.0
 11
251.7317625277159
 21
78.50503058529023
 31
0.0
  0
SPLINE
  5
1918
330
1F
100
AcDbEntity
  8
0
100
AcDbSpline
210
0.0
220
0.0
230
1.0
 70
     8
 71
     3
 72
     8
 73
     4
 74
     0
 42
0.000000001
 43
0.0000000001
 40
-14.0
 40
-14.0
 40
-14.0
 40
-14.0
 40
-13.0
 40
-13.0
 40
-13.0
 40
-13.0
 10
251.7317625277159
 20
78.50503058529023
 30
0.0
 10
251.4556201527998
 20
78.50503058530319
 30
0.0
 10
251.2317625277059
 20
78.28117296022819
 30
0.0
 10
251.2317625276929
 20
78.00503058531219
 30
0.0
  0
LINE
  5
1919
330
1F
100
AcDbEntity
  8
0
100
AcDbLine
 10
251.2317625276929
 20
78.00503058531219
 30
0.0
 11
251.2317625271099
 21
65.00503058531823
 31
0.0
  0
SPLINE
  5
1920
330
1F
100
AcDbEntity
  8
0
100
AcDbSpline
210
0.0
220
0.0
230
1.0
 70
     8
 71
     3
 72
     8
 73
     4
 74
     0
 42
0.000000001
 43
0.0000000001
 40
-12.0
 40
-12.0
 40
-12.0
 40
-12.0
 40
-11.0
 40
-11.0
 40
-11.0
 40
-11.0
 10
251.2317625271099
 20
65.00503058531823
 30
0.0
 10
251.2317625270969
 20
64.7288882104032
 30
0.0
 10
251.4556201521709
 20
64.50503058530819
 30
0.0
 10
251.7317625270879
 20
64.50503058529619
 30
0.0
  0
LINE
  5
1921
330
1F
100
AcDbEntity
  8
0
100
AcDbLine
 10
251.7317625270878
 20
64.50503058529619
 30
0.0
 11
264.7317625270869
 21
64.50503058471221
 31
0.0
  0
SPLINE
  5
1922
330
1F
100
AcDbEntity
  8
0
100
AcDbSpline
210
0.0
220
0.0
230
1.0
 70
     8
 71
     3
 72
     8
 73
     4
 74
     0
 42
0.000000001
 43
0.0000000001
 40
-10.0
 40
-10.0
 40
-10.0
 40
-10.0
 40
-9.0
 40
-9.0
 40
-9.0
 40
-9.0
 10
264.7317625270869
 20
64.50503058471221
 30
0.0
 10
265.0079049020028
 20
64.50503058469919
 30
0.0
 10
265.2317625270979
 20
64.7288882097742
 30
0.0
 10
265.2317625271099
 20
65.00503058468922
 30
0.0
  0
LINE
  5
1923
330
1F
100
AcDbEntity
  8
0
100
AcDbLine
 10
226.6317625277169
 20
78.50503058641923
 30
0.0
 11
213.6317625277178
 21
78.5050305870042
 31
0.0
  0
SPLINE
  5
1924
330
1F
100
AcDbEntity
  8
0
100
AcDbSpline
210
0.0
220
0.0
230
1.0
 70
     8
 71
     3
 72
     8
 73
     4
 74
     0
 42
0.000000001
 43
0.0000000001
 40
-8.0
 40
-8.0
 40
-8.0
 40
-8.0
 40
-7.0
 40
-7.0
 40
-7.0
 40
-7.0
 10
213.6317625277178
 20
78.5050305870042
 30
0.0
 10
213.3556201528015
 20
78.50503058701622
 30
0.0
 10
213.1317625277072
 20
78.28117296194119
 30
0.0
 10
213.1317625276957
 20
78.0050305870262
 30
0.0
  0
LINE
  5
1925
330
1F
100
AcDbEntity
  8
0
100
AcDbLine
 10
213.1317625276957
 20
78.0050305870262
 30
0.0
 11
213.1317625271104
 21
65.0050305870312
 31
0.0
  0
SPLINE
  5
1926
330
1F
100
AcDbEntity
  8
0
100
AcDbSpline
210
0.0
220
0.0
230
1.0
 70
     8
 71
     3
 72
     8
 73
     4
 74
     0
 42
0.000000001
 43
0.0000000001
 40
-14.0
 40
-14.0
 40
-14.0
 40
-14.0
 40
-13.0
 40
-13.0
 40
-13.0
 40
-13.0
 10
213.1317625271104
 20
65.0050305870312
 30
0.0
 10
213.1317625270976
 20
64.7288882121162
 30
0.0
 10
213.3556201521725
 20
64.50503058702017
 30
0.0
 10
213.6317625270876
 20
64.50503058700821
 30
0.0
  0
LINE
  5
1927
330
1F
100
AcDbEntity
  8
0
100
AcDbLine
 10
213.6317625270876
 20
64.50503058700821
 30
0.0
 11
226.6317625270869
 21
64.50503058642422
 31
0.0
  0
SPLINE
  5
1928
330
1F
100
AcDbEntity
  8
0
100
AcDbSpline
210
0.0
220
0.0
230
1.0
 70
     8
 71
     3
 72
     8
 73
     4
 74
     0
 42
0.000000001
 43
0.0000000001
 40
-12.0
 40
-12.0
 40
-12.0
 40
-12.0
 40
-11.0
 40
-11.0
 40
-11.0
 40
-11.0
 10
226.6317625270869
 20
64.50503058642422
 30
0.0
 10
226.9079049020033
 20
64.50503058641121
 30
0.0
 10
227.1317625270975
 20
64.72888821148621
 30
0.0
 10
227.1317625271091
 20
65.0050305864012
 30
0.0
  0
LINE
  5
1929
330
1F
100
AcDbEntity
  8
0
100
AcDbLine
 10
227.1317625271091
 20
65.0050305864012
 30
0.0
 11
227.1317625276942
 21
78.00503058639719
 31
0.0
  0
SPLINE
  5
1930
330
1F
100
AcDbEntity
  8
0
100
AcDbSpline
210
0.0
220
0.0
230
1.0
 70
     8
 71
     3
 72
     8
 73
     4
 74
     0
 42
0.000000001
 43
0.0000000001
 40
-10.0
 40
-10.0
 40
-10.0
 40
-10.0
 40
-9.0
 40
-9.0
 40
-9.0
 40
-9.0
 10
227.1317625276942
 20
78.00503058639719
 30
0.0
 10
227.131762527707
 20
78.28117296131222
 30
0.0
 10
226.9079049026322
 20
78.50503058640621
 30
0.0
 10
226.6317625277169
 20
78.50503058641923
 30
0.0
  0
LINE
  5
1931
330
1F
100
AcDbEntity
  8
0
100
AcDbLine
 10
169.9817625271107
 20
65.00503058897021
 30
0.0
 11
169.9817625276952
 21
78.00503058896518
 31
0.0
  0
SPLINE
  5
1932
330
1F
100
AcDbEntity
  8
0
100
AcDbSpline
210
0.0
220
0.0
230
1.0
 70
     8
 71
     3
 72
     8
 73
     4
 74
     0
 42
0.000000001
 43
0.0000000001
 40
-8.0
 40
-8.0
 40
-8.0
 40
-8.0
 40
-7.0
 40
-7.0
 40
-7.0
 40
-7.0
 10
169.9817625276952
 20
78.00503058896518
 30
0.0
 10
169.9817625277081
 20
78.28117296388018
 30
0.0
 10
169.7579049026331
 20
78.5050305889742
 30
0.0
 10
169.4817625277173
 20
78.50503058898718
 30
0.0
  0
LINE
  5
1933
330
1F
100
AcDbEntity
  8
0
100
AcDbLine
 10
169.4817625277173
 20
78.50503058898718
 30
0.0
 11
156.4817625277176
 21
78.50503058957222
 31
0.0
  0
SPLINE
  5
1934
330
1F
100
AcDbEntity
  8
0
100
AcDbSpline
210
0.0
220
0.0
230
1.0
 70
     8
 71
     3
 72
     8
 73
     4
 74
     0
 42
0.000000001
 43
0.0000000001
 40
-14.0
 40
-14.0
 40
-14.0
 40
-14.0
 40
-13.0
 40
-13.0
 40
-13.0
 40
-13.0
 10
156.4817625277176
 20
78.50503058957222
 30
0.0
 10
156.2056201528017
 20
78.50503058958418
 30
0.0
 10
155.9817625277076
 20
78.28117296451018
 30
0.0
 10
155.9817625276947
 20
78.00503058959418
 30
0.0
  0
LINE
  5
1935
330
1F
100
AcDbEntity
  8
0
100
AcDbLine
 10
155.9817625276947
 20
78.00503058959418
 30
0.0
 11
155.9817625271108
 21
65.00503058959918
 31
0.0
  0
SPLINE
  5
1936
330
1F
100
AcDbEntity
  8
0
100
AcDbSpline
210
0.0
220
0.0
230
1.0
 70
     8
 71
     3
 72
     8
 73
     4
 74
     0
 42
0.000000001
 43
0.0000000001
 40
-12.0
 40
-12.0
 40
-12.0
 40
-12.0
 40
-11.0
 40
-11.0
 40
-11.0
 40
-11.0
 10
155.9817625271108
 20
65.00503058959918
 30
0.0
 10
155.981762527098
 20
64.72888821468422
 30
0.0
 10
156.2056201521729
 20
64.50503058959018
 30
0.0
 10
156.481762527088
 20
64.50503058957721
 30
0.0
  0
LINE
  5
1937
330
1F
100
AcDbEntity
  8
0
100
AcDbLine
 10
156.481762527088
 20
64.50503058957721
 30
0.0
 11
169.4817625270891
 21
64.50503058899219
 31
0.0
  0
SPLINE
  5
1938
330
1F
100
AcDbEntity
  8
0
100
AcDbSpline
210
0.0
220
0.0
230
1.0
 70
     8
 71
     3
 72
     8
 73
     4
 74
     0
 42
0.000000001
 43
0.0000000001
 40
-10.0
 40
-10.0
 40
-10.0
 40
-10.0
 40
-9.0
 40
-9.0
 40
-9.0
 40
-9.0
 10
169.4817625270891
 20
64.50503058899219
 30
0.0
 10
169.7579049020043
 20
64.50503058898021
 30
0.0
 10
169.9817625270978
 20
64.72888821405422
 30
0.0
 10
169.9817625271107
 20
65.00503058897021
 30
0.0
  0
LINE
  5
1939
330
1F
100
AcDbEntity
  8
0
100
AcDbLine
 10
131.8817625271117
 20
65.00503059068222
 30
0.0
 11
131.8817625276955
 21
78.00503059067821
 31
0.0
  0
SPLINE
  5
1940
330
1F
100
AcDbEntity
  8
0
100
AcDbSpline
210
0.0
220
0.0
230
1.0
 70
     8
 71
     3
 72
     8
 73
     4
 74
     0
 42
0.000000001
 43
0.0000000001
 40
-8.0
 40
-8.0
 40
-8.0
 40
-8.0
 40
-7.0
 40
-7.0
 40
-7.0
 40
-7.0
 10
131.8817625276955
 20
78.00503059067821
 30
0.0
 10
131.8817625277083
 20
78.28117296559319
 30
0.0
 10
131.657904902634
 20
78.50503059068819
 30
0.0
 10
131.3817625277177
 20
78.50503059070121
 30
0.0
  0
LINE
  5
1941
330
1F
100
AcDbEntity
  8
0
100
AcDbLine
 10
131.3817625277177
 20
78.50503059070121
 30
0.0
 11
118.3817625277191
 21
78.50503059128422
 31
0.0
  0
SPLINE
  5
1942
330
1F
100
AcDbEntity
  8
0
100
AcDbSpline
210
0.0
220
0.0
230
1.0
 70
     8
 71
     3
 72
     8
 73
     4
 74
     0
 42
0.000000001
 43
0.0000000001
 40
-14.0
 40
-14.0
 40
-14.0
 40
-14.0
 40
-13.0
 40
-13.0
 40
-13.0
 40
-13.0
 10
118.3817625277191
 20
78.50503059128422
 30
0.0
 10
118.1056201528027
 20
78.50503059129718
 30
0.0
 10
117.8817625277079
 20
78.28117296622219
 30
0.0
 10
117.8817625276944
 20
78.00503059130722
 30
0.0
  0
LINE
  5
1943
330
1F
100
AcDbEntity
  8
0
100
AcDbLine
 10
117.8817625276944
 20
78.00503059130722
 30
0.0
 11
117.881762527111
 21
65.00503059131222
 31
0.0
  0
SPLINE
  5
1944
330
1F
100
AcDbEntity
  8
0
100
AcDbSpline
210
0.0
220
0.0
230
1.0
 70
     8
 71
     3
 72
     8
 73
     4
 74
     0
 42
0.000000001
 43
0.0000000001
 40
-12.0
 40
-12.0
 40
-12.0
 40
-12.0
 40
-11.0
 40
-11.0
 40
-11.0
 40
-11.0
 10
117.881762527111
 20
65.00503059131222
 30
0.0
 10
117.8817625270982
 20
64.7288882163972
 30
0.0
 10
118.1056201521738
 20
64.50503059130219
 30
0.0
 10
118.3817625270889
 20
64.50503059128919
 30
0.0
  0
LINE
  5
1945
330
1F
100
AcDbEntity
  8
0
100
AcDbLine
 10
118.3817625270889
 20
64.50503059128919
 30
0.0
 11
131.3817625270887
 21
64.50503059070519
 31
0.0
  0
SPLINE
  5
1946
330
1F
100
AcDbEntity
  8
0
100
AcDbSpline
210
0.0
220
0.0
230
1.0
 70
     8
 71
     3
 72
     8
 73
     4
 74
     0
 42
0.000000001
 43
0.0000000001
 40
-10.0
 40
-10.0
 40
-10.0
 40
-10.0
 40
-9.0
 40
-9.0
 40
-9.0
 40
-9.0
 10
131.3817625270887
 20
64.50503059070519
 30
0.0
 10
131.6579049020039
 20
64.5050305906922
 30
0.0
 10
131.8817625270988
 20
64.7288882157672
 30
0.0
 10
131.8817625271117
 20
65.00503059068222
 30
0.0
  0
LINE
  5
1947
330
1F
100
AcDbEntity
  8
0
100
AcDbLine
 10
150.4317625277178
 20
78.50503058984322
 30
0.0
 11
137.431762527718
 21
78.50503059042819
 31
0.0
  0
SPLINE
  5
1948
330
1F
100
AcDbEntity
  8
0
100
AcDbSpline
210
0.0
220
0.0
230
1.0
 70
     8
 71
     3
 72
     8
 73
     4
 74
     0
 42
0.000000001
 43
0.0000000001
 40
-8.0
 40
-8.0
 40
-8.0
 40
-8.0
 40
-7.0
 40
-7.0
 40
-7.0
 40
-7.0
 10
137.431762527718
 20
78.50503059042819
 30
0.0
 10
137.1556201528028
 20
78.50503059044121
 30
0.0
 10
136.931762527708
 20
78.28117296536621
 30
0.0
 10
136.9317625276952
 20
78.00503059045022
 30
0.0
  0
LINE
  5
1949
330
1F
100
AcDbEntity
  8
0
100
AcDbLine
 10
136.9317625276952
 20
78.00503059045022
 30
0.0
 11
136.9317625271112
 21
65.00503059045519
 31
0.0
  0
SPLINE
  5
1950
330
1F
100
AcDbEntity
  8
0
100
AcDbSpline
210
0.0
220
0.0
230
1.0
 70
     8
 71
     3
 72
     8
 73
     4
 74
     0
 42
0.000000001
 43
0.0000000001
 40
-14.0
 40
-14.0
 40
-14.0
 40
-14.0
 40
-13.0
 40
-13.0
 40
-13.0
 40
-13.0
 10
136.9317625271112
 20
65.00503059045519
 30
0.0
 10
136.9317625270984
 20
64.72888821554019
 30
0.0
 10
137.1556201521727
 20
64.50503059044621
 30
0.0
 10
137.4317625270891
 20
64.50503059043319
 30
0.0
  0
LINE
  5
1951
330
1F
100
AcDbEntity
  8
0
100
AcDbLine
 10
137.4317625270891
 20
64.50503059043319
 30
0.0
 11
150.431762527089
 21
64.50503058984921
 31
0.0
  0
SPLINE
  5
1952
330
1F
100
AcDbEntity
  8
0
100
AcDbSpline
210
0.0
220
0.0
230
1.0
 70
     8
 71
     3
 72
     8
 73
     4
 74
     0
 42
0.000000001
 43
0.0000000001
 40
-12.0
 40
-12.0
 40
-12.0
 40
-12.0
 40
-11.0
 40
-11.0
 40
-11.0
 40
-11.0
 10
150.431762527089
 20
64.50503058984921
 30
0.0
 10
150.7079049020041
 20
64.5050305898362
 30
0.0
 10
150.9317625270989
 20
64.72888821491119
 30
0.0
 10
150.9317625271117
 20
65.00503058982619
 30
0.0
  0
LINE
  5
1953
330
1F
100
AcDbEntity
  8
0
100
AcDbLine
 10
150.9317625271117
 20
65.00503058982619
 30
0.0
 11
150.931762527695
 21
78.00503058982119
 31
0.0
  0
SPLINE
  5
1954
330
1F
100
AcDbEntity
  8
0
100
AcDbSpline
210
0.0
220
0.0
230
1.0
 70
     8
 71
     3
 72
     8
 73
     4
 74
     0
 42
0.000000001
 43
0.0000000001
 40
-10.0
 40
-10.0
 40
-10.0
 40
-10.0
 40
-9.0
 40
-9.0
 40
-9.0
 40
-9.0
 10
150.931762527695
 20
78.00503058982119
 30
0.0
 10
150.9317625277079
 20
78.28117296473621
 30
0.0
 10
150.707904902633
 20
78.50503058983218
 30
0.0
 10
150.4317625277178
 20
78.50503058984322
 30
0.0
  0
LINE
  5
1955
330
1F
100
AcDbEntity
  8
0
100
AcDbLine
 10
112.3317625277187
 20
78.50503059155719
 30
0.0
 11
99.33176252771898
 21
78.5050305921402
 31
0.0
  0
SPLINE
  5
1956
330
1F
100
AcDbEntity
  8
0
100
AcDbSpline
210
0.0
220
0.0
230
1.0
 70
     8
 71
     3
 72
     8
 73
     4
 74
     0
 42
0.000000001
 43
0.0000000001
 40
-8.0
 40
-8.0
 40
-8.0
 40
-8.0
 40
-7.0
 40
-7.0
 40
-7.0
 40
-7.0
 10
99.33176252771898
 20
78.5050305921402
 30
0.0
 10
99.05562015280246
 20
78.50503059215222
 30
0.0
 10
98.83176252770834
 20
78.28117296707819
 30
0.0
 10
98.83176252769546
 20
78.00503059216319
 30
0.0
  0
LINE
  5
1957
330
1F
100
AcDbEntity
  8
0
100
AcDbLine
 10
98.83176252769546
 20
78.00503059216319
 30
0.0
 11
98.83176252711086
 21
65.0050305921682
 31
0.0
  0
SPLINE
  5
1958
330
1F
100
AcDbEntity
  8
0
100
AcDbSpline
210
0.0
220
0.0
230
1.0
 70
     8
 71
     3
 72
     8
 73
     4
 74
     0
 42
0.000000001
 43
0.0000000001
 40
-14.0
 40
-14.0
 40
-14.0
 40
-14.0
 40
-13.0
 40
-13.0
 40
-13.0
 40
-13.0
 10
98.83176252711086
 20
65.0050305921682
 30
0.0
 10
98.83176252709931
 20
64.7288882172522
 30
0.0
 10
99.05562015217366
 20
64.50503059215819
 30
0.0
 10
99.33176252708875
 20
64.50503059214617
 30
0.0
  0
LINE
  5
1959
330
1F
100
AcDbEntity
  8
0
100
AcDbLine
 10
99.33176252708875
 20
64.50503059214617
 30
0.0
 11
112.3317625270898
 21
64.50503059156119
 31
0.0
  0
SPLINE
  5
1960
330
1F
100
AcDbEntity
  8
0
100
AcDbSpline
210
0.0
220
0.0
230
1.0
 70
     8
 71
     3
 72
     8
 73
     4
 74
     0
 42
0.000000001
 43
0.0000000001
 40
-12.0
 40
-12.0
 40
-12.0
 40
-12.0
 40
-11.0
 40
-11.0
 40
-11.0
 40
-11.0
 10
112.3317625270898
 20
64.50503059156119
 30
0.0
 10
112.607904902005
 20
64.50503059155022
 30
0.0
 10
112.8317625270986
 20
64.72888821662522
 30
0.0
 10
112.8317625271113
 20
65.00503059154022
 30
0.0
  0
LINE
  5
1961
330
1F
100
AcDbEntity
  8
0
100
AcDbLine
 10
112.8317625271113
 20
65.00503059154022
 30
0.0
 11
112.8317625276966
 21
78.00503059153419
 31
0.0
  0
SPLINE
  5
1962
330
1F
100
AcDbEntity
  8
0
100
AcDbSpline
210
0.0
220
0.0
230
1.0
 70
     8
 71
     3
 72
     8
 73
     4
 74
     0
 42
0.000000001
 43
0.0000000001
 40
-10.0
 40
-10.0
 40
-10.0
 40
-10.0
 40
-9.0
 40
-9.0
 40
-9.0
 40
-9.0
 10
112.8317625276966
 20
78.00503059153419
 30
0.0
 10
112.8317625277094
 20
78.28117296644919
 30
0.0
 10
112.6079049026338
 20
78.50503059154419
 30
0.0
 10
112.3317625277187
 20
78.50503059155719
 30
0.0
  0
LINE
  5
1963
330
1F
100
AcDbEntity
  8
0
100
AcDbLine
 10
175.0317625276956
 20
78.00503058873821
 30
0.0
 11
175.0317625271103
 21
65.00503058874321
 31
0.0
  0
SPLINE
  5
1964
330
1F
100
AcDbEntity
  8
0
100
AcDbSpline
210
0.0
220
0.0
230
1.0
 70
     8
 71
     3
 72
     8
 73
     4
 74
     0
 42
0.000000001
 43
0.0000000001
 40
-8.0
 40
-8.0
 40
-8.0
 40
-8.0
 40
-7.0
 40
-7.0
 40
-7.0
 40
-7.0
 10
175.0317625271103
 20
65.00503058874321
 30
0.0
 10
175.0317625270975
 20
64.72888821382818
 30
0.0
 10
175.2556201521724
 20
64.5050305887332
 30
0.0
 10
175.5317625270882
 20
64.50503058872119
 30
0.0
  0
LINE
  5
1965
330
1F
100
AcDbEntity
  8
0
100
AcDbLine
 10
175.5317625270882
 20
64.50503058872119
 30
0.0
 11
188.531762527088
 21
64.5050305881362
 31
0.0
  0
SPLINE
  5
1966
330
1F
100
AcDbEntity
  8
0
100
AcDbSpline
210
0.0
220
0.0
230
1.0
 70
     8
 71
     3
 72
     8
 73
     4
 74
     0
 42
0.000000001
 43
0.0000000001
 40
-14.0
 40
-14.0
 40
-14.0
 40
-14.0
 40
-13.0
 40
-13.0
 40
-13.0
 40
-13.0
 10
188.531762527088
 20
64.5050305881362
 30
0.0
 10
188.8079049020039
 20
64.50503058812419
 30
0.0
 10
189.0317625270981
 20
64.72888821319819
 30
0.0
 10
189.0317625271109
 20
65.00503058811322
 30
0.0
  0
LINE
  5
1967
330
1F
100
AcDbEntity
  8
0
100
AcDbLine
 10
189.0317625271109
 20
65.00503058811322
 30
0.0
 11
189.0317625276941
 21
78.00503058810921
 31
0.0
  0
SPLINE
  5
1968
330
1F
100
AcDbEntity
  8
0
100
AcDbSpline
210
0.0
220
0.0
230
1.0
 70
     8
 71
     3
 72
     8
 73
     4
 74
     0
 42
0.000000001
 43
0.0000000001
 40
-12.0
 40
-12.0
 40
-12.0
 40
-12.0
 40
-11.0
 40
-11.0
 40
-11.0
 40
-11.0
 10
189.0317625276941
 20
78.00503058810921
 30
0.0
 10
189.0317625277076
 20
78.2811729630242
 30
0.0
 10
188.8079049026327
 20
78.50503058812018
 30
0.0
 10
188.5317625277183
 20
78.50503058813121
 30
0.0
  0
LINE
  5
1969
330
1F
100
AcDbEntity
  8
0
100
AcDbLine
 10
188.5317625277183
 20
78.50503058813121
 30
0.0
 11
175.5317625277172
 21
78.50503058871521
 31
0.0
  0
SPLINE
  5
1970
330
1F
100
AcDbEntity
  8
0
100
AcDbSpline
210
0.0
220
0.0
230
1.0
 70
     8
 71
     3
 72
     8
 73
     4
 74
     0
 42
0.000000001
 43
0.0000000001
 40
-10.0
 40
-10.0
 40
-10.0
 40
-10.0
 40
-9.0
 40
-9.0
 40
-9.0
 40
-9.0
 10
175.5317625277172
 20
78.50503058871521
 30
0.0
 10
175.255620152802
 20
78.50503058872821
 30
0.0
 10
175.0317625277084
 20
78.2811729636532
 30
0.0
 10
175.0317625276956
 20
78.00503058873821
 30
0.0
  0
LINE
  5
1971
330
1F
100
AcDbEntity
  8
0
100
AcDbLine
 10
170.2695329723839
 20
58.9550306689122
 30
0.0
 11
170.2695329717988
 21
45.95503066891717
 31
0.0
  0
SPLINE
  5
1972
330
1F
100
AcDbEntity
  8
0
100
AcDbSpline
210
0.0
220
0.0
230
1.0
 70
     8
 71
     3
 72
     8
 73
     4
 74
     0
 42
0.000000001
 43
0.0000000001
 40
-8.0
 40
-8.0
 40
-8.0
 40
-8.0
 40
-7.0
 40
-7.0
 40
-7.0
 40
-7.0
 10
170.2695329717988
 20
45.95503066891717
 30
0.0
 10
170.2695329717858
 20
45.6788882940022
 30
0.0
 10
170.4933905968608
 20
45.4550306689062
 30
0.0
 10
170.7695329717766
 20
45.45503066889517
 30
0.0
  0
LINE
  5
1973
330
1F
100
AcDbEntity
  8
0
100
AcDbLine
 10
170.7695329717766
 20
45.45503066889517
 30
0.0
 11
183.7695329717764
 21
45.45503066830923
 31
0.0
  0
SPLINE
  5
1974
330
1F
100
AcDbEntity
  8
0
100
AcDbSpline
210
0.0
220
0.0
230
1.0
 70
     8
 71
     3
 72
     8
 73
     4
 74
     0
 42
0.000000001
 43
0.0000000001
 40
-14.0
 40
-14.0
 40
-14.0
 40
-14.0
 40
-13.0
 40
-13.0
 40
-13.0
 40
-13.0
 10
183.7695329717764
 20
45.45503066830923
 30
0.0
 10
184.0456753466922
 20
45.4550306682982
 30
0.0
 10
184.2695329717863
 20
45.67888829337209
 30
0.0
 10
184.2695329717992
 20
45.95503066828718
 30
0.0
  0
LINE
  5
1975
330
1F
100
AcDbEntity
  8
0
100
AcDbLine
 10
184.2695329717992
 20
45.95503066828718
 30
0.0
 11
184.2695329723825
 21
58.9550306682832
 31
0.0
  0
SPLINE
  5
1976
330
1F
100
AcDbEntity
  8
0
100
AcDbSpline
210
0.0
220
0.0
230
1.0
 70
     8
 71
     3
 72
     8
 73
     4
 74
     0
 42
0.000000001
 43
0.0000000001
 40
-12.0
 40
-12.0
 40
-12.0
 40
-12.0
 40
-11.0
 40
-11.0
 40
-11.0
 40
-11.0
 10
184.2695329723825
 20
58.9550306682832
 30
0.0
 10
184.269532972396
 20
59.2311730431982
 30
0.0
 10
184.045675347321
 20
59.45503066829317
 30
0.0
 10
183.7695329724065
 20
59.4550306683052
 30
0.0
  0
LINE
  5
1977
330
1F
100
AcDbEntity
  8
0
100
AcDbLine
 10
183.7695329724065
 20
59.4550306683052
 30
0.0
 11
170.7695329724054
 21
59.45503066888921
 31
0.0
  0
SPLINE
  5
1978
330
1F
100
AcDbEntity
  8
0
100
AcDbSpline
210
0.0
220
0.0
230
1.0
 70
     8
 71
     3
 72
     8
 73
     4
 74
     0
 42
0.000000001
 43
0.0000000001
 40
-10.0
 40
-10.0
 40
-10.0
 40
-10.0
 40
-9.0
 40
-9.0
 40
-9.0
 40
-9.0
 10
170.7695329724054
 20
59.45503066888921
 30
0.0
 10
170.4933905974903
 20
59.4550306689022
 30
0.0
 10
170.2695329723967
 20
59.2311730438272
 30
0.0
 10
170.2695329723839
 20
58.9550306689122
 30
0.0
  0
LINE
  5
1979
330
1F
100
AcDbEntity
  8
0
100
AcDbLine
 10
208.0817625271115
 20
65.00503058725718
 30
0.0
 11
208.0817625276953
 21
78.00503058725221
 31
0.0
  0
SPLINE
  5
1980
330
1F
100
AcDbEntity
  8
0
100
AcDbSpline
210
0.0
220
0.0
230
1.0
 70
     8
 71
     3
 72
     8
 73
     4
 74
     0
 42
0.000000001
 43
0.0000000001
 40
-8.0
 40
-8.0
 40
-8.0
 40
-8.0
 40
-7.0
 40
-7.0
 40
-7.0
 40
-7.0
 10
208.0817625276953
 20
78.00503058725221
 30
0.0
 10
208.0817625277069
 20
78.2811729621682
 30
0.0
 10
207.8579049026323
 20
78.50503058726218
 30
0.0
 10
207.5817625277172
 20
78.5050305872752
 30
0.0
  0
LINE
  5
1981
330
1F
100
AcDbEntity
  8
0
100
AcDbLine
 10
207.5817625277172
 20
78.5050305872752
 30
0.0
 11
194.5817625277167
 21
78.50503058785918
 31
0.0
  0
SPLINE
  5
1982
330
1F
100
AcDbEntity
  8
0
100
AcDbSpline
210
0.0
220
0.0
230
1.0
 70
     8
 71
     3
 72
     8
 73
     4
 74
     0
 42
0.000000001
 43
0.0000000001
 40
-14.0
 40
-14.0
 40
-14.0
 40
-14.0
 40
-13.0
 40
-13.0
 40
-13.0
 40
-13.0
 10
194.5817625277167
 20
78.50503058785918
 30
0.0
 10
194.3056201528021
 20
78.5050305878722
 30
0.0
 10
194.0817625277073
 20
78.2811729627972
 30
0.0
 10
194.0817625276945
 20
78.0050305878822
 30
0.0
  0
LINE
  5
1983
330
1F
100
AcDbEntity
  8
0
100
AcDbLine
 10
194.0817625276945
 20
78.0050305878822
 30
0.0
 11
194.0817625271106
 21
65.00503058788718
 31
0.0
  0
SPLINE
  5
1984
330
1F
100
AcDbEntity
  8
0
100
AcDbSpline
210
0.0
220
0.0
230
1.0
 70
     8
 71
     3
 72
     8
 73
     4
 74
     0
 42
0.000000001
 43
0.0000000001
 40
-12.0
 40
-12.0
 40
-12.0
 40
-12.0
 40
-11.0
 40
-11.0
 40
-11.0
 40
-11.0
 10
194.0817625271106
 20
65.00503058788718
 30
0.0
 10
194.0817625270977
 20
64.72888821297221
 30
0.0
 10
194.3056201521732
 20
64.50503058787621
 30
0.0
 10
194.5817625270877
 20
64.5050305878652
 30
0.0
  0
LINE
  5
1985
330
1F
100
AcDbEntity
  8
0
100
AcDbLine
 10
194.5817625270877
 20
64.5050305878652
 30
0.0
 11
207.5817625270883
 21
64.5050305872802
 31
0.0
  0
SPLINE
  5
1986
330
1F
100
AcDbEntity
  8
0
100
AcDbSpline
210
0.0
220
0.0
230
1.0
 70
     8
 71
     3
 72
     8
 73
     4
 74
     0
 42
0.000000001
 43
0.0000000001
 40
-10.0
 40
-10.0
 40
-10.0
 40
-10.0
 40
-9.0
 40
-9.0
 40
-9.0
 40
-9.0
 10
207.5817625270883
 20
64.5050305872802
 30
0.0
 10
207.8579049020035
 20
64.50503058726821
 30
0.0
 10
208.0817625270972
 20
64.72888821234218
 30
0.0
 10
208.0817625271115
 20
65.00503058725718
 30
0.0
  0
LINE
  5
1987
330
1F
100
AcDbEntity
  8
0
100
AcDbLine
 10
179.0067625285728
 20
97.55503058856
 30
0.0
 11
166.0067625285736
 21
97.5550305891428
 31
0.0
  0
SPLINE
  5
1988
330
1F
100
AcDbEntity
  8
0
100
AcDbSpline
210
0.0
220
0.0
230
1.0
 70
     8
 71
     3
 72
     8
 73
     4
 74
     0
 42
0.000000001
 43
0.0000000001
 40
-8.0
 40
-8.0
 40
-8.0
 40
-8.0
 40
-7.0
 40
-7.0
 40
-7.0
 40
-7.0
 10
166.0067625285736
 20
97.5550305891428
 30
0.0
 10
165.7306201536585
 20
97.55503058915429
 30
0.0
 10
165.5067625285643
 20
97.33117296408067
 30
0.0
 10
165.5067625285521
 20
97.05503058916557
 30
0.0
  0
LINE
  5
1989
330
1F
100
AcDbEntity
  8
0
100
AcDbLine
 10
165.5067625285521
 20
97.05503058916557
 30
0.0
 11
165.5067625279682
 21
84.05503058916698
 31
0.0
  0
SPLINE
  5
1990
330
1F
100
AcDbEntity
  8
0
100
AcDbSpline
210
0.0
220
0.0
230
1.0
 70
     8
 71
     3
 72
     8
 73
     4
 74
     0
 42
0.000000001
 43
0.0000000001
 40
-14.0
 40
-14.0
 40
-14.0
 40
-14.0
 40
-13.0
 40
-13.0
 40
-13.0
 40
-13.0
 10
165.5067625279682
 20
84.05503058916698
 30
0.0
 10
165.5067625279554
 20
83.77888821425191
 30
0.0
 10
165.7306201530296
 20
83.55503058915639
 30
0.0
 10
166.0067625279448
 20
83.55503058914491
 30
0.0
  0
LINE
  5
1991
330
1F
100
AcDbEntity
  8
0
100
AcDbLine
 10
166.0067625279448
 20
83.55503058914491
 30
0.0
 11
179.0067625279441
 21
83.55503058855957
 31
0.0
  0
SPLINE
  5
1992
330
1F
100
AcDbEntity
  8
0
100
AcDbSpline
210
0.0
220
0.0
230
1.0
 70
     8
 71
     3
 72
     8
 73
     4
 74
     0
 42
0.000000001
 43
0.0000000001
 40
-12.0
 40
-12.0
 40
-12.0
 40
-12.0
 40
-11.0
 40
-11.0
 40
-11.0
 40
-11.0
 10
179.0067625279441
 20
83.55503058855957
 30
0.0
 10
179.2829049028598
 20
83.55503058854679
 30
0.0
 10
179.5067625279546
 20
83.77888821362171
 30
0.0
 10
179.5067625279674
 20
84.05503058853822
 30
0.0
  0
LINE
  5
1993
330
1F
100
AcDbEntity
  8
0
100
AcDbLine
 10
179.5067625279674
 20
84.05503058853822
 30
0.0
 11
179.5067625285507
 21
97.05503058853791
 31
0.0
  0
SPLINE
  5
1994
330
1F
100
AcDbEntity
  8
0
100
AcDbSpline
210
0.0
220
0.0
230
1.0
 70
     8
 71
     3
 72
     8
 73
     4
 74
     0
 42
0.000000001
 43
0.0000000001
 40
-10.0
 40
-10.0
 40
-10.0
 40
-10.0
 40
-9.0
 40
-9.0
 40
-9.0
 40
-9.0
 10
179.5067625285507
 20
97.05503058853791
 30
0.0
 10
179.5067625285629
 20
97.33117296345307
 30
0.0
 10
179.282904903488
 20
97.55503058854721
 30
0.0
 10
179.0067625285728
 20
97.55503058856
 30
0.0
  0
LINE
  5
1995
330
1F
100
AcDbEntity
  8
0
100
AcDbLine
 10
184.5567625285511
 20
97.05503058830949
 30
0.0
 11
184.5567625279671
 21
84.05503058831095
 31
0.0
  0
SPLINE
  5
1996
330
1F
100
AcDbEntity
  8
0
100
AcDbSpline
210
0.0
220
0.0
230
1.0
 70
     8
 71
     3
 72
     8
 73
     4
 74
     0
 42
0.000000001
 43
0.0000000001
 40
-8.0
 40
-8.0
 40
-8.0
 40
-8.0
 40
-7.0
 40
-7.0
 40
-7.0
 40
-7.0
 10
184.5567625279671
 20
84.05503058831095
 30
0.0
 10
184.5567625279543
 20
83.77888821339579
 30
0.0
 10
184.7806201530292
 20
83.55503058830169
 30
0.0
 10
185.0567625279451
 20
83.55503058828878
 30
0.0
  0
LINE
  5
1997
330
1F
100
AcDbEntity
  8
0
100
AcDbLine
 10
185.0567625279451
 20
83.55503058828878
 30
0.0
 11
198.0567625279436
 21
83.55503058770358
 31
0.0
  0
SPLINE
  5
1998
330
1F
100
AcDbEntity
  8
0
100
AcDbSpline
210
0.0
220
0.0
230
1.0
 70
     8
 71
     3
 72
     8
 73
     4
 74
     0
 42
0.000000001
 43
0.0000000001
 40
-14.0
 40
-14.0
 40
-14.0
 40
-14.0
 40
-13.0
 40
-13.0
 40
-13.0
 40
-13.0
 10
198.0567625279436
 20
83.55503058770358
 30
0.0
 10
198.3329049028599
 20
83.55503058769079
 30
0.0
 10
198.5567625279536
 20
83.77888821276568
 30
0.0
 10
198.5567625279663
 20
84.05503058768081
 30
0.0
  0
LINE
  5
1999
330
1F
100
AcDbEntity
  8
0
100
AcDbLine
 10
198.5567625279663
 20
84.05503058768081
 30
0.0
 11
198.5567625285503
 21
97.05503058768071
 31
0.0
  0
SPLINE
  5
2000
330
1F
100
AcDbEntity
  8
0
100
AcDbSpline
210
0.0
220
0.0
230
1.0
 70
     8
 71
     3
 72
     8
 73
     4
 74
     0
 42
0.000000001
 43
0.0000000001
 40
-12.0
 40
-12.0
 40
-12.0
 40
-12.0
 40
-11.0
 40
-11.0
 40
-11.0
 40
-11.0
 10
198.5567625285503
 20
97.05503058768071
 30
0.0
 10
198.5567625285624
 20
97.3311729625971
 30
0.0
 10
198.3329049034882
 20
97.5550305876913
 30
0.0
 10
198.0567625285731
 20
97.55503058770409
 30
0.0
  0
LINE
  5
2001
330
1F
100
AcDbEntity
  8
0
100
AcDbLine
 10
198.0567625285731
 20
97.55503058770409
 30
0.0
 11
185.0567625285733
 21
97.55503058828677
 31
0.0
  0
SPLINE
  5
2002
330
1F
100
AcDbEntity
  8
0
100
AcDbSpline
210
0.0
220
0.0
230
1.0
 70
     8
 71
     3
 72
     8
 73
     4
 74
     0
 42
0.000000001
 43
0.0000000001
 40
-10.0
 40
-10.0
 40
-10.0
 40
-10.0
 40
-9.0
 40
-9.0
 40
-9.0
 40
-9.0
 10
185.0567625285733
 20
97.55503058828677
 30
0.0
 10
184.780620153658
 20
97.55503058829956
 30
0.0
 10
184.5567625285633
 20
97.3311729632247
 30
0.0
 10
184.5567625285511
 20
97.05503058830949
 30
0.0
  0
LINE
  5
2003
330
1F
100
AcDbEntity
  8
0
100
AcDbLine
 10
146.4567625285521
 20
97.05503059002158
 30
0.0
 11
146.456762527968
 21
84.05503059002299
 31
0.0
  0
SPLINE
  5
2004
330
1F
100
AcDbEntity
  8
0
100
AcDbSpline
210
0.0
220
0.0
230
1.0
 70
     8
 71
     3
 72
     8
 73
     4
 74
     0
 42
0.000000001
 43
0.0000000001
 40
-8.0
 40
-8.0
 40
-8.0
 40
-8.0
 40
-7.0
 40
-7.0
 40
-7.0
 40
-7.0
 10
146.456762527968
 20
84.05503059002299
 30
0.0
 10
146.4567625279552
 20
83.77888821510788
 30
0.0
 10
146.6806201530294
 20
83.5550305900124
 30
0.0
 10
146.9567625279459
 20
83.55503059000088
 30
0.0
  0
LINE
  5
2005
330
1F
100
AcDbEntity
  8
0
100
AcDbLine
 10
146.9567625279459
 20
83.55503059000088
 30
0.0
 11
159.9567625279445
 21
83.55503058941559
 31
0.0
  0
SPLINE
  5
2006
330
1F
100
AcDbEntity
  8
0
100
AcDbSpline
210
0.0
220
0.0
230
1.0
 70
     8
 71
     3
 72
     8
 73
     4
 74
     0
 42
0.000000001
 43
0.0000000001
 40
-14.0
 40
-14.0
 40
-14.0
 40
-14.0
 40
-13.0
 40
-13.0
 40
-13.0
 40
-13.0
 10
159.9567625279445
 20
83.55503058941559
 30
0.0
 10
160.2329049028597
 20
83.55503058940405
 30
0.0
 10
160.4567625279545
 20
83.77888821447781
 30
0.0
 10
160.4567625279672
 20
84.05503058939407
 30
0.0
  0
LINE
  5
2007
330
1F
100
AcDbEntity
  8
0
100
AcDbLine
 10
160.4567625279672
 20
84.05503058939407
 30
0.0
 11
160.4567625285512
 21
97.05503058939399
 31
0.0
  0
SPLINE
  5
2008
330
1F
100
AcDbEntity
  8
0
100
AcDbSpline
210
0.0
220
0.0
230
1.0
 70
     8
 71
     3
 72
     8
 73
     4
 74
     0
 42
0.000000001
 43
0.0000000001
 40
-12.0
 40
-12.0
 40
-12.0
 40
-12.0
 40
-11.0
 40
-11.0
 40
-11.0
 40
-11.0
 10
160.4567625285512
 20
97.05503058939399
 30
0.0
 10
160.4567625285634
 20
97.33117296430908
 30
0.0
 10
160.2329049034897
 20
97.55503058940329
 30
0.0
 10
159.9567625285733
 20
97.55503058941608
 30
0.0
  0
LINE
  5
2009
330
1F
100
AcDbEntity
  8
0
100
AcDbLine
 10
159.9567625285733
 20
97.55503058941608
 30
0.0
 11
146.9567625285747
 21
97.55503058999877
 31
0.0
  0
SPLINE
  5
2010
330
1F
100
AcDbEntity
  8
0
100
AcDbSpline
210
0.0
220
0.0
230
1.0
 70
     8
 71
     3
 72
     8
 73
     4
 74
     0
 42
0.000000001
 43
0.0000000001
 40
-10.0
 40
-10.0
 40
-10.0
 40
-10.0
 40
-9.0
 40
-9.0
 40
-9.0
 40
-9.0
 10
146.9567625285747
 20
97.55503058999877
 30
0.0
 10
146.6806201536597
 20
97.55503059001171
 30
0.0
 10
146.4567625285641
 20
97.33117296493672
 30
0.0
 10
146.4567625285521
 20
97.05503059002158
 30
0.0
  0
LINE
  5
2011
330
1F
100
AcDbEntity
  8
0
100
AcDbLine
 10
274.2567625285719
 20
97.55503058427871
 30
0.0
 11
261.2567625285719
 21
97.55503058486135
 31
0.0
  0
SPLINE
  5
2012
330
1F
100
AcDbEntity
  8
0
100
AcDbSpline
210
0.0
220
0.0
230
1.0
 70
     8
 71
     3
 72
     8
 73
     4
 74
     0
 42
0.000000001
 43
0.0000000001
 40
-8.0
 40
-8.0
 40
-8.0
 40
-8.0
 40
-7.0
 40
-7.0
 40
-7.0
 40
-7.0
 10
261.2567625285719
 20
97.55503058486135
 30
0.0
 10
260.9806201536569
 20
97.55503058487406
 30
0.0
 10
260.7567625285629
 20
97.33117295979932
 30
0.0
 10
260.7567625285499
 20
97.05503058488407
 30
0.0
  0
LINE
  5
2013
330
1F
100
AcDbEntity
  8
0
100
AcDbLine
 10
260.7567625285499
 20
97.05503058488407
 30
0.0
 11
260.7567625279659
 21
84.05503058488688
 31
0.0
  0
SPLINE
  5
2014
330
1F
100
AcDbEntity
  8
0
100
AcDbSpline
210
0.0
220
0.0
230
1.0
 70
     8
 71
     3
 72
     8
 73
     4
 74
     0
 42
0.000000001
 43
0.0000000001
 40
-14.0
 40
-14.0
 40
-14.0
 40
-14.0
 40
-13.0
 40
-13.0
 40
-13.0
 40
-13.0
 10
260.7567625279659
 20
84.05503058488688
 30
0.0
 10
260.7567625279529
 20
83.77888820997169
 30
0.0
 10
260.9806201530279
 20
83.55503058487627
 30
0.0
 10
261.2567625279439
 20
83.55503058486467
 30
0.0
  0
LINE
  5
2015
330
1F
100
AcDbEntity
  8
0
100
AcDbLine
 10
261.2567625279439
 20
83.55503058486467
 30
0.0
 11
274.2567625279428
 21
83.55503058427823
 31
0.0
  0
SPLINE
  5
2016
330
1F
100
AcDbEntity
  8
0
100
AcDbSpline
210
0.0
220
0.0
230
1.0
 70
     8
 71
     3
 72
     8
 73
     4
 74
     0
 42
0.000000001
 43
0.0000000001
 40
-12.0
 40
-12.0
 40
-12.0
 40
-12.0
 40
-11.0
 40
-11.0
 40
-11.0
 40
-11.0
 10
274.2567625279428
 20
83.55503058427823
 30
0.0
 10
274.5329049028569
 20
83.55503058426668
 30
0.0
 10
274.7567625279519
 20
83.77888820934158
 30
0.0
 10
274.7567625279649
 20
84.0550305842567
 30
0.0
  0
LINE
  5
2017
330
1F
100
AcDbEntity
  8
0
100
AcDbLine
 10
274.7567625279649
 20
84.0550305842567
 30
0.0
 11
274.7567625285488
 21
97.0550305842566
 31
0.0
  0
SPLINE
  5
2018
330
1F
100
AcDbEntity
  8
0
100
AcDbSpline
210
0.0
220
0.0
230
1.0
 70
     8
 71
     3
 72
     8
 73
     4
 74
     0
 42
0.000000001
 43
0.0000000001
 40
-10.0
 40
-10.0
 40
-10.0
 40
-10.0
 40
-9.0
 40
-9.0
 40
-9.0
 40
-9.0
 10
274.7567625285488
 20
97.0550305842566
 30
0.0
 10
274.7567625285619
 20
97.33117295917171
 30
0.0
 10
274.5329049034868
 20
97.5550305842672
 30
0.0
 10
274.2567625285719
 20
97.55503058427871
 30
0.0
  0
LINE
  5
2019
330
1F
100
AcDbEntity
  8
0
100
AcDbLine
 10
255.2067625285729
 20
97.555030585136
 30
0.0
 11
242.2067625285698
 21
97.5550305857174
 31
0.0
  0
SPLINE
  5
2020
330
1F
100
AcDbEntity
  8
0
100
AcDbSpline
210
0.0
220
0.0
230
1.0
 70
     8
 71
     3
 72
     8
 73
     4
 74
     0
 42
0.000000001
 43
0.0000000001
 40
-8.0
 40
-8.0
 40
-8.0
 40
-8.0
 40
-7.0
 40
-7.0
 40
-7.0
 40
-7.0
 10
242.2067625285698
 20
97.5550305857174
 30
0.0
 10
241.9306201536559
 20
97.55503058572879
 30
0.0
 10
241.7067625285639
 20
97.33117296065646
 30
0.0
 10
241.7067625285509
 20
97.05503058574272
 30
0.0
  0
LINE
  5
2021
330
1F
100
AcDbEntity
  8
0
100
AcDbLine
 10
241.7067625285509
 20
97.05503058574272
 30
0.0
 11
241.7067625279629
 21
84.05503058574423
 31
0.0
  0
SPLINE
  5
2022
330
1F
100
AcDbEntity
  8
0
100
AcDbSpline
210
0.0
220
0.0
230
1.0
 70
     8
 71
     3
 72
     8
 73
     4
 74
     0
 42
0.000000001
 43
0.0000000001
 40
-14.0
 40
-14.0
 40
-14.0
 40
-14.0
 40
-13.0
 40
-13.0
 40
-13.0
 40
-13.0
 10
241.7067625279629
 20
84.05503058574423
 30
0.0
 10
241.7067625279499
 20
83.77888821082777
 30
0.0
 10
241.9306201530249
 20
83.55503058573232
 30
0.0
 10
242.2067625279419
 20
83.55503058571949
 30
0.0
  0
LINE
  5
2023
330
1F
100
AcDbEntity
  8
0
100
AcDbLine
 10
242.2067625279419
 20
83.55503058571949
 30
0.0
 11
255.2067625279438
 21
83.55503058513548
 31
0.0
  0
SPLINE
  5
2024
330
1F
100
AcDbEntity
  8
0
100
AcDbSpline
210
0.0
220
0.0
230
1.0
 70
     8
 71
     3
 72
     8
 73
     4
 74
     0
 42
0.000000001
 43
0.0000000001
 40
-12.0
 40
-12.0
 40
-12.0
 40
-12.0
 40
-11.0
 40
-11.0
 40
-11.0
 40
-11.0
 10
255.2067625279438
 20
83.55503058513548
 30
0.0
 10
255.4829049028589
 20
83.55503058512397
 30
0.0
 10
255.7067625279519
 20
83.77888821019755
 30
0.0
 10
255.7067625279648
 20
84.0550305851128
 30
0.0
  0
LINE
  5
2025
330
1F
100
AcDbEntity
  8
0
100
AcDbLine
 10
255.7067625279648
 20
84.0550305851128
 30
0.0
 11
255.7067625285498
 21
97.05503058511391
 31
0.0
  0
SPLINE
  5
2026
330
1F
100
AcDbEntity
  8
0
100
AcDbSpline
210
0.0
220
0.0
230
1.0
 70
     8
 71
     3
 72
     8
 73
     4
 74
     0
 42
0.000000001
 43
0.0000000001
 40
-10.0
 40
-10.0
 40
-10.0
 40
-10.0
 40
-9.0
 40
-9.0
 40
-9.0
 40
-9.0
 10
255.7067625285498
 20
97.05503058511391
 30
0.0
 10
255.7067625285618
 20
97.331172960029
 30
0.0
 10
255.4829049034879
 20
97.55503058512321
 30
0.0
 10
255.2067625285729
 20
97.555030585136
 30
0.0
  0
LINE
  5
2027
330
1F
100
AcDbEntity
  8
0
100
AcDbLine
 10
102.806762528574
 20
97.55503059198545
 30
0.0
 11
89.80676252857525
 21
97.55503059256822
 31
0.0
  0
SPLINE
  5
2028
330
1F
100
AcDbEntity
  8
0
100
AcDbSpline
210
0.0
220
0.0
230
1.0
 70
     8
 71
     3
 72
     8
 73
     4
 74
     0
 42
0.000000001
 43
0.0000000001
 40
-8.0
 40
-8.0
 40
-8.0
 40
-8.0
 40
-7.0
 40
-7.0
 40
-7.0
 40
-7.0
 10
89.80676252857525
 20
97.55503059256822
 30
0.0
 10
89.53062015366025
 20
97.55503059258098
 30
0.0
 10
89.30676252856425
 20
97.33117296750606
 30
0.0
 10
89.30676252855226
 20
97.0550305925909
 30
0.0
  0
LINE
  5
2029
330
1F
100
AcDbEntity
  8
0
100
AcDbLine
 10
89.30676252855226
 20
97.0550305925909
 30
0.0
 11
89.30676252796827
 21
84.05503059259109
 31
0.0
  0
SPLINE
  5
2030
330
1F
100
AcDbEntity
  8
0
100
AcDbSpline
210
0.0
220
0.0
230
1.0
 70
     8
 71
     3
 72
     8
 73
     4
 74
     0
 42
0.000000001
 43
0.0000000001
 40
-14.0
 40
-14.0
 40
-14.0
 40
-14.0
 40
-13.0
 40
-13.0
 40
-13.0
 40
-13.0
 10
89.30676252796827
 20
84.05503059259109
 30
0.0
 10
89.30676252795626
 20
83.77888821767589
 30
0.0
 10
89.53062015303025
 20
83.55503059258177
 30
0.0
 10
89.80676252794626
 20
83.55503059256895
 30
0.0
  0
LINE
  5
2031
330
1F
100
AcDbEntity
  8
0
100
AcDbLine
 10
89.80676252794626
 20
83.55503059256895
 30
0.0
 11
102.8067625279452
 21
83.55503059198497
 31
0.0
  0
SPLINE
  5
2032
330
1F
100
AcDbEntity
  8
0
100
AcDbSpline
210
0.0
220
0.0
230
1.0
 70
     8
 71
     3
 72
     8
 73
     4
 74
     0
 42
0.000000001
 43
0.0000000001
 40
-12.0
 40
-12.0
 40
-12.0
 40
-12.0
 40
-11.0
 40
-11.0
 40
-11.0
 40
-11.0
 10
102.8067625279452
 20
83.55503059198497
 30
0.0
 10
103.0829049028603
 20
83.55503059197349
 30
0.0
 10
103.3067625279551
 20
83.77888821704837
 30
0.0
 10
103.3067625279679
 20
84.05503059196348
 30
0.0
  0
LINE
  5
2033
330
1F
100
AcDbEntity
  8
0
100
AcDbLine
 10
103.3067625279679
 20
84.05503059196348
 30
0.0
 11
103.3067625285518
 21
97.0550305919621
 31
0.0
  0
SPLINE
  5
2034
330
1F
100
AcDbEntity
  8
0
100
AcDbSpline
210
0.0
220
0.0
230
1.0
 70
     8
 71
     3
 72
     8
 73
     4
 74
     0
 42
0.000000001
 43
0.0000000001
 40
-10.0
 40
-10.0
 40
-10.0
 40
-10.0
 40
-9.0
 40
-9.0
 40
-9.0
 40
-9.0
 10
103.3067625285518
 20
97.0550305919621
 30
0.0
 10
103.3067625285642
 20
97.33117296687845
 30
0.0
 10
103.0829049034904
 20
97.55503059197398
 30
0.0
 10
102.806762528574
 20
97.55503059198545
 30
0.0
  0
LINE
  5
2035
330
1F
100
AcDbEntity
  8
0
100
AcDbLine
 10
127.9067625279457
 20
83.55503059085689
 30
0.0
 11
140.9067625279442
 21
83.55503059027171
 31
0.0
  0
SPLINE
  5
2036
330
1F
100
AcDbEntity
  8
0
100
AcDbSpline
210
0.0
220
0.0
230
1.0
 70
     8
 71
     3
 72
     8
 73
     4
 74
     0
 42
0.000000001
 43
0.0000000001
 40
-8.0
 40
-8.0
 40
-8.0
 40
-8.0
 40
-7.0
 40
-7.0
 40
-7.0
 40
-7.0
 10
140.9067625279442
 20
83.55503059027171
 30
0.0
 10
141.1829049028607
 20
83.55503059026009
 30
0.0
 10
141.4067625279542
 20
83.77888821533497
 30
0.0
 10
141.406762527967
 20
84.0550305902502
 30
0.0
  0
LINE
  5
2037
330
1F
100
AcDbEntity
  8
0
100
AcDbLine
 10
141.406762527967
 20
84.0550305902502
 30
0.0
 11
141.406762528551
 21
97.05503059024998
 31
0.0
  0
SPLINE
  5
2038
330
1F
100
AcDbEntity
  8
0
100
AcDbSpline
210
0.0
220
0.0
230
1.0
 70
     8
 71
     3
 72
     8
 73
     4
 74
     0
 42
0.000000001
 43
0.0000000001
 40
-14.0
 40
-14.0
 40
-14.0
 40
-14.0
 40
-13.0
 40
-13.0
 40
-13.0
 40
-13.0
 10
141.406762528551
 20
97.05503059024998
 30
0.0
 10
141.4067625285632
 20
97.33117296516523
 30
0.0
 10
141.1829049034895
 20
97.55503059026057
 30
0.0
 10
140.9067625285744
 20
97.55503059027223
 30
0.0
  0
LINE
  5
2039
330
1F
100
AcDbEntity
  8
0
100
AcDbLine
 10
140.9067625285744
 20
97.55503059027223
 30
0.0
 11
127.9067625285746
 21
97.5550305908561
 31
0.0
  0
SPLINE
  5
2040
330
1F
100
AcDbEntity
  8
0
100
AcDbSpline
210
0.0
220
0.0
230
1.0
 70
     8
 71
     3
 72
     8
 73
     4
 74
     0
 42
0.000000001
 43
0.0000000001
 40
-12.0
 40
-12.0
 40
-12.0
 40
-12.0
 40
-11.0
 40
-11.0
 40
-11.0
 40
-11.0
 10
127.9067625285746
 20
97.5550305908561
 30
0.0
 10
127.6306201536594
 20
97.55503059086899
 30
0.0
 10
127.4067625285652
 20
97.33117296579401
 30
0.0
 10
127.4067625285531
 20
97.05503059087892
 30
0.0
  0
LINE
  5
2041
330
1F
100
AcDbEntity
  8
0
100
AcDbLine
 10
127.4067625285531
 20
97.05503059087892
 30
0.0
 11
127.4067625279678
 21
84.05503059088028
 31
0.0
  0
SPLINE
  5
2042
330
1F
100
AcDbEntity
  8
0
100
AcDbSpline
210
0.0
220
0.0
230
1.0
 70
     8
 71
     3
 72
     8
 73
     4
 74
     0
 42
0.000000001
 43
0.0000000001
 40
-10.0
 40
-10.0
 40
-10.0
 40
-10.0
 40
-9.0
 40
-9.0
 40
-9.0
 40
-9.0
 10
127.4067625279678
 20
84.05503059088028
 30
0.0
 10
127.406762527955
 20
83.77888821596519
 30
0.0
 10
127.6306201530305
 20
83.55503059086979
 30
0.0
 10
127.9067625279457
 20
83.55503059085689
 30
0.0
  0
LINE
  5
2043
330
1F
100
AcDbEntity
  8
0
100
AcDbLine
 10
223.156762527945
 20
83.55503058657546
 30
0.0
 11
236.1567625279439
 21
83.55503058599145
 31
0.0
  0
SPLINE
  5
2044
330
1F
100
AcDbEntity
  8
0
100
AcDbSpline
210
0.0
220
0.0
230
1.0
 70
     8
 71
     3
 72
     8
 73
     4
 74
     0
 42
0.000000001
 43
0.0000000001
 40
-8.0
 40
-8.0
 40
-8.0
 40
-8.0
 40
-7.0
 40
-7.0
 40
-7.0
 40
-7.0
 10
236.1567625279439
 20
83.55503058599145
 30
0.0
 10
236.4329049028589
 20
83.5550305859787
 30
0.0
 10
236.6567625279529
 20
83.77888821105358
 30
0.0
 10
236.6567625279659
 20
84.05503058596877
 30
0.0
  0
LINE
  5
2045
330
1F
100
AcDbEntity
  8
0
100
AcDbLine
 10
236.6567625279659
 20
84.05503058596877
 30
0.0
 11
236.6567625285498
 21
97.05503058596988
 31
0.0
  0
SPLINE
  5
2046
330
1F
100
AcDbEntity
  8
0
100
AcDbSpline
210
0.0
220
0.0
230
1.0
 70
     8
 71
     3
 72
     8
 73
     4
 74
     0
 42
0.000000001
 43
0.0000000001
 40
-14.0
 40
-14.0
 40
-14.0
 40
-14.0
 40
-13.0
 40
-13.0
 40
-13.0
 40
-13.0
 10
236.6567625285498
 20
97.05503058596988
 30
0.0
 10
236.6567625285619
 20
97.33117296088488
 30
0.0
 10
236.4329049034878
 20
97.55503058597918
 30
0.0
 10
236.1567625285729
 20
97.55503058599197
 30
0.0
  0
LINE
  5
2047
330
1F
100
AcDbEntity
  8
0
100
AcDbLine
 10
236.1567625285729
 20
97.55503058599197
 30
0.0
 11
223.156762528574
 21
97.5550305865747
 31
0.0
  0
SPLINE
  5
2048
330
1F
100
AcDbEntity
  8
0
100
AcDbSpline
210
0.0
220
0.0
230
1.0
 70
     8
 71
     3
 72
     8
 73
     4
 74
     0
 42
0.000000001
 43
0.0000000001
 40
-12.0
 40
-12.0
 40
-12.0
 40
-12.0
 40
-11.0
 40
-11.0
 40
-11.0
 40
-11.0
 10
223.156762528574
 20
97.5550305865747
 30
0.0
 10
222.8806201536575
 20
97.55503058658749
 30
0.0
 10
222.6567625285634
 20
97.33117296151256
 30
0.0
 10
222.6567625285506
 20
97.05503058659747
 30
0.0
  0
LINE
  5
2049
330
1F
100
AcDbEntity
  8
0
100
AcDbLine
 10
222.6567625285506
 20
97.05503058659747
 30
0.0
 11
222.6567625279666
 21
84.05503058659897
 31
0.0
  0
SPLINE
  5
2050
330
1F
100
AcDbEntity
  8
0
100
AcDbSpline
210
0.0
220
0.0
230
1.0
 70
     8
 71
     3
 72
     8
 73
     4
 74
     0
 42
0.000000001
 43
0.0000000001
 40
-10.0
 40
-10.0
 40
-10.0
 40
-10.0
 40
-9.0
 40
-9.0
 40
-9.0
 40
-9.0
 10
222.6567625279666
 20
84.05503058659897
 30
0.0
 10
222.6567625279538
 20
83.77888821168246
 30
0.0
 10
222.8806201530287
 20
83.55503058658829
 30
0.0
 10
223.156762527945
 20
83.55503058657546
 30
0.0
  0
LINE
  5
2051
330
1F
100
AcDbEntity
  8
0
100
AcDbLine
 10
121.8567625285743
 20
97.5550305911282
 30
0.0
 11
108.8567625285756
 21
97.5550305917134
 31
0.0
  0
SPLINE
  5
2052
330
1F
100
AcDbEntity
  8
0
100
AcDbSpline
210
0.0
220
0.0
230
1.0
 70
     8
 71
     3
 72
     8
 73
     4
 74
     0
 42
0.000000001
 43
0.0000000001
 40
-8.0
 40
-8.0
 40
-8.0
 40
-8.0
 40
-7.0
 40
-7.0
 40
-7.0
 40
-7.0
 10
108.8567625285756
 20
97.5550305917134
 30
0.0
 10
108.5806201536605
 20
97.55503059172497
 30
0.0
 10
108.356762528565
 20
97.33117296665009
 30
0.0
 10
108.3567625285528
 20
97.05503059173489
 30
0.0
  0
LINE
  5
2053
330
1F
100
AcDbEntity
  8
0
100
AcDbLine
 10
108.3567625285528
 20
97.05503059173489
 30
0.0
 11
108.3567625279689
 21
84.05503059173637
 31
0.0
  0
SPLINE
  5
2054
330
1F
100
AcDbEntity
  8
0
100
AcDbSpline
210
0.0
220
0.0
230
1.0
 70
     8
 71
     3
 72
     8
 73
     4
 74
     0
 42
0.000000001
 43
0.0000000001
 40
-14.0
 40
-14.0
 40
-14.0
 40
-14.0
 40
-13.0
 40
-13.0
 40
-13.0
 40
-13.0
 10
108.3567625279689
 20
84.05503059173637
 30
0.0
 10
108.3567625279562
 20
83.7788882168212
 30
0.0
 10
108.5806201530303
 20
83.5550305917258
 30
0.0
 10
108.8567625279455
 20
83.5550305917142
 30
0.0
  0
LINE
  5
2055
330
1F
100
AcDbEntity
  8
0
100
AcDbLine
 10
108.8567625279455
 20
83.5550305917142
 30
0.0
 11
121.8567625279453
 21
83.555030591129
 31
0.0
  0
SPLINE
  5
2056
330
1F
100
AcDbEntity
  8
0
100
AcDbSpline
210
0.0
220
0.0
230
1.0
 70
     8
 71
     3
 72
     8
 73
     4
 74
     0
 42
0.000000001
 43
0.0000000001
 40
-12.0
 40
-12.0
 40
-12.0
 40
-12.0
 40
-11.0
 40
-11.0
 40
-11.0
 40
-11.0
 10
121.8567625279453
 20
83.555030591129
 30
0.0
 10
122.1329049028605
 20
83.55503059111606
 30
0.0
 10
122.3567625279553
 20
83.77888821619098
 30
0.0
 10
122.3567625279681
 20
84.05503059110618
 30
0.0
  0
LINE
  5
2057
330
1F
100
AcDbEntity
  8
0
100
AcDbLine
 10
122.3567625279681
 20
84.05503059110618
 30
0.0
 11
122.3567625285521
 21
97.05503059110601
 31
0.0
  0
SPLINE
  5
2058
330
1F
100
AcDbEntity
  8
0
100
AcDbSpline
210
0.0
220
0.0
230
1.0
 70
     8
 71
     3
 72
     8
 73
     4
 74
     0
 42
0.000000001
 43
0.0000000001
 40
-10.0
 40
-10.0
 40
-10.0
 40
-10.0
 40
-9.0
 40
-9.0
 40
-9.0
 40
-9.0
 10
122.3567625285521
 20
97.05503059110601
 30
0.0
 10
122.3567625285642
 20
97.3311729660212
 30
0.0
 10
122.1329049034893
 20
97.55503059111539
 30
0.0
 10
121.8567625285743
 20
97.5550305911282
 30
0.0
  0
LINE
  5
2059
330
1F
100
AcDbEntity
  8
0
100
AcDbLine
 10
193.2942625294294
 20
116.6050305879237
 30
0.0
 11
180.2942625294282
 21
116.6050305885064
 31
0.0
  0
SPLINE
  5
2060
330
1F
100
AcDbEntity
  8
0
100
AcDbSpline
210
0.0
220
0.0
230
1.0
 70
     8
 71
     3
 72
     8
 73
     4
 74
     0
 42
0.000000001
 43
0.0000000001
 40
-8.0
 40
-8.0
 40
-8.0
 40
-8.0
 40
-7.0
 40
-7.0
 40
-7.0
 40
-7.0
 10
180.2942625294282
 20
116.6050305885064
 30
0.0
 10
180.0181201545137
 20
116.605030588518
 30
0.0
 10
179.7942625294195
 20
116.3811729634443
 30
0.0
 10
179.7942625294074
 20
116.1050305885292
 30
0.0
  0
LINE
  5
2061
330
1F
100
AcDbEntity
  8
0
100
AcDbLine
 10
179.7942625294074
 20
116.1050305885292
 30
0.0
 11
179.7942625288234
 21
103.1050305885308
 31
0.0
  0
SPLINE
  5
2062
330
1F
100
AcDbEntity
  8
0
100
AcDbSpline
210
0.0
220
0.0
230
1.0
 70
     8
 71
     3
 72
     8
 73
     4
 74
     0
 42
0.000000001
 43
0.0000000001
 40
-14.0
 40
-14.0
 40
-14.0
 40
-14.0
 40
-13.0
 40
-13.0
 40
-13.0
 40
-13.0
 10
179.7942625288234
 20
103.1050305885308
 30
0.0
 10
179.7942625288093
 20
102.8288882136155
 30
0.0
 10
180.0181201538848
 20
102.6050305885199
 30
0.0
 10
180.2942625288
 20
102.6050305885085
 30
0.0
  0
LINE
  5
2063
330
1F
100
AcDbEntity
  8
0
100
AcDbLine
 10
180.2942625288
 20
102.6050305885085
 30
0.0
 11
193.2942625287992
 21
102.6050305879232
 31
0.0
  0
SPLINE
  5
2064
330
1F
100
AcDbEntity
  8
0
100
AcDbSpline
210
0.0
220
0.0
230
1.0
 70
     8
 71
     3
 72
     8
 73
     4
 74
     0
 42
0.000000001
 43
0.0000000001
 40
-12.0
 40
-12.0
 40
-12.0
 40
-12.0
 40
-11.0
 40
-11.0
 40
-11.0
 40
-11.0
 10
193.2942625287992
 20
102.6050305879232
 30
0.0
 10
193.5704049037151
 20
102.6050305879104
 30
0.0
 10
193.7942625288098
 20
102.8288882129854
 30
0.0
 10
193.794262528822
 20
103.1050305879005
 30
0.0
  0
LINE
  5
2065
330
1F
100
AcDbEntity
  8
0
100
AcDbLine
 10
193.794262528822
 20
103.1050305879005
 30
0.0
 11
193.7942625294072
 21
116.1050305879016
 31
0.0
  0
SPLINE
  5
2066
330
1F
100
AcDbEntity
  8
0
100
AcDbSpline
210
0.0
220
0.0
230
1.0
 70
     8
 71
     3
 72
     8
 73
     4
 74
     0
 42
0.000000001
 43
0.0000000001
 40
-10.0
 40
-10.0
 40
-10.0
 40
-10.0
 40
-9.0
 40
-9.0
 40
-9.0
 40
-9.0
 10
193.7942625294072
 20
116.1050305879016
 30
0.0
 10
193.7942625294195
 20
116.3811729628168
 30
0.0
 10
193.5704049043451
 20
116.6050305879108
 30
0.0
 10
193.2942625294294
 20
116.6050305879237
 30
0.0
  0
LINE
  5
2067
330
1F
100
AcDbEntity
  8
0
100
AcDbLine
 10
217.8942625294062
 20
116.1050305868171
 30
0.0
 11
217.8942625288223
 21
103.1050305868185
 31
0.0
  0
SPLINE
  5
2068
330
1F
100
AcDbEntity
  8
0
100
AcDbSpline
210
0.0
220
0.0
230
1.0
 70
     8
 71
     3
 72
     8
 73
     4
 74
     0
 42
0.000000001
 43
0.0000000001
 40
-8.0
 40
-8.0
 40
-8.0
 40
-8.0
 40
-7.0
 40
-7.0
 40
-7.0
 40
-7.0
 10
217.8942625288223
 20
103.1050305868185
 30
0.0
 10
217.8942625288095
 20
102.8288882119033
 30
0.0
 10
218.1181201538844
 20
102.6050305868079
 30
0.0
 10
218.3942625287995
 20
102.6050305867963
 30
0.0
  0
LINE
  5
2069
330
1F
100
AcDbEntity
  8
0
100
AcDbLine
 10
218.3942625287995
 20
102.6050305867963
 30
0.0
 11
231.3942625287992
 21
102.6050305862112
 31
0.0
  0
SPLINE
  5
2070
330
1F
100
AcDbEntity
  8
0
100
AcDbSpline
210
0.0
220
0.0
230
1.0
 70
     8
 71
     3
 72
     8
 73
     4
 74
     0
 42
0.000000001
 43
0.0000000001
 40
-14.0
 40
-14.0
 40
-14.0
 40
-14.0
 40
-13.0
 40
-13.0
 40
-13.0
 40
-13.0
 10
231.3942625287992
 20
102.6050305862112
 30
0.0
 10
231.6704049037157
 20
102.6050305861983
 30
0.0
 10
231.8942625288099
 20
102.8288882112733
 30
0.0
 10
231.8942625288228
 20
103.1050305861884
 30
0.0
  0
LINE
  5
2071
330
1F
100
AcDbEntity
  8
0
100
AcDbLine
 10
231.8942625288228
 20
103.1050305861884
 30
0.0
 11
231.8942625294067
 21
116.1050305861883
 31
0.0
  0
SPLINE
  5
2072
330
1F
100
AcDbEntity
  8
0
100
AcDbSpline
210
0.0
220
0.0
230
1.0
 70
     8
 71
     3
 72
     8
 73
     4
 74
     0
 42
0.000000001
 43
0.0000000001
 40
-12.0
 40
-12.0
 40
-12.0
 40
-12.0
 40
-11.0
 40
-11.0
 40
-11.0
 40
-11.0
 10
231.8942625294067
 20
116.1050305861883
 30
0.0
 10
231.8942625294196
 20
116.3811729611034
 30
0.0
 10
231.6704049043446
 20
116.6050305861975
 30
0.0
 10
231.3942625294294
 20
116.6050305862104
 30
0.0
  0
LINE
  5
2073
330
1F
100
AcDbEntity
  8
0
100
AcDbLine
 10
231.3942625294294
 20
116.6050305862104
 30
0.0
 11
218.3942625294284
 21
116.6050305867944
 31
0.0
  0
SPLINE
  5
2074
330
1F
100
AcDbEntity
  8
0
100
AcDbSpline
210
0.0
220
0.0
230
1.0
 70
     8
 71
     3
 72
     8
 73
     4
 74
     0
 42
0.000000001
 43
0.0000000001
 40
-10.0
 40
-10.0
 40
-10.0
 40
-10.0
 40
-9.0
 40
-9.0
 40
-9.0
 40
-9.0
 10
218.3942625294284
 20
116.6050305867944
 30
0.0
 10
218.1181201545132
 20
116.6050305868072
 30
0.0
 10
217.894262529419
 20
116.381172961731
 30
0.0
 10
217.8942625294062
 20
116.1050305868171
 30
0.0
  0
LINE
  5
2075
330
1F
100
AcDbEntity
  8
0
100
AcDbLine
 10
117.0942625294306
 20
116.6050305913479
 30
0.0
 11
104.0942625294306
 21
116.6050305919318
 31
0.0
  0
SPLINE
  5
2076
330
1F
100
AcDbEntity
  8
0
100
AcDbSpline
210
0.0
220
0.0
230
1.0
 70
     8
 71
     3
 72
     8
 73
     4
 74
     0
 42
0.000000001
 43
0.0000000001
 40
-8.0
 40
-8.0
 40
-8.0
 40
-8.0
 40
-7.0
 40
-7.0
 40
-7.0
 40
-7.0
 10
104.0942625294306
 20
116.6050305919318
 30
0.0
 10
103.8181201545155
 20
116.6050305919434
 30
0.0
 10
103.5942625294201
 20
116.3811729668697
 30
0.0
 10
103.5942625294079
 20
116.1050305919546
 30
0.0
  0
LINE
  5
2077
330
1F
100
AcDbEntity
  8
0
100
AcDbLine
 10
103.5942625294079
 20
116.1050305919546
 30
0.0
 11
103.5942625288233
 21
103.1050305919534
 31
0.0
  0
SPLINE
  5
2078
330
1F
100
AcDbEntity
  8
0
100
AcDbSpline
210
0.0
220
0.0
230
1.0
 70
     8
 71
     3
 72
     8
 73
     4
 74
     0
 42
0.000000001
 43
0.0000000001
 40
-14.0
 40
-14.0
 40
-14.0
 40
-14.0
 40
-13.0
 40
-13.0
 40
-13.0
 40
-13.0
 10
103.5942625288233
 20
103.1050305919534
 30
0.0
 10
103.5942625288111
 20
102.8288882170383
 30
0.0
 10
103.8181201538853
 20
102.6050305919429
 30
0.0
 10
104.0942625288005
 20
102.6050305919313
 30
0.0
  0
LINE
  5
2079
330
1F
100
AcDbEntity
  8
0
100
AcDbLine
 10
104.0942625288005
 20
102.6050305919313
 30
0.0
 11
117.0942625288017
 21
102.6050305913461
 31
0.0
  0
SPLINE
  5
2080
330
1F
100
AcDbEntity
  8
0
100
AcDbSpline
210
0.0
220
0.0
230
1.0
 70
     8
 71
     3
 72
     8
 73
     4
 74
     0
 42
0.000000001
 43
0.0000000001
 40
-12.0
 40
-12.0
 40
-12.0
 40
-12.0
 40
-11.0
 40
-11.0
 40
-11.0
 40
-11.0
 10
117.0942625288017
 20
102.6050305913461
 30
0.0
 10
117.3704049037168
 20
102.6050305913345
 30
0.0
 10
117.5942625288123
 20
102.8288882164095
 30
0.0
 10
117.5942625288245
 20
103.1050305913246
 30
0.0
  0
LINE
  5
2081
330
1F
100
AcDbEntity
  8
0
100
AcDbLine
 10
117.5942625288245
 20
103.1050305913246
 30
0.0
 11
117.5942625294084
 21
116.1050305913243
 31
0.0
  0
SPLINE
  5
2082
330
1F
100
AcDbEntity
  8
0
100
AcDbSpline
210
0.0
220
0.0
230
1.0
 70
     8
 71
     3
 72
     8
 73
     4
 74
     0
 42
0.000000001
 43
0.0000000001
 40
-10.0
 40
-10.0
 40
-10.0
 40
-10.0
 40
-9.0
 40
-9.0
 40
-9.0
 40
-9.0
 10
117.5942625294084
 20
116.1050305913243
 30
0.0
 10
117.5942625294205
 20
116.3811729662395
 30
0.0
 10
117.3704049043456
 20
116.605030591335
 30
0.0
 10
117.0942625294306
 20
116.6050305913479
 30
0.0
  0
LINE
  5
2083
330
1F
100
AcDbEntity
  8
0
100
AcDbLine
 10
212.3442625294299
 20
116.6050305870677
 30
0.0
 11
199.344262529429
 21
116.6050305876503
 31
0.0
  0
SPLINE
  5
2084
330
1F
100
AcDbEntity
  8
0
100
AcDbSpline
210
0.0
220
0.0
230
1.0
 70
     8
 71
     3
 72
     8
 73
     4
 74
     0
 42
0.000000001
 43
0.0000000001
 40
-8.0
 40
-8.0
 40
-8.0
 40
-8.0
 40
-7.0
 40
-7.0
 40
-7.0
 40
-7.0
 10
199.344262529429
 20
116.6050305876503
 30
0.0
 10
199.0681201545139
 20
116.6050305876619
 30
0.0
 10
198.8442625294197
 20
116.3811729625883
 30
0.0
 10
198.8442625294077
 20
116.1050305876744
 30
0.0
  0
LINE
  5
2085
330
1F
100
AcDbEntity
  8
0
100
AcDbLine
 10
198.8442625294077
 20
116.1050305876744
 30
0.0
 11
198.8442625288217
 21
103.1050305876745
 31
0.0
  0
SPLINE
  5
2086
330
1F
100
AcDbEntity
  8
0
100
AcDbSpline
210
0.0
220
0.0
230
1.0
 70
     8
 71
     3
 72
     8
 73
     4
 74
     0
 42
0.000000001
 43
0.0000000001
 40
-14.0
 40
-14.0
 40
-14.0
 40
-14.0
 40
-13.0
 40
-13.0
 40
-13.0
 40
-13.0
 10
198.8442625288217
 20
103.1050305876745
 30
0.0
 10
198.8442625288096
 20
102.8288882127594
 30
0.0
 10
199.0681201538844
 20
102.6050305876653
 30
0.0
 10
199.344262528799
 20
102.6050305876524
 30
0.0
  0
LINE
  5
2087
330
1F
100
AcDbEntity
  8
0
100
AcDbLine
 10
199.344262528799
 20
102.6050305876524
 30
0.0
 11
212.344262528801
 21
102.6050305870685
 31
0.0
  0
SPLINE
  5
2088
330
1F
100
AcDbEntity
  8
0
100
AcDbSpline
210
0.0
220
0.0
230
1.0
 70
     8
 71
     3
 72
     8
 73
     4
 74
     0
 42
0.000000001
 43
0.0000000001
 40
-12.0
 40
-12.0
 40
-12.0
 40
-12.0
 40
-11.0
 40
-11.0
 40
-11.0
 40
-11.0
 10
212.344262528801
 20
102.6050305870685
 30
0.0
 10
212.6204049037162
 20
102.6050305870557
 30
0.0
 10
212.8442625288104
 20
102.8288882121306
 30
0.0
 10
212.8442625288232
 20
103.1050305870458
 30
0.0
  0
LINE
  5
2089
330
1F
100
AcDbEntity
  8
0
100
AcDbLine
 10
212.8442625288232
 20
103.1050305870458
 30
0.0
 11
212.8442625294085
 21
116.1050305870443
 31
0.0
  0
SPLINE
  5
2090
330
1F
100
AcDbEntity
  8
0
100
AcDbSpline
210
0.0
220
0.0
230
1.0
 70
     8
 71
     3
 72
     8
 73
     4
 74
     0
 42
0.000000001
 43
0.0000000001
 40
-10.0
 40
-10.0
 40
-10.0
 40
-10.0
 40
-9.0
 40
-9.0
 40
-9.0
 40
-9.0
 10
212.8442625294085
 20
116.1050305870443
 30
0.0
 10
212.84426252942
 20
116.3811729619594
 30
0.0
 10
212.6204049043451
 20
116.6050305870549
 30
0.0
 10
212.3442625294299
 20
116.6050305870677
 30
0.0
  0
LINE
  5
2091
330
1F
100
AcDbEntity
  8
0
100
AcDbLine
 10
256.4942625287999
 20
102.6050305850831
 30
0.0
 11
269.4942625287979
 21
102.6050305844991
 31
0.0
  0
SPLINE
  5
2092
330
1F
100
AcDbEntity
  8
0
100
AcDbSpline
210
0.0
220
0.0
230
1.0
 70
     8
 71
     3
 72
     8
 73
     4
 74
     0
 42
0.000000001
 43
0.0000000001
 40
-8.0
 40
-8.0
 40
-8.0
 40
-8.0
 40
-7.0
 40
-7.0
 40
-7.0
 40
-7.0
 10
269.4942625287979
 20
102.6050305844991
 30
0.0
 10
269.7704049037149
 20
102.6050305844863
 30
0.0
 10
269.9942625288078
 20
102.8288882095612
 30
0.0
 10
269.9942625288219
 20
103.1050305844777
 30
0.0
  0
LINE
  5
2093
330
1F
100
AcDbEntity
  8
0
100
AcDbLine
 10
269.9942625288219
 20
103.1050305844777
 30
0.0
 11
269.9942625294059
 21
116.1050305844762
 31
0.0
  0
SPLINE
  5
2094
330
1F
100
AcDbEntity
  8
0
100
AcDbSpline
210
0.0
220
0.0
230
1.0
 70
     8
 71
     3
 72
     8
 73
     4
 74
     0
 42
0.000000001
 43
0.0000000001
 40
-14.0
 40
-14.0
 40
-14.0
 40
-14.0
 40
-13.0
 40
-13.0
 40
-13.0
 40
-13.0
 10
269.9942625294059
 20
116.1050305844762
 30
0.0
 10
269.9942625294188
 20
116.3811729593912
 30
0.0
 10
269.7704049043439
 20
116.6050305844843
 30
0.0
 10
269.4942625294288
 20
116.605030584497
 30
0.0
  0
LINE
  5
2095
330
1F
100
AcDbEntity
  8
0
100
AcDbLine
 10
269.4942625294288
 20
116.605030584497
 30
0.0
 11
256.4942625294299
 21
116.6050305850823
 31
0.0
  0
SPLINE
  5
2096
330
1F
100
AcDbEntity
  8
0
100
AcDbSpline
210
0.0
220
0.0
230
1.0
 70
     8
 71
     3
 72
     8
 73
     4
 74
     0
 42
0.000000001
 43
0.0000000001
 40
-12.0
 40
-12.0
 40
-12.0
 40
-12.0
 40
-11.0
 40
-11.0
 40
-11.0
 40
-11.0
 10
256.4942625294299
 20
116.6050305850823
 30
0.0
 10
256.2181201545139
 20
116.605030585095
 30
0.0
 10
255.9942625294179
 20
116.3811729600202
 30
0.0
 10
255.9942625294068
 20
116.1050305851051
 30
0.0
  0
LINE
  5
2097
330
1F
100
AcDbEntity
  8
0
100
AcDbLine
 10
255.9942625294068
 20
116.1050305851051
 30
0.0
 11
255.9942625288209
 21
103.1050305851053
 31
0.0
  0
SPLINE
  5
2098
330
1F
100
AcDbEntity
  8
0
100
AcDbSpline
210
0.0
220
0.0
230
1.0
 70
     8
 71
     3
 72
     8
 73
     4
 74
     0
 42
0.000000001
 43
0.0000000001
 40
-10.0
 40
-10.0
 40
-10.0
 40
-10.0
 40
-9.0
 40
-9.0
 40
-9.0
 40
-9.0
 10
255.9942625288209
 20
103.1050305851053
 30
0.0
 10
255.9942625288089
 20
102.8288882101901
 30
0.0
 10
256.2181201538848
 20
102.6050305850947
 30
0.0
 10
256.4942625287999
 20
102.6050305850831
 30
0.0
  0
SPLINE
  5
2099
330
1F
100
AcDbEntity
  8
0
100
AcDbSpline
210
0.0
220
0.0
230
1.0
 70
     8
 71
     3
 72
     8
 73
     4
 74
     0
 42
0.000000001
 43
0.0000000001
 40
-9.0
 40
-9.0
 40
-9.0
 40
-9.0
 40
-8.0
 40
-8.0
 40
-8.0
 40
-8.0
 10
55.18176252880227
 20
102.6050305941298
 30
0.0
 10
55.45790490371726
 20
102.6050305941169
 30
0.0
 10
55.68176252881227
 20
102.8288882191919
 30
0.0
 10
55.68176252882427
 20
103.105030594107
 30
0.0
  0
LINE
  5
2100
330
1F
100
AcDbEntity
  8
0
100
AcDbLine
 10
55.68176252882427
 20
103.105030594107
 30
0.0
 11
55.68176252940927
 21
116.1050305941067
 31
0.0
  0
SPLINE
  5
2101
330
1F
100
AcDbEntity
  8
0
100
AcDbSpline
210
0.0
220
0.0
230
1.0
 70
     8
 71
     3
 72
     8
 73
     4
 74
     0
 42
0.000000001
 43
0.0000000001
 40
-15.0
 40
-15.0
 40
-15.0
 40
-15.0
 40
-14.0
 40
-14.0
 40
-14.0
 40
-14.0
 10
55.68176252940927
 20
116.1050305941067
 30
0.0
 10
55.68176252942127
 20
116.3811729690219
 30
0.0
 10
55.45790490434825
 20
116.6050305941174
 30
0.0
 10
55.18176252943127
 20
116.6050305941302
 30
0.0
  0
LINE
  5
2102
330
1F
100
AcDbEntity
  8
0
100
AcDbLine
 10
55.18176252943127
 20
116.6050305941302
 30
0.0
 11
42.18176252943126
 21
116.6050305947142
 31
0.0
  0
SPLINE
  5
2103
330
1F
100
AcDbEntity
  8
0
100
AcDbSpline
210
0.0
220
0.0
230
1.0
 70
     8
 71
     3
 72
     8
 73
     4
 74
     0
 42
0.000000001
 43
0.0000000001
 40
-13.0
 40
-13.0
 40
-13.0
 40
-13.0
 40
-12.0
 40
-12.0
 40
-12.0
 40
-12.0
 10
42.18176252943126
 20
116.6050305947142
 30
0.0
 10
41.90562015451627
 20
116.6050305947271
 30
0.0
 10
41.68176252942027
 20
116.381172969652
 30
0.0
 10
41.68176252940824
 20
116.105030594737
 30
0.0
  0
LINE
  5
2104
330
1F
100
AcDbEntity
  8
0
100
AcDbLine
 10
41.68176252940824
 20
116.105030594737
 30
0.0
 11
41.68176252882426
 21
103.1050305947372
 31
0.0
  0
SPLINE
  5
2105
330
1F
100
AcDbEntity
  8
0
100
AcDbSpline
210
0.0
220
0.0
230
1.0
 70
     8
 71
     3
 72
     8
 73
     4
 74
     0
 42
0.000000001
 43
0.0000000001
 40
-11.0
 40
-11.0
 40
-11.0
 40
-11.0
 40
-10.0
 40
-10.0
 40
-10.0
 40
-10.0
 10
41.68176252882426
 20
103.1050305947372
 30
0.0
 10
41.68176252881226
 20
102.8288882198219
 30
0.0
 10
41.90562015388624
 20
102.6050305947265
 30
0.0
 10
42.18176252880226
 20
102.6050305947137
 30
0.0
  0
LINE
  5
2106
330
1F
100
AcDbEntity
  8
0
100
AcDbLine
 10
42.18176252880226
 20
102.6050305947135
 30
0.0
 11
55.18176252880227
 21
102.6050305941298
 31
0.0
  0
SPLINE
  5
2107
330
1F
100
AcDbEntity
  8
0
100
AcDbSpline
210
0.0
220
0.0
230
1.0
 70
     8
 71
     3
 72
     8
 73
     4
 74
     0
 42
0.000000001
 43
0.0000000001
 40
-2.0
 40
-2.0
 40
-2.0
 40
-2.0
 40
-1.0
 40
-1.0
 40
-1.0
 40
-1.0
 10
161.24426252943
 20
116.6050305893624
 30
0.0
 10
160.9681201545148
 20
116.6050305893753
 30
0.0
 10
160.7442625294193
 20
116.3811729643015
 30
0.0
 10
160.7442625294072
 20
116.1050305893852
 30
0.0
  0
LINE
  5
2108
330
1F
100
AcDbEntity
  8
0
100
AcDbLine
 10
160.7442625294072
 20
116.1050305893852
 30
0.0
 11
160.7442625288233
 21
103.1050305893867
 31
0.0
  0
SPLINE
  5
2109
330
1F
100
AcDbEntity
  8
0
100
AcDbSpline
210
0.0
220
0.0
230
1.0
 70
     8
 71
     3
 72
     8
 73
     4
 74
     0
 42
0.000000001
 43
0.0000000001
 40
10.0
 40
10.0
 40
10.0
 40
10.0
 40
11.0
 40
11.0
 40
11.0
 40
11.0
 10
160.7442625288233
 20
103.1050305893867
 30
0.0
 10
160.744262528811
 20
102.8288882144714
 30
0.0
 10
160.9681201538846
 20
102.6050305893774
 30
0.0
 10
161.2442625287998
 20
102.6050305893644
 30
0.0
  0
LINE
  5
2110
330
1F
100
AcDbEntity
  8
0
100
AcDbLine
 10
161.2442625287998
 20
102.6050305893644
 30
0.0
 11
174.2442625287996
 21
102.605030588778
 31
0.0
  0
SPLINE
  5
2111
330
1F
100
AcDbEntity
  8
0
100
AcDbSpline
210
0.0
220
0.0
230
1.0
 70
     8
 71
     3
 72
     8
 73
     4
 74
     0
 42
0.000000001
 43
0.0000000001
 40
12.0
 40
12.0
 40
12.0
 40
12.0
 40
13.0
 40
13.0
 40
13.0
 40
13.0
 10
174.2442625287996
 20
102.605030588778
 30
0.0
 10
174.5204049037161
 20
102.6050305887652
 30
0.0
 10
174.7442625288115
 20
102.8288882138414
 30
0.0
 10
174.7442625288237
 20
103.1050305887578
 30
0.0
  0
LINE
  5
2112
330
1F
100
AcDbEntity
  8
0
100
AcDbLine
 10
174.7442625288237
 20
103.1050305887578
 30
0.0
 11
174.7442625294077
 21
116.1050305887576
 31
0.0
  0
SPLINE
  5
2113
330
1F
100
AcDbEntity
  8
0
100
AcDbSpline
210
0.0
220
0.0
230
1.0
 70
     8
 71
     3
 72
     8
 73
     4
 74
     0
 42
0.000000001
 43
0.0000000001
 40
14.0
 40
14.0
 40
14.0
 40
14.0
 40
15.0
 40
15.0
 40
15.0
 40
15.0
 10
174.7442625294077
 20
116.1050305887576
 30
0.0
 10
174.7442625294199
 20
116.3811729636728
 30
0.0
 10
174.5204049043449
 20
116.6050305887669
 30
0.0
 10
174.2442625294299
 20
116.6050305887798
 30
0.0
  0
LINE
  5
2114
330
1F
100
AcDbEntity
  8
0
100
AcDbLine
 10
174.2442625294299
 20
116.6050305887798
 30
0.0
 11
161.24426252943
 21
116.6050305893624
 31
0.0
  0
LINE
  5
2115
330
1F
100
AcDbEntity
  8
0
100
AcDbLine
 10
79.49426252882426
 20
103.1050305930379
 30
0.0
 11
79.49426252940927
 21
116.1050305930377
 31
0.0
  0
SPLINE
  5
2116
330
1F
100
AcDbEntity
  8
0
100
AcDbSpline
210
0.0
220
0.0
230
1.0
 70
     8
 71
     3
 72
     8
 73
     4
 74
     0
 42
0.000000001
 43
0.0000000001
 40
-8.0
 40
-8.0
 40
-8.0
 40
-8.0
 40
-7.0
 40
-7.0
 40
-7.0
 40
-7.0
 10
79.49426252940927
 20
116.1050305930377
 30
0.0
 10
79.49426252942126
 20
116.3811729679528
 30
0.0
 10
79.27040490434626
 20
116.6050305930484
 30
0.0
 10
78.99426252943126
 20
116.6050305930598
 30
0.0
  0
LINE
  5
2117
330
1F
100
AcDbEntity
  8
0
100
AcDbLine
 10
78.99426252943126
 20
116.6050305930598
 30
0.0
 11
65.99426252943027
 21
116.6050305936439
 31
0.0
  0
SPLINE
  5
2118
330
1F
100
AcDbEntity
  8
0
100
AcDbSpline
210
0.0
220
0.0
230
1.0
 70
     8
 71
     3
 72
     8
 73
     4
 74
     0
 42
0.000000001
 43
0.0000000001
 40
-14.0
 40
-14.0
 40
-14.0
 40
-14.0
 40
-13.0
 40
-13.0
 40
-13.0
 40
-13.0
 10
65.99426252943027
 20
116.6050305936439
 30
0.0
 10
65.71812015451627
 20
116.6050305936554
 30
0.0
 10
65.49426252942126
 20
116.3811729685818
 30
0.0
 10
65.49426252940927
 20
116.1050305936665
 30
0.0
  0
LINE
  5
2119
330
1F
100
AcDbEntity
  8
0
100
AcDbLine
 10
65.49426252940927
 20
116.1050305936665
 30
0.0
 11
65.49426252882324
 21
103.1050305936668
 31
0.0
  0
SPLINE
  5
2120
330
1F
100
AcDbEntity
  8
0
100
AcDbSpline
210
0.0
220
0.0
230
1.0
 70
     8
 71
     3
 72
     8
 73
     4
 74
     0
 42
0.000000001
 43
0.0000000001
 40
-12.0
 40
-12.0
 40
-12.0
 40
-12.0
 40
-11.0
 40
-11.0
 40
-11.0
 40
-11.0
 10
65.49426252882324
 20
103.1050305936668
 30
0.0
 10
65.49426252881125
 20
102.8288882187515
 30
0.0
 10
65.71812015388625
 20
102.6050305936561
 30
0.0
 10
65.99426252880028
 20
102.6050305936447
 30
0.0
  0
LINE
  5
2121
330
1F
100
AcDbEntity
  8
0
100
AcDbLine
 10
65.99426252880028
 20
102.6050305936447
 30
0.0
 11
78.99426252880225
 21
102.6050305930594
 31
0.0
  0
SPLINE
  5
2122
330
1F
100
AcDbEntity
  8
0
100
AcDbSpline
210
0.0
220
0.0
230
1.0
 70
     8
 71
     3
 72
     8
 73
     4
 74
     0
 42
0.000000001
 43
0.0000000001
 40
-10.0
 40
-10.0
 40
-10.0
 40
-10.0
 40
-9.0
 40
-9.0
 40
-9.0
 40
-9.0
 10
78.99426252880225
 20
102.6050305930594
 30
0.0
 10
79.27040490371727
 20
102.6050305930479
 30
0.0
 10
79.49426252881227
 20
102.8288882181228
 30
0.0
 10
79.49426252882426
 20
103.1050305930379
 30
0.0
  0
LINE
  5
2123
330
1F
100
AcDbEntity
  8
0
100
AcDbLine
 10
136.1442625294307
 20
116.6050305904905
 30
0.0
 11
123.1442625294296
 21
116.6050305910759
 31
0.0
  0
SPLINE
  5
2124
330
1F
100
AcDbEntity
  8
0
100
AcDbSpline
210
0.0
220
0.0
230
1.0
 70
     8
 71
     3
 72
     8
 73
     4
 74
     0
 42
0.000000001
 43
0.0000000001
 40
-8.0
 40
-8.0
 40
-8.0
 40
-8.0
 40
-7.0
 40
-7.0
 40
-7.0
 40
-7.0
 10
123.1442625294296
 20
116.6050305910759
 30
0.0
 10
122.8681201545144
 20
116.6050305910873
 30
0.0
 10
122.6442625294202
 20
116.3811729660137
 30
0.0
 10
122.644262529408
 20
116.1050305910985
 30
0.0
  0
LINE
  5
2125
330
1F
100
AcDbEntity
  8
0
100
AcDbLine
 10
122.644262529408
 20
116.1050305910985
 30
0.0
 11
122.6442625288228
 21
103.1050305910987
 31
0.0
  0
SPLINE
  5
2126
330
1F
100
AcDbEntity
  8
0
100
AcDbSpline
210
0.0
220
0.0
230
1.0
 70
     8
 71
     3
 72
     8
 73
     4
 74
     0
 42
0.000000001
 43
0.0000000001
 40
-14.0
 40
-14.0
 40
-14.0
 40
-14.0
 40
-13.0
 40
-13.0
 40
-13.0
 40
-13.0
 10
122.6442625288228
 20
103.1050305910987
 30
0.0
 10
122.6442625288106
 20
102.828888216181
 30
0.0
 10
122.8681201538855
 20
102.6050305910868
 30
0.0
 10
123.1442625288007
 20
102.6050305910753
 30
0.0
  0
LINE
  5
2127
330
1F
100
AcDbEntity
  8
0
100
AcDbLine
 10
123.1442625288007
 20
102.6050305910753
 30
0.0
 11
136.1442625288005
 21
102.60503059049
 31
0.0
  0
SPLINE
  5
2128
330
1F
100
AcDbEntity
  8
0
100
AcDbSpline
210
0.0
220
0.0
230
1.0
 70
     8
 71
     3
 72
     8
 73
     4
 74
     0
 42
0.000000001
 43
0.0000000001
 40
-12.0
 40
-12.0
 40
-12.0
 40
-12.0
 40
-11.0
 40
-11.0
 40
-11.0
 40
-11.0
 10
136.1442625288005
 20
102.60503059049
 30
0.0
 10
136.4204049037157
 20
102.6050305904784
 30
0.0
 10
136.6442625288111
 20
102.828888215552
 30
0.0
 10
136.6442625288233
 20
103.1050305904685
 30
0.0
  0
LINE
  5
2129
330
1F
100
AcDbEntity
  8
0
100
AcDbLine
 10
136.6442625288233
 20
103.1050305904685
 30
0.0
 11
136.6442625294074
 21
116.1050305904684
 31
0.0
  0
SPLINE
  5
2130
330
1F
100
AcDbEntity
  8
0
100
AcDbSpline
210
0.0
220
0.0
230
1.0
 70
     8
 71
     3
 72
     8
 73
     4
 74
     0
 42
0.000000001
 43
0.0000000001
 40
-10.0
 40
-10.0
 40
-10.0
 40
-10.0
 40
-9.0
 40
-9.0
 40
-9.0
 40
-9.0
 10
136.6442625294074
 20
116.1050305904684
 30
0.0
 10
136.6442625294207
 20
116.3811729653835
 30
0.0
 10
136.4204049043458
 20
116.6050305904777
 30
0.0
 10
136.1442625294307
 20
116.6050305904905
 30
0.0
  0
LINE
  5
2131
330
1F
100
AcDbEntity
  8
0
100
AcDbLine
 10
155.1942625294302
 20
116.6050305896358
 30
0.0
 11
142.1942625294298
 21
116.6050305902184
 31
0.0
  0
SPLINE
  5
2132
330
1F
100
AcDbEntity
  8
0
100
AcDbSpline
210
0.0
220
0.0
230
1.0
 70
     8
 71
     3
 72
     8
 73
     4
 74
     0
 42
0.000000001
 43
0.0000000001
 40
-8.0
 40
-8.0
 40
-8.0
 40
-8.0
 40
-7.0
 40
-7.0
 40
-7.0
 40
-7.0
 10
142.1942625294298
 20
116.6050305902184
 30
0.0
 10
141.9181201545146
 20
116.6050305902313
 30
0.0
 10
141.6942625294192
 20
116.3811729651577
 30
0.0
 10
141.694262529407
 20
116.1050305902425
 30
0.0
  0
LINE
  5
2133
330
1F
100
AcDbEntity
  8
0
100
AcDbLine
 10
141.694262529407
 20
116.1050305902425
 30
0.0
 11
141.694262528823
 21
103.105030590244
 31
0.0
  0
SPLINE
  5
2134
330
1F
100
AcDbEntity
  8
0
100
AcDbSpline
210
0.0
220
0.0
230
1.0
 70
     8
 71
     3
 72
     8
 73
     4
 74
     0
 42
0.000000001
 43
0.0000000001
 40
-14.0
 40
-14.0
 40
-14.0
 40
-14.0
 40
-13.0
 40
-13.0
 40
-13.0
 40
-13.0
 10
141.694262528823
 20
103.105030590244
 30
0.0
 10
141.6942625288108
 20
102.8288882153274
 30
0.0
 10
141.9181201538857
 20
102.6050305902334
 30
0.0
 10
142.1942625288009
 20
102.6050305902205
 30
0.0
  0
LINE
  5
2135
330
1F
100
AcDbEntity
  8
0
100
AcDbLine
 10
142.1942625288009
 20
102.6050305902205
 30
0.0
 11
155.1942625287994
 21
102.6050305896353
 31
0.0
  0
SPLINE
  5
2136
330
1F
100
AcDbEntity
  8
0
100
AcDbSpline
210
0.0
220
0.0
230
1.0
 70
     8
 71
     3
 72
     8
 73
     4
 74
     0
 42
0.000000001
 43
0.0000000001
 40
-12.0
 40
-12.0
 40
-12.0
 40
-12.0
 40
-11.0
 40
-11.0
 40
-11.0
 40
-11.0
 10
155.1942625287994
 20
102.6050305896353
 30
0.0
 10
155.470404903716
 20
102.6050305896225
 30
0.0
 10
155.6942625288114
 20
102.8288882146974
 30
0.0
 10
155.6942625288235
 20
103.1050305896126
 30
0.0
  0
LINE
  5
2137
330
1F
100
AcDbEntity
  8
0
100
AcDbLine
 10
155.6942625288235
 20
103.1050305896126
 30
0.0
 11
155.6942625294074
 21
116.1050305896135
 31
0.0
  0
SPLINE
  5
2138
330
1F
100
AcDbEntity
  8
0
100
AcDbSpline
210
0.0
220
0.0
230
1.0
 70
     8
 71
     3
 72
     8
 73
     4
 74
     0
 42
0.000000001
 43
0.0000000001
 40
-10.0
 40
-10.0
 40
-10.0
 40
-10.0
 40
-9.0
 40
-9.0
 40
-9.0
 40
-9.0
 10
155.6942625294074
 20
116.1050305896135
 30
0.0
 10
155.6942625294197
 20
116.38117296453
 30
0.0
 10
155.470404904346
 20
116.605030589623
 30
0.0
 10
155.1942625294302
 20
116.6050305896358
 30
0.0
  0
LINE
  5
2139
330
1F
100
AcDbEntity
  8
0
100
AcDbLine
 10
98.54426252882426
 20
103.1050305921806
 30
0.0
 11
98.54426252940816
 21
116.1050305921804
 31
0.0
  0
SPLINE
  5
2140
330
1F
100
AcDbEntity
  8
0
100
AcDbSpline
210
0.0
220
0.0
230
1.0
 70
     8
 71
     3
 72
     8
 73
     4
 74
     0
 42
0.000000001
 43
0.0000000001
 40
-8.0
 40
-8.0
 40
-8.0
 40
-8.0
 40
-7.0
 40
-7.0
 40
-7.0
 40
-7.0
 10
98.54426252940816
 20
116.1050305921804
 30
0.0
 10
98.5442625294204
 20
116.3811729670969
 30
0.0
 10
98.32040490434676
 20
116.605030592191
 30
0.0
 10
98.04426252943166
 20
116.6050305922039
 30
0.0
  0
LINE
  5
2141
330
1F
100
AcDbEntity
  8
0
100
AcDbLine
 10
98.04426252943166
 20
116.6050305922039
 30
0.0
 11
85.04426252943027
 21
116.605030592789
 31
0.0
  0
SPLINE
  5
2142
330
1F
100
AcDbEntity
  8
0
100
AcDbSpline
210
0.0
220
0.0
230
1.0
 70
     8
 71
     3
 72
     8
 73
     4
 74
     0
 42
0.000000001
 43
0.0000000001
 40
-14.0
 40
-14.0
 40
-14.0
 40
-14.0
 40
-13.0
 40
-13.0
 40
-13.0
 40
-13.0
 10
85.04426252943027
 20
116.605030592789
 30
0.0
 10
84.76812015451526
 20
116.6050305928007
 30
0.0
 10
84.54426252942026
 20
116.3811729677258
 30
0.0
 10
84.54426252940825
 20
116.1050305928106
 30
0.0
  0
LINE
  5
2143
330
1F
100
AcDbEntity
  8
0
100
AcDbLine
 10
84.54426252940825
 20
116.1050305928106
 30
0.0
 11
84.54426252882425
 21
103.1050305928094
 31
0.0
  0
SPLINE
  5
2144
330
1F
100
AcDbEntity
  8
0
100
AcDbSpline
210
0.0
220
0.0
230
1.0
 70
     8
 71
     3
 72
     8
 73
     4
 74
     0
 42
0.000000001
 43
0.0000000001
 40
-12.0
 40
-12.0
 40
-12.0
 40
-12.0
 40
-11.0
 40
-11.0
 40
-11.0
 40
-11.0
 10
84.54426252882425
 20
103.1050305928094
 30
0.0
 10
84.54426252881125
 20
102.8288882178944
 30
0.0
 10
84.76812015388626
 20
102.6050305928002
 30
0.0
 10
85.04426252880127
 20
102.6050305927872
 30
0.0
  0
LINE
  5
2145
330
1F
100
AcDbEntity
  8
0
100
AcDbLine
 10
85.04426252880127
 20
102.6050305927872
 30
0.0
 11
98.04426252880148
 21
102.6050305922047
 31
0.0
  0
SPLINE
  5
2146
330
1F
100
AcDbEntity
  8
0
100
AcDbSpline
210
0.0
220
0.0
230
1.0
 70
     8
 71
     3
 72
     8
 73
     4
 74
     0
 42
0.000000001
 43
0.0000000001
 40
-10.0
 40
-10.0
 40
-10.0
 40
-10.0
 40
-9.0
 40
-9.0
 40
-9.0
 40
-9.0
 10
98.04426252880148
 20
102.6050305922047
 30
0.0
 10
98.32040490371667
 20
102.6050305921918
 30
0.0
 10
98.54426252881205
 20
102.8288882172655
 30
0.0
 10
98.54426252882426
 20
103.1050305921806
 30
0.0
  0
LINE
  5
2147
330
1F
100
AcDbEntity
  8
0
100
AcDbLine
 10
250.4442625294299
 20
116.6050305853557
 30
0.0
 11
237.4442625294308
 21
116.6050305859395
 31
0.0
  0
SPLINE
  5
2148
330
1F
100
AcDbEntity
  8
0
100
AcDbSpline
210
0.0
220
0.0
230
1.0
 70
     8
 71
     3
 72
     8
 73
     4
 74
     0
 42
0.000000001
 43
0.0000000001
 40
-8.0
 40
-8.0
 40
-8.0
 40
-8.0
 40
-7.0
 40
-7.0
 40
-7.0
 40
-7.0
 10
237.4442625294308
 20
116.6050305859395
 30
0.0
 10
237.1681201545149
 20
116.6050305859525
 30
0.0
 10
236.9442625294179
 20
116.3811729608775
 30
0.0
 10
236.9442625294069
 20
116.105030585961
 30
0.0
  0
LINE
  5
2149
330
1F
100
AcDbEntity
  8
0
100
AcDbLine
 10
236.9442625294069
 20
116.105030585961
 30
0.0
 11
236.9442625288219
 21
103.1050305859625
 31
0.0
  0
SPLINE
  5
2150
330
1F
100
AcDbEntity
  8
0
100
AcDbSpline
210
0.0
220
0.0
230
1.0
 70
     8
 71
     3
 72
     8
 73
     4
 74
     0
 42
0.000000001
 43
0.0000000001
 40
-14.0
 40
-14.0
 40
-14.0
 40
-14.0
 40
-13.0
 40
-13.0
 40
-13.0
 40
-13.0
 10
236.9442625288219
 20
103.1050305859625
 30
0.0
 10
236.9442625288099
 20
102.8288882110474
 30
0.0
 10
237.1681201538849
 20
102.605030585952
 30
0.0
 10
237.4442625287989
 20
102.605030585939
 30
0.0
  0
LINE
  5
2151
330
1F
100
AcDbEntity
  8
0
100
AcDbLine
 10
237.4442625287989
 20
102.605030585939
 30
0.0
 11
250.4442625287999
 21
102.6050305853552
 31
0.0
  0
SPLINE
  5
2152
330
1F
100
AcDbEntity
  8
0
100
AcDbSpline
210
0.0
220
0.0
230
1.0
 70
     8
 71
     3
 72
     8
 73
     4
 74
     0
 42
0.000000001
 43
0.0000000001
 40
-12.0
 40
-12.0
 40
-12.0
 40
-12.0
 40
-11.0
 40
-11.0
 40
-11.0
 40
-11.0
 10
250.4442625287999
 20
102.6050305853552
 30
0.0
 10
250.7204049037149
 20
102.6050305853423
 30
0.0
 10
250.9442625288088
 20
102.8288882104172
 30
0.0
 10
250.9442625288219
 20
103.1050305853324
 30
0.0
  0
LINE
  5
2153
330
1F
100
AcDbEntity
  8
0
100
AcDbLine
 10
250.9442625288219
 20
103.1050305853324
 30
0.0
 11
250.9442625294069
 21
116.1050305853322
 31
0.0
  0
SPLINE
  5
2154
330
1F
100
AcDbEntity
  8
0
100
AcDbSpline
210
0.0
220
0.0
230
1.0
 70
     8
 71
     3
 72
     8
 73
     4
 74
     0
 42
0.000000001
 43
0.0000000001
 40
-10.0
 40
-10.0
 40
-10.0
 40
-10.0
 40
-9.0
 40
-9.0
 40
-9.0
 40
-9.0
 10
250.9442625294069
 20
116.1050305853322
 30
0.0
 10
250.9442625294189
 20
116.3811729602473
 30
0.0
 10
250.7204049043449
 20
116.6050305853427
 30
0.0
 10
250.4442625294299
 20
116.6050305853557
 30
0.0
  0
SPLINE
  5
2155
330
1F
100
AcDbEntity
  8
0
100
AcDbSpline
210
0.0
220
0.0
230
1.0
 70
     8
 71
     3
 72
     8
 73
     4
 74
     0
 42
0.000000001
 43
0.0000000001
 40
-9.0
 40
-9.0
 40
-9.0
 40
-9.0
 40
-8.0
 40
-8.0
 40
-8.0
 40
-8.0
 10
274.4212898780948
 20
64.2550339903622
 30
0.0
 10
274.8918929019438
 20
64.25503398995221
 30
0.0
 10
275.2733920299859
 20
64.63653311861719
 30
0.0
 10
275.2733920288059
 20
65.1071361424662
 30
0.0
  0
LINE
  5
2156
330
1F
100
AcDbEntity
  8
0
100
AcDbLine
 10
275.2733920288059
 20
65.1071361424662
 30
0.0
 11
275.2733919979828
 21
77.40293184325722
 31
0.0
  0
SPLINE
  5
2157
330
1F
100
AcDbEntity
  8
0
100
AcDbSpline
210
0.0
220
0.0
230
1.0
 70
     8
 71
     3
 72
     8
 73
     4
 74
     0
 42
0.000000001
 43
0.0000000001
 40
15.0
 40
15.0
 40
15.0
 40
15.0
 40
16.0
 40
16.0
 40
16.0
 40
16.0
 10
275.2733919979828
 20
77.40293184325722
 30
0.0
 10
275.2733919968028
 20
77.87353486509417
 30
0.0
 10
274.8918928699889
 20
78.25503399101322
 30
0.0
 10
274.4212898481509
 20
78.25503399108822
 30
0.0
  0
LINE
  5
2158
330
1F
100
AcDbEntity
  8
0
100
AcDbLine
 10
274.4212898481509
 20
78.25503399108822
 30
0.0
 11
268.2359852074039
 21
78.25503399208122
 31
0.0
  0
SPLINE
  5
2159
330
1F
100
AcDbEntity
  8
0
100
AcDbSpline
210
0.0
220
0.0
230
1.0
 70
     8
 71
     3
 72
     8
 73
     4
 74
     0
 42
0.000000001
 43
0.0000000001
 40
-13.0
 40
-13.0
 40
-13.0
 40
-13.0
 40
-12.0
 40
-12.0
 40
-12.0
 40
-12.0
 10
268.2359852074039
 20
78.25503399208122
 30
0.0
 10
267.7653821854879
 20
78.25503399215517
 30
0.0
 10
267.3838830585199
 20
77.87353486623721
 30
0.0
 10
267.3838830572989
 20
77.40293184432022
 30
0.0
  0
LINE
  5
2160
330
1F
100
AcDbEntity
  8
0
100
AcDbLine
 10
267.3838830572989
 20
77.40293184432022
 30
0.0
 11
267.3838830254259
 21
65.1071361479232
 31
0.0
  0
SPLINE
  5
2161
330
1F
100
AcDbEntity
  8
0
100
AcDbSpline
210
0.0
220
0.0
230
1.0
 70
     8
 71
     3
 72
     8
 73
     4
 74
     0
 42
0.000000001
 43
0.0000000001
 40
-11.0
 40
-11.0
 40
-11.0
 40
-11.0
 40
-10.0
 40
-10.0
 40
-10.0
 40
-10.0
 10
267.3838830254259
 20
65.1071361479232
 30
0.0
 10
267.3838830242068
 20
64.6365331246252
 30
0.0
 10
267.7653821513549
 20
64.25503399615618
 30
0.0
 10
268.2359851746519
 20
64.25503399574722
 30
0.0
  0
LINE
  5
2162
330
1F
100
AcDbEntity
  8
0
100
AcDbLine
 10
268.2359851746519
 20
64.25503399574722
 30
0.0
 11
274.4212898780948
 21
64.2550339903622
 31
0.0
  0
LINE
  5
2163
330
1F
100
AcDbEntity
  8
0
100
AcDbLine
 10
334.0700713249793
 20
99.11660939019411
 30
0.0
 11
328.1695763623972
 21
93.46749071972679
 31
0.0
  0
ELLIPSE
  5
2164
330
1F
100
AcDbEntity
  8
0
100
AcDbEllipse
 10
329.7901009309743
 20
91.75456382307331
 30
0.0
 11
-0.9321641574612776
 21
-2.182955264363521
 31
0.0
210
0.0
220
0.0
230
-1.0
 40
0.9921838010788132
 41
1.164123785058728
 42
1.977468868482624
  0
LINE
  5
2165
330
1F
100
AcDbEntity
  8
0
100
AcDbLine
 10
327.4321311450146
 20
91.74053103490349
 30
0.0
 11
327.4321311442562
 21
83.47711524769747
 31
0.0
  0
SPLINE
  5
2166
330
1F
100
AcDbEntity
  8
0
100
AcDbSpline
210
0.0
220
0.0
230
1.0
 70
     8
 71
     3
 72
     8
 73
     4
 74
     0
 42
0.000000001
 43
0.0000000001
 40
-22.0
 40
-22.0
 40
-22.0
 40
-22.0
 40
-21.0
 40
-21.0
 40
-21.0
 40
-21.0
 10
327.4321311442562
 20
83.47711524769747
 30
0.0
 10
327.4321311441353
 20
82.1566952117322
 30
0.0
 10
328.5025430772153
 20
81.08628327845821
 30
0.0
 10
329.8229631131812
 20
81.08628327834219
 30
0.0
  0
LINE
  5
2167
330
1F
100
AcDbEntity
  8
0
100
AcDbLine
 10
329.8229631131812
 20
81.08628327834219
 30
0.0
 11
371.2408042120403
 21
81.0862832747002
 31
0.0
  0
ARC
  5
2168
330
1F
100
AcDbEntity
  8
0
100
AcDbCircle
 10
371.2408042122502
 20
83.47711524383768
 30
0.0
 40
2.390831969137579
100
AcDbArc
 50
269.9999999949698
 51
313.7531594168289
  0
LINE
  5
2169
330
1F
100
AcDbEntity
  8
0
100
AcDbLine
 10
372.8941909640056
 20
81.75015555879287
 30
0.0
 11
378.7946859265872
 21
87.39927422926021
 31
0.0
  0
ELLIPSE
  5
2170
330
1F
100
AcDbEntity
  8
0
100
AcDbEllipse
 10
377.1741613580382
 20
89.11220112589438
 30
0.0
 11
-0.9321641577352648
 21
-2.182955264228375
 31
0.0
210
0.0
220
0.0
230
-1.0
 40
0.9921838010714909
 41
4.305716438515116
 42
5.119061521944902
  0
LINE
  5
2171
330
1F
100
AcDbEntity
  8
0
100
AcDbLine
 10
379.5321311439685
 20
89.12623391408359
 30
0.0
 11
379.5321311447263
 21
97.38964970128947
 31
0.0
  0
SPLINE
  5
2172
330
1F
100
AcDbEntity
  8
0
100
AcDbSpline
210
0.0
220
0.0
230
1.0
 70
     8
 71
     3
 72
     8
 73
     4
 74
     0
 42
0.000000001
 43
0.0000000001
 40
-16.0
 40
-16.0
 40
-16.0
 40
-16.0
 40
-15.0
 40
-15.0
 40
-15.0
 40
-15.0
 10
379.5321311447263
 20
97.38964970128947
 30
0.0
 10
379.5321311448482
 20
98.7100697372548
 30
0.0
 10
378.4617192117663
 20
99.78048167052907
 30
0.0
 10
377.1412991758012
 20
99.78048167064471
 30
0.0
  0
LINE
  5
2173
330
1F
100
AcDbEntity
  8
0
100
AcDbLine
 10
377.1412991758012
 20
99.78048167064471
 30
0.0
 11
335.7234580769413
 21
99.78048167428557
 31
0.0
  0
ARC
  5
2174
330
1F
100
AcDbEntity
  8
0
100
AcDbCircle
 10
335.7234580767333
 20
97.38964970514857
 30
0.0
 40
2.390831969137108
100
AcDbArc
 50
89.99999999501532
 51
133.7531594167943
  0
SPLINE
  5
2175
330
1F
100
AcDbEntity
  8
0
100
AcDbSpline
210
0.0
220
0.0
230
1.0
 70
     8
 71
     3
 72
     8
 73
     4
 74
     0
 42
0.000000001
 43
0.0000000001
 40
-43.0
 40
-43.0
 40
-43.0
 40
-43.0
 40
-42.0
 40
-42.0
 40
-42.0
 40
-42.0
 10
38.82678405543226
 20
78.5049863457352
 30
0.0
 10
38.55064267657525
 20
78.5049849371172
 30
0.0
 10
38.32678660598225
 20
78.28112772462421
 30
0.0
 10
38.32678660596826
 20
78.0049863457642
 30
0.0
  0
LINE
  5
2176
330
1F
100
AcDbEntity
  8
0
100
AcDbLine
 10
38.32678660596826
 20
78.0049863457642
 30
0.0
 11
38.32678660538426
 21
65.00503059488022
 31
0.0
  0
SPLINE
  5
2177
330
1F
100
AcDbEntity
  8
0
100
AcDbSpline
210
0.0
220
0.0
230
1.0
 70
     8
 71
     3
 72
     8
 73
     4
 74
     0
 42
0.000000001
 43
0.0000000001
 40
83.0
 40
83.0
 40
83.0
 40
83.0
 40
84.0
 40
84.0
 40
84.0
 40
84.0
 10
38.32678660538426
 20
65.00503059488022
 30
0.0
 10
38.32678660537127
 20
64.72888821996519
 30
0.0
 10
38.55064423044627
 20
64.50503059487122
 30
0.0
 10
38.82678660536127
 20
64.5050305948582
 30
0.0
  0
LINE
  5
2178
330
1F
100
AcDbEntity
  8
0
100
AcDbLine
 10
38.82678660536127
 20
64.5050305948582
 30
0.0
 11
39.24638322241427
 21
64.5050305948402
 31
0.0
  0
SPLINE
  5
2179
330
1F
100
AcDbEntity
  8
0
100
AcDbSpline
210
0.0
220
0.0
230
1.0
 70
     8
 71
     3
 72
     8
 73
     4
 74
     0
 42
0.000000001
 43
0.0000000001
 40
-81.0
 40
-81.0
 40
-81.0
 40
-81.0
 40
-80.0
 40
-80.0
 40
-80.0
 40
-80.0
 10
39.24638322241427
 20
64.5050305948402
 30
0.0
 10
39.41206864736228
 20
64.50503059483219
 30
0.0
 10
39.54638322240726
 20
64.37071601977518
 30
0.0
 10
39.54638322240027
 20
64.20503059482522
 30
0.0
  0
LINE
  5
2180
330
1F
100
AcDbEntity
  8
0
100
AcDbLine
 10
39.54638322240027
 20
64.20503059482522
 30
0.0
 11
39.54638322236926
 21
63.54303056969218
 31
0.0
  0
SPLINE
  5
2181
330
1F
100
AcDbEntity
  8
0
100
AcDbSpline
210
0.0
220
0.0
230
1.0
 70
     8
 71
     3
 72
     8
 73
     4
 74
     0
 42
0.000000001
 43
0.0000000001
 40
-79.0
 40
-79.0
 40
-79.0
 40
-79.0
 40
-78.0
 40
-78.0
 40
-78.0
 40
-78.0
 10
39.54638322236926
 20
63.54303056969218
 30
0.0
 10
39.54638322234425
 20
62.99074581986221
 30
0.0
 10
39.99409847249325
 20
62.5430305696722
 30
0.0
 10
40.54638322232526
 20
62.54303056964821
 30
0.0
  0
LINE
  5
2182
330
1F
100
AcDbEntity
  8
0
100
AcDbLine
 10
40.54638322232526
 20
62.54303056964821
 30
0.0
 11
46.20118322232525
 21
62.54303056939218
 31
0.0
  0
SPLINE
  5
2183
330
1F
100
AcDbEntity
  8
0
100
AcDbSpline
210
0.0
220
0.0
230
1.0
 70
     8
 71
     3
 72
     8
 73
     4
 74
     0
 42
0.000000001
 43
0.0000000001
 40
-77.0
 40
-77.0
 40
-77.0
 40
-77.0
 40
-76.0
 40
-76.0
 40
-76.0
 40
-76.0
 10
46.20118322232525
 20
62.54303056939218
 30
0.0
 10
46.75346797215524
 20
62.54303056936819
 30
0.0
 10
47.20118322234526
 20
62.99074581951621
 30
0.0
 10
47.20118322237024
 20
63.54303056934719
 30
0.0
  0
LINE
  5
2184
330
1F
100
AcDbEntity
  8
0
100
AcDbLine
 10
47.20118322237024
 20
63.54303056934719
 30
0.0
 11
47.20118322240026
 21
64.20503059449723
 31
0.0
  0
SPLINE
  5
2185
330
1F
100
AcDbEntity
  8
0
100
AcDbSpline
210
0.0
220
0.0
230
1.0
 70
     8
 71
     3
 72
     8
 73
     4
 74
     0
 42
0.000000001
 43
0.0000000001
 40
-75.0
 40
-75.0
 40
-75.0
 40
-75.0
 40
-74.0
 40
-74.0
 40
-74.0
 40
-74.0
 10
47.20118322240026
 20
64.20503059449723
 30
0.0
 10
47.20118322240828
 20
64.37071601943919
 30
0.0
 10
47.33549779745826
 20
64.5050305944772
 30
0.0
 10
47.50118322238725
 20
64.50503059446919
 30
0.0
  0
LINE
  5
2186
330
1F
100
AcDbEntity
  8
0
100
AcDbLine
 10
47.50118322238725
 20
64.50503059446919
 30
0.0
 11
64.12238235777426
 21
64.50503059372218
 31
0.0
  0
SPLINE
  5
2187
330
1F
100
AcDbEntity
  8
0
100
AcDbSpline
210
0.0
220
0.0
230
1.0
 70
     8
 71
     3
 72
     8
 73
     4
 74
     0
 42
0.000000001
 43
0.0000000001
 40
-73.0
 40
-73.0
 40
-73.0
 40
-73.0
 40
-72.0
 40
-72.0
 40
-72.0
 40
-72.0
 10
64.12238235777426
 20
64.50503059372218
 30
0.0
 10
64.28806778272226
 20
64.50503059371522
 30
0.0
 10
64.42238235776625
 20
64.37071601865821
 30
0.0
 10
64.42238235775926
 20
64.20503059370921
 30
0.0
  0
LINE
  5
2188
330
1F
100
AcDbEntity
  8
0
100
AcDbLine
 10
64.42238235775926
 20
64.20503059370921
 30
0.0
 11
64.42238235770725
 21
63.04303056857119
 31
0.0
  0
SPLINE
  5
2189
330
1F
100
AcDbEntity
  8
0
100
AcDbSpline
210
0.0
220
0.0
230
1.0
 70
     8
 71
     3
 72
     8
 73
     4
 74
     0
 42
0.000000001
 43
0.0000000001
 40
-71.0
 40
-71.0
 40
-71.0
 40
-71.0
 40
-70.0
 40
-70.0
 40
-70.0
 40
-70.0
 10
64.42238235770725
 20
63.04303056857119
 30
0.0
 10
64.42238235769727
 20
62.76688819365521
 30
0.0
 10
64.64623998277227
 20
62.54303056856119
 30
0.0
 10
64.92238235768727
 20
62.5430305685492
 30
0.0
  0
LINE
  5
2190
330
1F
100
AcDbEntity
  8
0
100
AcDbLine
 10
64.92238235768727
 20
62.5430305685492
 30
0.0
 11
71.57717776074527
 21
62.54303056825321
 31
0.0
  0
SPLINE
  5
2191
330
1F
100
AcDbEntity
  8
0
100
AcDbSpline
210
0.0
220
0.0
230
1.0
 70
     8
 71
     3
 72
     8
 73
     4
 74
     0
 42
0.000000001
 43
0.0000000001
 40
-69.0
 40
-69.0
 40
-69.0
 40
-69.0
 40
-68.0
 40
-68.0
 40
-68.0
 40
-68.0
 10
71.57717776074527
 20
62.54303056825321
 30
0.0
 10
71.85331834045226
 20
62.5430305682402
 30
0.0
 10
72.07717522194027
 20
62.76688539161418
 30
0.0
 10
72.07717776074327
 20
63.04302597130217
 30
0.0
  0
LINE
  5
2192
330
1F
100
AcDbEntity
  8
0
100
AcDbLine
 10
72.07717776074327
 20
63.04302597130217
 30
0.0
 11
72.07718660533925
 21
64.00503355597018
 31
0.0
  0
SPLINE
  5
2193
330
1F
100
AcDbEntity
  8
0
100
AcDbSpline
210
0.0
220
0.0
230
1.0
 70
     8
 71
     3
 72
     8
 73
     4
 74
     0
 42
0.000000001
 43
0.0000000001
 40
-67.0
 40
-67.0
 40
-67.0
 40
-67.0
 40
-66.0
 40
-66.0
 40
-66.0
 40
-66.0
 10
72.07718660533925
 20
64.00503355597018
 30
0.0
 10
72.07718660535127
 20
64.28117593088519
 30
0.0
 10
72.30104423044726
 20
64.50503355596018
 30
0.0
 10
72.57718660536226
 20
64.50503355594822
 30
0.0
  0
LINE
  5
2194
330
1F
100
AcDbEntity
  8
0
100
AcDbLine
 10
72.57718660536226
 20
64.50503355594822
 30
0.0
 11
74.20676594997345
 21
64.50502928189732
 31
0.0
  0
SPLINE
  5
2195
330
1F
100
AcDbEntity
  8
0
100
AcDbSpline
210
0.0
220
0.0
230
1.0
 70
     8
 71
     3
 72
     8
 73
     4
 74
     0
 42
0.000000001
 43
0.0000000001
 40
-64.0
 40
-64.0
 40
-64.0
 40
-64.0
 40
-63.0
 40
-63.0
 40
-63.0
 40
-63.0
 10
74.20676660536127
 20
64.5050292818972
 30
0.0
 10
74.48290898027625
 20
64.50502928189121
 30
0.0
 10
74.70676660537026
 20
64.72888690695919
 30
0.0
 10
74.70676660538325
 20
65.00502928187419
 30
0.0
  0
LINE
  5
2196
330
1F
100
AcDbEntity
  8
0
100
AcDbLine
 10
74.70676660538325
 20
65.00502928187419
 30
0.0
 11
74.70676660596727
 21
78.00503059325419
 31
0.0
  0
SPLINE
  5
2197
330
1F
100
AcDbEntity
  8
0
100
AcDbSpline
210
0.0
220
0.0
230
1.0
 70
     8
 71
     3
 72
     8
 73
     4
 74
     0
 42
0.000000001
 43
0.0000000001
 40
-62.0
 40
-62.0
 40
-62.0
 40
-62.0
 40
-61.0
 40
-61.0
 40
-61.0
 40
-61.0
 10
74.70676660596727
 20
78.00503059325419
 30
0.0
 10
74.70676660598027
 20
78.28117296816921
 30
0.0
 10
74.48290898090526
 20
78.50503059326519
 30
0.0
 10
74.20676660599027
 20
78.50503059327621
 30
0.0
  0
LINE
  5
2198
330
1F
100
AcDbEntity
  8
0
100
AcDbLine
 10
74.20676660599027
 20
78.50503059327621
 30
0.0
 11
72.57718660599026
 21
78.50503059335119
 31
0.0
  0
SPLINE
  5
2199
330
1F
100
AcDbEntity
  8
0
100
AcDbSpline
210
0.0
220
0.0
230
1.0
 70
     8
 71
     3
 72
     8
 73
     4
 74
     0
 42
0.000000001
 43
0.0000000001
 40
-60.0
 40
-60.0
 40
-60.0
 40
-60.0
 40
-59.0
 40
-59.0
 40
-59.0
 40
-59.0
 10
72.57718660599026
 20
78.50503059335119
 30
0.0
 10
72.30104224003826
 20
78.5050302385232
 30
0.0
 10
72.07718271325425
 20
78.72888919001818
 30
0.0
 10
72.07718235842726
 20
79.00503355597018
 30
0.0
  0
LINE
  5
2200
330
1F
100
AcDbEntity
  8
0
100
AcDbLine
 10
72.07718235842726
 20
79.00503355597018
 30
0.0
 11
72.07718235847124
 21
79.96703061851821
 31
0.0
  0
SPLINE
  5
2201
330
1F
100
AcDbEntity
  8
0
100
AcDbSpline
210
0.0
220
0.0
230
1.0
 70
     8
 71
     3
 72
     8
 73
     4
 74
     0
 42
0.000000001
 43
0.0000000001
 40
-58.0
 40
-58.0
 40
-58.0
 40
-58.0
 40
-57.0
 40
-57.0
 40
-57.0
 40
-57.0
 10
72.07718235847124
 20
79.96703061851821
 30
0.0
 10
72.07718235848226
 20
80.24317299343422
 30
0.0
 10
71.85332473340927
 20
80.46703061852822
 30
0.0
 10
71.57718235849426
 20
80.46703061853918
 30
0.0
  0
LINE
  5
2202
330
1F
100
AcDbEntity
  8
0
100
AcDbLine
 10
71.57718235849426
 20
80.46703061853918
 30
0.0
 11
64.92238235849026
 21
80.46703061883523
 31
0.0
  0
SPLINE
  5
2203
330
1F
100
AcDbEntity
  8
0
100
AcDbSpline
210
0.0
220
0.0
230
1.0
 70
     8
 71
     3
 72
     8
 73
     4
 74
     0
 42
0.000000001
 43
0.0000000001
 40
-56.0
 40
-56.0
 40
-56.0
 40
-56.0
 40
-55.0
 40
-55.0
 40
-55.0
 40
-55.0
 10
64.92238235849026
 20
80.46703061883523
 30
0.0
 10
64.64623998357627
 20
80.4670306188502
 30
0.0
 10
64.42238235848225
 20
80.24317299377818
 30
0.0
 10
64.42238235847026
 20
79.96703061886421
 30
0.0
  0
LINE
  5
2204
330
1F
100
AcDbEntity
  8
0
100
AcDbLine
 10
64.42238235847026
 20
79.96703061886421
 30
0.0
 11
64.42238235841725
 21
78.80503059371219
 31
0.0
  0
SPLINE
  5
2205
330
1F
100
AcDbEntity
  8
0
100
AcDbSpline
210
0.0
220
0.0
230
1.0
 70
     8
 71
     3
 72
     8
 73
     4
 74
     0
 42
0.000000001
 43
0.0000000001
 40
-54.0
 40
-54.0
 40
-54.0
 40
-54.0
 40
-53.0
 40
-53.0
 40
-53.0
 40
-53.0
 10
64.42238235841725
 20
78.80503059371219
 30
0.0
 10
64.42238235841026
 20
78.6393451687662
 30
0.0
 10
64.28806778335726
 20
78.50503059372321
 30
0.0
 10
64.12238235841025
 20
78.50503059373119
 30
0.0
  0
LINE
  5
2206
330
1F
100
AcDbEntity
  8
0
100
AcDbLine
 10
64.12238235841025
 20
78.50503059373119
 30
0.0
 11
47.50118322304226
 21
78.50503059447922
 31
0.0
  0
SPLINE
  5
2207
330
1F
100
AcDbEntity
  8
0
100
AcDbSpline
210
0.0
220
0.0
230
1.0
 70
     8
 71
     3
 72
     8
 73
     4
 74
     0
 42
0.000000001
 43
0.0000000001
 40
-52.0
 40
-52.0
 40
-52.0
 40
-52.0
 40
-51.0
 40
-51.0
 40
-51.0
 40
-51.0
 10
47.50118322304226
 20
78.50503059447922
 30
0.0
 10
47.33549779809123
 20
78.50503059448619
 30
0.0
 10
47.20118322304728
 20
78.63934516954319
 30
0.0
 10
47.20118322305526
 20
78.80503059449321
 30
0.0
  0
LINE
  5
2208
330
1F
100
AcDbEntity
  8
0
100
AcDbLine
 10
47.20118322305526
 20
78.80503059449321
 30
0.0
 11
47.20118322311026
 21
79.96703061963216
 31
0.0
  0
SPLINE
  5
2209
330
1F
100
AcDbEntity
  8
0
100
AcDbSpline
210
0.0
220
0.0
230
1.0
 70
     8
 71
     3
 72
     8
 73
     4
 74
     0
 42
0.000000001
 43
0.0000000001
 40
-50.0
 40
-50.0
 40
-50.0
 40
-50.0
 40
-49.0
 40
-49.0
 40
-49.0
 40
-49.0
 10
47.20118322311026
 20
79.96703061963216
 30
0.0
 10
47.20118322312226
 20
80.24317299454819
 30
0.0
 10
46.97732559804925
 20
80.46703061964221
 30
0.0
 10
46.70118322313524
 20
80.46703061965519
 30
0.0
  0
LINE
  5
2210
330
1F
100
AcDbEntity
  8
0
100
AcDbLine
 10
46.70118322313524
 20
80.46703061965519
 30
0.0
 11
40.04637939710116
 21
80.4670306199522
 31
0.0
  0
SPLINE
  5
2211
330
1F
100
AcDbEntity
  8
0
100
AcDbSpline
210
0.0
220
0.0
230
1.0
 70
     8
 71
     3
 72
     8
 73
     4
 74
     0
 42
0.000000001
 43
0.0000000001
 40
-47.0
 40
-47.0
 40
-47.0
 40
-47.0
 40
-46.0
 40
-46.0
 40
-46.0
 40
-46.0
 10
40.04637812201525
 20
80.4670306199462
 30
0.0
 10
39.77023574710626
 20
80.46702909056818
 30
0.0
 10
39.54637926393827
 20
80.24317044432919
 30
0.0
 10
39.54638067256127
 20
79.9670280694192
 30
0.0
  0
LINE
  5
2212
330
1F
100
AcDbEntity
  8
0
100
AcDbLine
 10
39.54638067256127
 20
79.9670280694192
 30
0.0
 11
39.54638660020226
 21
78.80499001648423
 31
0.0
  0
SPLINE
  5
2213
330
1F
100
AcDbEntity
  8
0
100
AcDbSpline
210
0.0
220
0.0
230
1.0
 70
     8
 71
     3
 72
     8
 73
     4
 74
     0
 42
0.000000001
 43
0.0000000001
 40
-45.0
 40
-45.0
 40
-45.0
 40
-45.0
 40
-44.0
 40
-44.0
 40
-44.0
 40
-44.0
 10
39.54638660020226
 20
78.80499001648423
 30
0.0
 10
39.54638744537627
 20
78.63930459153621
 30
0.0
 10
39.41207355547528
 20
78.50498933133917
 30
0.0
 10
39.24638813052826
 20
78.50498848616618
 30
0.0
  0
LINE
  5
2214
330
1F
100
AcDbEntity
  8
0
100
AcDbLine
 10
39.24638813052826
 20
78.50498848616618
 30
0.0
 11
38.82678405543226
 21
78.5049863457352
 31
0.0
  0
LINE
  5
2215
330
1F
100
AcDbEntity
  8
0
100
AcDbLine
 10
318.3785016576593
 20
103.3642689542616
 30
0.0
 11
318.3785016582203
 21
115.8457922122538
 31
0.0
  0
SPLINE
  5
2216
330
1F
100
AcDbEntity
  8
0
100
AcDbSpline
210
0.0
220
0.0
230
1.0
 70
     8
 71
     3
 72
    11
 73
     7
 74
     0
 42
0.000000001
 43
0.0000000001
 40
-7.0
 40
-7.0
 40
-7.0
 40
-7.0
 40
-5.999997503616273
 40
-5.999997503616273
 40
-5.999997503616273
 40
-5.0
 40
-5.0
 40
-5.0
 40
-5.0
 10
318.3785016582203
 20
115.8457922122538
 30
0.0
 10
318.3785016582383
 20
116.2651090328185
 30
0.0
 10
318.0385757134772
 20
116.605030583274
 30
0.0
 10
317.6192617687703
 20
116.6050305832933
 30
0.0
 10
317.1999514360514
 20
116.6050305833112
 30
0.0
 10
316.8600233977493
 20
116.2651069393407
 30
0.0
 10
316.8600233977313
 20
115.8457922123218
 30
0.0
  0
LINE
  5
2217
330
1F
100
AcDbEntity
  8
0
100
AcDbLine
 10
316.8600233977313
 20
115.8457922123218
 30
0.0
 11
316.8600233971702
 21
103.3642689543297
 31
0.0
  0
SPLINE
  5
2218
330
1F
100
AcDbEntity
  8
0
100
AcDbSpline
210
0.0
220
0.0
230
1.0
 70
     8
 71
     3
 72
    11
 73
     7
 74
     0
 42
0.000000001
 43
0.0000000001
 40
-10.0
 40
-10.0
 40
-10.0
 40
-10.0
 40
-8.999997503611155
 40
-8.999997503611155
 40
-8.999997503611155
 40
-8.0
 40
-8.0
 40
-8.0
 40
-8.0
 10
316.8600233971702
 20
103.3642689543297
 30
0.0
 10
316.8600233971503
 20
102.9449521337614
 30
0.0
 10
317.1999493419161
 20
102.6050305833094
 30
0.0
 10
317.6192632866202
 20
102.6050305832903
 30
0.0
 10
318.0385736193291
 20
102.6050305832722
 30
0.0
 10
318.3785016576402
 20
102.944954227243
 30
0.0
 10
318.3785016576593
 20
103.3642689542616
 30
0.0
  0
LINE
  5
2219
330
1F
100
AcDbEntity
  8
0
100
AcDbLine
 10
317.1192625277172
 20
78.48003058235019
 30
0.0
 11
310.5021823584003
 21
78.48003058264819
 31
0.0
  0
SPLINE
  5
2220
330
1F
100
AcDbEntity
  8
0
100
AcDbSpline
210
0.0
220
0.0
230
1.0
 70
     8
 71
     3
 72
     8
 73
     4
 74
     0
 42
0.000000001
 43
0.0000000001
 40
-32.0
 40
-32.0
 40
-32.0
 40
-32.0
 40
-31.0
 40
-31.0
 40
-31.0
 40
-31.0
 10
310.5021823584003
 20
78.48003058264819
 30
0.0
 10
310.3364969334523
 20
78.48003058265522
 30
0.0
 10
310.2021823584073
 20
78.61434515771219
 30
0.0
 10
310.2021823584142
 20
78.7800305826612
 30
0.0
  0
LINE
  5
2221
330
1F
100
AcDbEntity
  8
0
100
AcDbLine
 10
310.2021823584142
 20
78.7800305826612
 30
0.0
 11
310.2021823584673
 21
79.96703060781022
 31
0.0
  0
SPLINE
  5
2222
330
1F
100
AcDbEntity
  8
0
100
AcDbSpline
210
0.0
220
0.0
230
1.0
 70
     8
 71
     3
 72
     8
 73
     4
 74
     0
 42
0.000000001
 43
0.0000000001
 40
-62.0
 40
-62.0
 40
-62.0
 40
-62.0
 40
-61.0
 40
-61.0
 40
-61.0
 40
-61.0
 10
310.2021823584673
 20
79.96703060781022
 30
0.0
 10
310.2021823584782
 20
80.24317298272521
 30
0.0
 10
309.9783247334053
 20
80.4670306078192
 30
0.0
 10
309.7021823584912
 20
80.46703060783221
 30
0.0
  0
LINE
  5
2223
330
1F
100
AcDbEntity
  8
0
100
AcDbLine
 10
309.7021823584912
 20
80.46703060783221
 30
0.0
 11
302.2817354599772
 21
80.4670306081662
 31
0.0
  0
SPLINE
  5
2224
330
1F
100
AcDbEntity
  8
0
100
AcDbSpline
210
0.0
220
0.0
230
1.0
 70
     8
 71
     3
 72
     8
 73
     4
 74
     0
 42
0.000000001
 43
0.0000000001
 40
-60.0
 40
-60.0
 40
-60.0
 40
-60.0
 40
-59.0
 40
-59.0
 40
-59.0
 40
-59.0
 10
302.2817354599772
 20
80.4670306081662
 30
0.0
 10
302.0055930850613
 20
80.46703060817717
 30
0.0
 10
301.7817354599673
 20
80.24317298310421
 30
0.0
 10
301.7817354599553
 20
79.9670306081882
 30
0.0
  0
LINE
  5
2225
330
1F
100
AcDbEntity
  8
0
100
AcDbLine
 10
301.7817354599553
 20
79.9670306081882
 30
0.0
 11
301.7817354599032
 21
78.7800305830412
 31
0.0
  0
SPLINE
  5
2226
330
1F
100
AcDbEntity
  8
0
100
AcDbSpline
210
0.0
220
0.0
230
1.0
 70
     8
 71
     3
 72
     8
 73
     4
 74
     0
 42
0.000000001
 43
0.0000000001
 40
-58.0
 40
-58.0
 40
-58.0
 40
-58.0
 40
-57.0
 40
-57.0
 40
-57.0
 40
-57.0
 10
301.7817354599032
 20
78.7800305830412
 30
0.0
 10
301.7817354598952
 20
78.61434515809219
 30
0.0
 10
301.6474208848383
 20
78.48003058304721
 30
0.0
 10
301.4817354598883
 20
78.4800305830542
 30
0.0
  0
LINE
  5
2227
330
1F
100
AcDbEntity
  8
0
100
AcDbLine
 10
301.4817354598883
 20
78.4800305830542
 30
0.0
 11
286.1589093767649
 21
78.4800305837442
 31
0.0
  0
SPLINE
  5
2228
330
1F
100
AcDbEntity
  8
0
100
AcDbSpline
210
0.0
220
0.0
230
1.0
 70
     8
 71
     3
 72
     8
 73
     4
 74
     0
 42
0.000000001
 43
0.0000000001
 40
-56.0
 40
-56.0
 40
-56.0
 40
-56.0
 40
-55.0
 40
-55.0
 40
-55.0
 40
-55.0
 10
286.1589093767649
 20
78.4800305837442
 30
0.0
 10
285.9932239518149
 20
78.48003058375121
 30
0.0
 10
285.8589093767699
 20
78.61434515880822
 30
0.0
 10
285.8589093767788
 20
78.78003058375719
 30
0.0
  0
LINE
  5
2229
330
1F
100
AcDbEntity
  8
0
100
AcDbLine
 10
285.8589093767788
 20
78.78003058375719
 30
0.0
 11
285.8589093768318
 21
79.9670306089032
 31
0.0
  0
SPLINE
  5
2230
330
1F
100
AcDbEntity
  8
0
100
AcDbSpline
210
0.0
220
0.0
230
1.0
 70
     8
 71
     3
 72
     8
 73
     4
 74
     0
 42
0.000000001
 43
0.0000000001
 40
-54.0
 40
-54.0
 40
-54.0
 40
-54.0
 40
-53.0
 40
-53.0
 40
-53.0
 40
-53.0
 10
285.8589093768318
 20
79.9670306089032
 30
0.0
 10
285.8589093768428
 20
80.2431729838182
 30
0.0
 10
285.6350517517679
 20
80.46703060891317
 30
0.0
 10
285.3589093768538
 20
80.4670306089252
 30
0.0
  0
LINE
  5
2231
330
1F
100
AcDbEntity
  8
0
100
AcDbLine
 10
285.3589093768538
 20
80.4670306089252
 30
0.0
 11
277.9255125278059
 21
80.4670306092602
 31
0.0
  0
SPLINE
  5
2232
330
1F
100
AcDbEntity
  8
0
100
AcDbSpline
210
0.0
220
0.0
230
1.0
 70
     8
 71
     3
 72
     8
 73
     4
 74
     0
 42
0.000000001
 43
0.0000000001
 40
-52.0
 40
-52.0
 40
-52.0
 40
-52.0
 40
-51.0
 40
-51.0
 40
-51.0
 40
-51.0
 10
277.9255125278059
 20
80.4670306092602
 30
0.0
 10
277.6493701528918
 20
80.46703060927219
 30
0.0
 10
277.4255125277979
 20
80.2431729841982
 30
0.0
 10
277.4255125277848
 20
79.96703060928322
 30
0.0
  0
LINE
  5
2233
330
1F
100
AcDbEntity
  8
0
100
AcDbLine
 10
277.4255125277848
 20
79.96703060928322
 30
0.0
 11
277.4255125270238
 21
63.04303055899822
 31
0.0
  0
SPLINE
  5
2234
330
1F
100
AcDbEntity
  8
0
100
AcDbSpline
210
0.0
220
0.0
230
1.0
 70
     8
 71
     3
 72
     8
 73
     4
 74
     0
 42
0.000000001
 43
0.0000000001
 40
-50.0
 40
-50.0
 40
-50.0
 40
-50.0
 40
-49.0
 40
-49.0
 40
-49.0
 40
-49.0
 10
277.4255125270238
 20
63.04303055899822
 30
0.0
 10
277.4255125270118
 20
62.7668881840832
 30
0.0
 10
277.6493701520859
 20
62.54303055898922
 30
0.0
 10
277.9255125270009
 20
62.5430305589762
 30
0.0
  0
LINE
  5
2235
330
1F
100
AcDbEntity
  8
0
100
AcDbLine
 10
277.9255125270009
 20
62.5430305589762
 30
0.0
 11
285.3589093760499
 21
62.5430305586442
 31
0.0
  0
SPLINE
  5
2236
330
1F
100
AcDbEntity
  8
0
100
AcDbSpline
210
0.0
220
0.0
230
1.0
 70
     8
 71
     3
 72
     8
 73
     4
 74
     0
 42
0.000000001
 43
0.0000000001
 40
-48.0
 40
-48.0
 40
-48.0
 40
-48.0
 40
-47.0
 40
-47.0
 40
-47.0
 40
-47.0
 10
285.3589093760499
 20
62.5430305586442
 30
0.0
 10
285.6350517509649
 20
62.54303055863022
 30
0.0
 10
285.8589093760589
 20
62.76688818370522
 30
0.0
 10
285.8589093760718
 20
63.0430305586182
 30
0.0
  0
LINE
  5
2237
330
1F
100
AcDbEntity
  8
0
100
AcDbLine
 10
285.8589093760718
 20
63.0430305586182
 30
0.0
 11
285.8589093761248
 21
64.23003058376318
 31
0.0
  0
SPLINE
  5
2238
330
1F
100
AcDbEntity
  8
0
100
AcDbSpline
210
0.0
220
0.0
230
1.0
 70
     8
 71
     3
 72
     8
 73
     4
 74
     0
 42
0.000000001
 43
0.0000000001
 40
-46.0
 40
-46.0
 40
-46.0
 40
-46.0
 40
-45.0
 40
-45.0
 40
-45.0
 40
-45.0
 10
285.8589093761248
 20
64.23003058376318
 30
0.0
 10
285.8589093761318
 20
64.39571600871119
 30
0.0
 10
285.9932239511888
 20
64.5300305837562
 30
0.0
 10
286.1589093761379
 20
64.53003058374822
 30
0.0
  0
LINE
  5
2239
330
1F
100
AcDbEntity
  8
0
100
AcDbLine
 10
286.1589093761379
 20
64.53003058374822
 30
0.0
 11
301.4701412560413
 21
64.5300305830612
 31
0.0
  0
SPLINE
  5
2240
330
1F
100
AcDbEntity
  8
0
100
AcDbSpline
210
0.0
220
0.0
230
1.0
 70
     8
 71
     3
 72
     8
 73
     4
 74
     0
 42
0.000000001
 43
0.0000000001
 40
-44.0
 40
-44.0
 40
-44.0
 40
-44.0
 40
-43.0
 40
-43.0
 40
-43.0
 40
-43.0
 10
301.4701412560413
 20
64.5300305830612
 30
0.0
 10
301.6358266809892
 20
64.53003058305319
 30
0.0
 10
301.7701412560342
 20
64.39571600799621
 30
0.0
 10
301.7701412560283
 20
64.23003058304721
 30
0.0
  0
LINE
  5
2241
330
1F
100
AcDbEntity
  8
0
100
AcDbLine
 10
301.7701412560283
 20
64.23003058304721
 30
0.0
 11
301.7701412559753
 21
63.04303055790419
 31
0.0
  0
SPLINE
  5
2242
330
1F
100
AcDbEntity
  8
0
100
AcDbSpline
210
0.0
220
0.0
230
1.0
 70
     8
 71
     3
 72
     8
 73
     4
 74
     0
 42
0.000000001
 43
0.0000000001
 40
-42.0
 40
-42.0
 40
-42.0
 40
-42.0
 40
-41.0
 40
-41.0
 40
-41.0
 40
-41.0
 10
301.7701412559753
 20
63.04303055790419
 30
0.0
 10
301.7701412559623
 20
62.76688818298919
 30
0.0
 10
301.9939988810372
 20
62.5430305578962
 30
0.0
 10
302.2701412559513
 20
62.54303055788319
 30
0.0
  0
LINE
  5
2243
330
1F
100
AcDbEntity
  8
0
100
AcDbLine
 10
302.2701412559513
 20
62.54303055788319
 30
0.0
 11
309.7021823576883
 21
62.5430305575492
 31
0.0
  0
SPLINE
  5
2244
330
1F
100
AcDbEntity
  8
0
100
AcDbSpline
210
0.0
220
0.0
230
1.0
 70
     8
 71
     3
 72
     8
 73
     4
 74
     0
 42
0.000000001
 43
0.0000000001
 40
-40.0
 40
-40.0
 40
-40.0
 40
-40.0
 40
-39.0
 40
-39.0
 40
-39.0
 40
-39.0
 10
309.7021823576883
 20
62.5430305575492
 30
0.0
 10
309.9783247326032
 20
62.54303055753618
 30
0.0
 10
310.2021823576962
 20
62.76688818261021
 30
0.0
 10
310.2021823577083
 20
63.04303055752521
 30
0.0
  0
LINE
  5
2245
330
1F
100
AcDbEntity
  8
0
100
AcDbLine
 10
310.2021823577083
 20
63.04303055752521
 30
0.0
 11
310.2021823577613
 21
64.23003058266818
 31
0.0
  0
SPLINE
  5
2246
330
1F
100
AcDbEntity
  8
0
100
AcDbSpline
210
0.0
220
0.0
230
1.0
 70
     8
 71
     3
 72
     8
 73
     4
 74
     0
 42
0.000000001
 43
0.0000000001
 40
-38.0
 40
-38.0
 40
-38.0
 40
-38.0
 40
-37.0
 40
-37.0
 40
-37.0
 40
-37.0
 10
310.2021823577613
 20
64.23003058266818
 30
0.0
 10
310.2021823577683
 20
64.39571600761718
 30
0.0
 10
310.3364969328252
 20
64.53003058266318
 30
0.0
 10
310.5021823577743
 20
64.53003058265522
 30
0.0
  0
LINE
  5
2247
330
1F
100
AcDbEntity
  8
0
100
AcDbLine
 10
310.5021823577743
 20
64.53003058265522
 30
0.0
 11
317.1192625270913
 21
64.5300305823572
 31
0.0
  0
SPLINE
  5
2248
330
1F
100
AcDbEntity
  8
0
100
AcDbSpline
210
0.0
220
0.0
230
1.0
 70
     8
 71
     3
 72
     8
 73
     4
 74
     0
 42
0.000000001
 43
0.0000000001
 40
-36.0
 40
-36.0
 40
-36.0
 40
-36.0
 40
-35.0
 40
-35.0
 40
-35.0
 40
-35.0
 10
317.1192625270913
 20
64.5300305823572
 30
0.0
 10
317.3954049020073
 20
64.53003058234521
 30
0.0
 10
317.6192625271012
 20
64.75388820741921
 30
0.0
 10
317.6192625271143
 20
65.0300305823362
 30
0.0
  0
LINE
  5
2249
330
1F
100
AcDbEntity
  8
0
100
AcDbLine
 10
317.6192625271143
 20
65.0300305823362
 30
0.0
 11
317.6192625276952
 21
77.98003058232817
 31
0.0
  0
SPLINE
  5
2250
330
1F
100
AcDbEntity
  8
0
100
AcDbSpline
210
0.0
220
0.0
230
1.0
 70
     8
 71
     3
 72
     8
 73
     4
 74
     0
 42
0.000000001
 43
0.0000000001
 40
-34.0
 40
-34.0
 40
-34.0
 40
-34.0
 40
-33.0
 40
-33.0
 40
-33.0
 40
-33.0
 10
317.6192625276952
 20
77.98003058232817
 30
0.0
 10
317.6192625277072
 20
78.25617295724319
 30
0.0
 10
317.3954049026332
 20
78.48003058233718
 30
0.0
 10
317.1192625277172
 20
78.48003058235019
 30
0.0
  0
SPLINE
  5
2251
330
1F
100
AcDbEntity
  8
0
100
AcDbSpline
210
0.0
220
0.0
230
1.0
 70
     8
 71
     3
 72
     8
 73
     4
 74
     0
 42
0.000000001
 43
0.0000000001
 40
-14.0
 40
-14.0
 40
-14.0
 40
-14.0
 40
-13.0
 40
-13.0
 40
-13.0
 40
-13.0
 10
174.751543416484
 20
158.9675305887562
 30
0.0
 10
174.7515434164961
 20
159.2436729636712
 30
0.0
 10
174.5276857914213
 20
159.4675305887662
 30
0.0
 10
174.251543416506
 20
159.4675305887782
 30
0.0
  0
LINE
  5
2252
330
1F
100
AcDbEntity
  8
0
100
AcDbLine
 10
174.251543416506
 20
159.4675305887782
 30
0.0
 11
161.2515434165062
 21
159.4675305893632
 31
0.0
  0
SPLINE
  5
2253
330
1F
100
AcDbEntity
  8
0
100
AcDbSpline
210
0.0
220
0.0
230
1.0
 70
     8
 71
     3
 72
     8
 73
     4
 74
     0
 42
0.000000001
 43
0.0000000001
 40
6.0
 40
6.0
 40
6.0
 40
6.0
 40
7.0
 40
7.0
 40
7.0
 40
7.0
 10
161.2515434165062
 20
159.4675305893632
 30
0.0
 10
160.975401041591
 20
159.4675305893752
 30
0.0
 10
160.7515434164956
 20
159.2436729643002
 30
0.0
 10
160.7515434164834
 20
158.9675305893852
 30
0.0
  0
LINE
  5
2254
330
1F
100
AcDbEntity
  8
0
100
AcDbLine
 10
160.7515434164834
 20
158.9675305893852
 30
0.0
 11
160.7515434158995
 21
145.9675305893852
 31
0.0
  0
SPLINE
  5
2255
330
1F
100
AcDbEntity
  8
0
100
AcDbSpline
210
0.0
220
0.0
230
1.0
 70
     8
 71
     3
 72
     8
 73
     4
 74
     0
 42
0.000000001
 43
0.0000000001
 40
8.0
 40
8.0
 40
8.0
 40
8.0
 40
9.0
 40
9.0
 40
9.0
 40
9.0
 10
160.7515434158995
 20
145.9675305893852
 30
0.0
 10
160.7515434158873
 20
145.6913882144702
 30
0.0
 10
160.9754010409609
 20
145.4675305893742
 30
0.0
 10
161.2515434158773
 20
145.4675305893612
 30
0.0
  0
LINE
  5
2256
330
1F
100
AcDbEntity
  8
0
100
AcDbLine
 10
161.2515434158773
 20
145.4675305893612
 30
0.0
 11
174.2515434158772
 21
145.4675305887792
 31
0.0
  0
SPLINE
  5
2257
330
1F
100
AcDbEntity
  8
0
100
AcDbSpline
210
0.0
220
0.0
230
1.0
 70
     8
 71
     3
 72
     8
 73
     4
 74
     0
 42
0.000000001
 43
0.0000000001
 40
10.0
 40
10.0
 40
10.0
 40
10.0
 40
11.0
 40
11.0
 40
11.0
 40
11.0
 10
174.2515434158772
 20
145.4675305887792
 30
0.0
 10
174.5276857907923
 20
145.4675305887672
 30
0.0
 10
174.7515434158878
 20
145.6913882138412
 30
0.0
 10
174.7515434158999
 20
145.9675305887562
 30
0.0
  0
LINE
  5
2258
330
1F
100
AcDbEntity
  8
0
100
AcDbLine
 10
174.7515434158999
 20
145.9675305887562
 30
0.0
 11
174.751543416484
 21
158.9675305887562
 31
0.0
  0
LINE
  5
2259
330
1F
100
AcDbEntity
  8
0
100
AcDbLine
 10
83.75676252857326
 20
97.55503059356023
 30
0.0
 11
70.75676252857427
 21
97.55503059414287
 31
0.0
  0
SPLINE
  5
2260
330
1F
100
AcDbEntity
  8
0
100
AcDbSpline
210
0.0
220
0.0
230
1.0
 70
     8
 71
     3
 72
     8
 73
     4
 74
     0
 42
0.000000001
 43
0.0000000001
 40
-8.0
 40
-8.0
 40
-8.0
 40
-8.0
 40
-7.0
 40
-7.0
 40
-7.0
 40
-7.0
 10
70.75676252857427
 20
97.55503059414287
 30
0.0
 10
70.48062015365926
 20
97.5550305941558
 30
0.0
 10
70.25676252856327
 20
97.3311729690808
 30
0.0
 10
70.25676252855126
 20
97.05503059416569
 30
0.0
  0
LINE
  5
2261
330
1F
100
AcDbEntity
  8
0
100
AcDbLine
 10
70.25676252855126
 20
97.05503059416569
 30
0.0
 11
70.25676252796826
 21
84.05503059416579
 31
0.0
  0
SPLINE
  5
2262
330
1F
100
AcDbEntity
  8
0
100
AcDbSpline
210
0.0
220
0.0
230
1.0
 70
     8
 71
     3
 72
     8
 73
     4
 74
     0
 42
0.000000001
 43
0.0000000001
 40
-14.0
 40
-14.0
 40
-14.0
 40
-14.0
 40
-13.0
 40
-13.0
 40
-13.0
 40
-13.0
 10
70.25676252796826
 20
84.05503059416579
 30
0.0
 10
70.25676252795526
 20
83.77888821925072
 30
0.0
 10
70.48062015302926
 20
83.55503059415648
 30
0.0
 10
70.75676252794527
 20
83.55503059414372
 30
0.0
  0
LINE
  5
2263
330
1F
100
AcDbEntity
  8
0
100
AcDbLine
 10
70.75676252794527
 20
83.55503059414372
 30
0.0
 11
83.75676252794425
 21
83.55503059355971
 31
0.0
  0
SPLINE
  5
2264
330
1F
100
AcDbEntity
  8
0
100
AcDbSpline
210
0.0
220
0.0
230
1.0
 70
     8
 71
     3
 72
     8
 73
     4
 74
     0
 42
0.000000001
 43
0.0000000001
 40
-12.0
 40
-12.0
 40
-12.0
 40
-12.0
 40
-11.0
 40
-11.0
 40
-11.0
 40
-11.0
 10
83.75676252794425
 20
83.55503059355971
 30
0.0
 10
84.03290490285925
 20
83.5550305935482
 30
0.0
 10
84.25676252795426
 20
83.77888821862308
 30
0.0
 10
84.25676252796725
 20
84.05503059353828
 30
0.0
  0
LINE
  5
2265
330
1F
100
AcDbEntity
  8
0
100
AcDbLine
 10
84.25676252796725
 20
84.05503059353828
 30
0.0
 11
84.25676252855126
 21
97.05503059353681
 31
0.0
  0
SPLINE
  5
2266
330
1F
100
AcDbEntity
  8
0
100
AcDbSpline
210
0.0
220
0.0
230
1.0
 70
     8
 71
     3
 72
     8
 73
     4
 74
     0
 42
0.000000001
 43
0.0000000001
 40
-10.0
 40
-10.0
 40
-10.0
 40
-10.0
 40
-9.0
 40
-9.0
 40
-9.0
 40
-9.0
 10
84.25676252855126
 20
97.05503059353681
 30
0.0
 10
84.25676252856327
 20
97.33117296845321
 30
0.0
 10
84.03290490348926
 20
97.55503059354872
 30
0.0
 10
83.75676252857326
 20
97.55503059356023
 30
0.0
  0
LINE
  5
2267
330
1F
100
AcDbEntity
  8
0
100
AcDbLine
 10
58.56428252857426
 20
97.55503059356023
 30
0.0
 11
38.80178252857528
 21
97.55503059414287
 31
0.0
  0
SPLINE
  5
2268
330
1F
100
AcDbEntity
  8
0
100
AcDbSpline
210
0.0
220
0.0
230
1.0
 70
     8
 71
     3
 72
     8
 73
     4
 74
     0
 42
0.000000001
 43
0.0000000001
 40
-8.0
 40
-8.0
 40
-8.0
 40
-8.0
 40
-7.0
 40
-7.0
 40
-7.0
 40
-7.0
 10
38.80178252857528
 20
97.55503059414287
 30
0.0
 10
38.52564015366025
 20
97.5550305941558
 30
0.0
 10
38.30178252856425
 20
97.3311729690808
 30
0.0
 10
38.30178252855126
 20
97.05503059416569
 30
0.0
  0
LINE
  5
2269
330
1F
100
AcDbEntity
  8
0
100
AcDbLine
 10
38.30178252855126
 20
97.05503059416569
 30
0.0
 11
38.30178252796827
 21
84.05503059416579
 31
0.0
  0
SPLINE
  5
2270
330
1F
100
AcDbEntity
  8
0
100
AcDbSpline
210
0.0
220
0.0
230
1.0
 70
     8
 71
     3
 72
     8
 73
     4
 74
     0
 42
0.000000001
 43
0.0000000001
 40
-14.0
 40
-14.0
 40
-14.0
 40
-14.0
 40
-13.0
 40
-13.0
 40
-13.0
 40
-13.0
 10
38.30178252796827
 20
84.05503059416579
 30
0.0
 10
38.30178252795525
 20
83.77888821925072
 30
0.0
 10
38.52564015303025
 20
83.55503059415648
 30
0.0
 10
38.80178252794536
 20
83.55503059414372
 30
0.0
  0
LINE
  5
2271
330
1F
100
AcDbEntity
  8
0
100
AcDbLine
 10
38.80178252794536
 20
83.55503059414372
 30
0.0
 11
58.56428252794626
 21
83.55503059355971
 31
0.0
  0
SPLINE
  5
2272
330
1F
100
AcDbEntity
  8
0
100
AcDbSpline
210
0.0
220
0.0
230
1.0
 70
     8
 71
     3
 72
     8
 73
     4
 74
     0
 42
0.000000001
 43
0.0000000001
 40
-12.0
 40
-12.0
 40
-12.0
 40
-12.0
 40
-11.0
 40
-11.0
 40
-11.0
 40
-11.0
 10
58.56428252794626
 20
83.55503059355971
 30
0.0
 10
58.84042490286126
 20
83.5550305935482
 30
0.0
 10
59.06428252795627
 20
83.77888821862308
 30
0.0
 10
59.06428252796826
 20
84.05503059353828
 30
0.0
  0
LINE
  5
2273
330
1F
100
AcDbEntity
  8
0
100
AcDbLine
 10
59.06428252796826
 20
84.05503059353828
 30
0.0
 11
59.06428252855227
 21
97.05503059353681
 31
0.0
  0
SPLINE
  5
2274
330
1F
100
AcDbEntity
  8
0
100
AcDbSpline
210
0.0
220
0.0
230
1.0
 70
     8
 71
     3
 72
     8
 73
     4
 74
     0
 42
0.000000001
 43
0.0000000001
 40
-10.0
 40
-10.0
 40
-10.0
 40
-10.0
 40
-9.0
 40
-9.0
 40
-9.0
 40
-9.0
 10
59.06428252855227
 20
97.05503059353681
 30
0.0
 10
59.06428252856525
 20
97.33117296845321
 30
0.0
 10
58.84042490349125
 20
97.55503059354872
 30
0.0
 10
58.56428252857426
 20
97.55503059356023
 30
0.0
  0
SPLINE
  5
2275
330
1F
100
AcDbEntity
  8
0
100
AcDbSpline
210
0.0
220
0.0
230
1.0
 70
     8
 71
     3
 72
     8
 73
     4
 74
     0
 42
0.000000001
 43
0.0000000001
 40
-9.0
 40
-9.0
 40
-9.0
 40
-9.0
 40
-8.0
 40
-8.0
 40
-8.0
 40
-8.0
 10
67.75317487923925
 20
83.55503059299246
 30
0.0
 10
68.22377790308826
 20
83.55503059258309
 30
0.0
 10
68.60527703112926
 20
83.9365297212481
 30
0.0
 10
68.60527702995027
 20
84.4071327450969
 30
0.0
  0
LINE
  5
2276
330
1F
100
AcDbEntity
  8
0
100
AcDbLine
 10
68.60527702995027
 20
84.4071327450969
 30
0.0
 11
68.60527699912727
 21
96.70292844588738
 31
0.0
  0
SPLINE
  5
2277
330
1F
100
AcDbEntity
  8
0
100
AcDbSpline
210
0.0
220
0.0
230
1.0
 70
     8
 71
     3
 72
     8
 73
     4
 74
     0
 42
0.000000001
 43
0.0000000001
 40
15.0
 40
15.0
 40
15.0
 40
15.0
 40
16.0
 40
16.0
 40
16.0
 40
16.0
 10
68.60527699912727
 20
96.70292844588738
 30
0.0
 10
68.60527699794727
 20
97.17353146772508
 30
0.0
 10
68.22377787113325
 20
97.55503059364372
 30
0.0
 10
67.75317484929527
 20
97.55503059371941
 30
0.0
  0
LINE
  5
2278
330
1F
100
AcDbEntity
  8
0
100
AcDbLine
 10
67.75317484929527
 20
97.55503059371941
 30
0.0
 11
61.56787020854725
 21
97.5550305947115
 31
0.0
  0
SPLINE
  5
2279
330
1F
100
AcDbEntity
  8
0
100
AcDbSpline
210
0.0
220
0.0
230
1.0
 70
     8
 71
     3
 72
     8
 73
     4
 74
     0
 42
0.000000001
 43
0.0000000001
 40
-13.0
 40
-13.0
 40
-13.0
 40
-13.0
 40
-12.0
 40
-12.0
 40
-12.0
 40
-12.0
 10
61.56787020854725
 20
97.5550305947115
 30
0.0
 10
61.09726718663225
 20
97.55503059478588
 30
0.0
 10
60.71576805966327
 20
97.17353146886736
 30
0.0
 10
60.71576805844324
 20
96.70292844695129
 30
0.0
  0
LINE
  5
2280
330
1F
100
AcDbEntity
  8
0
100
AcDbLine
 10
60.71576805844324
 20
96.70292844695129
 30
0.0
 11
60.71576802656927
 21
84.4071327505539
 31
0.0
  0
SPLINE
  5
2281
330
1F
100
AcDbEntity
  8
0
100
AcDbSpline
210
0.0
220
0.0
230
1.0
 70
     8
 71
     3
 72
     8
 73
     4
 74
     0
 42
0.000000001
 43
0.0000000001
 40
-11.0
 40
-11.0
 40
-11.0
 40
-11.0
 40
-10.0
 40
-10.0
 40
-10.0
 40
-10.0
 10
60.71576802656927
 20
84.4071327505539
 30
0.0
 10
60.71576802535026
 20
83.9365297272557
 30
0.0
 10
61.09726715249826
 20
83.55503059878699
 30
0.0
 10
61.56787017579526
 20
83.55503059837756
 30
0.0
  0
LINE
  5
2282
330
1F
100
AcDbEntity
  8
0
100
AcDbLine
 10
61.56787017579526
 20
83.55503059837756
 30
0.0
 11
67.75317487923925
 21
83.55503059299246
 31
0.0
  0
SPLINE
  5
2283
330
1F
100
AcDbEntity
  8
0
100
AcDbSpline
210
0.0
220
0.0
230
1.0
 70
     8
 71
     3
 72
     8
 73
     4
 74
     0
 42
0.000000001
 43
0.0000000001
 40
-8.0
 40
-8.0
 40
-8.0
 40
-8.0
 40
-7.0
 40
-7.0
 40
-7.0
 40
-7.0
 10
85.55729003478425
 20
45.45502162700517
 30
0.0
 10
86.10957478455226
 20
45.45502162700517
 30
0.0
 10
86.55729003464028
 20
45.90273687717922
 30
0.0
 10
86.55729003453426
 20
46.45502162694822
 30
0.0
  0
LINE
  5
2284
330
1F
100
AcDbEntity
  8
0
100
AcDbLine
 10
86.55729003453426
 20
46.45502162694822
 30
0.0
 11
86.55729003222825
 21
58.4550254578902
 31
0.0
  0
SPLINE
  5
2285
330
1F
100
AcDbEntity
  8
0
100
AcDbSpline
210
0.0
220
0.0
230
1.0
 70
     8
 71
     3
 72
     8
 73
     4
 74
     0
 42
0.000000001
 43
0.0000000001
 40
-6.0
 40
-6.0
 40
-6.0
 40
-6.0
 40
-5.0
 40
-5.0
 40
-5.0
 40
-5.0
 10
86.55729003222825
 20
58.4550254578902
 30
0.0
 10
86.55729003212227
 20
59.00731020705823
 30
0.0
 10
86.10957478279827
 20
59.45502545681319
 30
0.0
 10
85.55729003363026
 20
59.45502545744819
 30
0.0
  0
LINE
  5
2286
330
1F
100
AcDbEntity
  8
0
100
AcDbLine
 10
85.55729003363026
 20
59.45502545744819
 30
0.0
 11
83.24333675556426
 21
59.45502546011519
 31
0.0
  0
SPLINE
  5
2287
330
1F
100
AcDbEntity
  8
0
100
AcDbSpline
210
0.0
220
0.0
230
1.0
 70
     8
 71
     3
 72
     8
 73
     4
 74
     0
 42
0.000000001
 43
0.0000000001
 40
-4.0
 40
-4.0
 40
-4.0
 40
-4.0
 40
-3.0
 40
-3.0
 40
-3.0
 40
-3.0
 10
83.24333675556426
 20
59.45502546011519
 30
0.0
 10
82.69105200549525
 20
59.45502546075118
 30
0.0
 10
82.24333675476627
 20
59.00731021062322
 30
0.0
 10
82.24333675466226
 20
58.4550254605542
 30
0.0
  0
LINE
  5
2288
330
1F
100
AcDbEntity
  8
0
100
AcDbLine
 10
82.24333675466226
 20
58.4550254605542
 30
0.0
 11
82.24333675238424
 21
46.45502162694521
 31
0.0
  0
SPLINE
  5
2289
330
1F
100
AcDbEntity
  8
0
100
AcDbSpline
210
0.0
220
0.0
230
1.0
 70
     8
 71
     3
 72
     8
 73
     4
 74
     0
 42
0.000000001
 43
0.0000000001
 40
-2.0
 40
-2.0
 40
-2.0
 40
-2.0
 40
-1.0
 40
-1.0
 40
-1.0
 40
-1.0
 10
82.24333675238424
 20
46.45502162694521
 30
0.0
 10
82.24333675228027
 20
45.9027368771782
 30
0.0
 10
82.69105200236825
 20
45.45502162700517
 30
0.0
 10
83.24333675213527
 20
45.45502162700517
 30
0.0
  0
LINE
  5
2290
330
1F
100
AcDbEntity
  8
0
100
AcDbLine
 10
83.24333675213527
 20
45.45502162700517
 30
0.0
 11
85.55729003478425
 21
45.45502162700517
 31
0.0
  0
SPLINE
  5
2291
330
1F
100
AcDbEntity
  8
0
100
AcDbSpline
210
0.0
220
0.0
230
1.0
 70
     8
 71
     3
 72
     8
 73
     4
 74
     0
 42
0.000000001
 43
0.0000000001
 40
-8.0
 40
-8.0
 40
-8.0
 40
-8.0
 40
-7.0
 40
-7.0
 40
-7.0
 40
-7.0
 10
110.6198766701529
 20
45.45502162700517
 30
0.0
 10
111.1721614199208
 20
45.45502162700517
 30
0.0
 10
111.6198766700092
 20
45.90273687717922
 30
0.0
 10
111.6198766699031
 20
46.45502162694822
 30
0.0
  0
LINE
  5
2292
330
1F
100
AcDbEntity
  8
0
100
AcDbLine
 10
111.6198766699031
 20
46.45502162694822
 30
0.0
 11
111.6198766675974
 21
58.4550254578902
 31
0.0
  0
SPLINE
  5
2293
330
1F
100
AcDbEntity
  8
0
100
AcDbSpline
210
0.0
220
0.0
230
1.0
 70
     8
 71
     3
 72
     8
 73
     4
 74
     0
 42
0.000000001
 43
0.0000000001
 40
-6.0
 40
-6.0
 40
-6.0
 40
-6.0
 40
-5.0
 40
-5.0
 40
-5.0
 40
-5.0
 10
111.6198766675974
 20
58.4550254578902
 30
0.0
 10
111.6198766674912
 20
59.00731020705823
 30
0.0
 10
111.1721614181673
 20
59.45502545681319
 30
0.0
 10
110.6198766689995
 20
59.45502545744819
 30
0.0
  0
LINE
  5
2294
330
1F
100
AcDbEntity
  8
0
100
AcDbLine
 10
110.6198766689995
 20
59.45502545744819
 30
0.0
 11
108.3059233909329
 21
59.45502546011519
 31
0.0
  0
SPLINE
  5
2295
330
1F
100
AcDbEntity
  8
0
100
AcDbSpline
210
0.0
220
0.0
230
1.0
 70
     8
 71
     3
 72
     8
 73
     4
 74
     0
 42
0.000000001
 43
0.0000000001
 40
-4.0
 40
-4.0
 40
-4.0
 40
-4.0
 40
-3.0
 40
-3.0
 40
-3.0
 40
-3.0
 10
108.3059233909329
 20
59.45502546011519
 30
0.0
 10
107.7536386408642
 20
59.45502546075118
 30
0.0
 10
107.3059233901356
 20
59.00731021062322
 30
0.0
 10
107.3059233900307
 20
58.4550254605542
 30
0.0
  0
LINE
  5
2296
330
1F
100
AcDbEntity
  8
0
100
AcDbLine
 10
107.3059233900307
 20
58.4550254605542
 30
0.0
 11
107.3059233877536
 21
46.45502162694521
 31
0.0
  0
SPLINE
  5
2297
330
1F
100
AcDbEntity
  8
0
100
AcDbSpline
210
0.0
220
0.0
230
1.0
 70
     8
 71
     3
 72
     8
 73
     4
 74
     0
 42
0.000000001
 43
0.0000000001
 40
-2.0
 40
-2.0
 40
-2.0
 40
-2.0
 40
-1.0
 40
-1.0
 40
-1.0
 40
-1.0
 10
107.3059233877536
 20
46.45502162694521
 30
0.0
 10
107.3059233876487
 20
45.9027368771782
 30
0.0
 10
107.753638637737
 20
45.45502162700517
 30
0.0
 10
108.3059233875037
 20
45.45502162700517
 30
0.0
  0
LINE
  5
2298
330
1F
100
AcDbEntity
  8
0
100
AcDbLine
 10
108.3059233875037
 20
45.45502162700517
 30
0.0
 11
110.6198766701529
 21
45.45502162700517
 31
0.0
  0
SPLINE
  5
2299
330
1F
100
AcDbEntity
  8
0
100
AcDbSpline
210
0.0
220
0.0
230
1.0
 70
     8
 71
     3
 72
     8
 73
     4
 74
     0
 42
0.000000001
 43
0.0000000001
 40
-8.0
 40
-8.0
 40
-8.0
 40
-8.0
 40
-7.0
 40
-7.0
 40
-7.0
 40
-7.0
 10
246.2322641701469
 20
45.45502162700517
 30
0.0
 10
246.7845489199149
 20
45.45502162700517
 30
0.0
 10
247.2322641700039
 20
45.90273687717922
 30
0.0
 10
247.2322641698978
 20
46.45502162694822
 30
0.0
  0
LINE
  5
2300
330
1F
100
AcDbEntity
  8
0
100
AcDbLine
 10
247.2322641698978
 20
46.45502162694822
 30
0.0
 11
247.2322641675908
 21
58.4550254578902
 31
0.0
  0
SPLINE
  5
2301
330
1F
100
AcDbEntity
  8
0
100
AcDbSpline
210
0.0
220
0.0
230
1.0
 70
     8
 71
     3
 72
     8
 73
     4
 74
     0
 42
0.000000001
 43
0.0000000001
 40
-6.0
 40
-6.0
 40
-6.0
 40
-6.0
 40
-5.0
 40
-5.0
 40
-5.0
 40
-5.0
 10
247.2322641675908
 20
58.4550254578902
 30
0.0
 10
247.2322641674859
 20
59.00731020705823
 30
0.0
 10
246.7845489181619
 20
59.45502545681319
 30
0.0
 10
246.2322641689939
 20
59.45502545744819
 30
0.0
  0
LINE
  5
2302
330
1F
100
AcDbEntity
  8
0
100
AcDbLine
 10
246.2322641689939
 20
59.45502545744819
 30
0.0
 11
243.9183108909269
 21
59.45502546011519
 31
0.0
  0
SPLINE
  5
2303
330
1F
100
AcDbEntity
  8
0
100
AcDbSpline
210
0.0
220
0.0
230
1.0
 70
     8
 71
     3
 72
     8
 73
     4
 74
     0
 42
0.000000001
 43
0.0000000001
 40
-4.0
 40
-4.0
 40
-4.0
 40
-4.0
 40
-3.0
 40
-3.0
 40
-3.0
 40
-3.0
 10
243.9183108909269
 20
59.45502546011519
 30
0.0
 10
243.3660261408578
 20
59.45502546075118
 30
0.0
 10
242.9183108901299
 20
59.00731021062322
 30
0.0
 10
242.9183108900259
 20
58.4550254605542
 30
0.0
  0
LINE
  5
2304
330
1F
100
AcDbEntity
  8
0
100
AcDbLine
 10
242.9183108900259
 20
58.4550254605542
 30
0.0
 11
242.9183108877479
 21
46.45502162694521
 31
0.0
  0
SPLINE
  5
2305
330
1F
100
AcDbEntity
  8
0
100
AcDbSpline
210
0.0
220
0.0
230
1.0
 70
     8
 71
     3
 72
     8
 73
     4
 74
     0
 42
0.000000001
 43
0.0000000001
 40
-2.0
 40
-2.0
 40
-2.0
 40
-2.0
 40
-1.0
 40
-1.0
 40
-1.0
 40
-1.0
 10
242.9183108877479
 20
46.45502162694521
 30
0.0
 10
242.9183108876439
 20
45.9027368771782
 30
0.0
 10
243.3660261377319
 20
45.45502162700517
 30
0.0
 10
243.9183108874979
 20
45.45502162700517
 30
0.0
  0
LINE
  5
2306
330
1F
100
AcDbEntity
  8
0
100
AcDbLine
 10
243.9183108874979
 20
45.45502162700517
 30
0.0
 11
246.2322641701469
 21
45.45502162700517
 31
0.0
  0
SPLINE
  5
2307
330
1F
100
AcDbEntity
  8
0
100
AcDbSpline
210
0.0
220
0.0
230
1.0
 70
     8
 71
     3
 72
     8
 73
     4
 74
     0
 42
0.000000001
 43
0.0000000001
 40
-8.0
 40
-8.0
 40
-8.0
 40
-8.0
 40
-7.0
 40
-7.0
 40
-7.0
 40
-7.0
 10
271.2951127665489
 20
45.45502162700517
 30
0.0
 10
271.8473975163158
 20
45.45502162700517
 30
0.0
 10
272.2951127664048
 20
45.90273687717922
 30
0.0
 10
272.2951127662989
 20
46.45502162694822
 30
0.0
  0
LINE
  5
2308
330
1F
100
AcDbEntity
  8
0
100
AcDbLine
 10
272.2951127662989
 20
46.45502162694822
 30
0.0
 11
272.2951127639929
 21
58.4550254578902
 31
0.0
  0
SPLINE
  5
2309
330
1F
100
AcDbEntity
  8
0
100
AcDbSpline
210
0.0
220
0.0
230
1.0
 70
     8
 71
     3
 72
     8
 73
     4
 74
     0
 42
0.000000001
 43
0.0000000001
 40
-6.0
 40
-6.0
 40
-6.0
 40
-6.0
 40
-5.0
 40
-5.0
 40
-5.0
 40
-5.0
 10
272.2951127639929
 20
58.4550254578902
 30
0.0
 10
272.2951127638869
 20
59.00731020705823
 30
0.0
 10
271.8473975145628
 20
59.45502545681319
 30
0.0
 10
271.2951127653948
 20
59.45502545744819
 30
0.0
  0
LINE
  5
2310
330
1F
100
AcDbEntity
  8
0
100
AcDbLine
 10
271.2951127653948
 20
59.45502545744819
 30
0.0
 11
268.9811594873289
 21
59.45502546011519
 31
0.0
  0
SPLINE
  5
2311
330
1F
100
AcDbEntity
  8
0
100
AcDbSpline
210
0.0
220
0.0
230
1.0
 70
     8
 71
     3
 72
     8
 73
     4
 74
     0
 42
0.000000001
 43
0.0000000001
 40
-4.0
 40
-4.0
 40
-4.0
 40
-4.0
 40
-3.0
 40
-3.0
 40
-3.0
 40
-3.0
 10
268.9811594873289
 20
59.45502546011519
 30
0.0
 10
268.4288747372599
 20
59.45502546075118
 30
0.0
 10
267.9811594865308
 20
59.00731021062322
 30
0.0
 10
267.9811594864258
 20
58.4550254605542
 30
0.0
  0
LINE
  5
2312
330
1F
100
AcDbEntity
  8
0
100
AcDbLine
 10
267.9811594864258
 20
58.4550254605542
 30
0.0
 11
267.9811594841488
 21
46.45502162694521
 31
0.0
  0
SPLINE
  5
2313
330
1F
100
AcDbEntity
  8
0
100
AcDbSpline
210
0.0
220
0.0
230
1.0
 70
     8
 71
     3
 72
     8
 73
     4
 74
     0
 42
0.000000001
 43
0.0000000001
 40
-2.0
 40
-2.0
 40
-2.0
 40
-2.0
 40
-1.0
 40
-1.0
 40
-1.0
 40
-1.0
 10
267.9811594841488
 20
46.45502162694521
 30
0.0
 10
267.9811594840448
 20
45.9027368771782
 30
0.0
 10
268.4288747341329
 20
45.45502162700517
 30
0.0
 10
268.9811594838989
 20
45.45502162700517
 30
0.0
  0
LINE
  5
2314
330
1F
100
AcDbEntity
  8
0
100
AcDbLine
 10
268.9811594838989
 20
45.45502162700517
 30
0.0
 11
271.2951127665489
 21
45.45502162700517
 31
0.0
  0
SPLINE
  5
2315
330
1F
100
AcDbEntity
  8
0
100
AcDbSpline
210
0.0
220
0.0
230
1.0
 70
     8
 71
     3
 72
     8
 73
     4
 74
     0
 42
0.000000001
 43
0.0000000001
 40
-8.0
 40
-8.0
 40
-8.0
 40
-8.0
 40
-7.0
 40
-7.0
 40
-7.0
 40
-7.0
 10
38.05048815415725
 20
45.45506832026222
 30
0.0
 10
38.74085755320226
 20
45.45506832026222
 30
0.0
 10
39.30051252882325
 20
46.01472329588318
 30
0.0
 10
39.30051252882325
 20
46.70509269492822
 30
0.0
  0
LINE
  5
2316
330
1F
100
AcDbEntity
  8
0
100
AcDbLine
 10
39.30051252882325
 20
46.70509269492822
 30
0.0
 11
39.30051252882325
 21
58.20547320395419
 31
0.0
  0
SPLINE
  5
2317
330
1F
100
AcDbEntity
  8
0
100
AcDbSpline
210
0.0
220
0.0
230
1.0
 70
     8
 71
     3
 72
     8
 73
     4
 74
     0
 42
0.000000001
 43
0.0000000001
 40
-6.0
 40
-6.0
 40
-6.0
 40
-6.0
 40
-5.0
 40
-5.0
 40
-5.0
 40
-5.0
 10
39.30051252882325
 20
58.20547320395419
 30
0.0
 10
39.30051252882325
 20
58.89584260299819
 30
0.0
 10
38.74085755320226
 20
59.45549757862017
 30
0.0
 10
38.05048815415725
 20
59.45549757862017
 30
0.0
  0
SPLINE
  5
2318
330
1F
100
AcDbEntity
  8
0
100
AcDbSpline
210
0.0
220
0.0
230
1.0
 70
     8
 71
     3
 72
     8
 73
     4
 74
     0
 42
0.000000001
 43
0.0000000001
 40
-4.0
 40
-4.0
 40
-4.0
 40
-4.0
 40
-3.0
 40
-3.0
 40
-3.0
 40
-3.0
 10
38.05048565410627
 20
59.45549757862017
 30
0.0
 10
37.36011625506126
 20
59.45549757862017
 30
0.0
 10
36.80046127944027
 20
58.89584260299819
 30
0.0
 10
36.80046127944027
 20
58.20547320395419
 30
0.0
  0
LINE
  5
2319
330
1F
100
AcDbEntity
  8
0
100
AcDbLine
 10
36.80046127944027
 20
58.20547320395419
 30
0.0
 11
36.80046127944027
 21
46.70509269492822
 31
0.0
  0
SPLINE
  5
2320
330
1F
100
AcDbEntity
  8
0
100
AcDbSpline
210
0.0
220
0.0
230
1.0
 70
     8
 71
     3
 72
     8
 73
     4
 74
     0
 42
0.000000001
 43
0.0000000001
 40
-2.0
 40
-2.0
 40
-2.0
 40
-2.0
 40
-1.0
 40
-1.0
 40
-1.0
 40
-1.0
 10
36.80046127944027
 20
46.70509269492822
 30
0.0
 10
36.80046127944027
 20
46.01472329588318
 30
0.0
 10
37.36011625506126
 20
45.45506832026222
 30
0.0
 10
38.05048565410627
 20
45.45506832026222
 30
0.0
  0
SPLINE
  5
2321
330
1F
100
AcDbEntity
  8
0
100
AcDbSpline
210
0.0
220
0.0
230
1.0
 70
     8
 71
     3
 72
     8
 73
     4
 74
     0
 42
0.000000001
 43
0.0000000001
 40
-8.0
 40
-8.0
 40
-8.0
 40
-8.0
 40
-7.0
 40
-7.0
 40
-7.0
 40
-7.0
 10
316.4282957787773
 20
59.45549757862017
 30
0.0
 10
315.7379263797313
 20
59.45549757862017
 30
0.0
 10
315.1782714041113
 20
58.89584260299819
 30
0.0
 10
315.1782714041113
 20
58.20547320395419
 30
0.0
  0
LINE
  5
2322
330
1F
100
AcDbEntity
  8
0
100
AcDbLine
 10
315.1782714041113
 20
58.20547320395419
 30
0.0
 11
315.1782714041113
 21
46.70509269492822
 31
0.0
  0
SPLINE
  5
2323
330
1F
100
AcDbEntity
  8
0
100
AcDbSpline
210
0.0
220
0.0
230
1.0
 70
     8
 71
     3
 72
     8
 73
     4
 74
     0
 42
0.000000001
 43
0.0000000001
 40
-6.0
 40
-6.0
 40
-6.0
 40
-6.0
 40
-5.0
 40
-5.0
 40
-5.0
 40
-5.0
 10
315.1782714041113
 20
46.70509269492822
 30
0.0
 10
315.1782714041113
 20
46.01472329588318
 30
0.0
 10
315.7379263797313
 20
45.45506832026222
 30
0.0
 10
316.4282957787773
 20
45.45506832026222
 30
0.0
  0
SPLINE
  5
2324
330
1F
100
AcDbEntity
  8
0
100
AcDbSpline
210
0.0
220
0.0
230
1.0
 70
     8
 71
     3
 72
     8
 73
     4
 74
     0
 42
0.000000001
 43
0.0000000001
 40
-4.0
 40
-4.0
 40
-4.0
 40
-4.0
 40
-3.0
 40
-3.0
 40
-3.0
 40
-3.0
 10
316.4282982788283
 20
45.45506832026222
 30
0.0
 10
317.1186676778733
 20
45.45506832026222
 30
0.0
 10
317.6783226534933
 20
46.01472329588318
 30
0.0
 10
317.6783226534933
 20
46.70509269492822
 30
0.0
  0
LINE
  5
2325
330
1F
100
AcDbEntity
  8
0
100
AcDbLine
 10
317.6783226534933
 20
46.70509269492822
 30
0.0
 11
317.6783226534933
 21
58.20547320395419
 31
0.0
  0
SPLINE
  5
2326
330
1F
100
AcDbEntity
  8
0
100
AcDbSpline
210
0.0
220
0.0
230
1.0
 70
     8
 71
     3
 72
     8
 73
     4
 74
     0
 42
0.000000001
 43
0.0000000001
 40
-2.0
 40
-2.0
 40
-2.0
 40
-2.0
 40
-1.0
 40
-1.0
 40
-1.0
 40
-1.0
 10
317.6783226534933
 20
58.20547320395419
 30
0.0
 10
317.6783226534933
 20
58.89584260299819
 30
0.0
 10
317.1186676778733
 20
59.45549757862017
 30
0.0
 10
316.4282982788283
 20
59.45549757862017
 30
0.0
  0
SPLINE
  5
2327
330
1F
100
AcDbEntity
  8
0
100
AcDbSpline
210
0.0
220
0.0
230
1.0
 70
     8
 71
     3
 72
     8
 73
     4
 74
     0
 42
0.000000001
 43
0.0000000001
 40
-8.0
 40
-8.0
 40
-8.0
 40
-8.0
 40
-7.0
 40
-7.0
 40
-7.0
 40
-7.0
 10
226.4127875290737
 20
45.45511045201817
 30
0.0
 10
226.965072278766
 20
45.45511045201817
 30
0.0
 10
227.4127875288234
 20
45.90282570207619
 30
0.0
 10
227.4127875288234
 20
46.45511045176817
 30
0.0
  0
LINE
  5
2328
330
1F
100
AcDbEntity
  8
0
100
AcDbLine
 10
227.4127875288233
 20
46.45511045176817
 30
0.0
 11
227.4127875288234
 21
58.45467545226921
 31
0.0
  0
SPLINE
  5
2329
330
1F
100
AcDbEntity
  8
0
100
AcDbSpline
210
0.0
220
0.0
230
1.0
 70
     8
 71
     3
 72
     8
 73
     4
 74
     0
 42
0.000000001
 43
0.0000000001
 40
-6.0
 40
-6.0
 40
-6.0
 40
-6.0
 40
-5.0
 40
-5.0
 40
-5.0
 40
-5.0
 10
227.4127875288234
 20
58.45467545226921
 30
0.0
 10
227.4127875288234
 20
59.00696020196122
 30
0.0
 10
226.965072278766
 20
59.45467545201919
 30
0.0
 10
226.4127875290737
 20
59.45467545201919
 30
0.0
  0
LINE
  5
2330
330
1F
100
AcDbEntity
  8
0
100
AcDbLine
 10
226.4127875290737
 20
59.45467545201919
 30
0.0
 11
186.2695329718824
 21
59.45467545201919
 31
0.0
  0
SPLINE
  5
2331
330
1F
100
AcDbEntity
  8
0
100
AcDbSpline
210
0.0
220
0.0
230
1.0
 70
     8
 71
     3
 72
     8
 73
     4
 74
     0
 42
0.000000001
 43
0.0000000001
 40
-4.0
 40
-4.0
 40
-4.0
 40
-4.0
 40
-3.0
 40
-3.0
 40
-3.0
 40
-3.0
 10
186.2695329718824
 20
59.45467545201919
 30
0.0
 10
185.7172482221893
 20
59.45467545201919
 30
0.0
 10
185.2695329721322
 20
59.00696020196122
 30
0.0
 10
185.2695329721322
 20
58.45467545226921
 30
0.0
  0
LINE
  5
2332
330
1F
100
AcDbEntity
  8
0
100
AcDbLine
 10
185.2695329721322
 20
58.45467545226921
 30
0.0
 11
185.2695329721322
 21
46.45511045176817
 31
0.0
  0
SPLINE
  5
2333
330
1F
100
AcDbEntity
  8
0
100
AcDbSpline
210
0.0
220
0.0
230
1.0
 70
     8
 71
     3
 72
     8
 73
     4
 74
     0
 42
0.000000001
 43
0.0000000001
 40
-2.0
 40
-2.0
 40
-2.0
 40
-2.0
 40
-1.0
 40
-1.0
 40
-1.0
 40
-1.0
 10
185.2695329721322
 20
46.45511045176817
 30
0.0
 10
185.2695329721322
 20
45.90282570207619
 30
0.0
 10
185.7172482221893
 20
45.45511045201817
 30
0.0
 10
186.2695329718824
 20
45.45511045201817
 30
0.0
  0
LINE
  5
2334
330
1F
100
AcDbEntity
  8
0
100
AcDbLine
 10
186.2695329718824
 20
45.45511045201817
 30
0.0
 11
226.4127875290737
 21
45.45511045201817
 31
0.0
  0
SPLINE
  5
2335
330
1F
100
AcDbEntity
  8
0
100
AcDbSpline
210
0.0
220
0.0
230
1.0
 70
     8
 71
     3
 72
     8
 73
     4
 74
     0
 42
0.000000001
 43
0.0000000001
 40
-8.0
 40
-8.0
 40
-8.0
 40
-8.0
 40
-7.0
 40
-7.0
 40
-7.0
 40
-7.0
 10
168.2695329722991
 20
45.45511045201817
 30
0.0
 10
168.8218177219915
 20
45.45511045201817
 30
0.0
 10
169.269532972049
 20
45.90282570207619
 30
0.0
 10
169.269532972049
 20
46.45511045176817
 30
0.0
  0
LINE
  5
2336
330
1F
100
AcDbEntity
  8
0
100
AcDbLine
 10
169.2695329720489
 20
46.45511045176817
 30
0.0
 11
169.269532972049
 21
58.45467545226921
 31
0.0
  0
SPLINE
  5
2337
330
1F
100
AcDbEntity
  8
0
100
AcDbSpline
210
0.0
220
0.0
230
1.0
 70
     8
 71
     3
 72
     8
 73
     4
 74
     0
 42
0.000000001
 43
0.0000000001
 40
-6.0
 40
-6.0
 40
-6.0
 40
-6.0
 40
-5.0
 40
-5.0
 40
-5.0
 40
-5.0
 10
169.269532972049
 20
58.45467545226921
 30
0.0
 10
169.269532972049
 20
59.00696020196122
 30
0.0
 10
168.8218177219915
 20
59.45467545201919
 30
0.0
 10
168.2695329722991
 20
59.45467545201919
 30
0.0
  0
LINE
  5
2338
330
1F
100
AcDbEntity
  8
0
100
AcDbLine
 10
168.2695329722991
 20
59.45467545201919
 30
0.0
 11
128.1252875285731
 21
59.45467545201919
 31
0.0
  0
SPLINE
  5
2339
330
1F
100
AcDbEntity
  8
0
100
AcDbSpline
210
0.0
220
0.0
230
1.0
 70
     8
 71
     3
 72
     8
 73
     4
 74
     0
 42
0.000000001
 43
0.0000000001
 40
-4.0
 40
-4.0
 40
-4.0
 40
-4.0
 40
-3.0
 40
-3.0
 40
-3.0
 40
-3.0
 10
128.1252875285731
 20
59.45467545201919
 30
0.0
 10
127.5730027788801
 20
59.45467545201919
 30
0.0
 10
127.125287528823
 20
59.00696020196122
 30
0.0
 10
127.125287528823
 20
58.45467545226921
 30
0.0
  0
LINE
  5
2340
330
1F
100
AcDbEntity
  8
0
100
AcDbLine
 10
127.125287528823
 20
58.45467545226921
 30
0.0
 11
127.125287528823
 21
46.45511045176817
 31
0.0
  0
SPLINE
  5
2341
330
1F
100
AcDbEntity
  8
0
100
AcDbSpline
210
0.0
220
0.0
230
1.0
 70
     8
 71
     3
 72
     8
 73
     4
 74
     0
 42
0.000000001
 43
0.0000000001
 40
-2.0
 40
-2.0
 40
-2.0
 40
-2.0
 40
-1.0
 40
-1.0
 40
-1.0
 40
-1.0
 10
127.125287528823
 20
46.45511045176817
 30
0.0
 10
127.125287528823
 20
45.90282570207619
 30
0.0
 10
127.5730027788801
 20
45.45511045201817
 30
0.0
 10
128.1252875285731
 20
45.45511045201817
 30
0.0
  0
LINE
  5
2342
330
1F
100
AcDbEntity
  8
0
100
AcDbLine
 10
128.1252875285731
 20
45.45511045201817
 30
0.0
 11
168.2695329722991
 21
45.45511045201817
 31
0.0
  0
LINE
  5
2343
330
1F
100
AcDbEntity
  8
0
100
AcDbLine
 10
364.5255985238392
 20
62.07078613748828
 30
0.0
 11
378.7812647385613
 21
62.07078613378318
 31
0.0
  0
SPLINE
  5
2344
330
1F
100
AcDbEntity
  8
0
100
AcDbSpline
210
0.0
220
0.0
230
1.0
 70
     8
 71
     3
 72
     8
 73
     4
 74
     0
 42
0.000000001
 43
0.0000000001
 40
-6.0
 40
-6.0
 40
-6.0
 40
-6.0
 40
-5.0
 40
-5.0
 40
-5.0
 40
-5.0
 10
378.7812647385613
 20
62.07078613378318
 30
0.0
 10
379.2005779293053
 20
62.0707861336432
 30
0.0
 10
379.5404984328572
 20
62.41070663639018
 30
0.0
 10
379.5404984337073
 20
62.83001982713421
 30
0.0
  0
SPLINE
  5
2345
330
1F
100
AcDbEntity
  8
0
100
AcDbSpline
210
0.0
220
0.0
230
1.0
 70
     8
 71
     3
 72
     8
 73
     4
 74
     0
 42
0.000000001
 43
0.0000000001
 40
-4.0
 40
-4.0
 40
-4.0
 40
-4.0
 40
-3.0
 40
-3.0
 40
-3.0
 40
-3.0
 10
379.5404984337082
 20
62.83002134560323
 30
0.0
 10
379.5404984345603
 20
63.2493345353092
 30
0.0
 10
379.2005779323663
 20
63.58925503813918
 30
0.0
 10
378.7812647426603
 20
63.5892550380722
 30
0.0
  0
LINE
  5
2346
330
1F
100
AcDbEntity
  8
0
100
AcDbLine
 10
378.7812647426603
 20
63.5892550380722
 30
0.0
 11
365.2848552637573
 21
63.58925503642717
 31
0.0
  0
SPLINE
  5
2347
330
1F
100
AcDbEntity
  8
0
100
AcDbSpline
210
0.0
220
0.0
230
1.0
 70
     8
 71
     3
 72
     8
 73
     4
 74
     0
 42
0.000000001
 43
0.0000000001
 40
-2.0
 40
-2.0
 40
-2.0
 40
-2.0
 40
-1.0
 40
-1.0
 40
-1.0
 40
-1.0
 10
365.2848552637573
 20
63.58925503642717
 30
0.0
 10
364.8655420751443
 20
63.58925503636021
 30
0.0
 10
364.5256215736042
 20
63.92917553785918
 30
0.0
 10
364.5256215736182
 20
64.3484887264712
 30
0.0
  0
LINE
  5
2348
330
1F
100
AcDbEntity
  8
0
100
AcDbLine
 10
364.5256215736182
 20
64.3484887264712
 30
0.0
 11
364.5256215740843
 21
77.74579177640521
 31
0.0
  0
SPLINE
  5
2349
330
1F
100
AcDbEntity
  8
0
100
AcDbSpline
210
0.0
220
0.0
230
1.0
 70
     8
 71
     3
 72
     8
 73
     4
 74
     0
 42
0.000000001
 43
0.0000000001
 40
-14.0
 40
-14.0
 40
-14.0
 40
-14.0
 40
-13.0
 40
-13.0
 40
-13.0
 40
-13.0
 10
364.5256215740843
 20
77.74579177640521
 30
0.0
 10
364.5256215740983
 20
78.16510496506819
 30
0.0
 10
364.1857010725073
 20
78.50502546660419
 30
0.0
 10
363.7663878838452
 20
78.50502546652117
 30
0.0
  0
SPLINE
  5
2350
330
1F
100
AcDbEntity
  8
0
100
AcDbSpline
210
0.0
220
0.0
230
1.0
 70
     8
 71
     3
 72
     8
 73
     4
 74
     0
 42
0.000000001
 43
0.0000000001
 40
-12.0
 40
-12.0
 40
-12.0
 40
-12.0
 40
-11.0
 40
-11.0
 40
-11.0
 40
-11.0
 10
363.7663648334303
 20
78.50502546652117
 30
0.0
 10
363.3470544471983
 20
78.50502546643821
 30
0.0
 10
363.0071311435072
 20
78.1651049649862
 30
0.0
 10
363.0071311434903
 20
77.7457917764622
 30
0.0
  0
LINE
  5
2351
330
1F
100
AcDbEntity
  8
0
100
AcDbLine
 10
363.0071311434901
 20
77.7457917764622
 30
0.0
 11
363.0071311429273
 21
63.5892542767923
 31
0.0
  0
SPLINE
  5
2352
330
1F
100
AcDbEntity
  8
0
100
AcDbSpline
210
0.0
220
0.0
230
1.0
 70
     8
 71
     3
 72
     8
 73
     4
 74
     0
 42
0.000000001
 43
0.0000000001
 40
-9.0
 40
-9.0
 40
-9.0
 40
-9.0
 40
-8.0
 40
-8.0
 40
-8.0
 40
-8.0
 10
363.0071311429273
 20
63.58925351790322
 30
0.0
 10
363.0071311317033
 20
62.75062714196318
 30
0.0
 10
363.6869721463282
 20
62.0707861371952
 30
0.0
 10
364.5255985232063
 20
62.07078613748819
 30
0.0
  0
SPLINE
  5
2353
330
1F
100
AcDbEntity
  8
0
100
AcDbSpline
210
0.0
220
0.0
230
1.0
 70
     8
 71
     3
 72
     8
 73
     4
 74
     0
 42
0.000000001
 43
0.0000000001
 40
13.0
 40
13.0
 40
13.0
 40
13.0
 40
14.0
 40
14.0
 40
14.0
 40
14.0
 10
343.1980817487072
 20
78.50502546633819
 30
0.0
 10
342.7787713625103
 20
78.50502546633819
 30
0.0
 10
342.4388480588262
 20
78.16510496494419
 30
0.0
 10
342.4388480588143
 20
77.74579177646621
 30
0.0
  0
LINE
  5
2354
330
1F
100
AcDbEntity
  8
0
100
AcDbLine
 10
342.4388480588143
 20
77.74579177646621
 30
0.0
 11
342.4388480584533
 21
64.3484887262392
 31
0.0
  0
SPLINE
  5
2355
330
1F
100
AcDbEntity
  8
0
100
AcDbSpline
210
0.0
220
0.0
230
1.0
 70
     8
 71
     3
 72
     8
 73
     4
 74
     0
 42
0.000000001
 43
0.0000000001
 40
1.0
 40
1.0
 40
1.0
 40
1.0
 40
2.0
 40
2.0
 40
2.0
 40
2.0
 10
342.4388480584533
 20
64.3484887262392
 30
0.0
 10
342.4388480584422
 20
63.92917553762322
 30
0.0
 10
342.0989275568833
 20
63.58925503613818
 30
0.0
 10
341.6796143682673
 20
63.58925503621922
 30
0.0
  0
LINE
  5
2356
330
1F
100
AcDbEntity
  8
0
100
AcDbLine
 10
341.6796143682673
 20
63.58925503621922
 30
0.0
 11
328.1913648260572
 21
63.58925503819818
 31
0.0
  0
SPLINE
  5
2357
330
1F
100
AcDbEntity
  8
0
100
AcDbSpline
210
0.0
220
0.0
230
1.0
 70
     8
 71
     3
 72
     8
 73
     4
 74
     0
 42
0.000000001
 43
0.0000000001
 40
3.0
 40
3.0
 40
3.0
 40
3.0
 40
4.0
 40
4.0
 40
4.0
 40
4.0
 10
328.1913648260572
 20
63.58925503819818
 30
0.0
 10
327.7720516376293
 20
63.58925503827819
 30
0.0
 10
327.4321311376062
 20
63.24933453433121
 30
0.0
 10
327.4321311425252
 20
62.83002134590319
 30
0.0
  0
SPLINE
  5
2358
330
1F
100
AcDbEntity
  8
0
100
AcDbSpline
210
0.0
220
0.0
230
1.0
 70
     8
 71
     3
 72
     8
 73
     4
 74
     0
 42
0.000000001
 43
0.0000000001
 40
5.0
 40
5.0
 40
5.0
 40
5.0
 40
6.0
 40
6.0
 40
6.0
 40
6.0
 10
327.4321311425252
 20
62.83001981650119
 30
0.0
 10
327.4321311474463
 20
62.41070663221117
 30
0.0
 10
327.7720516468392
 20
62.07078613681918
 30
0.0
 10
328.1913648311292
 20
62.0707861368352
 30
0.0
  0
LINE
  5
2359
330
1F
100
AcDbEntity
  8
0
100
AcDbLine
 10
328.1913648311292
 20
62.0707861368352
 30
0.0
 11
342.4388711087503
 21
62.07078613725619
 31
0.0
  0
SPLINE
  5
2360
330
1F
100
AcDbEntity
  8
0
100
AcDbSpline
210
0.0
220
0.0
230
1.0
 70
     8
 71
     3
 72
     8
 73
     4
 74
     0
 42
0.000000001
 43
0.0000000001
 40
8.0
 40
8.0
 40
8.0
 40
8.0
 40
9.0
 40
9.0
 40
9.0
 40
9.0
 10
342.4388711087503
 20
62.07078613725619
 30
0.0
 10
343.2774974867732
 20
62.0707861371952
 30
0.0
 10
343.9573384856272
 20
62.75062714196318
 30
0.0
 10
343.9573384890973
 20
63.58925351760422
 30
0.0
  0
LINE
  5
2361
330
1F
100
AcDbEntity
  8
0
100
AcDbLine
 10
343.9573384890973
 20
63.58925351760422
 30
0.0
 11
343.9573384894593
 21
77.74579177589018
 31
0.0
  0
SPLINE
  5
2362
330
1F
100
AcDbEntity
  8
0
100
AcDbSpline
210
0.0
220
0.0
230
1.0
 70
     8
 71
     3
 72
     8
 73
     4
 74
     0
 42
0.000000001
 43
0.0000000001
 40
11.0
 40
11.0
 40
11.0
 40
11.0
 40
12.0
 40
12.0
 40
12.0
 40
12.0
 10
343.9573384894593
 20
77.74579177589018
 30
0.0
 10
343.9573384894702
 20
78.16510496467921
 30
0.0
 10
343.6174179878193
 20
78.50502546633819
 30
0.0
 10
343.1981047990303
 20
78.50502546633819
 30
0.0
  0
CIRCLE
  5
2363
330
1F
100
AcDbEntity
  8
0
100
AcDbCircle
 10
103.4506251476063
 20
100.0800105931765
 30
0.0
 40
1.15000000000036
  0
CIRCLE
  5
2364
330
1F
100
AcDbEntity
  8
0
100
AcDbCircle
 10
55.91887514760625
 20
141.4675205931792
 30
0.0
 40
1.149999999999928
  0
CIRCLE
  5
2365
330
1F
100
AcDbEntity
  8
0
100
AcDbCircle
 10
136.9188751476061
 20
141.4675205931792
 30
0.0
 40
1.149999999999918
  0
CIRCLE
  5
2366
330
1F
100
AcDbEntity
  8
0
100
AcDbCircle
 10
158.219168024901
 20
164.8283693719842
 30
0.0
 40
1.39999999999989
  0
CIRCLE
  5
2367
330
1F
100
AcDbEntity
  8
0
100
AcDbCircle
 10
360.0073125891113
 20
164.8283693627892
 30
0.0
 40
1.399999999999999
  0
CIRCLE
  5
2368
330
1F
100
AcDbEntity
  8
0
100
AcDbCircle
 10
343.9573384892073
 20
40.09419446426903
 30
0.0
 40
1.399999999999999
  0
CIRCLE
  5
2369
330
1F
100
AcDbEntity
  8
0
100
AcDbCircle
 10
270.1380595025653
 20
40.0941909211968
 30
0.0
 40
1.400000000000219
  0
CIRCLE
  5
2370
330
1F
100
AcDbEntity
  8
0
100
AcDbCircle
 10
84.40033848920627
 20
40.09419447592222
 30
0.0
 40
1.40000000000008
  0
LWPOLYLINE
  5
2371
330
1F
100
AcDbEntity
  8
0
100
AcDbPolyline
 90
       14
 70
     1
 43
0.0
 10
59.39737814760724
 20
54.90502059317617
 42
-1.0
 10
59.39737814760724
 20
50.0050205931762
 10
58.14737814760724
 20
50.0050205931762
 42
0.4142135623730951
 10
57.14737814760724
 20
49.0050205931762
 10
57.14737814760724
 20
45.7550254581564
 42
0.4142135623730951
 10
57.64737814760724
 20
45.25502545815641
 10
63.52826251908325
 20
45.25502545815641
 42
0.4142135623730951
 10
64.02826251908326
 20
45.7550254581564
 10
64.02826251908326
 20
59.15502545855222
 42
0.4142135623730951
 10
63.52826251908325
 20
59.65502545855222
 10
57.64737814760724
 20
59.65502545855222
 42
0.4142135623730951
 10
57.14737814760724
 20
59.15502545855222
 10
57.14737814760724
 20
55.9050205931762
 42
0.4142135623730951
 10
58.14737814760724
 20
54.90502059317617
  0
ENDSEC
  0
SECTION
  2
OBJECTS
  0
DICTIONARY
  5
C
330
0
100
AcDbDictionary
281
     1
  3
ACAD_BACKGROUND
350
1005B
  3
ACAD_CIP_PREVIOUS_PRODUCT_INFO
350
1005A
  3
ACAD_COLOR
350
10036
  3
ACAD_DETAILVIEWSTYLE
350
10051
  3
ACAD_GROUP
350
D
  3
ACAD_LAST_SAVED_VERSION_INFO
350
10068
  3
ACAD_LAYOUT
350
10037
  3
ACAD_MATERIAL
350
10004
  3
ACAD_MLEADERSTYLE
350
1004D
  3
ACAD_MLINESTYLE
350
17
  3
ACAD_PLOTSETTINGS
350
10054
  3
ACAD_PLOTSTYLENAME
350
10002
  3
ACAD_SCALELIST
350
1003B
  3
ACAD_SECTIONVIEWSTYLE
350
1004F
  3
ACAD_TABLESTYLE
350
10038
  3
ACAD_VISUALSTYLE
350
1001D
  3
ACDB_RECOMPOSE_DATA
350
100C0
  3
AcDbVariableDictionary
350
1005E
  3
AcDsDecomposeData
350
100C6
  0
DICTIONARY
  5
1006E
330
2
100
AcDbDictionary
280
     1
281
     1
  3
ACAD_LAYERSTATES
360
1006F
  0
DICTIONARY
  5
10069
330
50
100
AcDbDictionary
280
     1
281
     1
  3
ADSK_XREC_LAYER_RECONCILED
360
1006A
  0
DICTIONARY
  5
1005B
102
{ACAD_REACTORS
330
C
102
}
330
C
100
AcDbDictionary
281
     1
  0
XRECORD
  5
1005A
102
{ACAD_REACTORS
330
C
102
}
330
C
100
AcDbXrecord
280
     1
300
ACDMAC
300
2025
300

  0
DICTIONARY
  5
10036
102
{ACAD_REACTORS
330
C
102
}
330
C
100
AcDbDictionary
281
     1
  0
DICTIONARY
  5
10051
102
{ACAD_REACTORS
330
C
102
}
330
C
100
AcDbDictionary
281
     1
  3
Imperial24
350
10052
  0
DICTIONARY
  5
D
330
C
100
AcDbDictionary
281
     1
  0
XRECORD
  5
10068
102
{ACAD_REACTORS
330
C
102
}
330
C
100
AcDbXrecord
280
     1
300
{0DF1E5CE-A70A-2C4B-BB87-1D48911042A2}
301
{0F4FA204-1A8D-354D-97ED-1A3949CF1BCE}
302
{0DF1E5CE-A70A-2C4B-BB87-1D48911042A2}
303
/Users/junkibeom/Downloads/plus84_7U_TOPMOUNTplate.dxf
  0
DICTIONARY
  5
10037
102
{ACAD_REACTORS
330
C
102
}
330
C
100
AcDbDictionary
281
     1
  3
Model
350
10055
  3
배치1
350
10056
  0
DICTIONARY
  5
10004
102
{ACAD_REACTORS
330
C
102
}
330
C
100
AcDbDictionary
281
     1
  3
ByBlock
350
1000D
  3
ByLayer
350
10005
  3
Global
350
10015
  0
DICTIONARY
  5
1004D
102
{ACAD_REACTORS
330
C
102
}
330
C
100
AcDbDictionary
281
     1
  3
Standard
350
1004E
  0
DICTIONARY
  5
17
330
C
100
AcDbDictionary
281
     1
  3
Standard
350
1003A
  0
DICTIONARY
  5
10054
102
{ACAD_REACTORS
330
C
102
}
330
C
100
AcDbDictionary
281
     1
  0
ACDBDICTIONARYWDFLT
  5
10002
102
{ACAD_REACTORS
330
C
102
}
330
C
100
AcDbDictionary
281
     1
  3
Normal
350
10003
100
AcDbDictionaryWithDefault
340
10003
  0
DICTIONARY
  5
1003B
102
{ACAD_REACTORS
330
C
102
}
330
C
100
AcDbDictionary
281
     1
  3
A0
350
1003C
  3
A1
350
1003D
  3
A2
350
1003E
  3
A3
350
1003F
  3
A4
350
10040
  3
A5
350
10041
  3
A6
350
10042
  3
A7
350
10043
  3
A8
350
10044
  3
A9
350
10045
  3
B0
350
10046
  3
B1
350
10047
  3
B2
350
10048
  3
B3
350
10049
  3
B4
350
1004A
  3
B5
350
1004B
  3
B6
350
1004C
  0
DICTIONARY
  5
1004F
102
{ACAD_REACTORS
330
C
102
}
330
C
100
AcDbDictionary
281
     1
  3
Imperial24
350
10050
  0
DICTIONARY
  5
10038
102
{ACAD_REACTORS
330
C
102
}
330
C
100
AcDbDictionary
281
     1
  3
Standard
350
10039
  0
DICTIONARY
  5
1001D
102
{ACAD_REACTORS
330
C
102
}
330
C
100
AcDbDictionary
281
     1
  3
2dWireframe
350
10023
  3
Basic
350
10022
  3
Brighten
350
10029
  3
ColorChange
350
1002D
  3
Conceptual
350
10026
  3
Dim
350
10028
  3
EdgeColorOff
350
10035
  3
Facepattern
350
1002C
  3
Flat
350
1001E
  3
FlatWithEdges
350
1001F
  3
Gouraud
350
10020
  3
GouraudWithEdges
350
10021
  3
Hidden
350
10025
  3
JitterOff
350
10033
  3
Linepattern
350
1002B
  3
OverhangOff
350
10034
  3
Realistic
350
10027
  3
Shaded
350
10032
  3
Shaded with edges
350
10031
  3
Shades of Gray
350
1002E
  3
Sketchy
350
1002F
  3
Thicken
350
1002A
  3
Wireframe
350
10024
  3
X-Ray
350
10030
  0
XRECORD
  5
100C0
102
{ACAD_REACTORS
330
C
102
}
330
C
100
AcDbXrecord
280
     1
 90
        1
330
10039
  0
DICTIONARY
  5
1005E
102
{ACAD_REACTORS
330
C
102
}
330
C
100
AcDbDictionary
281
     1
  3
CANNOSCALE
350
10064
  3
CMLEADERSTYLE
350
10060
  3
CTABLESTYLE
350
1005F
  3
CVIEWDETAILSTYLE
350
10061
  3
CVIEWSECTIONSTYLE
350
10062
  3
LAYEREVAL
350
10066
  3
LAYERNOTIFY
350
10067
  3
LIGHTINGUNITS
350
10065
  3
MSLTSCALE
350
10063
  0
DICTIONARY
  5
100C6
102
{ACAD_REACTORS
330
C
102
}
330
C
100
AcDbDictionary
281
     1
  3
AcDsRecords
350
100C8
  3
AcDsSchemas
350
100C7
1001
ACAD
1070
     2
  0
DICTIONARY
  5
1006F
102
{ACAD_REACTORS
330
1006E
102
}
330
1006E
100
AcDbDictionary
281
     1
  0
XRECORD
  5
1006A
102
{ACAD_REACTORS
330
10069
102
}
330
10069
100
AcDbXrecord
280
     1
290
     1
  0
ACDBDETAILVIEWSTYLE
  5
10052
102
{ACAD_XDICTIONARY
360
100FB
102
}
102
{ACAD_REACTORS
330
10051
102
}
330
10051
100
AcDbModelDocViewStyle
 70
     0
  3
Imperial24
290
     0
100
AcDbDetailViewStyle
 70
     0
 71
     0
 90
        3
 71
     1
340
11
 62
   256
 40
0.24
340
0
 62
   256
 40
0.24
300

 40
0.36
280
     3
 71
     2
340
10001
 90
       25
 62
   256
 71
     3
340
11
 62
   256
 40
0.24
 90
        1
 40
0.75
 90
        1
300
%<\AcVar ViewType \f "%tc1">% %<\AcVar ViewDetailId>%\PSCALE %<\AcVar ViewScale \f "%sn">%
 71
     4
340
10001
 90
       25
 62
   256
340
10001
 90
       25
 62
   256
280
     0
  0
LAYOUT
  5
10055
102
{ACAD_REACTORS
330
10037
102
}
330
10037
100
AcDbPlotSettings
  1

  2

  4

  6

 40
0.0
 41
0.0
 42
0.0
 43
0.0
 44
0.0
 45
0.0
 46
0.0
 47
0.0
 48
0.0
 49
0.0
140
0.0
141
0.0
142
1.0
143
1.0
 70
  1712
 72
     0
 73
     0
 74
     0
  7

 75
     0
147
1.0
 76
     0
 77
     2
 78
   300
148
0.0
149
0.0
100
AcDbLayout
  1
Model
 70
     1
 71
     0
 10
0.0
 20
0.0
 11
12.0
 21
9.0
 12
0.0
 22
0.0
 32
0.0
 14
0.0
 24
0.0
 34
0.0
 15
0.0
 25
0.0
 35
0.0
146
0.0
 13
0.0
 23
0.0
 33
0.0
 16
1.0
 26
0.0
 36
0.0
 17
0.0
 27
1.0
 37
0.0
 76
     0
330
1F
331
10059
  0
LAYOUT
  5
10056
102
{ACAD_REACTORS
330
10037
102
}
330
10037
100
AcDbPlotSettings
  1

  2

  4

  6

 40
0.0
 41
0.0
 42
0.0
 43
0.0
 44
0.0
 45
0.0
 46
0.0
 47
0.0
 48
0.0
 49
0.0
140
0.0
141
0.0
142
1.0
143
1.0
 70
   688
 72
     0
 73
     0
 74
     5
  7

 75
    16
147
1.0
 76
     0
 77
     2
 78
   300
148
0.0
149
0.0
100
AcDbLayout
  1
배치1
 70
     1
 71
     1
 10
0.0
 20
0.0
 11
12.0
 21
9.0
 12
0.0
 22
0.0
 32
0.0
 14
1.000000000000000E+20
 24
1.000000000000000E+20
 34
1.000000000000000E+20
 15
-1.000000000000000E+20
 25
-1.000000000000000E+20
 35
-1.000000000000000E+20
146
0.0
 13
0.0
 23
0.0
 33
0.0
 16
1.0
 26
0.0
 36
0.0
 17
0.0
 27
1.0
 37
0.0
 76
     0
330
1B
  0
MATERIAL
  5
1000D
102
{ACAD_XDICTIONARY
360
1000E
102
}
102
{ACAD_REACTORS
330
10004
102
}
330
10004
100
AcDbMaterial
  1
ByBlock
 72
     0
 43
0.0008202099737533
 43
0.0
 43
0.0
 43
0.0
 43
0.0
 43
0.0008202099737533
 43
0.0
 43
0.0
 43
0.0
 43
0.0
 43
1.0
 43
0.0
 43
0.0
 43
0.0
 43
0.0
 43
1.0
 77
     0
 47
0.0008202099737533
 47
0.0
 47
0.0
 47
0.0
 47
0.0
 47
0.0008202099737533
 47
0.0
 47
0.0
 47
0.0
 47
0.0
 47
1.0
 47
0.0
 47
0.0
 47
0.0
 47
0.0
 47
1.0
171
     0
 49
0.0008202099737533
 49
0.0
 49
0.0
 49
0.0
 49
0.0
 49
0.0008202099737533
 49
0.0
 49
0.0
 49
0.0
 49
0.0
 49
1.0
 49
0.0
 49
0.0
 49
0.0
 49
0.0
 49
1.0
175
     0
142
0.0008202099737533
142
0.0
142
0.0
142
0.0
142
0.0
142
0.0008202099737533
142
0.0
142
0.0
142
0.0
142
0.0
142
1.0
142
0.0
142
0.0
142
0.0
142
0.0
142
1.0
179
     0
144
0.0008202099737533
144
0.0
144
0.0
144
0.0
144
0.0
144
0.0008202099737533
144
0.0
144
0.0
144
0.0
144
0.0
144
1.0
144
0.0
144
0.0
144
0.0
144
0.0
144
1.0
147
0.0008202099737533
147
0.0
147
0.0
147
0.0
147
0.0
147
0.0008202099737533
147
0.0
147
0.0
147
0.0
147
0.0
147
1.0
147
0.0
147
0.0
147
0.0
147
0.0
147
1.0
  0
MATERIAL
  5
10005
102
{ACAD_XDICTIONARY
360
10006
102
}
102
{ACAD_REACTORS
330
10004
102
}
330
10004
100
AcDbMaterial
  1
ByLayer
 72
     0
 43
0.0008202099737533
 43
0.0
 43
0.0
 43
0.0
 43
0.0
 43
0.0008202099737533
 43
0.0
 43
0.0
 43
0.0
 43
0.0
 43
1.0
 43
0.0
 43
0.0
 43
0.0
 43
0.0
 43
1.0
 77
     0
 47
0.0008202099737533
 47
0.0
 47
0.0
 47
0.0
 47
0.0
 47
0.0008202099737533
 47
0.0
 47
0.0
 47
0.0
 47
0.0
 47
1.0
 47
0.0
 47
0.0
 47
0.0
 47
0.0
 47
1.0
171
     0
 49
0.0008202099737533
 49
0.0
 49
0.0
 49
0.0
 49
0.0
 49
0.0008202099737533
 49
0.0
 49
0.0
 49
0.0
 49
0.0
 49
1.0
 49
0.0
 49
0.0
 49
0.0
 49
0.0
 49
1.0
175
     0
142
0.0008202099737533
142
0.0
142
0.0
142
0.0
142
0.0
142
0.0008202099737533
142
0.0
142
0.0
142
0.0
142
0.0
142
1.0
142
0.0
142
0.0
142
0.0
142
0.0
142
1.0
179
     0
144
0.0008202099737533
144
0.0
144
0.0
144
0.0
144
0.0
144
0.0008202099737533
144
0.0
144
0.0
144
0.0
144
0.0
144
1.0
144
0.0
144
0.0
144
0.0
144
0.0
144
1.0
147
0.0008202099737533
147
0.0
147
0.0
147
0.0
147
0.0
147
0.0008202099737533
147
0.0
147
0.0
147
0.0
147
0.0
147
1.0
147
0.0
147
0.0
147
0.0
147
0.0
147
1.0
  0
MATERIAL
  5
10015
102
{ACAD_XDICTIONARY
360
10016
102
}
102
{ACAD_REACTORS
330
10004
102
}
330
10004
100
AcDbMaterial
  1
Global
 72
     0
 43
0.0008202099737533
 43
0.0
 43
0.0
 43
0.0
 43
0.0
 43
0.0008202099737533
 43
0.0
 43
0.0
 43
0.0
 43
0.0
 43
1.0
 43
0.0
 43
0.0
 43
0.0
 43
0.0
 43
1.0
 77
     0
 47
0.0008202099737533
 47
0.0
 47
0.0
 47
0.0
 47
0.0
 47
0.0008202099737533
 47
0.0
 47
0.0
 47
0.0
 47
0.0
 47
1.0
 47
0.0
 47
0.0
 47
0.0
 47
0.0
 47
1.0
171
     0
 49
0.0008202099737533
 49
0.0
 49
0.0
 49
0.0
 49
0.0
 49
0.0008202099737533
 49
0.0
 49
0.0
 49
0.0
 49
0.0
 49
1.0
 49
0.0
 49
0.0
 49
0.0
 49
0.0
 49
1.0
175
     0
142
0.0008202099737533
142
0.0
142
0.0
142
0.0
142
0.0
142
0.0008202099737533
142
0.0
142
0.0
142
0.0
142
0.0
142
1.0
142
0.0
142
0.0
142
0.0
142
0.0
142
1.0
179
     0
144
0.0008202099737533
144
0.0
144
0.0
144
0.0
144
0.0
144
0.0008202099737533
144
0.0
144
0.0
144
0.0
144
0.0
144
1.0
144
0.0
144
0.0
144
0.0
144
0.0
144
1.0
147
0.0008202099737533
147
0.0
147
0.0
147
0.0
147
0.0
147
0.0008202099737533
147
0.0
147
0.0
147
0.0
147
0.0
147
1.0
147
0.0
147
0.0
147
0.0
147
0.0
147
1.0
  0
MLEADERSTYLE
  5
1004E
102
{ACAD_REACTORS
330
1004D
102
}
330
1004D
100
AcDbMLeaderStyle
179
     2
170
     2
171
     1
172
     0
 90
        2
 40
0.0
 41
0.0
173
     1
 91
-1056964608
340
14
 92
       -2
290
     1
 42
0.09
291
     1
 43
0.36
  3
Standard
 44
0.18
300

342
11
174
     1
178
     6
175
     1
176
     0
 93
-1056964608
 45
0.18
292
     0
297
     0
 46
0.18
 94
-1056964608
 47
1.0
 49
1.0
140
1.0
293
     1
141
0.0
294
     1
177
     0
142
1.0
295
     0
296
     0
143
0.125
271
     0
272
     9
273
     9
  0
MLINESTYLE
  5
1003A
102
{ACAD_REACTORS
330
17
102
}
330
17
100
AcDbMlineStyle
  2
STANDARD
 70
     0
  3

 62
   256
 51
90.0
 52
90.0
 71
     2
 49
0.5
 62
   256
  6
BYLAYER
 49
-0.5
 62
   256
  6
BYLAYER
  0
ACDBPLACEHOLDER
  5
10003
102
{ACAD_REACTORS
330
10002
102
}
330
10002
  0
SCALE
  5
1003C
102
{ACAD_REACTORS
330
1003B
102
}
330
1003B
100
AcDbScale
 70
     0
300
1:1
140
1.0
141
1.0
290
     1
  0
SCALE
  5
1003D
102
{ACAD_REACTORS
330
1003B
102
}
330
1003B
100
AcDbScale
 70
     0
300
1/128" = 1'-0"
140
0.0078125
141
12.0
290
     0
  0
SCALE
  5
1003E
102
{ACAD_REACTORS
330
1003B
102
}
330
1003B
100
AcDbScale
 70
     0
300
1/64" = 1'-0"
140
0.015625
141
12.0
290
     0
  0
SCALE
  5
1003F
102
{ACAD_REACTORS
330
1003B
102
}
330
1003B
100
AcDbScale
 70
     0
300
1/32" = 1'-0"
140
0.03125
141
12.0
290
     0
  0
SCALE
  5
10040
102
{ACAD_REACTORS
330
1003B
102
}
330
1003B
100
AcDbScale
 70
     0
300
1/16" = 1'-0"
140
0.0625
141
12.0
290
     0
  0
SCALE
  5
10041
102
{ACAD_REACTORS
330
1003B
102
}
330
1003B
100
AcDbScale
 70
     0
300
3/32" = 1'-0"
140
0.09375
141
12.0
290
     0
  0
SCALE
  5
10042
102
{ACAD_REACTORS
330
1003B
102
}
330
1003B
100
AcDbScale
 70
     0
300
1/8" = 1'-0"
140
0.125
141
12.0
290
     0
  0
SCALE
  5
10043
102
{ACAD_REACTORS
330
1003B
102
}
330
1003B
100
AcDbScale
 70
     0
300
3/16" = 1'-0"
140
0.1875
141
12.0
290
     0
  0
SCALE
  5
10044
102
{ACAD_REACTORS
330
1003B
102
}
330
1003B
100
AcDbScale
 70
     0
300
1/4" = 1'-0"
140
0.25
141
12.0
290
     0
  0
SCALE
  5
10045
102
{ACAD_REACTORS
330
1003B
102
}
330
1003B
100
AcDbScale
 70
     0
300
3/8" = 1'-0"
140
0.375
141
12.0
290
     0
  0
SCALE
  5
10046
102
{ACAD_REACTORS
330
1003B
102
}
330
1003B
100
AcDbScale
 70
     0
300
1/2" = 1'-0"
140
0.5
141
12.0
290
     0
  0
SCALE
  5
10047
102
{ACAD_REACTORS
330
1003B
102
}
330
1003B
100
AcDbScale
 70
     0
300
3/4" = 1'-0"
140
0.75
141
12.0
290
     0
  0
SCALE
  5
10048
102
{ACAD_REACTORS
330
1003B
102
}
330
1003B
100
AcDbScale
 70
     0
300
1" = 1'-0"
140
1.0
141
12.0
290
     0
  0
SCALE
  5
10049
102
{ACAD_REACTORS
330
1003B
102
}
330
1003B
100
AcDbScale
 70
     0
300
1-1/2" = 1'-0"
140
1.5
141
12.0
290
     0
  0
SCALE
  5
1004A
102
{ACAD_REACTORS
330
1003B
102
}
330
1003B
100
AcDbScale
 70
     0
300
3" = 1'-0"
140
3.0
141
12.0
290
     0
  0
SCALE
  5
1004B
102
{ACAD_REACTORS
330
1003B
102
}
330
1003B
100
AcDbScale
 70
     0
300
6" = 1'-0"
140
6.0
141
12.0
290
     0
  0
SCALE
  5
1004C
102
{ACAD_REACTORS
330
1003B
102
}
330
1003B
100
AcDbScale
 70
     0
300
1'-0" = 1'-0"
140
12.0
141
12.0
290
     0
  0
ACDBSECTIONVIEWSTYLE
  5
10050
102
{ACAD_XDICTIONARY
360
100F9
102
}
102
{ACAD_REACTORS
330
1004F
102
}
330
1004F
100
AcDbModelDocViewStyle
 70
     0
  3
Imperial24
290
     0
100
AcDbSectionViewStyle
 70
     0
 71
     0
 90
       78
 71
     1
340
11
 62
   256
 40
0.24
340
0
340
0
 62
   256
 40
0.24
300
I, O, Q, S, X, Z
 40
0.48
 90
        3
 40
0.18
 90
        1
 71
     2
340
10001
 90
       25
 62
   256
340
10001
 90
       50
 62
   256
 40
0.24
 40
0.0
 40
0.24
 71
     3
340
11
 62
   256
 40
0.24
 90
        1
 40
0.75
 90
        1
300
%<\AcVar ViewType \f "%tc1">% %<\AcVar ViewSectionStartId>%-%<\AcVar ViewSectionEndId>%\PSCALE %<\AcVar ViewScale \f "%sn">%
 71
     4
 62
   256
 62
   257
300
ANSI31
 40
1.0
 90
        0
290
     0
290
     0
 90
        6
 40
0.0
 40
1.570796326794896
 40
0.2617993877991494
 40
1.308996938995747
 40
-0.2617993877991494
 40
1.832595714594045
  0
TABLESTYLE
  5
10039
102
{ACAD_XDICTIONARY
360
10074
102
}
102
{ACAD_REACTORS
330
10038
102
}
330
10038
100
AcDbTableStyle
280
     0
  3
Standard
 70
     0
 71
     0
 40
0.06
 41
0.06
280
     0
281
     0
  7
STANDARD
140
0.18
170
     2
 62
     0
 63
     7
283
     0
 90
      512
 91
        0
  1

274
    -2
284
     1
 64
     0
275
    -2
285
     1
 65
     0
276
    -2
286
     1
 66
     0
277
    -2
287
     1
 67
     0
278
    -2
288
     1
 68
     0
279
    -2
289
     1
 69
     0
  7
STANDARD
140
0.25
170
     5
 62
     0
 63
     7
283
     0
 90
      512
 91
        0
  1

274
    -2
284
     1
 64
     0
275
    -2
285
     1
 65
     0
276
    -2
286
     1
 66
     0
277
    -2
287
     1
 67
     0
278
    -2
288
     1
 68
     0
279
    -2
289
     1
 69
     0
  7
STANDARD
140
0.18
170
     5
 62
     0
 63
     7
283
     0
 90
      512
 91
        0
  1

274
    -2
284
     1
 64
     0
275
    -2
285
     1
 65
     0
276
    -2
286
     1
 66
     0
277
    -2
287
     1
 67
     0
278
    -2
288
     1
 68
     0
279
    -2
289
     1
 69
     0
  0
VISUALSTYLE
  5
10023
102
{ACAD_XDICTIONARY
360
100D3
102
}
102
{ACAD_REACTORS
330
1001D
102
}
330
1001D
100
AcDbVisualStyle
  2
2dWireframe
 70
     4
177
     2
291
     0
 71
     0
176
     1
 72
     2
176
     1
 73
     0
176
     1
 90
        0
176
     1
 40
0.6
176
     1
 41
30.0
176
     1
 63
     7
421
 16777215
176
     1
 74
     1
176
     1
 91
        4
176
     1
 64
     7
176
     1
 65
   257
176
     1
 75
     1
176
     1
175
     1
176
     1
 42
1.0
176
     1
 92
        0
176
     1
 66
   257
176
     1
 43
1.0
176
     1
 76
     1
176
     1
 77
     6
176
     1
 78
     2
176
     1
 67
     7
176
     1
 79
     5
176
     1
170
     0
176
     1
171
     0
176
     1
290
     0
176
     1
 93
        1
176
     1
 44
0.0
176
     1
173
     0
176
     1
1001
ACAD
1000
AcDbSavedByObjectVersion
1070
     0
  0
VISUALSTYLE
  5
10022
102
{ACAD_XDICTIONARY
360
100D1
102
}
102
{ACAD_REACTORS
330
1001D
102
}
330
1001D
100
AcDbVisualStyle
  2
Basic
 70
     7
177
     2
291
     1
 71
     1
176
     1
 72
     0
176
     1
 73
     1
176
     1
 90
        0
176
     1
 40
0.6
176
     1
 41
30.0
176
     1
 63
     7
421
 16777215
176
     1
 74
     0
176
     1
 91
        4
176
     1
 64
     7
176
     1
 65
   257
176
     1
 75
     1
176
     1
175
     1
176
     1
 42
1.0
176
     1
 92
        8
176
     1
 66
     7
176
     1
 43
1.0
176
     1
 76
     1
176
     1
 77
     6
176
     1
 78
     2
176
     1
 67
     7
176
     1
 79
     5
176
     1
170
     0
176
     1
171
     0
176
     1
290
     0
176
     1
 93
        1
176
     1
 44
0.0
176
     1
173
     0
176
     1
1001
ACAD
1000
AcDbSavedByObjectVersion
1070
     0
  0
VISUALSTYLE
  5
10029
102
{ACAD_XDICTIONARY
360
100DF
102
}
102
{ACAD_REACTORS
330
1001D
102
}
330
1001D
100
AcDbVisualStyle
  2
Brighten
 70
    12
177
     2
291
     1
 71
     2
176
     1
 72
     2
176
     1
 73
     0
176
     1
 90
        0
176
     1
 40
0.6
176
     1
 41
30.0
176
     1
 63
     7
421
 16777215
176
     1
 74
     1
176
     1
 91
        4
176
     1
 64
     7
176
     1
 65
   257
176
     1
 75
     1
176
     1
175
     1
176
     1
 42
1.0
176
     1
 92
        8
176
     1
 66
     7
176
     1
 43
1.0
176
     1
 76
     1
176
     1
 77
     6
176
     1
 78
     2
176
     1
 67
     7
176
     1
 79
     5
176
     1
170
     0
176
     1
171
     0
176
     1
290
     0
176
     1
 93
        1
176
     1
 44
50.0
176
     1
173
     0
176
     1
1001
ACAD
1000
AcDbSavedByObjectVersion
1070
     0
  0
VISUALSTYLE
  5
1002D
102
{ACAD_XDICTIONARY
360
100E7
102
}
102
{ACAD_REACTORS
330
1001D
102
}
330
1001D
100
AcDbVisualStyle
  2
ColorChange
 70
    16
177
     2
291
     1
 71
     2
176
     1
 72
     2
176
     1
 73
     3
176
     1
 90
        0
176
     1
 40
0.6
176
     1
 41
30.0
176
     1
 63
     8
421
  8421504
176
     1
 74
     1
176
     1
 91
        4
176
     1
 64
     7
176
     1
 65
   257
176
     1
 75
     1
176
     1
175
     1
176
     1
 42
1.0
176
     1
 92
        8
176
     1
 66
     8
424
  8421504
176
     1
 43
1.0
176
     1
 76
     1
176
     1
 77
     6
176
     1
 78
     2
176
     1
 67
     7
176
     1
 79
     5
176
     1
170
     0
176
     1
171
     0
176
     1
290
     0
176
     1
 93
        1
176
     1
 44
0.0
176
     1
173
     0
176
     1
1001
ACAD
1000
AcDbSavedByObjectVersion
1070
     0
  0
VISUALSTYLE
  5
10026
102
{ACAD_XDICTIONARY
360
100D9
102
}
102
{ACAD_REACTORS
330
1001D
102
}
330
1001D
100
AcDbVisualStyle
  2
Conceptual
 70
     9
177
     2
291
     0
 71
     3
176
     1
 72
     2
176
     1
 73
     0
176
     1
 90
        0
176
     1
 40
0.6
176
     1
 41
30.0
176
     1
 63
     7
421
 16777215
176
     1
 74
     2
176
     1
 91
        2
176
     1
 64
     7
176
     1
 65
   257
176
     1
 75
     1
176
     1
175
     1
176
     1
 42
179.0
176
     1
 92
        8
176
     1
 66
     7
176
     1
 43
1.0
176
     1
 76
     1
176
     1
 77
     6
176
     1
 78
     2
176
     1
 67
     7
176
     1
 79
     3
176
     1
170
     0
176
     1
171
     0
176
     1
290
     0
176
     1
 93
        1
176
     1
 44
0.0
176
     1
173
     0
176
     1
1001
ACAD
1000
AcDbSavedByObjectVersion
1070
     0
  0
VISUALSTYLE
  5
10028
102
{ACAD_XDICTIONARY
360
100DD
102
}
102
{ACAD_REACTORS
330
1001D
102
}
330
1001D
100
AcDbVisualStyle
  2
Dim
 70
    11
177
     2
291
     1
 71
     2
176
     1
 72
     2
176
     1
 73
     0
176
     1
 90
        0
176
     1
 40
0.6
176
     1
 41
30.0
176
     1
 63
     7
421
 16777215
176
     1
 74
     1
176
     1
 91
        4
176
     1
 64
     7
176
     1
 65
   257
176
     1
 75
     1
176
     1
175
     1
176
     1
 42
1.0
176
     1
 92
        8
176
     1
 66
     7
176
     1
 43
1.0
176
     1
 76
     1
176
     1
 77
     6
176
     1
 78
     2
176
     1
 67
     7
176
     1
 79
     5
176
     1
170
     0
176
     1
171
     0
176
     1
290
     0
176
     1
 93
        1
176
     1
 44
-50.0
176
     1
173
     0
176
     1
1001
ACAD
1000
AcDbSavedByObjectVersion
1070
     0
  0
VISUALSTYLE
  5
10035
102
{ACAD_XDICTIONARY
360
100F7
102
}
102
{ACAD_REACTORS
330
1001D
102
}
330
1001D
100
AcDbVisualStyle
  2
EdgeColorOff
 70
    22
177
     2
291
     1
 71
     2
176
     0
 72
     2
176
     0
 73
     0
176
     0
 90
        0
176
     0
 40
0.6
176
     0
 41
30.0
176
     0
 63
     7
421
 16777215
176
     0
 74
     1
176
     0
 91
        4
176
     0
 64
     7
176
     0
 65
   257
176
     0
 75
     1
176
     0
175
     1
176
     0
 42
1.0
176
     0
 92
        8
176
     2
 66
     7
176
     0
 43
1.0
176
     0
 76
     1
176
     0
 77
     6
176
     0
 78
     2
176
     0
 67
     7
176
     0
 79
     5
176
     0
170
     0
176
     0
171
     0
176
     0
290
     0
176
     0
 93
        1
176
     0
 44
0.0
176
     0
173
     0
176
     0
1001
ACAD
1000
AcDbSavedByObjectVersion
1070
     0
  0
VISUALSTYLE
  5
1002C
102
{ACAD_XDICTIONARY
360
100E5
102
}
102
{ACAD_REACTORS
330
1001D
102
}
330
1001D
100
AcDbVisualStyle
  2
Facepattern
 70
    15
177
     2
291
     1
 71
     2
176
     1
 72
     2
176
     1
 73
     0
176
     1
 90
        0
176
     1
 40
0.6
176
     1
 41
30.0
176
     1
 63
     7
421
 16777215
176
     1
 74
     1
176
     1
 91
        4
176
     1
 64
     7
176
     1
 65
   257
176
     1
 75
     1
176
     1
175
     1
176
     1
 42
1.0
176
     1
 92
        8
176
     1
 66
     7
176
     1
 43
1.0
176
     1
 76
     1
176
     1
 77
     6
176
     1
 78
     2
176
     1
 67
     7
176
     1
 79
     5
176
     1
170
     0
176
     1
171
     0
176
     1
290
     0
176
     1
 93
        1
176
     1
 44
0.0
176
     1
173
     0
176
     1
1001
ACAD
1000
AcDbSavedByObjectVersion
1070
     0
  0
VISUALSTYLE
  5
1001E
102
{ACAD_XDICTIONARY
360
100C9
102
}
102
{ACAD_REACTORS
330
1001D
102
}
330
1001D
100
AcDbVisualStyle
  2
Flat
 70
     0
177
     2
291
     1
 71
     2
176
     1
 72
     1
176
     1
 73
     1
176
     1
 90
        2
176
     1
 40
0.6
176
     1
 41
30.0
176
     1
 63
     7
421
 16777215
176
     1
 74
     0
176
     1
 91
        0
176
     1
 64
     7
176
     1
 65
   257
176
     1
 75
     1
176
     1
175
     1
176
     1
 42
1.0
176
     1
 92
        8
176
     1
 66
     7
176
     1
 43
1.0
176
     1
 76
     1
176
     1
 77
     6
176
     1
 78
     2
176
     1
 67
     7
176
     1
 79
     5
176
     1
170
     0
176
     1
171
     0
176
     1
290
     0
176
     1
 93
       13
176
     1
 44
0.0
176
     1
173
     0
176
     1
1001
ACAD
1000
AcDbSavedByObjectVersion
1070
     0
  0
VISUALSTYLE
  5
1001F
102
{ACAD_XDICTIONARY
360
100CB
102
}
102
{ACAD_REACTORS
330
1001D
102
}
330
1001D
100
AcDbVisualStyle
  2
FlatWithEdges
 70
     1
177
     2
291
     1
 71
     2
176
     1
 72
     1
176
     1
 73
     1
176
     1
 90
        2
176
     1
 40
0.6
176
     1
 41
30.0
176
     1
 63
     7
421
 16777215
176
     1
 74
     1
176
     1
 91
        0
176
     1
 64
     7
176
     1
 65
   257
176
     1
 75
     1
176
     1
175
     1
176
     1
 42
1.0
176
     1
 92
        0
176
     1
 66
   257
176
     1
 43
1.0
176
     1
 76
     1
176
     1
 77
     6
176
     1
 78
     2
176
     1
 67
     7
176
     1
 79
     5
176
     1
170
     0
176
     1
171
     0
176
     1
290
     0
176
     1
 93
       13
176
     1
 44
0.0
176
     1
173
     0
176
     1
1001
ACAD
1000
AcDbSavedByObjectVersion
1070
     0
  0
VISUALSTYLE
  5
10020
102
{ACAD_XDICTIONARY
360
100CD
102
}
102
{ACAD_REACTORS
330
1001D
102
}
330
1001D
100
AcDbVisualStyle
  2
Gouraud
 70
     2
177
     2
291
     1
 71
     2
176
     1
 72
     2
176
     1
 73
     1
176
     1
 90
        2
176
     1
 40
0.6
176
     1
 41
30.0
176
     1
 63
     7
421
 16777215
176
     1
 74
     0
176
     1
 91
        0
176
     1
 64
     7
176
     1
 65
   257
176
     1
 75
     1
176
     1
175
     1
176
     1
 42
1.0
176
     1
 92
        0
176
     1
 66
     7
176
     1
 43
1.0
176
     1
 76
     1
176
     1
 77
     6
176
     1
 78
     2
176
     1
 67
     7
176
     1
 79
     5
176
     1
170
     0
176
     1
171
     0
176
     1
290
     0
176
     1
 93
       13
176
     1
 44
0.0
176
     1
173
     0
176
     1
1001
ACAD
1000
AcDbSavedByObjectVersion
1070
     0
  0
VISUALSTYLE
  5
10021
102
{ACAD_XDICTIONARY
360
100CF
102
}
102
{ACAD_REACTORS
330
1001D
102
}
330
1001D
100
AcDbVisualStyle
  2
GouraudWithEdges
 70
     3
177
     2
291
     1
 71
     2
176
     1
 72
     2
176
     1
 73
     1
176
     1
 90
        2
176
     1
 40
0.6
176
     1
 41
30.0
176
     1
 63
     7
421
 16777215
176
     1
 74
     1
176
     1
 91
        0
176
     1
 64
     7
176
     1
 65
   257
176
     1
 75
     1
176
     1
175
     1
176
     1
 42
1.0
176
     1
 92
        0
176
     1
 66
   257
176
     1
 43
1.0
176
     1
 76
     1
176
     1
 77
     6
176
     1
 78
     2
176
     1
 67
     7
176
     1
 79
     5
176
     1
170
     0
176
     1
171
     0
176
     1
290
     0
176
     1
 93
       13
176
     1
 44
0.0
176
     1
173
     0
176
     1
1001
ACAD
1000
AcDbSavedByObjectVersion
1070
     0
  0
VISUALSTYLE
  5
10025
102
{ACAD_XDICTIONARY
360
100D7
102
}
102
{ACAD_REACTORS
330
1001D
102
}
330
1001D
100
AcDbVisualStyle
  2
Hidden
 70
     6
177
     2
291
     0
 71
     1
176
     1
 72
     2
176
     1
 73
     2
176
     1
 90
        0
176
     1
 40
0.6
176
     1
 41
30.0
176
     1
 63
     7
421
 16777215
176
     1
 74
     2
176
     1
 91
        2
176
     1
 64
     7
176
     1
 65
   257
176
     1
 75
     2
176
     1
175
     1
176
     1
 42
40.0
176
     1
 92
        0
176
     1
 66
   257
176
     1
 43
1.0
176
     1
 76
     1
176
     1
 77
     6
176
     1
 78
     2
176
     1
 67
     7
176
     1
 79
     3
176
     1
170
     0
176
     1
171
     0
176
     1
290
     0
176
     1
 93
        1
176
     1
 44
0.0
176
     1
173
     0
176
     1
1001
ACAD
1000
AcDbSavedByObjectVersion
1070
     0
  0
VISUALSTYLE
  5
10033
102
{ACAD_XDICTIONARY
360
100F3
102
}
102
{ACAD_REACTORS
330
1001D
102
}
330
1001D
100
AcDbVisualStyle
  2
JitterOff
 70
    20
177
     2
291
     1
 71
     2
176
     0
 72
     2
176
     0
 73
     0
176
     0
 90
        0
176
     0
 40
0.6
176
     0
 41
30.0
176
     0
 63
     7
421
 16777215
176
     0
 74
     1
176
     0
 91
        4
176
     0
 64
     7
176
     0
 65
   257
176
     0
 75
     1
176
     0
175
     1
176
     0
 42
1.0
176
     0
 92
       10
176
     2
 66
     7
176
     0
 43
1.0
176
     0
 76
     1
176
     0
 77
     6
176
     0
 78
     2
176
     0
 67
     7
176
     0
 79
     5
176
     0
170
     0
176
     0
171
     0
176
     0
290
     0
176
     0
 93
        1
176
     0
 44
0.0
176
     0
173
     0
176
     0
1001
ACAD
1000
AcDbSavedByObjectVersion
1070
     0
  0
VISUALSTYLE
  5
1002B
102
{ACAD_XDICTIONARY
360
100E3
102
}
102
{ACAD_REACTORS
330
1001D
102
}
330
1001D
100
AcDbVisualStyle
  2
Linepattern
 70
    14
177
     2
291
     1
 71
     2
176
     1
 72
     2
176
     1
 73
     0
176
     1
 90
        0
176
     1
 40
0.6
176
     1
 41
30.0
176
     1
 63
     7
421
 16777215
176
     1
 74
     1
176
     1
 91
        4
176
     1
 64
     7
176
     1
 65
   257
176
     1
 75
     7
176
     1
175
     7
176
     1
 42
1.0
176
     1
 92
        8
176
     1
 66
     7
176
     1
 43
1.0
176
     1
 76
     1
176
     1
 77
     6
176
     1
 78
     2
176
     1
 67
     7
176
     1
 79
     5
176
     1
170
     0
176
     1
171
     0
176
     1
290
     0
176
     1
 93
        1
176
     1
 44
0.0
176
     1
173
     0
176
     1
1001
ACAD
1000
AcDbSavedByObjectVersion
1070
     0
  0
VISUALSTYLE
  5
10034
102
{ACAD_XDICTIONARY
360
100F5
102
}
102
{ACAD_REACTORS
330
1001D
102
}
330
1001D
100
AcDbVisualStyle
  2
OverhangOff
 70
    21
177
     2
291
     1
 71
     2
176
     0
 72
     2
176
     0
 73
     0
176
     0
 90
        0
176
     0
 40
0.6
176
     0
 41
30.0
176
     0
 63
     7
421
 16777215
176
     0
 74
     1
176
     0
 91
        4
176
     0
 64
     7
176
     0
 65
   257
176
     0
 75
     1
176
     0
175
     1
176
     0
 42
1.0
176
     0
 92
        9
176
     2
 66
     7
176
     0
 43
1.0
176
     0
 76
     1
176
     0
 77
     6
176
     0
 78
     2
176
     0
 67
     7
176
     0
 79
     5
176
     0
170
     0
176
     0
171
     0
176
     0
290
     0
176
     0
 93
        1
176
     0
 44
0.0
176
     0
173
     0
176
     0
1001
ACAD
1000
AcDbSavedByObjectVersion
1070
     0
  0
VISUALSTYLE
  5
10027
102
{ACAD_XDICTIONARY
360
100DB
102
}
102
{ACAD_REACTORS
330
1001D
102
}
330
1001D
100
AcDbVisualStyle
  2
Realistic
 70
     8
177
     2
291
     0
 71
     2
176
     1
 72
     3
176
     1
 73
     0
176
     1
 90
        2
176
     1
 40
0.6
176
     1
 41
30.0
176
     1
 63
     7
421
 16777215
176
     1
 74
     0
176
     1
 91
        0
176
     1
 64
     7
176
     1
 65
   257
176
     1
 75
     1
176
     1
175
     1
176
     1
 42
1.0
176
     1
 92
        8
176
     1
 66
   257
176
     1
 43
1.0
176
     1
 76
     1
176
     1
 77
     6
176
     1
 78
     2
176
     1
 67
     7
176
     1
 79
     3
176
     1
170
     0
176
     1
171
     0
176
     1
290
     0
176
     1
 93
       13
176
     1
 44
0.0
176
     1
173
     0
176
     1
1001
ACAD
1000
AcDbSavedByObjectVersion
1070
     0
  0
VISUALSTYLE
  5
10032
102
{ACAD_XDICTIONARY
360
100F1
102
}
102
{ACAD_REACTORS
330
1001D
102
}
330
1001D
100
AcDbVisualStyle
  2
Shaded
 70
    27
177
     2
291
     0
 71
     2
176
     1
 72
     2
176
     1
 73
     1
176
     1
 90
        2
176
     1
 40
0.6
176
     1
 41
30.0
176
     1
 63
     7
421
 16777215
176
     1
 74
     0
176
     1
 91
        4
176
     1
 64
     7
176
     1
 65
   257
176
     1
 75
     1
176
     1
175
     1
176
     1
 42
1.0
176
     1
 92
        8
176
     1
 66
   257
176
     1
 43
1.0
176
     1
 76
     1
176
     1
 77
     6
176
     1
 78
     2
176
     1
 67
     8
425
  7895160
176
     1
 79
     3
176
     1
170
     0
176
     1
171
     0
176
     1
290
     0
176
     1
 93
        5
176
     1
 44
0.0
176
     1
173
     0
176
     1
1001
ACAD
1000
AcDbSavedByObjectVersion
1070
     0
  0
VISUALSTYLE
  5
10031
102
{ACAD_XDICTIONARY
360
100EF
102
}
102
{ACAD_REACTORS
330
1001D
102
}
330
1001D
100
AcDbVisualStyle
  2
Shaded with edges
 70
    26
177
     2
291
     0
 71
     2
176
     1
 72
     2
176
     1
 73
     1
176
     1
 90
        2
176
     1
 40
0.6
176
     1
 41
30.0
176
     1
 63
     7
421
 16777215
176
     1
 74
     1
176
     1
 91
        2
176
     1
 64
     7
176
     1
 65
   257
176
     1
 75
     2
176
     1
175
     1
176
     1
 42
1.0
176
     1
 92
        8
176
     1
 66
   257
176
     1
 43
1.0
176
     1
 76
     1
176
     1
 77
     6
176
     1
 78
     2
176
     1
 67
     7
176
     1
 79
     3
176
     1
170
     0
176
     1
171
     0
176
     1
290
     0
176
     1
 93
        5
176
     1
 44
0.0
176
     1
173
     0
176
     1
1001
ACAD
1000
AcDbSavedByObjectVersion
1070
     0
  0
VISUALSTYLE
  5
1002E
102
{ACAD_XDICTIONARY
360
100E9
102
}
102
{ACAD_REACTORS
330
1001D
102
}
330
1001D
100
AcDbVisualStyle
  2
Shades of Gray
 70
    23
177
     2
291
     0
 71
     2
176
     1
 72
     2
176
     1
 73
     3
176
     1
 90
        0
176
     1
 40
0.6
176
     1
 41
30.0
176
     1
 63
     7
421
 16777215
176
     1
 74
     2
176
     1
 91
        2
176
     1
 64
     7
176
     1
 65
     7
176
     1
 75
     1
176
     1
175
     1
176
     1
 42
40.0
176
     1
 92
        8
176
     1
 66
     7
176
     1
 43
1.0
176
     1
 76
     1
176
     1
 77
     6
176
     1
 78
     2
176
     1
 67
     7
176
     1
 79
     3
176
     1
170
     0
176
     1
171
     0
176
     1
290
     0
176
     1
 93
        1
176
     1
 44
0.0
176
     1
173
     0
176
     1
1001
ACAD
1000
AcDbSavedByObjectVersion
1070
     0
  0
VISUALSTYLE
  5
1002F
102
{ACAD_XDICTIONARY
360
100EB
102
}
102
{ACAD_REACTORS
330
1001D
102
}
330
1001D
100
AcDbVisualStyle
  2
Sketchy
 70
    24
177
     2
291
     0
 71
     1
176
     1
 72
     2
176
     1
 73
     2
176
     1
 90
        0
176
     1
 40
0.6
176
     1
 41
30.0
176
     1
 63
     7
421
 16777215
176
     1
 74
     2
176
     1
 91
        2
176
     1
 64
     7
176
     1
 65
     7
176
     1
 75
     1
176
     1
175
     1
176
     1
 42
40.0
176
     1
 92
       11
176
     1
 66
     7
176
     1
 43
1.0
176
     1
 76
     1
176
     1
 77
     6
176
     1
 78
     2
176
     1
 67
     7
176
     1
 79
     6
176
     1
170
     0
176
     1
171
     0
176
     1
290
     0
176
     1
 93
        1
176
     1
 44
0.0
176
     1
173
     0
176
     1
1001
ACAD
1000
AcDbSavedByObjectVersion
1070
     0
  0
VISUALSTYLE
  5
1002A
102
{ACAD_XDICTIONARY
360
100E1
102
}
102
{ACAD_REACTORS
330
1001D
102
}
330
1001D
100
AcDbVisualStyle
  2
Thicken
 70
    13
177
     2
291
     1
 71
     2
176
     1
 72
     2
176
     1
 73
     0
176
     1
 90
        0
176
     1
 40
0.6
176
     1
 41
30.0
176
     1
 63
     7
421
 16777215
176
     1
 74
     1
176
     1
 91
        4
176
     1
 64
     7
176
     1
 65
   257
176
     1
 75
     1
176
     1
175
     1
176
     1
 42
1.0
176
     1
 92
       12
176
     1
 66
     7
176
     1
 43
1.0
176
     1
 76
     1
176
     1
 77
     6
176
     1
 78
     2
176
     1
 67
     7
176
     1
 79
     5
176
     1
170
     0
176
     1
171
     0
176
     1
290
     0
176
     1
 93
        1
176
     1
 44
0.0
176
     1
173
     0
176
     1
1001
ACAD
1000
AcDbSavedByObjectVersion
1070
     0
  0
VISUALSTYLE
  5
10024
102
{ACAD_XDICTIONARY
360
100D5
102
}
102
{ACAD_REACTORS
330
1001D
102
}
330
1001D
100
AcDbVisualStyle
  2
Wireframe
 70
     5
177
     2
291
     0
 71
     0
176
     1
 72
     2
176
     1
 73
     0
176
     1
 90
        0
176
     1
 40
0.6
176
     1
 41
30.0
176
     1
 63
     7
421
 16777215
176
     1
 74
     1
176
     1
 91
        4
176
     1
 64
     7
176
     1
 65
   257
176
     1
 75
     1
176
     1
175
     1
176
     1
 42
1.0
176
     1
 92
        0
176
     1
 66
   257
176
     1
 43
1.0
176
     1
 76
     1
176
     1
 77
     6
176
     1
 78
     2
176
     1
 67
     7
176
     1
 79
     3
176
     1
170
     0
176
     1
171
     0
176
     1
290
     0
176
     1
 93
        1
176
     1
 44
0.0
176
     1
173
     0
176
     1
1001
ACAD
1000
AcDbSavedByObjectVersion
1070
     0
  0
VISUALSTYLE
  5
10030
102
{ACAD_XDICTIONARY
360
100ED
102
}
102
{ACAD_REACTORS
330
1001D
102
}
330
1001D
100
AcDbVisualStyle
  2
X-Ray
 70
    25
177
     2
291
     0
 71
     2
176
     1
 72
     2
176
     1
 73
     1
176
     1
 90
        1
176
     1
 40
0.5
176
     1
 41
30.0
176
     1
 63
     7
421
 16777215
176
     1
 74
     1
176
     1
 91
        0
176
     1
 64
     7
176
     1
 65
   257
176
     1
 75
     1
176
     1
175
     1
176
     1
 42
1.0
176
     1
 92
        8
176
     1
 66
     7
176
     1
 43
1.0
176
     1
 76
     1
176
     1
 77
     6
176
     1
 78
     2
176
     1
 67
     7
176
     1
 79
     3
176
     1
170
     0
176
     1
171
     0
176
     1
290
     0
176
     1
 93
       13
176
     1
 44
0.0
176
     1
173
     0
176
     1
1001
ACAD
1000
AcDbSavedByObjectVersion
1070
     0
  0
DICTIONARYVAR
  5
10064
102
{ACAD_REACTORS
330
1005E
102
}
330
1005E
100
DictionaryVariables
280
     0
  1
1:1
  0
DICTIONARYVAR
  5
10060
102
{ACAD_REACTORS
330
1005E
102
}
330
1005E
100
DictionaryVariables
280
     0
  1
STANDARD
  0
DICTIONARYVAR
  5
1005F
102
{ACAD_REACTORS
330
1005E
102
}
330
1005E
100
DictionaryVariables
280
     0
  1
STANDARD
  0
DICTIONARYVAR
  5
10061
102
{ACAD_REACTORS
330
1005E
102
}
330
1005E
100
DictionaryVariables
280
     0
  1
Imperial24
  0
DICTIONARYVAR
  5
10062
102
{ACAD_REACTORS
330
1005E
102
}
330
1005E
100
DictionaryVariables
280
     0
  1
Imperial24
  0
DICTIONARYVAR
  5
10066
102
{ACAD_REACTORS
330
1005E
102
}
330
1005E
100
DictionaryVariables
280
     0
  1
1
  0
DICTIONARYVAR
  5
10067
102
{ACAD_REACTORS
330
1005E
102
}
330
1005E
100
DictionaryVariables
280
     0
  1
15
  0
DICTIONARYVAR
  5
10065
102
{ACAD_REACTORS
330
1005E
102
}
330
1005E
100
DictionaryVariables
280
     0
  1
0
  0
DICTIONARYVAR
  5
10063
102
{ACAD_REACTORS
330
1005E
102
}
330
1005E
100
DictionaryVariables
280
     0
  1
0
  0
DICTIONARY
  5
100C8
102
{ACAD_REACTORS
330
100C6
102
}
330
100C6
100
AcDbDictionary
281
     1
  0
DICTIONARY
  5
100C7
102
{ACAD_REACTORS
330
100C6
102
}
330
100C6
100
AcDbDictionary
281
     1
  3
140524419048080
350
100C1
  3
140524419048096
350
100C2
  3
140524419048112
350
100C3
  3
140524419048128
350
100C4
  3
140524419048144
350
100C5
  0
DICTIONARY
  5
100FB
330
10052
100
AcDbDictionary
280
     1
281
     1
  3
ACAD_XREC_ROUNDTRIP
360
100FC
  0
DICTIONARY
  5
1000E
330
1000D
100
AcDbDictionary
280
     1
281
     1
  3
BUMPTILE
360
10010
  3
DIFFUSETILE
360
1000F
  3
OPACITYTILE
360
10013
  3
REFLECTIONTILE
360
10012
  3
REFRACTIONTILE
360
10014
  3
SPECULARTILE
360
10011
  0
DICTIONARY
  5
10006
330
10005
100
AcDbDictionary
280
     1
281
     1
  3
BUMPTILE
360
10008
  3
DIFFUSETILE
360
10007
  3
OPACITYTILE
360
1000B
  3
REFLECTIONTILE
360
1000A
  3
REFRACTIONTILE
360
1000C
  3
SPECULARTILE
360
10009
  0
DICTIONARY
  5
10016
330
10015
100
AcDbDictionary
280
     1
281
     1
  3
BUMPTILE
360
10018
  3
DIFFUSETILE
360
10017
  3
OPACITYTILE
360
1001B
  3
REFLECTIONTILE
360
1001A
  3
REFRACTIONTILE
360
1001C
  3
SPECULARTILE
360
10019
  0
DICTIONARY
  5
100F9
330
10050
100
AcDbDictionary
280
     1
281
     1
  3
ACAD_XREC_ROUNDTRIP
360
100FA
  0
DICTIONARY
  5
10074
330
10039
100
AcDbDictionary
280
     1
281
     1
  3
ACAD_ROUNDTRIP_2008_TABLESTYLE_CELLSTYLEMAP
360
100BF
  0
DICTIONARY
  5
100D3
330
10023
100
AcDbDictionary
280
     1
281
     1
  3
ACAD_XREC_ROUNDTRIP
360
100D4
  0
DICTIONARY
  5
100D1
330
10022
100
AcDbDictionary
280
     1
281
     1
  3
ACAD_XREC_ROUNDTRIP
360
100D2
  0
DICTIONARY
  5
100DF
330
10029
100
AcDbDictionary
280
     1
281
     1
  3
ACAD_XREC_ROUNDTRIP
360
100E0
  0
DICTIONARY
  5
100E7
330
1002D
100
AcDbDictionary
280
     1
281
     1
  3
ACAD_XREC_ROUNDTRIP
360
100E8
  0
DICTIONARY
  5
100D9
330
10026
100
AcDbDictionary
280
     1
281
     1
  3
ACAD_XREC_ROUNDTRIP
360
100DA
  0
DICTIONARY
  5
100DD
330
10028
100
AcDbDictionary
280
     1
281
     1
  3
ACAD_XREC_ROUNDTRIP
360
100DE
  0
DICTIONARY
  5
100F7
330
10035
100
AcDbDictionary
280
     1
281
     1
  3
ACAD_XREC_ROUNDTRIP
360
100F8
  0
DICTIONARY
  5
100E5
330
1002C
100
AcDbDictionary
280
     1
281
     1
  3
ACAD_XREC_ROUNDTRIP
360
100E6
  0
DICTIONARY
  5
100C9
330
1001E
100
AcDbDictionary
280
     1
281
     1
  3
ACAD_XREC_ROUNDTRIP
360
100CA
  0
DICTIONARY
  5
100CB
330
1001F
100
AcDbDictionary
280
     1
281
     1
  3
ACAD_XREC_ROUNDTRIP
360
100CC
  0
DICTIONARY
  5
100CD
330
10020
100
AcDbDictionary
280
     1
281
     1
  3
ACAD_XREC_ROUNDTRIP
360
100CE
  0
DICTIONARY
  5
100CF
330
10021
100
AcDbDictionary
280
     1
281
     1
  3
ACAD_XREC_ROUNDTRIP
360
100D0
  0
DICTIONARY
  5
100D7
330
10025
100
AcDbDictionary
280
     1
281
     1
  3
ACAD_XREC_ROUNDTRIP
360
100D8
  0
DICTIONARY
  5
100F3
330
10033
100
AcDbDictionary
280
     1
281
     1
  3
ACAD_XREC_ROUNDTRIP
360
100F4
  0
DICTIONARY
  5
100E3
330
1002B
100
AcDbDictionary
280
     1
281
     1
  3
ACAD_XREC_ROUNDTRIP
360
100E4
  0
DICTIONARY
  5
100F5
330
10034
100
AcDbDictionary
280
     1
281
     1
  3
ACAD_XREC_ROUNDTRIP
360
100F6
  0
DICTIONARY
  5
100DB
330
10027
100
AcDbDictionary
280
     1
281
     1
  3
ACAD_XREC_ROUNDTRIP
360
100DC
  0
DICTIONARY
  5
100F1
330
10032
100
AcDbDictionary
280
     1
281
     1
  3
ACAD_XREC_ROUNDTRIP
360
100F2
  0
DICTIONARY
  5
100EF
330
10031
100
AcDbDictionary
280
     1
281
     1
  3
ACAD_XREC_ROUNDTRIP
360
100F0
  0
DICTIONARY
  5
100E9
330
1002E
100
AcDbDictionary
280
     1
281
     1
  3
ACAD_XREC_ROUNDTRIP
360
100EA
  0
DICTIONARY
  5
100EB
330
1002F
100
AcDbDictionary
280
     1
281
     1
  3
ACAD_XREC_ROUNDTRIP
360
100EC
  0
DICTIONARY
  5
100E1
330
1002A
100
AcDbDictionary
280
     1
281
     1
  3
ACAD_XREC_ROUNDTRIP
360
100E2
  0
DICTIONARY
  5
100D5
330
10024
100
AcDbDictionary
280
     1
281
     1
  3
ACAD_XREC_ROUNDTRIP
360
100D6
  0
DICTIONARY
  5
100ED
330
10030
100
AcDbDictionary
280
     1
281
     1
  3
ACAD_XREC_ROUNDTRIP
360
100EE
  0
XRECORD
  5
100C1
102
{ACAD_REACTORS
330
100C7
102
}
330
100C7
100
AcDbXrecord
280
     1
  1
AcDb_Thumbnail_Schema
102
{ATTRRECORD
341
100C2
  2
AcDbDs::TreatedAsObjectData
280
     1
291
     1
102
ATTRRECORD}
102
{ATTRRECORD
341
100C3
  2
AcDbDs::Legacy
280
     1
291
     1
102
ATTRRECORD}
  2
AcDbDs::ID
280
    10
 91
        8
102
{ATTRRECORD
341
100C4
  2
AcDs:Indexable
280
     1
291
     1
102
ATTRRECORD}
102
{ATTRRECORD
341
100C5
  2
AcDbDs::HandleAttribute
280
     7
282
     1
102
ATTRRECORD}
  2
Thumbnail_Data
280
    15
 91
        0
  0
XRECORD
  5
100C2
102
{ACAD_REACTORS
330
100C7
102
}
330
100C7
100
AcDbXrecord
280
     1
  1
AcDbDs::TreatedAsObjectDataSchema
  2
AcDbDs::TreatedAsObjectData
280
     1
 91
        0
  0
XRECORD
  5
100C3
102
{ACAD_REACTORS
330
100C7
102
}
330
100C7
100
AcDbXrecord
280
     1
  1
AcDbDs::LegacySchema
  2
AcDbDs::Legacy
280
     1
 91
        0
  0
XRECORD
  5
100C4
102
{ACAD_REACTORS
330
100C7
102
}
330
100C7
100
AcDbXrecord
280
     1
  1
AcDbDs::IndexedPropertySchema
  2
AcDs:Indexable
280
     1
 91
        0
  0
XRECORD
  5
100C5
102
{ACAD_REACTORS
330
100C7
102
}
330
100C7
100
AcDbXrecord
280
     1
  1
AcDbDs::HandleAttributeSchema
  2
AcDbDs::HandleAttribute
280
     7
 91
        1
284
     1
  0
XRECORD
  5
100FC
102
{ACAD_REACTORS
330
100FB
102
}
330
100FB
100
AcDbXrecord
280
     1
102
DISPLAYNAME
  1
Imperial24
102
FLAGS
 90
        0
  0
XRECORD
  5
10010
102
{ACAD_REACTORS
330
1000E
102
}
330
1000E
100
AcDbXrecord
280
     1
270
     1
271
     1
  0
XRECORD
  5
1000F
102
{ACAD_REACTORS
330
1000E
102
}
330
1000E
100
AcDbXrecord
280
     1
270
     1
271
     1
  0
XRECORD
  5
10013
102
{ACAD_REACTORS
330
1000E
102
}
330
1000E
100
AcDbXrecord
280
     1
270
     1
271
     1
  0
XRECORD
  5
10012
102
{ACAD_REACTORS
330
1000E
102
}
330
1000E
100
AcDbXrecord
280
     1
270
     1
271
     1
  0
XRECORD
  5
10014
102
{ACAD_REACTORS
330
1000E
102
}
330
1000E
100
AcDbXrecord
280
     1
270
     1
271
     1
  0
XRECORD
  5
10011
102
{ACAD_REACTORS
330
1000E
102
}
330
1000E
100
AcDbXrecord
280
     1
270
     1
271
     1
  0
XRECORD
  5
10008
102
{ACAD_REACTORS
330
10006
102
}
330
10006
100
AcDbXrecord
280
     1
270
     1
271
     1
  0
XRECORD
  5
10007
102
{ACAD_REACTORS
330
10006
102
}
330
10006
100
AcDbXrecord
280
     1
270
     1
271
     1
  0
XRECORD
  5
1000B
102
{ACAD_REACTORS
330
10006
102
}
330
10006
100
AcDbXrecord
280
     1
270
     1
271
     1
  0
XRECORD
  5
1000A
102
{ACAD_REACTORS
330
10006
102
}
330
10006
100
AcDbXrecord
280
     1
270
     1
271
     1
  0
XRECORD
  5
1000C
102
{ACAD_REACTORS
330
10006
102
}
330
10006
100
AcDbXrecord
280
     1
270
     1
271
     1
  0
XRECORD
  5
10009
102
{ACAD_REACTORS
330
10006
102
}
330
10006
100
AcDbXrecord
280
     1
270
     1
271
     1
  0
XRECORD
  5
10018
102
{ACAD_REACTORS
330
10016
102
}
330
10016
100
AcDbXrecord
280
     1
270
     1
271
     1
  0
XRECORD
  5
10017
102
{ACAD_REACTORS
330
10016
102
}
330
10016
100
AcDbXrecord
280
     1
270
     1
271
     1
  0
XRECORD
  5
1001B
102
{ACAD_REACTORS
330
10016
102
}
330
10016
100
AcDbXrecord
280
     1
270
     1
271
     1
  0
XRECORD
  5
1001A
102
{ACAD_REACTORS
330
10016
102
}
330
10016
100
AcDbXrecord
280
     1
270
     1
271
     1
  0
XRECORD
  5
1001C
102
{ACAD_REACTORS
330
10016
102
}
330
10016
100
AcDbXrecord
280
     1
270
     1
271
     1
  0
XRECORD
  5
10019
102
{ACAD_REACTORS
330
10016
102
}
330
10016
100
AcDbXrecord
280
     1
270
     1
271
     1
  0
XRECORD
  5
100FA
102
{ACAD_REACTORS
330
100F9
102
}
330
100F9
100
AcDbXrecord
280
     1
102
DISPLAYNAME
  1
Imperial24
102
FLAGS
 90
        0
  0
CELLSTYLEMAP
  5
100BF
102
{ACAD_REACTORS
330
10074
102
}
330
10074
100
AcDbCellStyleMap
 90
        3
300
CELLSTYLE
  1
TABLEFORMAT_BEGIN
 90
        5
170
     1
 91
        0
 92
    32768
 62
   257
 93
        1
300
CONTENTFORMAT
  1
CONTENTFORMAT_BEGIN
 90
        0
 91
        0
 92
      512
 93
        0
300

 40
0.0
140
1.0
 94
        5
 62
     0
340
11
144
0.25
309
CONTENTFORMAT_END
171
     1
301
MARGIN
  1
CELLMARGIN_BEGIN
 40
0.06
 40
0.06
 40
0.06
 40
0.06
 40
0.18
 40
0.18
309
CELLMARGIN_END
 94
        6
 95
        1
302
GRIDFORMAT
  1
GRIDFORMAT_BEGIN
 90
        0
 91
        1
 62
     0
 92
       -2
340
0
 93
        0
 40
0.045
309
GRIDFORMAT_END
 95
        2
302
GRIDFORMAT
  1
GRIDFORMAT_BEGIN
 90
        0
 91
        1
 62
     0
 92
       -2
340
0
 93
        0
 40
0.045
309
GRIDFORMAT_END
 95
        4
302
GRIDFORMAT
  1
GRIDFORMAT_BEGIN
 90
        0
 91
        1
 62
     0
 92
       -2
340
0
 93
        0
 40
0.045
309
GRIDFORMAT_END
 95
        8
302
GRIDFORMAT
  1
GRIDFORMAT_BEGIN
 90
        0
 91
        1
 62
     0
 92
       -2
340
0
 93
        0
 40
0.045
309
GRIDFORMAT_END
 95
       16
302
GRIDFORMAT
  1
GRIDFORMAT_BEGIN
 90
        0
 91
        1
 62
     0
 92
       -2
340
0
 93
        0
 40
0.045
309
GRIDFORMAT_END
 95
       32
302
GRIDFORMAT
  1
GRIDFORMAT_BEGIN
 90
        0
 91
        1
 62
     0
 92
       -2
340
0
 93
        0
 40
0.045
309
GRIDFORMAT_END
309
TABLEFORMAT_END
  1
CELLSTYLE_BEGIN
 90
        1
 91
        1
300
_TITLE
309
CELLSTYLE_END
300
CELLSTYLE
  1
TABLEFORMAT_BEGIN
 90
        5
170
     1
 91
        0
 92
        0
 62
   257
 93
        1
300
CONTENTFORMAT
  1
CONTENTFORMAT_BEGIN
 90
        0
 91
        0
 92
      512
 93
        0
300

 40
0.0
140
1.0
 94
        5
 62
     0
340
11
144
0.18
309
CONTENTFORMAT_END
171
     1
301
MARGIN
  1
CELLMARGIN_BEGIN
 40
0.06
 40
0.06
 40
0.06
 40
0.06
 40
0.18
 40
0.18
309
CELLMARGIN_END
 94
        6
 95
        1
302
GRIDFORMAT
  1
GRIDFORMAT_BEGIN
 90
        0
 91
        1
 62
     0
 92
       -2
340
0
 93
        0
 40
0.045
309
GRIDFORMAT_END
 95
        2
302
GRIDFORMAT
  1
GRIDFORMAT_BEGIN
 90
        0
 91
        1
 62
     0
 92
       -2
340
0
 93
        0
 40
0.045
309
GRIDFORMAT_END
 95
        4
302
GRIDFORMAT
  1
GRIDFORMAT_BEGIN
 90
        0
 91
        1
 62
     0
 92
       -2
340
0
 93
        0
 40
0.045
309
GRIDFORMAT_END
 95
        8
302
GRIDFORMAT
  1
GRIDFORMAT_BEGIN
 90
        0
 91
        1
 62
     0
 92
       -2
340
0
 93
        0
 40
0.045
309
GRIDFORMAT_END
 95
       16
302
GRIDFORMAT
  1
GRIDFORMAT_BEGIN
 90
        0
 91
        1
 62
     0
 92
       -2
340
0
 93
        0
 40
0.045
309
GRIDFORMAT_END
 95
       32
302
GRIDFORMAT
  1
GRIDFORMAT_BEGIN
 90
        0
 91
        1
 62
     0
 92
       -2
340
0
 93
        0
 40
0.045
309
GRIDFORMAT_END
309
TABLEFORMAT_END
  1
CELLSTYLE_BEGIN
 90
        2
 91
        1
300
_HEADER
309
CELLSTYLE_END
300
CELLSTYLE
  1
TABLEFORMAT_BEGIN
 90
        5
170
     1
 91
        0
 92
        0
 62
   257
 93
        1
300
CONTENTFORMAT
  1
CONTENTFORMAT_BEGIN
 90
        0
 91
        0
 92
      512
 93
        0
300

 40
0.0
140
1.0
 94
        2
 62
     0
340
11
144
0.18
309
CONTENTFORMAT_END
171
     1
301
MARGIN
  1
CELLMARGIN_BEGIN
 40
0.06
 40
0.06
 40
0.06
 40
0.06
 40
0.18
 40
0.18
309
CELLMARGIN_END
 94
        6
 95
        1
302
GRIDFORMAT
  1
GRIDFORMAT_BEGIN
 90
        0
 91
        1
 62
     0
 92
       -2
340
0
 93
        0
 40
0.045
309
GRIDFORMAT_END
 95
        2
302
GRIDFORMAT
  1
GRIDFORMAT_BEGIN
 90
        0
 91
        1
 62
     0
 92
       -2
340
0
 93
        0
 40
0.045
309
GRIDFORMAT_END
 95
        4
302
GRIDFORMAT
  1
GRIDFORMAT_BEGIN
 90
        0
 91
        1
 62
     0
 92
       -2
340
0
 93
        0
 40
0.045
309
GRIDFORMAT_END
 95
        8
302
GRIDFORMAT
  1
GRIDFORMAT_BEGIN
 90
        0
 91
        1
 62
     0
 92
       -2
340
0
 93
        0
 40
0.045
309
GRIDFORMAT_END
 95
       16
302
GRIDFORMAT
  1
GRIDFORMAT_BEGIN
 90
        0
 91
        1
 62
     0
 92
       -2
340
0
 93
        0
 40
0.045
309
GRIDFORMAT_END
 95
       32
302
GRIDFORMAT
  1
GRIDFORMAT_BEGIN
 90
        0
 91
        1
 62
     0
 92
       -2
340
0
 93
        0
 40
0.045
309
GRIDFORMAT_END
309
TABLEFORMAT_END
  1
CELLSTYLE_BEGIN
 90
        3
 91
        2
300
_DATA
309
CELLSTYLE_END
  0
XRECORD
  5
100D4
102
{ACAD_REACTORS
330
100D3
102
}
330
100D3
100
AcDbXrecord
280
     1
102
RTVSPost2010Prop28
280
     1
102
RTVSPost2010PropOp28
 70
     1
102
RTVSPost2010Prop29
280
     1
102
RTVSPost2010PropOp29
 70
     1
102
RTVSPost2010Prop30
280
     0
102
RTVSPost2010PropOp30
 70
     1
102
RTVSPost2010Prop31
280
     0
102
RTVSPost2010PropOp31
 70
     1
102
RTVSPost2010Prop32
280
     0
102
RTVSPost2010PropOp32
 70
     1
102
RTVSPost2010Prop33
280
     0
102
RTVSPost2010PropOp33
 70
     1
102
RTVSPost2010Prop34
280
     0
102
RTVSPost2010PropOp34
 70
     1
102
RTVSPost2010Prop35
280
     0
102
RTVSPost2010PropOp35
 70
     1
102
RTVSPost2010Prop36
280
     0
102
RTVSPost2010PropOp36
 70
     1
102
RTVSPost2010Prop37
 90
       50
102
RTVSPost2010PropOp37
 70
     1
102
RTVSPost2010Prop38
140
0.0
102
RTVSPost2010PropOp38
 70
     1
102
RTVSPost2010Prop39
140
1.0
102
RTVSPost2010PropOp39
 70
     1
102
RTVSPost2010Prop40
 90
        0
102
RTVSPost2010PropOp40
 70
     1
102
RTVSPost2010Prop41ColorIndex
 90
       18
102
RTVSPost2010Prop41ColorRGB
 90
        0
102
RTVSPost2010PropOp41
 70
     1
102
RTVSPost2010Prop42
 90
       50
102
RTVSPost2010PropOp42
 70
     1
102
RTVSPost2010Prop43
 90
        3
102
RTVSPost2010PropOp43
 70
     1
102
RTVSPost2010Prop44ColorIndex
 90
        5
102
RTVSPost2010Prop44ColorRGB
 90
      255
102
RTVSPost2010PropOp44
 70
     1
102
RTVSPost2010Prop45
280
     0
102
RTVSPost2010PropOp45
 70
     1
102
RTVSPost2010Prop46
 90
       50
102
RTVSPost2010PropOp46
 70
     1
102
RTVSPost2010Prop47
 90
       50
102
RTVSPost2010PropOp47
 70
     1
102
RTVSPost2010Prop48
 90
       50
102
RTVSPost2010PropOp48
 70
     1
102
RTVSPost2010Prop49
280
     0
102
RTVSPost2010PropOp49
 70
     1
102
RTVSPost2010Prop50
 90
       50
102
RTVSPost2010PropOp50
 70
     1
102
RTVSPost2010Prop51ColorIndex
 90
      256
102
RTVSPost2010Prop51ColorRGB
 90
-16777216
102
RTVSPost2010PropOp51
 70
     0
102
RTVSPost2010Prop52
140
1.0
102
RTVSPost2010PropOp52
 70
     0
102
RTVSPost2010Prop53
 90
        2
102
RTVSPost2010PropOp53
 70
     1
102
RTVSPost2010Prop54
  1
strokes_ogs.tif
102
RTVSPost2010PropOp54
 70
     1
102
RTVSPost2010Prop55
280
     0
102
RTVSPost2010PropOp55
 70
     1
102
RTVSPost2010Prop56
140
1.0
102
RTVSPost2010PropOp56
 70
     1
102
RTVSPost2010Prop57
140
1.0
102
RTVSPost2010PropOp57
 70
     1
  0
XRECORD
  5
100D2
102
{ACAD_REACTORS
330
100D1
102
}
330
100D1
100
AcDbXrecord
280
     1
102
RTVSPost2010Prop28
280
     0
102
RTVSPost2010PropOp28
 70
     1
102
RTVSPost2010Prop29
280
     1
102
RTVSPost2010PropOp29
 70
     1
102
RTVSPost2010Prop30
280
     1
102
RTVSPost2010PropOp30
 70
     1
102
RTVSPost2010Prop31
280
     0
102
RTVSPost2010PropOp31
 70
     1
102
RTVSPost2010Prop32
280
     0
102
RTVSPost2010PropOp32
 70
     1
102
RTVSPost2010Prop33
280
     0
102
RTVSPost2010PropOp33
 70
     1
102
RTVSPost2010Prop34
280
     0
102
RTVSPost2010PropOp34
 70
     1
102
RTVSPost2010Prop35
280
     0
102
RTVSPost2010PropOp35
 70
     1
102
RTVSPost2010Prop36
280
     0
102
RTVSPost2010PropOp36
 70
     1
102
RTVSPost2010Prop37
 90
       50
102
RTVSPost2010PropOp37
 70
     1
102
RTVSPost2010Prop38
140
0.0
102
RTVSPost2010PropOp38
 70
     1
102
RTVSPost2010Prop39
140
1.0
102
RTVSPost2010PropOp39
 70
     1
102
RTVSPost2010Prop40
 90
        0
102
RTVSPost2010PropOp40
 70
     1
102
RTVSPost2010Prop41ColorIndex
 90
       18
102
RTVSPost2010Prop41ColorRGB
 90
        0
102
RTVSPost2010PropOp41
 70
     1
102
RTVSPost2010Prop42
 90
       50
102
RTVSPost2010PropOp42
 70
     1
102
RTVSPost2010Prop43
 90
        3
102
RTVSPost2010PropOp43
 70
     1
102
RTVSPost2010Prop44ColorIndex
 90
        5
102
RTVSPost2010Prop44ColorRGB
 90
      255
102
RTVSPost2010PropOp44
 70
     1
102
RTVSPost2010Prop45
280
     0
102
RTVSPost2010PropOp45
 70
     1
102
RTVSPost2010Prop46
 90
       50
102
RTVSPost2010PropOp46
 70
     1
102
RTVSPost2010Prop47
 90
       50
102
RTVSPost2010PropOp47
 70
     1
102
RTVSPost2010Prop48
 90
       50
102
RTVSPost2010PropOp48
 70
     1
102
RTVSPost2010Prop49
280
     0
102
RTVSPost2010PropOp49
 70
     1
102
RTVSPost2010Prop50
 90
       50
102
RTVSPost2010PropOp50
 70
     1
102
RTVSPost2010Prop51ColorIndex
 90
      256
102
RTVSPost2010Prop51ColorRGB
 90
-16777216
102
RTVSPost2010PropOp51
 70
     0
102
RTVSPost2010Prop52
140
1.0
102
RTVSPost2010PropOp52
 70
     0
102
RTVSPost2010Prop53
 90
        2
102
RTVSPost2010PropOp53
 70
     1
102
RTVSPost2010Prop54
  1
strokes_ogs.tif
102
RTVSPost2010PropOp54
 70
     1
102
RTVSPost2010Prop55
280
     0
102
RTVSPost2010PropOp55
 70
     1
102
RTVSPost2010Prop56
140
1.0
102
RTVSPost2010PropOp56
 70
     1
102
RTVSPost2010Prop57
140
1.0
102
RTVSPost2010PropOp57
 70
     1
  0
XRECORD
  5
100E0
102
{ACAD_REACTORS
330
100DF
102
}
330
100DF
100
AcDbXrecord
280
     1
102
RTVSPost2010Prop28
280
     0
102
RTVSPost2010PropOp28
 70
     1
102
RTVSPost2010Prop29
280
     1
102
RTVSPost2010PropOp29
 70
     1
102
RTVSPost2010Prop30
280
     1
102
RTVSPost2010PropOp30
 70
     1
102
RTVSPost2010Prop31
280
     0
102
RTVSPost2010PropOp31
 70
     1
102
RTVSPost2010Prop32
280
     0
102
RTVSPost2010PropOp32
 70
     1
102
RTVSPost2010Prop33
280
     0
102
RTVSPost2010PropOp33
 70
     1
102
RTVSPost2010Prop34
280
     0
102
RTVSPost2010PropOp34
 70
     1
102
RTVSPost2010Prop35
280
     0
102
RTVSPost2010PropOp35
 70
     1
102
RTVSPost2010Prop36
280
     0
102
RTVSPost2010PropOp36
 70
     1
102
RTVSPost2010Prop37
 90
       50
102
RTVSPost2010PropOp37
 70
     1
102
RTVSPost2010Prop38
140
0.0
102
RTVSPost2010PropOp38
 70
     1
102
RTVSPost2010Prop39
140
1.0
102
RTVSPost2010PropOp39
 70
     1
102
RTVSPost2010Prop40
 90
        0
102
RTVSPost2010PropOp40
 70
     1
102
RTVSPost2010Prop41ColorIndex
 90
       18
102
RTVSPost2010Prop41ColorRGB
 90
        0
102
RTVSPost2010PropOp41
 70
     1
102
RTVSPost2010Prop42
 90
       50
102
RTVSPost2010PropOp42
 70
     1
102
RTVSPost2010Prop43
 90
        3
102
RTVSPost2010PropOp43
 70
     1
102
RTVSPost2010Prop44ColorIndex
 90
        5
102
RTVSPost2010Prop44ColorRGB
 90
      255
102
RTVSPost2010PropOp44
 70
     1
102
RTVSPost2010Prop45
280
     0
102
RTVSPost2010PropOp45
 70
     1
102
RTVSPost2010Prop46
 90
       50
102
RTVSPost2010PropOp46
 70
     1
102
RTVSPost2010Prop47
 90
       50
102
RTVSPost2010PropOp47
 70
     1
102
RTVSPost2010Prop48
 90
       50
102
RTVSPost2010PropOp48
 70
     1
102
RTVSPost2010Prop49
280
     0
102
RTVSPost2010PropOp49
 70
     1
102
RTVSPost2010Prop50
 90
       50
102
RTVSPost2010PropOp50
 70
     1
102
RTVSPost2010Prop51ColorIndex
 90
      256
102
RTVSPost2010Prop51ColorRGB
 90
-16777216
102
RTVSPost2010PropOp51
 70
     0
102
RTVSPost2010Prop52
140
1.0
102
RTVSPost2010PropOp52
 70
     0
102
RTVSPost2010Prop53
 90
        2
102
RTVSPost2010PropOp53
 70
     1
102
RTVSPost2010Prop54
  1
strokes_ogs.tif
102
RTVSPost2010PropOp54
 70
     1
102
RTVSPost2010Prop55
280
     0
102
RTVSPost2010PropOp55
 70
     1
102
RTVSPost2010Prop56
140
1.0
102
RTVSPost2010PropOp56
 70
     1
102
RTVSPost2010Prop57
140
1.0
102
RTVSPost2010PropOp57
 70
     1
  0
XRECORD
  5
100E8
102
{ACAD_REACTORS
330
100E7
102
}
330
100E7
100
AcDbXrecord
280
     1
102
RTVSPost2010Prop28
280
     0
102
RTVSPost2010PropOp28
 70
     1
102
RTVSPost2010Prop29
280
     1
102
RTVSPost2010PropOp29
 70
     1
102
RTVSPost2010Prop30
280
     1
102
RTVSPost2010PropOp30
 70
     1
102
RTVSPost2010Prop31
280
     0
102
RTVSPost2010PropOp31
 70
     1
102
RTVSPost2010Prop32
280
     0
102
RTVSPost2010PropOp32
 70
     1
102
RTVSPost2010Prop33
280
     0
102
RTVSPost2010PropOp33
 70
     1
102
RTVSPost2010Prop34
280
     0
102
RTVSPost2010PropOp34
 70
     1
102
RTVSPost2010Prop35
280
     0
102
RTVSPost2010PropOp35
 70
     1
102
RTVSPost2010Prop36
280
     0
102
RTVSPost2010PropOp36
 70
     1
102
RTVSPost2010Prop37
 90
       50
102
RTVSPost2010PropOp37
 70
     1
102
RTVSPost2010Prop38
140
0.0
102
RTVSPost2010PropOp38
 70
     1
102
RTVSPost2010Prop39
140
1.0
102
RTVSPost2010PropOp39
 70
     1
102
RTVSPost2010Prop40
 90
        0
102
RTVSPost2010PropOp40
 70
     1
102
RTVSPost2010Prop41ColorIndex
 90
       18
102
RTVSPost2010Prop41ColorRGB
 90
        0
102
RTVSPost2010PropOp41
 70
     1
102
RTVSPost2010Prop42
 90
       50
102
RTVSPost2010PropOp42
 70
     1
102
RTVSPost2010Prop43
 90
        3
102
RTVSPost2010PropOp43
 70
     1
102
RTVSPost2010Prop44ColorIndex
 90
        5
102
RTVSPost2010Prop44ColorRGB
 90
      255
102
RTVSPost2010PropOp44
 70
     1
102
RTVSPost2010Prop45
280
     0
102
RTVSPost2010PropOp45
 70
     1
102
RTVSPost2010Prop46
 90
       50
102
RTVSPost2010PropOp46
 70
     1
102
RTVSPost2010Prop47
 90
       50
102
RTVSPost2010PropOp47
 70
     1
102
RTVSPost2010Prop48
 90
       50
102
RTVSPost2010PropOp48
 70
     1
102
RTVSPost2010Prop49
280
     0
102
RTVSPost2010PropOp49
 70
     1
102
RTVSPost2010Prop50
 90
       50
102
RTVSPost2010PropOp50
 70
     1
102
RTVSPost2010Prop51ColorIndex
 90
      256
102
RTVSPost2010Prop51ColorRGB
 90
-16777216
102
RTVSPost2010PropOp51
 70
     0
102
RTVSPost2010Prop52
140
1.0
102
RTVSPost2010PropOp52
 70
     0
102
RTVSPost2010Prop53
 90
        2
102
RTVSPost2010PropOp53
 70
     1
102
RTVSPost2010Prop54
  1
strokes_ogs.tif
102
RTVSPost2010PropOp54
 70
     1
102
RTVSPost2010Prop55
280
     0
102
RTVSPost2010PropOp55
 70
     1
102
RTVSPost2010Prop56
140
1.0
102
RTVSPost2010PropOp56
 70
     1
102
RTVSPost2010Prop57
140
1.0
102
RTVSPost2010PropOp57
 70
     1
  0
XRECORD
  5
100DA
102
{ACAD_REACTORS
330
100D9
102
}
330
100D9
100
AcDbXrecord
280
     1
102
RTVSPost2010Prop28
280
     0
102
RTVSPost2010PropOp28
 70
     1
102
RTVSPost2010Prop29
280
     1
102
RTVSPost2010PropOp29
 70
     1
102
RTVSPost2010Prop30
280
     1
102
RTVSPost2010PropOp30
 70
     1
102
RTVSPost2010Prop31
280
     0
102
RTVSPost2010PropOp31
 70
     1
102
RTVSPost2010Prop32
280
     0
102
RTVSPost2010PropOp32
 70
     1
102
RTVSPost2010Prop33
280
     0
102
RTVSPost2010PropOp33
 70
     1
102
RTVSPost2010Prop34
280
     0
102
RTVSPost2010PropOp34
 70
     1
102
RTVSPost2010Prop35
280
     0
102
RTVSPost2010PropOp35
 70
     1
102
RTVSPost2010Prop36
280
     0
102
RTVSPost2010PropOp36
 70
     1
102
RTVSPost2010Prop37
 90
       50
102
RTVSPost2010PropOp37
 70
     1
102
RTVSPost2010Prop38
140
0.0
102
RTVSPost2010PropOp38
 70
     1
102
RTVSPost2010Prop39
140
1.0
102
RTVSPost2010PropOp39
 70
     1
102
RTVSPost2010Prop40
 90
        0
102
RTVSPost2010PropOp40
 70
     1
102
RTVSPost2010Prop41ColorIndex
 90
       18
102
RTVSPost2010Prop41ColorRGB
 90
        0
102
RTVSPost2010PropOp41
 70
     1
102
RTVSPost2010Prop42
 90
       50
102
RTVSPost2010PropOp42
 70
     1
102
RTVSPost2010Prop43
 90
        3
102
RTVSPost2010PropOp43
 70
     1
102
RTVSPost2010Prop44ColorIndex
 90
        5
102
RTVSPost2010Prop44ColorRGB
 90
      255
102
RTVSPost2010PropOp44
 70
     1
102
RTVSPost2010Prop45
280
     0
102
RTVSPost2010PropOp45
 70
     1
102
RTVSPost2010Prop46
 90
       50
102
RTVSPost2010PropOp46
 70
     1
102
RTVSPost2010Prop47
 90
       50
102
RTVSPost2010PropOp47
 70
     1
102
RTVSPost2010Prop48
 90
       50
102
RTVSPost2010PropOp48
 70
     1
102
RTVSPost2010Prop49
280
     0
102
RTVSPost2010PropOp49
 70
     1
102
RTVSPost2010Prop50
 90
       50
102
RTVSPost2010PropOp50
 70
     1
102
RTVSPost2010Prop51ColorIndex
 90
      256
102
RTVSPost2010Prop51ColorRGB
 90
-16777216
102
RTVSPost2010PropOp51
 70
     0
102
RTVSPost2010Prop52
140
1.0
102
RTVSPost2010PropOp52
 70
     0
102
RTVSPost2010Prop53
 90
        2
102
RTVSPost2010PropOp53
 70
     1
102
RTVSPost2010Prop54
  1
strokes_ogs.tif
102
RTVSPost2010PropOp54
 70
     1
102
RTVSPost2010Prop55
280
     0
102
RTVSPost2010PropOp55
 70
     1
102
RTVSPost2010Prop56
140
1.0
102
RTVSPost2010PropOp56
 70
     1
102
RTVSPost2010Prop57
140
1.0
102
RTVSPost2010PropOp57
 70
     1
  0
XRECORD
  5
100DE
102
{ACAD_REACTORS
330
100DD
102
}
330
100DD
100
AcDbXrecord
280
     1
102
RTVSPost2010Prop28
280
     0
102
RTVSPost2010PropOp28
 70
     1
102
RTVSPost2010Prop29
280
     1
102
RTVSPost2010PropOp29
 70
     1
102
RTVSPost2010Prop30
280
     1
102
RTVSPost2010PropOp30
 70
     1
102
RTVSPost2010Prop31
280
     0
102
RTVSPost2010PropOp31
 70
     1
102
RTVSPost2010Prop32
280
     0
102
RTVSPost2010PropOp32
 70
     1
102
RTVSPost2010Prop33
280
     0
102
RTVSPost2010PropOp33
 70
     1
102
RTVSPost2010Prop34
280
     0
102
RTVSPost2010PropOp34
 70
     1
102
RTVSPost2010Prop35
280
     0
102
RTVSPost2010PropOp35
 70
     1
102
RTVSPost2010Prop36
280
     0
102
RTVSPost2010PropOp36
 70
     1
102
RTVSPost2010Prop37
 90
       50
102
RTVSPost2010PropOp37
 70
     1
102
RTVSPost2010Prop38
140
0.0
102
RTVSPost2010PropOp38
 70
     1
102
RTVSPost2010Prop39
140
1.0
102
RTVSPost2010PropOp39
 70
     1
102
RTVSPost2010Prop40
 90
        0
102
RTVSPost2010PropOp40
 70
     1
102
RTVSPost2010Prop41ColorIndex
 90
       18
102
RTVSPost2010Prop41ColorRGB
 90
        0
102
RTVSPost2010PropOp41
 70
     1
102
RTVSPost2010Prop42
 90
       50
102
RTVSPost2010PropOp42
 70
     1
102
RTVSPost2010Prop43
 90
        3
102
RTVSPost2010PropOp43
 70
     1
102
RTVSPost2010Prop44ColorIndex
 90
        5
102
RTVSPost2010Prop44ColorRGB
 90
      255
102
RTVSPost2010PropOp44
 70
     1
102
RTVSPost2010Prop45
280
     0
102
RTVSPost2010PropOp45
 70
     1
102
RTVSPost2010Prop46
 90
       50
102
RTVSPost2010PropOp46
 70
     1
102
RTVSPost2010Prop47
 90
       50
102
RTVSPost2010PropOp47
 70
     1
102
RTVSPost2010Prop48
 90
       50
102
RTVSPost2010PropOp48
 70
     1
102
RTVSPost2010Prop49
280
     0
102
RTVSPost2010PropOp49
 70
     1
102
RTVSPost2010Prop50
 90
       50
102
RTVSPost2010PropOp50
 70
     1
102
RTVSPost2010Prop51ColorIndex
 90
      256
102
RTVSPost2010Prop51ColorRGB
 90
-16777216
102
RTVSPost2010PropOp51
 70
     0
102
RTVSPost2010Prop52
140
1.0
102
RTVSPost2010PropOp52
 70
     0
102
RTVSPost2010Prop53
 90
        2
102
RTVSPost2010PropOp53
 70
     1
102
RTVSPost2010Prop54
  1
strokes_ogs.tif
102
RTVSPost2010PropOp54
 70
     1
102
RTVSPost2010Prop55
280
     0
102
RTVSPost2010PropOp55
 70
     1
102
RTVSPost2010Prop56
140
1.0
102
RTVSPost2010PropOp56
 70
     1
102
RTVSPost2010Prop57
140
1.0
102
RTVSPost2010PropOp57
 70
     1
  0
XRECORD
  5
100F8
102
{ACAD_REACTORS
330
100F7
102
}
330
100F7
100
AcDbXrecord
280
     1
102
RTVSPost2010Prop28
280
     0
102
RTVSPost2010PropOp28
 70
     1
102
RTVSPost2010Prop29
280
     1
102
RTVSPost2010PropOp29
 70
     1
102
RTVSPost2010Prop30
280
     1
102
RTVSPost2010PropOp30
 70
     1
102
RTVSPost2010Prop31
280
     0
102
RTVSPost2010PropOp31
 70
     1
102
RTVSPost2010Prop32
280
     0
102
RTVSPost2010PropOp32
 70
     1
102
RTVSPost2010Prop33
280
     0
102
RTVSPost2010PropOp33
 70
     1
102
RTVSPost2010Prop34
280
     0
102
RTVSPost2010PropOp34
 70
     1
102
RTVSPost2010Prop35
280
     0
102
RTVSPost2010PropOp35
 70
     1
102
RTVSPost2010Prop36
280
     0
102
RTVSPost2010PropOp36
 70
     1
102
RTVSPost2010Prop37
 90
       50
102
RTVSPost2010PropOp37
 70
     0
102
RTVSPost2010Prop38
140
0.0
102
RTVSPost2010PropOp38
 70
     0
102
RTVSPost2010Prop39
140
1.0
102
RTVSPost2010PropOp39
 70
     0
102
RTVSPost2010Prop40
 90
        0
102
RTVSPost2010PropOp40
 70
     0
102
RTVSPost2010Prop41ColorIndex
 90
       18
102
RTVSPost2010Prop41ColorRGB
 90
        0
102
RTVSPost2010PropOp41
 70
     0
102
RTVSPost2010Prop42
 90
       50
102
RTVSPost2010PropOp42
 70
     0
102
RTVSPost2010Prop43
 90
        3
102
RTVSPost2010PropOp43
 70
     0
102
RTVSPost2010Prop44ColorIndex
 90
        5
102
RTVSPost2010Prop44ColorRGB
 90
      255
102
RTVSPost2010PropOp44
 70
     0
102
RTVSPost2010Prop45
280
     0
102
RTVSPost2010PropOp45
 70
     1
102
RTVSPost2010Prop46
 90
       50
102
RTVSPost2010PropOp46
 70
     0
102
RTVSPost2010Prop47
 90
       50
102
RTVSPost2010PropOp47
 70
     0
102
RTVSPost2010Prop48
 90
       50
102
RTVSPost2010PropOp48
 70
     0
102
RTVSPost2010Prop49
280
     0
102
RTVSPost2010PropOp49
 70
     1
102
RTVSPost2010Prop50
 90
       50
102
RTVSPost2010PropOp50
 70
     0
102
RTVSPost2010Prop51ColorIndex
 90
      256
102
RTVSPost2010Prop51ColorRGB
 90
-16777216
102
RTVSPost2010PropOp51
 70
     0
102
RTVSPost2010Prop52
140
1.0
102
RTVSPost2010PropOp52
 70
     0
102
RTVSPost2010Prop53
 90
        2
102
RTVSPost2010PropOp53
 70
     0
102
RTVSPost2010Prop54
  1
strokes_ogs.tif
102
RTVSPost2010PropOp54
 70
     0
102
RTVSPost2010Prop55
280
     0
102
RTVSPost2010PropOp55
 70
     1
102
RTVSPost2010Prop56
140
1.0
102
RTVSPost2010PropOp56
 70
     0
102
RTVSPost2010Prop57
140
1.0
102
RTVSPost2010PropOp57
 70
     0
  0
XRECORD
  5
100E6
102
{ACAD_REACTORS
330
100E5
102
}
330
100E5
100
AcDbXrecord
280
     1
102
RTVSPost2010Prop28
280
     0
102
RTVSPost2010PropOp28
 70
     1
102
RTVSPost2010Prop29
280
     1
102
RTVSPost2010PropOp29
 70
     1
102
RTVSPost2010Prop30
280
     1
102
RTVSPost2010PropOp30
 70
     1
102
RTVSPost2010Prop31
280
     0
102
RTVSPost2010PropOp31
 70
     1
102
RTVSPost2010Prop32
280
     0
102
RTVSPost2010PropOp32
 70
     1
102
RTVSPost2010Prop33
280
     0
102
RTVSPost2010PropOp33
 70
     1
102
RTVSPost2010Prop34
280
     0
102
RTVSPost2010PropOp34
 70
     1
102
RTVSPost2010Prop35
280
     0
102
RTVSPost2010PropOp35
 70
     1
102
RTVSPost2010Prop36
280
     0
102
RTVSPost2010PropOp36
 70
     1
102
RTVSPost2010Prop37
 90
       50
102
RTVSPost2010PropOp37
 70
     1
102
RTVSPost2010Prop38
140
0.0
102
RTVSPost2010PropOp38
 70
     1
102
RTVSPost2010Prop39
140
1.0
102
RTVSPost2010PropOp39
 70
     1
102
RTVSPost2010Prop40
 90
        0
102
RTVSPost2010PropOp40
 70
     1
102
RTVSPost2010Prop41ColorIndex
 90
       18
102
RTVSPost2010Prop41ColorRGB
 90
        0
102
RTVSPost2010PropOp41
 70
     1
102
RTVSPost2010Prop42
 90
       50
102
RTVSPost2010PropOp42
 70
     1
102
RTVSPost2010Prop43
 90
        3
102
RTVSPost2010PropOp43
 70
     1
102
RTVSPost2010Prop44ColorIndex
 90
        5
102
RTVSPost2010Prop44ColorRGB
 90
      255
102
RTVSPost2010PropOp44
 70
     1
102
RTVSPost2010Prop45
280
     0
102
RTVSPost2010PropOp45
 70
     1
102
RTVSPost2010Prop46
 90
       50
102
RTVSPost2010PropOp46
 70
     1
102
RTVSPost2010Prop47
 90
       50
102
RTVSPost2010PropOp47
 70
     1
102
RTVSPost2010Prop48
 90
       50
102
RTVSPost2010PropOp48
 70
     1
102
RTVSPost2010Prop49
280
     0
102
RTVSPost2010PropOp49
 70
     1
102
RTVSPost2010Prop50
 90
       50
102
RTVSPost2010PropOp50
 70
     1
102
RTVSPost2010Prop51ColorIndex
 90
      256
102
RTVSPost2010Prop51ColorRGB
 90
-16777216
102
RTVSPost2010PropOp51
 70
     0
102
RTVSPost2010Prop52
140
1.0
102
RTVSPost2010PropOp52
 70
     0
102
RTVSPost2010Prop53
 90
        2
102
RTVSPost2010PropOp53
 70
     1
102
RTVSPost2010Prop54
  1
strokes_ogs.tif
102
RTVSPost2010PropOp54
 70
     1
102
RTVSPost2010Prop55
280
     0
102
RTVSPost2010PropOp55
 70
     1
102
RTVSPost2010Prop56
140
1.0
102
RTVSPost2010PropOp56
 70
     1
102
RTVSPost2010Prop57
140
1.0
102
RTVSPost2010PropOp57
 70
     1
  0
XRECORD
  5
100CA
102
{ACAD_REACTORS
330
100C9
102
}
330
100C9
100
AcDbXrecord
280
     1
102
RTVSPost2010Prop28
280
     0
102
RTVSPost2010PropOp28
 70
     1
102
RTVSPost2010Prop29
280
     1
102
RTVSPost2010PropOp29
 70
     1
102
RTVSPost2010Prop30
280
     1
102
RTVSPost2010PropOp30
 70
     1
102
RTVSPost2010Prop31
280
     0
102
RTVSPost2010PropOp31
 70
     1
102
RTVSPost2010Prop32
280
     0
102
RTVSPost2010PropOp32
 70
     1
102
RTVSPost2010Prop33
280
     0
102
RTVSPost2010PropOp33
 70
     1
102
RTVSPost2010Prop34
280
     0
102
RTVSPost2010PropOp34
 70
     1
102
RTVSPost2010Prop35
280
     0
102
RTVSPost2010PropOp35
 70
     1
102
RTVSPost2010Prop36
280
     0
102
RTVSPost2010PropOp36
 70
     1
102
RTVSPost2010Prop37
 90
       50
102
RTVSPost2010PropOp37
 70
     1
102
RTVSPost2010Prop38
140
0.0
102
RTVSPost2010PropOp38
 70
     1
102
RTVSPost2010Prop39
140
1.0
102
RTVSPost2010PropOp39
 70
     1
102
RTVSPost2010Prop40
 90
        0
102
RTVSPost2010PropOp40
 70
     1
102
RTVSPost2010Prop41ColorIndex
 90
       18
102
RTVSPost2010Prop41ColorRGB
 90
        0
102
RTVSPost2010PropOp41
 70
     1
102
RTVSPost2010Prop42
 90
       50
102
RTVSPost2010PropOp42
 70
     1
102
RTVSPost2010Prop43
 90
        3
102
RTVSPost2010PropOp43
 70
     1
102
RTVSPost2010Prop44ColorIndex
 90
        5
102
RTVSPost2010Prop44ColorRGB
 90
      255
102
RTVSPost2010PropOp44
 70
     1
102
RTVSPost2010Prop45
280
     0
102
RTVSPost2010PropOp45
 70
     1
102
RTVSPost2010Prop46
 90
       50
102
RTVSPost2010PropOp46
 70
     1
102
RTVSPost2010Prop47
 90
       50
102
RTVSPost2010PropOp47
 70
     1
102
RTVSPost2010Prop48
 90
       50
102
RTVSPost2010PropOp48
 70
     1
102
RTVSPost2010Prop49
280
     0
102
RTVSPost2010PropOp49
 70
     1
102
RTVSPost2010Prop50
 90
       50
102
RTVSPost2010PropOp50
 70
     1
102
RTVSPost2010Prop51ColorIndex
 90
      256
102
RTVSPost2010Prop51ColorRGB
 90
-16777216
102
RTVSPost2010PropOp51
 70
     0
102
RTVSPost2010Prop52
140
1.0
102
RTVSPost2010PropOp52
 70
     0
102
RTVSPost2010Prop53
 90
        2
102
RTVSPost2010PropOp53
 70
     1
102
RTVSPost2010Prop54
  1
strokes_ogs.tif
102
RTVSPost2010PropOp54
 70
     1
102
RTVSPost2010Prop55
280
     0
102
RTVSPost2010PropOp55
 70
     1
102
RTVSPost2010Prop56
140
1.0
102
RTVSPost2010PropOp56
 70
     1
102
RTVSPost2010Prop57
140
1.0
102
RTVSPost2010PropOp57
 70
     1
  0
XRECORD
  5
100CC
102
{ACAD_REACTORS
330
100CB
102
}
330
100CB
100
AcDbXrecord
280
     1
102
RTVSPost2010Prop28
280
     0
102
RTVSPost2010PropOp28
 70
     1
102
RTVSPost2010Prop29
280
     1
102
RTVSPost2010PropOp29
 70
     1
102
RTVSPost2010Prop30
280
     1
102
RTVSPost2010PropOp30
 70
     1
102
RTVSPost2010Prop31
280
     0
102
RTVSPost2010PropOp31
 70
     1
102
RTVSPost2010Prop32
280
     0
102
RTVSPost2010PropOp32
 70
     1
102
RTVSPost2010Prop33
280
     0
102
RTVSPost2010PropOp33
 70
     1
102
RTVSPost2010Prop34
280
     0
102
RTVSPost2010PropOp34
 70
     1
102
RTVSPost2010Prop35
280
     0
102
RTVSPost2010PropOp35
 70
     1
102
RTVSPost2010Prop36
280
     0
102
RTVSPost2010PropOp36
 70
     1
102
RTVSPost2010Prop37
 90
       50
102
RTVSPost2010PropOp37
 70
     1
102
RTVSPost2010Prop38
140
0.0
102
RTVSPost2010PropOp38
 70
     1
102
RTVSPost2010Prop39
140
1.0
102
RTVSPost2010PropOp39
 70
     1
102
RTVSPost2010Prop40
 90
        0
102
RTVSPost2010PropOp40
 70
     1
102
RTVSPost2010Prop41ColorIndex
 90
       18
102
RTVSPost2010Prop41ColorRGB
 90
        0
102
RTVSPost2010PropOp41
 70
     1
102
RTVSPost2010Prop42
 90
       50
102
RTVSPost2010PropOp42
 70
     1
102
RTVSPost2010Prop43
 90
        3
102
RTVSPost2010PropOp43
 70
     1
102
RTVSPost2010Prop44ColorIndex
 90
        5
102
RTVSPost2010Prop44ColorRGB
 90
      255
102
RTVSPost2010PropOp44
 70
     1
102
RTVSPost2010Prop45
280
     0
102
RTVSPost2010PropOp45
 70
     1
102
RTVSPost2010Prop46
 90
       50
102
RTVSPost2010PropOp46
 70
     1
102
RTVSPost2010Prop47
 90
       50
102
RTVSPost2010PropOp47
 70
     1
102
RTVSPost2010Prop48
 90
       50
102
RTVSPost2010PropOp48
 70
     1
102
RTVSPost2010Prop49
280
     0
102
RTVSPost2010PropOp49
 70
     1
102
RTVSPost2010Prop50
 90
       50
102
RTVSPost2010PropOp50
 70
     1
102
RTVSPost2010Prop51ColorIndex
 90
      256
102
RTVSPost2010Prop51ColorRGB
 90
-16777216
102
RTVSPost2010PropOp51
 70
     0
102
RTVSPost2010Prop52
140
1.0
102
RTVSPost2010PropOp52
 70
     0
102
RTVSPost2010Prop53
 90
        2
102
RTVSPost2010PropOp53
 70
     1
102
RTVSPost2010Prop54
  1
strokes_ogs.tif
102
RTVSPost2010PropOp54
 70
     1
102
RTVSPost2010Prop55
280
     0
102
RTVSPost2010PropOp55
 70
     1
102
RTVSPost2010Prop56
140
1.0
102
RTVSPost2010PropOp56
 70
     1
102
RTVSPost2010Prop57
140
1.0
102
RTVSPost2010PropOp57
 70
     1
  0
XRECORD
  5
100CE
102
{ACAD_REACTORS
330
100CD
102
}
330
100CD
100
AcDbXrecord
280
     1
102
RTVSPost2010Prop28
280
     0
102
RTVSPost2010PropOp28
 70
     1
102
RTVSPost2010Prop29
280
     1
102
RTVSPost2010PropOp29
 70
     1
102
RTVSPost2010Prop30
280
     1
102
RTVSPost2010PropOp30
 70
     1
102
RTVSPost2010Prop31
280
     0
102
RTVSPost2010PropOp31
 70
     1
102
RTVSPost2010Prop32
280
     0
102
RTVSPost2010PropOp32
 70
     1
102
RTVSPost2010Prop33
280
     0
102
RTVSPost2010PropOp33
 70
     1
102
RTVSPost2010Prop34
280
     0
102
RTVSPost2010PropOp34
 70
     1
102
RTVSPost2010Prop35
280
     0
102
RTVSPost2010PropOp35
 70
     1
102
RTVSPost2010Prop36
280
     0
102
RTVSPost2010PropOp36
 70
     1
102
RTVSPost2010Prop37
 90
       50
102
RTVSPost2010PropOp37
 70
     1
102
RTVSPost2010Prop38
140
0.0
102
RTVSPost2010PropOp38
 70
     1
102
RTVSPost2010Prop39
140
1.0
102
RTVSPost2010PropOp39
 70
     1
102
RTVSPost2010Prop40
 90
        0
102
RTVSPost2010PropOp40
 70
     1
102
RTVSPost2010Prop41ColorIndex
 90
       18
102
RTVSPost2010Prop41ColorRGB
 90
        0
102
RTVSPost2010PropOp41
 70
     1
102
RTVSPost2010Prop42
 90
       50
102
RTVSPost2010PropOp42
 70
     1
102
RTVSPost2010Prop43
 90
        3
102
RTVSPost2010PropOp43
 70
     1
102
RTVSPost2010Prop44ColorIndex
 90
        5
102
RTVSPost2010Prop44ColorRGB
 90
      255
102
RTVSPost2010PropOp44
 70
     1
102
RTVSPost2010Prop45
280
     0
102
RTVSPost2010PropOp45
 70
     1
102
RTVSPost2010Prop46
 90
       50
102
RTVSPost2010PropOp46
 70
     1
102
RTVSPost2010Prop47
 90
       50
102
RTVSPost2010PropOp47
 70
     1
102
RTVSPost2010Prop48
 90
       50
102
RTVSPost2010PropOp48
 70
     1
102
RTVSPost2010Prop49
280
     0
102
RTVSPost2010PropOp49
 70
     1
102
RTVSPost2010Prop50
 90
       50
102
RTVSPost2010PropOp50
 70
     1
102
RTVSPost2010Prop51ColorIndex
 90
      256
102
RTVSPost2010Prop51ColorRGB
 90
-16777216
102
RTVSPost2010PropOp51
 70
     0
102
RTVSPost2010Prop52
140
1.0
102
RTVSPost2010PropOp52
 70
     0
102
RTVSPost2010Prop53
 90
        2
102
RTVSPost2010PropOp53
 70
     1
102
RTVSPost2010Prop54
  1
strokes_ogs.tif
102
RTVSPost2010PropOp54
 70
     1
102
RTVSPost2010Prop55
280
     0
102
RTVSPost2010PropOp55
 70
     1
102
RTVSPost2010Prop56
140
1.0
102
RTVSPost2010PropOp56
 70
     1
102
RTVSPost2010Prop57
140
1.0
102
RTVSPost2010PropOp57
 70
     1
  0
XRECORD
  5
100D0
102
{ACAD_REACTORS
330
100CF
102
}
330
100CF
100
AcDbXrecord
280
     1
102
RTVSPost2010Prop28
280
     0
102
RTVSPost2010PropOp28
 70
     1
102
RTVSPost2010Prop29
280
     1
102
RTVSPost2010PropOp29
 70
     1
102
RTVSPost2010Prop30
280
     1
102
RTVSPost2010PropOp30
 70
     1
102
RTVSPost2010Prop31
280
     0
102
RTVSPost2010PropOp31
 70
     1
102
RTVSPost2010Prop32
280
     0
102
RTVSPost2010PropOp32
 70
     1
102
RTVSPost2010Prop33
280
     0
102
RTVSPost2010PropOp33
 70
     1
102
RTVSPost2010Prop34
280
     0
102
RTVSPost2010PropOp34
 70
     1
102
RTVSPost2010Prop35
280
     0
102
RTVSPost2010PropOp35
 70
     1
102
RTVSPost2010Prop36
280
     0
102
RTVSPost2010PropOp36
 70
     1
102
RTVSPost2010Prop37
 90
       50
102
RTVSPost2010PropOp37
 70
     1
102
RTVSPost2010Prop38
140
0.0
102
RTVSPost2010PropOp38
 70
     1
102
RTVSPost2010Prop39
140
1.0
102
RTVSPost2010PropOp39
 70
     1
102
RTVSPost2010Prop40
 90
        0
102
RTVSPost2010PropOp40
 70
     1
102
RTVSPost2010Prop41ColorIndex
 90
       18
102
RTVSPost2010Prop41ColorRGB
 90
        0
102
RTVSPost2010PropOp41
 70
     1
102
RTVSPost2010Prop42
 90
       50
102
RTVSPost2010PropOp42
 70
     1
102
RTVSPost2010Prop43
 90
        3
102
RTVSPost2010PropOp43
 70
     1
102
RTVSPost2010Prop44ColorIndex
 90
        5
102
RTVSPost2010Prop44ColorRGB
 90
      255
102
RTVSPost2010PropOp44
 70
     1
102
RTVSPost2010Prop45
280
     0
102
RTVSPost2010PropOp45
 70
     1
102
RTVSPost2010Prop46
 90
       50
102
RTVSPost2010PropOp46
 70
     1
102
RTVSPost2010Prop47
 90
       50
102
RTVSPost2010PropOp47
 70
     1
102
RTVSPost2010Prop48
 90
       50
102
RTVSPost2010PropOp48
 70
     1
102
RTVSPost2010Prop49
280
     0
102
RTVSPost2010PropOp49
 70
     1
102
RTVSPost2010Prop50
 90
       50
102
RTVSPost2010PropOp50
 70
     1
102
RTVSPost2010Prop51ColorIndex
 90
      256
102
RTVSPost2010Prop51ColorRGB
 90
-16777216
102
RTVSPost2010PropOp51
 70
     0
102
RTVSPost2010Prop52
140
1.0
102
RTVSPost2010PropOp52
 70
     0
102
RTVSPost2010Prop53
 90
        2
102
RTVSPost2010PropOp53
 70
     1
102
RTVSPost2010Prop54
  1
strokes_ogs.tif
102
RTVSPost2010PropOp54
 70
     1
102
RTVSPost2010Prop55
280
     0
102
RTVSPost2010PropOp55
 70
     1
102
RTVSPost2010Prop56
140
1.0
102
RTVSPost2010PropOp56
 70
     1
102
RTVSPost2010Prop57
140
1.0
102
RTVSPost2010PropOp57
 70
     1
  0
XRECORD
  5
100D8
102
{ACAD_REACTORS
330
100D7
102
}
330
100D7
100
AcDbXrecord
280
     1
102
RTVSPost2010Prop28
280
     0
102
RTVSPost2010PropOp28
 70
     1
102
RTVSPost2010Prop29
280
     1
102
RTVSPost2010PropOp29
 70
     1
102
RTVSPost2010Prop30
280
     1
102
RTVSPost2010PropOp30
 70
     1
102
RTVSPost2010Prop31
280
     0
102
RTVSPost2010PropOp31
 70
     1
102
RTVSPost2010Prop32
280
     0
102
RTVSPost2010PropOp32
 70
     1
102
RTVSPost2010Prop33
280
     0
102
RTVSPost2010PropOp33
 70
     1
102
RTVSPost2010Prop34
280
     0
102
RTVSPost2010PropOp34
 70
     1
102
RTVSPost2010Prop35
280
     0
102
RTVSPost2010PropOp35
 70
     1
102
RTVSPost2010Prop36
280
     0
102
RTVSPost2010PropOp36
 70
     1
102
RTVSPost2010Prop37
 90
       50
102
RTVSPost2010PropOp37
 70
     1
102
RTVSPost2010Prop38
140
0.0
102
RTVSPost2010PropOp38
 70
     1
102
RTVSPost2010Prop39
140
1.0
102
RTVSPost2010PropOp39
 70
     1
102
RTVSPost2010Prop40
 90
        0
102
RTVSPost2010PropOp40
 70
     1
102
RTVSPost2010Prop41ColorIndex
 90
       18
102
RTVSPost2010Prop41ColorRGB
 90
        0
102
RTVSPost2010PropOp41
 70
     1
102
RTVSPost2010Prop42
 90
       50
102
RTVSPost2010PropOp42
 70
     1
102
RTVSPost2010Prop43
 90
        3
102
RTVSPost2010PropOp43
 70
     1
102
RTVSPost2010Prop44ColorIndex
 90
        5
102
RTVSPost2010Prop44ColorRGB
 90
      255
102
RTVSPost2010PropOp44
 70
     1
102
RTVSPost2010Prop45
280
     0
102
RTVSPost2010PropOp45
 70
     1
102
RTVSPost2010Prop46
 90
       50
102
RTVSPost2010PropOp46
 70
     1
102
RTVSPost2010Prop47
 90
       50
102
RTVSPost2010PropOp47
 70
     1
102
RTVSPost2010Prop48
 90
       50
102
RTVSPost2010PropOp48
 70
     1
102
RTVSPost2010Prop49
280
     0
102
RTVSPost2010PropOp49
 70
     1
102
RTVSPost2010Prop50
 90
       50
102
RTVSPost2010PropOp50
 70
     1
102
RTVSPost2010Prop51ColorIndex
 90
      256
102
RTVSPost2010Prop51ColorRGB
 90
-16777216
102
RTVSPost2010PropOp51
 70
     0
102
RTVSPost2010Prop52
140
1.0
102
RTVSPost2010PropOp52
 70
     0
102
RTVSPost2010Prop53
 90
        2
102
RTVSPost2010PropOp53
 70
     1
102
RTVSPost2010Prop54
  1
strokes_ogs.tif
102
RTVSPost2010PropOp54
 70
     1
102
RTVSPost2010Prop55
280
     0
102
RTVSPost2010PropOp55
 70
     1
102
RTVSPost2010Prop56
140
1.0
102
RTVSPost2010PropOp56
 70
     1
102
RTVSPost2010Prop57
140
1.0
102
RTVSPost2010PropOp57
 70
     1
  0
XRECORD
  5
100F4
102
{ACAD_REACTORS
330
100F3
102
}
330
100F3
100
AcDbXrecord
280
     1
102
RTVSPost2010Prop28
280
     0
102
RTVSPost2010PropOp28
 70
     1
102
RTVSPost2010Prop29
280
     1
102
RTVSPost2010PropOp29
 70
     1
102
RTVSPost2010Prop30
280
     1
102
RTVSPost2010PropOp30
 70
     1
102
RTVSPost2010Prop31
280
     0
102
RTVSPost2010PropOp31
 70
     1
102
RTVSPost2010Prop32
280
     0
102
RTVSPost2010PropOp32
 70
     1
102
RTVSPost2010Prop33
280
     0
102
RTVSPost2010PropOp33
 70
     1
102
RTVSPost2010Prop34
280
     0
102
RTVSPost2010PropOp34
 70
     1
102
RTVSPost2010Prop35
280
     0
102
RTVSPost2010PropOp35
 70
     1
102
RTVSPost2010Prop36
280
     0
102
RTVSPost2010PropOp36
 70
     1
102
RTVSPost2010Prop37
 90
       50
102
RTVSPost2010PropOp37
 70
     0
102
RTVSPost2010Prop38
140
0.0
102
RTVSPost2010PropOp38
 70
     0
102
RTVSPost2010Prop39
140
1.0
102
RTVSPost2010PropOp39
 70
     0
102
RTVSPost2010Prop40
 90
        0
102
RTVSPost2010PropOp40
 70
     0
102
RTVSPost2010Prop41ColorIndex
 90
       18
102
RTVSPost2010Prop41ColorRGB
 90
        0
102
RTVSPost2010PropOp41
 70
     0
102
RTVSPost2010Prop42
 90
       50
102
RTVSPost2010PropOp42
 70
     0
102
RTVSPost2010Prop43
 90
        3
102
RTVSPost2010PropOp43
 70
     0
102
RTVSPost2010Prop44ColorIndex
 90
        5
102
RTVSPost2010Prop44ColorRGB
 90
      255
102
RTVSPost2010PropOp44
 70
     0
102
RTVSPost2010Prop45
280
     0
102
RTVSPost2010PropOp45
 70
     1
102
RTVSPost2010Prop46
 90
       50
102
RTVSPost2010PropOp46
 70
     0
102
RTVSPost2010Prop47
 90
       50
102
RTVSPost2010PropOp47
 70
     0
102
RTVSPost2010Prop48
 90
       50
102
RTVSPost2010PropOp48
 70
     0
102
RTVSPost2010Prop49
280
     0
102
RTVSPost2010PropOp49
 70
     1
102
RTVSPost2010Prop50
 90
       50
102
RTVSPost2010PropOp50
 70
     0
102
RTVSPost2010Prop51ColorIndex
 90
      256
102
RTVSPost2010Prop51ColorRGB
 90
-16777216
102
RTVSPost2010PropOp51
 70
     0
102
RTVSPost2010Prop52
140
1.0
102
RTVSPost2010PropOp52
 70
     0
102
RTVSPost2010Prop53
 90
        2
102
RTVSPost2010PropOp53
 70
     0
102
RTVSPost2010Prop54
  1
strokes_ogs.tif
102
RTVSPost2010PropOp54
 70
     0
102
RTVSPost2010Prop55
280
     0
102
RTVSPost2010PropOp55
 70
     1
102
RTVSPost2010Prop56
140
1.0
102
RTVSPost2010PropOp56
 70
     0
102
RTVSPost2010Prop57
140
1.0
102
RTVSPost2010PropOp57
 70
     0
  0
XRECORD
  5
100E4
102
{ACAD_REACTORS
330
100E3
102
}
330
100E3
100
AcDbXrecord
280
     1
102
RTVSPost2010Prop28
280
     0
102
RTVSPost2010PropOp28
 70
     1
102
RTVSPost2010Prop29
280
     1
102
RTVSPost2010PropOp29
 70
     1
102
RTVSPost2010Prop30
280
     1
102
RTVSPost2010PropOp30
 70
     1
102
RTVSPost2010Prop31
280
     0
102
RTVSPost2010PropOp31
 70
     1
102
RTVSPost2010Prop32
280
     0
102
RTVSPost2010PropOp32
 70
     1
102
RTVSPost2010Prop33
280
     0
102
RTVSPost2010PropOp33
 70
     1
102
RTVSPost2010Prop34
280
     0
102
RTVSPost2010PropOp34
 70
     1
102
RTVSPost2010Prop35
280
     0
102
RTVSPost2010PropOp35
 70
     1
102
RTVSPost2010Prop36
280
     0
102
RTVSPost2010PropOp36
 70
     1
102
RTVSPost2010Prop37
 90
       50
102
RTVSPost2010PropOp37
 70
     1
102
RTVSPost2010Prop38
140
0.0
102
RTVSPost2010PropOp38
 70
     1
102
RTVSPost2010Prop39
140
1.0
102
RTVSPost2010PropOp39
 70
     1
102
RTVSPost2010Prop40
 90
        0
102
RTVSPost2010PropOp40
 70
     1
102
RTVSPost2010Prop41ColorIndex
 90
       18
102
RTVSPost2010Prop41ColorRGB
 90
        0
102
RTVSPost2010PropOp41
 70
     1
102
RTVSPost2010Prop42
 90
       50
102
RTVSPost2010PropOp42
 70
     1
102
RTVSPost2010Prop43
 90
        3
102
RTVSPost2010PropOp43
 70
     1
102
RTVSPost2010Prop44ColorIndex
 90
        5
102
RTVSPost2010Prop44ColorRGB
 90
      255
102
RTVSPost2010PropOp44
 70
     1
102
RTVSPost2010Prop45
280
     0
102
RTVSPost2010PropOp45
 70
     1
102
RTVSPost2010Prop46
 90
       50
102
RTVSPost2010PropOp46
 70
     1
102
RTVSPost2010Prop47
 90
       50
102
RTVSPost2010PropOp47
 70
     1
102
RTVSPost2010Prop48
 90
       50
102
RTVSPost2010PropOp48
 70
     1
102
RTVSPost2010Prop49
280
     0
102
RTVSPost2010PropOp49
 70
     1
102
RTVSPost2010Prop50
 90
       50
102
RTVSPost2010PropOp50
 70
     1
102
RTVSPost2010Prop51ColorIndex
 90
      256
102
RTVSPost2010Prop51ColorRGB
 90
-16777216
102
RTVSPost2010PropOp51
 70
     0
102
RTVSPost2010Prop52
140
1.0
102
RTVSPost2010PropOp52
 70
     0
102
RTVSPost2010Prop53
 90
        2
102
RTVSPost2010PropOp53
 70
     1
102
RTVSPost2010Prop54
  1
strokes_ogs.tif
102
RTVSPost2010PropOp54
 70
     1
102
RTVSPost2010Prop55
280
     0
102
RTVSPost2010PropOp55
 70
     1
102
RTVSPost2010Prop56
140
1.0
102
RTVSPost2010PropOp56
 70
     1
102
RTVSPost2010Prop57
140
1.0
102
RTVSPost2010PropOp57
 70
     1
  0
XRECORD
  5
100F6
102
{ACAD_REACTORS
330
100F5
102
}
330
100F5
100
AcDbXrecord
280
     1
102
RTVSPost2010Prop28
280
     0
102
RTVSPost2010PropOp28
 70
     1
102
RTVSPost2010Prop29
280
     1
102
RTVSPost2010PropOp29
 70
     1
102
RTVSPost2010Prop30
280
     1
102
RTVSPost2010PropOp30
 70
     1
102
RTVSPost2010Prop31
280
     0
102
RTVSPost2010PropOp31
 70
     1
102
RTVSPost2010Prop32
280
     0
102
RTVSPost2010PropOp32
 70
     1
102
RTVSPost2010Prop33
280
     0
102
RTVSPost2010PropOp33
 70
     1
102
RTVSPost2010Prop34
280
     0
102
RTVSPost2010PropOp34
 70
     1
102
RTVSPost2010Prop35
280
     0
102
RTVSPost2010PropOp35
 70
     1
102
RTVSPost2010Prop36
280
     0
102
RTVSPost2010PropOp36
 70
     1
102
RTVSPost2010Prop37
 90
       50
102
RTVSPost2010PropOp37
 70
     0
102
RTVSPost2010Prop38
140
0.0
102
RTVSPost2010PropOp38
 70
     0
102
RTVSPost2010Prop39
140
1.0
102
RTVSPost2010PropOp39
 70
     0
102
RTVSPost2010Prop40
 90
        0
102
RTVSPost2010PropOp40
 70
     0
102
RTVSPost2010Prop41ColorIndex
 90
       18
102
RTVSPost2010Prop41ColorRGB
 90
        0
102
RTVSPost2010PropOp41
 70
     0
102
RTVSPost2010Prop42
 90
       50
102
RTVSPost2010PropOp42
 70
     0
102
RTVSPost2010Prop43
 90
        3
102
RTVSPost2010PropOp43
 70
     0
102
RTVSPost2010Prop44ColorIndex
 90
        5
102
RTVSPost2010Prop44ColorRGB
 90
      255
102
RTVSPost2010PropOp44
 70
     0
102
RTVSPost2010Prop45
280
     0
102
RTVSPost2010PropOp45
 70
     1
102
RTVSPost2010Prop46
 90
       50
102
RTVSPost2010PropOp46
 70
     0
102
RTVSPost2010Prop47
 90
       50
102
RTVSPost2010PropOp47
 70
     0
102
RTVSPost2010Prop48
 90
       50
102
RTVSPost2010PropOp48
 70
     0
102
RTVSPost2010Prop49
280
     0
102
RTVSPost2010PropOp49
 70
     1
102
RTVSPost2010Prop50
 90
       50
102
RTVSPost2010PropOp50
 70
     0
102
RTVSPost2010Prop51ColorIndex
 90
      256
102
RTVSPost2010Prop51ColorRGB
 90
-16777216
102
RTVSPost2010PropOp51
 70
     0
102
RTVSPost2010Prop52
140
1.0
102
RTVSPost2010PropOp52
 70
     0
102
RTVSPost2010Prop53
 90
        2
102
RTVSPost2010PropOp53
 70
     0
102
RTVSPost2010Prop54
  1
strokes_ogs.tif
102
RTVSPost2010PropOp54
 70
     0
102
RTVSPost2010Prop55
280
     0
102
RTVSPost2010PropOp55
 70
     1
102
RTVSPost2010Prop56
140
1.0
102
RTVSPost2010PropOp56
 70
     0
102
RTVSPost2010Prop57
140
1.0
102
RTVSPost2010PropOp57
 70
     0
  0
XRECORD
  5
100DC
102
{ACAD_REACTORS
330
100DB
102
}
330
100DB
100
AcDbXrecord
280
     1
102
RTVSPost2010Prop28
280
     0
102
RTVSPost2010PropOp28
 70
     1
102
RTVSPost2010Prop29
280
     1
102
RTVSPost2010PropOp29
 70
     1
102
RTVSPost2010Prop30
280
     1
102
RTVSPost2010PropOp30
 70
     1
102
RTVSPost2010Prop31
280
     0
102
RTVSPost2010PropOp31
 70
     1
102
RTVSPost2010Prop32
280
     0
102
RTVSPost2010PropOp32
 70
     1
102
RTVSPost2010Prop33
280
     0
102
RTVSPost2010PropOp33
 70
     1
102
RTVSPost2010Prop34
280
     0
102
RTVSPost2010PropOp34
 70
     1
102
RTVSPost2010Prop35
280
     0
102
RTVSPost2010PropOp35
 70
     1
102
RTVSPost2010Prop36
280
     0
102
RTVSPost2010PropOp36
 70
     1
102
RTVSPost2010Prop37
 90
       50
102
RTVSPost2010PropOp37
 70
     1
102
RTVSPost2010Prop38
140
0.0
102
RTVSPost2010PropOp38
 70
     1
102
RTVSPost2010Prop39
140
1.0
102
RTVSPost2010PropOp39
 70
     1
102
RTVSPost2010Prop40
 90
        0
102
RTVSPost2010PropOp40
 70
     1
102
RTVSPost2010Prop41ColorIndex
 90
       18
102
RTVSPost2010Prop41ColorRGB
 90
        0
102
RTVSPost2010PropOp41
 70
     1
102
RTVSPost2010Prop42
 90
       50
102
RTVSPost2010PropOp42
 70
     1
102
RTVSPost2010Prop43
 90
        3
102
RTVSPost2010PropOp43
 70
     1
102
RTVSPost2010Prop44ColorIndex
 90
        5
102
RTVSPost2010Prop44ColorRGB
 90
      255
102
RTVSPost2010PropOp44
 70
     1
102
RTVSPost2010Prop45
280
     0
102
RTVSPost2010PropOp45
 70
     1
102
RTVSPost2010Prop46
 90
       50
102
RTVSPost2010PropOp46
 70
     1
102
RTVSPost2010Prop47
 90
       50
102
RTVSPost2010PropOp47
 70
     1
102
RTVSPost2010Prop48
 90
       50
102
RTVSPost2010PropOp48
 70
     1
102
RTVSPost2010Prop49
280
     0
102
RTVSPost2010PropOp49
 70
     1
102
RTVSPost2010Prop50
 90
       50
102
RTVSPost2010PropOp50
 70
     1
102
RTVSPost2010Prop51ColorIndex
 90
      256
102
RTVSPost2010Prop51ColorRGB
 90
-16777216
102
RTVSPost2010PropOp51
 70
     0
102
RTVSPost2010Prop52
140
1.0
102
RTVSPost2010PropOp52
 70
     0
102
RTVSPost2010Prop53
 90
        2
102
RTVSPost2010PropOp53
 70
     1
102
RTVSPost2010Prop54
  1
strokes_ogs.tif
102
RTVSPost2010PropOp54
 70
     1
102
RTVSPost2010Prop55
280
     0
102
RTVSPost2010PropOp55
 70
     1
102
RTVSPost2010Prop56
140
1.0
102
RTVSPost2010PropOp56
 70
     1
102
RTVSPost2010Prop57
140
1.0
102
RTVSPost2010PropOp57
 70
     1
  0
XRECORD
  5
100F2
102
{ACAD_REACTORS
330
100F1
102
}
330
100F1
100
AcDbXrecord
280
     1
102
RTVSPost2010Prop28
280
     0
102
RTVSPost2010PropOp28
 70
     1
102
RTVSPost2010Prop29
280
     1
102
RTVSPost2010PropOp29
 70
     1
102
RTVSPost2010Prop30
280
     1
102
RTVSPost2010PropOp30
 70
     1
102
RTVSPost2010Prop31
280
     0
102
RTVSPost2010PropOp31
 70
     1
102
RTVSPost2010Prop32
280
     0
102
RTVSPost2010PropOp32
 70
     1
102
RTVSPost2010Prop33
280
     0
102
RTVSPost2010PropOp33
 70
     1
102
RTVSPost2010Prop34
280
     0
102
RTVSPost2010PropOp34
 70
     1
102
RTVSPost2010Prop35
280
     0
102
RTVSPost2010PropOp35
 70
     1
102
RTVSPost2010Prop36
280
     0
102
RTVSPost2010PropOp36
 70
     1
102
RTVSPost2010Prop37
 90
       50
102
RTVSPost2010PropOp37
 70
     1
102
RTVSPost2010Prop38
140
0.0
102
RTVSPost2010PropOp38
 70
     1
102
RTVSPost2010Prop39
140
1.0
102
RTVSPost2010PropOp39
 70
     1
102
RTVSPost2010Prop40
 90
        0
102
RTVSPost2010PropOp40
 70
     1
102
RTVSPost2010Prop41ColorIndex
 90
       18
102
RTVSPost2010Prop41ColorRGB
 90
        0
102
RTVSPost2010PropOp41
 70
     1
102
RTVSPost2010Prop42
 90
       50
102
RTVSPost2010PropOp42
 70
     1
102
RTVSPost2010Prop43
 90
        3
102
RTVSPost2010PropOp43
 70
     1
102
RTVSPost2010Prop44ColorIndex
 90
        5
102
RTVSPost2010Prop44ColorRGB
 90
      255
102
RTVSPost2010PropOp44
 70
     1
102
RTVSPost2010Prop45
280
     0
102
RTVSPost2010PropOp45
 70
     1
102
RTVSPost2010Prop46
 90
       50
102
RTVSPost2010PropOp46
 70
     1
102
RTVSPost2010Prop47
 90
       50
102
RTVSPost2010PropOp47
 70
     1
102
RTVSPost2010Prop48
 90
       50
102
RTVSPost2010PropOp48
 70
     1
102
RTVSPost2010Prop49
280
     0
102
RTVSPost2010PropOp49
 70
     1
102
RTVSPost2010Prop50
 90
       50
102
RTVSPost2010PropOp50
 70
     1
102
RTVSPost2010Prop51ColorIndex
 90
      256
102
RTVSPost2010Prop51ColorRGB
 90
-16777216
102
RTVSPost2010PropOp51
 70
     0
102
RTVSPost2010Prop52
140
1.0
102
RTVSPost2010PropOp52
 70
     0
102
RTVSPost2010Prop53
 90
        2
102
RTVSPost2010PropOp53
 70
     1
102
RTVSPost2010Prop54
  1
strokes_ogs.tif
102
RTVSPost2010PropOp54
 70
     1
102
RTVSPost2010Prop55
280
     0
102
RTVSPost2010PropOp55
 70
     1
102
RTVSPost2010Prop56
140
1.0
102
RTVSPost2010PropOp56
 70
     1
102
RTVSPost2010Prop57
140
1.0
102
RTVSPost2010PropOp57
 70
     1
  0
XRECORD
  5
100F0
102
{ACAD_REACTORS
330
100EF
102
}
330
100EF
100
AcDbXrecord
280
     1
102
RTVSPost2010Prop28
280
     0
102
RTVSPost2010PropOp28
 70
     1
102
RTVSPost2010Prop29
280
     1
102
RTVSPost2010PropOp29
 70
     1
102
RTVSPost2010Prop30
280
     1
102
RTVSPost2010PropOp30
 70
     1
102
RTVSPost2010Prop31
280
     0
102
RTVSPost2010PropOp31
 70
     1
102
RTVSPost2010Prop32
280
     0
102
RTVSPost2010PropOp32
 70
     1
102
RTVSPost2010Prop33
280
     0
102
RTVSPost2010PropOp33
 70
     1
102
RTVSPost2010Prop34
280
     0
102
RTVSPost2010PropOp34
 70
     1
102
RTVSPost2010Prop35
280
     0
102
RTVSPost2010PropOp35
 70
     1
102
RTVSPost2010Prop36
280
     0
102
RTVSPost2010PropOp36
 70
     1
102
RTVSPost2010Prop37
 90
       50
102
RTVSPost2010PropOp37
 70
     1
102
RTVSPost2010Prop38
140
0.0
102
RTVSPost2010PropOp38
 70
     1
102
RTVSPost2010Prop39
140
1.0
102
RTVSPost2010PropOp39
 70
     1
102
RTVSPost2010Prop40
 90
        0
102
RTVSPost2010PropOp40
 70
     1
102
RTVSPost2010Prop41ColorIndex
 90
       18
102
RTVSPost2010Prop41ColorRGB
 90
        0
102
RTVSPost2010PropOp41
 70
     1
102
RTVSPost2010Prop42
 90
       50
102
RTVSPost2010PropOp42
 70
     1
102
RTVSPost2010Prop43
 90
        3
102
RTVSPost2010PropOp43
 70
     1
102
RTVSPost2010Prop44ColorIndex
 90
        5
102
RTVSPost2010Prop44ColorRGB
 90
      255
102
RTVSPost2010PropOp44
 70
     1
102
RTVSPost2010Prop45
280
     0
102
RTVSPost2010PropOp45
 70
     1
102
RTVSPost2010Prop46
 90
       50
102
RTVSPost2010PropOp46
 70
     1
102
RTVSPost2010Prop47
 90
       50
102
RTVSPost2010PropOp47
 70
     1
102
RTVSPost2010Prop48
 90
       50
102
RTVSPost2010PropOp48
 70
     1
102
RTVSPost2010Prop49
280
     0
102
RTVSPost2010PropOp49
 70
     1
102
RTVSPost2010Prop50
 90
       50
102
RTVSPost2010PropOp50
 70
     1
102
RTVSPost2010Prop51ColorIndex
 90
      256
102
RTVSPost2010Prop51ColorRGB
 90
-16777216
102
RTVSPost2010PropOp51
 70
     0
102
RTVSPost2010Prop52
140
1.0
102
RTVSPost2010PropOp52
 70
     0
102
RTVSPost2010Prop53
 90
        2
102
RTVSPost2010PropOp53
 70
     1
102
RTVSPost2010Prop54
  1
strokes_ogs.tif
102
RTVSPost2010PropOp54
 70
     1
102
RTVSPost2010Prop55
280
     0
102
RTVSPost2010PropOp55
 70
     1
102
RTVSPost2010Prop56
140
1.0
102
RTVSPost2010PropOp56
 70
     1
102
RTVSPost2010Prop57
140
1.0
102
RTVSPost2010PropOp57
 70
     1
  0
XRECORD
  5
100EA
102
{ACAD_REACTORS
330
100E9
102
}
330
100E9
100
AcDbXrecord
280
     1
102
RTVSPost2010Prop28
280
     0
102
RTVSPost2010PropOp28
 70
     1
102
RTVSPost2010Prop29
280
     1
102
RTVSPost2010PropOp29
 70
     1
102
RTVSPost2010Prop30
280
     1
102
RTVSPost2010PropOp30
 70
     1
102
RTVSPost2010Prop31
280
     0
102
RTVSPost2010PropOp31
 70
     1
102
RTVSPost2010Prop32
280
     0
102
RTVSPost2010PropOp32
 70
     1
102
RTVSPost2010Prop33
280
     0
102
RTVSPost2010PropOp33
 70
     1
102
RTVSPost2010Prop34
280
     0
102
RTVSPost2010PropOp34
 70
     1
102
RTVSPost2010Prop35
280
     0
102
RTVSPost2010PropOp35
 70
     1
102
RTVSPost2010Prop36
280
     0
102
RTVSPost2010PropOp36
 70
     1
102
RTVSPost2010Prop37
 90
       50
102
RTVSPost2010PropOp37
 70
     1
102
RTVSPost2010Prop38
140
0.0
102
RTVSPost2010PropOp38
 70
     1
102
RTVSPost2010Prop39
140
1.0
102
RTVSPost2010PropOp39
 70
     1
102
RTVSPost2010Prop40
 90
        0
102
RTVSPost2010PropOp40
 70
     1
102
RTVSPost2010Prop41ColorIndex
 90
       18
102
RTVSPost2010Prop41ColorRGB
 90
        0
102
RTVSPost2010PropOp41
 70
     1
102
RTVSPost2010Prop42
 90
       50
102
RTVSPost2010PropOp42
 70
     1
102
RTVSPost2010Prop43
 90
        3
102
RTVSPost2010PropOp43
 70
     1
102
RTVSPost2010Prop44ColorIndex
 90
        5
102
RTVSPost2010Prop44ColorRGB
 90
      255
102
RTVSPost2010PropOp44
 70
     1
102
RTVSPost2010Prop45
280
     0
102
RTVSPost2010PropOp45
 70
     1
102
RTVSPost2010Prop46
 90
       50
102
RTVSPost2010PropOp46
 70
     1
102
RTVSPost2010Prop47
 90
       50
102
RTVSPost2010PropOp47
 70
     1
102
RTVSPost2010Prop48
 90
       50
102
RTVSPost2010PropOp48
 70
     1
102
RTVSPost2010Prop49
280
     0
102
RTVSPost2010PropOp49
 70
     1
102
RTVSPost2010Prop50
 90
       50
102
RTVSPost2010PropOp50
 70
     1
102
RTVSPost2010Prop51ColorIndex
 90
      256
102
RTVSPost2010Prop51ColorRGB
 90
-16777216
102
RTVSPost2010PropOp51
 70
     0
102
RTVSPost2010Prop52
140
1.0
102
RTVSPost2010PropOp52
 70
     0
102
RTVSPost2010Prop53
 90
        2
102
RTVSPost2010PropOp53
 70
     1
102
RTVSPost2010Prop54
  1
strokes_ogs.tif
102
RTVSPost2010PropOp54
 70
     1
102
RTVSPost2010Prop55
280
     0
102
RTVSPost2010PropOp55
 70
     1
102
RTVSPost2010Prop56
140
1.0
102
RTVSPost2010PropOp56
 70
     1
102
RTVSPost2010Prop57
140
1.0
102
RTVSPost2010PropOp57
 70
     1
  0
XRECORD
  5
100EC
102
{ACAD_REACTORS
330
100EB
102
}
330
100EB
100
AcDbXrecord
280
     1
102
RTVSPost2010Prop28
280
     0
102
RTVSPost2010PropOp28
 70
     1
102
RTVSPost2010Prop29
280
     1
102
RTVSPost2010PropOp29
 70
     1
102
RTVSPost2010Prop30
280
     1
102
RTVSPost2010PropOp30
 70
     1
102
RTVSPost2010Prop31
280
     0
102
RTVSPost2010PropOp31
 70
     1
102
RTVSPost2010Prop32
280
     0
102
RTVSPost2010PropOp32
 70
     1
102
RTVSPost2010Prop33
280
     0
102
RTVSPost2010PropOp33
 70
     1
102
RTVSPost2010Prop34
280
     0
102
RTVSPost2010PropOp34
 70
     1
102
RTVSPost2010Prop35
280
     0
102
RTVSPost2010PropOp35
 70
     1
102
RTVSPost2010Prop36
280
     0
102
RTVSPost2010PropOp36
 70
     1
102
RTVSPost2010Prop37
 90
       50
102
RTVSPost2010PropOp37
 70
     1
102
RTVSPost2010Prop38
140
0.0
102
RTVSPost2010PropOp38
 70
     1
102
RTVSPost2010Prop39
140
1.0
102
RTVSPost2010PropOp39
 70
     1
102
RTVSPost2010Prop40
 90
        0
102
RTVSPost2010PropOp40
 70
     1
102
RTVSPost2010Prop41ColorIndex
 90
       18
102
RTVSPost2010Prop41ColorRGB
 90
        0
102
RTVSPost2010PropOp41
 70
     1
102
RTVSPost2010Prop42
 90
       50
102
RTVSPost2010PropOp42
 70
     1
102
RTVSPost2010Prop43
 90
        3
102
RTVSPost2010PropOp43
 70
     1
102
RTVSPost2010Prop44ColorIndex
 90
        5
102
RTVSPost2010Prop44ColorRGB
 90
      255
102
RTVSPost2010PropOp44
 70
     1
102
RTVSPost2010Prop45
280
     0
102
RTVSPost2010PropOp45
 70
     1
102
RTVSPost2010Prop46
 90
       50
102
RTVSPost2010PropOp46
 70
     1
102
RTVSPost2010Prop47
 90
       50
102
RTVSPost2010PropOp47
 70
     1
102
RTVSPost2010Prop48
 90
       50
102
RTVSPost2010PropOp48
 70
     1
102
RTVSPost2010Prop49
280
     0
102
RTVSPost2010PropOp49
 70
     1
102
RTVSPost2010Prop50
 90
       50
102
RTVSPost2010PropOp50
 70
     1
102
RTVSPost2010Prop51ColorIndex
 90
      256
102
RTVSPost2010Prop51ColorRGB
 90
-16777216
102
RTVSPost2010PropOp51
 70
     0
102
RTVSPost2010Prop52
140
1.0
102
RTVSPost2010PropOp52
 70
     0
102
RTVSPost2010Prop53
 90
        2
102
RTVSPost2010PropOp53
 70
     1
102
RTVSPost2010Prop54
  1
strokes_ogs.tif
102
RTVSPost2010PropOp54
 70
     1
102
RTVSPost2010Prop55
280
     0
102
RTVSPost2010PropOp55
 70
     1
102
RTVSPost2010Prop56
140
1.0
102
RTVSPost2010PropOp56
 70
     1
102
RTVSPost2010Prop57
140
1.0
102
RTVSPost2010PropOp57
 70
     1
  0
XRECORD
  5
100E2
102
{ACAD_REACTORS
330
100E1
102
}
330
100E1
100
AcDbXrecord
280
     1
102
RTVSPost2010Prop28
280
     0
102
RTVSPost2010PropOp28
 70
     1
102
RTVSPost2010Prop29
280
     1
102
RTVSPost2010PropOp29
 70
     1
102
RTVSPost2010Prop30
280
     1
102
RTVSPost2010PropOp30
 70
     1
102
RTVSPost2010Prop31
280
     0
102
RTVSPost2010PropOp31
 70
     1
102
RTVSPost2010Prop32
280
     0
102
RTVSPost2010PropOp32
 70
     1
102
RTVSPost2010Prop33
280
     0
102
RTVSPost2010PropOp33
 70
     1
102
RTVSPost2010Prop34
280
     0
102
RTVSPost2010PropOp34
 70
     1
102
RTVSPost2010Prop35
280
     0
102
RTVSPost2010PropOp35
 70
     1
102
RTVSPost2010Prop36
280
     0
102
RTVSPost2010PropOp36
 70
     1
102
RTVSPost2010Prop37
 90
       50
102
RTVSPost2010PropOp37
 70
     1
102
RTVSPost2010Prop38
140
0.0
102
RTVSPost2010PropOp38
 70
     1
102
RTVSPost2010Prop39
140
1.0
102
RTVSPost2010PropOp39
 70
     1
102
RTVSPost2010Prop40
 90
        0
102
RTVSPost2010PropOp40
 70
     1
102
RTVSPost2010Prop41ColorIndex
 90
       18
102
RTVSPost2010Prop41ColorRGB
 90
        0
102
RTVSPost2010PropOp41
 70
     1
102
RTVSPost2010Prop42
 90
       50
102
RTVSPost2010PropOp42
 70
     1
102
RTVSPost2010Prop43
 90
        3
102
RTVSPost2010PropOp43
 70
     1
102
RTVSPost2010Prop44ColorIndex
 90
        5
102
RTVSPost2010Prop44ColorRGB
 90
      255
102
RTVSPost2010PropOp44
 70
     1
102
RTVSPost2010Prop45
280
     0
102
RTVSPost2010PropOp45
 70
     1
102
RTVSPost2010Prop46
 90
       50
102
RTVSPost2010PropOp46
 70
     1
102
RTVSPost2010Prop47
 90
       50
102
RTVSPost2010PropOp47
 70
     1
102
RTVSPost2010Prop48
 90
       50
102
RTVSPost2010PropOp48
 70
     1
102
RTVSPost2010Prop49
280
     0
102
RTVSPost2010PropOp49
 70
     1
102
RTVSPost2010Prop50
 90
       50
102
RTVSPost2010PropOp50
 70
     1
102
RTVSPost2010Prop51ColorIndex
 90
      256
102
RTVSPost2010Prop51ColorRGB
 90
-16777216
102
RTVSPost2010PropOp51
 70
     0
102
RTVSPost2010Prop52
140
1.0
102
RTVSPost2010PropOp52
 70
     0
102
RTVSPost2010Prop53
 90
        2
102
RTVSPost2010PropOp53
 70
     1
102
RTVSPost2010Prop54
  1
strokes_ogs.tif
102
RTVSPost2010PropOp54
 70
     1
102
RTVSPost2010Prop55
280
     0
102
RTVSPost2010PropOp55
 70
     1
102
RTVSPost2010Prop56
140
1.0
102
RTVSPost2010PropOp56
 70
     1
102
RTVSPost2010Prop57
140
1.0
102
RTVSPost2010PropOp57
 70
     1
  0
XRECORD
  5
100D6
102
{ACAD_REACTORS
330
100D5
102
}
330
100D5
100
AcDbXrecord
280
     1
102
RTVSPost2010Prop28
280
     0
102
RTVSPost2010PropOp28
 70
     1
102
RTVSPost2010Prop29
280
     1
102
RTVSPost2010PropOp29
 70
     1
102
RTVSPost2010Prop30
280
     1
102
RTVSPost2010PropOp30
 70
     1
102
RTVSPost2010Prop31
280
     0
102
RTVSPost2010PropOp31
 70
     1
102
RTVSPost2010Prop32
280
     0
102
RTVSPost2010PropOp32
 70
     1
102
RTVSPost2010Prop33
280
     0
102
RTVSPost2010PropOp33
 70
     1
102
RTVSPost2010Prop34
280
     0
102
RTVSPost2010PropOp34
 70
     1
102
RTVSPost2010Prop35
280
     0
102
RTVSPost2010PropOp35
 70
     1
102
RTVSPost2010Prop36
280
     0
102
RTVSPost2010PropOp36
 70
     1
102
RTVSPost2010Prop37
 90
       50
102
RTVSPost2010PropOp37
 70
     1
102
RTVSPost2010Prop38
140
0.0
102
RTVSPost2010PropOp38
 70
     1
102
RTVSPost2010Prop39
140
1.0
102
RTVSPost2010PropOp39
 70
     1
102
RTVSPost2010Prop40
 90
        0
102
RTVSPost2010PropOp40
 70
     1
102
RTVSPost2010Prop41ColorIndex
 90
       18
102
RTVSPost2010Prop41ColorRGB
 90
        0
102
RTVSPost2010PropOp41
 70
     1
102
RTVSPost2010Prop42
 90
       50
102
RTVSPost2010PropOp42
 70
     1
102
RTVSPost2010Prop43
 90
        3
102
RTVSPost2010PropOp43
 70
     1
102
RTVSPost2010Prop44ColorIndex
 90
        5
102
RTVSPost2010Prop44ColorRGB
 90
      255
102
RTVSPost2010PropOp44
 70
     1
102
RTVSPost2010Prop45
280
     0
102
RTVSPost2010PropOp45
 70
     1
102
RTVSPost2010Prop46
 90
       50
102
RTVSPost2010PropOp46
 70
     1
102
RTVSPost2010Prop47
 90
       50
102
RTVSPost2010PropOp47
 70
     1
102
RTVSPost2010Prop48
 90
       50
102
RTVSPost2010PropOp48
 70
     1
102
RTVSPost2010Prop49
280
     0
102
RTVSPost2010PropOp49
 70
     1
102
RTVSPost2010Prop50
 90
       50
102
RTVSPost2010PropOp50
 70
     1
102
RTVSPost2010Prop51ColorIndex
 90
      256
102
RTVSPost2010Prop51ColorRGB
 90
-16777216
102
RTVSPost2010PropOp51
 70
     0
102
RTVSPost2010Prop52
140
1.0
102
RTVSPost2010PropOp52
 70
     0
102
RTVSPost2010Prop53
 90
        2
102
RTVSPost2010PropOp53
 70
     1
102
RTVSPost2010Prop54
  1
strokes_ogs.tif
102
RTVSPost2010PropOp54
 70
     1
102
RTVSPost2010Prop55
280
     0
102
RTVSPost2010PropOp55
 70
     1
102
RTVSPost2010Prop56
140
1.0
102
RTVSPost2010PropOp56
 70
     1
102
RTVSPost2010Prop57
140
1.0
102
RTVSPost2010PropOp57
 70
     1
  0
XRECORD
  5
100EE
102
{ACAD_REACTORS
330
100ED
102
}
330
100ED
100
AcDbXrecord
280
     1
102
RTVSPost2010Prop28
280
     0
102
RTVSPost2010PropOp28
 70
     1
102
RTVSPost2010Prop29
280
     1
102
RTVSPost2010PropOp29
 70
     1
102
RTVSPost2010Prop30
280
     1
102
RTVSPost2010PropOp30
 70
     1
102
RTVSPost2010Prop31
280
     0
102
RTVSPost2010PropOp31
 70
     1
102
RTVSPost2010Prop32
280
     0
102
RTVSPost2010PropOp32
 70
     1
102
RTVSPost2010Prop33
280
     0
102
RTVSPost2010PropOp33
 70
     1
102
RTVSPost2010Prop34
280
     0
102
RTVSPost2010PropOp34
 70
     1
102
RTVSPost2010Prop35
280
     0
102
RTVSPost2010PropOp35
 70
     1
102
RTVSPost2010Prop36
280
     0
102
RTVSPost2010PropOp36
 70
     1
102
RTVSPost2010Prop37
 90
       50
102
RTVSPost2010PropOp37
 70
     1
102
RTVSPost2010Prop38
140
0.0
102
RTVSPost2010PropOp38
 70
     1
102
RTVSPost2010Prop39
140
1.0
102
RTVSPost2010PropOp39
 70
     1
102
RTVSPost2010Prop40
 90
        0
102
RTVSPost2010PropOp40
 70
     1
102
RTVSPost2010Prop41ColorIndex
 90
       18
102
RTVSPost2010Prop41ColorRGB
 90
        0
102
RTVSPost2010PropOp41
 70
     1
102
RTVSPost2010Prop42
 90
       50
102
RTVSPost2010PropOp42
 70
     1
102
RTVSPost2010Prop43
 90
        3
102
RTVSPost2010PropOp43
 70
     1
102
RTVSPost2010Prop44ColorIndex
 90
        5
102
RTVSPost2010Prop44ColorRGB
 90
      255
102
RTVSPost2010PropOp44
 70
     1
102
RTVSPost2010Prop45
280
     0
102
RTVSPost2010PropOp45
 70
     1
102
RTVSPost2010Prop46
 90
       50
102
RTVSPost2010PropOp46
 70
     1
102
RTVSPost2010Prop47
 90
       50
102
RTVSPost2010PropOp47
 70
     1
102
RTVSPost2010Prop48
 90
       50
102
RTVSPost2010PropOp48
 70
     1
102
RTVSPost2010Prop49
280
     0
102
RTVSPost2010PropOp49
 70
     1
102
RTVSPost2010Prop50
 90
       50
102
RTVSPost2010PropOp50
 70
     1
102
RTVSPost2010Prop51ColorIndex
 90
      256
102
RTVSPost2010Prop51ColorRGB
 90
-16777216
102
RTVSPost2010PropOp51
 70
     0
102
RTVSPost2010Prop52
140
1.0
102
RTVSPost2010PropOp52
 70
     0
102
RTVSPost2010Prop53
 90
        2
102
RTVSPost2010PropOp53
 70
     1
102
RTVSPost2010Prop54
  1
strokes_ogs.tif
102
RTVSPost2010PropOp54
 70
     1
102
RTVSPost2010Prop55
280
     0
102
RTVSPost2010PropOp55
 70
     1
102
RTVSPost2010Prop56
140
1.0
102
RTVSPost2010PropOp56
 70
     1
102
RTVSPost2010Prop57
140
1.0
102
RTVSPost2010PropOp57
 70
     1
  0
ENDSEC
  0
EOF
