  0
SECTION
  2
HEADER
  9
$ACADVER
  1
AC1024
  9
$ACADMAINTVER
 70
   226
  9
$DWGCODEPAGE
  3
ANSI_949
  9
$LASTSAVEDBY
  1
junkibeom
  9
$INSBASE
 10
0.0
 20
0.0
 30
0.0
  9
$EXTMIN
 10
59.68684454028359
 20
59.40443691627433
 30
-0.00000001
  9
$EXTMAX
 10
407.4572467228568
 20
179.0744740072596
 30
0.00000001
  9
$LIMMIN
 10
0.0
 20
0.0
  9
$LIMMAX
 10
12.0
 20
9.0
  9
$ORTHOMODE
 70
     0
  9
$REGENMODE
 70
     1
  9
$FILLMODE
 70
     1
  9
$QTEXTMODE
 70
     0
  9
$MIRRTEXT
 70
     0
  9
$LTSCALE
 40
1.0
  9
$ATTMODE
 70
     1
  9
$TEXTSIZE
 40
0.2
  9
$TRACEWID
 40
0.05
  9
$TEXTSTYLE
  7
STANDARD
  9
$CLAYER
  8
0
  9
$CELTYPE
  6
Continuous
  9
$CECOLOR
 62
   256
  9
$CELTSCALE
 40
1.0
  9
$DISPSILH
 70
     0
  9
$DIMSCALE
 40
1.0
  9
$DIMASZ
 40
0.18
  9
$DIMEXO
 40
0.0625
  9
$DIMDLI
 40
0.38
  9
$DIMRND
 40
0.0
  9
$DIMDLE
 40
0.0
  9
$DIMEXE
 40
0.18
  9
$DIMTP
 40
0.0
  9
$DIMTM
 40
0.0
  9
$DIMTXT
 40
0.18
  9
$DIMCEN
 40
0.09
  9
$DIMTSZ
 40
0.0
  9
$DIMTOL
 70
     0
  9
$DIMLIM
 70
     0
  9
$DIMTIH
 70
     1
  9
$DIMTOH
 70
     1
  9
$DIMSE1
 70
     0
  9
$DIMSE2
 70
     0
  9
$DIMTAD
 70
     0
  9
$DIMZIN
 70
     0
  9
$DIMBLK
  1

  9
$DIMASO
 70
     1
  9
$DIMSHO
 70
     1
  9
$DIMPOST
  1

  9
$DIMAPOST
  1

  9
$DIMALT
 70
     0
  9
$DIMALTD
 70
     2
  9
$DIMALTF
 40
25.4
  9
$DIMLFAC
 40
1.0
  9
$DIMTOFL
 70
     0
  9
$DIMTVP
 40
0.0
  9
$DIMTIX
 70
     0
  9
$DIMSOXD
 70
     0
  9
$DIMSAH
 70
     0
  9
$DIMBLK1
  1

  9
$DIMBLK2
  1

  9
$DIMSTYLE
  2
Standard
  9
$DIMCLRD
 70
     0
  9
$DIMCLRE
 70
     0
  9
$DIMCLRT
 70
     0
  9
$DIMTFAC
 40
1.0
  9
$DIMGAP
 40
0.09
  9
$DIMJUST
 70
     0
  9
$DIMSD1
 70
     0
  9
$DIMSD2
 70
     0
  9
$DIMTOLJ
 70
     1
  9
$DIMTZIN
 70
     0
  9
$DIMALTZ
 70
     0
  9
$DIMALTTZ
 70
     0
  9
$DIMUPT
 70
     0
  9
$DIMDEC
 70
     4
  9
$DIMTDEC
 70
     4
  9
$DIMALTU
 70
     2
  9
$DIMALTTD
 70
     2
  9
$DIMTXSTY
  7
STANDARD
  9
$DIMAUNIT
 70
     0
  9
$DIMADEC
 70
     0
  9
$DIMALTRND
 40
0.0
  9
$DIMAZIN
 70
     0
  9
$DIMDSEP
 70
    46
  9
$DIMATFIT
 70
     3
  9
$DIMFRAC
 70
     0
  9
$DIMLDRBLK
  1

  9
$DIMLUNIT
 70
     2
  9
$DIMLWD
 70
    -2
  9
$DIMLWE
 70
    -2
  9
$DIMTMOVE
 70
     0
  9
$DIMFXL
 40
1.0
  9
$DIMFXLON
 70
     0
  9
$DIMJOGANG
 40
0.7853981633974483
  9
$DIMTFILL
 70
     0
  9
$DIMTFILLCLR
 70
     0
  9
$DIMARCSYM
 70
     0
  9
$DIMLTYPE
  6

  9
$DIMLTEX1
  6

  9
$DIMLTEX2
  6

  9
$DIMTXTDIRECTION
 70
     0
  9
$LUNITS
 70
     2
  9
$LUPREC
 70
     4
  9
$SKETCHINC
 40
0.1
  9
$FILLETRAD
 40
0.0
  9
$AUNITS
 70
     0
  9
$AUPREC
 70
     0
  9
$MENU
  1
.
  9
$ELEVATION
 40
0.0
  9
$PELEVATION
 40
0.0
  9
$THICKNESS
 40
0.0
  9
$LIMCHECK
 70
     0
  9
$CHAMFERA
 40
0.0
  9
$CHAMFERB
 40
0.0
  9
$CHAMFERC
 40
0.0
  9
$CHAMFERD
 40
0.0
  9
$SKPOLY
 70
     0
  9
$TDCREATE
 40
2461314.870636574
  9
$TDUCREATE
 40
2461314.495636574
  9
$TDUPDATE
 40
2461314.873506945
  9
$TDUUPDATE
 40
2461314.498506945
  9
$TDINDWG
 40
0.0011458333
  9
$TDUSRTIMER
 40
0.0011458333
  9
$USRTIMER
 70
     1
  9
$ANGBASE
 50
0.0
  9
$ANGDIR
 70
     0
  9
$PDMODE
 70
     0
  9
$PDSIZE
 40
0.0
  9
$PLINEWID
 40
0.0
  9
$SPLFRAME
 70
     0
  9
$SPLINETYPE
 70
     6
  9
$SPLINESEGS
 70
     8
  9
$HANDSEED
  5
100FD
  9
$SURFTAB1
 70
     6
  9
$SURFTAB2
 70
     6
  9
$SURFTYPE
 70
     6
  9
$SURFU
 70
     6
  9
$SURFV
 70
     6
  9
$UCSBASE
  2

  9
$UCSNAME
  2

  9
$UCSORG
 10
0.0
 20
0.0
 30
0.0
  9
$UCSXDIR
 10
1.0
 20
0.0
 30
0.0
  9
$UCSYDIR
 10
0.0
 20
1.0
 30
0.0
  9
$UCSORTHOREF
  2

  9
$UCSORTHOVIEW
 70
     0
  9
$UCSORGTOP
 10
0.0
 20
0.0
 30
0.0
  9
$UCSORGBOTTOM
 10
0.0
 20
0.0
 30
0.0
  9
$UCSORGLEFT
 10
0.0
 20
0.0
 30
0.0
  9
$UCSORGRIGHT
 10
0.0
 20
0.0
 30
0.0
  9
$UCSORGFRONT
 10
0.0
 20
0.0
 30
0.0
  9
$UCSORGBACK
 10
0.0
 20
0.0
 30
0.0
  9
$PUCSBASE
  2

  9
$PUCSNAME
  2

  9
$PUCSORG
 10
0.0
 20
0.0
 30
0.0
  9
$PUCSXDIR
 10
1.0
 20
0.0
 30
0.0
  9
$PUCSYDIR
 10
0.0
 20
1.0
 30
0.0
  9
$PUCSORTHOREF
  2

  9
$PUCSORTHOVIEW
 70
     0
  9
$PUCSORGTOP
 10
0.0
 20
0.0
 30
0.0
  9
$PUCSORGBOTTOM
 10
0.0
 20
0.0
 30
0.0
  9
$PUCSORGLEFT
 10
0.0
 20
0.0
 30
0.0
  9
$PUCSORGRIGHT
 10
0.0
 20
0.0
 30
0.0
  9
$PUCSORGFRONT
 10
0.0
 20
0.0
 30
0.0
  9
$PUCSORGBACK
 10
0.0
 20
0.0
 30
0.0
  9
$USERI1
 70
     0
  9
$USERI2
 70
     0
  9
$USERI3
 70
     0
  9
$USERI4
 70
     0
  9
$USERI5
 70
     0
  9
$USERR1
 40
0.0
  9
$USERR2
 40
0.0
  9
$USERR3
 40
0.0
  9
$USERR4
 40
0.0
  9
$USERR5
 40
0.0
  9
$WORLDVIEW
 70
     1
  9
$SHADEDGE
 70
     3
  9
$SHADEDIF
 70
    70
  9
$TILEMODE
 70
     1
  9
$MAXACTVP
 70
    64
  9
$PINSBASE
 10
0.0
 20
0.0
 30
0.0
  9
$PLIMCHECK
 70
     0
  9
$PEXTMIN
 10
1.000000000000000E+20
 20
1.000000000000000E+20
 30
1.000000000000000E+20
  9
$PEXTMAX
 10
-1.000000000000000E+20
 20
-1.000000000000000E+20
 30
-1.000000000000000E+20
  9
$PLIMMIN
 10
0.0
 20
0.0
  9
$PLIMMAX
 10
12.0
 20
9.0
  9
$UNITMODE
 70
     0
  9
$VISRETAIN
 70
     1
  9
$PLINEGEN
 70
     0
  9
$PSLTSCALE
 70
     1
  9
$TREEDEPTH
 70
  3020
  9
$CMLSTYLE
  2
Standard
  9
$CMLJUST
 70
     0
  9
$CMLSCALE
 40
1.0
  9
$PROXYGRAPHICS
 70
     1
  9
$MEASUREMENT
 70
     0
  9
$CELWEIGHT
370
    -1
  9
$ENDCAPS
280
     0
  9
$JOINSTYLE
280
     0
  9
$LWDISPLAY
290
     0
  9
$INSUNITS
 70
     4
  9
$HYPERLINKBASE
  1

  9
$STYLESHEET
  1

  9
$XEDIT
290
     1
  9
$CEPSNTYPE
380
     0
  9
$PSTYLEMODE
290
     1
  9
$FINGERPRINTGUID
  2
{A9FA76FE-2824-1044-8340-8D56710B4566}
  9
$VERSIONGUID
  2
{5679CB97-B6B3-5749-9655-F5CC3EF9C268}
  9
$EXTNAMES
290
     1
  9
$PSVPSCALE
 40
0.0
  9
$OLESTARTUP
290
     0
  9
$SORTENTS
280
   127
  9
$INDEXCTL
280
     0
  9
$HIDETEXT
280
     0
  9
$XCLIPFRAME
280
     2
  9
$HALOGAP
280
     0
  9
$OBSCOLOR
 70
   257
  9
$OBSLTYPE
280
     0
  9
$INTERSECTIONDISPLAY
280
     0
  9
$INTERSECTIONCOLOR
 70
   257
  9
$DIMASSOC
280
     1
  9
$PROJECTNAME
  1

  9
$CAMERADISPLAY
290
     0
  9
$LENSLENGTH
 40
50.0
  9
$CAMERAHEIGHT
 40
0.0
  9
$STEPSPERSEC
 40
2.0
  9
$STEPSIZE
 40
6.0
  9
$3DDWFPREC
 40
2.0
  9
$PSOLWIDTH
 40
0.25
  9
$PSOLHEIGHT
 40
4.0
  9
$LOFTANG1
 40
1.570796326794896
  9
$LOFTANG2
 40
1.570796326794896
  9
$LOFTMAG1
 40
0.0
  9
$LOFTMAG2
 40
0.0
  9
$LOFTPARAM
 70
     7
  9
$LOFTNORMALS
280
     1
  9
$LATITUDE
 40
37.795
  9
$LONGITUDE
 40
-122.394
  9
$NORTHDIRECTION
 40
0.0
  9
$TIMEZONE
 70
 -8000
  9
$LIGHTGLYPHDISPLAY
280
     1
  9
$TILEMODELIGHTSYNCH
280
     1
  9
$CMATERIAL
347
10005
  9
$SOLIDHIST
280
     0
  9
$SHOWHIST
280
     1
  9
$DWFFRAME
280
     2
  9
$DGNFRAME
280
     0
  9
$REALWORLDSCALE
290
     1
  9
$INTERFERECOLOR
 62
     1
  9
$INTERFEREOBJVS
345
10027
  9
$INTERFEREVPVS
346
10024
  9
$CSHADOW
280
     0
  9
$SHADOWPLANELOCATION
 40
0.0
  0
ENDSEC
  0
SECTION
  2
CLASSES
  0
CLASS
  1
ACDBDICTIONARYWDFLT
  2
AcDbDictionaryWithDefault
  3
ObjectDBX Classes
 90
        0
 91
        1
280
     0
281
     0
  0
CLASS
  1
MATERIAL
  2
AcDbMaterial
  3
ObjectDBX Classes
 90
     1153
 91
        3
280
     0
281
     0
  0
CLASS
  1
VISUALSTYLE
  2
AcDbVisualStyle
  3
ObjectDBX Classes
 90
     4095
 91
       24
280
     0
281
     0
  0
CLASS
  1
TABLESTYLE
  2
AcDbTableStyle
  3
ObjectDBX Classes
 90
     4095
 91
        1
280
     0
281
     0
  0
CLASS
  1
SCALE
  2
AcDbScale
  3
ObjectDBX Classes
 90
     1153
 91
       17
280
     0
281
     0
  0
CLASS
  1
MLEADERSTYLE
  2
AcDbMLeaderStyle
  3
ACDB_MLEADERSTYLE_CLASS
 90
     4095
 91
        1
280
     0
281
     0
  0
CLASS
  1
ACDBSECTIONVIEWSTYLE
  2
AcDbSectionViewStyle
  3
ObjectDBX Classes
 90
     1025
 91
        1
280
     0
281
     0
  0
CLASS
  1
ACDBDETAILVIEWSTYLE
  2
AcDbDetailViewStyle
  3
ObjectDBX Classes
 90
     1025
 91
        1
280
     0
281
     0
  0
CLASS
  1
SOLID_BACKGROUND
  2
AcDbSolidBackground
  3
SCENEOE
 90
     4095
 91
        1
280
     0
281
     0
  0
CLASS
  1
NPOCOLLECTION
  2
AcDbImpNonPersistentObjectsCollection
  3
ObjectDBX Classes
 90
     1153
 91
        1
280
     0
281
     0
  0
CLASS
  1
DICTIONARYVAR
  2
AcDbDictionaryVar
  3
ObjectDBX Classes
 90
        0
 91
        9
280
     0
281
     0
  0
CLASS
  1
CELLSTYLEMAP
  2
AcDbCellStyleMap
  3
ObjectDBX Classes
 90
     1152
 91
        2
280
     0
281
     0
  0
ENDSEC
  0
SECTION
  2
TABLES
  0
TABLE
  2
VPORT
  5
8
330
0
100
AcDbSymbolTable
 70
     1
  0
VPORT
  5
10059
330
8
100
AcDbSymbolTableRecord
100
AcDbViewportTableRecord
  2
*Active
 70
     0
 10
0.0
 20
0.0
 11
1.0
 21
1.0
 12
0.0
 22
0.0
 13
0.0
 23
0.0
 14
1.0
 24
1.0
 15
0.0
 25
0.0
 16
-0.0000000000001705
 26
0.0
 36
785.2879872271223
 17
233.9008121490479
 27
118.9106922149658
 37
0.0
 40
366.9486592336255
 41
1.433566433566433
 42
50.0
 43
0.0
 44
0.0
 50
0.0
 51
0.0
 71
     0
 72
  1000
 73
     1
 74
     3
 75
     0
 76
     0
 77
     0
 78
     0
281
     0
 65
     1
110
0.0
120
0.0
130
0.0
111
1.0
121
0.0
131
0.0
112
0.0
122
1.0
132
0.0
 79
     0
146
0.0
348
10023
 60
     3
 61
     5
292
     1
282
     1
141
0.0
142
0.0
 63
   250
421
  3355443
1001
ACAD_NAV_VCDISPLAY
1070
     3
  0
ENDTAB
  0
TABLE
  2
LTYPE
  5
5
330
0
100
AcDbSymbolTable
 70
     2
  0
LTYPE
  5
14
330
5
100
AcDbSymbolTableRecord
100
AcDbLinetypeTableRecord
  2
BYBLOCK
 70
     0
  3

 72
    65
 73
     0
 40
0.0
  0
LTYPE
  5
15
330
5
100
AcDbSymbolTableRecord
100
AcDbLinetypeTableRecord
  2
BYLAYER
 70
     0
  3

 72
    65
 73
     0
 40
0.0
  0
LTYPE
  5
10001
330
5
100
AcDbSymbolTableRecord
100
AcDbLinetypeTableRecord
  2
Continuous
 70
     0
  3
Solid line
 72
    65
 73
     0
 40
0.0
  0
LTYPE
  5
16
330
5
100
AcDbSymbolTableRecord
100
AcDbLinetypeTableRecord
  2
DASHED
 70
     0
  3
Dashed __ __ __ __ __ __ __ __ __ __ __ __ __ _
 72
    65
 73
     2
 40
0.75
 49
0.5
 74
     0
 49
-0.25
 74
     0
  0
ENDTAB
  0
TABLE
  2
LAYER
  5
2
102
{ACAD_XDICTIONARY
360
10064
102
}
330
0
100
AcDbSymbolTable
 70
     1
  0
LAYER
  5
50
102
{ACAD_XDICTIONARY
360
1005F
102
}
330
2
100
AcDbSymbolTableRecord
100
AcDbLayerTableRecord
  2
0
 70
     0
 62
     7
  6
Continuous
370
    -3
390
10003
347
10015
  0
ENDTAB
  0
TABLE
  2
STYLE
  5
3
330
0
100
AcDbSymbolTable
 70
     1
  0
STYLE
  5
11
330
3
100
AcDbSymbolTableRecord
100
AcDbTextStyleTableRecord
  2
STANDARD
 70
     0
 40
0.0
 41
1.0
 50
0.0
 71
     0
 42
0.2
  3

  4

  0
ENDTAB
  0
TABLE
  2
VIEW
  5
6
330
0
100
AcDbSymbolTable
 70
     1
  0
ENDTAB
  0
TABLE
  2
UCS
  5
7
330
0
100
AcDbSymbolTable
 70
     0
  0
ENDTAB
  0
TABLE
  2
APPID
  5
9
330
0
100
AcDbSymbolTable
 70
     2
  0
APPID
  5
12
330
9
100
AcDbSymbolTableRecord
100
AcDbRegAppTableRecord
  2
ACAD
 70
     0
  0
APPID
  5
10058
330
9
100
AcDbSymbolTableRecord
100
AcDbRegAppTableRecord
  2
ACAD_NAV_VCDISPLAY
 70
     0
  0
ENDTAB
  0
TABLE
  2
DIMSTYLE
  5
A
330
0
100
AcDbSymbolTable
 70
     1
100
AcDbDimStyleTable
 71
     0
  0
DIMSTYLE
105
10053
330
A
100
AcDbSymbolTableRecord
100
AcDbDimStyleTableRecord
  2
Standard
 70
     0
340
11
  0
ENDTAB
  0
TABLE
  2
BLOCK_RECORD
  5
1
330
0
100
AcDbSymbolTable
 70
     0
  0
BLOCK_RECORD
  5
1F
330
1
100
AcDbSymbolTableRecord
100
AcDbBlockTableRecord
  2
*MODEL_SPACE
340
10055
 70
     0
280
     1
281
     0
  0
BLOCK_RECORD
  5
1B
330
1
100
AcDbSymbolTableRecord
100
AcDbBlockTableRecord
  2
*PAPER_SPACE
340
10056
 70
     0
280
     1
281
     0
  0
ENDTAB
  0
ENDSEC
  0
SECTION
  2
BLOCKS
  0
BLOCK
  5
20
330
1F
100
AcDbEntity
  8
0
100
AcDbBlockBegin
  2
*MODEL_SPACE
 70
     0
 10
0.0
 20
0.0
 30
0.0
  3
*MODEL_SPACE
  1

  0
ENDBLK
  5
21
330
1F
100
AcDbEntity
  8
0
100
AcDbBlockEnd
  0
BLOCK
  5
1C
330
1B
100
AcDbEntity
 67
     1
  8
0
100
AcDbBlockBegin
  2
*PAPER_SPACE
 70
     0
 10
0.0
 20
0.0
 30
0.0
  3
*PAPER_SPACE
  1

  0
ENDBLK
  5
1D
330
1B
100
AcDbEntity
 67
     1
  8
0
100
AcDbBlockEnd
  0
ENDSEC
  0
SECTION
  2
ENTITIES
  0
LINE
  5
100
330
1F
100
AcDbEntity
  8
0
100
AcDbLine
 10
119.9037071716423
 20
59.40444044866893
 30
0.0
 11
63.34437810672227
 21
59.40444044611763
 31
0.0
  0
ARC
  5
101
330
1F
100
AcDbEntity
  8
0
100
AcDbCircle
 10
63.34437810658707
 20
62.40444044611738
 30
0.0
 40
2.99999999999966
100
AcDbArc
 50
180.0000000051817
 51
270.0000000025827
  0
LINE
  5
102
330
1F
100
AcDbEntity
  8
0
100
AcDbLine
 10
60.34437810658707
 20
62.40444044598095
 30
0.0
 11
60.34437810144837
 21
175.4169404460134
 31
0.0
  0
SPLINE
  5
103
330
1F
100
AcDbEntity
  8
0
100
AcDbSpline
210
0.0
220
0.0
230
1.0
 70
     8
 71
     3
 72
     8
 73
     4
 74
     0
 42
0.000000001
 43
0.0000000001
 40
0.0
 40
0.0
 40
0.0
 40
0.0
 40
1.0
 40
1.0
 40
1.0
 40
1.0
 10
60.34437810144837
 20
175.4169404460134
 30
0.0
 10
60.34437810137368
 20
177.0737946955064
 30
0.0
 10
61.68752385181917
 20
178.4169404460738
 30
0.0
 10
63.34437810131319
 20
178.4169404461486
 30
0.0
  0
LINE
  5
104
330
1F
100
AcDbEntity
  8
0
100
AcDbLine
 10
63.34437810131319
 20
178.4169404461486
 30
0.0
 11
371.5124517133762
 21
178.4169404249713
 31
0.0
  0
LINE
  5
105
330
1F
100
AcDbEntity
  8
0
100
AcDbLine
 10
371.5124517133762
 20
178.4169404249713
 30
0.0
 11
375.8540297979552
 21
178.416940460213
 31
0.0
  0
LINE
  5
106
330
1F
100
AcDbEntity
  8
0
100
AcDbLine
 10
375.8540297979552
 20
178.416940460213
 30
0.0
 11
404.4563803137591
 21
178.4169404615061
 31
0.0
  0
ARC
  5
107
330
1F
100
AcDbEntity
  8
0
100
AcDbCircle
 10
404.4563803138885
 20
175.4160740576761
 30
0.0
 40
3.000866403829983
100
AcDbArc
 50
0.0000000051817088
 51
90.00000000246872
  0
LINE
  5
108
330
1F
100
AcDbEntity
  8
0
100
AcDbLine
 10
407.4572467177185
 20
175.4160740578123
 30
0.0
 11
407.4572467228568
 21
62.40616997428938
 31
0.0
  0
ARC
  5
109
330
1F
100
AcDbEntity
  8
0
100
AcDbCircle
 10
404.4555136649789
 20
62.40616997415284
 30
0.0
 40
3.001733057877976
100
AcDbArc
 50
270.0000000026039
 51
0.0000000051817088
  0
LINE
  5
110
330
1F
100
AcDbEntity
  8
0
100
AcDbLine
 10
404.4555136651153
 20
59.40443691627433
 30
0.0
 11
285.9847824421064
 21
59.40444045618312
 31
0.0
  0
LINE
  5
111
330
1F
100
AcDbEntity
  8
0
100
AcDbLine
 10
285.9847824421064
 20
59.40444045618312
 30
0.0
 11
119.9037071716423
 21
59.40444044866893
 31
0.0
  0
LWPOLYLINE
  5
112
330
1F
100
AcDbEntity
  8
0
100
AcDbPolyline
 90
       14
 70
     1
 43
0.0
 10
85.07249372712889
 20
71.35443558194006
 42
-1.0
 10
85.0724937275719
 20
66.45443558194014
 10
83.8224937275719
 20
66.45443558182705
 42
0.4142135623730951
 10
82.82249372766228
 20
65.45443558173665
 10
82.82249372795607
 20
62.20444044671686
 42
0.4142135623730951
 10
83.32249372800138
 20
61.70444044676205
 10
89.20337809947739
 20
61.70444044729371
 42
0.4142135623730951
 10
89.70337809943217
 20
62.20444044733895
 10
89.70337809822058
 20
75.60444044773473
 42
0.4142135623730951
 10
89.20337809817539
 20
76.10444044768954
 10
83.32249372669938
 20
76.10444044715788
 42
0.4142135623730951
 10
82.8224937267446
 20
75.60444044711264
 10
82.82249372703848
 20
72.35443558173665
 42
0.4142135623730951
 10
83.82249372712889
 20
71.35443558182706
  0
LWPOLYLINE
  5
113
330
1F
100
AcDbEntity
  8
0
100
AcDbPolyline
 90
       14
 70
     1
 43
0.0
 10
320.8162437275705
 20
66.45443560325404
 42
-1.0
 10
320.8162437271275
 20
71.35443560325402
 10
322.0662437271818
 20
71.35443560336705
 42
0.4142135623599735
 10
323.0662437270914
 20
72.35443560341264
 10
323.0662437269436
 20
75.60444045794622
 42
0.4142135623733162
 10
322.5662437269204
 20
76.10444045792346
 10
316.685198212701
 20
76.10444045765547
 42
0.4142135623730925
 10
316.1851982127239
 20
75.60444045763265
 10
316.1851982133347
 20
62.20444045762963
 42
0.4142135623730951
 10
316.6851982133574
 20
61.70444045765245
 10
322.5662437275762
 20
61.70444045792047
 42
0.4142135623734592
 10
323.0662437275541
 20
62.20444045794323
 10
323.0662437274059
 20
65.45443560341263
 42
0.4142135623862166
 10
322.0662437273155
 20
66.45443560336705
  0
CIRCLE
  5
114
330
1F
100
AcDbEntity
  8
0
100
AcDbCircle
 10
162.5939907193015
 20
157.9169355889519
 30
0.0
 40
1.149999999999918
  0
CIRCLE
  5
115
330
1F
100
AcDbEntity
  8
0
100
AcDbCircle
 10
81.59399071930167
 20
157.9169355816286
 30
0.0
 40
1.149999999999928
  0
CIRCLE
  5
116
330
1F
100
AcDbEntity
  8
0
100
AcDbCircle
 10
129.1257407230436
 20
116.5294255859232
 30
0.0
 40
1.15000000000036
  0
SPLINE
  5
117
330
1F
100
AcDbEntity
  8
0
100
AcDbSpline
210
0.0
220
0.0
230
1.0
 70
     8
 71
     3
 72
     8
 73
     4
 74
     0
 42
0.000000001
 43
0.0000000001
 40
13.0
 40
13.0
 40
13.0
 40
13.0
 40
14.0
 40
14.0
 40
14.0
 40
14.0
 10
368.8731973260951
 20
94.95444048076098
 30
0.0
 10
368.4538869398981
 20
94.95444048072306
 30
0.0
 10
368.1139636362449
 20
94.61451997929822
 30
0.0
 10
368.1139636362708
 20
94.19520679082026
 30
0.0
  0
LINE
  5
118
330
1F
100
AcDbEntity
  8
0
100
AcDbLine
 10
368.1139636362708
 20
94.19520679082026
 30
0.0
 11
368.1139636371209
 21
80.79790374059323
 31
0.0
  0
SPLINE
  5
119
330
1F
100
AcDbEntity
  8
0
100
AcDbSpline
210
0.0
220
0.0
230
1.0
 70
     8
 71
     3
 72
     8
 73
     4
 74
     0
 42
0.000000001
 43
0.0000000001
 40
1.0
 40
1.0
 40
1.0
 40
1.0
 40
2.0
 40
2.0
 40
2.0
 40
2.0
 10
368.1139636371209
 20
80.79790374059323
 30
0.0
 10
368.113963637148
 20
80.37859055197726
 30
0.0
 10
367.7740431356196
 20
80.03867005046155
 30
0.0
 10
367.3547299470036
 20
80.03867005050464
 30
0.0
  0
LINE
  5
120
330
1F
100
AcDbEntity
  8
0
100
AcDbLine
 10
367.3547299470036
 20
80.03867005050464
 30
0.0
 11
353.8664804047937
 21
80.03867005126412
 31
0.0
  0
SPLINE
  5
121
330
1F
100
AcDbEntity
  8
0
100
AcDbSpline
210
0.0
220
0.0
230
1.0
 70
     8
 71
     3
 72
     8
 73
     4
 74
     0
 42
0.000000001
 43
0.0000000001
 40
3.0
 40
3.0
 40
3.0
 40
3.0
 40
4.0
 40
4.0
 40
4.0
 40
4.0
 10
353.8664804047937
 20
80.03867005126412
 30
0.0
 10
353.4471672163657
 20
80.03867005130624
 30
0.0
 10
353.1072467163734
 20
79.69874954732848
 30
0.0
 10
353.1072467213304
 20
79.27943635890054
 30
0.0
  0
SPLINE
  5
122
330
1F
100
AcDbEntity
  8
0
100
AcDbSpline
210
0.0
220
0.0
230
1.0
 70
     8
 71
     3
 72
     8
 73
     4
 74
     0
 42
0.000000001
 43
0.0000000001
 40
5.0
 40
5.0
 40
5.0
 40
5.0
 40
6.0
 40
6.0
 40
6.0
 40
6.0
 10
353.1072467213304
 20
79.27943482949854
 30
0.0
 10
353.1072467262892
 20
78.86012164520844
 30
0.0
 10
353.447167225713
 20
78.52020114984722
 30
0.0
 10
353.866480410003
 20
78.52020114990114
 30
0.0
  0
LINE
  5
123
330
1F
100
AcDbEntity
  8
0
100
AcDbLine
 10
353.866480410003
 20
78.52020114990114
 30
0.0
 11
368.113986687624
 21
78.52020115161025
 31
0.0
  0
SPLINE
  5
124
330
1F
100
AcDbEntity
  8
0
100
AcDbSpline
210
0.0
220
0.0
230
1.0
 70
     8
 71
     3
 72
     8
 73
     4
 74
     0
 42
0.000000001
 43
0.0000000001
 40
8.0
 40
8.0
 40
8.0
 40
8.0
 40
9.0
 40
9.0
 40
9.0
 40
9.0
 10
368.113986687624
 20
78.52020115161025
 30
0.0
 10
368.952613065647
 20
78.52020115162514
 30
0.0
 10
369.6324540644395
 20
79.20004215645457
 30
0.0
 10
369.6324540678337
 20
80.03866853209556
 30
0.0
  0
LINE
  5
125
330
1F
100
AcDbEntity
  8
0
100
AcDbLine
 10
369.6324540678337
 20
80.03866853209556
 30
0.0
 11
369.6324540669158
 21
94.19520679038155
 31
0.0
  0
SPLINE
  5
126
330
1F
100
AcDbEntity
  8
0
100
AcDbSpline
210
0.0
220
0.0
230
1.0
 70
     8
 71
     3
 72
     8
 73
     4
 74
     0
 42
0.000000001
 43
0.0000000001
 40
11.0
 40
11.0
 40
11.0
 40
11.0
 40
12.0
 40
12.0
 40
12.0
 40
12.0
 10
369.6324540669158
 20
94.19520679038155
 30
0.0
 10
369.6324540668888
 20
94.61451997917055
 30
0.0
 10
369.2925335652071
 20
94.95444048079887
 30
0.0
 10
368.8732203764181
 20
94.95444048076098
 30
0.0
  0
LINE
  5
127
330
1F
100
AcDbEntity
  8
0
100
AcDbLine
 10
390.200714102713
 20
78.52020115383936
 30
0.0
 11
404.456380317435
 21
78.52020115142304
 31
0.0
  0
SPLINE
  5
128
330
1F
100
AcDbEntity
  8
0
100
AcDbSpline
210
0.0
220
0.0
230
1.0
 70
     8
 71
     3
 72
     8
 73
     4
 74
     0
 42
0.000000001
 43
0.0000000001
 40
-6.0
 40
-6.0
 40
-6.0
 40
-6.0
 40
-5.0
 40
-5.0
 40
-5.0
 40
-5.0
 10
404.456380317435
 20
78.52020115142304
 30
0.0
 10
404.8756935081789
 20
78.52020115132098
 30
0.0
 10
405.2156140117002
 20
78.86012165409863
 30
0.0
 10
405.2156140125123
 20
79.27943484484266
 30
0.0
  0
SPLINE
  5
129
330
1F
100
AcDbEntity
  8
0
100
AcDbSpline
210
0.0
220
0.0
230
1.0
 70
     8
 71
     3
 72
     8
 73
     4
 74
     0
 42
0.000000001
 43
0.0000000001
 40
-4.0
 40
-4.0
 40
-4.0
 40
-4.0
 40
-3.0
 40
-3.0
 40
-3.0
 40
-3.0
 10
405.2156140125132
 20
79.27943636331161
 30
0.0
 10
405.2156140133273
 20
79.69874955301773
 30
0.0
 10
404.8756935111026
 20
80.03867005581696
 30
0.0
 10
404.4563803213966
 20
80.03867005571203
 30
0.0
  0
LINE
  5
130
330
1F
100
AcDbEntity
  8
0
100
AcDbLine
 10
404.4563803213966
 20
80.03867005571203
 30
0.0
 11
390.9599708424937
 21
80.03867005284684
 31
0.0
  0
SPLINE
  5
131
330
1F
100
AcDbEntity
  8
0
100
AcDbSpline
210
0.0
220
0.0
230
1.0
 70
     8
 71
     3
 72
     8
 73
     4
 74
     0
 42
0.000000001
 43
0.0000000001
 40
-2.0
 40
-2.0
 40
-2.0
 40
-2.0
 40
-1.0
 40
-1.0
 40
-1.0
 40
-1.0
 10
390.9599708424937
 20
80.03867005284684
 30
0.0
 10
390.5406576538807
 20
80.03867005274187
 30
0.0
 10
390.2007371523099
 20
80.37859055421014
 30
0.0
 10
390.200737152286
 20
80.79790374282211
 30
0.0
  0
LINE
  5
132
330
1F
100
AcDbEntity
  8
0
100
AcDbLine
 10
390.200737152286
 20
80.79790374282211
 30
0.0
 11
390.2007371515408
 21
94.19520679275612
 31
0.0
  0
SPLINE
  5
133
330
1F
100
AcDbEntity
  8
0
100
AcDbSpline
210
0.0
220
0.0
230
1.0
 70
     8
 71
     3
 72
     8
 73
     4
 74
     0
 42
0.000000001
 43
0.0000000001
 40
-14.0
 40
-14.0
 40
-14.0
 40
-14.0
 40
-13.0
 40
-13.0
 40
-13.0
 40
-13.0
 10
390.2007371515408
 20
94.19520679275612
 30
0.0
 10
390.2007371515169
 20
94.61451998141924
 30
0.0
 10
389.8608166498951
 20
94.95444048292444
 30
0.0
 10
389.4415034612331
 20
94.95444048280356
 30
0.0
  0
SPLINE
  5
134
330
1F
100
AcDbEntity
  8
0
100
AcDbSpline
210
0.0
220
0.0
230
1.0
 70
     8
 71
     3
 72
     8
 73
     4
 74
     0
 42
0.000000001
 43
0.0000000001
 40
-12.0
 40
-12.0
 40
-12.0
 40
-12.0
 40
-11.0
 40
-11.0
 40
-11.0
 40
-11.0
 10
389.4414804108182
 20
94.95444048280356
 30
0.0
 10
389.0221700245862
 20
94.95444048268263
 30
0.0
 10
388.6822467209259
 20
94.61451998119997
 30
0.0
 10
388.6822467209468
 20
94.19520679267586
 30
0.0
  0
LINE
  5
135
330
1F
100
AcDbEntity
  8
0
100
AcDbLine
 10
388.6822467209467
 20
94.19520679267586
 30
0.0
 11
388.6822467216638
 21
80.03866929300603
 31
0.0
  0
SPLINE
  5
136
330
1F
100
AcDbEntity
  8
0
100
AcDbSpline
210
0.0
220
0.0
230
1.0
 70
     8
 71
     3
 72
     8
 73
     4
 74
     0
 42
0.000000001
 43
0.0000000001
 40
-9.0
 40
-9.0
 40
-9.0
 40
-9.0
 40
-8.0
 40
-8.0
 40
-8.0
 40
-8.0
 10
388.6822467216638
 20
80.03866853411688
 30
0.0
 10
388.6822467105155
 20
79.20004215817698
 30
0.0
 10
389.362087725202
 20
78.52020115347037
 30
0.0
 10
390.20071410208
 20
78.52020115383925
 30
0.0
  0
SPLINE
  5
137
330
1F
100
AcDbEntity
  8
0
100
AcDbSpline
210
0.0
220
0.0
230
1.0
 70
     8
 71
     3
 72
     8
 73
     4
 74
     0
 42
0.000000001
 43
0.0000000001
 40
-8.0
 40
-8.0
 40
-8.0
 40
-8.0
 40
-7.0
 40
-7.0
 40
-7.0
 40
-7.0
 10
193.9446485526751
 20
61.90452545062536
 30
0.0
 10
194.4969333023675
 20
61.90452545067538
 30
0.0
 10
194.9446485523845
 20
62.35224070077376
 30
0.0
 10
194.9446485523345
 20
62.90452545046585
 30
0.0
  0
LINE
  5
138
330
1F
100
AcDbEntity
  8
0
100
AcDbLine
 10
194.9446485523345
 20
62.90452545046585
 30
0.0
 11
194.9446485512496
 21
74.90409045096686
 31
0.0
  0
SPLINE
  5
139
330
1F
100
AcDbEntity
  8
0
100
AcDbSpline
210
0.0
220
0.0
230
1.0
 70
     8
 71
     3
 72
     8
 73
     4
 74
     0
 42
0.000000001
 43
0.0000000001
 40
-6.0
 40
-6.0
 40
-6.0
 40
-6.0
 40
-5.0
 40
-5.0
 40
-5.0
 40
-5.0
 10
194.9446485512496
 20
74.90409045096686
 30
0.0
 10
194.9446485511997
 20
75.45637520065873
 30
0.0
 10
194.4969333011018
 20
75.90409045067636
 30
0.0
 10
193.9446485514094
 20
75.90409045062634
 30
0.0
  0
LINE
  5
140
330
1F
100
AcDbEntity
  8
0
100
AcDbLine
 10
193.9446485514094
 20
75.90409045062634
 30
0.0
 11
153.8004031076834
 21
75.90409044699686
 31
0.0
  0
SPLINE
  5
141
330
1F
100
AcDbEntity
  8
0
100
AcDbSpline
210
0.0
220
0.0
230
1.0
 70
     8
 71
     3
 72
     8
 73
     4
 74
     0
 42
0.000000001
 43
0.0000000001
 40
-4.0
 40
-4.0
 40
-4.0
 40
-4.0
 40
-3.0
 40
-3.0
 40
-3.0
 40
-3.0
 10
153.8004031076834
 20
75.90409044699686
 30
0.0
 10
153.2481183579904
 20
75.90409044694695
 30
0.0
 10
152.8004031079738
 20
75.45637519684845
 30
0.0
 10
152.8004031080237
 20
74.90409044715647
 30
0.0
  0
LINE
  5
142
330
1F
100
AcDbEntity
  8
0
100
AcDbLine
 10
152.8004031080237
 20
74.90409044715647
 30
0.0
 11
152.8004031091086
 21
62.90452544665544
 31
0.0
  0
SPLINE
  5
143
330
1F
100
AcDbEntity
  8
0
100
AcDbSpline
210
0.0
220
0.0
230
1.0
 70
     8
 71
     3
 72
     8
 73
     4
 74
     0
 42
0.000000001
 43
0.0000000001
 40
-2.0
 40
-2.0
 40
-2.0
 40
-2.0
 40
-1.0
 40
-1.0
 40
-1.0
 40
-1.0
 10
152.8004031091086
 20
62.90452544665544
 30
0.0
 10
152.8004031091585
 20
62.35224069696343
 30
0.0
 10
153.2481183592561
 20
61.90452544694597
 30
0.0
 10
153.8004031089491
 20
61.90452544699588
 30
0.0
  0
LINE
  5
144
330
1F
100
AcDbEntity
  8
0
100
AcDbLine
 10
153.8004031089491
 20
61.90452544699588
 30
0.0
 11
193.9446485526751
 21
61.90452545062536
 31
0.0
  0
SPLINE
  5
145
330
1F
100
AcDbEntity
  8
0
100
AcDbSpline
210
0.0
220
0.0
230
1.0
 70
     8
 71
     3
 72
     8
 73
     4
 74
     0
 42
0.000000001
 43
0.0000000001
 40
-8.0
 40
-8.0
 40
-8.0
 40
-8.0
 40
-7.0
 40
-7.0
 40
-7.0
 40
-7.0
 10
252.0879031094497
 20
61.90452545588223
 30
0.0
 10
252.6401878591419
 20
61.90452545593214
 30
0.0
 10
253.0879031091589
 20
62.35224070603064
 30
0.0
 10
253.0879031091089
 20
62.90452545572262
 30
0.0
  0
LINE
  5
146
330
1F
100
AcDbEntity
  8
0
100
AcDbLine
 10
253.0879031091089
 20
62.90452545572262
 30
0.0
 11
253.087903108024
 21
74.90409045622354
 31
0.0
  0
SPLINE
  5
147
330
1F
100
AcDbEntity
  8
0
100
AcDbSpline
210
0.0
220
0.0
230
1.0
 70
     8
 71
     3
 72
     8
 73
     4
 74
     0
 42
0.000000001
 43
0.0000000001
 40
-6.0
 40
-6.0
 40
-6.0
 40
-6.0
 40
-5.0
 40
-5.0
 40
-5.0
 40
-5.0
 10
253.087903108024
 20
74.90409045622354
 30
0.0
 10
253.0879031079741
 20
75.45637520591566
 30
0.0
 10
252.6401878578762
 20
75.90409045593313
 30
0.0
 10
252.0879031081839
 20
75.90409045588316
 30
0.0
  0
LINE
  5
148
330
1F
100
AcDbEntity
  8
0
100
AcDbLine
 10
252.0879031081839
 20
75.90409045588316
 30
0.0
 11
211.9446485509926
 21
75.90409045225385
 31
0.0
  0
SPLINE
  5
149
330
1F
100
AcDbEntity
  8
0
100
AcDbSpline
210
0.0
220
0.0
230
1.0
 70
     8
 71
     3
 72
     8
 73
     4
 74
     0
 42
0.000000001
 43
0.0000000001
 40
-4.0
 40
-4.0
 40
-4.0
 40
-4.0
 40
-3.0
 40
-3.0
 40
-3.0
 40
-3.0
 10
211.9446485509926
 20
75.90409045225385
 30
0.0
 10
211.3923638012996
 20
75.90409045220383
 30
0.0
 10
210.944648551283
 20
75.45637520210533
 30
0.0
 10
210.9446485513329
 20
74.90409045241335
 30
0.0
  0
LINE
  5
150
330
1F
100
AcDbEntity
  8
0
100
AcDbLine
 10
210.9446485513329
 20
74.90409045241335
 30
0.0
 11
210.9446485524178
 21
62.90452545191235
 31
0.0
  0
SPLINE
  5
151
330
1F
100
AcDbEntity
  8
0
100
AcDbSpline
210
0.0
220
0.0
230
1.0
 70
     8
 71
     3
 72
     8
 73
     4
 74
     0
 42
0.000000001
 43
0.0000000001
 40
-2.0
 40
-2.0
 40
-2.0
 40
-2.0
 40
-1.0
 40
-1.0
 40
-1.0
 40
-1.0
 10
210.9446485524178
 20
62.90452545191235
 30
0.0
 10
210.9446485524678
 20
62.35224070222037
 30
0.0
 10
211.3923638025653
 20
61.90452545220285
 30
0.0
 10
211.9446485522583
 20
61.90452545225276
 30
0.0
  0
LINE
  5
152
330
1F
100
AcDbEntity
  8
0
100
AcDbLine
 10
211.9446485522583
 20
61.90452545225276
 30
0.0
 11
252.0879031094497
 21
61.90452545588223
 31
0.0
  0
SPLINE
  5
153
330
1F
100
AcDbEntity
  8
0
100
AcDbSpline
210
0.0
220
0.0
230
1.0
 70
     8
 71
     3
 72
     8
 73
     4
 74
     0
 42
0.000000001
 43
0.0000000001
 40
-8.0
 40
-8.0
 40
-8.0
 40
-8.0
 40
-7.0
 40
-7.0
 40
-7.0
 40
-7.0
 10
342.1034113578875
 20
75.90491259062265
 30
0.0
 10
341.4130419588414
 20
75.90491259056022
 30
0.0
 10
340.853386983272
 20
75.34525761488763
 30
0.0
 10
340.8533869833345
 20
74.65488821584364
 30
0.0
  0
LINE
  5
154
330
1F
100
AcDbEntity
  8
0
100
AcDbLine
 10
340.8533869833345
 20
74.65488821584364
 30
0.0
 11
340.8533869843742
 21
63.15450770681763
 31
0.0
  0
SPLINE
  5
155
330
1F
100
AcDbEntity
  8
0
100
AcDbSpline
210
0.0
220
0.0
230
1.0
 70
     8
 71
     3
 72
     8
 73
     4
 74
     0
 42
0.000000001
 43
0.0000000001
 40
-6.0
 40
-6.0
 40
-6.0
 40
-6.0
 40
-5.0
 40
-5.0
 40
-5.0
 40
-5.0
 10
340.8533869843742
 20
63.15450770681763
 30
0.0
 10
340.8533869844366
 20
62.46413830777266
 30
0.0
 10
341.4130419601073
 20
61.90448333220212
 30
0.0
 10
342.1034113591532
 20
61.90448333226465
 30
0.0
  0
SPLINE
  5
156
330
1F
100
AcDbEntity
  8
0
100
AcDbSpline
210
0.0
220
0.0
230
1.0
 70
     8
 71
     3
 72
     8
 73
     4
 74
     0
 42
0.000000001
 43
0.0000000001
 40
-4.0
 40
-4.0
 40
-4.0
 40
-4.0
 40
-3.0
 40
-3.0
 40
-3.0
 40
-3.0
 10
342.1034138592042
 20
61.90448333226465
 30
0.0
 10
342.7937832582492
 20
61.90448333232706
 30
0.0
 10
343.3534382338186
 20
62.46413830799864
 30
0.0
 10
343.3534382337561
 20
63.15450770704362
 30
0.0
  0
LINE
  5
157
330
1F
100
AcDbEntity
  8
0
100
AcDbLine
 10
343.3534382337561
 20
63.15450770704362
 30
0.0
 11
343.3534382327165
 21
74.65488821606965
 31
0.0
  0
SPLINE
  5
158
330
1F
100
AcDbEntity
  8
0
100
AcDbSpline
210
0.0
220
0.0
230
1.0
 70
     8
 71
     3
 72
     8
 73
     4
 74
     0
 42
0.000000001
 43
0.0000000001
 40
-2.0
 40
-2.0
 40
-2.0
 40
-2.0
 40
-1.0
 40
-1.0
 40
-1.0
 40
-1.0
 10
343.3534382327165
 20
74.65488821606965
 30
0.0
 10
343.353438232654
 20
75.34525761511367
 30
0.0
 10
342.7937832569834
 20
75.90491259068506
 30
0.0
 10
342.1034138579384
 20
75.90491259062265
 30
0.0
  0
SPLINE
  5
159
330
1F
100
AcDbEntity
  8
0
100
AcDbSpline
210
0.0
220
0.0
230
1.0
 70
     8
 71
     3
 72
     8
 73
     4
 74
     0
 42
0.000000001
 43
0.0000000001
 40
-8.0
 40
-8.0
 40
-8.0
 40
-8.0
 40
-7.0
 40
-7.0
 40
-7.0
 40
-7.0
 10
63.72560373453328
 20
61.90448330709603
 30
0.0
 10
64.41597313357829
 20
61.90448330715844
 30
0.0
 10
64.97562810914868
 20
62.46413828283014
 30
0.0
 10
64.97562810908627
 20
63.15450768187512
 30
0.0
  0
LINE
  5
160
330
1F
100
AcDbEntity
  8
0
100
AcDbLine
 10
64.97562810908627
 20
63.15450768187512
 30
0.0
 11
64.97562810804649
 21
74.65488819090111
 31
0.0
  0
SPLINE
  5
161
330
1F
100
AcDbEntity
  8
0
100
AcDbSpline
210
0.0
220
0.0
230
1.0
 70
     8
 71
     3
 72
     8
 73
     4
 74
     0
 42
0.000000001
 43
0.0000000001
 40
-6.0
 40
-6.0
 40
-6.0
 40
-6.0
 40
-5.0
 40
-5.0
 40
-5.0
 40
-5.0
 10
64.97562810804649
 20
74.65488819090111
 30
0.0
 10
64.97562810798408
 20
75.34525758994516
 30
0.0
 10
64.4159731323125
 20
75.90491256551655
 30
0.0
 10
63.72560373326749
 20
75.90491256545405
 30
0.0
  0
SPLINE
  5
162
330
1F
100
AcDbEntity
  8
0
100
AcDbSpline
210
0.0
220
0.0
230
1.0
 70
     8
 71
     3
 72
     8
 73
     4
 74
     0
 42
0.000000001
 43
0.0000000001
 40
-4.0
 40
-4.0
 40
-4.0
 40
-4.0
 40
-3.0
 40
-3.0
 40
-3.0
 40
-3.0
 10
63.72560123321648
 20
75.90491256545405
 30
0.0
 10
63.0352318341715
 20
75.90491256539164
 30
0.0
 10
62.4755768586011
 20
75.34525758971907
 30
0.0
 10
62.47557685866349
 20
74.65488819067505
 30
0.0
  0
LINE
  5
163
330
1F
100
AcDbEntity
  8
0
100
AcDbLine
 10
62.47557685866349
 20
74.65488819067505
 30
0.0
 11
62.47557685970327
 21
63.15450768164902
 31
0.0
  0
SPLINE
  5
164
330
1F
100
AcDbEntity
  8
0
100
AcDbSpline
210
0.0
220
0.0
230
1.0
 70
     8
 71
     3
 72
     8
 73
     4
 74
     0
 42
0.000000001
 43
0.0000000001
 40
-2.0
 40
-2.0
 40
-2.0
 40
-2.0
 40
-1.0
 40
-1.0
 40
-1.0
 40
-1.0
 10
62.47557685970327
 20
63.15450768164902
 30
0.0
 10
62.47557685976568
 20
62.46413828260404
 30
0.0
 10
63.03523183543728
 20
61.90448330703365
 30
0.0
 10
63.7256012344823
 20
61.90448330709603
 30
0.0
  0
SPLINE
  5
165
330
1F
100
AcDbEntity
  8
0
100
AcDbSpline
210
0.0
220
0.0
230
1.0
 70
     8
 71
     3
 72
     8
 73
     4
 74
     0
 42
0.000000001
 43
0.0000000001
 40
-8.0
 40
-8.0
 40
-8.0
 40
-8.0
 40
-7.0
 40
-7.0
 40
-7.0
 40
-7.0
 10
296.9702283469248
 20
61.90443663492704
 30
0.0
 10
297.5225130966919
 20
61.90443663497695
 30
0.0
 10
297.9702283467403
 20
62.35215188519143
 30
0.0
 10
297.9702283465845
 20
62.90443663496046
 30
0.0
  0
LINE
  5
166
330
1F
100
AcDbEntity
  8
0
100
AcDbLine
 10
297.9702283465845
 20
62.90443663496046
 30
0.0
 11
297.9702283431935
 21
74.90444046590252
 31
0.0
  0
SPLINE
  5
167
330
1F
100
AcDbEntity
  8
0
100
AcDbSpline
210
0.0
220
0.0
230
1.0
 70
     8
 71
     3
 72
     8
 73
     4
 74
     0
 42
0.000000001
 43
0.0000000001
 40
-6.0
 40
-6.0
 40
-6.0
 40
-6.0
 40
-5.0
 40
-5.0
 40
-5.0
 40
-5.0
 10
297.9702283431935
 20
74.90444046590252
 30
0.0
 10
297.9702283430376
 20
75.45672521507055
 30
0.0
 10
297.5225130936731
 20
75.90444046478507
 30
0.0
 10
296.9702283445051
 20
75.90444046537005
 30
0.0
  0
LINE
  5
168
330
1F
100
AcDbEntity
  8
0
100
AcDbLine
 10
296.9702283445051
 20
75.90444046537005
 30
0.0
 11
294.6562750664391
 21
75.90444046782784
 31
0.0
  0
SPLINE
  5
169
330
1F
100
AcDbEntity
  8
0
100
AcDbSpline
210
0.0
220
0.0
230
1.0
 70
     8
 71
     3
 72
     8
 73
     4
 74
     0
 42
0.000000001
 43
0.0000000001
 40
-4.0
 40
-4.0
 40
-4.0
 40
-4.0
 40
-3.0
 40
-3.0
 40
-3.0
 40
-3.0
 10
294.6562750664391
 20
75.90444046782784
 30
0.0
 10
294.1039903163701
 20
75.90444046841395
 30
0.0
 10
293.6562750656815
 20
75.45672521824545
 30
0.0
 10
293.6562750656264
 20
74.90444046817643
 30
0.0
  0
LINE
  5
170
330
1F
100
AcDbEntity
  8
0
100
AcDbLine
 10
293.6562750656264
 20
74.90444046817643
 30
0.0
 11
293.6562750644345
 21
62.90443663456747
 31
0.0
  0
SPLINE
  5
171
330
1F
100
AcDbEntity
  8
0
100
AcDbSpline
210
0.0
220
0.0
230
1.0
 70
     8
 71
     3
 72
     8
 73
     4
 74
     0
 42
0.000000001
 43
0.0000000001
 40
-2.0
 40
-2.0
 40
-2.0
 40
-2.0
 40
-1.0
 40
-1.0
 40
-1.0
 40
-1.0
 10
293.6562750644345
 20
62.90443663456747
 30
0.0
 10
293.6562750643804
 20
62.35215188480046
 30
0.0
 10
294.1039903145088
 20
61.90443663466794
 30
0.0
 10
294.6562750642748
 20
61.90443663471786
 30
0.0
  0
LINE
  5
172
330
1F
100
AcDbEntity
  8
0
100
AcDbLine
 10
294.6562750642748
 20
61.90443663471786
 30
0.0
 11
296.9702283469248
 21
61.90443663492704
 31
0.0
  0
SPLINE
  5
173
330
1F
100
AcDbEntity
  8
0
100
AcDbSpline
210
0.0
220
0.0
230
1.0
 70
     8
 71
     3
 72
     8
 73
     4
 74
     0
 42
0.000000001
 43
0.0000000001
 40
-8.0
 40
-8.0
 40
-8.0
 40
-8.0
 40
-7.0
 40
-7.0
 40
-7.0
 40
-7.0
 10
271.9073797505229
 20
61.90443663266115
 30
0.0
 10
272.4596645002908
 20
61.90443663271105
 30
0.0
 10
272.9073797503394
 20
62.35215188292554
 30
0.0
 10
272.9073797501834
 20
62.90443663269456
 30
0.0
  0
LINE
  5
174
330
1F
100
AcDbEntity
  8
0
100
AcDbLine
 10
272.9073797501834
 20
62.90443663269456
 30
0.0
 11
272.9073797467915
 21
74.90444046363657
 31
0.0
  0
SPLINE
  5
175
330
1F
100
AcDbEntity
  8
0
100
AcDbSpline
210
0.0
220
0.0
230
1.0
 70
     8
 71
     3
 72
     8
 73
     4
 74
     0
 42
0.000000001
 43
0.0000000001
 40
-6.0
 40
-6.0
 40
-6.0
 40
-6.0
 40
-5.0
 40
-5.0
 40
-5.0
 40
-5.0
 10
272.9073797467915
 20
74.90444046363657
 30
0.0
 10
272.9073797466366
 20
75.45672521280454
 30
0.0
 10
272.4596644972721
 20
75.90444046251906
 30
0.0
 10
271.9073797481041
 20
75.90444046310415
 30
0.0
  0
LINE
  5
176
330
1F
100
AcDbEntity
  8
0
100
AcDbLine
 10
271.9073797481041
 20
75.90444046310415
 30
0.0
 11
269.5934264700371
 21
75.90444046556183
 31
0.0
  0
SPLINE
  5
177
330
1F
100
AcDbEntity
  8
0
100
AcDbSpline
210
0.0
220
0.0
230
1.0
 70
     8
 71
     3
 72
     8
 73
     4
 74
     0
 42
0.000000001
 43
0.0000000001
 40
-4.0
 40
-4.0
 40
-4.0
 40
-4.0
 40
-3.0
 40
-3.0
 40
-3.0
 40
-3.0
 10
269.5934264700371
 20
75.90444046556183
 30
0.0
 10
269.0411417199681
 20
75.90444046614797
 30
0.0
 10
268.5934264692806
 20
75.45672521597944
 30
0.0
 10
268.5934264692265
 20
74.90444046591048
 30
0.0
  0
LINE
  5
178
330
1F
100
AcDbEntity
  8
0
100
AcDbLine
 10
268.5934264692265
 20
74.90444046591048
 30
0.0
 11
268.5934264680335
 21
62.90443663230153
 31
0.0
  0
SPLINE
  5
179
330
1F
100
AcDbEntity
  8
0
100
AcDbSpline
210
0.0
220
0.0
230
1.0
 70
     8
 71
     3
 72
     8
 73
     4
 74
     0
 42
0.000000001
 43
0.0000000001
 40
-2.0
 40
-2.0
 40
-2.0
 40
-2.0
 40
-1.0
 40
-1.0
 40
-1.0
 40
-1.0
 10
268.5934264680335
 20
62.90443663230153
 30
0.0
 10
268.5934264679794
 20
62.35215188253445
 30
0.0
 10
269.0411417181078
 20
61.90443663240194
 30
0.0
 10
269.5934264678739
 20
61.90443663245196
 30
0.0
  0
LINE
  5
180
330
1F
100
AcDbEntity
  8
0
100
AcDbLine
 10
269.5934264678739
 20
61.90443663245196
 30
0.0
 11
271.9073797505229
 21
61.90443663266115
 31
0.0
  0
SPLINE
  5
181
330
1F
100
AcDbEntity
  8
0
100
AcDbSpline
210
0.0
220
0.0
230
1.0
 70
     8
 71
     3
 72
     8
 73
     4
 74
     0
 42
0.000000001
 43
0.0000000001
 40
-8.0
 40
-8.0
 40
-8.0
 40
-8.0
 40
-7.0
 40
-7.0
 40
-7.0
 40
-7.0
 10
136.2949922505289
 20
61.90443662040024
 30
0.0
 10
136.8472770002967
 20
61.90443662045016
 30
0.0
 10
137.2949922503447
 20
62.35215187066464
 30
0.0
 10
137.2949922501887
 20
62.90443662043355
 30
0.0
  0
LINE
  5
182
330
1F
100
AcDbEntity
  8
0
100
AcDbLine
 10
137.2949922501887
 20
62.90443662043355
 30
0.0
 11
137.2949922467981
 21
74.90444045137562
 31
0.0
  0
SPLINE
  5
183
330
1F
100
AcDbEntity
  8
0
100
AcDbSpline
210
0.0
220
0.0
230
1.0
 70
     8
 71
     3
 72
     8
 73
     4
 74
     0
 42
0.000000001
 43
0.0000000001
 40
-6.0
 40
-6.0
 40
-6.0
 40
-6.0
 40
-5.0
 40
-5.0
 40
-5.0
 40
-5.0
 10
137.2949922467981
 20
74.90444045137562
 30
0.0
 10
137.294992246642
 20
75.45672520054364
 30
0.0
 10
136.8472769972776
 20
75.90444045025816
 30
0.0
 10
136.2949922481098
 20
75.90444045084322
 30
0.0
  0
LINE
  5
184
330
1F
100
AcDbEntity
  8
0
100
AcDbLine
 10
136.2949922481098
 20
75.90444045084322
 30
0.0
 11
133.9810389700432
 21
75.90444045330094
 31
0.0
  0
SPLINE
  5
185
330
1F
100
AcDbEntity
  8
0
100
AcDbSpline
210
0.0
220
0.0
230
1.0
 70
     8
 71
     3
 72
     8
 73
     4
 74
     0
 42
0.000000001
 43
0.0000000001
 40
-4.0
 40
-4.0
 40
-4.0
 40
-4.0
 40
-3.0
 40
-3.0
 40
-3.0
 40
-3.0
 10
133.9810389700432
 20
75.90444045330094
 30
0.0
 10
133.4287542199745
 20
75.90444045388704
 30
0.0
 10
132.9810389692863
 20
75.45672520371855
 30
0.0
 10
132.9810389692314
 20
74.90444045364952
 30
0.0
  0
LINE
  5
186
330
1F
100
AcDbEntity
  8
0
100
AcDbLine
 10
132.9810389692314
 20
74.90444045364952
 30
0.0
 11
132.9810389680392
 21
62.90443662004057
 31
0.0
  0
SPLINE
  5
187
330
1F
100
AcDbEntity
  8
0
100
AcDbSpline
210
0.0
220
0.0
230
1.0
 70
     8
 71
     3
 72
     8
 73
     4
 74
     0
 42
0.000000001
 43
0.0000000001
 40
-2.0
 40
-2.0
 40
-2.0
 40
-2.0
 40
-1.0
 40
-1.0
 40
-1.0
 40
-1.0
 10
132.9810389680392
 20
62.90443662004057
 30
0.0
 10
132.9810389679842
 20
62.35215187027353
 30
0.0
 10
133.4287542181129
 20
61.90443662014104
 30
0.0
 10
133.9810389678798
 20
61.90443662019106
 30
0.0
  0
LINE
  5
188
330
1F
100
AcDbEntity
  8
0
100
AcDbLine
 10
133.9810389678798
 20
61.90443662019106
 30
0.0
 11
136.2949922505289
 21
61.90443662040024
 31
0.0
  0
SPLINE
  5
189
330
1F
100
AcDbEntity
  8
0
100
AcDbSpline
210
0.0
220
0.0
230
1.0
 70
     8
 71
     3
 72
     8
 73
     4
 74
     0
 42
0.000000001
 43
0.0000000001
 40
-8.0
 40
-8.0
 40
-8.0
 40
-8.0
 40
-7.0
 40
-7.0
 40
-7.0
 40
-7.0
 10
111.2324056151603
 20
61.90443661813424
 30
0.0
 10
111.7846903649283
 20
61.90443661818415
 30
0.0
 10
112.2324056149758
 20
62.35215186839863
 30
0.0
 10
112.2324056148199
 20
62.90443661816763
 30
0.0
  0
LINE
  5
190
330
1F
100
AcDbEntity
  8
0
100
AcDbLine
 10
112.2324056148199
 20
62.90443661816763
 30
0.0
 11
112.2324056114289
 21
74.90444044910962
 31
0.0
  0
SPLINE
  5
191
330
1F
100
AcDbEntity
  8
0
100
AcDbSpline
210
0.0
220
0.0
230
1.0
 70
     8
 71
     3
 72
     8
 73
     4
 74
     0
 42
0.000000001
 43
0.0000000001
 40
-6.0
 40
-6.0
 40
-6.0
 40
-6.0
 40
-5.0
 40
-5.0
 40
-5.0
 40
-5.0
 10
112.2324056114289
 20
74.90444044910962
 30
0.0
 10
112.232405611273
 20
75.45672519827764
 30
0.0
 10
111.7846903619085
 20
75.90444044799216
 30
0.0
 10
111.2324056127405
 20
75.90444044857725
 30
0.0
  0
LINE
  5
192
330
1F
100
AcDbEntity
  8
0
100
AcDbLine
 10
111.2324056127405
 20
75.90444044857725
 30
0.0
 11
108.9184523346744
 21
75.90444045103504
 31
0.0
  0
SPLINE
  5
193
330
1F
100
AcDbEntity
  8
0
100
AcDbSpline
210
0.0
220
0.0
230
1.0
 70
     8
 71
     3
 72
     8
 73
     4
 74
     0
 42
0.000000001
 43
0.0000000001
 40
-4.0
 40
-4.0
 40
-4.0
 40
-4.0
 40
-3.0
 40
-3.0
 40
-3.0
 40
-3.0
 10
108.9184523346744
 20
75.90444045103504
 30
0.0
 10
108.3661675846055
 20
75.90444045162115
 30
0.0
 10
107.918452333917
 20
75.45672520145266
 30
0.0
 10
107.9184523338629
 20
74.90444045138352
 30
0.0
  0
LINE
  5
194
330
1F
100
AcDbEntity
  8
0
100
AcDbLine
 10
107.9184523338629
 20
74.90444045138352
 30
0.0
 11
107.9184523326699
 21
62.90443661777465
 31
0.0
  0
SPLINE
  5
195
330
1F
100
AcDbEntity
  8
0
100
AcDbSpline
210
0.0
220
0.0
230
1.0
 70
     8
 71
     3
 72
     8
 73
     4
 74
     0
 42
0.000000001
 43
0.0000000001
 40
-2.0
 40
-2.0
 40
-2.0
 40
-2.0
 40
-1.0
 40
-1.0
 40
-1.0
 40
-1.0
 10
107.9184523326699
 20
62.90443661777465
 30
0.0
 10
107.9184523326157
 20
62.35215186800764
 30
0.0
 10
108.3661675827442
 20
61.90443661787504
 30
0.0
 10
108.9184523325112
 20
61.90443661792506
 30
0.0
  0
LINE
  5
196
330
1F
100
AcDbEntity
  8
0
100
AcDbLine
 10
108.9184523325112
 20
61.90443661792506
 30
0.0
 11
111.2324056151603
 21
61.90443661813424
 31
0.0
  0
SPLINE
  5
197
330
1F
100
AcDbEntity
  8
0
100
AcDbSpline
210
0.0
220
0.0
230
1.0
 70
     8
 71
     3
 72
     8
 73
     4
 74
     0
 42
0.000000001
 43
0.0000000001
 40
-9.0
 40
-9.0
 40
-9.0
 40
-9.0
 40
-8.0
 40
-8.0
 40
-8.0
 40
-8.0
 10
93.4282904561706
 20
100.0044455825118
 30
0.0
 10
93.89889348001958
 20
100.004445582145
 30
0.0
 10
94.28039260802608
 20
100.3859447108444
 30
0.0
 10
94.2803926068046
 20
100.8565477346932
 30
0.0
  0
LINE
  5
198
330
1F
100
AcDbEntity
  8
0
100
AcDbLine
 10
94.2803926068046
 20
100.8565477346932
 30
0.0
 11
94.2803925748699
 21
113.1523434354837
 31
0.0
  0
SPLINE
  5
199
330
1F
100
AcDbEntity
  8
0
100
AcDbSpline
210
0.0
220
0.0
230
1.0
 70
     8
 71
     3
 72
     8
 73
     4
 74
     0
 42
0.000000001
 43
0.0000000001
 40
15.0
 40
15.0
 40
15.0
 40
15.0
 40
16.0
 40
16.0
 40
16.0
 40
16.0
 10
94.2803925748699
 20
113.1523434354837
 30
0.0
 10
94.28039257364737
 20
113.6229464573214
 30
0.0
 10
93.89889344679877
 20
114.0044455832056
 30
0.0
 10
93.4282904249609
 20
114.0044455832387
 30
0.0
  0
LINE
  5
200
330
1F
100
AcDbEntity
  8
0
100
AcDbLine
 10
93.4282904249609
 20
114.0044455832387
 30
0.0
 11
87.24298578421288
 21
114.0044455836716
 31
0.0
  0
SPLINE
  5
201
330
1F
100
AcDbEntity
  8
0
100
AcDbSpline
210
0.0
220
0.0
230
1.0
 70
     8
 71
     3
 72
     8
 73
     4
 74
     0
 42
0.000000001
 43
0.0000000001
 40
-13.0
 40
-13.0
 40
-13.0
 40
-13.0
 40
-12.0
 40
-12.0
 40
-12.0
 40
-12.0
 10
87.24298578421288
 20
114.0044455836716
 30
0.0
 10
86.7723827622979
 20
114.0044455837034
 30
0.0
 10
86.39088363536339
 20
113.6229464577504
 30
0.0
 10
86.39088363418588
 20
113.1523434358343
 30
0.0
  0
LINE
  5
202
330
1F
100
AcDbEntity
  8
0
100
AcDbLine
 10
86.39088363418588
 20
113.1523434358343
 30
0.0
 11
86.39088360342347
 21
100.8565477394369
 31
0.0
  0
SPLINE
  5
203
330
1F
100
AcDbEntity
  8
0
100
AcDbSpline
210
0.0
220
0.0
230
1.0
 70
     8
 71
     3
 72
     8
 73
     4
 74
     0
 42
0.000000001
 43
0.0000000001
 40
-11.0
 40
-11.0
 40
-11.0
 40
-11.0
 40
-10.0
 40
-10.0
 40
-10.0
 40
-10.0
 10
86.39088360342347
 20
100.8565477394369
 30
0.0
 10
86.39088360224707
 20
100.3859447161387
 30
0.0
 10
86.77238272942958
 20
100.0044455877046
 30
0.0
 10
87.24298575272658
 20
100.0044455873377
 30
0.0
  0
LINE
  5
204
330
1F
100
AcDbEntity
  8
0
100
AcDbLine
 10
87.24298575272658
 20
100.0044455873377
 30
0.0
 11
93.4282904561706
 21
100.0044455825118
 31
0.0
  0
LINE
  5
205
330
1F
100
AcDbEntity
  8
0
100
AcDbLine
 10
84.23939810423988
 20
114.0044455822487
 30
0.0
 11
64.47689810424086
 21
114.0044455810446
 31
0.0
  0
SPLINE
  5
206
330
1F
100
AcDbEntity
  8
0
100
AcDbSpline
210
0.0
220
0.0
230
1.0
 70
     8
 71
     3
 72
     8
 73
     4
 74
     0
 42
0.000000001
 43
0.0000000001
 40
-8.0
 40
-8.0
 40
-8.0
 40
-8.0
 40
-7.0
 40
-7.0
 40
-7.0
 40
-7.0
 10
64.47689810424086
 20
114.0044455810446
 30
0.0
 10
64.20075572932578
 20
114.0044455810326
 30
0.0
 10
63.9768981042501
 20
113.7805879559374
 30
0.0
 10
63.976898104262
 20
113.5044455810223
 30
0.0
  0
LINE
  5
207
330
1F
100
AcDbEntity
  8
0
100
AcDbLine
 10
63.976898104262
 20
113.5044455810223
 30
0.0
 11
63.97689810485437
 21
100.5044455810223
 31
0.0
  0
SPLINE
  5
208
330
1F
100
AcDbEntity
  8
0
100
AcDbSpline
210
0.0
220
0.0
230
1.0
 70
     8
 71
     3
 72
     8
 73
     4
 74
     0
 42
0.000000001
 43
0.0000000001
 40
-14.0
 40
-14.0
 40
-14.0
 40
-14.0
 40
-13.0
 40
-13.0
 40
-13.0
 40
-13.0
 10
63.97689810485437
 20
100.5044455810223
 30
0.0
 10
63.97689810486636
 20
100.2283032061072
 30
0.0
 10
64.20075572996157
 20
100.0044455810333
 30
0.0
 10
64.47689810487659
 20
100.0044455810454
 30
0.0
  0
LINE
  5
209
330
1F
100
AcDbEntity
  8
0
100
AcDbLine
 10
64.47689810487659
 20
100.0044455810454
 30
0.0
 11
84.23939810487757
 21
100.0044455822482
 31
0.0
  0
SPLINE
  5
210
330
1F
100
AcDbEntity
  8
0
100
AcDbSpline
210
0.0
220
0.0
230
1.0
 70
     8
 71
     3
 72
     8
 73
     4
 74
     0
 42
0.000000001
 43
0.0000000001
 40
-12.0
 40
-12.0
 40
-12.0
 40
-12.0
 40
-11.0
 40
-11.0
 40
-11.0
 40
-11.0
 10
84.23939810487757
 20
100.0044455822482
 30
0.0
 10
84.51554047979257
 20
100.0044455822617
 30
0.0
 10
84.73939810486738
 20
100.2283032073568
 30
0.0
 10
84.73939810485438
 20
100.504445582272
 30
0.0
  0
LINE
  5
211
330
1F
100
AcDbEntity
  8
0
100
AcDbLine
 10
84.73939810485438
 20
100.504445582272
 30
0.0
 11
84.73939810426299
 21
113.5044455822705
 31
0.0
  0
SPLINE
  5
212
330
1F
100
AcDbEntity
  8
0
100
AcDbSpline
210
0.0
220
0.0
230
1.0
 70
     8
 71
     3
 72
     8
 73
     4
 74
     0
 42
0.000000001
 43
0.0000000001
 40
-10.0
 40
-10.0
 40
-10.0
 40
-10.0
 40
-9.0
 40
-9.0
 40
-9.0
 40
-9.0
 10
84.73939810426299
 20
113.5044455822705
 30
0.0
 10
84.73939810425111
 20
113.7805879571869
 30
0.0
 10
84.5155404791569
 20
114.0044455822622
 30
0.0
 10
84.23939810423988
 20
114.0044455822487
 30
0.0
  0
LINE
  5
213
330
1F
100
AcDbEntity
  8
0
100
AcDbLine
 10
109.4318781042389
 20
114.0044455845264
 30
0.0
 11
96.43187810423988
 21
114.0044455839338
 31
0.0
  0
SPLINE
  5
214
330
1F
100
AcDbEntity
  8
0
100
AcDbSpline
210
0.0
220
0.0
230
1.0
 70
     8
 71
     3
 72
     8
 73
     4
 74
     0
 42
0.000000001
 43
0.0000000001
 40
-8.0
 40
-8.0
 40
-8.0
 40
-8.0
 40
-7.0
 40
-7.0
 40
-7.0
 40
-7.0
 10
96.43187810423988
 20
114.0044455839338
 30
0.0
 10
96.1557357293249
 20
114.0044455839217
 30
0.0
 10
95.93187810424909
 20
113.7805879588265
 30
0.0
 10
95.93187810426208
 20
113.5044455839114
 30
0.0
  0
LINE
  5
215
330
1F
100
AcDbEntity
  8
0
100
AcDbLine
 10
95.93187810426208
 20
113.5044455839114
 30
0.0
 11
95.93187810485439
 21
100.5044455839114
 31
0.0
  0
SPLINE
  5
216
330
1F
100
AcDbEntity
  8
0
100
AcDbSpline
210
0.0
220
0.0
230
1.0
 70
     8
 71
     3
 72
     8
 73
     4
 74
     0
 42
0.000000001
 43
0.0000000001
 40
-14.0
 40
-14.0
 40
-14.0
 40
-14.0
 40
-13.0
 40
-13.0
 40
-13.0
 40
-13.0
 10
95.93187810485439
 20
100.5044455839114
 30
0.0
 10
95.93187810486638
 20
100.2283032089964
 30
0.0
 10
96.1557357299606
 20
100.0044455839224
 30
0.0
 10
96.4318781048766
 20
100.0044455839345
 30
0.0
  0
LINE
  5
217
330
1F
100
AcDbEntity
  8
0
100
AcDbLine
 10
96.4318781048766
 20
100.0044455839345
 30
0.0
 11
109.4318781048756
 21
100.0044455845259
 31
0.0
  0
SPLINE
  5
218
330
1F
100
AcDbEntity
  8
0
100
AcDbSpline
210
0.0
220
0.0
230
1.0
 70
     8
 71
     3
 72
     8
 73
     4
 74
     0
 42
0.000000001
 43
0.0000000001
 40
-12.0
 40
-12.0
 40
-12.0
 40
-12.0
 40
-11.0
 40
-11.0
 40
-11.0
 40
-11.0
 10
109.4318781048756
 20
100.0044455845259
 30
0.0
 10
109.7080204797906
 20
100.0044455845393
 30
0.0
 10
109.9318781048654
 20
100.2283032096345
 30
0.0
 10
109.9318781048534
 20
100.5044455845497
 30
0.0
  0
LINE
  5
219
330
1F
100
AcDbEntity
  8
0
100
AcDbLine
 10
109.9318781048534
 20
100.5044455845497
 30
0.0
 11
109.9318781042621
 21
113.5044455845482
 31
0.0
  0
SPLINE
  5
220
330
1F
100
AcDbEntity
  8
0
100
AcDbSpline
210
0.0
220
0.0
230
1.0
 70
     8
 71
     3
 72
     8
 73
     4
 74
     0
 42
0.000000001
 43
0.0000000001
 40
-10.0
 40
-10.0
 40
-10.0
 40
-10.0
 40
-9.0
 40
-9.0
 40
-9.0
 40
-9.0
 10
109.9318781042621
 20
113.5044455845482
 30
0.0
 10
109.9318781042491
 20
113.7805879594646
 30
0.0
 10
109.7080204791549
 20
114.0044455845399
 30
0.0
 10
109.4318781042389
 20
114.0044455845264
 30
0.0
  0
SPLINE
  5
221
330
1F
100
AcDbEntity
  8
0
100
AcDbSpline
210
0.0
220
0.0
230
1.0
 70
     8
 71
     3
 72
     8
 73
     4
 74
     0
 42
0.000000001
 43
0.0000000001
 40
-14.0
 40
-14.0
 40
-14.0
 40
-14.0
 40
-13.0
 40
-13.0
 40
-13.0
 40
-13.0
 10
200.4266589865971
 20
175.4169455879494
 30
0.0
 10
200.4266589865844
 20
175.6930879628644
 30
0.0
 10
200.2028013614892
 20
175.9169455879392
 30
0.0
 10
199.926658986574
 20
175.9169455879262
 30
0.0
  0
LINE
  5
222
330
1F
100
AcDbEntity
  8
0
100
AcDbLine
 10
199.926658986574
 20
175.9169455879262
 30
0.0
 11
186.9266589865742
 21
175.9169455873359
 31
0.0
  0
SPLINE
  5
223
330
1F
100
AcDbEntity
  8
0
100
AcDbSpline
210
0.0
220
0.0
230
1.0
 70
     8
 71
     3
 72
     8
 73
     4
 74
     0
 42
0.000000001
 43
0.0000000001
 40
6.0
 40
6.0
 40
6.0
 40
6.0
 40
7.0
 40
7.0
 40
7.0
 40
7.0
 10
186.9266589865742
 20
175.9169455873359
 30
0.0
 10
186.650516611659
 20
175.9169455873229
 30
0.0
 10
186.4266589865838
 20
175.6930879622276
 30
0.0
 10
186.4266589865966
 20
175.4169455873126
 30
0.0
  0
LINE
  5
224
330
1F
100
AcDbEntity
  8
0
100
AcDbLine
 10
186.4266589865966
 20
175.4169455873126
 30
0.0
 11
186.426658987188
 21
162.4169455873127
 31
0.0
  0
SPLINE
  5
225
330
1F
100
AcDbEntity
  8
0
100
AcDbSpline
210
0.0
220
0.0
230
1.0
 70
     8
 71
     3
 72
     8
 73
     4
 74
     0
 42
0.000000001
 43
0.0000000001
 40
8.0
 40
8.0
 40
8.0
 40
8.0
 40
9.0
 40
9.0
 40
9.0
 40
9.0
 10
186.426658987188
 20
162.4169455873127
 30
0.0
 10
186.4266589872008
 20
162.1408032123976
 30
0.0
 10
186.6505166122946
 20
161.9169455873219
 30
0.0
 10
186.926658987211
 20
161.916945587334
 30
0.0
  0
LINE
  5
226
330
1F
100
AcDbEntity
  8
0
100
AcDbLine
 10
186.926658987211
 20
161.916945587334
 30
0.0
 11
199.9266589872109
 21
161.9169455879272
 31
0.0
  0
SPLINE
  5
227
330
1F
100
AcDbEntity
  8
0
100
AcDbSpline
210
0.0
220
0.0
230
1.0
 70
     8
 71
     3
 72
     8
 73
     4
 74
     0
 42
0.000000001
 43
0.0000000001
 40
10.0
 40
10.0
 40
10.0
 40
10.0
 40
11.0
 40
11.0
 40
11.0
 40
11.0
 10
199.9266589872109
 20
161.9169455879272
 30
0.0
 10
200.2028013621261
 20
161.9169455879402
 30
0.0
 10
200.4266589872013
 20
162.1408032130344
 30
0.0
 10
200.4266589871885
 20
162.4169455879495
 30
0.0
  0
LINE
  5
228
330
1F
100
AcDbEntity
  8
0
100
AcDbLine
 10
200.4266589871885
 20
162.4169455879495
 30
0.0
 11
200.4266589865971
 21
175.4169455879494
 31
0.0
  0
LINE
  5
229
330
1F
100
AcDbEntity
  8
0
100
AcDbLine
 10
342.7943781051074
 20
94.92944559441514
 30
0.0
 11
336.1772979357904
 21
94.92944559411487
 31
0.0
  0
SPLINE
  5
230
330
1F
100
AcDbEntity
  8
0
100
AcDbSpline
210
0.0
220
0.0
230
1.0
 70
     8
 71
     3
 72
     8
 73
     4
 74
     0
 42
0.000000001
 43
0.0000000001
 40
-32.0
 40
-32.0
 40
-32.0
 40
-32.0
 40
-31.0
 40
-31.0
 40
-31.0
 40
-31.0
 10
336.1772979357904
 20
94.92944559411487
 30
0.0
 10
336.0116125108424
 20
94.92944559410686
 30
0.0
 10
335.8772979357852
 20
95.06376016915174
 30
0.0
 10
335.8772979357773
 20
95.22944559410076
 30
0.0
  0
LINE
  5
231
330
1F
100
AcDbEntity
  8
0
100
AcDbLine
 10
335.8772979357773
 20
95.22944559410076
 30
0.0
 11
335.877297935723
 21
96.41644561924975
 31
0.0
  0
SPLINE
  5
232
330
1F
100
AcDbEntity
  8
0
100
AcDbSpline
210
0.0
220
0.0
230
1.0
 70
     8
 71
     3
 72
     8
 73
     4
 74
     0
 42
0.000000001
 43
0.0000000001
 40
-62.0
 40
-62.0
 40
-62.0
 40
-62.0
 40
-61.0
 40
-61.0
 40
-61.0
 40
-61.0
 10
335.877297935723
 20
96.41644561924975
 30
0.0
 10
335.877297935709
 20
96.69258799416475
 30
0.0
 10
335.6534403106158
 20
96.91644561923858
 30
0.0
 10
335.3772979357018
 20
96.91644561922656
 30
0.0
  0
LINE
  5
233
330
1F
100
AcDbEntity
  8
0
100
AcDbLine
 10
335.3772979357018
 20
96.91644561922656
 30
0.0
 11
327.9568510371878
 21
96.91644561888963
 31
0.0
  0
SPLINE
  5
234
330
1F
100
AcDbEntity
  8
0
100
AcDbSpline
210
0.0
220
0.0
230
1.0
 70
     8
 71
     3
 72
     8
 73
     4
 74
     0
 42
0.000000001
 43
0.0000000001
 40
-60.0
 40
-60.0
 40
-60.0
 40
-60.0
 40
-59.0
 40
-59.0
 40
-59.0
 40
-59.0
 10
327.9568510371878
 20
96.91644561888963
 30
0.0
 10
327.6807086622718
 20
96.91644561887564
 30
0.0
 10
327.456851037198
 20
96.69258799378235
 30
0.0
 10
327.456851037211
 20
96.41644561886645
 30
0.0
  0
LINE
  5
235
330
1F
100
AcDbEntity
  8
0
100
AcDbLine
 10
327.456851037211
 20
96.41644561886645
 30
0.0
 11
327.4568510372663
 21
95.22944559371945
 31
0.0
  0
SPLINE
  5
236
330
1F
100
AcDbEntity
  8
0
100
AcDbSpline
210
0.0
220
0.0
230
1.0
 70
     8
 71
     3
 72
     8
 73
     4
 74
     0
 42
0.000000001
 43
0.0000000001
 40
-58.0
 40
-58.0
 40
-58.0
 40
-58.0
 40
-57.0
 40
-57.0
 40
-57.0
 40
-57.0
 10
327.4568510372663
 20
95.22944559371945
 30
0.0
 10
327.4568510372733
 20
95.06376016877046
 30
0.0
 10
327.3225364622284
 20
94.92944559371336
 30
0.0
 10
327.1568510372784
 20
94.92944559370522
 30
0.0
  0
LINE
  5
237
330
1F
100
AcDbEntity
  8
0
100
AcDbLine
 10
327.1568510372784
 20
94.92944559370522
 30
0.0
 11
311.834024954155
 21
94.92944559300998
 31
0.0
  0
SPLINE
  5
238
330
1F
100
AcDbEntity
  8
0
100
AcDbSpline
210
0.0
220
0.0
230
1.0
 70
     8
 71
     3
 72
     8
 73
     4
 74
     0
 42
0.000000001
 43
0.0000000001
 40
-56.0
 40
-56.0
 40
-56.0
 40
-56.0
 40
-55.0
 40
-55.0
 40
-55.0
 40
-55.0
 10
311.834024954155
 20
94.92944559300998
 30
0.0
 10
311.668339529205
 20
94.92944559300196
 30
0.0
 10
311.5340249541479
 20
95.06376016804674
 30
0.0
 10
311.5340249541419
 20
95.22944559299586
 30
0.0
  0
LINE
  5
239
330
1F
100
AcDbEntity
  8
0
100
AcDbLine
 10
311.5340249541419
 20
95.22944559299586
 30
0.0
 11
311.5340249540876
 21
96.41644561814173
 31
0.0
  0
SPLINE
  5
240
330
1F
100
AcDbEntity
  8
0
100
AcDbSpline
210
0.0
220
0.0
230
1.0
 70
     8
 71
     3
 72
     8
 73
     4
 74
     0
 42
0.000000001
 43
0.0000000001
 40
-54.0
 40
-54.0
 40
-54.0
 40
-54.0
 40
-53.0
 40
-53.0
 40
-53.0
 40
-53.0
 10
311.5340249540876
 20
96.41644561814173
 30
0.0
 10
311.5340249540736
 20
96.69258799305673
 30
0.0
 10
311.3101673289784
 20
96.91644561813156
 30
0.0
 10
311.0340249540644
 20
96.91644561811864
 30
0.0
  0
LINE
  5
241
330
1F
100
AcDbEntity
  8
0
100
AcDbLine
 10
311.0340249540644
 20
96.91644561811864
 30
0.0
 11
303.6006281050164
 21
96.91644561778154
 31
0.0
  0
SPLINE
  5
242
330
1F
100
AcDbEntity
  8
0
100
AcDbSpline
210
0.0
220
0.0
230
1.0
 70
     8
 71
     3
 72
     8
 73
     4
 74
     0
 42
0.000000001
 43
0.0000000001
 40
-52.0
 40
-52.0
 40
-52.0
 40
-52.0
 40
-51.0
 40
-51.0
 40
-51.0
 40
-51.0
 10
303.6006281050164
 20
96.91644561778154
 30
0.0
 10
303.3244857301024
 20
96.91644561776854
 30
0.0
 10
303.1006281050286
 20
96.69258799267433
 30
0.0
 10
303.1006281050405
 20
96.41644561775937
 30
0.0
  0
LINE
  5
243
330
1F
100
AcDbEntity
  8
0
100
AcDbLine
 10
303.1006281050405
 20
96.41644561775937
 30
0.0
 11
303.1006281058097
 21
79.49244556747434
 31
0.0
  0
SPLINE
  5
244
330
1F
100
AcDbEntity
  8
0
100
AcDbSpline
210
0.0
220
0.0
230
1.0
 70
     8
 71
     3
 72
     8
 73
     4
 74
     0
 42
0.000000001
 43
0.0000000001
 40
-50.0
 40
-50.0
 40
-50.0
 40
-50.0
 40
-49.0
 40
-49.0
 40
-49.0
 40
-49.0
 10
303.1006281058097
 20
79.49244556747434
 30
0.0
 10
303.1006281058227
 20
79.21630319255936
 30
0.0
 10
303.3244857309169
 20
78.99244556748556
 30
0.0
 10
303.6006281058319
 20
78.99244556749753
 30
0.0
  0
LINE
  5
245
330
1F
100
AcDbEntity
  8
0
100
AcDbLine
 10
303.6006281058319
 20
78.99244556749753
 30
0.0
 11
311.0340249548809
 21
78.99244556783753
 31
0.0
  0
SPLINE
  5
246
330
1F
100
AcDbEntity
  8
0
100
AcDbSpline
210
0.0
220
0.0
230
1.0
 70
     8
 71
     3
 72
     8
 73
     4
 74
     0
 42
0.000000001
 43
0.0000000001
 40
-48.0
 40
-48.0
 40
-48.0
 40
-48.0
 40
-47.0
 40
-47.0
 40
-47.0
 40
-47.0
 10
311.0340249548809
 20
78.99244556783753
 30
0.0
 10
311.3101673297959
 20
78.99244556784856
 30
0.0
 10
311.5340249548697
 20
79.21630319294374
 30
0.0
 10
311.5340249548577
 20
79.49244556785671
 30
0.0
  0
LINE
  5
247
330
1F
100
AcDbEntity
  8
0
100
AcDbLine
 10
311.5340249548577
 20
79.49244556785671
 30
0.0
 11
311.5340249548034
 21
80.67944559300187
 31
0.0
  0
SPLINE
  5
248
330
1F
100
AcDbEntity
  8
0
100
AcDbSpline
210
0.0
220
0.0
230
1.0
 70
     8
 71
     3
 72
     8
 73
     4
 74
     0
 42
0.000000001
 43
0.0000000001
 40
-46.0
 40
-46.0
 40
-46.0
 40
-46.0
 40
-45.0
 40
-45.0
 40
-45.0
 40
-45.0
 10
311.5340249548034
 20
80.67944559300187
 30
0.0
 10
311.5340249547954
 20
80.84513101794986
 30
0.0
 10
311.6683395298402
 20
80.97944559300694
 30
0.0
 10
311.8340249547892
 20
80.97944559301396
 30
0.0
  0
LINE
  5
249
330
1F
100
AcDbEntity
  8
0
100
AcDbLine
 10
311.8340249547892
 20
80.97944559301396
 30
0.0
 11
327.1452568346926
 21
80.97944559371123
 31
0.0
  0
SPLINE
  5
250
330
1F
100
AcDbEntity
  8
0
100
AcDbSpline
210
0.0
220
0.0
230
1.0
 70
     8
 71
     3
 72
     8
 73
     4
 74
     0
 42
0.000000001
 43
0.0000000001
 40
-44.0
 40
-44.0
 40
-44.0
 40
-44.0
 40
-43.0
 40
-43.0
 40
-43.0
 40
-43.0
 10
327.1452568346926
 20
80.97944559371123
 30
0.0
 10
327.3109422596407
 20
80.97944559371825
 30
0.0
 10
327.4452568346978
 20
80.84513101867344
 30
0.0
 10
327.4452568347068
 20
80.67944559372435
 30
0.0
  0
LINE
  5
251
330
1F
100
AcDbEntity
  8
0
100
AcDbLine
 10
327.4452568347068
 20
80.67944559372435
 30
0.0
 11
327.4452568347611
 21
79.49244556858136
 31
0.0
  0
SPLINE
  5
252
330
1F
100
AcDbEntity
  8
0
100
AcDbSpline
210
0.0
220
0.0
230
1.0
 70
     8
 71
     3
 72
     8
 73
     4
 74
     0
 42
0.000000001
 43
0.0000000001
 40
-42.0
 40
-42.0
 40
-42.0
 40
-42.0
 40
-41.0
 40
-41.0
 40
-41.0
 40
-41.0
 10
327.4452568347611
 20
79.49244556858136
 30
0.0
 10
327.4452568347731
 20
79.21630319366636
 30
0.0
 10
327.6691144598683
 20
78.99244556859352
 30
0.0
 10
327.9452568347823
 20
78.99244556860555
 30
0.0
  0
LINE
  5
253
330
1F
100
AcDbEntity
  8
0
100
AcDbLine
 10
327.9452568347823
 20
78.99244556860555
 30
0.0
 11
335.3772979365193
 21
78.99244556894354
 31
0.0
  0
SPLINE
  5
254
330
1F
100
AcDbEntity
  8
0
100
AcDbSpline
210
0.0
220
0.0
230
1.0
 70
     8
 71
     3
 72
     8
 73
     4
 74
     0
 42
0.000000001
 43
0.0000000001
 40
-40.0
 40
-40.0
 40
-40.0
 40
-40.0
 40
-39.0
 40
-39.0
 40
-39.0
 40
-39.0
 10
335.3772979365193
 20
78.99244556894354
 30
0.0
 10
335.6534403114343
 20
78.99244556895545
 30
0.0
 10
335.8772979365071
 20
79.21630319404974
 30
0.0
 10
335.8772979364941
 20
79.49244556896474
 30
0.0
  0
LINE
  5
255
330
1F
100
AcDbEntity
  8
0
100
AcDbLine
 10
335.8772979364941
 20
79.49244556896474
 30
0.0
 11
335.8772979364398
 21
80.67944559410774
 31
0.0
  0
SPLINE
  5
256
330
1F
100
AcDbEntity
  8
0
100
AcDbSpline
210
0.0
220
0.0
230
1.0
 70
     8
 71
     3
 72
     8
 73
     4
 74
     0
 42
0.000000001
 43
0.0000000001
 40
-38.0
 40
-38.0
 40
-38.0
 40
-38.0
 40
-37.0
 40
-37.0
 40
-37.0
 40
-37.0
 10
335.8772979364398
 20
80.67944559410774
 30
0.0
 10
335.8772979364318
 20
80.8451310190567
 30
0.0
 10
336.0116125114766
 20
80.97944559411486
 30
0.0
 10
336.1772979364256
 20
80.97944559412187
 30
0.0
  0
LINE
  5
257
330
1F
100
AcDbEntity
  8
0
100
AcDbLine
 10
336.1772979364256
 20
80.97944559412187
 30
0.0
 11
342.7943781057427
 21
80.97944559442211
 31
0.0
  0
SPLINE
  5
258
330
1F
100
AcDbEntity
  8
0
100
AcDbSpline
210
0.0
220
0.0
230
1.0
 70
     8
 71
     3
 72
     8
 73
     4
 74
     0
 42
0.000000001
 43
0.0000000001
 40
-36.0
 40
-36.0
 40
-36.0
 40
-36.0
 40
-35.0
 40
-35.0
 40
-35.0
 40
-35.0
 10
342.7943781057427
 20
80.97944559442211
 30
0.0
 10
343.0705204806587
 20
80.97944559443504
 30
0.0
 10
343.2943781057324
 20
81.20330321952934
 30
0.0
 10
343.2943781057204
 20
81.47944559444637
 30
0.0
  0
LINE
  5
259
330
1F
100
AcDbEntity
  8
0
100
AcDbLine
 10
343.2943781057204
 20
81.47944559444637
 30
0.0
 11
343.2943781051306
 21
94.42944559443839
 31
0.0
  0
SPLINE
  5
260
330
1F
100
AcDbEntity
  8
0
100
AcDbSpline
210
0.0
220
0.0
230
1.0
 70
     8
 71
     3
 72
     8
 73
     4
 74
     0
 42
0.000000001
 43
0.0000000001
 40
-34.0
 40
-34.0
 40
-34.0
 40
-34.0
 40
-33.0
 40
-33.0
 40
-33.0
 40
-33.0
 10
343.2943781051306
 20
94.42944559443839
 30
0.0
 10
343.2943781051176
 20
94.70558796935335
 30
0.0
 10
343.0705204800234
 20
94.92944559442705
 30
0.0
 10
342.7943781051074
 20
94.92944559441514
 30
0.0
  0
LINE
  5
261
330
1F
100
AcDbEntity
  8
0
100
AcDbLine
 10
344.0536172327996
 20
119.8136839664404
 30
0.0
 11
344.0536172322321
 21
132.2952072244325
 31
0.0
  0
SPLINE
  5
262
330
1F
100
AcDbEntity
  8
0
100
AcDbSpline
210
0.0
220
0.0
230
1.0
 70
     8
 71
     3
 72
    11
 73
     7
 74
     0
 42
0.000000001
 43
0.0000000001
 40
-7.0
 40
-7.0
 40
-7.0
 40
-7.0
 40
-5.999997343969237
 40
-5.999997343969237
 40
-5.999997343969237
 40
-5.0
 40
-5.0
 40
-5.0
 40
-5.0
 10
344.0536172322321
 20
132.2952072244325
 30
0.0
 10
344.0536172322122
 20
132.7145241119399
 30
0.0
 10
343.7136900874626
 20
133.054445595422
 30
0.0
 10
343.2943773427135
 20
133.0544455954034
 30
0.0
 10
342.875068343825
 20
133.0544455953834
 30
0.0
 10
342.5351389717232
 20
132.7145218844395
 30
0.0
 10
342.5351389717431
 20
132.2952072243632
 30
0.0
  0
LINE
  5
263
330
1F
100
AcDbEntity
  8
0
100
AcDbLine
 10
342.5351389717432
 20
132.2952072243632
 30
0.0
 11
342.5351389723106
 21
119.8136839663712
 31
0.0
  0
SPLINE
  5
264
330
1F
100
AcDbEntity
  8
0
100
AcDbSpline
210
0.0
220
0.0
230
1.0
 70
     8
 71
     3
 72
    11
 73
     7
 74
     0
 42
0.000000001
 43
0.0000000001
 40
-10.0
 40
-10.0
 40
-10.0
 40
-10.0
 40
-8.999997343963304
 40
-8.999997343963304
 40
-8.999997343963304
 40
-8.0
 40
-8.0
 40
-8.0
 40
-8.0
 10
342.5351389723106
 20
119.8136839663712
 30
0.0
 10
342.5351389723285
 20
119.39436707886
 30
0.0
 10
342.875066117085
 20
119.0544455953816
 30
0.0
 10
343.2943788618292
 20
119.0544455954004
 30
0.0
 10
343.7136878607049
 20
119.0544455954202
 30
0.0
 10
344.0536172328185
 20
119.3943693063648
 30
0.0
 10
344.0536172327996
 20
119.8136839664404
 30
0.0
  0
SPLINE
  5
265
330
1F
100
AcDbEntity
  8
0
100
AcDbSpline
210
0.0
220
0.0
230
1.0
 70
     8
 71
     3
 72
     8
 73
     4
 74
     0
 42
0.000000001
 43
0.0000000001
 40
-43.0
 40
-43.0
 40
-43.0
 40
-43.0
 40
-42.0
 40
-42.0
 40
-42.0
 40
-42.0
 10
64.50189963282017
 20
94.95440133263926
 30
0.0
 10
64.22575825396319
 20
94.95439992399637
 30
0.0
 10
64.00190218339037
 20
94.73054271148305
 30
0.0
 10
64.00190218340137
 20
94.45440133262303
 30
0.0
  0
LINE
  5
266
330
1F
100
AcDbEntity
  8
0
100
AcDbLine
 10
64.00190218340137
 20
94.45440133262303
 30
0.0
 11
64.00190218399268
 21
81.45444558173906
 31
0.0
  0
SPLINE
  5
267
330
1F
100
AcDbEntity
  8
0
100
AcDbSpline
210
0.0
220
0.0
230
1.0
 70
     8
 71
     3
 72
     8
 73
     4
 74
     0
 42
0.000000001
 43
0.0000000001
 40
83.0
 40
83.0
 40
83.0
 40
83.0
 40
84.0
 40
84.0
 40
84.0
 40
84.0
 10
64.00190218399268
 20
81.45444558173906
 30
0.0
 10
64.00190218400467
 20
81.17830320682404
 30
0.0
 10
64.22575980909988
 20
80.95444558175023
 30
0.0
 10
64.50190218401488
 20
80.95444558176225
 30
0.0
  0
LINE
  5
268
330
1F
100
AcDbEntity
  8
0
100
AcDbLine
 10
64.50190218401488
 20
80.95444558176225
 30
0.0
 11
64.92149880106786
 21
80.95444558178224
 31
0.0
  0
SPLINE
  5
269
330
1F
100
AcDbEntity
  8
0
100
AcDbSpline
210
0.0
220
0.0
230
1.0
 70
     8
 71
     3
 72
     8
 73
     4
 74
     0
 42
0.000000001
 43
0.0000000001
 40
-81.0
 40
-81.0
 40
-81.0
 40
-81.0
 40
-80.0
 40
-80.0
 40
-80.0
 40
-80.0
 10
64.92149880106786
 20
80.95444558178224
 30
0.0
 10
65.087184226016
 20
80.95444558178915
 30
0.0
 10
65.2214988010731
 20
80.82013100674425
 30
0.0
 10
65.22149880108108
 20
80.65444558179436
 30
0.0
  0
LINE
  5
270
330
1F
100
AcDbEntity
  8
0
100
AcDbLine
 10
65.22149880108108
 20
80.65444558179436
 30
0.0
 11
65.22149880110987
 21
79.99244555666135
 31
0.0
  0
SPLINE
  5
271
330
1F
100
AcDbEntity
  8
0
100
AcDbSpline
210
0.0
220
0.0
230
1.0
 70
     8
 71
     3
 72
     8
 73
     4
 74
     0
 42
0.000000001
 43
0.0000000001
 40
-79.0
 40
-79.0
 40
-79.0
 40
-79.0
 40
-78.0
 40
-78.0
 40
-78.0
 40
-78.0
 10
65.22149880110987
 20
79.99244555666135
 30
0.0
 10
65.22149880113477
 20
79.44016080683138
 30
0.0
 10
65.66921405132427
 20
78.99244555668173
 30
0.0
 10
66.22149880115625
 20
78.99244555670773
 30
0.0
  0
LINE
  5
272
330
1F
100
AcDbEntity
  8
0
100
AcDbLine
 10
66.22149880115625
 20
78.99244555670773
 30
0.0
 11
71.87629880115628
 21
78.99244555696293
 31
0.0
  0
SPLINE
  5
273
330
1F
100
AcDbEntity
  8
0
100
AcDbSpline
210
0.0
220
0.0
230
1.0
 70
     8
 71
     3
 72
     8
 73
     4
 74
     0
 42
0.000000001
 43
0.0000000001
 40
-77.0
 40
-77.0
 40
-77.0
 40
-77.0
 40
-76.0
 40
-76.0
 40
-76.0
 40
-76.0
 10
71.87629880115628
 20
78.99244555696293
 30
0.0
 10
72.42858355098627
 20
78.99244555698897
 30
0.0
 10
72.87629880113588
 20
79.44016080717744
 30
0.0
 10
72.87629880111087
 20
79.99244555700838
 30
0.0
  0
LINE
  5
274
330
1F
100
AcDbEntity
  8
0
100
AcDbLine
 10
72.87629880111087
 20
79.99244555700838
 30
0.0
 11
72.87629880108108
 21
80.65444558215844
 31
0.0
  0
SPLINE
  5
275
330
1F
100
AcDbEntity
  8
0
100
AcDbSpline
210
0.0
220
0.0
230
1.0
 70
     8
 71
     3
 72
     8
 73
     4
 74
     0
 42
0.000000001
 43
0.0000000001
 40
-75.0
 40
-75.0
 40
-75.0
 40
-75.0
 40
-74.0
 40
-74.0
 40
-74.0
 40
-74.0
 10
72.87629880108108
 20
80.65444558215844
 30
0.0
 10
72.87629880107409
 20
80.82013100710046
 30
0.0
 10
73.01061337611187
 20
80.95444558215055
 30
0.0
 10
73.17629880104099
 20
80.95444558215751
 30
0.0
  0
LINE
  5
276
330
1F
100
AcDbEntity
  8
0
100
AcDbLine
 10
73.17629880104099
 20
80.95444558215751
 30
0.0
 11
89.7974979364279
 21
80.95444558291323
 31
0.0
  0
SPLINE
  5
277
330
1F
100
AcDbEntity
  8
0
100
AcDbSpline
210
0.0
220
0.0
230
1.0
 70
     8
 71
     3
 72
     8
 73
     4
 74
     0
 42
0.000000001
 43
0.0000000001
 40
-73.0
 40
-73.0
 40
-73.0
 40
-73.0
 40
-72.0
 40
-72.0
 40
-72.0
 40
-72.0
 10
89.7974979364279
 20
80.95444558291323
 30
0.0
 10
89.96318336137596
 20
80.95444558292124
 30
0.0
 10
90.09749793643209
 20
80.82013100787646
 30
0.0
 10
90.09749793644008
 20
80.65444558292744
 30
0.0
  0
LINE
  5
278
330
1F
100
AcDbEntity
  8
0
100
AcDbLine
 10
90.09749793644008
 20
80.65444558292744
 30
0.0
 11
90.09749793649318
 21
79.49244555778943
 31
0.0
  0
SPLINE
  5
279
330
1F
100
AcDbEntity
  8
0
100
AcDbSpline
210
0.0
220
0.0
230
1.0
 70
     8
 71
     3
 72
     8
 73
     4
 74
     0
 42
0.000000001
 43
0.0000000001
 40
-71.0
 40
-71.0
 40
-71.0
 40
-71.0
 40
-70.0
 40
-70.0
 40
-70.0
 40
-70.0
 10
90.09749793649318
 20
79.49244555778943
 30
0.0
 10
90.0974979365081
 20
79.21630318287345
 30
0.0
 10
90.32135556160326
 20
78.99244555779967
 30
0.0
 10
90.5974979365183
 20
78.99244555781263
 30
0.0
  0
LINE
  5
280
330
1F
100
AcDbEntity
  8
0
100
AcDbLine
 10
90.5974979365183
 20
78.99244555781263
 30
0.0
 11
97.25229333957628
 21
78.99244555811822
 31
0.0
  0
SPLINE
  5
281
330
1F
100
AcDbEntity
  8
0
100
AcDbSpline
210
0.0
220
0.0
230
1.0
 70
     8
 71
     3
 72
     8
 73
     4
 74
     0
 42
0.000000001
 43
0.0000000001
 40
-69.0
 40
-69.0
 40
-69.0
 40
-69.0
 40
-68.0
 40
-68.0
 40
-68.0
 40
-68.0
 10
97.25229333957628
 20
78.99244555811822
 30
0.0
 10
97.52843391928328
 20
78.99244555813024
 30
0.0
 10
97.7522908007511
 20
79.21630038152454
 30
0.0
 10
97.75229333952909
 20
79.49244096121245
 30
0.0
  0
LINE
  5
282
330
1F
100
AcDbEntity
  8
0
100
AcDbLine
 10
97.75229333952909
 20
79.49244096121245
 30
0.0
 11
97.75230218403809
 21
80.45444854588044
 31
0.0
  0
SPLINE
  5
283
330
1F
100
AcDbEntity
  8
0
100
AcDbSpline
210
0.0
220
0.0
230
1.0
 70
     8
 71
     3
 72
     8
 73
     4
 74
     0
 42
0.000000001
 43
0.0000000001
 40
-67.0
 40
-67.0
 40
-67.0
 40
-67.0
 40
-66.0
 40
-66.0
 40
-66.0
 40
-66.0
 10
97.75230218403809
 20
80.45444854588044
 30
0.0
 10
97.75230218402519
 20
80.73059092079546
 30
0.0
 10
97.97615980910089
 20
80.95444854589075
 30
0.0
 10
98.25230218401587
 20
80.95444854590363
 30
0.0
  0
LINE
  5
284
330
1F
100
AcDbEntity
  8
0
100
AcDbLine
 10
98.25230218401587
 20
80.95444854590363
 30
0.0
 11
99.8818815286271
 21
80.95444427200012
 31
0.0
  0
SPLINE
  5
285
330
1F
100
AcDbEntity
  8
0
100
AcDbSpline
210
0.0
220
0.0
230
1.0
 70
     8
 71
     3
 72
     8
 73
     4
 74
     0
 42
0.000000001
 43
0.0000000001
 40
-64.0
 40
-64.0
 40
-64.0
 40
-64.0
 40
-63.0
 40
-63.0
 40
-63.0
 40
-63.0
 10
99.88188218401489
 20
80.95444427200007
 30
0.0
 10
100.1580245589299
 20
80.95444427201895
 30
0.0
 10
100.3818821840037
 20
81.17830189710721
 30
0.0
 10
100.3818821839917
 20
81.45444427202221
 30
0.0
  0
LINE
  5
286
330
1F
100
AcDbEntity
  8
0
100
AcDbLine
 10
100.3818821839917
 20
81.45444427202221
 30
0.0
 11
100.3818821834004
 21
94.45444558340222
 31
0.0
  0
SPLINE
  5
287
330
1F
100
AcDbEntity
  8
0
100
AcDbSpline
210
0.0
220
0.0
230
1.0
 70
     8
 71
     3
 72
     8
 73
     4
 74
     0
 42
0.000000001
 43
0.0000000001
 40
-62.0
 40
-62.0
 40
-62.0
 40
-62.0
 40
-61.0
 40
-61.0
 40
-61.0
 40
-61.0
 10
100.3818821834004
 20
94.45444558340222
 30
0.0
 10
100.3818821833884
 20
94.73058795831724
 30
0.0
 10
100.1580245582932
 20
94.95444558339304
 30
0.0
 10
99.88188218337818
 20
94.95444558337903
 30
0.0
  0
LINE
  5
288
330
1F
100
AcDbEntity
  8
0
100
AcDbLine
 10
99.88188218337818
 20
94.95444558337903
 30
0.0
 11
98.25230218337818
 21
94.95444558330664
 31
0.0
  0
SPLINE
  5
289
330
1F
100
AcDbEntity
  8
0
100
AcDbSpline
210
0.0
220
0.0
230
1.0
 70
     8
 71
     3
 72
     8
 73
     4
 74
     0
 42
0.000000001
 43
0.0000000001
 40
-60.0
 40
-60.0
 40
-60.0
 40
-60.0
 40
-59.0
 40
-59.0
 40
-59.0
 40
-59.0
 10
98.25230218337818
 20
94.95444558330664
 30
0.0
 10
97.97615781742619
 20
94.95444522845373
 30
0.0
 10
97.75229829062197
 20
95.17830417992845
 30
0.0
 10
97.75229793576997
 20
95.45444854588055
 30
0.0
  0
LINE
  5
290
330
1F
100
AcDbEntity
  8
0
100
AcDbLine
 10
97.75229793576988
 20
95.45444854588055
 30
0.0
 11
97.75229793572698
 21
96.41644560842843
 31
0.0
  0
SPLINE
  5
291
330
1F
100
AcDbEntity
  8
0
100
AcDbSpline
210
0.0
220
0.0
230
1.0
 70
     8
 71
     3
 72
     8
 73
     4
 74
     0
 42
0.000000001
 43
0.0000000001
 40
-58.0
 40
-58.0
 40
-58.0
 40
-58.0
 40
-57.0
 40
-57.0
 40
-57.0
 40
-57.0
 10
97.75229793572698
 20
96.41644560842843
 30
0.0
 10
97.75229793571298
 20
96.69258798334443
 30
0.0
 10
97.52844031061977
 20
96.91644560841826
 30
0.0
 10
97.25229793570477
 20
96.91644560840424
 30
0.0
  0
LINE
  5
292
330
1F
100
AcDbEntity
  8
0
100
AcDbLine
 10
97.25229793570477
 20
96.91644560840424
 30
0.0
 11
90.59749793570077
 21
96.91644560809866
 31
0.0
  0
SPLINE
  5
293
330
1F
100
AcDbEntity
  8
0
100
AcDbSpline
210
0.0
220
0.0
230
1.0
 70
     8
 71
     3
 72
     8
 73
     4
 74
     0
 42
0.000000001
 43
0.0000000001
 40
-56.0
 40
-56.0
 40
-56.0
 40
-56.0
 40
-55.0
 40
-55.0
 40
-55.0
 40
-55.0
 10
90.59749793570077
 20
96.91644560809866
 30
0.0
 10
90.32135556078676
 20
96.91644560808862
 30
0.0
 10
90.097497935713
 20
96.69258798299635
 30
0.0
 10
90.09749793572598
 20
96.41644560808245
 30
0.0
  0
LINE
  5
294
330
1F
100
AcDbEntity
  8
0
100
AcDbLine
 10
90.09749793572598
 20
96.41644560808245
 30
0.0
 11
90.0974979357781
 21
95.25444558293045
 31
0.0
  0
SPLINE
  5
295
330
1F
100
AcDbEntity
  8
0
100
AcDbSpline
210
0.0
220
0.0
230
1.0
 70
     8
 71
     3
 72
     8
 73
     4
 74
     0
 42
0.000000001
 43
0.0000000001
 40
-54.0
 40
-54.0
 40
-54.0
 40
-54.0
 40
-53.0
 40
-53.0
 40
-53.0
 40
-53.0
 10
90.0974979357781
 20
95.25444558293045
 30
0.0
 10
90.0974979357861
 20
95.08876015798444
 30
0.0
 10
89.96318336074518
 20
94.95444558292925
 30
0.0
 10
89.79749793579818
 20
94.95444558292224
 30
0.0
  0
LINE
  5
296
330
1F
100
AcDbEntity
  8
0
100
AcDbLine
 10
89.79749793579818
 20
94.95444558292224
 30
0.0
 11
73.17629880043018
 21
94.95444558216755
 31
0.0
  0
SPLINE
  5
297
330
1F
100
AcDbEntity
  8
0
100
AcDbSpline
210
0.0
220
0.0
230
1.0
 70
     8
 71
     3
 72
     8
 73
     4
 74
     0
 42
0.000000001
 43
0.0000000001
 40
-52.0
 40
-52.0
 40
-52.0
 40
-52.0
 40
-51.0
 40
-51.0
 40
-51.0
 40
-51.0
 10
73.17629880043018
 20
94.95444558216755
 30
0.0
 10
73.01061337547918
 20
94.95444558215956
 30
0.0
 10
72.87629880042309
 20
95.08876015720446
 30
0.0
 10
72.8762988004161
 20
95.25444558215438
 30
0.0
  0
LINE
  5
298
330
1F
100
AcDbEntity
  8
0
100
AcDbLine
 10
72.8762988004161
 20
95.25444558215438
 30
0.0
 11
72.87629880036599
 21
96.41644560729345
 31
0.0
  0
SPLINE
  5
299
330
1F
100
AcDbEntity
  8
0
100
AcDbSpline
210
0.0
220
0.0
230
1.0
 70
     8
 71
     3
 72
     8
 73
     4
 74
     0
 42
0.000000001
 43
0.0000000001
 40
-50.0
 40
-50.0
 40
-50.0
 40
-50.0
 40
-49.0
 40
-49.0
 40
-49.0
 40
-49.0
 10
72.87629880036599
 20
96.41644560729345
 30
0.0
 10
72.876298800353
 20
96.69258798220946
 30
0.0
 10
72.65244117525978
 20
96.91644560728315
 30
0.0
 10
72.37629880034578
 20
96.91644560727125
 30
0.0
  0
LINE
  5
300
330
1F
100
AcDbEntity
  8
0
100
AcDbLine
 10
72.37629880034578
 20
96.91644560727125
 30
0.0
 11
65.72149497431169
 21
96.91644560696653
 31
0.0
  0
SPLINE
  5
301
330
1F
100
AcDbEntity
  8
0
100
AcDbSpline
210
0.0
220
0.0
230
1.0
 70
     8
 71
     3
 72
     8
 73
     4
 74
     0
 42
0.000000001
 43
0.0000000001
 40
-47.0
 40
-47.0
 40
-47.0
 40
-47.0
 40
-46.0
 40
-46.0
 40
-46.0
 40
-46.0
 10
65.72149369922579
 20
96.91644560696055
 30
0.0
 10
65.44535132431679
 20
96.91644407755754
 30
0.0
 10
65.22149484116908
 20
96.69258543129835
 30
0.0
 10
65.22149624981699
 20
96.41644305638838
 30
0.0
  0
LINE
  5
302
330
1F
100
AcDbEntity
  8
0
100
AcDbLine
 10
65.22149624981699
 20
96.41644305638838
 30
0.0
 11
65.22150217756308
 21
95.25440500345334
 31
0.0
  0
SPLINE
  5
303
330
1F
100
AcDbEntity
  8
0
100
AcDbSpline
210
0.0
220
0.0
230
1.0
 70
     8
 71
     3
 72
     8
 73
     4
 74
     0
 42
0.000000001
 43
0.0000000001
 40
-45.0
 40
-45.0
 40
-45.0
 40
-45.0
 40
-44.0
 40
-44.0
 40
-44.0
 40
-44.0
 10
65.22150217756308
 20
95.25440500345334
 30
0.0
 10
65.2215030227521
 20
95.08871957850539
 30
0.0
 10
65.08718913286319
 20
94.95440431829615
 30
0.0
 10
64.92150370791617
 20
94.95440347310823
 30
0.0
  0
LINE
  5
304
330
1F
100
AcDbEntity
  8
0
100
AcDbLine
 10
64.92150370791617
 20
94.95440347310823
 30
0.0
 11
64.50189963282017
 21
94.95440133263926
 31
0.0
  0
LINE
  5
305
330
1F
100
AcDbEntity
  8
0
100
AcDbLine
 10
359.7451869005037
 20
115.5660244037915
 30
0.0
 11
353.8446919384324
 21
109.9169057327907
 31
0.0
  0
ELLIPSE
  5
306
330
1F
100
AcDbEntity
  8
0
100
AcDbEllipse
 10
355.4652165071642
 20
108.2039788362837
 30
0.0
 11
-0.9321641572639135
 21
-2.182955264447801
 31
0.0
210
0.0
220
0.0
230
-1.0
 40
0.9921838010788132
 41
1.164123785058728
 42
1.977468868482624
  0
LINE
  5
307
330
1F
100
AcDbEntity
  8
0
100
AcDbLine
 10
353.1072467212058
 20
108.1899460479008
 30
0.0
 11
353.1072467211946
 21
99.92653026069476
 31
0.0
  0
SPLINE
  5
308
330
1F
100
AcDbEntity
  8
0
100
AcDbSpline
210
0.0
220
0.0
230
1.0
 70
     8
 71
     3
 72
     8
 73
     4
 74
     0
 42
0.000000001
 43
0.0000000001
 40
-22.0
 40
-22.0
 40
-22.0
 40
-22.0
 40
-21.0
 40
-21.0
 40
-21.0
 40
-21.0
 10
353.1072467211946
 20
99.92653026069476
 30
0.0
 10
353.107246721193
 20
98.60611022472955
 30
0.0
 10
354.1776586543698
 20
97.53569829155225
 30
0.0
 10
355.4980786903358
 20
97.53569829155566
 30
0.0
  0
LINE
  5
309
330
1F
100
AcDbEntity
  8
0
100
AcDbLine
 10
355.4980786903358
 20
97.53569829155566
 30
0.0
 11
396.9159197891947
 21
97.53569829165838
 31
0.0
  0
ARC
  5
310
330
1F
100
AcDbEntity
  8
0
100
AcDbCircle
 10
396.9159197891885
 20
99.92653026079588
 30
0.0
 40
2.390831969137579
100
AcDbArc
 50
270.0000000001498
 51
313.7531594220083
  0
LINE
  5
311
330
1F
100
AcDbEntity
  8
0
100
AcDbLine
 10
398.5693065411001
 20
98.19957057590054
 30
0.0
 11
404.4698015031709
 21
103.8486892469012
 31
0.0
  0
ELLIPSE
  5
312
330
1F
100
AcDbEntity
  8
0
100
AcDbEllipse
 10
402.849276934467
 20
105.5616161433889
 30
0.0
 11
-0.9321641575379004
 21
-2.182955264312655
 31
0.0
210
0.0
220
0.0
230
-1.0
 40
0.9921838010714909
 41
4.305716438515116
 42
5.119061521944902
  0
LINE
  5
313
330
1F
100
AcDbEntity
  8
0
100
AcDbLine
 10
405.207246720396
 20
105.5756489317913
 30
0.0
 11
405.2072467204068
 21
113.8390647189972
 31
0.0
  0
SPLINE
  5
314
330
1F
100
AcDbEntity
  8
0
100
AcDbSpline
210
0.0
220
0.0
230
1.0
 70
     8
 71
     3
 72
     8
 73
     4
 74
     0
 42
0.000000001
 43
0.0000000001
 40
-16.0
 40
-16.0
 40
-16.0
 40
-16.0
 40
-15.0
 40
-15.0
 40
-15.0
 40
-15.0
 10
405.2072467204068
 20
113.8390647189972
 30
0.0
 10
405.2072467204093
 20
115.1594847549625
 30
0.0
 10
404.1368347872306
 20
116.22989668814
 30
0.0
 10
402.8164147512655
 20
116.2298966881362
 30
0.0
  0
LINE
  5
315
330
1F
100
AcDbEntity
  8
0
100
AcDbLine
 10
402.8164147512655
 20
116.2298966881362
 30
0.0
 11
361.3985736524056
 21
116.2298966880325
 31
0.0
  0
ARC
  5
316
330
1F
100
AcDbEntity
  8
0
100
AcDbCircle
 10
361.3985736524138
 20
113.8390647188955
 30
0.0
 40
2.390831969137108
100
AcDbArc
 50
90.00000000019539
 51
133.7531594219749
  0
SPLINE
  5
317
330
1F
100
AcDbEntity
  8
0
100
AcDbSpline
210
0.0
220
0.0
230
1.0
 70
     8
 71
     3
 72
     8
 73
     4
 74
     0
 42
0.000000001
 43
0.0000000001
 40
-9.0
 40
-9.0
 40
-9.0
 40
-9.0
 40
-8.0
 40
-8.0
 40
-8.0
 40
-8.0
 10
300.0964054567711
 20
80.70444899856672
 30
0.0
 10
300.5670084806201
 20
80.70444899819923
 30
0.0
 10
300.9485076086276
 20
81.08594812689876
 30
0.0
 10
300.9485076074051
 20
81.55655115074774
 30
0.0
  0
LINE
  5
318
330
1F
100
AcDbEntity
  8
0
100
AcDbLine
 10
300.9485076074051
 20
81.55655115074774
 30
0.0
 11
300.9485075754704
 21
93.85234685153875
 31
0.0
  0
SPLINE
  5
319
330
1F
100
AcDbEntity
  8
0
100
AcDbSpline
210
0.0
220
0.0
230
1.0
 70
     8
 71
     3
 72
     8
 73
     4
 74
     0
 42
0.000000001
 43
0.0000000001
 40
15.0
 40
15.0
 40
15.0
 40
15.0
 40
16.0
 40
16.0
 40
16.0
 40
16.0
 10
300.9485075754704
 20
93.85234685153875
 30
0.0
 10
300.9485075742479
 20
94.3229498733757
 30
0.0
 10
300.5670084473994
 20
94.70444899926022
 30
0.0
 10
300.0964054255613
 20
94.70444899929274
 30
0.0
  0
LINE
  5
320
330
1F
100
AcDbEntity
  8
0
100
AcDbLine
 10
300.0964054255613
 20
94.70444899929274
 30
0.0
 11
293.9111007848143
 21
94.70444899972646
 31
0.0
  0
SPLINE
  5
321
330
1F
100
AcDbEntity
  8
0
100
AcDbSpline
210
0.0
220
0.0
230
1.0
 70
     8
 71
     3
 72
     8
 73
     4
 74
     0
 42
0.000000001
 43
0.0000000001
 40
-13.0
 40
-13.0
 40
-13.0
 40
-13.0
 40
-12.0
 40
-12.0
 40
-12.0
 40
-12.0
 10
293.9111007848143
 20
94.70444899972646
 30
0.0
 10
293.4404977628984
 20
94.70444899975793
 30
0.0
 10
293.0589986359649
 20
94.32294987380544
 30
0.0
 10
293.0589986347864
 20
93.85234685188846
 30
0.0
  0
LINE
  5
322
330
1F
100
AcDbEntity
  8
0
100
AcDbLine
 10
293.0589986347864
 20
93.85234685188846
 30
0.0
 11
293.0589986040251
 21
81.55655115549146
 31
0.0
  0
SPLINE
  5
323
330
1F
100
AcDbEntity
  8
0
100
AcDbSpline
210
0.0
220
0.0
230
1.0
 70
     8
 71
     3
 72
     8
 73
     4
 74
     0
 42
0.000000001
 43
0.0000000001
 40
-11.0
 40
-11.0
 40
-11.0
 40
-11.0
 40
-10.0
 40
-10.0
 40
-10.0
 40
-10.0
 10
293.0589986040251
 20
81.55655115549146
 30
0.0
 10
293.0589986028486
 20
81.08594813219346
 30
0.0
 10
293.4404977300311
 20
80.70444900375894
 30
0.0
 10
293.9111007533281
 20
80.70444900339253
 30
0.0
  0
LINE
  5
324
330
1F
100
AcDbEntity
  8
0
100
AcDbLine
 10
293.9111007533281
 20
80.70444900339253
 30
0.0
 11
300.0964054567711
 21
80.70444899856672
 31
0.0
  0
LINE
  5
325
330
1F
100
AcDbEntity
  8
0
100
AcDbLine
 10
276.1193781033731
 20
133.0544455913925
 30
0.0
 11
263.119378103374
 21
133.054445590801
 31
0.0
  0
SPLINE
  5
326
330
1F
100
AcDbEntity
  8
0
100
AcDbSpline
210
0.0
220
0.0
230
1.0
 70
     8
 71
     3
 72
     8
 73
     4
 74
     0
 42
0.000000001
 43
0.0000000001
 40
-8.0
 40
-8.0
 40
-8.0
 40
-8.0
 40
-7.0
 40
-7.0
 40
-7.0
 40
-7.0
 10
263.119378103374
 20
133.054445590801
 30
0.0
 10
262.8432357284581
 20
133.0544455907889
 30
0.0
 10
262.6193781033813
 20
132.8305879656936
 30
0.0
 10
262.6193781033953
 20
132.5544455907773
 30
0.0
  0
LINE
  5
327
330
1F
100
AcDbEntity
  8
0
100
AcDbLine
 10
262.6193781033953
 20
132.5544455907773
 30
0.0
 11
262.6193781039856
 21
119.5544455907789
 31
0.0
  0
SPLINE
  5
328
330
1F
100
AcDbEntity
  8
0
100
AcDbSpline
210
0.0
220
0.0
230
1.0
 70
     8
 71
     3
 72
     8
 73
     4
 74
     0
 42
0.000000001
 43
0.0000000001
 40
-14.0
 40
-14.0
 40
-14.0
 40
-14.0
 40
-13.0
 40
-13.0
 40
-13.0
 40
-13.0
 10
262.6193781039856
 20
119.5544455907789
 30
0.0
 10
262.6193781039986
 20
119.2783032158635
 30
0.0
 10
262.8432357290939
 20
119.0544455907884
 30
0.0
 10
263.1193781040078
 20
119.0544455908005
 30
0.0
  0
LINE
  5
329
330
1F
100
AcDbEntity
  8
0
100
AcDbLine
 10
263.1193781040078
 20
119.0544455908005
 30
0.0
 11
276.1193781040088
 21
119.0544455913919
 31
0.0
  0
SPLINE
  5
330
330
1F
100
AcDbEntity
  8
0
100
AcDbSpline
210
0.0
220
0.0
230
1.0
 70
     8
 71
     3
 72
     8
 73
     4
 74
     0
 42
0.000000001
 43
0.0000000001
 40
-12.0
 40
-12.0
 40
-12.0
 40
-12.0
 40
-11.0
 40
-11.0
 40
-11.0
 40
-11.0
 10
276.1193781040088
 20
119.0544455913919
 30
0.0
 10
276.3955204789239
 20
119.0544455914039
 30
0.0
 10
276.6193781039977
 20
119.2783032164991
 30
0.0
 10
276.6193781039856
 20
119.5544455914143
 30
0.0
  0
LINE
  5
331
330
1F
100
AcDbEntity
  8
0
100
AcDbLine
 10
276.6193781039856
 20
119.5544455914143
 30
0.0
 11
276.6193781033952
 21
132.5544455914141
 31
0.0
  0
SPLINE
  5
332
330
1F
100
AcDbEntity
  8
0
100
AcDbSpline
210
0.0
220
0.0
230
1.0
 70
     8
 71
     3
 72
     8
 73
     4
 74
     0
 42
0.000000001
 43
0.0000000001
 40
-10.0
 40
-10.0
 40
-10.0
 40
-10.0
 40
-9.0
 40
-9.0
 40
-9.0
 40
-9.0
 10
276.6193781033952
 20
132.5544455914141
 30
0.0
 10
276.6193781033823
 20
132.8305879663294
 30
0.0
 10
276.3955204782881
 20
133.0544455914045
 30
0.0
 10
276.1193781033731
 20
133.0544455913925
 30
0.0
  0
LINE
  5
333
330
1F
100
AcDbEntity
  8
0
100
AcDbLine
 10
124.219378103988
 20
119.5544455844838
 30
0.0
 11
124.2193781033966
 21
132.5544455844837
 31
0.0
  0
SPLINE
  5
334
330
1F
100
AcDbEntity
  8
0
100
AcDbSpline
210
0.0
220
0.0
230
1.0
 70
     8
 71
     3
 72
     8
 73
     4
 74
     0
 42
0.000000001
 43
0.0000000001
 40
-8.0
 40
-8.0
 40
-8.0
 40
-8.0
 40
-7.0
 40
-7.0
 40
-7.0
 40
-7.0
 10
124.2193781033966
 20
132.5544455844837
 30
0.0
 10
124.2193781033838
 20
132.8305879594001
 30
0.0
 10
123.99552047829
 20
133.054445584474
 30
0.0
 10
123.7193781033748
 20
133.0544455844619
 30
0.0
  0
LINE
  5
335
330
1F
100
AcDbEntity
  8
0
100
AcDbLine
 10
123.7193781033748
 20
133.0544455844619
 30
0.0
 11
110.7193781033735
 21
133.0544455838718
 31
0.0
  0
SPLINE
  5
336
330
1F
100
AcDbEntity
  8
0
100
AcDbSpline
210
0.0
220
0.0
230
1.0
 70
     8
 71
     3
 72
     8
 73
     4
 74
     0
 42
0.000000001
 43
0.0000000001
 40
-14.0
 40
-14.0
 40
-14.0
 40
-14.0
 40
-13.0
 40
-13.0
 40
-13.0
 40
-13.0
 10
110.7193781033735
 20
133.0544455838718
 30
0.0
 10
110.4432357284585
 20
133.0544455838583
 30
0.0
 10
110.2193781033838
 20
132.8305879587632
 30
0.0
 10
110.2193781033967
 20
132.5544455838481
 30
0.0
  0
LINE
  5
337
330
1F
100
AcDbEntity
  8
0
100
AcDbLine
 10
110.2193781033967
 20
132.5544455838481
 30
0.0
 11
110.2193781039881
 21
119.5544455838469
 31
0.0
  0
SPLINE
  5
338
330
1F
100
AcDbEntity
  8
0
100
AcDbSpline
210
0.0
220
0.0
230
1.0
 70
     8
 71
     3
 72
     8
 73
     4
 74
     0
 42
0.000000001
 43
0.0000000001
 40
-12.0
 40
-12.0
 40
-12.0
 40
-12.0
 40
-11.0
 40
-11.0
 40
-11.0
 40
-11.0
 10
110.2193781039881
 20
119.5544455838469
 30
0.0
 10
110.2193781039999
 20
119.2783032089318
 30
0.0
 10
110.4432357290953
 20
119.054445583858
 30
0.0
 10
110.7193781040102
 20
119.0544455838699
 30
0.0
  0
LINE
  5
339
330
1F
100
AcDbEntity
  8
0
100
AcDbLine
 10
110.7193781040102
 20
119.0544455838699
 30
0.0
 11
123.7193781040104
 21
119.0544455844627
 31
0.0
  0
SPLINE
  5
340
330
1F
100
AcDbEntity
  8
0
100
AcDbSpline
210
0.0
220
0.0
230
1.0
 70
     8
 71
     3
 72
     8
 73
     4
 74
     0
 42
0.000000001
 43
0.0000000001
 40
-10.0
 40
-10.0
 40
-10.0
 40
-10.0
 40
-9.0
 40
-9.0
 40
-9.0
 40
-9.0
 10
123.7193781040104
 20
119.0544455844627
 30
0.0
 10
123.9955204789257
 20
119.0544455844747
 30
0.0
 10
124.2193781040007
 20
119.2783032095687
 30
0.0
 10
124.219378103988
 20
119.5544455844838
 30
0.0
  0
LINE
  5
341
330
1F
100
AcDbEntity
  8
0
100
AcDbLine
 10
180.8693781033734
 20
133.0544455870608
 30
0.0
 11
167.8693781033731
 21
133.0544455864682
 31
0.0
  0
SPLINE
  5
342
330
1F
100
AcDbEntity
  8
0
100
AcDbSpline
210
0.0
220
0.0
230
1.0
 70
     8
 71
     3
 72
     8
 73
     4
 74
     0
 42
0.000000001
 43
0.0000000001
 40
-8.0
 40
-8.0
 40
-8.0
 40
-8.0
 40
-7.0
 40
-7.0
 40
-7.0
 40
-7.0
 10
167.8693781033731
 20
133.0544455864682
 30
0.0
 10
167.5932357284579
 20
133.054445586456
 30
0.0
 10
167.3693781033827
 20
132.8305879613621
 30
0.0
 10
167.3693781033955
 20
132.554445586447
 30
0.0
  0
LINE
  5
343
330
1F
100
AcDbEntity
  8
0
100
AcDbLine
 10
167.3693781033955
 20
132.554445586447
 30
0.0
 11
167.3693781039868
 21
119.5544455864485
 31
0.0
  0
SPLINE
  5
344
330
1F
100
AcDbEntity
  8
0
100
AcDbSpline
210
0.0
220
0.0
230
1.0
 70
     8
 71
     3
 72
     8
 73
     4
 74
     0
 42
0.000000001
 43
0.0000000001
 40
-14.0
 40
-14.0
 40
-14.0
 40
-14.0
 40
-13.0
 40
-13.0
 40
-13.0
 40
-13.0
 10
167.3693781039868
 20
119.5544455864485
 30
0.0
 10
167.3693781039996
 20
119.278303211532
 30
0.0
 10
167.5932357290947
 20
119.0544455864581
 30
0.0
 10
167.8693781040099
 20
119.0544455864702
 30
0.0
  0
LINE
  5
345
330
1F
100
AcDbEntity
  8
0
100
AcDbLine
 10
167.8693781040099
 20
119.0544455864702
 30
0.0
 11
180.8693781040084
 21
119.0544455870603
 31
0.0
  0
SPLINE
  5
346
330
1F
100
AcDbEntity
  8
0
100
AcDbSpline
210
0.0
220
0.0
230
1.0
 70
     8
 71
     3
 72
     8
 73
     4
 74
     0
 42
0.000000001
 43
0.0000000001
 40
-12.0
 40
-12.0
 40
-12.0
 40
-12.0
 40
-11.0
 40
-11.0
 40
-11.0
 40
-11.0
 10
180.8693781040084
 20
119.0544455870603
 30
0.0
 10
181.1455204789249
 20
119.0544455870724
 30
0.0
 10
181.3693781040001
 20
119.2783032121676
 30
0.0
 10
181.3693781039873
 20
119.5544455870829
 30
0.0
  0
LINE
  5
347
330
1F
100
AcDbEntity
  8
0
100
AcDbLine
 10
181.3693781039873
 20
119.5544455870829
 30
0.0
 11
181.3693781033959
 21
132.5544455870838
 31
0.0
  0
SPLINE
  5
348
330
1F
100
AcDbEntity
  8
0
100
AcDbSpline
210
0.0
220
0.0
230
1.0
 70
     8
 71
     3
 72
     8
 73
     4
 74
     0
 42
0.000000001
 43
0.0000000001
 40
-10.0
 40
-10.0
 40
-10.0
 40
-10.0
 40
-9.0
 40
-9.0
 40
-9.0
 40
-9.0
 10
181.3693781033959
 20
132.5544455870838
 30
0.0
 10
181.3693781033832
 20
132.8305879620004
 30
0.0
 10
181.1455204782893
 20
133.054445587073
 30
0.0
 10
180.8693781033734
 20
133.0544455870608
 30
0.0
  0
LINE
  5
349
330
1F
100
AcDbEntity
  8
0
100
AcDbLine
 10
161.819378103374
 20
133.0544455861932
 30
0.0
 11
148.8193781033728
 21
133.0544455856031
 31
0.0
  0
SPLINE
  5
350
330
1F
100
AcDbEntity
  8
0
100
AcDbSpline
210
0.0
220
0.0
230
1.0
 70
     8
 71
     3
 72
     8
 73
     4
 74
     0
 42
0.000000001
 43
0.0000000001
 40
-8.0
 40
-8.0
 40
-8.0
 40
-8.0
 40
-7.0
 40
-7.0
 40
-7.0
 40
-7.0
 10
148.8193781033728
 20
133.0544455856031
 30
0.0
 10
148.5432357284577
 20
133.0544455855896
 30
0.0
 10
148.3193781033837
 20
132.8305879604958
 30
0.0
 10
148.3193781033965
 20
132.5544455855806
 30
0.0
  0
LINE
  5
351
330
1F
100
AcDbEntity
  8
0
100
AcDbLine
 10
148.3193781033965
 20
132.5544455855806
 30
0.0
 11
148.3193781039866
 21
119.5544455855808
 31
0.0
  0
SPLINE
  5
352
330
1F
100
AcDbEntity
  8
0
100
AcDbSpline
210
0.0
220
0.0
230
1.0
 70
     8
 71
     3
 72
     8
 73
     4
 74
     0
 42
0.000000001
 43
0.0000000001
 40
-14.0
 40
-14.0
 40
-14.0
 40
-14.0
 40
-13.0
 40
-13.0
 40
-13.0
 40
-13.0
 10
148.3193781039866
 20
119.5544455855808
 30
0.0
 10
148.3193781039994
 20
119.2783032106631
 30
0.0
 10
148.5432357290945
 20
119.0544455855892
 30
0.0
 10
148.8193781040097
 20
119.0544455856026
 30
0.0
  0
LINE
  5
353
330
1F
100
AcDbEntity
  8
0
100
AcDbLine
 10
148.8193781040097
 20
119.0544455856026
 30
0.0
 11
161.8193781040095
 21
119.0544455861929
 31
0.0
  0
SPLINE
  5
354
330
1F
100
AcDbEntity
  8
0
100
AcDbSpline
210
0.0
220
0.0
230
1.0
 70
     8
 71
     3
 72
     8
 73
     4
 74
     0
 42
0.000000001
 43
0.0000000001
 40
-12.0
 40
-12.0
 40
-12.0
 40
-12.0
 40
-11.0
 40
-11.0
 40
-11.0
 40
-11.0
 10
161.8193781040095
 20
119.0544455861929
 30
0.0
 10
162.0955204789247
 20
119.0544455862061
 30
0.0
 10
162.3193781039999
 20
119.2783032113
 30
0.0
 10
162.3193781039871
 20
119.5544455862164
 30
0.0
  0
LINE
  5
355
330
1F
100
AcDbEntity
  8
0
100
AcDbLine
 10
162.3193781039871
 20
119.5544455862164
 30
0.0
 11
162.3193781033958
 21
132.5544455862162
 31
0.0
  0
SPLINE
  5
356
330
1F
100
AcDbEntity
  8
0
100
AcDbSpline
210
0.0
220
0.0
230
1.0
 70
     8
 71
     3
 72
     8
 73
     4
 74
     0
 42
0.000000001
 43
0.0000000001
 40
-10.0
 40
-10.0
 40
-10.0
 40
-10.0
 40
-9.0
 40
-9.0
 40
-9.0
 40
-9.0
 10
162.3193781033958
 20
132.5544455862162
 30
0.0
 10
162.3193781033842
 20
132.8305879611315
 30
0.0
 10
162.0955204782891
 20
133.0544455862053
 30
0.0
 10
161.819378103374
 20
133.0544455861932
 30
0.0
  0
LINE
  5
357
330
1F
100
AcDbEntity
  8
0
100
AcDbLine
 10
105.1693781039881
 20
119.5544455836188
 30
0.0
 11
105.1693781033977
 21
132.5544455836185
 31
0.0
  0
SPLINE
  5
358
330
1F
100
AcDbEntity
  8
0
100
AcDbSpline
210
0.0
220
0.0
230
1.0
 70
     8
 71
     3
 72
     8
 73
     4
 74
     0
 42
0.000000001
 43
0.0000000001
 40
-8.0
 40
-8.0
 40
-8.0
 40
-8.0
 40
-7.0
 40
-7.0
 40
-7.0
 40
-7.0
 10
105.1693781033977
 20
132.5544455836185
 30
0.0
 10
105.1693781033848
 20
132.8305879585337
 30
0.0
 10
104.9455204782895
 20
133.054445583609
 30
0.0
 10
104.6693781033745
 20
133.0544455835956
 30
0.0
  0
LINE
  5
359
330
1F
100
AcDbEntity
  8
0
100
AcDbLine
 10
104.6693781033745
 20
133.0544455835956
 30
0.0
 11
91.66937810337348
 21
133.0544455830042
 31
0.0
  0
SPLINE
  5
360
330
1F
100
AcDbEntity
  8
0
100
AcDbSpline
210
0.0
220
0.0
230
1.0
 70
     8
 71
     3
 72
     8
 73
     4
 74
     0
 42
0.000000001
 43
0.0000000001
 40
-14.0
 40
-14.0
 40
-14.0
 40
-14.0
 40
-13.0
 40
-13.0
 40
-13.0
 40
-13.0
 10
91.66937810337348
 20
133.0544455830042
 30
0.0
 10
91.39323572845951
 20
133.0544455829907
 30
0.0
 10
91.16937810338468
 20
132.8305879578969
 30
0.0
 10
91.16937810339768
 20
132.5544455829817
 30
0.0
  0
LINE
  5
361
330
1F
100
AcDbEntity
  8
0
100
AcDbLine
 10
91.16937810339768
 20
132.5544455829817
 30
0.0
 11
91.16937810398709
 21
119.554445582982
 31
0.0
  0
SPLINE
  5
362
330
1F
100
AcDbEntity
  8
0
100
AcDbSpline
210
0.0
220
0.0
230
1.0
 70
     8
 71
     3
 72
     8
 73
     4
 74
     0
 42
0.000000001
 43
0.0000000001
 40
-12.0
 40
-12.0
 40
-12.0
 40
-12.0
 40
-11.0
 40
-11.0
 40
-11.0
 40
-11.0
 10
91.16937810398709
 20
119.554445582982
 30
0.0
 10
91.16937810399997
 20
119.2783032080667
 30
0.0
 10
91.3932357290953
 20
119.0544455829915
 30
0.0
 10
91.66937810400927
 20
119.054445583005
 30
0.0
  0
LINE
  5
363
330
1F
100
AcDbEntity
  8
0
100
AcDbLine
 10
91.66937810400927
 20
119.054445583005
 30
0.0
 11
104.6693781040113
 21
119.054445583595
 31
0.0
  0
SPLINE
  5
364
330
1F
100
AcDbEntity
  8
0
100
AcDbSpline
210
0.0
220
0.0
230
1.0
 70
     8
 71
     3
 72
     8
 73
     4
 74
     0
 42
0.000000001
 43
0.0000000001
 40
-10.0
 40
-10.0
 40
-10.0
 40
-10.0
 40
-9.0
 40
-9.0
 40
-9.0
 40
-9.0
 10
104.6693781040113
 20
119.054445583595
 30
0.0
 10
104.9455204789262
 20
119.0544455836085
 30
0.0
 10
105.1693781040009
 20
119.2783032087036
 30
0.0
 10
105.1693781039881
 20
119.5544455836188
 30
0.0
  0
SPLINE
  5
365
330
1F
100
AcDbEntity
  8
0
100
AcDbSpline
210
0.0
220
0.0
230
1.0
 70
     8
 71
     3
 72
     8
 73
     4
 74
     0
 42
0.000000001
 43
0.0000000001
 40
-2.0
 40
-2.0
 40
-2.0
 40
-2.0
 40
-1.0
 40
-1.0
 40
-1.0
 40
-1.0
 10
186.9193781033733
 20
133.0544455873345
 30
0.0
 10
186.6432357284581
 20
133.0544455873223
 30
0.0
 10
186.4193781033828
 20
132.8305879622284
 30
0.0
 10
186.4193781033957
 20
132.5544455873121
 30
0.0
  0
LINE
  5
366
330
1F
100
AcDbEntity
  8
0
100
AcDbLine
 10
186.4193781033957
 20
132.5544455873121
 30
0.0
 11
186.419378103987
 21
119.5544455873135
 31
0.0
  0
SPLINE
  5
367
330
1F
100
AcDbEntity
  8
0
100
AcDbSpline
210
0.0
220
0.0
230
1.0
 70
     8
 71
     3
 72
     8
 73
     4
 74
     0
 42
0.000000001
 43
0.0000000001
 40
10.0
 40
10.0
 40
10.0
 40
10.0
 40
11.0
 40
11.0
 40
11.0
 40
11.0
 10
186.419378103987
 20
119.5544455873135
 30
0.0
 10
186.4193781039998
 20
119.2783032123983
 30
0.0
 10
186.6432357290936
 20
119.0544455873244
 30
0.0
 10
186.9193781040088
 20
119.0544455873365
 30
0.0
  0
LINE
  5
368
330
1F
100
AcDbEntity
  8
0
100
AcDbLine
 10
186.9193781040088
 20
119.0544455873365
 30
0.0
 11
199.9193781040086
 21
119.0544455879255
 31
0.0
  0
SPLINE
  5
369
330
1F
100
AcDbEntity
  8
0
100
AcDbSpline
210
0.0
220
0.0
230
1.0
 70
     8
 71
     3
 72
     8
 73
     4
 74
     0
 42
0.000000001
 43
0.0000000001
 40
12.0
 40
12.0
 40
12.0
 40
12.0
 40
13.0
 40
13.0
 40
13.0
 40
13.0
 10
199.9193781040086
 20
119.0544455879255
 30
0.0
 10
200.1955204789251
 20
119.0544455879375
 30
0.0
 10
200.4193781040003
 20
119.278303213034
 30
0.0
 10
200.4193781039875
 20
119.5544455879504
 30
0.0
  0
LINE
  5
370
330
1F
100
AcDbEntity
  8
0
100
AcDbLine
 10
200.4193781039875
 20
119.5544455879504
 30
0.0
 11
200.4193781033962
 21
132.5544455879501
 31
0.0
  0
SPLINE
  5
371
330
1F
100
AcDbEntity
  8
0
100
AcDbSpline
210
0.0
220
0.0
230
1.0
 70
     8
 71
     3
 72
     8
 73
     4
 74
     0
 42
0.000000001
 43
0.0000000001
 40
14.0
 40
14.0
 40
14.0
 40
14.0
 40
15.0
 40
15.0
 40
15.0
 40
15.0
 10
200.4193781033962
 20
132.5544455879501
 30
0.0
 10
200.4193781033833
 20
132.8305879628654
 30
0.0
 10
200.1955204782881
 20
133.0544455879392
 30
0.0
 10
199.9193781033731
 20
133.0544455879271
 30
0.0
  0
LINE
  5
372
330
1F
100
AcDbEntity
  8
0
100
AcDbLine
 10
199.9193781033731
 20
133.0544455879271
 30
0.0
 11
186.9193781033733
 21
133.0544455873345
 31
0.0
  0
SPLINE
  5
373
330
1F
100
AcDbEntity
  8
0
100
AcDbSpline
210
0.0
220
0.0
230
1.0
 70
     8
 71
     3
 72
     8
 73
     4
 74
     0
 42
0.000000001
 43
0.0000000001
 40
-9.0
 40
-9.0
 40
-9.0
 40
-9.0
 40
-8.0
 40
-8.0
 40
-8.0
 40
-8.0
 10
80.85687810401129
 20
119.0544455825125
 30
0.0
 10
81.13302047892629
 20
119.0544455825246
 30
0.0
 10
81.35687810400099
 20
119.2783032076198
 30
0.0
 10
81.3568781039881
 20
119.5544455825349
 30
0.0
  0
LINE
  5
374
330
1F
100
AcDbEntity
  8
0
100
AcDbLine
 10
81.3568781039881
 20
119.5544455825349
 30
0.0
 11
81.35687810339769
 21
132.5544455825347
 31
0.0
  0
SPLINE
  5
375
330
1F
100
AcDbEntity
  8
0
100
AcDbSpline
210
0.0
220
0.0
230
1.0
 70
     8
 71
     3
 72
     8
 73
     4
 74
     0
 42
0.000000001
 43
0.0000000001
 40
-15.0
 40
-15.0
 40
-15.0
 40
-15.0
 40
-14.0
 40
-14.0
 40
-14.0
 40
-14.0
 10
81.35687810339769
 20
132.5544455825347
 30
0.0
 10
81.35687810338467
 20
132.8305879574499
 30
0.0
 10
81.13302047829149
 20
133.0544455825252
 30
0.0
 10
80.8568781033745
 20
133.054445582513
 30
0.0
  0
LINE
  5
376
330
1F
100
AcDbEntity
  8
0
100
AcDbLine
 10
80.8568781033745
 20
133.054445582513
 30
0.0
 11
67.85687810337449
 21
133.0544455819216
 31
0.0
  0
SPLINE
  5
377
330
1F
100
AcDbEntity
  8
0
100
AcDbSpline
210
0.0
220
0.0
230
1.0
 70
     8
 71
     3
 72
     8
 73
     4
 74
     0
 42
0.000000001
 43
0.0000000001
 40
-13.0
 40
-13.0
 40
-13.0
 40
-13.0
 40
-12.0
 40
-12.0
 40
-12.0
 40
-12.0
 10
67.85687810337449
 20
133.0544455819216
 30
0.0
 10
67.5807357284595
 20
133.0544455819095
 30
0.0
 10
67.35687810338379
 20
132.8305879568142
 30
0.0
 10
67.35687810339666
 20
132.5544455818992
 30
0.0
  0
LINE
  5
378
330
1F
100
AcDbEntity
  8
0
100
AcDbLine
 10
67.35687810339666
 20
132.5544455818992
 30
0.0
 11
67.35687810398809
 21
119.5544455818993
 31
0.0
  0
SPLINE
  5
379
330
1F
100
AcDbEntity
  8
0
100
AcDbSpline
210
0.0
220
0.0
230
1.0
 70
     8
 71
     3
 72
     8
 73
     4
 74
     0
 42
0.000000001
 43
0.0000000001
 40
-11.0
 40
-11.0
 40
-11.0
 40
-11.0
 40
-10.0
 40
-10.0
 40
-10.0
 40
-10.0
 10
67.35687810398809
 20
119.5544455818993
 30
0.0
 10
67.356878104001
 20
119.2783032069842
 30
0.0
 10
67.58073572909518
 20
119.054445581909
 30
0.0
 10
67.85687810401128
 20
119.0544455819211
 30
0.0
  0
LINE
  5
380
330
1F
100
AcDbEntity
  8
0
100
AcDbLine
 10
67.85687810401128
 20
119.054445581921
 30
0.0
 11
80.85687810401129
 21
119.0544455825125
 31
0.0
  0
LINE
  5
381
330
1F
100
AcDbEntity
  8
0
100
AcDbLine
 10
282.1693781040088
 20
119.0544455916668
 30
0.0
 11
295.1693781040069
 21
119.0544455922581
 31
0.0
  0
SPLINE
  5
382
330
1F
100
AcDbEntity
  8
0
100
AcDbSpline
210
0.0
220
0.0
230
1.0
 70
     8
 71
     3
 72
     8
 73
     4
 74
     0
 42
0.000000001
 43
0.0000000001
 40
-8.0
 40
-8.0
 40
-8.0
 40
-8.0
 40
-7.0
 40
-7.0
 40
-7.0
 40
-7.0
 10
295.1693781040069
 20
119.0544455922581
 30
0.0
 10
295.4455204789239
 20
119.0544455922704
 30
0.0
 10
295.6693781039966
 20
119.2783032173655
 30
0.0
 10
295.6693781039856
 20
119.554445592282
 30
0.0
  0
LINE
  5
383
330
1F
100
AcDbEntity
  8
0
100
AcDbLine
 10
295.6693781039856
 20
119.554445592282
 30
0.0
 11
295.6693781033942
 21
132.5544455922804
 31
0.0
  0
SPLINE
  5
384
330
1F
100
AcDbEntity
  8
0
100
AcDbSpline
210
0.0
220
0.0
230
1.0
 70
     8
 71
     3
 72
     8
 73
     4
 74
     0
 42
0.000000001
 43
0.0000000001
 40
-14.0
 40
-14.0
 40
-14.0
 40
-14.0
 40
-13.0
 40
-13.0
 40
-13.0
 40
-13.0
 10
295.6693781033942
 20
132.5544455922804
 30
0.0
 10
295.6693781033823
 20
132.8305879671956
 30
0.0
 10
295.4455204782871
 20
133.0544455922683
 30
0.0
 10
295.1693781033721
 20
133.0544455922561
 30
0.0
  0
LINE
  5
385
330
1F
100
AcDbEntity
  8
0
100
AcDbLine
 10
295.1693781033721
 20
133.0544455922561
 30
0.0
 11
282.1693781033731
 21
133.054445591666
 31
0.0
  0
SPLINE
  5
386
330
1F
100
AcDbEntity
  8
0
100
AcDbSpline
210
0.0
220
0.0
230
1.0
 70
     8
 71
     3
 72
     8
 73
     4
 74
     0
 42
0.000000001
 43
0.0000000001
 40
-12.0
 40
-12.0
 40
-12.0
 40
-12.0
 40
-11.0
 40
-11.0
 40
-11.0
 40
-11.0
 10
282.1693781033731
 20
133.054445591666
 30
0.0
 10
281.8932357284571
 20
133.0544455916539
 30
0.0
 10
281.6693781033814
 20
132.8305879665587
 30
0.0
 10
281.6693781033953
 20
132.5544455916436
 30
0.0
  0
LINE
  5
387
330
1F
100
AcDbEntity
  8
0
100
AcDbLine
 10
281.6693781033953
 20
132.5544455916436
 30
0.0
 11
281.6693781039846
 21
119.5544455916438
 31
0.0
  0
SPLINE
  5
388
330
1F
100
AcDbEntity
  8
0
100
AcDbSpline
210
0.0
220
0.0
230
1.0
 70
     8
 71
     3
 72
     8
 73
     4
 74
     0
 42
0.000000001
 43
0.0000000001
 40
-10.0
 40
-10.0
 40
-10.0
 40
-10.0
 40
-9.0
 40
-9.0
 40
-9.0
 40
-9.0
 10
281.6693781039846
 20
119.5544455916438
 30
0.0
 10
281.6693781039976
 20
119.2783032167286
 30
0.0
 10
281.8932357290938
 20
119.0544455916535
 30
0.0
 10
282.1693781040088
 20
119.0544455916668
 30
0.0
  0
LINE
  5
389
330
1F
100
AcDbEntity
  8
0
100
AcDbLine
 10
238.0193781033731
 20
133.0544455896597
 30
0.0
 11
225.0193781033723
 21
133.0544455890671
 31
0.0
  0
SPLINE
  5
390
330
1F
100
AcDbEntity
  8
0
100
AcDbSpline
210
0.0
220
0.0
230
1.0
 70
     8
 71
     3
 72
     8
 73
     4
 74
     0
 42
0.000000001
 43
0.0000000001
 40
-8.0
 40
-8.0
 40
-8.0
 40
-8.0
 40
-7.0
 40
-7.0
 40
-7.0
 40
-7.0
 10
225.0193781033723
 20
133.0544455890671
 30
0.0
 10
224.7432357284572
 20
133.0544455890536
 30
0.0
 10
224.5193781033832
 20
132.8305879639598
 30
0.0
 10
224.5193781033961
 20
132.5544455890459
 30
0.0
  0
LINE
  5
391
330
1F
100
AcDbEntity
  8
0
100
AcDbLine
 10
224.5193781033961
 20
132.5544455890459
 30
0.0
 11
224.5193781039855
 21
119.5544455890461
 31
0.0
  0
SPLINE
  5
392
330
1F
100
AcDbEntity
  8
0
100
AcDbSpline
210
0.0
220
0.0
230
1.0
 70
     8
 71
     3
 72
     8
 73
     4
 74
     0
 42
0.000000001
 43
0.0000000001
 40
-14.0
 40
-14.0
 40
-14.0
 40
-14.0
 40
-13.0
 40
-13.0
 40
-13.0
 40
-13.0
 10
224.5193781039855
 20
119.5544455890461
 30
0.0
 10
224.5193781039983
 20
119.2783032141309
 30
0.0
 10
224.7432357290934
 20
119.054445589057
 30
0.0
 10
225.0193781040079
 20
119.0544455890692
 30
0.0
  0
LINE
  5
393
330
1F
100
AcDbEntity
  8
0
100
AcDbLine
 10
225.0193781040079
 20
119.0544455890692
 30
0.0
 11
238.01937810401
 21
119.0544455896605
 31
0.0
  0
SPLINE
  5
394
330
1F
100
AcDbEntity
  8
0
100
AcDbSpline
210
0.0
220
0.0
230
1.0
 70
     8
 71
     3
 72
     8
 73
     4
 74
     0
 42
0.000000001
 43
0.0000000001
 40
-12.0
 40
-12.0
 40
-12.0
 40
-12.0
 40
-11.0
 40
-11.0
 40
-11.0
 40
-11.0
 10
238.01937810401
 20
119.0544455896605
 30
0.0
 10
238.2955204789251
 20
119.0544455896727
 30
0.0
 10
238.5193781039991
 20
119.2783032147678
 30
0.0
 10
238.5193781039869
 20
119.554445589683
 30
0.0
  0
LINE
  5
395
330
1F
100
AcDbEntity
  8
0
100
AcDbLine
 10
238.5193781039869
 20
119.554445589683
 30
0.0
 11
238.5193781033969
 21
132.5544455896815
 31
0.0
  0
SPLINE
  5
396
330
1F
100
AcDbEntity
  8
0
100
AcDbSpline
210
0.0
220
0.0
230
1.0
 70
     8
 71
     3
 72
     8
 73
     4
 74
     0
 42
0.000000001
 43
0.0000000001
 40
-10.0
 40
-10.0
 40
-10.0
 40
-10.0
 40
-9.0
 40
-9.0
 40
-9.0
 40
-9.0
 10
238.5193781033969
 20
132.5544455896815
 30
0.0
 10
238.5193781033834
 20
132.8305879645966
 30
0.0
 10
238.2955204782883
 20
133.0544455896719
 30
0.0
 10
238.0193781033731
 20
133.0544455896597
 30
0.0
  0
LINE
  5
397
330
1F
100
AcDbEntity
  8
0
100
AcDbLine
 10
142.7693781033738
 20
133.0544455853282
 30
0.0
 11
129.7693781033738
 21
133.0544455847368
 31
0.0
  0
SPLINE
  5
398
330
1F
100
AcDbEntity
  8
0
100
AcDbSpline
210
0.0
220
0.0
230
1.0
 70
     8
 71
     3
 72
     8
 73
     4
 74
     0
 42
0.000000001
 43
0.0000000001
 40
-8.0
 40
-8.0
 40
-8.0
 40
-8.0
 40
-7.0
 40
-7.0
 40
-7.0
 40
-7.0
 10
129.7693781033738
 20
133.0544455847368
 30
0.0
 10
129.4932357284588
 20
133.0544455847234
 30
0.0
 10
129.2693781033836
 20
132.8305879596295
 30
0.0
 10
129.2693781033964
 20
132.5544455847144
 30
0.0
  0
LINE
  5
399
330
1F
100
AcDbEntity
  8
0
100
AcDbLine
 10
129.2693781033964
 20
132.5544455847144
 30
0.0
 11
129.2693781039871
 21
119.5544455847133
 31
0.0
  0
SPLINE
  5
400
330
1F
100
AcDbEntity
  8
0
100
AcDbSpline
210
0.0
220
0.0
230
1.0
 70
     8
 71
     3
 72
     8
 73
     4
 74
     0
 42
0.000000001
 43
0.0000000001
 40
-14.0
 40
-14.0
 40
-14.0
 40
-14.0
 40
-13.0
 40
-13.0
 40
-13.0
 40
-13.0
 10
129.2693781039871
 20
119.5544455847133
 30
0.0
 10
129.2693781039998
 20
119.2783032097981
 30
0.0
 10
129.4932357290943
 20
119.0544455847229
 30
0.0
 10
129.7693781040095
 20
119.0544455847363
 30
0.0
  0
LINE
  5
401
330
1F
100
AcDbEntity
  8
0
100
AcDbLine
 10
129.7693781040095
 20
119.0544455847363
 30
0.0
 11
142.7693781040106
 21
119.0544455853264
 31
0.0
  0
SPLINE
  5
402
330
1F
100
AcDbEntity
  8
0
100
AcDbSpline
210
0.0
220
0.0
230
1.0
 70
     8
 71
     3
 72
     8
 73
     4
 74
     0
 42
0.000000001
 43
0.0000000001
 40
-12.0
 40
-12.0
 40
-12.0
 40
-12.0
 40
-11.0
 40
-11.0
 40
-11.0
 40
-11.0
 10
142.7693781040106
 20
119.0544455853264
 30
0.0
 10
143.0455204789258
 20
119.0544455853399
 30
0.0
 10
143.269378104001
 20
119.278303210435
 30
0.0
 10
143.2693781039882
 20
119.5544455853501
 30
0.0
  0
LINE
  5
403
330
1F
100
AcDbEntity
  8
0
100
AcDbLine
 10
143.2693781039882
 20
119.5544455853501
 30
0.0
 11
143.2693781033969
 21
132.5544455853499
 31
0.0
  0
SPLINE
  5
404
330
1F
100
AcDbEntity
  8
0
100
AcDbSpline
210
0.0
220
0.0
230
1.0
 70
     8
 71
     3
 72
     8
 73
     4
 74
     0
 42
0.000000001
 43
0.0000000001
 40
-10.0
 40
-10.0
 40
-10.0
 40
-10.0
 40
-9.0
 40
-9.0
 40
-9.0
 40
-9.0
 10
143.2693781033969
 20
132.5544455853499
 30
0.0
 10
143.269378103384
 20
132.8305879602651
 30
0.0
 10
143.0455204782889
 20
133.0544455853404
 30
0.0
 10
142.7693781033738
 20
133.0544455853282
 30
0.0
  0
LINE
  5
405
330
1F
100
AcDbEntity
  8
0
100
AcDbLine
 10
243.5693781033946
 20
132.5544455899109
 30
0.0
 11
243.569378103986
 21
119.5544455899124
 31
0.0
  0
SPLINE
  5
406
330
1F
100
AcDbEntity
  8
0
100
AcDbSpline
210
0.0
220
0.0
230
1.0
 70
     8
 71
     3
 72
     8
 73
     4
 74
     0
 42
0.000000001
 43
0.0000000001
 40
-8.0
 40
-8.0
 40
-8.0
 40
-8.0
 40
-7.0
 40
-7.0
 40
-7.0
 40
-7.0
 10
243.569378103986
 20
119.5544455899124
 30
0.0
 10
243.5693781039982
 20
119.2783032149973
 30
0.0
 10
243.7932357290933
 20
119.054445589922
 30
0.0
 10
244.0693781040084
 20
119.0544455899354
 30
0.0
  0
LINE
  5
407
330
1F
100
AcDbEntity
  8
0
100
AcDbLine
 10
244.0693781040084
 20
119.0544455899354
 30
0.0
 11
257.0693781040083
 21
119.0544455905256
 31
0.0
  0
SPLINE
  5
408
330
1F
100
AcDbEntity
  8
0
100
AcDbSpline
210
0.0
220
0.0
230
1.0
 70
     8
 71
     3
 72
     8
 73
     4
 74
     0
 42
0.000000001
 43
0.0000000001
 40
-14.0
 40
-14.0
 40
-14.0
 40
-14.0
 40
-13.0
 40
-13.0
 40
-13.0
 40
-13.0
 10
257.0693781040083
 20
119.0544455905256
 30
0.0
 10
257.3455204789247
 20
119.0544455905377
 30
0.0
 10
257.5693781039987
 20
119.2783032156329
 30
0.0
 10
257.5693781039865
 20
119.5544455905479
 30
0.0
  0
LINE
  5
409
330
1F
100
AcDbEntity
  8
0
100
AcDbLine
 10
257.5693781039865
 20
119.5544455905479
 30
0.0
 11
257.5693781033951
 21
132.5544455905479
 31
0.0
  0
SPLINE
  5
410
330
1F
100
AcDbEntity
  8
0
100
AcDbSpline
210
0.0
220
0.0
230
1.0
 70
     8
 71
     3
 72
     8
 73
     4
 74
     0
 42
0.000000001
 43
0.0000000001
 40
-12.0
 40
-12.0
 40
-12.0
 40
-12.0
 40
-11.0
 40
-11.0
 40
-11.0
 40
-11.0
 10
257.5693781033951
 20
132.5544455905479
 30
0.0
 10
257.569378103383
 20
132.830587965463
 30
0.0
 10
257.3455204782878
 20
133.054445590537
 30
0.0
 10
257.0693781033727
 20
133.0544455905248
 30
0.0
  0
LINE
  5
411
330
1F
100
AcDbEntity
  8
0
100
AcDbLine
 10
257.0693781033727
 20
133.0544455905248
 30
0.0
 11
244.0693781033716
 21
133.0544455899334
 31
0.0
  0
SPLINE
  5
412
330
1F
100
AcDbEntity
  8
0
100
AcDbSpline
210
0.0
220
0.0
230
1.0
 70
     8
 71
     3
 72
     8
 73
     4
 74
     0
 42
0.000000001
 43
0.0000000001
 40
-10.0
 40
-10.0
 40
-10.0
 40
-10.0
 40
-9.0
 40
-9.0
 40
-9.0
 40
-9.0
 10
244.0693781033716
 20
133.0544455899334
 30
0.0
 10
243.7932357284564
 20
133.0544455899212
 30
0.0
 10
243.5693781033825
 20
132.8305879648248
 30
0.0
 10
243.5693781033946
 20
132.5544455899109
 30
0.0
  0
LINE
  5
413
330
1F
100
AcDbEntity
  8
0
100
AcDbLine
 10
218.9693781033726
 20
133.0544455887934
 30
0.0
 11
205.9693781033715
 21
133.0544455882007
 31
0.0
  0
SPLINE
  5
414
330
1F
100
AcDbEntity
  8
0
100
AcDbSpline
210
0.0
220
0.0
230
1.0
 70
     8
 71
     3
 72
     8
 73
     4
 74
     0
 42
0.000000001
 43
0.0000000001
 40
-8.0
 40
-8.0
 40
-8.0
 40
-8.0
 40
-7.0
 40
-7.0
 40
-7.0
 40
-7.0
 10
205.9693781033715
 20
133.0544455882007
 30
0.0
 10
205.693235728457
 20
133.0544455881873
 30
0.0
 10
205.469378103383
 20
132.8305879630935
 30
0.0
 10
205.4693781033958
 20
132.5544455881783
 30
0.0
  0
LINE
  5
415
330
1F
100
AcDbEntity
  8
0
100
AcDbLine
 10
205.4693781033958
 20
132.5544455881783
 30
0.0
 11
205.4693781039872
 21
119.5544455881799
 31
0.0
  0
SPLINE
  5
416
330
1F
100
AcDbEntity
  8
0
100
AcDbSpline
210
0.0
220
0.0
230
1.0
 70
     8
 71
     3
 72
     8
 73
     4
 74
     0
 42
0.000000001
 43
0.0000000001
 40
-14.0
 40
-14.0
 40
-14.0
 40
-14.0
 40
-13.0
 40
-13.0
 40
-13.0
 40
-13.0
 10
205.4693781039872
 20
119.5544455881799
 30
0.0
 10
205.4693781039981
 20
119.2783032132646
 30
0.0
 10
205.6932357290938
 20
119.0544455881894
 30
0.0
 10
205.9693781040091
 20
119.0544455882028
 30
0.0
  0
LINE
  5
417
330
1F
100
AcDbEntity
  8
0
100
AcDbLine
 10
205.9693781040091
 20
119.0544455882028
 30
0.0
 11
218.9693781040082
 21
119.054445588793
 31
0.0
  0
SPLINE
  5
418
330
1F
100
AcDbEntity
  8
0
100
AcDbSpline
210
0.0
220
0.0
230
1.0
 70
     8
 71
     3
 72
     8
 73
     4
 74
     0
 42
0.000000001
 43
0.0000000001
 40
-12.0
 40
-12.0
 40
-12.0
 40
-12.0
 40
-11.0
 40
-11.0
 40
-11.0
 40
-11.0
 10
218.9693781040082
 20
119.054445588793
 30
0.0
 10
219.245520478924
 20
119.054445588805
 30
0.0
 10
219.4693781039986
 20
119.2783032139003
 30
0.0
 10
219.4693781039859
 20
119.5544455888153
 30
0.0
  0
LINE
  5
419
330
1F
100
AcDbEntity
  8
0
100
AcDbLine
 10
219.4693781039859
 20
119.5544455888153
 30
0.0
 11
219.4693781033957
 21
132.5544455888165
 31
0.0
  0
SPLINE
  5
420
330
1F
100
AcDbEntity
  8
0
100
AcDbSpline
210
0.0
220
0.0
230
1.0
 70
     8
 71
     3
 72
     8
 73
     4
 74
     0
 42
0.000000001
 43
0.0000000001
 40
-10.0
 40
-10.0
 40
-10.0
 40
-10.0
 40
-9.0
 40
-9.0
 40
-9.0
 40
-9.0
 10
219.4693781033957
 20
132.5544455888165
 30
0.0
 10
219.4693781033829
 20
132.8305879637317
 30
0.0
 10
219.2455204782884
 20
133.0544455888055
 30
0.0
 10
218.9693781033726
 20
133.0544455887934
 30
0.0
  0
LINE
  5
421
330
1F
100
AcDbEntity
  8
0
100
AcDbLine
 10
147.5318781042398
 20
114.0044455855391
 30
0.0
 11
134.5318781042412
 21
114.0044455849489
 31
0.0
  0
SPLINE
  5
422
330
1F
100
AcDbEntity
  8
0
100
AcDbSpline
210
0.0
220
0.0
230
1.0
 70
     8
 71
     3
 72
     8
 73
     4
 74
     0
 42
0.000000001
 43
0.0000000001
 40
-8.0
 40
-8.0
 40
-8.0
 40
-8.0
 40
-7.0
 40
-7.0
 40
-7.0
 40
-7.0
 10
134.5318781042412
 20
114.0044455849489
 30
0.0
 10
134.2557357293261
 20
114.0044455849355
 30
0.0
 10
134.0318781042508
 20
113.7805879598404
 30
0.0
 10
134.0318781042636
 20
113.5044455849252
 30
0.0
  0
LINE
  5
423
330
1F
100
AcDbEntity
  8
0
100
AcDbLine
 10
134.0318781042636
 20
113.5044455849252
 30
0.0
 11
134.0318781048551
 21
100.5044455849267
 31
0.0
  0
SPLINE
  5
424
330
1F
100
AcDbEntity
  8
0
100
AcDbSpline
210
0.0
220
0.0
230
1.0
 70
     8
 71
     3
 72
     8
 73
     4
 74
     0
 42
0.000000001
 43
0.0000000001
 40
-14.0
 40
-14.0
 40
-14.0
 40
-14.0
 40
-13.0
 40
-13.0
 40
-13.0
 40
-13.0
 10
134.0318781048551
 20
100.5044455849267
 30
0.0
 10
134.0318781048672
 20
100.2283032100115
 30
0.0
 10
134.2557357299616
 20
100.0044455849364
 30
0.0
 10
134.5318781048769
 20
100.0044455849497
 30
0.0
  0
LINE
  5
425
330
1F
100
AcDbEntity
  8
0
100
AcDbLine
 10
134.5318781048769
 20
100.0044455849497
 30
0.0
 11
147.5318781048767
 21
100.0044455855399
 31
0.0
  0
SPLINE
  5
426
330
1F
100
AcDbEntity
  8
0
100
AcDbSpline
210
0.0
220
0.0
230
1.0
 70
     8
 71
     3
 72
     8
 73
     4
 74
     0
 42
0.000000001
 43
0.0000000001
 40
-12.0
 40
-12.0
 40
-12.0
 40
-12.0
 40
-11.0
 40
-11.0
 40
-11.0
 40
-11.0
 10
147.5318781048767
 20
100.0044455855399
 30
0.0
 10
147.8080204797919
 20
100.004445585552
 30
0.0
 10
148.0318781048664
 20
100.2283032106471
 30
0.0
 10
148.0318781048543
 20
100.5044455855623
 30
0.0
  0
LINE
  5
427
330
1F
100
AcDbEntity
  8
0
100
AcDbLine
 10
148.0318781048543
 20
100.5044455855623
 30
0.0
 11
148.0318781042629
 21
113.5044455855621
 31
0.0
  0
SPLINE
  5
428
330
1F
100
AcDbEntity
  8
0
100
AcDbSpline
210
0.0
220
0.0
230
1.0
 70
     8
 71
     3
 72
     8
 73
     4
 74
     0
 42
0.000000001
 43
0.0000000001
 40
-10.0
 40
-10.0
 40
-10.0
 40
-10.0
 40
-9.0
 40
-9.0
 40
-9.0
 40
-9.0
 10
148.0318781042629
 20
113.5044455855621
 30
0.0
 10
148.03187810425
 20
113.7805879604773
 30
0.0
 10
147.8080204791549
 20
114.0044455855513
 30
0.0
 10
147.5318781042398
 20
114.0044455855391
 30
0.0
  0
LINE
  5
429
330
1F
100
AcDbEntity
  8
0
100
AcDbLine
 10
248.8318781048764
 20
100.004445590145
 30
0.0
 11
261.8318781048752
 21
100.0044455907364
 31
0.0
  0
SPLINE
  5
430
330
1F
100
AcDbEntity
  8
0
100
AcDbSpline
210
0.0
220
0.0
230
1.0
 70
     8
 71
     3
 72
     8
 73
     4
 74
     0
 42
0.000000001
 43
0.0000000001
 40
-8.0
 40
-8.0
 40
-8.0
 40
-8.0
 40
-7.0
 40
-7.0
 40
-7.0
 40
-7.0
 10
261.8318781048752
 20
100.0044455907364
 30
0.0
 10
262.1080204797902
 20
100.0044455907486
 30
0.0
 10
262.3318781048639
 20
100.2283032158437
 30
0.0
 10
262.331878104852
 20
100.5044455907589
 30
0.0
  0
LINE
  5
431
330
1F
100
AcDbEntity
  8
0
100
AcDbLine
 10
262.331878104852
 20
100.5044455907589
 30
0.0
 11
262.3318781042606
 21
113.50444559076
 31
0.0
  0
SPLINE
  5
432
330
1F
100
AcDbEntity
  8
0
100
AcDbSpline
210
0.0
220
0.0
230
1.0
 70
     8
 71
     3
 72
     8
 73
     4
 74
     0
 42
0.000000001
 43
0.0000000001
 40
-14.0
 40
-14.0
 40
-14.0
 40
-14.0
 40
-13.0
 40
-13.0
 40
-13.0
 40
-13.0
 10
262.3318781042606
 20
113.50444559076
 30
0.0
 10
262.3318781042477
 20
113.7805879656751
 30
0.0
 10
262.1080204791534
 20
114.0044455907491
 30
0.0
 10
261.8318781042384
 20
114.0044455907369
 30
0.0
  0
LINE
  5
433
330
1F
100
AcDbEntity
  8
0
100
AcDbLine
 10
261.8318781042384
 20
114.0044455907369
 30
0.0
 11
248.8318781042395
 21
114.0044455901443
 31
0.0
  0
SPLINE
  5
434
330
1F
100
AcDbEntity
  8
0
100
AcDbSpline
210
0.0
220
0.0
230
1.0
 70
     8
 71
     3
 72
     8
 73
     4
 74
     0
 42
0.000000001
 43
0.0000000001
 40
-12.0
 40
-12.0
 40
-12.0
 40
-12.0
 40
-11.0
 40
-11.0
 40
-11.0
 40
-11.0
 10
248.8318781042395
 20
114.0044455901443
 30
0.0
 10
248.5557357293231
 20
114.0044455901321
 30
0.0
 10
248.3318781042492
 20
113.780587965037
 30
0.0
 10
248.3318781042613
 20
113.504445590122
 30
0.0
  0
LINE
  5
435
330
1F
100
AcDbEntity
  8
0
100
AcDbLine
 10
248.3318781042613
 20
113.504445590122
 30
0.0
 11
248.3318781048527
 21
100.5044455901234
 31
0.0
  0
SPLINE
  5
436
330
1F
100
AcDbEntity
  8
0
100
AcDbSpline
210
0.0
220
0.0
230
1.0
 70
     8
 71
     3
 72
     8
 73
     4
 74
     0
 42
0.000000001
 43
0.0000000001
 40
-10.0
 40
-10.0
 40
-10.0
 40
-10.0
 40
-9.0
 40
-9.0
 40
-9.0
 40
-9.0
 10
248.3318781048527
 20
100.5044455901234
 30
0.0
 10
248.3318781048649
 20
100.2283032152069
 30
0.0
 10
248.55573572996
 20
100.0044455901329
 30
0.0
 10
248.8318781048764
 20
100.004445590145
 30
0.0
  0
LINE
  5
437
330
1F
100
AcDbEntity
  8
0
100
AcDbLine
 10
153.5818781048771
 20
100.0044455858148
 30
0.0
 11
166.5818781048755
 21
100.0044455864049
 31
0.0
  0
SPLINE
  5
438
330
1F
100
AcDbEntity
  8
0
100
AcDbSpline
210
0.0
220
0.0
230
1.0
 70
     8
 71
     3
 72
     8
 73
     4
 74
     0
 42
0.000000001
 43
0.0000000001
 40
-8.0
 40
-8.0
 40
-8.0
 40
-8.0
 40
-7.0
 40
-7.0
 40
-7.0
 40
-7.0
 10
166.5818781048755
 20
100.0044455864049
 30
0.0
 10
166.858020479792
 20
100.0044455864183
 30
0.0
 10
167.0818781048653
 20
100.2283032115134
 30
0.0
 10
167.0818781048531
 20
100.5044455864286
 30
0.0
  0
LINE
  5
439
330
1F
100
AcDbEntity
  8
0
100
AcDbLine
 10
167.0818781048531
 20
100.5044455864286
 30
0.0
 11
167.0818781042618
 21
113.5044455864284
 31
0.0
  0
SPLINE
  5
440
330
1F
100
AcDbEntity
  8
0
100
AcDbSpline
210
0.0
220
0.0
230
1.0
 70
     8
 71
     3
 72
     8
 73
     4
 74
     0
 42
0.000000001
 43
0.0000000001
 40
-14.0
 40
-14.0
 40
-14.0
 40
-14.0
 40
-13.0
 40
-13.0
 40
-13.0
 40
-13.0
 10
167.0818781042618
 20
113.5044455864284
 30
0.0
 10
167.081878104249
 20
113.7805879613436
 30
0.0
 10
166.8580204791551
 20
114.0044455864187
 30
0.0
 10
166.58187810424
 20
114.0044455864055
 30
0.0
  0
LINE
  5
441
330
1F
100
AcDbEntity
  8
0
100
AcDbLine
 10
166.58187810424
 20
114.0044455864055
 30
0.0
 11
153.5818781042402
 21
114.004445585814
 31
0.0
  0
SPLINE
  5
442
330
1F
100
AcDbEntity
  8
0
100
AcDbSpline
210
0.0
220
0.0
230
1.0
 70
     8
 71
     3
 72
     8
 73
     4
 74
     0
 42
0.000000001
 43
0.0000000001
 40
-12.0
 40
-12.0
 40
-12.0
 40
-12.0
 40
-11.0
 40
-11.0
 40
-11.0
 40
-11.0
 10
153.5818781042402
 20
114.004445585814
 30
0.0
 10
153.305735729325
 20
114.0044455858019
 30
0.0
 10
153.081878104251
 20
113.7805879607067
 30
0.0
 10
153.0818781042639
 20
113.5044455857916
 30
0.0
  0
LINE
  5
443
330
1F
100
AcDbEntity
  8
0
100
AcDbLine
 10
153.0818781042639
 20
113.5044455857916
 30
0.0
 11
153.0818781048539
 21
100.504445585793
 31
0.0
  0
SPLINE
  5
444
330
1F
100
AcDbEntity
  8
0
100
AcDbSpline
210
0.0
220
0.0
230
1.0
 70
     8
 71
     3
 72
     8
 73
     4
 74
     0
 42
0.000000001
 43
0.0000000001
 40
-10.0
 40
-10.0
 40
-10.0
 40
-10.0
 40
-9.0
 40
-9.0
 40
-9.0
 40
-9.0
 10
153.0818781048539
 20
100.504445585793
 30
0.0
 10
153.0818781048661
 20
100.228303210878
 30
0.0
 10
153.3057357299619
 20
100.0044455858027
 30
0.0
 10
153.5818781048771
 20
100.0044455858148
 30
0.0
  0
LINE
  5
445
330
1F
100
AcDbEntity
  8
0
100
AcDbLine
 10
128.4818781042396
 20
114.0044455846741
 30
0.0
 11
115.4818781042409
 21
114.0044455840814
 31
0.0
  0
SPLINE
  5
446
330
1F
100
AcDbEntity
  8
0
100
AcDbSpline
210
0.0
220
0.0
230
1.0
 70
     8
 71
     3
 72
     8
 73
     4
 74
     0
 42
0.000000001
 43
0.0000000001
 40
-8.0
 40
-8.0
 40
-8.0
 40
-8.0
 40
-7.0
 40
-7.0
 40
-7.0
 40
-7.0
 10
115.4818781042409
 20
114.0044455840814
 30
0.0
 10
115.2057357293259
 20
114.0044455840692
 30
0.0
 10
114.9818781042501
 20
113.7805879589741
 30
0.0
 10
114.9818781042631
 20
113.5044455840589
 30
0.0
  0
LINE
  5
447
330
1F
100
AcDbEntity
  8
0
100
AcDbLine
 10
114.9818781042631
 20
113.5044455840589
 30
0.0
 11
114.9818781048544
 21
100.5044455840591
 31
0.0
  0
SPLINE
  5
448
330
1F
100
AcDbEntity
  8
0
100
AcDbSpline
210
0.0
220
0.0
230
1.0
 70
     8
 71
     3
 72
     8
 73
     4
 74
     0
 42
0.000000001
 43
0.0000000001
 40
-14.0
 40
-14.0
 40
-14.0
 40
-14.0
 40
-13.0
 40
-13.0
 40
-13.0
 40
-13.0
 10
114.9818781048544
 20
100.5044455840591
 30
0.0
 10
114.9818781048673
 20
100.2283032091439
 30
0.0
 10
115.2057357299616
 20
100.00444558407
 30
0.0
 10
115.4818781048775
 20
100.0044455840822
 30
0.0
  0
LINE
  5
449
330
1F
100
AcDbEntity
  8
0
100
AcDbLine
 10
115.4818781048775
 20
100.0044455840822
 30
0.0
 11
128.4818781048765
 21
100.0044455846736
 31
0.0
  0
SPLINE
  5
450
330
1F
100
AcDbEntity
  8
0
100
AcDbSpline
210
0.0
220
0.0
230
1.0
 70
     8
 71
     3
 72
     8
 73
     4
 74
     0
 42
0.000000001
 43
0.0000000001
 40
-12.0
 40
-12.0
 40
-12.0
 40
-12.0
 40
-11.0
 40
-11.0
 40
-11.0
 40
-11.0
 10
128.4818781048765
 20
100.0044455846736
 30
0.0
 10
128.7580204797917
 20
100.004445584687
 30
0.0
 10
128.9818781048662
 20
100.2283032097822
 30
0.0
 10
128.9818781048541
 20
100.5044455846973
 30
0.0
  0
LINE
  5
451
330
1F
100
AcDbEntity
  8
0
100
AcDbLine
 10
128.9818781048541
 20
100.5044455846973
 30
0.0
 11
128.9818781042626
 21
113.5044455846959
 31
0.0
  0
SPLINE
  5
452
330
1F
100
AcDbEntity
  8
0
100
AcDbSpline
210
0.0
220
0.0
230
1.0
 70
     8
 71
     3
 72
     8
 73
     4
 74
     0
 42
0.000000001
 43
0.0000000001
 40
-10.0
 40
-10.0
 40
-10.0
 40
-10.0
 40
-9.0
 40
-9.0
 40
-9.0
 40
-9.0
 10
128.9818781042626
 20
113.5044455846959
 30
0.0
 10
128.9818781042499
 20
113.7805879596122
 30
0.0
 10
128.758020479156
 20
114.0044455846875
 30
0.0
 10
128.4818781042396
 20
114.0044455846741
 30
0.0
  0
LINE
  5
453
330
1F
100
AcDbEntity
  8
0
100
AcDbLine
 10
280.8818781042384
 20
114.0044455916033
 30
0.0
 11
267.8818781042354
 21
114.0044455910093
 31
0.0
  0
SPLINE
  5
454
330
1F
100
AcDbEntity
  8
0
100
AcDbSpline
210
0.0
220
0.0
230
1.0
 70
     8
 71
     3
 72
     8
 73
     4
 74
     0
 42
0.000000001
 43
0.0000000001
 40
-8.0
 40
-8.0
 40
-8.0
 40
-8.0
 40
-7.0
 40
-7.0
 40
-7.0
 40
-7.0
 10
267.8818781042354
 20
114.0044455910093
 30
0.0
 10
267.6057357293215
 20
114.0044455909958
 30
0.0
 10
267.3818781042497
 20
113.7805879659034
 30
0.0
 10
267.3818781042616
 20
113.5044455909894
 30
0.0
  0
LINE
  5
455
330
1F
100
AcDbEntity
  8
0
100
AcDbLine
 10
267.3818781042616
 20
113.5044455909894
 30
0.0
 11
267.381878104849
 21
100.5044455909909
 31
0.0
  0
SPLINE
  5
456
330
1F
100
AcDbEntity
  8
0
100
AcDbSpline
210
0.0
220
0.0
230
1.0
 70
     8
 71
     3
 72
     8
 73
     4
 74
     0
 42
0.000000001
 43
0.0000000001
 40
-14.0
 40
-14.0
 40
-14.0
 40
-14.0
 40
-13.0
 40
-13.0
 40
-13.0
 40
-13.0
 10
267.381878104849
 20
100.5044455909909
 30
0.0
 10
267.381878104861
 20
100.2283032160745
 30
0.0
 10
267.6057357299562
 20
100.0044455909992
 30
0.0
 10
267.8818781048732
 20
100.0044455910114
 30
0.0
  0
LINE
  5
457
330
1F
100
AcDbEntity
  8
0
100
AcDbLine
 10
267.8818781048732
 20
100.0044455910114
 30
0.0
 11
280.8818781048752
 21
100.0044455916029
 31
0.0
  0
SPLINE
  5
458
330
1F
100
AcDbEntity
  8
0
100
AcDbSpline
210
0.0
220
0.0
230
1.0
 70
     8
 71
     3
 72
     8
 73
     4
 74
     0
 42
0.000000001
 43
0.0000000001
 40
-12.0
 40
-12.0
 40
-12.0
 40
-12.0
 40
-11.0
 40
-11.0
 40
-11.0
 40
-11.0
 10
280.8818781048752
 20
100.0044455916029
 30
0.0
 10
281.1580204797902
 20
100.0044455916162
 30
0.0
 10
281.381878104863
 20
100.22830321671
 30
0.0
 10
281.381878104851
 20
100.5044455916253
 30
0.0
  0
LINE
  5
459
330
1F
100
AcDbEntity
  8
0
100
AcDbLine
 10
281.381878104851
 20
100.5044455916253
 30
0.0
 11
281.3818781042606
 21
113.5044455916263
 31
0.0
  0
SPLINE
  5
460
330
1F
100
AcDbEntity
  8
0
100
AcDbSpline
210
0.0
220
0.0
230
1.0
 70
     8
 71
     3
 72
     8
 73
     4
 74
     0
 42
0.000000001
 43
0.0000000001
 40
-10.0
 40
-10.0
 40
-10.0
 40
-10.0
 40
-9.0
 40
-9.0
 40
-9.0
 40
-9.0
 10
281.3818781042606
 20
113.5044455916263
 30
0.0
 10
281.3818781042477
 20
113.7805879665415
 30
0.0
 10
281.1580204791534
 20
114.0044455916154
 30
0.0
 10
280.8818781042384
 20
114.0044455916033
 30
0.0
  0
LINE
  5
461
330
1F
100
AcDbEntity
  8
0
100
AcDbLine
 10
299.9318781042374
 20
114.0044455924683
 30
0.0
 11
286.9318781042375
 21
114.0044455918757
 31
0.0
  0
SPLINE
  5
462
330
1F
100
AcDbEntity
  8
0
100
AcDbSpline
210
0.0
220
0.0
230
1.0
 70
     8
 71
     3
 72
     8
 73
     4
 74
     0
 42
0.000000001
 43
0.0000000001
 40
-8.0
 40
-8.0
 40
-8.0
 40
-8.0
 40
-7.0
 40
-7.0
 40
-7.0
 40
-7.0
 10
286.9318781042375
 20
114.0044455918757
 30
0.0
 10
286.6557357293224
 20
114.0044455918635
 30
0.0
 10
286.4318781042486
 20
113.7805879667683
 30
0.0
 10
286.4318781042606
 20
113.5044455918532
 30
0.0
  0
LINE
  5
463
330
1F
100
AcDbEntity
  8
0
100
AcDbLine
 10
286.4318781042606
 20
113.5044455918532
 30
0.0
 11
286.431878104852
 21
100.5044455918559
 31
0.0
  0
SPLINE
  5
464
330
1F
100
AcDbEntity
  8
0
100
AcDbSpline
210
0.0
220
0.0
230
1.0
 70
     8
 71
     3
 72
     8
 73
     4
 74
     0
 42
0.000000001
 43
0.0000000001
 40
-14.0
 40
-14.0
 40
-14.0
 40
-14.0
 40
-13.0
 40
-13.0
 40
-13.0
 40
-13.0
 10
286.431878104852
 20
100.5044455918559
 30
0.0
 10
286.4318781048639
 20
100.2283032169408
 30
0.0
 10
286.6557357299592
 20
100.0044455918656
 30
0.0
 10
286.9318781048752
 20
100.0044455918789
 30
0.0
  0
LINE
  5
465
330
1F
100
AcDbEntity
  8
0
100
AcDbLine
 10
286.9318781048752
 20
100.0044455918789
 30
0.0
 11
299.9318781048742
 21
100.0044455924678
 31
0.0
  0
SPLINE
  5
466
330
1F
100
AcDbEntity
  8
0
100
AcDbSpline
210
0.0
220
0.0
230
1.0
 70
     8
 71
     3
 72
     8
 73
     4
 74
     0
 42
0.000000001
 43
0.0000000001
 40
-12.0
 40
-12.0
 40
-12.0
 40
-12.0
 40
-11.0
 40
-11.0
 40
-11.0
 40
-11.0
 10
299.9318781048742
 20
100.0044455924678
 30
0.0
 10
300.2080204797882
 20
100.0044455924814
 30
0.0
 10
300.4318781048629
 20
100.2283032175764
 30
0.0
 10
300.431878104851
 20
100.5044455924915
 30
0.0
  0
LINE
  5
467
330
1F
100
AcDbEntity
  8
0
100
AcDbLine
 10
300.431878104851
 20
100.5044455924915
 30
0.0
 11
300.4318781042596
 21
113.5044455924914
 31
0.0
  0
SPLINE
  5
468
330
1F
100
AcDbEntity
  8
0
100
AcDbSpline
210
0.0
220
0.0
230
1.0
 70
     8
 71
     3
 72
     8
 73
     4
 74
     0
 42
0.000000001
 43
0.0000000001
 40
-10.0
 40
-10.0
 40
-10.0
 40
-10.0
 40
-9.0
 40
-9.0
 40
-9.0
 40
-9.0
 10
300.4318781042596
 20
113.5044455924914
 30
0.0
 10
300.4318781042477
 20
113.7805879674065
 30
0.0
 10
300.2080204791524
 20
114.0044455924817
 30
0.0
 10
299.9318781042374
 20
114.0044455924683
 30
0.0
  0
LINE
  5
469
330
1F
100
AcDbEntity
  8
0
100
AcDbLine
 10
172.1318781042628
 20
113.5044455866566
 30
0.0
 11
172.1318781048541
 21
100.504445586658
 31
0.0
  0
SPLINE
  5
470
330
1F
100
AcDbEntity
  8
0
100
AcDbSpline
210
0.0
220
0.0
230
1.0
 70
     8
 71
     3
 72
     8
 73
     4
 74
     0
 42
0.000000001
 43
0.0000000001
 40
-8.0
 40
-8.0
 40
-8.0
 40
-8.0
 40
-7.0
 40
-7.0
 40
-7.0
 40
-7.0
 10
172.1318781048541
 20
100.504445586658
 30
0.0
 10
172.1318781048663
 20
100.2283032117429
 30
0.0
 10
172.3557357299607
 20
100.0044455866676
 30
0.0
 10
172.6318781048773
 20
100.0044455866811
 30
0.0
  0
LINE
  5
471
330
1F
100
AcDbEntity
  8
0
100
AcDbLine
 10
172.6318781048773
 20
100.0044455866811
 30
0.0
 11
185.6318781048758
 21
100.0044455872712
 31
0.0
  0
SPLINE
  5
472
330
1F
100
AcDbEntity
  8
0
100
AcDbSpline
210
0.0
220
0.0
230
1.0
 70
     8
 71
     3
 72
     8
 73
     4
 74
     0
 42
0.000000001
 43
0.0000000001
 40
-14.0
 40
-14.0
 40
-14.0
 40
-14.0
 40
-13.0
 40
-13.0
 40
-13.0
 40
-13.0
 10
185.6318781048758
 20
100.0044455872712
 30
0.0
 10
185.908020479791
 20
100.0044455872846
 30
0.0
 10
186.1318781048655
 20
100.2283032123786
 30
0.0
 10
186.1318781048533
 20
100.5044455872949
 30
0.0
  0
LINE
  5
473
330
1F
100
AcDbEntity
  8
0
100
AcDbLine
 10
186.1318781048533
 20
100.5044455872949
 30
0.0
 11
186.131878104262
 21
113.5044455872948
 31
0.0
  0
SPLINE
  5
474
330
1F
100
AcDbEntity
  8
0
100
AcDbSpline
210
0.0
220
0.0
230
1.0
 70
     8
 71
     3
 72
     8
 73
     4
 74
     0
 42
0.000000001
 43
0.0000000001
 40
-12.0
 40
-12.0
 40
-12.0
 40
-12.0
 40
-11.0
 40
-11.0
 40
-11.0
 40
-11.0
 10
186.131878104262
 20
113.5044455872948
 30
0.0
 10
186.1318781042492
 20
113.7805879622099
 30
0.0
 10
185.9080204791553
 20
114.0044455872838
 30
0.0
 10
185.6318781042389
 20
114.0044455872717
 30
0.0
  0
LINE
  5
475
330
1F
100
AcDbEntity
  8
0
100
AcDbLine
 10
185.6318781042389
 20
114.0044455872717
 30
0.0
 11
172.6318781042403
 21
114.004445586679
 31
0.0
  0
SPLINE
  5
476
330
1F
100
AcDbEntity
  8
0
100
AcDbSpline
210
0.0
220
0.0
230
1.0
 70
     8
 71
     3
 72
     8
 73
     4
 74
     0
 42
0.000000001
 43
0.0000000001
 40
-10.0
 40
-10.0
 40
-10.0
 40
-10.0
 40
-9.0
 40
-9.0
 40
-9.0
 40
-9.0
 10
172.6318781042403
 20
114.004445586679
 30
0.0
 10
172.3557357293252
 20
114.004445586667
 30
0.0
 10
172.1318781042499
 20
113.7805879615717
 30
0.0
 10
172.1318781042628
 20
113.5044455866566
 30
0.0
  0
LINE
  5
477
330
1F
100
AcDbEntity
  8
0
100
AcDbLine
 10
210.2318781042619
 20
113.5044455883892
 30
0.0
 11
210.2318781048533
 21
100.5044455883907
 31
0.0
  0
SPLINE
  5
478
330
1F
100
AcDbEntity
  8
0
100
AcDbSpline
210
0.0
220
0.0
230
1.0
 70
     8
 71
     3
 72
     8
 73
     4
 74
     0
 42
0.000000001
 43
0.0000000001
 40
-8.0
 40
-8.0
 40
-8.0
 40
-8.0
 40
-7.0
 40
-7.0
 40
-7.0
 40
-7.0
 10
210.2318781048533
 20
100.5044455883907
 30
0.0
 10
210.2318781048654
 20
100.2283032134755
 30
0.0
 10
210.4557357299606
 20
100.0044455884016
 30
0.0
 10
210.7318781048764
 20
100.0044455884137
 30
0.0
  0
LINE
  5
479
330
1F
100
AcDbEntity
  8
0
100
AcDbLine
 10
210.7318781048764
 20
100.0044455884137
 30
0.0
 11
223.7318781048749
 21
100.0044455890039
 31
0.0
  0
SPLINE
  5
480
330
1F
100
AcDbEntity
  8
0
100
AcDbSpline
210
0.0
220
0.0
230
1.0
 70
     8
 71
     3
 72
     8
 73
     4
 74
     0
 42
0.000000001
 43
0.0000000001
 40
-14.0
 40
-14.0
 40
-14.0
 40
-14.0
 40
-13.0
 40
-13.0
 40
-13.0
 40
-13.0
 10
223.7318781048749
 20
100.0044455890039
 30
0.0
 10
224.0080204797913
 20
100.004445589016
 30
0.0
 10
224.2318781048647
 20
100.2283032141111
 30
0.0
 10
224.2318781048525
 20
100.5044455890262
 30
0.0
  0
LINE
  5
481
330
1F
100
AcDbEntity
  8
0
100
AcDbLine
 10
224.2318781048525
 20
100.5044455890262
 30
0.0
 11
224.2318781042611
 21
113.5044455890261
 31
0.0
  0
SPLINE
  5
482
330
1F
100
AcDbEntity
  8
0
100
AcDbSpline
210
0.0
220
0.0
230
1.0
 70
     8
 71
     3
 72
     8
 73
     4
 74
     0
 42
0.000000001
 43
0.0000000001
 40
-12.0
 40
-12.0
 40
-12.0
 40
-12.0
 40
-11.0
 40
-11.0
 40
-11.0
 40
-11.0
 10
224.2318781042611
 20
113.5044455890261
 30
0.0
 10
224.2318781042483
 20
113.7805879639426
 30
0.0
 10
224.0080204791538
 20
114.0044455890165
 30
0.0
 10
223.7318781042386
 20
114.0044455890043
 30
0.0
  0
LINE
  5
483
330
1F
100
AcDbEntity
  8
0
100
AcDbLine
 10
223.7318781042386
 20
114.0044455890043
 30
0.0
 11
210.7318781042388
 21
114.0044455884117
 31
0.0
  0
SPLINE
  5
484
330
1F
100
AcDbEntity
  8
0
100
AcDbSpline
210
0.0
220
0.0
230
1.0
 70
     8
 71
     3
 72
     8
 73
     4
 74
     0
 42
0.000000001
 43
0.0000000001
 40
-10.0
 40
-10.0
 40
-10.0
 40
-10.0
 40
-9.0
 40
-9.0
 40
-9.0
 40
-9.0
 10
210.7318781042388
 20
114.0044455884117
 30
0.0
 10
210.4557357293236
 20
114.0044455883995
 30
0.0
 10
210.2318781042491
 20
113.7805879633045
 30
0.0
 10
210.2318781042619
 20
113.5044455883892
 30
0.0
  0
LINE
  5
485
330
1F
100
AcDbEntity
  8
0
100
AcDbLine
 10
204.6818781042384
 20
114.004445588138
 30
0.0
 11
191.6818781042392
 21
114.0044455875454
 31
0.0
  0
SPLINE
  5
486
330
1F
100
AcDbEntity
  8
0
100
AcDbSpline
210
0.0
220
0.0
230
1.0
 70
     8
 71
     3
 72
     8
 73
     4
 74
     0
 42
0.000000001
 43
0.0000000001
 40
-8.0
 40
-8.0
 40
-8.0
 40
-8.0
 40
-7.0
 40
-7.0
 40
-7.0
 40
-7.0
 10
191.6818781042392
 20
114.0044455875454
 30
0.0
 10
191.4057357293241
 20
114.0044455875319
 30
0.0
 10
191.1818781042501
 20
113.780587962438
 30
0.0
 10
191.1818781042629
 20
113.5044455875229
 30
0.0
  0
LINE
  5
487
330
1F
100
AcDbEntity
  8
0
100
AcDbLine
 10
191.1818781042629
 20
113.5044455875229
 30
0.0
 11
191.1818781048544
 21
100.5044455875244
 31
0.0
  0
SPLINE
  5
488
330
1F
100
AcDbEntity
  8
0
100
AcDbSpline
210
0.0
220
0.0
230
1.0
 70
     8
 71
     3
 72
     8
 73
     4
 74
     0
 42
0.000000001
 43
0.0000000001
 40
-14.0
 40
-14.0
 40
-14.0
 40
-14.0
 40
-13.0
 40
-13.0
 40
-13.0
 40
-13.0
 10
191.1818781048544
 20
100.5044455875244
 30
0.0
 10
191.1818781048665
 20
100.2283032126092
 30
0.0
 10
191.405735729961
 20
100.004445587534
 30
0.0
 10
191.6818781048761
 20
100.0044455875475
 30
0.0
  0
LINE
  5
489
330
1F
100
AcDbEntity
  8
0
100
AcDbLine
 10
191.6818781048761
 20
100.0044455875475
 30
0.0
 11
204.6818781048754
 21
100.0044455881375
 31
0.0
  0
SPLINE
  5
490
330
1F
100
AcDbEntity
  8
0
100
AcDbSpline
210
0.0
220
0.0
230
1.0
 70
     8
 71
     3
 72
     8
 73
     4
 74
     0
 42
0.000000001
 43
0.0000000001
 40
-12.0
 40
-12.0
 40
-12.0
 40
-12.0
 40
-11.0
 40
-11.0
 40
-11.0
 40
-11.0
 10
204.6818781048754
 20
100.0044455881375
 30
0.0
 10
204.9580204797912
 20
100.0044455881497
 30
0.0
 10
205.1818781048658
 20
100.2283032132449
 30
0.0
 10
205.1818781048535
 20
100.5044455881613
 30
0.0
  0
LINE
  5
491
330
1F
100
AcDbEntity
  8
0
100
AcDbLine
 10
205.1818781048535
 20
100.5044455881613
 30
0.0
 11
205.1818781042615
 21
113.5044455881611
 31
0.0
  0
SPLINE
  5
492
330
1F
100
AcDbEntity
  8
0
100
AcDbSpline
210
0.0
220
0.0
230
1.0
 70
     8
 71
     3
 72
     8
 73
     4
 74
     0
 42
0.000000001
 43
0.0000000001
 40
-10.0
 40
-10.0
 40
-10.0
 40
-10.0
 40
-9.0
 40
-9.0
 40
-9.0
 40
-9.0
 10
205.1818781042615
 20
113.5044455881611
 30
0.0
 10
205.1818781042487
 20
113.7805879630762
 30
0.0
 10
204.9580204791536
 20
114.0044455881502
 30
0.0
 10
204.6818781042384
 20
114.004445588138
 30
0.0
  0
LINE
  5
493
330
1F
100
AcDbEntity
  8
0
100
AcDbLine
 10
233.7568781057199
 20
81.45444558946385
 30
0.0
 11
233.7568781051285
 21
94.45444558945885
 31
0.0
  0
SPLINE
  5
494
330
1F
100
AcDbEntity
  8
0
100
AcDbSpline
210
0.0
220
0.0
230
1.0
 70
     8
 71
     3
 72
     8
 73
     4
 74
     0
 42
0.000000001
 43
0.0000000001
 40
-8.0
 40
-8.0
 40
-8.0
 40
-8.0
 40
-7.0
 40
-7.0
 40
-7.0
 40
-7.0
 10
233.7568781051285
 20
94.45444558945885
 30
0.0
 10
233.756878105115
 20
94.73058796437488
 30
0.0
 10
233.5330204800202
 20
94.95444558944866
 30
0.0
 10
233.2568781051051
 20
94.95444558943663
 30
0.0
  0
LINE
  5
495
330
1F
100
AcDbEntity
  8
0
100
AcDbLine
 10
233.2568781051051
 20
94.95444558943663
 30
0.0
 11
220.2568781051045
 21
94.95444558884534
 31
0.0
  0
SPLINE
  5
496
330
1F
100
AcDbEntity
  8
0
100
AcDbSpline
210
0.0
220
0.0
230
1.0
 70
     8
 71
     3
 72
     8
 73
     4
 74
     0
 42
0.000000001
 43
0.0000000001
 40
-14.0
 40
-14.0
 40
-14.0
 40
-14.0
 40
-13.0
 40
-13.0
 40
-13.0
 40
-13.0
 10
220.2568781051045
 20
94.95444558884534
 30
0.0
 10
219.9807357301901
 20
94.95444558883338
 30
0.0
 10
219.7568781051155
 20
94.73058796373809
 30
0.0
 10
219.7568781051277
 20
94.45444558882304
 30
0.0
  0
LINE
  5
497
330
1F
100
AcDbEntity
  8
0
100
AcDbLine
 10
219.7568781051277
 20
94.45444558882304
 30
0.0
 11
219.756878105719
 21
81.45444558882806
 31
0.0
  0
SPLINE
  5
498
330
1F
100
AcDbEntity
  8
0
100
AcDbSpline
210
0.0
220
0.0
230
1.0
 70
     8
 71
     3
 72
     8
 73
     4
 74
     0
 42
0.000000001
 43
0.0000000001
 40
-12.0
 40
-12.0
 40
-12.0
 40
-12.0
 40
-11.0
 40
-11.0
 40
-11.0
 40
-11.0
 10
219.756878105719
 20
81.45444558882806
 30
0.0
 10
219.7568781057312
 20
81.17830321391307
 30
0.0
 10
219.9807357308269
 20
80.95444558883736
 30
0.0
 10
220.2568781057415
 20
80.95444558885137
 30
0.0
  0
LINE
  5
499
330
1F
100
AcDbEntity
  8
0
100
AcDbLine
 10
220.2568781057415
 20
80.95444558885137
 30
0.0
 11
233.2568781057419
 21
80.95444558944166
 31
0.0
  0
SPLINE
  5
500
330
1F
100
AcDbEntity
  8
0
100
AcDbSpline
210
0.0
220
0.0
230
1.0
 70
     8
 71
     3
 72
     8
 73
     4
 74
     0
 42
0.000000001
 43
0.0000000001
 40
-10.0
 40
-10.0
 40
-10.0
 40
-10.0
 40
-9.0
 40
-9.0
 40
-9.0
 40
-9.0
 10
233.2568781057419
 20
80.95444558944166
 30
0.0
 10
233.5330204806571
 20
80.95444558945462
 30
0.0
 10
233.7568781057306
 20
81.17830321454887
 30
0.0
 10
233.7568781057199
 20
81.45444558946385
 30
0.0
  0
LINE
  5
501
330
1F
100
AcDbEntity
  8
0
100
AcDbLine
 10
195.9446485515394
 20
75.40444566770026
 30
0.0
 11
195.9446485521295
 21
62.40444566770512
 31
0.0
  0
SPLINE
  5
502
330
1F
100
AcDbEntity
  8
0
100
AcDbSpline
210
0.0
220
0.0
230
1.0
 70
     8
 71
     3
 72
     8
 73
     4
 74
     0
 42
0.000000001
 43
0.0000000001
 40
-8.0
 40
-8.0
 40
-8.0
 40
-8.0
 40
-7.0
 40
-7.0
 40
-7.0
 40
-7.0
 10
195.9446485521295
 20
62.40444566770512
 30
0.0
 10
195.9446485521416
 20
62.12830329279012
 30
0.0
 10
196.1685061772368
 20
61.90444566771444
 30
0.0
 10
196.4446485521526
 20
61.90444566772836
 30
0.0
  0
LINE
  5
503
330
1F
100
AcDbEntity
  8
0
100
AcDbLine
 10
196.4446485521526
 20
61.90444566772836
 30
0.0
 11
209.4446485521524
 21
61.90444566831772
 31
0.0
  0
SPLINE
  5
504
330
1F
100
AcDbEntity
  8
0
100
AcDbSpline
210
0.0
220
0.0
230
1.0
 70
     8
 71
     3
 72
     8
 73
     4
 74
     0
 42
0.000000001
 43
0.0000000001
 40
-14.0
 40
-14.0
 40
-14.0
 40
-14.0
 40
-13.0
 40
-13.0
 40
-13.0
 40
-13.0
 10
209.4446485521524
 20
61.90444566831772
 30
0.0
 10
209.7207909270683
 20
61.90444566833173
 30
0.0
 10
209.9446485521421
 20
62.12830329342594
 30
0.0
 10
209.94464855213
 20
62.40444566834097
 30
0.0
  0
LINE
  5
505
330
1F
100
AcDbEntity
  8
0
100
AcDbLine
 10
209.94464855213
 20
62.40444566834097
 30
0.0
 11
209.944648551538
 21
75.40444566833696
 31
0.0
  0
SPLINE
  5
506
330
1F
100
AcDbEntity
  8
0
100
AcDbSpline
210
0.0
220
0.0
230
1.0
 70
     8
 71
     3
 72
     8
 73
     4
 74
     0
 42
0.000000001
 43
0.0000000001
 40
-12.0
 40
-12.0
 40
-12.0
 40
-12.0
 40
-11.0
 40
-11.0
 40
-11.0
 40
-11.0
 10
209.944648551538
 20
75.40444566833696
 30
0.0
 10
209.9446485515265
 20
75.68058804325196
 30
0.0
 10
209.7207909264313
 20
75.90444566832672
 30
0.0
 10
209.4446485515168
 20
75.90444566831374
 30
0.0
  0
LINE
  5
507
330
1F
100
AcDbEntity
  8
0
100
AcDbLine
 10
209.4446485515168
 20
75.90444566831374
 30
0.0
 11
196.4446485515157
 21
75.90444566772245
 31
0.0
  0
SPLINE
  5
508
330
1F
100
AcDbEntity
  8
0
100
AcDbSpline
210
0.0
220
0.0
230
1.0
 70
     8
 71
     3
 72
     8
 73
     4
 74
     0
 42
0.000000001
 43
0.0000000001
 40
-10.0
 40
-10.0
 40
-10.0
 40
-10.0
 40
-9.0
 40
-9.0
 40
-9.0
 40
-9.0
 10
196.4446485515157
 20
75.90444566772245
 30
0.0
 10
196.1685061766005
 20
75.90444566771046
 30
0.0
 10
195.9446485515272
 20
75.68058804261522
 30
0.0
 10
195.9446485515394
 20
75.40444566770026
 30
0.0
  0
LINE
  5
509
330
1F
100
AcDbEntity
  8
0
100
AcDbLine
 10
200.7068781051287
 20
94.45444558795674
 30
0.0
 11
200.7068781057188
 21
81.45444558796175
 31
0.0
  0
SPLINE
  5
510
330
1F
100
AcDbEntity
  8
0
100
AcDbSpline
210
0.0
220
0.0
230
1.0
 70
     8
 71
     3
 72
     8
 73
     4
 74
     0
 42
0.000000001
 43
0.0000000001
 40
-8.0
 40
-8.0
 40
-8.0
 40
-8.0
 40
-7.0
 40
-7.0
 40
-7.0
 40
-7.0
 10
200.7068781057188
 20
81.45444558796175
 30
0.0
 10
200.706878105731
 20
81.17830321304674
 30
0.0
 10
200.9307357308261
 20
80.95444558797206
 30
0.0
 10
201.2068781057419
 20
80.95444558798494
 30
0.0
  0
LINE
  5
511
330
1F
100
AcDbEntity
  8
0
100
AcDbLine
 10
201.2068781057419
 20
80.95444558798494
 30
0.0
 11
214.2068781057417
 21
80.95444558857536
 31
0.0
  0
SPLINE
  5
512
330
1F
100
AcDbEntity
  8
0
100
AcDbSpline
210
0.0
220
0.0
230
1.0
 70
     8
 71
     3
 72
     8
 73
     4
 74
     0
 42
0.000000001
 43
0.0000000001
 40
-14.0
 40
-14.0
 40
-14.0
 40
-14.0
 40
-13.0
 40
-13.0
 40
-13.0
 40
-13.0
 10
214.2068781057417
 20
80.95444558857536
 30
0.0
 10
214.4830204806575
 20
80.95444558858824
 30
0.0
 10
214.7068781057315
 20
81.17830321368254
 30
0.0
 10
214.7068781057193
 20
81.45444558859754
 30
0.0
  0
LINE
  5
513
330
1F
100
AcDbEntity
  8
0
100
AcDbLine
 10
214.7068781057193
 20
81.45444558859754
 30
0.0
 11
214.7068781051272
 21
94.45444558859353
 31
0.0
  0
SPLINE
  5
514
330
1F
100
AcDbEntity
  8
0
100
AcDbSpline
210
0.0
220
0.0
230
1.0
 70
     8
 71
     3
 72
     8
 73
     4
 74
     0
 42
0.000000001
 43
0.0000000001
 40
-12.0
 40
-12.0
 40
-12.0
 40
-12.0
 40
-11.0
 40
-11.0
 40
-11.0
 40
-11.0
 10
214.7068781051272
 20
94.45444558859353
 30
0.0
 10
214.7068781051158
 20
94.73058796350855
 30
0.0
 10
214.4830204800207
 20
94.95444558858423
 30
0.0
 10
214.2068781051062
 20
94.95444558857034
 30
0.0
  0
LINE
  5
515
330
1F
100
AcDbEntity
  8
0
100
AcDbLine
 10
214.2068781051062
 20
94.95444558857034
 30
0.0
 11
201.2068781051051
 21
94.95444558797894
 31
0.0
  0
SPLINE
  5
516
330
1F
100
AcDbEntity
  8
0
100
AcDbSpline
210
0.0
220
0.0
230
1.0
 70
     8
 71
     3
 72
     8
 73
     4
 74
     0
 42
0.000000001
 43
0.0000000001
 40
-10.0
 40
-10.0
 40
-10.0
 40
-10.0
 40
-9.0
 40
-9.0
 40
-9.0
 40
-9.0
 10
201.2068781051051
 20
94.95444558797894
 30
0.0
 10
200.9307357301899
 20
94.95444558796705
 30
0.0
 10
200.7068781051166
 20
94.73058796287171
 30
0.0
 10
200.7068781051287
 20
94.45444558795674
 30
0.0
  0
LINE
  5
517
330
1F
100
AcDbEntity
  8
0
100
AcDbLine
 10
138.0068781051066
 20
94.95444558510696
 30
0.0
 11
125.0068781051068
 21
94.95444558451465
 31
0.0
  0
SPLINE
  5
518
330
1F
100
AcDbEntity
  8
0
100
AcDbSpline
210
0.0
220
0.0
230
1.0
 70
     8
 71
     3
 72
     8
 73
     4
 74
     0
 42
0.000000001
 43
0.0000000001
 40
-8.0
 40
-8.0
 40
-8.0
 40
-8.0
 40
-7.0
 40
-7.0
 40
-7.0
 40
-7.0
 10
125.0068781051068
 20
94.95444558451465
 30
0.0
 10
124.7307357301903
 20
94.95444558450163
 30
0.0
 10
124.5068781051164
 20
94.73058795940744
 30
0.0
 10
124.5068781051285
 20
94.45444558449247
 30
0.0
  0
LINE
  5
519
330
1F
100
AcDbEntity
  8
0
100
AcDbLine
 10
124.5068781051285
 20
94.45444558449247
 30
0.0
 11
124.5068781057193
 21
81.45444558449748
 31
0.0
  0
SPLINE
  5
520
330
1F
100
AcDbEntity
  8
0
100
AcDbSpline
210
0.0
220
0.0
230
1.0
 70
     8
 71
     3
 72
     8
 73
     4
 74
     0
 42
0.000000001
 43
0.0000000001
 40
-14.0
 40
-14.0
 40
-14.0
 40
-14.0
 40
-13.0
 40
-13.0
 40
-13.0
 40
-13.0
 10
124.5068781057193
 20
81.45444558449748
 30
0.0
 10
124.5068781057327
 20
81.17830320958134
 30
0.0
 10
124.7307357308273
 20
80.95444558450765
 30
0.0
 10
125.0068781057424
 20
80.95444558452062
 30
0.0
  0
LINE
  5
521
330
1F
100
AcDbEntity
  8
0
100
AcDbLine
 10
125.0068781057424
 20
80.95444558452062
 30
0.0
 11
138.0068781057435
 21
80.95444558511095
 31
0.0
  0
SPLINE
  5
522
330
1F
100
AcDbEntity
  8
0
100
AcDbSpline
210
0.0
220
0.0
230
1.0
 70
     8
 71
     3
 72
     8
 73
     4
 74
     0
 42
0.000000001
 43
0.0000000001
 40
-12.0
 40
-12.0
 40
-12.0
 40
-12.0
 40
-11.0
 40
-11.0
 40
-11.0
 40
-11.0
 10
138.0068781057435
 20
80.95444558511095
 30
0.0
 10
138.2830204806587
 20
80.95444558512495
 30
0.0
 10
138.5068781057319
 20
81.17830321022012
 30
0.0
 10
138.5068781057198
 20
81.45444558513512
 30
0.0
  0
LINE
  5
523
330
1F
100
AcDbEntity
  8
0
100
AcDbLine
 10
138.5068781057198
 20
81.45444558513512
 30
0.0
 11
138.5068781051298
 21
94.45444558512916
 31
0.0
  0
SPLINE
  5
524
330
1F
100
AcDbEntity
  8
0
100
AcDbSpline
210
0.0
220
0.0
230
1.0
 70
     8
 71
     3
 72
     8
 73
     4
 74
     0
 42
0.000000001
 43
0.0000000001
 40
-10.0
 40
-10.0
 40
-10.0
 40
-10.0
 40
-9.0
 40
-9.0
 40
-9.0
 40
-9.0
 10
138.5068781051298
 20
94.45444558512916
 30
0.0
 10
138.5068781051176
 20
94.73058796004414
 30
0.0
 10
138.2830204800217
 20
94.95444558511895
 30
0.0
 10
138.0068781051066
 20
94.95444558510696
 30
0.0
  0
LINE
  5
525
330
1F
100
AcDbEntity
  8
0
100
AcDbLine
 10
176.1068781051057
 20
94.95444558683763
 30
0.0
 11
163.106878105106
 21
94.95444558624724
 31
0.0
  0
SPLINE
  5
526
330
1F
100
AcDbEntity
  8
0
100
AcDbSpline
210
0.0
220
0.0
230
1.0
 70
     8
 71
     3
 72
     8
 73
     4
 74
     0
 42
0.000000001
 43
0.0000000001
 40
-8.0
 40
-8.0
 40
-8.0
 40
-8.0
 40
-7.0
 40
-7.0
 40
-7.0
 40
-7.0
 10
163.106878105106
 20
94.95444558624724
 30
0.0
 10
162.8307357301907
 20
94.95444558623537
 30
0.0
 10
162.6068781051162
 20
94.73058796114003
 30
0.0
 10
162.6068781051283
 20
94.45444558622416
 30
0.0
  0
LINE
  5
527
330
1F
100
AcDbEntity
  8
0
100
AcDbLine
 10
162.6068781051283
 20
94.45444558622416
 30
0.0
 11
162.6068781057197
 21
81.45444558622903
 31
0.0
  0
SPLINE
  5
528
330
1F
100
AcDbEntity
  8
0
100
AcDbSpline
210
0.0
220
0.0
230
1.0
 70
     8
 71
     3
 72
     8
 73
     4
 74
     0
 42
0.000000001
 43
0.0000000001
 40
-14.0
 40
-14.0
 40
-14.0
 40
-14.0
 40
-13.0
 40
-13.0
 40
-13.0
 40
-13.0
 10
162.6068781057197
 20
81.45444558622903
 30
0.0
 10
162.6068781057319
 20
81.17830321131407
 30
0.0
 10
162.8307357308264
 20
80.95444558624036
 30
0.0
 10
163.1068781057428
 20
80.95444558625223
 30
0.0
  0
LINE
  5
529
330
1F
100
AcDbEntity
  8
0
100
AcDbLine
 10
163.1068781057428
 20
80.95444558625223
 30
0.0
 11
176.1068781057426
 21
80.95444558684366
 31
0.0
  0
SPLINE
  5
530
330
1F
100
AcDbEntity
  8
0
100
AcDbSpline
210
0.0
220
0.0
230
1.0
 70
     8
 71
     3
 72
     8
 73
     4
 74
     0
 42
0.000000001
 43
0.0000000001
 40
-12.0
 40
-12.0
 40
-12.0
 40
-12.0
 40
-11.0
 40
-11.0
 40
-11.0
 40
-11.0
 10
176.1068781057426
 20
80.95444558684366
 30
0.0
 10
176.3830204806578
 20
80.95444558685557
 30
0.0
 10
176.6068781057323
 20
81.17830321195086
 30
0.0
 10
176.6068781057202
 20
81.45444558686586
 30
0.0
  0
LINE
  5
531
330
1F
100
AcDbEntity
  8
0
100
AcDbLine
 10
176.6068781057202
 20
81.45444558686586
 30
0.0
 11
176.6068781051281
 21
94.45444558686086
 31
0.0
  0
SPLINE
  5
532
330
1F
100
AcDbEntity
  8
0
100
AcDbSpline
210
0.0
220
0.0
230
1.0
 70
     8
 71
     3
 72
     8
 73
     4
 74
     0
 42
0.000000001
 43
0.0000000001
 40
-10.0
 40
-10.0
 40
-10.0
 40
-10.0
 40
-9.0
 40
-9.0
 40
-9.0
 40
-9.0
 10
176.6068781051281
 20
94.45444558686086
 30
0.0
 10
176.6068781051161
 20
94.73058796177587
 30
0.0
 10
176.3830204800209
 20
94.95444558685155
 30
0.0
 10
176.1068781051057
 20
94.95444558683763
 30
0.0
  0
LINE
  5
533
330
1F
100
AcDbEntity
  8
0
100
AcDbLine
 10
157.5568781057201
 20
81.45444558599947
 30
0.0
 11
157.5568781051286
 21
94.45444558599552
 31
0.0
  0
SPLINE
  5
534
330
1F
100
AcDbEntity
  8
0
100
AcDbSpline
210
0.0
220
0.0
230
1.0
 70
     8
 71
     3
 72
     8
 73
     4
 74
     0
 42
0.000000001
 43
0.0000000001
 40
-8.0
 40
-8.0
 40
-8.0
 40
-8.0
 40
-7.0
 40
-7.0
 40
-7.0
 40
-7.0
 10
157.5568781051286
 20
94.45444558599552
 30
0.0
 10
157.5568781051165
 20
94.73058796091047
 30
0.0
 10
157.3330204800219
 20
94.95444558598524
 30
0.0
 10
157.0568781051056
 20
94.95444558597336
 30
0.0
  0
LINE
  5
535
330
1F
100
AcDbEntity
  8
0
100
AcDbLine
 10
157.0568781051056
 20
94.95444558597336
 30
0.0
 11
144.056878105107
 21
94.95444558538094
 31
0.0
  0
SPLINE
  5
536
330
1F
100
AcDbEntity
  8
0
100
AcDbSpline
210
0.0
220
0.0
230
1.0
 70
     8
 71
     3
 72
     8
 73
     4
 74
     0
 42
0.000000001
 43
0.0000000001
 40
-14.0
 40
-14.0
 40
-14.0
 40
-14.0
 40
-13.0
 40
-13.0
 40
-13.0
 40
-13.0
 10
144.056878105107
 20
94.95444558538094
 30
0.0
 10
143.7807357301905
 20
94.95444558536906
 30
0.0
 10
143.5568781051159
 20
94.73058796027371
 30
0.0
 10
143.5568781051275
 20
94.45444558535873
 30
0.0
  0
LINE
  5
537
330
1F
100
AcDbEntity
  8
0
100
AcDbLine
 10
143.5568781051275
 20
94.45444558535873
 30
0.0
 11
143.5568781057195
 21
81.45444558536373
 31
0.0
  0
SPLINE
  5
538
330
1F
100
AcDbEntity
  8
0
100
AcDbSpline
210
0.0
220
0.0
230
1.0
 70
     8
 71
     3
 72
     8
 73
     4
 74
     0
 42
0.000000001
 43
0.0000000001
 40
-12.0
 40
-12.0
 40
-12.0
 40
-12.0
 40
-11.0
 40
-11.0
 40
-11.0
 40
-11.0
 10
143.5568781057195
 20
81.45444558536373
 30
0.0
 10
143.5568781057316
 20
81.17830321044875
 30
0.0
 10
143.7807357308275
 20
80.95444558537398
 30
0.0
 10
144.0568781057426
 20
80.95444558538593
 30
0.0
  0
LINE
  5
539
330
1F
100
AcDbEntity
  8
0
100
AcDbLine
 10
144.0568781057426
 20
80.95444558538593
 30
0.0
 11
157.0568781057423
 21
80.95444558597733
 31
0.0
  0
SPLINE
  5
540
330
1F
100
AcDbEntity
  8
0
100
AcDbSpline
210
0.0
220
0.0
230
1.0
 70
     8
 71
     3
 72
     8
 73
     4
 74
     0
 42
0.000000001
 43
0.0000000001
 40
-10.0
 40
-10.0
 40
-10.0
 40
-10.0
 40
-9.0
 40
-9.0
 40
-9.0
 40
-9.0
 10
157.0568781057423
 20
80.95444558597733
 30
0.0
 10
157.3330204806576
 20
80.95444558598925
 30
0.0
 10
157.5568781057322
 20
81.17830321108446
 30
0.0
 10
157.5568781057201
 20
81.45444558599947
 30
0.0
  0
LINE
  5
541
330
1F
100
AcDbEntity
  8
0
100
AcDbLine
 10
195.6568781057191
 20
81.4544455877322
 30
0.0
 11
195.6568781051283
 21
94.45444558772715
 31
0.0
  0
SPLINE
  5
542
330
1F
100
AcDbEntity
  8
0
100
AcDbSpline
210
0.0
220
0.0
230
1.0
 70
     8
 71
     3
 72
     8
 73
     4
 74
     0
 42
0.000000001
 43
0.0000000001
 40
-8.0
 40
-8.0
 40
-8.0
 40
-8.0
 40
-7.0
 40
-7.0
 40
-7.0
 40
-7.0
 10
195.6568781051283
 20
94.45444558772715
 30
0.0
 10
195.6568781051162
 20
94.73058796264215
 30
0.0
 10
195.433020480021
 20
94.95444558771595
 30
0.0
 10
195.1568781051052
 20
94.95444558770396
 30
0.0
  0
LINE
  5
543
330
1F
100
AcDbEntity
  8
0
100
AcDbLine
 10
195.1568781051052
 20
94.95444558770396
 30
0.0
 11
182.1568781051054
 21
94.9544455871136
 31
0.0
  0
SPLINE
  5
544
330
1F
100
AcDbEntity
  8
0
100
AcDbSpline
210
0.0
220
0.0
230
1.0
 70
     8
 71
     3
 72
     8
 73
     4
 74
     0
 42
0.000000001
 43
0.0000000001
 40
-14.0
 40
-14.0
 40
-14.0
 40
-14.0
 40
-13.0
 40
-13.0
 40
-13.0
 40
-13.0
 10
182.1568781051054
 20
94.9544455871136
 30
0.0
 10
181.8807357301896
 20
94.95444558710065
 30
0.0
 10
181.6568781051158
 20
94.73058796200646
 30
0.0
 10
181.6568781051278
 20
94.45444558709047
 30
0.0
  0
LINE
  5
545
330
1F
100
AcDbEntity
  8
0
100
AcDbLine
 10
181.6568781051278
 20
94.45444558709047
 30
0.0
 11
181.6568781057193
 21
81.45444558709547
 31
0.0
  0
SPLINE
  5
546
330
1F
100
AcDbEntity
  8
0
100
AcDbSpline
210
0.0
220
0.0
230
1.0
 70
     8
 71
     3
 72
     8
 73
     4
 74
     0
 42
0.000000001
 43
0.0000000001
 40
-12.0
 40
-12.0
 40
-12.0
 40
-12.0
 40
-11.0
 40
-11.0
 40
-11.0
 40
-11.0
 10
181.6568781057193
 20
81.45444558709547
 30
0.0
 10
181.6568781057315
 20
81.17830321218045
 30
0.0
 10
181.8807357308266
 20
80.95444558710665
 30
0.0
 10
182.1568781057417
 20
80.95444558711866
 30
0.0
  0
LINE
  5
547
330
1F
100
AcDbEntity
  8
0
100
AcDbLine
 10
182.1568781057417
 20
80.95444558711866
 30
0.0
 11
195.1568781057428
 21
80.95444558770896
 31
0.0
  0
SPLINE
  5
548
330
1F
100
AcDbEntity
  8
0
100
AcDbSpline
210
0.0
220
0.0
230
1.0
 70
     8
 71
     3
 72
     8
 73
     4
 74
     0
 42
0.000000001
 43
0.0000000001
 40
-10.0
 40
-10.0
 40
-10.0
 40
-10.0
 40
-9.0
 40
-9.0
 40
-9.0
 40
-9.0
 10
195.1568781057428
 20
80.95444558770896
 30
0.0
 10
195.433020480658
 20
80.95444558772195
 30
0.0
 10
195.6568781057312
 20
81.17830321281614
 30
0.0
 10
195.6568781057191
 20
81.4544455877322
 30
0.0
  0
LINE
  5
549
330
1F
100
AcDbEntity
  8
0
100
AcDbLine
 10
252.3068781051049
 20
94.95444559030307
 30
0.0
 11
239.3068781051058
 21
94.95444558971266
 31
0.0
  0
SPLINE
  5
550
330
1F
100
AcDbEntity
  8
0
100
AcDbSpline
210
0.0
220
0.0
230
1.0
 70
     8
 71
     3
 72
     8
 73
     4
 74
     0
 42
0.000000001
 43
0.0000000001
 40
-8.0
 40
-8.0
 40
-8.0
 40
-8.0
 40
-7.0
 40
-7.0
 40
-7.0
 40
-7.0
 10
239.3068781051058
 20
94.95444558971266
 30
0.0
 10
239.0307357301893
 20
94.95444558969964
 30
0.0
 10
238.8068781051154
 20
94.73058796460447
 30
0.0
 10
238.8068781051288
 20
94.45444558968947
 30
0.0
  0
LINE
  5
551
330
1F
100
AcDbEntity
  8
0
100
AcDbLine
 10
238.8068781051288
 20
94.45444558968947
 30
0.0
 11
238.8068781057189
 21
81.45444558969447
 31
0.0
  0
SPLINE
  5
552
330
1F
100
AcDbEntity
  8
0
100
AcDbSpline
210
0.0
220
0.0
230
1.0
 70
     8
 71
     3
 72
     8
 73
     4
 74
     0
 42
0.000000001
 43
0.0000000001
 40
-14.0
 40
-14.0
 40
-14.0
 40
-14.0
 40
-13.0
 40
-13.0
 40
-13.0
 40
-13.0
 10
238.8068781057189
 20
81.45444558969447
 30
0.0
 10
238.8068781057311
 20
81.17830321477944
 30
0.0
 10
239.0307357308262
 20
80.95444558970374
 30
0.0
 10
239.3068781057413
 20
80.95444558971667
 30
0.0
  0
LINE
  5
553
330
1F
100
AcDbEntity
  8
0
100
AcDbLine
 10
239.3068781057413
 20
80.95444558971667
 30
0.0
 11
252.3068781057405
 21
80.95444559030793
 31
0.0
  0
SPLINE
  5
554
330
1F
100
AcDbEntity
  8
0
100
AcDbSpline
210
0.0
220
0.0
230
1.0
 70
     8
 71
     3
 72
     8
 73
     4
 74
     0
 42
0.000000001
 43
0.0000000001
 40
-12.0
 40
-12.0
 40
-12.0
 40
-12.0
 40
-11.0
 40
-11.0
 40
-11.0
 40
-11.0
 10
252.3068781057405
 20
80.95444559030793
 30
0.0
 10
252.5830204806569
 20
80.95444559031994
 30
0.0
 10
252.8068781057309
 20
81.17830321541523
 30
0.0
 10
252.8068781057175
 20
81.45444559033014
 30
0.0
  0
LINE
  5
555
330
1F
100
AcDbEntity
  8
0
100
AcDbLine
 10
252.8068781057175
 20
81.45444559033014
 30
0.0
 11
252.8068781051274
 21
94.45444559032626
 31
0.0
  0
SPLINE
  5
556
330
1F
100
AcDbEntity
  8
0
100
AcDbSpline
210
0.0
220
0.0
230
1.0
 70
     8
 71
     3
 72
     8
 73
     4
 74
     0
 42
0.000000001
 43
0.0000000001
 40
-10.0
 40
-10.0
 40
-10.0
 40
-10.0
 40
-9.0
 40
-9.0
 40
-9.0
 40
-9.0
 10
252.8068781051274
 20
94.45444559032626
 30
0.0
 10
252.8068781051152
 20
94.73058796524123
 30
0.0
 10
252.58302048002
 20
94.95444559031495
 30
0.0
 10
252.3068781051049
 20
94.95444559030307
 30
0.0
  0
LINE
  5
557
330
1F
100
AcDbEntity
  8
0
100
AcDbLine
 10
290.9068781057183
 20
81.45444559206286
 30
0.0
 11
290.9068781051279
 21
94.45444559205785
 31
0.0
  0
SPLINE
  5
558
330
1F
100
AcDbEntity
  8
0
100
AcDbSpline
210
0.0
220
0.0
230
1.0
 70
     8
 71
     3
 72
     8
 73
     4
 74
     0
 42
0.000000001
 43
0.0000000001
 40
-8.0
 40
-8.0
 40
-8.0
 40
-8.0
 40
-7.0
 40
-7.0
 40
-7.0
 40
-7.0
 10
290.9068781051279
 20
94.45444559205785
 30
0.0
 10
290.906878105114
 20
94.73058796697287
 30
0.0
 10
290.6830204800187
 20
94.95444559204662
 30
0.0
 10
290.4068781051038
 20
94.95444559203463
 30
0.0
  0
LINE
  5
559
330
1F
100
AcDbEntity
  8
0
100
AcDbLine
 10
290.4068781051038
 20
94.95444559203463
 30
0.0
 11
277.4068781051038
 21
94.95444559144335
 31
0.0
  0
SPLINE
  5
560
330
1F
100
AcDbEntity
  8
0
100
AcDbSpline
210
0.0
220
0.0
230
1.0
 70
     8
 71
     3
 72
     8
 73
     4
 74
     0
 42
0.000000001
 43
0.0000000001
 40
-14.0
 40
-14.0
 40
-14.0
 40
-14.0
 40
-13.0
 40
-13.0
 40
-13.0
 40
-13.0
 10
277.4068781051038
 20
94.95444559144335
 30
0.0
 10
277.1307357301878
 20
94.95444559143138
 30
0.0
 10
276.906878105114
 20
94.73058796633614
 30
0.0
 10
276.906878105126
 20
94.45444559142016
 30
0.0
  0
LINE
  5
561
330
1F
100
AcDbEntity
  8
0
100
AcDbLine
 10
276.906878105126
 20
94.45444559142016
 30
0.0
 11
276.9068781057183
 21
81.45444559142616
 31
0.0
  0
SPLINE
  5
562
330
1F
100
AcDbEntity
  8
0
100
AcDbSpline
210
0.0
220
0.0
230
1.0
 70
     8
 71
     3
 72
     8
 73
     4
 74
     0
 42
0.000000001
 43
0.0000000001
 40
-12.0
 40
-12.0
 40
-12.0
 40
-12.0
 40
-11.0
 40
-11.0
 40
-11.0
 40
-11.0
 10
276.9068781057183
 20
81.45444559142616
 30
0.0
 10
276.9068781057303
 20
81.17830321651112
 30
0.0
 10
277.1307357308245
 20
80.95444559143635
 30
0.0
 10
277.4068781057415
 20
80.95444559144937
 30
0.0
  0
LINE
  5
563
330
1F
100
AcDbEntity
  8
0
100
AcDbLine
 10
277.4068781057415
 20
80.95444559144937
 30
0.0
 11
290.4068781057405
 21
80.95444559204066
 31
0.0
  0
SPLINE
  5
564
330
1F
100
AcDbEntity
  8
0
100
AcDbSpline
210
0.0
220
0.0
230
1.0
 70
     8
 71
     3
 72
     8
 73
     4
 74
     0
 42
0.000000001
 43
0.0000000001
 40
-10.0
 40
-10.0
 40
-10.0
 40
-10.0
 40
-9.0
 40
-9.0
 40
-9.0
 40
-9.0
 10
290.4068781057405
 20
80.95444559204066
 30
0.0
 10
290.6830204806565
 20
80.95444559205262
 30
0.0
 10
290.9068781057312
 20
81.17830321714786
 30
0.0
 10
290.9068781057183
 20
81.45444559206286
 30
0.0
  0
LINE
  5
565
330
1F
100
AcDbEntity
  8
0
100
AcDbLine
 10
257.856878105127
 20
94.45444559055372
 30
0.0
 11
257.8568781057184
 21
81.45444559055974
 31
0.0
  0
SPLINE
  5
566
330
1F
100
AcDbEntity
  8
0
100
AcDbSpline
210
0.0
220
0.0
230
1.0
 70
     8
 71
     3
 72
     8
 73
     4
 74
     0
 42
0.000000001
 43
0.0000000001
 40
-8.0
 40
-8.0
 40
-8.0
 40
-8.0
 40
-7.0
 40
-7.0
 40
-7.0
 40
-7.0
 10
257.8568781057184
 20
81.45444559055974
 30
0.0
 10
257.8568781057306
 20
81.17830321564474
 30
0.0
 10
258.0807357308257
 20
80.95444559057003
 30
0.0
 10
258.3568781057409
 20
80.95444559058293
 30
0.0
  0
LINE
  5
567
330
1F
100
AcDbEntity
  8
0
100
AcDbLine
 10
258.3568781057409
 20
80.95444559058293
 30
0.0
 11
271.3568781057405
 21
80.95444559117536
 31
0.0
  0
SPLINE
  5
568
330
1F
100
AcDbEntity
  8
0
100
AcDbSpline
210
0.0
220
0.0
230
1.0
 70
     8
 71
     3
 72
     8
 73
     4
 74
     0
 42
0.000000001
 43
0.0000000001
 40
-14.0
 40
-14.0
 40
-14.0
 40
-14.0
 40
-13.0
 40
-13.0
 40
-13.0
 40
-13.0
 10
271.3568781057405
 20
80.95444559117536
 30
0.0
 10
271.6330204806575
 20
80.95444559118737
 30
0.0
 10
271.8568781057312
 20
81.17830321628256
 30
0.0
 10
271.8568781057173
 20
81.45444559119756
 30
0.0
  0
LINE
  5
569
330
1F
100
AcDbEntity
  8
0
100
AcDbLine
 10
271.8568781057173
 20
81.45444559119756
 30
0.0
 11
271.856878105128
 21
94.45444559119152
 31
0.0
  0
SPLINE
  5
570
330
1F
100
AcDbEntity
  8
0
100
AcDbSpline
210
0.0
220
0.0
230
1.0
 70
     8
 71
     3
 72
     8
 73
     4
 74
     0
 42
0.000000001
 43
0.0000000001
 40
-12.0
 40
-12.0
 40
-12.0
 40
-12.0
 40
-11.0
 40
-11.0
 40
-11.0
 40
-11.0
 10
271.856878105128
 20
94.45444559119152
 30
0.0
 10
271.856878105114
 20
94.73058796610656
 30
0.0
 10
271.6330204800188
 20
94.95444559118036
 30
0.0
 10
271.3568781051038
 20
94.95444559116833
 30
0.0
  0
LINE
  5
571
330
1F
100
AcDbEntity
  8
0
100
AcDbLine
 10
271.3568781051038
 20
94.95444559116833
 30
0.0
 11
258.356878105104
 21
94.95444559057792
 31
0.0
  0
SPLINE
  5
572
330
1F
100
AcDbEntity
  8
0
100
AcDbSpline
210
0.0
220
0.0
230
1.0
 70
     8
 71
     3
 72
     8
 73
     4
 74
     0
 42
0.000000001
 43
0.0000000001
 40
-10.0
 40
-10.0
 40
-10.0
 40
-10.0
 40
-9.0
 40
-9.0
 40
-9.0
 40
-9.0
 10
258.356878105104
 20
94.95444559057792
 30
0.0
 10
258.0807357301889
 20
94.95444559056606
 30
0.0
 10
257.8568781051149
 20
94.73058796547077
 30
0.0
 10
257.856878105127
 20
94.45444559055372
 30
0.0
  0
LINE
  5
573
330
1F
100
AcDbEntity
  8
0
100
AcDbLine
 10
118.9568781051062
 20
94.95444558423864
 30
0.0
 11
105.9568781051072
 21
94.95444558364823
 31
0.0
  0
SPLINE
  5
574
330
1F
100
AcDbEntity
  8
0
100
AcDbSpline
210
0.0
220
0.0
230
1.0
 70
     8
 71
     3
 72
     8
 73
     4
 74
     0
 42
0.000000001
 43
0.0000000001
 40
-8.0
 40
-8.0
 40
-8.0
 40
-8.0
 40
-7.0
 40
-7.0
 40
-7.0
 40
-7.0
 10
105.9568781051072
 20
94.95444558364823
 30
0.0
 10
105.6807357301912
 20
94.95444558363638
 30
0.0
 10
105.4568781051164
 20
94.73058795854303
 30
0.0
 10
105.4568781051284
 20
94.45444558362604
 30
0.0
  0
LINE
  5
575
330
1F
100
AcDbEntity
  8
0
100
AcDbLine
 10
105.4568781051284
 20
94.45444558362604
 30
0.0
 11
105.4568781057208
 21
81.45444558363207
 31
0.0
  0
SPLINE
  5
576
330
1F
100
AcDbEntity
  8
0
100
AcDbSpline
210
0.0
220
0.0
230
1.0
 70
     8
 71
     3
 72
     8
 73
     4
 74
     0
 42
0.000000001
 43
0.0000000001
 40
-14.0
 40
-14.0
 40
-14.0
 40
-14.0
 40
-13.0
 40
-13.0
 40
-13.0
 40
-13.0
 10
105.4568781057208
 20
81.45444558363207
 30
0.0
 10
105.4568781057326
 20
81.17830320871608
 30
0.0
 10
105.6807357308269
 20
80.95444558364224
 30
0.0
 10
105.9568781057439
 20
80.95444558365423
 30
0.0
  0
LINE
  5
577
330
1F
100
AcDbEntity
  8
0
100
AcDbLine
 10
105.9568781057439
 20
80.95444558365423
 30
0.0
 11
118.956878105743
 21
80.95444558424464
 31
0.0
  0
SPLINE
  5
578
330
1F
100
AcDbEntity
  8
0
100
AcDbSpline
210
0.0
220
0.0
230
1.0
 70
     8
 71
     3
 72
     8
 73
     4
 74
     0
 42
0.000000001
 43
0.0000000001
 40
-12.0
 40
-12.0
 40
-12.0
 40
-12.0
 40
-11.0
 40
-11.0
 40
-11.0
 40
-11.0
 10
118.956878105743
 20
80.95444558424464
 30
0.0
 10
119.233020480659
 20
80.95444558425857
 30
0.0
 10
119.4568781057327
 20
81.17830320935187
 30
0.0
 10
119.4568781057207
 20
81.45444558426886
 30
0.0
  0
LINE
  5
579
330
1F
100
AcDbEntity
  8
0
100
AcDbLine
 10
119.4568781057207
 20
81.45444558426886
 30
0.0
 11
119.4568781051304
 21
94.45444558426286
 31
0.0
  0
SPLINE
  5
580
330
1F
100
AcDbEntity
  8
0
100
AcDbSpline
210
0.0
220
0.0
230
1.0
 70
     8
 71
     3
 72
     8
 73
     4
 74
     0
 42
0.000000001
 43
0.0000000001
 40
-10.0
 40
-10.0
 40
-10.0
 40
-10.0
 40
-9.0
 40
-9.0
 40
-9.0
 40
-9.0
 10
119.4568781051304
 20
94.45444558426286
 30
0.0
 10
119.4568781051184
 20
94.73058795917788
 30
0.0
 10
119.2330204800222
 20
94.95444558425266
 30
0.0
 10
118.9568781051062
 20
94.95444558423864
 30
0.0
  0
LINE
  5
581
330
1F
100
AcDbEntity
  8
0
100
AcDbLine
 10
195.94437810253
 20
151.6044455877391
 30
0.0
 11
195.9443781031208
 21
138.6044455877475
 31
0.0
  0
SPLINE
  5
582
330
1F
100
AcDbEntity
  8
0
100
AcDbSpline
210
0.0
220
0.0
230
1.0
 70
     8
 71
     3
 72
     8
 73
     4
 74
     0
 42
0.000000001
 43
0.0000000001
 40
-8.0
 40
-8.0
 40
-8.0
 40
-8.0
 40
-7.0
 40
-7.0
 40
-7.0
 40
-7.0
 10
195.9443781031208
 20
138.6044455877475
 30
0.0
 10
195.9443781031335
 20
138.328303212831
 30
0.0
 10
196.1682357282275
 20
138.1044455877571
 30
0.0
 10
196.4443781031439
 20
138.1044455877692
 30
0.0
  0
LINE
  5
583
330
1F
100
AcDbEntity
  8
0
100
AcDbLine
 10
196.4443781031439
 20
138.1044455877692
 30
0.0
 11
209.4443781031424
 21
138.1044455883606
 31
0.0
  0
SPLINE
  5
584
330
1F
100
AcDbEntity
  8
0
100
AcDbSpline
210
0.0
220
0.0
230
1.0
 70
     8
 71
     3
 72
     8
 73
     4
 74
     0
 42
0.000000001
 43
0.0000000001
 40
-14.0
 40
-14.0
 40
-14.0
 40
-14.0
 40
-13.0
 40
-13.0
 40
-13.0
 40
-13.0
 10
209.4443781031424
 20
138.1044455883606
 30
0.0
 10
209.7205204780576
 20
138.1044455883728
 30
0.0
 10
209.9443781031321
 20
138.3283032134679
 30
0.0
 10
209.9443781031194
 20
138.604445588383
 30
0.0
  0
LINE
  5
585
330
1F
100
AcDbEntity
  8
0
100
AcDbLine
 10
209.9443781031194
 20
138.604445588383
 30
0.0
 11
209.9443781025299
 21
151.6044455883769
 31
0.0
  0
SPLINE
  5
586
330
1F
100
AcDbEntity
  8
0
100
AcDbSpline
210
0.0
220
0.0
230
1.0
 70
     8
 71
     3
 72
     8
 73
     4
 74
     0
 42
0.000000001
 43
0.0000000001
 40
-12.0
 40
-12.0
 40
-12.0
 40
-12.0
 40
-11.0
 40
-11.0
 40
-11.0
 40
-11.0
 10
209.9443781025299
 20
151.6044455883769
 30
0.0
 10
209.9443781025171
 20
151.8805879632919
 30
0.0
 10
209.7205204774219
 20
152.1044455883667
 30
0.0
 10
209.4443781025069
 20
152.1044455883547
 30
0.0
  0
LINE
  5
587
330
1F
100
AcDbEntity
  8
0
100
AcDbLine
 10
209.4443781025069
 20
152.1044455883547
 30
0.0
 11
196.444378102507
 21
152.1044455877623
 31
0.0
  0
SPLINE
  5
588
330
1F
100
AcDbEntity
  8
0
100
AcDbSpline
210
0.0
220
0.0
230
1.0
 70
     8
 71
     3
 72
     8
 73
     4
 74
     0
 42
0.000000001
 43
0.0000000001
 40
-10.0
 40
-10.0
 40
-10.0
 40
-10.0
 40
-9.0
 40
-9.0
 40
-9.0
 40
-9.0
 10
196.444378102507
 20
152.1044455877623
 30
0.0
 10
196.1682357275925
 20
152.1044455877484
 30
0.0
 10
195.9443781025172
 20
151.8805879626552
 30
0.0
 10
195.94437810253
 20
151.6044455877391
 30
0.0
  0
LINE
  5
589
330
1F
100
AcDbEntity
  8
0
100
AcDbLine
 10
176.8943781025305
 20
151.6044455868748
 30
0.0
 11
176.8943781031206
 21
138.6044455868798
 31
0.0
  0
SPLINE
  5
590
330
1F
100
AcDbEntity
  8
0
100
AcDbSpline
210
0.0
220
0.0
230
1.0
 70
     8
 71
     3
 72
     8
 73
     4
 74
     0
 42
0.000000001
 43
0.0000000001
 40
-8.0
 40
-8.0
 40
-8.0
 40
-8.0
 40
-7.0
 40
-7.0
 40
-7.0
 40
-7.0
 10
176.8943781031206
 20
138.6044455868798
 30
0.0
 10
176.8943781031333
 20
138.3283032119647
 30
0.0
 10
177.1182357282286
 20
138.1044455868895
 30
0.0
 10
177.3943781031437
 20
138.1044455869029
 30
0.0
  0
LINE
  5
591
330
1F
100
AcDbEntity
  8
0
100
AcDbLine
 10
177.3943781031437
 20
138.1044455869029
 30
0.0
 11
190.3943781031422
 21
138.1044455874944
 31
0.0
  0
SPLINE
  5
592
330
1F
100
AcDbEntity
  8
0
100
AcDbSpline
210
0.0
220
0.0
230
1.0
 70
     8
 71
     3
 72
     8
 73
     4
 74
     0
 42
0.000000001
 43
0.0000000001
 40
-14.0
 40
-14.0
 40
-14.0
 40
-14.0
 40
-13.0
 40
-13.0
 40
-13.0
 40
-13.0
 10
190.3943781031422
 20
138.1044455874944
 30
0.0
 10
190.6705204780587
 20
138.1044455875064
 30
0.0
 10
190.8943781031326
 20
138.3283032126016
 30
0.0
 10
190.8943781031199
 20
138.6044455875168
 30
0.0
  0
LINE
  5
593
330
1F
100
AcDbEntity
  8
0
100
AcDbLine
 10
190.8943781031199
 20
138.6044455875168
 30
0.0
 11
190.8943781025297
 21
151.6044455875106
 31
0.0
  0
SPLINE
  5
594
330
1F
100
AcDbEntity
  8
0
100
AcDbSpline
210
0.0
220
0.0
230
1.0
 70
     8
 71
     3
 72
     8
 73
     4
 74
     0
 42
0.000000001
 43
0.0000000001
 40
-12.0
 40
-12.0
 40
-12.0
 40
-12.0
 40
-11.0
 40
-11.0
 40
-11.0
 40
-11.0
 10
190.8943781025297
 20
151.6044455875106
 30
0.0
 10
190.8943781025169
 20
151.8805879624266
 30
0.0
 10
190.6705204774224
 20
152.1044455875003
 30
0.0
 10
190.3943781025072
 20
152.1044455874885
 30
0.0
  0
LINE
  5
595
330
1F
100
AcDbEntity
  8
0
100
AcDbLine
 10
190.3943781025072
 20
152.1044455874885
 30
0.0
 11
177.3943781025074
 21
152.104445586897
 31
0.0
  0
SPLINE
  5
596
330
1F
100
AcDbEntity
  8
0
100
AcDbSpline
210
0.0
220
0.0
230
1.0
 70
     8
 71
     3
 72
     8
 73
     4
 74
     0
 42
0.000000001
 43
0.0000000001
 40
-10.0
 40
-10.0
 40
-10.0
 40
-10.0
 40
-9.0
 40
-9.0
 40
-9.0
 40
-9.0
 10
177.3943781025074
 20
152.104445586897
 30
0.0
 10
177.1182357275916
 20
152.1044455868841
 30
0.0
 10
176.8943781025184
 20
151.8805879617898
 30
0.0
 10
176.8943781025305
 20
151.6044455868748
 30
0.0
  0
LINE
  5
597
330
1F
100
AcDbEntity
  8
0
100
AcDbLine
 10
286.1443781031183
 20
138.6044455918469
 30
0.0
 11
286.144378102529
 21
151.6044455918432
 31
0.0
  0
SPLINE
  5
598
330
1F
100
AcDbEntity
  8
0
100
AcDbSpline
210
0.0
220
0.0
230
1.0
 70
     8
 71
     3
 72
     8
 73
     4
 74
     0
 42
0.000000001
 43
0.0000000001
 40
-8.0
 40
-8.0
 40
-8.0
 40
-8.0
 40
-7.0
 40
-7.0
 40
-7.0
 40
-7.0
 10
286.144378102529
 20
151.6044455918432
 30
0.0
 10
286.144378102515
 20
151.8805879667583
 30
0.0
 10
285.9205204774188
 20
152.1044455918321
 30
0.0
 10
285.6443781025047
 20
152.10444559182
 30
0.0
  0
LINE
  5
599
330
1F
100
AcDbEntity
  8
0
100
AcDbLine
 10
285.6443781025047
 20
152.10444559182
 30
0.0
 11
272.6443781025047
 21
152.1044455912257
 31
0.0
  0
SPLINE
  5
600
330
1F
100
AcDbEntity
  8
0
100
AcDbSpline
210
0.0
220
0.0
230
1.0
 70
     8
 71
     3
 72
     8
 73
     4
 74
     0
 42
0.000000001
 43
0.0000000001
 40
-14.0
 40
-14.0
 40
-14.0
 40
-14.0
 40
-13.0
 40
-13.0
 40
-13.0
 40
-13.0
 10
272.6443781025047
 20
152.1044455912257
 30
0.0
 10
272.3682357275907
 20
152.1044455912137
 30
0.0
 10
272.144378102517
 20
151.8805879661185
 30
0.0
 10
272.144378102529
 20
151.6044455912025
 30
0.0
  0
LINE
  5
601
330
1F
100
AcDbEntity
  8
0
100
AcDbLine
 10
272.144378102529
 20
151.6044455912025
 30
0.0
 11
272.1443781031193
 21
138.6044455912101
 31
0.0
  0
SPLINE
  5
602
330
1F
100
AcDbEntity
  8
0
100
AcDbSpline
210
0.0
220
0.0
230
1.0
 70
     8
 71
     3
 72
     8
 73
     4
 74
     0
 42
0.000000001
 43
0.0000000001
 40
-12.0
 40
-12.0
 40
-12.0
 40
-12.0
 40
-11.0
 40
-11.0
 40
-11.0
 40
-11.0
 10
272.1443781031193
 20
138.6044455912101
 30
0.0
 10
272.1443781031332
 20
138.3283032162962
 30
0.0
 10
272.3682357282265
 20
138.104445591221
 30
0.0
 10
272.6443781031415
 20
138.1044455912332
 30
0.0
  0
LINE
  5
603
330
1F
100
AcDbEntity
  8
0
100
AcDbLine
 10
272.6443781031415
 20
138.1044455912332
 30
0.0
 11
285.6443781031415
 21
138.1044455918245
 31
0.0
  0
SPLINE
  5
604
330
1F
100
AcDbEntity
  8
0
100
AcDbSpline
210
0.0
220
0.0
230
1.0
 70
     8
 71
     3
 72
     8
 73
     4
 74
     0
 42
0.000000001
 43
0.0000000001
 40
-10.0
 40
-10.0
 40
-10.0
 40
-10.0
 40
-9.0
 40
-9.0
 40
-9.0
 40
-9.0
 10
285.6443781031415
 20
138.1044455918245
 30
0.0
 10
285.9205204780565
 20
138.1044455918367
 30
0.0
 10
286.1443781031322
 20
138.3283032169319
 30
0.0
 10
286.1443781031183
 20
138.6044455918469
 30
0.0
  0
LINE
  5
605
330
1F
100
AcDbEntity
  8
0
100
AcDbLine
 10
133.2443781025079
 20
152.1044455848894
 30
0.0
 11
120.2443781025082
 21
152.104445584298
 31
0.0
  0
SPLINE
  5
606
330
1F
100
AcDbEntity
  8
0
100
AcDbSpline
210
0.0
220
0.0
230
1.0
 70
     8
 71
     3
 72
     8
 73
     4
 74
     0
 42
0.000000001
 43
0.0000000001
 40
-8.0
 40
-8.0
 40
-8.0
 40
-8.0
 40
-7.0
 40
-7.0
 40
-7.0
 40
-7.0
 10
120.2443781025082
 20
152.104445584298
 30
0.0
 10
119.9682357275932
 20
152.104445584286
 30
0.0
 10
119.7443781025184
 20
151.8805879591918
 30
0.0
 10
119.7443781025314
 20
151.6044455842748
 30
0.0
  0
LINE
  5
607
330
1F
100
AcDbEntity
  8
0
100
AcDbLine
 10
119.7443781025314
 20
151.6044455842748
 30
0.0
 11
119.7443781031227
 21
138.6044455842822
 31
0.0
  0
SPLINE
  5
608
330
1F
100
AcDbEntity
  8
0
100
AcDbSpline
210
0.0
220
0.0
230
1.0
 70
     8
 71
     3
 72
     8
 73
     4
 74
     0
 42
0.000000001
 43
0.0000000001
 40
-14.0
 40
-14.0
 40
-14.0
 40
-14.0
 40
-13.0
 40
-13.0
 40
-13.0
 40
-13.0
 10
119.7443781031227
 20
138.6044455842822
 30
0.0
 10
119.7443781031336
 20
138.328303209367
 30
0.0
 10
119.9682357282279
 20
138.1044455842932
 30
0.0
 10
120.2443781031429
 20
138.1044455843041
 30
0.0
  0
LINE
  5
609
330
1F
100
AcDbEntity
  8
0
100
AcDbLine
 10
120.2443781031429
 20
138.1044455843041
 30
0.0
 11
133.244378103143
 21
138.1044455848941
 31
0.0
  0
SPLINE
  5
610
330
1F
100
AcDbEntity
  8
0
100
AcDbSpline
210
0.0
220
0.0
230
1.0
 70
     8
 71
     3
 72
     8
 73
     4
 74
     0
 42
0.000000001
 43
0.0000000001
 40
-12.0
 40
-12.0
 40
-12.0
 40
-12.0
 40
-11.0
 40
-11.0
 40
-11.0
 40
-11.0
 10
133.244378103143
 20
138.1044455848941
 30
0.0
 10
133.5205204780594
 20
138.1044455849063
 30
0.0
 10
133.7443781031334
 20
138.3283032100027
 30
0.0
 10
133.7443781031204
 20
138.6044455849178
 30
0.0
  0
LINE
  5
611
330
1F
100
AcDbEntity
  8
0
100
AcDbLine
 10
133.7443781031204
 20
138.6044455849178
 30
0.0
 11
133.7443781025297
 21
151.6044455849126
 31
0.0
  0
SPLINE
  5
612
330
1F
100
AcDbEntity
  8
0
100
AcDbSpline
210
0.0
220
0.0
230
1.0
 70
     8
 71
     3
 72
     8
 73
     4
 74
     0
 42
0.000000001
 43
0.0000000001
 40
-10.0
 40
-10.0
 40
-10.0
 40
-10.0
 40
-9.0
 40
-9.0
 40
-9.0
 40
-9.0
 10
133.7443781025297
 20
151.6044455849126
 30
0.0
 10
133.744378102517
 20
151.8805879598285
 30
0.0
 10
133.5205204774231
 20
152.1044455849013
 30
0.0
 10
133.2443781025079
 20
152.1044455848894
 30
0.0
  0
LINE
  5
613
330
1F
100
AcDbEntity
  8
0
100
AcDbLine
 10
114.6943781031217
 20
138.6044455840515
 30
0.0
 11
114.6943781025314
 21
151.6044455840462
 31
0.0
  0
SPLINE
  5
614
330
1F
100
AcDbEntity
  8
0
100
AcDbSpline
210
0.0
220
0.0
230
1.0
 70
     8
 71
     3
 72
     8
 73
     4
 74
     0
 42
0.000000001
 43
0.0000000001
 40
-8.0
 40
-8.0
 40
-8.0
 40
-8.0
 40
-7.0
 40
-7.0
 40
-7.0
 40
-7.0
 10
114.6943781025314
 20
151.6044455840462
 30
0.0
 10
114.6943781025184
 20
151.8805879589612
 30
0.0
 10
114.4705204774232
 20
152.104445584035
 30
0.0
 10
114.1943781025082
 20
152.104445584023
 30
0.0
  0
LINE
  5
615
330
1F
100
AcDbEntity
  8
0
100
AcDbLine
 10
114.1943781025082
 20
152.104445584023
 30
0.0
 11
101.1943781025081
 21
152.1044455834317
 31
0.0
  0
SPLINE
  5
616
330
1F
100
AcDbEntity
  8
0
100
AcDbSpline
210
0.0
220
0.0
230
1.0
 70
     8
 71
     3
 72
     8
 73
     4
 74
     0
 42
0.000000001
 43
0.0000000001
 40
-14.0
 40
-14.0
 40
-14.0
 40
-14.0
 40
-13.0
 40
-13.0
 40
-13.0
 40
-13.0
 10
101.1943781025081
 20
152.1044455834317
 30
0.0
 10
100.9182357275932
 20
152.1044455834187
 30
0.0
 10
100.6943781025194
 20
151.8805879583245
 30
0.0
 10
100.6943781025324
 20
151.6044455834095
 30
0.0
  0
LINE
  5
617
330
1F
100
AcDbEntity
  8
0
100
AcDbLine
 10
100.6943781025324
 20
151.6044455834095
 30
0.0
 11
100.6943781031237
 21
138.6044455834146
 31
0.0
  0
SPLINE
  5
618
330
1F
100
AcDbEntity
  8
0
100
AcDbSpline
210
0.0
220
0.0
230
1.0
 70
     8
 71
     3
 72
     8
 73
     4
 74
     0
 42
0.000000001
 43
0.0000000001
 40
-12.0
 40
-12.0
 40
-12.0
 40
-12.0
 40
-11.0
 40
-11.0
 40
-11.0
 40
-11.0
 10
100.6943781031237
 20
138.6044455834146
 30
0.0
 10
100.6943781031367
 20
138.3283032084995
 30
0.0
 10
100.9182357282289
 20
138.1044455834255
 30
0.0
 10
101.1943781031449
 20
138.1044455834377
 30
0.0
  0
LINE
  5
619
330
1F
100
AcDbEntity
  8
0
100
AcDbLine
 10
101.1943781031449
 20
138.1044455834377
 30
0.0
 11
114.1943781031439
 21
138.1044455840277
 31
0.0
  0
SPLINE
  5
620
330
1F
100
AcDbEntity
  8
0
100
AcDbSpline
210
0.0
220
0.0
230
1.0
 70
     8
 71
     3
 72
     8
 73
     4
 74
     0
 42
0.000000001
 43
0.0000000001
 40
-10.0
 40
-10.0
 40
-10.0
 40
-10.0
 40
-9.0
 40
-9.0
 40
-9.0
 40
-9.0
 10
114.1943781031439
 20
138.1044455840277
 30
0.0
 10
114.4705204780599
 20
138.10444558404
 30
0.0
 10
114.6943781031326
 20
138.3283032091364
 30
0.0
 10
114.6943781031217
 20
138.6044455840515
 30
0.0
  0
LINE
  5
621
330
1F
100
AcDbEntity
  8
0
100
AcDbLine
 10
253.5943781031429
 20
138.1044455903669
 30
0.0
 11
266.5943781031415
 21
138.1044455909595
 31
0.0
  0
SPLINE
  5
622
330
1F
100
AcDbEntity
  8
0
100
AcDbSpline
210
0.0
220
0.0
230
1.0
 70
     8
 71
     3
 72
     8
 73
     4
 74
     0
 42
0.000000001
 43
0.0000000001
 40
-8.0
 40
-8.0
 40
-8.0
 40
-8.0
 40
-7.0
 40
-7.0
 40
-7.0
 40
-7.0
 10
266.5943781031415
 20
138.1044455909595
 30
0.0
 10
266.8705204780565
 20
138.1044455909717
 30
0.0
 10
267.0943781031323
 20
138.3283032160655
 30
0.0
 10
267.0943781031193
 20
138.6044455909821
 30
0.0
  0
LINE
  5
623
330
1F
100
AcDbEntity
  8
0
100
AcDbLine
 10
267.0943781031193
 20
138.6044455909821
 30
0.0
 11
267.0943781025279
 21
151.6044455909769
 31
0.0
  0
SPLINE
  5
624
330
1F
100
AcDbEntity
  8
0
100
AcDbSpline
210
0.0
220
0.0
230
1.0
 70
     8
 71
     3
 72
     8
 73
     4
 74
     0
 42
0.000000001
 43
0.0000000001
 40
-14.0
 40
-14.0
 40
-14.0
 40
-14.0
 40
-13.0
 40
-13.0
 40
-13.0
 40
-13.0
 10
267.0943781025279
 20
151.6044455909769
 30
0.0
 10
267.094378102516
 20
151.8805879658919
 30
0.0
 10
266.8705204774207
 20
152.1044455909657
 30
0.0
 10
266.5943781025057
 20
152.1044455909527
 30
0.0
  0
LINE
  5
625
330
1F
100
AcDbEntity
  8
0
100
AcDbLine
 10
266.5943781025057
 20
152.1044455909527
 30
0.0
 11
253.5943781025059
 21
152.1044455903594
 31
0.0
  0
SPLINE
  5
626
330
1F
100
AcDbEntity
  8
0
100
AcDbSpline
210
0.0
220
0.0
230
1.0
 70
     8
 71
     3
 72
     8
 73
     4
 74
     0
 42
0.000000001
 43
0.0000000001
 40
-12.0
 40
-12.0
 40
-12.0
 40
-12.0
 40
-11.0
 40
-11.0
 40
-11.0
 40
-11.0
 10
253.5943781025059
 20
152.1044455903594
 30
0.0
 10
253.3182357275908
 20
152.1044455903474
 30
0.0
 10
253.0943781025169
 20
151.8805879652542
 30
0.0
 10
253.094378102529
 20
151.6044455903382
 30
0.0
  0
LINE
  5
627
330
1F
100
AcDbEntity
  8
0
100
AcDbLine
 10
253.094378102529
 20
151.6044455903382
 30
0.0
 11
253.0943781031204
 21
138.6044455903451
 31
0.0
  0
SPLINE
  5
628
330
1F
100
AcDbEntity
  8
0
100
AcDbSpline
210
0.0
220
0.0
230
1.0
 70
     8
 71
     3
 72
     8
 73
     4
 74
     0
 42
0.000000001
 43
0.0000000001
 40
-10.0
 40
-10.0
 40
-10.0
 40
-10.0
 40
-9.0
 40
-9.0
 40
-9.0
 40
-9.0
 10
253.0943781031204
 20
138.6044455903451
 30
0.0
 10
253.0943781031326
 20
138.3283032154287
 30
0.0
 10
253.3182357282277
 20
138.1044455903547
 30
0.0
 10
253.5943781031429
 20
138.1044455903669
 30
0.0
  0
LINE
  5
629
330
1F
100
AcDbEntity
  8
0
100
AcDbLine
 10
291.6943781031415
 20
138.1044455920995
 30
0.0
 11
304.6943781031405
 21
138.1044455926909
 31
0.0
  0
SPLINE
  5
630
330
1F
100
AcDbEntity
  8
0
100
AcDbSpline
210
0.0
220
0.0
230
1.0
 70
     8
 71
     3
 72
     8
 73
     4
 74
     0
 42
0.000000001
 43
0.0000000001
 40
-8.0
 40
-8.0
 40
-8.0
 40
-8.0
 40
-7.0
 40
-7.0
 40
-7.0
 40
-7.0
 10
304.6943781031405
 20
138.1044455926909
 30
0.0
 10
304.9705204780565
 20
138.1044455927031
 30
0.0
 10
305.1943781031302
 20
138.3283032177982
 30
0.0
 10
305.1943781031182
 20
138.6044455927134
 30
0.0
  0
LINE
  5
631
330
1F
100
AcDbEntity
  8
0
100
AcDbLine
 10
305.1943781031182
 20
138.6044455927134
 30
0.0
 11
305.1943781025269
 21
151.6044455927076
 31
0.0
  0
SPLINE
  5
632
330
1F
100
AcDbEntity
  8
0
100
AcDbSpline
210
0.0
220
0.0
230
1.0
 70
     8
 71
     3
 72
     8
 73
     4
 74
     0
 42
0.000000001
 43
0.0000000001
 40
-14.0
 40
-14.0
 40
-14.0
 40
-14.0
 40
-13.0
 40
-13.0
 40
-13.0
 40
-13.0
 10
305.1943781025269
 20
151.6044455927076
 30
0.0
 10
305.194378102515
 20
151.8805879676236
 30
0.0
 10
304.9705204774217
 20
152.1044455926984
 30
0.0
 10
304.6943781025058
 20
152.1044455926864
 30
0.0
  0
LINE
  5
633
330
1F
100
AcDbEntity
  8
0
100
AcDbLine
 10
304.6943781025058
 20
152.1044455926864
 30
0.0
 11
291.6943781025048
 21
152.104445592091
 31
0.0
  0
SPLINE
  5
634
330
1F
100
AcDbEntity
  8
0
100
AcDbSpline
210
0.0
220
0.0
230
1.0
 70
     8
 71
     3
 72
     8
 73
     4
 74
     0
 42
0.000000001
 43
0.0000000001
 40
-12.0
 40
-12.0
 40
-12.0
 40
-12.0
 40
-11.0
 40
-11.0
 40
-11.0
 40
-11.0
 10
291.6943781025048
 20
152.104445592091
 30
0.0
 10
291.4182357275897
 20
152.1044455920791
 30
0.0
 10
291.194378102516
 20
151.8805879669849
 30
0.0
 10
291.194378102529
 20
151.6044455920698
 30
0.0
  0
LINE
  5
635
330
1F
100
AcDbEntity
  8
0
100
AcDbLine
 10
291.194378102529
 20
151.6044455920698
 30
0.0
 11
291.1943781031193
 21
138.6044455920778
 31
0.0
  0
SPLINE
  5
636
330
1F
100
AcDbEntity
  8
0
100
AcDbSpline
210
0.0
220
0.0
230
1.0
 70
     8
 71
     3
 72
     8
 73
     4
 74
     0
 42
0.000000001
 43
0.0000000001
 40
-10.0
 40
-10.0
 40
-10.0
 40
-10.0
 40
-9.0
 40
-9.0
 40
-9.0
 40
-9.0
 10
291.1943781031193
 20
138.6044455920778
 30
0.0
 10
291.1943781031313
 20
138.3283032171612
 30
0.0
 10
291.4182357282265
 20
138.1044455920874
 30
0.0
 10
291.6943781031415
 20
138.1044455920995
 30
0.0
  0
LINE
  5
637
330
1F
100
AcDbEntity
  8
0
100
AcDbLine
 10
152.2943781025069
 20
152.1044455857557
 30
0.0
 11
139.2943781025083
 21
152.1044455851643
 31
0.0
  0
SPLINE
  5
638
330
1F
100
AcDbEntity
  8
0
100
AcDbSpline
210
0.0
220
0.0
230
1.0
 70
     8
 71
     3
 72
     8
 73
     4
 74
     0
 42
0.000000001
 43
0.0000000001
 40
-8.0
 40
-8.0
 40
-8.0
 40
-8.0
 40
-7.0
 40
-7.0
 40
-7.0
 40
-7.0
 10
139.2943781025083
 20
152.1044455851643
 30
0.0
 10
139.0182357275932
 20
152.1044455851524
 30
0.0
 10
138.7943781025179
 20
151.8805879600571
 30
0.0
 10
138.7943781025307
 20
151.6044455851422
 30
0.0
  0
LINE
  5
639
330
1F
100
AcDbEntity
  8
0
100
AcDbLine
 10
138.7943781025307
 20
151.6044455851422
 30
0.0
 11
138.7943781031215
 21
138.6044455851485
 31
0.0
  0
SPLINE
  5
640
330
1F
100
AcDbEntity
  8
0
100
AcDbSpline
210
0.0
220
0.0
230
1.0
 70
     8
 71
     3
 72
     8
 73
     4
 74
     0
 42
0.000000001
 43
0.0000000001
 40
-14.0
 40
-14.0
 40
-14.0
 40
-14.0
 40
-13.0
 40
-13.0
 40
-13.0
 40
-13.0
 10
138.7943781031215
 20
138.6044455851485
 30
0.0
 10
138.7943781031342
 20
138.3283032102333
 30
0.0
 10
139.0182357282282
 20
138.1044455851582
 30
0.0
 10
139.2943781031446
 20
138.1044455851703
 30
0.0
  0
LINE
  5
641
330
1F
100
AcDbEntity
  8
0
100
AcDbLine
 10
139.2943781031446
 20
138.1044455851703
 30
0.0
 11
152.2943781031431
 21
138.1044455857604
 31
0.0
  0
SPLINE
  5
642
330
1F
100
AcDbEntity
  8
0
100
AcDbSpline
210
0.0
220
0.0
230
1.0
 70
     8
 71
     3
 72
     8
 73
     4
 74
     0
 42
0.000000001
 43
0.0000000001
 40
-12.0
 40
-12.0
 40
-12.0
 40
-12.0
 40
-11.0
 40
-11.0
 40
-11.0
 40
-11.0
 10
152.2943781031431
 20
138.1044455857604
 30
0.0
 10
152.5705204780583
 20
138.1044455857739
 30
0.0
 10
152.7943781031334
 20
138.3283032108677
 30
0.0
 10
152.7943781031207
 20
138.6044455857828
 30
0.0
  0
LINE
  5
643
330
1F
100
AcDbEntity
  8
0
100
AcDbLine
 10
152.7943781031207
 20
138.6044455857828
 30
0.0
 11
152.7943781025299
 21
151.6044455857789
 31
0.0
  0
SPLINE
  5
644
330
1F
100
AcDbEntity
  8
0
100
AcDbSpline
210
0.0
220
0.0
230
1.0
 70
     8
 71
     3
 72
     8
 73
     4
 74
     0
 42
0.000000001
 43
0.0000000001
 40
-10.0
 40
-10.0
 40
-10.0
 40
-10.0
 40
-9.0
 40
-9.0
 40
-9.0
 40
-9.0
 10
152.7943781025299
 20
151.6044455857789
 30
0.0
 10
152.7943781025171
 20
151.8805879606939
 30
0.0
 10
152.5705204774233
 20
152.1044455857696
 30
0.0
 10
152.2943781025069
 20
152.1044455857557
 30
0.0
  0
LINE
  5
645
330
1F
100
AcDbEntity
  8
0
100
AcDbLine
 10
228.9943781031196
 20
138.6044455892507
 30
0.0
 11
228.9943781025295
 21
151.6044455892443
 31
0.0
  0
SPLINE
  5
646
330
1F
100
AcDbEntity
  8
0
100
AcDbSpline
210
0.0
220
0.0
230
1.0
 70
     8
 71
     3
 72
     8
 73
     4
 74
     0
 42
0.000000001
 43
0.0000000001
 40
-8.0
 40
-8.0
 40
-8.0
 40
-8.0
 40
-7.0
 40
-7.0
 40
-7.0
 40
-7.0
 10
228.9943781025295
 20
151.6044455892443
 30
0.0
 10
228.994378102516
 20
151.8805879641593
 30
0.0
 10
228.7705204774209
 20
152.104445589232
 30
0.0
 10
228.4943781025071
 20
152.10444558922
 30
0.0
  0
LINE
  5
647
330
1F
100
AcDbEntity
  8
0
100
AcDbLine
 10
228.4943781025071
 20
152.10444558922
 30
0.0
 11
215.4943781025065
 21
152.1044455886287
 31
0.0
  0
SPLINE
  5
648
330
1F
100
AcDbEntity
  8
0
100
AcDbSpline
210
0.0
220
0.0
230
1.0
 70
     8
 71
     3
 72
     8
 73
     4
 74
     0
 42
0.000000001
 43
0.0000000001
 40
-14.0
 40
-14.0
 40
-14.0
 40
-14.0
 40
-13.0
 40
-13.0
 40
-13.0
 40
-13.0
 10
215.4943781025065
 20
152.1044455886287
 30
0.0
 10
215.2182357275914
 20
152.1044455886167
 30
0.0
 10
214.9943781025169
 20
151.8805879635215
 30
0.0
 10
214.9943781025296
 20
151.6044455886045
 30
0.0
  0
LINE
  5
649
330
1F
100
AcDbEntity
  8
0
100
AcDbLine
 10
214.9943781025296
 20
151.6044455886045
 30
0.0
 11
214.9943781031204
 21
138.6044455886125
 31
0.0
  0
SPLINE
  5
650
330
1F
100
AcDbEntity
  8
0
100
AcDbSpline
210
0.0
220
0.0
230
1.0
 70
     8
 71
     3
 72
     8
 73
     4
 74
     0
 42
0.000000001
 43
0.0000000001
 40
-12.0
 40
-12.0
 40
-12.0
 40
-12.0
 40
-11.0
 40
-11.0
 40
-11.0
 40
-11.0
 10
214.9943781031204
 20
138.6044455886125
 30
0.0
 10
214.9943781031331
 20
138.3283032136974
 30
0.0
 10
215.2182357282277
 20
138.1044455886234
 30
0.0
 10
215.4943781031428
 20
138.1044455886355
 30
0.0
  0
LINE
  5
651
330
1F
100
AcDbEntity
  8
0
100
AcDbLine
 10
215.4943781031428
 20
138.1044455886355
 30
0.0
 11
228.4943781031426
 21
138.1044455892269
 31
0.0
  0
SPLINE
  5
652
330
1F
100
AcDbEntity
  8
0
100
AcDbSpline
210
0.0
220
0.0
230
1.0
 70
     8
 71
     3
 72
     8
 73
     4
 74
     0
 42
0.000000001
 43
0.0000000001
 40
-10.0
 40
-10.0
 40
-10.0
 40
-10.0
 40
-9.0
 40
-9.0
 40
-9.0
 40
-9.0
 10
228.4943781031426
 20
138.1044455892269
 30
0.0
 10
228.7705204780578
 20
138.104445589239
 30
0.0
 10
228.9943781031318
 20
138.3283032143343
 30
0.0
 10
228.9943781031196
 20
138.6044455892507
 30
0.0
  0
SPLINE
  5
653
330
1F
100
AcDbEntity
  8
0
100
AcDbSpline
210
0.0
220
0.0
230
1.0
 70
     8
 71
     3
 72
     8
 73
     4
 74
     0
 42
0.000000001
 43
0.0000000001
 40
0.0
 40
0.0
 40
0.0
 40
0.0
 40
1.0
 40
1.0
 40
1.0
 40
1.0
 10
76.59437810253137
 20
151.6044455823136
 30
0.0
 10
76.59437810251836
 20
151.8805879572285
 30
0.0
 10
76.37052047742418
 20
152.1044455823043
 30
0.0
 10
76.09437810250918
 20
152.1044455822903
 30
0.0
  0
LINE
  5
654
330
1F
100
AcDbEntity
  8
0
100
AcDbLine
 10
76.09437810250918
 20
152.1044455822903
 30
0.0
 11
63.09437810250918
 21
152.1044455817
 31
0.0
  0
SPLINE
  5
655
330
1F
100
AcDbEntity
  8
0
100
AcDbSpline
210
0.0
220
0.0
230
1.0
 70
     8
 71
     3
 72
     8
 73
     4
 74
     0
 42
0.000000001
 43
0.0000000001
 40
-14.0
 40
-14.0
 40
-14.0
 40
-14.0
 40
-13.0
 40
-13.0
 40
-13.0
 40
-13.0
 10
63.09437810250918
 20
152.1044455817
 30
0.0
 10
62.81823572759418
 20
152.104445581688
 30
0.0
 10
62.59437810251938
 20
151.8805879565928
 30
0.0
 10
62.59437810253237
 20
151.6044455816798
 30
0.0
  0
LINE
  5
656
330
1F
100
AcDbEntity
  8
0
100
AcDbLine
 10
62.59437810253237
 20
151.6044455816798
 30
0.0
 11
62.59437810312167
 21
138.6044455816833
 31
0.0
  0
SPLINE
  5
657
330
1F
100
AcDbEntity
  8
0
100
AcDbSpline
210
0.0
220
0.0
230
1.0
 70
     8
 71
     3
 72
     8
 73
     4
 74
     0
 42
0.000000001
 43
0.0000000001
 40
-12.0
 40
-12.0
 40
-12.0
 40
-12.0
 40
-11.0
 40
-11.0
 40
-11.0
 40
-11.0
 10
62.59437810312167
 20
138.6044455816833
 30
0.0
 10
62.59437810313468
 20
138.3283032067668
 30
0.0
 10
62.81823572822986
 20
138.1044455816929
 30
0.0
 10
63.094378103146
 20
138.1044455817063
 30
0.0
  0
LINE
  5
658
330
1F
100
AcDbEntity
  8
0
100
AcDbLine
 10
63.094378103146
 20
138.1044455817063
 30
0.0
 11
76.09437810314386
 21
138.1044455822964
 31
0.0
  0
SPLINE
  5
659
330
1F
100
AcDbEntity
  8
0
100
AcDbSpline
210
0.0
220
0.0
230
1.0
 70
     8
 71
     3
 72
     8
 73
     4
 74
     0
 42
0.000000001
 43
0.0000000001
 40
-10.0
 40
-10.0
 40
-10.0
 40
-10.0
 40
-9.0
 40
-9.0
 40
-9.0
 40
-9.0
 10
76.09437810314386
 20
138.1044455822964
 30
0.0
 10
76.37052047805989
 20
138.1044455823086
 30
0.0
 10
76.59437810313367
 20
138.3283032074037
 30
0.0
 10
76.59437810312167
 20
138.6044455823188
 30
0.0
  0
LINE
  5
660
330
1F
100
AcDbEntity
  8
0
100
AcDbLine
 10
76.59437810312167
 20
138.6044455823188
 30
0.0
 11
76.59437810253137
 21
151.6044455823136
 31
0.0
  0
LINE
  5
661
330
1F
100
AcDbEntity
  8
0
100
AcDbLine
 10
171.8443781031209
 20
138.6044455866517
 30
0.0
 11
171.8443781025301
 21
151.6044455866452
 31
0.0
  0
SPLINE
  5
662
330
1F
100
AcDbEntity
  8
0
100
AcDbSpline
210
0.0
220
0.0
230
1.0
 70
     8
 71
     3
 72
     8
 73
     4
 74
     0
 42
0.000000001
 43
0.0000000001
 40
-8.0
 40
-8.0
 40
-8.0
 40
-8.0
 40
-7.0
 40
-7.0
 40
-7.0
 40
-7.0
 10
171.8443781025301
 20
151.6044455866452
 30
0.0
 10
171.8443781025174
 20
151.8805879615602
 30
0.0
 10
171.6205204774222
 20
152.104445586636
 30
0.0
 10
171.344378102507
 20
152.104445586622
 30
0.0
  0
LINE
  5
663
330
1F
100
AcDbEntity
  8
0
100
AcDbLine
 10
171.344378102507
 20
152.104445586622
 30
0.0
 11
158.3443781025072
 21
152.1044455860307
 31
0.0
  0
SPLINE
  5
664
330
1F
100
AcDbEntity
  8
0
100
AcDbSpline
210
0.0
220
0.0
230
1.0
 70
     8
 71
     3
 72
     8
 73
     4
 74
     0
 42
0.000000001
 43
0.0000000001
 40
-14.0
 40
-14.0
 40
-14.0
 40
-14.0
 40
-13.0
 40
-13.0
 40
-13.0
 40
-13.0
 10
158.3443781025072
 20
152.1044455860307
 30
0.0
 10
158.0682357275921
 20
152.1044455860187
 30
0.0
 10
157.8443781025181
 20
151.8805879609245
 30
0.0
 10
157.8443781025309
 20
151.6044455860085
 30
0.0
  0
LINE
  5
665
330
1F
100
AcDbEntity
  8
0
100
AcDbLine
 10
157.8443781025309
 20
151.6044455860085
 30
0.0
 11
157.8443781031217
 21
138.6044455860137
 31
0.0
  0
SPLINE
  5
666
330
1F
100
AcDbEntity
  8
0
100
AcDbSpline
210
0.0
220
0.0
230
1.0
 70
     8
 71
     3
 72
     8
 73
     4
 74
     0
 42
0.000000001
 43
0.0000000001
 40
-12.0
 40
-12.0
 40
-12.0
 40
-12.0
 40
-11.0
 40
-11.0
 40
-11.0
 40
-11.0
 10
157.8443781031217
 20
138.6044455860137
 30
0.0
 10
157.8443781031344
 20
138.3283032110984
 30
0.0
 10
158.0682357282284
 20
138.1044455860244
 30
0.0
 10
158.3443781031435
 20
138.1044455860379
 30
0.0
  0
LINE
  5
667
330
1F
100
AcDbEntity
  8
0
100
AcDbLine
 10
158.3443781031435
 20
138.1044455860379
 30
0.0
 11
171.3443781031433
 21
138.1044455866292
 31
0.0
  0
SPLINE
  5
668
330
1F
100
AcDbEntity
  8
0
100
AcDbSpline
210
0.0
220
0.0
230
1.0
 70
     8
 71
     3
 72
     8
 73
     4
 74
     0
 42
0.000000001
 43
0.0000000001
 40
-10.0
 40
-10.0
 40
-10.0
 40
-10.0
 40
-9.0
 40
-9.0
 40
-9.0
 40
-9.0
 10
171.3443781031433
 20
138.1044455866292
 30
0.0
 10
171.6205204780585
 20
138.1044455866414
 30
0.0
 10
171.8443781031336
 20
138.3283032117352
 30
0.0
 10
171.8443781031209
 20
138.6044455866517
 30
0.0
  0
LINE
  5
669
330
1F
100
AcDbEntity
  8
0
100
AcDbLine
 10
247.5443781025056
 20
152.1044455900873
 30
0.0
 11
234.5443781025065
 21
152.1044455894931
 31
0.0
  0
SPLINE
  5
670
330
1F
100
AcDbEntity
  8
0
100
AcDbSpline
210
0.0
220
0.0
230
1.0
 70
     8
 71
     3
 72
     8
 73
     4
 74
     0
 42
0.000000001
 43
0.0000000001
 40
-8.0
 40
-8.0
 40
-8.0
 40
-8.0
 40
-7.0
 40
-7.0
 40
-7.0
 40
-7.0
 10
234.5443781025065
 20
152.1044455894931
 30
0.0
 10
234.2682357275925
 20
152.1044455894811
 30
0.0
 10
234.0443781025174
 20
151.8805879643878
 30
0.0
 10
234.0443781025294
 20
151.6044455894718
 30
0.0
  0
LINE
  5
671
330
1F
100
AcDbEntity
  8
0
100
AcDbLine
 10
234.0443781025294
 20
151.6044455894718
 30
0.0
 11
234.0443781031209
 21
138.6044455894789
 31
0.0
  0
SPLINE
  5
672
330
1F
100
AcDbEntity
  8
0
100
AcDbSpline
210
0.0
220
0.0
230
1.0
 70
     8
 71
     3
 72
     8
 73
     4
 74
     0
 42
0.000000001
 43
0.0000000001
 40
-14.0
 40
-14.0
 40
-14.0
 40
-14.0
 40
-13.0
 40
-13.0
 40
-13.0
 40
-13.0
 10
234.0443781031209
 20
138.6044455894789
 30
0.0
 10
234.044378103133
 20
138.3283032145637
 30
0.0
 10
234.2682357282282
 20
138.1044455894883
 30
0.0
 10
234.5443781031433
 20
138.1044455895006
 30
0.0
  0
LINE
  5
673
330
1F
100
AcDbEntity
  8
0
100
AcDbLine
 10
234.5443781031433
 20
138.1044455895006
 30
0.0
 11
247.5443781031425
 21
138.104445590092
 31
0.0
  0
SPLINE
  5
674
330
1F
100
AcDbEntity
  8
0
100
AcDbSpline
210
0.0
220
0.0
230
1.0
 70
     8
 71
     3
 72
     8
 73
     4
 74
     0
 42
0.000000001
 43
0.0000000001
 40
-12.0
 40
-12.0
 40
-12.0
 40
-12.0
 40
-11.0
 40
-11.0
 40
-11.0
 40
-11.0
 10
247.5443781031425
 20
138.104445590092
 30
0.0
 10
247.8205204780577
 20
138.104445590104
 30
0.0
 10
248.0443781031316
 20
138.3283032152005
 30
0.0
 10
248.0443781031195
 20
138.6044455901157
 30
0.0
  0
LINE
  5
675
330
1F
100
AcDbEntity
  8
0
100
AcDbLine
 10
248.0443781031195
 20
138.6044455901157
 30
0.0
 11
248.0443781025293
 21
151.6044455901096
 31
0.0
  0
SPLINE
  5
676
330
1F
100
AcDbEntity
  8
0
100
AcDbSpline
210
0.0
220
0.0
230
1.0
 70
     8
 71
     3
 72
     8
 73
     4
 74
     0
 42
0.000000001
 43
0.0000000001
 40
-10.0
 40
-10.0
 40
-10.0
 40
-10.0
 40
-9.0
 40
-9.0
 40
-9.0
 40
-9.0
 10
248.0443781025293
 20
151.6044455901096
 30
0.0
 10
248.0443781025159
 20
151.8805879650246
 30
0.0
 10
247.8205204774207
 20
152.1044455900994
 30
0.0
 10
247.5443781025056
 20
152.1044455900873
 30
0.0
  0
LINE
  5
677
330
1F
100
AcDbEntity
  8
0
100
AcDbLine
 10
82.14437810314388
 20
138.1044455825713
 30
0.0
 11
95.14437810314388
 21
138.1044455831628
 31
0.0
  0
SPLINE
  5
678
330
1F
100
AcDbEntity
  8
0
100
AcDbSpline
210
0.0
220
0.0
230
1.0
 70
     8
 71
     3
 72
     8
 73
     4
 74
     0
 42
0.000000001
 43
0.0000000001
 40
-8.0
 40
-8.0
 40
-8.0
 40
-8.0
 40
-7.0
 40
-7.0
 40
-7.0
 40
-7.0
 10
95.14437810314388
 20
138.1044455831628
 30
0.0
 10
95.42052047805899
 20
138.1044455831749
 30
0.0
 10
95.64437810313469
 20
138.3283032082687
 30
0.0
 10
95.64437810312169
 20
138.6044455831852
 30
0.0
  0
LINE
  5
679
330
1F
100
AcDbEntity
  8
0
100
AcDbLine
 10
95.64437810312169
 20
138.6044455831852
 30
0.0
 11
95.64437810253037
 21
151.6044455831799
 31
0.0
  0
SPLINE
  5
680
330
1F
100
AcDbEntity
  8
0
100
AcDbSpline
210
0.0
220
0.0
230
1.0
 70
     8
 71
     3
 72
     8
 73
     4
 74
     0
 42
0.000000001
 43
0.0000000001
 40
-14.0
 40
-14.0
 40
-14.0
 40
-14.0
 40
-13.0
 40
-13.0
 40
-13.0
 40
-13.0
 10
95.64437810253037
 20
151.6044455831799
 30
0.0
 10
95.64437810251838
 20
151.8805879580949
 30
0.0
 10
95.42052047742318
 20
152.1044455831686
 30
0.0
 10
95.14437810250818
 20
152.1044455831557
 30
0.0
  0
LINE
  5
681
330
1F
100
AcDbEntity
  8
0
100
AcDbLine
 10
95.14437810250818
 20
152.1044455831557
 30
0.0
 11
82.14437810250919
 21
152.1044455825663
 31
0.0
  0
SPLINE
  5
682
330
1F
100
AcDbEntity
  8
0
100
AcDbSpline
210
0.0
220
0.0
230
1.0
 70
     8
 71
     3
 72
     8
 73
     4
 74
     0
 42
0.000000001
 43
0.0000000001
 40
-12.0
 40
-12.0
 40
-12.0
 40
-12.0
 40
-11.0
 40
-11.0
 40
-11.0
 40
-11.0
 10
82.14437810250919
 20
152.1044455825663
 30
0.0
 10
81.86823572759321
 20
152.1044455825534
 30
0.0
 10
81.64437810251939
 20
151.8805879574581
 30
0.0
 10
81.64437810253238
 20
151.6044455825441
 30
0.0
  0
LINE
  5
683
330
1F
100
AcDbEntity
  8
0
100
AcDbLine
 10
81.64437810253238
 20
151.6044455825441
 30
0.0
 11
81.64437810312268
 21
138.604445582547
 31
0.0
  0
SPLINE
  5
684
330
1F
100
AcDbEntity
  8
0
100
AcDbSpline
210
0.0
220
0.0
230
1.0
 70
     8
 71
     3
 72
     8
 73
     4
 74
     0
 42
0.000000001
 43
0.0000000001
 40
-10.0
 40
-10.0
 40
-10.0
 40
-10.0
 40
-9.0
 40
-9.0
 40
-9.0
 40
-9.0
 10
81.64437810312268
 20
138.604445582547
 30
0.0
 10
81.6443781031347
 20
138.3283032076318
 30
0.0
 10
81.86823572822888
 20
138.104445582558
 30
0.0
 10
82.14437810314388
 20
138.1044455825713
 30
0.0
  0
LINE
  5
685
330
1F
100
AcDbEntity
  8
0
100
AcDbLine
 10
238.5266589871874
 20
162.4169455896821
 30
0.0
 11
238.5266589865972
 21
175.4169455896821
 31
0.0
  0
SPLINE
  5
686
330
1F
100
AcDbEntity
  8
0
100
AcDbSpline
210
0.0
220
0.0
230
1.0
 70
     8
 71
     3
 72
     8
 73
     4
 74
     0
 42
0.000000001
 43
0.0000000001
 40
-8.0
 40
-8.0
 40
-8.0
 40
-8.0
 40
-7.0
 40
-7.0
 40
-7.0
 40
-7.0
 10
238.5266589865972
 20
175.4169455896821
 30
0.0
 10
238.5266589865838
 20
175.6930879645971
 30
0.0
 10
238.3028013614899
 20
175.9169455896709
 30
0.0
 10
238.0266589865735
 20
175.9169455896589
 30
0.0
  0
LINE
  5
687
330
1F
100
AcDbEntity
  8
0
100
AcDbLine
 10
238.0266589865735
 20
175.9169455896589
 30
0.0
 11
225.0266589865733
 21
175.9169455890675
 31
0.0
  0
SPLINE
  5
688
330
1F
100
AcDbEntity
  8
0
100
AcDbSpline
210
0.0
220
0.0
230
1.0
 70
     8
 71
     3
 72
     8
 73
     4
 74
     0
 42
0.000000001
 43
0.0000000001
 40
-14.0
 40
-14.0
 40
-14.0
 40
-14.0
 40
-13.0
 40
-13.0
 40
-13.0
 40
-13.0
 10
225.0266589865733
 20
175.9169455890675
 30
0.0
 10
224.7505166116581
 20
175.9169455890535
 30
0.0
 10
224.5266589865829
 20
175.6930879639583
 30
0.0
 10
224.5266589865957
 20
175.4169455890433
 30
0.0
  0
LINE
  5
689
330
1F
100
AcDbEntity
  8
0
100
AcDbLine
 10
224.5266589865957
 20
175.4169455890433
 30
0.0
 11
224.5266589871872
 21
162.4169455890433
 31
0.0
  0
SPLINE
  5
690
330
1F
100
AcDbEntity
  8
0
100
AcDbSpline
210
0.0
220
0.0
230
1.0
 70
     8
 71
     3
 72
     8
 73
     4
 74
     0
 42
0.000000001
 43
0.0000000001
 40
-12.0
 40
-12.0
 40
-12.0
 40
-12.0
 40
-11.0
 40
-11.0
 40
-11.0
 40
-11.0
 10
224.5266589871872
 20
162.4169455890433
 30
0.0
 10
224.5266589871999
 20
162.1408032141284
 30
0.0
 10
224.7505166122951
 20
161.9169455890536
 30
0.0
 10
225.0266589872102
 20
161.9169455890666
 30
0.0
  0
LINE
  5
691
330
1F
100
AcDbEntity
  8
0
100
AcDbLine
 10
225.0266589872102
 20
161.9169455890666
 30
0.0
 11
238.0266589872104
 21
161.9169455896599
 31
0.0
  0
SPLINE
  5
692
330
1F
100
AcDbEntity
  8
0
100
AcDbSpline
210
0.0
220
0.0
230
1.0
 70
     8
 71
     3
 72
     8
 73
     4
 74
     0
 42
0.000000001
 43
0.0000000001
 40
-10.0
 40
-10.0
 40
-10.0
 40
-10.0
 40
-9.0
 40
-9.0
 40
-9.0
 40
-9.0
 10
238.0266589872104
 20
161.9169455896599
 30
0.0
 10
238.3028013621255
 20
161.9169455896718
 30
0.0
 10
238.5266589871994
 20
162.1408032147671
 30
0.0
 10
238.5266589871874
 20
162.4169455896821
 30
0.0
  0
LINE
  5
693
330
1F
100
AcDbEntity
  8
0
100
AcDbLine
 10
119.7520698034634
 20
175.4169455842795
 30
0.0
 11
119.7520698040547
 21
162.4169455842795
 31
0.0
  0
SPLINE
  5
694
330
1F
100
AcDbEntity
  8
0
100
AcDbSpline
210
0.0
220
0.0
230
1.0
 70
     8
 71
     3
 72
     8
 73
     4
 74
     0
 42
0.000000001
 43
0.0000000001
 40
11.0
 40
11.0
 40
11.0
 40
11.0
 40
12.0
 40
12.0
 40
12.0
 40
12.0
 10
119.7520698040547
 20
162.4169455842795
 30
0.0
 10
119.7520698040678
 20
162.1408032093645
 30
0.0
 10
119.975927429162
 20
161.9169455842898
 30
0.0
 10
120.2520698040769
 20
161.9169455843027
 30
0.0
  0
LINE
  5
695
330
1F
100
AcDbEntity
  8
0
100
AcDbLine
 10
120.2520698040769
 20
161.9169455843027
 30
0.0
 11
133.2520698040782
 21
161.9169455848941
 31
0.0
  0
SPLINE
  5
696
330
1F
100
AcDbEntity
  8
0
100
AcDbSpline
210
0.0
220
0.0
230
1.0
 70
     8
 71
     3
 72
     8
 73
     4
 74
     0
 42
0.000000001
 43
0.0000000001
 40
13.0
 40
13.0
 40
13.0
 40
13.0
 40
14.0
 40
14.0
 40
14.0
 40
14.0
 10
133.2520698040782
 20
161.9169455848941
 30
0.0
 10
133.5282121789932
 20
161.916945584908
 30
0.0
 10
133.7520698040672
 20
162.1408032100012
 30
0.0
 10
133.7520698040545
 20
162.4169455849162
 30
0.0
  0
LINE
  5
697
330
1F
100
AcDbEntity
  8
0
100
AcDbLine
 10
133.7520698040545
 20
162.4169455849162
 30
0.0
 11
133.752069803465
 21
175.4169455849163
 31
0.0
  0
SPLINE
  5
698
330
1F
100
AcDbEntity
  8
0
100
AcDbSpline
210
0.0
220
0.0
230
1.0
 70
     8
 71
     3
 72
     8
 73
     4
 74
     0
 42
0.000000001
 43
0.0000000001
 40
15.0
 40
15.0
 40
15.0
 40
15.0
 40
16.0
 40
16.0
 40
16.0
 40
16.0
 10
133.752069803465
 20
175.4169455849163
 30
0.0
 10
133.7520698034522
 20
175.6930879598333
 30
0.0
 10
133.5282121783571
 20
175.916945584907
 30
0.0
 10
133.2520698034411
 20
175.9169455848931
 30
0.0
  0
LINE
  5
699
330
1F
100
AcDbEntity
  8
0
100
AcDbLine
 10
133.2520698034411
 20
175.9169455848931
 30
0.0
 11
120.2520698034422
 21
175.9169455843027
 31
0.0
  0
SPLINE
  5
700
330
1F
100
AcDbEntity
  8
0
100
AcDbSpline
210
0.0
220
0.0
230
1.0
 70
     8
 71
     3
 72
     8
 73
     4
 74
     0
 42
0.000000001
 43
0.0000000001
 40
-5.0
 40
-5.0
 40
-5.0
 40
-5.0
 40
-4.0
 40
-4.0
 40
-4.0
 40
-4.0
 10
120.2520698034422
 20
175.9169455843027
 30
0.0
 10
119.9759274285252
 20
175.9169455842897
 30
0.0
 10
119.7520698034514
 20
175.6930879591945
 30
0.0
 10
119.7520698034634
 20
175.4169455842795
 30
0.0
  0
LINE
  5
701
330
1F
100
AcDbEntity
  8
0
100
AcDbLine
 10
243.5766589865949
 20
175.4169455899107
 30
0.0
 11
243.5766589871877
 21
162.4169455899117
 31
0.0
  0
SPLINE
  5
702
330
1F
100
AcDbEntity
  8
0
100
AcDbSpline
210
0.0
220
0.0
230
1.0
 70
     8
 71
     3
 72
     8
 73
     4
 74
     0
 42
0.000000001
 43
0.0000000001
 40
-8.0
 40
-8.0
 40
-8.0
 40
-8.0
 40
-7.0
 40
-7.0
 40
-7.0
 40
-7.0
 10
243.5766589871877
 20
162.4169455899117
 30
0.0
 10
243.5766589871997
 20
162.1408032149957
 30
0.0
 10
243.8005166122937
 20
161.9169455899209
 30
0.0
 10
244.0766589872101
 20
161.9169455899329
 30
0.0
  0
LINE
  5
703
330
1F
100
AcDbEntity
  8
0
100
AcDbLine
 10
244.0766589872101
 20
161.9169455899329
 30
0.0
 11
257.0766589872099
 21
161.9169455905242
 31
0.0
  0
SPLINE
  5
704
330
1F
100
AcDbEntity
  8
0
100
AcDbSpline
210
0.0
220
0.0
230
1.0
 70
     8
 71
     3
 72
     8
 73
     4
 74
     0
 42
0.000000001
 43
0.0000000001
 40
-14.0
 40
-14.0
 40
-14.0
 40
-14.0
 40
-13.0
 40
-13.0
 40
-13.0
 40
-13.0
 10
257.0766589872099
 20
161.9169455905242
 30
0.0
 10
257.3528013621251
 20
161.9169455905362
 30
0.0
 10
257.5766589871989
 20
162.1408032156314
 30
0.0
 10
257.5766589871869
 20
162.4169455905464
 30
0.0
  0
LINE
  5
705
330
1F
100
AcDbEntity
  8
0
100
AcDbLine
 10
257.5766589871869
 20
162.4169455905464
 30
0.0
 11
257.5766589865954
 21
175.4169455905464
 31
0.0
  0
SPLINE
  5
706
330
1F
100
AcDbEntity
  8
0
100
AcDbSpline
210
0.0
220
0.0
230
1.0
 70
     8
 71
     3
 72
     8
 73
     4
 74
     0
 42
0.000000001
 43
0.0000000001
 40
-12.0
 40
-12.0
 40
-12.0
 40
-12.0
 40
-11.0
 40
-11.0
 40
-11.0
 40
-11.0
 10
257.5766589865954
 20
175.4169455905464
 30
0.0
 10
257.5766589865834
 20
175.6930879654615
 30
0.0
 10
257.3528013614882
 20
175.9169455905382
 30
0.0
 10
257.076658986573
 20
175.9169455905262
 30
0.0
  0
LINE
  5
707
330
1F
100
AcDbEntity
  8
0
100
AcDbLine
 10
257.076658986573
 20
175.9169455905262
 30
0.0
 11
244.0766589865719
 21
175.916945589932
 31
0.0
  0
SPLINE
  5
708
330
1F
100
AcDbEntity
  8
0
100
AcDbSpline
210
0.0
220
0.0
230
1.0
 70
     8
 71
     3
 72
     8
 73
     4
 74
     0
 42
0.000000001
 43
0.0000000001
 40
-10.0
 40
-10.0
 40
-10.0
 40
-10.0
 40
-9.0
 40
-9.0
 40
-9.0
 40
-9.0
 10
244.0766589865719
 20
175.916945589932
 30
0.0
 10
243.8005166116567
 20
175.9169455899199
 30
0.0
 10
243.5766589865829
 20
175.6930879648266
 30
0.0
 10
243.5766589865949
 20
175.4169455899107
 30
0.0
  0
SPLINE
  5
709
330
1F
100
AcDbEntity
  8
0
100
AcDbSpline
210
0.0
220
0.0
230
1.0
 70
     8
 71
     3
 72
     8
 73
     4
 74
     0
 42
0.000000001
 43
0.0000000001
 40
-6.0
 40
-6.0
 40
-6.0
 40
-6.0
 40
-5.0
 40
-5.0
 40
-5.0
 40
-5.0
 10
152.302069804077
 20
161.9169455857604
 30
0.0
 10
152.5782121789922
 20
161.9169455857734
 30
0.0
 10
152.8020698040674
 20
162.1408032108676
 30
0.0
 10
152.8020698040546
 20
162.4169455857826
 30
0.0
  0
LINE
  5
710
330
1F
100
AcDbEntity
  8
0
100
AcDbLine
 10
152.8020698040546
 20
162.4169455857826
 30
0.0
 11
152.8020698034633
 21
175.4169455857826
 31
0.0
  0
SPLINE
  5
711
330
1F
100
AcDbEntity
  8
0
100
AcDbSpline
210
0.0
220
0.0
230
1.0
 70
     8
 71
     3
 72
     8
 73
     4
 74
     0
 42
0.000000001
 43
0.0000000001
 40
14.0
 40
14.0
 40
14.0
 40
14.0
 40
15.0
 40
15.0
 40
15.0
 40
15.0
 10
152.8020698034633
 20
175.4169455857826
 30
0.0
 10
152.8020698034504
 20
175.6930879606976
 30
0.0
 10
152.5782121783566
 20
175.9169455857733
 30
0.0
 10
152.3020698034402
 20
175.9169455857614
 30
0.0
  0
LINE
  5
712
330
1F
100
AcDbEntity
  8
0
100
AcDbLine
 10
152.3020698034402
 20
175.9169455857614
 30
0.0
 11
139.3020698034416
 21
175.916945585169
 31
0.0
  0
SPLINE
  5
713
330
1F
100
AcDbEntity
  8
0
100
AcDbSpline
210
0.0
220
0.0
230
1.0
 70
     8
 71
     3
 72
     8
 73
     4
 74
     0
 42
0.000000001
 43
0.0000000001
 40
-10.0
 40
-10.0
 40
-10.0
 40
-10.0
 40
-9.0
 40
-9.0
 40
-9.0
 40
-9.0
 10
139.3020698034416
 20
175.916945585169
 30
0.0
 10
139.0259274285252
 20
175.916945585156
 30
0.0
 10
138.80206980345
 20
175.6930879600608
 30
0.0
 10
138.8020698034627
 20
175.4169455851458
 30
0.0
  0
LINE
  5
714
330
1F
100
AcDbEntity
  8
0
100
AcDbLine
 10
138.8020698034627
 20
175.4169455851458
 30
0.0
 11
138.8020698040541
 21
162.4169455851458
 31
0.0
  0
SPLINE
  5
715
330
1F
100
AcDbEntity
  8
0
100
AcDbSpline
210
0.0
220
0.0
230
1.0
 70
     8
 71
     3
 72
     8
 73
     4
 74
     0
 42
0.000000001
 43
0.0000000001
 40
-8.0
 40
-8.0
 40
-8.0
 40
-8.0
 40
-7.0
 40
-7.0
 40
-7.0
 40
-7.0
 10
138.8020698040541
 20
162.4169455851458
 30
0.0
 10
138.8020698040669
 20
162.1408032102308
 30
0.0
 10
139.025927429162
 20
161.9169455851571
 30
0.0
 10
139.3020698040772
 20
161.916945585169
 30
0.0
  0
LINE
  5
716
330
1F
100
AcDbEntity
  8
0
100
AcDbLine
 10
139.3020698040772
 20
161.916945585169
 30
0.0
 11
152.302069804077
 21
161.9169455857604
 31
0.0
  0
SPLINE
  5
717
330
1F
100
AcDbEntity
  8
0
100
AcDbSpline
210
0.0
220
0.0
230
1.0
 70
     8
 71
     3
 72
     8
 73
     4
 74
     0
 42
0.000000001
 43
0.0000000001
 40
-2.0
 40
-2.0
 40
-2.0
 40
-2.0
 40
-1.0
 40
-1.0
 40
-1.0
 40
-1.0
 10
101.2020698034411
 20
175.9169455834354
 30
0.0
 10
100.9259274285263
 20
175.9169455834234
 30
0.0
 10
100.7020698034505
 20
175.6930879583291
 30
0.0
 10
100.7020698034635
 20
175.4169455834141
 30
0.0
  0
LINE
  5
718
330
1F
100
AcDbEntity
  8
0
100
AcDbLine
 10
100.7020698034635
 20
175.4169455834141
 30
0.0
 11
100.7020698040548
 21
162.4169455834142
 31
0.0
  0
SPLINE
  5
719
330
1F
100
AcDbEntity
  8
0
100
AcDbSpline
210
0.0
220
0.0
230
1.0
 70
     8
 71
     3
 72
     8
 73
     4
 74
     0
 42
0.000000001
 43
0.0000000001
 40
10.0
 40
10.0
 40
10.0
 40
10.0
 40
11.0
 40
11.0
 40
11.0
 40
11.0
 10
100.7020698040548
 20
162.4169455834142
 30
0.0
 10
100.7020698040677
 20
162.1408032084982
 30
0.0
 10
100.925927429162
 20
161.9169455834244
 30
0.0
 10
101.2020698040769
 20
161.9169455834374
 30
0.0
  0
LINE
  5
720
330
1F
100
AcDbEntity
  8
0
100
AcDbLine
 10
101.2020698040769
 20
161.9169455834374
 30
0.0
 11
114.202069804078
 21
161.9169455840277
 31
0.0
  0
SPLINE
  5
721
330
1F
100
AcDbEntity
  8
0
100
AcDbSpline
210
0.0
220
0.0
230
1.0
 70
     8
 71
     3
 72
     8
 73
     4
 74
     0
 42
0.000000001
 43
0.0000000001
 40
12.0
 40
12.0
 40
12.0
 40
12.0
 40
13.0
 40
13.0
 40
13.0
 40
13.0
 10
114.202069804078
 20
161.9169455840277
 30
0.0
 10
114.478212178993
 20
161.9169455840397
 30
0.0
 10
114.7020698040687
 20
162.1408032091359
 30
0.0
 10
114.7020698040558
 20
162.4169455840519
 30
0.0
  0
LINE
  5
722
330
1F
100
AcDbEntity
  8
0
100
AcDbLine
 10
114.7020698040558
 20
162.4169455840519
 30
0.0
 11
114.7020698034654
 21
175.4169455840509
 31
0.0
  0
SPLINE
  5
723
330
1F
100
AcDbEntity
  8
0
100
AcDbSpline
210
0.0
220
0.0
230
1.0
 70
     8
 71
     3
 72
     8
 73
     4
 74
     0
 42
0.000000001
 43
0.0000000001
 40
14.0
 40
14.0
 40
14.0
 40
14.0
 40
15.0
 40
15.0
 40
15.0
 40
15.0
 10
114.7020698034654
 20
175.4169455840509
 30
0.0
 10
114.7020698034525
 20
175.6930879589669
 30
0.0
 10
114.4782121783563
 20
175.9169455840417
 30
0.0
 10
114.2020698034412
 20
175.9169455840287
 30
0.0
  0
LINE
  5
724
330
1F
100
AcDbEntity
  8
0
100
AcDbLine
 10
114.2020698034412
 20
175.9169455840287
 30
0.0
 11
101.2020698034411
 21
175.9169455834354
 31
0.0
  0
LINE
  5
725
330
1F
100
AcDbEntity
  8
0
100
AcDbLine
 10
157.8520698034629
 20
175.4169455860112
 30
0.0
 11
157.8520698040543
 21
162.4169455860112
 31
0.0
  0
SPLINE
  5
726
330
1F
100
AcDbEntity
  8
0
100
AcDbSpline
210
0.0
220
0.0
230
1.0
 70
     8
 71
     3
 72
     8
 73
     4
 74
     0
 42
0.000000001
 43
0.0000000001
 40
-8.0
 40
-8.0
 40
-8.0
 40
-8.0
 40
-7.0
 40
-7.0
 40
-7.0
 40
-7.0
 10
157.8520698040543
 20
162.4169455860112
 30
0.0
 10
157.8520698040671
 20
162.1408032110962
 30
0.0
 10
158.0759274291609
 20
161.9169455860224
 30
0.0
 10
158.3520698040774
 20
161.9169455860354
 30
0.0
  0
LINE
  5
727
330
1F
100
AcDbEntity
  8
0
100
AcDbLine
 10
158.3520698040774
 20
161.9169455860354
 30
0.0
 11
171.3520698040772
 21
161.9169455866267
 31
0.0
  0
SPLINE
  5
728
330
1F
100
AcDbEntity
  8
0
100
AcDbSpline
210
0.0
220
0.0
230
1.0
 70
     8
 71
     3
 72
     8
 73
     4
 74
     0
 42
0.000000001
 43
0.0000000001
 40
-14.0
 40
-14.0
 40
-14.0
 40
-14.0
 40
-13.0
 40
-13.0
 40
-13.0
 40
-13.0
 10
171.3520698040772
 20
161.9169455866267
 30
0.0
 10
171.6282121789924
 20
161.9169455866387
 30
0.0
 10
171.8520698040676
 20
162.1408032117349
 30
0.0
 10
171.8520698040548
 20
162.416945586649
 30
0.0
  0
LINE
  5
729
330
1F
100
AcDbEntity
  8
0
100
AcDbLine
 10
171.8520698040548
 20
162.416945586649
 30
0.0
 11
171.8520698034634
 21
175.41694558665
 31
0.0
  0
SPLINE
  5
730
330
1F
100
AcDbEntity
  8
0
100
AcDbSpline
210
0.0
220
0.0
230
1.0
 70
     8
 71
     3
 72
     8
 73
     4
 74
     0
 42
0.000000001
 43
0.0000000001
 40
-12.0
 40
-12.0
 40
-12.0
 40
-12.0
 40
-11.0
 40
-11.0
 40
-11.0
 40
-11.0
 10
171.8520698034634
 20
175.41694558665
 30
0.0
 10
171.8520698034506
 20
175.6930879615639
 30
0.0
 10
171.6282121783555
 20
175.9169455866377
 30
0.0
 10
171.3520698034403
 20
175.9169455866257
 30
0.0
  0
LINE
  5
731
330
1F
100
AcDbEntity
  8
0
100
AcDbLine
 10
171.3520698034403
 20
175.9169455866257
 30
0.0
 11
158.3520698034405
 21
175.9169455860344
 31
0.0
  0
SPLINE
  5
732
330
1F
100
AcDbEntity
  8
0
100
AcDbSpline
210
0.0
220
0.0
230
1.0
 70
     8
 71
     3
 72
     8
 73
     4
 74
     0
 42
0.000000001
 43
0.0000000001
 40
-10.0
 40
-10.0
 40
-10.0
 40
-10.0
 40
-9.0
 40
-9.0
 40
-9.0
 40
-9.0
 10
158.3520698034405
 20
175.9169455860344
 30
0.0
 10
158.0759274285254
 20
175.9169455860214
 30
0.0
 10
157.8520698034501
 20
175.6930879609272
 30
0.0
 10
157.8520698034629
 20
175.4169455860112
 30
0.0
  0
LINE
  5
733
330
1F
100
AcDbEntity
  8
0
100
AcDbLine
 10
272.143378101446
 20
175.4169455912094
 30
0.0
 11
272.1433781020364
 21
162.4169455912094
 31
0.0
  0
SPLINE
  5
734
330
1F
100
AcDbEntity
  8
0
100
AcDbSpline
210
0.0
220
0.0
230
1.0
 70
     8
 71
     3
 72
     8
 73
     4
 74
     0
 42
0.000000001
 43
0.0000000001
 40
-8.0
 40
-8.0
 40
-8.0
 40
-8.0
 40
-7.0
 40
-7.0
 40
-7.0
 40
-7.0
 10
272.1433781020364
 20
162.4169455912094
 30
0.0
 10
272.1433781020493
 20
162.1408032162944
 30
0.0
 10
272.3672357271446
 20
161.9169455912207
 30
0.0
 10
272.6433781020586
 20
161.9169455912336
 30
0.0
  0
LINE
  5
735
330
1F
100
AcDbEntity
  8
0
100
AcDbLine
 10
272.6433781020586
 20
161.9169455912336
 30
0.0
 11
285.6433781020596
 21
161.916945591824
 31
0.0
  0
SPLINE
  5
736
330
1F
100
AcDbEntity
  8
0
100
AcDbSpline
210
0.0
220
0.0
230
1.0
 70
     8
 71
     3
 72
     8
 73
     4
 74
     0
 42
0.000000001
 43
0.0000000001
 40
-14.0
 40
-14.0
 40
-14.0
 40
-14.0
 40
-13.0
 40
-13.0
 40
-13.0
 40
-13.0
 10
285.6433781020596
 20
161.916945591824
 30
0.0
 10
285.9195204769746
 20
161.916945591836
 30
0.0
 10
286.1433781020494
 20
162.1408032169302
 30
0.0
 10
286.1433781020374
 20
162.4169455918462
 30
0.0
  0
LINE
  5
737
330
1F
100
AcDbEntity
  8
0
100
AcDbLine
 10
286.1433781020374
 20
162.4169455918462
 30
0.0
 11
286.143378101447
 21
175.4169455918452
 31
0.0
  0
SPLINE
  5
738
330
1F
100
AcDbEntity
  8
0
100
AcDbSpline
210
0.0
220
0.0
230
1.0
 70
     8
 71
     3
 72
     8
 73
     4
 74
     0
 42
0.000000001
 43
0.0000000001
 40
-12.0
 40
-12.0
 40
-12.0
 40
-12.0
 40
-11.0
 40
-11.0
 40
-11.0
 40
-11.0
 10
286.143378101447
 20
175.4169455918452
 30
0.0
 10
286.1433781014331
 20
175.6930879667622
 30
0.0
 10
285.9195204763398
 20
175.9169455918359
 30
0.0
 10
285.6433781014248
 20
175.916945591823
 30
0.0
  0
LINE
  5
739
330
1F
100
AcDbEntity
  8
0
100
AcDbLine
 10
285.6433781014248
 20
175.916945591823
 30
0.0
 11
272.6433781014228
 21
175.9169455912316
 31
0.0
  0
SPLINE
  5
740
330
1F
100
AcDbEntity
  8
0
100
AcDbSpline
210
0.0
220
0.0
230
1.0
 70
     8
 71
     3
 72
     8
 73
     4
 74
     0
 42
0.000000001
 43
0.0000000001
 40
-10.0
 40
-10.0
 40
-10.0
 40
-10.0
 40
-9.0
 40
-9.0
 40
-9.0
 40
-9.0
 10
272.6433781014228
 20
175.9169455912316
 30
0.0
 10
272.3672357265068
 20
175.9169455912197
 30
0.0
 10
272.143378101433
 20
175.6930879661244
 30
0.0
 10
272.143378101446
 20
175.4169455912094
 30
0.0
  0
LINE
  5
741
330
1F
100
AcDbEntity
  8
0
100
AcDbLine
 10
205.4766589865961
 20
175.416945588179
 30
0.0
 11
205.476658987187
 21
162.4169455881791
 31
0.0
  0
SPLINE
  5
742
330
1F
100
AcDbEntity
  8
0
100
AcDbSpline
210
0.0
220
0.0
230
1.0
 70
     8
 71
     3
 72
     8
 73
     4
 74
     0
 42
0.000000001
 43
0.0000000001
 40
-8.0
 40
-8.0
 40
-8.0
 40
-8.0
 40
-7.0
 40
-7.0
 40
-7.0
 40
-7.0
 10
205.476658987187
 20
162.4169455881791
 30
0.0
 10
205.4766589871997
 20
162.140803213264
 30
0.0
 10
205.7005166122949
 20
161.9169455881882
 30
0.0
 10
205.97665898721
 20
161.9169455882022
 30
0.0
  0
LINE
  5
743
330
1F
100
AcDbEntity
  8
0
100
AcDbLine
 10
205.97665898721
 20
161.9169455882022
 30
0.0
 11
218.9766589872099
 21
161.9169455887916
 31
0.0
  0
SPLINE
  5
744
330
1F
100
AcDbEntity
  8
0
100
AcDbSpline
210
0.0
220
0.0
230
1.0
 70
     8
 71
     3
 72
     8
 73
     4
 74
     0
 42
0.000000001
 43
0.0000000001
 40
-14.0
 40
-14.0
 40
-14.0
 40
-14.0
 40
-13.0
 40
-13.0
 40
-13.0
 40
-13.0
 10
218.9766589872099
 20
161.9169455887916
 30
0.0
 10
219.2528013621263
 20
161.9169455888055
 30
0.0
 10
219.4766589872002
 20
162.1408032139008
 30
0.0
 10
219.4766589871875
 20
162.4169455888157
 30
0.0
  0
LINE
  5
745
330
1F
100
AcDbEntity
  8
0
100
AcDbLine
 10
219.4766589871875
 20
162.4169455888157
 30
0.0
 11
219.476658986596
 21
175.4169455888157
 31
0.0
  0
SPLINE
  5
746
330
1F
100
AcDbEntity
  8
0
100
AcDbSpline
210
0.0
220
0.0
230
1.0
 70
     8
 71
     3
 72
     8
 73
     4
 74
     0
 42
0.000000001
 43
0.0000000001
 40
-12.0
 40
-12.0
 40
-12.0
 40
-12.0
 40
-11.0
 40
-11.0
 40
-11.0
 40
-11.0
 10
219.476658986596
 20
175.4169455888157
 30
0.0
 10
219.4766589865833
 20
175.6930879637307
 30
0.0
 10
219.2528013614894
 20
175.9169455888045
 30
0.0
 10
218.9766589865736
 20
175.9169455887925
 30
0.0
  0
LINE
  5
747
330
1F
100
AcDbEntity
  8
0
100
AcDbLine
 10
218.9766589865736
 20
175.9169455887925
 30
0.0
 11
205.9766589865744
 21
175.9169455882012
 31
0.0
  0
SPLINE
  5
748
330
1F
100
AcDbEntity
  8
0
100
AcDbSpline
210
0.0
220
0.0
230
1.0
 70
     8
 71
     3
 72
     8
 73
     4
 74
     0
 42
0.000000001
 43
0.0000000001
 40
-10.0
 40
-10.0
 40
-10.0
 40
-10.0
 40
-9.0
 40
-9.0
 40
-9.0
 40
-9.0
 10
205.9766589865744
 20
175.9169455882012
 30
0.0
 10
205.7005166116579
 20
175.9169455881873
 30
0.0
 10
205.4766589865835
 20
175.693087963094
 30
0.0
 10
205.4766589865961
 20
175.416945588179
 30
0.0
  0
LINE
  5
749
330
1F
100
AcDbEntity
  8
0
100
AcDbLine
 10
304.6933781014228
 20
175.9169455926894
 30
0.0
 11
291.6933781014238
 21
175.916945592098
 31
0.0
  0
SPLINE
  5
750
330
1F
100
AcDbEntity
  8
0
100
AcDbSpline
210
0.0
220
0.0
230
1.0
 70
     8
 71
     3
 72
     8
 73
     4
 74
     0
 42
0.000000001
 43
0.0000000001
 40
-8.0
 40
-8.0
 40
-8.0
 40
-8.0
 40
-7.0
 40
-7.0
 40
-7.0
 40
-7.0
 10
291.6933781014238
 20
175.916945592098
 30
0.0
 10
291.4172357265078
 20
175.916945592086
 30
0.0
 10
291.193378101433
 20
175.6930879669909
 30
0.0
 10
291.193378101445
 20
175.4169455920758
 30
0.0
  0
LINE
  5
751
330
1F
100
AcDbEntity
  8
0
100
AcDbLine
 10
291.193378101445
 20
175.4169455920758
 30
0.0
 11
291.1933781020364
 21
162.4169455920758
 31
0.0
  0
SPLINE
  5
752
330
1F
100
AcDbEntity
  8
0
100
AcDbSpline
210
0.0
220
0.0
230
1.0
 70
     8
 71
     3
 72
     8
 73
     4
 74
     0
 42
0.000000001
 43
0.0000000001
 40
-14.0
 40
-14.0
 40
-14.0
 40
-14.0
 40
-13.0
 40
-13.0
 40
-13.0
 40
-13.0
 10
291.1933781020364
 20
162.4169455920758
 30
0.0
 10
291.1933781020483
 20
162.1408032171608
 30
0.0
 10
291.4172357271436
 20
161.916945592084
 30
0.0
 10
291.6933781020585
 20
161.916945592097
 30
0.0
  0
LINE
  5
753
330
1F
100
AcDbEntity
  8
0
100
AcDbLine
 10
291.6933781020585
 20
161.916945592097
 30
0.0
 11
304.6933781020606
 21
161.9169455926904
 31
0.0
  0
SPLINE
  5
754
330
1F
100
AcDbEntity
  8
0
100
AcDbSpline
210
0.0
220
0.0
230
1.0
 70
     8
 71
     3
 72
     8
 73
     4
 74
     0
 42
0.000000001
 43
0.0000000001
 40
-12.0
 40
-12.0
 40
-12.0
 40
-12.0
 40
-11.0
 40
-11.0
 40
-11.0
 40
-11.0
 10
304.6933781020606
 20
161.9169455926904
 30
0.0
 10
304.9695204769756
 20
161.9169455927034
 30
0.0
 10
305.1933781020494
 20
162.1408032177975
 30
0.0
 10
305.1933781020374
 20
162.4169455927125
 30
0.0
  0
LINE
  5
755
330
1F
100
AcDbEntity
  8
0
100
AcDbLine
 10
305.1933781020374
 20
162.4169455927125
 30
0.0
 11
305.193378101446
 21
175.4169455927126
 31
0.0
  0
SPLINE
  5
756
330
1F
100
AcDbEntity
  8
0
100
AcDbSpline
210
0.0
220
0.0
230
1.0
 70
     8
 71
     3
 72
     8
 73
     4
 74
     0
 42
0.000000001
 43
0.0000000001
 40
-10.0
 40
-10.0
 40
-10.0
 40
-10.0
 40
-9.0
 40
-9.0
 40
-9.0
 40
-9.0
 10
305.193378101446
 20
175.4169455927126
 30
0.0
 10
305.1933781014341
 20
175.6930879676275
 30
0.0
 10
304.9695204763387
 20
175.9169455927024
 30
0.0
 10
304.6933781014228
 20
175.9169455926894
 30
0.0
  0
LINE
  5
757
330
1F
100
AcDbEntity
  8
0
100
AcDbLine
 10
310.7433781020596
 20
161.9169455929633
 30
0.0
 11
323.74337810206
 21
161.9169455935546
 31
0.0
  0
SPLINE
  5
758
330
1F
100
AcDbEntity
  8
0
100
AcDbSpline
210
0.0
220
0.0
230
1.0
 70
     8
 71
     3
 72
     8
 73
     4
 74
     0
 42
0.000000001
 43
0.0000000001
 40
-8.0
 40
-8.0
 40
-8.0
 40
-8.0
 40
-7.0
 40
-7.0
 40
-7.0
 40
-7.0
 10
323.74337810206
 20
161.9169455935546
 30
0.0
 10
324.019520476975
 20
161.9169455935686
 30
0.0
 10
324.2433781020497
 20
162.1408032186639
 30
0.0
 10
324.2433781020368
 20
162.4169455935799
 30
0.0
  0
LINE
  5
759
330
1F
100
AcDbEntity
  8
0
100
AcDbLine
 10
324.2433781020368
 20
162.4169455935799
 30
0.0
 11
324.2433781014464
 21
175.4169455935788
 31
0.0
  0
SPLINE
  5
760
330
1F
100
AcDbEntity
  8
0
100
AcDbSpline
210
0.0
220
0.0
230
1.0
 70
     8
 71
     3
 72
     8
 73
     4
 74
     0
 42
0.000000001
 43
0.0000000001
 40
-14.0
 40
-14.0
 40
-14.0
 40
-14.0
 40
-13.0
 40
-13.0
 40
-13.0
 40
-13.0
 10
324.2433781014464
 20
175.4169455935788
 30
0.0
 10
324.2433781014325
 20
175.6930879684938
 30
0.0
 10
324.0195204763371
 20
175.9169455935676
 30
0.0
 10
323.7433781014242
 20
175.9169455935546
 30
0.0
  0
LINE
  5
761
330
1F
100
AcDbEntity
  8
0
100
AcDbLine
 10
323.7433781014242
 20
175.9169455935546
 30
0.0
 11
310.7433781014238
 21
175.9169455929644
 31
0.0
  0
SPLINE
  5
762
330
1F
100
AcDbEntity
  8
0
100
AcDbSpline
210
0.0
220
0.0
230
1.0
 70
     8
 71
     3
 72
     8
 73
     4
 74
     0
 42
0.000000001
 43
0.0000000001
 40
-12.0
 40
-12.0
 40
-12.0
 40
-12.0
 40
-11.0
 40
-11.0
 40
-11.0
 40
-11.0
 10
310.7433781014238
 20
175.9169455929644
 30
0.0
 10
310.4672357265068
 20
175.9169455929503
 30
0.0
 10
310.243378101433
 20
175.6930879678571
 30
0.0
 10
310.243378101445
 20
175.4169455929401
 30
0.0
  0
LINE
  5
763
330
1F
100
AcDbEntity
  8
0
100
AcDbLine
 10
310.243378101445
 20
175.4169455929401
 30
0.0
 11
310.2433781020363
 21
162.4169455929411
 31
0.0
  0
SPLINE
  5
764
330
1F
100
AcDbEntity
  8
0
100
AcDbSpline
210
0.0
220
0.0
230
1.0
 70
     8
 71
     3
 72
     8
 73
     4
 74
     0
 42
0.000000001
 43
0.0000000001
 40
-10.0
 40
-10.0
 40
-10.0
 40
-10.0
 40
-9.0
 40
-9.0
 40
-9.0
 40
-9.0
 10
310.2433781020363
 20
162.4169455929411
 30
0.0
 10
310.2433781020483
 20
162.1408032180251
 30
0.0
 10
310.4672357271435
 20
161.9169455929513
 30
0.0
 10
310.7433781020596
 20
161.9169455929633
 30
0.0
  0
LINE
  5
765
330
1F
100
AcDbEntity
  8
0
100
AcDbLine
 10
343.2930688344048
 20
162.4169455944462
 30
0.0
 11
343.2930688338144
 21
175.4169455944462
 31
0.0
  0
SPLINE
  5
766
330
1F
100
AcDbEntity
  8
0
100
AcDbSpline
210
0.0
220
0.0
230
1.0
 70
     8
 71
     3
 72
     8
 73
     4
 74
     0
 42
0.000000001
 43
0.0000000001
 40
-8.0
 40
-8.0
 40
-8.0
 40
-8.0
 40
-7.0
 40
-7.0
 40
-7.0
 40
-7.0
 10
343.2930688338144
 20
175.4169455944462
 30
0.0
 10
343.2930688338004
 20
175.6930879693612
 30
0.0
 10
343.0692112087072
 20
175.916945594435
 30
0.0
 10
342.7930688337911
 20
175.9169455944229
 30
0.0
  0
LINE
  5
767
330
1F
100
AcDbEntity
  8
0
100
AcDbLine
 10
342.7930688337911
 20
175.9169455944229
 30
0.0
 11
329.7930688337922
 21
175.9169455938306
 31
0.0
  0
SPLINE
  5
768
330
1F
100
AcDbEntity
  8
0
100
AcDbSpline
210
0.0
220
0.0
230
1.0
 70
     8
 71
     3
 72
     8
 73
     4
 74
     0
 42
0.000000001
 43
0.0000000001
 40
-14.0
 40
-14.0
 40
-14.0
 40
-14.0
 40
-13.0
 40
-13.0
 40
-13.0
 40
-13.0
 10
329.7930688337922
 20
175.9169455938306
 30
0.0
 10
329.5169264588762
 20
175.9169455938166
 30
0.0
 10
329.2930688338025
 20
175.6930879687234
 30
0.0
 10
329.2930688338144
 20
175.4169455938084
 30
0.0
  0
LINE
  5
769
330
1F
100
AcDbEntity
  8
0
100
AcDbLine
 10
329.2930688338144
 20
175.4169455938084
 30
0.0
 11
329.2930688344077
 21
162.4169455938084
 31
0.0
  0
SPLINE
  5
770
330
1F
100
AcDbEntity
  8
0
100
AcDbSpline
210
0.0
220
0.0
230
1.0
 70
     8
 71
     3
 72
     8
 73
     4
 74
     0
 42
0.000000001
 43
0.0000000001
 40
-12.0
 40
-12.0
 40
-12.0
 40
-12.0
 40
-11.0
 40
-11.0
 40
-11.0
 40
-11.0
 10
329.2930688344077
 20
162.4169455938084
 30
0.0
 10
329.2930688344197
 20
162.1408032188934
 30
0.0
 10
329.516926459512
 20
161.9169455938177
 30
0.0
 10
329.7930688344289
 20
161.9169455938316
 30
0.0
  0
LINE
  5
771
330
1F
100
AcDbEntity
  8
0
100
AcDbLine
 10
329.7930688344289
 20
161.9169455938316
 30
0.0
 11
342.793068834429
 21
161.916945594423
 31
0.0
  0
SPLINE
  5
772
330
1F
100
AcDbEntity
  8
0
100
AcDbSpline
210
0.0
220
0.0
230
1.0
 70
     8
 71
     3
 72
     8
 73
     4
 74
     0
 42
0.000000001
 43
0.0000000001
 40
-10.0
 40
-10.0
 40
-10.0
 40
-10.0
 40
-9.0
 40
-9.0
 40
-9.0
 40
-9.0
 10
342.793068834429
 20
161.916945594423
 30
0.0
 10
343.0692112093439
 20
161.9169455944349
 30
0.0
 10
343.2930688344177
 20
162.1408032195312
 30
0.0
 10
343.2930688344048
 20
162.4169455944462
 30
0.0
  0
LINE
  5
773
330
1F
100
AcDbEntity
  8
0
100
AcDbLine
 10
405.207246720258
 20
119.5544455972635
 30
0.0
 11
405.2072467196667
 21
132.5544455972569
 31
0.0
  0
SPLINE
  5
774
330
1F
100
AcDbEntity
  8
0
100
AcDbSpline
210
0.0
220
0.0
230
1.0
 70
     8
 71
     3
 72
     8
 73
     4
 74
     0
 42
0.000000001
 43
0.0000000001
 40
-8.0
 40
-8.0
 40
-8.0
 40
-8.0
 40
-7.0
 40
-7.0
 40
-7.0
 40
-7.0
 10
405.2072467196667
 20
132.5544455972569
 30
0.0
 10
405.2072467196547
 20
132.8305879721721
 30
0.0
 10
404.9833890945615
 20
133.0544455972461
 30
0.0
 10
404.7072467196445
 20
133.0544455972339
 30
0.0
  0
LINE
  5
775
330
1F
100
AcDbEntity
  8
0
100
AcDbLine
 10
404.7072467196445
 20
133.0544455972339
 30
0.0
 11
391.7072467196445
 21
133.0544455966438
 31
0.0
  0
SPLINE
  5
776
330
1F
100
AcDbEntity
  8
0
100
AcDbSpline
210
0.0
220
0.0
230
1.0
 70
     8
 71
     3
 72
     8
 73
     4
 74
     0
 42
0.000000001
 43
0.0000000001
 40
-14.0
 40
-14.0
 40
-14.0
 40
-14.0
 40
-13.0
 40
-13.0
 40
-13.0
 40
-13.0
 10
391.7072467196445
 20
133.0544455966438
 30
0.0
 10
391.4311043447296
 20
133.0544455966317
 30
0.0
 10
391.2072467196547
 20
132.8305879715365
 30
0.0
 10
391.2072467196677
 20
132.5544455966214
 30
0.0
  0
LINE
  5
777
330
1F
100
AcDbEntity
  8
0
100
AcDbLine
 10
391.2072467196677
 20
132.5544455966214
 30
0.0
 11
391.2072467202591
 21
119.5544455966254
 31
0.0
  0
SPLINE
  5
778
330
1F
100
AcDbEntity
  8
0
100
AcDbSpline
210
0.0
220
0.0
230
1.0
 70
     8
 71
     3
 72
     8
 73
     4
 74
     0
 42
0.000000001
 43
0.0000000001
 40
-12.0
 40
-12.0
 40
-12.0
 40
-12.0
 40
-11.0
 40
-11.0
 40
-11.0
 40
-11.0
 10
391.2072467202591
 20
119.5544455966254
 30
0.0
 10
391.207246720271
 20
119.2783032217103
 30
0.0
 10
391.4311043453663
 20
119.0544455966363
 30
0.0
 10
391.7072467202822
 20
119.0544455966484
 30
0.0
  0
LINE
  5
779
330
1F
100
AcDbEntity
  8
0
100
AcDbLine
 10
391.7072467202822
 20
119.0544455966484
 30
0.0
 11
404.7072467202812
 21
119.0544455972398
 31
0.0
  0
SPLINE
  5
780
330
1F
100
AcDbEntity
  8
0
100
AcDbSpline
210
0.0
220
0.0
230
1.0
 70
     8
 71
     3
 72
     8
 73
     4
 74
     0
 42
0.000000001
 43
0.0000000001
 40
-10.0
 40
-10.0
 40
-10.0
 40
-10.0
 40
-9.0
 40
-9.0
 40
-9.0
 40
-9.0
 10
404.7072467202812
 20
119.0544455972398
 30
0.0
 10
404.9833890951981
 20
119.054445597252
 30
0.0
 10
405.207246720271
 20
119.2783032223471
 30
0.0
 10
405.207246720258
 20
119.5544455972635
 30
0.0
  0
LINE
  5
781
330
1F
100
AcDbEntity
  8
0
100
AcDbLine
 10
385.6572467187791
 20
152.1044455963654
 30
0.0
 11
372.6572467187801
 21
152.104445595775
 31
0.0
  0
SPLINE
  5
782
330
1F
100
AcDbEntity
  8
0
100
AcDbSpline
210
0.0
220
0.0
230
1.0
 70
     8
 71
     3
 72
     8
 73
     4
 74
     0
 42
0.000000001
 43
0.0000000001
 40
-8.0
 40
-8.0
 40
-8.0
 40
-8.0
 40
-7.0
 40
-7.0
 40
-7.0
 40
-7.0
 10
372.6572467187801
 20
152.104445595775
 30
0.0
 10
372.3811043438642
 20
152.1044455957621
 30
0.0
 10
372.1572467187893
 20
151.8805879706678
 30
0.0
 10
372.1572467188014
 20
151.6044455957529
 30
0.0
  0
LINE
  5
783
330
1F
100
AcDbEntity
  8
0
100
AcDbLine
 10
372.1572467188014
 20
151.6044455957529
 30
0.0
 11
372.1572467193927
 21
138.6044455957554
 31
0.0
  0
SPLINE
  5
784
330
1F
100
AcDbEntity
  8
0
100
AcDbSpline
210
0.0
220
0.0
230
1.0
 70
     8
 71
     3
 72
     8
 73
     4
 74
     0
 42
0.000000001
 43
0.0000000001
 40
-14.0
 40
-14.0
 40
-14.0
 40
-14.0
 40
-13.0
 40
-13.0
 40
-13.0
 40
-13.0
 10
372.1572467193927
 20
138.6044455957554
 30
0.0
 10
372.1572467194047
 20
138.3283032208402
 30
0.0
 10
372.3811043444999
 20
138.1044455957664
 30
0.0
 10
372.6572467194149
 20
138.1044455957797
 30
0.0
  0
LINE
  5
785
330
1F
100
AcDbEntity
  8
0
100
AcDbLine
 10
372.6572467194149
 20
138.1044455957797
 30
0.0
 11
385.6572467194149
 21
138.1044455963686
 31
0.0
  0
SPLINE
  5
786
330
1F
100
AcDbEntity
  8
0
100
AcDbSpline
210
0.0
220
0.0
230
1.0
 70
     8
 71
     3
 72
     8
 73
     4
 74
     0
 42
0.000000001
 43
0.0000000001
 40
-12.0
 40
-12.0
 40
-12.0
 40
-12.0
 40
-11.0
 40
-11.0
 40
-11.0
 40
-11.0
 10
385.6572467194149
 20
138.1044455963686
 30
0.0
 10
385.9333890943299
 20
138.1044455963807
 30
0.0
 10
386.1572467194057
 20
138.3283032214772
 30
0.0
 10
386.1572467193937
 20
138.6044455963936
 30
0.0
  0
LINE
  5
787
330
1F
100
AcDbEntity
  8
0
100
AcDbLine
 10
386.1572467193937
 20
138.6044455963936
 30
0.0
 11
386.1572467188024
 21
151.6044455963886
 31
0.0
  0
SPLINE
  5
788
330
1F
100
AcDbEntity
  8
0
100
AcDbSpline
210
0.0
220
0.0
230
1.0
 70
     8
 71
     3
 72
     8
 73
     4
 74
     0
 42
0.000000001
 43
0.0000000001
 40
-10.0
 40
-10.0
 40
-10.0
 40
-10.0
 40
-9.0
 40
-9.0
 40
-9.0
 40
-9.0
 10
386.1572467188024
 20
151.6044455963886
 30
0.0
 10
386.1572467187884
 20
151.8805879713046
 30
0.0
 10
385.933389093695
 20
152.1044455963773
 30
0.0
 10
385.6572467187791
 20
152.1044455963654
 30
0.0
  0
LINE
  5
789
330
1F
100
AcDbEntity
  8
0
100
AcDbLine
 10
367.1072467183106
 20
162.4169455955282
 30
0.0
 11
367.1072467177204
 21
175.4169455955272
 31
0.0
  0
SPLINE
  5
790
330
1F
100
AcDbEntity
  8
0
100
AcDbSpline
210
0.0
220
0.0
230
1.0
 70
     8
 71
     3
 72
     8
 73
     4
 74
     0
 42
0.000000001
 43
0.0000000001
 40
-8.0
 40
-8.0
 40
-8.0
 40
-8.0
 40
-7.0
 40
-7.0
 40
-7.0
 40
-7.0
 10
367.1072467177204
 20
175.4169455955272
 30
0.0
 10
367.1072467177065
 20
175.6930879704434
 30
0.0
 10
366.8833890926122
 20
175.916945595517
 30
0.0
 10
366.6072467176972
 20
175.9169455955051
 30
0.0
  0
LINE
  5
791
330
1F
100
AcDbEntity
  8
0
100
AcDbLine
 10
366.6072467176972
 20
175.9169455955051
 30
0.0
 11
353.6072467176972
 21
175.9169455949137
 31
0.0
  0
SPLINE
  5
792
330
1F
100
AcDbEntity
  8
0
100
AcDbSpline
210
0.0
220
0.0
230
1.0
 70
     8
 71
     3
 72
     8
 73
     4
 74
     0
 42
0.000000001
 43
0.0000000001
 40
-14.0
 40
-14.0
 40
-14.0
 40
-14.0
 40
-13.0
 40
-13.0
 40
-13.0
 40
-13.0
 10
353.6072467176972
 20
175.9169455949137
 30
0.0
 10
353.3311043427822
 20
175.9169455948997
 30
0.0
 10
353.1072467177064
 20
175.6930879698055
 30
0.0
 10
353.1072467177184
 20
175.4169455948905
 30
0.0
  0
LINE
  5
793
330
1F
100
AcDbEntity
  8
0
100
AcDbLine
 10
353.1072467177184
 20
175.4169455948905
 30
0.0
 11
353.1072467183118
 21
162.4169455948895
 31
0.0
  0
SPLINE
  5
794
330
1F
100
AcDbEntity
  8
0
100
AcDbSpline
210
0.0
220
0.0
230
1.0
 70
     8
 71
     3
 72
     8
 73
     4
 74
     0
 42
0.000000001
 43
0.0000000001
 40
-12.0
 40
-12.0
 40
-12.0
 40
-12.0
 40
-11.0
 40
-11.0
 40
-11.0
 40
-11.0
 10
353.1072467183118
 20
162.4169455948895
 30
0.0
 10
353.1072467183238
 20
162.1408032199755
 30
0.0
 10
353.331104343417
 20
161.9169455949017
 30
0.0
 10
353.6072467183329
 20
161.9169455949137
 30
0.0
  0
LINE
  5
795
330
1F
100
AcDbEntity
  8
0
100
AcDbLine
 10
353.6072467183329
 20
161.9169455949137
 30
0.0
 11
366.607246718332
 21
161.916945595503
 31
0.0
  0
SPLINE
  5
796
330
1F
100
AcDbEntity
  8
0
100
AcDbSpline
210
0.0
220
0.0
230
1.0
 70
     8
 71
     3
 72
     8
 73
     4
 74
     0
 42
0.000000001
 43
0.0000000001
 40
-10.0
 40
-10.0
 40
-10.0
 40
-10.0
 40
-9.0
 40
-9.0
 40
-9.0
 40
-9.0
 10
366.607246718332
 20
161.916945595503
 30
0.0
 10
366.883389093248
 20
161.916945595516
 30
0.0
 10
367.1072467183227
 20
162.1408032206123
 30
0.0
 10
367.1072467183106
 20
162.4169455955282
 30
0.0
  0
LINE
  5
797
330
1F
100
AcDbEntity
  8
0
100
AcDbLine
 10
405.2072467183108
 20
162.4169455972619
 30
0.0
 11
405.2072467177193
 21
175.41694559726
 31
0.0
  0
SPLINE
  5
798
330
1F
100
AcDbEntity
  8
0
100
AcDbSpline
210
0.0
220
0.0
230
1.0
 70
     8
 71
     3
 72
     8
 73
     4
 74
     0
 42
0.000000001
 43
0.0000000001
 40
-8.0
 40
-8.0
 40
-8.0
 40
-8.0
 40
-7.0
 40
-7.0
 40
-7.0
 40
-7.0
 10
405.2072467177193
 20
175.41694559726
 30
0.0
 10
405.2072467177064
 20
175.693087972177
 30
0.0
 10
404.9833890926121
 20
175.9169455972507
 30
0.0
 10
404.7072467176972
 20
175.9169455972387
 30
0.0
  0
LINE
  5
799
330
1F
100
AcDbEntity
  8
0
100
AcDbLine
 10
404.7072467176972
 20
175.9169455972387
 30
0.0
 11
391.7072467176962
 21
175.9169455966464
 31
0.0
  0
SPLINE
  5
800
330
1F
100
AcDbEntity
  8
0
100
AcDbSpline
210
0.0
220
0.0
230
1.0
 70
     8
 71
     3
 72
     8
 73
     4
 74
     0
 42
0.000000001
 43
0.0000000001
 40
-14.0
 40
-14.0
 40
-14.0
 40
-14.0
 40
-13.0
 40
-13.0
 40
-13.0
 40
-13.0
 10
391.7072467176962
 20
175.9169455966464
 30
0.0
 10
391.4311043427812
 20
175.9169455966334
 30
0.0
 10
391.2072467177054
 20
175.6930879715382
 30
0.0
 10
391.2072467177173
 20
175.4169455966251
 30
0.0
  0
LINE
  5
801
330
1F
100
AcDbEntity
  8
0
100
AcDbLine
 10
391.2072467177173
 20
175.4169455966251
 30
0.0
 11
391.2072467183106
 21
162.4169455966231
 31
0.0
  0
SPLINE
  5
802
330
1F
100
AcDbEntity
  8
0
100
AcDbSpline
210
0.0
220
0.0
230
1.0
 70
     8
 71
     3
 72
     8
 73
     4
 74
     0
 42
0.000000001
 43
0.0000000001
 40
-12.0
 40
-12.0
 40
-12.0
 40
-12.0
 40
-11.0
 40
-11.0
 40
-11.0
 40
-11.0
 10
391.2072467183106
 20
162.4169455966231
 30
0.0
 10
391.2072467183228
 20
162.1408032217061
 30
0.0
 10
391.431104343418
 20
161.9169455966334
 30
0.0
 10
391.707246718332
 20
161.9169455966454
 30
0.0
  0
LINE
  5
803
330
1F
100
AcDbEntity
  8
0
100
AcDbLine
 10
391.707246718332
 20
161.9169455966454
 30
0.0
 11
404.7072467183308
 21
161.9169455972367
 31
0.0
  0
SPLINE
  5
804
330
1F
100
AcDbEntity
  8
0
100
AcDbSpline
210
0.0
220
0.0
230
1.0
 70
     8
 71
     3
 72
     8
 73
     4
 74
     0
 42
0.000000001
 43
0.0000000001
 40
-10.0
 40
-10.0
 40
-10.0
 40
-10.0
 40
-9.0
 40
-9.0
 40
-9.0
 40
-9.0
 10
404.7072467183308
 20
161.9169455972367
 30
0.0
 10
404.983389093248
 20
161.9169455972487
 30
0.0
 10
405.2072467183227
 20
162.140803222345
 30
0.0
 10
405.2072467183108
 20
162.4169455972619
 30
0.0
  0
LINE
  5
805
330
1F
100
AcDbEntity
  8
0
100
AcDbLine
 10
385.6572467176972
 20
175.9169455963714
 30
0.0
 11
372.6572467176962
 21
175.91694559578
 31
0.0
  0
SPLINE
  5
806
330
1F
100
AcDbEntity
  8
0
100
AcDbSpline
210
0.0
220
0.0
230
1.0
 70
     8
 71
     3
 72
     8
 73
     4
 74
     0
 42
0.000000001
 43
0.0000000001
 40
-8.0
 40
-8.0
 40
-8.0
 40
-8.0
 40
-7.0
 40
-7.0
 40
-7.0
 40
-7.0
 10
372.6572467176962
 20
175.91694559578
 30
0.0
 10
372.3811043427802
 20
175.9169455957661
 30
0.0
 10
372.1572467177065
 20
175.6930879706738
 30
0.0
 10
372.1572467177184
 20
175.4169455957568
 30
0.0
  0
LINE
  5
807
330
1F
100
AcDbEntity
  8
0
100
AcDbLine
 10
372.1572467177184
 20
175.4169455957568
 30
0.0
 11
372.1572467183108
 21
162.4169455957558
 31
0.0
  0
SPLINE
  5
808
330
1F
100
AcDbEntity
  8
0
100
AcDbSpline
210
0.0
220
0.0
230
1.0
 70
     8
 71
     3
 72
     8
 73
     4
 74
     0
 42
0.000000001
 43
0.0000000001
 40
-14.0
 40
-14.0
 40
-14.0
 40
-14.0
 40
-13.0
 40
-13.0
 40
-13.0
 40
-13.0
 10
372.1572467183108
 20
162.4169455957558
 30
0.0
 10
372.1572467183228
 20
162.1408032208408
 30
0.0
 10
372.381104343417
 20
161.9169455957661
 30
0.0
 10
372.657246718333
 20
161.916945595779
 30
0.0
  0
LINE
  5
809
330
1F
100
AcDbEntity
  8
0
100
AcDbLine
 10
372.657246718333
 20
161.916945595779
 30
0.0
 11
385.657246718332
 21
161.9169455963704
 31
0.0
  0
SPLINE
  5
810
330
1F
100
AcDbEntity
  8
0
100
AcDbSpline
210
0.0
220
0.0
230
1.0
 70
     8
 71
     3
 72
     8
 73
     4
 74
     0
 42
0.000000001
 43
0.0000000001
 40
-12.0
 40
-12.0
 40
-12.0
 40
-12.0
 40
-11.0
 40
-11.0
 40
-11.0
 40
-11.0
 10
385.657246718332
 20
161.9169455963704
 30
0.0
 10
385.933389093248
 20
161.9169455963825
 30
0.0
 10
386.1572467183217
 20
162.1408032214786
 30
0.0
 10
386.1572467183098
 20
162.4169455963946
 30
0.0
  0
LINE
  5
811
330
1F
100
AcDbEntity
  8
0
100
AcDbLine
 10
386.1572467183098
 20
162.4169455963946
 30
0.0
 11
386.1572467177194
 21
175.4169455963956
 31
0.0
  0
SPLINE
  5
812
330
1F
100
AcDbEntity
  8
0
100
AcDbSpline
210
0.0
220
0.0
230
1.0
 70
     8
 71
     3
 72
     8
 73
     4
 74
     0
 42
0.000000001
 43
0.0000000001
 40
-10.0
 40
-10.0
 40
-10.0
 40
-10.0
 40
-9.0
 40
-9.0
 40
-9.0
 40
-9.0
 10
386.1572467177194
 20
175.4169455963956
 30
0.0
 10
386.1572467177065
 20
175.6930879713096
 30
0.0
 10
385.9333890926122
 20
175.9169455963834
 30
0.0
 10
385.6572467176972
 20
175.9169455963714
 30
0.0
  0
LINE
  5
813
330
1F
100
AcDbEntity
  8
0
100
AcDbLine
 10
404.7072467187801
 20
152.1044455972317
 30
0.0
 11
391.7072467187781
 21
152.1044455966403
 31
0.0
  0
SPLINE
  5
814
330
1F
100
AcDbEntity
  8
0
100
AcDbSpline
210
0.0
220
0.0
230
1.0
 70
     8
 71
     3
 72
     8
 73
     4
 74
     0
 42
0.000000001
 43
0.0000000001
 40
-8.0
 40
-8.0
 40
-8.0
 40
-8.0
 40
-7.0
 40
-7.0
 40
-7.0
 40
-7.0
 10
391.7072467187781
 20
152.1044455966403
 30
0.0
 10
391.4311043438631
 20
152.1044455966285
 30
0.0
 10
391.2072467187894
 20
151.8805879715332
 30
0.0
 10
391.2072467188013
 20
151.6044455966182
 30
0.0
  0
LINE
  5
815
330
1F
100
AcDbEntity
  8
0
100
AcDbLine
 10
391.2072467188013
 20
151.6044455966182
 30
0.0
 11
391.2072467193927
 21
138.6044455966205
 31
0.0
  0
SPLINE
  5
816
330
1F
100
AcDbEntity
  8
0
100
AcDbSpline
210
0.0
220
0.0
230
1.0
 70
     8
 71
     3
 72
     8
 73
     4
 74
     0
 42
0.000000001
 43
0.0000000001
 40
-14.0
 40
-14.0
 40
-14.0
 40
-14.0
 40
-13.0
 40
-13.0
 40
-13.0
 40
-13.0
 10
391.2072467193927
 20
138.6044455966205
 30
0.0
 10
391.2072467194067
 20
138.3283032217065
 30
0.0
 10
391.4311043444989
 20
138.1044455966314
 30
0.0
 10
391.7072467194159
 20
138.1044455966435
 30
0.0
  0
LINE
  5
817
330
1F
100
AcDbEntity
  8
0
100
AcDbLine
 10
391.7072467194159
 20
138.1044455966435
 30
0.0
 11
404.7072467194148
 21
138.1044455972337
 31
0.0
  0
SPLINE
  5
818
330
1F
100
AcDbEntity
  8
0
100
AcDbSpline
210
0.0
220
0.0
230
1.0
 70
     8
 71
     3
 72
     8
 73
     4
 74
     0
 42
0.000000001
 43
0.0000000001
 40
-12.0
 40
-12.0
 40
-12.0
 40
-12.0
 40
-11.0
 40
-11.0
 40
-11.0
 40
-11.0
 10
404.7072467194148
 20
138.1044455972337
 30
0.0
 10
404.9833890943299
 20
138.1044455972458
 30
0.0
 10
405.2072467194056
 20
138.3283032223409
 30
0.0
 10
405.2072467193926
 20
138.6044455972573
 30
0.0
  0
LINE
  5
819
330
1F
100
AcDbEntity
  8
0
100
AcDbLine
 10
405.2072467193926
 20
138.6044455972573
 30
0.0
 11
405.2072467188024
 21
151.6044455972549
 31
0.0
  0
SPLINE
  5
820
330
1F
100
AcDbEntity
  8
0
100
AcDbSpline
210
0.0
220
0.0
230
1.0
 70
     8
 71
     3
 72
     8
 73
     4
 74
     0
 42
0.000000001
 43
0.0000000001
 40
-10.0
 40
-10.0
 40
-10.0
 40
-10.0
 40
-9.0
 40
-9.0
 40
-9.0
 40
-9.0
 10
405.2072467188024
 20
151.6044455972549
 30
0.0
 10
405.2072467187883
 20
151.8805879721699
 30
0.0
 10
404.983389093693
 20
152.1044455972437
 30
0.0
 10
404.7072467187801
 20
152.1044455972317
 30
0.0
  0
LINE
  5
821
330
1F
100
AcDbEntity
  8
0
100
AcDbLine
 10
366.6072467187791
 20
152.104445595499
 30
0.0
 11
353.6072467187791
 21
152.1044455949087
 31
0.0
  0
SPLINE
  5
822
330
1F
100
AcDbEntity
  8
0
100
AcDbSpline
210
0.0
220
0.0
230
1.0
 70
     8
 71
     3
 72
     8
 73
     4
 74
     0
 42
0.000000001
 43
0.0000000001
 40
-8.0
 40
-8.0
 40
-8.0
 40
-8.0
 40
-7.0
 40
-7.0
 40
-7.0
 40
-7.0
 10
353.6072467187791
 20
152.1044455949087
 30
0.0
 10
353.3311043438631
 20
152.1044455948967
 30
0.0
 10
353.1072467187894
 20
151.8805879698025
 30
0.0
 10
353.1072467188024
 20
151.6044455948875
 30
0.0
  0
LINE
  5
823
330
1F
100
AcDbEntity
  8
0
100
AcDbLine
 10
353.1072467188024
 20
151.6044455948875
 30
0.0
 11
353.1072467193927
 21
138.6044455948917
 31
0.0
  0
SPLINE
  5
824
330
1F
100
AcDbEntity
  8
0
100
AcDbSpline
210
0.0
220
0.0
230
1.0
 70
     8
 71
     3
 72
     8
 73
     4
 74
     0
 42
0.000000001
 43
0.0000000001
 40
-14.0
 40
-14.0
 40
-14.0
 40
-14.0
 40
-13.0
 40
-13.0
 40
-13.0
 40
-13.0
 10
353.1072467193927
 20
138.6044455948917
 30
0.0
 10
353.1072467194046
 20
138.3283032199765
 30
0.0
 10
353.3311043444999
 20
138.1044455949013
 30
0.0
 10
353.6072467194149
 20
138.1044455949147
 30
0.0
  0
LINE
  5
825
330
1F
100
AcDbEntity
  8
0
100
AcDbLine
 10
353.6072467194149
 20
138.1044455949147
 30
0.0
 11
366.6072467194149
 21
138.1044455955048
 31
0.0
  0
SPLINE
  5
826
330
1F
100
AcDbEntity
  8
0
100
AcDbSpline
210
0.0
220
0.0
230
1.0
 70
     8
 71
     3
 72
     8
 73
     4
 74
     0
 42
0.000000001
 43
0.0000000001
 40
-12.0
 40
-12.0
 40
-12.0
 40
-12.0
 40
-11.0
 40
-11.0
 40
-11.0
 40
-11.0
 10
366.6072467194149
 20
138.1044455955048
 30
0.0
 10
366.8833890943298
 20
138.104445595517
 30
0.0
 10
367.1072467194066
 20
138.3283032206122
 30
0.0
 10
367.1072467193927
 20
138.6044455955273
 30
0.0
  0
LINE
  5
827
330
1F
100
AcDbEntity
  8
0
100
AcDbLine
 10
367.1072467193927
 20
138.6044455955273
 30
0.0
 11
367.1072467188013
 21
151.6044455955223
 31
0.0
  0
SPLINE
  5
828
330
1F
100
AcDbEntity
  8
0
100
AcDbSpline
210
0.0
220
0.0
230
1.0
 70
     8
 71
     3
 72
     8
 73
     4
 74
     0
 42
0.000000001
 43
0.0000000001
 40
-10.0
 40
-10.0
 40
-10.0
 40
-10.0
 40
-9.0
 40
-9.0
 40
-9.0
 40
-9.0
 10
367.1072467188013
 20
151.6044455955223
 30
0.0
 10
367.1072467187894
 20
151.8805879704373
 30
0.0
 10
366.8833890936961
 20
152.104445595512
 30
0.0
 10
366.6072467187791
 20
152.104445595499
 30
0.0
  0
LINE
  5
829
330
1F
100
AcDbEntity
  8
0
100
AcDbLine
 10
391.7072467228793
 20
61.90444559664235
 30
0.0
 11
404.7072467228803
 21
61.90444559723272
 31
0.0
  0
SPLINE
  5
830
330
1F
100
AcDbEntity
  8
0
100
AcDbSpline
210
0.0
220
0.0
230
1.0
 70
     8
 71
     3
 72
     8
 73
     4
 74
     0
 42
0.000000001
 43
0.0000000001
 40
-8.0
 40
-8.0
 40
-8.0
 40
-8.0
 40
-7.0
 40
-7.0
 40
-7.0
 40
-7.0
 10
404.7072467228803
 20
61.90444559723272
 30
0.0
 10
404.9833890977953
 20
61.90444559724475
 30
0.0
 10
405.20724672287
 20
62.12830322234196
 30
0.0
 10
405.2072467228559
 20
62.40444559725694
 30
0.0
  0
LINE
  5
831
330
1F
100
AcDbEntity
  8
0
100
AcDbLine
 10
405.207246722856
 20
62.40444559725694
 30
0.0
 11
405.2072467222656
 21
75.40444559726194
 31
0.0
  0
SPLINE
  5
832
330
1F
100
AcDbEntity
  8
0
100
AcDbSpline
210
0.0
220
0.0
230
1.0
 70
     8
 71
     3
 72
     8
 73
     4
 74
     0
 42
0.000000001
 43
0.0000000001
 40
-14.0
 40
-14.0
 40
-14.0
 40
-14.0
 40
-13.0
 40
-13.0
 40
-13.0
 40
-13.0
 10
405.2072467222656
 20
75.40444559726194
 30
0.0
 10
405.2072467222536
 20
75.68058797217694
 30
0.0
 10
404.9833890971605
 20
75.90444559725071
 30
0.0
 10
404.7072467222444
 20
75.90444559723874
 30
0.0
  0
LINE
  5
833
330
1F
100
AcDbEntity
  8
0
100
AcDbLine
 10
404.7072467222444
 20
75.90444559723874
 30
0.0
 11
391.7072467222435
 21
75.90444559664735
 31
0.0
  0
SPLINE
  5
834
330
1F
100
AcDbEntity
  8
0
100
AcDbSpline
210
0.0
220
0.0
230
1.0
 70
     8
 71
     3
 72
     8
 73
     4
 74
     0
 42
0.000000001
 43
0.0000000001
 40
-12.0
 40
-12.0
 40
-12.0
 40
-12.0
 40
-11.0
 40
-11.0
 40
-11.0
 40
-11.0
 10
391.7072467222435
 20
75.90444559664735
 30
0.0
 10
391.4311043473275
 20
75.90444559663544
 30
0.0
 10
391.2072467222547
 20
75.68058797154012
 30
0.0
 10
391.2072467222667
 20
75.40444559662325
 30
0.0
  0
LINE
  5
835
330
1F
100
AcDbEntity
  8
0
100
AcDbLine
 10
391.2072467222667
 20
75.40444559662325
 30
0.0
 11
391.2072467228581
 21
62.40444559662015
 31
0.0
  0
SPLINE
  5
836
330
1F
100
AcDbEntity
  8
0
100
AcDbSpline
210
0.0
220
0.0
230
1.0
 70
     8
 71
     3
 72
     8
 73
     4
 74
     0
 42
0.000000001
 43
0.0000000001
 40
-10.0
 40
-10.0
 40
-10.0
 40
-10.0
 40
-9.0
 40
-9.0
 40
-9.0
 40
-9.0
 10
391.2072467228581
 20
62.40444559662015
 30
0.0
 10
391.2072467228701
 20
62.12830322170313
 30
0.0
 10
391.4311043479643
 20
61.90444559663046
 30
0.0
 10
391.7072467228793
 20
61.90444559664235
 30
0.0
  0
LINE
  5
837
330
1F
100
AcDbEntity
  8
0
100
AcDbLine
 10
372.6572467228793
 20
61.90444559577605
 30
0.0
 11
385.6572467228803
 21
61.90444559636848
 31
0.0
  0
SPLINE
  5
838
330
1F
100
AcDbEntity
  8
0
100
AcDbSpline
210
0.0
220
0.0
230
1.0
 70
     8
 71
     3
 72
     8
 73
     4
 74
     0
 42
0.000000001
 43
0.0000000001
 40
-8.0
 40
-8.0
 40
-8.0
 40
-8.0
 40
-7.0
 40
-7.0
 40
-7.0
 40
-7.0
 10
385.6572467228803
 20
61.90444559636848
 30
0.0
 10
385.9333890977953
 20
61.90444559638035
 30
0.0
 10
386.1572467228711
 20
62.12830322147462
 30
0.0
 10
386.157246722857
 20
62.40444559639056
 30
0.0
  0
LINE
  5
839
330
1F
100
AcDbEntity
  8
0
100
AcDbLine
 10
386.1572467228571
 20
62.40444559639056
 30
0.0
 11
386.1572467222667
 21
75.40444559639562
 31
0.0
  0
SPLINE
  5
840
330
1F
100
AcDbEntity
  8
0
100
AcDbSpline
210
0.0
220
0.0
230
1.0
 70
     8
 71
     3
 72
     8
 73
     4
 74
     0
 42
0.000000001
 43
0.0000000001
 40
-14.0
 40
-14.0
 40
-14.0
 40
-14.0
 40
-13.0
 40
-13.0
 40
-13.0
 40
-13.0
 10
386.1572467222667
 20
75.40444559639562
 30
0.0
 10
386.1572467222547
 20
75.68058797131064
 30
0.0
 10
385.9333890971596
 20
75.90444559638436
 30
0.0
 10
385.6572467222435
 20
75.90444559637245
 30
0.0
  0
LINE
  5
841
330
1F
100
AcDbEntity
  8
0
100
AcDbLine
 10
385.6572467222435
 20
75.90444559637245
 30
0.0
 11
372.6572467222435
 21
75.90444559578102
 31
0.0
  0
SPLINE
  5
842
330
1F
100
AcDbEntity
  8
0
100
AcDbSpline
210
0.0
220
0.0
230
1.0
 70
     8
 71
     3
 72
     8
 73
     4
 74
     0
 42
0.000000001
 43
0.0000000001
 40
-12.0
 40
-12.0
 40
-12.0
 40
-12.0
 40
-11.0
 40
-11.0
 40
-11.0
 40
-11.0
 10
372.6572467222435
 20
75.90444559578102
 30
0.0
 10
372.3811043473275
 20
75.90444559576704
 30
0.0
 10
372.1572467222528
 20
75.68058797067386
 30
0.0
 10
372.1572467222667
 20
75.40444559575783
 30
0.0
  0
LINE
  5
843
330
1F
100
AcDbEntity
  8
0
100
AcDbLine
 10
372.1572467222667
 20
75.40444559575783
 30
0.0
 11
372.157246722856
 21
62.40444559575388
 31
0.0
  0
SPLINE
  5
844
330
1F
100
AcDbEntity
  8
0
100
AcDbSpline
210
0.0
220
0.0
230
1.0
 70
     8
 71
     3
 72
     8
 73
     4
 74
     0
 42
0.000000001
 43
0.0000000001
 40
-10.0
 40
-10.0
 40
-10.0
 40
-10.0
 40
-9.0
 40
-9.0
 40
-9.0
 40
-9.0
 10
372.157246722856
 20
62.40444559575388
 30
0.0
 10
372.157246722869
 20
62.12830322083786
 30
0.0
 10
372.3811043479642
 20
61.90444559576405
 30
0.0
 10
372.6572467228793
 20
61.90444559577605
 30
0.0
  0
LINE
  5
845
330
1F
100
AcDbEntity
  8
0
100
AcDbLine
 10
372.6572467220129
 20
80.95444559578202
 30
0.0
 11
385.6572467220129
 21
80.95444559637334
 31
0.0
  0
SPLINE
  5
846
330
1F
100
AcDbEntity
  8
0
100
AcDbSpline
210
0.0
220
0.0
230
1.0
 70
     8
 71
     3
 72
     8
 73
     4
 74
     0
 42
0.000000001
 43
0.0000000001
 40
-8.0
 40
-8.0
 40
-8.0
 40
-8.0
 40
-7.0
 40
-7.0
 40
-7.0
 40
-7.0
 10
385.6572467220129
 20
80.95444559637334
 30
0.0
 10
385.9333890969289
 20
80.95444559638536
 30
0.0
 10
386.1572467220047
 20
81.17830322147961
 30
0.0
 10
386.1572467219928
 20
81.45444559639555
 30
0.0
  0
LINE
  5
847
330
1F
100
AcDbEntity
  8
0
100
AcDbLine
 10
386.1572467219928
 20
81.45444559639555
 30
0.0
 11
386.1572467214013
 21
94.45444559639055
 31
0.0
  0
SPLINE
  5
848
330
1F
100
AcDbEntity
  8
0
100
AcDbSpline
210
0.0
220
0.0
230
1.0
 70
     8
 71
     3
 72
     8
 73
     4
 74
     0
 42
0.000000001
 43
0.0000000001
 40
-14.0
 40
-14.0
 40
-14.0
 40
-14.0
 40
-13.0
 40
-13.0
 40
-13.0
 40
-13.0
 10
386.1572467214013
 20
94.45444559639055
 30
0.0
 10
386.1572467213873
 20
94.73058797130656
 30
0.0
 10
385.9333890962931
 20
94.95444559637936
 30
0.0
 10
385.6572467213772
 20
94.95444559636746
 30
0.0
  0
LINE
  5
849
330
1F
100
AcDbEntity
  8
0
100
AcDbLine
 10
385.6572467213772
 20
94.95444559636746
 30
0.0
 11
372.6572467213772
 21
94.95444559577604
 31
0.0
  0
SPLINE
  5
850
330
1F
100
AcDbEntity
  8
0
100
AcDbSpline
210
0.0
220
0.0
230
1.0
 70
     8
 71
     3
 72
     8
 73
     4
 74
     0
 42
0.000000001
 43
0.0000000001
 40
-12.0
 40
-12.0
 40
-12.0
 40
-12.0
 40
-11.0
 40
-11.0
 40
-11.0
 40
-11.0
 10
372.6572467213772
 20
94.95444559577604
 30
0.0
 10
372.3811043464621
 20
94.95444559576204
 30
0.0
 10
372.1572467213883
 20
94.73058797066883
 30
0.0
 10
372.1572467214003
 20
94.45444559575184
 30
0.0
  0
LINE
  5
851
330
1F
100
AcDbEntity
  8
0
100
AcDbLine
 10
372.1572467214003
 20
94.45444559575184
 30
0.0
 11
372.1572467219906
 21
81.45444559575887
 31
0.0
  0
SPLINE
  5
852
330
1F
100
AcDbEntity
  8
0
100
AcDbSpline
210
0.0
220
0.0
230
1.0
 70
     8
 71
     3
 72
     8
 73
     4
 74
     0
 42
0.000000001
 43
0.0000000001
 40
-10.0
 40
-10.0
 40
-10.0
 40
-10.0
 40
-9.0
 40
-9.0
 40
-9.0
 40
-9.0
 10
372.1572467219906
 20
81.45444559575887
 30
0.0
 10
372.1572467220027
 20
81.17830322084387
 30
0.0
 10
372.3811043470979
 20
80.95444559576803
 30
0.0
 10
372.6572467220129
 20
80.95444559578202
 30
0.0
  0
LINE
  5
853
330
1F
100
AcDbEntity
  8
0
100
AcDbLine
 10
366.6072467196455
 20
133.0544455955052
 30
0.0
 11
353.6072467196455
 21
133.054445594915
 31
0.0
  0
SPLINE
  5
854
330
1F
100
AcDbEntity
  8
0
100
AcDbSpline
210
0.0
220
0.0
230
1.0
 70
     8
 71
     3
 72
     8
 73
     4
 74
     0
 42
0.000000001
 43
0.0000000001
 40
-8.0
 40
-8.0
 40
-8.0
 40
-8.0
 40
-7.0
 40
-7.0
 40
-7.0
 40
-7.0
 10
353.6072467196455
 20
133.054445594915
 30
0.0
 10
353.3311043447305
 20
133.0544455949016
 30
0.0
 10
353.1072467196557
 20
132.8305879698065
 30
0.0
 10
353.1072467196667
 20
132.5544455948914
 30
0.0
  0
LINE
  5
855
330
1F
100
AcDbEntity
  8
0
100
AcDbLine
 10
353.1072467196667
 20
132.5544455948914
 30
0.0
 11
353.10724672026
 21
119.5544455948915
 31
0.0
  0
SPLINE
  5
856
330
1F
100
AcDbEntity
  8
0
100
AcDbSpline
210
0.0
220
0.0
230
1.0
 70
     8
 71
     3
 72
     8
 73
     4
 74
     0
 42
0.000000001
 43
0.0000000001
 40
-14.0
 40
-14.0
 40
-14.0
 40
-14.0
 40
-13.0
 40
-13.0
 40
-13.0
 40
-13.0
 10
353.10724672026
 20
119.5544455948915
 30
0.0
 10
353.107246720272
 20
119.2783032199763
 30
0.0
 10
353.3311043453661
 20
119.0544455949011
 30
0.0
 10
353.6072467202813
 20
119.0544455949146
 30
0.0
  0
LINE
  5
857
330
1F
100
AcDbEntity
  8
0
100
AcDbLine
 10
353.6072467202813
 20
119.0544455949146
 30
0.0
 11
366.6072467202822
 21
119.0544455955059
 31
0.0
  0
SPLINE
  5
858
330
1F
100
AcDbEntity
  8
0
100
AcDbSpline
210
0.0
220
0.0
230
1.0
 70
     8
 71
     3
 72
     8
 73
     4
 74
     0
 42
0.000000001
 43
0.0000000001
 40
-12.0
 40
-12.0
 40
-12.0
 40
-12.0
 40
-11.0
 40
-11.0
 40
-11.0
 40
-11.0
 10
366.6072467202822
 20
119.0544455955059
 30
0.0
 10
366.8833890951972
 20
119.0544455955181
 30
0.0
 10
367.107246720272
 20
119.2783032206132
 30
0.0
 10
367.107246720259
 20
119.5544455955283
 30
0.0
  0
LINE
  5
859
330
1F
100
AcDbEntity
  8
0
100
AcDbLine
 10
367.107246720259
 20
119.5544455955283
 30
0.0
 11
367.1072467196696
 21
132.554445595527
 31
0.0
  0
SPLINE
  5
860
330
1F
100
AcDbEntity
  8
0
100
AcDbSpline
210
0.0
220
0.0
230
1.0
 70
     8
 71
     3
 72
     8
 73
     4
 74
     0
 42
0.000000001
 43
0.0000000001
 40
-10.0
 40
-10.0
 40
-10.0
 40
-10.0
 40
-9.0
 40
-9.0
 40
-9.0
 40
-9.0
 10
367.1072467196696
 20
132.554445595527
 30
0.0
 10
367.1072467196557
 20
132.8305879704421
 30
0.0
 10
366.8833890945605
 20
133.0544455955173
 30
0.0
 10
366.6072467196455
 20
133.0544455955052
 30
0.0
  0
LINE
  5
861
330
1F
100
AcDbEntity
  8
0
100
AcDbLine
 10
386.1572467202601
 20
119.5544455963959
 30
0.0
 11
386.1572467196687
 21
132.5544455963933
 31
0.0
  0
SPLINE
  5
862
330
1F
100
AcDbEntity
  8
0
100
AcDbSpline
210
0.0
220
0.0
230
1.0
 70
     8
 71
     3
 72
     8
 73
     4
 74
     0
 42
0.000000001
 43
0.0000000001
 40
-8.0
 40
-8.0
 40
-8.0
 40
-8.0
 40
-7.0
 40
-7.0
 40
-7.0
 40
-7.0
 10
386.1572467196687
 20
132.5544455963933
 30
0.0
 10
386.1572467196547
 20
132.8305879713084
 30
0.0
 10
385.9333890945595
 20
133.0544455963811
 30
0.0
 10
385.6572467196455
 20
133.0544455963689
 30
0.0
  0
LINE
  5
863
330
1F
100
AcDbEntity
  8
0
100
AcDbLine
 10
385.6572467196455
 20
133.0544455963689
 30
0.0
 11
372.6572467196445
 21
133.0544455957787
 31
0.0
  0
SPLINE
  5
864
330
1F
100
AcDbEntity
  8
0
100
AcDbSpline
210
0.0
220
0.0
230
1.0
 70
     8
 71
     3
 72
     8
 73
     4
 74
     0
 42
0.000000001
 43
0.0000000001
 40
-14.0
 40
-14.0
 40
-14.0
 40
-14.0
 40
-13.0
 40
-13.0
 40
-13.0
 40
-13.0
 10
372.6572467196445
 20
133.0544455957787
 30
0.0
 10
372.3811043447294
 20
133.0544455957655
 30
0.0
 10
372.1572467196557
 20
132.8305879706715
 30
0.0
 10
372.1572467196677
 20
132.5544455957563
 30
0.0
  0
LINE
  5
865
330
1F
100
AcDbEntity
  8
0
100
AcDbLine
 10
372.1572467196677
 20
132.5544455957563
 30
0.0
 11
372.157246720258
 21
119.5544455957577
 31
0.0
  0
SPLINE
  5
866
330
1F
100
AcDbEntity
  8
0
100
AcDbSpline
210
0.0
220
0.0
230
1.0
 70
     8
 71
     3
 72
     8
 73
     4
 74
     0
 42
0.000000001
 43
0.0000000001
 40
-12.0
 40
-12.0
 40
-12.0
 40
-12.0
 40
-11.0
 40
-11.0
 40
-11.0
 40
-11.0
 10
372.157246720258
 20
119.5544455957577
 30
0.0
 10
372.157246720271
 20
119.2783032208426
 30
0.0
 10
372.3811043453662
 20
119.0544455957687
 30
0.0
 10
372.6572467202811
 20
119.0544455957808
 30
0.0
  0
LINE
  5
867
330
1F
100
AcDbEntity
  8
0
100
AcDbLine
 10
372.6572467202811
 20
119.0544455957808
 30
0.0
 11
385.6572467202811
 21
119.0544455963735
 31
0.0
  0
SPLINE
  5
868
330
1F
100
AcDbEntity
  8
0
100
AcDbSpline
210
0.0
220
0.0
230
1.0
 70
     8
 71
     3
 72
     8
 73
     4
 74
     0
 42
0.000000001
 43
0.0000000001
 40
-10.0
 40
-10.0
 40
-10.0
 40
-10.0
 40
-9.0
 40
-9.0
 40
-9.0
 40
-9.0
 10
385.6572467202811
 20
119.0544455963735
 30
0.0
 10
385.9333890951982
 20
119.0544455963857
 30
0.0
 10
386.157246720272
 20
119.2783032214808
 30
0.0
 10
386.1572467202601
 20
119.5544455963959
 30
0.0
  0
LINE
  5
869
330
1F
100
AcDbEntity
  8
0
100
AcDbLine
 10
353.6072467228793
 20
61.90444559491175
 30
0.0
 11
366.6072467228803
 21
61.90444559550105
 31
0.0
  0
SPLINE
  5
870
330
1F
100
AcDbEntity
  8
0
100
AcDbSpline
210
0.0
220
0.0
230
1.0
 70
     8
 71
     3
 72
     8
 73
     4
 74
     0
 42
0.000000001
 43
0.0000000001
 40
-8.0
 40
-8.0
 40
-8.0
 40
-8.0
 40
-7.0
 40
-7.0
 40
-7.0
 40
-7.0
 10
366.6072467228803
 20
61.90444559550105
 30
0.0
 10
366.8833890977952
 20
61.90444559551503
 30
0.0
 10
367.107246722871
 20
62.12830322060921
 30
0.0
 10
367.107246722858
 20
62.40444559552424
 30
0.0
  0
LINE
  5
871
330
1F
100
AcDbEntity
  8
0
100
AcDbLine
 10
367.107246722858
 20
62.40444559552424
 30
0.0
 11
367.1072467222667
 21
75.40444559552923
 31
0.0
  0
SPLINE
  5
872
330
1F
100
AcDbEntity
  8
0
100
AcDbSpline
210
0.0
220
0.0
230
1.0
 70
     8
 71
     3
 72
     8
 73
     4
 74
     0
 42
0.000000001
 43
0.0000000001
 40
-14.0
 40
-14.0
 40
-14.0
 40
-14.0
 40
-13.0
 40
-13.0
 40
-13.0
 40
-13.0
 10
367.1072467222667
 20
75.40444559552923
 30
0.0
 10
367.1072467222548
 20
75.68058797044423
 30
0.0
 10
366.8833890971594
 20
75.90444559551804
 30
0.0
 10
366.6072467222445
 20
75.90444559550604
 30
0.0
  0
LINE
  5
873
330
1F
100
AcDbEntity
  8
0
100
AcDbLine
 10
366.6072467222445
 20
75.90444559550604
 30
0.0
 11
353.6072467222435
 21
75.90444559491576
 31
0.0
  0
SPLINE
  5
874
330
1F
100
AcDbEntity
  8
0
100
AcDbSpline
210
0.0
220
0.0
230
1.0
 70
     8
 71
     3
 72
     8
 73
     4
 74
     0
 42
0.000000001
 43
0.0000000001
 40
-12.0
 40
-12.0
 40
-12.0
 40
-12.0
 40
-11.0
 40
-11.0
 40
-11.0
 40
-11.0
 10
353.6072467222435
 20
75.90444559491576
 30
0.0
 10
353.3311043473285
 20
75.90444559490274
 30
0.0
 10
353.1072467222527
 20
75.68058796980745
 30
0.0
 10
353.1072467222667
 20
75.40444559489245
 30
0.0
  0
LINE
  5
875
330
1F
100
AcDbEntity
  8
0
100
AcDbLine
 10
353.1072467222667
 20
75.40444559489245
 30
0.0
 11
353.107246722856
 21
62.40444559488856
 31
0.0
  0
SPLINE
  5
876
330
1F
100
AcDbEntity
  8
0
100
AcDbSpline
210
0.0
220
0.0
230
1.0
 70
     8
 71
     3
 72
     8
 73
     4
 74
     0
 42
0.000000001
 43
0.0000000001
 40
-10.0
 40
-10.0
 40
-10.0
 40
-10.0
 40
-9.0
 40
-9.0
 40
-9.0
 40
-9.0
 10
353.107246722856
 20
62.40444559488856
 30
0.0
 10
353.10724672287
 20
62.12830321997353
 30
0.0
 10
353.3311043479652
 20
61.90444559489773
 30
0.0
 10
353.6072467228793
 20
61.90444559491175
 30
0.0
  0
LINE
  5
877
330
1F
100
AcDbEntity
  8
0
100
AcDbLine
 10
229.2818781042393
 20
114.0044455892547
 30
0.0
 11
229.2818781048528
 21
100.5044455892557
 31
0.0
  0
SPLINE
  5
878
330
1F
100
AcDbEntity
  8
0
100
AcDbSpline
210
0.0
220
0.0
230
1.0
 70
     8
 71
     3
 72
     8
 73
     4
 74
     0
 42
0.000000001
 43
0.0000000001
 40
-7.0
 40
-7.0
 40
-7.0
 40
-7.0
 40
-6.0
 40
-6.0
 40
-6.0
 40
-6.0
 10
229.2818781048528
 20
100.5044455892557
 30
0.0
 10
229.2818781048662
 20
100.2283032143405
 30
0.0
 10
229.5057357299601
 20
100.0044455892665
 30
0.0
 10
229.7818781048766
 20
100.0044455892787
 30
0.0
  0
LINE
  5
879
330
1F
100
AcDbEntity
  8
0
100
AcDbLine
 10
229.7818781048766
 20
100.0044455892787
 30
0.0
 11
242.7818781048748
 21
100.0044455898689
 31
0.0
  0
SPLINE
  5
880
330
1F
100
AcDbEntity
  8
0
100
AcDbSpline
210
0.0
220
0.0
230
1.0
 70
     8
 71
     3
 72
     8
 73
     4
 74
     0
 42
0.000000001
 43
0.0000000001
 40
-12.0
 40
-12.0
 40
-12.0
 40
-12.0
 40
-11.0
 40
-11.0
 40
-11.0
 40
-11.0
 10
242.7818781048748
 20
100.0044455898689
 30
0.0
 10
243.0580204797899
 20
100.0044455898822
 30
0.0
 10
243.2818781048638
 20
100.2283032149774
 30
0.0
 10
243.2818781048517
 20
100.5044455898926
 30
0.0
  0
LINE
  5
881
330
1F
100
AcDbEntity
  8
0
100
AcDbLine
 10
243.2818781048517
 20
100.5044455898926
 30
0.0
 11
243.2818781042603
 21
113.5044455898923
 31
0.0
  0
SPLINE
  5
882
330
1F
100
AcDbEntity
  8
0
100
AcDbSpline
210
0.0
220
0.0
230
1.0
 70
     8
 71
     3
 72
     8
 73
     4
 74
     0
 42
0.000000001
 43
0.0000000001
 40
-10.0
 40
-10.0
 40
-10.0
 40
-10.0
 40
-9.0
 40
-9.0
 40
-9.0
 40
-9.0
 10
243.2818781042603
 20
113.5044455898923
 30
0.0
 10
243.2818781042481
 20
113.7805879648076
 30
0.0
 10
243.058020479153
 20
114.0044455898827
 30
0.0
 10
242.7818781042378
 20
114.0044455898694
 30
0.0
  0
LINE
  5
883
330
1F
100
AcDbEntity
  8
0
100
AcDbLine
 10
242.7818781042378
 20
114.0044455898694
 30
0.0
 11
229.2818781042393
 21
114.0044455892547
 31
0.0
  0
LINE
  5
884
330
1F
100
AcDbEntity
  8
0
100
AcDbLine
 10
344.053617235667
 20
100.7636839672962
 30
0.0
 11
344.0536172350984
 21
113.2452072252883
 31
0.0
  0
SPLINE
  5
885
330
1F
100
AcDbEntity
  8
0
100
AcDbSpline
210
0.0
220
0.0
230
1.0
 70
     8
 71
     3
 72
    11
 73
     7
 74
     0
 42
0.000000001
 43
0.0000000001
 40
-7.0
 40
-7.0
 40
-7.0
 40
-7.0
 40
-5.999997343961367
 40
-5.999997343961367
 40
-5.999997343961367
 40
-5.0
 40
-5.0
 40
-5.0
 40
-5.0
 10
344.0536172350984
 20
113.2452072252883
 30
0.0
 10
344.0536172350796
 20
113.6645241128004
 30
0.0
 10
343.7136900903215
 20
114.0044455962778
 30
0.0
 10
343.2943773455798
 20
114.0044455962592
 30
0.0
 10
342.8750683467094
 20
114.0044455962404
 30
0.0
 10
342.5351389745905
 20
113.6645218852925
 30
0.0
 10
342.5351389746095
 20
113.245207225219
 30
0.0
  0
LINE
  5
886
330
1F
100
AcDbEntity
  8
0
100
AcDbLine
 10
342.5351389746095
 20
113.245207225219
 30
0.0
 11
342.5351389751769
 21
100.7636839672269
 31
0.0
  0
SPLINE
  5
887
330
1F
100
AcDbEntity
  8
0
100
AcDbSpline
210
0.0
220
0.0
230
1.0
 70
     8
 71
     3
 72
    11
 73
     7
 74
     0
 42
0.000000001
 43
0.0000000001
 40
-10.0
 40
-10.0
 40
-10.0
 40
-10.0
 40
-8.99999734397098
 40
-8.99999734397098
 40
-8.99999734397098
 40
-8.0
 40
-8.0
 40
-8.0
 40
-8.0
 10
342.5351389751769
 20
100.7636839672269
 30
0.0
 10
342.5351389751968
 20
100.3443670797204
 30
0.0
 10
342.8750661199438
 20
100.0044455962375
 30
0.0
 10
343.2943788646946
 20
100.0044455962561
 30
0.0
 10
343.7136878635872
 20
100.0044455962748
 30
0.0
 10
344.0536172356848
 20
100.34436930722
 30
0.0
 10
344.053617235667
 20
100.7636839672962
 30
0.0
  0
LINE
  5
888
330
1F
100
AcDbEntity
  8
0
100
AcDbLine
 10
303.7161192742216
 20
100.7636839636492
 30
0.0
 11
303.7161192736521
 21
113.2452072216414
 31
0.0
  0
SPLINE
  5
889
330
1F
100
AcDbEntity
  8
0
100
AcDbSpline
210
0.0
220
0.0
230
1.0
 70
     8
 71
     3
 72
    11
 73
     7
 74
     0
 42
0.000000001
 43
0.0000000001
 40
-7.0
 40
-7.0
 40
-7.0
 40
-7.0
 40
-5.999997343965203
 40
-5.999997343965203
 40
-5.999997343965203
 40
-5.0
 40
-5.0
 40
-5.0
 40
-5.0
 10
303.7161192736521
 20
113.2452072216414
 30
0.0
 10
303.7161192736342
 20
113.6645241091515
 30
0.0
 10
303.3761921288801
 20
114.0044455926308
 30
0.0
 10
302.9568793841344
 20
114.0044455926122
 30
0.0
 10
302.5375703852547
 20
114.0044455925935
 30
0.0
 10
302.1976410131452
 20
113.6645218816477
 30
0.0
 10
302.197641013163
 20
113.245207221572
 30
0.0
  0
LINE
  5
890
330
1F
100
AcDbEntity
  8
0
100
AcDbLine
 10
302.1976410131631
 20
113.245207221572
 30
0.0
 11
302.1976410137315
 21
100.7636839635799
 31
0.0
  0
SPLINE
  5
891
330
1F
100
AcDbEntity
  8
0
100
AcDbSpline
210
0.0
220
0.0
230
1.0
 70
     8
 71
     3
 72
    11
 73
     7
 74
     0
 42
0.000000001
 43
0.0000000001
 40
-10.0
 40
-10.0
 40
-10.0
 40
-10.0
 40
-8.999997343470994
 40
-8.999997343470994
 40
-8.999997343470994
 40
-8.0
 40
-8.0
 40
-8.0
 40
-8.0
 10
302.1976410137315
 20
100.7636839635799
 30
0.0
 10
302.1976410137514
 20
100.3443670758637
 30
0.0
 10
302.5375681519331
 20
100.0044455925905
 30
0.0
 10
302.9568809032482
 20
100.0044455926091
 30
0.0
 10
303.3761899082858
 20
100.0044455926278
 30
0.0
 10
303.7161192742384
 20
100.3443693037826
 30
0.0
 10
303.7161192742216
 20
100.7636839636492
 30
0.0
  0
LINE
  5
892
330
1F
100
AcDbEntity
  8
0
100
AcDbLine
 10
103.6786192750893
 20
81.71368395455322
 30
0.0
 11
103.6786192745208
 21
94.19520721254736
 31
0.0
  0
SPLINE
  5
893
330
1F
100
AcDbEntity
  8
0
100
AcDbSpline
210
0.0
220
0.0
230
1.0
 70
     8
 71
     3
 72
    11
 73
     7
 74
     0
 42
0.000000001
 43
0.0000000001
 40
-7.0
 40
-7.0
 40
-7.0
 40
-7.0
 40
-5.999997343468097
 40
-5.999997343468097
 40
-5.999997343468097
 40
-5.0
 40
-5.0
 40
-5.0
 40
-5.0
 10
103.6786192745208
 20
94.19520721254736
 30
0.0
 10
103.6786192745019
 20
94.61452410026401
 30
0.0
 10
103.3386921363178
 20
94.95444558353653
 30
0.0
 10
102.9193793850031
 20
94.95444558351664
 30
0.0
 10
102.5000703799696
 20
94.95444558349774
 30
0.0
 10
102.1601410140119
 20
94.61452187234366
 30
0.0
 10
102.1601410140317
 20
94.19520721247804
 30
0.0
  0
LINE
  5
894
330
1F
100
AcDbEntity
  8
0
100
AcDbLine
 10
102.1601410140317
 20
94.19520721247804
 30
0.0
 11
102.1601410145992
 21
81.71368395448595
 31
0.0
  0
SPLINE
  5
895
330
1F
100
AcDbEntity
  8
0
100
AcDbSpline
210
0.0
220
0.0
230
1.0
 70
     8
 71
     3
 72
    11
 73
     7
 74
     0
 42
0.000000001
 43
0.0000000001
 40
-10.0
 40
-10.0
 40
-10.0
 40
-10.0
 40
-8.999997343965837
 40
-8.999997343965837
 40
-8.999997343965837
 40
-8.0
 40
-8.0
 40
-8.0
 40
-8.0
 10
102.1601410145992
 20
81.71368395448595
 30
0.0
 10
102.1601410146182
 20
81.29436706697594
 30
0.0
 10
102.5000681593722
 20
80.95444558349473
 30
0.0
 10
102.9193809041179
 20
80.95444558351365
 30
0.0
 10
103.3386899029982
 20
80.95444558353353
 30
0.0
 10
103.6786192751092
 20
81.29436929448017
 30
0.0
 10
103.6786192750893
 20
81.71368395455322
 30
0.0
  0
LINE
  5
896
330
1F
100
AcDbEntity
  8
0
100
AcDbLine
 10
301.2193781040078
 20
119.0544455925318
 30
0.0
 11
314.2193781040078
 21
119.0544455931245
 31
0.0
  0
SPLINE
  5
897
330
1F
100
AcDbEntity
  8
0
100
AcDbSpline
210
0.0
220
0.0
230
1.0
 70
     8
 71
     3
 72
     8
 73
     4
 74
     0
 42
0.000000001
 43
0.0000000001
 40
-8.0
 40
-8.0
 40
-8.0
 40
-8.0
 40
-7.0
 40
-7.0
 40
-7.0
 40
-7.0
 10
314.2193781040078
 20
119.0544455931245
 30
0.0
 10
314.4955204789238
 20
119.0544455931367
 30
0.0
 10
314.7193781039976
 20
119.2783032182318
 30
0.0
 10
314.7193781039856
 20
119.5544455931469
 30
0.0
  0
LINE
  5
898
330
1F
100
AcDbEntity
  8
0
100
AcDbLine
 10
314.7193781039856
 20
119.5544455931469
 30
0.0
 11
314.7193781033942
 21
132.5544455931469
 31
0.0
  0
SPLINE
  5
899
330
1F
100
AcDbEntity
  8
0
100
AcDbSpline
210
0.0
220
0.0
230
1.0
 70
     8
 71
     3
 72
     8
 73
     4
 74
     0
 42
0.000000001
 43
0.0000000001
 40
-14.0
 40
-14.0
 40
-14.0
 40
-14.0
 40
-13.0
 40
-13.0
 40
-13.0
 40
-13.0
 10
314.7193781033942
 20
132.5544455931469
 30
0.0
 10
314.7193781033813
 20
132.8305879680619
 30
0.0
 10
314.4955204782871
 20
133.0544455931371
 30
0.0
 10
314.2193781033721
 20
133.054445593125
 30
0.0
  0
LINE
  5
900
330
1F
100
AcDbEntity
  8
0
100
AcDbLine
 10
314.2193781033721
 20
133.054445593125
 30
0.0
 11
301.2193781033711
 21
133.054445592531
 31
0.0
  0
SPLINE
  5
901
330
1F
100
AcDbEntity
  8
0
100
AcDbSpline
210
0.0
220
0.0
230
1.0
 70
     8
 71
     3
 72
     8
 73
     4
 74
     0
 42
0.000000001
 43
0.0000000001
 40
-12.0
 40
-12.0
 40
-12.0
 40
-12.0
 40
-11.0
 40
-11.0
 40
-11.0
 40
-11.0
 10
301.2193781033711
 20
133.054445592531
 30
0.0
 10
300.943235728456
 20
133.0544455925189
 30
0.0
 10
300.7193781033813
 20
132.8305879674237
 30
0.0
 10
300.7193781033943
 20
132.5544455925086
 30
0.0
  0
LINE
  5
902
330
1F
100
AcDbEntity
  8
0
100
AcDbLine
 10
300.7193781033943
 20
132.5544455925086
 30
0.0
 11
300.7193781039857
 21
119.55444559251
 31
0.0
  0
SPLINE
  5
903
330
1F
100
AcDbEntity
  8
0
100
AcDbSpline
210
0.0
220
0.0
230
1.0
 70
     8
 71
     3
 72
     8
 73
     4
 74
     0
 42
0.000000001
 43
0.0000000001
 40
-10.0
 40
-10.0
 40
-10.0
 40
-10.0
 40
-9.0
 40
-9.0
 40
-9.0
 40
-9.0
 10
300.7193781039857
 20
119.55444559251
 30
0.0
 10
300.7193781039976
 20
119.2783032175949
 30
0.0
 10
300.9432357290929
 20
119.0544455925197
 30
0.0
 10
301.2193781040078
 20
119.0544455925318
 30
0.0
  0
LINE
  5
904
330
1F
100
AcDbEntity
  8
0
100
AcDbLine
 10
332.7424978023888
 20
98.34244556882024
 30
0.0
 11
340.3880001429968
 21
98.34244556917054
 31
0.0
  0
SPLINE
  5
905
330
1F
100
AcDbEntity
  8
0
100
AcDbSpline
210
0.0
220
0.0
230
1.0
 70
     8
 71
     3
 72
     8
 73
     4
 74
     0
 42
0.000000001
 43
0.0000000001
 40
-38.0
 40
-38.0
 40
-38.0
 40
-38.0
 40
-37.0
 40
-37.0
 40
-37.0
 40
-37.0
 10
340.3880001429968
 20
98.34244556917054
 30
0.0
 10
340.6641425179118
 20
98.34244556918344
 30
0.0
 10
340.8880001429856
 20
98.56630319427774
 30
0.0
 10
340.8880001429736
 20
98.84244556919277
 30
0.0
  0
LINE
  5
906
330
1F
100
AcDbEntity
  8
0
100
AcDbLine
 10
340.8880001429736
 20
98.84244556919277
 30
0.0
 11
340.8880001414367
 21
132.5547343956126
 31
0.0
  0
SPLINE
  5
907
330
1F
100
AcDbEntity
  8
0
100
AcDbSpline
210
0.0
220
0.0
230
1.0
 70
     8
 71
     3
 72
     8
 73
     4
 74
     0
 42
0.000000001
 43
0.0000000001
 40
-74.0
 40
-74.0
 40
-74.0
 40
-74.0
 40
-73.0
 40
-73.0
 40
-73.0
 40
-73.0
 10
340.8880001414367
 20
132.5547343956126
 30
0.0
 10
340.8880001414247
 20
132.8307172699878
 30
0.0
 10
340.6642718170655
 20
133.0544455943275
 30
0.0
 10
340.3882889426904
 20
133.0544455943141
 30
0.0
  0
LINE
  5
908
330
1F
100
AcDbEntity
  8
0
100
AcDbLine
 10
340.3882889426904
 20
133.0544455943142
 30
0.0
 11
325.0318778534417
 21
133.0544455936123
 31
0.0
  0
SPLINE
  5
909
330
1F
100
AcDbEntity
  8
0
100
AcDbSpline
210
0.0
220
0.0
230
1.0
 70
     8
 71
     3
 72
     8
 73
     4
 74
     0
 42
0.000000001
 43
0.0000000001
 40
-71.0
 40
-71.0
 40
-71.0
 40
-71.0
 40
-70.0
 40
-70.0
 40
-70.0
 40
-70.0
 10
325.0318777706445
 20
133.0544455936123
 30
0.0
 10
324.7557353957295
 20
133.0544455476802
 30
0.0
 10
324.5318778450947
 20
132.8305878022382
 30
0.0
 10
324.5318779369337
 20
132.5544454271293
 30
0.0
  0
LINE
  5
910
330
1F
100
AcDbEntity
  8
0
100
AcDbLine
 10
324.5318779369337
 20
132.5544454271293
 30
0.0
 11
324.5318821822464
 21
119.8044235561904
 31
0.0
  0
SPLINE
  5
911
330
1F
100
AcDbEntity
  8
0
100
AcDbSpline
210
0.0
220
0.0
230
1.0
 70
     8
 71
     3
 72
     8
 73
     4
 74
     0
 42
0.000000001
 43
0.0000000001
 40
-69.0
 40
-69.0
 40
-69.0
 40
-69.0
 40
-68.0
 40
-68.0
 40
-68.0
 40
-68.0
 10
324.5318821822464
 20
119.8044235561904
 30
0.0
 10
324.5318821822659
 20
119.3902099938179
 30
0.0
 10
324.8676686199072
 20
119.0544235562055
 30
0.0
 10
325.2818821822792
 20
119.0544235562238
 30
0.0
  0
LINE
  5
912
330
1F
100
AcDbEntity
  8
0
100
AcDbLine
 10
325.2818821822792
 20
119.0544235562238
 30
0.0
 11
325.9381379725182
 21
119.0544210854428
 31
0.0
  0
SPLINE
  5
913
330
1F
100
AcDbEntity
  8
0
100
AcDbSpline
210
0.0
220
0.0
230
1.0
 70
     8
 71
     3
 72
     8
 73
     4
 74
     0
 42
0.000000001
 43
0.0000000001
 40
-67.0
 40
-67.0
 40
-67.0
 40
-67.0
 40
-66.0
 40
-66.0
 40
-66.0
 40
-66.0
 10
325.9381379725182
 20
119.0544210854428
 30
0.0
 10
326.4904212520162
 20
119.0544190061144
 30
0.0
 10
326.9381342075257
 20
118.6067043649967
 30
0.0
 10
326.9381342075506
 20
118.0544210854953
 30
0.0
  0
LINE
  5
914
330
1F
100
AcDbEntity
  8
0
100
AcDbLine
 10
326.9381342075506
 20
118.0544210854953
 30
0.0
 11
326.9381342076907
 21
114.9794455936959
 31
0.0
  0
SPLINE
  5
915
330
1F
100
AcDbEntity
  8
0
100
AcDbSpline
210
0.0
220
0.0
230
1.0
 70
     8
 71
     3
 72
     8
 73
     4
 74
     0
 42
0.000000001
 43
0.0000000001
 40
-65.0
 40
-65.0
 40
-65.0
 40
-65.0
 40
-64.0
 40
-64.0
 40
-64.0
 40
-64.0
 10
326.9381342076907
 20
114.9794455936959
 30
0.0
 10
326.9381342077146
 20
114.4271608438643
 30
0.0
 10
326.4904189575671
 20
113.9794455936752
 30
0.0
 10
325.9381342077361
 20
113.9794455936496
 30
0.0
  0
LINE
  5
916
330
1F
100
AcDbEntity
  8
0
100
AcDbLine
 10
325.9381342077361
 20
113.9794455936497
 30
0.0
 11
316.8275032129807
 21
113.9794455932366
 31
0.0
  0
SPLINE
  5
917
330
1F
100
AcDbEntity
  8
0
100
AcDbSpline
210
0.0
220
0.0
230
1.0
 70
     8
 71
     3
 72
     8
 73
     4
 74
     0
 42
0.000000001
 43
0.0000000001
 40
-63.0
 40
-63.0
 40
-63.0
 40
-63.0
 40
-62.0
 40
-62.0
 40
-62.0
 40
-62.0
 10
316.8275032129807
 20
113.9794455932366
 30
0.0
 10
316.6618177880307
 20
113.9794455932294
 30
0.0
 10
316.5275032129756
 20
114.1137601682724
 30
0.0
 10
316.5275032129675
 20
114.2794455932207
 30
0.0
  0
LINE
  5
918
330
1F
100
AcDbEntity
  8
0
100
AcDbLine
 10
316.5275032129675
 20
114.2794455932207
 30
0.0
 11
316.5275032129112
 21
115.4664456183601
 31
0.0
  0
SPLINE
  5
919
330
1F
100
AcDbEntity
  8
0
100
AcDbSpline
210
0.0
220
0.0
230
1.0
 70
     8
 71
     3
 72
     8
 73
     4
 74
     0
 42
0.000000001
 43
0.0000000001
 40
-61.0
 40
-61.0
 40
-61.0
 40
-61.0
 40
-60.0
 40
-60.0
 40
-60.0
 40
-60.0
 10
316.5275032129112
 20
115.4664456183601
 30
0.0
 10
316.5275032128983
 20
115.7425879932739
 30
0.0
 10
316.303645587804
 20
115.9664456183479
 30
0.0
 10
316.027503212888
 20
115.9664456183357
 30
0.0
  0
LINE
  5
920
330
1F
100
AcDbEntity
  8
0
100
AcDbLine
 10
316.027503212888
 20
115.9664456183357
 30
0.0
 11
308.6164929623854
 21
115.9664456179994
 31
0.0
  0
SPLINE
  5
921
330
1F
100
AcDbEntity
  8
0
100
AcDbSpline
210
0.0
220
0.0
230
1.0
 70
     8
 71
     3
 72
     8
 73
     4
 74
     0
 42
0.000000001
 43
0.0000000001
 40
-58.0
 40
-58.0
 40
-58.0
 40
-58.0
 40
-57.0
 40
-57.0
 40
-57.0
 40
-57.0
 10
308.6164910609081
 20
115.966445617984
 30
0.0
 10
308.340348686
 20
115.9664434456423
 30
0.0
 10
308.1164927638313
 20
115.7425841893494
 30
0.0
 10
308.1164948644772
 20
115.4664418144317
 30
0.0
  0
LINE
  5
922
330
1F
100
AcDbEntity
  8
0
100
AcDbLine
 10
308.1164948644772
 20
115.4664418144317
 30
0.0
 11
308.1165021824871
 21
114.5044485554454
 31
0.0
  0
SPLINE
  5
923
330
1F
100
AcDbEntity
  8
0
100
AcDbSpline
210
0.0
220
0.0
230
1.0
 70
     8
 71
     3
 72
     8
 73
     4
 74
     0
 42
0.000000001
 43
0.0000000001
 40
-56.0
 40
-56.0
 40
-56.0
 40
-56.0
 40
-55.0
 40
-55.0
 40
-55.0
 40
-55.0
 10
308.1165021824871
 20
114.5044485554454
 30
0.0
 10
308.1165021824992
 20
114.228306180529
 30
0.0
 10
307.8926445574254
 20
114.0044485554339
 30
0.0
 10
307.6165021825104
 20
114.0044485554217
 30
0.0
  0
LINE
  5
924
330
1F
100
AcDbEntity
  8
0
100
AcDbLine
 10
307.6165021825104
 20
114.0044485554217
 30
0.0
 11
305.9818821825104
 21
114.0044485553471
 31
0.0
  0
SPLINE
  5
925
330
1F
100
AcDbEntity
  8
0
100
AcDbSpline
210
0.0
220
0.0
230
1.0
 70
     8
 71
     3
 72
     8
 73
     4
 74
     0
 42
0.000000001
 43
0.0000000001
 40
-54.0
 40
-54.0
 40
-54.0
 40
-54.0
 40
-53.0
 40
-53.0
 40
-53.0
 40
-53.0
 10
305.9818821825104
 20
114.0044485553471
 30
0.0
 10
305.7057398075945
 20
114.0044485553336
 30
0.0
 10
305.4818821825206
 20
113.7805909302398
 30
0.0
 10
305.4818821825327
 20
113.5044485553233
 30
0.0
  0
LINE
  5
926
330
1F
100
AcDbEntity
  8
0
100
AcDbLine
 10
305.4818821825327
 20
113.5044485553233
 30
0.0
 11
305.4818821831229
 21
100.5044501040629
 31
0.0
  0
SPLINE
  5
927
330
1F
100
AcDbEntity
  8
0
100
AcDbSpline
210
0.0
220
0.0
230
1.0
 70
     8
 71
     3
 72
     8
 73
     4
 74
     0
 42
0.000000001
 43
0.0000000001
 40
-52.0
 40
-52.0
 40
-52.0
 40
-52.0
 40
-51.0
 40
-51.0
 40
-51.0
 40
-51.0
 10
305.4818821831229
 20
100.5044501040629
 30
0.0
 10
305.4818821831349
 20
100.2283083339656
 30
0.0
 10
305.7057388643152
 20
100.0044509594149
 30
0.0
 10
305.9818806344111
 20
100.0044501040872
 30
0.0
  0
LINE
  5
928
330
1F
100
AcDbEntity
  8
0
100
AcDbLine
 10
305.9818806344111
 20
100.0044501040872
 30
0.0
 11
307.6165021831462
 21
100.0044450409703
 31
0.0
  0
SPLINE
  5
929
330
1F
100
AcDbEntity
  8
0
100
AcDbSpline
210
0.0
220
0.0
230
1.0
 70
     8
 71
     3
 72
     8
 73
     4
 74
     0
 42
0.000000001
 43
0.0000000001
 40
-50.0
 40
-50.0
 40
-50.0
 40
-50.0
 40
-49.0
 40
-49.0
 40
-49.0
 40
-49.0
 10
307.6165021831462
 20
100.0044450409703
 30
0.0
 10
307.8926426170822
 20
100.0044450409825
 30
0.0
 10
308.1164986687044
 20
99.78058898938286
 30
0.0
 10
308.1164986687173
 20
99.50444855544425
 30
0.0
  0
LINE
  5
930
330
1F
100
AcDbEntity
  8
0
100
AcDbLine
 10
308.1164986687174
 20
99.50444855544425
 30
0.0
 11
308.1164986687503
 21
98.84244556769488
 31
0.0
  0
SPLINE
  5
931
330
1F
100
AcDbEntity
  8
0
100
AcDbSpline
210
0.0
220
0.0
230
1.0
 70
     8
 71
     3
 72
     8
 73
     4
 74
     0
 42
0.000000001
 43
0.0000000001
 40
-48.0
 40
-48.0
 40
-48.0
 40
-48.0
 40
-47.0
 40
-47.0
 40
-47.0
 40
-47.0
 10
308.1164986687503
 20
98.84244556769488
 30
0.0
 10
308.1164986687632
 20
98.56630319278085
 30
0.0
 10
308.3403562938574
 20
98.34244556770507
 30
0.0
 10
308.6164986687734
 20
98.34244556771906
 30
0.0
  0
LINE
  5
932
330
1F
100
AcDbEntity
  8
0
100
AcDbLine
 10
308.6164986687734
 20
98.34244556771906
 30
0.0
 11
316.0350030821884
 21
98.34244556806172
 31
0.0
  0
SPLINE
  5
933
330
1F
100
AcDbEntity
  8
0
100
AcDbSpline
210
0.0
220
0.0
230
1.0
 70
     8
 71
     3
 72
     8
 73
     4
 74
     0
 42
0.000000001
 43
0.0000000001
 40
-46.0
 40
-46.0
 40
-46.0
 40
-46.0
 40
-45.0
 40
-45.0
 40
-45.0
 40
-45.0
 10
316.0350030821884
 20
98.34244556806172
 30
0.0
 10
316.3111454571045
 20
98.34244556806973
 30
0.0
 10
316.5350030821782
 20
98.56630319316398
 30
0.0
 10
316.5350030821662
 20
98.84244556807997
 30
0.0
  0
LINE
  5
934
330
1F
100
AcDbEntity
  8
0
100
AcDbLine
 10
316.5350030821662
 20
98.84244556807997
 30
0.0
 11
316.535003082125
 21
99.72944559322307
 31
0.0
  0
SPLINE
  5
935
330
1F
100
AcDbEntity
  8
0
100
AcDbSpline
210
0.0
220
0.0
230
1.0
 70
     8
 71
     3
 72
     8
 73
     4
 74
     0
 42
0.000000001
 43
0.0000000001
 40
-44.0
 40
-44.0
 40
-44.0
 40
-44.0
 40
-43.0
 40
-43.0
 40
-43.0
 40
-43.0
 10
316.535003082125
 20
99.72944559322307
 30
0.0
 10
316.5350030821181
 20
99.89513101817264
 30
0.0
 10
316.6693176571629
 20
100.0294455932285
 30
0.0
 10
316.8350030821129
 20
100.029445593237
 30
0.0
  0
LINE
  5
936
330
1F
100
AcDbEntity
  8
0
100
AcDbLine
 10
316.8350030821129
 20
100.029445593237
 30
0.0
 11
331.9424111619273
 21
100.029445593924
 31
0.0
  0
SPLINE
  5
937
330
1F
100
AcDbEntity
  8
0
100
AcDbSpline
210
0.0
220
0.0
230
1.0
 70
     8
 71
     3
 72
     8
 73
     4
 74
     0
 42
0.000000001
 43
0.0000000001
 40
-42.0
 40
-42.0
 40
-42.0
 40
-42.0
 40
-41.0
 40
-41.0
 40
-41.0
 40
-41.0
 10
331.9424111619273
 20
100.029445593924
 30
0.0
 10
332.1081444370393
 20
100.0294455939312
 30
0.0
 10
332.2424978023164
 20
99.89509222866514
 30
0.0
 10
332.2424978023245
 20
99.72935895355414
 30
0.0
  0
LINE
  5
938
330
1F
100
AcDbEntity
  8
0
100
AcDbLine
 10
332.2424978023245
 20
99.72935895355414
 30
0.0
 11
332.2424978023656
 21
98.84244556879904
 31
0.0
  0
SPLINE
  5
939
330
1F
100
AcDbEntity
  8
0
100
AcDbSpline
210
0.0
220
0.0
230
1.0
 70
     8
 71
     3
 72
     8
 73
     4
 74
     0
 42
0.000000001
 43
0.0000000001
 40
-40.0
 40
-40.0
 40
-40.0
 40
-40.0
 40
-39.0
 40
-39.0
 40
-39.0
 40
-39.0
 10
332.2424978023656
 20
98.84244556879904
 30
0.0
 10
332.2424978023766
 20
98.56630319388216
 30
0.0
 10
332.4663554274728
 20
98.34244556880832
 30
0.0
 10
332.7424978023888
 20
98.34244556882024
 30
0.0
  0
SPLINE
  5
940
330
1F
100
AcDbEntity
  8
0
100
AcDbSpline
210
0.0
220
0.0
230
1.0
 70
     8
 71
     3
 72
     8
 73
     4
 74
     0
 42
0.000000001
 43
0.0000000001
 40
-13.0
 40
-13.0
 40
-13.0
 40
-13.0
 40
-12.0
 40
-12.0
 40
-12.0
 40
-12.0
 10
62.59437810152539
 20
156.2606955535148
 30
0.0
 10
62.59437810140136
 20
155.9845531786708
 30
0.0
 10
62.8182357263266
 20
155.760695553542
 30
0.0
 10
63.09437810117157
 20
155.760695553415
 30
0.0
  0
LINE
  5
941
330
1F
100
AcDbEntity
  8
0
100
AcDbLine
 10
63.09437810117157
 20
155.760695553415
 30
0.0
 11
76.09401282456857
 21
155.7606955370123
 31
0.0
  0
SPLINE
  5
942
330
1F
100
AcDbEntity
  8
0
100
AcDbSpline
210
0.0
220
0.0
230
1.0
 70
     8
 71
     3
 72
     8
 73
     4
 74
     0
 42
0.000000001
 43
0.0000000001
 40
23.0
 40
23.0
 40
23.0
 40
23.0
 40
24.0
 40
24.0
 40
24.0
 40
24.0
 10
76.09401282456857
 20
155.7606955370123
 30
0.0
 10
76.37015519940058
 20
155.7606955368853
 30
0.0
 10
76.59401282452638
 20
155.9845531617895
 30
0.0
 10
76.59401282467337
 20
156.2606955366215
 30
0.0
  0
LINE
  5
943
330
1F
100
AcDbEntity
  8
0
100
AcDbLine
 10
76.59401282467337
 20
156.2606955366215
 30
0.0
 11
76.59401282547077
 21
157.7606955355495
 31
0.0
  0
SPLINE
  5
944
330
1F
100
AcDbEntity
  8
0
100
AcDbSpline
210
0.0
220
0.0
230
1.0
 70
     8
 71
     3
 72
     8
 73
     4
 74
     0
 42
0.000000001
 43
0.0000000001
 40
-21.0
 40
-21.0
 40
-21.0
 40
-21.0
 40
-20.0
 40
-20.0
 40
-20.0
 40
-20.0
 10
76.59401282547077
 20
157.7606955355495
 30
0.0
 10
76.5940128256178
 20
158.0368379104065
 30
0.0
 10
76.37015520069159
 20
158.2606955355573
 30
0.0
 10
76.09401282583451
 20
158.2606955356903
 30
0.0
  0
LINE
  5
945
330
1F
100
AcDbEntity
  8
0
100
AcDbLine
 10
76.09401282583451
 20
158.2606955356903
 30
0.0
 11
63.09437810231457
 21
158.260695552781
 31
0.0
  0
SPLINE
  5
946
330
1F
100
AcDbEntity
  8
0
100
AcDbSpline
210
0.0
220
0.0
230
1.0
 70
     8
 71
     3
 72
    80
 73
    76
 74
     0
 42
0.000000001
 43
0.0000000001
 40
-19.0
 40
-19.0
 40
-19.0
 40
-19.0
 40
-18.38275883677949
 40
-18.38275883677949
 40
-18.38275883677949
 40
-18.1418395395355
 40
-18.1418395395355
 40
-18.1418395395355
 40
-18.0622663839404
 40
-18.0622663839404
 40
-18.0622663839404
 40
-17.9060233491816
 40
-17.9060233491816
 40
-17.9060233491816
 40
-17.8275854324231
 40
-17.8275854324231
 40
-17.8275854324231
 40
-17.7790715841575
 40
-17.7790715841575
 40
-17.7790715841575
 40
-17.7625444282942
 40
-17.7625444282942
 40
-17.7625444282942
 40
-17.74846429292227
 40
-17.74846429292227
 40
-17.74846429292227
 40
-17.6333853497478
 40
-17.6333853497478
 40
-17.6333853497478
 40
-17.6117151006568
 40
-17.6117151006568
 40
-17.6117151006568
 40
-17.5352507130747
 40
-17.5352507130747
 40
-17.5352507130747
 40
-17.514216674791
 40
-17.514216674791
 40
-17.514216674791
 40
-17.1791388485652
 40
-17.1791388485652
 40
-17.1791388485652
 40
-17.000000566223
 40
-17.000000566223
 40
-17.000000566223
 40
-16.40069755202405
 40
-16.40069755202405
 40
-16.40069755202405
 40
-16.10104604492457
 40
-16.10104604492457
 40
-16.10104604492457
 40
-15.93053845603956
 40
-15.93053845603956
 40
-15.93053845603956
 40
-15.81689394932956
 40
-15.81689394932956
 40
-15.81689394932956
 40
-15.8013945378251
 40
-15.8013945378251
 40
-15.8013945378251
 40
-15.79748465499267
 40
-15.79748465499267
 40
-15.79748465499267
 40
-15.7701154751657
 40
-15.7701154751657
 40
-15.7701154751657
 40
-15.75783046873364
 40
-15.75783046873364
 40
-15.75783046873364
 40
-15.7131643611623
 40
-15.7131643611623
 40
-15.7131643611623
 40
-15.0
 40
-15.0
 40
-15.0
 40
-14.0
 40
-14.0
 40
-14.0
 40
-14.0
 10
63.09437810231457
 20
158.260695552781
 30
0.0
 10
63.05739857065685
 20
158.260695552798
 30
0.0
 10
63.02086293891969
 20
158.256297253757
 30
0.0
 10
62.99067411194798
 20
158.2499298194502
 30
0.0
 10
62.97889092020378
 20
158.2474445059457
 30
0.0
 10
62.96806224316998
 20
158.2447080587938
 30
0.0
 10
62.95848889931298
 20
158.2420101525029
 30
0.0
 10
62.95532692271328
 20
158.2411190619196
 30
0.0
 10
62.95230167592049
 20
158.24023256159
 30
0.0
 10
62.94942343372619
 20
158.2393619355968
 30
0.0
 10
62.94377196380728
 20
158.2376524489452
 30
0.0
 10
62.93836625831179
 20
158.2359164695474
 30
0.0
 10
62.93250208722318
 20
158.2339107054228
 30
0.0
 10
62.92955812646098
 20
158.2329037615954
 30
0.0
 10
62.92680179686908
 20
158.231927171526
 30
0.0
 10
62.92477530690849
 20
158.2311965065921
 30
0.0
 10
62.92352192295187
 20
158.2307445903607
 30
0.0
 10
62.92164537927636
 20
158.2300568438178
 30
0.0
 10
62.92087712062818
 20
158.2297725741949
 30
0.0
 10
62.92061539885427
 20
158.2296757323954
 30
0.0
 10
62.92017631687949
 20
158.2295126974569
 30
0.0
 10
62.92001383870718
 20
158.229452235358
 30
0.0
 10
62.91987541714937
 20
158.2294007253132
 30
0.0
 10
62.91977574651977
 20
158.2293636112511
 30
0.0
 10
62.91958375076436
 20
158.2292919631722
 30
0.0
 10
62.91931592067209
 20
158.2291920155897
 30
0.0
 10
62.91618057659857
 20
158.2280118497116
 30
0.0
 10
62.91435482208058
 20
158.2273069440125
 30
0.0
 10
62.9140110184785
 20
158.227174204854
 30
0.0
 10
62.91367674010579
 20
158.2270446963283
 30
0.0
 10
62.91336106776729
 20
158.2269220390145
 30
0.0
 10
62.91224720461167
 20
158.2264892375113
 30
0.0
 10
62.9111314349295
 20
158.2260507990469
 30
0.0
 10
62.91011412136689
 20
158.2256472697828
 30
0.0
 10
62.90983427589759
 20
158.2255362658206
 30
0.0
 10
62.90956187474467
 20
158.2254279193635
 30
0.0
 10
62.90929899417728
 20
158.225323107586
 30
0.0
 10
62.90511123679706
 20
158.2236534280849
 30
0.0
 10
62.900785773753
 20
158.2218565731106
 30
0.0
 10
62.89692292133517
 20
158.2201945244108
 30
0.0
 10
62.89485777499336
 20
158.2193059650197
 30
0.0
 10
62.89293710241648
 20
158.2184625296015
 30
0.0
 10
62.89126916453151
 20
158.2177201603506
 30
0.0
 10
62.80459359166059
 20
158.1791424167407
 30
0.0
 10
62.7325496644641
 20
158.1132773606556
 30
0.0
 10
62.68693786931009
 20
158.0491944865793
 30
0.0
 10
62.6641319717331
 20
158.0171530495411
 30
0.0
 10
62.64744700655876
 20
157.9858142159535
 30
0.0
 10
62.63565749556576
 20
157.9589795394062
 30
0.0
 10
62.62894903241477
 20
157.9437100817589
 30
0.0
 10
62.62448136281799
 20
157.9323990591672
 30
0.0
 10
62.61850140762587
 20
157.9141165553539
 30
0.0
 10
62.61451572544951
 20
157.901931138031
 30
0.0
 10
62.6102122727732
 20
157.8871472768573
 30
0.0
 10
62.60640141360418
 20
157.8701605157324
 30
0.0
 10
62.60588166939337
 20
157.8678437755007
 30
0.0
 10
62.60527057614348
 20
157.8649881682814
 30
0.0
 10
62.60507726677198
 20
157.8640697018725
 30
0.0
 10
62.60502850253388
 20
157.86383800946
 30
0.0
 10
62.60502195871399
 20
157.8638065706111
 30
0.0
 10
62.60500729763927
 20
157.8637366604495
 30
0.0
 10
62.60490467011649
 20
157.8632472893185
 30
0.0
 10
62.60476949057238
 20
157.8625957988841
 30
0.0
 10
62.60473509035918
 20
157.8624294092283
 30
0.0
 10
62.6047196493835
 20
157.8623547231031
 30
0.0
 10
62.60471133094077
 20
157.8623147676571
 30
0.0
 10
62.60465918051159
 20
157.8620614996687
 30
0.0
 10
62.60464808641001
 20
157.8620076212859
 30
0.0
 10
62.60454840789418
 20
157.8615231415704
 30
0.0
 10
62.60445400366958
 20
157.8610598448175
 30
0.0
 10
62.60294669237399
 20
157.8536625865662
 30
0.0
 10
62.60078424505469
 20
157.8412211955341
 30
0.0
 10
62.59981528629009
 20
157.8346891570871
 30
0.0
 10
62.59618408814336
 20
157.8102101732993
 30
0.0
 10
62.5943781022105
 20
157.7854989865218
 30
0.0
 10
62.59437810219876
 20
157.7606955531289
 30
0.0
  0
LINE
  5
947
330
1F
100
AcDbEntity
  8
0
100
AcDbLine
 10
62.59437810219876
 20
157.7606955531289
 30
0.0
 11
62.59437810152539
 21
156.2606955535148
 31
0.0
  0
SPLINE
  5
948
330
1F
100
AcDbEntity
  8
0
100
AcDbSpline
210
0.0
220
0.0
230
1.0
 70
     8
 71
     3
 72
     8
 73
     4
 74
     0
 42
0.000000001
 43
0.0000000001
 40
-13.0
 40
-13.0
 40
-13.0
 40
-13.0
 40
-12.0
 40
-12.0
 40
-12.0
 40
-12.0
 10
86.59396861329739
 20
156.2606955556846
 30
0.0
 10
86.59396861317228
 20
155.9845531808406
 30
0.0
 10
86.8178262380986
 20
155.7606955557119
 30
0.0
 10
87.0939686129426
 20
155.7606955555848
 30
0.0
  0
LINE
  5
949
330
1F
100
AcDbEntity
  8
0
100
AcDbLine
 10
87.0939686129426
 20
155.7606955555848
 30
0.0
 11
157.0940128245685
 21
155.7606955443356
 31
0.0
  0
SPLINE
  5
950
330
1F
100
AcDbEntity
  8
0
100
AcDbSpline
210
0.0
220
0.0
230
1.0
 70
     8
 71
     3
 72
     8
 73
     4
 74
     0
 42
0.000000001
 43
0.0000000001
 40
23.0
 40
23.0
 40
23.0
 40
23.0
 40
24.0
 40
24.0
 40
24.0
 40
24.0
 10
157.0940128245685
 20
155.7606955443356
 30
0.0
 10
157.3701551994003
 20
155.7606955442086
 30
0.0
 10
157.5940128245256
 20
155.9845531691129
 30
0.0
 10
157.5940128246726
 20
156.2606955439448
 30
0.0
  0
LINE
  5
951
330
1F
100
AcDbEntity
  8
0
100
AcDbLine
 10
157.5940128246726
 20
156.2606955439448
 30
0.0
 11
157.59401282547
 21
157.7606955428728
 31
0.0
  0
SPLINE
  5
952
330
1F
100
AcDbEntity
  8
0
100
AcDbSpline
210
0.0
220
0.0
230
1.0
 70
     8
 71
     3
 72
     8
 73
     4
 74
     0
 42
0.000000001
 43
0.0000000001
 40
-21.0
 40
-21.0
 40
-21.0
 40
-21.0
 40
-20.0
 40
-20.0
 40
-20.0
 40
-20.0
 10
157.59401282547
 20
157.7606955428728
 30
0.0
 10
157.5940128256171
 20
158.0368379177298
 30
0.0
 10
157.3701552006912
 20
158.2606955428806
 30
0.0
 10
157.0940128258345
 20
158.2606955430136
 30
0.0
  0
LINE
  5
953
330
1F
100
AcDbEntity
  8
0
100
AcDbLine
 10
157.0940128258345
 20
158.2606955430136
 30
0.0
 11
87.09396861408658
 21
158.2606955549509
 31
0.0
  0
SPLINE
  5
954
330
1F
100
AcDbEntity
  8
0
100
AcDbSpline
210
0.0
220
0.0
230
1.0
 70
     8
 71
     3
 72
    92
 73
    88
 74
     0
 42
0.000000001
 43
0.0000000001
 40
-19.0
 40
-19.0
 40
-19.0
 40
-19.0
 40
-18.06277827090029
 40
-18.06277827090029
 40
-18.06277827090029
 40
-17.98763801879619
 40
-17.98763801879619
 40
-17.98763801879619
 40
-17.9617929846992
 40
-17.9617929846992
 40
-17.9617929846992
 40
-17.8776432988049
 40
-17.8776432988049
 40
-17.8776432988049
 40
-17.8419176121182
 40
-17.8419176121182
 40
-17.8419176121182
 40
-17.8307222870156
 40
-17.8307222870156
 40
-17.8307222870156
 40
-17.7826475722674
 40
-17.7826475722674
 40
-17.7826475722674
 40
-17.762619071758
 40
-17.762619071758
 40
-17.762619071758
 40
-17.74877862807198
 40
-17.74877862807198
 40
-17.74877862807198
 40
-17.5776328510853
 40
-17.5776328510853
 40
-17.5776328510853
 40
-17.5142166746744
 40
-17.5142166746744
 40
-17.5142166746744
 40
-17.4941046313438
 40
-17.4941046313438
 40
-17.4941046313438
 40
-17.1887423936884
 40
-17.1887423936884
 40
-17.1887423936884
 40
-17.0
 40
-17.0
 40
-17.0
 40
-16.31397250780266
 40
-16.31397250780266
 40
-16.31397250780266
 40
-15.9955882933252
 40
-15.9955882933252
 40
-15.9955882933252
 40
-15.9069975122327
 40
-15.9069975122327
 40
-15.9069975122327
 40
-15.8261415236806
 40
-15.8261415236806
 40
-15.8261415236806
 40
-15.8126655255885
 40
-15.8126655255885
 40
-15.8126655255885
 40
-15.7991895274965
 40
-15.7991895274965
 40
-15.7991895274965
 40
-15.781430557982
 40
-15.781430557982
 40
-15.781430557982
 40
-15.7701153186571
 40
-15.7701153186571
 40
-15.7701153186571
 40
-15.75575263140109
 40
-15.75575263140109
 40
-15.75575263140109
 40
-15.7152890524224
 40
-15.7152890524224
 40
-15.7152890524224
 40
-15.5860729184865
 40
-15.5860729184865
 40
-15.5860729184865
 40
-15.5128138036757
 40
-15.5128138036757
 40
-15.5128138036757
 40
-15.4883309382616
 40
-15.4883309382616
 40
-15.4883309382616
 40
-15.0
 40
-15.0
 40
-15.0
 40
-14.0
 40
-14.0
 40
-14.0
 40
-14.0
 10
87.09396861408658
 20
158.2606955549509
 30
0.0
 10
87.03781872864167
 20
158.2606955549767
 30
0.0
 10
86.98299725651628
 20
158.249637072183
 30
0.0
 10
86.94906925752148
 20
158.2393786653246
 30
0.0
 10
86.94634913450389
 20
158.2385562139734
 30
0.0
 10
86.94388908824249
 20
158.2377894478047
 30
0.0
 10
86.94126917994768
 20
158.2369499658356
 30
0.0
 10
86.94036804350867
 20
158.2366612199303
 30
0.0
 10
86.93942399591078
 20
158.2363558408586
 30
0.0
 10
86.93845803532738
 20
158.2360399691668
 30
0.0
 10
86.93531293289177
 20
158.2350115122669
 30
0.0
 10
86.93193295811989
 20
158.2338663704993
 30
0.0
 10
86.92899634041927
 20
158.2328402520917
 30
0.0
 10
86.92774960155418
 20
158.2324046142834
 30
0.0
 10
86.92658257614608
 20
158.2319911406159
 30
0.0
 10
86.92554640803837
 20
158.23162049563
 30
0.0
 10
86.92522170500518
 20
158.2315043469566
 30
0.0
 10
86.9249098497154
 20
158.2313924122302
 30
0.0
 10
86.92461241039508
 20
158.2312853456416
 30
0.0
 10
86.92333515311608
 20
158.2308255826904
 30
0.0
 10
86.9215839047176
 20
158.2301851700632
 30
0.0
 10
86.92064635817798
 20
158.2298386692159
 30
0.0
 10
86.9202557650888
 20
158.2296943128234
 30
0.0
 10
86.91971647957558
 20
158.2294939879159
 30
0.0
 10
86.91953603146828
 20
158.2294268086546
 30
0.0
 10
86.91941133507047
 20
158.2293803852699
 30
0.0
 10
86.91932955469658
 20
158.2293499165451
 30
0.0
 10
86.91917426253537
 20
158.229291965342
 30
0.0
 10
86.9188465112394
 20
158.2291696566447
 30
0.0
 10
86.91392215827127
 20
158.2273054857296
 30
0.0
 10
86.91146987824168
 20
158.2263435801663
 30
0.0
 10
86.91056121297558
 20
158.2259871566894
 30
0.0
 10
86.9096820727446
 20
158.2256391100424
 30
0.0
 10
86.90888950594459
 20
158.2253231097541
 30
0.0
 10
86.90863814834576
 20
158.225222892241
 30
0.0
 10
86.90839085233887
 20
158.2251240606438
 30
0.0
 10
86.90814073144569
 20
158.2250238658908
 30
0.0
 10
86.90434313244798
 20
158.2235026035565
 30
0.0
 10
86.90039290586216
 20
158.2218605148373
 30
0.0
 10
86.89684679536819
 20
158.2203378163605
 30
0.0
 10
86.89465496776026
 20
158.219396646432
 30
0.0
 10
86.89261701875418
 20
158.2185023241411
 30
0.0
 10
86.89085967630248
 20
158.2177201625205
 30
0.0
 10
86.79164241096946
 20
158.1735603364366
 30
0.0
 10
86.71260307075209
 20
158.0933527204772
 30
0.0
 10
86.66821960028938
 20
158.0216369487246
 30
0.0
 10
86.64762130570238
 20
157.9883537787134
 30
0.0
 10
86.63397858325998
 20
157.9579551114114
 30
0.0
 10
86.62449011399798
 20
157.9324329106896
 30
0.0
 10
86.62184993629749
 20
157.9253313284054
 30
0.0
 10
86.61876349380827
 20
157.916537255424
 30
0.0
 10
86.61558187107019
 20
157.9062140035515
 30
0.0
 10
86.61267803335139
 20
157.8967920668113
 30
0.0
 10
86.60969709457438
 20
157.88609532104
 30
0.0
 10
86.60693181414387
 20
157.874264232762
 30
0.0
 10
86.60647093407209
 20
157.8722923847157
 30
0.0
 10
86.60601606819438
 20
157.8702890829498
 30
0.0
 10
86.60556859023017
 20
157.8682550497602
 30
0.0
 10
86.60512111226589
 20
157.8662210165707
 30
0.0
 10
86.60465690211216
 20
157.8640182241892
 30
0.0
 10
86.6046153613081
 20
157.8638203195339
 30
0.0
 10
86.60456061791407
 20
157.8635595163847
 30
0.0
 10
86.60443652500948
 20
157.8629644444996
 30
0.0
 10
86.60441084578488
 20
157.86284079566
 30
0.0
 10
86.60439448410508
 20
157.8627620120227
 30
0.0
 10
86.60433982711216
 20
157.8624982055567
 30
0.0
 10
86.60432879514297
 20
157.8624448543045
 30
0.0
 10
86.60431479201676
 20
157.8623771343625
 30
0.0
 10
86.60430899872379
 20
157.8623495229209
 30
0.0
 10
86.60424969228259
 20
157.8620615018386
 30
0.0
 10
86.60423991626478
 20
157.8620140247151
 30
0.0
 10
86.6041693728834
 20
157.8616715045598
 30
0.0
 10
86.60408610617158
 20
157.8612637388472
 30
0.0
 10
86.6038202027874
 20
157.8599615824322
 30
0.0
 10
86.60337765913459
 20
157.8577485021334
 30
0.0
 10
86.60301218193527
 20
157.8558515991852
 30
0.0
 10
86.6028049745589
 20
157.8547761496525
 30
0.0
 10
86.60259881919879
 20
157.8536857847263
 30
0.0
 10
86.60241372654159
 20
157.8526905345575
 30
0.0
 10
86.60235186941127
 20
157.8523579264444
 30
0.0
 10
86.60229234159558
 20
157.8520359450844
 30
0.0
 10
86.60223582680108
 20
157.8517287071485
 30
0.0
 10
86.60110859262378
 20
157.8456005931802
 30
0.0
 10
86.60006928121939
 20
157.839161896031
 30
0.0
 10
86.59940579806118
 20
157.8346891592573
 30
0.0
 10
86.59577459991519
 20
157.8102101754683
 30
0.0
 10
86.59396861398148
 20
157.7854989886916
 30
0.0
 10
86.59396861397075
 20
157.7606955552986
 30
0.0
  0
LINE
  5
955
330
1F
100
AcDbEntity
  8
0
100
AcDbLine
 10
86.59396861397075
 20
157.7606955552986
 30
0.0
 11
86.59396861329739
 21
156.2606955556846
 31
0.0
  0
SPLINE
  5
956
330
1F
100
AcDbEntity
  8
0
100
AcDbSpline
210
0.0
220
0.0
230
1.0
 70
     8
 71
     3
 72
     8
 73
     4
 74
     0
 42
0.000000001
 43
0.0000000001
 40
-9.0
 40
-9.0
 40
-9.0
 40
-9.0
 40
-8.0
 40
-8.0
 40
-8.0
 40
-8.0
 10
393.6818466132994
 20
156.2606954981869
 30
0.0
 10
393.6818466131754
 20
155.9845531233409
 30
0.0
 10
393.9057042381006
 20
155.7606954982131
 30
0.0
 10
394.1818466129456
 20
155.7606954980881
 30
0.0
  0
LINE
  5
957
330
1F
100
AcDbEntity
  8
0
100
AcDbLine
 10
394.1818466129456
 20
155.7606954980881
 30
0.0
 11
404.9572467336474
 21
155.7606954814823
 31
0.0
  0
SPLINE
  5
958
330
1F
100
AcDbEntity
  8
0
100
AcDbSpline
210
0.0
220
0.0
230
1.0
 70
     8
 71
     3
 72
     8
 73
     4
 74
     0
 42
0.000000001
 43
0.0000000001
 40
15.0
 40
15.0
 40
15.0
 40
15.0
 40
16.0
 40
16.0
 40
16.0
 40
16.0
 10
404.9572467336474
 20
155.7606954814823
 30
0.0
 10
405.2333891084796
 20
155.7606954813564
 30
0.0
 10
405.4572467336043
 20
155.9845531062585
 30
0.0
 10
405.4572467337523
 20
156.2606954810915
 30
0.0
  0
LINE
  5
959
330
1F
100
AcDbEntity
  8
0
100
AcDbLine
 10
405.4572467337523
 20
156.2606954810915
 30
0.0
 11
405.4572467345498
 21
157.7606954800195
 31
0.0
  0
SPLINE
  5
960
330
1F
100
AcDbEntity
  8
0
100
AcDbSpline
210
0.0
220
0.0
230
1.0
 70
     8
 71
     3
 72
     8
 73
     4
 74
     0
 42
0.000000001
 43
0.0000000001
 40
-13.0
 40
-13.0
 40
-13.0
 40
-13.0
 40
-12.0
 40
-12.0
 40
-12.0
 40
-12.0
 10
405.4572467345498
 20
157.7606954800195
 30
0.0
 10
405.4572467346948
 20
158.0368378548755
 30
0.0
 10
405.2333891097705
 20
158.2606954800283
 30
0.0
 10
404.9572467349134
 20
158.2606954801613
 30
0.0
  0
LINE
  5
961
330
1F
100
AcDbEntity
  8
0
100
AcDbLine
 10
404.9572467349134
 20
158.2606954801613
 30
0.0
 11
394.1818466140885
 21
158.2606954974521
 31
0.0
  0
SPLINE
  5
962
330
1F
100
AcDbEntity
  8
0
100
AcDbSpline
210
0.0
220
0.0
230
1.0
 70
     8
 71
     3
 72
     8
 73
     4
 74
     0
 42
0.000000001
 43
0.0000000001
 40
-11.0
 40
-11.0
 40
-11.0
 40
-11.0
 40
-10.0
 40
-10.0
 40
-10.0
 40
-10.0
 10
394.1818466140885
 20
158.2606954974521
 30
0.0
 10
393.9057042392366
 20
158.2606954975841
 30
0.0
 10
393.6818466140968
 20
158.0368378726539
 30
0.0
 10
393.6818466139728
 20
157.7606954978019
 30
0.0
  0
LINE
  5
963
330
1F
100
AcDbEntity
  8
0
100
AcDbLine
 10
393.6818466139726
 20
157.7606954978019
 30
0.0
 11
393.6818466132994
 21
156.2606954981869
 31
0.0
  0
SPLINE
  5
964
330
1F
100
AcDbEntity
  8
0
100
AcDbSpline
210
0.0
220
0.0
230
1.0
 70
     8
 71
     3
 72
     8
 73
     4
 74
     0
 42
0.000000001
 43
0.0000000001
 40
-9.0
 40
-9.0
 40
-9.0
 40
-9.0
 40
-8.0
 40
-8.0
 40
-8.0
 40
-8.0
 10
335.2069686132974
 20
156.2606954929001
 30
0.0
 10
335.2069686131733
 20
155.9845531180541
 30
0.0
 10
335.4308262380986
 20
155.7606954929263
 30
0.0
 10
335.7069686129436
 20
155.7606954928013
 30
0.0
  0
LINE
  5
965
330
1F
100
AcDbEntity
  8
0
100
AcDbLine
 10
335.7069686129436
 20
155.7606954928013
 30
0.0
 11
343.5710482579276
 21
155.7606954759324
 31
0.0
  0
SPLINE
  5
966
330
1F
100
AcDbEntity
  8
0
100
AcDbSpline
210
0.0
220
0.0
230
1.0
 70
     8
 71
     3
 72
     8
 73
     4
 74
     0
 42
0.000000001
 43
0.0000000001
 40
15.0
 40
15.0
 40
15.0
 40
15.0
 40
16.0
 40
16.0
 40
16.0
 40
16.0
 10
343.5710482579276
 20
155.7606954759324
 30
0.0
 10
343.8471906327596
 20
155.7606954758063
 30
0.0
 10
344.0710482578853
 20
155.9845531007085
 30
0.0
 10
344.0710482580323
 20
156.2606954755415
 30
0.0
  0
LINE
  5
967
330
1F
100
AcDbEntity
  8
0
100
AcDbLine
 10
344.0710482580323
 20
156.2606954755415
 30
0.0
 11
344.0710482588297
 21
157.7606954744695
 31
0.0
  0
SPLINE
  5
968
330
1F
100
AcDbEntity
  8
0
100
AcDbSpline
210
0.0
220
0.0
230
1.0
 70
     8
 71
     3
 72
     8
 73
     4
 74
     0
 42
0.000000001
 43
0.0000000001
 40
-13.0
 40
-13.0
 40
-13.0
 40
-13.0
 40
-12.0
 40
-12.0
 40
-12.0
 40
-12.0
 10
344.0710482588297
 20
157.7606954744695
 30
0.0
 10
344.0710482589748
 20
158.0368378493255
 30
0.0
 10
343.8471906340505
 20
158.2606954744783
 30
0.0
 10
343.5710482591935
 20
158.2606954746113
 30
0.0
  0
LINE
  5
969
330
1F
100
AcDbEntity
  8
0
100
AcDbLine
 10
343.5710482591935
 20
158.2606954746113
 30
0.0
 11
335.7069686140865
 21
158.2606954921653
 31
0.0
  0
SPLINE
  5
970
330
1F
100
AcDbEntity
  8
0
100
AcDbSpline
210
0.0
220
0.0
230
1.0
 70
     8
 71
     3
 72
     8
 73
     4
 74
     0
 42
0.000000001
 43
0.0000000001
 40
-11.0
 40
-11.0
 40
-11.0
 40
-11.0
 40
-10.0
 40
-10.0
 40
-10.0
 40
-10.0
 10
335.7069686140865
 20
158.2606954921653
 30
0.0
 10
335.4308262392345
 20
158.2606954922973
 30
0.0
 10
335.2069686140947
 20
158.0368378673671
 30
0.0
 10
335.2069686139708
 20
157.7606954925151
 30
0.0
  0
LINE
  5
971
330
1F
100
AcDbEntity
  8
0
100
AcDbLine
 10
335.2069686139708
 20
157.7606954925151
 30
0.0
 11
335.2069686132974
 21
156.2606954929001
 31
0.0
  0
SPLINE
  5
972
330
1F
100
AcDbEntity
  8
0
100
AcDbSpline
210
0.0
220
0.0
230
1.0
 70
     8
 71
     3
 72
     8
 73
     4
 74
     0
 42
0.000000001
 43
0.0000000001
 40
-9.0
 40
-9.0
 40
-9.0
 40
-9.0
 40
-8.0
 40
-8.0
 40
-8.0
 40
-8.0
 10
352.0710040460323
 20
156.2606954944248
 30
0.0
 10
352.0710040459082
 20
155.9845531195788
 30
0.0
 10
352.2948616708346
 20
155.760695494451
 30
0.0
 10
352.5710040456785
 20
155.760695494326
 30
0.0
  0
LINE
  5
973
330
1F
100
AcDbEntity
  8
0
100
AcDbLine
 10
352.5710040456785
 20
155.760695494326
 30
0.0
 11
383.1818908245696
 21
155.7606954795136
 31
0.0
  0
SPLINE
  5
974
330
1F
100
AcDbEntity
  8
0
100
AcDbSpline
210
0.0
220
0.0
230
1.0
 70
     8
 71
     3
 72
     8
 73
     4
 74
     0
 42
0.000000001
 43
0.0000000001
 40
15.0
 40
15.0
 40
15.0
 40
15.0
 40
16.0
 40
16.0
 40
16.0
 40
16.0
 10
383.1818908245696
 20
155.7606954795136
 30
0.0
 10
383.4580331994016
 20
155.7606954793875
 30
0.0
 10
383.6818908245263
 20
155.9845531042898
 30
0.0
 10
383.6818908246734
 20
156.2606954791228
 30
0.0
  0
LINE
  5
975
330
1F
100
AcDbEntity
  8
0
100
AcDbLine
 10
383.6818908246734
 20
156.2606954791228
 30
0.0
 11
383.6818908254707
 21
157.7606954780508
 31
0.0
  0
SPLINE
  5
976
330
1F
100
AcDbEntity
  8
0
100
AcDbSpline
210
0.0
220
0.0
230
1.0
 70
     8
 71
     3
 72
     8
 73
     4
 74
     0
 42
0.000000001
 43
0.0000000001
 40
-13.0
 40
-13.0
 40
-13.0
 40
-13.0
 40
-12.0
 40
-12.0
 40
-12.0
 40
-12.0
 10
383.6818908254707
 20
157.7606954780508
 30
0.0
 10
383.6818908256167
 20
158.0368378529068
 30
0.0
 10
383.4580332006925
 20
158.2606954780596
 30
0.0
 10
383.1818908258345
 20
158.2606954781926
 30
0.0
  0
LINE
  5
977
330
1F
100
AcDbEntity
  8
0
100
AcDbLine
 10
383.1818908258345
 20
158.2606954781926
 30
0.0
 11
352.5710040468225
 21
158.26069549369
 31
0.0
  0
SPLINE
  5
978
330
1F
100
AcDbEntity
  8
0
100
AcDbSpline
210
0.0
220
0.0
230
1.0
 70
     8
 71
     3
 72
     8
 73
     4
 74
     0
 42
0.000000001
 43
0.0000000001
 40
-11.0
 40
-11.0
 40
-11.0
 40
-11.0
 40
-10.0
 40
-10.0
 40
-10.0
 40
-10.0
 10
352.5710040468225
 20
158.26069549369
 30
0.0
 10
352.2948616719695
 20
158.260695493822
 30
0.0
 10
352.0710040468298
 20
158.0368378688918
 30
0.0
 10
352.0710040467057
 20
157.7606954940398
 30
0.0
  0
LINE
  5
979
330
1F
100
AcDbEntity
  8
0
100
AcDbLine
 10
352.0710040467057
 20
157.7606954940398
 30
0.0
 11
352.0710040460323
 21
156.2606954944248
 31
0.0
  0
SPLINE
  5
980
330
1F
100
AcDbEntity
  8
0
100
AcDbSpline
210
0.0
220
0.0
230
1.0
 70
     8
 71
     3
 72
     8
 73
     4
 74
     0
 42
0.000000001
 43
0.0000000001
 40
-9.0
 40
-9.0
 40
-9.0
 40
-9.0
 40
-8.0
 40
-8.0
 40
-8.0
 40
-8.0
 10
248.2069686132966
 20
156.2606954850344
 30
0.0
 10
248.2069686131727
 20
155.9845531101883
 30
0.0
 10
248.4308262380984
 20
155.7606954850605
 30
0.0
 10
248.7069686129431
 20
155.7606954849355
 30
0.0
  0
LINE
  5
981
330
1F
100
AcDbEntity
  8
0
100
AcDbLine
 10
248.7069686129431
 20
155.7606954849355
 30
0.0
 11
324.7070128245685
 21
155.7606954742268
 31
0.0
  0
SPLINE
  5
982
330
1F
100
AcDbEntity
  8
0
100
AcDbSpline
210
0.0
220
0.0
230
1.0
 70
     8
 71
     3
 72
     8
 73
     4
 74
     0
 42
0.000000001
 43
0.0000000001
 40
15.0
 40
15.0
 40
15.0
 40
15.0
 40
16.0
 40
16.0
 40
16.0
 40
16.0
 10
324.7070128245685
 20
155.7606954742268
 30
0.0
 10
324.9831551994005
 20
155.7606954741008
 30
0.0
 10
325.2070128245253
 20
155.984553099003
 30
0.0
 10
325.2070128246724
 20
156.260695473836
 30
0.0
  0
LINE
  5
983
330
1F
100
AcDbEntity
  8
0
100
AcDbLine
 10
325.2070128246724
 20
156.260695473836
 30
0.0
 11
325.2070128254697
 21
157.760695472764
 31
0.0
  0
SPLINE
  5
984
330
1F
100
AcDbEntity
  8
0
100
AcDbSpline
210
0.0
220
0.0
230
1.0
 70
     8
 71
     3
 72
     8
 73
     4
 74
     0
 42
0.000000001
 43
0.0000000001
 40
-13.0
 40
-13.0
 40
-13.0
 40
-13.0
 40
-12.0
 40
-12.0
 40
-12.0
 40
-12.0
 10
325.2070128254697
 20
157.760695472764
 30
0.0
 10
325.2070128256158
 20
158.03683784762
 30
0.0
 10
324.9831552006915
 20
158.2606954727728
 30
0.0
 10
324.7070128258345
 20
158.2606954729058
 30
0.0
  0
LINE
  5
985
330
1F
100
AcDbEntity
  8
0
100
AcDbLine
 10
324.7070128258345
 20
158.2606954729058
 30
0.0
 11
248.7069686140864
 21
158.2606954842995
 31
0.0
  0
SPLINE
  5
986
330
1F
100
AcDbEntity
  8
0
100
AcDbSpline
210
0.0
220
0.0
230
1.0
 70
     8
 71
     3
 72
     8
 73
     4
 74
     0
 42
0.000000001
 43
0.0000000001
 40
-11.0
 40
-11.0
 40
-11.0
 40
-11.0
 40
-10.0
 40
-10.0
 40
-10.0
 40
-10.0
 10
248.7069686140864
 20
158.2606954842995
 30
0.0
 10
248.4308262392342
 20
158.2606954844315
 30
0.0
 10
248.2069686140948
 20
158.0368378595013
 30
0.0
 10
248.206968613971
 20
157.7606954846493
 30
0.0
  0
LINE
  5
987
330
1F
100
AcDbEntity
  8
0
100
AcDbLine
 10
248.206968613971
 20
157.7606954846493
 30
0.0
 11
248.2069686132966
 21
156.2606954850344
 31
0.0
  0
SPLINE
  5
988
330
1F
100
AcDbEntity
  8
0
100
AcDbSpline
210
0.0
220
0.0
230
1.0
 70
     8
 71
     3
 72
     8
 73
     4
 74
     0
 42
0.000000001
 43
0.0000000001
 40
-9.0
 40
-9.0
 40
-9.0
 40
-9.0
 40
-8.0
 40
-8.0
 40
-8.0
 40
-8.0
 10
347.4507225153056
 20
111.5294477119038
 30
0.0
 10
347.1745801405736
 20
111.5294477120687
 30
0.0
 10
346.9507225154568
 20
111.3055900873508
 30
0.0
 10
346.9507225151328
 20
111.029447712618
 30
0.0
  0
LINE
  5
989
330
1F
100
AcDbEntity
  8
0
100
AcDbLine
 10
346.9507225151328
 20
111.029447712618
 30
0.0
 11
346.9507225037166
 21
62.15444560642595
 31
0.0
  0
SPLINE
  5
990
330
1F
100
AcDbEntity
  8
0
100
AcDbSpline
210
0.0
220
0.0
230
1.0
 70
     8
 71
     3
 72
     8
 73
     4
 74
     0
 42
0.000000001
 43
0.0000000001
 40
15.0
 40
15.0
 40
15.0
 40
15.0
 40
16.0
 40
16.0
 40
16.0
 40
16.0
 10
346.9507225037166
 20
62.15444560642595
 30
0.0
 10
346.9507225033906
 20
61.87830323147688
 30
0.0
 10
347.1745801283169
 20
61.65444560614014
 30
0.0
 10
347.4507225032678
 20
61.65444560596106
 30
0.0
  0
LINE
  5
991
330
1F
100
AcDbEntity
  8
0
100
AcDbLine
 10
347.4507225032678
 20
61.65444560596106
 30
0.0
 11
348.9507225019448
 21
61.65444560498764
 31
0.0
  0
SPLINE
  5
992
330
1F
100
AcDbEntity
  8
0
100
AcDbSpline
210
0.0
220
0.0
230
1.0
 70
     8
 71
     3
 72
     8
 73
     4
 74
     0
 42
0.000000001
 43
0.0000000001
 40
-13.0
 40
-13.0
 40
-13.0
 40
-13.0
 40
-12.0
 40
-12.0
 40
-12.0
 40
-12.0
 10
348.9507225019448
 20
61.65444560498764
 30
0.0
 10
349.2268648770568
 20
61.65444560480864
 30
0.0
 10
349.4507225023416
 20
61.87830323010797
 30
0.0
 10
349.4507225021447
 20
62.15444560522195
 30
0.0
  0
LINE
  5
993
330
1F
100
AcDbEntity
  8
0
100
AcDbLine
 10
349.4507225021447
 20
62.15444560522195
 30
0.0
 11
349.4507224899158
 21
111.0294477114939
 31
0.0
  0
SPLINE
  5
994
330
1F
100
AcDbEntity
  8
0
100
AcDbSpline
210
0.0
220
0.0
230
1.0
 70
     8
 71
     3
 72
     8
 73
     4
 74
     0
 42
0.000000001
 43
0.0000000001
 40
-11.0
 40
-11.0
 40
-11.0
 40
-11.0
 40
-10.0
 40
-10.0
 40
-10.0
 40
-10.0
 10
349.4507224899158
 20
111.0294477114939
 30
0.0
 10
349.4507224897168
 20
111.3055900860843
 30
0.0
 10
349.2268648649276
 20
111.5294477108451
 30
0.0
 10
348.9507224903376
 20
111.52944771101
 30
0.0
  0
LINE
  5
995
330
1F
100
AcDbEntity
  8
0
100
AcDbLine
 10
348.9507224903376
 20
111.52944771101
 30
0.0
 11
347.4507225153056
 21
111.5294477119038
 31
0.0
  0
SPLINE
  5
996
330
1F
100
AcDbEntity
  8
0
100
AcDbSpline
210
0.0
220
0.0
230
1.0
 70
     8
 71
     3
 72
     8
 73
     4
 74
     0
 42
0.000000001
 43
0.0000000001
 40
-9.0
 40
-9.0
 40
-9.0
 40
-9.0
 40
-8.0
 40
-8.0
 40
-8.0
 40
-8.0
 10
347.4507225115552
 20
153.0107175824381
 30
0.0
 10
347.1745801368232
 20
153.0107175826021
 30
0.0
 10
346.9507225117064
 20
152.7868599578849
 30
0.0
 10
346.9507225113824
 20
152.5107175831519
 30
0.0
  0
LINE
  5
997
330
1F
100
AcDbEntity
  8
0
100
AcDbLine
 10
346.9507225113824
 20
152.5107175831519
 30
0.0
 11
346.9507224983033
 21
122.0294034999722
 31
0.0
  0
SPLINE
  5
998
330
1F
100
AcDbEntity
  8
0
100
AcDbSpline
210
0.0
220
0.0
230
1.0
 70
     8
 71
     3
 72
     8
 73
     4
 74
     0
 42
0.000000001
 43
0.0000000001
 40
15.0
 40
15.0
 40
15.0
 40
15.0
 40
16.0
 40
16.0
 40
16.0
 40
16.0
 10
346.9507224983033
 20
122.0294034999722
 30
0.0
 10
346.9507224979772
 20
121.7532611250238
 30
0.0
 10
347.1745801229035
 20
121.5294034996869
 30
0.0
 10
347.4507224978545
 20
121.5294034995077
 30
0.0
  0
LINE
  5
999
330
1F
100
AcDbEntity
  8
0
100
AcDbLine
 10
347.4507224978545
 20
121.5294034995077
 30
0.0
 11
348.9507224965315
 21
121.5294034985344
 31
0.0
  0
SPLINE
  5
1000
330
1F
100
AcDbEntity
  8
0
100
AcDbSpline
210
0.0
220
0.0
230
1.0
 70
     8
 71
     3
 72
     8
 73
     4
 74
     0
 42
0.000000001
 43
0.0000000001
 40
-13.0
 40
-13.0
 40
-13.0
 40
-13.0
 40
-12.0
 40
-12.0
 40
-12.0
 40
-12.0
 10
348.9507224965315
 20
121.5294034985344
 30
0.0
 10
349.2268648716435
 20
121.5294034983554
 30
0.0
 10
349.4507224969282
 20
121.7532611236546
 30
0.0
 10
349.4507224967313
 20
122.0294034987686
 30
0.0
  0
LINE
  5
1001
330
1F
100
AcDbEntity
  8
0
100
AcDbLine
 10
349.4507224967313
 20
122.0294034987686
 30
0.0
 11
349.4507224861654
 21
152.5107175820269
 31
0.0
  0
SPLINE
  5
1002
330
1F
100
AcDbEntity
  8
0
100
AcDbSpline
210
0.0
220
0.0
230
1.0
 70
     8
 71
     3
 72
     8
 73
     4
 74
     0
 42
0.000000001
 43
0.0000000001
 40
-11.0
 40
-11.0
 40
-11.0
 40
-11.0
 40
-10.0
 40
-10.0
 40
-10.0
 40
-10.0
 10
349.4507224861654
 20
152.5107175820269
 30
0.0
 10
349.4507224859664
 20
152.7868599566169
 30
0.0
 10
349.2268648611772
 20
153.0107175813797
 30
0.0
 10
348.9507224865872
 20
153.0107175815447
 30
0.0
  0
LINE
  5
1003
330
1F
100
AcDbEntity
  8
0
100
AcDbLine
 10
348.9507224865872
 20
153.0107175815447
 30
0.0
 11
347.4507225115552
 21
153.0107175824381
 31
0.0
  0
SPLINE
  5
1004
330
1F
100
AcDbEntity
  8
0
100
AcDbSpline
210
0.0
220
0.0
230
1.0
 70
     8
 71
     3
 72
     8
 73
     4
 74
     0
 42
0.000000001
 43
0.0000000001
 40
-9.0
 40
-9.0
 40
-9.0
 40
-9.0
 40
-8.0
 40
-8.0
 40
-8.0
 40
-8.0
 10
347.4507225095079
 20
175.6541556169521
 30
0.0
 10
347.174580134776
 20
175.6541556171161
 30
0.0
 10
346.9507225096592
 20
175.4302979923989
 30
0.0
 10
346.9507225093352
 20
175.1541556176669
 30
0.0
  0
LINE
  5
1005
330
1F
100
AcDbEntity
  8
0
100
AcDbLine
 10
346.9507225093352
 20
175.1541556176669
 30
0.0
 11
346.9507224947337
 21
161.5106734739099
 31
0.0
  0
SPLINE
  5
1006
330
1F
100
AcDbEntity
  8
0
100
AcDbSpline
210
0.0
220
0.0
230
1.0
 70
     8
 71
     3
 72
     8
 73
     4
 74
     0
 42
0.000000001
 43
0.0000000001
 40
15.0
 40
15.0
 40
15.0
 40
15.0
 40
16.0
 40
16.0
 40
16.0
 40
16.0
 10
346.9507224947337
 20
161.5106734739099
 30
0.0
 10
346.9507224944077
 20
161.2345310989599
 30
0.0
 10
347.1745801193339
 20
161.0106734736241
 30
0.0
 10
347.4507224942849
 20
161.0106734734451
 30
0.0
  0
LINE
  5
1007
330
1F
100
AcDbEntity
  8
0
100
AcDbLine
 10
347.4507224942849
 20
161.0106734734451
 30
0.0
 11
348.9507224929619
 21
161.0106734724707
 31
0.0
  0
SPLINE
  5
1008
330
1F
100
AcDbEntity
  8
0
100
AcDbSpline
210
0.0
220
0.0
230
1.0
 70
     8
 71
     3
 72
     8
 73
     4
 74
     0
 42
0.000000001
 43
0.0000000001
 40
-13.0
 40
-13.0
 40
-13.0
 40
-13.0
 40
-12.0
 40
-12.0
 40
-12.0
 40
-12.0
 10
348.9507224929619
 20
161.0106734724707
 30
0.0
 10
349.2268648680739
 20
161.0106734722927
 30
0.0
 10
349.4507224933587
 20
161.2345310975919
 30
0.0
 10
349.4507224931617
 20
161.5106734727049
 30
0.0
  0
LINE
  5
1009
330
1F
100
AcDbEntity
  8
0
100
AcDbLine
 10
349.4507224931617
 20
161.5106734727049
 30
0.0
 11
349.4507224841182
 21
175.154155616541
 31
0.0
  0
SPLINE
  5
1010
330
1F
100
AcDbEntity
  8
0
100
AcDbSpline
210
0.0
220
0.0
230
1.0
 70
     8
 71
     3
 72
     8
 73
     4
 74
     0
 42
0.000000001
 43
0.0000000001
 40
-11.0
 40
-11.0
 40
-11.0
 40
-11.0
 40
-10.0
 40
-10.0
 40
-10.0
 40
-10.0
 10
349.4507224841182
 20
175.154155616541
 30
0.0
 10
349.4507224839192
 20
175.4302979911319
 30
0.0
 10
349.22686485913
 20
175.6541556158936
 30
0.0
 10
348.95072248454
 20
175.6541556160587
 30
0.0
  0
LINE
  5
1011
330
1F
100
AcDbEntity
  8
0
100
AcDbLine
 10
348.95072248454
 20
175.6541556160587
 30
0.0
 11
347.4507225095079
 21
175.6541556169521
 31
0.0
  0
SPLINE
  5
1012
330
1F
100
AcDbEntity
  8
0
100
AcDbSpline
210
0.0
220
0.0
230
1.0
 70
     8
 71
     3
 72
     8
 73
     4
 74
     0
 42
0.000000001
 43
0.0000000001
 40
-9.0
 40
-9.0
 40
-9.0
 40
-9.0
 40
-8.0
 40
-8.0
 40
-8.0
 40
-8.0
 10
167.6020476987491
 20
156.2606955203777
 30
0.0
 10
167.6020476986252
 20
155.9845531455327
 30
0.0
 10
167.8259053235504
 20
155.7606955204049
 30
0.0
 10
168.102047698395
 20
155.7606955202789
 30
0.0
  0
LINE
  5
1013
330
1F
100
AcDbEntity
  8
0
100
AcDbLine
 10
168.1020476983949
 20
155.7606955202789
 30
0.0
 11
237.7070128245684
 21
155.760695508993
 31
0.0
  0
SPLINE
  5
1014
330
1F
100
AcDbEntity
  8
0
100
AcDbSpline
210
0.0
220
0.0
230
1.0
 70
     8
 71
     3
 72
     8
 73
     4
 74
     0
 42
0.000000001
 43
0.0000000001
 40
15.0
 40
15.0
 40
15.0
 40
15.0
 40
16.0
 40
16.0
 40
16.0
 40
16.0
 10
237.7070128245684
 20
155.760695508993
 30
0.0
 10
237.9831551994015
 20
155.7606955088649
 30
0.0
 10
238.2070128245254
 20
155.9845531337702
 30
0.0
 10
238.2070128246724
 20
156.2606955086012
 30
0.0
  0
LINE
  5
1015
330
1F
100
AcDbEntity
  8
0
100
AcDbLine
 10
238.2070128246724
 20
156.2606955086012
 30
0.0
 11
238.2070128254699
 21
157.7606955075302
 31
0.0
  0
SPLINE
  5
1016
330
1F
100
AcDbEntity
  8
0
100
AcDbSpline
210
0.0
220
0.0
230
1.0
 70
     8
 71
     3
 72
     8
 73
     4
 74
     0
 42
0.000000001
 43
0.0000000001
 40
-13.0
 40
-13.0
 40
-13.0
 40
-13.0
 40
-12.0
 40
-12.0
 40
-12.0
 40
-12.0
 10
238.2070128254699
 20
157.7606955075302
 30
0.0
 10
238.2070128256182
 20
158.0368378823862
 30
0.0
 10
237.9831552006911
 20
158.260695507538
 30
0.0
 10
237.707012825835
 20
158.26069550767
 30
0.0
  0
LINE
  5
1017
330
1F
100
AcDbEntity
  8
0
100
AcDbLine
 10
237.707012825835
 20
158.26069550767
 30
0.0
 11
168.1020476995376
 21
158.2606955196439
 31
0.0
  0
SPLINE
  5
1018
330
1F
100
AcDbEntity
  8
0
100
AcDbSpline
210
0.0
220
0.0
230
1.0
 70
     8
 71
     3
 72
     8
 73
     4
 74
     0
 42
0.000000001
 43
0.0000000001
 40
-11.0
 40
-11.0
 40
-11.0
 40
-11.0
 40
-10.0
 40
-10.0
 40
-10.0
 40
-10.0
 10
168.1020476995376
 20
158.2606955196439
 30
0.0
 10
167.8259053246853
 20
158.260695519776
 30
0.0
 10
167.6020476995473
 20
158.0368378948447
 30
0.0
 10
167.6020476994227
 20
157.7606955199927
 30
0.0
  0
LINE
  5
1019
330
1F
100
AcDbEntity
  8
0
100
AcDbLine
 10
167.6020476994227
 20
157.7606955199927
 30
0.0
 11
167.6020476987491
 21
156.2606955203777
 31
0.0
  0
CIRCLE
  5
1020
330
1F
100
AcDbEntity
  8
0
100
AcDbCircle
 10
348.0710261524306
 20
157.0106954520692
 30
0.0
 40
1.24999999968833
  0
SPLINE
  5
1021
330
1F
100
AcDbEntity
  8
0
100
AcDbSpline
210
0.0
220
0.0
230
1.0
 70
     8
 71
     3
 72
     8
 73
     4
 74
     0
 42
0.000000001
 43
0.0000000001
 40
-10.0
 40
-10.0
 40
-10.0
 40
-10.0
 40
-9.0
 40
-9.0
 40
-9.0
 40
-9.0
 10
97.05204131415419
 20
175.1540113320681
 30
0.0
 10
97.05204131418428
 20
175.4302334570891
 30
0.0
 10
96.82811903895998
 20
175.6541557324709
 30
0.0
 10
96.55189691393799
 20
175.6541557326359
 30
0.0
  0
LINE
  5
1022
330
1F
100
AcDbEntity
  8
0
100
AcDbLine
 10
96.55189691393799
 20
175.6541557326359
 30
0.0
 11
80.744185724886
 21
175.6541557420517
 31
0.0
  0
SPLINE
  5
1023
330
1F
100
AcDbEntity
  8
0
100
AcDbSpline
210
0.0
220
0.0
230
1.0
 70
     8
 71
     3
 72
     8
 73
     4
 74
     0
 42
0.000000001
 43
0.0000000001
 40
-8.0
 40
-8.0
 40
-8.0
 40
-8.0
 40
-7.0
 40
-7.0
 40
-7.0
 40
-7.0
 10
80.744185724886
 20
175.6541557420517
 30
0.0
 10
80.46796359981399
 20
175.6541557422158
 30
0.0
 10
80.24404132430328
 20
175.4302334670235
 30
0.0
 10
80.24404132407516
 20
175.1540113419525
 30
0.0
  0
LINE
  5
1024
330
1F
100
AcDbEntity
  8
0
100
AcDbLine
 10
80.24404132407516
 20
175.1540113419525
 30
0.0
 11
80.24404131377499
 21
162.6798798128185
 31
0.0
  0
SPLINE
  5
1025
330
1F
100
AcDbEntity
  8
0
100
AcDbSpline
210
0.0
220
0.0
230
1.0
 70
     8
 71
     3
 72
     8
 73
     4
 74
     0
 42
0.000000001
 43
0.0000000001
 40
-5.0
 40
-5.0
 40
-5.0
 40
-5.0
 40
-4.0
 40
-4.0
 40
-4.0
 40
-4.0
 10
80.24404131377499
 20
162.6798798128185
 30
0.0
 10
80.24404131359601
 20
162.4036576877025
 30
0.0
 10
80.46796358884718
 20
162.1797354121597
 30
0.0
 10
80.74418571396526
 20
162.1797354119818
 30
0.0
  0
LINE
  5
1026
330
1F
100
AcDbEntity
  8
0
100
AcDbLine
 10
80.74418571396526
 20
162.1797354119818
 30
0.0
 11
96.55189691222329
 21
162.179735401727
 31
0.0
  0
SPLINE
  5
1027
330
1F
100
AcDbEntity
  8
0
100
AcDbSpline
210
0.0
220
0.0
230
1.0
 70
     8
 71
     3
 72
     8
 73
     4
 74
     0
 42
0.000000001
 43
0.0000000001
 40
-2.0
 40
-2.0
 40
-2.0
 40
-2.0
 40
-1.0
 40
-1.0
 40
-1.0
 40
-1.0
 10
96.55189691222329
 20
162.179735401727
 30
0.0
 10
96.82811903734027
 20
162.1797354016969
 30
0.0
 10
97.05204131276097
 20
162.4036576770682
 30
0.0
 10
97.05204131279197
 20
162.6798798021842
 30
0.0
  0
LINE
  5
1028
330
1F
100
AcDbEntity
  8
0
100
AcDbLine
 10
97.05204131279197
 20
162.6798798021842
 30
0.0
 11
97.05204131415419
 21
175.1540113320681
 31
0.0
  0
SPLINE
  5
1029
330
1F
100
AcDbEntity
  8
0
100
AcDbSpline
210
0.0
220
0.0
230
1.0
 70
     8
 71
     3
 72
     8
 73
     4
 74
     0
 42
0.000000001
 43
0.0000000001
 40
-9.0
 40
-9.0
 40
-9.0
 40
-9.0
 40
-8.0
 40
-8.0
 40
-8.0
 40
-8.0
 10
182.776473631789
 20
175.1540113002406
 30
0.0
 10
182.7764736318629
 20
175.4302334252936
 30
0.0
 10
182.5525513566259
 20
175.6541557007224
 30
0.0
 10
182.2763292315736
 20
175.6541557008865
 30
0.0
  0
LINE
  5
1030
330
1F
100
AcDbEntity
  8
0
100
AcDbLine
 10
182.2763292315736
 20
175.6541557008865
 30
0.0
 11
176.0026180373048
 21
175.6541557046232
 31
0.0
  0
SPLINE
  5
1031
330
1F
100
AcDbEntity
  8
0
100
AcDbSpline
210
0.0
220
0.0
230
1.0
 70
     8
 71
     3
 72
     8
 73
     4
 74
     0
 42
0.000000001
 43
0.0000000001
 40
-7.0
 40
-7.0
 40
-7.0
 40
-7.0
 40
-6.0
 40
-6.0
 40
-6.0
 40
-6.0
 10
176.0026180373048
 20
175.6541557046232
 30
0.0
 10
175.7263959121807
 20
175.6541557047852
 30
0.0
 10
175.5024736366543
 20
175.430233429518
 30
0.0
 10
175.5024736364939
 20
175.154011304401
 30
0.0
  0
LINE
  5
1032
330
1F
100
AcDbEntity
  8
0
100
AcDbLine
 10
175.5024736364939
 20
175.154011304401
 30
0.0
 11
175.5024736292636
 21
162.679879775484
 31
0.0
  0
SPLINE
  5
1033
330
1F
100
AcDbEntity
  8
0
100
AcDbSpline
210
0.0
220
0.0
230
1.0
 70
     8
 71
     3
 72
     8
 73
     4
 74
     0
 42
0.000000001
 43
0.0000000001
 40
-5.0
 40
-5.0
 40
-5.0
 40
-5.0
 40
-4.0
 40
-4.0
 40
-4.0
 40
-4.0
 10
175.5024736292636
 20
162.679879775484
 30
0.0
 10
175.5024736291025
 20
162.403657650382
 30
0.0
 10
175.7263959043484
 20
162.1797353748612
 30
0.0
 10
176.0026180294515
 20
162.1797353746822
 30
0.0
  0
LINE
  5
1034
330
1F
100
AcDbEntity
  8
0
100
AcDbLine
 10
176.0026180294515
 20
162.1797353746822
 30
0.0
 11
182.276329227834
 21
162.1797353706094
 31
0.0
  0
SPLINE
  5
1035
330
1F
100
AcDbEntity
  8
0
100
AcDbSpline
210
0.0
220
0.0
230
1.0
 70
     8
 71
     3
 72
     8
 73
     4
 74
     0
 42
0.000000001
 43
0.0000000001
 40
-2.0
 40
-2.0
 40
-2.0
 40
-2.0
 40
-1.0
 40
-1.0
 40
-1.0
 40
-1.0
 10
182.276329227834
 20
162.1797353706094
 30
0.0
 10
182.5525513529518
 20
162.1797353705364
 30
0.0
 10
182.7764736284076
 20
162.4036576458726
 30
0.0
 10
182.7764736284814
 20
162.6798797709906
 30
0.0
  0
LINE
  5
1036
330
1F
100
AcDbEntity
  8
0
100
AcDbLine
 10
182.7764736284814
 20
162.6798797709906
 30
0.0
 11
182.776473631789
 21
175.1540113002406
 31
0.0
  0
SPLINE
  5
1037
330
1F
100
AcDbEntity
  8
0
100
AcDbSpline
210
0.0
220
0.0
230
1.0
 70
     8
 71
     3
 72
     8
 73
     4
 74
     0
 42
0.000000001
 43
0.0000000001
 40
-10.0
 40
-10.0
 40
-10.0
 40
-10.0
 40
-9.0
 40
-9.0
 40
-9.0
 40
-9.0
 10
268.4935690646668
 20
175.1541556662774
 30
0.0
 10
268.4935690645538
 20
175.4302980410994
 30
0.0
 10
268.2697114395225
 20
175.6541556660532
 30
0.0
 10
267.9935690647015
 20
175.6541556660732
 30
0.0
  0
LINE
  5
1038
330
1F
100
AcDbEntity
  8
0
100
AcDbLine
 10
267.9935690647016
 20
175.6541556660732
 30
0.0
 11
261.7265690839655
 21
175.6541556665136
 31
0.0
  0
SPLINE
  5
1039
330
1F
100
AcDbEntity
  8
0
100
AcDbSpline
210
0.0
220
0.0
230
1.0
 70
     8
 71
     3
 72
     8
 73
     4
 74
     0
 42
0.000000001
 43
0.0000000001
 40
-8.0
 40
-8.0
 40
-8.0
 40
-8.0
 40
-7.0
 40
-7.0
 40
-7.0
 40
-7.0
 10
261.7265690839655
 20
175.6541556665136
 30
0.0
 10
261.4504267092376
 20
175.6541556665326
 30
0.0
 10
261.2265690842148
 20
175.4302980417554
 30
0.0
 10
261.2265690839308
 20
175.1541556670274
 30
0.0
  0
LINE
  5
1040
330
1F
100
AcDbEntity
  8
0
100
AcDbLine
 10
261.2265690839308
 20
175.1541556670274
 30
0.0
 11
261.2265690710926
 21
162.6797353372474
 31
0.0
  0
SPLINE
  5
1041
330
1F
100
AcDbEntity
  8
0
100
AcDbSpline
210
0.0
220
0.0
230
1.0
 70
     8
 71
     3
 72
     8
 73
     4
 74
     0
 42
0.000000001
 43
0.0000000001
 40
-5.0
 40
-5.0
 40
-5.0
 40
-5.0
 40
-4.0
 40
-4.0
 40
-4.0
 40
-4.0
 10
261.2265690710926
 20
162.6797353372474
 30
0.0
 10
261.2265690709136
 20
162.4035929623314
 30
0.0
 10
261.4504266958538
 20
162.1797353371027
 30
0.0
 10
261.7265690707688
 20
162.1797353369236
 30
0.0
  0
LINE
  5
1042
330
1F
100
AcDbEntity
  8
0
100
AcDbLine
 10
261.7265690707688
 20
162.1797353369236
 30
0.0
 11
267.9935690699549
 21
162.1797353328562
 31
0.0
  0
SPLINE
  5
1043
330
1F
100
AcDbEntity
  8
0
100
AcDbSpline
210
0.0
220
0.0
230
1.0
 70
     8
 71
     3
 72
     8
 73
     4
 74
     0
 42
0.000000001
 43
0.0000000001
 40
-2.0
 40
-2.0
 40
-2.0
 40
-2.0
 40
-1.0
 40
-1.0
 40
-1.0
 40
-1.0
 10
267.9935690699549
 20
162.1797353328562
 30
0.0
 10
268.2697114448698
 20
162.1797353329692
 30
0.0
 10
268.4935690698635
 20
162.4035929581454
 30
0.0
 10
268.4935690697506
 20
162.6797353330604
 30
0.0
  0
LINE
  5
1044
330
1F
100
AcDbEntity
  8
0
100
AcDbLine
 10
268.4935690697506
 20
162.6797353330604
 30
0.0
 11
268.4935690646668
 21
175.1541556662774
 31
0.0
  0
SPLINE
  5
1045
330
1F
100
AcDbEntity
  8
0
100
AcDbSpline
210
0.0
220
0.0
230
1.0
 70
     8
 71
     3
 72
     8
 73
     4
 74
     0
 42
0.000000001
 43
0.0000000001
 40
6.0
 40
6.0
 40
6.0
 40
6.0
 40
7.0
 40
7.0
 40
7.0
 40
7.0
 10
62.59437810379449
 20
162.3203659750568
 30
0.0
 10
62.59437810380467
 20
162.0975630449918
 30
0.0
 10
62.77499556537208
 20
161.9169455834401
 30
0.0
 10
62.997798495437
 20
161.9169455834503
 30
0.0
  0
LINE
  5
1046
330
1F
100
AcDbEntity
  8
0
100
AcDbLine
 10
62.997798495437
 20
161.9169455834503
 30
0.0
 11
76.190957708686
 21
161.9169455840501
 31
0.0
  0
SPLINE
  5
1047
330
1F
100
AcDbEntity
  8
0
100
AcDbSpline
210
0.0
220
0.0
230
1.0
 70
     8
 71
     3
 72
     8
 73
     4
 74
     0
 42
0.000000001
 43
0.0000000001
 40
0.0
 40
0.0
 40
0.0
 40
0.0
 40
1.0
 40
1.0
 40
1.0
 40
1.0
 10
76.190957708686
 20
161.9169455840501
 30
0.0
 10
76.41376063875199
 20
161.9169455840612
 30
0.0
 10
76.59437810030368
 20
162.0975630456285
 30
0.0
 10
76.59437810029448
 20
162.3203659756935
 30
0.0
  0
LINE
  5
1048
330
1F
100
AcDbEntity
  8
0
100
AcDbLine
 10
76.59437810029448
 20
162.3203659756935
 30
0.0
 11
76.59437809969367
 21
175.5135251889425
 31
0.0
  0
SPLINE
  5
1049
330
1F
100
AcDbEntity
  8
0
100
AcDbSpline
210
0.0
220
0.0
230
1.0
 70
     8
 71
     3
 72
     8
 73
     4
 74
     0
 42
0.000000001
 43
0.0000000001
 40
2.0
 40
2.0
 40
2.0
 40
2.0
 40
3.0
 40
3.0
 40
3.0
 40
3.0
 10
76.59437809969367
 20
175.5135251889425
 30
0.0
 10
76.59437809968358
 20
175.7363281190075
 30
0.0
 10
76.41376063811526
 20
175.9169455805592
 30
0.0
 10
76.19095770805029
 20
175.9169455805491
 30
0.0
  0
LINE
  5
1050
330
1F
100
AcDbEntity
  8
0
100
AcDbLine
 10
76.19095770805029
 20
175.9169455805491
 30
0.0
 11
63.09437810317629
 21
175.916945579953
 31
0.0
  0
SPLINE
  5
1051
330
1F
100
AcDbEntity
  8
0
100
AcDbSpline
210
0.0
220
0.0
230
1.0
 70
     8
 71
     3
 72
     8
 73
     4
 74
     0
 42
0.000000001
 43
0.0000000001
 40
4.0
 40
4.0
 40
4.0
 40
4.0
 40
5.0
 40
5.0
 40
5.0
 40
5.0
 10
63.09437810317629
 20
175.916945579953
 30
0.0
 10
62.81823572826127
 20
175.916945579941
 30
0.0
 10
62.59437810318551
 20
175.6930879548458
 30
0.0
 10
62.59437810319849
 20
175.4169455799308
 30
0.0
  0
LINE
  5
1052
330
1F
100
AcDbEntity
  8
0
100
AcDbLine
 10
62.59437810319849
 20
175.4169455799308
 30
0.0
 11
62.59437810379449
 21
162.3203659750568
 31
0.0
  0
SPLINE
  5
1053
330
1F
100
AcDbEntity
  8
0
100
AcDbSpline
210
0.0
220
0.0
230
1.0
 70
     8
 71
     3
 72
     8
 73
     4
 74
     0
 42
0.000000001
 43
0.0000000001
 40
-26.0
 40
-26.0
 40
-26.0
 40
-26.0
 40
-25.0
 40
-25.0
 40
-25.0
 40
-25.0
 10
334.6299764727807
 20
135.1424332447827
 30
0.0
 10
334.6299764727927
 20
134.8663027650118
 30
0.0
 10
334.8538244549679
 20
134.6424547828574
 30
0.0
 10
335.1299549347369
 20
134.6424547828706
 30
0.0
  0
LINE
  5
1054
330
1F
100
AcDbEntity
  8
0
100
AcDbLine
 10
335.1299549347369
 20
134.6424547828706
 30
0.0
 11
342.5347840435029
 21
134.6424547832077
 31
0.0
  0
SPLINE
  5
1055
330
1F
100
AcDbEntity
  8
0
100
AcDbSpline
210
0.0
220
0.0
230
1.0
 70
     8
 71
     3
 72
     8
 73
     4
 74
     0
 42
0.000000001
 43
0.0000000001
 40
-24.0
 40
-24.0
 40
-24.0
 40
-24.0
 40
-23.0
 40
-23.0
 40
-23.0
 40
-23.0
 10
342.5347840435029
 20
134.6424547832077
 30
0.0
 10
342.8109264184179
 20
134.6424547832199
 30
0.0
 10
343.0347840434936
 20
134.866312408315
 30
0.0
 10
343.0347840434797
 20
135.1424547832301
 30
0.0
  0
LINE
  5
1056
330
1F
100
AcDbEntity
  8
0
100
AcDbLine
 10
343.0347840434797
 20
135.1424547832301
 30
0.0
 11
343.0347840426403
 21
153.5959757925498
 31
0.0
  0
SPLINE
  5
1057
330
1F
100
AcDbEntity
  8
0
100
AcDbSpline
210
0.0
220
0.0
230
1.0
 70
     8
 71
     3
 72
     8
 73
     4
 74
     0
 42
0.000000001
 43
0.0000000001
 40
-21.0
 40
-21.0
 40
-21.0
 40
-21.0
 40
-20.0
 40
-20.0
 40
-20.0
 40
-20.0
 10
343.0347840426403
 20
153.5959757925498
 30
0.0
 10
343.0347840424417
 20
153.8674368797829
 30
0.0
 10
342.8147213506718
 20
154.0874995712309
 30
0.0
 10
342.5432602634367
 20
154.0874995710314
 30
0.0
  0
LINE
  5
1058
330
1F
100
AcDbEntity
  8
0
100
AcDbLine
 10
342.5432602634367
 20
154.0874995710314
 30
0.0
 11
335.1215002465267
 21
154.0874995655963
 31
0.0
  0
SPLINE
  5
1059
330
1F
100
AcDbEntity
  8
0
100
AcDbSpline
210
0.0
220
0.0
230
1.0
 70
     8
 71
     3
 72
     8
 73
     4
 74
     0
 42
0.000000001
 43
0.0000000001
 40
-19.0
 40
-19.0
 40
-19.0
 40
-19.0
 40
-18.0
 40
-18.0
 40
-18.0
 40
-18.0
 10
335.1215002465267
 20
154.0874995655963
 30
0.0
 10
334.8500391615768
 20
154.0874995653979
 30
0.0
 10
334.6299764719268
 20
153.8674368755789
 30
0.0
 10
334.6299764719403
 20
153.5959757906279
 30
0.0
  0
LINE
  5
1060
330
1F
100
AcDbEntity
  8
0
100
AcDbLine
 10
334.6299764719403
 20
153.5959757906279
 30
0.0
 11
334.6299764719859
 21
152.6045824195549
 31
0.0
  0
SPLINE
  5
1061
330
1F
100
AcDbEntity
  8
0
100
AcDbSpline
210
0.0
220
0.0
230
1.0
 70
     8
 71
     3
 72
     8
 73
     4
 74
     0
 42
0.000000001
 43
0.0000000001
 40
-17.0
 40
-17.0
 40
-17.0
 40
-17.0
 40
-16.0
 40
-16.0
 40
-16.0
 40
-16.0
 10
334.6299764719859
 20
152.6045824195549
 30
0.0
 10
334.6299764719979
 20
152.328360294497
 30
0.0
 10
334.4060541967041
 20
152.1044380191147
 30
0.0
 10
334.1298320716491
 20
152.1044380190187
 30
0.0
  0
LINE
  5
1062
330
1F
100
AcDbEntity
  8
0
100
AcDbLine
 10
334.1298320716491
 20
152.1044380190187
 30
0.0
 11
319.4089229560798
 21
152.1044380138488
 31
0.0
  0
SPLINE
  5
1063
330
1F
100
AcDbEntity
  8
0
100
AcDbSpline
210
0.0
220
0.0
230
1.0
 70
     8
 71
     3
 72
     8
 73
     4
 74
     0
 42
0.000000001
 43
0.0000000001
 40
-15.0
 40
-15.0
 40
-15.0
 40
-15.0
 40
-14.0
 40
-14.0
 40
-14.0
 40
-14.0
 10
319.4089229560798
 20
152.1044380138488
 30
0.0
 10
319.1327008309618
 20
152.1044380137508
 30
0.0
 10
318.9087785554865
 20
152.3283602890706
 30
0.0
 10
318.9087785553885
 20
152.6045824141866
 30
0.0
  0
LINE
  5
1064
330
1F
100
AcDbEntity
  8
0
100
AcDbLine
 10
318.9087785553885
 20
152.6045824141866
 30
0.0
 11
318.9087785553439
 21
153.5959757907686
 31
0.0
  0
SPLINE
  5
1065
330
1F
100
AcDbEntity
  8
0
100
AcDbSpline
210
0.0
220
0.0
230
1.0
 70
     8
 71
     3
 72
     8
 73
     4
 74
     0
 42
0.000000001
 43
0.0000000001
 40
-12.0
 40
-12.0
 40
-12.0
 40
-12.0
 40
-11.0
 40
-11.0
 40
-11.0
 40
-11.0
 10
318.9087785553439
 20
153.5959757907686
 30
0.0
 10
318.9087785553324
 20
153.8674368783756
 30
0.0
 10
318.6887158634114
 20
154.0874995702766
 30
0.0
 10
318.4172547758054
 20
154.0874995702641
 30
0.0
  0
LINE
  5
1066
330
1F
100
AcDbEntity
  8
0
100
AcDbLine
 10
318.4172547758054
 20
154.0874995702641
 30
0.0
 11
310.9954984701924
 21
154.0874995699321
 31
0.0
  0
SPLINE
  5
1067
330
1F
100
AcDbEntity
  8
0
100
AcDbSpline
210
0.0
220
0.0
230
1.0
 70
     8
 71
     3
 72
     8
 73
     4
 74
     0
 42
0.000000001
 43
0.0000000001
 40
-10.0
 40
-10.0
 40
-10.0
 40
-10.0
 40
-9.0
 40
-9.0
 40
-9.0
 40
-9.0
 10
310.9954984701924
 20
154.0874995699321
 30
0.0
 10
310.7240373825835
 20
154.0874995699206
 30
0.0
 10
310.5039746906793
 20
153.8674368779987
 30
0.0
 10
310.5039746906919
 20
153.5959757903887
 30
0.0
  0
LINE
  5
1068
330
1F
100
AcDbEntity
  8
0
100
AcDbLine
 10
310.5039746906919
 20
153.5959757903887
 30
0.0
 11
310.5039746915313
 21
135.1424547817507
 31
0.0
  0
SPLINE
  5
1069
330
1F
100
AcDbEntity
  8
0
100
AcDbSpline
210
0.0
220
0.0
230
1.0
 70
     8
 71
     3
 72
     8
 73
     4
 74
     0
 42
0.000000001
 43
0.0000000001
 40
-8.0
 40
-8.0
 40
-8.0
 40
-8.0
 40
-7.0
 40
-7.0
 40
-7.0
 40
-7.0
 10
310.5039746915313
 20
135.1424547817507
 30
0.0
 10
310.5039746915433
 20
134.8663124068343
 30
0.0
 10
310.7278323166385
 20
134.6424547817604
 30
0.0
 10
311.0039746915544
 20
134.6424547817726
 30
0.0
  0
LINE
  5
1070
330
1F
100
AcDbEntity
  8
0
100
AcDbLine
 10
311.0039746915544
 20
134.6424547817726
 30
0.0
 11
318.4087785562055
 21
134.6424547821097
 31
0.0
  0
SPLINE
  5
1071
330
1F
100
AcDbEntity
  8
0
100
AcDbSpline
210
0.0
220
0.0
230
1.0
 70
     8
 71
     3
 72
     8
 73
     4
 74
     0
 42
0.000000001
 43
0.0000000001
 40
-6.0
 40
-6.0
 40
-6.0
 40
-6.0
 40
-5.0
 40
-5.0
 40
-5.0
 40
-5.0
 10
318.4087785562055
 20
134.6424547821097
 30
0.0
 10
318.6849209311225
 20
134.6424547821218
 30
0.0
 10
318.9087785561973
 20
134.866312407217
 30
0.0
 10
318.9087785561843
 20
135.1424547821334
 30
0.0
  0
LINE
  5
1072
330
1F
100
AcDbEntity
  8
0
100
AcDbLine
 10
318.9087785561843
 20
135.1424547821334
 30
0.0
 11
318.9087785560624
 21
137.8293613786837
 31
0.0
  0
SPLINE
  5
1073
330
1F
100
AcDbEntity
  8
0
100
AcDbSpline
210
0.0
220
0.0
230
1.0
 70
     8
 71
     3
 72
     8
 73
     4
 74
     0
 42
0.000000001
 43
0.0000000001
 40
-4.0
 40
-4.0
 40
-4.0
 40
-4.0
 40
-3.0
 40
-3.0
 40
-3.0
 40
-3.0
 10
318.9087785560624
 20
137.8293613786837
 30
0.0
 10
318.9087785560543
 20
137.9950964333416
 30
0.0
 10
319.0431333639282
 20
138.1294512412267
 30
0.0
 10
319.2088684185862
 20
138.1294512412352
 30
0.0
  0
LINE
  5
1074
330
1F
100
AcDbEntity
  8
0
100
AcDbLine
 10
319.2088684185862
 20
138.1294512412352
 30
0.0
 11
334.3298866101056
 21
138.1294512419235
 31
0.0
  0
SPLINE
  5
1075
330
1F
100
AcDbEntity
  8
0
100
AcDbSpline
210
0.0
220
0.0
230
1.0
 70
     8
 71
     3
 72
     8
 73
     4
 74
     0
 42
0.000000001
 43
0.0000000001
 40
-2.0
 40
-2.0
 40
-2.0
 40
-2.0
 40
-1.0
 40
-1.0
 40
-1.0
 40
-1.0
 10
334.3298866101056
 20
138.1294512419235
 30
0.0
 10
334.4956216647646
 20
138.1294512419307
 30
0.0
 10
334.6299764726508
 20
137.9950964340571
 30
0.0
 10
334.6299764726588
 20
137.8293613793991
 30
0.0
  0
LINE
  5
1076
330
1F
100
AcDbEntity
  8
0
100
AcDbLine
 10
334.6299764726588
 20
137.8293613793991
 30
0.0
 11
334.6299764727807
 21
135.1424332447827
 31
0.0
  0
SPLINE
  5
1077
330
1F
100
AcDbEntity
  8
0
100
AcDbSpline
210
0.0
220
0.0
230
1.0
 70
     8
 71
     3
 72
   149
 73
   145
 74
     0
 42
0.000000001
 43
0.0000000001
 40
-73.0
 40
-73.0
 40
-73.0
 40
-73.0
 40
-71.9981033596399
 40
-71.9981033596399
 40
-71.9981033596399
 40
-71.72747171022759
 40
-71.72747171022759
 40
-71.72747171022759
 40
-71.0123234086829
 40
-71.0123234086829
 40
-71.0123234086829
 40
-70.99903166155391
 40
-70.99903166155391
 40
-70.99903166155391
 40
-70.83101912467821
 40
-70.83101912467821
 40
-70.83101912467821
 40
-70.302023827881
 40
-70.302023827881
 40
-70.302023827881
 40
-70.1460152052404
 40
-70.1460152052404
 40
-70.1460152052404
 40
-70.1109836390407
 40
-70.1109836390407
 40
-70.1109836390407
 40
-70.0982539257606
 40
-70.0982539257606
 40
-70.0982539257606
 40
-70.07646744425726
 40
-70.07646744425726
 40
-70.07646744425726
 40
-69.75598352674047
 40
-69.75598352674047
 40
-69.75598352674047
 40
-69.00303727759321
 40
-69.00303727759321
 40
-69.00303727759321
 40
-68.9900313931153
 40
-68.9900313931153
 40
-68.9900313931153
 40
-68.90587200820011
 40
-68.90587200820011
 40
-68.90587200820011
 40
-68.8572482521448
 40
-68.8572482521448
 40
-68.8572482521448
 40
-68.80862449608949
 40
-68.80862449608949
 40
-68.80862449608949
 40
-68.79015557513453
 40
-68.79015557513453
 40
-68.79015557513453
 40
-68.7460747119605
 40
-68.7460747119605
 40
-68.7460747119605
 40
-68.691547530717
 40
-68.691547530717
 40
-68.691547530717
 40
-68.67538889627531
 40
-68.67538889627531
 40
-68.67538889627531
 40
-68.5724752859711
 40
-68.5724752859711
 40
-68.5724752859711
 40
-68.55500833151601
 40
-68.55500833151601
 40
-68.55500833151601
 40
-68.31485882795759
 40
-68.31485882795759
 40
-68.31485882795759
 40
-68.04944365594362
 40
-68.04944365594362
 40
-68.04944365594362
 40
-68.0
 40
-68.0
 40
-68.0
 40
-67.4647494194146
 40
-67.4647494194146
 40
-67.4647494194146
 40
-66.98441424910129
 40
-66.98441424910129
 40
-66.98441424910129
 40
-66.9035719811942
 40
-66.9035719811942
 40
-66.9035719811942
 40
-66.88666869197319
 40
-66.88666869197319
 40
-66.88666869197319
 40
-66.7618891137737
 40
-66.7618891137737
 40
-66.7618891137737
 40
-66.6760242788923
 40
-66.6760242788923
 40
-66.6760242788923
 40
-66.66204911103889
 40
-66.66204911103889
 40
-66.66204911103889
 40
-66.43236860129539
 40
-66.43236860129539
 40
-66.43236860129539
 40
-66.00568340757664
 40
-66.00568340757664
 40
-66.00568340757664
 40
-65.00163596895845
 40
-65.00163596895845
 40
-65.00163596895845
 40
-64.9617429203094
 40
-64.9617429203094
 40
-64.9617429203094
 40
-64.8436575294872
 40
-64.8436575294872
 40
-64.8436575294872
 40
-63.99627704983446
 40
-63.99627704983446
 40
-63.99627704983446
 40
-63.03801123932188
 40
-63.03801123932188
 40
-63.03801123932188
 40
-62.99401365599949
 40
-62.99401365599949
 40
-62.99401365599949
 40
-62.8625255854148
 40
-62.8625255854148
 40
-62.8625255854148
 40
-62.60734832644978
 40
-62.60734832644978
 40
-62.60734832644978
 40
-62.5148627868212
 40
-62.5148627868212
 40
-62.5148627868212
 40
-62.240382338454
 40
-62.240382338454
 40
-62.240382338454
 40
-62.0345220021786
 40
-62.0345220021786
 40
-62.0345220021786
 40
-61.96124299321779
 40
-61.96124299321779
 40
-61.96124299321779
 40
-61.168667303723
 40
-61.168667303723
 40
-61.168667303723
 40
-61.0
 40
-61.0
 40
-61.0
 40
-61.0
 10
86.25736902497108
 20
123.1705445372063
 30
0.0
 10
86.27605505416118
 20
123.1379595599413
 30
0.0
 10
86.29831376247187
 20
123.1070559832115
 30
0.0
 10
86.3206270777472
 20
123.0816221043032
 30
0.0
 10
86.32659602372067
 20
123.0748183887999
 30
0.0
 10
86.33327667350441
 20
123.0675956454652
 30
0.0
 10
86.33989770087387
 20
123.0608460167937
 30
0.0
 10
86.35739386766758
 20
123.0430100190785
 30
0.0
 10
86.37615899400538
 20
123.0266230611154
 30
0.0
 10
86.3951654034307
 20
123.012357941689
 30
0.0
 10
86.3955186565774
 20
123.0120928101634
 30
0.0
 10
86.39587036596239
 20
123.0118296095905
 30
0.0
 10
86.39621973798417
 20
123.011568904478
 30
0.0
 10
86.4006359279041
 20
123.008273496666
 30
0.0
 10
86.40484984642197
 20
123.0052372016021
 30
0.0
 10
86.40952283957521
 20
123.0019967762526
 30
0.0
 10
86.42423597614209
 20
122.9917941461311
 30
0.0
 10
86.43957035247039
 20
122.9823182678904
 30
0.0
 10
86.45720424577348
 20
122.9730117286109
 30
0.0
 10
86.46240474457318
 20
122.9702670910247
 30
0.0
 10
86.46779074650948
 20
122.9675521587061
 30
0.0
 10
86.47339163235159
 20
122.9648743951908
 30
0.0
 10
86.47464930516377
 20
122.9642731063116
 30
0.0
 10
86.47591782047976
 20
122.9636737106976
 30
0.0
 10
86.47719752424491
 20
122.9630763269755
 30
0.0
 10
86.47766254090777
 20
122.9628592506548
 30
0.0
 10
86.47812675661288
 20
122.9626434926722
 30
0.0
 10
86.47859821794597
 20
122.9624253486952
 30
0.0
 10
86.47940510835949
 20
122.9620520025234
 30
0.0
 10
86.4802456881647
 20
122.9616652934495
 30
0.0
 10
86.48134152688099
 20
122.9611670270841
 30
0.0
 10
86.50642452823566
 20
122.9497620495715
 30
0.0
 10
86.51839183529148
 20
122.9459599543099
 30
0.0
 10
86.53311998933327
 20
122.941322192238
 30
0.0
 10
86.5677223757136
 20
122.9304262147314
 30
0.0
 10
86.5870947068357
 20
122.9271845837019
 30
0.0
 10
86.61216021656688
 20
122.9239191839677
 30
0.0
 10
86.61259318123638
 20
122.9238627796603
 30
0.0
 10
86.61302996582438
 20
122.9238064782576
 30
0.0
 10
86.61347938916987
 20
122.9237492125257
 30
0.0
 10
86.61638754911749
 20
122.9233786534316
 30
0.0
 10
86.61972016425346
 20
122.9229861182805
 30
0.0
 10
86.62275721079168
 20
122.9226595589083
 30
0.0
 10
86.62451188865848
 20
122.9224708866257
 30
0.0
 10
86.62616744967847
 20
122.922303108341
 30
0.0
 10
86.62758198043567
 20
122.92216547544
 30
0.0
 10
86.62899651119278
 20
122.9220278425391
 30
0.0
 10
86.63060547692637
 20
122.9218801272899
 30
0.0
 10
86.63147740786678
 20
122.9218024371633
 30
0.0
 10
86.63180859625947
 20
122.9217729278674
 30
0.0
 10
86.63216270143809
 20
122.9217418391026
 30
0.0
 10
86.63233194264259
 20
122.9217270627088
 30
0.0
 10
86.63243584723517
 20
122.921717990833
 30
0.0
 10
86.633680407389
 20
122.9216104071982
 30
0.0
 10
86.63457151545339
 20
122.921536801308
 30
0.0
 10
86.63567379901678
 20
122.9214457522353
 30
0.0
 10
86.63685594577879
 20
122.9213523155704
 30
0.0
 10
86.63795652811726
 20
122.9212692223932
 30
0.0
 10
86.63828267568769
 20
122.9212445984855
 30
0.0
 10
86.63859490029267
 20
122.9212213456852
 30
0.0
 10
86.6389143616942
 20
122.921197867276
 30
0.0
 10
86.6409489968797
 20
122.9210483343518
 30
0.0
 10
86.64307561131568
 20
122.9209067095478
 30
0.0
 10
86.64489055699588
 20
122.920795960389
 30
0.0
 10
86.64519859762767
 20
122.9207771635504
 30
0.0
 10
86.64550134526967
 20
122.9207589798531
 30
0.0
 10
86.64580828886361
 20
122.9207408359229
 30
0.0
 10
86.65002839213869
 20
122.9204913788215
 30
0.0
 10
86.65450580313777
 20
122.9202854688201
 30
0.0
 10
86.65888101634189
 20
122.920144933409
 30
0.0
 10
86.66371653733177
 20
122.919989612537
 30
0.0
 10
86.66842756602775
 20
122.9199145418982
 30
0.0
 10
86.67250474042839
 20
122.9198964357679
 30
0.0
 10
86.6732642690067
 20
122.9198930628134
 30
0.0
 10
86.67400173614666
 20
122.919891533318
 30
0.0
 10
86.67471376772718
 20
122.9198915333173
 30
0.0
 10
86.6824218408772
 20
122.9198915333099
 30
0.0
 10
86.73035599610276
 20
122.9222501280146
 30
0.0
 10
86.75530949104588
 20
122.9261620974239
 30
0.0
 10
86.77770281798137
 20
122.9296727082679
 30
0.0
 10
86.79720288021838
 20
122.9341855531596
 30
0.0
 10
86.81423807702277
 20
122.938853410991
 30
0.0
 10
86.8171051665656
 20
122.9396390295271
 30
0.0
 10
86.8200297459334
 20
122.9404692643521
 30
0.0
 10
86.82214592479558
 20
122.941082333485
 30
0.0
 10
86.82258839609517
 20
122.941210519954
 30
0.0
 10
86.82320975601276
 20
122.9413916447761
 30
0.0
 10
86.82330079828266
 20
122.9414182286115
 30
0.0
 10
86.82397286961029
 20
122.941614469693
 30
0.0
 10
86.82867395833367
 20
122.9430045240887
 30
0.0
 10
86.83211697987507
 20
122.9440724556352
 30
0.0
 10
86.83448623356559
 20
122.9448073336276
 30
0.0
 10
86.83696350566549
 20
122.9455947537711
 30
0.0
 10
86.83923394433509
 20
122.9463327145016
 30
0.0
 10
86.83960347583839
 20
122.9464528233342
 30
0.0
 10
86.83996619282339
 20
122.9465711449116
 30
0.0
 10
86.84032504689637
 20
122.9466886059896
 30
0.0
 10
86.84622277830717
 20
122.9486190672585
 30
0.0
 10
86.85249332949599
 20
122.9507856572575
 30
0.0
 10
86.85877464892788
 20
122.9530891584709
 30
0.0
 10
86.870443666911
 20
122.9573684500075
 30
0.0
 10
86.88208827558796
 20
122.9621288531257
 30
0.0
 10
86.89178220065659
 20
122.9663994356111
 30
0.0
 10
86.9153055946216
 20
122.9767624819079
 30
0.0
 10
86.9362282036746
 20
122.9877347306985
 30
0.0
 10
86.95748176970445
 20
123.0006439386295
 30
0.0
 10
86.95833200754249
 20
123.0011603647684
 30
0.0
 10
86.95915828798858
 20
123.0016651998515
 30
0.0
 10
86.95999760214908
 20
123.002180957479
 30
0.0
 10
86.9624820134442
 20
123.0037076254844
 30
0.0
 10
86.96496834471906
 20
123.0052619067263
 30
0.0
 10
86.96743683784029
 20
123.0068317610352
 30
0.0
 10
86.98515073852268
 20
123.0180970317682
 30
0.0
 10
87.00290484608746
 20
123.0309037400592
 30
0.0
 10
87.0182256011436
 20
123.0432163207727
 30
0.0
 10
87.03521590276409
 20
123.0568706386786
 30
0.0
 10
87.05375950314877
 20
123.0736676140786
 30
0.0
 10
87.06971196164326
 20
123.0901653821809
 30
0.0
 10
87.07044439894218
 20
123.0909228566922
 30
0.0
 10
87.07117551518328
 20
123.0916834382281
 30
0.0
 10
87.07187279666527
 20
123.0924127662007
 30
0.0
 10
87.07395664286318
 20
123.0945923842777
 30
0.0
 10
87.07578533083978
 20
123.0965350605351
 30
0.0
 10
87.07787829116275
 20
123.0987953057476
 30
0.0
 10
87.08194007316308
 20
123.103181735447
 30
0.0
 10
87.08606496720049
 20
123.1077872838141
 30
0.0
 10
87.08996594814761
 20
123.112291548555
 30
0.0
 10
87.09137980582998
 20
123.1139240582734
 30
0.0
 10
87.09278173429519
 20
123.115562510099
 30
0.0
 10
87.09417052007168
 20
123.1172053152682
 30
0.0
 10
87.09829218648748
 20
123.1220808655573
 30
0.0
 10
87.10229628260979
 20
123.1269946329729
 30
0.0
 10
87.10611550766618
 20
123.1318481207354
 30
0.0
 10
87.10897992645858
 20
123.1354882365573
 30
0.0
 10
87.11174201401266
 20
123.1390960370584
 30
0.0
 10
87.11437467634439
 20
123.1426220856439
 30
0.0
 10
87.11531181115176
 20
123.1438772344043
 30
0.0
 10
87.1163753628741
 20
123.1453167936658
 30
0.0
 10
87.11712715604878
 20
123.1463421234815
 30
0.0
 10
87.12525844770047
 20
123.1574319498477
 30
0.0
 10
87.13483416427626
 20
123.1716001306027
 30
0.0
 10
87.14306747686819
 20
123.1852181134248
 30
0.0
 10
87.14481960055058
 20
123.1881161438277
 30
0.0
 10
87.14651295559917
 20
123.1909814433726
 30
0.0
 10
87.14812633491598
 20
123.1937690043038
 30
0.0
  0
ELLIPSE
  5
1078
330
1F
100
AcDbEntity
  8
0
100
AcDbEllipse
 10
86.46554336911497
 20
123.4706738782631
 30
0.0
 11
0.7423363189006591
 21
-0.1057758964977055
 31
0.0
210
0.0
220
0.0
230
-1.0
 40
0.7853245344689132
 41
5.733153052003657
 42
6.589993258289394
  0
ELLIPSE
  5
1079
330
1F
100
AcDbEntity
  8
0
100
AcDbEllipse
 10
82.31701517212968
 20
123.0751273969508
 30
0.0
 11
6.381008550146066
 21
-9.359920851564071
 31
0.0
210
0.0
220
0.0
230
-1.0
 40
0.3897674765824978
 41
4.684081533125741
 42
4.909068483969249
  0
SPLINE
  5
1080
330
1F
100
AcDbEntity
  8
0
100
AcDbSpline
210
0.0
220
0.0
230
1.0
 70
     8
 71
     3
 72
     8
 73
     4
 74
     0
 42
0.000000001
 43
0.0000000001
 40
-59.0
 40
-59.0
 40
-59.0
 40
-59.0
 40
-58.0
 40
-58.0
 40
-58.0
 40
-58.0
 10
85.78314039106899
 20
125.8261606712394
 30
0.0
 10
86.92001551236339
 20
125.1800495762483
 30
0.0
 10
88.1221626237321
 20
124.6313314076283
 30
0.0
 10
89.44387025474027
 20
124.0420506905606
 30
0.0
  0
SPLINE
  5
1081
330
1F
100
AcDbEntity
  8
0
100
AcDbSpline
210
0.0
220
0.0
230
1.0
 70
     8
 71
     3
 72
    11
 73
     7
 74
     0
 42
0.000000001
 43
0.0000000001
 40
-58.0
 40
-58.0
 40
-58.0
 40
-58.0
 40
-57.0
 40
-57.0
 40
-57.0
 40
-56.0
 40
-56.0
 40
-56.0
 40
-56.0
 10
89.44387025474027
 20
124.0420506905606
 30
0.0
 10
89.52797867892869
 20
124.0045918727311
 30
0.0
 10
89.61262222908539
 20
123.9856484134292
 30
0.0
 10
89.69548648539339
 20
123.9856484134328
 30
0.0
 10
89.91480786381336
 20
123.9856484134437
 30
0.0
 10
90.09620218916939
 20
124.1193228805238
 30
0.0
 10
90.18057817674209
 20
124.3434336374901
 30
0.0
  0
SPLINE
  5
1082
330
1F
100
AcDbEntity
  8
0
100
AcDbSpline
210
0.0
220
0.0
230
1.0
 70
     8
 71
     3
 72
   467
 73
   463
 74
     0
 42
0.000000001
 43
0.0000000001
 40
-56.0
 40
-56.0
 40
-56.0
 40
-56.0
 40
-55.00465718960469
 40
-55.00465718960469
 40
-55.00465718960469
 40
-54.98671971289219
 40
-54.98671971289219
 40
-54.98671971289219
 40
-54.83103533659929
 40
-54.83103533659929
 40
-54.83103533659929
 40
-54.7874848796859
 40
-54.7874848796859
 40
-54.7874848796859
 40
-54.3855017149767
 40
-54.3855017149767
 40
-54.3855017149767
 40
-54.00268206286976
 40
-54.00268206286976
 40
-54.00268206286976
 40
-53.77719736922728
 40
-53.77719736922728
 40
-53.77719736922728
 40
-53.39177224932289
 40
-53.39177224932289
 40
-53.39177224932289
 40
-53.00641930873349
 40
-53.00641930873349
 40
-53.00641930873349
 40
-52.9395455821286
 40
-52.9395455821286
 40
-52.9395455821286
 40
-52.8662392930785
 40
-52.8662392930785
 40
-52.8662392930785
 40
-52.5209371341615
 40
-52.5209371341615
 40
-52.5209371341615
 40
-51.98730036022428
 40
-51.98730036022428
 40
-51.98730036022428
 40
-51.9463215256447
 40
-51.9463215256447
 40
-51.9463215256447
 40
-51.83714711070972
 40
-51.83714711070972
 40
-51.83714711070972
 40
-51.7912573264099
 40
-51.7912573264099
 40
-51.7912573264099
 40
-51.7793476935158
 40
-51.7793476935158
 40
-51.7793476935158
 40
-51.76538113803061
 40
-51.76538113803061
 40
-51.76538113803061
 40
-51.7175445337989
 40
-51.7175445337989
 40
-51.7175445337989
 40
-51.69152488156378
 40
-51.69152488156378
 40
-51.69152488156378
 40
-51.4793782249109
 40
-51.4793782249109
 40
-51.4793782249109
 40
-50.99999543212232
 40
-50.99999543212232
 40
-50.99999543212232
 40
-50.64393945628768
 40
-50.64393945628768
 40
-50.64393945628768
 40
-50.0074007319541
 40
-50.0074007319541
 40
-50.0074007319541
 40
-49.97552499008227
 40
-49.97552499008227
 40
-49.97552499008227
 40
-49.696260957708
 40
-49.696260957708
 40
-49.696260957708
 40
-49.6522689588083
 40
-49.6522689588083
 40
-49.6522689588083
 40
-49.2732170735762
 40
-49.2732170735762
 40
-49.2732170735762
 40
-49.0618122220941
 40
-49.0618122220941
 40
-49.0618122220941
 40
-48.98734386362086
 40
-48.98734386362086
 40
-48.98734386362086
 40
-48.85317295464578
 40
-48.85317295464578
 40
-48.85317295464578
 40
-47.9518734383579
 40
-47.9518734383579
 40
-47.9518734383579
 40
-47.9247507047937
 40
-47.9247507047937
 40
-47.9247507047937
 40
-47.91397659177788
 40
-47.91397659177788
 40
-47.91397659177788
 40
-47.89828299830685
 40
-47.89828299830685
 40
-47.89828299830685
 40
-47.8421403108904
 40
-47.8421403108904
 40
-47.8421403108904
 40
-47.5530463268351
 40
-47.5530463268351
 40
-47.5530463268351
 40
-47.0
 40
-47.0
 40
-47.0
 40
-46.01225203328529
 40
-46.01225203328529
 40
-46.01225203328529
 40
-45.94180419556946
 40
-45.94180419556946
 40
-45.94180419556946
 40
-45.76133593715139
 40
-45.76133593715139
 40
-45.76133593715139
 40
-45.736513924738
 40
-45.736513924738
 40
-45.736513924738
 40
-45.66382972482321
 40
-45.66382972482321
 40
-45.66382972482321
 40
-45.62291869915179
 40
-45.62291869915179
 40
-45.62291869915179
 40
-45.59096290548249
 40
-45.59096290548249
 40
-45.59096290548249
 40
-45.34795258526012
 40
-45.34795258526012
 40
-45.34795258526012
 40
-45.20909500381834
 40
-45.20909500381834
 40
-45.20909500381834
 40
-45.11823903973922
 40
-45.11823903973922
 40
-45.11823903973922
 40
-45.10494226503775
 40
-45.10494226503775
 40
-45.10494226503775
 40
-45.09155404657138
 40
-45.09155404657138
 40
-45.09155404657138
 40
-45.04068775441378
 40
-45.04068775441378
 40
-45.04068775441378
 40
-45.0246083231375
 40
-45.0246083231375
 40
-45.0246083231375
 40
-44.66653137576378
 40
-44.66653137576378
 40
-44.66653137576378
 40
-44.44491478036041
 40
-44.44491478036041
 40
-44.44491478036041
 40
-44.0116041527287
 40
-44.0116041527287
 40
-44.0116041527287
 40
-43.9851908890091
 40
-43.9851908890091
 40
-43.9851908890091
 40
-43.91976356637429
 40
-43.91976356637429
 40
-43.91976356637429
 40
-43.8543362437396
 40
-43.8543362437396
 40
-43.8543362437396
 40
-43.84216792236778
 40
-43.84216792236778
 40
-43.84216792236778
 40
-43.79512295874159
 40
-43.79512295874159
 40
-43.79512295874159
 40
-43.4627976381182
 40
-43.4627976381182
 40
-43.4627976381182
 40
-43.1342652702983
 40
-43.1342652702983
 40
-43.1342652702983
 40
-43.11041033345168
 40
-43.11041033345168
 40
-43.11041033345168
 40
-43.0999484682998
 40
-43.0999484682998
 40
-43.0999484682998
 40
-43.08707209789289
 40
-43.08707209789289
 40
-43.08707209789289
 40
-43.00614875730426
 40
-43.00614875730426
 40
-43.00614875730426
 40
-41.95673005703386
 40
-41.95673005703386
 40
-41.95673005703386
 40
-41.8214242106902
 40
-41.8214242106902
 40
-41.8214242106902
 40
-41.7445755905127
 40
-41.7445755905127
 40
-41.7445755905127
 40
-41.70257601449231
 40
-41.70257601449231
 40
-41.70257601449231
 40
-41.67762890879859
 40
-41.67762890879859
 40
-41.67762890879859
 40
-41.65219434079759
 40
-41.65219434079759
 40
-41.65219434079759
 40
-41.0
 40
-41.0
 40
-41.0
 40
-40.0966386240036
 40
-40.0966386240036
 40
-40.0966386240036
 40
-40.00364170162449
 40
-40.00364170162449
 40
-40.00364170162449
 40
-39.99110890519009
 40
-39.99110890519009
 40
-39.99110890519009
 40
-39.93658735552005
 40
-39.93658735552005
 40
-39.93658735552005
 40
-39.8143917899383
 40
-39.8143917899383
 40
-39.8143917899383
 40
-39.75592691184461
 40
-39.75592691184461
 40
-39.75592691184461
 40
-39.7328215144571
 40
-39.7328215144571
 40
-39.7328215144571
 40
-39.0006206179267
 40
-39.0006206179267
 40
-39.0006206179267
 40
-38.9870412961206
 40
-38.9870412961206
 40
-38.9870412961206
 40
-38.9329975182798
 40
-38.9329975182798
 40
-38.9329975182798
 40
-38.87163378224956
 40
-38.87163378224956
 40
-38.87163378224956
 40
-38.6566261034212
 40
-38.6566261034212
 40
-38.6566261034212
 40
-38.6423693687648
 40
-38.6423693687648
 40
-38.6423693687648
 40
-38.5554913249943
 40
-38.5554913249943
 40
-38.5554913249943
 40
-38.0711371266967
 40
-38.0711371266967
 40
-38.0711371266967
 40
-38.0092410726488
 40
-38.0092410726488
 40
-38.0092410726488
 40
-37.98899878400209
 40
-37.98899878400209
 40
-37.98899878400209
 40
-37.94175449334009
 40
-37.94175449334009
 40
-37.94175449334009
 40
-37.683263889318
 40
-37.683263889318
 40
-37.683263889318
 40
-36.8415019030282
 40
-36.8415019030282
 40
-36.8415019030282
 40
-36.7920767346282
 40
-36.7920767346282
 40
-36.7920767346282
 40
-36.7754385413607
 40
-36.7754385413607
 40
-36.7754385413607
 40
-36.76341701580628
 40
-36.76341701580628
 40
-36.76341701580628
 40
-36.5851349149983
 40
-36.5851349149983
 40
-36.5851349149983
 40
-36.55681706199471
 40
-36.55681706199471
 40
-36.55681706199471
 40
-36.44177567070729
 40
-36.44177567070729
 40
-36.44177567070729
 40
-35.94029396980131
 40
-35.94029396980131
 40
-35.94029396980131
 40
-35.9231961624739
 40
-35.9231961624739
 40
-35.9231961624739
 40
-35.91235496293251
 40
-35.91235496293251
 40
-35.91235496293251
 40
-35.0
 40
-35.0
 40
-35.0
 40
-34.37775207896283
 40
-34.37775207896283
 40
-34.37775207896283
 40
-33.94419998984588
 40
-33.94419998984588
 40
-33.94419998984588
 40
-33.79208518935661
 40
-33.79208518935661
 40
-33.79208518935661
 40
-33.70610824689431
 40
-33.70610824689431
 40
-33.70610824689431
 40
-33.6653955186342
 40
-33.6653955186342
 40
-33.6653955186342
 40
-33.642597304487
 40
-33.642597304487
 40
-33.642597304487
 40
-33.61820263631834
 40
-33.61820263631834
 40
-33.61820263631834
 40
-33.4017645505863
 40
-33.4017645505863
 40
-33.4017645505863
 40
-33.36411411150561
 40
-33.36411411150561
 40
-33.36411411150561
 40
-33.3260176718205
 40
-33.3260176718205
 40
-33.3260176718205
 40
-33.16300883591031
 40
-33.16300883591031
 40
-33.16300883591031
 40
-33.1117620810173
 40
-33.1117620810173
 40
-33.1117620810173
 40
-33.0
 40
-33.0
 40
-33.0
 40
-32.0774435675642
 40
-32.0774435675642
 40
-32.0774435675642
 40
-32.0191075106762
 40
-32.0191075106762
 40
-32.0191075106762
 40
-31.999179645845
 40
-31.999179645845
 40
-31.999179645845
 40
-31.9622300072202
 40
-31.9622300072202
 40
-31.9622300072202
 40
-31.8939556821355
 40
-31.8939556821355
 40
-31.8939556821355
 40
-31.857112024602
 40
-31.857112024602
 40
-31.857112024602
 40
-31.1670410353707
 40
-31.1670410353707
 40
-31.1670410353707
 40
-31.0310582684929
 40
-31.0310582684929
 40
-31.0310582684929
 40
-31.0114981629547
 40
-31.0114981629547
 40
-31.0114981629547
 40
-30.9994022837901
 40
-30.9994022837901
 40
-30.9994022837901
 40
-30.9859542268807
 40
-30.9859542268807
 40
-30.9859542268807
 40
-30.940514864248
 40
-30.940514864248
 40
-30.940514864248
 40
-30.9177951829316
 40
-30.9177951829316
 40
-30.9177951829316
 40
-30.8920804033021
 40
-30.8920804033021
 40
-30.8920804033021
 40
-30.79385886908049
 40
-30.79385886908049
 40
-30.79385886908049
 40
-30.6810691065178
 40
-30.6810691065178
 40
-30.6810691065178
 40
-30.2261843682215
 40
-30.2261843682215
 40
-30.2261843682215
 40
-30.161657875372
 40
-30.161657875372
 40
-30.161657875372
 40
-30.1251398575504
 40
-30.1251398575504
 40
-30.1251398575504
 40
-30.0971313825224
 40
-30.0971313825224
 40
-30.0971313825224
 40
-30.01848146482601
 40
-30.01848146482601
 40
-30.01848146482601
 40
-29.997556660897
 40
-29.997556660897
 40
-29.997556660897
 40
-29.7044681782599
 40
-29.7044681782599
 40
-29.7044681782599
 40
-29.0
 40
-29.0
 40
-29.0
 40
-28.3086568833606
 40
-28.3086568833606
 40
-28.3086568833606
 40
-28.0271626977984
 40
-28.0271626977984
 40
-28.0271626977984
 40
-28.00626123538211
 40
-28.00626123538211
 40
-28.00626123538211
 40
-27.8045495887324
 40
-27.8045495887324
 40
-27.8045495887324
 40
-27.7456685122362
 40
-27.7456685122362
 40
-27.7456685122362
 40
-27.71838358248081
 40
-27.71838358248081
 40
-27.71838358248081
 40
-27.6957240522664
 40
-27.6957240522664
 40
-27.6957240522664
 40
-27.546279733097
 40
-27.546279733097
 40
-27.546279733097
 40
-27.5161774562228
 40
-27.5161774562228
 40
-27.5161774562228
 40
-27.4785188607186
 40
-27.4785188607186
 40
-27.4785188607186
 40
-27.3844604645955
 40
-27.3844604645955
 40
-27.3844604645955
 40
-27.3415054015358
 40
-27.3415054015358
 40
-27.3415054015358
 40
-27.0908999232761
 40
-27.0908999232761
 40
-27.0908999232761
 40
-27.0
 40
-27.0
 40
-27.0
 40
-27.0
 10
90.18057817674209
 20
124.3434336374901
 30
0.0
 10
90.18364757364588
 20
124.3518161510517
 30
0.0
 10
90.18721138972768
 20
124.3618762362635
 30
0.0
 10
90.19124310197128
 20
124.3742220216181
 30
0.0
 10
90.19131723442276
 20
124.3744490277335
 30
0.0
 10
90.19138699165891
 20
124.3746629209078
 30
0.0
 10
90.19145836270158
 20
124.3748820343174
 30
0.0
 10
90.19207781193907
 20
124.3767837808706
 30
0.0
 10
90.19271687447206
 20
124.3787672823461
 30
0.0
 10
90.19335924859987
 20
124.3807863993908
 30
0.0
 10
90.19353894348927
 20
124.3813512182375
 30
0.0
 10
90.19371911104746
 20
124.3819194699393
 30
0.0
 10
90.19389936241678
 20
124.382489993429
 30
0.0
 10
90.19556313407369
 20
124.3877560883022
 30
0.0
 10
90.19725281977541
 20
124.393273978191
 30
0.0
 10
90.19896167144059
 20
124.3990811013419
 30
0.0
 10
90.20058905800159
 20
124.4046113848453
 30
0.0
 10
90.20223353052799
 20
124.4104010107471
 30
0.0
 10
90.20390317487448
 20
124.4165519983231
 30
0.0
 10
90.20489721089061
 20
124.4202140376069
 30
0.0
 10
90.20586049556328
 20
124.4238562830995
 30
0.0
 10
90.20683505487539
 20
124.4276501749643
 30
0.0
 10
90.20850088697079
 20
124.4341351438694
 30
0.0
 10
90.21014507494157
 20
124.4408588794088
 30
0.0
 10
90.21175380243079
 20
124.447853648593
 30
0.0
 10
90.21336222865029
 20
124.454847107853
 30
0.0
 10
90.21489315416898
 20
124.4618963864152
 30
0.0
 10
90.21647448923667
 20
124.4697800734713
 30
0.0
 10
90.21675747415669
 20
124.4711908842457
 30
0.0
 10
90.21700597592019
 20
124.472447526204
 30
0.0
 10
90.2172693565461
 20
124.4737970189814
 30
0.0
 10
90.21755807167028
 20
124.475276319039
 30
0.0
 10
90.21784737236776
 20
124.4767816792519
 30
0.0
 10
90.21813056252687
 20
124.4782792146877
 30
0.0
 10
90.2194645022824
 20
124.4853332099962
 30
0.0
 10
90.22069200813078
 20
124.4923762953148
 30
0.0
 10
90.22176920184989
 20
124.4990816548203
 30
0.0
 10
90.22343391829119
 20
124.509444249789
 30
0.0
 10
90.22468097955309
 20
124.5185767969564
 30
0.0
 10
90.22564272351699
 20
124.526418612738
 30
0.0
 10
90.22571657739797
 20
124.5270207985082
 30
0.0
 10
90.22579573369828
 20
124.5276727442361
 30
0.0
 10
90.22587442456659
 20
124.5283286879574
 30
0.0
 10
90.22608407009679
 20
124.5300762308716
 30
0.0
 10
90.2262905068059
 20
124.5318639507547
 30
0.0
 10
90.22640701108477
 20
124.5328898563744
 30
0.0
 10
90.22645598186448
 20
124.5333210800052
 30
0.0
 10
90.22652560375389
 20
124.5339404529679
 30
0.0
 10
90.22655829113176
 20
124.5342331574001
 30
0.0
 10
90.22656677438519
 20
124.5343091220704
 30
0.0
 10
90.22657832121808
 20
124.5344126822192
 30
0.0
 10
90.2265872805489
 20
124.5344931736136
 30
0.0
 10
90.22659778725317
 20
124.5345875667437
 30
0.0
 10
90.22660987301168
 20
124.5346964056548
 30
0.0
 10
90.22661162564707
 20
124.5347121951872
 30
0.0
 10
90.22661762856769
 20
124.5347662756379
 30
0.0
 10
90.22665051607829
 20
124.5350624506949
 30
0.0
 10
90.2266916369899
 20
124.5354363530449
 30
0.0
 10
90.22671400379108
 20
124.5356397288755
 30
0.0
 10
90.22673880433698
 20
124.535866103976
 30
0.0
 10
90.22676298987969
 20
124.5360878726501
 30
0.0
 10
90.22696018244696
 20
124.5378960245173
 30
0.0
 10
90.22714615138438
 20
124.5396656786325
 30
0.0
 10
90.22731786361338
 20
124.5413557566229
 30
0.0
 10
90.22770587768448
 20
124.5451747859674
 30
0.0
 10
90.22800646238499
 20
124.5484342314788
 30
0.0
 10
90.22823927369229
 20
124.5510875458368
 30
0.0
 10
90.22883711104189
 20
124.5579010053675
 30
0.0
 10
90.22935956131567
 20
124.564885042853
 30
0.0
 10
90.22979139398268
 20
124.5720870025852
 30
0.0
 10
90.23056340241287
 20
124.5849622990883
 30
0.0
 10
90.23102631957588
 20
124.5989005401295
 30
0.0
 10
90.23113918012427
 20
124.6117212939473
 30
0.0
 10
90.23114483180519
 20
124.6123633146503
 30
0.0
 10
90.23115021929109
 20
124.6130915776344
 30
0.0
 10
90.23115317407969
 20
124.6135401430213
 30
0.0
 10
90.23117440106167
 20
124.616762603544
 30
0.0
 10
90.23117780876509
 20
124.6233367932797
 30
0.0
 10
90.23110648628648
 20
124.6289990299832
 30
0.0
 10
90.23109525097487
 20
124.6298909927209
 30
0.0
 10
90.23108268926478
 20
124.6307725194597
 30
0.0
 10
90.23106863990969
 20
124.6316575470017
 30
0.0
 10
90.2309475852941
 20
124.6392832827404
 30
0.0
 10
90.23070430363025
 20
124.6474933376759
 30
0.0
 10
90.23033280711761
 20
124.6557146708981
 30
0.0
 10
90.23012561604929
 20
124.6602998736012
 30
0.0
 10
90.22987969031069
 20
124.664888605216
 30
0.0
 10
90.22960419043299
 20
124.66936825191
 30
0.0
 10
90.22950714429837
 20
124.670946228638
 30
0.0
 10
90.2293975590595
 20
124.6726427270739
 30
0.0
 10
90.22930618217319
 20
124.6740068748209
 30
0.0
 10
90.22915283748469
 20
124.6762961278199
 30
0.0
 10
90.22896232355799
 20
124.6789904370549
 30
0.0
 10
90.2287491157856
 20
124.6817901107526
 30
0.0
 10
90.22731688234889
 20
124.7005970530981
 30
0.0
 10
90.22505043860467
 20
124.720588059924
 30
0.0
 10
90.22292072671318
 20
124.735938459784
 30
0.0
 10
90.22285663746528
 20
124.7364003981275
 30
0.0
 10
90.22279525546739
 20
124.7368401336599
 30
0.0
 10
90.22274009598968
 20
124.7372335465074
 30
0.0
 10
90.22271818468627
 20
124.7373898240622
 30
0.0
 10
90.2226972688585
 20
124.7375387090899
 30
0.0
 10
90.22267701690038
 20
124.7376826296273
 30
0.0
 10
90.22264751785987
 20
124.7378922645552
 30
0.0
 10
90.22260469571026
 20
124.7381955315281
 30
0.0
 10
90.22259773619637
 20
124.7382447666321
 30
0.0
 10
90.2225835588219
 20
124.7383450645144
 30
0.0
 10
90.22250739919028
 20
124.7388842024785
 30
0.0
 10
90.22240683666188
 20
124.7395880475729
 30
0.0
 10
90.22188901282168
 20
124.7432123376069
 30
0.0
 10
90.22108262649069
 20
124.7486098523478
 30
0.0
 10
90.22038888651199
 20
124.7529995264803
 30
0.0
 10
90.21906173905069
 20
124.7613971178826
 30
0.0
 10
90.2174548283644
 20
124.7706595131142
 30
0.0
 10
90.21603734464477
 20
124.7782650260508
 30
0.0
 10
90.20794849818859
 20
124.8216657547553
 30
0.0
 10
90.1961071037509
 20
124.8664610803977
 30
0.0
 10
90.18514911356808
 20
124.9018166529224
 30
0.0
 10
90.18436757137308
 20
124.9043382715128
 30
0.0
 10
90.18325247751988
 20
124.9078829798887
 30
0.0
 10
90.182941094229
 20
124.9088671157551
 30
0.0
 10
90.18238707538239
 20
124.9106181082887
 30
0.0
 10
90.1801386305539
 20
124.917665489524
 30
0.0
 10
90.17814852826948
 20
124.923703559674
 30
0.0
 10
90.17787480510037
 20
124.9245340494982
 30
0.0
 10
90.17760237087419
 20
124.9253579201109
 30
0.0
 10
90.17732443555638
 20
124.9261956456896
 30
0.0
 10
90.17651058106839
 20
124.928648686661
 30
0.0
 10
90.17566284268326
 20
124.9311795962227
 30
0.0
 10
90.1748064506971
 20
124.9337111145452
 30
0.0
 10
90.1743244219401
 20
124.9351360048405
 30
0.0
 10
90.17383959026039
 20
124.9365613795599
 30
0.0
 10
90.17335653377207
 20
124.9379740366558
 30
0.0
 10
90.17297921608777
 20
124.9390774697265
 30
0.0
 10
90.17260393812319
 20
124.9401703811154
 30
0.0
 10
90.17222999495578
 20
124.9412550802642
 30
0.0
 10
90.16938631503348
 20
124.9495037593692
 30
0.0
 10
90.1662899464738
 20
124.9582310509222
 30
0.0
 10
90.16296941533298
 20
124.9672959742317
 30
0.0
 10
90.16107204355519
 20
124.9724757267854
 30
0.0
 10
90.15913416735378
 20
124.9776803607627
 30
0.0
 10
90.15705491660339
 20
124.983167968701
 30
0.0
 10
90.15569444114698
 20
124.9867585678209
 30
0.0
 10
90.1542488062201
 20
124.9905377136192
 30
0.0
 10
90.15254502988478
 20
124.9949293601294
 30
0.0
 10
90.15229568213639
 20
124.9955720778069
 30
0.0
 10
90.15203421766759
 20
124.9962447503114
 30
0.0
 10
90.15177980738698
 20
124.9968980025964
 30
0.0
 10
90.15133215076199
 20
124.9980474558045
 30
0.0
 10
90.15119122821488
 20
124.9984082636694
 30
0.0
 10
90.15076163606588
 20
124.9995058320589
 30
0.0
 10
90.14912947269658
 20
125.003675859199
 30
0.0
 10
90.1482704050581
 20
125.0058382127055
 30
0.0
 10
90.14730129923487
 20
125.0082738915316
 30
0.0
 10
90.14699495352298
 20
125.0090438381629
 30
0.0
 10
90.14667150371568
 20
125.0098552829392
 30
0.0
 10
90.14629653982471
 20
125.0107933612399
 30
0.0
 10
90.13794637350599
 20
125.0316836656616
 30
0.0
 10
90.12831374236379
 20
125.0542835124529
 30
0.0
 10
90.12210392915667
 20
125.068445566946
 30
0.0
 10
90.11826062767879
 20
125.077210572132
 30
0.0
 10
90.11500017602168
 20
125.0844977927263
 30
0.0
 10
90.11198238965496
 20
125.091175275757
 30
0.0
 10
90.10608193395018
 20
125.1042312671541
 30
0.0
 10
90.10112449044788
 20
125.1149726768613
 30
0.0
 10
90.09421002487076
 20
125.1296192390627
 30
0.0
 10
90.09378854062569
 20
125.1305120477901
 30
0.0
 10
90.09336071143158
 20
125.1314171011044
 30
0.0
 10
90.09291669183809
 20
125.1323550559884
 30
0.0
 10
90.09181682725838
 20
125.1346784294824
 30
0.0
 10
90.09063015636238
 20
125.1371758899752
 30
0.0
 10
90.08960595558898
 20
125.1393247293004
 30
0.0
 10
90.08858175481561
 20
125.1414735686255
 30
0.0
 10
90.08763818103529
 20
125.1434456301063
 30
0.0
 10
90.08716777885608
 20
125.1444278326044
 30
0.0
 10
90.08708029239537
 20
125.1446105048454
 30
0.0
 10
90.08699175303277
 20
125.1447953137666
 30
0.0
 10
90.08697281781758
 20
125.1448348357222
 30
0.0
 10
90.08694219153799
 20
125.1448987594987
 30
0.0
 10
90.08659952736048
 20
125.1456140842916
 30
0.0
 10
90.08615733534709
 20
125.1465355944433
 30
0.0
 10
90.08303369380659
 20
125.1530451362309
 30
0.0
 10
90.07733376934467
 20
125.164806530555
 30
0.0
 10
90.07301851027248
 20
125.1735976079784
 30
0.0
 10
90.06875250286109
 20
125.1822883495572
 30
0.0
 10
90.0641675772832
 20
125.1915370420448
 30
0.0
 10
90.05965404555226
 20
125.2005637592924
 30
0.0
 10
90.05932631524339
 20
125.2012191947714
 30
0.0
 10
90.0589989691284
 20
125.201873470278
 30
0.0
 10
90.05867216003588
 20
125.2025262917959
 30
0.0
 10
90.05852883403679
 20
125.2028125944064
 30
0.0
 10
90.05838789723398
 20
125.2030940541966
 30
0.0
 10
90.05824037464419
 20
125.2033885889231
 30
0.0
 10
90.05805880515518
 20
125.2037510996401
 30
0.0
 10
90.0578623972204
 20
125.2041431499557
 30
0.0
 10
90.05759708634
 20
125.204672454279
 30
0.0
 10
90.05592970321407
 20
125.2079989409114
 30
0.0
 10
90.05407771296697
 20
125.2116812298075
 30
0.0
 10
90.05224601752658
 20
125.2153105528616
 30
0.0
 10
90.02849248196609
 20
125.2623758303758
 30
0.0
 10
90.0242277603999
 20
125.270162824454
 30
0.0
 10
90.0123804576123
 20
125.2931875129806
 30
0.0
 10
90.01085293639489
 20
125.2961561802695
 30
0.0
 10
90.0092009819822
 20
125.2993687540316
 30
0.0
 10
90.00852662518397
 20
125.3006806213953
 30
0.0
 10
90.0081436159434
 20
125.3014257126052
 30
0.0
 10
90.00749010157326
 20
125.3026973642015
 30
0.0
 10
90.00727892176428
 20
125.3031083596192
 30
0.0
 10
90.00716350703838
 20
125.3033329782687
 30
0.0
 10
90.00693653085628
 20
125.3037747563448
 30
0.0
 10
90.00686820239698
 20
125.3039077564261
 30
0.0
 10
90.0068276163374
 20
125.3039867564399
 30
0.0
 10
90.0067401616214
 20
125.304156991203
 30
0.0
 10
90.00671506531807
 20
125.3042058435191
 30
0.0
 10
90.00668947863719
 20
125.3042556504014
 30
0.0
 10
90.00666935995846
 20
125.3042948127037
 30
0.0
 10
90.00660868433417
 20
125.3044129283188
 30
0.0
 10
90.00635805478358
 20
125.3049008221615
 30
0.0
 10
90.0001608190438
 20
125.3169773760567
 30
0.0
 10
89.9983677446707
 20
125.3204667068569
 30
0.0
 10
89.95345414361791
 20
125.4078687766579
 30
0.0
 10
89.90740347715769
 20
125.4947104260117
 30
0.0
 10
89.86647399955828
 20
125.5705988877862
 30
0.0
 10
89.86226049701938
 20
125.5784112578705
 30
0.0
 10
89.85810169079178
 20
125.5861077913186
 30
0.0
 10
89.85400462287648
 20
125.5936772805185
 30
0.0
 10
89.85345247860278
 20
125.5946973881179
 30
0.0
 10
89.85290099839597
 20
125.5957160348083
 30
0.0
 10
89.85234421255327
 20
125.5967442429289
 30
0.0
 10
89.84992202153348
 20
125.6012172669983
 30
0.0
 10
89.84641271935776
 20
125.6076890208297
 30
0.0
 10
89.84573707222068
 20
125.6089344727355
 30
0.0
 10
89.84467796292168
 20
125.6108867783434
 30
0.0
 10
89.83935829297076
 20
125.6206877002904
 30
0.0
 10
89.83452488646568
 20
125.6295659334108
 30
0.0
 10
89.83221232691617
 20
125.6338137538174
 30
0.0
 10
89.82976026220288
 20
125.6383129767916
 30
0.0
 10
89.82733035045427
 20
125.6427662941515
 30
0.0
 10
89.82637004610737
 20
125.6445262510804
 30
0.0
 10
89.82541321403809
 20
125.6462790450094
 30
0.0
 10
89.82446988105186
 20
125.648006351417
 30
0.0
 10
89.79457603215157
 20
125.7027440076884
 30
0.0
 10
89.76529066528479
 20
125.7554933467792
 30
0.0
 10
89.74480082393219
 20
125.79210421791
 30
0.0
 10
89.74442082146177
 20
125.7927831993249
 30
0.0
 10
89.74403941606075
 20
125.7934645716605
 30
0.0
 10
89.74365138756857
 20
125.7941576532194
 30
0.0
 10
89.74210708911767
 20
125.7969160196774
 30
0.0
 10
89.74049420957328
 20
125.7997947340792
 30
0.0
 10
89.73908156216509
 20
125.8023144752519
 30
0.0
 10
89.73747757876248
 20
125.8051755027071
 30
0.0
 10
89.73559644644717
 20
125.808527625721
 30
0.0
 10
89.73544895257559
 20
125.8087904231684
 30
0.0
 10
89.73519055635469
 20
125.8092508210585
 30
0.0
 10
89.72817130587669
 20
125.8217502086599
 30
0.0
 10
89.72304214929698
 20
125.8308551339975
 30
0.0
 10
89.72270204505159
 20
125.8314588636191
 30
0.0
 10
89.72236537545359
 20
125.8320564046188
 30
0.0
 10
89.72202938140858
 20
125.8326526573902
 30
0.0
 10
89.71998189255188
 20
125.8362861173387
 30
0.0
 10
89.71787502282959
 20
125.840021507636
 30
0.0
 10
89.71580777703611
 20
125.8436832157698
 30
0.0
 10
89.70428266510339
 20
125.8640976223405
 30
0.0
 10
89.69412169067508
 20
125.8819912824634
 30
0.0
 10
89.68551907295099
 20
125.8970928523032
 30
0.0
 10
89.68441973677617
 20
125.8990226953525
 30
0.0
 10
89.68335924760248
 20
125.9008834041435
 30
0.0
 10
89.68234406590779
 20
125.9026638518602
 30
0.0
 10
89.68201206411526
 20
125.9032461238186
 30
0.0
 10
89.68168469748428
 20
125.903820182567
 30
0.0
 10
89.6813539601541
 20
125.9044000679405
 30
0.0
 10
89.68058203901268
 20
125.9057534857091
 30
0.0
 10
89.67969165551826
 20
125.9073139414161
 30
0.0
 10
89.67925599563306
 20
125.9080773176181
 30
0.0
 10
89.67687234280887
 20
125.912254024957
 30
0.0
 10
89.67394163515976
 20
125.9173862648434
 30
0.0
 10
89.66987715501696
 20
125.9244886013441
 30
0.0
 10
89.65664137458617
 20
125.9476170121534
 30
0.0
 10
89.6442766054297
 20
125.9690623566314
 30
0.0
 10
89.6395465295156
 20
125.9772551353705
 30
0.0
 10
89.63926879685198
 20
125.9777361852105
 30
0.0
 10
89.6388612747349
 20
125.9784419283817
 30
0.0
 10
89.63868567254639
 20
125.9787460063271
 30
0.0
 10
89.63862655887528
 20
125.9788483693091
 30
0.0
 10
89.6385391289964
 20
125.9789997604906
 30
0.0
 10
89.63849954755948
 20
125.9790682971895
 30
0.0
 10
89.6384709489463
 20
125.9791178167294
 30
0.0
 10
89.6384489160374
 20
125.9791559670017
 30
0.0
 10
89.63842612095518
 20
125.9791954366785
 30
0.0
 10
89.63834372241098
 20
125.9793381097289
 30
0.0
 10
89.63692060436448
 20
125.981801867426
 30
0.0
 10
89.63603327814238
 20
125.9833372100928
 30
0.0
 10
89.63589233761377
 20
125.9835810798237
 30
0.0
 10
89.63575619080788
 20
125.9838166406018
 30
0.0
 10
89.6356172910337
 20
125.9840569503418
 30
0.0
 10
89.63505301014468
 20
125.9850332096233
 30
0.0
 10
89.63447585634767
 20
125.986031485705
 30
0.0
 10
89.63394328038527
 20
125.9869524474382
 30
0.0
 10
89.63162170641547
 20
125.9909670499329
 30
0.0
 10
89.62984399990899
 20
125.9940373617904
 30
0.0
 10
89.6286006926101
 20
125.9961840533505
 30
0.0
 10
89.62855830257149
 20
125.9962572438948
 30
0.0
 10
89.62851985579476
 20
125.9963236246364
 30
0.0
 10
89.628488142893
 20
125.9963783782845
 30
0.0
 10
89.62846803470659
 20
125.9964130959073
 30
0.0
 10
89.6284470769638
 20
125.9964492799211
 30
0.0
 10
89.62843905157058
 20
125.9964631359011
 30
0.0
 10
89.62802751425996
 20
125.9971736621838
 30
0.0
 10
89.62420930284357
 20
126.0037622719292
 30
0.0
 10
89.62236228507268
 20
126.0069456112892
 30
0.0
 10
89.5723945831256
 20
126.0930650600932
 30
0.0
 10
89.52321080986758
 20
126.1758092447383
 30
0.0
 10
89.4837464290984
 20
126.2412220860813
 30
0.0
 10
89.45624956787989
 20
126.2867985726561
 30
0.0
 10
89.43757266599209
 20
126.3173652890059
 30
0.0
 10
89.41688912307009
 20
126.3510236705947
 30
0.0
 10
89.40963215652798
 20
126.3628329505606
 30
0.0
 10
89.40216555623297
 20
126.3749377129473
 30
0.0
 10
89.39884665102949
 20
126.3803120630316
 30
0.0
 10
89.39697076965037
 20
126.3833497042505
 30
0.0
 10
89.3931203571679
 20
126.3895778450223
 30
0.0
 10
89.39188549448019
 20
126.3915736920702
 30
0.0
 10
89.3913007489939
 20
126.3925187870711
 30
0.0
 10
89.38984865963178
 20
126.3948648445865
 30
0.0
 10
89.38948482643477
 20
126.3954525064584
 30
0.0
 10
89.38928108800968
 20
126.3957815839181
 30
0.0
 10
89.38865867146928
 20
126.3967867619319
 30
0.0
 10
89.38853843080408
 20
126.3969809242184
 30
0.0
 10
89.38840977023838
 20
126.3971886827963
 30
0.0
 10
89.38832219930427
 20
126.3973301745267
 30
0.0
 10
89.38766698994028
 20
126.3983879433988
 30
0.0
 10
89.38744580828268
 20
126.398745018687
 30
0.0
 10
89.38516773162158
 20
126.4024214053827
 30
0.0
 10
89.38397470050018
 20
126.4043449518051
 30
0.0
 10
89.38376716703677
 20
126.4046795618953
 30
0.0
 10
89.38356469633077
 20
126.4050059717542
 30
0.0
 10
89.3833713955566
 20
126.4053175672272
 30
0.0
 10
89.38317580497487
 20
126.4056328538063
 30
0.0
 10
89.38298915261638
 20
126.4059337002608
 30
0.0
 10
89.38280167167476
 20
126.4062358526464
 30
0.0
 10
89.38199946941367
 20
126.4075287164687
 30
0.0
 10
89.38123668530739
 20
126.4087574520362
 30
0.0
 10
89.38062001356099
 20
126.4097505203277
 30
0.0
 10
89.38042614415707
 20
126.410062721363
 30
0.0
 10
89.38024854907949
 20
126.4103486830581
 30
0.0
 10
89.38007351108467
 20
126.4106305019942
 30
0.0
 10
89.37969177743928
 20
126.4112451100964
 30
0.0
 10
89.3793350514629
 20
126.4118193236789
 30
0.0
 10
89.37901298718211
 20
126.4123376579107
 30
0.0
 10
89.30277294193137
 20
126.5350393284548
 30
0.0
 10
89.22919542509328
 20
126.6490860083144
 30
0.0
 10
89.16485375200839
 20
126.7466662978719
 30
0.0
 10
89.16078523178629
 20
126.7528365971866
 30
0.0
 10
89.15675279096467
 20
126.7589427582584
 30
0.0
 10
89.15275773494199
 20
126.7649834657737
 30
0.0
 10
89.15139300546488
 20
126.7670469991915
 30
0.0
 10
89.15003403824689
 20
126.7691007805325
 30
0.0
 10
89.14867626566149
 20
126.7711517348507
 30
0.0
 10
89.14615872518277
 20
126.7749545517373
 30
0.0
 10
89.14343225247097
 20
126.7790686331982
 30
0.0
 10
89.14141198970638
 20
126.7821148885827
 30
0.0
 10
89.13767901471997
 20
126.7877436589347
 30
0.0
 10
89.13493948421239
 20
126.7918698499824
 30
0.0
 10
89.13076474637676
 20
126.7981480030494
 30
0.0
 10
89.12851188469089
 20
126.8015359548344
 30
0.0
 10
89.12624006203026
 20
126.8049495361757
 30
0.0
 10
89.12398111617509
 20
126.8083408977711
 30
0.0
 10
89.08167171734447
 20
126.8718601140381
 30
0.0
 10
89.0392452110936
 20
126.9344428931621
 30
0.0
 10
89.00485415423199
 20
126.9846046225829
 30
0.0
 10
88.99807718325238
 20
126.9944893023687
 30
0.0
 10
88.9916630351866
 20
127.0038210737481
 30
0.0
 10
88.9857005600721
 20
127.0124789333939
 30
0.0
 10
88.98484290255268
 20
127.0137243018496
 30
0.0
 10
88.98399458352926
 20
127.014955738326
 30
0.0
 10
88.98315586086047
 20
127.0161728936778
 30
0.0
 10
88.9826371986255
 20
127.0169255769407
 30
0.0
 10
88.98212354133219
 20
127.0176708620811
 30
0.0
 10
88.9816105465722
 20
127.0184150542825
 30
0.0
 10
88.98104020500108
 20
127.0192424384633
 30
0.0
 10
88.98046519684497
 20
127.020076428851
 30
0.0
 10
88.97988381555398
 20
127.0209194912808
 30
0.0
 10
88.97791939827877
 20
127.0237680975684
 30
0.0
 10
88.97590775034737
 20
127.0266830951815
 30
0.0
 10
88.97409344093858
 20
127.0293105165755
 30
0.0
 10
88.97318628623418
 20
127.0306242272726
 30
0.0
 10
88.97232840034011
 20
127.0318661701537
 30
0.0
 10
88.97155002501619
 20
127.032992727457
 30
0.0
 10
88.9706690377505
 20
127.0342677969614
 30
0.0
 10
88.96964857871338
 20
127.0357441444421
 30
0.0
 10
88.96931086739746
 20
127.0362326690857
 30
0.0
 10
88.96802092736889
 20
127.0380986636884
 30
0.0
 10
88.96471911002761
 20
127.0428734608812
 30
0.0
 10
88.96126270554987
 20
127.0478641557821
 30
0.0
 10
88.95729364679477
 20
127.0535950710784
 30
0.0
 10
88.95326546215798
 20
127.0594035201764
 30
0.0
 10
88.94917686320459
 20
127.0652907057655
 30
0.0
 10
88.93268741218818
 20
127.0890339145033
 30
0.0
 10
88.91654998777728
 20
127.1121449153874
 30
0.0
 10
88.89908530941909
 20
127.1370091835402
 30
0.0
 10
88.89660790284048
 20
127.1405362397066
 30
0.0
 10
88.89412769706467
 20
127.144064350873
 30
0.0
 10
88.89165061944988
 20
127.1475851039312
 30
0.0
 10
88.8902487461962
 20
127.1495776331583
 30
0.0
 10
88.88889265585277
 20
127.1515042353652
 30
0.0
 10
88.8874098681444
 20
127.1536097882232
 30
0.0
 10
88.8862726042681
 20
127.1552246985649
 30
0.0
 10
88.8850304372209
 20
127.1569880555644
 30
0.0
 10
88.88348456843948
 20
127.1591812764607
 30
0.0
 10
88.87914365190269
 20
127.1653400067314
 30
0.0
 10
88.8743341017302
 20
127.1721544810865
 30
0.0
 10
88.86917118404358
 20
127.1794558998394
 30
0.0
 10
88.86779759023127
 20
127.181398441679
 30
0.0
 10
88.86642545841917
 20
127.1833380135762
 30
0.0
 10
88.86506628899047
 20
127.1852583895791
 30
0.0
 10
88.84602874355527
 20
127.2121566147989
 30
0.0
 10
88.83199478167359
 20
127.2318343481431
 30
0.0
 10
88.82036543166448
 20
127.248103661998
 30
0.0
 10
88.79241309815228
 20
127.2872086237141
 30
0.0
 10
88.77772609043701
 20
127.3076040322018
 30
0.0
 10
88.74838625751028
 20
127.3480271602426
 30
0.0
 10
88.71959305979997
 20
127.3876971583866
 30
0.0
 10
88.69270594634988
 20
127.4243618935323
 30
0.0
 10
88.67262742737878
 20
127.4516048042944
 30
0.0
 10
88.66445205655498
 20
127.4626973006146
 30
0.0
 10
88.65737335907619
 20
127.4722750904461
 30
0.0
 10
88.65162884748889
 20
127.4800373872127
 30
0.0
 10
88.65120230690939
 20
127.480613752063
 30
0.0
 10
88.65078311375128
 20
127.4811801174029
 30
0.0
 10
88.65037136254148
 20
127.4817363629315
 30
0.0
 10
88.64639771644439
 20
127.4871044658548
 30
0.0
 10
88.64088038246368
 20
127.494547253082
 30
0.0
 10
88.63814287399677
 20
127.4982367863689
 30
0.0
 10
88.6373437756397
 20
127.4993137875997
 30
0.0
 10
88.63603036071348
 20
127.5010834269872
 30
0.0
 10
88.63557636401319
 20
127.5016950137156
 30
0.0
 10
88.63536598626859
 20
127.5019784171775
 30
0.0
 10
88.63493293956267
 20
127.5025617316198
 30
0.0
 10
88.63479669349571
 20
127.5027452440749
 30
0.0
 10
88.63468354415289
 20
127.5028976471068
 30
0.0
 10
88.63445388032678
 20
127.5032069712083
 30
0.0
 10
88.63440055296825
 20
127.5032787935019
 30
0.0
 10
88.63404884793679
 20
127.5037524764807
 30
0.0
 10
88.63265078936558
 20
127.5056351382454
 30
0.0
 10
88.63166918971268
 20
127.5069564848394
 30
0.0
 10
88.63147146801466
 20
127.507222641099
 30
0.0
 10
88.63128273734629
 20
127.5074766796221
 30
0.0
 10
88.63109686104577
 20
127.5077268632358
 30
0.0
 10
88.63086432579809
 20
127.5080398483149
 30
0.0
 10
88.63064246780178
 20
127.5083384412849
 30
0.0
 10
88.63043215775945
 20
127.5086214759916
 30
0.0
 10
88.62990687461996
 20
127.5093284006711
 30
0.0
 10
88.62940450774686
 20
127.5100043747261
 30
0.0
 10
88.62895677742489
 20
127.5106067593076
 30
0.0
 10
88.62875230568159
 20
127.5108818593386
 30
0.0
 10
88.62855892763397
 20
127.5111420183138
 30
0.0
 10
88.62836303963197
 20
127.511405539767
 30
0.0
 10
88.62722020330648
 20
127.5129429585275
 30
0.0
 10
88.62610763966058
 20
127.5144391185432
 30
0.0
 10
88.62514607794617
 20
127.5157318820955
 30
0.0
 10
88.62479729911397
 20
127.5162007948604
 30
0.0
 10
88.6244682017759
 20
127.5166432000386
 30
0.0
 10
88.62416429517708
 20
127.5170517084025
 30
0.0
  0
SPLINE
  5
1083
330
1F
100
AcDbEntity
  8
0
100
AcDbSpline
210
0.0
220
0.0
230
1.0
 70
     8
 71
     3
 72
    11
 73
     7
 74
     0
 42
0.000000001
 43
0.0000000001
 40
-27.0
 40
-27.0
 40
-27.0
 40
-27.0
 40
-26.0
 40
-26.0
 40
-26.0
 40
-25.0
 40
-25.0
 40
-25.0
 40
-25.0
 10
88.62416429517708
 20
127.5170517084025
 30
0.0
 10
88.6387330996852
 20
127.516302532047
 30
0.0
 10
88.68833927701547
 20
127.5139479777856
 30
0.0
 10
88.69850667042838
 20
127.5139479777853
 30
0.0
 10
88.96936067966748
 20
127.5139479777982
 30
0.0
 10
89.16367829717367
 20
127.7102321832573
 30
0.0
 10
89.17095601034029
 20
127.9912803422074
 30
0.0
  0
SPLINE
  5
1084
330
1F
100
AcDbEntity
  8
0
100
AcDbSpline
210
0.0
220
0.0
230
1.0
 70
     8
 71
     3
 72
     8
 73
     4
 74
     0
 42
0.000000001
 43
0.0000000001
 40
-25.0
 40
-25.0
 40
-25.0
 40
-25.0
 40
-24.0
 40
-24.0
 40
-24.0
 40
-24.0
 10
89.17095601034029
 20
127.9912803422074
 30
0.0
 10
89.17768521938887
 20
128.2497461852633
 30
0.0
 10
89.01127442114839
 20
128.5206269507943
 30
0.0
 10
88.68023211853786
 20
128.5379650321764
 30
0.0
  0
SPLINE
  5
1085
330
1F
100
AcDbEntity
  8
0
100
AcDbSpline
210
0.0
220
0.0
230
1.0
 70
     8
 71
     3
 72
    11
 73
     7
 74
     0
 42
0.000000001
 43
0.0000000001
 40
-24.0
 40
-24.0
 40
-24.0
 40
-24.0
 40
-23.0
 40
-23.0
 40
-23.0
 40
-22.0
 40
-22.0
 40
-22.0
 40
-22.0
 10
88.68023211853786
 20
128.5379650321764
 30
0.0
 10
88.55929364953027
 20
128.5442795186062
 30
0.0
 10
88.43740533192699
 20
128.5473832492217
 30
0.0
 10
88.31799197193197
 20
128.5473832492147
 30
0.0
 10
88.07172700097098
 20
128.547383249204
 30
0.0
 10
87.83138855011817
 20
128.5343261755484
 30
0.0
 10
87.5834780668036
 20
128.5076769022781
 30
0.0
  0
ELLIPSE
  5
1086
330
1F
100
AcDbEntity
  8
0
100
AcDbEllipse
 10
87.74616537000397
 20
127.8951855595996
 30
0.0
 11
0.5723022818485372
 21
-0.3727347710131221
 31
0.0
210
0.0
220
0.0
230
-1.0
 40
0.8575080322238013
 41
2.973582783832666
 42
3.952246790375716
  0
ELLIPSE
  5
1087
330
1F
100
AcDbEntity
  8
0
100
AcDbEllipse
 10
87.75695535214268
 20
127.9644375233157
 30
0.0
 11
0.656179190095055
 21
-0.1210524230138439
 31
0.0
210
0.0
220
0.0
230
-1.0
 40
0.8572081303153687
 41
2.336425712959823
 42
3.314780564236178
  0
ELLIPSE
  5
1088
330
1F
100
AcDbEntity
  8
0
100
AcDbEllipse
 10
84.8471006361307
 20
125.7296397526183
 30
0.0
 11
-4.488666313234433
 21
5.302212922407945
 31
0.0
210
0.0
220
0.0
230
-1.0
 40
0.4394768221094111
 41
1.581994632750633
 42
1.857529618047012
  0
ARC
  5
1089
330
1F
100
AcDbEntity
  8
0
100
AcDbCircle
 10
75.30959956819458
 20
117.6897179530854
 30
0.0
 40
15.53067095930259
100
AcDbArc
 50
30.07319086354463
 51
32.88510923599558
  0
SPLINE
  5
1090
330
1F
100
AcDbEntity
  8
0
100
AcDbSpline
210
0.0
220
0.0
230
1.0
 70
     8
 71
     3
 72
     8
 73
     4
 74
     0
 42
0.000000001
 43
0.0000000001
 40
-18.0
 40
-18.0
 40
-18.0
 40
-18.0
 40
-17.0
 40
-17.0
 40
-17.0
 40
-17.0
 10
88.74962457871498
 20
125.4722283554375
 30
0.0
 10
86.7901538177689
 20
126.3698486558486
 30
0.0
 10
84.77722397250929
 20
127.4042471539501
 30
0.0
 10
83.18547839931696
 20
129.0341338304387
 30
0.0
  0
SPLINE
  5
1091
330
1F
100
AcDbEntity
  8
0
100
AcDbSpline
210
0.0
220
0.0
230
1.0
 70
     8
 71
     3
 72
    74
 73
    70
 74
     0
 42
0.000000001
 43
0.0000000001
 40
-0.160105877504392
 40
-0.160105877504392
 40
-0.160105877504392
 40
-0.160105877504392
 40
-0.1501248219724087
 40
-0.1501248219724087
 40
-0.1501248219724087
 40
-0.1401977759935774
 40
-0.1401977759935774
 40
-0.1401977759935774
 40
-0.132217018270934
 40
-0.132217018270934
 40
-0.132217018270934
 40
-0.130086025472318
 40
-0.130086025472318
 40
-0.130086025472318
 40
-0.1224364657495375
 40
-0.1224364657495375
 40
-0.1224364657495375
 40
-0.120034301910412
 40
-0.120034301910412
 40
-0.120034301910412
 40
-0.119082089501499
 40
-0.119082089501499
 40
-0.119082089501499
 40
-0.117741715423817
 40
-0.117741715423817
 40
-0.117741715423817
 40
-0.1102351243892476
 40
-0.1102351243892476
 40
-0.1102351243892476
 40
-0.0991363939540402
 40
-0.0991363939540402
 40
-0.0991363939540402
 40
-0.0903473266598043
 40
-0.0903473266598043
 40
-0.0903473266598043
 40
-0.0796368077301559
 40
-0.0796368077301559
 40
-0.0796368077301559
 40
-0.0704678043699997
 40
-0.0704678043699997
 40
-0.0704678043699997
 40
-0.0600396698980663
 40
-0.0600396698980663
 40
-0.0600396698980663
 40
-0.0569970862538636
 40
-0.0569970862538636
 40
-0.0569970862538636
 40
-0.0501085086488857
 40
-0.0501085086488857
 40
-0.0501085086488857
 40
-0.0452010100320377
 40
-0.0452010100320377
 40
-0.0452010100320377
 40
-0.0408106787084449
 40
-0.0408106787084449
 40
-0.0408106787084449
 40
-0.0332070962596467
 40
-0.0332070962596467
 40
-0.0332070962596467
 40
-0.030088529744842
 40
-0.030088529744842
 40
-0.030088529744842
 40
-0.0200569277690252
 40
-0.0200569277690252
 40
-0.0200569277690252
 40
-0.0100280708978713
 40
-0.0100280708978713
 40
-0.0100280708978713
 40
0.0
 40
0.0
 40
0.0
 40
0.0
 10
82.35889607121876
 20
128.8596827644881
 30
0.0
 10
82.37299183015478
 20
128.8921764783138
 30
0.0
 10
82.38852017993108
 20
128.9198706128147
 30
0.0
 10
82.4049822602301
 20
128.9448737298292
 30
0.0
 10
82.42157524785838
 20
128.9700756729428
 30
0.0
 10
82.43831514347409
 20
128.9914620280051
 30
0.0
 10
82.45701048901798
 20
129.0122072914363
 30
0.0
 10
82.47292921084389
 20
129.0298714783354
 30
0.0
 10
82.48823847339549
 20
129.044845080117
 30
0.0
 10
82.50509828706967
 20
129.059523282747
 30
0.0
 10
82.5096001329814
 20
129.0634426028402
 30
0.0
 10
82.51420755175898
 20
129.0673272676723
 30
0.0
 10
82.51896561748258
 20
129.0712086327532
 30
0.0
 10
82.5635848012916
 20
129.1076064784413
 30
0.0
 10
82.62242182946499
 20
129.1426417631919
 30
0.0
 10
82.67406974568988
 20
129.1606803708445
 30
0.0
 10
82.69028855581977
 20
129.1663449701915
 30
0.0
 10
82.70483256172978
 20
129.1704537397156
 30
0.0
 10
82.71720290224237
 20
129.1735508336358
 30
0.0
 10
82.7221064777383
 20
129.1747785147849
 30
0.0
 10
82.72841665487209
 20
129.1762862810441
 30
0.0
 10
82.73609576101828
 20
129.1779154504448
 30
0.0
 10
82.74690519252928
 20
129.1802087375438
 30
0.0
 10
82.75118549387698
 20
129.1810085435884
 30
0.0
 10
82.76224700166849
 20
129.1828202694012
 30
0.0
 10
82.76633612910027
 20
129.1834900133331
 30
0.0
 10
82.77877367831848
 20
129.1852743161431
 30
0.0
 10
82.78517507123325
 20
129.1860038493404
 30
0.0
 10
82.79555367863199
 20
129.1871866448256
 30
0.0
 10
82.80270079798098
 20
129.187687948412
 30
0.0
 10
82.80694363608708
 20
129.1879714014652
 30
0.0
 10
82.80887213691688
 20
129.1881002396231
 30
0.0
 10
82.81445570778599
 20
129.1884370957929
 30
0.0
 10
82.81925438713498
 20
129.1886295535896
 30
0.0
 10
82.82606500091137
 20
129.1889027028543
 30
0.0
 10
82.82938927610841
 20
129.188998039523
 30
0.0
 10
82.83756919869707
 20
129.1889992780024
 30
0.0
 10
82.84457182277108
 20
129.1890003382332
 30
0.0
 10
82.84770221183999
 20
129.1889157632541
 30
0.0
 10
82.85250980625997
 20
129.1887611034397
 30
0.0
 10
82.85931178633125
 20
129.1885422844446
 30
0.0
 10
82.86290448686978
 20
129.1883389925102
 30
0.0
 10
82.8681580504101
 20
129.1879894602255
 30
0.0
 10
82.87437148388496
 20
129.1875760654731
 30
0.0
 10
82.88051179958427
 20
129.1870399562671
 30
0.0
 10
82.88658200647438
 20
129.186386811553
 30
0.0
 10
82.90032529051538
 20
129.1849080558056
 30
0.0
 10
82.91349322085208
 20
129.1828856533232
 30
0.0
 10
82.92717033257678
 20
129.1801338790923
 30
0.0
 10
82.93741356020666
 20
129.1780729871143
 30
0.0
 10
82.94666701514648
 20
129.1758635480015
 30
0.0
 10
82.95590207287359
 20
129.1733655240163
 30
0.0
 10
82.9641639118226
 20
129.1711307494792
 30
0.0
 10
82.97223332847687
 20
129.1686996367491
 30
0.0
 10
82.9803305901961
 20
129.1660118966167
 30
0.0
 10
82.99435417806526
 20
129.1613570192985
 30
0.0
 10
83.00827532042768
 20
129.1559691393257
 30
0.0
 10
83.02174396068938
 20
129.1500092595667
 30
0.0
 10
83.02726804763167
 20
129.1475648484521
 30
0.0
 10
83.03275290698037
 20
129.1450112179327
 30
0.0
 10
83.03826257098817
 20
129.1423154086563
 30
0.0
 10
83.0566421894782
 20
129.1333224925817
 30
0.0
 10
83.07303227312138
 20
129.1239707986809
 30
0.0
 10
83.08991660295589
 20
129.1130168242027
 30
0.0
 10
83.10718962098258
 20
129.1018106821482
 30
0.0
 10
83.12310131085888
 20
129.0900886875107
 30
0.0
 10
83.1390817250581
 20
129.0769005494951
 30
0.0
 10
83.15523862304189
 20
129.0635667649104
 30
0.0
 10
83.1704912247935
 20
129.0494923865367
 30
0.0
 10
83.18547839931696
 20
129.0341338304387
 30
0.0
  0
ELLIPSE
  5
1092
330
1F
100
AcDbEntity
  8
0
100
AcDbEllipse
 10
83.0427839801678
 20
128.6828852070429
 30
0.0
 11
0.7243260509146677
 21
0.0669698987965329
 31
0.0
210
0.0
220
0.0
230
-1.0
 40
0.8089303288323714
 41
2.580701328736235
 42
3.559864960119886
  0
ELLIPSE
  5
1093
330
1F
100
AcDbEntity
  8
0
100
AcDbEllipse
 10
68.86378343348758
 20
113.6753290467559
 30
0.0
 11
-12.74971134295618
 21
19.74494328495972
 31
0.0
210
0.0
220
0.0
230
-1.0
 40
0.842466467576162
 41
1.359746851996522
 42
1.632891966474219
  0
LINE
  5
1094
330
1F
100
AcDbEntity
  8
0
100
AcDbLine
 10
115.4818780935153
 20
61.90444044850946
 30
0.0
 11
128.4816819438638
 21
61.90444044910075
 31
0.0
  0
SPLINE
  5
1095
330
1F
100
AcDbEntity
  8
0
100
AcDbSpline
210
0.0
220
0.0
230
1.0
 70
     8
 71
     3
 72
     8
 73
     4
 74
     0
 42
0.000000001
 43
0.0000000001
 40
-8.0
 40
-8.0
 40
-8.0
 40
-8.0
 40
-7.0
 40
-7.0
 40
-7.0
 40
-7.0
 10
128.4816819438638
 20
61.90444044910075
 30
0.0
 10
128.7578243187802
 20
61.90444044911271
 30
0.0
 10
128.9816819438541
 20
62.12829807420797
 30
0.0
 10
128.9816819438414
 20
62.40444044912294
 30
0.0
  0
LINE
  5
1096
330
1F
100
AcDbEntity
  8
0
100
AcDbLine
 10
128.9816819438414
 20
62.40444044912294
 30
0.0
 11
128.98168194325
 21
75.40444044912295
 31
0.0
  0
SPLINE
  5
1097
330
1F
100
AcDbEntity
  8
0
100
AcDbSpline
210
0.0
220
0.0
230
1.0
 70
     8
 71
     3
 72
     8
 73
     4
 74
     0
 42
0.000000001
 43
0.0000000001
 40
-14.0
 40
-14.0
 40
-14.0
 40
-14.0
 40
-13.0
 40
-13.0
 40
-13.0
 40
-13.0
 10
128.98168194325
 20
75.40444044912295
 30
0.0
 10
128.9816819432378
 20
75.68058282403794
 30
0.0
 10
128.7578243181433
 20
75.90444044911172
 30
0.0
 10
128.4816819432281
 20
75.90444044909975
 30
0.0
  0
LINE
  5
1098
330
1F
100
AcDbEntity
  8
0
100
AcDbLine
 10
128.4816819432281
 20
75.90444044909975
 30
0.0
 11
115.4818780928775
 21
75.90444044850847
 31
0.0
  0
SPLINE
  5
1099
330
1F
100
AcDbEntity
  8
0
100
AcDbSpline
210
0.0
220
0.0
230
1.0
 70
     8
 71
     3
 72
     8
 73
     4
 74
     0
 42
0.000000001
 43
0.0000000001
 40
-12.0
 40
-12.0
 40
-12.0
 40
-12.0
 40
-11.0
 40
-11.0
 40
-11.0
 40
-11.0
 10
115.4818780928775
 20
75.90444044850847
 30
0.0
 10
115.2057357179624
 20
75.90444044849644
 30
0.0
 10
114.9818780928878
 20
75.68058282340124
 30
0.0
 10
114.9818780929007
 20
75.40444044848624
 30
0.0
  0
LINE
  5
1100
330
1F
100
AcDbEntity
  8
0
100
AcDbLine
 10
114.9818780929007
 20
75.40444044848624
 30
0.0
 11
114.9818780934921
 21
62.40444044848624
 31
0.0
  0
SPLINE
  5
1101
330
1F
100
AcDbEntity
  8
0
100
AcDbSpline
210
0.0
220
0.0
230
1.0
 70
     8
 71
     3
 72
     8
 73
     4
 74
     0
 42
0.000000001
 43
0.0000000001
 40
-10.0
 40
-10.0
 40
-10.0
 40
-10.0
 40
-9.0
 40
-9.0
 40
-9.0
 40
-9.0
 10
114.9818780934921
 20
62.40444044848624
 30
0.0
 10
114.9818780935039
 20
62.12829807357121
 30
0.0
 10
115.2057357185983
 20
61.90444044849744
 30
0.0
 10
115.4818780935153
 20
61.90444044850946
 30
0.0
  0
LINE
  5
1102
330
1F
100
AcDbEntity
  8
0
100
AcDbLine
 10
104.6692048373655
 20
75.90444044801685
 30
0.0
 11
91.66937809883149
 21
75.90444044742753
 31
0.0
  0
SPLINE
  5
1103
330
1F
100
AcDbEntity
  8
0
100
AcDbSpline
210
0.0
220
0.0
230
1.0
 70
     8
 71
     3
 72
     8
 73
     4
 74
     0
 42
0.000000001
 43
0.0000000001
 40
-8.0
 40
-8.0
 40
-8.0
 40
-8.0
 40
-7.0
 40
-7.0
 40
-7.0
 40
-7.0
 10
91.66937809883149
 20
75.90444044742753
 30
0.0
 10
91.39323572391546
 20
75.90444044741355
 30
0.0
 10
91.16937809884177
 20
75.68058282232033
 30
0.0
 10
91.16937809885369
 20
75.40444044740434
 30
0.0
  0
LINE
  5
1104
330
1F
100
AcDbEntity
  8
0
100
AcDbLine
 10
91.16937809885369
 20
75.40444044740434
 30
0.0
 11
91.16937809944507
 21
62.40444044740536
 31
0.0
  0
SPLINE
  5
1105
330
1F
100
AcDbEntity
  8
0
100
AcDbSpline
210
0.0
220
0.0
230
1.0
 70
     8
 71
     3
 72
     8
 73
     4
 74
     0
 42
0.000000001
 43
0.0000000001
 40
-14.0
 40
-14.0
 40
-14.0
 40
-14.0
 40
-13.0
 40
-13.0
 40
-13.0
 40
-13.0
 10
91.16937809944507
 20
62.40444044740536
 30
0.0
 10
91.16937809945808
 20
62.12829807248937
 30
0.0
 10
91.39323572455328
 20
61.90444044741457
 30
0.0
 10
91.66937809946828
 20
61.90444044742855
 30
0.0
  0
LINE
  5
1106
330
1F
100
AcDbEntity
  8
0
100
AcDbLine
 10
91.66937809946828
 20
61.90444044742855
 30
0.0
 11
104.6692048380013
 21
61.90444044801885
 31
0.0
  0
SPLINE
  5
1107
330
1F
100
AcDbEntity
  8
0
100
AcDbSpline
210
0.0
220
0.0
230
1.0
 70
     8
 71
     3
 72
     8
 73
     4
 74
     0
 42
0.000000001
 43
0.0000000001
 40
-12.0
 40
-12.0
 40
-12.0
 40
-12.0
 40
-11.0
 40
-11.0
 40
-11.0
 40
-11.0
 10
104.6692048380013
 20
61.90444044801885
 30
0.0
 10
104.9453472129173
 20
61.90444044803186
 30
0.0
 10
105.1692048379921
 20
62.12829807312505
 30
0.0
 10
105.1692048379791
 20
62.40444044804005
 30
0.0
  0
LINE
  5
1108
330
1F
100
AcDbEntity
  8
0
100
AcDbLine
 10
105.1692048379791
 20
62.40444044804005
 30
0.0
 11
105.1692048373877
 21
75.40444044804004
 31
0.0
  0
SPLINE
  5
1109
330
1F
100
AcDbEntity
  8
0
100
AcDbSpline
210
0.0
220
0.0
230
1.0
 70
     8
 71
     3
 72
     8
 73
     4
 74
     0
 42
0.000000001
 43
0.0000000001
 40
-10.0
 40
-10.0
 40
-10.0
 40
-10.0
 40
-9.0
 40
-9.0
 40
-9.0
 40
-9.0
 10
105.1692048373877
 20
75.40444044804004
 30
0.0
 10
105.1692048373747
 20
75.68058282295504
 30
0.0
 10
104.9453472122805
 20
75.90444044802987
 30
0.0
 10
104.6692048373655
 20
75.90444044801685
 30
0.0
  0
LINE
  5
1110
330
1F
100
AcDbEntity
  8
0
100
AcDbLine
 10
80.85670042111258
 20
75.90444044693495
 30
0.0
 11
67.85687810478449
 21
75.90444044634466
 31
0.0
  0
SPLINE
  5
1111
330
1F
100
AcDbEntity
  8
0
100
AcDbSpline
210
0.0
220
0.0
230
1.0
 70
     8
 71
     3
 72
     8
 73
     4
 74
     0
 42
0.000000001
 43
0.0000000001
 40
-8.0
 40
-8.0
 40
-8.0
 40
-8.0
 40
-7.0
 40
-7.0
 40
-7.0
 40
-7.0
 10
67.85687810478449
 20
75.90444044634466
 30
0.0
 10
67.58073572986859
 20
75.90444044633165
 30
0.0
 10
67.35687810479479
 20
75.68058282123735
 30
0.0
 10
67.35687810480669
 20
75.40444044632235
 30
0.0
  0
LINE
  5
1112
330
1F
100
AcDbEntity
  8
0
100
AcDbLine
 10
67.35687810480669
 20
75.40444044632235
 30
0.0
 11
67.35687810539909
 21
62.40444044632247
 31
0.0
  0
SPLINE
  5
1113
330
1F
100
AcDbEntity
  8
0
100
AcDbSpline
210
0.0
220
0.0
230
1.0
 70
     8
 71
     3
 72
     8
 73
     4
 74
     0
 42
0.000000001
 43
0.0000000001
 40
-14.0
 40
-14.0
 40
-14.0
 40
-14.0
 40
-13.0
 40
-13.0
 40
-13.0
 40
-13.0
 10
67.35687810539909
 20
62.40444044632247
 30
0.0
 10
67.35687810541108
 20
62.12829807140744
 30
0.0
 10
67.58073573050629
 20
61.90444044633363
 30
0.0
 10
67.85687810542228
 20
61.90444044634554
 30
0.0
  0
LINE
  5
1114
330
1F
100
AcDbEntity
  8
0
100
AcDbLine
 10
67.85687810542228
 20
61.90444044634554
 30
0.0
 11
80.85670042174928
 21
61.90444044693697
 31
0.0
  0
SPLINE
  5
1115
330
1F
100
AcDbEntity
  8
0
100
AcDbSpline
210
0.0
220
0.0
230
1.0
 70
     8
 71
     3
 72
     8
 73
     4
 74
     0
 42
0.000000001
 43
0.0000000001
 40
-12.0
 40
-12.0
 40
-12.0
 40
-12.0
 40
-11.0
 40
-11.0
 40
-11.0
 40
-11.0
 10
80.85670042174928
 20
61.90444044693697
 30
0.0
 10
81.13284279666528
 20
61.90444044694894
 30
0.0
 10
81.35670042173911
 20
62.12829807204312
 30
0.0
 10
81.35670042172609
 20
62.40444044695815
 30
0.0
  0
LINE
  5
1116
330
1F
100
AcDbEntity
  8
0
100
AcDbLine
 10
81.35670042172609
 20
62.40444044695815
 30
0.0
 11
81.35670042113568
 21
75.40444044695814
 31
0.0
  0
SPLINE
  5
1117
330
1F
100
AcDbEntity
  8
0
100
AcDbSpline
210
0.0
220
0.0
230
1.0
 70
     8
 71
     3
 72
     8
 73
     4
 74
     0
 42
0.000000001
 43
0.0000000001
 40
-10.0
 40
-10.0
 40
-10.0
 40
-10.0
 40
-9.0
 40
-9.0
 40
-9.0
 40
-9.0
 10
81.35670042113568
 20
75.40444044695814
 30
0.0
 10
81.35670042112279
 20
75.68058282187315
 30
0.0
 10
81.13284279602751
 20
75.90444044694695
 30
0.0
 10
80.85670042111258
 20
75.90444044693495
 30
0.0
  0
LINE
  5
1118
330
1F
100
AcDbEntity
  8
0
100
AcDbLine
 10
301.1195503018528
 20
61.90444045694625
 30
0.0
 11
314.3191982133478
 21
61.90444045754663
 31
0.0
  0
SPLINE
  5
1119
330
1F
100
AcDbEntity
  8
0
100
AcDbSpline
210
0.0
220
0.0
230
1.0
 70
     8
 71
     3
 72
     8
 73
     4
 74
     0
 42
0.000000001
 43
0.0000000001
 40
-8.0
 40
-8.0
 40
-8.0
 40
-8.0
 40
-7.0
 40
-7.0
 40
-7.0
 40
-7.0
 10
314.3191982133478
 20
61.90444045754663
 30
0.0
 10
314.5401121132799
 20
61.90444045755564
 30
0.0
 10
314.7191982133387
 20
62.08352655763073
 30
0.0
 10
314.7191982133297
 20
62.30444045756283
 30
0.0
  0
LINE
  5
1120
330
1F
100
AcDbEntity
  8
0
100
AcDbLine
 10
314.7191982133297
 20
62.30444045756283
 30
0.0
 11
314.7191982127292
 21
75.50444045756575
 31
0.0
  0
SPLINE
  5
1121
330
1F
100
AcDbEntity
  8
0
100
AcDbSpline
210
0.0
220
0.0
230
1.0
 70
     8
 71
     3
 72
     8
 73
     4
 74
     0
 42
0.000000001
 43
0.0000000001
 40
-14.0
 40
-14.0
 40
-14.0
 40
-14.0
 40
-13.0
 40
-13.0
 40
-13.0
 40
-13.0
 10
314.7191982127292
 20
75.50444045756575
 30
0.0
 10
314.7191982127193
 20
75.72535435749873
 30
0.0
 10
314.5401121126421
 20
75.90444045755766
 30
0.0
 10
314.3191982127101
 20
75.90444045754762
 30
0.0
  0
LINE
  5
1122
330
1F
100
AcDbEntity
  8
0
100
AcDbLine
 10
314.3191982127101
 20
75.90444045754762
 30
0.0
 11
301.1195503012161
 21
75.90444045694926
 31
0.0
  0
SPLINE
  5
1123
330
1F
100
AcDbEntity
  8
0
100
AcDbSpline
210
0.0
220
0.0
230
1.0
 70
     8
 71
     3
 72
     8
 73
     4
 74
     0
 42
0.000000001
 43
0.0000000001
 40
-12.0
 40
-12.0
 40
-12.0
 40
-12.0
 40
-11.0
 40
-11.0
 40
-11.0
 40
-11.0
 10
301.1195503012161
 20
75.90444045694926
 30
0.0
 10
300.8986364012841
 20
75.90444045693923
 30
0.0
 10
300.7195503012243
 20
75.72535435686305
 30
0.0
 10
300.7195503012342
 20
75.50444045693106
 30
0.0
  0
LINE
  5
1124
330
1F
100
AcDbEntity
  8
0
100
AcDbLine
 10
300.7195503012342
 20
75.50444045693106
 30
0.0
 11
300.7195503018347
 21
62.30444045692803
 31
0.0
  0
SPLINE
  5
1125
330
1F
100
AcDbEntity
  8
0
100
AcDbSpline
210
0.0
220
0.0
230
1.0
 70
     8
 71
     3
 72
     8
 73
     4
 74
     0
 42
0.000000001
 43
0.0000000001
 40
-10.0
 40
-10.0
 40
-10.0
 40
-10.0
 40
-9.0
 40
-9.0
 40
-9.0
 40
-9.0
 10
300.7195503018347
 20
62.30444045692803
 30
0.0
 10
300.7195503018436
 20
62.08352655699505
 30
0.0
 10
300.8986364019198
 20
61.90444045693624
 30
0.0
 10
301.1195503018528
 20
61.90444045694625
 30
0.0
  0
LINE
  5
1126
330
1F
100
AcDbEntity
  8
0
100
AcDbLine
 10
277.3068740829029
 20
61.90444045586324
 30
0.0
 11
290.5067003693608
 21
61.90444045646376
 31
0.0
  0
SPLINE
  5
1127
330
1F
100
AcDbEntity
  8
0
100
AcDbSpline
210
0.0
220
0.0
230
1.0
 70
     8
 71
     3
 72
     8
 73
     4
 74
     0
 42
0.000000001
 43
0.0000000001
 40
-8.0
 40
-8.0
 40
-8.0
 40
-8.0
 40
-7.0
 40
-7.0
 40
-7.0
 40
-7.0
 10
290.5067003693608
 20
61.90444045646376
 30
0.0
 10
290.7276142692928
 20
61.90444045647362
 30
0.0
 10
290.9067003693527
 20
62.08352655654985
 30
0.0
 10
290.9067003693427
 20
62.30444045648187
 30
0.0
  0
LINE
  5
1128
330
1F
100
AcDbEntity
  8
0
100
AcDbLine
 10
290.9067003693427
 20
62.30444045648187
 30
0.0
 11
290.9067003687422
 21
75.50444045648385
 31
0.0
  0
SPLINE
  5
1129
330
1F
100
AcDbEntity
  8
0
100
AcDbSpline
210
0.0
220
0.0
230
1.0
 70
     8
 71
     3
 72
     8
 73
     4
 74
     0
 42
0.000000001
 43
0.0000000001
 40
-14.0
 40
-14.0
 40
-14.0
 40
-14.0
 40
-13.0
 40
-13.0
 40
-13.0
 40
-13.0
 10
290.9067003687422
 20
75.50444045648385
 30
0.0
 10
290.9067003687323
 20
75.72535435641686
 30
0.0
 10
290.7276142686561
 20
75.90444045647462
 30
0.0
 10
290.5067003687231
 20
75.90444045646563
 30
0.0
  0
LINE
  5
1130
330
1F
100
AcDbEntity
  8
0
100
AcDbLine
 10
290.5067003687231
 20
75.90444045646563
 30
0.0
 11
277.3068740822661
 21
75.90444045586636
 31
0.0
  0
SPLINE
  5
1131
330
1F
100
AcDbEntity
  8
0
100
AcDbSpline
210
0.0
220
0.0
230
1.0
 70
     8
 71
     3
 72
     8
 73
     4
 74
     0
 42
0.000000001
 43
0.0000000001
 40
-12.0
 40
-12.0
 40
-12.0
 40
-12.0
 40
-11.0
 40
-11.0
 40
-11.0
 40
-11.0
 10
277.3068740822661
 20
75.90444045586636
 30
0.0
 10
277.0859601823342
 20
75.90444045585639
 30
0.0
 10
276.9068740822743
 20
75.72535435578015
 30
0.0
 10
276.9068740822843
 20
75.50444045584805
 30
0.0
  0
LINE
  5
1132
330
1F
100
AcDbEntity
  8
0
100
AcDbLine
 10
276.9068740822843
 20
75.50444045584805
 30
0.0
 11
276.9068740828847
 21
62.30444045584511
 31
0.0
  0
SPLINE
  5
1133
330
1F
100
AcDbEntity
  8
0
100
AcDbSpline
210
0.0
220
0.0
230
1.0
 70
     8
 71
     3
 72
     8
 73
     4
 74
     0
 42
0.000000001
 43
0.0000000001
 40
-10.0
 40
-10.0
 40
-10.0
 40
-10.0
 40
-9.0
 40
-9.0
 40
-9.0
 40
-9.0
 10
276.9068740828847
 20
62.30444045584511
 30
0.0
 10
276.9068740828946
 20
62.08352655591216
 30
0.0
 10
277.0859601829719
 20
61.90444045585337
 30
0.0
 10
277.3068740829029
 20
61.90444045586324
 30
0.0
  0
LINE
  5
1134
330
1F
100
AcDbEntity
  8
0
100
AcDbLine
 10
338.1317003568185
 20
75.90444045863154
 30
0.0
 11
324.9320577692265
 21
75.90444045803113
 31
0.0
  0
SPLINE
  5
1135
330
1F
100
AcDbEntity
  8
0
100
AcDbSpline
210
0.0
220
0.0
230
1.0
 70
     8
 71
     3
 72
     8
 73
     4
 74
     0
 42
0.000000001
 43
0.0000000001
 40
-8.0
 40
-8.0
 40
-8.0
 40
-8.0
 40
-7.0
 40
-7.0
 40
-7.0
 40
-7.0
 10
324.9320577692265
 20
75.90444045803113
 30
0.0
 10
324.7111438692935
 20
75.90444045802212
 30
0.0
 10
324.5320577692357
 20
75.72535435794595
 30
0.0
 10
324.5320577692446
 20
75.50444045801294
 30
0.0
  0
LINE
  5
1136
330
1F
100
AcDbEntity
  8
0
100
AcDbLine
 10
324.5320577692446
 20
75.50444045801294
 30
0.0
 11
324.5320577698451
 21
62.30444045800997
 31
0.0
  0
SPLINE
  5
1137
330
1F
100
AcDbEntity
  8
0
100
AcDbSpline
210
0.0
220
0.0
230
1.0
 70
     8
 71
     3
 72
     8
 73
     4
 74
     0
 42
0.000000001
 43
0.0000000001
 40
-14.0
 40
-14.0
 40
-14.0
 40
-14.0
 40
-13.0
 40
-13.0
 40
-13.0
 40
-13.0
 10
324.5320577698451
 20
62.30444045800997
 30
0.0
 10
324.5320577698551
 20
62.08352655807795
 30
0.0
 10
324.7111438699292
 20
61.90444045801917
 30
0.0
 10
324.9320577698632
 20
61.90444045802812
 30
0.0
  0
LINE
  5
1138
330
1F
100
AcDbEntity
  8
0
100
AcDbLine
 10
324.9320577698632
 20
61.90444045802812
 30
0.0
 11
338.1317003574531
 21
61.90444045862756
 31
0.0
  0
SPLINE
  5
1139
330
1F
100
AcDbEntity
  8
0
100
AcDbSpline
210
0.0
220
0.0
230
1.0
 70
     8
 71
     3
 72
     8
 73
     4
 74
     0
 42
0.000000001
 43
0.0000000001
 40
-12.0
 40
-12.0
 40
-12.0
 40
-12.0
 40
-11.0
 40
-11.0
 40
-11.0
 40
-11.0
 10
338.1317003574531
 20
61.90444045862756
 30
0.0
 10
338.3526142573862
 20
61.90444045863745
 30
0.0
 10
338.5317003574461
 20
62.08352655871374
 30
0.0
 10
338.5317003574351
 20
62.30444045864572
 30
0.0
  0
LINE
  5
1140
330
1F
100
AcDbEntity
  8
0
100
AcDbLine
 10
338.5317003574351
 20
62.30444045864572
 30
0.0
 11
338.5317003568366
 21
75.50444045864972
 31
0.0
  0
SPLINE
  5
1141
330
1F
100
AcDbEntity
  8
0
100
AcDbSpline
210
0.0
220
0.0
230
1.0
 70
     8
 71
     3
 72
     8
 73
     4
 74
     0
 42
0.000000001
 43
0.0000000001
 40
-10.0
 40
-10.0
 40
-10.0
 40
-10.0
 40
-9.0
 40
-9.0
 40
-9.0
 40
-9.0
 10
338.5317003568366
 20
75.50444045864972
 30
0.0
 10
338.5317003568267
 20
75.72535435858274
 30
0.0
 10
338.3526142567494
 20
75.90444045864157
 30
0.0
 10
338.1317003568185
 20
75.90444045863154
 30
0.0
  0
SPLINE
  5
1142
330
1F
100
AcDbEntity
  8
0
100
AcDbSpline
210
0.0
220
0.0
230
1.0
 70
     8
 71
     3
 72
     8
 73
     4
 74
     0
 42
0.000000001
 43
0.0000000001
 40
-10.0
 40
-10.0
 40
-10.0
 40
-10.0
 40
-9.0
 40
-9.0
 40
-9.0
 40
-9.0
 10
142.2941531077525
 20
77.90453044595662
 30
0.0
 10
141.741868357922
 20
77.90453044590666
 30
0.0
 10
141.294153107793
 20
77.45681519569615
 30
0.0
 10
141.2941531078429
 20
76.90453044586516
 30
0.0
  0
LINE
  5
1143
330
1F
100
AcDbEntity
  8
0
100
AcDbLine
 10
141.2941531078429
 20
76.90453044586516
 30
0.0
 11
141.2941531091087
 21
62.90453044586612
 31
0.0
  0
SPLINE
  5
1144
330
1F
100
AcDbEntity
  8
0
100
AcDbSpline
210
0.0
220
0.0
230
1.0
 70
     8
 71
     3
 72
     8
 73
     4
 74
     0
 42
0.000000001
 43
0.0000000001
 40
-8.0
 40
-8.0
 40
-8.0
 40
-8.0
 40
-7.0
 40
-7.0
 40
-7.0
 40
-7.0
 10
141.2941531091087
 20
62.90453044586612
 30
0.0
 10
141.2941531091586
 20
62.35224569603514
 30
0.0
 10
141.7418683593685
 20
61.90453044590666
 30
0.0
 10
142.2941531091991
 20
61.90453044595654
 30
0.0
  0
LINE
  5
1145
330
1F
100
AcDbEntity
  8
0
100
AcDbLine
 10
142.2941531091991
 20
61.90453044595662
 30
0.0
 11
149.2941531091991
 21
61.90453044658943
 31
0.0
  0
SPLINE
  5
1146
330
1F
100
AcDbEntity
  8
0
100
AcDbSpline
210
0.0
220
0.0
230
1.0
 70
     8
 71
     3
 72
     8
 73
     4
 74
     0
 42
0.000000001
 43
0.0000000001
 40
-6.0
 40
-6.0
 40
-6.0
 40
-6.0
 40
-5.0
 40
-5.0
 40
-5.0
 40
-5.0
 10
149.2941531091991
 20
61.90453044658943
 30
0.0
 10
149.84643785903
 20
61.90453044663934
 30
0.0
 10
150.2941531091587
 20
62.35224569684885
 30
0.0
 10
150.2941531091087
 20
62.90453044667984
 30
0.0
  0
LINE
  5
1147
330
1F
100
AcDbEntity
  8
0
100
AcDbLine
 10
150.2941531091087
 20
62.90453044667984
 30
0.0
 11
150.294153107843
 21
76.90453011506685
 31
0.0
  0
SPLINE
  5
1148
330
1F
100
AcDbEntity
  8
0
100
AcDbSpline
210
0.0
220
0.0
230
1.0
 70
     8
 71
     3
 72
     8
 73
     4
 74
     0
 42
0.000000001
 43
0.0000000001
 40
-3.0
 40
-3.0
 40
-3.0
 40
-3.0
 40
-2.0
 40
-2.0
 40
-2.0
 40
-2.0
 10
150.294153107843
 20
76.90453011506685
 30
0.0
 10
150.2941532909374
 20
77.45681486489786
 30
0.0
 10
149.8464381891958
 20
77.90453035506636
 30
0.0
 10
149.2941534393652
 20
77.90453044658943
 30
0.0
  0
LINE
  5
1149
330
1F
100
AcDbEntity
  8
0
100
AcDbLine
 10
149.2941534393652
 20
77.90453044658943
 30
0.0
 11
142.2941531077525
 21
77.90453044595662
 31
0.0
  0
SPLINE
  5
1150
330
1F
100
AcDbEntity
  8
0
100
AcDbSpline
210
0.0
220
0.0
230
1.0
 70
     8
 71
     3
 72
     8
 73
     4
 74
     0
 42
0.000000001
 43
0.0000000001
 40
-8.0
 40
-8.0
 40
-8.0
 40
-8.0
 40
-7.0
 40
-7.0
 40
-7.0
 40
-7.0
 10
256.5941531077527
 20
77.90453045629064
 30
0.0
 10
256.0418683579219
 20
77.90453045624073
 30
0.0
 10
255.5941531077932
 20
77.45681520603025
 30
0.0
 10
255.5941531078431
 20
76.90453045619924
 30
0.0
  0
LINE
  5
1151
330
1F
100
AcDbEntity
  8
0
100
AcDbLine
 10
255.5941531078431
 20
76.90453045619924
 30
0.0
 11
255.5941531091089
 21
62.90452545619925
 31
0.0
  0
SPLINE
  5
1152
330
1F
100
AcDbEntity
  8
0
100
AcDbSpline
210
0.0
220
0.0
230
1.0
 70
     8
 71
     3
 72
     8
 73
     4
 74
     0
 42
0.000000001
 43
0.0000000001
 40
-6.0
 40
-6.0
 40
-6.0
 40
-6.0
 40
-5.0
 40
-5.0
 40
-5.0
 40
-5.0
 10
255.5941531091089
 20
62.90452545619925
 30
0.0
 10
255.5941531091587
 20
62.35224070636815
 30
0.0
 10
256.0418683593685
 20
61.90452545623964
 30
0.0
 10
256.5941531091993
 20
61.90452545628966
 30
0.0
  0
LINE
  5
1153
330
1F
100
AcDbEntity
  8
0
100
AcDbLine
 10
256.5941531091993
 20
61.90452545628966
 30
0.0
 11
263.5941531091988
 21
61.90452545692247
 31
0.0
  0
SPLINE
  5
1154
330
1F
100
AcDbEntity
  8
0
100
AcDbSpline
210
0.0
220
0.0
230
1.0
 70
     8
 71
     3
 72
     8
 73
     4
 74
     0
 42
0.000000001
 43
0.0000000001
 40
-4.0
 40
-4.0
 40
-4.0
 40
-4.0
 40
-3.0
 40
-3.0
 40
-3.0
 40
-3.0
 10
263.5941531091988
 20
61.90452545692247
 30
0.0
 10
264.1464378590299
 20
61.90452545697244
 30
0.0
 10
264.5941531091584
 20
62.35224070718195
 30
0.0
 10
264.5941531091084
 20
62.90452545701296
 30
0.0
  0
LINE
  5
1155
330
1F
100
AcDbEntity
  8
0
100
AcDbLine
 10
264.5941531091084
 20
62.90452545701296
 30
0.0
 11
264.5941531078427
 21
76.90453045701295
 31
0.0
  0
SPLINE
  5
1156
330
1F
100
AcDbEntity
  8
0
100
AcDbSpline
210
0.0
220
0.0
230
1.0
 70
     8
 71
     3
 72
     8
 73
     4
 74
     0
 42
0.000000001
 43
0.0000000001
 40
-2.0
 40
-2.0
 40
-2.0
 40
-2.0
 40
-1.0
 40
-1.0
 40
-1.0
 40
-1.0
 10
264.5941531078427
 20
76.90453045701295
 30
0.0
 10
264.5941531077927
 20
77.45681520684397
 30
0.0
 10
264.1464378575833
 20
77.90453045697344
 30
0.0
 10
263.5941531077523
 20
77.90453045692354
 30
0.0
  0
LINE
  5
1157
330
1F
100
AcDbEntity
  8
0
100
AcDbLine
 10
263.5941531077523
 20
77.90453045692354
 30
0.0
 11
256.5941531077527
 21
77.90453045629064
 31
0.0
  0
SPLINE
  5
1158
330
1F
100
AcDbEntity
  8
0
100
AcDbSpline
210
0.0
220
0.0
230
1.0
 70
     8
 71
     3
 72
     8
 73
     4
 74
     0
 42
0.000000001
 43
0.0000000001
 40
-8.0
 40
-8.0
 40
-8.0
 40
-8.0
 40
-7.0
 40
-7.0
 40
-7.0
 40
-7.0
 10
317.313288715296
 20
133.0544404624806
 30
0.0
 10
316.8714609161251
 20
133.0544404625049
 30
0.0
 10
316.5132887162995
 20
132.6962682633877
 30
0.0
 10
316.5132887154524
 20
132.2544404642159
 30
0.0
  0
LINE
  5
1159
330
1F
100
AcDbEntity
  8
0
100
AcDbLine
 10
316.5132887154524
 20
132.2544404642159
 30
0.0
 11
316.5132886916535
 21
119.8544404673675
 31
0.0
  0
SPLINE
  5
1160
330
1F
100
AcDbEntity
  8
0
100
AcDbSpline
210
0.0
220
0.0
230
1.0
 70
     8
 71
     3
 72
     8
 73
     4
 74
     0
 42
0.000000001
 43
0.0000000001
 40
-6.0
 40
-6.0
 40
-6.0
 40
-6.0
 40
-5.0
 40
-5.0
 40
-5.0
 40
-5.0
 10
316.5132886916535
 20
119.8544404673675
 30
0.0
 10
316.5132886908065
 20
119.4126126673128
 30
0.0
 10
316.8714608906338
 20
119.0544404664546
 30
0.0
 10
317.3132886906888
 20
119.0544404660325
 30
0.0
  0
LINE
  5
1161
330
1F
100
AcDbEntity
  8
0
100
AcDbLine
 10
317.3132886906888
 20
119.0544404660325
 30
0.0
 11
321.9380425161288
 21
119.0544404616116
 31
0.0
  0
SPLINE
  5
1162
330
1F
100
AcDbEntity
  8
0
100
AcDbSpline
210
0.0
220
0.0
230
1.0
 70
     8
 71
     3
 72
     8
 73
     4
 74
     0
 42
0.000000001
 43
0.0000000001
 40
-4.0
 40
-4.0
 40
-4.0
 40
-4.0
 40
-3.0
 40
-3.0
 40
-3.0
 40
-3.0
 10
321.9380425161288
 20
119.0544404616116
 30
0.0
 10
322.3798703168392
 20
119.0544404611896
 30
0.0
 10
322.7380425176229
 20
119.4126126623845
 30
0.0
 10
322.7380425166939
 20
119.8544404630951
 30
0.0
  0
LINE
  5
1163
330
1F
100
AcDbEntity
  8
0
100
AcDbLine
 10
322.7380425166939
 20
119.8544404630951
 30
0.0
 11
322.7380424906058
 21
132.2544404641062
 31
0.0
  0
SPLINE
  5
1164
330
1F
100
AcDbEntity
  8
0
100
AcDbSpline
210
0.0
220
0.0
230
1.0
 70
     8
 71
     3
 72
     8
 73
     4
 74
     0
 42
0.000000001
 43
0.0000000001
 40
-2.0
 40
-2.0
 40
-2.0
 40
-2.0
 40
-1.0
 40
-1.0
 40
-1.0
 40
-1.0
 10
322.7380424906058
 20
132.2544404641062
 30
0.0
 10
322.7380424896769
 20
132.6962682631854
 30
0.0
 10
322.3798702899295
 20
133.0544404621988
 30
0.0
 10
321.9380424908501
 20
133.054440462223
 30
0.0
  0
LINE
  5
1165
330
1F
100
AcDbEntity
  8
0
100
AcDbLine
 10
321.9380424908501
 20
133.054440462223
 30
0.0
 11
317.313288715296
 21
133.0544404624806
 31
0.0
  0
CIRCLE
  5
1166
330
1F
100
AcDbEntity
  8
0
100
AcDbCircle
 10
243.2069907193007
 20
157.9169355962372
 30
0.0
 40
1.14999999999988
  0
CIRCLE
  5
1167
330
1F
100
AcDbEntity
  8
0
100
AcDbCircle
 10
64.35686872295409
 20
117.5294355800672
 30
0.0
 40
1.15000000000032
  0
CIRCLE
  5
1168
330
1F
100
AcDbEntity
  8
0
100
AcDbCircle
 10
85.07249372735037
 20
68.90443558194005
 30
0.0
 40
1.14999999999987
  0
CIRCLE
  5
1169
330
1F
100
AcDbEntity
  8
0
100
AcDbCircle
 10
186.2757407230429
 20
116.5294255910903
 30
0.0
 40
1.15000000000036
  0
CIRCLE
  5
1170
330
1F
100
AcDbEntity
  8
0
100
AcDbCircle
 10
281.5257407230431
 20
116.529425599702
 30
0.0
 40
1.15000000000013
  0
CIRCLE
  5
1171
330
1F
100
AcDbEntity
  8
0
100
AcDbCircle
 10
330.2069907193006
 20
157.916935604103
 30
0.0
 40
1.14999999999987
  0
CIRCLE
  5
1172
330
1F
100
AcDbEntity
  8
0
100
AcDbCircle
 10
348.2069907230435
 20
116.5294256057307
 30
0.0
 40
1.150000000000259
  0
CIRCLE
  5
1173
330
1F
100
AcDbEntity
  8
0
100
AcDbCircle
 10
320.816243727349
 20
68.90443560325403
 30
0.0
 40
1.14999999999987
  0
CIRCLE
  5
1174
330
1F
100
AcDbEntity
  8
0
100
AcDbCircle
 10
394.2069907259018
 20
84.90442560988936
 30
0.0
 40
1.14999999999987
  0
CIRCLE
  5
1175
330
1F
100
AcDbEntity
  8
0
100
AcDbCircle
 10
388.6818687193016
 20
157.9169356093899
 30
0.0
 40
1.14999999999987
  0
ENDSEC
  0
SECTION
  2
OBJECTS
  0
DICTIONARY
  5
C
330
0
100
AcDbDictionary
281
     1
  3
ACAD_BACKGROUND
350
1005B
  3
ACAD_CIP_PREVIOUS_PRODUCT_INFO
350
1005A
  3
ACAD_COLOR
350
10036
  3
ACAD_DETAILVIEWSTYLE
350
10051
  3
ACAD_GROUP
350
D
  3
ACAD_LAST_SAVED_VERSION_INFO
350
1005E
  3
ACAD_LAYOUT
350
10037
  3
ACAD_MATERIAL
350
10004
  3
ACAD_MLEADERSTYLE
350
1004D
  3
ACAD_MLINESTYLE
350
17
  3
ACAD_PLOTSETTINGS
350
10054
  3
ACAD_PLOTSTYLENAME
350
10002
  3
ACAD_SCALELIST
350
1003B
  3
ACAD_SECTIONVIEWSTYLE
350
1004F
  3
ACAD_TABLESTYLE
350
10038
  3
ACAD_VISUALSTYLE
350
1001D
  3
ACDB_RECOMPOSE_DATA
350
100C0
  3
AcDbVariableDictionary
350
1006A
  3
AcDsDecomposeData
350
100C6
  0
DICTIONARY
  5
10064
330
2
100
AcDbDictionary
280
     1
281
     1
  3
ACAD_LAYERSTATES
360
10065
  0
DICTIONARY
  5
1005F
330
50
100
AcDbDictionary
280
     1
281
     1
  3
ADSK_XREC_LAYER_RECONCILED
360
10060
  0
DICTIONARY
  5
1005B
102
{ACAD_REACTORS
330
C
102
}
330
C
100
AcDbDictionary
281
     1
  0
XRECORD
  5
1005A
102
{ACAD_REACTORS
330
C
102
}
330
C
100
AcDbXrecord
280
     1
300
ACDMAC
300
2025
300

  0
DICTIONARY
  5
10036
102
{ACAD_REACTORS
330
C
102
}
330
C
100
AcDbDictionary
281
     1
  0
DICTIONARY
  5
10051
102
{ACAD_REACTORS
330
C
102
}
330
C
100
AcDbDictionary
281
     1
  3
Imperial24
350
10052
  0
DICTIONARY
  5
D
330
C
100
AcDbDictionary
281
     1
  0
XRECORD
  5
1005E
102
{ACAD_REACTORS
330
C
102
}
330
C
100
AcDbXrecord
280
     1
300
{5679CB97-B6B3-5749-9655-F5CC3EF9C268}
301
{0F4FA204-1A8D-354D-97ED-1A3949CF1BCE}
302
{5679CB97-B6B3-5749-9655-F5CC3EF9C268}
303
/Users/junkibeom/Downloads/PLUS84_7u_PCBsnapplate.dxf
  0
DICTIONARY
  5
10037
102
{ACAD_REACTORS
330
C
102
}
330
C
100
AcDbDictionary
281
     1
  3
Model
350
10055
  3
배치1
350
10056
  0
DICTIONARY
  5
10004
102
{ACAD_REACTORS
330
C
102
}
330
C
100
AcDbDictionary
281
     1
  3
ByBlock
350
1000D
  3
ByLayer
350
10005
  3
Global
350
10015
  0
DICTIONARY
  5
1004D
102
{ACAD_REACTORS
330
C
102
}
330
C
100
AcDbDictionary
281
     1
  3
Standard
350
1004E
  0
DICTIONARY
  5
17
330
C
100
AcDbDictionary
281
     1
  3
Standard
350
1003A
  0
DICTIONARY
  5
10054
102
{ACAD_REACTORS
330
C
102
}
330
C
100
AcDbDictionary
281
     1
  0
ACDBDICTIONARYWDFLT
  5
10002
102
{ACAD_REACTORS
330
C
102
}
330
C
100
AcDbDictionary
281
     1
  3
Normal
350
10003
100
AcDbDictionaryWithDefault
340
10003
  0
DICTIONARY
  5
1003B
102
{ACAD_REACTORS
330
C
102
}
330
C
100
AcDbDictionary
281
     1
  3
A0
350
1003C
  3
A1
350
1003D
  3
A2
350
1003E
  3
A3
350
1003F
  3
A4
350
10040
  3
A5
350
10041
  3
A6
350
10042
  3
A7
350
10043
  3
A8
350
10044
  3
A9
350
10045
  3
B0
350
10046
  3
B1
350
10047
  3
B2
350
10048
  3
B3
350
10049
  3
B4
350
1004A
  3
B5
350
1004B
  3
B6
350
1004C
  0
DICTIONARY
  5
1004F
102
{ACAD_REACTORS
330
C
102
}
330
C
100
AcDbDictionary
281
     1
  3
Imperial24
350
10050
  0
DICTIONARY
  5
10038
102
{ACAD_REACTORS
330
C
102
}
330
C
100
AcDbDictionary
281
     1
  3
Standard
350
10039
  0
DICTIONARY
  5
1001D
102
{ACAD_REACTORS
330
C
102
}
330
C
100
AcDbDictionary
281
     1
  3
2dWireframe
350
10023
  3
Basic
350
10022
  3
Brighten
350
10029
  3
ColorChange
350
1002D
  3
Conceptual
350
10026
  3
Dim
350
10028
  3
EdgeColorOff
350
10035
  3
Facepattern
350
1002C
  3
Flat
350
1001E
  3
FlatWithEdges
350
1001F
  3
Gouraud
350
10020
  3
GouraudWithEdges
350
10021
  3
Hidden
350
10025
  3
JitterOff
350
10033
  3
Linepattern
350
1002B
  3
OverhangOff
350
10034
  3
Realistic
350
10027
  3
Shaded
350
10032
  3
Shaded with edges
350
10031
  3
Shades of Gray
350
1002E
  3
Sketchy
350
1002F
  3
Thicken
350
1002A
  3
Wireframe
350
10024
  3
X-Ray
350
10030
  0
XRECORD
  5
100C0
102
{ACAD_REACTORS
330
C
102
}
330
C
100
AcDbXrecord
280
     1
 90
        1
330
10039
  0
DICTIONARY
  5
1006A
102
{ACAD_REACTORS
330
C
102
}
330
C
100
AcDbDictionary
281
     1
  3
CANNOSCALE
350
10070
  3
CMLEADERSTYLE
350
1006C
  3
CTABLESTYLE
350
1006B
  3
CVIEWDETAILSTYLE
350
1006D
  3
CVIEWSECTIONSTYLE
350
1006E
  3
LAYEREVAL
350
10072
  3
LAYERNOTIFY
350
10073
  3
LIGHTINGUNITS
350
10071
  3
MSLTSCALE
350
1006F
  0
DICTIONARY
  5
100C6
102
{ACAD_REACTORS
330
C
102
}
330
C
100
AcDbDictionary
281
     1
  3
AcDsRecords
350
100C8
  3
AcDsSchemas
350
100C7
1001
ACAD
1070
     2
  0
DICTIONARY
  5
10065
102
{ACAD_REACTORS
330
10064
102
}
330
10064
100
AcDbDictionary
281
     1
  0
XRECORD
  5
10060
102
{ACAD_REACTORS
330
1005F
102
}
330
1005F
100
AcDbXrecord
280
     1
290
     1
  0
ACDBDETAILVIEWSTYLE
  5
10052
102
{ACAD_XDICTIONARY
360
100FB
102
}
102
{ACAD_REACTORS
330
10051
102
}
330
10051
100
AcDbModelDocViewStyle
 70
     0
  3
Imperial24
290
     0
100
AcDbDetailViewStyle
 70
     0
 71
     0
 90
        3
 71
     1
340
11
 62
   256
 40
0.24
340
0
 62
   256
 40
0.24
300

 40
0.36
280
     3
 71
     2
340
10001
 90
       25
 62
   256
 71
     3
340
11
 62
   256
 40
0.24
 90
        1
 40
0.75
 90
        1
300
%<\AcVar ViewType \f "%tc1">% %<\AcVar ViewDetailId>%\PSCALE %<\AcVar ViewScale \f "%sn">%
 71
     4
340
10001
 90
       25
 62
   256
340
10001
 90
       25
 62
   256
280
     0
  0
LAYOUT
  5
10055
102
{ACAD_REACTORS
330
10037
102
}
330
10037
100
AcDbPlotSettings
  1

  2

  4

  6

 40
0.0
 41
0.0
 42
0.0
 43
0.0
 44
0.0
 45
0.0
 46
0.0
 47
0.0
 48
0.0
 49
0.0
140
0.0
141
0.0
142
1.0
143
1.0
 70
  1712
 72
     0
 73
     0
 74
     0
  7

 75
     0
147
1.0
 76
     0
 77
     2
 78
   300
148
0.0
149
0.0
100
AcDbLayout
  1
Model
 70
     1
 71
     0
 10
0.0
 20
0.0
 11
12.0
 21
9.0
 12
0.0
 22
0.0
 32
0.0
 14
0.0
 24
0.0
 34
0.0
 15
0.0
 25
0.0
 35
0.0
146
0.0
 13
0.0
 23
0.0
 33
0.0
 16
1.0
 26
0.0
 36
0.0
 17
0.0
 27
1.0
 37
0.0
 76
     0
330
1F
331
10059
  0
LAYOUT
  5
10056
102
{ACAD_REACTORS
330
10037
102
}
330
10037
100
AcDbPlotSettings
  1

  2

  4

  6

 40
0.0
 41
0.0
 42
0.0
 43
0.0
 44
0.0
 45
0.0
 46
0.0
 47
0.0
 48
0.0
 49
0.0
140
0.0
141
0.0
142
1.0
143
1.0
 70
   688
 72
     0
 73
     0
 74
     5
  7

 75
    16
147
1.0
 76
     0
 77
     2
 78
   300
148
0.0
149
0.0
100
AcDbLayout
  1
배치1
 70
     1
 71
     1
 10
0.0
 20
0.0
 11
12.0
 21
9.0
 12
0.0
 22
0.0
 32
0.0
 14
1.000000000000000E+20
 24
1.000000000000000E+20
 34
1.000000000000000E+20
 15
-1.000000000000000E+20
 25
-1.000000000000000E+20
 35
-1.000000000000000E+20
146
0.0
 13
0.0
 23
0.0
 33
0.0
 16
1.0
 26
0.0
 36
0.0
 17
0.0
 27
1.0
 37
0.0
 76
     0
330
1B
  0
MATERIAL
  5
1000D
102
{ACAD_XDICTIONARY
360
1000E
102
}
102
{ACAD_REACTORS
330
10004
102
}
330
10004
100
AcDbMaterial
  1
ByBlock
 72
     0
 43
0.0008202099737533
 43
0.0
 43
0.0
 43
0.0
 43
0.0
 43
0.0008202099737533
 43
0.0
 43
0.0
 43
0.0
 43
0.0
 43
1.0
 43
0.0
 43
0.0
 43
0.0
 43
0.0
 43
1.0
 77
     0
 47
0.0008202099737533
 47
0.0
 47
0.0
 47
0.0
 47
0.0
 47
0.0008202099737533
 47
0.0
 47
0.0
 47
0.0
 47
0.0
 47
1.0
 47
0.0
 47
0.0
 47
0.0
 47
0.0
 47
1.0
171
     0
 49
0.0008202099737533
 49
0.0
 49
0.0
 49
0.0
 49
0.0
 49
0.0008202099737533
 49
0.0
 49
0.0
 49
0.0
 49
0.0
 49
1.0
 49
0.0
 49
0.0
 49
0.0
 49
0.0
 49
1.0
175
     0
142
0.0008202099737533
142
0.0
142
0.0
142
0.0
142
0.0
142
0.0008202099737533
142
0.0
142
0.0
142
0.0
142
0.0
142
1.0
142
0.0
142
0.0
142
0.0
142
0.0
142
1.0
179
     0
144
0.0008202099737533
144
0.0
144
0.0
144
0.0
144
0.0
144
0.0008202099737533
144
0.0
144
0.0
144
0.0
144
0.0
144
1.0
144
0.0
144
0.0
144
0.0
144
0.0
144
1.0
147
0.0008202099737533
147
0.0
147
0.0
147
0.0
147
0.0
147
0.0008202099737533
147
0.0
147
0.0
147
0.0
147
0.0
147
1.0
147
0.0
147
0.0
147
0.0
147
0.0
147
1.0
  0
MATERIAL
  5
10005
102
{ACAD_XDICTIONARY
360
10006
102
}
102
{ACAD_REACTORS
330
10004
102
}
330
10004
100
AcDbMaterial
  1
ByLayer
 72
     0
 43
0.0008202099737533
 43
0.0
 43
0.0
 43
0.0
 43
0.0
 43
0.0008202099737533
 43
0.0
 43
0.0
 43
0.0
 43
0.0
 43
1.0
 43
0.0
 43
0.0
 43
0.0
 43
0.0
 43
1.0
 77
     0
 47
0.0008202099737533
 47
0.0
 47
0.0
 47
0.0
 47
0.0
 47
0.0008202099737533
 47
0.0
 47
0.0
 47
0.0
 47
0.0
 47
1.0
 47
0.0
 47
0.0
 47
0.0
 47
0.0
 47
1.0
171
     0
 49
0.0008202099737533
 49
0.0
 49
0.0
 49
0.0
 49
0.0
 49
0.0008202099737533
 49
0.0
 49
0.0
 49
0.0
 49
0.0
 49
1.0
 49
0.0
 49
0.0
 49
0.0
 49
0.0
 49
1.0
175
     0
142
0.0008202099737533
142
0.0
142
0.0
142
0.0
142
0.0
142
0.0008202099737533
142
0.0
142
0.0
142
0.0
142
0.0
142
1.0
142
0.0
142
0.0
142
0.0
142
0.0
142
1.0
179
     0
144
0.0008202099737533
144
0.0
144
0.0
144
0.0
144
0.0
144
0.0008202099737533
144
0.0
144
0.0
144
0.0
144
0.0
144
1.0
144
0.0
144
0.0
144
0.0
144
0.0
144
1.0
147
0.0008202099737533
147
0.0
147
0.0
147
0.0
147
0.0
147
0.0008202099737533
147
0.0
147
0.0
147
0.0
147
0.0
147
1.0
147
0.0
147
0.0
147
0.0
147
0.0
147
1.0
  0
MATERIAL
  5
10015
102
{ACAD_XDICTIONARY
360
10016
102
}
102
{ACAD_REACTORS
330
10004
102
}
330
10004
100
AcDbMaterial
  1
Global
 72
     0
 43
0.0008202099737533
 43
0.0
 43
0.0
 43
0.0
 43
0.0
 43
0.0008202099737533
 43
0.0
 43
0.0
 43
0.0
 43
0.0
 43
1.0
 43
0.0
 43
0.0
 43
0.0
 43
0.0
 43
1.0
 77
     0
 47
0.0008202099737533
 47
0.0
 47
0.0
 47
0.0
 47
0.0
 47
0.0008202099737533
 47
0.0
 47
0.0
 47
0.0
 47
0.0
 47
1.0
 47
0.0
 47
0.0
 47
0.0
 47
0.0
 47
1.0
171
     0
 49
0.0008202099737533
 49
0.0
 49
0.0
 49
0.0
 49
0.0
 49
0.0008202099737533
 49
0.0
 49
0.0
 49
0.0
 49
0.0
 49
1.0
 49
0.0
 49
0.0
 49
0.0
 49
0.0
 49
1.0
175
     0
142
0.0008202099737533
142
0.0
142
0.0
142
0.0
142
0.0
142
0.0008202099737533
142
0.0
142
0.0
142
0.0
142
0.0
142
1.0
142
0.0
142
0.0
142
0.0
142
0.0
142
1.0
179
     0
144
0.0008202099737533
144
0.0
144
0.0
144
0.0
144
0.0
144
0.0008202099737533
144
0.0
144
0.0
144
0.0
144
0.0
144
1.0
144
0.0
144
0.0
144
0.0
144
0.0
144
1.0
147
0.0008202099737533
147
0.0
147
0.0
147
0.0
147
0.0
147
0.0008202099737533
147
0.0
147
0.0
147
0.0
147
0.0
147
1.0
147
0.0
147
0.0
147
0.0
147
0.0
147
1.0
  0
MLEADERSTYLE
  5
1004E
102
{ACAD_REACTORS
330
1004D
102
}
330
1004D
100
AcDbMLeaderStyle
179
     2
170
     2
171
     1
172
     0
 90
        2
 40
0.0
 41
0.0
173
     1
 91
-1056964608
340
14
 92
       -2
290
     1
 42
0.09
291
     1
 43
0.36
  3
Standard
 44
0.18
300

342
11
174
     1
178
     6
175
     1
176
     0
 93
-1056964608
 45
0.18
292
     0
297
     0
 46
0.18
 94
-1056964608
 47
1.0
 49
1.0
140
1.0
293
     1
141
0.0
294
     1
177
     0
142
1.0
295
     0
296
     0
143
0.125
271
     0
272
     9
273
     9
  0
MLINESTYLE
  5
1003A
102
{ACAD_REACTORS
330
17
102
}
330
17
100
AcDbMlineStyle
  2
STANDARD
 70
     0
  3

 62
   256
 51
90.0
 52
90.0
 71
     2
 49
0.5
 62
   256
  6
BYLAYER
 49
-0.5
 62
   256
  6
BYLAYER
  0
ACDBPLACEHOLDER
  5
10003
102
{ACAD_REACTORS
330
10002
102
}
330
10002
  0
SCALE
  5
1003C
102
{ACAD_REACTORS
330
1003B
102
}
330
1003B
100
AcDbScale
 70
     0
300
1:1
140
1.0
141
1.0
290
     1
  0
SCALE
  5
1003D
102
{ACAD_REACTORS
330
1003B
102
}
330
1003B
100
AcDbScale
 70
     0
300
1/128" = 1'-0"
140
0.0078125
141
12.0
290
     0
  0
SCALE
  5
1003E
102
{ACAD_REACTORS
330
1003B
102
}
330
1003B
100
AcDbScale
 70
     0
300
1/64" = 1'-0"
140
0.015625
141
12.0
290
     0
  0
SCALE
  5
1003F
102
{ACAD_REACTORS
330
1003B
102
}
330
1003B
100
AcDbScale
 70
     0
300
1/32" = 1'-0"
140
0.03125
141
12.0
290
     0
  0
SCALE
  5
10040
102
{ACAD_REACTORS
330
1003B
102
}
330
1003B
100
AcDbScale
 70
     0
300
1/16" = 1'-0"
140
0.0625
141
12.0
290
     0
  0
SCALE
  5
10041
102
{ACAD_REACTORS
330
1003B
102
}
330
1003B
100
AcDbScale
 70
     0
300
3/32" = 1'-0"
140
0.09375
141
12.0
290
     0
  0
SCALE
  5
10042
102
{ACAD_REACTORS
330
1003B
102
}
330
1003B
100
AcDbScale
 70
     0
300
1/8" = 1'-0"
140
0.125
141
12.0
290
     0
  0
SCALE
  5
10043
102
{ACAD_REACTORS
330
1003B
102
}
330
1003B
100
AcDbScale
 70
     0
300
3/16" = 1'-0"
140
0.1875
141
12.0
290
     0
  0
SCALE
  5
10044
102
{ACAD_REACTORS
330
1003B
102
}
330
1003B
100
AcDbScale
 70
     0
300
1/4" = 1'-0"
140
0.25
141
12.0
290
     0
  0
SCALE
  5
10045
102
{ACAD_REACTORS
330
1003B
102
}
330
1003B
100
AcDbScale
 70
     0
300
3/8" = 1'-0"
140
0.375
141
12.0
290
     0
  0
SCALE
  5
10046
102
{ACAD_REACTORS
330
1003B
102
}
330
1003B
100
AcDbScale
 70
     0
300
1/2" = 1'-0"
140
0.5
141
12.0
290
     0
  0
SCALE
  5
10047
102
{ACAD_REACTORS
330
1003B
102
}
330
1003B
100
AcDbScale
 70
     0
300
3/4" = 1'-0"
140
0.75
141
12.0
290
     0
  0
SCALE
  5
10048
102
{ACAD_REACTORS
330
1003B
102
}
330
1003B
100
AcDbScale
 70
     0
300
1" = 1'-0"
140
1.0
141
12.0
290
     0
  0
SCALE
  5
10049
102
{ACAD_REACTORS
330
1003B
102
}
330
1003B
100
AcDbScale
 70
     0
300
1-1/2" = 1'-0"
140
1.5
141
12.0
290
     0
  0
SCALE
  5
1004A
102
{ACAD_REACTORS
330
1003B
102
}
330
1003B
100
AcDbScale
 70
     0
300
3" = 1'-0"
140
3.0
141
12.0
290
     0
  0
SCALE
  5
1004B
102
{ACAD_REACTORS
330
1003B
102
}
330
1003B
100
AcDbScale
 70
     0
300
6" = 1'-0"
140
6.0
141
12.0
290
     0
  0
SCALE
  5
1004C
102
{ACAD_REACTORS
330
1003B
102
}
330
1003B
100
AcDbScale
 70
     0
300
1'-0" = 1'-0"
140
12.0
141
12.0
290
     0
  0
ACDBSECTIONVIEWSTYLE
  5
10050
102
{ACAD_XDICTIONARY
360
100F9
102
}
102
{ACAD_REACTORS
330
1004F
102
}
330
1004F
100
AcDbModelDocViewStyle
 70
     0
  3
Imperial24
290
     0
100
AcDbSectionViewStyle
 70
     0
 71
     0
 90
       78
 71
     1
340
11
 62
   256
 40
0.24
340
0
340
0
 62
   256
 40
0.24
300
I, O, Q, S, X, Z
 40
0.48
 90
        3
 40
0.18
 90
        1
 71
     2
340
10001
 90
       25
 62
   256
340
10001
 90
       50
 62
   256
 40
0.24
 40
0.0
 40
0.24
 71
     3
340
11
 62
   256
 40
0.24
 90
        1
 40
0.75
 90
        1
300
%<\AcVar ViewType \f "%tc1">% %<\AcVar ViewSectionStartId>%-%<\AcVar ViewSectionEndId>%\PSCALE %<\AcVar ViewScale \f "%sn">%
 71
     4
 62
   256
 62
   257
300
ANSI31
 40
1.0
 90
        0
290
     0
290
     0
 90
        6
 40
0.0
 40
1.570796326794896
 40
0.2617993877991494
 40
1.308996938995747
 40
-0.2617993877991494
 40
1.832595714594045
  0
TABLESTYLE
  5
10039
102
{ACAD_XDICTIONARY
360
10074
102
}
102
{ACAD_REACTORS
330
10038
102
}
330
10038
100
AcDbTableStyle
280
     0
  3
Standard
 70
     0
 71
     0
 40
0.06
 41
0.06
280
     0
281
     0
  7
STANDARD
140
0.18
170
     2
 62
     0
 63
     7
283
     0
 90
      512
 91
        0
  1

274
    -2
284
     1
 64
     0
275
    -2
285
     1
 65
     0
276
    -2
286
     1
 66
     0
277
    -2
287
     1
 67
     0
278
    -2
288
     1
 68
     0
279
    -2
289
     1
 69
     0
  7
STANDARD
140
0.25
170
     5
 62
     0
 63
     7
283
     0
 90
      512
 91
        0
  1

274
    -2
284
     1
 64
     0
275
    -2
285
     1
 65
     0
276
    -2
286
     1
 66
     0
277
    -2
287
     1
 67
     0
278
    -2
288
     1
 68
     0
279
    -2
289
     1
 69
     0
  7
STANDARD
140
0.18
170
     5
 62
     0
 63
     7
283
     0
 90
      512
 91
        0
  1

274
    -2
284
     1
 64
     0
275
    -2
285
     1
 65
     0
276
    -2
286
     1
 66
     0
277
    -2
287
     1
 67
     0
278
    -2
288
     1
 68
     0
279
    -2
289
     1
 69
     0
  0
VISUALSTYLE
  5
10023
102
{ACAD_XDICTIONARY
360
100D3
102
}
102
{ACAD_REACTORS
330
1001D
102
}
330
1001D
100
AcDbVisualStyle
  2
2dWireframe
 70
     4
177
     2
291
     0
 71
     0
176
     1
 72
     2
176
     1
 73
     0
176
     1
 90
        0
176
     1
 40
0.6
176
     1
 41
30.0
176
     1
 63
     7
421
 16777215
176
     1
 74
     1
176
     1
 91
        4
176
     1
 64
     7
176
     1
 65
   257
176
     1
 75
     1
176
     1
175
     1
176
     1
 42
1.0
176
     1
 92
        0
176
     1
 66
   257
176
     1
 43
1.0
176
     1
 76
     1
176
     1
 77
     6
176
     1
 78
     2
176
     1
 67
     7
176
     1
 79
     5
176
     1
170
     0
176
     1
171
     0
176
     1
290
     0
176
     1
 93
        1
176
     1
 44
0.0
176
     1
173
     0
176
     1
1001
ACAD
1000
AcDbSavedByObjectVersion
1070
     0
  0
VISUALSTYLE
  5
10022
102
{ACAD_XDICTIONARY
360
100D1
102
}
102
{ACAD_REACTORS
330
1001D
102
}
330
1001D
100
AcDbVisualStyle
  2
Basic
 70
     7
177
     2
291
     1
 71
     1
176
     1
 72
     0
176
     1
 73
     1
176
     1
 90
        0
176
     1
 40
0.6
176
     1
 41
30.0
176
     1
 63
     7
421
 16777215
176
     1
 74
     0
176
     1
 91
        4
176
     1
 64
     7
176
     1
 65
   257
176
     1
 75
     1
176
     1
175
     1
176
     1
 42
1.0
176
     1
 92
        8
176
     1
 66
     7
176
     1
 43
1.0
176
     1
 76
     1
176
     1
 77
     6
176
     1
 78
     2
176
     1
 67
     7
176
     1
 79
     5
176
     1
170
     0
176
     1
171
     0
176
     1
290
     0
176
     1
 93
        1
176
     1
 44
0.0
176
     1
173
     0
176
     1
1001
ACAD
1000
AcDbSavedByObjectVersion
1070
     0
  0
VISUALSTYLE
  5
10029
102
{ACAD_XDICTIONARY
360
100DF
102
}
102
{ACAD_REACTORS
330
1001D
102
}
330
1001D
100
AcDbVisualStyle
  2
Brighten
 70
    12
177
     2
291
     1
 71
     2
176
     1
 72
     2
176
     1
 73
     0
176
     1
 90
        0
176
     1
 40
0.6
176
     1
 41
30.0
176
     1
 63
     7
421
 16777215
176
     1
 74
     1
176
     1
 91
        4
176
     1
 64
     7
176
     1
 65
   257
176
     1
 75
     1
176
     1
175
     1
176
     1
 42
1.0
176
     1
 92
        8
176
     1
 66
     7
176
     1
 43
1.0
176
     1
 76
     1
176
     1
 77
     6
176
     1
 78
     2
176
     1
 67
     7
176
     1
 79
     5
176
     1
170
     0
176
     1
171
     0
176
     1
290
     0
176
     1
 93
        1
176
     1
 44
50.0
176
     1
173
     0
176
     1
1001
ACAD
1000
AcDbSavedByObjectVersion
1070
     0
  0
VISUALSTYLE
  5
1002D
102
{ACAD_XDICTIONARY
360
100E7
102
}
102
{ACAD_REACTORS
330
1001D
102
}
330
1001D
100
AcDbVisualStyle
  2
ColorChange
 70
    16
177
     2
291
     1
 71
     2
176
     1
 72
     2
176
     1
 73
     3
176
     1
 90
        0
176
     1
 40
0.6
176
     1
 41
30.0
176
     1
 63
     8
421
  8421504
176
     1
 74
     1
176
     1
 91
        4
176
     1
 64
     7
176
     1
 65
   257
176
     1
 75
     1
176
     1
175
     1
176
     1
 42
1.0
176
     1
 92
        8
176
     1
 66
     8
424
  8421504
176
     1
 43
1.0
176
     1
 76
     1
176
     1
 77
     6
176
     1
 78
     2
176
     1
 67
     7
176
     1
 79
     5
176
     1
170
     0
176
     1
171
     0
176
     1
290
     0
176
     1
 93
        1
176
     1
 44
0.0
176
     1
173
     0
176
     1
1001
ACAD
1000
AcDbSavedByObjectVersion
1070
     0
  0
VISUALSTYLE
  5
10026
102
{ACAD_XDICTIONARY
360
100D9
102
}
102
{ACAD_REACTORS
330
1001D
102
}
330
1001D
100
AcDbVisualStyle
  2
Conceptual
 70
     9
177
     2
291
     0
 71
     3
176
     1
 72
     2
176
     1
 73
     0
176
     1
 90
        0
176
     1
 40
0.6
176
     1
 41
30.0
176
     1
 63
     7
421
 16777215
176
     1
 74
     2
176
     1
 91
        2
176
     1
 64
     7
176
     1
 65
   257
176
     1
 75
     1
176
     1
175
     1
176
     1
 42
179.0
176
     1
 92
        8
176
     1
 66
     7
176
     1
 43
1.0
176
     1
 76
     1
176
     1
 77
     6
176
     1
 78
     2
176
     1
 67
     7
176
     1
 79
     3
176
     1
170
     0
176
     1
171
     0
176
     1
290
     0
176
     1
 93
        1
176
     1
 44
0.0
176
     1
173
     0
176
     1
1001
ACAD
1000
AcDbSavedByObjectVersion
1070
     0
  0
VISUALSTYLE
  5
10028
102
{ACAD_XDICTIONARY
360
100DD
102
}
102
{ACAD_REACTORS
330
1001D
102
}
330
1001D
100
AcDbVisualStyle
  2
Dim
 70
    11
177
     2
291
     1
 71
     2
176
     1
 72
     2
176
     1
 73
     0
176
     1
 90
        0
176
     1
 40
0.6
176
     1
 41
30.0
176
     1
 63
     7
421
 16777215
176
     1
 74
     1
176
     1
 91
        4
176
     1
 64
     7
176
     1
 65
   257
176
     1
 75
     1
176
     1
175
     1
176
     1
 42
1.0
176
     1
 92
        8
176
     1
 66
     7
176
     1
 43
1.0
176
     1
 76
     1
176
     1
 77
     6
176
     1
 78
     2
176
     1
 67
     7
176
     1
 79
     5
176
     1
170
     0
176
     1
171
     0
176
     1
290
     0
176
     1
 93
        1
176
     1
 44
-50.0
176
     1
173
     0
176
     1
1001
ACAD
1000
AcDbSavedByObjectVersion
1070
     0
  0
VISUALSTYLE
  5
10035
102
{ACAD_XDICTIONARY
360
100F7
102
}
102
{ACAD_REACTORS
330
1001D
102
}
330
1001D
100
AcDbVisualStyle
  2
EdgeColorOff
 70
    22
177
     2
291
     1
 71
     2
176
     0
 72
     2
176
     0
 73
     0
176
     0
 90
        0
176
     0
 40
0.6
176
     0
 41
30.0
176
     0
 63
     7
421
 16777215
176
     0
 74
     1
176
     0
 91
        4
176
     0
 64
     7
176
     0
 65
   257
176
     0
 75
     1
176
     0
175
     1
176
     0
 42
1.0
176
     0
 92
        8
176
     2
 66
     7
176
     0
 43
1.0
176
     0
 76
     1
176
     0
 77
     6
176
     0
 78
     2
176
     0
 67
     7
176
     0
 79
     5
176
     0
170
     0
176
     0
171
     0
176
     0
290
     0
176
     0
 93
        1
176
     0
 44
0.0
176
     0
173
     0
176
     0
1001
ACAD
1000
AcDbSavedByObjectVersion
1070
     0
  0
VISUALSTYLE
  5
1002C
102
{ACAD_XDICTIONARY
360
100E5
102
}
102
{ACAD_REACTORS
330
1001D
102
}
330
1001D
100
AcDbVisualStyle
  2
Facepattern
 70
    15
177
     2
291
     1
 71
     2
176
     1
 72
     2
176
     1
 73
     0
176
     1
 90
        0
176
     1
 40
0.6
176
     1
 41
30.0
176
     1
 63
     7
421
 16777215
176
     1
 74
     1
176
     1
 91
        4
176
     1
 64
     7
176
     1
 65
   257
176
     1
 75
     1
176
     1
175
     1
176
     1
 42
1.0
176
     1
 92
        8
176
     1
 66
     7
176
     1
 43
1.0
176
     1
 76
     1
176
     1
 77
     6
176
     1
 78
     2
176
     1
 67
     7
176
     1
 79
     5
176
     1
170
     0
176
     1
171
     0
176
     1
290
     0
176
     1
 93
        1
176
     1
 44
0.0
176
     1
173
     0
176
     1
1001
ACAD
1000
AcDbSavedByObjectVersion
1070
     0
  0
VISUALSTYLE
  5
1001E
102
{ACAD_XDICTIONARY
360
100C9
102
}
102
{ACAD_REACTORS
330
1001D
102
}
330
1001D
100
AcDbVisualStyle
  2
Flat
 70
     0
177
     2
291
     1
 71
     2
176
     1
 72
     1
176
     1
 73
     1
176
     1
 90
        2
176
     1
 40
0.6
176
     1
 41
30.0
176
     1
 63
     7
421
 16777215
176
     1
 74
     0
176
     1
 91
        0
176
     1
 64
     7
176
     1
 65
   257
176
     1
 75
     1
176
     1
175
     1
176
     1
 42
1.0
176
     1
 92
        8
176
     1
 66
     7
176
     1
 43
1.0
176
     1
 76
     1
176
     1
 77
     6
176
     1
 78
     2
176
     1
 67
     7
176
     1
 79
     5
176
     1
170
     0
176
     1
171
     0
176
     1
290
     0
176
     1
 93
       13
176
     1
 44
0.0
176
     1
173
     0
176
     1
1001
ACAD
1000
AcDbSavedByObjectVersion
1070
     0
  0
VISUALSTYLE
  5
1001F
102
{ACAD_XDICTIONARY
360
100CB
102
}
102
{ACAD_REACTORS
330
1001D
102
}
330
1001D
100
AcDbVisualStyle
  2
FlatWithEdges
 70
     1
177
     2
291
     1
 71
     2
176
     1
 72
     1
176
     1
 73
     1
176
     1
 90
        2
176
     1
 40
0.6
176
     1
 41
30.0
176
     1
 63
     7
421
 16777215
176
     1
 74
     1
176
     1
 91
        0
176
     1
 64
     7
176
     1
 65
   257
176
     1
 75
     1
176
     1
175
     1
176
     1
 42
1.0
176
     1
 92
        0
176
     1
 66
   257
176
     1
 43
1.0
176
     1
 76
     1
176
     1
 77
     6
176
     1
 78
     2
176
     1
 67
     7
176
     1
 79
     5
176
     1
170
     0
176
     1
171
     0
176
     1
290
     0
176
     1
 93
       13
176
     1
 44
0.0
176
     1
173
     0
176
     1
1001
ACAD
1000
AcDbSavedByObjectVersion
1070
     0
  0
VISUALSTYLE
  5
10020
102
{ACAD_XDICTIONARY
360
100CD
102
}
102
{ACAD_REACTORS
330
1001D
102
}
330
1001D
100
AcDbVisualStyle
  2
Gouraud
 70
     2
177
     2
291
     1
 71
     2
176
     1
 72
     2
176
     1
 73
     1
176
     1
 90
        2
176
     1
 40
0.6
176
     1
 41
30.0
176
     1
 63
     7
421
 16777215
176
     1
 74
     0
176
     1
 91
        0
176
     1
 64
     7
176
     1
 65
   257
176
     1
 75
     1
176
     1
175
     1
176
     1
 42
1.0
176
     1
 92
        0
176
     1
 66
     7
176
     1
 43
1.0
176
     1
 76
     1
176
     1
 77
     6
176
     1
 78
     2
176
     1
 67
     7
176
     1
 79
     5
176
     1
170
     0
176
     1
171
     0
176
     1
290
     0
176
     1
 93
       13
176
     1
 44
0.0
176
     1
173
     0
176
     1
1001
ACAD
1000
AcDbSavedByObjectVersion
1070
     0
  0
VISUALSTYLE
  5
10021
102
{ACAD_XDICTIONARY
360
100CF
102
}
102
{ACAD_REACTORS
330
1001D
102
}
330
1001D
100
AcDbVisualStyle
  2
GouraudWithEdges
 70
     3
177
     2
291
     1
 71
     2
176
     1
 72
     2
176
     1
 73
     1
176
     1
 90
        2
176
     1
 40
0.6
176
     1
 41
30.0
176
     1
 63
     7
421
 16777215
176
     1
 74
     1
176
     1
 91
        0
176
     1
 64
     7
176
     1
 65
   257
176
     1
 75
     1
176
     1
175
     1
176
     1
 42
1.0
176
     1
 92
        0
176
     1
 66
   257
176
     1
 43
1.0
176
     1
 76
     1
176
     1
 77
     6
176
     1
 78
     2
176
     1
 67
     7
176
     1
 79
     5
176
     1
170
     0
176
     1
171
     0
176
     1
290
     0
176
     1
 93
       13
176
     1
 44
0.0
176
     1
173
     0
176
     1
1001
ACAD
1000
AcDbSavedByObjectVersion
1070
     0
  0
VISUALSTYLE
  5
10025
102
{ACAD_XDICTIONARY
360
100D7
102
}
102
{ACAD_REACTORS
330
1001D
102
}
330
1001D
100
AcDbVisualStyle
  2
Hidden
 70
     6
177
     2
291
     0
 71
     1
176
     1
 72
     2
176
     1
 73
     2
176
     1
 90
        0
176
     1
 40
0.6
176
     1
 41
30.0
176
     1
 63
     7
421
 16777215
176
     1
 74
     2
176
     1
 91
        2
176
     1
 64
     7
176
     1
 65
   257
176
     1
 75
     2
176
     1
175
     1
176
     1
 42
40.0
176
     1
 92
        0
176
     1
 66
   257
176
     1
 43
1.0
176
     1
 76
     1
176
     1
 77
     6
176
     1
 78
     2
176
     1
 67
     7
176
     1
 79
     3
176
     1
170
     0
176
     1
171
     0
176
     1
290
     0
176
     1
 93
        1
176
     1
 44
0.0
176
     1
173
     0
176
     1
1001
ACAD
1000
AcDbSavedByObjectVersion
1070
     0
  0
VISUALSTYLE
  5
10033
102
{ACAD_XDICTIONARY
360
100F3
102
}
102
{ACAD_REACTORS
330
1001D
102
}
330
1001D
100
AcDbVisualStyle
  2
JitterOff
 70
    20
177
     2
291
     1
 71
     2
176
     0
 72
     2
176
     0
 73
     0
176
     0
 90
        0
176
     0
 40
0.6
176
     0
 41
30.0
176
     0
 63
     7
421
 16777215
176
     0
 74
     1
176
     0
 91
        4
176
     0
 64
     7
176
     0
 65
   257
176
     0
 75
     1
176
     0
175
     1
176
     0
 42
1.0
176
     0
 92
       10
176
     2
 66
     7
176
     0
 43
1.0
176
     0
 76
     1
176
     0
 77
     6
176
     0
 78
     2
176
     0
 67
     7
176
     0
 79
     5
176
     0
170
     0
176
     0
171
     0
176
     0
290
     0
176
     0
 93
        1
176
     0
 44
0.0
176
     0
173
     0
176
     0
1001
ACAD
1000
AcDbSavedByObjectVersion
1070
     0
  0
VISUALSTYLE
  5
1002B
102
{ACAD_XDICTIONARY
360
100E3
102
}
102
{ACAD_REACTORS
330
1001D
102
}
330
1001D
100
AcDbVisualStyle
  2
Linepattern
 70
    14
177
     2
291
     1
 71
     2
176
     1
 72
     2
176
     1
 73
     0
176
     1
 90
        0
176
     1
 40
0.6
176
     1
 41
30.0
176
     1
 63
     7
421
 16777215
176
     1
 74
     1
176
     1
 91
        4
176
     1
 64
     7
176
     1
 65
   257
176
     1
 75
     7
176
     1
175
     7
176
     1
 42
1.0
176
     1
 92
        8
176
     1
 66
     7
176
     1
 43
1.0
176
     1
 76
     1
176
     1
 77
     6
176
     1
 78
     2
176
     1
 67
     7
176
     1
 79
     5
176
     1
170
     0
176
     1
171
     0
176
     1
290
     0
176
     1
 93
        1
176
     1
 44
0.0
176
     1
173
     0
176
     1
1001
ACAD
1000
AcDbSavedByObjectVersion
1070
     0
  0
VISUALSTYLE
  5
10034
102
{ACAD_XDICTIONARY
360
100F5
102
}
102
{ACAD_REACTORS
330
1001D
102
}
330
1001D
100
AcDbVisualStyle
  2
OverhangOff
 70
    21
177
     2
291
     1
 71
     2
176
     0
 72
     2
176
     0
 73
     0
176
     0
 90
        0
176
     0
 40
0.6
176
     0
 41
30.0
176
     0
 63
     7
421
 16777215
176
     0
 74
     1
176
     0
 91
        4
176
     0
 64
     7
176
     0
 65
   257
176
     0
 75
     1
176
     0
175
     1
176
     0
 42
1.0
176
     0
 92
        9
176
     2
 66
     7
176
     0
 43
1.0
176
     0
 76
     1
176
     0
 77
     6
176
     0
 78
     2
176
     0
 67
     7
176
     0
 79
     5
176
     0
170
     0
176
     0
171
     0
176
     0
290
     0
176
     0
 93
        1
176
     0
 44
0.0
176
     0
173
     0
176
     0
1001
ACAD
1000
AcDbSavedByObjectVersion
1070
     0
  0
VISUALSTYLE
  5
10027
102
{ACAD_XDICTIONARY
360
100DB
102
}
102
{ACAD_REACTORS
330
1001D
102
}
330
1001D
100
AcDbVisualStyle
  2
Realistic
 70
     8
177
     2
291
     0
 71
     2
176
     1
 72
     3
176
     1
 73
     0
176
     1
 90
        2
176
     1
 40
0.6
176
     1
 41
30.0
176
     1
 63
     7
421
 16777215
176
     1
 74
     0
176
     1
 91
        0
176
     1
 64
     7
176
     1
 65
   257
176
     1
 75
     1
176
     1
175
     1
176
     1
 42
1.0
176
     1
 92
        8
176
     1
 66
   257
176
     1
 43
1.0
176
     1
 76
     1
176
     1
 77
     6
176
     1
 78
     2
176
     1
 67
     7
176
     1
 79
     3
176
     1
170
     0
176
     1
171
     0
176
     1
290
     0
176
     1
 93
       13
176
     1
 44
0.0
176
     1
173
     0
176
     1
1001
ACAD
1000
AcDbSavedByObjectVersion
1070
     0
  0
VISUALSTYLE
  5
10032
102
{ACAD_XDICTIONARY
360
100F1
102
}
102
{ACAD_REACTORS
330
1001D
102
}
330
1001D
100
AcDbVisualStyle
  2
Shaded
 70
    27
177
     2
291
     0
 71
     2
176
     1
 72
     2
176
     1
 73
     1
176
     1
 90
        2
176
     1
 40
0.6
176
     1
 41
30.0
176
     1
 63
     7
421
 16777215
176
     1
 74
     0
176
     1
 91
        4
176
     1
 64
     7
176
     1
 65
   257
176
     1
 75
     1
176
     1
175
     1
176
     1
 42
1.0
176
     1
 92
        8
176
     1
 66
   257
176
     1
 43
1.0
176
     1
 76
     1
176
     1
 77
     6
176
     1
 78
     2
176
     1
 67
     8
425
  7895160
176
     1
 79
     3
176
     1
170
     0
176
     1
171
     0
176
     1
290
     0
176
     1
 93
        5
176
     1
 44
0.0
176
     1
173
     0
176
     1
1001
ACAD
1000
AcDbSavedByObjectVersion
1070
     0
  0
VISUALSTYLE
  5
10031
102
{ACAD_XDICTIONARY
360
100EF
102
}
102
{ACAD_REACTORS
330
1001D
102
}
330
1001D
100
AcDbVisualStyle
  2
Shaded with edges
 70
    26
177
     2
291
     0
 71
     2
176
     1
 72
     2
176
     1
 73
     1
176
     1
 90
        2
176
     1
 40
0.6
176
     1
 41
30.0
176
     1
 63
     7
421
 16777215
176
     1
 74
     1
176
     1
 91
        2
176
     1
 64
     7
176
     1
 65
   257
176
     1
 75
     2
176
     1
175
     1
176
     1
 42
1.0
176
     1
 92
        8
176
     1
 66
   257
176
     1
 43
1.0
176
     1
 76
     1
176
     1
 77
     6
176
     1
 78
     2
176
     1
 67
     7
176
     1
 79
     3
176
     1
170
     0
176
     1
171
     0
176
     1
290
     0
176
     1
 93
        5
176
     1
 44
0.0
176
     1
173
     0
176
     1
1001
ACAD
1000
AcDbSavedByObjectVersion
1070
     0
  0
VISUALSTYLE
  5
1002E
102
{ACAD_XDICTIONARY
360
100E9
102
}
102
{ACAD_REACTORS
330
1001D
102
}
330
1001D
100
AcDbVisualStyle
  2
Shades of Gray
 70
    23
177
     2
291
     0
 71
     2
176
     1
 72
     2
176
     1
 73
     3
176
     1
 90
        0
176
     1
 40
0.6
176
     1
 41
30.0
176
     1
 63
     7
421
 16777215
176
     1
 74
     2
176
     1
 91
        2
176
     1
 64
     7
176
     1
 65
     7
176
     1
 75
     1
176
     1
175
     1
176
     1
 42
40.0
176
     1
 92
        8
176
     1
 66
     7
176
     1
 43
1.0
176
     1
 76
     1
176
     1
 77
     6
176
     1
 78
     2
176
     1
 67
     7
176
     1
 79
     3
176
     1
170
     0
176
     1
171
     0
176
     1
290
     0
176
     1
 93
        1
176
     1
 44
0.0
176
     1
173
     0
176
     1
1001
ACAD
1000
AcDbSavedByObjectVersion
1070
     0
  0
VISUALSTYLE
  5
1002F
102
{ACAD_XDICTIONARY
360
100EB
102
}
102
{ACAD_REACTORS
330
1001D
102
}
330
1001D
100
AcDbVisualStyle
  2
Sketchy
 70
    24
177
     2
291
     0
 71
     1
176
     1
 72
     2
176
     1
 73
     2
176
     1
 90
        0
176
     1
 40
0.6
176
     1
 41
30.0
176
     1
 63
     7
421
 16777215
176
     1
 74
     2
176
     1
 91
        2
176
     1
 64
     7
176
     1
 65
     7
176
     1
 75
     1
176
     1
175
     1
176
     1
 42
40.0
176
     1
 92
       11
176
     1
 66
     7
176
     1
 43
1.0
176
     1
 76
     1
176
     1
 77
     6
176
     1
 78
     2
176
     1
 67
     7
176
     1
 79
     6
176
     1
170
     0
176
     1
171
     0
176
     1
290
     0
176
     1
 93
        1
176
     1
 44
0.0
176
     1
173
     0
176
     1
1001
ACAD
1000
AcDbSavedByObjectVersion
1070
     0
  0
VISUALSTYLE
  5
1002A
102
{ACAD_XDICTIONARY
360
100E1
102
}
102
{ACAD_REACTORS
330
1001D
102
}
330
1001D
100
AcDbVisualStyle
  2
Thicken
 70
    13
177
     2
291
     1
 71
     2
176
     1
 72
     2
176
     1
 73
     0
176
     1
 90
        0
176
     1
 40
0.6
176
     1
 41
30.0
176
     1
 63
     7
421
 16777215
176
     1
 74
     1
176
     1
 91
        4
176
     1
 64
     7
176
     1
 65
   257
176
     1
 75
     1
176
     1
175
     1
176
     1
 42
1.0
176
     1
 92
       12
176
     1
 66
     7
176
     1
 43
1.0
176
     1
 76
     1
176
     1
 77
     6
176
     1
 78
     2
176
     1
 67
     7
176
     1
 79
     5
176
     1
170
     0
176
     1
171
     0
176
     1
290
     0
176
     1
 93
        1
176
     1
 44
0.0
176
     1
173
     0
176
     1
1001
ACAD
1000
AcDbSavedByObjectVersion
1070
     0
  0
VISUALSTYLE
  5
10024
102
{ACAD_XDICTIONARY
360
100D5
102
}
102
{ACAD_REACTORS
330
1001D
102
}
330
1001D
100
AcDbVisualStyle
  2
Wireframe
 70
     5
177
     2
291
     0
 71
     0
176
     1
 72
     2
176
     1
 73
     0
176
     1
 90
        0
176
     1
 40
0.6
176
     1
 41
30.0
176
     1
 63
     7
421
 16777215
176
     1
 74
     1
176
     1
 91
        4
176
     1
 64
     7
176
     1
 65
   257
176
     1
 75
     1
176
     1
175
     1
176
     1
 42
1.0
176
     1
 92
        0
176
     1
 66
   257
176
     1
 43
1.0
176
     1
 76
     1
176
     1
 77
     6
176
     1
 78
     2
176
     1
 67
     7
176
     1
 79
     3
176
     1
170
     0
176
     1
171
     0
176
     1
290
     0
176
     1
 93
        1
176
     1
 44
0.0
176
     1
173
     0
176
     1
1001
ACAD
1000
AcDbSavedByObjectVersion
1070
     0
  0
VISUALSTYLE
  5
10030
102
{ACAD_XDICTIONARY
360
100ED
102
}
102
{ACAD_REACTORS
330
1001D
102
}
330
1001D
100
AcDbVisualStyle
  2
X-Ray
 70
    25
177
     2
291
     0
 71
     2
176
     1
 72
     2
176
     1
 73
     1
176
     1
 90
        1
176
     1
 40
0.5
176
     1
 41
30.0
176
     1
 63
     7
421
 16777215
176
     1
 74
     1
176
     1
 91
        0
176
     1
 64
     7
176
     1
 65
   257
176
     1
 75
     1
176
     1
175
     1
176
     1
 42
1.0
176
     1
 92
        8
176
     1
 66
     7
176
     1
 43
1.0
176
     1
 76
     1
176
     1
 77
     6
176
     1
 78
     2
176
     1
 67
     7
176
     1
 79
     3
176
     1
170
     0
176
     1
171
     0
176
     1
290
     0
176
     1
 93
       13
176
     1
 44
0.0
176
     1
173
     0
176
     1
1001
ACAD
1000
AcDbSavedByObjectVersion
1070
     0
  0
DICTIONARYVAR
  5
10070
102
{ACAD_REACTORS
330
1006A
102
}
330
1006A
100
DictionaryVariables
280
     0
  1
1:1
  0
DICTIONARYVAR
  5
1006C
102
{ACAD_REACTORS
330
1006A
102
}
330
1006A
100
DictionaryVariables
280
     0
  1
STANDARD
  0
DICTIONARYVAR
  5
1006B
102
{ACAD_REACTORS
330
1006A
102
}
330
1006A
100
DictionaryVariables
280
     0
  1
STANDARD
  0
DICTIONARYVAR
  5
1006D
102
{ACAD_REACTORS
330
1006A
102
}
330
1006A
100
DictionaryVariables
280
     0
  1
Imperial24
  0
DICTIONARYVAR
  5
1006E
102
{ACAD_REACTORS
330
1006A
102
}
330
1006A
100
DictionaryVariables
280
     0
  1
Imperial24
  0
DICTIONARYVAR
  5
10072
102
{ACAD_REACTORS
330
1006A
102
}
330
1006A
100
DictionaryVariables
280
     0
  1
1
  0
DICTIONARYVAR
  5
10073
102
{ACAD_REACTORS
330
1006A
102
}
330
1006A
100
DictionaryVariables
280
     0
  1
15
  0
DICTIONARYVAR
  5
10071
102
{ACAD_REACTORS
330
1006A
102
}
330
1006A
100
DictionaryVariables
280
     0
  1
0
  0
DICTIONARYVAR
  5
1006F
102
{ACAD_REACTORS
330
1006A
102
}
330
1006A
100
DictionaryVariables
280
     0
  1
0
  0
DICTIONARY
  5
100C8
102
{ACAD_REACTORS
330
100C6
102
}
330
100C6
100
AcDbDictionary
281
     1
  0
DICTIONARY
  5
100C7
102
{ACAD_REACTORS
330
100C6
102
}
330
100C6
100
AcDbDictionary
281
     1
  3
140524426726032
350
100C1
  3
140524426726048
350
100C2
  3
140524426726064
350
100C3
  3
140524426726080
350
100C4
  3
140524426726096
350
100C5
  0
DICTIONARY
  5
100FB
330
10052
100
AcDbDictionary
280
     1
281
     1
  3
ACAD_XREC_ROUNDTRIP
360
100FC
  0
DICTIONARY
  5
1000E
330
1000D
100
AcDbDictionary
280
     1
281
     1
  3
BUMPTILE
360
10010
  3
DIFFUSETILE
360
1000F
  3
OPACITYTILE
360
10013
  3
REFLECTIONTILE
360
10012
  3
REFRACTIONTILE
360
10014
  3
SPECULARTILE
360
10011
  0
DICTIONARY
  5
10006
330
10005
100
AcDbDictionary
280
     1
281
     1
  3
BUMPTILE
360
10008
  3
DIFFUSETILE
360
10007
  3
OPACITYTILE
360
1000B
  3
REFLECTIONTILE
360
1000A
  3
REFRACTIONTILE
360
1000C
  3
SPECULARTILE
360
10009
  0
DICTIONARY
  5
10016
330
10015
100
AcDbDictionary
280
     1
281
     1
  3
BUMPTILE
360
10018
  3
DIFFUSETILE
360
10017
  3
OPACITYTILE
360
1001B
  3
REFLECTIONTILE
360
1001A
  3
REFRACTIONTILE
360
1001C
  3
SPECULARTILE
360
10019
  0
DICTIONARY
  5
100F9
330
10050
100
AcDbDictionary
280
     1
281
     1
  3
ACAD_XREC_ROUNDTRIP
360
100FA
  0
DICTIONARY
  5
10074
330
10039
100
AcDbDictionary
280
     1
281
     1
  3
ACAD_ROUNDTRIP_2008_TABLESTYLE_CELLSTYLEMAP
360
100BF
  0
DICTIONARY
  5
100D3
330
10023
100
AcDbDictionary
280
     1
281
     1
  3
ACAD_XREC_ROUNDTRIP
360
100D4
  0
DICTIONARY
  5
100D1
330
10022
100
AcDbDictionary
280
     1
281
     1
  3
ACAD_XREC_ROUNDTRIP
360
100D2
  0
DICTIONARY
  5
100DF
330
10029
100
AcDbDictionary
280
     1
281
     1
  3
ACAD_XREC_ROUNDTRIP
360
100E0
  0
DICTIONARY
  5
100E7
330
1002D
100
AcDbDictionary
280
     1
281
     1
  3
ACAD_XREC_ROUNDTRIP
360
100E8
  0
DICTIONARY
  5
100D9
330
10026
100
AcDbDictionary
280
     1
281
     1
  3
ACAD_XREC_ROUNDTRIP
360
100DA
  0
DICTIONARY
  5
100DD
330
10028
100
AcDbDictionary
280
     1
281
     1
  3
ACAD_XREC_ROUNDTRIP
360
100DE
  0
DICTIONARY
  5
100F7
330
10035
100
AcDbDictionary
280
     1
281
     1
  3
ACAD_XREC_ROUNDTRIP
360
100F8
  0
DICTIONARY
  5
100E5
330
1002C
100
AcDbDictionary
280
     1
281
     1
  3
ACAD_XREC_ROUNDTRIP
360
100E6
  0
DICTIONARY
  5
100C9
330
1001E
100
AcDbDictionary
280
     1
281
     1
  3
ACAD_XREC_ROUNDTRIP
360
100CA
  0
DICTIONARY
  5
100CB
330
1001F
100
AcDbDictionary
280
     1
281
     1
  3
ACAD_XREC_ROUNDTRIP
360
100CC
  0
DICTIONARY
  5
100CD
330
10020
100
AcDbDictionary
280
     1
281
     1
  3
ACAD_XREC_ROUNDTRIP
360
100CE
  0
DICTIONARY
  5
100CF
330
10021
100
AcDbDictionary
280
     1
281
     1
  3
ACAD_XREC_ROUNDTRIP
360
100D0
  0
DICTIONARY
  5
100D7
330
10025
100
AcDbDictionary
280
     1
281
     1
  3
ACAD_XREC_ROUNDTRIP
360
100D8
  0
DICTIONARY
  5
100F3
330
10033
100
AcDbDictionary
280
     1
281
     1
  3
ACAD_XREC_ROUNDTRIP
360
100F4
  0
DICTIONARY
  5
100E3
330
1002B
100
AcDbDictionary
280
     1
281
     1
  3
ACAD_XREC_ROUNDTRIP
360
100E4
  0
DICTIONARY
  5
100F5
330
10034
100
AcDbDictionary
280
     1
281
     1
  3
ACAD_XREC_ROUNDTRIP
360
100F6
  0
DICTIONARY
  5
100DB
330
10027
100
AcDbDictionary
280
     1
281
     1
  3
ACAD_XREC_ROUNDTRIP
360
100DC
  0
DICTIONARY
  5
100F1
330
10032
100
AcDbDictionary
280
     1
281
     1
  3
ACAD_XREC_ROUNDTRIP
360
100F2
  0
DICTIONARY
  5
100EF
330
10031
100
AcDbDictionary
280
     1
281
     1
  3
ACAD_XREC_ROUNDTRIP
360
100F0
  0
DICTIONARY
  5
100E9
330
1002E
100
AcDbDictionary
280
     1
281
     1
  3
ACAD_XREC_ROUNDTRIP
360
100EA
  0
DICTIONARY
  5
100EB
330
1002F
100
AcDbDictionary
280
     1
281
     1
  3
ACAD_XREC_ROUNDTRIP
360
100EC
  0
DICTIONARY
  5
100E1
330
1002A
100
AcDbDictionary
280
     1
281
     1
  3
ACAD_XREC_ROUNDTRIP
360
100E2
  0
DICTIONARY
  5
100D5
330
10024
100
AcDbDictionary
280
     1
281
     1
  3
ACAD_XREC_ROUNDTRIP
360
100D6
  0
DICTIONARY
  5
100ED
330
10030
100
AcDbDictionary
280
     1
281
     1
  3
ACAD_XREC_ROUNDTRIP
360
100EE
  0
XRECORD
  5
100C1
102
{ACAD_REACTORS
330
100C7
102
}
330
100C7
100
AcDbXrecord
280
     1
  1
AcDb_Thumbnail_Schema
102
{ATTRRECORD
341
100C2
  2
AcDbDs::TreatedAsObjectData
280
     1
291
     1
102
ATTRRECORD}
102
{ATTRRECORD
341
100C3
  2
AcDbDs::Legacy
280
     1
291
     1
102
ATTRRECORD}
  2
AcDbDs::ID
280
    10
 91
        8
102
{ATTRRECORD
341
100C4
  2
AcDs:Indexable
280
     1
291
     1
102
ATTRRECORD}
102
{ATTRRECORD
341
100C5
  2
AcDbDs::HandleAttribute
280
     7
282
     1
102
ATTRRECORD}
  2
Thumbnail_Data
280
    15
 91
        0
  0
XRECORD
  5
100C2
102
{ACAD_REACTORS
330
100C7
102
}
330
100C7
100
AcDbXrecord
280
     1
  1
AcDbDs::TreatedAsObjectDataSchema
  2
AcDbDs::TreatedAsObjectData
280
     1
 91
        0
  0
XRECORD
  5
100C3
102
{ACAD_REACTORS
330
100C7
102
}
330
100C7
100
AcDbXrecord
280
     1
  1
AcDbDs::LegacySchema
  2
AcDbDs::Legacy
280
     1
 91
        0
  0
XRECORD
  5
100C4
102
{ACAD_REACTORS
330
100C7
102
}
330
100C7
100
AcDbXrecord
280
     1
  1
AcDbDs::IndexedPropertySchema
  2
AcDs:Indexable
280
     1
 91
        0
  0
XRECORD
  5
100C5
102
{ACAD_REACTORS
330
100C7
102
}
330
100C7
100
AcDbXrecord
280
     1
  1
AcDbDs::HandleAttributeSchema
  2
AcDbDs::HandleAttribute
280
     7
 91
        1
284
     1
  0
XRECORD
  5
100FC
102
{ACAD_REACTORS
330
100FB
102
}
330
100FB
100
AcDbXrecord
280
     1
102
DISPLAYNAME
  1
Imperial24
102
FLAGS
 90
        0
  0
XRECORD
  5
10010
102
{ACAD_REACTORS
330
1000E
102
}
330
1000E
100
AcDbXrecord
280
     1
270
     1
271
     1
  0
XRECORD
  5
1000F
102
{ACAD_REACTORS
330
1000E
102
}
330
1000E
100
AcDbXrecord
280
     1
270
     1
271
     1
  0
XRECORD
  5
10013
102
{ACAD_REACTORS
330
1000E
102
}
330
1000E
100
AcDbXrecord
280
     1
270
     1
271
     1
  0
XRECORD
  5
10012
102
{ACAD_REACTORS
330
1000E
102
}
330
1000E
100
AcDbXrecord
280
     1
270
     1
271
     1
  0
XRECORD
  5
10014
102
{ACAD_REACTORS
330
1000E
102
}
330
1000E
100
AcDbXrecord
280
     1
270
     1
271
     1
  0
XRECORD
  5
10011
102
{ACAD_REACTORS
330
1000E
102
}
330
1000E
100
AcDbXrecord
280
     1
270
     1
271
     1
  0
XRECORD
  5
10008
102
{ACAD_REACTORS
330
10006
102
}
330
10006
100
AcDbXrecord
280
     1
270
     1
271
     1
  0
XRECORD
  5
10007
102
{ACAD_REACTORS
330
10006
102
}
330
10006
100
AcDbXrecord
280
     1
270
     1
271
     1
  0
XRECORD
  5
1000B
102
{ACAD_REACTORS
330
10006
102
}
330
10006
100
AcDbXrecord
280
     1
270
     1
271
     1
  0
XRECORD
  5
1000A
102
{ACAD_REACTORS
330
10006
102
}
330
10006
100
AcDbXrecord
280
     1
270
     1
271
     1
  0
XRECORD
  5
1000C
102
{ACAD_REACTORS
330
10006
102
}
330
10006
100
AcDbXrecord
280
     1
270
     1
271
     1
  0
XRECORD
  5
10009
102
{ACAD_REACTORS
330
10006
102
}
330
10006
100
AcDbXrecord
280
     1
270
     1
271
     1
  0
XRECORD
  5
10018
102
{ACAD_REACTORS
330
10016
102
}
330
10016
100
AcDbXrecord
280
     1
270
     1
271
     1
  0
XRECORD
  5
10017
102
{ACAD_REACTORS
330
10016
102
}
330
10016
100
AcDbXrecord
280
     1
270
     1
271
     1
  0
XRECORD
  5
1001B
102
{ACAD_REACTORS
330
10016
102
}
330
10016
100
AcDbXrecord
280
     1
270
     1
271
     1
  0
XRECORD
  5
1001A
102
{ACAD_REACTORS
330
10016
102
}
330
10016
100
AcDbXrecord
280
     1
270
     1
271
     1
  0
XRECORD
  5
1001C
102
{ACAD_REACTORS
330
10016
102
}
330
10016
100
AcDbXrecord
280
     1
270
     1
271
     1
  0
XRECORD
  5
10019
102
{ACAD_REACTORS
330
10016
102
}
330
10016
100
AcDbXrecord
280
     1
270
     1
271
     1
  0
XRECORD
  5
100FA
102
{ACAD_REACTORS
330
100F9
102
}
330
100F9
100
AcDbXrecord
280
     1
102
DISPLAYNAME
  1
Imperial24
102
FLAGS
 90
        0
  0
CELLSTYLEMAP
  5
100BF
102
{ACAD_REACTORS
330
10074
102
}
330
10074
100
AcDbCellStyleMap
 90
        3
300
CELLSTYLE
  1
TABLEFORMAT_BEGIN
 90
        5
170
     1
 91
        0
 92
    32768
 62
   257
 93
        1
300
CONTENTFORMAT
  1
CONTENTFORMAT_BEGIN
 90
        0
 91
        0
 92
      512
 93
        0
300

 40
0.0
140
1.0
 94
        5
 62
     0
340
11
144
0.25
309
CONTENTFORMAT_END
171
     1
301
MARGIN
  1
CELLMARGIN_BEGIN
 40
0.06
 40
0.06
 40
0.06
 40
0.06
 40
0.18
 40
0.18
309
CELLMARGIN_END
 94
        6
 95
        1
302
GRIDFORMAT
  1
GRIDFORMAT_BEGIN
 90
        0
 91
        1
 62
     0
 92
       -2
340
0
 93
        0
 40
0.045
309
GRIDFORMAT_END
 95
        2
302
GRIDFORMAT
  1
GRIDFORMAT_BEGIN
 90
        0
 91
        1
 62
     0
 92
       -2
340
0
 93
        0
 40
0.045
309
GRIDFORMAT_END
 95
        4
302
GRIDFORMAT
  1
GRIDFORMAT_BEGIN
 90
        0
 91
        1
 62
     0
 92
       -2
340
0
 93
        0
 40
0.045
309
GRIDFORMAT_END
 95
        8
302
GRIDFORMAT
  1
GRIDFORMAT_BEGIN
 90
        0
 91
        1
 62
     0
 92
       -2
340
0
 93
        0
 40
0.045
309
GRIDFORMAT_END
 95
       16
302
GRIDFORMAT
  1
GRIDFORMAT_BEGIN
 90
        0
 91
        1
 62
     0
 92
       -2
340
0
 93
        0
 40
0.045
309
GRIDFORMAT_END
 95
       32
302
GRIDFORMAT
  1
GRIDFORMAT_BEGIN
 90
        0
 91
        1
 62
     0
 92
       -2
340
0
 93
        0
 40
0.045
309
GRIDFORMAT_END
309
TABLEFORMAT_END
  1
CELLSTYLE_BEGIN
 90
        1
 91
        1
300
_TITLE
309
CELLSTYLE_END
300
CELLSTYLE
  1
TABLEFORMAT_BEGIN
 90
        5
170
     1
 91
        0
 92
        0
 62
   257
 93
        1
300
CONTENTFORMAT
  1
CONTENTFORMAT_BEGIN
 90
        0
 91
        0
 92
      512
 93
        0
300

 40
0.0
140
1.0
 94
        5
 62
     0
340
11
144
0.18
309
CONTENTFORMAT_END
171
     1
301
MARGIN
  1
CELLMARGIN_BEGIN
 40
0.06
 40
0.06
 40
0.06
 40
0.06
 40
0.18
 40
0.18
309
CELLMARGIN_END
 94
        6
 95
        1
302
GRIDFORMAT
  1
GRIDFORMAT_BEGIN
 90
        0
 91
        1
 62
     0
 92
       -2
340
0
 93
        0
 40
0.045
309
GRIDFORMAT_END
 95
        2
302
GRIDFORMAT
  1
GRIDFORMAT_BEGIN
 90
        0
 91
        1
 62
     0
 92
       -2
340
0
 93
        0
 40
0.045
309
GRIDFORMAT_END
 95
        4
302
GRIDFORMAT
  1
GRIDFORMAT_BEGIN
 90
        0
 91
        1
 62
     0
 92
       -2
340
0
 93
        0
 40
0.045
309
GRIDFORMAT_END
 95
        8
302
GRIDFORMAT
  1
GRIDFORMAT_BEGIN
 90
        0
 91
        1
 62
     0
 92
       -2
340
0
 93
        0
 40
0.045
309
GRIDFORMAT_END
 95
       16
302
GRIDFORMAT
  1
GRIDFORMAT_BEGIN
 90
        0
 91
        1
 62
     0
 92
       -2
340
0
 93
        0
 40
0.045
309
GRIDFORMAT_END
 95
       32
302
GRIDFORMAT
  1
GRIDFORMAT_BEGIN
 90
        0
 91
        1
 62
     0
 92
       -2
340
0
 93
        0
 40
0.045
309
GRIDFORMAT_END
309
TABLEFORMAT_END
  1
CELLSTYLE_BEGIN
 90
        2
 91
        1
300
_HEADER
309
CELLSTYLE_END
300
CELLSTYLE
  1
TABLEFORMAT_BEGIN
 90
        5
170
     1
 91
        0
 92
        0
 62
   257
 93
        1
300
CONTENTFORMAT
  1
CONTENTFORMAT_BEGIN
 90
        0
 91
        0
 92
      512
 93
        0
300

 40
0.0
140
1.0
 94
        2
 62
     0
340
11
144
0.18
309
CONTENTFORMAT_END
171
     1
301
MARGIN
  1
CELLMARGIN_BEGIN
 40
0.06
 40
0.06
 40
0.06
 40
0.06
 40
0.18
 40
0.18
309
CELLMARGIN_END
 94
        6
 95
        1
302
GRIDFORMAT
  1
GRIDFORMAT_BEGIN
 90
        0
 91
        1
 62
     0
 92
       -2
340
0
 93
        0
 40
0.045
309
GRIDFORMAT_END
 95
        2
302
GRIDFORMAT
  1
GRIDFORMAT_BEGIN
 90
        0
 91
        1
 62
     0
 92
       -2
340
0
 93
        0
 40
0.045
309
GRIDFORMAT_END
 95
        4
302
GRIDFORMAT
  1
GRIDFORMAT_BEGIN
 90
        0
 91
        1
 62
     0
 92
       -2
340
0
 93
        0
 40
0.045
309
GRIDFORMAT_END
 95
        8
302
GRIDFORMAT
  1
GRIDFORMAT_BEGIN
 90
        0
 91
        1
 62
     0
 92
       -2
340
0
 93
        0
 40
0.045
309
GRIDFORMAT_END
 95
       16
302
GRIDFORMAT
  1
GRIDFORMAT_BEGIN
 90
        0
 91
        1
 62
     0
 92
       -2
340
0
 93
        0
 40
0.045
309
GRIDFORMAT_END
 95
       32
302
GRIDFORMAT
  1
GRIDFORMAT_BEGIN
 90
        0
 91
        1
 62
     0
 92
       -2
340
0
 93
        0
 40
0.045
309
GRIDFORMAT_END
309
TABLEFORMAT_END
  1
CELLSTYLE_BEGIN
 90
        3
 91
        2
300
_DATA
309
CELLSTYLE_END
  0
XRECORD
  5
100D4
102
{ACAD_REACTORS
330
100D3
102
}
330
100D3
100
AcDbXrecord
280
     1
102
RTVSPost2010Prop28
280
     1
102
RTVSPost2010PropOp28
 70
     1
102
RTVSPost2010Prop29
280
     1
102
RTVSPost2010PropOp29
 70
     1
102
RTVSPost2010Prop30
280
     0
102
RTVSPost2010PropOp30
 70
     1
102
RTVSPost2010Prop31
280
     0
102
RTVSPost2010PropOp31
 70
     1
102
RTVSPost2010Prop32
280
     0
102
RTVSPost2010PropOp32
 70
     1
102
RTVSPost2010Prop33
280
     0
102
RTVSPost2010PropOp33
 70
     1
102
RTVSPost2010Prop34
280
     0
102
RTVSPost2010PropOp34
 70
     1
102
RTVSPost2010Prop35
280
     0
102
RTVSPost2010PropOp35
 70
     1
102
RTVSPost2010Prop36
280
     0
102
RTVSPost2010PropOp36
 70
     1
102
RTVSPost2010Prop37
 90
       50
102
RTVSPost2010PropOp37
 70
     1
102
RTVSPost2010Prop38
140
0.0
102
RTVSPost2010PropOp38
 70
     1
102
RTVSPost2010Prop39
140
1.0
102
RTVSPost2010PropOp39
 70
     1
102
RTVSPost2010Prop40
 90
        0
102
RTVSPost2010PropOp40
 70
     1
102
RTVSPost2010Prop41ColorIndex
 90
       18
102
RTVSPost2010Prop41ColorRGB
 90
        0
102
RTVSPost2010PropOp41
 70
     1
102
RTVSPost2010Prop42
 90
       50
102
RTVSPost2010PropOp42
 70
     1
102
RTVSPost2010Prop43
 90
        3
102
RTVSPost2010PropOp43
 70
     1
102
RTVSPost2010Prop44ColorIndex
 90
        5
102
RTVSPost2010Prop44ColorRGB
 90
      255
102
RTVSPost2010PropOp44
 70
     1
102
RTVSPost2010Prop45
280
     0
102
RTVSPost2010PropOp45
 70
     1
102
RTVSPost2010Prop46
 90
       50
102
RTVSPost2010PropOp46
 70
     1
102
RTVSPost2010Prop47
 90
       50
102
RTVSPost2010PropOp47
 70
     1
102
RTVSPost2010Prop48
 90
       50
102
RTVSPost2010PropOp48
 70
     1
102
RTVSPost2010Prop49
280
     0
102
RTVSPost2010PropOp49
 70
     1
102
RTVSPost2010Prop50
 90
       50
102
RTVSPost2010PropOp50
 70
     1
102
RTVSPost2010Prop51ColorIndex
 90
      256
102
RTVSPost2010Prop51ColorRGB
 90
-16777216
102
RTVSPost2010PropOp51
 70
     0
102
RTVSPost2010Prop52
140
1.0
102
RTVSPost2010PropOp52
 70
     0
102
RTVSPost2010Prop53
 90
        2
102
RTVSPost2010PropOp53
 70
     1
102
RTVSPost2010Prop54
  1
strokes_ogs.tif
102
RTVSPost2010PropOp54
 70
     1
102
RTVSPost2010Prop55
280
     0
102
RTVSPost2010PropOp55
 70
     1
102
RTVSPost2010Prop56
140
1.0
102
RTVSPost2010PropOp56
 70
     1
102
RTVSPost2010Prop57
140
1.0
102
RTVSPost2010PropOp57
 70
     1
  0
XRECORD
  5
100D2
102
{ACAD_REACTORS
330
100D1
102
}
330
100D1
100
AcDbXrecord
280
     1
102
RTVSPost2010Prop28
280
     0
102
RTVSPost2010PropOp28
 70
     1
102
RTVSPost2010Prop29
280
     1
102
RTVSPost2010PropOp29
 70
     1
102
RTVSPost2010Prop30
280
     1
102
RTVSPost2010PropOp30
 70
     1
102
RTVSPost2010Prop31
280
     0
102
RTVSPost2010PropOp31
 70
     1
102
RTVSPost2010Prop32
280
     0
102
RTVSPost2010PropOp32
 70
     1
102
RTVSPost2010Prop33
280
     0
102
RTVSPost2010PropOp33
 70
     1
102
RTVSPost2010Prop34
280
     0
102
RTVSPost2010PropOp34
 70
     1
102
RTVSPost2010Prop35
280
     0
102
RTVSPost2010PropOp35
 70
     1
102
RTVSPost2010Prop36
280
     0
102
RTVSPost2010PropOp36
 70
     1
102
RTVSPost2010Prop37
 90
       50
102
RTVSPost2010PropOp37
 70
     1
102
RTVSPost2010Prop38
140
0.0
102
RTVSPost2010PropOp38
 70
     1
102
RTVSPost2010Prop39
140
1.0
102
RTVSPost2010PropOp39
 70
     1
102
RTVSPost2010Prop40
 90
        0
102
RTVSPost2010PropOp40
 70
     1
102
RTVSPost2010Prop41ColorIndex
 90
       18
102
RTVSPost2010Prop41ColorRGB
 90
        0
102
RTVSPost2010PropOp41
 70
     1
102
RTVSPost2010Prop42
 90
       50
102
RTVSPost2010PropOp42
 70
     1
102
RTVSPost2010Prop43
 90
        3
102
RTVSPost2010PropOp43
 70
     1
102
RTVSPost2010Prop44ColorIndex
 90
        5
102
RTVSPost2010Prop44ColorRGB
 90
      255
102
RTVSPost2010PropOp44
 70
     1
102
RTVSPost2010Prop45
280
     0
102
RTVSPost2010PropOp45
 70
     1
102
RTVSPost2010Prop46
 90
       50
102
RTVSPost2010PropOp46
 70
     1
102
RTVSPost2010Prop47
 90
       50
102
RTVSPost2010PropOp47
 70
     1
102
RTVSPost2010Prop48
 90
       50
102
RTVSPost2010PropOp48
 70
     1
102
RTVSPost2010Prop49
280
     0
102
RTVSPost2010PropOp49
 70
     1
102
RTVSPost2010Prop50
 90
       50
102
RTVSPost2010PropOp50
 70
     1
102
RTVSPost2010Prop51ColorIndex
 90
      256
102
RTVSPost2010Prop51ColorRGB
 90
-16777216
102
RTVSPost2010PropOp51
 70
     0
102
RTVSPost2010Prop52
140
1.0
102
RTVSPost2010PropOp52
 70
     0
102
RTVSPost2010Prop53
 90
        2
102
RTVSPost2010PropOp53
 70
     1
102
RTVSPost2010Prop54
  1
strokes_ogs.tif
102
RTVSPost2010PropOp54
 70
     1
102
RTVSPost2010Prop55
280
     0
102
RTVSPost2010PropOp55
 70
     1
102
RTVSPost2010Prop56
140
1.0
102
RTVSPost2010PropOp56
 70
     1
102
RTVSPost2010Prop57
140
1.0
102
RTVSPost2010PropOp57
 70
     1
  0
XRECORD
  5
100E0
102
{ACAD_REACTORS
330
100DF
102
}
330
100DF
100
AcDbXrecord
280
     1
102
RTVSPost2010Prop28
280
     0
102
RTVSPost2010PropOp28
 70
     1
102
RTVSPost2010Prop29
280
     1
102
RTVSPost2010PropOp29
 70
     1
102
RTVSPost2010Prop30
280
     1
102
RTVSPost2010PropOp30
 70
     1
102
RTVSPost2010Prop31
280
     0
102
RTVSPost2010PropOp31
 70
     1
102
RTVSPost2010Prop32
280
     0
102
RTVSPost2010PropOp32
 70
     1
102
RTVSPost2010Prop33
280
     0
102
RTVSPost2010PropOp33
 70
     1
102
RTVSPost2010Prop34
280
     0
102
RTVSPost2010PropOp34
 70
     1
102
RTVSPost2010Prop35
280
     0
102
RTVSPost2010PropOp35
 70
     1
102
RTVSPost2010Prop36
280
     0
102
RTVSPost2010PropOp36
 70
     1
102
RTVSPost2010Prop37
 90
       50
102
RTVSPost2010PropOp37
 70
     1
102
RTVSPost2010Prop38
140
0.0
102
RTVSPost2010PropOp38
 70
     1
102
RTVSPost2010Prop39
140
1.0
102
RTVSPost2010PropOp39
 70
     1
102
RTVSPost2010Prop40
 90
        0
102
RTVSPost2010PropOp40
 70
     1
102
RTVSPost2010Prop41ColorIndex
 90
       18
102
RTVSPost2010Prop41ColorRGB
 90
        0
102
RTVSPost2010PropOp41
 70
     1
102
RTVSPost2010Prop42
 90
       50
102
RTVSPost2010PropOp42
 70
     1
102
RTVSPost2010Prop43
 90
        3
102
RTVSPost2010PropOp43
 70
     1
102
RTVSPost2010Prop44ColorIndex
 90
        5
102
RTVSPost2010Prop44ColorRGB
 90
      255
102
RTVSPost2010PropOp44
 70
     1
102
RTVSPost2010Prop45
280
     0
102
RTVSPost2010PropOp45
 70
     1
102
RTVSPost2010Prop46
 90
       50
102
RTVSPost2010PropOp46
 70
     1
102
RTVSPost2010Prop47
 90
       50
102
RTVSPost2010PropOp47
 70
     1
102
RTVSPost2010Prop48
 90
       50
102
RTVSPost2010PropOp48
 70
     1
102
RTVSPost2010Prop49
280
     0
102
RTVSPost2010PropOp49
 70
     1
102
RTVSPost2010Prop50
 90
       50
102
RTVSPost2010PropOp50
 70
     1
102
RTVSPost2010Prop51ColorIndex
 90
      256
102
RTVSPost2010Prop51ColorRGB
 90
-16777216
102
RTVSPost2010PropOp51
 70
     0
102
RTVSPost2010Prop52
140
1.0
102
RTVSPost2010PropOp52
 70
     0
102
RTVSPost2010Prop53
 90
        2
102
RTVSPost2010PropOp53
 70
     1
102
RTVSPost2010Prop54
  1
strokes_ogs.tif
102
RTVSPost2010PropOp54
 70
     1
102
RTVSPost2010Prop55
280
     0
102
RTVSPost2010PropOp55
 70
     1
102
RTVSPost2010Prop56
140
1.0
102
RTVSPost2010PropOp56
 70
     1
102
RTVSPost2010Prop57
140
1.0
102
RTVSPost2010PropOp57
 70
     1
  0
XRECORD
  5
100E8
102
{ACAD_REACTORS
330
100E7
102
}
330
100E7
100
AcDbXrecord
280
     1
102
RTVSPost2010Prop28
280
     0
102
RTVSPost2010PropOp28
 70
     1
102
RTVSPost2010Prop29
280
     1
102
RTVSPost2010PropOp29
 70
     1
102
RTVSPost2010Prop30
280
     1
102
RTVSPost2010PropOp30
 70
     1
102
RTVSPost2010Prop31
280
     0
102
RTVSPost2010PropOp31
 70
     1
102
RTVSPost2010Prop32
280
     0
102
RTVSPost2010PropOp32
 70
     1
102
RTVSPost2010Prop33
280
     0
102
RTVSPost2010PropOp33
 70
     1
102
RTVSPost2010Prop34
280
     0
102
RTVSPost2010PropOp34
 70
     1
102
RTVSPost2010Prop35
280
     0
102
RTVSPost2010PropOp35
 70
     1
102
RTVSPost2010Prop36
280
     0
102
RTVSPost2010PropOp36
 70
     1
102
RTVSPost2010Prop37
 90
       50
102
RTVSPost2010PropOp37
 70
     1
102
RTVSPost2010Prop38
140
0.0
102
RTVSPost2010PropOp38
 70
     1
102
RTVSPost2010Prop39
140
1.0
102
RTVSPost2010PropOp39
 70
     1
102
RTVSPost2010Prop40
 90
        0
102
RTVSPost2010PropOp40
 70
     1
102
RTVSPost2010Prop41ColorIndex
 90
       18
102
RTVSPost2010Prop41ColorRGB
 90
        0
102
RTVSPost2010PropOp41
 70
     1
102
RTVSPost2010Prop42
 90
       50
102
RTVSPost2010PropOp42
 70
     1
102
RTVSPost2010Prop43
 90
        3
102
RTVSPost2010PropOp43
 70
     1
102
RTVSPost2010Prop44ColorIndex
 90
        5
102
RTVSPost2010Prop44ColorRGB
 90
      255
102
RTVSPost2010PropOp44
 70
     1
102
RTVSPost2010Prop45
280
     0
102
RTVSPost2010PropOp45
 70
     1
102
RTVSPost2010Prop46
 90
       50
102
RTVSPost2010PropOp46
 70
     1
102
RTVSPost2010Prop47
 90
       50
102
RTVSPost2010PropOp47
 70
     1
102
RTVSPost2010Prop48
 90
       50
102
RTVSPost2010PropOp48
 70
     1
102
RTVSPost2010Prop49
280
     0
102
RTVSPost2010PropOp49
 70
     1
102
RTVSPost2010Prop50
 90
       50
102
RTVSPost2010PropOp50
 70
     1
102
RTVSPost2010Prop51ColorIndex
 90
      256
102
RTVSPost2010Prop51ColorRGB
 90
-16777216
102
RTVSPost2010PropOp51
 70
     0
102
RTVSPost2010Prop52
140
1.0
102
RTVSPost2010PropOp52
 70
     0
102
RTVSPost2010Prop53
 90
        2
102
RTVSPost2010PropOp53
 70
     1
102
RTVSPost2010Prop54
  1
strokes_ogs.tif
102
RTVSPost2010PropOp54
 70
     1
102
RTVSPost2010Prop55
280
     0
102
RTVSPost2010PropOp55
 70
     1
102
RTVSPost2010Prop56
140
1.0
102
RTVSPost2010PropOp56
 70
     1
102
RTVSPost2010Prop57
140
1.0
102
RTVSPost2010PropOp57
 70
     1
  0
XRECORD
  5
100DA
102
{ACAD_REACTORS
330
100D9
102
}
330
100D9
100
AcDbXrecord
280
     1
102
RTVSPost2010Prop28
280
     0
102
RTVSPost2010PropOp28
 70
     1
102
RTVSPost2010Prop29
280
     1
102
RTVSPost2010PropOp29
 70
     1
102
RTVSPost2010Prop30
280
     1
102
RTVSPost2010PropOp30
 70
     1
102
RTVSPost2010Prop31
280
     0
102
RTVSPost2010PropOp31
 70
     1
102
RTVSPost2010Prop32
280
     0
102
RTVSPost2010PropOp32
 70
     1
102
RTVSPost2010Prop33
280
     0
102
RTVSPost2010PropOp33
 70
     1
102
RTVSPost2010Prop34
280
     0
102
RTVSPost2010PropOp34
 70
     1
102
RTVSPost2010Prop35
280
     0
102
RTVSPost2010PropOp35
 70
     1
102
RTVSPost2010Prop36
280
     0
102
RTVSPost2010PropOp36
 70
     1
102
RTVSPost2010Prop37
 90
       50
102
RTVSPost2010PropOp37
 70
     1
102
RTVSPost2010Prop38
140
0.0
102
RTVSPost2010PropOp38
 70
     1
102
RTVSPost2010Prop39
140
1.0
102
RTVSPost2010PropOp39
 70
     1
102
RTVSPost2010Prop40
 90
        0
102
RTVSPost2010PropOp40
 70
     1
102
RTVSPost2010Prop41ColorIndex
 90
       18
102
RTVSPost2010Prop41ColorRGB
 90
        0
102
RTVSPost2010PropOp41
 70
     1
102
RTVSPost2010Prop42
 90
       50
102
RTVSPost2010PropOp42
 70
     1
102
RTVSPost2010Prop43
 90
        3
102
RTVSPost2010PropOp43
 70
     1
102
RTVSPost2010Prop44ColorIndex
 90
        5
102
RTVSPost2010Prop44ColorRGB
 90
      255
102
RTVSPost2010PropOp44
 70
     1
102
RTVSPost2010Prop45
280
     0
102
RTVSPost2010PropOp45
 70
     1
102
RTVSPost2010Prop46
 90
       50
102
RTVSPost2010PropOp46
 70
     1
102
RTVSPost2010Prop47
 90
       50
102
RTVSPost2010PropOp47
 70
     1
102
RTVSPost2010Prop48
 90
       50
102
RTVSPost2010PropOp48
 70
     1
102
RTVSPost2010Prop49
280
     0
102
RTVSPost2010PropOp49
 70
     1
102
RTVSPost2010Prop50
 90
       50
102
RTVSPost2010PropOp50
 70
     1
102
RTVSPost2010Prop51ColorIndex
 90
      256
102
RTVSPost2010Prop51ColorRGB
 90
-16777216
102
RTVSPost2010PropOp51
 70
     0
102
RTVSPost2010Prop52
140
1.0
102
RTVSPost2010PropOp52
 70
     0
102
RTVSPost2010Prop53
 90
        2
102
RTVSPost2010PropOp53
 70
     1
102
RTVSPost2010Prop54
  1
strokes_ogs.tif
102
RTVSPost2010PropOp54
 70
     1
102
RTVSPost2010Prop55
280
     0
102
RTVSPost2010PropOp55
 70
     1
102
RTVSPost2010Prop56
140
1.0
102
RTVSPost2010PropOp56
 70
     1
102
RTVSPost2010Prop57
140
1.0
102
RTVSPost2010PropOp57
 70
     1
  0
XRECORD
  5
100DE
102
{ACAD_REACTORS
330
100DD
102
}
330
100DD
100
AcDbXrecord
280
     1
102
RTVSPost2010Prop28
280
     0
102
RTVSPost2010PropOp28
 70
     1
102
RTVSPost2010Prop29
280
     1
102
RTVSPost2010PropOp29
 70
     1
102
RTVSPost2010Prop30
280
     1
102
RTVSPost2010PropOp30
 70
     1
102
RTVSPost2010Prop31
280
     0
102
RTVSPost2010PropOp31
 70
     1
102
RTVSPost2010Prop32
280
     0
102
RTVSPost2010PropOp32
 70
     1
102
RTVSPost2010Prop33
280
     0
102
RTVSPost2010PropOp33
 70
     1
102
RTVSPost2010Prop34
280
     0
102
RTVSPost2010PropOp34
 70
     1
102
RTVSPost2010Prop35
280
     0
102
RTVSPost2010PropOp35
 70
     1
102
RTVSPost2010Prop36
280
     0
102
RTVSPost2010PropOp36
 70
     1
102
RTVSPost2010Prop37
 90
       50
102
RTVSPost2010PropOp37
 70
     1
102
RTVSPost2010Prop38
140
0.0
102
RTVSPost2010PropOp38
 70
     1
102
RTVSPost2010Prop39
140
1.0
102
RTVSPost2010PropOp39
 70
     1
102
RTVSPost2010Prop40
 90
        0
102
RTVSPost2010PropOp40
 70
     1
102
RTVSPost2010Prop41ColorIndex
 90
       18
102
RTVSPost2010Prop41ColorRGB
 90
        0
102
RTVSPost2010PropOp41
 70
     1
102
RTVSPost2010Prop42
 90
       50
102
RTVSPost2010PropOp42
 70
     1
102
RTVSPost2010Prop43
 90
        3
102
RTVSPost2010PropOp43
 70
     1
102
RTVSPost2010Prop44ColorIndex
 90
        5
102
RTVSPost2010Prop44ColorRGB
 90
      255
102
RTVSPost2010PropOp44
 70
     1
102
RTVSPost2010Prop45
280
     0
102
RTVSPost2010PropOp45
 70
     1
102
RTVSPost2010Prop46
 90
       50
102
RTVSPost2010PropOp46
 70
     1
102
RTVSPost2010Prop47
 90
       50
102
RTVSPost2010PropOp47
 70
     1
102
RTVSPost2010Prop48
 90
       50
102
RTVSPost2010PropOp48
 70
     1
102
RTVSPost2010Prop49
280
     0
102
RTVSPost2010PropOp49
 70
     1
102
RTVSPost2010Prop50
 90
       50
102
RTVSPost2010PropOp50
 70
     1
102
RTVSPost2010Prop51ColorIndex
 90
      256
102
RTVSPost2010Prop51ColorRGB
 90
-16777216
102
RTVSPost2010PropOp51
 70
     0
102
RTVSPost2010Prop52
140
1.0
102
RTVSPost2010PropOp52
 70
     0
102
RTVSPost2010Prop53
 90
        2
102
RTVSPost2010PropOp53
 70
     1
102
RTVSPost2010Prop54
  1
strokes_ogs.tif
102
RTVSPost2010PropOp54
 70
     1
102
RTVSPost2010Prop55
280
     0
102
RTVSPost2010PropOp55
 70
     1
102
RTVSPost2010Prop56
140
1.0
102
RTVSPost2010PropOp56
 70
     1
102
RTVSPost2010Prop57
140
1.0
102
RTVSPost2010PropOp57
 70
     1
  0
XRECORD
  5
100F8
102
{ACAD_REACTORS
330
100F7
102
}
330
100F7
100
AcDbXrecord
280
     1
102
RTVSPost2010Prop28
280
     0
102
RTVSPost2010PropOp28
 70
     1
102
RTVSPost2010Prop29
280
     1
102
RTVSPost2010PropOp29
 70
     1
102
RTVSPost2010Prop30
280
     1
102
RTVSPost2010PropOp30
 70
     1
102
RTVSPost2010Prop31
280
     0
102
RTVSPost2010PropOp31
 70
     1
102
RTVSPost2010Prop32
280
     0
102
RTVSPost2010PropOp32
 70
     1
102
RTVSPost2010Prop33
280
     0
102
RTVSPost2010PropOp33
 70
     1
102
RTVSPost2010Prop34
280
     0
102
RTVSPost2010PropOp34
 70
     1
102
RTVSPost2010Prop35
280
     0
102
RTVSPost2010PropOp35
 70
     1
102
RTVSPost2010Prop36
280
     0
102
RTVSPost2010PropOp36
 70
     1
102
RTVSPost2010Prop37
 90
       50
102
RTVSPost2010PropOp37
 70
     0
102
RTVSPost2010Prop38
140
0.0
102
RTVSPost2010PropOp38
 70
     0
102
RTVSPost2010Prop39
140
1.0
102
RTVSPost2010PropOp39
 70
     0
102
RTVSPost2010Prop40
 90
        0
102
RTVSPost2010PropOp40
 70
     0
102
RTVSPost2010Prop41ColorIndex
 90
       18
102
RTVSPost2010Prop41ColorRGB
 90
        0
102
RTVSPost2010PropOp41
 70
     0
102
RTVSPost2010Prop42
 90
       50
102
RTVSPost2010PropOp42
 70
     0
102
RTVSPost2010Prop43
 90
        3
102
RTVSPost2010PropOp43
 70
     0
102
RTVSPost2010Prop44ColorIndex
 90
        5
102
RTVSPost2010Prop44ColorRGB
 90
      255
102
RTVSPost2010PropOp44
 70
     0
102
RTVSPost2010Prop45
280
     0
102
RTVSPost2010PropOp45
 70
     1
102
RTVSPost2010Prop46
 90
       50
102
RTVSPost2010PropOp46
 70
     0
102
RTVSPost2010Prop47
 90
       50
102
RTVSPost2010PropOp47
 70
     0
102
RTVSPost2010Prop48
 90
       50
102
RTVSPost2010PropOp48
 70
     0
102
RTVSPost2010Prop49
280
     0
102
RTVSPost2010PropOp49
 70
     1
102
RTVSPost2010Prop50
 90
       50
102
RTVSPost2010PropOp50
 70
     0
102
RTVSPost2010Prop51ColorIndex
 90
      256
102
RTVSPost2010Prop51ColorRGB
 90
-16777216
102
RTVSPost2010PropOp51
 70
     0
102
RTVSPost2010Prop52
140
1.0
102
RTVSPost2010PropOp52
 70
     0
102
RTVSPost2010Prop53
 90
        2
102
RTVSPost2010PropOp53
 70
     0
102
RTVSPost2010Prop54
  1
strokes_ogs.tif
102
RTVSPost2010PropOp54
 70
     0
102
RTVSPost2010Prop55
280
     0
102
RTVSPost2010PropOp55
 70
     1
102
RTVSPost2010Prop56
140
1.0
102
RTVSPost2010PropOp56
 70
     0
102
RTVSPost2010Prop57
140
1.0
102
RTVSPost2010PropOp57
 70
     0
  0
XRECORD
  5
100E6
102
{ACAD_REACTORS
330
100E5
102
}
330
100E5
100
AcDbXrecord
280
     1
102
RTVSPost2010Prop28
280
     0
102
RTVSPost2010PropOp28
 70
     1
102
RTVSPost2010Prop29
280
     1
102
RTVSPost2010PropOp29
 70
     1
102
RTVSPost2010Prop30
280
     1
102
RTVSPost2010PropOp30
 70
     1
102
RTVSPost2010Prop31
280
     0
102
RTVSPost2010PropOp31
 70
     1
102
RTVSPost2010Prop32
280
     0
102
RTVSPost2010PropOp32
 70
     1
102
RTVSPost2010Prop33
280
     0
102
RTVSPost2010PropOp33
 70
     1
102
RTVSPost2010Prop34
280
     0
102
RTVSPost2010PropOp34
 70
     1
102
RTVSPost2010Prop35
280
     0
102
RTVSPost2010PropOp35
 70
     1
102
RTVSPost2010Prop36
280
     0
102
RTVSPost2010PropOp36
 70
     1
102
RTVSPost2010Prop37
 90
       50
102
RTVSPost2010PropOp37
 70
     1
102
RTVSPost2010Prop38
140
0.0
102
RTVSPost2010PropOp38
 70
     1
102
RTVSPost2010Prop39
140
1.0
102
RTVSPost2010PropOp39
 70
     1
102
RTVSPost2010Prop40
 90
        0
102
RTVSPost2010PropOp40
 70
     1
102
RTVSPost2010Prop41ColorIndex
 90
       18
102
RTVSPost2010Prop41ColorRGB
 90
        0
102
RTVSPost2010PropOp41
 70
     1
102
RTVSPost2010Prop42
 90
       50
102
RTVSPost2010PropOp42
 70
     1
102
RTVSPost2010Prop43
 90
        3
102
RTVSPost2010PropOp43
 70
     1
102
RTVSPost2010Prop44ColorIndex
 90
        5
102
RTVSPost2010Prop44ColorRGB
 90
      255
102
RTVSPost2010PropOp44
 70
     1
102
RTVSPost2010Prop45
280
     0
102
RTVSPost2010PropOp45
 70
     1
102
RTVSPost2010Prop46
 90
       50
102
RTVSPost2010PropOp46
 70
     1
102
RTVSPost2010Prop47
 90
       50
102
RTVSPost2010PropOp47
 70
     1
102
RTVSPost2010Prop48
 90
       50
102
RTVSPost2010PropOp48
 70
     1
102
RTVSPost2010Prop49
280
     0
102
RTVSPost2010PropOp49
 70
     1
102
RTVSPost2010Prop50
 90
       50
102
RTVSPost2010PropOp50
 70
     1
102
RTVSPost2010Prop51ColorIndex
 90
      256
102
RTVSPost2010Prop51ColorRGB
 90
-16777216
102
RTVSPost2010PropOp51
 70
     0
102
RTVSPost2010Prop52
140
1.0
102
RTVSPost2010PropOp52
 70
     0
102
RTVSPost2010Prop53
 90
        2
102
RTVSPost2010PropOp53
 70
     1
102
RTVSPost2010Prop54
  1
strokes_ogs.tif
102
RTVSPost2010PropOp54
 70
     1
102
RTVSPost2010Prop55
280
     0
102
RTVSPost2010PropOp55
 70
     1
102
RTVSPost2010Prop56
140
1.0
102
RTVSPost2010PropOp56
 70
     1
102
RTVSPost2010Prop57
140
1.0
102
RTVSPost2010PropOp57
 70
     1
  0
XRECORD
  5
100CA
102
{ACAD_REACTORS
330
100C9
102
}
330
100C9
100
AcDbXrecord
280
     1
102
RTVSPost2010Prop28
280
     0
102
RTVSPost2010PropOp28
 70
     1
102
RTVSPost2010Prop29
280
     1
102
RTVSPost2010PropOp29
 70
     1
102
RTVSPost2010Prop30
280
     1
102
RTVSPost2010PropOp30
 70
     1
102
RTVSPost2010Prop31
280
     0
102
RTVSPost2010PropOp31
 70
     1
102
RTVSPost2010Prop32
280
     0
102
RTVSPost2010PropOp32
 70
     1
102
RTVSPost2010Prop33
280
     0
102
RTVSPost2010PropOp33
 70
     1
102
RTVSPost2010Prop34
280
     0
102
RTVSPost2010PropOp34
 70
     1
102
RTVSPost2010Prop35
280
     0
102
RTVSPost2010PropOp35
 70
     1
102
RTVSPost2010Prop36
280
     0
102
RTVSPost2010PropOp36
 70
     1
102
RTVSPost2010Prop37
 90
       50
102
RTVSPost2010PropOp37
 70
     1
102
RTVSPost2010Prop38
140
0.0
102
RTVSPost2010PropOp38
 70
     1
102
RTVSPost2010Prop39
140
1.0
102
RTVSPost2010PropOp39
 70
     1
102
RTVSPost2010Prop40
 90
        0
102
RTVSPost2010PropOp40
 70
     1
102
RTVSPost2010Prop41ColorIndex
 90
       18
102
RTVSPost2010Prop41ColorRGB
 90
        0
102
RTVSPost2010PropOp41
 70
     1
102
RTVSPost2010Prop42
 90
       50
102
RTVSPost2010PropOp42
 70
     1
102
RTVSPost2010Prop43
 90
        3
102
RTVSPost2010PropOp43
 70
     1
102
RTVSPost2010Prop44ColorIndex
 90
        5
102
RTVSPost2010Prop44ColorRGB
 90
      255
102
RTVSPost2010PropOp44
 70
     1
102
RTVSPost2010Prop45
280
     0
102
RTVSPost2010PropOp45
 70
     1
102
RTVSPost2010Prop46
 90
       50
102
RTVSPost2010PropOp46
 70
     1
102
RTVSPost2010Prop47
 90
       50
102
RTVSPost2010PropOp47
 70
     1
102
RTVSPost2010Prop48
 90
       50
102
RTVSPost2010PropOp48
 70
     1
102
RTVSPost2010Prop49
280
     0
102
RTVSPost2010PropOp49
 70
     1
102
RTVSPost2010Prop50
 90
       50
102
RTVSPost2010PropOp50
 70
     1
102
RTVSPost2010Prop51ColorIndex
 90
      256
102
RTVSPost2010Prop51ColorRGB
 90
-16777216
102
RTVSPost2010PropOp51
 70
     0
102
RTVSPost2010Prop52
140
1.0
102
RTVSPost2010PropOp52
 70
     0
102
RTVSPost2010Prop53
 90
        2
102
RTVSPost2010PropOp53
 70
     1
102
RTVSPost2010Prop54
  1
strokes_ogs.tif
102
RTVSPost2010PropOp54
 70
     1
102
RTVSPost2010Prop55
280
     0
102
RTVSPost2010PropOp55
 70
     1
102
RTVSPost2010Prop56
140
1.0
102
RTVSPost2010PropOp56
 70
     1
102
RTVSPost2010Prop57
140
1.0
102
RTVSPost2010PropOp57
 70
     1
  0
XRECORD
  5
100CC
102
{ACAD_REACTORS
330
100CB
102
}
330
100CB
100
AcDbXrecord
280
     1
102
RTVSPost2010Prop28
280
     0
102
RTVSPost2010PropOp28
 70
     1
102
RTVSPost2010Prop29
280
     1
102
RTVSPost2010PropOp29
 70
     1
102
RTVSPost2010Prop30
280
     1
102
RTVSPost2010PropOp30
 70
     1
102
RTVSPost2010Prop31
280
     0
102
RTVSPost2010PropOp31
 70
     1
102
RTVSPost2010Prop32
280
     0
102
RTVSPost2010PropOp32
 70
     1
102
RTVSPost2010Prop33
280
     0
102
RTVSPost2010PropOp33
 70
     1
102
RTVSPost2010Prop34
280
     0
102
RTVSPost2010PropOp34
 70
     1
102
RTVSPost2010Prop35
280
     0
102
RTVSPost2010PropOp35
 70
     1
102
RTVSPost2010Prop36
280
     0
102
RTVSPost2010PropOp36
 70
     1
102
RTVSPost2010Prop37
 90
       50
102
RTVSPost2010PropOp37
 70
     1
102
RTVSPost2010Prop38
140
0.0
102
RTVSPost2010PropOp38
 70
     1
102
RTVSPost2010Prop39
140
1.0
102
RTVSPost2010PropOp39
 70
     1
102
RTVSPost2010Prop40
 90
        0
102
RTVSPost2010PropOp40
 70
     1
102
RTVSPost2010Prop41ColorIndex
 90
       18
102
RTVSPost2010Prop41ColorRGB
 90
        0
102
RTVSPost2010PropOp41
 70
     1
102
RTVSPost2010Prop42
 90
       50
102
RTVSPost2010PropOp42
 70
     1
102
RTVSPost2010Prop43
 90
        3
102
RTVSPost2010PropOp43
 70
     1
102
RTVSPost2010Prop44ColorIndex
 90
        5
102
RTVSPost2010Prop44ColorRGB
 90
      255
102
RTVSPost2010PropOp44
 70
     1
102
RTVSPost2010Prop45
280
     0
102
RTVSPost2010PropOp45
 70
     1
102
RTVSPost2010Prop46
 90
       50
102
RTVSPost2010PropOp46
 70
     1
102
RTVSPost2010Prop47
 90
       50
102
RTVSPost2010PropOp47
 70
     1
102
RTVSPost2010Prop48
 90
       50
102
RTVSPost2010PropOp48
 70
     1
102
RTVSPost2010Prop49
280
     0
102
RTVSPost2010PropOp49
 70
     1
102
RTVSPost2010Prop50
 90
       50
102
RTVSPost2010PropOp50
 70
     1
102
RTVSPost2010Prop51ColorIndex
 90
      256
102
RTVSPost2010Prop51ColorRGB
 90
-16777216
102
RTVSPost2010PropOp51
 70
     0
102
RTVSPost2010Prop52
140
1.0
102
RTVSPost2010PropOp52
 70
     0
102
RTVSPost2010Prop53
 90
        2
102
RTVSPost2010PropOp53
 70
     1
102
RTVSPost2010Prop54
  1
strokes_ogs.tif
102
RTVSPost2010PropOp54
 70
     1
102
RTVSPost2010Prop55
280
     0
102
RTVSPost2010PropOp55
 70
     1
102
RTVSPost2010Prop56
140
1.0
102
RTVSPost2010PropOp56
 70
     1
102
RTVSPost2010Prop57
140
1.0
102
RTVSPost2010PropOp57
 70
     1
  0
XRECORD
  5
100CE
102
{ACAD_REACTORS
330
100CD
102
}
330
100CD
100
AcDbXrecord
280
     1
102
RTVSPost2010Prop28
280
     0
102
RTVSPost2010PropOp28
 70
     1
102
RTVSPost2010Prop29
280
     1
102
RTVSPost2010PropOp29
 70
     1
102
RTVSPost2010Prop30
280
     1
102
RTVSPost2010PropOp30
 70
     1
102
RTVSPost2010Prop31
280
     0
102
RTVSPost2010PropOp31
 70
     1
102
RTVSPost2010Prop32
280
     0
102
RTVSPost2010PropOp32
 70
     1
102
RTVSPost2010Prop33
280
     0
102
RTVSPost2010PropOp33
 70
     1
102
RTVSPost2010Prop34
280
     0
102
RTVSPost2010PropOp34
 70
     1
102
RTVSPost2010Prop35
280
     0
102
RTVSPost2010PropOp35
 70
     1
102
RTVSPost2010Prop36
280
     0
102
RTVSPost2010PropOp36
 70
     1
102
RTVSPost2010Prop37
 90
       50
102
RTVSPost2010PropOp37
 70
     1
102
RTVSPost2010Prop38
140
0.0
102
RTVSPost2010PropOp38
 70
     1
102
RTVSPost2010Prop39
140
1.0
102
RTVSPost2010PropOp39
 70
     1
102
RTVSPost2010Prop40
 90
        0
102
RTVSPost2010PropOp40
 70
     1
102
RTVSPost2010Prop41ColorIndex
 90
       18
102
RTVSPost2010Prop41ColorRGB
 90
        0
102
RTVSPost2010PropOp41
 70
     1
102
RTVSPost2010Prop42
 90
       50
102
RTVSPost2010PropOp42
 70
     1
102
RTVSPost2010Prop43
 90
        3
102
RTVSPost2010PropOp43
 70
     1
102
RTVSPost2010Prop44ColorIndex
 90
        5
102
RTVSPost2010Prop44ColorRGB
 90
      255
102
RTVSPost2010PropOp44
 70
     1
102
RTVSPost2010Prop45
280
     0
102
RTVSPost2010PropOp45
 70
     1
102
RTVSPost2010Prop46
 90
       50
102
RTVSPost2010PropOp46
 70
     1
102
RTVSPost2010Prop47
 90
       50
102
RTVSPost2010PropOp47
 70
     1
102
RTVSPost2010Prop48
 90
       50
102
RTVSPost2010PropOp48
 70
     1
102
RTVSPost2010Prop49
280
     0
102
RTVSPost2010PropOp49
 70
     1
102
RTVSPost2010Prop50
 90
       50
102
RTVSPost2010PropOp50
 70
     1
102
RTVSPost2010Prop51ColorIndex
 90
      256
102
RTVSPost2010Prop51ColorRGB
 90
-16777216
102
RTVSPost2010PropOp51
 70
     0
102
RTVSPost2010Prop52
140
1.0
102
RTVSPost2010PropOp52
 70
     0
102
RTVSPost2010Prop53
 90
        2
102
RTVSPost2010PropOp53
 70
     1
102
RTVSPost2010Prop54
  1
strokes_ogs.tif
102
RTVSPost2010PropOp54
 70
     1
102
RTVSPost2010Prop55
280
     0
102
RTVSPost2010PropOp55
 70
     1
102
RTVSPost2010Prop56
140
1.0
102
RTVSPost2010PropOp56
 70
     1
102
RTVSPost2010Prop57
140
1.0
102
RTVSPost2010PropOp57
 70
     1
  0
XRECORD
  5
100D0
102
{ACAD_REACTORS
330
100CF
102
}
330
100CF
100
AcDbXrecord
280
     1
102
RTVSPost2010Prop28
280
     0
102
RTVSPost2010PropOp28
 70
     1
102
RTVSPost2010Prop29
280
     1
102
RTVSPost2010PropOp29
 70
     1
102
RTVSPost2010Prop30
280
     1
102
RTVSPost2010PropOp30
 70
     1
102
RTVSPost2010Prop31
280
     0
102
RTVSPost2010PropOp31
 70
     1
102
RTVSPost2010Prop32
280
     0
102
RTVSPost2010PropOp32
 70
     1
102
RTVSPost2010Prop33
280
     0
102
RTVSPost2010PropOp33
 70
     1
102
RTVSPost2010Prop34
280
     0
102
RTVSPost2010PropOp34
 70
     1
102
RTVSPost2010Prop35
280
     0
102
RTVSPost2010PropOp35
 70
     1
102
RTVSPost2010Prop36
280
     0
102
RTVSPost2010PropOp36
 70
     1
102
RTVSPost2010Prop37
 90
       50
102
RTVSPost2010PropOp37
 70
     1
102
RTVSPost2010Prop38
140
0.0
102
RTVSPost2010PropOp38
 70
     1
102
RTVSPost2010Prop39
140
1.0
102
RTVSPost2010PropOp39
 70
     1
102
RTVSPost2010Prop40
 90
        0
102
RTVSPost2010PropOp40
 70
     1
102
RTVSPost2010Prop41ColorIndex
 90
       18
102
RTVSPost2010Prop41ColorRGB
 90
        0
102
RTVSPost2010PropOp41
 70
     1
102
RTVSPost2010Prop42
 90
       50
102
RTVSPost2010PropOp42
 70
     1
102
RTVSPost2010Prop43
 90
        3
102
RTVSPost2010PropOp43
 70
     1
102
RTVSPost2010Prop44ColorIndex
 90
        5
102
RTVSPost2010Prop44ColorRGB
 90
      255
102
RTVSPost2010PropOp44
 70
     1
102
RTVSPost2010Prop45
280
     0
102
RTVSPost2010PropOp45
 70
     1
102
RTVSPost2010Prop46
 90
       50
102
RTVSPost2010PropOp46
 70
     1
102
RTVSPost2010Prop47
 90
       50
102
RTVSPost2010PropOp47
 70
     1
102
RTVSPost2010Prop48
 90
       50
102
RTVSPost2010PropOp48
 70
     1
102
RTVSPost2010Prop49
280
     0
102
RTVSPost2010PropOp49
 70
     1
102
RTVSPost2010Prop50
 90
       50
102
RTVSPost2010PropOp50
 70
     1
102
RTVSPost2010Prop51ColorIndex
 90
      256
102
RTVSPost2010Prop51ColorRGB
 90
-16777216
102
RTVSPost2010PropOp51
 70
     0
102
RTVSPost2010Prop52
140
1.0
102
RTVSPost2010PropOp52
 70
     0
102
RTVSPost2010Prop53
 90
        2
102
RTVSPost2010PropOp53
 70
     1
102
RTVSPost2010Prop54
  1
strokes_ogs.tif
102
RTVSPost2010PropOp54
 70
     1
102
RTVSPost2010Prop55
280
     0
102
RTVSPost2010PropOp55
 70
     1
102
RTVSPost2010Prop56
140
1.0
102
RTVSPost2010PropOp56
 70
     1
102
RTVSPost2010Prop57
140
1.0
102
RTVSPost2010PropOp57
 70
     1
  0
XRECORD
  5
100D8
102
{ACAD_REACTORS
330
100D7
102
}
330
100D7
100
AcDbXrecord
280
     1
102
RTVSPost2010Prop28
280
     0
102
RTVSPost2010PropOp28
 70
     1
102
RTVSPost2010Prop29
280
     1
102
RTVSPost2010PropOp29
 70
     1
102
RTVSPost2010Prop30
280
     1
102
RTVSPost2010PropOp30
 70
     1
102
RTVSPost2010Prop31
280
     0
102
RTVSPost2010PropOp31
 70
     1
102
RTVSPost2010Prop32
280
     0
102
RTVSPost2010PropOp32
 70
     1
102
RTVSPost2010Prop33
280
     0
102
RTVSPost2010PropOp33
 70
     1
102
RTVSPost2010Prop34
280
     0
102
RTVSPost2010PropOp34
 70
     1
102
RTVSPost2010Prop35
280
     0
102
RTVSPost2010PropOp35
 70
     1
102
RTVSPost2010Prop36
280
     0
102
RTVSPost2010PropOp36
 70
     1
102
RTVSPost2010Prop37
 90
       50
102
RTVSPost2010PropOp37
 70
     1
102
RTVSPost2010Prop38
140
0.0
102
RTVSPost2010PropOp38
 70
     1
102
RTVSPost2010Prop39
140
1.0
102
RTVSPost2010PropOp39
 70
     1
102
RTVSPost2010Prop40
 90
        0
102
RTVSPost2010PropOp40
 70
     1
102
RTVSPost2010Prop41ColorIndex
 90
       18
102
RTVSPost2010Prop41ColorRGB
 90
        0
102
RTVSPost2010PropOp41
 70
     1
102
RTVSPost2010Prop42
 90
       50
102
RTVSPost2010PropOp42
 70
     1
102
RTVSPost2010Prop43
 90
        3
102
RTVSPost2010PropOp43
 70
     1
102
RTVSPost2010Prop44ColorIndex
 90
        5
102
RTVSPost2010Prop44ColorRGB
 90
      255
102
RTVSPost2010PropOp44
 70
     1
102
RTVSPost2010Prop45
280
     0
102
RTVSPost2010PropOp45
 70
     1
102
RTVSPost2010Prop46
 90
       50
102
RTVSPost2010PropOp46
 70
     1
102
RTVSPost2010Prop47
 90
       50
102
RTVSPost2010PropOp47
 70
     1
102
RTVSPost2010Prop48
 90
       50
102
RTVSPost2010PropOp48
 70
     1
102
RTVSPost2010Prop49
280
     0
102
RTVSPost2010PropOp49
 70
     1
102
RTVSPost2010Prop50
 90
       50
102
RTVSPost2010PropOp50
 70
     1
102
RTVSPost2010Prop51ColorIndex
 90
      256
102
RTVSPost2010Prop51ColorRGB
 90
-16777216
102
RTVSPost2010PropOp51
 70
     0
102
RTVSPost2010Prop52
140
1.0
102
RTVSPost2010PropOp52
 70
     0
102
RTVSPost2010Prop53
 90
        2
102
RTVSPost2010PropOp53
 70
     1
102
RTVSPost2010Prop54
  1
strokes_ogs.tif
102
RTVSPost2010PropOp54
 70
     1
102
RTVSPost2010Prop55
280
     0
102
RTVSPost2010PropOp55
 70
     1
102
RTVSPost2010Prop56
140
1.0
102
RTVSPost2010PropOp56
 70
     1
102
RTVSPost2010Prop57
140
1.0
102
RTVSPost2010PropOp57
 70
     1
  0
XRECORD
  5
100F4
102
{ACAD_REACTORS
330
100F3
102
}
330
100F3
100
AcDbXrecord
280
     1
102
RTVSPost2010Prop28
280
     0
102
RTVSPost2010PropOp28
 70
     1
102
RTVSPost2010Prop29
280
     1
102
RTVSPost2010PropOp29
 70
     1
102
RTVSPost2010Prop30
280
     1
102
RTVSPost2010PropOp30
 70
     1
102
RTVSPost2010Prop31
280
     0
102
RTVSPost2010PropOp31
 70
     1
102
RTVSPost2010Prop32
280
     0
102
RTVSPost2010PropOp32
 70
     1
102
RTVSPost2010Prop33
280
     0
102
RTVSPost2010PropOp33
 70
     1
102
RTVSPost2010Prop34
280
     0
102
RTVSPost2010PropOp34
 70
     1
102
RTVSPost2010Prop35
280
     0
102
RTVSPost2010PropOp35
 70
     1
102
RTVSPost2010Prop36
280
     0
102
RTVSPost2010PropOp36
 70
     1
102
RTVSPost2010Prop37
 90
       50
102
RTVSPost2010PropOp37
 70
     0
102
RTVSPost2010Prop38
140
0.0
102
RTVSPost2010PropOp38
 70
     0
102
RTVSPost2010Prop39
140
1.0
102
RTVSPost2010PropOp39
 70
     0
102
RTVSPost2010Prop40
 90
        0
102
RTVSPost2010PropOp40
 70
     0
102
RTVSPost2010Prop41ColorIndex
 90
       18
102
RTVSPost2010Prop41ColorRGB
 90
        0
102
RTVSPost2010PropOp41
 70
     0
102
RTVSPost2010Prop42
 90
       50
102
RTVSPost2010PropOp42
 70
     0
102
RTVSPost2010Prop43
 90
        3
102
RTVSPost2010PropOp43
 70
     0
102
RTVSPost2010Prop44ColorIndex
 90
        5
102
RTVSPost2010Prop44ColorRGB
 90
      255
102
RTVSPost2010PropOp44
 70
     0
102
RTVSPost2010Prop45
280
     0
102
RTVSPost2010PropOp45
 70
     1
102
RTVSPost2010Prop46
 90
       50
102
RTVSPost2010PropOp46
 70
     0
102
RTVSPost2010Prop47
 90
       50
102
RTVSPost2010PropOp47
 70
     0
102
RTVSPost2010Prop48
 90
       50
102
RTVSPost2010PropOp48
 70
     0
102
RTVSPost2010Prop49
280
     0
102
RTVSPost2010PropOp49
 70
     1
102
RTVSPost2010Prop50
 90
       50
102
RTVSPost2010PropOp50
 70
     0
102
RTVSPost2010Prop51ColorIndex
 90
      256
102
RTVSPost2010Prop51ColorRGB
 90
-16777216
102
RTVSPost2010PropOp51
 70
     0
102
RTVSPost2010Prop52
140
1.0
102
RTVSPost2010PropOp52
 70
     0
102
RTVSPost2010Prop53
 90
        2
102
RTVSPost2010PropOp53
 70
     0
102
RTVSPost2010Prop54
  1
strokes_ogs.tif
102
RTVSPost2010PropOp54
 70
     0
102
RTVSPost2010Prop55
280
     0
102
RTVSPost2010PropOp55
 70
     1
102
RTVSPost2010Prop56
140
1.0
102
RTVSPost2010PropOp56
 70
     0
102
RTVSPost2010Prop57
140
1.0
102
RTVSPost2010PropOp57
 70
     0
  0
XRECORD
  5
100E4
102
{ACAD_REACTORS
330
100E3
102
}
330
100E3
100
AcDbXrecord
280
     1
102
RTVSPost2010Prop28
280
     0
102
RTVSPost2010PropOp28
 70
     1
102
RTVSPost2010Prop29
280
     1
102
RTVSPost2010PropOp29
 70
     1
102
RTVSPost2010Prop30
280
     1
102
RTVSPost2010PropOp30
 70
     1
102
RTVSPost2010Prop31
280
     0
102
RTVSPost2010PropOp31
 70
     1
102
RTVSPost2010Prop32
280
     0
102
RTVSPost2010PropOp32
 70
     1
102
RTVSPost2010Prop33
280
     0
102
RTVSPost2010PropOp33
 70
     1
102
RTVSPost2010Prop34
280
     0
102
RTVSPost2010PropOp34
 70
     1
102
RTVSPost2010Prop35
280
     0
102
RTVSPost2010PropOp35
 70
     1
102
RTVSPost2010Prop36
280
     0
102
RTVSPost2010PropOp36
 70
     1
102
RTVSPost2010Prop37
 90
       50
102
RTVSPost2010PropOp37
 70
     1
102
RTVSPost2010Prop38
140
0.0
102
RTVSPost2010PropOp38
 70
     1
102
RTVSPost2010Prop39
140
1.0
102
RTVSPost2010PropOp39
 70
     1
102
RTVSPost2010Prop40
 90
        0
102
RTVSPost2010PropOp40
 70
     1
102
RTVSPost2010Prop41ColorIndex
 90
       18
102
RTVSPost2010Prop41ColorRGB
 90
        0
102
RTVSPost2010PropOp41
 70
     1
102
RTVSPost2010Prop42
 90
       50
102
RTVSPost2010PropOp42
 70
     1
102
RTVSPost2010Prop43
 90
        3
102
RTVSPost2010PropOp43
 70
     1
102
RTVSPost2010Prop44ColorIndex
 90
        5
102
RTVSPost2010Prop44ColorRGB
 90
      255
102
RTVSPost2010PropOp44
 70
     1
102
RTVSPost2010Prop45
280
     0
102
RTVSPost2010PropOp45
 70
     1
102
RTVSPost2010Prop46
 90
       50
102
RTVSPost2010PropOp46
 70
     1
102
RTVSPost2010Prop47
 90
       50
102
RTVSPost2010PropOp47
 70
     1
102
RTVSPost2010Prop48
 90
       50
102
RTVSPost2010PropOp48
 70
     1
102
RTVSPost2010Prop49
280
     0
102
RTVSPost2010PropOp49
 70
     1
102
RTVSPost2010Prop50
 90
       50
102
RTVSPost2010PropOp50
 70
     1
102
RTVSPost2010Prop51ColorIndex
 90
      256
102
RTVSPost2010Prop51ColorRGB
 90
-16777216
102
RTVSPost2010PropOp51
 70
     0
102
RTVSPost2010Prop52
140
1.0
102
RTVSPost2010PropOp52
 70
     0
102
RTVSPost2010Prop53
 90
        2
102
RTVSPost2010PropOp53
 70
     1
102
RTVSPost2010Prop54
  1
strokes_ogs.tif
102
RTVSPost2010PropOp54
 70
     1
102
RTVSPost2010Prop55
280
     0
102
RTVSPost2010PropOp55
 70
     1
102
RTVSPost2010Prop56
140
1.0
102
RTVSPost2010PropOp56
 70
     1
102
RTVSPost2010Prop57
140
1.0
102
RTVSPost2010PropOp57
 70
     1
  0
XRECORD
  5
100F6
102
{ACAD_REACTORS
330
100F5
102
}
330
100F5
100
AcDbXrecord
280
     1
102
RTVSPost2010Prop28
280
     0
102
RTVSPost2010PropOp28
 70
     1
102
RTVSPost2010Prop29
280
     1
102
RTVSPost2010PropOp29
 70
     1
102
RTVSPost2010Prop30
280
     1
102
RTVSPost2010PropOp30
 70
     1
102
RTVSPost2010Prop31
280
     0
102
RTVSPost2010PropOp31
 70
     1
102
RTVSPost2010Prop32
280
     0
102
RTVSPost2010PropOp32
 70
     1
102
RTVSPost2010Prop33
280
     0
102
RTVSPost2010PropOp33
 70
     1
102
RTVSPost2010Prop34
280
     0
102
RTVSPost2010PropOp34
 70
     1
102
RTVSPost2010Prop35
280
     0
102
RTVSPost2010PropOp35
 70
     1
102
RTVSPost2010Prop36
280
     0
102
RTVSPost2010PropOp36
 70
     1
102
RTVSPost2010Prop37
 90
       50
102
RTVSPost2010PropOp37
 70
     0
102
RTVSPost2010Prop38
140
0.0
102
RTVSPost2010PropOp38
 70
     0
102
RTVSPost2010Prop39
140
1.0
102
RTVSPost2010PropOp39
 70
     0
102
RTVSPost2010Prop40
 90
        0
102
RTVSPost2010PropOp40
 70
     0
102
RTVSPost2010Prop41ColorIndex
 90
       18
102
RTVSPost2010Prop41ColorRGB
 90
        0
102
RTVSPost2010PropOp41
 70
     0
102
RTVSPost2010Prop42
 90
       50
102
RTVSPost2010PropOp42
 70
     0
102
RTVSPost2010Prop43
 90
        3
102
RTVSPost2010PropOp43
 70
     0
102
RTVSPost2010Prop44ColorIndex
 90
        5
102
RTVSPost2010Prop44ColorRGB
 90
      255
102
RTVSPost2010PropOp44
 70
     0
102
RTVSPost2010Prop45
280
     0
102
RTVSPost2010PropOp45
 70
     1
102
RTVSPost2010Prop46
 90
       50
102
RTVSPost2010PropOp46
 70
     0
102
RTVSPost2010Prop47
 90
       50
102
RTVSPost2010PropOp47
 70
     0
102
RTVSPost2010Prop48
 90
       50
102
RTVSPost2010PropOp48
 70
     0
102
RTVSPost2010Prop49
280
     0
102
RTVSPost2010PropOp49
 70
     1
102
RTVSPost2010Prop50
 90
       50
102
RTVSPost2010PropOp50
 70
     0
102
RTVSPost2010Prop51ColorIndex
 90
      256
102
RTVSPost2010Prop51ColorRGB
 90
-16777216
102
RTVSPost2010PropOp51
 70
     0
102
RTVSPost2010Prop52
140
1.0
102
RTVSPost2010PropOp52
 70
     0
102
RTVSPost2010Prop53
 90
        2
102
RTVSPost2010PropOp53
 70
     0
102
RTVSPost2010Prop54
  1
strokes_ogs.tif
102
RTVSPost2010PropOp54
 70
     0
102
RTVSPost2010Prop55
280
     0
102
RTVSPost2010PropOp55
 70
     1
102
RTVSPost2010Prop56
140
1.0
102
RTVSPost2010PropOp56
 70
     0
102
RTVSPost2010Prop57
140
1.0
102
RTVSPost2010PropOp57
 70
     0
  0
XRECORD
  5
100DC
102
{ACAD_REACTORS
330
100DB
102
}
330
100DB
100
AcDbXrecord
280
     1
102
RTVSPost2010Prop28
280
     0
102
RTVSPost2010PropOp28
 70
     1
102
RTVSPost2010Prop29
280
     1
102
RTVSPost2010PropOp29
 70
     1
102
RTVSPost2010Prop30
280
     1
102
RTVSPost2010PropOp30
 70
     1
102
RTVSPost2010Prop31
280
     0
102
RTVSPost2010PropOp31
 70
     1
102
RTVSPost2010Prop32
280
     0
102
RTVSPost2010PropOp32
 70
     1
102
RTVSPost2010Prop33
280
     0
102
RTVSPost2010PropOp33
 70
     1
102
RTVSPost2010Prop34
280
     0
102
RTVSPost2010PropOp34
 70
     1
102
RTVSPost2010Prop35
280
     0
102
RTVSPost2010PropOp35
 70
     1
102
RTVSPost2010Prop36
280
     0
102
RTVSPost2010PropOp36
 70
     1
102
RTVSPost2010Prop37
 90
       50
102
RTVSPost2010PropOp37
 70
     1
102
RTVSPost2010Prop38
140
0.0
102
RTVSPost2010PropOp38
 70
     1
102
RTVSPost2010Prop39
140
1.0
102
RTVSPost2010PropOp39
 70
     1
102
RTVSPost2010Prop40
 90
        0
102
RTVSPost2010PropOp40
 70
     1
102
RTVSPost2010Prop41ColorIndex
 90
       18
102
RTVSPost2010Prop41ColorRGB
 90
        0
102
RTVSPost2010PropOp41
 70
     1
102
RTVSPost2010Prop42
 90
       50
102
RTVSPost2010PropOp42
 70
     1
102
RTVSPost2010Prop43
 90
        3
102
RTVSPost2010PropOp43
 70
     1
102
RTVSPost2010Prop44ColorIndex
 90
        5
102
RTVSPost2010Prop44ColorRGB
 90
      255
102
RTVSPost2010PropOp44
 70
     1
102
RTVSPost2010Prop45
280
     0
102
RTVSPost2010PropOp45
 70
     1
102
RTVSPost2010Prop46
 90
       50
102
RTVSPost2010PropOp46
 70
     1
102
RTVSPost2010Prop47
 90
       50
102
RTVSPost2010PropOp47
 70
     1
102
RTVSPost2010Prop48
 90
       50
102
RTVSPost2010PropOp48
 70
     1
102
RTVSPost2010Prop49
280
     0
102
RTVSPost2010PropOp49
 70
     1
102
RTVSPost2010Prop50
 90
       50
102
RTVSPost2010PropOp50
 70
     1
102
RTVSPost2010Prop51ColorIndex
 90
      256
102
RTVSPost2010Prop51ColorRGB
 90
-16777216
102
RTVSPost2010PropOp51
 70
     0
102
RTVSPost2010Prop52
140
1.0
102
RTVSPost2010PropOp52
 70
     0
102
RTVSPost2010Prop53
 90
        2
102
RTVSPost2010PropOp53
 70
     1
102
RTVSPost2010Prop54
  1
strokes_ogs.tif
102
RTVSPost2010PropOp54
 70
     1
102
RTVSPost2010Prop55
280
     0
102
RTVSPost2010PropOp55
 70
     1
102
RTVSPost2010Prop56
140
1.0
102
RTVSPost2010PropOp56
 70
     1
102
RTVSPost2010Prop57
140
1.0
102
RTVSPost2010PropOp57
 70
     1
  0
XRECORD
  5
100F2
102
{ACAD_REACTORS
330
100F1
102
}
330
100F1
100
AcDbXrecord
280
     1
102
RTVSPost2010Prop28
280
     0
102
RTVSPost2010PropOp28
 70
     1
102
RTVSPost2010Prop29
280
     1
102
RTVSPost2010PropOp29
 70
     1
102
RTVSPost2010Prop30
280
     1
102
RTVSPost2010PropOp30
 70
     1
102
RTVSPost2010Prop31
280
     0
102
RTVSPost2010PropOp31
 70
     1
102
RTVSPost2010Prop32
280
     0
102
RTVSPost2010PropOp32
 70
     1
102
RTVSPost2010Prop33
280
     0
102
RTVSPost2010PropOp33
 70
     1
102
RTVSPost2010Prop34
280
     0
102
RTVSPost2010PropOp34
 70
     1
102
RTVSPost2010Prop35
280
     0
102
RTVSPost2010PropOp35
 70
     1
102
RTVSPost2010Prop36
280
     0
102
RTVSPost2010PropOp36
 70
     1
102
RTVSPost2010Prop37
 90
       50
102
RTVSPost2010PropOp37
 70
     1
102
RTVSPost2010Prop38
140
0.0
102
RTVSPost2010PropOp38
 70
     1
102
RTVSPost2010Prop39
140
1.0
102
RTVSPost2010PropOp39
 70
     1
102
RTVSPost2010Prop40
 90
        0
102
RTVSPost2010PropOp40
 70
     1
102
RTVSPost2010Prop41ColorIndex
 90
       18
102
RTVSPost2010Prop41ColorRGB
 90
        0
102
RTVSPost2010PropOp41
 70
     1
102
RTVSPost2010Prop42
 90
       50
102
RTVSPost2010PropOp42
 70
     1
102
RTVSPost2010Prop43
 90
        3
102
RTVSPost2010PropOp43
 70
     1
102
RTVSPost2010Prop44ColorIndex
 90
        5
102
RTVSPost2010Prop44ColorRGB
 90
      255
102
RTVSPost2010PropOp44
 70
     1
102
RTVSPost2010Prop45
280
     0
102
RTVSPost2010PropOp45
 70
     1
102
RTVSPost2010Prop46
 90
       50
102
RTVSPost2010PropOp46
 70
     1
102
RTVSPost2010Prop47
 90
       50
102
RTVSPost2010PropOp47
 70
     1
102
RTVSPost2010Prop48
 90
       50
102
RTVSPost2010PropOp48
 70
     1
102
RTVSPost2010Prop49
280
     0
102
RTVSPost2010PropOp49
 70
     1
102
RTVSPost2010Prop50
 90
       50
102
RTVSPost2010PropOp50
 70
     1
102
RTVSPost2010Prop51ColorIndex
 90
      256
102
RTVSPost2010Prop51ColorRGB
 90
-16777216
102
RTVSPost2010PropOp51
 70
     0
102
RTVSPost2010Prop52
140
1.0
102
RTVSPost2010PropOp52
 70
     0
102
RTVSPost2010Prop53
 90
        2
102
RTVSPost2010PropOp53
 70
     1
102
RTVSPost2010Prop54
  1
strokes_ogs.tif
102
RTVSPost2010PropOp54
 70
     1
102
RTVSPost2010Prop55
280
     0
102
RTVSPost2010PropOp55
 70
     1
102
RTVSPost2010Prop56
140
1.0
102
RTVSPost2010PropOp56
 70
     1
102
RTVSPost2010Prop57
140
1.0
102
RTVSPost2010PropOp57
 70
     1
  0
XRECORD
  5
100F0
102
{ACAD_REACTORS
330
100EF
102
}
330
100EF
100
AcDbXrecord
280
     1
102
RTVSPost2010Prop28
280
     0
102
RTVSPost2010PropOp28
 70
     1
102
RTVSPost2010Prop29
280
     1
102
RTVSPost2010PropOp29
 70
     1
102
RTVSPost2010Prop30
280
     1
102
RTVSPost2010PropOp30
 70
     1
102
RTVSPost2010Prop31
280
     0
102
RTVSPost2010PropOp31
 70
     1
102
RTVSPost2010Prop32
280
     0
102
RTVSPost2010PropOp32
 70
     1
102
RTVSPost2010Prop33
280
     0
102
RTVSPost2010PropOp33
 70
     1
102
RTVSPost2010Prop34
280
     0
102
RTVSPost2010PropOp34
 70
     1
102
RTVSPost2010Prop35
280
     0
102
RTVSPost2010PropOp35
 70
     1
102
RTVSPost2010Prop36
280
     0
102
RTVSPost2010PropOp36
 70
     1
102
RTVSPost2010Prop37
 90
       50
102
RTVSPost2010PropOp37
 70
     1
102
RTVSPost2010Prop38
140
0.0
102
RTVSPost2010PropOp38
 70
     1
102
RTVSPost2010Prop39
140
1.0
102
RTVSPost2010PropOp39
 70
     1
102
RTVSPost2010Prop40
 90
        0
102
RTVSPost2010PropOp40
 70
     1
102
RTVSPost2010Prop41ColorIndex
 90
       18
102
RTVSPost2010Prop41ColorRGB
 90
        0
102
RTVSPost2010PropOp41
 70
     1
102
RTVSPost2010Prop42
 90
       50
102
RTVSPost2010PropOp42
 70
     1
102
RTVSPost2010Prop43
 90
        3
102
RTVSPost2010PropOp43
 70
     1
102
RTVSPost2010Prop44ColorIndex
 90
        5
102
RTVSPost2010Prop44ColorRGB
 90
      255
102
RTVSPost2010PropOp44
 70
     1
102
RTVSPost2010Prop45
280
     0
102
RTVSPost2010PropOp45
 70
     1
102
RTVSPost2010Prop46
 90
       50
102
RTVSPost2010PropOp46
 70
     1
102
RTVSPost2010Prop47
 90
       50
102
RTVSPost2010PropOp47
 70
     1
102
RTVSPost2010Prop48
 90
       50
102
RTVSPost2010PropOp48
 70
     1
102
RTVSPost2010Prop49
280
     0
102
RTVSPost2010PropOp49
 70
     1
102
RTVSPost2010Prop50
 90
       50
102
RTVSPost2010PropOp50
 70
     1
102
RTVSPost2010Prop51ColorIndex
 90
      256
102
RTVSPost2010Prop51ColorRGB
 90
-16777216
102
RTVSPost2010PropOp51
 70
     0
102
RTVSPost2010Prop52
140
1.0
102
RTVSPost2010PropOp52
 70
     0
102
RTVSPost2010Prop53
 90
        2
102
RTVSPost2010PropOp53
 70
     1
102
RTVSPost2010Prop54
  1
strokes_ogs.tif
102
RTVSPost2010PropOp54
 70
     1
102
RTVSPost2010Prop55
280
     0
102
RTVSPost2010PropOp55
 70
     1
102
RTVSPost2010Prop56
140
1.0
102
RTVSPost2010PropOp56
 70
     1
102
RTVSPost2010Prop57
140
1.0
102
RTVSPost2010PropOp57
 70
     1
  0
XRECORD
  5
100EA
102
{ACAD_REACTORS
330
100E9
102
}
330
100E9
100
AcDbXrecord
280
     1
102
RTVSPost2010Prop28
280
     0
102
RTVSPost2010PropOp28
 70
     1
102
RTVSPost2010Prop29
280
     1
102
RTVSPost2010PropOp29
 70
     1
102
RTVSPost2010Prop30
280
     1
102
RTVSPost2010PropOp30
 70
     1
102
RTVSPost2010Prop31
280
     0
102
RTVSPost2010PropOp31
 70
     1
102
RTVSPost2010Prop32
280
     0
102
RTVSPost2010PropOp32
 70
     1
102
RTVSPost2010Prop33
280
     0
102
RTVSPost2010PropOp33
 70
     1
102
RTVSPost2010Prop34
280
     0
102
RTVSPost2010PropOp34
 70
     1
102
RTVSPost2010Prop35
280
     0
102
RTVSPost2010PropOp35
 70
     1
102
RTVSPost2010Prop36
280
     0
102
RTVSPost2010PropOp36
 70
     1
102
RTVSPost2010Prop37
 90
       50
102
RTVSPost2010PropOp37
 70
     1
102
RTVSPost2010Prop38
140
0.0
102
RTVSPost2010PropOp38
 70
     1
102
RTVSPost2010Prop39
140
1.0
102
RTVSPost2010PropOp39
 70
     1
102
RTVSPost2010Prop40
 90
        0
102
RTVSPost2010PropOp40
 70
     1
102
RTVSPost2010Prop41ColorIndex
 90
       18
102
RTVSPost2010Prop41ColorRGB
 90
        0
102
RTVSPost2010PropOp41
 70
     1
102
RTVSPost2010Prop42
 90
       50
102
RTVSPost2010PropOp42
 70
     1
102
RTVSPost2010Prop43
 90
        3
102
RTVSPost2010PropOp43
 70
     1
102
RTVSPost2010Prop44ColorIndex
 90
        5
102
RTVSPost2010Prop44ColorRGB
 90
      255
102
RTVSPost2010PropOp44
 70
     1
102
RTVSPost2010Prop45
280
     0
102
RTVSPost2010PropOp45
 70
     1
102
RTVSPost2010Prop46
 90
       50
102
RTVSPost2010PropOp46
 70
     1
102
RTVSPost2010Prop47
 90
       50
102
RTVSPost2010PropOp47
 70
     1
102
RTVSPost2010Prop48
 90
       50
102
RTVSPost2010PropOp48
 70
     1
102
RTVSPost2010Prop49
280
     0
102
RTVSPost2010PropOp49
 70
     1
102
RTVSPost2010Prop50
 90
       50
102
RTVSPost2010PropOp50
 70
     1
102
RTVSPost2010Prop51ColorIndex
 90
      256
102
RTVSPost2010Prop51ColorRGB
 90
-16777216
102
RTVSPost2010PropOp51
 70
     0
102
RTVSPost2010Prop52
140
1.0
102
RTVSPost2010PropOp52
 70
     0
102
RTVSPost2010Prop53
 90
        2
102
RTVSPost2010PropOp53
 70
     1
102
RTVSPost2010Prop54
  1
strokes_ogs.tif
102
RTVSPost2010PropOp54
 70
     1
102
RTVSPost2010Prop55
280
     0
102
RTVSPost2010PropOp55
 70
     1
102
RTVSPost2010Prop56
140
1.0
102
RTVSPost2010PropOp56
 70
     1
102
RTVSPost2010Prop57
140
1.0
102
RTVSPost2010PropOp57
 70
     1
  0
XRECORD
  5
100EC
102
{ACAD_REACTORS
330
100EB
102
}
330
100EB
100
AcDbXrecord
280
     1
102
RTVSPost2010Prop28
280
     0
102
RTVSPost2010PropOp28
 70
     1
102
RTVSPost2010Prop29
280
     1
102
RTVSPost2010PropOp29
 70
     1
102
RTVSPost2010Prop30
280
     1
102
RTVSPost2010PropOp30
 70
     1
102
RTVSPost2010Prop31
280
     0
102
RTVSPost2010PropOp31
 70
     1
102
RTVSPost2010Prop32
280
     0
102
RTVSPost2010PropOp32
 70
     1
102
RTVSPost2010Prop33
280
     0
102
RTVSPost2010PropOp33
 70
     1
102
RTVSPost2010Prop34
280
     0
102
RTVSPost2010PropOp34
 70
     1
102
RTVSPost2010Prop35
280
     0
102
RTVSPost2010PropOp35
 70
     1
102
RTVSPost2010Prop36
280
     0
102
RTVSPost2010PropOp36
 70
     1
102
RTVSPost2010Prop37
 90
       50
102
RTVSPost2010PropOp37
 70
     1
102
RTVSPost2010Prop38
140
0.0
102
RTVSPost2010PropOp38
 70
     1
102
RTVSPost2010Prop39
140
1.0
102
RTVSPost2010PropOp39
 70
     1
102
RTVSPost2010Prop40
 90
        0
102
RTVSPost2010PropOp40
 70
     1
102
RTVSPost2010Prop41ColorIndex
 90
       18
102
RTVSPost2010Prop41ColorRGB
 90
        0
102
RTVSPost2010PropOp41
 70
     1
102
RTVSPost2010Prop42
 90
       50
102
RTVSPost2010PropOp42
 70
     1
102
RTVSPost2010Prop43
 90
        3
102
RTVSPost2010PropOp43
 70
     1
102
RTVSPost2010Prop44ColorIndex
 90
        5
102
RTVSPost2010Prop44ColorRGB
 90
      255
102
RTVSPost2010PropOp44
 70
     1
102
RTVSPost2010Prop45
280
     0
102
RTVSPost2010PropOp45
 70
     1
102
RTVSPost2010Prop46
 90
       50
102
RTVSPost2010PropOp46
 70
     1
102
RTVSPost2010Prop47
 90
       50
102
RTVSPost2010PropOp47
 70
     1
102
RTVSPost2010Prop48
 90
       50
102
RTVSPost2010PropOp48
 70
     1
102
RTVSPost2010Prop49
280
     0
102
RTVSPost2010PropOp49
 70
     1
102
RTVSPost2010Prop50
 90
       50
102
RTVSPost2010PropOp50
 70
     1
102
RTVSPost2010Prop51ColorIndex
 90
      256
102
RTVSPost2010Prop51ColorRGB
 90
-16777216
102
RTVSPost2010PropOp51
 70
     0
102
RTVSPost2010Prop52
140
1.0
102
RTVSPost2010PropOp52
 70
     0
102
RTVSPost2010Prop53
 90
        2
102
RTVSPost2010PropOp53
 70
     1
102
RTVSPost2010Prop54
  1
strokes_ogs.tif
102
RTVSPost2010PropOp54
 70
     1
102
RTVSPost2010Prop55
280
     0
102
RTVSPost2010PropOp55
 70
     1
102
RTVSPost2010Prop56
140
1.0
102
RTVSPost2010PropOp56
 70
     1
102
RTVSPost2010Prop57
140
1.0
102
RTVSPost2010PropOp57
 70
     1
  0
XRECORD
  5
100E2
102
{ACAD_REACTORS
330
100E1
102
}
330
100E1
100
AcDbXrecord
280
     1
102
RTVSPost2010Prop28
280
     0
102
RTVSPost2010PropOp28
 70
     1
102
RTVSPost2010Prop29
280
     1
102
RTVSPost2010PropOp29
 70
     1
102
RTVSPost2010Prop30
280
     1
102
RTVSPost2010PropOp30
 70
     1
102
RTVSPost2010Prop31
280
     0
102
RTVSPost2010PropOp31
 70
     1
102
RTVSPost2010Prop32
280
     0
102
RTVSPost2010PropOp32
 70
     1
102
RTVSPost2010Prop33
280
     0
102
RTVSPost2010PropOp33
 70
     1
102
RTVSPost2010Prop34
280
     0
102
RTVSPost2010PropOp34
 70
     1
102
RTVSPost2010Prop35
280
     0
102
RTVSPost2010PropOp35
 70
     1
102
RTVSPost2010Prop36
280
     0
102
RTVSPost2010PropOp36
 70
     1
102
RTVSPost2010Prop37
 90
       50
102
RTVSPost2010PropOp37
 70
     1
102
RTVSPost2010Prop38
140
0.0
102
RTVSPost2010PropOp38
 70
     1
102
RTVSPost2010Prop39
140
1.0
102
RTVSPost2010PropOp39
 70
     1
102
RTVSPost2010Prop40
 90
        0
102
RTVSPost2010PropOp40
 70
     1
102
RTVSPost2010Prop41ColorIndex
 90
       18
102
RTVSPost2010Prop41ColorRGB
 90
        0
102
RTVSPost2010PropOp41
 70
     1
102
RTVSPost2010Prop42
 90
       50
102
RTVSPost2010PropOp42
 70
     1
102
RTVSPost2010Prop43
 90
        3
102
RTVSPost2010PropOp43
 70
     1
102
RTVSPost2010Prop44ColorIndex
 90
        5
102
RTVSPost2010Prop44ColorRGB
 90
      255
102
RTVSPost2010PropOp44
 70
     1
102
RTVSPost2010Prop45
280
     0
102
RTVSPost2010PropOp45
 70
     1
102
RTVSPost2010Prop46
 90
       50
102
RTVSPost2010PropOp46
 70
     1
102
RTVSPost2010Prop47
 90
       50
102
RTVSPost2010PropOp47
 70
     1
102
RTVSPost2010Prop48
 90
       50
102
RTVSPost2010PropOp48
 70
     1
102
RTVSPost2010Prop49
280
     0
102
RTVSPost2010PropOp49
 70
     1
102
RTVSPost2010Prop50
 90
       50
102
RTVSPost2010PropOp50
 70
     1
102
RTVSPost2010Prop51ColorIndex
 90
      256
102
RTVSPost2010Prop51ColorRGB
 90
-16777216
102
RTVSPost2010PropOp51
 70
     0
102
RTVSPost2010Prop52
140
1.0
102
RTVSPost2010PropOp52
 70
     0
102
RTVSPost2010Prop53
 90
        2
102
RTVSPost2010PropOp53
 70
     1
102
RTVSPost2010Prop54
  1
strokes_ogs.tif
102
RTVSPost2010PropOp54
 70
     1
102
RTVSPost2010Prop55
280
     0
102
RTVSPost2010PropOp55
 70
     1
102
RTVSPost2010Prop56
140
1.0
102
RTVSPost2010PropOp56
 70
     1
102
RTVSPost2010Prop57
140
1.0
102
RTVSPost2010PropOp57
 70
     1
  0
XRECORD
  5
100D6
102
{ACAD_REACTORS
330
100D5
102
}
330
100D5
100
AcDbXrecord
280
     1
102
RTVSPost2010Prop28
280
     0
102
RTVSPost2010PropOp28
 70
     1
102
RTVSPost2010Prop29
280
     1
102
RTVSPost2010PropOp29
 70
     1
102
RTVSPost2010Prop30
280
     1
102
RTVSPost2010PropOp30
 70
     1
102
RTVSPost2010Prop31
280
     0
102
RTVSPost2010PropOp31
 70
     1
102
RTVSPost2010Prop32
280
     0
102
RTVSPost2010PropOp32
 70
     1
102
RTVSPost2010Prop33
280
     0
102
RTVSPost2010PropOp33
 70
     1
102
RTVSPost2010Prop34
280
     0
102
RTVSPost2010PropOp34
 70
     1
102
RTVSPost2010Prop35
280
     0
102
RTVSPost2010PropOp35
 70
     1
102
RTVSPost2010Prop36
280
     0
102
RTVSPost2010PropOp36
 70
     1
102
RTVSPost2010Prop37
 90
       50
102
RTVSPost2010PropOp37
 70
     1
102
RTVSPost2010Prop38
140
0.0
102
RTVSPost2010PropOp38
 70
     1
102
RTVSPost2010Prop39
140
1.0
102
RTVSPost2010PropOp39
 70
     1
102
RTVSPost2010Prop40
 90
        0
102
RTVSPost2010PropOp40
 70
     1
102
RTVSPost2010Prop41ColorIndex
 90
       18
102
RTVSPost2010Prop41ColorRGB
 90
        0
102
RTVSPost2010PropOp41
 70
     1
102
RTVSPost2010Prop42
 90
       50
102
RTVSPost2010PropOp42
 70
     1
102
RTVSPost2010Prop43
 90
        3
102
RTVSPost2010PropOp43
 70
     1
102
RTVSPost2010Prop44ColorIndex
 90
        5
102
RTVSPost2010Prop44ColorRGB
 90
      255
102
RTVSPost2010PropOp44
 70
     1
102
RTVSPost2010Prop45
280
     0
102
RTVSPost2010PropOp45
 70
     1
102
RTVSPost2010Prop46
 90
       50
102
RTVSPost2010PropOp46
 70
     1
102
RTVSPost2010Prop47
 90
       50
102
RTVSPost2010PropOp47
 70
     1
102
RTVSPost2010Prop48
 90
       50
102
RTVSPost2010PropOp48
 70
     1
102
RTVSPost2010Prop49
280
     0
102
RTVSPost2010PropOp49
 70
     1
102
RTVSPost2010Prop50
 90
       50
102
RTVSPost2010PropOp50
 70
     1
102
RTVSPost2010Prop51ColorIndex
 90
      256
102
RTVSPost2010Prop51ColorRGB
 90
-16777216
102
RTVSPost2010PropOp51
 70
     0
102
RTVSPost2010Prop52
140
1.0
102
RTVSPost2010PropOp52
 70
     0
102
RTVSPost2010Prop53
 90
        2
102
RTVSPost2010PropOp53
 70
     1
102
RTVSPost2010Prop54
  1
strokes_ogs.tif
102
RTVSPost2010PropOp54
 70
     1
102
RTVSPost2010Prop55
280
     0
102
RTVSPost2010PropOp55
 70
     1
102
RTVSPost2010Prop56
140
1.0
102
RTVSPost2010PropOp56
 70
     1
102
RTVSPost2010Prop57
140
1.0
102
RTVSPost2010PropOp57
 70
     1
  0
XRECORD
  5
100EE
102
{ACAD_REACTORS
330
100ED
102
}
330
100ED
100
AcDbXrecord
280
     1
102
RTVSPost2010Prop28
280
     0
102
RTVSPost2010PropOp28
 70
     1
102
RTVSPost2010Prop29
280
     1
102
RTVSPost2010PropOp29
 70
     1
102
RTVSPost2010Prop30
280
     1
102
RTVSPost2010PropOp30
 70
     1
102
RTVSPost2010Prop31
280
     0
102
RTVSPost2010PropOp31
 70
     1
102
RTVSPost2010Prop32
280
     0
102
RTVSPost2010PropOp32
 70
     1
102
RTVSPost2010Prop33
280
     0
102
RTVSPost2010PropOp33
 70
     1
102
RTVSPost2010Prop34
280
     0
102
RTVSPost2010PropOp34
 70
     1
102
RTVSPost2010Prop35
280
     0
102
RTVSPost2010PropOp35
 70
     1
102
RTVSPost2010Prop36
280
     0
102
RTVSPost2010PropOp36
 70
     1
102
RTVSPost2010Prop37
 90
       50
102
RTVSPost2010PropOp37
 70
     1
102
RTVSPost2010Prop38
140
0.0
102
RTVSPost2010PropOp38
 70
     1
102
RTVSPost2010Prop39
140
1.0
102
RTVSPost2010PropOp39
 70
     1
102
RTVSPost2010Prop40
 90
        0
102
RTVSPost2010PropOp40
 70
     1
102
RTVSPost2010Prop41ColorIndex
 90
       18
102
RTVSPost2010Prop41ColorRGB
 90
        0
102
RTVSPost2010PropOp41
 70
     1
102
RTVSPost2010Prop42
 90
       50
102
RTVSPost2010PropOp42
 70
     1
102
RTVSPost2010Prop43
 90
        3
102
RTVSPost2010PropOp43
 70
     1
102
RTVSPost2010Prop44ColorIndex
 90
        5
102
RTVSPost2010Prop44ColorRGB
 90
      255
102
RTVSPost2010PropOp44
 70
     1
102
RTVSPost2010Prop45
280
     0
102
RTVSPost2010PropOp45
 70
     1
102
RTVSPost2010Prop46
 90
       50
102
RTVSPost2010PropOp46
 70
     1
102
RTVSPost2010Prop47
 90
       50
102
RTVSPost2010PropOp47
 70
     1
102
RTVSPost2010Prop48
 90
       50
102
RTVSPost2010PropOp48
 70
     1
102
RTVSPost2010Prop49
280
     0
102
RTVSPost2010PropOp49
 70
     1
102
RTVSPost2010Prop50
 90
       50
102
RTVSPost2010PropOp50
 70
     1
102
RTVSPost2010Prop51ColorIndex
 90
      256
102
RTVSPost2010Prop51ColorRGB
 90
-16777216
102
RTVSPost2010PropOp51
 70
     0
102
RTVSPost2010Prop52
140
1.0
102
RTVSPost2010PropOp52
 70
     0
102
RTVSPost2010Prop53
 90
        2
102
RTVSPost2010PropOp53
 70
     1
102
RTVSPost2010Prop54
  1
strokes_ogs.tif
102
RTVSPost2010PropOp54
 70
     1
102
RTVSPost2010Prop55
280
     0
102
RTVSPost2010PropOp55
 70
     1
102
RTVSPost2010Prop56
140
1.0
102
RTVSPost2010PropOp56
 70
     1
102
RTVSPost2010Prop57
140
1.0
102
RTVSPost2010PropOp57
 70
     1
  0
ENDSEC
  0
EOF
